split,item_id,item_idx,phase,base_graph_mean,diffused_graph_mean,diffused_graph_std,diffused_density_gt_1e_6,diffused_row_sum_error,local_delta_norm,last_warm_loss,config_name,selected_config_name,final_training_seconds,device
validation,1,0,Cold,0.006142980884760618,0.1111111119389534,0.08688776195049286,0.9382716049382716,2.384185791015625e-07,0.0,0.0,cfg02_G3_D32,cfg02_G3_D32,1.8739664049935527,cuda
validation,1,0,Warm A,0.0050019873306155205,0.111111119389534,0.09523824602365494,0.8765432098765432,3.5762786865234375e-07,0.22836631536483765,0.4621642231941223,cfg02_G3_D32,cfg02_G3_D32,1.8739664049935527,cuda
validation,1,0,Warm B,0.004028751514852047,0.1111111119389534,0.11058717221021652,0.7654320987654321,1.1920928955078125e-07,0.38171786069869995,0.35769060254096985,cfg02_G3_D32,cfg02_G3_D32,1.8739664049935527,cuda
validation,1,0,Warm C,0.00621675793081522,0.1111111119389534,0.09788025170564651,0.8888888888888888,1.1920928955078125e-07,0.32879501581192017,0.5745069980621338,cfg02_G3_D32,cfg02_G3_D32,1.8739664049935527,cuda
validation,5,4,Cold,0.004227481782436371,0.1111111119389534,0.0871601551771164,0.9012345679012346,1.1920928955078125e-07,0.0,0.0,cfg02_G3_D32,cfg02_G3_D32,1.8739664049935527,cuda
validation,5,4,Warm A,-7.477071631001309e-05,0.111111119389534,0.10935181379318237,0.8148148148148148,2.384185791015625e-07,0.2352866232395172,0.5172299742698669,cfg02_G3_D32,cfg02_G3_D32,1.8739664049935527,cuda
validation,5,4,Warm B,-0.002996867522597313,0.1111111119389534,0.1301659643650055,0.6419753086419753,2.384185791015625e-07,0.3669997751712799,0.524161159992218,cfg02_G3_D32,cfg02_G3_D32,1.8739664049935527,cuda
validation,5,4,Warm C,-0.0017976710805669427,0.1111111119389534,0.12426703423261642,0.7160493827160493,1.1920928955078125e-07,0.38367778062820435,0.45405110716819763,cfg02_G3_D32,cfg02_G3_D32,1.8739664049935527,cuda
validation,7,6,Cold,0.004709662403911352,0.111111119389534,0.08701332658529282,0.9012345679012346,1.1920928955078125e-07,0.0,0.0,cfg02_G3_D32,cfg02_G3_D32,1.8739664049935527,cuda
validation,7,6,Warm A,0.004572708625346422,0.1111110970377922,0.08328541368246078,0.9135802469135802,1.7881393432617188e-07,0.25050780177116394,0.6846444010734558,cfg02_G3_D32,cfg02_G3_D32,1.8739664049935527,cuda
validation,7,6,Warm B,0.0037808057386428118,0.1111111119389534,0.09255359321832657,0.8518518518518519,1.1920928955078125e-07,0.3193592429161072,0.6941324472427368,cfg02_G3_D32,cfg02_G3_D32,1.8739664049935527,cuda
validation,7,6,Warm C,0.002298803301528096,0.1111111119389534,0.10752072930335999,0.8024691358024691,1.1920928955078125e-07,0.4352683126926422,0.6392550468444824,cfg02_G3_D32,cfg02_G3_D32,1.8739664049935527,cuda
validation,11,10,Cold,0.00515895988792181,0.111111119389534,0.08854305744171143,0.9012345679012346,2.384185791015625e-07,0.0,0.0,cfg02_G3_D32,cfg02_G3_D32,1.8739664049935527,cuda
validation,11,10,Warm A,0.005475510843098164,0.1111110970377922,0.0920296162366867,0.9259259259259259,2.384185791015625e-07,0.2479885220527649,0.5242125391960144,cfg02_G3_D32,cfg02_G3_D32,1.8739664049935527,cuda
validation,11,10,Warm B,0.005591316614300013,0.1111111119389534,0.09049821645021439,0.9135802469135802,1.1920928955078125e-07,0.2814169228076935,0.6584963202476501,cfg02_G3_D32,cfg02_G3_D32,1.8739664049935527,cuda
validation,11,10,Warm C,0.006363552995026112,0.1111111119389534,0.09641102701425552,0.8641975308641975,1.1920928955078125e-07,0.389265239238739,0.5487104654312134,cfg02_G3_D32,cfg02_G3_D32,1.8739664049935527,cuda
validation,17,16,Cold,0.006302626803517342,0.1111111119389534,0.09222526848316193,0.9135802469135802,2.384185791015625e-07,0.0,0.0,cfg02_G3_D32,cfg02_G3_D32,1.8739664049935527,cuda
validation,17,16,Warm A,0.005437147803604603,0.111111119389534,0.10287119448184967,0.8395061728395061,2.384185791015625e-07,0.24121056497097015,0.4304809272289276,cfg02_G3_D32,cfg02_G3_D32,1.8739664049935527,cuda
validation,17,16,Warm B,0.003142048604786396,0.1111111119389534,0.1133815199136734,0.7654320987654321,1.1920928955078125e-07,0.3558208644390106,0.3194305896759033,cfg02_G3_D32,cfg02_G3_D32,1.8739664049935527,cuda
validation,17,16,Warm C,0.003534638322889805,0.1111111119389534,0.10672874748706818,0.8641975308641975,1.1920928955078125e-07,0.42508915066719055,0.32600846886634827,cfg02_G3_D32,cfg02_G3_D32,1.8739664049935527,cuda
validation,41,36,Cold,0.0033205938525497913,0.1111111119389534,0.09477034956216812,0.8765432098765432,1.1920928955078125e-07,0.0,0.0,cfg02_G3_D32,cfg02_G3_D32,1.8739664049935527,cuda
validation,41,36,Warm A,0.006997352000325918,0.1111111119389534,0.09154544770717621,0.8765432098765432,2.384185791015625e-07,0.24474819004535675,0.6492716073989868,cfg02_G3_D32,cfg02_G3_D32,1.8739664049935527,cuda
validation,41,36,Warm B,0.0073564257472753525,0.1111111119389534,0.10216554254293442,0.8271604938271605,2.384185791015625e-07,0.4141848683357239,0.41445276141166687,cfg02_G3_D32,cfg02_G3_D32,1.8739664049935527,cuda
validation,41,36,Warm C,0.005937186069786549,0.111111119389534,0.09943250566720963,0.8518518518518519,2.384185791015625e-07,0.5029250979423523,0.6666135191917419,cfg02_G3_D32,cfg02_G3_D32,1.8739664049935527,cuda
validation,104,76,Cold,0.003742836182937026,0.1111111119389534,0.0867922306060791,0.9012345679012346,1.1920928955078125e-07,0.0,0.0,cfg02_G3_D32,cfg02_G3_D32,1.8739664049935527,cuda
validation,104,76,Warm A,0.006117975804954767,0.1111111119389534,0.08619967103004456,0.9259259259259259,1.1920928955078125e-07,0.2313063144683838,0.661825954914093,cfg02_G3_D32,cfg02_G3_D32,1.8739664049935527,cuda
validation,104,76,Warm B,0.004399692639708519,0.1111111119389534,0.09261657297611237,0.9382716049382716,1.7881393432617188e-07,0.32323968410491943,0.5917177200317383,cfg02_G3_D32,cfg02_G3_D32,1.8739664049935527,cuda
validation,104,76,Warm C,0.005093080922961235,0.1111111119389534,0.09676163643598557,0.9135802469135802,1.1920928955078125e-07,0.47321826219558716,0.6054920554161072,cfg02_G3_D32,cfg02_G3_D32,1.8739664049935527,cuda
validation,107,78,Cold,0.0037421230226755142,0.1111111119389534,0.08162901550531387,0.9382716049382716,2.384185791015625e-07,0.0,0.0,cfg02_G3_D32,cfg02_G3_D32,1.8739664049935527,cuda
validation,107,78,Warm A,0.005613736342638731,0.1111111119389534,0.08604642748832703,0.9012345679012346,2.384185791015625e-07,0.2300899773836136,0.7217621207237244,cfg02_G3_D32,cfg02_G3_D32,1.8739664049935527,cuda
validation,107,78,Warm B,0.0048175957053899765,0.1111111119389534,0.09241276234388351,0.8765432098765432,1.7881393432617188e-07,0.26130080223083496,0.5512470006942749,cfg02_G3_D32,cfg02_G3_D32,1.8739664049935527,cuda
validation,107,78,Warm C,0.002944376552477479,0.1111111119389534,0.11382003873586655,0.7283950617283951,1.1920928955078125e-07,0.33157747983932495,0.6070652008056641,cfg02_G3_D32,cfg02_G3_D32,1.8739664049935527,cuda
validation,110,79,Cold,0.004713781177997589,0.1111111119389534,0.08967706561088562,0.9012345679012346,1.1920928955078125e-07,0.0,0.0,cfg02_G3_D32,cfg02_G3_D32,1.8739664049935527,cuda
validation,110,79,Warm A,0.0050975424237549305,0.1111111119389534,0.09655142575502396,0.8888888888888888,2.384185791015625e-07,0.23780857026576996,0.4013330936431885,cfg02_G3_D32,cfg02_G3_D32,1.8739664049935527,cuda
validation,110,79,Warm B,0.006366327870637178,0.111111119389534,0.0938737541437149,0.9135802469135802,1.7881393432617188e-07,0.20752553641796112,0.4652096927165985,cfg02_G3_D32,cfg02_G3_D32,1.8739664049935527,cuda
validation,110,79,Warm C,0.0052711539901793,0.1111111119389534,0.09688979387283325,0.9259259259259259,1.1920928955078125e-07,0.32863762974739075,0.5014044642448425,cfg02_G3_D32,cfg02_G3_D32,1.8739664049935527,cuda
validation,111,80,Cold,0.008923061192035675,0.1111111119389534,0.14202040433883667,0.7530864197530864,2.384185791015625e-07,0.0,0.0,cfg02_G3_D32,cfg02_G3_D32,1.8739664049935527,cuda
validation,111,80,Warm A,0.008278469555079937,0.1111111119389534,0.14952526986598969,0.6790123456790124,2.980232238769531e-07,0.24789786338806152,0.6965459585189819,cfg02_G3_D32,cfg02_G3_D32,1.8739664049935527,cuda
validation,111,80,Warm B,0.00698633398860693,0.1111111119389534,0.1570168286561966,0.6172839506172839,1.7881393432617188e-07,0.3438226580619812,0.284473717212677,cfg02_G3_D32,cfg02_G3_D32,1.8739664049935527,cuda
validation,111,80,Warm C,0.010112146846950054,0.1111111119389534,0.16629323363304138,0.6049382716049383,2.384185791015625e-07,0.38985663652420044,0.2984655797481537,cfg02_G3_D32,cfg02_G3_D32,1.8739664049935527,cuda
validation,158,103,Cold,0.0028712020721286535,0.111111119389534,0.08974460512399673,0.9012345679012346,2.384185791015625e-07,0.0,0.0,cfg02_G3_D32,cfg02_G3_D32,1.8739664049935527,cuda
validation,158,103,Warm A,0.0005130479694344103,0.1111111119389534,0.1173119768500328,0.7530864197530864,1.1920928955078125e-07,0.23137304186820984,0.4065205156803131,cfg02_G3_D32,cfg02_G3_D32,1.8739664049935527,cuda
validation,158,103,Warm B,-0.002345786662772298,0.1111111119389534,0.13343462347984314,0.6049382716049383,1.1920928955078125e-07,0.38070300221443176,0.5098699331283569,cfg02_G3_D32,cfg02_G3_D32,1.8739664049935527,cuda
validation,158,103,Warm C,-0.0025041387416422367,0.1111111119389534,0.1194312795996666,0.7037037037037037,1.7881393432617188e-07,0.391241192817688,0.4890091121196747,cfg02_G3_D32,cfg02_G3_D32,1.8739664049935527,cuda
validation,160,105,Cold,0.003272641682997346,0.1111111119389534,0.08966170251369476,0.9012345679012346,1.7881393432617188e-07,0.0,0.0,cfg02_G3_D32,cfg02_G3_D32,1.8739664049935527,cuda
validation,160,105,Warm A,0.0016076123574748635,0.1111111119389534,0.11300237476825714,0.7283950617283951,2.384185791015625e-07,0.23827171325683594,0.5615403056144714,cfg02_G3_D32,cfg02_G3_D32,1.8739664049935527,cuda
validation,160,105,Warm B,-0.0009456974221393466,0.1111111119389534,0.12995187938213348,0.6296296296296297,1.1920928955078125e-07,0.4235561192035675,0.3689378499984741,cfg02_G3_D32,cfg02_G3_D32,1.8739664049935527,cuda
validation,160,105,Warm C,-0.004628343507647514,0.1111111119389534,0.14830803871154785,0.5555555555555556,1.1920928955078125e-07,0.49307939410209656,0.26854467391967773,cfg02_G3_D32,cfg02_G3_D32,1.8739664049935527,cuda
validation,163,108,Cold,0.0039169639348983765,0.1111110970377922,0.09475290030241013,0.8765432098765432,2.384185791015625e-07,0.0,0.0,cfg02_G3_D32,cfg02_G3_D32,1.8739664049935527,cuda
validation,163,108,Warm A,-9.116723231272772e-05,0.1111111119389534,0.11365500092506409,0.7777777777777778,1.1920928955078125e-07,0.23265835642814636,0.6928277015686035,cfg02_G3_D32,cfg02_G3_D32,1.8739664049935527,cuda
validation,163,108,Warm B,0.00209989701397717,0.1111110970377922,0.0936729907989502,0.8271604938271605,2.980232238769531e-07,0.24258169531822205,0.5772916078567505,cfg02_G3_D32,cfg02_G3_D32,1.8739664049935527,cuda
validation,163,108,Warm C,0.0006343781133182347,0.1111111119389534,0.09162470698356628,0.8271604938271605,2.384185791015625e-07,0.3685030937194824,0.5416973233222961,cfg02_G3_D32,cfg02_G3_D32,1.8739664049935527,cuda
validation,173,117,Cold,0.002753675449639559,0.1111111119389534,0.08978842198848724,0.9012345679012346,1.1920928955078125e-07,0.0,0.0,cfg02_G3_D32,cfg02_G3_D32,1.8739664049935527,cuda
validation,173,117,Warm A,0.00013183093687985092,0.111111119389534,0.11119364947080612,0.7530864197530864,1.1920928955078125e-07,0.23513813316822052,0.43804654479026794,cfg02_G3_D32,cfg02_G3_D32,1.8739664049935527,cuda
validation,173,117,Warm B,-0.0022642614785581827,0.1111111119389534,0.12947624921798706,0.6049382716049383,2.384185791015625e-07,0.4353770911693573,0.3038615584373474,cfg02_G3_D32,cfg02_G3_D32,1.8739664049935527,cuda
validation,173,117,Warm C,-0.005836423020809889,0.1111111119389534,0.14798173308372498,0.5555555555555556,1.1920928955078125e-07,0.486296683549881,0.29652148485183716,cfg02_G3_D32,cfg02_G3_D32,1.8739664049935527,cuda
validation,186,125,Cold,0.003255530958995223,0.1111110970377922,0.09021259099245071,0.9012345679012346,2.384185791015625e-07,0.0,0.0,cfg02_G3_D32,cfg02_G3_D32,1.8739664049935527,cuda
validation,186,125,Warm A,-0.0010381408501416445,0.111111119389534,0.1126784011721611,0.7654320987654321,1.1920928955078125e-07,0.2375931292772293,0.5086655020713806,cfg02_G3_D32,cfg02_G3_D32,1.8739664049935527,cuda
validation,186,125,Warm B,-0.004535363987088203,0.1111111119389534,0.13449420034885406,0.6049382716049383,1.7881393432617188e-07,0.3461216688156128,0.44028720259666443,cfg02_G3_D32,cfg02_G3_D32,1.8739664049935527,cuda
validation,186,125,Warm C,-0.00897024106234312,0.1111111119389534,0.15341821312904358,0.5308641975308642,1.1920928955078125e-07,0.4930169880390167,0.2704997658729553,cfg02_G3_D32,cfg02_G3_D32,1.8739664049935527,cuda
validation,193,130,Cold,0.005923890974372625,0.1111111119389534,0.09239745885133743,0.8888888888888888,2.384185791015625e-07,0.0,0.0,cfg02_G3_D32,cfg02_G3_D32,1.8739664049935527,cuda
validation,193,130,Warm A,0.004810855723917484,0.1111111119389534,0.10289566218852997,0.8518518518518519,2.384185791015625e-07,0.24178822338581085,0.6572570204734802,cfg02_G3_D32,cfg02_G3_D32,1.8739664049935527,cuda
validation,193,130,Warm B,0.002985852537676692,0.1111111119389534,0.12087862193584442,0.7037037037037037,1.1920928955078125e-07,0.4384264051914215,0.4654333293437958,cfg02_G3_D32,cfg02_G3_D32,1.8739664049935527,cuda
validation,193,130,Warm C,0.001286203507333994,0.1111111119389534,0.13824038207530975,0.6049382716049383,2.384185791015625e-07,0.6157979965209961,0.3824732303619385,cfg02_G3_D32,cfg02_G3_D32,1.8739664049935527,cuda
validation,194,131,Cold,0.0066880835220217705,0.1111110970377922,0.09518525749444962,0.8888888888888888,1.1920928955078125e-07,0.0,0.0,cfg02_G3_D32,cfg02_G3_D32,1.8739664049935527,cuda
validation,194,131,Warm A,0.006485158111900091,0.1111111119389534,0.1051502525806427,0.8518518518518519,2.384185791015625e-07,0.23877006769180298,0.5998703837394714,cfg02_G3_D32,cfg02_G3_D32,1.8739664049935527,cuda
validation,194,131,Warm B,0.00567224295809865,0.1111111119389534,0.09382433444261551,0.9012345679012346,1.7881393432617188e-07,0.2225261926651001,0.6021076440811157,cfg02_G3_D32,cfg02_G3_D32,1.8739664049935527,cuda
validation,194,131,Warm C,0.005237243603914976,0.111111119389534,0.09585210680961609,0.9135802469135802,2.384185791015625e-07,0.31759703159332275,0.7980189323425293,cfg02_G3_D32,cfg02_G3_D32,1.8739664049935527,cuda
validation,198,134,Cold,0.0024124435149133205,0.1111111119389534,0.09268396347761154,0.9012345679012346,1.1920928955078125e-07,0.0,0.0,cfg02_G3_D32,cfg02_G3_D32,1.8739664049935527,cuda
validation,198,134,Warm A,0.006297055631875992,0.1111111119389534,0.08606714755296707,0.9135802469135802,1.1920928955078125e-07,0.24239581823349,0.6366969347000122,cfg02_G3_D32,cfg02_G3_D32,1.8739664049935527,cuda
validation,198,134,Warm B,0.004160650540143251,0.1111110970377922,0.09551378339529037,0.8888888888888888,2.384185791015625e-07,0.2805701494216919,0.6665850281715393,cfg02_G3_D32,cfg02_G3_D32,1.8739664049935527,cuda
validation,198,134,Warm C,0.0008476009243167937,0.111111119389534,0.11595331877470016,0.8395061728395061,1.1920928955078125e-07,0.3275969922542572,0.49761494994163513,cfg02_G3_D32,cfg02_G3_D32,1.8739664049935527,cuda
validation,231,154,Cold,0.004429099150002003,0.1111110970377922,0.08500203490257263,0.9012345679012346,1.7881393432617188e-07,0.0,0.0,cfg02_G3_D32,cfg02_G3_D32,1.8739664049935527,cuda
validation,231,154,Warm A,0.0026082610711455345,0.1111111119389534,0.10071805864572525,0.8271604938271605,1.1920928955078125e-07,0.22737117111682892,0.7572378516197205,cfg02_G3_D32,cfg02_G3_D32,1.8739664049935527,cuda
validation,231,154,Warm B,0.006682679057121277,0.1111111119389534,0.08911113440990448,0.8888888888888888,1.7881393432617188e-07,0.3514026403427124,0.691138744354248,cfg02_G3_D32,cfg02_G3_D32,1.8739664049935527,cuda
validation,231,154,Warm C,0.004282694309949875,0.111111119389534,0.10142622888088226,0.8271604938271605,2.384185791015625e-07,0.43243521451950073,0.6474024057388306,cfg02_G3_D32,cfg02_G3_D32,1.8739664049935527,cuda
validation,236,159,Cold,0.004166340455412865,0.1111111119389534,0.09022612124681473,0.8888888888888888,1.1920928955078125e-07,0.0,0.0,cfg02_G3_D32,cfg02_G3_D32,1.8739664049935527,cuda
validation,236,159,Warm A,0.003838683245703578,0.1111111119389534,0.09064357727766037,0.8888888888888888,1.1920928955078125e-07,0.22707320749759674,0.5854754447937012,cfg02_G3_D32,cfg02_G3_D32,1.8739664049935527,cuda
validation,236,159,Warm B,0.00523386662825942,0.1111111119389534,0.09020454436540604,0.8765432098765432,1.1920928955078125e-07,0.39609161019325256,0.5121328234672546,cfg02_G3_D32,cfg02_G3_D32,1.8739664049935527,cuda
validation,236,159,Warm C,0.004857145249843597,0.1111111119389534,0.09730599075555801,0.8641975308641975,2.384185791015625e-07,0.4452449083328247,0.657034695148468,cfg02_G3_D32,cfg02_G3_D32,1.8739664049935527,cuda
validation,237,160,Cold,0.0036846220027655363,0.111111119389534,0.08945392817258835,0.9012345679012346,2.384185791015625e-07,0.0,0.0,cfg02_G3_D32,cfg02_G3_D32,1.8739664049935527,cuda
validation,237,160,Warm A,0.0001974250189960003,0.1111110970377922,0.10730279237031937,0.8024691358024691,1.1920928955078125e-07,0.23280943930149078,0.6190170645713806,cfg02_G3_D32,cfg02_G3_D32,1.8739664049935527,cuda
validation,237,160,Warm B,-0.0004834496066905558,0.1111111119389534,0.10765822231769562,0.8395061728395061,2.384185791015625e-07,0.3412497639656067,0.42685189843177795,cfg02_G3_D32,cfg02_G3_D32,1.8739664049935527,cuda
validation,237,160,Warm C,0.0013193227350711823,0.111111119389534,0.08536379784345627,0.8765432098765432,1.1920928955078125e-07,0.4736396074295044,0.506361186504364,cfg02_G3_D32,cfg02_G3_D32,1.8739664049935527,cuda
validation,246,163,Cold,0.006047045346349478,0.1111111119389534,0.08973771333694458,0.9259259259259259,1.7881393432617188e-07,0.0,0.0,cfg02_G3_D32,cfg02_G3_D32,1.8739664049935527,cuda
validation,246,163,Warm A,0.008505376987159252,0.111111119389534,0.10429225862026215,0.8518518518518519,1.1920928955078125e-07,0.2453126609325409,0.6448402404785156,cfg02_G3_D32,cfg02_G3_D32,1.8739664049935527,cuda
validation,246,163,Warm B,0.009152106009423733,0.1111111119389534,0.11351126432418823,0.7777777777777778,1.1920928955078125e-07,0.36549127101898193,0.25071805715560913,cfg02_G3_D32,cfg02_G3_D32,1.8739664049935527,cuda
validation,246,163,Warm C,0.009766792878508568,0.1111111119389534,0.1044243797659874,0.8641975308641975,1.1920928955078125e-07,0.3462906777858734,0.46400585770606995,cfg02_G3_D32,cfg02_G3_D32,1.8739664049935527,cuda
validation,252,167,Cold,0.003224007785320282,0.1111111119389534,0.09015677124261856,0.8888888888888888,1.1920928955078125e-07,0.0,0.0,cfg02_G3_D32,cfg02_G3_D32,1.8739664049935527,cuda
validation,252,167,Warm A,-2.447736551403068e-05,0.1111111119389534,0.10592709481716156,0.7777777777777778,1.1920928955078125e-07,0.23665690422058105,0.6170236468315125,cfg02_G3_D32,cfg02_G3_D32,1.8739664049935527,cuda
validation,252,167,Warm B,-0.003940307069569826,0.1111111119389534,0.12862351536750793,0.6296296296296297,2.384185791015625e-07,0.37010857462882996,0.5102197527885437,cfg02_G3_D32,cfg02_G3_D32,1.8739664049935527,cuda
validation,252,167,Warm C,0.0004422615747898817,0.1111111119389534,0.10987357050180435,0.8148148148148148,1.1920928955078125e-07,0.36402881145477295,0.5946000218391418,cfg02_G3_D32,cfg02_G3_D32,1.8739664049935527,cuda
validation,276,185,Cold,0.002887641778215766,0.1111111119389534,0.08929143100976944,0.9012345679012346,2.384185791015625e-07,0.0,0.0,cfg02_G3_D32,cfg02_G3_D32,1.8739664049935527,cuda
validation,276,185,Warm A,-0.0009054368711076677,0.1111111119389534,0.11326900124549866,0.7654320987654321,1.1920928955078125e-07,0.2421605885028839,0.46448269486427307,cfg02_G3_D32,cfg02_G3_D32,1.8739664049935527,cuda
validation,276,185,Warm B,-0.005305146798491478,0.1111111119389534,0.13732747733592987,0.6296296296296297,1.1920928955078125e-07,0.3951698839664459,0.4424836337566376,cfg02_G3_D32,cfg02_G3_D32,1.8739664049935527,cuda
validation,276,185,Warm C,-0.006160273682326078,0.1111110970377922,0.13758188486099243,0.6172839506172839,1.1920928955078125e-07,0.5406303405761719,0.46740397810935974,cfg02_G3_D32,cfg02_G3_D32,1.8739664049935527,cuda
validation,281,188,Cold,0.006103735417127609,0.1111111119389534,0.0924377515912056,0.9012345679012346,1.1920928955078125e-07,0.0,0.0,cfg02_G3_D32,cfg02_G3_D32,1.8739664049935527,cuda
validation,281,188,Warm A,0.005086079239845276,0.111111119389534,0.09682328999042511,0.8765432098765432,2.384185791015625e-07,0.23775725066661835,0.5235897302627563,cfg02_G3_D32,cfg02_G3_D32,1.8739664049935527,cuda
validation,281,188,Warm B,0.004229831974953413,0.1111111119389534,0.09304401278495789,0.9012345679012346,1.7881393432617188e-07,0.3329203724861145,0.6424362659454346,cfg02_G3_D32,cfg02_G3_D32,1.8739664049935527,cuda
validation,281,188,Warm C,0.00639026565477252,0.1111111119389534,0.10209571570158005,0.8641975308641975,1.1920928955078125e-07,0.31979069113731384,0.6591421365737915,cfg02_G3_D32,cfg02_G3_D32,1.8739664049935527,cuda
validation,300,197,Cold,0.006111029535531998,0.1111111119389534,0.09143981337547302,0.9259259259259259,1.7881393432617188e-07,0.0,0.0,cfg02_G3_D32,cfg02_G3_D32,1.8739664049935527,cuda
validation,300,197,Warm A,0.008120766840875149,0.1111110970377922,0.10224007815122604,0.8641975308641975,2.980232238769531e-07,0.22312843799591064,0.6141716241836548,cfg02_G3_D32,cfg02_G3_D32,1.8739664049935527,cuda
validation,300,197,Warm B,0.0074988375417888165,0.111111119389534,0.11191040277481079,0.8271604938271605,1.1920928955078125e-07,0.2813602387905121,0.4809228479862213,cfg02_G3_D32,cfg02_G3_D32,1.8739664049935527,cuda
validation,300,197,Warm C,0.006779820192605257,0.1111111119389534,0.10091754049062729,0.8148148148148148,1.1920928955078125e-07,0.41660720109939575,0.49869391322135925,cfg02_G3_D32,cfg02_G3_D32,1.8739664049935527,cuda
validation,306,201,Cold,0.006770481821149588,0.1111111119389534,0.09612494707107544,0.9012345679012346,1.7881393432617188e-07,0.0,0.0,cfg02_G3_D32,cfg02_G3_D32,1.8739664049935527,cuda
validation,306,201,Warm A,0.006717104930430651,0.1111110970377922,0.10845679044723511,0.8271604938271605,1.1920928955078125e-07,0.2373596429824829,0.4277338981628418,cfg02_G3_D32,cfg02_G3_D32,1.8739664049935527,cuda
validation,306,201,Warm B,0.006574922241270542,0.1111111119389534,0.11957412958145142,0.7777777777777778,1.1920928955078125e-07,0.377176970243454,0.29956045746803284,cfg02_G3_D32,cfg02_G3_D32,1.8739664049935527,cuda
validation,306,201,Warm C,0.006742591504007578,0.1111111119389534,0.13124783337116241,0.7160493827160493,1.1920928955078125e-07,0.43654170632362366,0.41097918152809143,cfg02_G3_D32,cfg02_G3_D32,1.8739664049935527,cuda
validation,322,212,Cold,0.005083511583507061,0.111111119389534,0.08770819008350372,0.9012345679012346,1.1920928955078125e-07,0.0,0.0,cfg02_G3_D32,cfg02_G3_D32,1.8739664049935527,cuda
validation,322,212,Warm A,0.006504425313323736,0.111111119389534,0.09516479074954987,0.9012345679012346,2.384185791015625e-07,0.23408935964107513,0.649959921836853,cfg02_G3_D32,cfg02_G3_D32,1.8739664049935527,cuda
validation,322,212,Warm B,0.006699865218251944,0.1111111119389534,0.09479647874832153,0.8888888888888888,2.384185791015625e-07,0.30472174286842346,0.5810824036598206,cfg02_G3_D32,cfg02_G3_D32,1.8739664049935527,cuda
validation,322,212,Warm C,0.006834215018898249,0.1111111119389534,0.09111302345991135,0.9135802469135802,1.7881393432617188e-07,0.33429479598999023,0.6286278963088989,cfg02_G3_D32,cfg02_G3_D32,1.8739664049935527,cuda
validation,349,230,Cold,0.003772728145122528,0.1111111119389534,0.09365466237068176,0.8765432098765432,1.1920928955078125e-07,0.0,0.0,cfg02_G3_D32,cfg02_G3_D32,1.8739664049935527,cuda
validation,349,230,Warm A,-0.0006058674189262092,0.1111110970377922,0.11132360994815826,0.8148148148148148,1.1920928955078125e-07,0.22850875556468964,0.5323025584220886,cfg02_G3_D32,cfg02_G3_D32,1.8739664049935527,cuda
validation,349,230,Warm B,0.0031820922158658504,0.1111111119389534,0.09760630875825882,0.8518518518518519,1.1920928955078125e-07,0.33476561307907104,0.6454753279685974,cfg02_G3_D32,cfg02_G3_D32,1.8739664049935527,cuda
validation,349,230,Warm C,-0.0007343542529270053,0.1111111119389534,0.11319264769554138,0.8148148148148148,1.1920928955078125e-07,0.4540341794490814,0.5736109018325806,cfg02_G3_D32,cfg02_G3_D32,1.8739664049935527,cuda
validation,350,231,Cold,0.005963974632322788,0.1111111119389534,0.09559852629899979,0.9012345679012346,2.384185791015625e-07,0.0,0.0,cfg02_G3_D32,cfg02_G3_D32,1.8739664049935527,cuda
validation,350,231,Warm A,0.0036766882985830307,0.1111111119389534,0.10728344321250916,0.8148148148148148,2.384185791015625e-07,0.22349286079406738,0.5719106793403625,cfg02_G3_D32,cfg02_G3_D32,1.8739664049935527,cuda
validation,350,231,Warm B,0.000808090262580663,0.1111111119389534,0.12410944700241089,0.691358024691358,2.384185791015625e-07,0.2742655873298645,0.5064040422439575,cfg02_G3_D32,cfg02_G3_D32,1.8739664049935527,cuda
validation,350,231,Warm C,0.003067942336201668,0.1111111119389534,0.10342466831207275,0.8765432098765432,1.7881393432617188e-07,0.33508774638175964,0.6675260066986084,cfg02_G3_D32,cfg02_G3_D32,1.8739664049935527,cuda
validation,362,242,Cold,0.0032096130307763815,0.1111110970377922,0.08870339393615723,0.9012345679012346,1.7881393432617188e-07,0.0,0.0,cfg02_G3_D32,cfg02_G3_D32,1.8739664049935527,cuda
validation,362,242,Warm A,0.0016861633630469441,0.1111111119389534,0.08140404522418976,0.9259259259259259,1.1920928955078125e-07,0.2201818823814392,0.6130513548851013,cfg02_G3_D32,cfg02_G3_D32,1.8739664049935527,cuda
validation,362,242,Warm B,0.0001351972168777138,0.111111119389534,0.0988265797495842,0.8395061728395061,1.1920928955078125e-07,0.3086666762828827,0.7000600695610046,cfg02_G3_D32,cfg02_G3_D32,1.8739664049935527,cuda
validation,362,242,Warm C,-0.001522233709692955,0.1111111119389534,0.11846542358398438,0.7037037037037037,2.384185791015625e-07,0.4248747229576111,0.48591509461402893,cfg02_G3_D32,cfg02_G3_D32,1.8739664049935527,cuda
validation,364,244,Cold,0.0034132106229662895,0.111111119389534,0.08196014910936356,0.9259259259259259,2.384185791015625e-07,0.0,0.0,cfg02_G3_D32,cfg02_G3_D32,1.8739664049935527,cuda
validation,364,244,Warm A,0.006459670141339302,0.1111111119389534,0.07955973595380783,0.9506172839506173,1.1920928955078125e-07,0.23947125673294067,0.589215874671936,cfg02_G3_D32,cfg02_G3_D32,1.8739664049935527,cuda
validation,364,244,Warm B,0.005271244328469038,0.1111111119389534,0.08291441202163696,0.9135802469135802,2.384185791015625e-07,0.3378245532512665,0.5511712431907654,cfg02_G3_D32,cfg02_G3_D32,1.8739664049935527,cuda
validation,364,244,Warm C,0.005675485823303461,0.111111119389534,0.08200875669717789,0.9135802469135802,1.7881393432617188e-07,0.4029930830001831,0.45702072978019714,cfg02_G3_D32,cfg02_G3_D32,1.8739664049935527,cuda
validation,366,246,Cold,0.0032382416538894176,0.1111110970377922,0.07939300686120987,0.9135802469135802,1.1920928955078125e-07,0.0,0.0,cfg02_G3_D32,cfg02_G3_D32,1.8739664049935527,cuda
validation,366,246,Warm A,0.003713914193212986,0.1111111119389534,0.07986278831958771,0.9012345679012346,1.1920928955078125e-07,0.24576511979103088,0.5996997952461243,cfg02_G3_D32,cfg02_G3_D32,1.8739664049935527,cuda
validation,366,246,Warm B,0.00192849594168365,0.1111110970377922,0.07821621745824814,0.9012345679012346,2.384185791015625e-07,0.40835654735565186,0.5787002444267273,cfg02_G3_D32,cfg02_G3_D32,1.8739664049935527,cuda
validation,366,246,Warm C,0.0011287473607808352,0.1111111119389534,0.10178541392087936,0.8148148148148148,1.7881393432617188e-07,0.4073474407196045,0.5718503594398499,cfg02_G3_D32,cfg02_G3_D32,1.8739664049935527,cuda
validation,379,257,Cold,0.0029140030965209007,0.1111111119389534,0.08534757792949677,0.9012345679012346,1.1920928955078125e-07,0.0,0.0,cfg02_G3_D32,cfg02_G3_D32,1.8739664049935527,cuda
validation,379,257,Warm A,-0.0006982225459069014,0.1111111119389534,0.10910765081644058,0.7777777777777778,1.7881393432617188e-07,0.2322237193584442,0.4701455235481262,cfg02_G3_D32,cfg02_G3_D32,1.8739664049935527,cuda
validation,379,257,Warm B,-0.004468473605811596,0.1111111119389534,0.13244827091693878,0.6172839506172839,2.384185791015625e-07,0.3815595805644989,0.36249229311943054,cfg02_G3_D32,cfg02_G3_D32,1.8739664049935527,cuda
validation,379,257,Warm C,-0.0008914960781112313,0.1111111119389534,0.11359727382659912,0.7530864197530864,2.384185791015625e-07,0.3919413387775421,0.5744401216506958,cfg02_G3_D32,cfg02_G3_D32,1.8739664049935527,cuda
validation,381,259,Cold,0.0069061340764164925,0.1111111119389534,0.09752831608057022,0.8888888888888888,2.384185791015625e-07,0.0,0.0,cfg02_G3_D32,cfg02_G3_D32,1.8739664049935527,cuda
validation,381,259,Warm A,0.007166525349020958,0.1111111119389534,0.10081914812326431,0.8765432098765432,1.1920928955078125e-07,0.2449764758348465,0.9407857060432434,cfg02_G3_D32,cfg02_G3_D32,1.8739664049935527,cuda
validation,381,259,Warm B,0.00622189324349165,0.1111111119389534,0.1080922856926918,0.8148148148148148,1.1920928955078125e-07,0.41516661643981934,0.6466385722160339,cfg02_G3_D32,cfg02_G3_D32,1.8739664049935527,cuda
validation,381,259,Warm C,0.007186388596892357,0.1111110970377922,0.10473401099443436,0.8518518518518519,1.7881393432617188e-07,0.447361022233963,0.5574916005134583,cfg02_G3_D32,cfg02_G3_D32,1.8739664049935527,cuda
validation,413,270,Cold,0.004587091505527496,0.1111110970377922,0.0851067528128624,0.9012345679012346,2.384185791015625e-07,0.0,0.0,cfg02_G3_D32,cfg02_G3_D32,1.8739664049935527,cuda
validation,413,270,Warm A,0.00036901512066833675,0.1111111119389534,0.1038140133023262,0.8271604938271605,1.1920928955078125e-07,0.23934784531593323,0.3924684226512909,cfg02_G3_D32,cfg02_G3_D32,1.8739664049935527,cuda
validation,413,270,Warm B,-0.00202076300047338,0.111111119389534,0.12391939014196396,0.6666666666666666,1.1920928955078125e-07,0.3978624939918518,0.37953662872314453,cfg02_G3_D32,cfg02_G3_D32,1.8739664049935527,cuda
validation,413,270,Warm C,-0.0015189371770247817,0.1111110970377922,0.1258193403482437,0.654320987654321,2.384185791015625e-07,0.41789165139198303,0.4847295880317688,cfg02_G3_D32,cfg02_G3_D32,1.8739664049935527,cuda
validation,423,278,Cold,0.004508621990680695,0.111111119389534,0.09590429067611694,0.8888888888888888,2.384185791015625e-07,0.0,0.0,cfg02_G3_D32,cfg02_G3_D32,1.8739664049935527,cuda
validation,423,278,Warm A,0.0016950344434008002,0.1111111119389534,0.11179257184267044,0.8024691358024691,2.384185791015625e-07,0.23543418943881989,0.5556749701499939,cfg02_G3_D32,cfg02_G3_D32,1.8739664049935527,cuda
validation,423,278,Warm B,0.000710080552380532,0.1111111119389534,0.12944360077381134,0.6790123456790124,1.7881393432617188e-07,0.41996335983276367,0.6108080744743347,cfg02_G3_D32,cfg02_G3_D32,1.8739664049935527,cuda
validation,423,278,Warm C,0.0015156547306105494,0.1111111119389534,0.12933219969272614,0.6790123456790124,1.1920928955078125e-07,0.4893297255039215,0.504494845867157,cfg02_G3_D32,cfg02_G3_D32,1.8739664049935527,cuda
validation,432,286,Cold,0.004029078409075737,0.111111119389534,0.08724799752235413,0.9012345679012346,2.384185791015625e-07,0.0,0.0,cfg02_G3_D32,cfg02_G3_D32,1.8739664049935527,cuda
validation,432,286,Warm A,-9.129822137765586e-05,0.1111111119389534,0.10879766196012497,0.7901234567901234,2.384185791015625e-07,0.24905981123447418,0.4258299767971039,cfg02_G3_D32,cfg02_G3_D32,1.8739664049935527,cuda
validation,432,286,Warm B,-0.00472761457785964,0.1111111119389534,0.13162262737751007,0.6419753086419753,2.384185791015625e-07,0.34658247232437134,0.4323238432407379,cfg02_G3_D32,cfg02_G3_D32,1.8739664049935527,cuda
validation,432,286,Warm C,-0.005047215148806572,0.1111111119389534,0.13314196467399597,0.6790123456790124,2.384185791015625e-07,0.4158324897289276,0.48203015327453613,cfg02_G3_D32,cfg02_G3_D32,1.8739664049935527,cuda
validation,441,293,Cold,0.004693177528679371,0.1111111119389534,0.08719766139984131,0.9012345679012346,2.384185791015625e-07,0.0,0.0,cfg02_G3_D32,cfg02_G3_D32,1.8739664049935527,cuda
validation,441,293,Warm A,0.00287821632809937,0.1111111119389534,0.09636498242616653,0.8765432098765432,1.7881393432617188e-07,0.20100384950637817,0.6573882102966309,cfg02_G3_D32,cfg02_G3_D32,1.8739664049935527,cuda
validation,441,293,Warm B,0.007651268504559994,0.1111111119389534,0.08844541013240814,0.9259259259259259,2.384185791015625e-07,0.31513169407844543,0.635189950466156,cfg02_G3_D32,cfg02_G3_D32,1.8739664049935527,cuda
validation,441,293,Warm C,0.007188248913735151,0.1111111119389534,0.09959151595830917,0.8765432098765432,2.384185791015625e-07,0.39356788992881775,0.4776735305786133,cfg02_G3_D32,cfg02_G3_D32,1.8739664049935527,cuda
validation,442,294,Cold,0.0020369086414575577,0.111111119389534,0.09466255456209183,0.8641975308641975,2.384185791015625e-07,0.0,0.0,cfg02_G3_D32,cfg02_G3_D32,1.8739664049935527,cuda
validation,442,294,Warm A,-0.0024108849465847015,0.1111111119389534,0.1213422641158104,0.6790123456790124,1.1920928955078125e-07,0.24420078098773956,0.4507242739200592,cfg02_G3_D32,cfg02_G3_D32,1.8739664049935527,cuda
validation,442,294,Warm B,-0.004291894845664501,0.1111111119389534,0.1371108889579773,0.6296296296296297,5.960464477539063e-08,0.3711237907409668,0.3883737325668335,cfg02_G3_D32,cfg02_G3_D32,1.8739664049935527,cuda
validation,442,294,Warm C,-0.0021868024487048388,0.111111119389534,0.13113869726657867,0.6419753086419753,1.1920928955078125e-07,0.3504295349121094,0.48038482666015625,cfg02_G3_D32,cfg02_G3_D32,1.8739664049935527,cuda
validation,448,298,Cold,0.0061129298992455006,0.1111111119389534,0.09495621174573898,0.8765432098765432,2.384185791015625e-07,0.0,0.0,cfg02_G3_D32,cfg02_G3_D32,1.8739664049935527,cuda
validation,448,298,Warm A,0.005921483971178532,0.1111111119389534,0.102428138256073,0.8518518518518519,1.1920928955078125e-07,0.23730707168579102,0.6064152717590332,cfg02_G3_D32,cfg02_G3_D32,1.8739664049935527,cuda
validation,448,298,Warm B,0.006099759601056576,0.1111110970377922,0.09926862269639969,0.8641975308641975,1.7881393432617188e-07,0.2895791828632355,0.6279581189155579,cfg02_G3_D32,cfg02_G3_D32,1.8739664049935527,cuda
validation,448,298,Warm C,0.0076736025512218475,0.1111111119389534,0.10625307261943817,0.8395061728395061,2.980232238769531e-07,0.3159478008747101,0.6486563086509705,cfg02_G3_D32,cfg02_G3_D32,1.8739664049935527,cuda
validation,464,310,Cold,0.004601363092660904,0.1111111119389534,0.09549881517887115,0.8888888888888888,1.1920928955078125e-07,0.0,0.0,cfg02_G3_D32,cfg02_G3_D32,1.8739664049935527,cuda
validation,464,310,Warm A,0.002758817281574011,0.1111111119389534,0.11098983138799667,0.7901234567901234,2.384185791015625e-07,0.2382735162973404,0.5541282892227173,cfg02_G3_D32,cfg02_G3_D32,1.8739664049935527,cuda
validation,464,310,Warm B,0.000631683215033263,0.1111111119389534,0.12709097564220428,0.6419753086419753,1.1920928955078125e-07,0.4017539620399475,0.6180826425552368,cfg02_G3_D32,cfg02_G3_D32,1.8739664049935527,cuda
validation,464,310,Warm C,0.0019379064906388521,0.1111111119389534,0.11196180433034897,0.8148148148148148,2.384185791015625e-07,0.37138548493385315,0.5514995455741882,cfg02_G3_D32,cfg02_G3_D32,1.8739664049935527,cuda
validation,468,313,Cold,0.003598511219024658,0.1111111119389534,0.08960460126399994,0.8888888888888888,2.384185791015625e-07,0.0,0.0,cfg02_G3_D32,cfg02_G3_D32,1.8739664049935527,cuda
validation,468,313,Warm A,0.0010031118290498853,0.1111111119389534,0.10342518985271454,0.8148148148148148,2.384185791015625e-07,0.22339774668216705,0.6586341261863708,cfg02_G3_D32,cfg02_G3_D32,1.8739664049935527,cuda
validation,468,313,Warm B,7.336761336773634e-05,0.1111111119389534,0.10974117368459702,0.7777777777777778,2.384185791015625e-07,0.35954970121383667,0.4328783452510834,cfg02_G3_D32,cfg02_G3_D32,1.8739664049935527,cuda
validation,468,313,Warm C,-0.0016471445560455322,0.1111110970377922,0.11687371134757996,0.8024691358024691,1.1920928955078125e-07,0.5202735066413879,0.4898289144039154,cfg02_G3_D32,cfg02_G3_D32,1.8739664049935527,cuda
validation,474,317,Cold,0.00440404936671257,0.1111111119389534,0.09912964701652527,0.8641975308641975,1.1920928955078125e-07,0.0,0.0,cfg02_G3_D32,cfg02_G3_D32,1.8739664049935527,cuda
validation,474,317,Warm A,0.006127320695668459,0.1111111119389534,0.10441852360963821,0.8518518518518519,1.1920928955078125e-07,0.22390557825565338,0.5711624026298523,cfg02_G3_D32,cfg02_G3_D32,1.8739664049935527,cuda
validation,474,317,Warm B,0.009585567750036716,0.1111111119389534,0.11268120259046555,0.8024691358024691,2.384185791015625e-07,0.2558809518814087,0.5027130246162415,cfg02_G3_D32,cfg02_G3_D32,1.8739664049935527,cuda
validation,474,317,Warm C,0.008767371065914631,0.1111111119389534,0.10372864454984665,0.8395061728395061,1.1920928955078125e-07,0.3705182373523712,0.6325100660324097,cfg02_G3_D32,cfg02_G3_D32,1.8739664049935527,cuda
validation,497,334,Cold,0.004524334333837032,0.1111111119389534,0.08696746826171875,0.9012345679012346,1.1920928955078125e-07,0.0,0.0,cfg02_G3_D32,cfg02_G3_D32,1.8739664049935527,cuda
validation,497,334,Warm A,0.0076761324889957905,0.1111111119389534,0.09369509667158127,0.9012345679012346,2.384185791015625e-07,0.23561112582683563,0.6120233535766602,cfg02_G3_D32,cfg02_G3_D32,1.8739664049935527,cuda
validation,497,334,Warm B,0.009719873778522015,0.1111111119389534,0.10461883246898651,0.8641975308641975,2.384185791015625e-07,0.366963267326355,0.5013355612754822,cfg02_G3_D32,cfg02_G3_D32,1.8739664049935527,cuda
validation,497,334,Warm C,0.009209459647536278,0.111111119389534,0.09185674786567688,0.9012345679012346,1.1920928955078125e-07,0.47004276514053345,0.49746590852737427,cfg02_G3_D32,cfg02_G3_D32,1.8739664049935527,cuda
validation,517,350,Cold,0.0035500170197337866,0.1111111119389534,0.09532563388347626,0.8641975308641975,1.1920928955078125e-07,0.0,0.0,cfg02_G3_D32,cfg02_G3_D32,1.8739664049935527,cuda
validation,517,350,Warm A,0.0012331671314314008,0.1111111119389534,0.1174878403544426,0.7407407407407407,1.1920928955078125e-07,0.22782520949840546,0.570325493812561,cfg02_G3_D32,cfg02_G3_D32,1.8739664049935527,cuda
validation,517,350,Warm B,-0.0028683259151875973,0.1111111119389534,0.1334325671195984,0.6419753086419753,2.384185791015625e-07,0.30063292384147644,0.3869437873363495,cfg02_G3_D32,cfg02_G3_D32,1.8739664049935527,cuda
validation,517,350,Warm C,-0.0001885687670437619,0.1111111119389534,0.11269013583660126,0.7901234567901234,2.384185791015625e-07,0.4544001817703247,0.5252013802528381,cfg02_G3_D32,cfg02_G3_D32,1.8739664049935527,cuda
validation,532,362,Cold,0.0033561864402145147,0.1111111119389534,0.0846971943974495,0.9135802469135802,1.1920928955078125e-07,0.0,0.0,cfg02_G3_D32,cfg02_G3_D32,1.8739664049935527,cuda
validation,532,362,Warm A,0.006678015924990177,0.1111111119389534,0.08194635808467865,0.9382716049382716,1.1920928955078125e-07,0.23614677786827087,0.7335575222969055,cfg02_G3_D32,cfg02_G3_D32,1.8739664049935527,cuda
validation,532,362,Warm B,0.0054187169298529625,0.1111111119389534,0.09614928811788559,0.8888888888888888,1.1920928955078125e-07,0.33318769931793213,0.771855890750885,cfg02_G3_D32,cfg02_G3_D32,1.8739664049935527,cuda
validation,532,362,Warm C,0.007463798858225346,0.1111111119389534,0.083330437541008,0.9506172839506173,2.384185791015625e-07,0.3718145191669464,0.6349819898605347,cfg02_G3_D32,cfg02_G3_D32,1.8739664049935527,cuda
validation,538,367,Cold,0.005993694998323917,0.1111111119389534,0.09340423345565796,0.8888888888888888,1.1920928955078125e-07,0.0,0.0,cfg02_G3_D32,cfg02_G3_D32,1.8739664049935527,cuda
validation,538,367,Warm A,0.004299581982195377,0.1111111119389534,0.09638440608978271,0.8765432098765432,1.1920928955078125e-07,0.2398747205734253,0.6281551718711853,cfg02_G3_D32,cfg02_G3_D32,1.8739664049935527,cuda
validation,538,367,Warm B,0.007716058287769556,0.1111111119389534,0.09059333801269531,0.9012345679012346,2.384185791015625e-07,0.2563916742801666,0.6500458717346191,cfg02_G3_D32,cfg02_G3_D32,1.8739664049935527,cuda
validation,538,367,Warm C,0.00570866372436285,0.1111111119389534,0.09383288025856018,0.8888888888888888,2.384185791015625e-07,0.36035627126693726,0.6214212775230408,cfg02_G3_D32,cfg02_G3_D32,1.8739664049935527,cuda
validation,541,370,Cold,0.0057587516494095325,0.1111111119389534,0.10647860169410706,0.8888888888888888,1.1920928955078125e-07,0.0,0.0,cfg02_G3_D32,cfg02_G3_D32,1.8739664049935527,cuda
validation,541,370,Warm A,0.00663089519366622,0.1111111119389534,0.12179359793663025,0.8518518518518519,2.384185791015625e-07,0.2237299382686615,0.40414315462112427,cfg02_G3_D32,cfg02_G3_D32,1.8739664049935527,cuda
validation,541,370,Warm B,0.006486157421022654,0.1111111119389534,0.1333729326725006,0.7407407407407407,1.1920928955078125e-07,0.3675948977470398,0.40350618958473206,cfg02_G3_D32,cfg02_G3_D32,1.8739664049935527,cuda
validation,541,370,Warm C,0.006037899758666754,0.1111111119389534,0.13585388660430908,0.7530864197530864,2.384185791015625e-07,0.4946247339248657,0.3982871472835541,cfg02_G3_D32,cfg02_G3_D32,1.8739664049935527,cuda
validation,587,394,Cold,0.006273907609283924,0.111111119389534,0.10013117641210556,0.8765432098765432,1.7881393432617188e-07,0.0,0.0,cfg02_G3_D32,cfg02_G3_D32,1.8739664049935527,cuda
validation,587,394,Warm A,0.0028648320585489273,0.1111111119389534,0.10598286241292953,0.8271604938271605,1.1920928955078125e-07,0.23319151997566223,0.5860662460327148,cfg02_G3_D32,cfg02_G3_D32,1.8739664049935527,cuda
validation,587,394,Warm B,0.0047632972709834576,0.1111111119389534,0.10406431555747986,0.8641975308641975,1.1920928955078125e-07,0.35144680738449097,0.7603085041046143,cfg02_G3_D32,cfg02_G3_D32,1.8739664049935527,cuda
validation,587,394,Warm C,0.0018610114930197597,0.111111119389534,0.11508318781852722,0.7530864197530864,1.1920928955078125e-07,0.472759872674942,0.6660240292549133,cfg02_G3_D32,cfg02_G3_D32,1.8739664049935527,cuda
validation,588,395,Cold,0.0021429648622870445,0.1111111119389534,0.09135492146015167,0.9012345679012346,2.384185791015625e-07,0.0,0.0,cfg02_G3_D32,cfg02_G3_D32,1.8739664049935527,cuda
validation,588,395,Warm A,0.0040657902136445045,0.1111111119389534,0.07911451160907745,0.9135802469135802,2.384185791015625e-07,0.23397356271743774,0.5550589561462402,cfg02_G3_D32,cfg02_G3_D32,1.8739664049935527,cuda
validation,588,395,Warm B,0.005680704955011606,0.1111110970377922,0.08946193009614944,0.8888888888888888,2.384185791015625e-07,0.33286580443382263,0.42127498984336853,cfg02_G3_D32,cfg02_G3_D32,1.8739664049935527,cuda
validation,588,395,Warm C,0.0048378221690654755,0.111111119389534,0.07853944599628448,0.9259259259259259,1.1920928955078125e-07,0.33432188630104065,0.6277187466621399,cfg02_G3_D32,cfg02_G3_D32,1.8739664049935527,cuda
validation,592,398,Cold,0.0022608160506933928,0.1111110970377922,0.1030435711145401,0.8271604938271605,2.384185791015625e-07,0.0,0.0,cfg02_G3_D32,cfg02_G3_D32,1.8739664049935527,cuda
validation,592,398,Warm A,-0.0014595689717680216,0.1111111119389534,0.12262395024299622,0.7037037037037037,1.1920928955078125e-07,0.21850544214248657,0.549708366394043,cfg02_G3_D32,cfg02_G3_D32,1.8739664049935527,cuda
validation,592,398,Warm B,-0.0012431674404069781,0.111111119389534,0.1208956316113472,0.7530864197530864,2.384185791015625e-07,0.28597381711006165,0.6238796710968018,cfg02_G3_D32,cfg02_G3_D32,1.8739664049935527,cuda
validation,592,398,Warm C,0.002646832028403878,0.111111119389534,0.10198184847831726,0.8641975308641975,1.1920928955078125e-07,0.4364452362060547,0.6408754587173462,cfg02_G3_D32,cfg02_G3_D32,1.8739664049935527,cuda
validation,599,404,Cold,0.008104624226689339,0.1111110970377922,0.1517360806465149,0.6666666666666666,2.384185791015625e-07,0.0,0.0,cfg02_G3_D32,cfg02_G3_D32,1.8739664049935527,cuda
validation,599,404,Warm A,0.012292065657675266,0.111111119389534,0.15910805761814117,0.6790123456790124,2.384185791015625e-07,0.2432374209165573,0.4960346817970276,cfg02_G3_D32,cfg02_G3_D32,1.8739664049935527,cuda
validation,599,404,Warm B,0.014683361165225506,0.111111119389534,0.168634831905365,0.5679012345679012,1.1920928955078125e-07,0.3413412272930145,0.38424772024154663,cfg02_G3_D32,cfg02_G3_D32,1.8739664049935527,cuda
validation,599,404,Warm C,0.015501872636377811,0.1111111119389534,0.16147996485233307,0.6049382716049383,2.384185791015625e-07,0.45500707626342773,0.7122578024864197,cfg02_G3_D32,cfg02_G3_D32,1.8739664049935527,cuda
validation,661,426,Cold,0.0044747949577867985,0.1111111119389534,0.07885803282260895,0.9259259259259259,2.384185791015625e-07,0.0,0.0,cfg02_G3_D32,cfg02_G3_D32,1.8739664049935527,cuda
validation,661,426,Warm A,0.007355342619121075,0.1111111119389534,0.07809922099113464,0.9506172839506173,2.384185791015625e-07,0.24782823026180267,0.8276535272598267,cfg02_G3_D32,cfg02_G3_D32,1.8739664049935527,cuda
validation,661,426,Warm B,0.006436298601329327,0.1111111119389534,0.09290914237499237,0.8641975308641975,2.384185791015625e-07,0.4064386487007141,0.7354862689971924,cfg02_G3_D32,cfg02_G3_D32,1.8739664049935527,cuda
validation,661,426,Warm C,0.009111639112234116,0.1111110970377922,0.08155842870473862,0.9506172839506173,2.384185791015625e-07,0.4065810739994049,0.6918497681617737,cfg02_G3_D32,cfg02_G3_D32,1.8739664049935527,cuda
validation,750,460,Cold,0.009862597100436687,0.1111111119389534,0.1632261723279953,0.6172839506172839,2.384185791015625e-07,0.0,0.0,cfg02_G3_D32,cfg02_G3_D32,1.8739664049935527,cuda
validation,750,460,Warm A,0.011470824480056763,0.1111111119389534,0.1732032299041748,0.5802469135802469,2.384185791015625e-07,0.24014708399772644,0.3648582398891449,cfg02_G3_D32,cfg02_G3_D32,1.8739664049935527,cuda
validation,750,460,Warm B,0.01140813622623682,0.1111111119389534,0.18330983817577362,0.5061728395061729,2.384185791015625e-07,0.39003244042396545,0.48050928115844727,cfg02_G3_D32,cfg02_G3_D32,1.8739664049935527,cuda
validation,750,460,Warm C,0.012338445521891117,0.111111119389534,0.19055470824241638,0.4444444444444444,2.384185791015625e-07,0.510399341583252,0.1416017860174179,cfg02_G3_D32,cfg02_G3_D32,1.8739664049935527,cuda
validation,800,477,Cold,0.005591530352830887,0.1111110970377922,0.09012226015329361,0.9012345679012346,1.7881393432617188e-07,0.0,0.0,cfg02_G3_D32,cfg02_G3_D32,1.8739664049935527,cuda
validation,800,477,Warm A,0.0055050295777618885,0.111111119389534,0.10008053481578827,0.8765432098765432,1.1920928955078125e-07,0.240841343998909,0.5188364386558533,cfg02_G3_D32,cfg02_G3_D32,1.8739664049935527,cuda
validation,800,477,Warm B,0.006959226913750172,0.111111119389534,0.1010873019695282,0.9012345679012346,2.384185791015625e-07,0.3816480338573456,0.5252103805541992,cfg02_G3_D32,cfg02_G3_D32,1.8739664049935527,cuda
validation,800,477,Warm C,0.005964232608675957,0.111111119389534,0.11519445478916168,0.8148148148148148,2.384185791015625e-07,0.4851897954940796,0.2911756932735443,cfg02_G3_D32,cfg02_G3_D32,1.8739664049935527,cuda
validation,830,486,Cold,0.004163383971899748,0.111111119389534,0.08765137195587158,0.9012345679012346,1.7881393432617188e-07,0.0,0.0,cfg02_G3_D32,cfg02_G3_D32,1.8739664049935527,cuda
validation,830,486,Warm A,0.00015056731353979558,0.1111110970377922,0.1075948178768158,0.8024691358024691,1.7881393432617188e-07,0.2269233763217926,0.5374863743782043,cfg02_G3_D32,cfg02_G3_D32,1.8739664049935527,cuda
validation,830,486,Warm B,0.00011998580885119736,0.1111111119389534,0.11796895414590836,0.7530864197530864,1.1920928955078125e-07,0.32660284638404846,0.5854374766349792,cfg02_G3_D32,cfg02_G3_D32,1.8739664049935527,cuda
validation,830,486,Warm C,0.0015399424592033029,0.1111110970377922,0.09529344737529755,0.8765432098765432,1.1920928955078125e-07,0.36479368805885315,0.46045413613319397,cfg02_G3_D32,cfg02_G3_D32,1.8739664049935527,cuda
validation,837,491,Cold,0.002845258917659521,0.111111119389534,0.08694776892662048,0.9012345679012346,2.384185791015625e-07,0.0,0.0,cfg02_G3_D32,cfg02_G3_D32,1.8739664049935527,cuda
validation,837,491,Warm A,-0.0009962510084733367,0.1111111119389534,0.10990862548351288,0.7654320987654321,2.384185791015625e-07,0.22941641509532928,0.5873724222183228,cfg02_G3_D32,cfg02_G3_D32,1.8739664049935527,cuda
validation,837,491,Warm B,0.002704922342672944,0.111111119389534,0.08727046102285385,0.9135802469135802,1.1920928955078125e-07,0.3051307201385498,0.7288589477539062,cfg02_G3_D32,cfg02_G3_D32,1.8739664049935527,cuda
validation,837,491,Warm C,0.0016216756775975227,0.1111110970377922,0.10542595386505127,0.8148148148148148,1.1920928955078125e-07,0.3151116967201233,0.5767054557800293,cfg02_G3_D32,cfg02_G3_D32,1.8739664049935527,cuda
validation,852,498,Cold,0.0024176768492907286,0.1111110970377922,0.09357772022485733,0.9012345679012346,1.1920928955078125e-07,0.0,0.0,cfg02_G3_D32,cfg02_G3_D32,1.8739664049935527,cuda
validation,852,498,Warm A,-0.0006629190756939352,0.1111111119389534,0.11807025223970413,0.7160493827160493,1.7881393432617188e-07,0.23528851568698883,0.44655513763427734,cfg02_G3_D32,cfg02_G3_D32,1.8739664049935527,cuda
validation,852,498,Warm B,0.002641272032633424,0.111111119389534,0.0966813936829567,0.9012345679012346,2.384185791015625e-07,0.27756330370903015,0.5942985415458679,cfg02_G3_D32,cfg02_G3_D32,1.8739664049935527,cuda
validation,852,498,Warm C,-0.0018594518769532442,0.1111111119389534,0.12084012478590012,0.7283950617283951,2.384185791015625e-07,0.37885791063308716,0.5044776797294617,cfg02_G3_D32,cfg02_G3_D32,1.8739664049935527,cuda
validation,880,503,Cold,0.003585090860724449,0.111111119389534,0.09147907048463821,0.8888888888888888,1.1920928955078125e-07,0.0,0.0,cfg02_G3_D32,cfg02_G3_D32,1.8739664049935527,cuda
validation,880,503,Warm A,0.0029934195335954428,0.1111111119389534,0.11168784648180008,0.7654320987654321,2.384185791015625e-07,0.2300521731376648,0.455249547958374,cfg02_G3_D32,cfg02_G3_D32,1.8739664049935527,cuda
validation,880,503,Warm B,0.0005542223807424307,0.1111111119389534,0.12937086820602417,0.6419753086419753,2.384185791015625e-07,0.38746312260627747,0.4579813480377197,cfg02_G3_D32,cfg02_G3_D32,1.8739664049935527,cuda
validation,880,503,Warm C,-0.002050342969596386,0.1111111119389534,0.14726658165454865,0.5925925925925926,2.384185791015625e-07,0.5689989924430847,0.22763144969940186,cfg02_G3_D32,cfg02_G3_D32,1.8739664049935527,cuda
validation,902,514,Cold,0.011941305361688137,0.1111111119389534,0.17715495824813843,0.5555555555555556,2.384185791015625e-07,0.0,0.0,cfg02_G3_D32,cfg02_G3_D32,1.8739664049935527,cuda
validation,902,514,Warm A,0.010357631370425224,0.1111111119389534,0.17779329419136047,0.5432098765432098,1.1920928955078125e-07,0.2287275195121765,0.4758484959602356,cfg02_G3_D32,cfg02_G3_D32,1.8739664049935527,cuda
validation,902,514,Warm B,0.006209902465343475,0.1111111119389534,0.17158536612987518,0.5679012345679012,5.960464477539063e-08,0.41738569736480713,0.5089003443717957,cfg02_G3_D32,cfg02_G3_D32,1.8739664049935527,cuda
validation,902,514,Warm C,0.00959390215575695,0.1111111119389534,0.17903758585453033,0.5432098765432098,1.1920928955078125e-07,0.45832163095474243,0.630888044834137,cfg02_G3_D32,cfg02_G3_D32,1.8739664049935527,cuda
validation,904,516,Cold,0.013712884858250618,0.1111111119389534,0.19370312988758087,0.4444444444444444,1.1920928955078125e-07,0.0,0.0,cfg02_G3_D32,cfg02_G3_D32,1.8739664049935527,cuda
validation,904,516,Warm A,0.017213230952620506,0.1111111119389534,0.20313508808612823,0.38271604938271603,1.1920928955078125e-07,0.24710944294929504,0.30989697575569153,cfg02_G3_D32,cfg02_G3_D32,1.8739664049935527,cuda
validation,904,516,Warm B,0.018444184213876724,0.1111110970377922,0.20928017795085907,0.35802469135802467,2.980232238769531e-07,0.4196978211402893,0.23383677005767822,cfg02_G3_D32,cfg02_G3_D32,1.8739664049935527,cuda
validation,904,516,Warm C,0.019986113533377647,0.1111111119389534,0.21473051607608795,0.3333333333333333,1.1920928955078125e-07,0.45316576957702637,0.25957855582237244,cfg02_G3_D32,cfg02_G3_D32,1.8739664049935527,cuda
validation,914,526,Cold,0.010632469318807125,0.1111111119389534,0.16471505165100098,0.6049382716049383,4.172325134277344e-07,0.0,0.0,cfg02_G3_D32,cfg02_G3_D32,1.8739664049935527,cuda
validation,914,526,Warm A,0.007030710577964783,0.1111111119389534,0.15699677169322968,0.6049382716049383,2.384185791015625e-07,0.23813995718955994,0.5075504183769226,cfg02_G3_D32,cfg02_G3_D32,1.8739664049935527,cuda
validation,914,526,Warm B,0.009829975664615631,0.1111111119389534,0.16692844033241272,0.6296296296296297,4.76837158203125e-07,0.24539709091186523,0.5031096339225769,cfg02_G3_D32,cfg02_G3_D32,1.8739664049935527,cuda
validation,914,526,Warm C,0.011486486531794071,0.1111111119389534,0.17406108975410461,0.5925925925925926,1.1920928955078125e-07,0.34487971663475037,0.4890824258327484,cfg02_G3_D32,cfg02_G3_D32,1.8739664049935527,cuda
validation,920,532,Cold,0.018251892179250717,0.1111111119389534,0.22192427515983582,0.2962962962962963,2.384185791015625e-07,0.0,0.0,cfg02_G3_D32,cfg02_G3_D32,1.8739664049935527,cuda
validation,920,532,Warm A,0.017236104235053062,0.1111111119389534,0.21499808132648468,0.3333333333333333,1.1920928955078125e-07,0.21152757108211517,0.7178290486335754,cfg02_G3_D32,cfg02_G3_D32,1.8739664049935527,cuda
validation,920,532,Warm B,0.012348933145403862,0.1111111119389534,0.20320852100849152,0.35802469135802467,1.7881393432617188e-07,0.3274363577365875,0.5545229315757751,cfg02_G3_D32,cfg02_G3_D32,1.8739664049935527,cuda
validation,920,532,Warm C,0.015628891065716743,0.1111111119389534,0.21478702127933502,0.3333333333333333,5.960464477539063e-08,0.3307490646839142,0.4055810570716858,cfg02_G3_D32,cfg02_G3_D32,1.8739664049935527,cuda
validation,922,534,Cold,0.016140375286340714,0.1111111119389534,0.2078195959329605,0.3950617283950617,1.1920928955078125e-07,0.0,0.0,cfg02_G3_D32,cfg02_G3_D32,1.8739664049935527,cuda
validation,922,534,Warm A,0.01851971447467804,0.1111111119389534,0.21553675830364227,0.37037037037037035,2.384185791015625e-07,0.24256585538387299,0.3298940360546112,cfg02_G3_D32,cfg02_G3_D32,1.8739664049935527,cuda
validation,922,534,Warm B,0.018470237031579018,0.1111111119389534,0.21907812356948853,0.32098765432098764,1.1920928955078125e-07,0.3877204954624176,0.19457368552684784,cfg02_G3_D32,cfg02_G3_D32,1.8739664049935527,cuda
validation,922,534,Warm C,0.01800512708723545,0.1111111119389534,0.2222474366426468,0.32098765432098764,1.1920928955078125e-07,0.471305787563324,0.10981368273496628,cfg02_G3_D32,cfg02_G3_D32,1.8739664049935527,cuda
validation,923,535,Cold,0.017937179654836655,0.111111119389534,0.22026635706424713,0.32098765432098764,1.1920928955078125e-07,0.0,0.0,cfg02_G3_D32,cfg02_G3_D32,1.8739664049935527,cuda
validation,923,535,Warm A,0.017879491671919823,0.1111111119389534,0.21629269421100616,0.3333333333333333,1.1920928955078125e-07,0.2472280114889145,0.6601406335830688,cfg02_G3_D32,cfg02_G3_D32,1.8739664049935527,cuda
validation,923,535,Warm B,0.01803557574748993,0.1111111119389534,0.22219038009643555,0.32098765432098764,5.960464477539063e-08,0.20734213292598724,0.3033180236816406,cfg02_G3_D32,cfg02_G3_D32,1.8739664049935527,cuda
validation,923,535,Warm C,0.02046712301671505,0.1111111119389534,0.22588887810707092,0.2839506172839506,1.1920928955078125e-07,0.3498898148536682,0.38549813628196716,cfg02_G3_D32,cfg02_G3_D32,1.8739664049935527,cuda
validation,924,536,Cold,0.010260051116347313,0.1111111119389534,0.15934301912784576,0.6172839506172839,2.384185791015625e-07,0.0,0.0,cfg02_G3_D32,cfg02_G3_D32,1.8739664049935527,cuda
validation,924,536,Warm A,0.013268410228192806,0.1111111119389534,0.16557841002941132,0.5802469135802469,1.7881393432617188e-07,0.22554966807365417,0.4536716639995575,cfg02_G3_D32,cfg02_G3_D32,1.8739664049935527,cuda
validation,924,536,Warm B,0.012165841646492481,0.1111111119389534,0.1557740718126297,0.6296296296296297,2.384185791015625e-07,0.33243095874786377,0.5748658180236816,cfg02_G3_D32,cfg02_G3_D32,1.8739664049935527,cuda
validation,924,536,Warm C,0.012570835649967194,0.1111111119389534,0.16368067264556885,0.5925925925925926,2.980232238769531e-07,0.4219485819339752,0.49605485796928406,cfg02_G3_D32,cfg02_G3_D32,1.8739664049935527,cuda
validation,934,545,Cold,0.01515221782028675,0.1111111119389534,0.2028859406709671,0.4074074074074074,2.384185791015625e-07,0.0,0.0,cfg02_G3_D32,cfg02_G3_D32,1.8739664049935527,cuda
validation,934,545,Warm A,0.014287666417658329,0.1111111119389534,0.19200223684310913,0.41975308641975306,2.384185791015625e-07,0.23528209328651428,0.7395033836364746,cfg02_G3_D32,cfg02_G3_D32,1.8739664049935527,cuda
validation,934,545,Warm B,0.009753972291946411,0.1111111119389534,0.181779682636261,0.4567901234567901,1.7881393432617188e-07,0.42075636982917786,0.7006155848503113,cfg02_G3_D32,cfg02_G3_D32,1.8739664049935527,cuda
validation,934,545,Warm C,0.012516148388385773,0.1111110970377922,0.19103991985321045,0.4691358024691358,1.1920928955078125e-07,0.3629043400287628,0.6264120936393738,cfg02_G3_D32,cfg02_G3_D32,1.8739664049935527,cuda
validation,942,551,Cold,0.016897952184081078,0.1111111119389534,0.214888796210289,0.345679012345679,1.1920928955078125e-07,0.0,0.0,cfg02_G3_D32,cfg02_G3_D32,1.8739664049935527,cuda
validation,942,551,Warm A,0.019687101244926453,0.1111111119389534,0.22309154272079468,0.3333333333333333,1.1920928955078125e-07,0.23515585064888,0.3203313946723938,cfg02_G3_D32,cfg02_G3_D32,1.8739664049935527,cuda
validation,942,551,Warm B,0.019274448975920677,0.1111111119389534,0.22439643740653992,0.32098765432098764,2.384185791015625e-07,0.23844996094703674,0.3148452937602997,cfg02_G3_D32,cfg02_G3_D32,1.8739664049935527,cuda
validation,942,551,Warm C,0.017517177388072014,0.1111111119389534,0.2162473052740097,0.3333333333333333,1.1920928955078125e-07,0.3593551814556122,0.5567898154258728,cfg02_G3_D32,cfg02_G3_D32,1.8739664049935527,cuda
validation,949,558,Cold,0.014132651500403881,0.1111111119389534,0.1948581039905548,0.43209876543209874,2.384185791015625e-07,0.0,0.0,cfg02_G3_D32,cfg02_G3_D32,1.8739664049935527,cuda
validation,949,558,Warm A,0.014407921582460403,0.1111111119389534,0.19574816524982452,0.4444444444444444,1.1920928955078125e-07,0.2381984293460846,0.5207285284996033,cfg02_G3_D32,cfg02_G3_D32,1.8739664049935527,cuda
validation,949,558,Warm B,0.014945421367883682,0.1111111119389534,0.2043020874261856,0.4074074074074074,2.384185791015625e-07,0.32720404863357544,0.27367326617240906,cfg02_G3_D32,cfg02_G3_D32,1.8739664049935527,cuda
validation,949,558,Warm C,0.016202207654714584,0.1111111119389534,0.1989574432373047,0.4691358024691358,1.1920928955078125e-07,0.45064133405685425,0.6660670638084412,cfg02_G3_D32,cfg02_G3_D32,1.8739664049935527,cuda
validation,953,562,Cold,0.01762940175831318,0.1111110970377922,0.21710380911827087,0.32098765432098764,1.1920928955078125e-07,0.0,0.0,cfg02_G3_D32,cfg02_G3_D32,1.8739664049935527,cuda
validation,953,562,Warm A,0.0177601408213377,0.1111111119389534,0.21371640264987946,0.3950617283950617,2.384185791015625e-07,0.2267967164516449,0.462853342294693,cfg02_G3_D32,cfg02_G3_D32,1.8739664049935527,cuda
validation,953,562,Warm B,0.01935112103819847,0.1111111119389534,0.22054117918014526,0.345679012345679,2.384185791015625e-07,0.39173200726509094,0.3800005614757538,cfg02_G3_D32,cfg02_G3_D32,1.8739664049935527,cuda
validation,953,562,Warm C,0.017817679792642593,0.1111111119389534,0.2157290130853653,0.35802469135802467,1.7881393432617188e-07,0.39780011773109436,0.5655579566955566,cfg02_G3_D32,cfg02_G3_D32,1.8739664049935527,cuda
validation,965,565,Cold,0.01973923109471798,0.1111111119389534,0.22818981111049652,0.2716049382716049,1.1920928955078125e-07,0.0,0.0,cfg02_G3_D32,cfg02_G3_D32,1.8739664049935527,cuda
validation,965,565,Warm A,0.01998041942715645,0.1111111119389534,0.23031386733055115,0.25925925925925924,1.1920928955078125e-07,0.23213860392570496,0.36951932311058044,cfg02_G3_D32,cfg02_G3_D32,1.8739664049935527,cuda
validation,965,565,Warm B,0.02214868552982807,0.1111111119389534,0.23383912444114685,0.24691358024691357,1.1920928955078125e-07,0.40056943893432617,0.3157971501350403,cfg02_G3_D32,cfg02_G3_D32,1.8739664049935527,cuda
validation,965,565,Warm C,0.02184952422976494,0.1111111119389534,0.23277787864208221,0.25925925925925924,0.0,0.5635016560554504,0.5519554018974304,cfg02_G3_D32,cfg02_G3_D32,1.8739664049935527,cuda
validation,1007,583,Cold,0.007939182221889496,0.1111111119389534,0.13557970523834229,0.8024691358024691,1.1920928955078125e-07,0.0,0.0,cfg02_G3_D32,cfg02_G3_D32,1.8739664049935527,cuda
validation,1007,583,Warm A,0.005195556674152613,0.111111119389534,0.12635751068592072,0.7160493827160493,2.384185791015625e-07,0.2364707738161087,0.7218448519706726,cfg02_G3_D32,cfg02_G3_D32,1.8739664049935527,cuda
validation,1007,583,Warm B,-0.0003570322005543858,0.1111111119389534,0.12403856217861176,0.654320987654321,1.1920928955078125e-07,0.3841119408607483,0.43055009841918945,cfg02_G3_D32,cfg02_G3_D32,1.8739664049935527,cuda
validation,1007,583,Warm C,-0.002505394397303462,0.1111110970377922,0.1325100064277649,0.6419753086419753,1.1920928955078125e-07,0.5443550944328308,0.32462450861930847,cfg02_G3_D32,cfg02_G3_D32,1.8739664049935527,cuda
validation,1021,597,Cold,0.0035430421121418476,0.1111111119389534,0.08508507162332535,0.9259259259259259,1.1920928955078125e-07,0.0,0.0,cfg02_G3_D32,cfg02_G3_D32,1.8739664049935527,cuda
validation,1021,597,Warm A,0.0011504667345434427,0.1111111119389534,0.10812640190124512,0.8395061728395061,2.384185791015625e-07,0.2263786345720291,0.6031394004821777,cfg02_G3_D32,cfg02_G3_D32,1.8739664049935527,cuda
validation,1021,597,Warm B,-0.001249823602847755,0.1111111119389534,0.13039182126522064,0.654320987654321,1.1920928955078125e-07,0.3696107566356659,0.4774555265903473,cfg02_G3_D32,cfg02_G3_D32,1.8739664049935527,cuda
validation,1021,597,Warm C,0.0012146593071520329,0.1111111119389534,0.11244367808103561,0.8024691358024691,1.1920928955078125e-07,0.3817351162433624,0.6088061332702637,cfg02_G3_D32,cfg02_G3_D32,1.8739664049935527,cuda
validation,1025,601,Cold,0.011351577006280422,0.1111111119389534,0.17082439363002777,0.5679012345679012,1.1920928955078125e-07,0.0,0.0,cfg02_G3_D32,cfg02_G3_D32,1.8739664049935527,cuda
validation,1025,601,Warm A,0.010134519077837467,0.1111111119389534,0.16192099452018738,0.5925925925925926,2.384185791015625e-07,0.2172413021326065,0.8809360861778259,cfg02_G3_D32,cfg02_G3_D32,1.8739664049935527,cuda
validation,1025,601,Warm B,0.01210841815918684,0.1111111119389534,0.1687701940536499,0.5555555555555556,2.384185791015625e-07,0.2993180751800537,0.5714957118034363,cfg02_G3_D32,cfg02_G3_D32,1.8739664049935527,cuda
validation,1025,601,Warm C,0.007197881117463112,0.1111110970377922,0.16021014750003815,0.5308641975308642,1.1920928955078125e-07,0.40971240401268005,0.46809321641921997,cfg02_G3_D32,cfg02_G3_D32,1.8739664049935527,cuda
validation,1049,618,Cold,0.00414203992113471,0.1111111119389534,0.09090530127286911,0.8888888888888888,1.7881393432617188e-07,0.0,0.0,cfg02_G3_D32,cfg02_G3_D32,1.8739664049935527,cuda
validation,1049,618,Warm A,0.0031111431308090687,0.1111111119389534,0.10935984551906586,0.8024691358024691,1.1920928955078125e-07,0.2325403392314911,0.7348701357841492,cfg02_G3_D32,cfg02_G3_D32,1.8739664049935527,cuda
validation,1049,618,Warm B,0.005827592685818672,0.1111111119389534,0.09481094777584076,0.8518518518518519,1.7881393432617188e-07,0.32716289162635803,0.6855336427688599,cfg02_G3_D32,cfg02_G3_D32,1.8739664049935527,cuda
validation,1049,618,Warm C,0.0036464142613112926,0.1111111119389534,0.09961362183094025,0.8518518518518519,1.1920928955078125e-07,0.32406333088874817,0.5247530937194824,cfg02_G3_D32,cfg02_G3_D32,1.8739664049935527,cuda
validation,1057,622,Cold,0.0031592808663845062,0.1111111119389534,0.08561129122972488,0.9135802469135802,1.7881393432617188e-07,0.0,0.0,cfg02_G3_D32,cfg02_G3_D32,1.8739664049935527,cuda
validation,1057,622,Warm A,0.005557503085583448,0.1111110970377922,0.08220718801021576,0.9382716049382716,2.384185791015625e-07,0.2362072914838791,0.6946816444396973,cfg02_G3_D32,cfg02_G3_D32,1.8739664049935527,cuda
validation,1057,622,Warm B,0.006770043633878231,0.1111111119389534,0.09179496020078659,0.8765432098765432,1.1920928955078125e-07,0.32646024227142334,0.6410070657730103,cfg02_G3_D32,cfg02_G3_D32,1.8739664049935527,cuda
validation,1057,622,Warm C,0.0057511478662490845,0.1111111119389534,0.1056588664650917,0.8024691358024691,1.1920928955078125e-07,0.5179775357246399,0.47032544016838074,cfg02_G3_D32,cfg02_G3_D32,1.8739664049935527,cuda
validation,1061,625,Cold,0.00480232760310173,0.111111119389534,0.08969437330961227,0.9012345679012346,1.1920928955078125e-07,0.0,0.0,cfg02_G3_D32,cfg02_G3_D32,1.8739664049935527,cuda
validation,1061,625,Warm A,0.005262342747300863,0.1111111119389534,0.10695145279169083,0.8148148148148148,1.1920928955078125e-07,0.22900515794754028,0.6262141466140747,cfg02_G3_D32,cfg02_G3_D32,1.8739664049935527,cuda
validation,1061,625,Warm B,0.006096333265304565,0.1111111119389534,0.09239877015352249,0.8765432098765432,2.384185791015625e-07,0.2750089466571808,0.4523197114467621,cfg02_G3_D32,cfg02_G3_D32,1.8739664049935527,cuda
validation,1061,625,Warm C,0.005359522998332977,0.1111111119389534,0.09398704767227173,0.8641975308641975,1.7881393432617188e-07,0.35160931944847107,0.5773782134056091,cfg02_G3_D32,cfg02_G3_D32,1.8739664049935527,cuda
validation,1088,640,Cold,0.005295844282954931,0.1111110970377922,0.09255723655223846,0.9012345679012346,1.1920928955078125e-07,0.0,0.0,cfg02_G3_D32,cfg02_G3_D32,1.8739664049935527,cuda
validation,1088,640,Warm A,-2.151838089048397e-06,0.1111111119389534,0.10102948546409607,0.8518518518518519,2.384185791015625e-07,0.24070847034454346,0.5928334593772888,cfg02_G3_D32,cfg02_G3_D32,1.8739664049935527,cuda
validation,1088,640,Warm B,-0.0008127843611873686,0.1111111119389534,0.10015657544136047,0.8024691358024691,1.1920928955078125e-07,0.42512184381484985,0.6331053376197815,cfg02_G3_D32,cfg02_G3_D32,1.8739664049935527,cuda
validation,1088,640,Warm C,0.0016816681018099189,0.1111111119389534,0.09487979859113693,0.8765432098765432,2.980232238769531e-07,0.5358744859695435,0.6171349883079529,cfg02_G3_D32,cfg02_G3_D32,1.8739664049935527,cuda
validation,1091,643,Cold,0.0045272838324308395,0.1111111119389534,0.0912487581372261,0.9012345679012346,1.7881393432617188e-07,0.0,0.0,cfg02_G3_D32,cfg02_G3_D32,1.8739664049935527,cuda
validation,1091,643,Warm A,0.0015286742709577084,0.1111110970377922,0.10673893988132477,0.7901234567901234,2.384185791015625e-07,0.23582662642002106,0.5664560198783875,cfg02_G3_D32,cfg02_G3_D32,1.8739664049935527,cuda
validation,1091,643,Warm B,-0.0013127881102263927,0.111111119389534,0.1250573843717575,0.654320987654321,2.384185791015625e-07,0.43546879291534424,0.32194533944129944,cfg02_G3_D32,cfg02_G3_D32,1.8739664049935527,cuda
validation,1091,643,Warm C,0.0012294488260522485,0.1111111119389534,0.10487339645624161,0.7654320987654321,1.1920928955078125e-07,0.3865731358528137,0.5683304667472839,cfg02_G3_D32,cfg02_G3_D32,1.8739664049935527,cuda
validation,1148,669,Cold,0.005011152941733599,0.111111119389534,0.08792582899332047,0.9012345679012346,1.7881393432617188e-07,0.0,0.0,cfg02_G3_D32,cfg02_G3_D32,1.8739664049935527,cuda
validation,1148,669,Warm A,0.005422866437584162,0.1111110970377922,0.09587720036506653,0.9012345679012346,1.7881393432617188e-07,0.2456798255443573,0.5421275496482849,cfg02_G3_D32,cfg02_G3_D32,1.8739664049935527,cuda
validation,1148,669,Warm B,0.004568235483020544,0.1111111119389534,0.10816734284162521,0.8271604938271605,1.1920928955078125e-07,0.4288214445114136,0.22613146901130676,cfg02_G3_D32,cfg02_G3_D32,1.8739664049935527,cuda
validation,1148,669,Warm C,0.006101561710238457,0.1111111119389534,0.11846988648176193,0.7283950617283951,2.384185791015625e-07,0.5436823964118958,0.1985817849636078,cfg02_G3_D32,cfg02_G3_D32,1.8739664049935527,cuda
validation,1172,675,Cold,0.004978714510798454,0.1111111119389534,0.09371142089366913,0.9012345679012346,2.384185791015625e-07,0.0,0.0,cfg02_G3_D32,cfg02_G3_D32,1.8739664049935527,cuda
validation,1172,675,Warm A,0.008664115332067013,0.111111119389534,0.10544764250516891,0.8765432098765432,2.384185791015625e-07,0.23347023129463196,0.5560002326965332,cfg02_G3_D32,cfg02_G3_D32,1.8739664049935527,cuda
validation,1172,675,Warm B,0.009165830910205841,0.111111119389534,0.1165895164012909,0.8148148148148148,2.384185791015625e-07,0.41164112091064453,0.3984519839286804,cfg02_G3_D32,cfg02_G3_D32,1.8739664049935527,cuda
validation,1172,675,Warm C,0.01038697361946106,0.111111119389534,0.12644201517105103,0.7654320987654321,1.1920928955078125e-07,0.5198705792427063,0.5320618748664856,cfg02_G3_D32,cfg02_G3_D32,1.8739664049935527,cuda
validation,1175,677,Cold,0.0032893831375986338,0.1111110970377922,0.08513233810663223,0.9135802469135802,1.1920928955078125e-07,0.0,0.0,cfg02_G3_D32,cfg02_G3_D32,1.8739664049935527,cuda
validation,1175,677,Warm A,0.005054928828030825,0.1111111119389534,0.0850967988371849,0.9259259259259259,1.1920928955078125e-07,0.22167597711086273,0.5444052219390869,cfg02_G3_D32,cfg02_G3_D32,1.8739664049935527,cuda
validation,1175,677,Warm B,0.00647058617323637,0.1111111119389534,0.08949966728687286,0.9135802469135802,2.384185791015625e-07,0.23079387843608856,0.5543672442436218,cfg02_G3_D32,cfg02_G3_D32,1.8739664049935527,cuda
validation,1175,677,Warm C,0.006688041612505913,0.1111110970377922,0.10061558336019516,0.8765432098765432,2.384185791015625e-07,0.34987765550613403,0.47649794816970825,cfg02_G3_D32,cfg02_G3_D32,1.8739664049935527,cuda
validation,1178,680,Cold,0.014070280827581882,0.1111111119389534,0.19243775308132172,0.4567901234567901,2.384185791015625e-07,0.0,0.0,cfg02_G3_D32,cfg02_G3_D32,1.8739664049935527,cuda
validation,1178,680,Warm A,0.013371074572205544,0.1111111119389534,0.19914062321186066,0.41975308641975306,2.384185791015625e-07,0.22359584271907806,0.27337580919265747,cfg02_G3_D32,cfg02_G3_D32,1.8739664049935527,cuda
validation,1178,680,Warm B,0.014458580873906612,0.1111111119389534,0.20722664892673492,0.3950617283950617,2.384185791015625e-07,0.3687174320220947,0.2355884164571762,cfg02_G3_D32,cfg02_G3_D32,1.8739664049935527,cuda
validation,1178,680,Warm C,0.013862836174666882,0.1111111119389534,0.21298342943191528,0.35802469135802467,5.960464477539063e-08,0.49023550748825073,0.1901567131280899,cfg02_G3_D32,cfg02_G3_D32,1.8739664049935527,cuda
validation,1183,682,Cold,0.00504881888628006,0.1111110970377922,0.08881931006908417,0.9012345679012346,2.384185791015625e-07,0.0,0.0,cfg02_G3_D32,cfg02_G3_D32,1.8739664049935527,cuda
validation,1183,682,Warm A,0.007615129929035902,0.1111110970377922,0.09417637437582016,0.9135802469135802,2.384185791015625e-07,0.23047760128974915,0.6298205256462097,cfg02_G3_D32,cfg02_G3_D32,1.8739664049935527,cuda
validation,1183,682,Warm B,0.006383321713656187,0.1111110970377922,0.09201536327600479,0.9135802469135802,1.7881393432617188e-07,0.2805119752883911,0.6614794731140137,cfg02_G3_D32,cfg02_G3_D32,1.8739664049935527,cuda
validation,1183,682,Warm C,0.00658435421064496,0.1111111119389534,0.094511479139328,0.9012345679012346,1.1920928955078125e-07,0.4200538992881775,0.7274793982505798,cfg02_G3_D32,cfg02_G3_D32,1.8739664049935527,cuda
validation,1185,684,Cold,0.006605810020118952,0.1111110970377922,0.10109826177358627,0.8765432098765432,1.7881393432617188e-07,0.0,0.0,cfg02_G3_D32,cfg02_G3_D32,1.8739664049935527,cuda
validation,1185,684,Warm A,0.009259349666535854,0.111111119389534,0.11520540714263916,0.8024691358024691,2.384185791015625e-07,0.2416629046201706,0.3774910867214203,cfg02_G3_D32,cfg02_G3_D32,1.8739664049935527,cuda
validation,1185,684,Warm B,0.011202589608728886,0.1111111119389534,0.12004993855953217,0.8148148148148148,2.384185791015625e-07,0.35992658138275146,0.5075526237487793,cfg02_G3_D32,cfg02_G3_D32,1.8739664049935527,cuda
validation,1185,684,Warm C,0.010598951950669289,0.1111111119389534,0.10766459256410599,0.8765432098765432,2.384185791015625e-07,0.4425855576992035,0.42081210017204285,cfg02_G3_D32,cfg02_G3_D32,1.8739664049935527,cuda
validation,1193,692,Cold,0.00933847576379776,0.1111111119389534,0.14355981349945068,0.7530864197530864,1.7881393432617188e-07,0.0,0.0,cfg02_G3_D32,cfg02_G3_D32,1.8739664049935527,cuda
validation,1193,692,Warm A,0.00948745384812355,0.1111110970377922,0.15149089694023132,0.7037037037037037,1.1920928955078125e-07,0.24274221062660217,0.40508919954299927,cfg02_G3_D32,cfg02_G3_D32,1.8739664049935527,cuda
validation,1193,692,Warm B,0.009143108502030373,0.1111111119389534,0.16014617681503296,0.6049382716049383,2.384185791015625e-07,0.4140850603580475,0.23400218784809113,cfg02_G3_D32,cfg02_G3_D32,1.8739664049935527,cuda
validation,1193,692,Warm C,0.009140050038695335,0.1111111119389534,0.1682138890028,0.5555555555555556,2.384185791015625e-07,0.6338016390800476,0.14686697721481323,cfg02_G3_D32,cfg02_G3_D32,1.8739664049935527,cuda
validation,1194,693,Cold,0.007506269961595535,0.1111111119389534,0.12856356799602509,0.8395061728395061,3.5762786865234375e-07,0.0,0.0,cfg02_G3_D32,cfg02_G3_D32,1.8739664049935527,cuda
validation,1194,693,Warm A,0.0062317377887666225,0.111111119389534,0.12335341423749924,0.7530864197530864,2.384185791015625e-07,0.2080676555633545,0.5758125185966492,cfg02_G3_D32,cfg02_G3_D32,1.8739664049935527,cuda
validation,1194,693,Warm B,0.005082241725176573,0.1111111119389534,0.11995568871498108,0.7037037037037037,2.980232238769531e-07,0.36858463287353516,0.7163591980934143,cfg02_G3_D32,cfg02_G3_D32,1.8739664049935527,cuda
validation,1194,693,Warm C,0.006847715005278587,0.1111111119389534,0.1240321695804596,0.7530864197530864,2.384185791015625e-07,0.39064833521842957,0.5696787238121033,cfg02_G3_D32,cfg02_G3_D32,1.8739664049935527,cuda
validation,1198,696,Cold,0.005023716948926449,0.1111111119389534,0.11623278260231018,0.7654320987654321,2.384185791015625e-07,0.0,0.0,cfg02_G3_D32,cfg02_G3_D32,1.8739664049935527,cuda
validation,1198,696,Warm A,0.008241069503128529,0.111111119389534,0.12382570654153824,0.8395061728395061,1.1920928955078125e-07,0.23475825786590576,0.5207959413528442,cfg02_G3_D32,cfg02_G3_D32,1.8739664049935527,cuda
validation,1198,696,Warm B,0.010388161987066269,0.1111111119389534,0.13635988533496857,0.7160493827160493,2.384185791015625e-07,0.40379732847213745,0.3648757040500641,cfg02_G3_D32,cfg02_G3_D32,1.8739664049935527,cuda
validation,1198,696,Warm C,0.011165685951709747,0.1111110970377922,0.1384117752313614,0.7407407407407407,1.7881393432617188e-07,0.49574998021125793,0.4454750120639801,cfg02_G3_D32,cfg02_G3_D32,1.8739664049935527,cuda
validation,1199,697,Cold,0.003776383586227894,0.1111111119389534,0.09203188121318817,0.8888888888888888,2.384185791015625e-07,0.0,0.0,cfg02_G3_D32,cfg02_G3_D32,1.8739664049935527,cuda
validation,1199,697,Warm A,0.007061685901135206,0.111111119389534,0.1006757915019989,0.9012345679012346,1.7881393432617188e-07,0.22862841188907623,0.5833907127380371,cfg02_G3_D32,cfg02_G3_D32,1.8739664049935527,cuda
validation,1199,697,Warm B,0.0080111688002944,0.111111119389534,0.11825267225503922,0.8395061728395061,1.1920928955078125e-07,0.37836891412734985,0.3719511032104492,cfg02_G3_D32,cfg02_G3_D32,1.8739664049935527,cuda
validation,1199,697,Warm C,0.009936091490089893,0.1111110970377922,0.13186512887477875,0.7654320987654321,1.1920928955078125e-07,0.5100418925285339,0.4264896512031555,cfg02_G3_D32,cfg02_G3_D32,1.8739664049935527,cuda
validation,1210,708,Cold,0.006924576126039028,0.1111111119389534,0.112983338534832,0.8888888888888888,2.384185791015625e-07,0.0,0.0,cfg02_G3_D32,cfg02_G3_D32,1.8739664049935527,cuda
validation,1210,708,Warm A,0.00593483354896307,0.1111111119389534,0.10733473300933838,0.8271604938271605,1.1920928955078125e-07,0.2331436723470688,0.6511544585227966,cfg02_G3_D32,cfg02_G3_D32,1.8739664049935527,cuda
validation,1210,708,Warm B,0.008047419600188732,0.111111119389534,0.11773177981376648,0.8765432098765432,1.7881393432617188e-07,0.3117716312408447,0.4798222482204437,cfg02_G3_D32,cfg02_G3_D32,1.8739664049935527,cuda
validation,1210,708,Warm C,0.004865976050496101,0.1111111119389534,0.11263232678174973,0.8271604938271605,2.384185791015625e-07,0.42416414618492126,0.6838971972465515,cfg02_G3_D32,cfg02_G3_D32,1.8739664049935527,cuda
validation,1222,720,Cold,0.005987975280731916,0.1111111119389534,0.09941127151250839,0.8765432098765432,1.1920928955078125e-07,0.0,0.0,cfg02_G3_D32,cfg02_G3_D32,1.8739664049935527,cuda
validation,1222,720,Warm A,0.004397529177367687,0.1111111119389534,0.11103920638561249,0.8641975308641975,1.1920928955078125e-07,0.22643499076366425,0.5631906390190125,cfg02_G3_D32,cfg02_G3_D32,1.8739664049935527,cuda
validation,1222,720,Warm B,0.001509956899099052,0.1111111119389534,0.12141453474760056,0.7901234567901234,2.384185791015625e-07,0.4248315691947937,0.4131340980529785,cfg02_G3_D32,cfg02_G3_D32,1.8739664049935527,cuda
validation,1222,720,Warm C,0.0013231913326308131,0.1111110970377922,0.10833873599767685,0.8641975308641975,2.384185791015625e-07,0.40372246503829956,0.418234646320343,cfg02_G3_D32,cfg02_G3_D32,1.8739664049935527,cuda
validation,1226,724,Cold,0.014611417427659035,0.1111111119389534,0.1987796276807785,0.43209876543209874,1.1920928955078125e-07,0.0,0.0,cfg02_G3_D32,cfg02_G3_D32,1.8739664049935527,cuda
validation,1226,724,Warm A,0.012635447084903717,0.1111111119389534,0.2020123302936554,0.41975308641975306,1.1920928955078125e-07,0.2282027304172516,0.42424270510673523,cfg02_G3_D32,cfg02_G3_D32,1.8739664049935527,cuda
validation,1226,724,Warm B,0.010034402832388878,0.1111111119389534,0.19365949928760529,0.41975308641975306,1.1920928955078125e-07,0.4038461744785309,0.43399596214294434,cfg02_G3_D32,cfg02_G3_D32,1.8739664049935527,cuda
validation,1226,724,Warm C,0.012709176167845726,0.1111111119389534,0.2054533064365387,0.4074074074074074,1.1920928955078125e-07,0.4822969138622284,0.4014352262020111,cfg02_G3_D32,cfg02_G3_D32,1.8739664049935527,cuda
validation,1228,726,Cold,0.007110931444913149,0.111111119389534,0.12089110910892487,0.8765432098765432,2.384185791015625e-07,0.0,0.0,cfg02_G3_D32,cfg02_G3_D32,1.8739664049935527,cuda
validation,1228,726,Warm A,0.00880834087729454,0.1111110970377922,0.1331479847431183,0.8024691358024691,1.1920928955078125e-07,0.21524332463741302,0.37559640407562256,cfg02_G3_D32,cfg02_G3_D32,1.8739664049935527,cuda
validation,1228,726,Warm B,0.010918078012764454,0.1111111119389534,0.13903963565826416,0.7901234567901234,1.7881393432617188e-07,0.26436150074005127,0.39167076349258423,cfg02_G3_D32,cfg02_G3_D32,1.8739664049935527,cuda
validation,1228,726,Warm C,0.010679539293050766,0.1111111119389534,0.14382657408714294,0.7530864197530864,1.7881393432617188e-07,0.3370209336280823,0.6295794248580933,cfg02_G3_D32,cfg02_G3_D32,1.8739664049935527,cuda
validation,1233,729,Cold,0.0070826271548867226,0.111111119389534,0.11935995519161224,0.8765432098765432,2.384185791015625e-07,0.0,0.0,cfg02_G3_D32,cfg02_G3_D32,1.8739664049935527,cuda
validation,1233,729,Warm A,0.008607344701886177,0.1111111119389534,0.1337774395942688,0.7777777777777778,2.384185791015625e-07,0.22285506129264832,0.4049111306667328,cfg02_G3_D32,cfg02_G3_D32,1.8739664049935527,cuda
validation,1233,729,Warm B,0.007131451275199652,0.1111111119389534,0.14639665186405182,0.691358024691358,1.7881393432617188e-07,0.3821149170398712,0.4021960198879242,cfg02_G3_D32,cfg02_G3_D32,1.8739664049935527,cuda
validation,1233,729,Warm C,0.00688776932656765,0.1111111119389534,0.1375199556350708,0.7777777777777778,2.384185791015625e-07,0.3420439064502716,0.40026140213012695,cfg02_G3_D32,cfg02_G3_D32,1.8739664049935527,cuda
validation,1251,746,Cold,0.01113157719373703,0.1111110970377922,0.17039480805397034,0.5925925925925926,2.384185791015625e-07,0.0,0.0,cfg02_G3_D32,cfg02_G3_D32,1.8739664049935527,cuda
validation,1251,746,Warm A,0.012155065312981606,0.1111111119389534,0.17952246963977814,0.5679012345679012,1.1920928955078125e-07,0.23953178524971008,0.47999364137649536,cfg02_G3_D32,cfg02_G3_D32,1.8739664049935527,cuda
validation,1251,746,Warm B,0.010008382610976696,0.1111110970377922,0.17824989557266235,0.5802469135802469,2.384185791015625e-07,0.3508715033531189,0.45230308175086975,cfg02_G3_D32,cfg02_G3_D32,1.8739664049935527,cuda
validation,1251,746,Warm C,0.012348542921245098,0.1111111119389534,0.1858169436454773,0.5061728395061729,4.172325134277344e-07,0.37276598811149597,0.46445366740226746,cfg02_G3_D32,cfg02_G3_D32,1.8739664049935527,cuda
validation,1260,754,Cold,0.020988749340176582,0.1111111119389534,0.2322312593460083,0.25925925925925924,1.1920928955078125e-07,0.0,0.0,cfg02_G3_D32,cfg02_G3_D32,1.8739664049935527,cuda
validation,1260,754,Warm A,0.023610727861523628,0.1111111119389534,0.23720112442970276,0.25925925925925924,2.384185791015625e-07,0.2386218160390854,0.23392000794410706,cfg02_G3_D32,cfg02_G3_D32,1.8739664049935527,cuda
validation,1260,754,Warm B,0.026238691061735153,0.1111111119389534,0.24353143572807312,0.24691358024691357,1.1920928955078125e-07,0.3302266299724579,0.2192511111497879,cfg02_G3_D32,cfg02_G3_D32,1.8739664049935527,cuda
validation,1260,754,Warm C,0.026089491322636604,0.1111111119389534,0.24063993990421295,0.24691358024691357,1.1920928955078125e-07,0.43860381841659546,0.5027281641960144,cfg02_G3_D32,cfg02_G3_D32,1.8739664049935527,cuda
validation,1263,757,Cold,0.008430945686995983,0.111111119389534,0.13276243209838867,0.8395061728395061,2.384185791015625e-07,0.0,0.0,cfg02_G3_D32,cfg02_G3_D32,1.8739664049935527,cuda
validation,1263,757,Warm A,0.010385872796177864,0.1111111119389534,0.13955943286418915,0.7530864197530864,1.1920928955078125e-07,0.2156865894794464,0.5705872774124146,cfg02_G3_D32,cfg02_G3_D32,1.8739664049935527,cuda
validation,1263,757,Warm B,0.009492117911577225,0.1111111119389534,0.1470882147550583,0.6790123456790124,2.384185791015625e-07,0.3146587312221527,0.2601490914821625,cfg02_G3_D32,cfg02_G3_D32,1.8739664049935527,cuda
validation,1263,757,Warm C,0.009872976690530777,0.1111111119389534,0.15729235112667084,0.6296296296296297,2.384185791015625e-07,0.371365487575531,0.2897293269634247,cfg02_G3_D32,cfg02_G3_D32,1.8739664049935527,cuda
validation,1266,760,Cold,0.003923000302165747,0.1111110970377922,0.08971719443798065,0.9012345679012346,1.1920928955078125e-07,0.0,0.0,cfg02_G3_D32,cfg02_G3_D32,1.8739664049935527,cuda
validation,1266,760,Warm A,0.0062086572870612144,0.1111111119389534,0.09344841539859772,0.8888888888888888,1.1920928955078125e-07,0.23512914776802063,0.5143771171569824,cfg02_G3_D32,cfg02_G3_D32,1.8739664049935527,cuda
validation,1266,760,Warm B,0.006124804262071848,0.1111110970377922,0.10691126435995102,0.8518518518518519,2.384185791015625e-07,0.3950904309749603,0.27276021242141724,cfg02_G3_D32,cfg02_G3_D32,1.8739664049935527,cuda
validation,1266,760,Warm C,0.00775880366563797,0.111111119389534,0.11784261465072632,0.8148148148148148,1.1920928955078125e-07,0.4363844692707062,0.5408614873886108,cfg02_G3_D32,cfg02_G3_D32,1.8739664049935527,cuda
validation,1274,768,Cold,0.003875140333548188,0.1111110970377922,0.0940128043293953,0.8765432098765432,1.1920928955078125e-07,0.0,0.0,cfg02_G3_D32,cfg02_G3_D32,1.8739664049935527,cuda
validation,1274,768,Warm A,0.0075526731088757515,0.1111111119389534,0.10041426867246628,0.9012345679012346,2.384185791015625e-07,0.2220131754875183,0.5557985901832581,cfg02_G3_D32,cfg02_G3_D32,1.8739664049935527,cuda
validation,1274,768,Warm B,0.006515407934784889,0.111111119389534,0.09374796599149704,0.9012345679012346,1.7881393432617188e-07,0.2635088562965393,0.6633362770080566,cfg02_G3_D32,cfg02_G3_D32,1.8739664049935527,cuda
validation,1274,768,Warm C,0.008212804794311523,0.1111110970377922,0.10473215579986572,0.8888888888888888,2.384185791015625e-07,0.4071621298789978,0.5602596402168274,cfg02_G3_D32,cfg02_G3_D32,1.8739664049935527,cuda
validation,1275,769,Cold,0.0013385324273258448,0.1111111119389534,0.10984966158866882,0.8148148148148148,1.7881393432617188e-07,0.0,0.0,cfg02_G3_D32,cfg02_G3_D32,1.8739664049935527,cuda
validation,1275,769,Warm A,0.006028361618518829,0.1111111119389534,0.10223953425884247,0.8765432098765432,2.384185791015625e-07,0.2389327436685562,0.578823983669281,cfg02_G3_D32,cfg02_G3_D32,1.8739664049935527,cuda
validation,1275,769,Warm B,0.0053584338165819645,0.1111111119389534,0.10668633133172989,0.8024691358024691,2.384185791015625e-07,0.2641201913356781,0.7252694964408875,cfg02_G3_D32,cfg02_G3_D32,1.8739664049935527,cuda
validation,1275,769,Warm C,0.01157732680439949,0.111111119389534,0.10777255147695541,0.8765432098765432,2.384185791015625e-07,0.4250096380710602,0.741392970085144,cfg02_G3_D32,cfg02_G3_D32,1.8739664049935527,cuda
validation,1277,771,Cold,0.005254019983112812,0.1111111119389534,0.09415358304977417,0.9012345679012346,1.1920928955078125e-07,0.0,0.0,cfg02_G3_D32,cfg02_G3_D32,1.8739664049935527,cuda
validation,1277,771,Warm A,0.005852037575095892,0.111111119389534,0.10569131374359131,0.8641975308641975,2.384185791015625e-07,0.2348640114068985,0.5275930762290955,cfg02_G3_D32,cfg02_G3_D32,1.8739664049935527,cuda
validation,1277,771,Warm B,0.0036415832582861185,0.1111111119389534,0.11595925688743591,0.8148148148148148,1.7881393432617188e-07,0.3900061249732971,0.6075488924980164,cfg02_G3_D32,cfg02_G3_D32,1.8739664049935527,cuda
validation,1277,771,Warm C,0.0026314386632293463,0.111111119389534,0.10521059483289719,0.8641975308641975,1.1920928955078125e-07,0.39520978927612305,0.6676934361457825,cfg02_G3_D32,cfg02_G3_D32,1.8739664049935527,cuda
validation,1284,778,Cold,0.016892898827791214,0.1111111119389534,0.2132299691438675,0.35802469135802467,1.1920928955078125e-07,0.0,0.0,cfg02_G3_D32,cfg02_G3_D32,1.8739664049935527,cuda
validation,1284,778,Warm A,0.018217066302895546,0.1111111119389534,0.21881350874900818,0.32098765432098764,1.1920928955078125e-07,0.24466389417648315,0.22698287665843964,cfg02_G3_D32,cfg02_G3_D32,1.8739664049935527,cuda
validation,1284,778,Warm B,0.020102307200431824,0.1111111119389534,0.2230628877878189,0.2962962962962963,1.1920928955078125e-07,0.4040305018424988,0.29796701669692993,cfg02_G3_D32,cfg02_G3_D32,1.8739664049935527,cuda
validation,1284,778,Warm C,0.019406145438551903,0.1111111119389534,0.21667087078094482,0.32098765432098764,5.960464477539063e-08,0.46206408739089966,0.47141146659851074,cfg02_G3_D32,cfg02_G3_D32,1.8739664049935527,cuda
validation,1294,788,Cold,0.010411802679300308,0.111111119389534,0.15682625770568848,0.6666666666666666,2.384185791015625e-07,0.0,0.0,cfg02_G3_D32,cfg02_G3_D32,1.8739664049935527,cuda
validation,1294,788,Warm A,0.01193103939294815,0.1111111119389534,0.16620957851409912,0.6172839506172839,1.1920928955078125e-07,0.23964032530784607,0.4544673562049866,cfg02_G3_D32,cfg02_G3_D32,1.8739664049935527,cuda
validation,1294,788,Warm B,0.010527156293392181,0.1111111119389534,0.163651242852211,0.5802469135802469,2.384185791015625e-07,0.3410714566707611,0.4803154170513153,cfg02_G3_D32,cfg02_G3_D32,1.8739664049935527,cuda
validation,1294,788,Warm C,0.010092301294207573,0.11111108958721161,0.1562786102294922,0.654320987654321,2.384185791015625e-07,0.32452136278152466,0.5428334474563599,cfg02_G3_D32,cfg02_G3_D32,1.8739664049935527,cuda
validation,1296,790,Cold,0.007009797729551792,0.1111111119389534,0.10886459797620773,0.8765432098765432,2.384185791015625e-07,0.0,0.0,cfg02_G3_D32,cfg02_G3_D32,1.8739664049935527,cuda
validation,1296,790,Warm A,0.00921645388007164,0.1111111119389534,0.12292588502168655,0.8271604938271605,2.384185791015625e-07,0.21198943257331848,0.48720359802246094,cfg02_G3_D32,cfg02_G3_D32,1.8739664049935527,cuda
validation,1296,790,Warm B,0.011259480379521847,0.1111111119389534,0.12519510090351105,0.8024691358024691,2.384185791015625e-07,0.36368346214294434,0.4480772018432617,cfg02_G3_D32,cfg02_G3_D32,1.8739664049935527,cuda
validation,1296,790,Warm C,0.012068287469446659,0.1111110970377922,0.14038033783435822,0.7777777777777778,1.1920928955078125e-07,0.45102202892303467,0.4322751462459564,cfg02_G3_D32,cfg02_G3_D32,1.8739664049935527,cuda
validation,1303,797,Cold,0.00645378278568387,0.111111119389534,0.1331305354833603,0.7654320987654321,2.384185791015625e-07,0.0,0.0,cfg02_G3_D32,cfg02_G3_D32,1.8739664049935527,cuda
validation,1303,797,Warm A,0.008862918242812157,0.1111111119389534,0.1401147097349167,0.7283950617283951,2.384185791015625e-07,0.23007237911224365,0.6738259196281433,cfg02_G3_D32,cfg02_G3_D32,1.8739664049935527,cuda
validation,1303,797,Warm B,0.011298591271042824,0.111111119389534,0.14808404445648193,0.7283950617283951,1.1920928955078125e-07,0.2757074236869812,0.37404462695121765,cfg02_G3_D32,cfg02_G3_D32,1.8739664049935527,cuda
validation,1303,797,Warm C,0.012623630464076996,0.111111119389534,0.15520332753658295,0.654320987654321,1.1920928955078125e-07,0.3243449330329895,0.34382662177085876,cfg02_G3_D32,cfg02_G3_D32,1.8739664049935527,cuda
validation,1321,803,Cold,0.004896197933703661,0.1111111119389534,0.10223816335201263,0.8641975308641975,2.384185791015625e-07,0.0,0.0,cfg02_G3_D32,cfg02_G3_D32,1.8739664049935527,cuda
validation,1321,803,Warm A,0.0057610939256846905,0.1111111119389534,0.11083255708217621,0.8641975308641975,2.384185791015625e-07,0.23220770061016083,0.5331571102142334,cfg02_G3_D32,cfg02_G3_D32,1.8739664049935527,cuda
validation,1321,803,Warm B,0.004802749492228031,0.1111111119389534,0.11442296952009201,0.8641975308641975,2.384185791015625e-07,0.3998575806617737,0.5758262872695923,cfg02_G3_D32,cfg02_G3_D32,1.8739664049935527,cuda
validation,1321,803,Warm C,0.003470601746812463,0.1111111119389534,0.1048150584101677,0.8765432098765432,3.5762786865234375e-07,0.35350528359413147,0.5602611303329468,cfg02_G3_D32,cfg02_G3_D32,1.8739664049935527,cuda
validation,1334,808,Cold,0.011308275163173676,0.111111119389534,0.17462705075740814,0.5432098765432098,2.384185791015625e-07,0.0,0.0,cfg02_G3_D32,cfg02_G3_D32,1.8739664049935527,cuda
validation,1334,808,Warm A,0.009224207140505314,0.1111110970377922,0.1664280742406845,0.5432098765432098,1.7881393432617188e-07,0.22269722819328308,0.5738086104393005,cfg02_G3_D32,cfg02_G3_D32,1.8739664049935527,cuda
validation,1334,808,Warm B,0.00504740234464407,0.1111111119389534,0.1576872020959854,0.5432098765432098,2.384185791015625e-07,0.3529040217399597,0.44765210151672363,cfg02_G3_D32,cfg02_G3_D32,1.8739664049935527,cuda
validation,1334,808,Warm C,0.0017689679516479373,0.1111111119389534,0.1545000523328781,0.5185185185185185,1.1920928955078125e-07,0.5105178952217102,0.5616165399551392,cfg02_G3_D32,cfg02_G3_D32,1.8739664049935527,cuda
validation,1344,814,Cold,0.012843862175941467,0.1111111119389534,0.1821824312210083,0.5308641975308642,2.384185791015625e-07,0.0,0.0,cfg02_G3_D32,cfg02_G3_D32,1.8739664049935527,cuda
validation,1344,814,Warm A,0.01116223819553852,0.1111111119389534,0.1748909056186676,0.49382716049382713,5.960464477539063e-08,0.22476744651794434,0.6651725172996521,cfg02_G3_D32,cfg02_G3_D32,1.8739664049935527,cuda
validation,1344,814,Warm B,0.01375566329807043,0.1111111119389534,0.1823202222585678,0.48148148148148145,1.1920928955078125e-07,0.3176758885383606,0.5251632332801819,cfg02_G3_D32,cfg02_G3_D32,1.8739664049935527,cuda
validation,1344,814,Warm C,0.010665065608918667,0.1111111119389534,0.17425233125686646,0.5432098765432098,2.384185791015625e-07,0.4169236719608307,0.6189531087875366,cfg02_G3_D32,cfg02_G3_D32,1.8739664049935527,cuda
validation,1348,818,Cold,0.020347388461232185,0.1111111119389534,0.2306932806968689,0.25925925925925924,5.960464477539063e-08,0.0,0.0,cfg02_G3_D32,cfg02_G3_D32,1.8739664049935527,cuda
validation,1348,818,Warm A,0.021152961999177933,0.1111111119389534,0.2331314980983734,0.25925925925925924,1.1920928955078125e-07,0.2385883629322052,0.5430440902709961,cfg02_G3_D32,cfg02_G3_D32,1.8739664049935527,cuda
validation,1348,818,Warm B,0.019182514399290085,0.1111110970377922,0.2293166071176529,0.2716049382716049,0.0,0.3600099980831146,1.002305030822754,cfg02_G3_D32,cfg02_G3_D32,1.8739664049935527,cuda
validation,1348,818,Warm C,0.017381804063916206,0.1111111119389534,0.2243211567401886,0.2962962962962963,1.1920928955078125e-07,0.5247044563293457,0.6404340863227844,cfg02_G3_D32,cfg02_G3_D32,1.8739664049935527,cuda
validation,1354,822,Cold,0.00640183174982667,0.111111119389534,0.09395918995141983,0.8765432098765432,2.384185791015625e-07,0.0,0.0,cfg02_G3_D32,cfg02_G3_D32,1.8739664049935527,cuda
validation,1354,822,Warm A,0.006524005904793739,0.1111111119389534,0.10404520481824875,0.8765432098765432,2.384185791015625e-07,0.2382027804851532,0.5528462529182434,cfg02_G3_D32,cfg02_G3_D32,1.8739664049935527,cuda
validation,1354,822,Warm B,0.0053115603514015675,0.1111110970377922,0.11055414378643036,0.8271604938271605,1.7881393432617188e-07,0.37942075729370117,0.4389633238315582,cfg02_G3_D32,cfg02_G3_D32,1.8739664049935527,cuda
validation,1354,822,Warm C,0.0055432855151593685,0.1111111119389534,0.10130203515291214,0.8518518518518519,1.1920928955078125e-07,0.28967157006263733,0.6664246320724487,cfg02_G3_D32,cfg02_G3_D32,1.8739664049935527,cuda
validation,1357,825,Cold,0.004342427011579275,0.111111119389534,0.08860168606042862,0.9012345679012346,1.1920928955078125e-07,0.0,0.0,cfg02_G3_D32,cfg02_G3_D32,1.8739664049935527,cuda
validation,1357,825,Warm A,0.004225530195981264,0.1111111119389534,0.08949549496173859,0.9012345679012346,2.384185791015625e-07,0.21912753582000732,0.580413818359375,cfg02_G3_D32,cfg02_G3_D32,1.8739664049935527,cuda
validation,1357,825,Warm B,0.005297343712300062,0.1111111119389534,0.09878045320510864,0.8888888888888888,1.1920928955078125e-07,0.3660811185836792,0.40173807740211487,cfg02_G3_D32,cfg02_G3_D32,1.8739664049935527,cuda
validation,1357,825,Warm C,0.003993947058916092,0.1111111119389534,0.08946623653173447,0.8765432098765432,1.7881393432617188e-07,0.4299010634422302,0.4957946240901947,cfg02_G3_D32,cfg02_G3_D32,1.8739664049935527,cuda
validation,1358,826,Cold,0.005516502540558577,0.111111119389534,0.09428863227367401,0.9012345679012346,2.384185791015625e-07,0.0,0.0,cfg02_G3_D32,cfg02_G3_D32,1.8739664049935527,cuda
validation,1358,826,Warm A,0.004680521786212921,0.111111119389534,0.09923811256885529,0.8518518518518519,1.1920928955078125e-07,0.23830285668373108,0.5067026019096375,cfg02_G3_D32,cfg02_G3_D32,1.8739664049935527,cuda
validation,1358,826,Warm B,0.002350262366235256,0.1111111119389534,0.10872562229633331,0.7901234567901234,2.384185791015625e-07,0.4181458652019501,0.41105905175209045,cfg02_G3_D32,cfg02_G3_D32,1.8739664049935527,cuda
validation,1358,826,Warm C,0.003644714830443263,0.1111110970377922,0.09906503558158875,0.8641975308641975,1.7881393432617188e-07,0.33023276925086975,0.582514226436615,cfg02_G3_D32,cfg02_G3_D32,1.8739664049935527,cuda
validation,1370,833,Cold,0.004681380465626717,0.1111111119389534,0.10616032034158707,0.8148148148148148,2.384185791015625e-07,0.0,0.0,cfg02_G3_D32,cfg02_G3_D32,1.8739664049935527,cuda
validation,1370,833,Warm A,0.00047893269220367074,0.11111113429069519,0.12137775868177414,0.7407407407407407,1.1920928955078125e-07,0.22406072914600372,0.5526419281959534,cfg02_G3_D32,cfg02_G3_D32,1.8739664049935527,cuda
validation,1370,833,Warm B,0.0031965509988367558,0.1111111119389534,0.10825101286172867,0.8148148148148148,3.5762786865234375e-07,0.2680024206638336,0.6055559515953064,cfg02_G3_D32,cfg02_G3_D32,1.8739664049935527,cuda
validation,1370,833,Warm C,-0.0005924876313656569,0.1111111119389534,0.12451707571744919,0.7160493827160493,1.1920928955078125e-07,0.38139310479164124,0.5325404405593872,cfg02_G3_D32,cfg02_G3_D32,1.8739664049935527,cuda
validation,1373,836,Cold,0.0035665645264089108,0.111111119389534,0.09518098086118698,0.8888888888888888,2.384185791015625e-07,0.0,0.0,cfg02_G3_D32,cfg02_G3_D32,1.8739664049935527,cuda
validation,1373,836,Warm A,0.0013641699915751815,0.1111111119389534,0.11351015418767929,0.7037037037037037,2.384185791015625e-07,0.23717544972896576,0.5495108962059021,cfg02_G3_D32,cfg02_G3_D32,1.8739664049935527,cuda
validation,1373,836,Warm B,-0.001384390750899911,0.1111111119389534,0.13205084204673767,0.6049382716049383,1.1920928955078125e-07,0.37008756399154663,0.2931954264640808,cfg02_G3_D32,cfg02_G3_D32,1.8739664049935527,cuda
validation,1373,836,Warm C,0.0008911133627407253,0.111111119389534,0.11683104932308197,0.7407407407407407,2.384185791015625e-07,0.4337967336177826,0.5442060828208923,cfg02_G3_D32,cfg02_G3_D32,1.8739664049935527,cuda
validation,1377,840,Cold,0.001811797614209354,0.111111119389534,0.09959768503904343,0.8518518518518519,2.384185791015625e-07,0.0,0.0,cfg02_G3_D32,cfg02_G3_D32,1.8739664049935527,cuda
validation,1377,840,Warm A,-0.0013454458676278591,0.1111111119389534,0.1222163736820221,0.6790123456790124,1.1920928955078125e-07,0.23904870450496674,0.45207539200782776,cfg02_G3_D32,cfg02_G3_D32,1.8739664049935527,cuda
validation,1377,840,Warm B,-0.003751007840037346,0.1111111119389534,0.1426766812801361,0.5802469135802469,1.1920928955078125e-07,0.2947480380535126,0.36440280079841614,cfg02_G3_D32,cfg02_G3_D32,1.8739664049935527,cuda
validation,1377,840,Warm C,-0.004016798920929432,0.1111111119389534,0.15805190801620483,0.5555555555555556,2.384185791015625e-07,0.41168445348739624,0.265923410654068,cfg02_G3_D32,cfg02_G3_D32,1.8739664049935527,cuda
validation,1379,842,Cold,0.0032005987595766783,0.1111111119389534,0.09651549905538559,0.8641975308641975,2.384185791015625e-07,0.0,0.0,cfg02_G3_D32,cfg02_G3_D32,1.8739664049935527,cuda
validation,1379,842,Warm A,0.0011240998283028603,0.1111111119389534,0.11420648545026779,0.7283950617283951,1.1920928955078125e-07,0.23305538296699524,0.5672540068626404,cfg02_G3_D32,cfg02_G3_D32,1.8739664049935527,cuda
validation,1379,842,Warm B,0.0038313535042107105,0.1111110970377922,0.09661439806222916,0.8765432098765432,2.384185791015625e-07,0.22142381966114044,0.4641745090484619,cfg02_G3_D32,cfg02_G3_D32,1.8739664049935527,cuda
validation,1379,842,Warm C,6.996509182499722e-05,0.1111111119389534,0.11308407783508301,0.8148148148148148,2.384185791015625e-07,0.35812076926231384,0.49543333053588867,cfg02_G3_D32,cfg02_G3_D32,1.8739664049935527,cuda
validation,1394,854,Cold,0.005326229613274336,0.1111111119389534,0.09618734568357468,0.9012345679012346,1.1920928955078125e-07,0.0,0.0,cfg02_G3_D32,cfg02_G3_D32,1.8739664049935527,cuda
validation,1394,854,Warm A,0.00673758564516902,0.1111111119389534,0.09754300117492676,0.9135802469135802,2.384185791015625e-07,0.23728270828723907,0.841231644153595,cfg02_G3_D32,cfg02_G3_D32,1.8739664049935527,cuda
validation,1394,854,Warm B,0.007607064675539732,0.1111110970377922,0.11158285290002823,0.8271604938271605,2.384185791015625e-07,0.396642804145813,0.48018351197242737,cfg02_G3_D32,cfg02_G3_D32,1.8739664049935527,cuda
validation,1394,854,Warm C,0.005696526728570461,0.1111111119389534,0.10082291811704636,0.8888888888888888,2.384185791015625e-07,0.359812468290329,0.5560963749885559,cfg02_G3_D32,cfg02_G3_D32,1.8739664049935527,cuda
validation,1408,864,Cold,0.004483854863792658,0.1111110970377922,0.09223896265029907,0.9012345679012346,1.1920928955078125e-07,0.0,0.0,cfg02_G3_D32,cfg02_G3_D32,1.8739664049935527,cuda
validation,1408,864,Warm A,0.007513276766985655,0.111111119389534,0.0933898538351059,0.9012345679012346,2.384185791015625e-07,0.2332771122455597,0.49653130769729614,cfg02_G3_D32,cfg02_G3_D32,1.8739664049935527,cuda
validation,1408,864,Warm B,0.010721432976424694,0.1111111119389534,0.10384681075811386,0.8518518518518519,1.7881393432617188e-07,0.31503427028656006,0.624427318572998,cfg02_G3_D32,cfg02_G3_D32,1.8739664049935527,cuda
validation,1408,864,Warm C,0.010938971303403378,0.1111111119389534,0.10971588641405106,0.8271604938271605,2.384185791015625e-07,0.4116762578487396,0.4618349075317383,cfg02_G3_D32,cfg02_G3_D32,1.8739664049935527,cuda
validation,1416,869,Cold,0.0040206583216786385,0.1111111119389534,0.0821932926774025,0.9382716049382716,1.1920928955078125e-07,0.0,0.0,cfg02_G3_D32,cfg02_G3_D32,1.8739664049935527,cuda
validation,1416,869,Warm A,0.003935764543712139,0.1111111119389534,0.0781613290309906,0.9506172839506173,1.1920928955078125e-07,0.227890744805336,0.5623833537101746,cfg02_G3_D32,cfg02_G3_D32,1.8739664049935527,cuda
validation,1416,869,Warm B,0.0019563022069633007,0.1111111119389534,0.09438729286193848,0.8641975308641975,1.1920928955078125e-07,0.3124241232872009,0.6993469595909119,cfg02_G3_D32,cfg02_G3_D32,1.8739664049935527,cuda
validation,1416,869,Warm C,0.007812859490513802,0.1111111119389534,0.08355623483657837,0.9259259259259259,1.1920928955078125e-07,0.39974892139434814,0.7433426976203918,cfg02_G3_D32,cfg02_G3_D32,1.8739664049935527,cuda
validation,1488,904,Cold,0.004466703627258539,0.1111111119389534,0.09484387189149857,0.8888888888888888,2.384185791015625e-07,0.0,0.0,cfg02_G3_D32,cfg02_G3_D32,1.8739664049935527,cuda
validation,1488,904,Warm A,0.0013090467546135187,0.1111111119389534,0.11238861829042435,0.7777777777777778,2.384185791015625e-07,0.2375165969133377,0.4894794523715973,cfg02_G3_D32,cfg02_G3_D32,1.8739664049935527,cuda
validation,1488,904,Warm B,0.0024405489675700665,0.1111111119389534,0.10680923610925674,0.8271604938271605,1.1920928955078125e-07,0.27967357635498047,0.6425942182540894,cfg02_G3_D32,cfg02_G3_D32,1.8739664049935527,cuda
validation,1488,904,Warm C,0.0006978454766795039,0.1111111119389534,0.11748968809843063,0.7160493827160493,1.1920928955078125e-07,0.3796707093715668,0.5743053555488586,cfg02_G3_D32,cfg02_G3_D32,1.8739664049935527,cuda
validation,1527,914,Cold,0.0026333301793783903,0.1111111119389534,0.0918465405702591,0.9012345679012346,1.1920928955078125e-07,0.0,0.0,cfg02_G3_D32,cfg02_G3_D32,1.8739664049935527,cuda
validation,1527,914,Warm A,0.003749001072719693,0.1111111119389534,0.07936486601829529,0.9382716049382716,1.1920928955078125e-07,0.2339739352464676,0.5445433855056763,cfg02_G3_D32,cfg02_G3_D32,1.8739664049935527,cuda
validation,1527,914,Warm B,0.003798514138907194,0.111111119389534,0.08412700891494751,0.8888888888888888,1.1920928955078125e-07,0.31572720408439636,0.571397602558136,cfg02_G3_D32,cfg02_G3_D32,1.8739664049935527,cuda
validation,1527,914,Warm C,0.0041322847828269005,0.1111111119389534,0.07809851318597794,0.9259259259259259,1.1920928955078125e-07,0.32758209109306335,0.7277256846427917,cfg02_G3_D32,cfg02_G3_D32,1.8739664049935527,cuda
validation,1537,916,Cold,0.004065550398081541,0.1111111119389534,0.08569056540727615,0.9135802469135802,1.1920928955078125e-07,0.0,0.0,cfg02_G3_D32,cfg02_G3_D32,1.8739664049935527,cuda
validation,1537,916,Warm A,0.005045591853559017,0.1111111119389534,0.08925484120845795,0.9012345679012346,2.384185791015625e-07,0.2374943345785141,0.4935605227947235,cfg02_G3_D32,cfg02_G3_D32,1.8739664049935527,cuda
validation,1537,916,Warm B,0.005884581711143255,0.1111111119389534,0.10258634388446808,0.8518518518518519,1.1920928955078125e-07,0.4005134403705597,0.4348313510417938,cfg02_G3_D32,cfg02_G3_D32,1.8739664049935527,cuda
validation,1537,916,Warm C,0.00531211169436574,0.1111111119389534,0.11317310482263565,0.7777777777777778,1.1920928955078125e-07,0.5378193259239197,0.2596615254878998,cfg02_G3_D32,cfg02_G3_D32,1.8739664049935527,cuda
validation,1541,917,Cold,0.003589772153645754,0.1111111119389534,0.09100695699453354,0.8765432098765432,1.1920928955078125e-07,0.0,0.0,cfg02_G3_D32,cfg02_G3_D32,1.8739664049935527,cuda
validation,1541,917,Warm A,0.0005390956648625433,0.1111111119389534,0.11386352777481079,0.7407407407407407,2.384185791015625e-07,0.24554741382598877,0.5820844173431396,cfg02_G3_D32,cfg02_G3_D32,1.8739664049935527,cuda
validation,1541,917,Warm B,-0.0008076814119704068,0.1111110970377922,0.1336941421031952,0.654320987654321,2.384185791015625e-07,0.3793794810771942,0.480623722076416,cfg02_G3_D32,cfg02_G3_D32,1.8739664049935527,cuda
validation,1541,917,Warm C,0.0006263809045776725,0.111111119389534,0.11607524752616882,0.7037037037037037,2.384185791015625e-07,0.3771826922893524,0.5237540602684021,cfg02_G3_D32,cfg02_G3_D32,1.8739664049935527,cuda
validation,1566,926,Cold,0.002811519429087639,0.1111111119389534,0.09061502665281296,0.9012345679012346,1.7881393432617188e-07,0.0,0.0,cfg02_G3_D32,cfg02_G3_D32,1.8739664049935527,cuda
validation,1566,926,Warm A,0.005122408736497164,0.1111111119389534,0.07760920375585556,0.9259259259259259,1.1920928955078125e-07,0.22999459505081177,0.591509997844696,cfg02_G3_D32,cfg02_G3_D32,1.8739664049935527,cuda
validation,1566,926,Warm B,0.0030965658370405436,0.1111111119389534,0.09412600100040436,0.8888888888888888,2.384185791015625e-07,0.2668742537498474,0.724456250667572,cfg02_G3_D32,cfg02_G3_D32,1.8739664049935527,cuda
validation,1566,926,Warm C,0.005380495451390743,0.1111111119389534,0.07875286042690277,0.9629629629629629,1.7881393432617188e-07,0.3615013360977173,0.5956600308418274,cfg02_G3_D32,cfg02_G3_D32,1.8739664049935527,cuda
validation,1573,928,Cold,0.0025752694346010685,0.1111111119389534,0.09847340732812881,0.8641975308641975,1.1920928955078125e-07,0.0,0.0,cfg02_G3_D32,cfg02_G3_D32,1.8739664049935527,cuda
validation,1573,928,Warm A,0.005022766534239054,0.1111111119389534,0.09043460339307785,0.9012345679012346,1.7881393432617188e-07,0.21991723775863647,0.6344625353813171,cfg02_G3_D32,cfg02_G3_D32,1.8739664049935527,cuda
validation,1573,928,Warm B,0.005775455851107836,0.1111111119389534,0.09269750118255615,0.9012345679012346,1.1920928955078125e-07,0.3759041130542755,0.5325602889060974,cfg02_G3_D32,cfg02_G3_D32,1.8739664049935527,cuda
validation,1573,928,Warm C,0.004703267477452755,0.111111119389534,0.110075443983078,0.7901234567901234,1.1920928955078125e-07,0.312003493309021,0.6639695167541504,cfg02_G3_D32,cfg02_G3_D32,1.8739664049935527,cuda
validation,1584,930,Cold,0.004423378501087427,0.1111111119389534,0.08665356040000916,0.9135802469135802,1.1920928955078125e-07,0.0,0.0,cfg02_G3_D32,cfg02_G3_D32,1.8739664049935527,cuda
validation,1584,930,Warm A,0.007368805818259716,0.1111111119389534,0.08829256147146225,0.9382716049382716,1.1920928955078125e-07,0.2271147221326828,0.6615554690361023,cfg02_G3_D32,cfg02_G3_D32,1.8739664049935527,cuda
validation,1584,930,Warm B,0.004687152337282896,0.1111111119389534,0.0883941724896431,0.9382716049382716,1.1920928955078125e-07,0.29455891251564026,0.6387103796005249,cfg02_G3_D32,cfg02_G3_D32,1.8739664049935527,cuda
validation,1584,930,Warm C,0.006413185968995094,0.1111111119389534,0.08664903044700623,0.9259259259259259,1.1920928955078125e-07,0.30866539478302,0.400936096906662,cfg02_G3_D32,cfg02_G3_D32,1.8739664049935527,cuda
validation,1590,935,Cold,0.003003207966685295,0.1111111119389534,0.09475789964199066,0.8888888888888888,2.384185791015625e-07,0.0,0.0,cfg02_G3_D32,cfg02_G3_D32,1.8739664049935527,cuda
validation,1590,935,Warm A,0.00027946263435296714,0.1111111119389534,0.11573860049247742,0.7407407407407407,1.1920928955078125e-07,0.23500104248523712,0.5231407284736633,cfg02_G3_D32,cfg02_G3_D32,1.8739664049935527,cuda
validation,1590,935,Warm B,-0.003390757367014885,0.1111111119389534,0.13358363509178162,0.6049382716049383,1.1920928955078125e-07,0.39260008931159973,0.5038287043571472,cfg02_G3_D32,cfg02_G3_D32,1.8739664049935527,cuda
validation,1590,935,Warm C,-0.003983486443758011,0.1111111119389534,0.1301743984222412,0.6172839506172839,1.1920928955078125e-07,0.5868116617202759,0.5686517357826233,cfg02_G3_D32,cfg02_G3_D32,1.8739664049935527,cuda
validation,1594,939,Cold,0.0061500184237957,0.1111111119389534,0.09301082789897919,0.8888888888888888,1.1920928955078125e-07,0.0,0.0,cfg02_G3_D32,cfg02_G3_D32,1.8739664049935527,cuda
validation,1594,939,Warm A,0.00566752627491951,0.1111111119389534,0.10235722362995148,0.8888888888888888,1.1920928955078125e-07,0.2459440976381302,0.7183348536491394,cfg02_G3_D32,cfg02_G3_D32,1.8739664049935527,cuda
validation,1594,939,Warm B,0.0051690032705664635,0.1111111119389534,0.10072165727615356,0.8395061728395061,2.384185791015625e-07,0.33558034896850586,0.6606742143630981,cfg02_G3_D32,cfg02_G3_D32,1.8739664049935527,cuda
validation,1594,939,Warm C,0.004639811348170042,0.111111119389534,0.10695769637823105,0.8024691358024691,2.384185791015625e-07,0.45772784948349,0.6295902132987976,cfg02_G3_D32,cfg02_G3_D32,1.8739664049935527,cuda
validation,1627,963,Cold,0.003375024301931262,0.1111111119389534,0.09411604702472687,0.8765432098765432,1.1920928955078125e-07,0.0,0.0,cfg02_G3_D32,cfg02_G3_D32,1.8739664049935527,cuda
validation,1627,963,Warm A,0.0015756351640447974,0.1111110970377922,0.11198966950178146,0.7530864197530864,1.7881393432617188e-07,0.22249600291252136,0.6834878921508789,cfg02_G3_D32,cfg02_G3_D32,1.8739664049935527,cuda
validation,1627,963,Warm B,0.004041138105094433,0.1111110970377922,0.09321954101324081,0.8395061728395061,1.1920928955078125e-07,0.25553447008132935,0.600413978099823,cfg02_G3_D32,cfg02_G3_D32,1.8739664049935527,cuda
validation,1627,963,Warm C,0.006187595892697573,0.111111119389534,0.09307537227869034,0.8271604938271605,2.384185791015625e-07,0.3933612108230591,0.7006673216819763,cfg02_G3_D32,cfg02_G3_D32,1.8739664049935527,cuda
validation,1644,972,Cold,0.0017381240613758564,0.1111110970377922,0.10459689050912857,0.8641975308641975,1.1920928955078125e-07,0.0,0.0,cfg02_G3_D32,cfg02_G3_D32,1.8739664049935527,cuda
validation,1644,972,Warm A,-0.0008683280902914703,0.1111111119389534,0.12912172079086304,0.6790123456790124,1.1920928955078125e-07,0.22297611832618713,0.5539624094963074,cfg02_G3_D32,cfg02_G3_D32,1.8739664049935527,cuda
validation,1644,972,Warm B,-0.005018549505621195,0.1111111119389534,0.1476350873708725,0.5802469135802469,1.1920928955078125e-07,0.26162010431289673,0.3845072388648987,cfg02_G3_D32,cfg02_G3_D32,1.8739664049935527,cuda
validation,1644,972,Warm C,-0.006334016565233469,0.1111111119389534,0.16710059344768524,0.48148148148148145,1.1920928955078125e-07,0.33286628127098083,0.21796123683452606,cfg02_G3_D32,cfg02_G3_D32,1.8739664049935527,cuda
validation,1672,987,Cold,0.005884870421141386,0.1111111119389534,0.0938015952706337,0.9012345679012346,2.384185791015625e-07,0.0,0.0,cfg02_G3_D32,cfg02_G3_D32,1.8739664049935527,cuda
validation,1672,987,Warm A,0.0029637967236340046,0.111111119389534,0.10722963511943817,0.8024691358024691,1.1920928955078125e-07,0.23507678508758545,0.6473795771598816,cfg02_G3_D32,cfg02_G3_D32,1.8739664049935527,cuda
validation,1672,987,Warm B,0.005627349019050598,0.1111111119389534,0.09867443144321442,0.8271604938271605,1.1920928955078125e-07,0.2840445339679718,0.6657590866088867,cfg02_G3_D32,cfg02_G3_D32,1.8739664049935527,cuda
validation,1672,987,Warm C,0.008645893074572086,0.1111111119389534,0.09692153334617615,0.8641975308641975,1.1920928955078125e-07,0.33587807416915894,0.6177112460136414,cfg02_G3_D32,cfg02_G3_D32,1.8739664049935527,cuda
validation,1701,1004,Cold,0.004321430344134569,0.1111111119389534,0.09226713329553604,0.8888888888888888,1.1920928955078125e-07,0.0,0.0,cfg02_G3_D32,cfg02_G3_D32,1.8739664049935527,cuda
validation,1701,1004,Warm A,0.0051977625116705894,0.1111111119389534,0.09288597106933594,0.8765432098765432,2.384185791015625e-07,0.23027312755584717,0.5681957602500916,cfg02_G3_D32,cfg02_G3_D32,1.8739664049935527,cuda
validation,1701,1004,Warm B,0.004731104709208012,0.1111111119389534,0.09711091220378876,0.8765432098765432,2.384185791015625e-07,0.3018858730792999,0.692932665348053,cfg02_G3_D32,cfg02_G3_D32,1.8739664049935527,cuda
validation,1701,1004,Warm C,0.0041971998289227486,0.111111119389534,0.09619181603193283,0.8518518518518519,2.384185791015625e-07,0.3615308105945587,0.578499436378479,cfg02_G3_D32,cfg02_G3_D32,1.8739664049935527,cuda
validation,1769,1034,Cold,0.0034773896913975477,0.111111119389534,0.09835150837898254,0.8518518518518519,2.384185791015625e-07,0.0,0.0,cfg02_G3_D32,cfg02_G3_D32,1.8739664049935527,cuda
validation,1769,1034,Warm A,0.001740182633511722,0.1111111119389534,0.11520721018314362,0.7777777777777778,2.384185791015625e-07,0.2118438333272934,0.6034132242202759,cfg02_G3_D32,cfg02_G3_D32,1.8739664049935527,cuda
validation,1769,1034,Warm B,0.002668964909389615,0.111111119389534,0.11454299837350845,0.7654320987654321,1.1920928955078125e-07,0.3316325843334198,0.5249068737030029,cfg02_G3_D32,cfg02_G3_D32,1.8739664049935527,cuda
validation,1769,1034,Warm C,0.0033675788436084986,0.1111111119389534,0.10419411212205887,0.8395061728395061,1.7881393432617188e-07,0.3895484507083893,0.6326227188110352,cfg02_G3_D32,cfg02_G3_D32,1.8739664049935527,cuda
validation,1772,1035,Cold,0.0043693603947758675,0.111111119389534,0.08280105888843536,0.9259259259259259,1.1920928955078125e-07,0.0,0.0,cfg02_G3_D32,cfg02_G3_D32,1.8739664049935527,cuda
validation,1772,1035,Warm A,0.0034358284901827574,0.1111111119389534,0.10251395404338837,0.8395061728395061,2.384185791015625e-07,0.2433936893939972,0.5329946875572205,cfg02_G3_D32,cfg02_G3_D32,1.8739664049935527,cuda
validation,1772,1035,Warm B,0.0008411537855863571,0.1111111119389534,0.12153100967407227,0.7037037037037037,1.1920928955078125e-07,0.37185904383659363,0.4758467674255371,cfg02_G3_D32,cfg02_G3_D32,1.8739664049935527,cuda
validation,1772,1035,Warm C,-0.0005661322502419353,0.1111111119389534,0.12549510598182678,0.691358024691358,2.384185791015625e-07,0.4412585198879242,0.5592901110649109,cfg02_G3_D32,cfg02_G3_D32,1.8739664049935527,cuda
validation,1777,1036,Cold,0.004457335919141769,0.1111111119389534,0.08792810887098312,0.9012345679012346,1.1920928955078125e-07,0.0,0.0,cfg02_G3_D32,cfg02_G3_D32,1.8739664049935527,cuda
validation,1777,1036,Warm A,0.004812872968614101,0.1111110970377922,0.08796488493680954,0.9259259259259259,2.384185791015625e-07,0.22887276113033295,0.6463192105293274,cfg02_G3_D32,cfg02_G3_D32,1.8739664049935527,cuda
validation,1777,1036,Warm B,0.005229149479418993,0.1111111119389534,0.09138600528240204,0.9012345679012346,2.384185791015625e-07,0.2682281732559204,0.6630828976631165,cfg02_G3_D32,cfg02_G3_D32,1.8739664049935527,cuda
validation,1777,1036,Warm C,0.0021171646658331156,0.111111119389534,0.09271112829446793,0.9012345679012346,3.5762786865234375e-07,0.2867559492588043,0.475134938955307,cfg02_G3_D32,cfg02_G3_D32,1.8739664049935527,cuda
validation,1783,1038,Cold,0.00456622801721096,0.1111111119389534,0.09436086565256119,0.8888888888888888,2.384185791015625e-07,0.0,0.0,cfg02_G3_D32,cfg02_G3_D32,1.8739664049935527,cuda
validation,1783,1038,Warm A,0.0014275750145316124,0.111111119389534,0.11262645572423935,0.7901234567901234,2.384185791015625e-07,0.21889348328113556,0.5115483999252319,cfg02_G3_D32,cfg02_G3_D32,1.8739664049935527,cuda
validation,1783,1038,Warm B,0.0029997997917234898,0.1111111119389534,0.10907768458127975,0.8148148148148148,1.1920928955078125e-07,0.35125118494033813,0.5459545254707336,cfg02_G3_D32,cfg02_G3_D32,1.8739664049935527,cuda
validation,1783,1038,Warm C,0.004839247092604637,0.1111111119389534,0.09722660481929779,0.8765432098765432,2.384185791015625e-07,0.3894526958465576,0.5494011044502258,cfg02_G3_D32,cfg02_G3_D32,1.8739664049935527,cuda
validation,1799,1045,Cold,0.005639573559165001,0.1111111119389534,0.09066633880138397,0.9135802469135802,3.5762786865234375e-07,0.0,0.0,cfg02_G3_D32,cfg02_G3_D32,1.8739664049935527,cuda
validation,1799,1045,Warm A,0.004269683267921209,0.1111110970377922,0.09716718643903732,0.8518518518518519,2.384185791015625e-07,0.20611387491226196,0.6546050906181335,cfg02_G3_D32,cfg02_G3_D32,1.8739664049935527,cuda
validation,1799,1045,Warm B,0.005335522349923849,0.111111119389534,0.09257271140813828,0.8888888888888888,2.384185791015625e-07,0.24104532599449158,0.5950987935066223,cfg02_G3_D32,cfg02_G3_D32,1.8739664049935527,cuda
validation,1799,1045,Warm C,0.005944151431322098,0.111111119389534,0.09585553407669067,0.8888888888888888,1.1920928955078125e-07,0.33270660042762756,0.7702617049217224,cfg02_G3_D32,cfg02_G3_D32,1.8739664049935527,cuda
validation,1834,1057,Cold,0.005247731693089008,0.1111111119389534,0.09728853404521942,0.9012345679012346,1.1920928955078125e-07,0.0,0.0,cfg02_G3_D32,cfg02_G3_D32,1.8739664049935527,cuda
validation,1834,1057,Warm A,0.00710802897810936,0.1111111119389534,0.1002429649233818,0.8641975308641975,1.1920928955078125e-07,0.23327036201953888,0.6815967559814453,cfg02_G3_D32,cfg02_G3_D32,1.8739664049935527,cuda
validation,1834,1057,Warm B,0.00657189916819334,0.1111111119389534,0.10729090124368668,0.8395061728395061,2.384185791015625e-07,0.32038193941116333,0.6649242639541626,cfg02_G3_D32,cfg02_G3_D32,1.8739664049935527,cuda
validation,1834,1057,Warm C,0.009219215251505375,0.111111119389534,0.10832551121711731,0.8271604938271605,2.384185791015625e-07,0.35262683033943176,0.41739732027053833,cfg02_G3_D32,cfg02_G3_D32,1.8739664049935527,cuda
validation,1894,1083,Cold,0.0036736801266670227,0.1111111119389534,0.08897678554058075,0.9135802469135802,1.1920928955078125e-07,0.0,0.0,cfg02_G3_D32,cfg02_G3_D32,1.8739664049935527,cuda
validation,1894,1083,Warm A,0.00245274999178946,0.111111119389534,0.1108967512845993,0.7901234567901234,2.384185791015625e-07,0.2252981960773468,0.6134853363037109,cfg02_G3_D32,cfg02_G3_D32,1.8739664049935527,cuda
validation,1894,1083,Warm B,0.0002788671408779919,0.1111111119389534,0.13155712187290192,0.6419753086419753,1.1920928955078125e-07,0.2645861506462097,0.3315448462963104,cfg02_G3_D32,cfg02_G3_D32,1.8739664049935527,cuda
validation,1894,1083,Warm C,0.0007903148070909083,0.1111111119389534,0.14161501824855804,0.5802469135802469,1.1920928955078125e-07,0.35691794753074646,0.4406469464302063,cfg02_G3_D32,cfg02_G3_D32,1.8739664049935527,cuda
validation,1907,1088,Cold,0.0033302768133580685,0.1111110970377922,0.08592692762613297,0.9012345679012346,2.384185791015625e-07,0.0,0.0,cfg02_G3_D32,cfg02_G3_D32,1.8739664049935527,cuda
validation,1907,1088,Warm A,0.00609620800241828,0.1111111119389534,0.08127737790346146,0.9259259259259259,1.7881393432617188e-07,0.24004071950912476,0.5923752188682556,cfg02_G3_D32,cfg02_G3_D32,1.8739664049935527,cuda
validation,1907,1088,Warm B,0.005203600972890854,0.1111111119389534,0.08867321163415909,0.9135802469135802,1.1920928955078125e-07,0.35890042781829834,0.7587189674377441,cfg02_G3_D32,cfg02_G3_D32,1.8739664049935527,cuda
validation,1907,1088,Warm C,0.007041121833026409,0.1111111119389534,0.08485519140958786,0.9012345679012346,1.1920928955078125e-07,0.356163889169693,0.5160686373710632,cfg02_G3_D32,cfg02_G3_D32,1.8739664049935527,cuda
validation,1918,1096,Cold,0.002943640109151602,0.1111111119389534,0.09785112738609314,0.8641975308641975,1.1920928955078125e-07,0.0,0.0,cfg02_G3_D32,cfg02_G3_D32,1.8739664049935527,cuda
validation,1918,1096,Warm A,-0.0004627775342669338,0.1111111119389534,0.1181235983967781,0.7530864197530864,2.384185791015625e-07,0.214166060090065,0.46392807364463806,cfg02_G3_D32,cfg02_G3_D32,1.8739664049935527,cuda
validation,1918,1096,Warm B,0.0023379134945571423,0.1111111119389534,0.09987365454435349,0.8765432098765432,1.1920928955078125e-07,0.28274503350257874,0.7332860231399536,cfg02_G3_D32,cfg02_G3_D32,1.8739664049935527,cuda
validation,1918,1096,Warm C,0.002148760948330164,0.1111110970377922,0.09759011119604111,0.8395061728395061,1.1920928955078125e-07,0.330110639333725,0.6333298683166504,cfg02_G3_D32,cfg02_G3_D32,1.8739664049935527,cuda
validation,1945,1116,Cold,0.014083030633628368,0.1111111119389534,0.1957746148109436,0.43209876543209874,2.384185791015625e-07,0.0,0.0,cfg02_G3_D32,cfg02_G3_D32,1.8739664049935527,cuda
validation,1945,1116,Warm A,0.0159958153963089,0.1111111119389534,0.20221495628356934,0.38271604938271603,1.1920928955078125e-07,0.23820734024047852,0.5298333168029785,cfg02_G3_D32,cfg02_G3_D32,1.8739664049935527,cuda
validation,1945,1116,Warm B,0.019101455807685852,0.1111111119389534,0.20898035168647766,0.345679012345679,1.1920928955078125e-07,0.3861033320426941,0.35974177718162537,cfg02_G3_D32,cfg02_G3_D32,1.8739664049935527,cuda
validation,1945,1116,Warm C,0.017243998125195503,0.1111111119389534,0.20790526270866394,0.37037037037037035,1.1920928955078125e-07,0.3238684833049774,0.24073052406311035,cfg02_G3_D32,cfg02_G3_D32,1.8739664049935527,cuda
validation,1956,1127,Cold,0.006642014719545841,0.1111111119389534,0.1200852319598198,0.8395061728395061,1.7881393432617188e-07,0.0,0.0,cfg02_G3_D32,cfg02_G3_D32,1.8739664049935527,cuda
validation,1956,1127,Warm A,0.0056087602861225605,0.1111111119389534,0.11757763475179672,0.8271604938271605,2.384185791015625e-07,0.24347440898418427,0.5086621642112732,cfg02_G3_D32,cfg02_G3_D32,1.8739664049935527,cuda
validation,1956,1127,Warm B,0.0073138452135026455,0.1111111119389534,0.13060495257377625,0.7530864197530864,2.384185791015625e-07,0.34832891821861267,0.6103327870368958,cfg02_G3_D32,cfg02_G3_D32,1.8739664049935527,cuda
validation,1956,1127,Warm C,0.006825691554695368,0.1111111119389534,0.1275121122598648,0.8024691358024691,1.7881393432617188e-07,0.3852568566799164,0.5876374244689941,cfg02_G3_D32,cfg02_G3_D32,1.8739664049935527,cuda
validation,1961,1132,Cold,0.004995092749595642,0.1111111119389534,0.10011167079210281,0.8518518518518519,1.1920928955078125e-07,0.0,0.0,cfg02_G3_D32,cfg02_G3_D32,1.8739664049935527,cuda
validation,1961,1132,Warm A,0.007768111303448677,0.1111110970377922,0.11125840991735458,0.8271604938271605,2.384185791015625e-07,0.23939742147922516,0.5058674216270447,cfg02_G3_D32,cfg02_G3_D32,1.8739664049935527,cuda
validation,1961,1132,Warm B,0.008677239529788494,0.111111119389534,0.11323873698711395,0.8765432098765432,2.384185791015625e-07,0.2112358957529068,0.3909870982170105,cfg02_G3_D32,cfg02_G3_D32,1.8739664049935527,cuda
validation,1961,1132,Warm C,0.010648122988641262,0.1111110970377922,0.11349400877952576,0.8765432098765432,2.384185791015625e-07,0.3326624929904938,0.5028859972953796,cfg02_G3_D32,cfg02_G3_D32,1.8739664049935527,cuda
validation,1963,1134,Cold,0.009815946221351624,0.1111111119389534,0.15569478273391724,0.6666666666666666,1.1920928955078125e-07,0.0,0.0,cfg02_G3_D32,cfg02_G3_D32,1.8739664049935527,cuda
validation,1963,1134,Warm A,0.011098671704530716,0.1111111119389534,0.16327962279319763,0.6049382716049383,1.1920928955078125e-07,0.2155839204788208,0.43688079714775085,cfg02_G3_D32,cfg02_G3_D32,1.8739664049935527,cuda
validation,1963,1134,Warm B,0.013419115915894508,0.1111111119389534,0.17143012583255768,0.5679012345679012,2.384185791015625e-07,0.3683655560016632,0.4148503839969635,cfg02_G3_D32,cfg02_G3_D32,1.8739664049935527,cuda
validation,1963,1134,Warm C,0.011431469582021236,0.1111111119389534,0.1810055524110794,0.5308641975308642,1.7881393432617188e-07,0.4281979203224182,0.30192309617996216,cfg02_G3_D32,cfg02_G3_D32,1.8739664049935527,cuda
validation,2006,1173,Cold,0.00300327455624938,0.111111119389534,0.09453186392784119,0.8888888888888888,2.384185791015625e-07,0.0,0.0,cfg02_G3_D32,cfg02_G3_D32,1.8739664049935527,cuda
validation,2006,1173,Warm A,0.007003820035606623,0.1111111119389534,0.0870404914021492,0.9012345679012346,2.384185791015625e-07,0.23235490918159485,0.6941232681274414,cfg02_G3_D32,cfg02_G3_D32,1.8739664049935527,cuda
validation,2006,1173,Warm B,0.005940617062151432,0.1111110970377922,0.0985288992524147,0.8271604938271605,5.960464477539063e-08,0.3428705632686615,0.6561739444732666,cfg02_G3_D32,cfg02_G3_D32,1.8739664049935527,cuda
validation,2006,1173,Warm C,0.0072804843075573444,0.1111111119389534,0.090896375477314,0.8641975308641975,1.1920928955078125e-07,0.4825897812843323,0.6112629771232605,cfg02_G3_D32,cfg02_G3_D32,1.8739664049935527,cuda
validation,2013,1179,Cold,0.00884620938450098,0.1111110970377922,0.14896684885025024,0.6790123456790124,2.384185791015625e-07,0.0,0.0,cfg02_G3_D32,cfg02_G3_D32,1.8739664049935527,cuda
validation,2013,1179,Warm A,0.00662976736202836,0.1111111119389534,0.13836471736431122,0.6666666666666666,1.7881393432617188e-07,0.2534397840499878,0.6868716478347778,cfg02_G3_D32,cfg02_G3_D32,1.8739664049935527,cuda
validation,2013,1179,Warm B,0.01050341222435236,0.111111119389534,0.14733649790287018,0.654320987654321,2.384185791015625e-07,0.3810800611972809,0.6870900988578796,cfg02_G3_D32,cfg02_G3_D32,1.8739664049935527,cuda
validation,2013,1179,Warm C,0.012474598363041878,0.1111111119389534,0.14946231245994568,0.654320987654321,2.384185791015625e-07,0.5668165683746338,0.7322486042976379,cfg02_G3_D32,cfg02_G3_D32,1.8739664049935527,cuda
validation,2021,1187,Cold,0.004636419005692005,0.1111111119389534,0.0967836081981659,0.8765432098765432,1.1920928955078125e-07,0.0,0.0,cfg02_G3_D32,cfg02_G3_D32,1.8739664049935527,cuda
validation,2021,1187,Warm A,0.001967263175174594,0.1111111119389534,0.09666204452514648,0.8641975308641975,2.384185791015625e-07,0.2488681524991989,0.5381113290786743,cfg02_G3_D32,cfg02_G3_D32,1.8739664049935527,cuda
validation,2021,1187,Warm B,0.00408974289894104,0.1111111119389534,0.10151496529579163,0.9135802469135802,1.1920928955078125e-07,0.3654118776321411,0.5577118992805481,cfg02_G3_D32,cfg02_G3_D32,1.8739664049935527,cuda
validation,2021,1187,Warm C,0.004452412482351065,0.1111110970377922,0.10627975314855576,0.9259259259259259,2.384185791015625e-07,0.34271490573883057,0.5915570855140686,cfg02_G3_D32,cfg02_G3_D32,1.8739664049935527,cuda
validation,2054,1209,Cold,0.002505470532923937,0.111111119389534,0.09437966346740723,0.8641975308641975,2.980232238769531e-07,0.0,0.0,cfg02_G3_D32,cfg02_G3_D32,1.8739664049935527,cuda
validation,2054,1209,Warm A,-0.0017715574940666556,0.1111111119389534,0.11544825881719589,0.7283950617283951,1.1920928955078125e-07,0.23524996638298035,0.39328524470329285,cfg02_G3_D32,cfg02_G3_D32,1.8739664049935527,cuda
validation,2054,1209,Warm B,-0.0025802820455282927,0.1111111119389534,0.11683563143014908,0.7530864197530864,1.1920928955078125e-07,0.2914198637008667,0.4978468120098114,cfg02_G3_D32,cfg02_G3_D32,1.8739664049935527,cuda
validation,2054,1209,Warm C,-0.005232630763202906,0.1111110970377922,0.13833434879779816,0.5925925925925926,2.384185791015625e-07,0.37533092498779297,0.3066764771938324,cfg02_G3_D32,cfg02_G3_D32,1.8739664049935527,cuda
validation,2078,1228,Cold,0.009559273719787598,0.1111111119389534,0.15501320362091064,0.654320987654321,1.1920928955078125e-07,0.0,0.0,cfg02_G3_D32,cfg02_G3_D32,1.8739664049935527,cuda
validation,2078,1228,Warm A,0.00943705067038536,0.1111111119389534,0.159965381026268,0.6296296296296297,2.980232238769531e-07,0.24744881689548492,0.5836289525032043,cfg02_G3_D32,cfg02_G3_D32,1.8739664049935527,cuda
validation,2078,1228,Warm B,0.008578743785619736,0.1111111119389534,0.15060730278491974,0.6419753086419753,1.1920928955078125e-07,0.2906171381473541,0.6296247839927673,cfg02_G3_D32,cfg02_G3_D32,1.8739664049935527,cuda
validation,2078,1228,Warm C,0.00857500545680523,0.111111119389534,0.149563267827034,0.6419753086419753,1.1920928955078125e-07,0.38041019439697266,0.7493325471878052,cfg02_G3_D32,cfg02_G3_D32,1.8739664049935527,cuda
validation,2081,1230,Cold,0.00451329629868269,0.1111111119389534,0.08747479319572449,0.9012345679012346,1.1920928955078125e-07,0.0,0.0,cfg02_G3_D32,cfg02_G3_D32,1.8739664049935527,cuda
validation,2081,1230,Warm A,0.0050439792685210705,0.1111111119389534,0.09571311622858047,0.8888888888888888,1.1920928955078125e-07,0.232635498046875,0.5646439790725708,cfg02_G3_D32,cfg02_G3_D32,1.8739664049935527,cuda
validation,2081,1230,Warm B,0.005226659122854471,0.1111111119389534,0.11249953508377075,0.7901234567901234,1.7881393432617188e-07,0.39697912335395813,0.3313896358013153,cfg02_G3_D32,cfg02_G3_D32,1.8739664049935527,cuda
validation,2081,1230,Warm C,0.005015214439481497,0.1111111119389534,0.0973193347454071,0.8641975308641975,3.5762786865234375e-07,0.45074644684791565,0.5032796263694763,cfg02_G3_D32,cfg02_G3_D32,1.8739664049935527,cuda
validation,2087,1235,Cold,0.012585029006004333,0.1111110970377922,0.18726158142089844,0.4691358024691358,1.1920928955078125e-07,0.0,0.0,cfg02_G3_D32,cfg02_G3_D32,1.8739664049935527,cuda
validation,2087,1235,Warm A,0.013367061503231525,0.1111111119389534,0.18144430220127106,0.48148148148148145,2.384185791015625e-07,0.21713237464427948,0.6373516917228699,cfg02_G3_D32,cfg02_G3_D32,1.8739664049935527,cuda
validation,2087,1235,Warm B,0.013297096826136112,0.1111111119389534,0.1821220964193344,0.4444444444444444,1.1920928955078125e-07,0.3468397855758667,0.5421046614646912,cfg02_G3_D32,cfg02_G3_D32,1.8739664049935527,cuda
validation,2087,1235,Warm C,0.015973588451743126,0.1111111119389534,0.18933328986167908,0.41975308641975306,1.1920928955078125e-07,0.38778236508369446,0.6188744306564331,cfg02_G3_D32,cfg02_G3_D32,1.8739664049935527,cuda
validation,2112,1257,Cold,0.006731657311320305,0.1111111119389534,0.09951141476631165,0.8888888888888888,2.384185791015625e-07,0.0,0.0,cfg02_G3_D32,cfg02_G3_D32,1.8739664049935527,cuda
validation,2112,1257,Warm A,0.005593477748334408,0.1111111119389534,0.09685075283050537,0.8765432098765432,2.384185791015625e-07,0.24156680703163147,0.5803712010383606,cfg02_G3_D32,cfg02_G3_D32,1.8739664049935527,cuda
validation,2112,1257,Warm B,0.00238531781360507,0.1111111119389534,0.11159809678792953,0.7654320987654321,2.384185791015625e-07,0.44627881050109863,0.5504749417304993,cfg02_G3_D32,cfg02_G3_D32,1.8739664049935527,cuda
validation,2112,1257,Warm C,0.00622868025675416,0.1111111119389534,0.09849170595407486,0.8765432098765432,1.1920928955078125e-07,0.39904069900512695,0.5948959589004517,cfg02_G3_D32,cfg02_G3_D32,1.8739664049935527,cuda
validation,2120,1265,Cold,0.004348940681666136,0.1111110970377922,0.08400814235210419,0.9135802469135802,2.384185791015625e-07,0.0,0.0,cfg02_G3_D32,cfg02_G3_D32,1.8739664049935527,cuda
validation,2120,1265,Warm A,0.0001640062255319208,0.1111111119389534,0.10455416887998581,0.8148148148148148,1.1920928955078125e-07,0.22953611612319946,0.48253175616264343,cfg02_G3_D32,cfg02_G3_D32,1.8739664049935527,cuda
validation,2120,1265,Warm B,-0.0005731097189709544,0.111111119389534,0.10319927334785461,0.8395061728395061,1.1920928955078125e-07,0.32261472940444946,0.5421408414840698,cfg02_G3_D32,cfg02_G3_D32,1.8739664049935527,cuda
validation,2120,1265,Warm C,-0.000985339400358498,0.111111119389534,0.10883953422307968,0.8765432098765432,2.384185791015625e-07,0.35106000304222107,0.5432247519493103,cfg02_G3_D32,cfg02_G3_D32,1.8739664049935527,cuda
validation,2130,1272,Cold,0.006904618814587593,0.1111110970377922,0.12135609984397888,0.8765432098765432,1.7881393432617188e-07,0.0,0.0,cfg02_G3_D32,cfg02_G3_D32,1.8739664049935527,cuda
validation,2130,1272,Warm A,0.004954430274665356,0.1111111119389534,0.1228678822517395,0.8518518518518519,2.384185791015625e-07,0.2466031014919281,0.5258844494819641,cfg02_G3_D32,cfg02_G3_D32,1.8739664049935527,cuda
validation,2130,1272,Warm B,0.008141354657709599,0.1111111119389534,0.13530653715133667,0.7654320987654321,2.384185791015625e-07,0.29949960112571716,0.4157368242740631,cfg02_G3_D32,cfg02_G3_D32,1.8739664049935527,cuda
validation,2130,1272,Warm C,0.007121076341718435,0.1111111119389534,0.12707723677158356,0.8148148148148148,2.384185791015625e-07,0.3278997242450714,0.48062950372695923,cfg02_G3_D32,cfg02_G3_D32,1.8739664049935527,cuda
validation,2138,1279,Cold,0.006963714957237244,0.1111111119389534,0.12242830544710159,0.8395061728395061,1.1920928955078125e-07,0.0,0.0,cfg02_G3_D32,cfg02_G3_D32,1.8739664049935527,cuda
validation,2138,1279,Warm A,0.006837827153503895,0.1111110970377922,0.133496955037117,0.8148148148148148,2.384185791015625e-07,0.23814326524734497,0.3698970675468445,cfg02_G3_D32,cfg02_G3_D32,1.8739664049935527,cuda
validation,2138,1279,Warm B,0.006595834624022245,0.111111119389534,0.1241718977689743,0.8765432098765432,2.980232238769531e-07,0.23386774957180023,0.6664943099021912,cfg02_G3_D32,cfg02_G3_D32,1.8739664049935527,cuda
validation,2138,1279,Warm C,0.008662421256303787,0.111111119389534,0.13486410677433014,0.8024691358024691,1.1920928955078125e-07,0.3173754811286926,0.5487847328186035,cfg02_G3_D32,cfg02_G3_D32,1.8739664049935527,cuda
validation,2145,1286,Cold,0.006469657178968191,0.1111111119389534,0.10294366627931595,0.8888888888888888,2.384185791015625e-07,0.0,0.0,cfg02_G3_D32,cfg02_G3_D32,1.8739664049935527,cuda
validation,2145,1286,Warm A,0.001450361218303442,0.1111111119389534,0.10307805240154266,0.8395061728395061,2.384185791015625e-07,0.23958948254585266,0.5421499609947205,cfg02_G3_D32,cfg02_G3_D32,1.8739664049935527,cuda
validation,2145,1286,Warm B,-0.0025742845609784126,0.1111111119389534,0.11872038245201111,0.691358024691358,1.1920928955078125e-07,0.3284476697444916,0.47020626068115234,cfg02_G3_D32,cfg02_G3_D32,1.8739664049935527,cuda
validation,2145,1286,Warm C,0.002939719008281827,0.111111119389534,0.1034480556845665,0.8271604938271605,1.1920928955078125e-07,0.3580065667629242,0.7855743169784546,cfg02_G3_D32,cfg02_G3_D32,1.8739664049935527,cuda
validation,2146,1287,Cold,0.006216603331267834,0.1111111119389534,0.10502242296934128,0.8765432098765432,2.384185791015625e-07,0.0,0.0,cfg02_G3_D32,cfg02_G3_D32,1.8739664049935527,cuda
validation,2146,1287,Warm A,0.0008513461798429489,0.1111111119389534,0.10583098977804184,0.8024691358024691,1.1920928955078125e-07,0.2532249987125397,0.4858493506908417,cfg02_G3_D32,cfg02_G3_D32,1.8739664049935527,cuda
validation,2146,1287,Warm B,-0.004190314561128616,0.1111111119389534,0.12226695567369461,0.7160493827160493,1.1920928955078125e-07,0.4550444483757019,0.3855803906917572,cfg02_G3_D32,cfg02_G3_D32,1.8739664049935527,cuda
validation,2146,1287,Warm C,-0.0032333731651306152,0.1111111119389534,0.11713026463985443,0.7407407407407407,1.1920928955078125e-07,0.46547412872314453,0.6222855448722839,cfg02_G3_D32,cfg02_G3_D32,1.8739664049935527,cuda
validation,2161,1299,Cold,0.006174772046506405,0.1111111119389534,0.10704003274440765,0.8395061728395061,2.384185791015625e-07,0.0,0.0,cfg02_G3_D32,cfg02_G3_D32,1.8739664049935527,cuda
validation,2161,1299,Warm A,0.005238624755293131,0.1111111119389534,0.11451923847198486,0.8765432098765432,1.1920928955078125e-07,0.21570400893688202,0.6068069338798523,cfg02_G3_D32,cfg02_G3_D32,1.8739664049935527,cuda
validation,2161,1299,Warm B,0.002478050533682108,0.111111119389534,0.10400760173797607,0.8765432098765432,1.1920928955078125e-07,0.31436100602149963,0.7828167080879211,cfg02_G3_D32,cfg02_G3_D32,1.8739664049935527,cuda
validation,2161,1299,Warm C,0.0019391357200220227,0.1111111119389534,0.10482660681009293,0.8518518518518519,2.384185791015625e-07,0.4160716235637665,0.6066181063652039,cfg02_G3_D32,cfg02_G3_D32,1.8739664049935527,cuda
validation,2232,1330,Cold,0.002755706897005439,0.1111111119389534,0.0971924215555191,0.8765432098765432,1.1920928955078125e-07,0.0,0.0,cfg02_G3_D32,cfg02_G3_D32,1.8739664049935527,cuda
validation,2232,1330,Warm A,0.001374883227981627,0.1111111119389534,0.11701419204473495,0.7283950617283951,1.1920928955078125e-07,0.22733958065509796,0.7257320284843445,cfg02_G3_D32,cfg02_G3_D32,1.8739664049935527,cuda
validation,2232,1330,Warm B,0.004988034721463919,0.1111111119389534,0.09970605373382568,0.8518518518518519,1.1920928955078125e-07,0.3447988033294678,0.8082378506660461,cfg02_G3_D32,cfg02_G3_D32,1.8739664049935527,cuda
validation,2232,1330,Warm C,0.006315357051789761,0.1111111119389534,0.10505335032939911,0.8148148148148148,1.1920928955078125e-07,0.47808921337127686,0.6874250769615173,cfg02_G3_D32,cfg02_G3_D32,1.8739664049935527,cuda
validation,2247,1338,Cold,0.0043287756852805614,0.1111111119389534,0.09563206881284714,0.8888888888888888,1.1920928955078125e-07,0.0,0.0,cfg02_G3_D32,cfg02_G3_D32,1.8739664049935527,cuda
validation,2247,1338,Warm A,0.0007541305385529995,0.111111119389534,0.10501452535390854,0.8148148148148148,2.384185791015625e-07,0.2426115721464157,0.5666180849075317,cfg02_G3_D32,cfg02_G3_D32,1.8739664049935527,cuda
validation,2247,1338,Warm B,0.002341846702620387,0.111111119389534,0.10038191825151443,0.8765432098765432,1.1920928955078125e-07,0.31804999709129333,0.6667430996894836,cfg02_G3_D32,cfg02_G3_D32,1.8739664049935527,cuda
validation,2247,1338,Warm C,0.005838083568960428,0.1111110970377922,0.09798653423786163,0.9135802469135802,1.7881393432617188e-07,0.41971471905708313,0.6238571405410767,cfg02_G3_D32,cfg02_G3_D32,1.8739664049935527,cuda
validation,2278,1360,Cold,0.0036358681973069906,0.1111110970377922,0.09555915743112564,0.8765432098765432,2.384185791015625e-07,0.0,0.0,cfg02_G3_D32,cfg02_G3_D32,1.8739664049935527,cuda
validation,2278,1360,Warm A,0.006037963554263115,0.1111111119389534,0.09505615383386612,0.8888888888888888,2.384185791015625e-07,0.2417486011981964,0.7178837656974792,cfg02_G3_D32,cfg02_G3_D32,1.8739664049935527,cuda
validation,2278,1360,Warm B,0.00850741472095251,0.111111119389534,0.09285126626491547,0.9135802469135802,1.1920928955078125e-07,0.27459216117858887,0.5291392207145691,cfg02_G3_D32,cfg02_G3_D32,1.8739664049935527,cuda
validation,2278,1360,Warm C,0.008310691453516483,0.1111111119389534,0.09997187554836273,0.8765432098765432,1.1920928955078125e-07,0.39213693141937256,0.5059770941734314,cfg02_G3_D32,cfg02_G3_D32,1.8739664049935527,cuda
validation,2294,1370,Cold,0.0033302807714790106,0.1111111119389534,0.08592692017555237,0.9012345679012346,2.384185791015625e-07,0.0,0.0,cfg02_G3_D32,cfg02_G3_D32,1.8739664049935527,cuda
validation,2294,1370,Warm A,0.006952487397938967,0.1111111119389534,0.08099555224180222,0.9259259259259259,1.1920928955078125e-07,0.23500072956085205,0.6811885237693787,cfg02_G3_D32,cfg02_G3_D32,1.8739664049935527,cuda
validation,2294,1370,Warm B,0.006651555188000202,0.1111110970377922,0.08059705048799515,0.9259259259259259,1.7881393432617188e-07,0.29347819089889526,0.5999982953071594,cfg02_G3_D32,cfg02_G3_D32,1.8739664049935527,cuda
validation,2294,1370,Warm C,0.0038930438458919525,0.1111111119389534,0.08756072074174881,0.9259259259259259,1.1920928955078125e-07,0.3575419783592224,0.6085723042488098,cfg02_G3_D32,cfg02_G3_D32,1.8739664049935527,cuda
validation,2297,1373,Cold,0.004744237754493952,0.1111111119389534,0.08876724541187286,0.9012345679012346,1.1920928955078125e-07,0.0,0.0,cfg02_G3_D32,cfg02_G3_D32,1.8739664049935527,cuda
validation,2297,1373,Warm A,0.002863012021407485,0.1111111119389534,0.10815151035785675,0.8271604938271605,1.1920928955078125e-07,0.2398768663406372,0.680975079536438,cfg02_G3_D32,cfg02_G3_D32,1.8739664049935527,cuda
validation,2297,1373,Warm B,0.0034604580141603947,0.1111111119389534,0.10173996537923813,0.8518518518518519,1.1920928955078125e-07,0.27929383516311646,0.521399974822998,cfg02_G3_D32,cfg02_G3_D32,1.8739664049935527,cuda
validation,2297,1373,Warm C,0.001283193938434124,0.1111111119389534,0.12115997821092606,0.7037037037037037,1.1920928955078125e-07,0.4111802577972412,0.5629673004150391,cfg02_G3_D32,cfg02_G3_D32,1.8739664049935527,cuda
validation,2301,1375,Cold,0.006381133571267128,0.1111111119389534,0.11532623320817947,0.8395061728395061,1.1920928955078125e-07,0.0,0.0,cfg02_G3_D32,cfg02_G3_D32,1.8739664049935527,cuda
validation,2301,1375,Warm A,0.0031978399492800236,0.1111110970377922,0.11471858620643616,0.7407407407407407,2.384185791015625e-07,0.23853087425231934,0.6974127888679504,cfg02_G3_D32,cfg02_G3_D32,1.8739664049935527,cuda
validation,2301,1375,Warm B,0.009552353993058205,0.111111119389534,0.1169319748878479,0.8518518518518519,2.384185791015625e-07,0.3892669081687927,0.6230829358100891,cfg02_G3_D32,cfg02_G3_D32,1.8739664049935527,cuda
validation,2301,1375,Warm C,0.012721335515379906,0.1111111119389534,0.11775721609592438,0.8641975308641975,1.7881393432617188e-07,0.5038398504257202,0.6534020304679871,cfg02_G3_D32,cfg02_G3_D32,1.8739664049935527,cuda
validation,2312,1381,Cold,0.007108519319444895,0.1111111119389534,0.10862667858600616,0.8765432098765432,3.5762786865234375e-07,0.0,0.0,cfg02_G3_D32,cfg02_G3_D32,1.8739664049935527,cuda
validation,2312,1381,Warm A,0.006213577464222908,0.1111111119389534,0.11140616238117218,0.8518518518518519,2.980232238769531e-07,0.22595885396003723,0.5481290221214294,cfg02_G3_D32,cfg02_G3_D32,1.8739664049935527,cuda
validation,2312,1381,Warm B,0.00652511790394783,0.1111110970377922,0.12518413364887238,0.7654320987654321,2.980232238769531e-07,0.38637879490852356,0.4813549220561981,cfg02_G3_D32,cfg02_G3_D32,1.8739664049935527,cuda
validation,2312,1381,Warm C,0.006244251038879156,0.1111111119389534,0.11382798850536346,0.8024691358024691,2.384185791015625e-07,0.3904632329940796,0.3774540424346924,cfg02_G3_D32,cfg02_G3_D32,1.8739664049935527,cuda
validation,2313,1382,Cold,0.007320106029510498,0.1111111119389534,0.1242181584239006,0.8518518518518519,1.1920928955078125e-07,0.0,0.0,cfg02_G3_D32,cfg02_G3_D32,1.8739664049935527,cuda
validation,2313,1382,Warm A,0.009146996773779392,0.111111119389534,0.1355564445257187,0.7901234567901234,2.384185791015625e-07,0.23487918078899384,0.5628039240837097,cfg02_G3_D32,cfg02_G3_D32,1.8739664049935527,cuda
validation,2313,1382,Warm B,0.006817526184022427,0.1111111119389534,0.13490954041481018,0.7777777777777778,2.384185791015625e-07,0.3593551814556122,0.5297157764434814,cfg02_G3_D32,cfg02_G3_D32,1.8739664049935527,cuda
validation,2313,1382,Warm C,0.007434805855154991,0.1111111119389534,0.12824849784374237,0.7654320987654321,2.384185791015625e-07,0.3844297230243683,0.646591305732727,cfg02_G3_D32,cfg02_G3_D32,1.8739664049935527,cuda
validation,2318,1386,Cold,0.003827999345958233,0.1111111119389534,0.08835382014513016,0.9012345679012346,2.384185791015625e-07,0.0,0.0,cfg02_G3_D32,cfg02_G3_D32,1.8739664049935527,cuda
validation,2318,1386,Warm A,0.004929641727358103,0.1111110970377922,0.08782901614904404,0.9259259259259259,2.384185791015625e-07,0.23015828430652618,0.5325973629951477,cfg02_G3_D32,cfg02_G3_D32,1.8739664049935527,cuda
validation,2318,1386,Warm B,0.0036889715120196342,0.111111119389534,0.09497258812189102,0.8641975308641975,1.1920928955078125e-07,0.3907136619091034,0.6126529574394226,cfg02_G3_D32,cfg02_G3_D32,1.8739664049935527,cuda
validation,2318,1386,Warm C,0.003153108526021242,0.1111110970377922,0.10719110071659088,0.8024691358024691,1.1920928955078125e-07,0.5382909178733826,0.48708924651145935,cfg02_G3_D32,cfg02_G3_D32,1.8739664049935527,cuda
validation,2321,1388,Cold,0.00382799981161952,0.1111110970377922,0.08835381269454956,0.9012345679012346,2.384185791015625e-07,0.0,0.0,cfg02_G3_D32,cfg02_G3_D32,1.8739664049935527,cuda
validation,2321,1388,Warm A,0.006696068216115236,0.1111111119389534,0.08828969299793243,0.8765432098765432,1.1920928955078125e-07,0.23094651103019714,0.6136165261268616,cfg02_G3_D32,cfg02_G3_D32,1.8739664049935527,cuda
validation,2321,1388,Warm B,0.005667052231729031,0.111111119389534,0.0887642651796341,0.8888888888888888,1.1920928955078125e-07,0.3030007481575012,0.6399359107017517,cfg02_G3_D32,cfg02_G3_D32,1.8739664049935527,cuda
validation,2321,1388,Warm C,0.004513244144618511,0.1111110970377922,0.10386846214532852,0.8518518518518519,1.7881393432617188e-07,0.3110210597515106,0.5127979516983032,cfg02_G3_D32,cfg02_G3_D32,1.8739664049935527,cuda
validation,2322,1389,Cold,0.0031210221350193024,0.1111111119389534,0.09261073917150497,0.9012345679012346,2.384185791015625e-07,0.0,0.0,cfg02_G3_D32,cfg02_G3_D32,1.8739664049935527,cuda
validation,2322,1389,Warm A,-0.00010729618225013837,0.111111119389534,0.11517184972763062,0.7407407407407407,1.1920928955078125e-07,0.2055681347846985,0.5491492748260498,cfg02_G3_D32,cfg02_G3_D32,1.8739664049935527,cuda
validation,2322,1389,Warm B,-0.00032450829166918993,0.1111111119389534,0.11017805337905884,0.7901234567901234,1.1920928955078125e-07,0.3261844515800476,0.7715483903884888,cfg02_G3_D32,cfg02_G3_D32,1.8739664049935527,cuda
validation,2322,1389,Warm C,-0.002273361664265394,0.1111111119389534,0.12534886598587036,0.6790123456790124,2.384185791015625e-07,0.4381196200847626,0.4328182339668274,cfg02_G3_D32,cfg02_G3_D32,1.8739664049935527,cuda
validation,2336,1400,Cold,0.005507425405085087,0.1111111119389534,0.09108428657054901,0.9012345679012346,1.1920928955078125e-07,0.0,0.0,cfg02_G3_D32,cfg02_G3_D32,1.8739664049935527,cuda
validation,2336,1400,Warm A,0.006708915811032057,0.1111110970377922,0.09721206873655319,0.8765432098765432,1.1920928955078125e-07,0.23760588467121124,0.4931562542915344,cfg02_G3_D32,cfg02_G3_D32,1.8739664049935527,cuda
validation,2336,1400,Warm B,0.004372063092887402,0.1111111119389534,0.097934290766716,0.8641975308641975,2.384185791015625e-07,0.41445252299308777,0.5173435211181641,cfg02_G3_D32,cfg02_G3_D32,1.8739664049935527,cuda
validation,2336,1400,Warm C,0.0054238843731582165,0.111111119389534,0.10414701700210571,0.8024691358024691,2.384185791015625e-07,0.5025822520256042,0.3375438153743744,cfg02_G3_D32,cfg02_G3_D32,1.8739664049935527,cuda
validation,2340,1403,Cold,0.004318108316510916,0.1111111119389534,0.08809924870729446,0.9012345679012346,1.1920928955078125e-07,0.0,0.0,cfg02_G3_D32,cfg02_G3_D32,1.8739664049935527,cuda
validation,2340,1403,Warm A,0.0032445082906633615,0.111111119389534,0.10704198479652405,0.8024691358024691,1.1920928955078125e-07,0.24271757900714874,0.6628667712211609,cfg02_G3_D32,cfg02_G3_D32,1.8739664049935527,cuda
validation,2340,1403,Warm B,0.004064667969942093,0.1111111119389534,0.08956328779459,0.8888888888888888,2.384185791015625e-07,0.3071661591529846,0.6159254908561707,cfg02_G3_D32,cfg02_G3_D32,1.8739664049935527,cuda
validation,2340,1403,Warm C,0.0021178466267883778,0.1111110970377922,0.10931344330310822,0.7654320987654321,1.1920928955078125e-07,0.4023996889591217,0.6794566512107849,cfg02_G3_D32,cfg02_G3_D32,1.8739664049935527,cuda
validation,2374,1429,Cold,0.006208954844623804,0.1111111119389534,0.10164295881986618,0.8888888888888888,2.384185791015625e-07,0.0,0.0,cfg02_G3_D32,cfg02_G3_D32,1.8739664049935527,cuda
validation,2374,1429,Warm A,0.003210353199392557,0.1111111119389534,0.10305926203727722,0.8024691358024691,2.384185791015625e-07,0.24662268161773682,0.728369414806366,cfg02_G3_D32,cfg02_G3_D32,1.8739664049935527,cuda
validation,2374,1429,Warm B,-0.0006613022414967418,0.1111110970377922,0.11879222095012665,0.7283950617283951,1.7881393432617188e-07,0.3968181014060974,0.4955004155635834,cfg02_G3_D32,cfg02_G3_D32,1.8739664049935527,cuda
validation,2374,1429,Warm C,-0.0029928311705589294,0.1111111119389534,0.12129124999046326,0.691358024691358,2.384185791015625e-07,0.4401903450489044,0.4144362509250641,cfg02_G3_D32,cfg02_G3_D32,1.8739664049935527,cuda
validation,2378,1433,Cold,0.006408999674022198,0.1111111119389534,0.10803479701280594,0.8765432098765432,2.384185791015625e-07,0.0,0.0,cfg02_G3_D32,cfg02_G3_D32,1.8739664049935527,cuda
validation,2378,1433,Warm A,0.002558902371674776,0.1111111119389534,0.10957324504852295,0.7654320987654321,2.384185791015625e-07,0.24434074759483337,0.5668261051177979,cfg02_G3_D32,cfg02_G3_D32,1.8739664049935527,cuda
validation,2378,1433,Warm B,-0.00044949434231966734,0.1111111119389534,0.11359170079231262,0.7283950617283951,2.384185791015625e-07,0.3692352771759033,0.529941976070404,cfg02_G3_D32,cfg02_G3_D32,1.8739664049935527,cuda
validation,2378,1433,Warm C,0.0001653423678362742,0.1111111119389534,0.11468342691659927,0.7160493827160493,1.1920928955078125e-07,0.4752237796783447,0.5467134714126587,cfg02_G3_D32,cfg02_G3_D32,1.8739664049935527,cuda
validation,2379,1434,Cold,0.0049809967167675495,0.1111111119389534,0.10100238770246506,0.8518518518518519,1.1920928955078125e-07,0.0,0.0,cfg02_G3_D32,cfg02_G3_D32,1.8739664049935527,cuda
validation,2379,1434,Warm A,0.0012161150807514787,0.111111119389534,0.10906092077493668,0.8024691358024691,1.1920928955078125e-07,0.23559018969535828,0.5016277432441711,cfg02_G3_D32,cfg02_G3_D32,1.8739664049935527,cuda
validation,2379,1434,Warm B,-0.004641616251319647,0.1111111119389534,0.12881140410900116,0.691358024691358,1.1920928955078125e-07,0.4329244792461395,0.3558535575866699,cfg02_G3_D32,cfg02_G3_D32,1.8739664049935527,cuda
validation,2379,1434,Warm C,-0.007502836175262928,0.1111111119389534,0.14753766357898712,0.5432098765432098,2.384185791015625e-07,0.5520278215408325,0.26548120379447937,cfg02_G3_D32,cfg02_G3_D32,1.8739664049935527,cuda
validation,2387,1441,Cold,0.004290676210075617,0.111111119389534,0.08778733760118484,0.9012345679012346,2.384185791015625e-07,0.0,0.0,cfg02_G3_D32,cfg02_G3_D32,1.8739664049935527,cuda
validation,2387,1441,Warm A,0.002753295935690403,0.1111111119389534,0.10823126882314682,0.7901234567901234,2.384185791015625e-07,0.2379213273525238,0.5875978469848633,cfg02_G3_D32,cfg02_G3_D32,1.8739664049935527,cuda
validation,2387,1441,Warm B,0.0067699868232011795,0.1111111119389534,0.09398581832647324,0.8888888888888888,2.384185791015625e-07,0.3576129078865051,0.7169389128684998,cfg02_G3_D32,cfg02_G3_D32,1.8739664049935527,cuda
validation,2387,1441,Warm C,0.004016512539237738,0.1111111119389534,0.11082527041435242,0.7777777777777778,1.1920928955078125e-07,0.36466652154922485,0.48495006561279297,cfg02_G3_D32,cfg02_G3_D32,1.8739664049935527,cuda
validation,2389,1442,Cold,0.0049265711568295956,0.1111111119389534,0.08768507093191147,0.9135802469135802,1.1920928955078125e-07,0.0,0.0,cfg02_G3_D32,cfg02_G3_D32,1.8739664049935527,cuda
validation,2389,1442,Warm A,0.004266251344233751,0.1111111119389534,0.10477205365896225,0.8148148148148148,1.1920928955078125e-07,0.23718330264091492,0.5854533314704895,cfg02_G3_D32,cfg02_G3_D32,1.8739664049935527,cuda
validation,2389,1442,Warm B,0.003873330308124423,0.1111111119389534,0.10381992161273956,0.7901234567901234,2.384185791015625e-07,0.3761344254016876,0.7759187817573547,cfg02_G3_D32,cfg02_G3_D32,1.8739664049935527,cuda
validation,2389,1442,Warm C,0.00039635461871512234,0.1111111119389534,0.12305617332458496,0.6666666666666666,1.7881393432617188e-07,0.48260095715522766,0.42811843752861023,cfg02_G3_D32,cfg02_G3_D32,1.8739664049935527,cuda
validation,2399,1451,Cold,0.004485054407268763,0.111111119389534,0.09838094562292099,0.8765432098765432,2.384185791015625e-07,0.0,0.0,cfg02_G3_D32,cfg02_G3_D32,1.8739664049935527,cuda
validation,2399,1451,Warm A,-0.001166214351542294,0.1111111119389534,0.11071979999542236,0.7654320987654321,1.7881393432617188e-07,0.2350335270166397,0.4375803470611572,cfg02_G3_D32,cfg02_G3_D32,1.8739664049935527,cuda
validation,2399,1451,Warm B,-0.003126677591353655,0.1111110970377922,0.11462986469268799,0.7037037037037037,2.384185791015625e-07,0.39190760254859924,0.5071549415588379,cfg02_G3_D32,cfg02_G3_D32,1.8739664049935527,cuda
validation,2399,1451,Warm C,-0.003863717196509242,0.1111111119389534,0.12292417883872986,0.654320987654321,2.384185791015625e-07,0.47131845355033875,0.5657644867897034,cfg02_G3_D32,cfg02_G3_D32,1.8739664049935527,cuda
validation,2405,1456,Cold,0.005576798226684332,0.1111111119389534,0.10565144568681717,0.8395061728395061,1.1920928955078125e-07,0.0,0.0,cfg02_G3_D32,cfg02_G3_D32,1.8739664049935527,cuda
validation,2405,1456,Warm A,0.0018346781143918633,0.1111111119389534,0.10881832242012024,0.7777777777777778,2.384185791015625e-07,0.23669405281543732,0.5989183783531189,cfg02_G3_D32,cfg02_G3_D32,1.8739664049935527,cuda
validation,2405,1456,Warm B,-0.0022741220891475677,0.1111111119389534,0.12445231527090073,0.691358024691358,1.1920928955078125e-07,0.36759695410728455,0.4439258575439453,cfg02_G3_D32,cfg02_G3_D32,1.8739664049935527,cuda
validation,2405,1456,Warm C,-0.0010459456825628877,0.1111110970377922,0.11044787615537643,0.8024691358024691,1.1920928955078125e-07,0.5026010870933533,0.4340711534023285,cfg02_G3_D32,cfg02_G3_D32,1.8739664049935527,cuda
validation,2408,1459,Cold,0.004050076007843018,0.1111111119389534,0.090987429022789,0.8765432098765432,1.1920928955078125e-07,0.0,0.0,cfg02_G3_D32,cfg02_G3_D32,1.8739664049935527,cuda
validation,2408,1459,Warm A,0.001906303339637816,0.1111111119389534,0.10606122016906738,0.7654320987654321,2.384185791015625e-07,0.23447442054748535,0.5260496139526367,cfg02_G3_D32,cfg02_G3_D32,1.8739664049935527,cuda
validation,2408,1459,Warm B,-0.000859129591844976,0.1111111119389534,0.12600921094417572,0.6296296296296297,1.1920928955078125e-07,0.39472925662994385,0.35111501812934875,cfg02_G3_D32,cfg02_G3_D32,1.8739664049935527,cuda
validation,2408,1459,Warm C,-0.002498758491128683,0.1111111119389534,0.14450401067733765,0.5555555555555556,1.1920928955078125e-07,0.539823055267334,0.403059720993042,cfg02_G3_D32,cfg02_G3_D32,1.8739664049935527,cuda
validation,2411,1462,Cold,0.005614242982119322,0.1111111119389534,0.10689838230609894,0.8518518518518519,1.1920928955078125e-07,0.0,0.0,cfg02_G3_D32,cfg02_G3_D32,1.8739664049935527,cuda
validation,2411,1462,Warm A,0.002476579276844859,0.1111111119389534,0.10971774160861969,0.7654320987654321,1.1920928955078125e-07,0.252617210149765,0.6500357985496521,cfg02_G3_D32,cfg02_G3_D32,1.8739664049935527,cuda
validation,2411,1462,Warm B,-0.0004345821507740766,0.1111111119389534,0.12467121332883835,0.654320987654321,1.1920928955078125e-07,0.4288092851638794,0.6448866128921509,cfg02_G3_D32,cfg02_G3_D32,1.8739664049935527,cuda
validation,2411,1462,Warm C,-0.0039549232460558414,0.111111119389534,0.1412133127450943,0.5802469135802469,1.1920928955078125e-07,0.6030105948448181,0.3698969781398773,cfg02_G3_D32,cfg02_G3_D32,1.8739664049935527,cuda
validation,2420,1470,Cold,0.004655750934034586,0.1111111119389534,0.10778472572565079,0.8271604938271605,2.384185791015625e-07,0.0,0.0,cfg02_G3_D32,cfg02_G3_D32,1.8739664049935527,cuda
validation,2420,1470,Warm A,0.0008757461328059435,0.1111111119389534,0.11457085609436035,0.7530864197530864,1.7881393432617188e-07,0.2453751116991043,0.5260740518569946,cfg02_G3_D32,cfg02_G3_D32,1.8739664049935527,cuda
validation,2420,1470,Warm B,0.0052488925866782665,0.1111110970377922,0.10813985764980316,0.8518518518518519,1.1920928955078125e-07,0.2232464849948883,0.6538470387458801,cfg02_G3_D32,cfg02_G3_D32,1.8739664049935527,cuda
validation,2420,1470,Warm C,0.0014993237564340234,0.1111110970377922,0.11170342564582825,0.7654320987654321,1.7881393432617188e-07,0.339002788066864,0.5587161183357239,cfg02_G3_D32,cfg02_G3_D32,1.8739664049935527,cuda
validation,2421,1471,Cold,0.0019801503513008356,0.1111111119389534,0.1068749874830246,0.8271604938271605,1.7881393432617188e-07,0.0,0.0,cfg02_G3_D32,cfg02_G3_D32,1.8739664049935527,cuda
validation,2421,1471,Warm A,5.855613562744111e-05,0.1111111119389534,0.12620297074317932,0.6790123456790124,1.7881393432617188e-07,0.23262259364128113,0.5437366366386414,cfg02_G3_D32,cfg02_G3_D32,1.8739664049935527,cuda
validation,2421,1471,Warm B,-6.263601972023025e-05,0.1111111119389534,0.1367487758398056,0.6049382716049383,1.1920928955078125e-07,0.3188856244087219,0.6427683234214783,cfg02_G3_D32,cfg02_G3_D32,1.8739664049935527,cuda
validation,2421,1471,Warm C,0.001012162072584033,0.1111111119389534,0.13579514622688293,0.6172839506172839,2.384185791015625e-07,0.46308910846710205,0.43130308389663696,cfg02_G3_D32,cfg02_G3_D32,1.8739664049935527,cuda
validation,2456,1497,Cold,0.002609757473692298,0.1111110970377922,0.08842726796865463,0.9012345679012346,1.1920928955078125e-07,0.0,0.0,cfg02_G3_D32,cfg02_G3_D32,1.8739664049935527,cuda
validation,2456,1497,Warm A,-0.0009339869138784707,0.1111111119389534,0.11210624128580093,0.7530864197530864,2.384185791015625e-07,0.23881563544273376,0.3521920144557953,cfg02_G3_D32,cfg02_G3_D32,1.8739664049935527,cuda
validation,2456,1497,Warm B,-0.00382532668299973,0.1111111119389534,0.13305509090423584,0.6172839506172839,1.7881393432617188e-07,0.37159088253974915,0.3517743647098541,cfg02_G3_D32,cfg02_G3_D32,1.8739664049935527,cuda
validation,2456,1497,Warm C,-0.0008104505832307041,0.1111111119389534,0.13096311688423157,0.5925925925925926,2.384185791015625e-07,0.5032588243484497,0.4574713706970215,cfg02_G3_D32,cfg02_G3_D32,1.8739664049935527,cuda
validation,2459,1500,Cold,0.007803245913237333,0.1111111119389534,0.13270099461078644,0.7901234567901234,2.384185791015625e-07,0.0,0.0,cfg02_G3_D32,cfg02_G3_D32,1.8739664049935527,cuda
validation,2459,1500,Warm A,0.005037365015596151,0.1111111119389534,0.12461642175912857,0.7037037037037037,1.1920928955078125e-07,0.22411228716373444,0.6113130450248718,cfg02_G3_D32,cfg02_G3_D32,1.8739664049935527,cuda
validation,2459,1500,Warm B,0.00792571809142828,0.1111111119389534,0.1353836953639984,0.7654320987654321,2.384185791015625e-07,0.3019985854625702,0.7276021838188171,cfg02_G3_D32,cfg02_G3_D32,1.8739664049935527,cuda
validation,2459,1500,Warm C,0.007273489143699408,0.111111119389534,0.12670652568340302,0.7654320987654321,1.1920928955078125e-07,0.391135573387146,0.6695494651794434,cfg02_G3_D32,cfg02_G3_D32,1.8739664049935527,cuda
validation,2471,1508,Cold,0.002533232094720006,0.1111111119389534,0.09777294844388962,0.8641975308641975,1.1920928955078125e-07,0.0,0.0,cfg02_G3_D32,cfg02_G3_D32,1.8739664049935527,cuda
validation,2471,1508,Warm A,-0.0012808720348402858,0.1111111119389534,0.1166856586933136,0.691358024691358,2.384185791015625e-07,0.2305750548839569,0.48477068543434143,cfg02_G3_D32,cfg02_G3_D32,1.8739664049935527,cuda
validation,2471,1508,Warm B,-0.00020250622765161097,0.1111111119389534,0.12268538028001785,0.7037037037037037,1.1920928955078125e-07,0.29006221890449524,0.35384565591812134,cfg02_G3_D32,cfg02_G3_D32,1.8739664049935527,cuda
validation,2471,1508,Warm C,-0.0032149958424270153,0.1111111119389534,0.14193837344646454,0.5802469135802469,1.1920928955078125e-07,0.39070332050323486,0.457035630941391,cfg02_G3_D32,cfg02_G3_D32,1.8739664049935527,cuda
validation,2478,1514,Cold,0.006408460438251495,0.1111111119389534,0.10174541175365448,0.8888888888888888,2.384185791015625e-07,0.0,0.0,cfg02_G3_D32,cfg02_G3_D32,1.8739664049935527,cuda
validation,2478,1514,Warm A,0.0023172437213361263,0.1111110970377922,0.09998009353876114,0.8518518518518519,2.384185791015625e-07,0.2379641979932785,0.6351105570793152,cfg02_G3_D32,cfg02_G3_D32,1.8739664049935527,cuda
validation,2478,1514,Warm B,0.004720805678516626,0.1111111119389534,0.09912782162427902,0.8641975308641975,1.1920928955078125e-07,0.35155242681503296,0.7286309599876404,cfg02_G3_D32,cfg02_G3_D32,1.8739664049935527,cuda
validation,2478,1514,Warm C,0.0017844949616119266,0.1111111119389534,0.1040867418050766,0.8271604938271605,1.1920928955078125e-07,0.4399681091308594,0.6269838809967041,cfg02_G3_D32,cfg02_G3_D32,1.8739664049935527,cuda
validation,2501,1525,Cold,0.006611225660890341,0.1111111119389534,0.09363079071044922,0.9012345679012346,2.384185791015625e-07,0.0,0.0,cfg02_G3_D32,cfg02_G3_D32,1.8739664049935527,cuda
validation,2501,1525,Warm A,0.00539025105535984,0.1111110970377922,0.10196033865213394,0.8765432098765432,1.1920928955078125e-07,0.2452532798051834,0.4170861840248108,cfg02_G3_D32,cfg02_G3_D32,1.8739664049935527,cuda
validation,2501,1525,Warm B,0.003094406332820654,0.1111110970377922,0.11061156541109085,0.7777777777777778,1.1920928955078125e-07,0.40939024090766907,0.3578936755657196,cfg02_G3_D32,cfg02_G3_D32,1.8739664049935527,cuda
validation,2501,1525,Warm C,0.005441281013190746,0.1111111119389534,0.11625632643699646,0.7901234567901234,2.384185791015625e-07,0.4085555672645569,0.3019472658634186,cfg02_G3_D32,cfg02_G3_D32,1.8739664049935527,cuda
validation,2518,1534,Cold,0.006250368896871805,0.1111111119389534,0.11076642572879791,0.8765432098765432,1.7881393432617188e-07,0.0,0.0,cfg02_G3_D32,cfg02_G3_D32,1.8739664049935527,cuda
validation,2518,1534,Warm A,0.0023995882365852594,0.1111111119389534,0.10848575085401535,0.7407407407407407,1.1920928955078125e-07,0.24319231510162354,0.6126386523246765,cfg02_G3_D32,cfg02_G3_D32,1.8739664049935527,cuda
validation,2518,1534,Warm B,0.0022434943821281195,0.1111110970377922,0.10875877737998962,0.7407407407407407,1.7881393432617188e-07,0.30098628997802734,0.6280137896537781,cfg02_G3_D32,cfg02_G3_D32,1.8739664049935527,cuda
validation,2518,1534,Warm C,0.007095492910593748,0.1111111119389534,0.10820814222097397,0.8271604938271605,1.1920928955078125e-07,0.30754727125167847,0.7025195956230164,cfg02_G3_D32,cfg02_G3_D32,1.8739664049935527,cuda
validation,2532,1547,Cold,0.0077980151399970055,0.111111119389534,0.14239855110645294,0.7530864197530864,2.384185791015625e-07,0.0,0.0,cfg02_G3_D32,cfg02_G3_D32,1.8739664049935527,cuda
validation,2532,1547,Warm A,0.0034294668585062027,0.111111119389534,0.13436275720596313,0.6419753086419753,2.384185791015625e-07,0.24265627562999725,0.47905418276786804,cfg02_G3_D32,cfg02_G3_D32,1.8739664049935527,cuda
validation,2532,1547,Warm B,-0.0022139772772789,0.1111111119389534,0.13318821787834167,0.6172839506172839,1.1920928955078125e-07,0.3690429627895355,0.518033504486084,cfg02_G3_D32,cfg02_G3_D32,1.8739664049935527,cuda
validation,2532,1547,Warm C,0.0008062412380240858,0.1111111119389534,0.13297145068645477,0.6419753086419753,2.384185791015625e-07,0.34771066904067993,0.5115705728530884,cfg02_G3_D32,cfg02_G3_D32,1.8739664049935527,cuda
validation,2533,1548,Cold,0.00743439607322216,0.1111111119389534,0.14381155371665955,0.7283950617283951,2.384185791015625e-07,0.0,0.0,cfg02_G3_D32,cfg02_G3_D32,1.8739664049935527,cuda
validation,2533,1548,Warm A,0.004083366133272648,0.1111111119389534,0.13517771661281586,0.654320987654321,2.384185791015625e-07,0.23018677532672882,0.6479522585868835,cfg02_G3_D32,cfg02_G3_D32,1.8739664049935527,cuda
validation,2533,1548,Warm B,-5.235504431766458e-05,0.1111111119389534,0.13680551946163177,0.5679012345679012,1.1920928955078125e-07,0.3214683532714844,0.4659517705440521,cfg02_G3_D32,cfg02_G3_D32,1.8739664049935527,cuda
validation,2533,1548,Warm C,0.0018988685915246606,0.1111111119389534,0.13624435663223267,0.6419753086419753,1.1920928955078125e-07,0.47358202934265137,0.569134533405304,cfg02_G3_D32,cfg02_G3_D32,1.8739664049935527,cuda
validation,2541,1552,Cold,0.005973127670586109,0.1111111119389534,0.09178605675697327,0.9135802469135802,1.7881393432617188e-07,0.0,0.0,cfg02_G3_D32,cfg02_G3_D32,1.8739664049935527,cuda
validation,2541,1552,Warm A,0.0040358854457736015,0.111111119389534,0.09951476007699966,0.8641975308641975,2.384185791015625e-07,0.21844953298568726,0.5335132479667664,cfg02_G3_D32,cfg02_G3_D32,1.8739664049935527,cuda
validation,2541,1552,Warm B,0.005636024754494429,0.1111111119389534,0.09481420367956161,0.8765432098765432,2.384185791015625e-07,0.3453177511692047,0.6379877924919128,cfg02_G3_D32,cfg02_G3_D32,1.8739664049935527,cuda
validation,2541,1552,Warm C,0.0035557816736400127,0.1111111119389534,0.11223720759153366,0.7777777777777778,1.1920928955078125e-07,0.4329722225666046,0.6116855144500732,cfg02_G3_D32,cfg02_G3_D32,1.8739664049935527,cuda
validation,2542,1553,Cold,0.004169608931988478,0.1111111119389534,0.09227883070707321,0.8888888888888888,2.384185791015625e-07,0.0,0.0,cfg02_G3_D32,cfg02_G3_D32,1.8739664049935527,cuda
validation,2542,1553,Warm A,0.005858240649104118,0.1111111119389534,0.09535569697618484,0.8641975308641975,2.384185791015625e-07,0.2429448664188385,0.6606103777885437,cfg02_G3_D32,cfg02_G3_D32,1.8739664049935527,cuda
validation,2542,1553,Warm B,0.005534880328923464,0.1111111119389534,0.09476043283939362,0.8271604938271605,1.7881393432617188e-07,0.31023719906806946,0.4784007966518402,cfg02_G3_D32,cfg02_G3_D32,1.8739664049935527,cuda
validation,2542,1553,Warm C,0.004349083639681339,0.111111119389534,0.10337319225072861,0.7777777777777778,1.1920928955078125e-07,0.46112048625946045,0.4131293296813965,cfg02_G3_D32,cfg02_G3_D32,1.8739664049935527,cuda
validation,2565,1565,Cold,0.011770937591791153,0.1111111119389534,0.1792074739933014,0.5308641975308642,4.76837158203125e-07,0.0,0.0,cfg02_G3_D32,cfg02_G3_D32,1.8739664049935527,cuda
validation,2565,1565,Warm A,0.008232053369283676,0.1111111119389534,0.1700606495141983,0.5432098765432098,1.7881393432617188e-07,0.24446754157543182,0.5927316546440125,cfg02_G3_D32,cfg02_G3_D32,1.8739664049935527,cuda
validation,2565,1565,Warm B,0.008236118592321873,0.1111111119389534,0.18077312409877777,0.5308641975308642,2.384185791015625e-07,0.31674644351005554,0.46570101380348206,cfg02_G3_D32,cfg02_G3_D32,1.8739664049935527,cuda
validation,2565,1565,Warm C,0.01045932900160551,0.1111111119389534,0.18783988058567047,0.5185185185185185,2.384185791015625e-07,0.34299975633621216,0.5170587301254272,cfg02_G3_D32,cfg02_G3_D32,1.8739664049935527,cuda
validation,2567,1566,Cold,0.004777839872986078,0.111111119389534,0.08667966723442078,0.9259259259259259,1.7881393432617188e-07,0.0,0.0,cfg02_G3_D32,cfg02_G3_D32,1.8739664049935527,cuda
validation,2567,1566,Warm A,0.003455178579315543,0.1111110970377922,0.10602420568466187,0.8271604938271605,1.7881393432617188e-07,0.22594112157821655,0.5829493403434753,cfg02_G3_D32,cfg02_G3_D32,1.8739664049935527,cuda
validation,2567,1566,Warm B,0.004638982471078634,0.1111111119389534,0.08865844458341599,0.9012345679012346,1.7881393432617188e-07,0.27485623955726624,0.6124720573425293,cfg02_G3_D32,cfg02_G3_D32,1.8739664049935527,cuda
validation,2567,1566,Warm C,0.001608869875781238,0.111111119389534,0.10409078747034073,0.8271604938271605,1.1920928955078125e-07,0.3884696662425995,0.5851327776908875,cfg02_G3_D32,cfg02_G3_D32,1.8739664049935527,cuda
validation,2580,1573,Cold,0.003530560526996851,0.111111119389534,0.09415742009878159,0.8888888888888888,1.1920928955078125e-07,0.0,0.0,cfg02_G3_D32,cfg02_G3_D32,1.8739664049935527,cuda
validation,2580,1573,Warm A,0.004857680760324001,0.1111110970377922,0.09233944118022919,0.8765432098765432,1.7881393432617188e-07,0.24366362392902374,0.5038090944290161,cfg02_G3_D32,cfg02_G3_D32,1.8739664049935527,cuda
validation,2580,1573,Warm B,0.0027643730863928795,0.1111110970377922,0.09717889130115509,0.8641975308641975,1.1920928955078125e-07,0.27350950241088867,0.6639769077301025,cfg02_G3_D32,cfg02_G3_D32,1.8739664049935527,cuda
validation,2580,1573,Warm C,0.005598460324108601,0.111111119389534,0.09622576832771301,0.8641975308641975,1.1920928955078125e-07,0.3194301724433899,0.6856827735900879,cfg02_G3_D32,cfg02_G3_D32,1.8739664049935527,cuda
validation,2599,1583,Cold,0.004777842666953802,0.111111119389534,0.08667966723442078,0.9259259259259259,1.1920928955078125e-07,0.0,0.0,cfg02_G3_D32,cfg02_G3_D32,1.8739664049935527,cuda
validation,2599,1583,Warm A,0.005729109980165958,0.111111119389534,0.09069270640611649,0.8888888888888888,2.384185791015625e-07,0.24394428730010986,0.663228452205658,cfg02_G3_D32,cfg02_G3_D32,1.8739664049935527,cuda
validation,2599,1583,Warm B,0.004898454062640667,0.1111111119389534,0.09926784783601761,0.8395061728395061,1.1920928955078125e-07,0.41140493750572205,0.5591344237327576,cfg02_G3_D32,cfg02_G3_D32,1.8739664049935527,cuda
validation,2599,1583,Warm C,0.005541036371141672,0.111111119389534,0.1055082157254219,0.8518518518518519,1.1920928955078125e-07,0.5009841322898865,0.5712146759033203,cfg02_G3_D32,cfg02_G3_D32,1.8739664049935527,cuda
validation,2616,1593,Cold,0.0039088306948542595,0.1111111119389534,0.0947263240814209,0.8888888888888888,2.384185791015625e-07,0.0,0.0,cfg02_G3_D32,cfg02_G3_D32,1.8739664049935527,cuda
validation,2616,1593,Warm A,0.0014350211713463068,0.1111110970377922,0.11233018338680267,0.7777777777777778,1.1920928955078125e-07,0.23856671154499054,0.618069052696228,cfg02_G3_D32,cfg02_G3_D32,1.8739664049935527,cuda
validation,2616,1593,Warm B,-0.0005120137357152998,0.1111111119389534,0.13281060755252838,0.6419753086419753,1.1920928955078125e-07,0.33765092492103577,0.2937687337398529,cfg02_G3_D32,cfg02_G3_D32,1.8739664049935527,cuda
validation,2616,1593,Warm C,0.0022238846868276596,0.1111111119389534,0.11579638719558716,0.691358024691358,1.7881393432617188e-07,0.4853500723838806,0.663957417011261,cfg02_G3_D32,cfg02_G3_D32,1.8739664049935527,cuda
validation,2641,1605,Cold,0.0020708581432700157,0.111111119389534,0.11600814014673233,0.7407407407407407,1.1920928955078125e-07,0.0,0.0,cfg02_G3_D32,cfg02_G3_D32,1.8739664049935527,cuda
validation,2641,1605,Warm A,-0.001397861517034471,0.1111111119389534,0.12802796065807343,0.6296296296296297,1.1920928955078125e-07,0.22898371517658234,0.4440273344516754,cfg02_G3_D32,cfg02_G3_D32,1.8739664049935527,cuda
validation,2641,1605,Warm B,0.0007801376050338149,0.1111111119389534,0.11639557778835297,0.7283950617283951,2.384185791015625e-07,0.2398204505443573,0.6233597993850708,cfg02_G3_D32,cfg02_G3_D32,1.8739664049935527,cuda
validation,2641,1605,Warm C,0.0047076246701180935,0.1111111119389534,0.11454189568758011,0.7654320987654321,1.1920928955078125e-07,0.3738538920879364,0.7564894556999207,cfg02_G3_D32,cfg02_G3_D32,1.8739664049935527,cuda
validation,2668,1621,Cold,0.005164069123566151,0.1111111119389534,0.09800950437784195,0.8888888888888888,5.960464477539063e-08,0.0,0.0,cfg02_G3_D32,cfg02_G3_D32,1.8739664049935527,cuda
validation,2668,1621,Warm A,0.001587323728017509,0.1111111119389534,0.10264419764280319,0.8395061728395061,2.384185791015625e-07,0.23593327403068542,0.5857238173484802,cfg02_G3_D32,cfg02_G3_D32,1.8739664049935527,cuda
validation,2668,1621,Warm B,-0.0020738239400088787,0.1111111119389534,0.11938760429620743,0.691358024691358,1.1920928955078125e-07,0.4176594913005829,0.42112284898757935,cfg02_G3_D32,cfg02_G3_D32,1.8739664049935527,cuda
validation,2668,1621,Warm C,-0.006189811509102583,0.1111111119389534,0.13912333548069,0.6172839506172839,2.384185791015625e-07,0.6120988130569458,0.1621696650981903,cfg02_G3_D32,cfg02_G3_D32,1.8739664049935527,cuda
validation,2671,1624,Cold,0.0027919476851820946,0.1111111119389534,0.09680348634719849,0.8765432098765432,2.384185791015625e-07,0.0,0.0,cfg02_G3_D32,cfg02_G3_D32,1.8739664049935527,cuda
validation,2671,1624,Warm A,0.0020497937221080065,0.1111111119389534,0.1056043803691864,0.8641975308641975,1.1920928955078125e-07,0.21983952820301056,0.6149619221687317,cfg02_G3_D32,cfg02_G3_D32,1.8739664049935527,cuda
validation,2671,1624,Warm B,0.0019504576921463013,0.1111111119389534,0.09356307983398438,0.8641975308641975,2.384185791015625e-07,0.30297523736953735,0.6161249279975891,cfg02_G3_D32,cfg02_G3_D32,1.8739664049935527,cuda
validation,2671,1624,Warm C,0.0025352523662149906,0.1111111119389534,0.09210018813610077,0.8641975308641975,2.384185791015625e-07,0.32982566952705383,0.7147678136825562,cfg02_G3_D32,cfg02_G3_D32,1.8739664049935527,cuda
validation,2677,1627,Cold,0.005968654993921518,0.111111119389534,0.0890948474407196,0.9382716049382716,2.384185791015625e-07,0.0,0.0,cfg02_G3_D32,cfg02_G3_D32,1.8739664049935527,cuda
validation,2677,1627,Warm A,0.006361347623169422,0.1111110970377922,0.09365224838256836,0.8765432098765432,1.1920928955078125e-07,0.2421555370092392,0.5112821459770203,cfg02_G3_D32,cfg02_G3_D32,1.8739664049935527,cuda
validation,2677,1627,Warm B,0.007384464144706726,0.111111119389534,0.1028972864151001,0.8395061728395061,2.384185791015625e-07,0.30946242809295654,0.7347423434257507,cfg02_G3_D32,cfg02_G3_D32,1.8739664049935527,cuda
validation,2677,1627,Warm C,0.007728982716798782,0.1111111119389534,0.09567677974700928,0.8765432098765432,1.7881393432617188e-07,0.32091668248176575,0.5557109713554382,cfg02_G3_D32,cfg02_G3_D32,1.8739664049935527,cuda
validation,2706,1642,Cold,0.004566603805869818,0.1111110970377922,0.08657015860080719,0.9135802469135802,1.1920928955078125e-07,0.0,0.0,cfg02_G3_D32,cfg02_G3_D32,1.8739664049935527,cuda
validation,2706,1642,Warm A,0.004677062388509512,0.1111111119389534,0.08155717700719833,0.9382716049382716,2.384185791015625e-07,0.22568269073963165,0.4978313446044922,cfg02_G3_D32,cfg02_G3_D32,1.8739664049935527,cuda
validation,2706,1642,Warm B,0.004885334055870771,0.1111111119389534,0.08556065708398819,0.9506172839506173,1.1920928955078125e-07,0.2895498275756836,0.7245030999183655,cfg02_G3_D32,cfg02_G3_D32,1.8739664049935527,cuda
validation,2706,1642,Warm C,0.005076913628727198,0.1111111119389534,0.09375233203172684,0.8888888888888888,1.1920928955078125e-07,0.4212695360183716,0.6088229417800903,cfg02_G3_D32,cfg02_G3_D32,1.8739664049935527,cuda
validation,2723,1656,Cold,0.005076122935861349,0.111111119389534,0.08640909940004349,0.9135802469135802,1.1920928955078125e-07,0.0,0.0,cfg02_G3_D32,cfg02_G3_D32,1.8739664049935527,cuda
validation,2723,1656,Warm A,0.004147015046328306,0.1111110970377922,0.1025872677564621,0.8518518518518519,1.1920928955078125e-07,0.2028074562549591,0.6683746576309204,cfg02_G3_D32,cfg02_G3_D32,1.8739664049935527,cuda
validation,2723,1656,Warm B,0.0038206095341593027,0.1111110970377922,0.10970092564821243,0.7901234567901234,2.384185791015625e-07,0.3425036370754242,0.650436520576477,cfg02_G3_D32,cfg02_G3_D32,1.8739664049935527,cuda
validation,2723,1656,Warm C,0.00641418993473053,0.1111110970377922,0.09544745832681656,0.8888888888888888,1.1920928955078125e-07,0.38208168745040894,0.7508043646812439,cfg02_G3_D32,cfg02_G3_D32,1.8739664049935527,cuda
validation,2739,1669,Cold,0.006903014145791531,0.1111111119389534,0.10894273966550827,0.8888888888888888,2.384185791015625e-07,0.0,0.0,cfg02_G3_D32,cfg02_G3_D32,1.8739664049935527,cuda
validation,2739,1669,Warm A,0.005746852606534958,0.1111110970377922,0.10943297296762466,0.8518518518518519,2.384185791015625e-07,0.24778172373771667,0.5683132410049438,cfg02_G3_D32,cfg02_G3_D32,1.8739664049935527,cuda
validation,2739,1669,Warm B,0.006688220892101526,0.111111119389534,0.11278104037046432,0.8395061728395061,2.384185791015625e-07,0.29153406620025635,0.751980721950531,cfg02_G3_D32,cfg02_G3_D32,1.8739664049935527,cuda
validation,2739,1669,Warm C,0.00886193010956049,0.1111111119389534,0.12710274755954742,0.7777777777777778,1.1920928955078125e-07,0.4588598608970642,0.6250767111778259,cfg02_G3_D32,cfg02_G3_D32,1.8739664049935527,cuda
validation,2759,1679,Cold,0.004777840804308653,0.111111119389534,0.08667967468500137,0.9259259259259259,1.1920928955078125e-07,0.0,0.0,cfg02_G3_D32,cfg02_G3_D32,1.8739664049935527,cuda
validation,2759,1679,Warm A,0.0036060581915080547,0.1111111119389534,0.10602393746376038,0.8395061728395061,1.1920928955078125e-07,0.21979209780693054,0.5271670818328857,cfg02_G3_D32,cfg02_G3_D32,1.8739664049935527,cuda
validation,2759,1679,Warm B,0.006446852348744869,0.1111111119389534,0.08613225817680359,0.8888888888888888,1.7881393432617188e-07,0.3448088765144348,0.6939501166343689,cfg02_G3_D32,cfg02_G3_D32,1.8739664049935527,cuda
validation,2759,1679,Warm C,0.006212366744875908,0.1111111119389534,0.08676578104496002,0.9135802469135802,1.1920928955078125e-07,0.4294211268424988,0.6272485852241516,cfg02_G3_D32,cfg02_G3_D32,1.8739664049935527,cuda
validation,2791,1699,Cold,0.005216036923229694,0.1111111119389534,0.11315321922302246,0.8148148148148148,1.1920928955078125e-07,0.0,0.0,cfg02_G3_D32,cfg02_G3_D32,1.8739664049935527,cuda
validation,2791,1699,Warm A,0.008048503659665585,0.1111111119389534,0.12156949937343597,0.8765432098765432,2.384185791015625e-07,0.2305517941713333,0.673820436000824,cfg02_G3_D32,cfg02_G3_D32,1.8739664049935527,cuda
validation,2791,1699,Warm B,0.008679947815835476,0.1111111119389534,0.13114327192306519,0.8148148148148148,2.384185791015625e-07,0.36655232310295105,0.587321400642395,cfg02_G3_D32,cfg02_G3_D32,1.8739664049935527,cuda
validation,2791,1699,Warm C,0.007845855318009853,0.1111110970377922,0.13201117515563965,0.7530864197530864,1.7881393432617188e-07,0.41390472650527954,0.4224335849285126,cfg02_G3_D32,cfg02_G3_D32,1.8739664049935527,cuda
validation,2792,1700,Cold,0.005693916231393814,0.1111111119389534,0.11053933203220367,0.8395061728395061,2.384185791015625e-07,0.0,0.0,cfg02_G3_D32,cfg02_G3_D32,1.8739664049935527,cuda
validation,2792,1700,Warm A,0.003133449936285615,0.1111111119389534,0.11327668279409409,0.7407407407407407,1.1920928955078125e-07,0.22895146906375885,0.643605649471283,cfg02_G3_D32,cfg02_G3_D32,1.8739664049935527,cuda
validation,2792,1700,Warm B,0.00036379677476361394,0.1111110970377922,0.12412353605031967,0.6296296296296297,1.7881393432617188e-07,0.39516863226890564,0.5299917459487915,cfg02_G3_D32,cfg02_G3_D32,1.8739664049935527,cuda
validation,2792,1700,Warm C,0.003123705508187413,0.1111111119389534,0.12371372431516647,0.6296296296296297,1.1920928955078125e-07,0.5283142924308777,0.6263006925582886,cfg02_G3_D32,cfg02_G3_D32,1.8739664049935527,cuda
validation,2797,1705,Cold,0.004599040374159813,0.11111108958721161,0.08747514337301254,0.9012345679012346,1.7881393432617188e-07,0.0,0.0,cfg02_G3_D32,cfg02_G3_D32,1.8739664049935527,cuda
validation,2797,1705,Warm A,0.004632079508155584,0.1111111119389534,0.09099368751049042,0.9259259259259259,2.384185791015625e-07,0.23486341536045074,0.547264039516449,cfg02_G3_D32,cfg02_G3_D32,1.8739664049935527,cuda
validation,2797,1705,Warm B,0.0033652230631560087,0.1111111119389534,0.09569520503282547,0.8888888888888888,1.7881393432617188e-07,0.3899100720882416,0.5718907117843628,cfg02_G3_D32,cfg02_G3_D32,1.8739664049935527,cuda
validation,2797,1705,Warm C,0.002839511726051569,0.1111111119389534,0.08825241029262543,0.9259259259259259,1.1920928955078125e-07,0.4125887453556061,0.6871623992919922,cfg02_G3_D32,cfg02_G3_D32,1.8739664049935527,cuda
validation,2804,1711,Cold,0.008277271874248981,0.1111111119389534,0.12419252097606659,0.8641975308641975,2.384185791015625e-07,0.0,0.0,cfg02_G3_D32,cfg02_G3_D32,1.8739664049935527,cuda
validation,2804,1711,Warm A,0.008651291951537132,0.1111110970377922,0.13583429157733917,0.7777777777777778,2.980232238769531e-07,0.22644558548927307,0.49789533019065857,cfg02_G3_D32,cfg02_G3_D32,1.8739664049935527,cuda
validation,2804,1711,Warm B,0.008862483315169811,0.1111111119389534,0.1478900909423828,0.691358024691358,1.1920928955078125e-07,0.35814914107322693,0.3805501163005829,cfg02_G3_D32,cfg02_G3_D32,1.8739664049935527,cuda
validation,2804,1711,Warm C,0.010326255112886429,0.1111111119389534,0.13881812989711761,0.7777777777777778,2.384185791015625e-07,0.3513697385787964,0.5719835758209229,cfg02_G3_D32,cfg02_G3_D32,1.8739664049935527,cuda
validation,2808,1715,Cold,0.002408916363492608,0.1111111119389534,0.0895531177520752,0.9012345679012346,1.7881393432617188e-07,0.0,0.0,cfg02_G3_D32,cfg02_G3_D32,1.8739664049935527,cuda
validation,2808,1715,Warm A,-0.0006358567625284195,0.1111111119389534,0.11423233151435852,0.7407407407407407,1.1920928955078125e-07,0.24030092358589172,0.4947660565376282,cfg02_G3_D32,cfg02_G3_D32,1.8739664049935527,cuda
validation,2808,1715,Warm B,-0.002701654564589262,0.1111111119389534,0.13267174363136292,0.5925925925925926,1.1920928955078125e-07,0.3984663784503937,0.3650258481502533,cfg02_G3_D32,cfg02_G3_D32,1.8739664049935527,cuda
validation,2808,1715,Warm C,-0.0035748702939599752,0.1111111119389534,0.14939816296100616,0.5432098765432098,2.384185791015625e-07,0.4012865126132965,0.31985995173454285,cfg02_G3_D32,cfg02_G3_D32,1.8739664049935527,cuda
validation,2815,1716,Cold,0.006160793360322714,0.1111111119389534,0.10320154577493668,0.8765432098765432,2.384185791015625e-07,0.0,0.0,cfg02_G3_D32,cfg02_G3_D32,1.8739664049935527,cuda
validation,2815,1716,Warm A,0.0032513521146029234,0.1111111119389534,0.10557018220424652,0.7901234567901234,1.1920928955078125e-07,0.23505672812461853,0.6495867967605591,cfg02_G3_D32,cfg02_G3_D32,1.8739664049935527,cuda
validation,2815,1716,Warm B,4.388097659102641e-05,0.1111111119389534,0.12009522318840027,0.6790123456790124,2.384185791015625e-07,0.42227232456207275,0.4142487943172455,cfg02_G3_D32,cfg02_G3_D32,1.8739664049935527,cuda
validation,2815,1716,Warm C,-0.002743371529504657,0.1111111119389534,0.13675428926944733,0.6419753086419753,1.1920928955078125e-07,0.6403958201408386,0.2362470179796219,cfg02_G3_D32,cfg02_G3_D32,1.8739664049935527,cuda
validation,2841,1727,Cold,0.004911411087960005,0.1111111119389534,0.10057606548070908,0.8271604938271605,1.1920928955078125e-07,0.0,0.0,cfg02_G3_D32,cfg02_G3_D32,1.8739664049935527,cuda
validation,2841,1727,Warm A,0.006786598823964596,0.1111111119389534,0.10386394709348679,0.8271604938271605,1.1920928955078125e-07,0.23512248694896698,0.6716268658638,cfg02_G3_D32,cfg02_G3_D32,1.8739664049935527,cuda
validation,2841,1727,Warm B,0.00730095012113452,0.1111111119389534,0.09908123314380646,0.8888888888888888,1.7881393432617188e-07,0.3087703585624695,0.6204863786697388,cfg02_G3_D32,cfg02_G3_D32,1.8739664049935527,cuda
validation,2841,1727,Warm C,0.0074073621071875095,0.1111111119389534,0.09973136335611343,0.8641975308641975,1.7881393432617188e-07,0.38350003957748413,0.5672255754470825,cfg02_G3_D32,cfg02_G3_D32,1.8739664049935527,cuda
validation,2857,1733,Cold,0.009342744946479797,0.1111111119389534,0.1513872593641281,0.691358024691358,5.960464477539063e-08,0.0,0.0,cfg02_G3_D32,cfg02_G3_D32,1.8739664049935527,cuda
validation,2857,1733,Warm A,0.0075883627869188786,0.1111111119389534,0.144069641828537,0.7037037037037037,2.384185791015625e-07,0.23053844273090363,0.7692365050315857,cfg02_G3_D32,cfg02_G3_D32,1.8739664049935527,cuda
validation,2857,1733,Warm B,0.004327717702835798,0.111111119389534,0.14528398215770721,0.6790123456790124,1.1920928955078125e-07,0.3149256706237793,0.4896202087402344,cfg02_G3_D32,cfg02_G3_D32,1.8739664049935527,cuda
validation,2857,1733,Warm C,0.004152899608016014,0.1111111119389534,0.14486220479011536,0.654320987654321,2.384185791015625e-07,0.456584095954895,0.5287755131721497,cfg02_G3_D32,cfg02_G3_D32,1.8739664049935527,cuda
validation,2858,1734,Cold,0.005233502946794033,0.1111110970377922,0.08907757699489594,0.9135802469135802,2.384185791015625e-07,0.0,0.0,cfg02_G3_D32,cfg02_G3_D32,1.8739664049935527,cuda
validation,2858,1734,Warm A,0.0035941365640610456,0.111111119389534,0.09357204288244247,0.8888888888888888,1.1920928955078125e-07,0.23826207220554352,0.6106775403022766,cfg02_G3_D32,cfg02_G3_D32,1.8739664049935527,cuda
validation,2858,1734,Warm B,0.002793465042486787,0.111111119389534,0.10259745270013809,0.8765432098765432,2.384185791015625e-07,0.39563217759132385,0.39467594027519226,cfg02_G3_D32,cfg02_G3_D32,1.8739664049935527,cuda
validation,2858,1734,Warm C,0.0020345309749245644,0.1111111119389534,0.11151913553476334,0.7654320987654321,2.384185791015625e-07,0.5392408967018127,0.29875221848487854,cfg02_G3_D32,cfg02_G3_D32,1.8739664049935527,cuda
validation,2863,1739,Cold,0.01173893641680479,0.1111111119389534,0.17086656391620636,0.5555555555555556,2.384185791015625e-07,0.0,0.0,cfg02_G3_D32,cfg02_G3_D32,1.8739664049935527,cuda
validation,2863,1739,Warm A,0.01130416989326477,0.1111111119389534,0.16172409057617188,0.6296296296296297,2.384185791015625e-07,0.2190861999988556,0.6927337050437927,cfg02_G3_D32,cfg02_G3_D32,1.8739664049935527,cuda
validation,2863,1739,Warm B,0.006971990689635277,0.1111111119389534,0.1551836133003235,0.6296296296296297,4.76837158203125e-07,0.36410167813301086,0.6068639159202576,cfg02_G3_D32,cfg02_G3_D32,1.8739664049935527,cuda
validation,2863,1739,Warm C,0.0030979595612734556,0.1111111119389534,0.1497451663017273,0.6172839506172839,2.384185791015625e-07,0.514656126499176,0.5733972191810608,cfg02_G3_D32,cfg02_G3_D32,1.8739664049935527,cuda
validation,2877,1748,Cold,0.008534051477909088,0.1111111119389534,0.13611778616905212,0.8148148148148148,1.1920928955078125e-07,0.0,0.0,cfg02_G3_D32,cfg02_G3_D32,1.8739664049935527,cuda
validation,2877,1748,Warm A,0.0035490202717483044,0.1111110970377922,0.1257394403219223,0.7654320987654321,2.384185791015625e-07,0.23264272511005402,0.700934112071991,cfg02_G3_D32,cfg02_G3_D32,1.8739664049935527,cuda
validation,2877,1748,Warm B,-0.0007676060195080936,0.111111119389534,0.12227359414100647,0.6666666666666666,1.1920928955078125e-07,0.3547424077987671,0.6214014291763306,cfg02_G3_D32,cfg02_G3_D32,1.8739664049935527,cuda
validation,2877,1748,Warm C,-0.004636469762772322,0.1111111119389534,0.12526118755340576,0.6419753086419753,2.384185791015625e-07,0.40324750542640686,0.5392194986343384,cfg02_G3_D32,cfg02_G3_D32,1.8739664049935527,cuda
validation,2883,1753,Cold,0.0047778477892279625,0.111111119389534,0.08667964488267899,0.9259259259259259,2.384185791015625e-07,0.0,0.0,cfg02_G3_D32,cfg02_G3_D32,1.8739664049935527,cuda
validation,2883,1753,Warm A,0.00453543895855546,0.1111110970377922,0.08622907102108002,0.9012345679012346,1.1920928955078125e-07,0.23141250014305115,0.5692140460014343,cfg02_G3_D32,cfg02_G3_D32,1.8739664049935527,cuda
validation,2883,1753,Warm B,0.004373613279312849,0.1111111119389534,0.08801189810037613,0.9259259259259259,1.7881393432617188e-07,0.24100196361541748,0.681760311126709,cfg02_G3_D32,cfg02_G3_D32,1.8739664049935527,cuda
validation,2883,1753,Warm C,0.0038578046951442957,0.1111110970377922,0.0913769081234932,0.9135802469135802,1.1920928955078125e-07,0.3656713664531708,0.7180919647216797,cfg02_G3_D32,cfg02_G3_D32,1.8739664049935527,cuda
validation,2926,1779,Cold,0.005200573243200779,0.1111111119389534,0.09468702226877213,0.8888888888888888,1.7881393432617188e-07,0.0,0.0,cfg02_G3_D32,cfg02_G3_D32,1.8739664049935527,cuda
validation,2926,1779,Warm A,0.0068941880017519,0.1111111119389534,0.09877751022577286,0.9259259259259259,1.1920928955078125e-07,0.24758751690387726,0.7480973601341248,cfg02_G3_D32,cfg02_G3_D32,1.8739664049935527,cuda
validation,2926,1779,Warm B,0.004566375631839037,0.1111111119389534,0.09978868812322617,0.8271604938271605,2.384185791015625e-07,0.3054562211036682,0.6487046480178833,cfg02_G3_D32,cfg02_G3_D32,1.8739664049935527,cuda
validation,2926,1779,Warm C,0.008432529866695404,0.1111110970377922,0.09513989090919495,0.8888888888888888,1.1920928955078125e-07,0.34687918424606323,0.6182500123977661,cfg02_G3_D32,cfg02_G3_D32,1.8739664049935527,cuda
validation,2929,1782,Cold,0.007546641398221254,0.1111111119389534,0.12072616070508957,0.8765432098765432,1.7881393432617188e-07,0.0,0.0,cfg02_G3_D32,cfg02_G3_D32,1.8739664049935527,cuda
validation,2929,1782,Warm A,0.011935962364077568,0.1111111119389534,0.13068100810050964,0.8148148148148148,1.1920928955078125e-07,0.22735899686813354,0.699558675289154,cfg02_G3_D32,cfg02_G3_D32,1.8739664049935527,cuda
validation,2929,1782,Warm B,0.01172822155058384,0.1111110970377922,0.12009116262197495,0.8518518518518519,2.384185791015625e-07,0.3303039073944092,0.7036140561103821,cfg02_G3_D32,cfg02_G3_D32,1.8739664049935527,cuda
validation,2929,1782,Warm C,0.013574791140854359,0.1111111119389534,0.13228657841682434,0.8148148148148148,1.1920928955078125e-07,0.40012964606285095,0.6239558458328247,cfg02_G3_D32,cfg02_G3_D32,1.8739664049935527,cuda
validation,2948,1794,Cold,0.010634202510118484,0.1111110970377922,0.17061391472816467,0.5925925925925926,2.980232238769531e-07,0.0,0.0,cfg02_G3_D32,cfg02_G3_D32,1.8739664049935527,cuda
validation,2948,1794,Warm A,0.009751742705702782,0.1111111119389534,0.17101095616817474,0.5432098765432098,3.5762786865234375e-07,0.24324975907802582,0.548578679561615,cfg02_G3_D32,cfg02_G3_D32,1.8739664049935527,cuda
validation,2948,1794,Warm B,0.011343531310558319,0.1111111119389534,0.17598992586135864,0.5185185185185185,2.384185791015625e-07,0.3608991801738739,0.5533280372619629,cfg02_G3_D32,cfg02_G3_D32,1.8739664049935527,cuda
validation,2948,1794,Warm C,0.013630139641463757,0.1111111119389534,0.1840520203113556,0.48148148148148145,1.1920928955078125e-07,0.3980239927768707,0.5241599082946777,cfg02_G3_D32,cfg02_G3_D32,1.8739664049935527,cuda
validation,2985,1817,Cold,0.0012479569995775819,0.1111111119389534,0.1079750582575798,0.8148148148148148,2.384185791015625e-07,0.0,0.0,cfg02_G3_D32,cfg02_G3_D32,1.8739664049935527,cuda
validation,2985,1817,Warm A,-0.0023630240466445684,0.1111111119389534,0.1276100128889084,0.6419753086419753,1.1920928955078125e-07,0.23692046105861664,0.5482298135757446,cfg02_G3_D32,cfg02_G3_D32,1.8739664049935527,cuda
validation,2985,1817,Warm B,0.002010225784033537,0.1111111119389534,0.11113321781158447,0.7777777777777778,2.384185791015625e-07,0.30971986055374146,0.8310155868530273,cfg02_G3_D32,cfg02_G3_D32,1.8739664049935527,cuda
validation,2985,1817,Warm C,0.00445130979642272,0.1111111119389534,0.10337364673614502,0.8024691358024691,1.1920928955078125e-07,0.39763179421424866,0.6531797647476196,cfg02_G3_D32,cfg02_G3_D32,1.8739664049935527,cuda
validation,2987,1819,Cold,0.005149936303496361,0.1111111119389534,0.09405698627233505,0.9012345679012346,1.7881393432617188e-07,0.0,0.0,cfg02_G3_D32,cfg02_G3_D32,1.8739664049935527,cuda
validation,2987,1819,Warm A,0.0001452407450415194,0.1111111119389534,0.09916051477193832,0.8518518518518519,2.384185791015625e-07,0.21317236125469208,0.6031898856163025,cfg02_G3_D32,cfg02_G3_D32,1.8739664049935527,cuda
validation,2987,1819,Warm B,0.004927373491227627,0.1111111119389534,0.09601939469575882,0.9135802469135802,2.384185791015625e-07,0.29103660583496094,0.6493948101997375,cfg02_G3_D32,cfg02_G3_D32,1.8739664049935527,cuda
validation,2987,1819,Warm C,0.005594674032181501,0.1111111119389534,0.11034567654132843,0.8518518518518519,2.384185791015625e-07,0.4421328008174896,0.3903326094150543,cfg02_G3_D32,cfg02_G3_D32,1.8739664049935527,cuda
validation,3005,1830,Cold,0.005235739983618259,0.1111111119389534,0.10111500322818756,0.8395061728395061,1.7881393432617188e-07,0.0,0.0,cfg02_G3_D32,cfg02_G3_D32,1.8739664049935527,cuda
validation,3005,1830,Warm A,0.004611862823367119,0.1111110970377922,0.11705324053764343,0.7283950617283951,1.1920928955078125e-07,0.23839813470840454,0.584218442440033,cfg02_G3_D32,cfg02_G3_D32,1.8739664049935527,cuda
validation,3005,1830,Warm B,0.007142943330109119,0.1111111119389534,0.10338619351387024,0.8148148148148148,1.1920928955078125e-07,0.341368168592453,0.6828809976577759,cfg02_G3_D32,cfg02_G3_D32,1.8739664049935527,cuda
validation,3005,1830,Warm C,0.006823944393545389,0.1111111119389534,0.10375998914241791,0.8765432098765432,2.384185791015625e-07,0.43182042241096497,0.5949916839599609,cfg02_G3_D32,cfg02_G3_D32,1.8739664049935527,cuda
validation,3022,1841,Cold,0.01992635615170002,0.1111111119389534,0.23060455918312073,0.25925925925925924,1.1920928955078125e-07,0.0,0.0,cfg02_G3_D32,cfg02_G3_D32,1.8739664049935527,cuda
validation,3022,1841,Warm A,0.021758969873189926,0.1111111119389534,0.23368078470230103,0.25925925925925924,1.1920928955078125e-07,0.23625972867012024,0.37772631645202637,cfg02_G3_D32,cfg02_G3_D32,1.8739664049935527,cuda
validation,3022,1841,Warm B,0.024176031351089478,0.1111111119389534,0.2363283783197403,0.24691358024691357,0.0,0.4020775854587555,0.2230362743139267,cfg02_G3_D32,cfg02_G3_D32,1.8739664049935527,cuda
validation,3022,1841,Warm C,0.027101512998342514,0.1111111119389534,0.23995354771614075,0.2345679012345679,5.960464477539063e-08,0.555903971195221,0.24258695542812347,cfg02_G3_D32,cfg02_G3_D32,1.8739664049935527,cuda
validation,3037,1851,Cold,0.009002644568681717,0.1111111119389534,0.14966174960136414,0.7037037037037037,2.384185791015625e-07,0.0,0.0,cfg02_G3_D32,cfg02_G3_D32,1.8739664049935527,cuda
validation,3037,1851,Warm A,0.010850738734006882,0.1111110970377922,0.15973521769046783,0.654320987654321,2.980232238769531e-07,0.24014708399772644,0.4639296531677246,cfg02_G3_D32,cfg02_G3_D32,1.8739664049935527,cuda
validation,3037,1851,Warm B,0.008883541449904442,0.1111111119389534,0.15973730385303497,0.6296296296296297,1.1920928955078125e-07,0.293731689453125,0.3945331275463104,cfg02_G3_D32,cfg02_G3_D32,1.8739664049935527,cuda
validation,3037,1851,Warm C,0.009694050997495651,0.111111119389534,0.16787375509738922,0.6049382716049383,2.384185791015625e-07,0.4060712158679962,0.272868812084198,cfg02_G3_D32,cfg02_G3_D32,1.8739664049935527,cuda
validation,3040,1854,Cold,0.007116548717021942,0.1111111119389534,0.12418469041585922,0.8518518518518519,1.1920928955078125e-07,0.0,0.0,cfg02_G3_D32,cfg02_G3_D32,1.8739664049935527,cuda
validation,3040,1854,Warm A,0.0016117331106215715,0.111111119389534,0.11833425611257553,0.7283950617283951,2.384185791015625e-07,0.24703720211982727,0.5350744128227234,cfg02_G3_D32,cfg02_G3_D32,1.8739664049935527,cuda
validation,3040,1854,Warm B,-0.004102139733731747,0.1111111119389534,0.12161483615636826,0.6666666666666666,1.1920928955078125e-07,0.3962663412094116,0.47448262572288513,cfg02_G3_D32,cfg02_G3_D32,1.8739664049935527,cuda
validation,3040,1854,Warm C,-0.0006782689597457647,0.1111110970377922,0.11483608931303024,0.7530864197530864,1.1920928955078125e-07,0.420354425907135,0.5681007504463196,cfg02_G3_D32,cfg02_G3_D32,1.8739664049935527,cuda
validation,3062,1868,Cold,0.012698122300207615,0.1111111119389534,0.18031956255435944,0.5432098765432098,1.1920928955078125e-07,0.0,0.0,cfg02_G3_D32,cfg02_G3_D32,1.8739664049935527,cuda
validation,3062,1868,Warm A,0.013619773089885712,0.111111119389534,0.1713222712278366,0.5802469135802469,2.384185791015625e-07,0.24877814948558807,0.6420382857322693,cfg02_G3_D32,cfg02_G3_D32,1.8739664049935527,cuda
validation,3062,1868,Warm B,0.01678519695997238,0.1111111119389534,0.18284612894058228,0.5432098765432098,2.384185791015625e-07,0.3212747871875763,0.44563254714012146,cfg02_G3_D32,cfg02_G3_D32,1.8739664049935527,cuda
validation,3062,1868,Warm C,0.013001053594052792,0.1111111119389534,0.1761663407087326,0.5802469135802469,2.384185791015625e-07,0.30343058705329895,0.501122772693634,cfg02_G3_D32,cfg02_G3_D32,1.8739664049935527,cuda
validation,3072,1875,Cold,0.005448360461741686,0.1111111119389534,0.09746206551790237,0.8765432098765432,2.384185791015625e-07,0.0,0.0,cfg02_G3_D32,cfg02_G3_D32,1.8739664049935527,cuda
validation,3072,1875,Warm A,0.008671801537275314,0.1111111119389534,0.10589304566383362,0.8395061728395061,2.384185791015625e-07,0.22993993759155273,0.6392428278923035,cfg02_G3_D32,cfg02_G3_D32,1.8739664049935527,cuda
validation,3072,1875,Warm B,0.010320759378373623,0.1111110970377922,0.12020082026720047,0.7901234567901234,2.384185791015625e-07,0.36249467730522156,0.4846137464046478,cfg02_G3_D32,cfg02_G3_D32,1.8739664049935527,cuda
validation,3072,1875,Warm C,0.011440013535320759,0.1111111119389534,0.10577838122844696,0.8888888888888888,1.1920928955078125e-07,0.37577536702156067,0.48120561242103577,cfg02_G3_D32,cfg02_G3_D32,1.8739664049935527,cuda
validation,3081,1882,Cold,0.0026317969895899296,0.1111111119389534,0.09112560003995895,0.9012345679012346,2.384185791015625e-07,0.0,0.0,cfg02_G3_D32,cfg02_G3_D32,1.8739664049935527,cuda
validation,3081,1882,Warm A,0.005876392591744661,0.1111111119389534,0.07870110124349594,0.9382716049382716,2.980232238769531e-07,0.23254603147506714,0.6505921483039856,cfg02_G3_D32,cfg02_G3_D32,1.8739664049935527,cuda
validation,3081,1882,Warm B,0.006930834148079157,0.1111111119389534,0.08577190339565277,0.9012345679012346,1.1920928955078125e-07,0.396578311920166,0.5751510858535767,cfg02_G3_D32,cfg02_G3_D32,1.8739664049935527,cuda
validation,3081,1882,Warm C,0.007133121136575937,0.111111119389534,0.0909828320145607,0.9259259259259259,2.384185791015625e-07,0.5011725425720215,0.5825705528259277,cfg02_G3_D32,cfg02_G3_D32,1.8739664049935527,cuda
validation,3088,1887,Cold,0.014427806250751019,0.1111111119389534,0.19935175776481628,0.41975308641975306,1.1920928955078125e-07,0.0,0.0,cfg02_G3_D32,cfg02_G3_D32,1.8739664049935527,cuda
validation,3088,1887,Warm A,0.011516348458826542,0.1111111119389534,0.2017212212085724,0.3950617283950617,2.384185791015625e-07,0.2491201013326645,0.46213865280151367,cfg02_G3_D32,cfg02_G3_D32,1.8739664049935527,cuda
validation,3088,1887,Warm B,0.012211012654006481,0.1111111119389534,0.20460861921310425,0.3950617283950617,1.7881393432617188e-07,0.39033275842666626,0.3973742127418518,cfg02_G3_D32,cfg02_G3_D32,1.8739664049935527,cuda
validation,3088,1887,Warm C,0.01035493053495884,0.1111110970377922,0.19442157447338104,0.4074074074074074,1.7881393432617188e-07,0.3554081618785858,0.6948854923248291,cfg02_G3_D32,cfg02_G3_D32,1.8739664049935527,cuda
validation,3089,1888,Cold,0.01626807637512684,0.1111111119389534,0.2098018378019333,0.38271604938271603,2.384185791015625e-07,0.0,0.0,cfg02_G3_D32,cfg02_G3_D32,1.8739664049935527,cuda
validation,3089,1888,Warm A,0.020781252533197403,0.1111111119389534,0.21747051179409027,0.345679012345679,5.960464477539063e-08,0.22796060144901276,0.36815887689590454,cfg02_G3_D32,cfg02_G3_D32,1.8739664049935527,cuda
validation,3089,1888,Warm B,0.01697699725627899,0.1111111119389534,0.20849338173866272,0.38271604938271603,5.960464477539063e-08,0.22509418427944183,0.49026045203208923,cfg02_G3_D32,cfg02_G3_D32,1.8739664049935527,cuda
validation,3089,1888,Warm C,0.022012246772646904,0.1111111119389534,0.2166205197572708,0.345679012345679,5.960464477539063e-08,0.3384082019329071,0.5416136980056763,cfg02_G3_D32,cfg02_G3_D32,1.8739664049935527,cuda
validation,3100,1898,Cold,0.006747572682797909,0.1111110970377922,0.09839948266744614,0.8765432098765432,1.1920928955078125e-07,0.0,0.0,cfg02_G3_D32,cfg02_G3_D32,1.8739664049935527,cuda
validation,3100,1898,Warm A,0.004347651265561581,0.1111111119389534,0.09672893583774567,0.8765432098765432,1.7881393432617188e-07,0.2317599356174469,0.5395795106887817,cfg02_G3_D32,cfg02_G3_D32,1.8739664049935527,cuda
validation,3100,1898,Warm B,0.006688923109322786,0.1111111119389534,0.09637099504470825,0.8641975308641975,2.384185791015625e-07,0.2298668473958969,0.5718593001365662,cfg02_G3_D32,cfg02_G3_D32,1.8739664049935527,cuda
validation,3100,1898,Warm C,0.0035427252296358347,0.111111119389534,0.09503184258937836,0.8765432098765432,2.384185791015625e-07,0.3336748778820038,0.5202777981758118,cfg02_G3_D32,cfg02_G3_D32,1.8739664049935527,cuda
validation,3145,1922,Cold,0.006173963192850351,0.1111111119389534,0.09304827451705933,0.8888888888888888,1.7881393432617188e-07,0.0,0.0,cfg02_G3_D32,cfg02_G3_D32,1.8739664049935527,cuda
validation,3145,1922,Warm A,0.0028720346745103598,0.1111111119389534,0.10571207106113434,0.8271604938271605,2.384185791015625e-07,0.23724700510501862,0.8943185210227966,cfg02_G3_D32,cfg02_G3_D32,1.8739664049935527,cuda
validation,3145,1922,Warm B,0.00541731296107173,0.1111111119389534,0.09578995406627655,0.9135802469135802,2.384185791015625e-07,0.3217025697231293,0.849819004535675,cfg02_G3_D32,cfg02_G3_D32,1.8739664049935527,cuda
validation,3145,1922,Warm C,0.0063926586881279945,0.1111111119389534,0.09685126692056656,0.8765432098765432,1.1920928955078125e-07,0.38169440627098083,0.5363485813140869,cfg02_G3_D32,cfg02_G3_D32,1.8739664049935527,cuda
validation,3146,1923,Cold,0.003739218693226576,0.1111110970377922,0.08916661888360977,0.9012345679012346,1.1920928955078125e-07,0.0,0.0,cfg02_G3_D32,cfg02_G3_D32,1.8739664049935527,cuda
validation,3146,1923,Warm A,-0.0003528915112838149,0.1111111119389534,0.11235228180885315,0.7777777777777778,2.384185791015625e-07,0.23392274975776672,0.552682101726532,cfg02_G3_D32,cfg02_G3_D32,1.8739664049935527,cuda
validation,3146,1923,Warm B,-0.00032572695636190474,0.1111110970377922,0.1196858212351799,0.7160493827160493,1.1920928955078125e-07,0.3278397023677826,0.6940488219261169,cfg02_G3_D32,cfg02_G3_D32,1.8739664049935527,cuda
validation,3146,1923,Warm C,-0.0008400371298193932,0.1111111119389534,0.1225104033946991,0.6790123456790124,1.1920928955078125e-07,0.4544614553451538,0.4805120527744293,cfg02_G3_D32,cfg02_G3_D32,1.8739664049935527,cuda
validation,3156,1929,Cold,0.003839454846456647,0.1111110970377922,0.08883272111415863,0.9012345679012346,2.384185791015625e-07,0.0,0.0,cfg02_G3_D32,cfg02_G3_D32,1.8739664049935527,cuda
validation,3156,1929,Warm A,0.001697016297839582,0.1111111119389534,0.11020787060260773,0.7530864197530864,1.1920928955078125e-07,0.2404903620481491,0.5478532910346985,cfg02_G3_D32,cfg02_G3_D32,1.8739664049935527,cuda
validation,3156,1929,Warm B,-0.0022711018100380898,0.1111111119389534,0.12908770143985748,0.6666666666666666,1.1920928955078125e-07,0.3934836685657501,0.45445266366004944,cfg02_G3_D32,cfg02_G3_D32,1.8739664049935527,cuda
validation,3156,1929,Warm C,0.0003842933219857514,0.1111111119389534,0.10978039354085922,0.7777777777777778,2.384185791015625e-07,0.36515241861343384,0.5362675189971924,cfg02_G3_D32,cfg02_G3_D32,1.8739664049935527,cuda
validation,3157,1930,Cold,0.003346184268593788,0.111111119389534,0.08638329058885574,0.9012345679012346,3.5762786865234375e-07,0.0,0.0,cfg02_G3_D32,cfg02_G3_D32,1.8739664049935527,cuda
validation,3157,1930,Warm A,0.005300426390022039,0.111111119389534,0.08175750821828842,0.9259259259259259,2.384185791015625e-07,0.23557117581367493,0.6995536684989929,cfg02_G3_D32,cfg02_G3_D32,1.8739664049935527,cuda
validation,3157,1930,Warm B,0.004459558520466089,0.1111110970377922,0.10054470598697662,0.8024691358024691,1.1920928955078125e-07,0.3921700417995453,0.6543205380439758,cfg02_G3_D32,cfg02_G3_D32,1.8739664049935527,cuda
validation,3157,1930,Warm C,0.005008958280086517,0.1111110970377922,0.0838221088051796,0.9382716049382716,2.384185791015625e-07,0.4243077039718628,0.7783265113830566,cfg02_G3_D32,cfg02_G3_D32,1.8739664049935527,cuda
validation,3169,1937,Cold,0.008252653293311596,0.1111111119389534,0.12161670625209808,0.8395061728395061,2.384185791015625e-07,0.0,0.0,cfg02_G3_D32,cfg02_G3_D32,1.8739664049935527,cuda
validation,3169,1937,Warm A,0.006030150689184666,0.1111111119389534,0.11124354600906372,0.8024691358024691,1.7881393432617188e-07,0.23712940514087677,0.6710556149482727,cfg02_G3_D32,cfg02_G3_D32,1.8739664049935527,cuda
validation,3169,1937,Warm B,0.0017876006895676255,0.1111111119389534,0.11489620804786682,0.7530864197530864,1.1920928955078125e-07,0.32478955388069153,0.505715012550354,cfg02_G3_D32,cfg02_G3_D32,1.8739664049935527,cuda
validation,3169,1937,Warm C,0.00275254575535655,0.1111111119389534,0.11133014410734177,0.8518518518518519,3.5762786865234375e-07,0.4362010359764099,0.5253095626831055,cfg02_G3_D32,cfg02_G3_D32,1.8739664049935527,cuda
validation,3203,1959,Cold,0.005233049392700195,0.111111119389534,0.10656716674566269,0.8271604938271605,1.1920928955078125e-07,0.0,0.0,cfg02_G3_D32,cfg02_G3_D32,1.8739664049935527,cuda
validation,3203,1959,Warm A,0.008489753119647503,0.1111110970377922,0.10813789069652557,0.8148148148148148,1.7881393432617188e-07,0.2356971651315689,0.6766994595527649,cfg02_G3_D32,cfg02_G3_D32,1.8739664049935527,cuda
validation,3203,1959,Warm B,0.008487509563565254,0.1111110970377922,0.11281077563762665,0.8024691358024691,2.384185791015625e-07,0.2224106341600418,0.44906970858573914,cfg02_G3_D32,cfg02_G3_D32,1.8739664049935527,cuda
validation,3203,1959,Warm C,0.006197753362357616,0.1111111119389534,0.10750389844179153,0.8518518518518519,1.1920928955078125e-07,0.331080824136734,0.590861439704895,cfg02_G3_D32,cfg02_G3_D32,1.8739664049935527,cuda
validation,3213,1965,Cold,0.0026749095413833857,0.1111111119389534,0.09036260843276978,0.9012345679012346,2.384185791015625e-07,0.0,0.0,cfg02_G3_D32,cfg02_G3_D32,1.8739664049935527,cuda
validation,3213,1965,Warm A,0.0061012497171759605,0.111111119389534,0.08403552323579788,0.9382716049382716,1.1920928955078125e-07,0.23286953568458557,0.6373216509819031,cfg02_G3_D32,cfg02_G3_D32,1.8739664049935527,cuda
validation,3213,1965,Warm B,0.006149308755993843,0.1111111119389534,0.08595845848321915,0.9259259259259259,2.384185791015625e-07,0.32931217551231384,0.7094495296478271,cfg02_G3_D32,cfg02_G3_D32,1.8739664049935527,cuda
validation,3213,1965,Warm C,0.005159459076821804,0.111111119389534,0.10420672595500946,0.8024691358024691,0.0,0.4473637044429779,0.6318177580833435,cfg02_G3_D32,cfg02_G3_D32,1.8739664049935527,cuda
validation,3219,1968,Cold,0.004244691226631403,0.1111110970377922,0.1065431535243988,0.8148148148148148,1.1920928955078125e-07,0.0,0.0,cfg02_G3_D32,cfg02_G3_D32,1.8739664049935527,cuda
validation,3219,1968,Warm A,-0.0013016529846936464,0.1111111119389534,0.12010784447193146,0.7037037037037037,1.1920928955078125e-07,0.24955691397190094,0.4828975796699524,cfg02_G3_D32,cfg02_G3_D32,1.8739664049935527,cuda
validation,3219,1968,Warm B,-0.00467804167419672,0.1111111119389534,0.1302817463874817,0.654320987654321,1.7881393432617188e-07,0.40770837664604187,0.6243990063667297,cfg02_G3_D32,cfg02_G3_D32,1.8739664049935527,cuda
validation,3219,1968,Warm C,-0.006531822960823774,0.1111111119389534,0.14107441902160645,0.5925925925925926,2.384185791015625e-07,0.4787060022354126,0.562412679195404,cfg02_G3_D32,cfg02_G3_D32,1.8739664049935527,cuda
validation,3238,1973,Cold,0.0051630460657179356,0.1111111119389534,0.10116612911224365,0.8395061728395061,2.384185791015625e-07,0.0,0.0,cfg02_G3_D32,cfg02_G3_D32,1.8739664049935527,cuda
validation,3238,1973,Warm A,0.0037449034862220287,0.1111111119389534,0.11731051653623581,0.7654320987654321,1.7881393432617188e-07,0.23824197053909302,0.6524889469146729,cfg02_G3_D32,cfg02_G3_D32,1.8739664049935527,cuda
validation,3238,1973,Warm B,0.0015238199848681688,0.1111111119389534,0.13415995240211487,0.6419753086419753,1.1920928955078125e-07,0.38020023703575134,0.45229968428611755,cfg02_G3_D32,cfg02_G3_D32,1.8739664049935527,cuda
validation,3238,1973,Warm C,0.0004362601903267205,0.1111111119389534,0.1435472071170807,0.5925925925925926,2.384185791015625e-07,0.47685331106185913,0.4421679675579071,cfg02_G3_D32,cfg02_G3_D32,1.8739664049935527,cuda
validation,3246,1976,Cold,0.006354064680635929,0.1111111119389534,0.09635674208402634,0.8765432098765432,1.7881393432617188e-07,0.0,0.0,cfg02_G3_D32,cfg02_G3_D32,1.8739664049935527,cuda
validation,3246,1976,Warm A,0.0048868488520383835,0.1111111119389534,0.09883996844291687,0.8765432098765432,2.980232238769531e-07,0.23859140276908875,0.582001805305481,cfg02_G3_D32,cfg02_G3_D32,1.8739664049935527,cuda
validation,3246,1976,Warm B,0.00405855942517519,0.1111111119389534,0.0939205214381218,0.9012345679012346,2.384185791015625e-07,0.398436576128006,0.5349327921867371,cfg02_G3_D32,cfg02_G3_D32,1.8739664049935527,cuda
validation,3246,1976,Warm C,0.004434920381754637,0.1111111119389534,0.09522411227226257,0.8888888888888888,1.7881393432617188e-07,0.46378999948501587,0.7498880624771118,cfg02_G3_D32,cfg02_G3_D32,1.8739664049935527,cuda
validation,3255,1985,Cold,0.005650604143738747,0.1111111119389534,0.09062699228525162,0.9012345679012346,2.384185791015625e-07,0.0,0.0,cfg02_G3_D32,cfg02_G3_D32,1.8739664049935527,cuda
validation,3255,1985,Warm A,0.004629513248801231,0.1111111119389534,0.09269020706415176,0.9012345679012346,1.7881393432617188e-07,0.23050916194915771,0.48450109362602234,cfg02_G3_D32,cfg02_G3_D32,1.8739664049935527,cuda
validation,3255,1985,Warm B,0.0030958233401179314,0.1111111119389534,0.09303532540798187,0.8641975308641975,1.1920928955078125e-07,0.3490012288093567,0.5639209151268005,cfg02_G3_D32,cfg02_G3_D32,1.8739664049935527,cuda
validation,3255,1985,Warm C,0.002622755942866206,0.111111119389534,0.09913582354784012,0.8148148148148148,1.1920928955078125e-07,0.4446394443511963,0.5928282737731934,cfg02_G3_D32,cfg02_G3_D32,1.8739664049935527,cuda
validation,3257,1987,Cold,0.0041167945601046085,0.1111111119389534,0.09821021556854248,0.8641975308641975,1.1920928955078125e-07,0.0,0.0,cfg02_G3_D32,cfg02_G3_D32,1.8739664049935527,cuda
validation,3257,1987,Warm A,0.0011422772658988833,0.1111111119389534,0.11524613946676254,0.7283950617283951,2.384185791015625e-07,0.23750273883342743,0.5123905539512634,cfg02_G3_D32,cfg02_G3_D32,1.8739664049935527,cuda
validation,3257,1987,Warm B,-0.0028419806621968746,0.1111111119389534,0.1331084668636322,0.6296296296296297,2.384185791015625e-07,0.3617640733718872,0.4491167664527893,cfg02_G3_D32,cfg02_G3_D32,1.8739664049935527,cuda
validation,3257,1987,Warm C,-0.0043180277571082115,0.1111111119389534,0.13299822807312012,0.5925925925925926,1.7881393432617188e-07,0.44904419779777527,0.5414909720420837,cfg02_G3_D32,cfg02_G3_D32,1.8739664049935527,cuda
validation,3260,1990,Cold,0.004317703656852245,0.1111111119389534,0.09545186907052994,0.8765432098765432,1.1920928955078125e-07,0.0,0.0,cfg02_G3_D32,cfg02_G3_D32,1.8739664049935527,cuda
validation,3260,1990,Warm A,0.007209228817373514,0.111111119389534,0.09783492237329483,0.8765432098765432,1.1920928955078125e-07,0.2378637045621872,0.5488184094429016,cfg02_G3_D32,cfg02_G3_D32,1.8739664049935527,cuda
validation,3260,1990,Warm B,0.008528465405106544,0.1111111119389534,0.10431116819381714,0.8395061728395061,1.7881393432617188e-07,0.3556686043739319,0.6215568780899048,cfg02_G3_D32,cfg02_G3_D32,1.8739664049935527,cuda
validation,3260,1990,Warm C,0.00914686731994152,0.1111111119389534,0.10900354385375977,0.8271604938271605,1.1920928955078125e-07,0.4252205789089203,0.4538491368293762,cfg02_G3_D32,cfg02_G3_D32,1.8739664049935527,cuda
validation,3273,2002,Cold,0.0031202202662825584,0.1111110970377922,0.0952630415558815,0.8888888888888888,2.384185791015625e-07,0.0,0.0,cfg02_G3_D32,cfg02_G3_D32,1.8739664049935527,cuda
validation,3273,2002,Warm A,0.000425867474405095,0.1111110970377922,0.11348457634449005,0.7530864197530864,1.1920928955078125e-07,0.21938250958919525,0.6837193369865417,cfg02_G3_D32,cfg02_G3_D32,1.8739664049935527,cuda
validation,3273,2002,Warm B,0.0018265837570652366,0.1111111119389534,0.10706555843353271,0.7530864197530864,1.1920928955078125e-07,0.3545367121696472,0.5405284762382507,cfg02_G3_D32,cfg02_G3_D32,1.8739664049935527,cuda
validation,3273,2002,Warm C,-0.001532456954009831,0.1111111119389534,0.12978096306324005,0.6172839506172839,1.7881393432617188e-07,0.4527290165424347,0.2927297055721283,cfg02_G3_D32,cfg02_G3_D32,1.8739664049935527,cuda
validation,3301,2012,Cold,0.004409521818161011,0.1111111119389534,0.08955779671669006,0.9012345679012346,2.384185791015625e-07,0.0,0.0,cfg02_G3_D32,cfg02_G3_D32,1.8739664049935527,cuda
validation,3301,2012,Warm A,0.001015404355712235,0.1111110970377922,0.09664076566696167,0.8518518518518519,2.384185791015625e-07,0.20563901960849762,0.5830565690994263,cfg02_G3_D32,cfg02_G3_D32,1.8739664049935527,cuda
validation,3301,2012,Warm B,0.0007253173389472067,0.1111111119389534,0.10898011177778244,0.7777777777777778,1.1920928955078125e-07,0.26347869634628296,0.6366822123527527,cfg02_G3_D32,cfg02_G3_D32,1.8739664049935527,cuda
validation,3301,2012,Warm C,0.0038685749750584364,0.111111119389534,0.09192074835300446,0.8641975308641975,1.1920928955078125e-07,0.2916686236858368,0.7305845022201538,cfg02_G3_D32,cfg02_G3_D32,1.8739664049935527,cuda
validation,3316,2016,Cold,0.004383854102343321,0.1111111119389534,0.09500038623809814,0.8888888888888888,1.1920928955078125e-07,0.0,0.0,cfg02_G3_D32,cfg02_G3_D32,1.8739664049935527,cuda
validation,3316,2016,Warm A,0.003234629286453128,0.1111111119389534,0.11377806961536407,0.7777777777777778,1.1920928955078125e-07,0.23452946543693542,0.432524174451828,cfg02_G3_D32,cfg02_G3_D32,1.8739664049935527,cuda
validation,3316,2016,Warm B,0.005254579242318869,0.1111111119389534,0.09922468662261963,0.8641975308641975,1.7881393432617188e-07,0.2764350473880768,0.6181542873382568,cfg02_G3_D32,cfg02_G3_D32,1.8739664049935527,cuda
validation,3316,2016,Warm C,0.0031058192253112793,0.111111119389534,0.11924438923597336,0.7283950617283951,1.1920928955078125e-07,0.4197370111942291,0.5048436522483826,cfg02_G3_D32,cfg02_G3_D32,1.8739664049935527,cuda
validation,3342,2027,Cold,0.00686844764277339,0.1111110970377922,0.11101777106523514,0.8518518518518519,2.384185791015625e-07,0.0,0.0,cfg02_G3_D32,cfg02_G3_D32,1.8739664049935527,cuda
validation,3342,2027,Warm A,0.005871198605746031,0.1111111119389534,0.10992025583982468,0.8271604938271605,1.7881393432617188e-07,0.2406509667634964,0.6624693274497986,cfg02_G3_D32,cfg02_G3_D32,1.8739664049935527,cuda
validation,3342,2027,Warm B,0.01000216230750084,0.1111110970377922,0.11629687994718552,0.8888888888888888,3.5762786865234375e-07,0.27282679080963135,0.6646234393119812,cfg02_G3_D32,cfg02_G3_D32,1.8739664049935527,cuda
validation,3342,2027,Warm C,0.009860257618129253,0.1111111119389534,0.12846380472183228,0.7901234567901234,1.1920928955078125e-07,0.3231816291809082,0.3883011043071747,cfg02_G3_D32,cfg02_G3_D32,1.8739664049935527,cuda
validation,3355,2031,Cold,0.005372818559408188,0.1111111119389534,0.100518137216568,0.8518518518518519,1.7881393432617188e-07,0.0,0.0,cfg02_G3_D32,cfg02_G3_D32,1.8739664049935527,cuda
validation,3355,2031,Warm A,0.0032755956053733826,0.1111110970377922,0.11559097468852997,0.7654320987654321,1.1920928955078125e-07,0.23102831840515137,0.6362593770027161,cfg02_G3_D32,cfg02_G3_D32,1.8739664049935527,cuda
validation,3355,2031,Warm B,0.0003108007076662034,0.1111111119389534,0.13374941051006317,0.691358024691358,2.384185791015625e-07,0.3752213716506958,0.3384031057357788,cfg02_G3_D32,cfg02_G3_D32,1.8739664049935527,cuda
validation,3355,2031,Warm C,0.002078945515677333,0.1111111119389534,0.12876439094543457,0.6666666666666666,2.384185791015625e-07,0.5277280807495117,0.6231735348701477,cfg02_G3_D32,cfg02_G3_D32,1.8739664049935527,cuda
validation,3361,2036,Cold,0.004534851759672165,0.1111111119389534,0.09151629358530045,0.9012345679012346,5.960464477539063e-08,0.0,0.0,cfg02_G3_D32,cfg02_G3_D32,1.8739664049935527,cuda
validation,3361,2036,Warm A,0.004264939110726118,0.1111110970377922,0.092629574239254,0.9012345679012346,1.7881393432617188e-07,0.24153858423233032,0.6448251008987427,cfg02_G3_D32,cfg02_G3_D32,1.8739664049935527,cuda
validation,3361,2036,Warm B,0.007857858203351498,0.1111110970377922,0.09807640314102173,0.9012345679012346,1.1920928955078125e-07,0.3042317032814026,0.6062297224998474,cfg02_G3_D32,cfg02_G3_D32,1.8739664049935527,cuda
validation,3361,2036,Warm C,0.006419118493795395,0.1111111119389534,0.10281730443239212,0.8395061728395061,2.384185791015625e-07,0.31318673491477966,0.4889802932739258,cfg02_G3_D32,cfg02_G3_D32,1.8739664049935527,cuda
validation,3362,2037,Cold,0.009354256093502045,0.111111119389534,0.14461727440357208,0.7654320987654321,2.384185791015625e-07,0.0,0.0,cfg02_G3_D32,cfg02_G3_D32,1.8739664049935527,cuda
validation,3362,2037,Warm A,0.003834865987300873,0.1111111119389534,0.13680656254291534,0.7654320987654321,2.384185791015625e-07,0.24709966778755188,0.6214063763618469,cfg02_G3_D32,cfg02_G3_D32,1.8739664049935527,cuda
validation,3362,2037,Warm B,0.005362991243600845,0.1111111119389534,0.14530755579471588,0.7283950617283951,4.172325134277344e-07,0.35418131947517395,0.39508482813835144,cfg02_G3_D32,cfg02_G3_D32,1.8739664049935527,cuda
validation,3362,2037,Warm C,0.00735080149024725,0.1111111119389534,0.15521924197673798,0.691358024691358,2.384185791015625e-07,0.43383559584617615,0.4582076966762543,cfg02_G3_D32,cfg02_G3_D32,1.8739664049935527,cuda
validation,3408,2062,Cold,0.006072145886719227,0.111111119389534,0.09174278378486633,0.9135802469135802,1.1920928955078125e-07,0.0,0.0,cfg02_G3_D32,cfg02_G3_D32,1.8739664049935527,cuda
validation,3408,2062,Warm A,0.0064100828021764755,0.1111111119389534,0.0942574143409729,0.8641975308641975,2.384185791015625e-07,0.24363116919994354,0.32708466053009033,cfg02_G3_D32,cfg02_G3_D32,1.8739664049935527,cuda
validation,3408,2062,Warm B,0.006537649314850569,0.1111111119389534,0.09446298331022263,0.8641975308641975,2.384185791015625e-07,0.2694328725337982,0.5507485866546631,cfg02_G3_D32,cfg02_G3_D32,1.8739664049935527,cuda
validation,3408,2062,Warm C,0.005268390756100416,0.1111110970377922,0.09759288281202316,0.8518518518518519,2.384185791015625e-07,0.36653488874435425,0.5954810976982117,cfg02_G3_D32,cfg02_G3_D32,1.8739664049935527,cuda
validation,3409,2063,Cold,0.004462366458028555,0.1111110970377922,0.0969947874546051,0.8888888888888888,1.7881393432617188e-07,0.0,0.0,cfg02_G3_D32,cfg02_G3_D32,1.8739664049935527,cuda
validation,3409,2063,Warm A,0.001541303819976747,0.1111111119389534,0.11047673225402832,0.7901234567901234,2.384185791015625e-07,0.22925660014152527,0.6060752272605896,cfg02_G3_D32,cfg02_G3_D32,1.8739664049935527,cuda
validation,3409,2063,Warm B,0.004701319150626659,0.111111119389534,0.0958305299282074,0.8641975308641975,2.384185791015625e-07,0.35205256938934326,0.5786826014518738,cfg02_G3_D32,cfg02_G3_D32,1.8739664049935527,cuda
validation,3409,2063,Warm C,0.002230533631518483,0.1111111119389534,0.11398611962795258,0.8024691358024691,1.7881393432617188e-07,0.3294070363044739,0.5287325978279114,cfg02_G3_D32,cfg02_G3_D32,1.8739664049935527,cuda
validation,3438,2081,Cold,-0.0007063407101668417,0.111111119389534,0.1155739277601242,0.8148148148148148,2.384185791015625e-07,0.0,0.0,cfg02_G3_D32,cfg02_G3_D32,1.8739664049935527,cuda
validation,3438,2081,Warm A,-0.0030110464431345463,0.1111111119389534,0.13005952537059784,0.6296296296296297,1.1920928955078125e-07,0.20946379005908966,0.6440449357032776,cfg02_G3_D32,cfg02_G3_D32,1.8739664049935527,cuda
validation,3438,2081,Warm B,-0.006531423889100552,0.1111111119389534,0.14756914973258972,0.5432098765432098,1.1920928955078125e-07,0.31683629751205444,0.27438434958457947,cfg02_G3_D32,cfg02_G3_D32,1.8739664049935527,cuda
validation,3438,2081,Warm C,-0.008902661502361298,0.1111111119389534,0.16913075745105743,0.4567901234567901,1.1920928955078125e-07,0.2997112274169922,0.27217721939086914,cfg02_G3_D32,cfg02_G3_D32,1.8739664049935527,cuda
validation,3448,2088,Cold,0.006583113223314285,0.1111111119389534,0.10152941197156906,0.8888888888888888,1.1920928955078125e-07,0.0,0.0,cfg02_G3_D32,cfg02_G3_D32,1.8739664049935527,cuda
validation,3448,2088,Warm A,0.0029541898984462023,0.1111111119389534,0.10025373101234436,0.8518518518518519,1.1920928955078125e-07,0.23653489351272583,0.6397630572319031,cfg02_G3_D32,cfg02_G3_D32,1.8739664049935527,cuda
validation,3448,2088,Warm B,0.00422287080436945,0.111111119389534,0.09696817398071289,0.8765432098765432,2.384185791015625e-07,0.32048916816711426,0.44963476061820984,cfg02_G3_D32,cfg02_G3_D32,1.8739664049935527,cuda
validation,3448,2088,Warm C,0.0048133195377886295,0.1111111119389534,0.10507279634475708,0.8641975308641975,2.384185791015625e-07,0.36100271344184875,0.5032979846000671,cfg02_G3_D32,cfg02_G3_D32,1.8739664049935527,cuda
validation,3450,2089,Cold,0.00436389772221446,0.111111119389534,0.08760499954223633,0.9012345679012346,2.384185791015625e-07,0.0,0.0,cfg02_G3_D32,cfg02_G3_D32,1.8739664049935527,cuda
validation,3450,2089,Warm A,0.0031225457787513733,0.1111111119389534,0.10804222524166107,0.8024691358024691,1.1920928955078125e-07,0.22734101116657257,0.6475586295127869,cfg02_G3_D32,cfg02_G3_D32,1.8739664049935527,cuda
validation,3450,2089,Warm B,0.007988735102117062,0.1111110970377922,0.09000055491924286,0.9135802469135802,1.7881393432617188e-07,0.32870033383369446,0.6848744750022888,cfg02_G3_D32,cfg02_G3_D32,1.8739664049935527,cuda
validation,3450,2089,Warm C,0.007838717661798,0.1111110970377922,0.0941058099269867,0.9012345679012346,2.980232238769531e-07,0.36494147777557373,0.45915523171424866,cfg02_G3_D32,cfg02_G3_D32,1.8739664049935527,cuda
validation,3462,2097,Cold,0.01774316467344761,0.1111111119389534,0.22084884345531464,0.30864197530864196,1.7881393432617188e-07,0.0,0.0,cfg02_G3_D32,cfg02_G3_D32,1.8739664049935527,cuda
validation,3462,2097,Warm A,0.0160018652677536,0.1111111119389534,0.21130165457725525,0.32098765432098764,1.1920928955078125e-07,0.25709134340286255,0.6547628045082092,cfg02_G3_D32,cfg02_G3_D32,1.8739664049935527,cuda
validation,3462,2097,Warm B,0.019716372713446617,0.1111111119389534,0.21866947412490845,0.30864197530864196,1.1920928955078125e-07,0.316881388425827,0.4744332432746887,cfg02_G3_D32,cfg02_G3_D32,1.8739664049935527,cuda
validation,3462,2097,Warm C,0.02128157764673233,0.1111111119389534,0.22783997654914856,0.2839506172839506,0.0,0.320736825466156,0.3208925426006317,cfg02_G3_D32,cfg02_G3_D32,1.8739664049935527,cuda
validation,3468,2100,Cold,0.013019810430705547,0.1111111119389534,0.18372240662574768,0.5061728395061729,1.7881393432617188e-07,0.0,0.0,cfg02_G3_D32,cfg02_G3_D32,1.8739664049935527,cuda
validation,3468,2100,Warm A,0.011993024498224258,0.1111111119389534,0.1816239356994629,0.49382716049382713,1.1920928955078125e-07,0.24160197377204895,0.5466093420982361,cfg02_G3_D32,cfg02_G3_D32,1.8739664049935527,cuda
validation,3468,2100,Warm B,0.01487626414746046,0.1111111119389534,0.1928860992193222,0.4691358024691358,1.1920928955078125e-07,0.2510117292404175,0.3178214132785797,cfg02_G3_D32,cfg02_G3_D32,1.8739664049935527,cuda
validation,3468,2100,Warm C,0.013677770271897316,0.1111111119389534,0.19978150725364685,0.4074074074074074,2.384185791015625e-07,0.3975500464439392,0.2536010444164276,cfg02_G3_D32,cfg02_G3_D32,1.8739664049935527,cuda
validation,3476,2105,Cold,0.004569972399622202,0.1111111119389534,0.09299322217702866,0.9012345679012346,2.384185791015625e-07,0.0,0.0,cfg02_G3_D32,cfg02_G3_D32,1.8739664049935527,cuda
validation,3476,2105,Warm A,0.007585526444017887,0.1111111119389534,0.09905477613210678,0.8888888888888888,1.1920928955078125e-07,0.23704464733600616,0.6793062090873718,cfg02_G3_D32,cfg02_G3_D32,1.8739664049935527,cuda
validation,3476,2105,Warm B,0.007790022529661655,0.1111111119389534,0.10236843675374985,0.8888888888888888,1.1920928955078125e-07,0.4374625086784363,0.6530189514160156,cfg02_G3_D32,cfg02_G3_D32,1.8739664049935527,cuda
validation,3476,2105,Warm C,0.005362646654248238,0.1111111119389534,0.09859323501586914,0.8641975308641975,1.1920928955078125e-07,0.4416949152946472,0.6739630699157715,cfg02_G3_D32,cfg02_G3_D32,1.8739664049935527,cuda
validation,3477,2106,Cold,0.006087849382311106,0.1111111119389534,0.09019478410482407,0.9259259259259259,1.1920928955078125e-07,0.0,0.0,cfg02_G3_D32,cfg02_G3_D32,1.8739664049935527,cuda
validation,3477,2106,Warm A,0.004140989854931831,0.111111119389534,0.1003059521317482,0.8395061728395061,2.384185791015625e-07,0.2409507930278778,0.6801632046699524,cfg02_G3_D32,cfg02_G3_D32,1.8739664049935527,cuda
validation,3477,2106,Warm B,0.007680579554289579,0.1111111119389534,0.09436705708503723,0.8888888888888888,1.1920928955078125e-07,0.31344982981681824,0.7868748307228088,cfg02_G3_D32,cfg02_G3_D32,1.8739664049935527,cuda
validation,3477,2106,Warm C,0.00632831733673811,0.1111111119389534,0.10082973539829254,0.8518518518518519,1.1920928955078125e-07,0.40421611070632935,0.5113085508346558,cfg02_G3_D32,cfg02_G3_D32,1.8739664049935527,cuda
validation,3501,2121,Cold,0.005987220909446478,0.1111111119389534,0.10218370705842972,0.8888888888888888,2.384185791015625e-07,0.0,0.0,cfg02_G3_D32,cfg02_G3_D32,1.8739664049935527,cuda
validation,3501,2121,Warm A,0.005342899356037378,0.1111111119389534,0.10597605258226395,0.9012345679012346,1.1920928955078125e-07,0.24890822172164917,0.5844359397888184,cfg02_G3_D32,cfg02_G3_D32,1.8739664049935527,cuda
validation,3501,2121,Warm B,0.004611619282513857,0.1111110970377922,0.10294993966817856,0.8518518518518519,1.1920928955078125e-07,0.24172985553741455,0.5798282027244568,cfg02_G3_D32,cfg02_G3_D32,1.8739664049935527,cuda
validation,3501,2121,Warm C,0.005938505753874779,0.1111110970377922,0.10647910088300705,0.9259259259259259,2.384185791015625e-07,0.3213947117328644,0.5447890758514404,cfg02_G3_D32,cfg02_G3_D32,1.8739664049935527,cuda
validation,3513,2133,Cold,0.006204920820891857,0.111111119389534,0.09535930305719376,0.8765432098765432,1.1920928955078125e-07,0.0,0.0,cfg02_G3_D32,cfg02_G3_D32,1.8739664049935527,cuda
validation,3513,2133,Warm A,0.005035357549786568,0.1111111119389534,0.10207255184650421,0.8518518518518519,2.384185791015625e-07,0.21322102844715118,0.6057919859886169,cfg02_G3_D32,cfg02_G3_D32,1.8739664049935527,cuda
validation,3513,2133,Warm B,0.004205153789371252,0.1111111119389534,0.10532880574464798,0.8395061728395061,2.384185791015625e-07,0.29646944999694824,0.6950026750564575,cfg02_G3_D32,cfg02_G3_D32,1.8739664049935527,cuda
validation,3513,2133,Warm C,0.0049364278092980385,0.1111111119389534,0.0996142253279686,0.8395061728395061,1.1920928955078125e-07,0.28374001383781433,0.6368531584739685,cfg02_G3_D32,cfg02_G3_D32,1.8739664049935527,cuda
validation,3525,2140,Cold,0.003935740329325199,0.1111111119389534,0.10262951254844666,0.8518518518518519,2.384185791015625e-07,0.0,0.0,cfg02_G3_D32,cfg02_G3_D32,1.8739664049935527,cuda
validation,3525,2140,Warm A,-0.0004753731773234904,0.1111111119389534,0.11197832971811295,0.7654320987654321,1.1920928955078125e-07,0.2221435010433197,0.632583498954773,cfg02_G3_D32,cfg02_G3_D32,1.8739664049935527,cuda
validation,3525,2140,Warm B,-0.004055878147482872,0.1111111119389534,0.12867338955402374,0.6419753086419753,1.7881393432617188e-07,0.38674554228782654,0.5350920557975769,cfg02_G3_D32,cfg02_G3_D32,1.8739664049935527,cuda
validation,3525,2140,Warm C,-0.0007708155317232013,0.1111111119389534,0.1137542724609375,0.7530864197530864,2.384185791015625e-07,0.43419814109802246,0.721144437789917,cfg02_G3_D32,cfg02_G3_D32,1.8739664049935527,cuda
validation,3527,2142,Cold,0.0033538772258907557,0.1111111119389534,0.10248070955276489,0.8271604938271605,2.384185791015625e-07,0.0,0.0,cfg02_G3_D32,cfg02_G3_D32,1.8739664049935527,cuda
validation,3527,2142,Warm A,0.0011404702672734857,0.1111111119389534,0.11773183196783066,0.7283950617283951,1.1920928955078125e-07,0.23380176723003387,0.5577005743980408,cfg02_G3_D32,cfg02_G3_D32,1.8739664049935527,cuda
validation,3527,2142,Warm B,0.001824580249376595,0.111111119389534,0.11801078170537949,0.7037037037037037,2.384185791015625e-07,0.3735152781009674,0.6240267753601074,cfg02_G3_D32,cfg02_G3_D32,1.8739664049935527,cuda
validation,3527,2142,Warm C,0.0046968297101557255,0.1111111119389534,0.1052318662405014,0.8271604938271605,2.384185791015625e-07,0.3309842050075531,0.654643714427948,cfg02_G3_D32,cfg02_G3_D32,1.8739664049935527,cuda
validation,3556,2162,Cold,0.005561009049415588,0.1111110970377922,0.08940645307302475,0.9135802469135802,1.7881393432617188e-07,0.0,0.0,cfg02_G3_D32,cfg02_G3_D32,1.8739664049935527,cuda
validation,3556,2162,Warm A,0.005521511193364859,0.1111111119389534,0.09507972002029419,0.9012345679012346,1.1920928955078125e-07,0.24426572024822235,0.6450490355491638,cfg02_G3_D32,cfg02_G3_D32,1.8739664049935527,cuda
validation,3556,2162,Warm B,0.006486811675131321,0.111111119389534,0.09420112520456314,0.9012345679012346,1.1920928955078125e-07,0.32895180583000183,0.6363620162010193,cfg02_G3_D32,cfg02_G3_D32,1.8739664049935527,cuda
validation,3556,2162,Warm C,0.0053275106474757195,0.1111111119389534,0.09703090041875839,0.9012345679012346,2.384185791015625e-07,0.3680892586708069,0.7221612930297852,cfg02_G3_D32,cfg02_G3_D32,1.8739664049935527,cuda
validation,3576,2169,Cold,0.004687618464231491,0.1111110970377922,0.09457805752754211,0.8765432098765432,1.7881393432617188e-07,0.0,0.0,cfg02_G3_D32,cfg02_G3_D32,1.8739664049935527,cuda
validation,3576,2169,Warm A,0.005480845924466848,0.1111111119389534,0.09436693787574768,0.9012345679012346,2.980232238769531e-07,0.23779356479644775,0.766120195388794,cfg02_G3_D32,cfg02_G3_D32,1.8739664049935527,cuda
validation,3576,2169,Warm B,0.008368006907403469,0.1111110970377922,0.09434568881988525,0.9259259259259259,1.7881393432617188e-07,0.41005128622055054,0.8165897727012634,cfg02_G3_D32,cfg02_G3_D32,1.8739664049935527,cuda
validation,3576,2169,Warm C,0.009483481757342815,0.1111111119389534,0.09911991655826569,0.9259259259259259,1.7881393432617188e-07,0.48603349924087524,0.5532025694847107,cfg02_G3_D32,cfg02_G3_D32,1.8739664049935527,cuda
validation,3618,2188,Cold,0.0034819592256098986,0.1111111119389534,0.09140299260616302,0.9012345679012346,2.384185791015625e-07,0.0,0.0,cfg02_G3_D32,cfg02_G3_D32,1.8739664049935527,cuda
validation,3618,2188,Warm A,0.006151292473077774,0.1111111119389534,0.08169418573379517,0.9135802469135802,1.1920928955078125e-07,0.23574939370155334,0.6038791537284851,cfg02_G3_D32,cfg02_G3_D32,1.8739664049935527,cuda
validation,3618,2188,Warm B,0.0054161082953214645,0.111111119389534,0.09271882474422455,0.8518518518518519,1.1920928955078125e-07,0.25851672887802124,0.6375927329063416,cfg02_G3_D32,cfg02_G3_D32,1.8739664049935527,cuda
validation,3618,2188,Warm C,0.0055312346667051315,0.1111111119389534,0.08958747237920761,0.8765432098765432,1.1920928955078125e-07,0.3876953423023224,0.6000602841377258,cfg02_G3_D32,cfg02_G3_D32,1.8739664049935527,cuda
validation,3629,2195,Cold,0.020666832104325294,0.1111111119389534,0.23214727640151978,0.25925925925925924,1.1920928955078125e-07,0.0,0.0,cfg02_G3_D32,cfg02_G3_D32,1.8739664049935527,cuda
validation,3629,2195,Warm A,0.02106892690062523,0.1111111119389534,0.23322074115276337,0.25925925925925924,1.1920928955078125e-07,0.2514849901199341,0.5570118427276611,cfg02_G3_D32,cfg02_G3_D32,1.8739664049935527,cuda
validation,3629,2195,Warm B,0.02034858986735344,0.1111111119389534,0.2329372614622116,0.25925925925925924,1.1920928955078125e-07,0.2779507040977478,0.5472704172134399,cfg02_G3_D32,cfg02_G3_D32,1.8739664049935527,cuda
validation,3629,2195,Warm C,0.02380983717739582,0.1111111119389534,0.23792771995067596,0.25925925925925924,5.960464477539063e-08,0.4058501720428467,0.45489487051963806,cfg02_G3_D32,cfg02_G3_D32,1.8739664049935527,cuda
validation,3702,2235,Cold,0.005265362560749054,0.1111111119389534,0.11525347828865051,0.8148148148148148,2.384185791015625e-07,0.0,0.0,cfg02_G3_D32,cfg02_G3_D32,1.8739664049935527,cuda
validation,3702,2235,Warm A,0.009295516647398472,0.1111110970377922,0.1142735481262207,0.8271604938271605,1.1920928955078125e-07,0.2517406642436981,0.6890166401863098,cfg02_G3_D32,cfg02_G3_D32,1.8739664049935527,cuda
validation,3702,2235,Warm B,0.01151551678776741,0.1111110970377922,0.12615568935871124,0.8148148148148148,2.384185791015625e-07,0.3369966447353363,0.513861894607544,cfg02_G3_D32,cfg02_G3_D32,1.8739664049935527,cuda
validation,3702,2235,Warm C,0.010501385666429996,0.1111111119389534,0.11636310815811157,0.8641975308641975,2.384185791015625e-07,0.38055822253227234,0.6306824684143066,cfg02_G3_D32,cfg02_G3_D32,1.8739664049935527,cuda
validation,3705,2238,Cold,0.0035820927005261183,0.1111111119389534,0.10140159726142883,0.8518518518518519,1.1920928955078125e-07,0.0,0.0,cfg02_G3_D32,cfg02_G3_D32,1.8739664049935527,cuda
validation,3705,2238,Warm A,0.001353201805613935,0.1111111119389534,0.12088558077812195,0.7037037037037037,1.1920928955078125e-07,0.2266959398984909,0.4747672975063324,cfg02_G3_D32,cfg02_G3_D32,1.8739664049935527,cuda
validation,3705,2238,Warm B,-0.0006213154410943389,0.1111111119389534,0.1374233067035675,0.5802469135802469,1.1920928955078125e-07,0.3765782415866852,0.5147104859352112,cfg02_G3_D32,cfg02_G3_D32,1.8739664049935527,cuda
validation,3705,2238,Warm C,-0.0022274767979979515,0.1111111119389534,0.14375893771648407,0.5432098765432098,1.1920928955078125e-07,0.5120848417282104,0.532303512096405,cfg02_G3_D32,cfg02_G3_D32,1.8739664049935527,cuda
validation,3729,2258,Cold,0.009288891218602657,0.111111119389534,0.1512221246957779,0.6666666666666666,2.384185791015625e-07,0.0,0.0,cfg02_G3_D32,cfg02_G3_D32,1.8739664049935527,cuda
validation,3729,2258,Warm A,0.00344916176982224,0.1111111119389534,0.14220336079597473,0.7160493827160493,1.1920928955078125e-07,0.23005378246307373,0.6921955347061157,cfg02_G3_D32,cfg02_G3_D32,1.8739664049935527,cuda
validation,3729,2258,Warm B,0.0003014549147337675,0.1111110970377922,0.1355583518743515,0.654320987654321,2.980232238769531e-07,0.3855847716331482,0.7405632138252258,cfg02_G3_D32,cfg02_G3_D32,1.8739664049935527,cuda
validation,3729,2258,Warm C,0.006564257200807333,0.1111111119389534,0.14417238533496857,0.6666666666666666,2.384185791015625e-07,0.4019066095352173,0.5761692523956299,cfg02_G3_D32,cfg02_G3_D32,1.8739664049935527,cuda
validation,3733,2261,Cold,0.009579891338944435,0.1111111119389534,0.14848871529102325,0.7283950617283951,1.7881393432617188e-07,0.0,0.0,cfg02_G3_D32,cfg02_G3_D32,1.8739664049935527,cuda
validation,3733,2261,Warm A,0.008683500811457634,0.1111110970377922,0.1523781716823578,0.7283950617283951,1.1920928955078125e-07,0.2488126903772354,0.30387574434280396,cfg02_G3_D32,cfg02_G3_D32,1.8739664049935527,cuda
validation,3733,2261,Warm B,0.007368388120085001,0.1111111119389534,0.1605663299560547,0.654320987654321,1.1920928955078125e-07,0.3991973102092743,0.3732033669948578,cfg02_G3_D32,cfg02_G3_D32,1.8739664049935527,cuda
validation,3733,2261,Warm C,0.005256593227386475,0.1111111119389534,0.14966386556625366,0.691358024691358,2.384185791015625e-07,0.4494694173336029,0.6637153029441833,cfg02_G3_D32,cfg02_G3_D32,1.8739664049935527,cuda
validation,3735,2262,Cold,0.00940436590462923,0.1111110970377922,0.14814116060733795,0.7160493827160493,1.7881393432617188e-07,0.0,0.0,cfg02_G3_D32,cfg02_G3_D32,1.8739664049935527,cuda
validation,3735,2262,Warm A,0.010976044461131096,0.1111110970377922,0.15851536393165588,0.7160493827160493,2.384185791015625e-07,0.24590592086315155,0.3058149814605713,cfg02_G3_D32,cfg02_G3_D32,1.8739664049935527,cuda
validation,3735,2262,Warm B,0.01016080193221569,0.11111108958721161,0.16495144367218018,0.7407407407407407,3.5762786865234375e-07,0.4165935516357422,0.42115116119384766,cfg02_G3_D32,cfg02_G3_D32,1.8739664049935527,cuda
validation,3735,2262,Warm C,0.01175848487764597,0.1111111119389534,0.17170290648937225,0.6419753086419753,1.7881393432617188e-07,0.4320834279060364,0.3444596529006958,cfg02_G3_D32,cfg02_G3_D32,1.8739664049935527,cuda
validation,3744,2268,Cold,0.00467056455090642,0.1111110970377922,0.08852476626634598,0.9259259259259259,1.1920928955078125e-07,0.0,0.0,cfg02_G3_D32,cfg02_G3_D32,1.8739664049935527,cuda
validation,3744,2268,Warm A,0.003180271713063121,0.1111111119389534,0.08571378141641617,0.9135802469135802,1.1920928955078125e-07,0.2357945740222931,0.542748212814331,cfg02_G3_D32,cfg02_G3_D32,1.8739664049935527,cuda
validation,3744,2268,Warm B,0.0007690892671234906,0.1111111119389534,0.09120496362447739,0.8888888888888888,1.1920928955078125e-07,0.37292712926864624,0.5690403580665588,cfg02_G3_D32,cfg02_G3_D32,1.8739664049935527,cuda
validation,3744,2268,Warm C,-0.0012105066562071443,0.1111111119389534,0.11085591465234756,0.8271604938271605,2.384185791015625e-07,0.45309895277023315,0.5988463163375854,cfg02_G3_D32,cfg02_G3_D32,1.8739664049935527,cuda
validation,3760,2278,Cold,0.008174228481948376,0.111111119389534,0.13432371616363525,0.8148148148148148,1.1920928955078125e-07,0.0,0.0,cfg02_G3_D32,cfg02_G3_D32,1.8739664049935527,cuda
validation,3760,2278,Warm A,0.0056334855034947395,0.1111111119389534,0.1221652701497078,0.7407407407407407,2.384185791015625e-07,0.22941970825195312,0.6870688796043396,cfg02_G3_D32,cfg02_G3_D32,1.8739664049935527,cuda
validation,3760,2278,Warm B,0.006563123315572739,0.111111119389534,0.12489280104637146,0.7160493827160493,2.384185791015625e-07,0.2339629977941513,0.6231623888015747,cfg02_G3_D32,cfg02_G3_D32,1.8739664049935527,cuda
validation,3760,2278,Warm C,0.008022909052670002,0.1111111119389534,0.12560352683067322,0.7654320987654321,2.384185791015625e-07,0.31301379203796387,0.6335431337356567,cfg02_G3_D32,cfg02_G3_D32,1.8739664049935527,cuda
validation,3841,2326,Cold,0.003387050237506628,0.1111111119389534,0.0945141389966011,0.8765432098765432,1.1920928955078125e-07,0.0,0.0,cfg02_G3_D32,cfg02_G3_D32,1.8739664049935527,cuda
validation,3841,2326,Warm A,-0.0012302518589422107,0.1111111119389534,0.11346127837896347,0.7654320987654321,2.384185791015625e-07,0.23834897577762604,0.4163121283054352,cfg02_G3_D32,cfg02_G3_D32,1.8739664049935527,cuda
validation,3841,2326,Warm B,-0.0023183065932244062,0.1111111119389534,0.13323457539081573,0.6296296296296297,1.1920928955078125e-07,0.3559425473213196,0.44737568497657776,cfg02_G3_D32,cfg02_G3_D32,1.8739664049935527,cuda
validation,3841,2326,Warm C,-0.0006143517093732953,0.1111111119389534,0.11484099924564362,0.7037037037037037,1.1920928955078125e-07,0.45271530747413635,0.5944088697433472,cfg02_G3_D32,cfg02_G3_D32,1.8739664049935527,cuda
validation,3861,2332,Cold,0.005313816945999861,0.1111111119389534,0.08735546469688416,0.9135802469135802,2.384185791015625e-07,0.0,0.0,cfg02_G3_D32,cfg02_G3_D32,1.8739664049935527,cuda
validation,3861,2332,Warm A,0.0038007847033441067,0.1111111119389534,0.10163117945194244,0.8271604938271605,2.384185791015625e-07,0.23565585911273956,0.7730444073677063,cfg02_G3_D32,cfg02_G3_D32,1.8739664049935527,cuda
validation,3861,2332,Warm B,0.007587719243019819,0.111111119389534,0.09209097176790237,0.9382716049382716,1.7881393432617188e-07,0.36180415749549866,0.7726068496704102,cfg02_G3_D32,cfg02_G3_D32,1.8739664049935527,cuda
validation,3861,2332,Warm C,0.00923442654311657,0.1111110970377922,0.09254922717809677,0.9135802469135802,1.7881393432617188e-07,0.39013078808784485,0.6111427545547485,cfg02_G3_D32,cfg02_G3_D32,1.8739664049935527,cuda
validation,3882,2343,Cold,0.0047894795425236225,0.1111111119389534,0.08826608955860138,0.9135802469135802,1.7881393432617188e-07,0.0,0.0,cfg02_G3_D32,cfg02_G3_D32,1.8739664049935527,cuda
validation,3882,2343,Warm A,0.005130849312990904,0.1111111119389534,0.08901366591453552,0.8888888888888888,5.960464477539063e-08,0.22209300100803375,0.6253128051757812,cfg02_G3_D32,cfg02_G3_D32,1.8739664049935527,cuda
validation,3882,2343,Warm B,0.006333888508379459,0.1111111119389534,0.09079117327928543,0.8888888888888888,1.7881393432617188e-07,0.38793376088142395,0.7618567943572998,cfg02_G3_D32,cfg02_G3_D32,1.8739664049935527,cuda
validation,3882,2343,Warm C,0.005927653051912785,0.1111111119389534,0.09227588772773743,0.8888888888888888,5.960464477539063e-08,0.41698089241981506,0.6439043879508972,cfg02_G3_D32,cfg02_G3_D32,1.8739664049935527,cuda
validation,3927,2363,Cold,0.009512737393379211,0.111111119389534,0.1573410928249359,0.6419753086419753,2.384185791015625e-07,0.0,0.0,cfg02_G3_D32,cfg02_G3_D32,1.8739664049935527,cuda
validation,3927,2363,Warm A,0.00693359412252903,0.1111111119389534,0.15076559782028198,0.654320987654321,1.1920928955078125e-07,0.2343101054430008,0.5346521735191345,cfg02_G3_D32,cfg02_G3_D32,1.8739664049935527,cuda
validation,3927,2363,Warm B,0.009814406745135784,0.1111111119389534,0.1588735580444336,0.5679012345679012,2.384185791015625e-07,0.35138368606567383,0.5130152106285095,cfg02_G3_D32,cfg02_G3_D32,1.8739664049935527,cuda
validation,3927,2363,Warm C,0.007222751155495644,0.1111111119389534,0.14958405494689941,0.6049382716049383,2.384185791015625e-07,0.29879170656204224,0.7229365706443787,cfg02_G3_D32,cfg02_G3_D32,1.8739664049935527,cuda
validation,3928,2364,Cold,0.014936909079551697,0.1111111119389534,0.20105527341365814,0.3950617283950617,2.384185791015625e-07,0.0,0.0,cfg02_G3_D32,cfg02_G3_D32,1.8739664049935527,cuda
validation,3928,2364,Warm A,0.014009945094585419,0.1111111119389534,0.19197678565979004,0.4074074074074074,2.384185791015625e-07,0.23913131654262543,0.7470682263374329,cfg02_G3_D32,cfg02_G3_D32,1.8739664049935527,cuda
validation,3928,2364,Warm B,0.016453422605991364,0.1111111119389534,0.19498872756958008,0.3950617283950617,1.1920928955078125e-07,0.38703274726867676,0.7243996858596802,cfg02_G3_D32,cfg02_G3_D32,1.8739664049935527,cuda
validation,3928,2364,Warm C,0.019144797697663307,0.1111111119389534,0.20257310569286346,0.38271604938271603,1.1920928955078125e-07,0.4358051121234894,0.586051881313324,cfg02_G3_D32,cfg02_G3_D32,1.8739664049935527,cuda
validation,3930,2366,Cold,0.011866186745464802,0.1111111119389534,0.18132950365543365,0.5061728395061729,2.384185791015625e-07,0.0,0.0,cfg02_G3_D32,cfg02_G3_D32,1.8739664049935527,cuda
validation,3930,2366,Warm A,0.009869620203971863,0.1111111119389534,0.17284247279167175,0.49382716049382713,1.1920928955078125e-07,0.24629539251327515,0.7386848330497742,cfg02_G3_D32,cfg02_G3_D32,1.8739664049935527,cuda
validation,3930,2366,Warm B,0.004434749484062195,0.1111111119389534,0.16892895102500916,0.48148148148148145,1.1920928955078125e-07,0.4103107452392578,0.7276235222816467,cfg02_G3_D32,cfg02_G3_D32,1.8739664049935527,cuda
validation,3930,2366,Warm C,0.004537856671959162,0.1111111119389534,0.1695532351732254,0.4691358024691358,2.384185791015625e-07,0.5025728940963745,0.7171873450279236,cfg02_G3_D32,cfg02_G3_D32,1.8739664049935527,cuda
evaluation,4,3,Cold,0.0041479794308543205,0.1111111119389534,0.09134625643491745,0.9012345679012346,2.384185791015625e-07,0.0,0.0,,cfg02_G3_D32,1.8739664049935527,cuda
evaluation,4,3,Warm A,0.007672885898500681,0.1111111119389534,0.0708039179444313,0.9629629629629629,1.1920928955078125e-07,0.24728147685527802,0.5800264477729797,,cfg02_G3_D32,1.8739664049935527,cuda
evaluation,4,3,Warm B,0.00955985113978386,0.1111111119389534,0.08100343495607376,0.9259259259259259,1.1920928955078125e-07,0.3716951012611389,0.5439754724502563,,cfg02_G3_D32,1.8739664049935527,cuda
evaluation,4,3,Warm C,0.008917621336877346,0.1111111119389534,0.07302132248878479,0.9382716049382716,1.1920928955078125e-07,0.36163926124572754,0.455607146024704,,cfg02_G3_D32,1.8739664049935527,cuda
evaluation,8,7,Cold,0.004029452800750732,0.1111111119389534,0.08440084755420685,0.8888888888888888,1.1920928955078125e-07,0.0,0.0,,cfg02_G3_D32,1.8739664049935527,cuda
evaluation,8,7,Warm A,0.007441870868206024,0.1111111119389534,0.07493000477552414,0.9382716049382716,2.384185791015625e-07,0.2347906082868576,0.48449093103408813,,cfg02_G3_D32,1.8739664049935527,cuda
evaluation,8,7,Warm B,0.008534806780517101,0.1111111119389534,0.09479466825723648,0.9012345679012346,2.384185791015625e-07,0.37603452801704407,0.3987307548522949,,cfg02_G3_D32,1.8739664049935527,cuda
evaluation,8,7,Warm C,0.005505274049937725,0.1111110970377922,0.07425336539745331,0.9629629629629629,1.1920928955078125e-07,0.3818216621875763,0.6228643655776978,,cfg02_G3_D32,1.8739664049935527,cuda
evaluation,9,8,Cold,0.0049525718204677105,0.1111111119389534,0.08042052388191223,0.8888888888888888,1.1920928955078125e-07,0.0,0.0,,cfg02_G3_D32,1.8739664049935527,cuda
evaluation,9,8,Warm A,0.009092061780393124,0.111111119389534,0.08782198280096054,0.9506172839506173,2.384185791015625e-07,0.23975838720798492,0.38724252581596375,,cfg02_G3_D32,1.8739664049935527,cuda
evaluation,9,8,Warm B,0.008485497906804085,0.1111111119389534,0.10745247453451157,0.8765432098765432,2.384185791015625e-07,0.39976248145103455,0.4516671299934387,,cfg02_G3_D32,1.8739664049935527,cuda
evaluation,9,8,Warm C,0.006365389563143253,0.1111111119389534,0.08774164319038391,0.9012345679012346,2.384185791015625e-07,0.4898032546043396,0.3981197774410248,,cfg02_G3_D32,1.8739664049935527,cuda
evaluation,12,11,Cold,0.0034361088182777166,0.1111111119389534,0.08268418908119202,0.9382716049382716,1.1920928955078125e-07,0.0,0.0,,cfg02_G3_D32,1.8739664049935527,cuda
evaluation,12,11,Warm A,0.006218425929546356,0.1111110970377922,0.07060997188091278,0.9753086419753086,2.384185791015625e-07,0.238568976521492,0.4702686369419098,,cfg02_G3_D32,1.8739664049935527,cuda
evaluation,12,11,Warm B,0.00871463306248188,0.1111111119389534,0.09397230297327042,0.9012345679012346,2.384185791015625e-07,0.4077240824699402,0.2768629491329193,,cfg02_G3_D32,1.8739664049935527,cuda
evaluation,12,11,Warm C,0.01069510169327259,0.1111111119389534,0.11909303069114685,0.7530864197530864,1.1920928955078125e-07,0.5643381476402283,0.41139689087867737,,cfg02_G3_D32,1.8739664049935527,cuda
evaluation,13,12,Cold,0.0032254355028271675,0.1111110970377922,0.07744619995355606,0.9506172839506173,1.1920928955078125e-07,0.0,0.0,,cfg02_G3_D32,1.8739664049935527,cuda
evaluation,13,12,Warm A,0.004107916262000799,0.1111111119389534,0.07338396459817886,0.9506172839506173,1.1920928955078125e-07,0.2111470103263855,0.626072108745575,,cfg02_G3_D32,1.8739664049935527,cuda
evaluation,13,12,Warm B,0.0017187538323923945,0.1111111119389534,0.07693023234605789,0.9382716049382716,1.1920928955078125e-07,0.29224470257759094,0.6250489354133606,,cfg02_G3_D32,1.8739664049935527,cuda
evaluation,13,12,Warm C,0.0006746251601725817,0.1111111119389534,0.07678587734699249,0.9506172839506173,1.1920928955078125e-07,0.36662420630455017,0.5804290771484375,,cfg02_G3_D32,1.8739664049935527,cuda
evaluation,14,13,Cold,0.004381280392408371,0.1111111119389534,0.09057219326496124,0.8888888888888888,1.1920928955078125e-07,0.0,0.0,,cfg02_G3_D32,1.8739664049935527,cuda
evaluation,14,13,Warm A,0.006452198605984449,0.111111119389534,0.07931675016880035,0.8888888888888888,2.384185791015625e-07,0.24463367462158203,0.7051505446434021,,cfg02_G3_D32,1.8739664049935527,cuda
evaluation,14,13,Warm B,0.009065753780305386,0.1111110970377922,0.07886535674333572,0.8888888888888888,1.7881393432617188e-07,0.37990841269493103,0.6125203371047974,,cfg02_G3_D32,1.8739664049935527,cuda
evaluation,14,13,Warm C,0.0053796591237187386,0.1111111119389534,0.08853334188461304,0.8641975308641975,1.7881393432617188e-07,0.44522011280059814,0.8362545371055603,,cfg02_G3_D32,1.8739664049935527,cuda
evaluation,15,14,Cold,0.004472790751606226,0.111111119389534,0.08515232056379318,0.8765432098765432,2.384185791015625e-07,0.0,0.0,,cfg02_G3_D32,1.8739664049935527,cuda
evaluation,15,14,Warm A,0.008519303984940052,0.1111111119389534,0.07916197180747986,0.9382716049382716,2.384185791015625e-07,0.23998865485191345,0.5137753486633301,,cfg02_G3_D32,1.8739664049935527,cuda
evaluation,15,14,Warm B,0.009388403035700321,0.1111111119389534,0.10054636746644974,0.8888888888888888,1.1920928955078125e-07,0.3809340298175812,0.5706135034561157,,cfg02_G3_D32,1.8739664049935527,cuda
evaluation,15,14,Warm C,0.007202964276075363,0.1111111119389534,0.08541549742221832,0.9135802469135802,1.7881393432617188e-07,0.45048314332962036,0.3709942400455475,,cfg02_G3_D32,1.8739664049935527,cuda
evaluation,18,17,Cold,0.005268334411084652,0.1111111119389534,0.09444806724786758,0.8271604938271605,1.1920928955078125e-07,0.0,0.0,,cfg02_G3_D32,1.8739664049935527,cuda
evaluation,18,17,Warm A,0.007486479356884956,0.1111111119389534,0.08784393966197968,0.8395061728395061,2.384185791015625e-07,0.21905621886253357,0.46370506286621094,,cfg02_G3_D32,1.8739664049935527,cuda
evaluation,18,17,Warm B,0.009392902255058289,0.1111111119389534,0.08573176711797714,0.9135802469135802,1.1920928955078125e-07,0.4122946560382843,0.49906596541404724,,cfg02_G3_D32,1.8739664049935527,cuda
evaluation,18,17,Warm C,0.007674111984670162,0.111111119389534,0.09610851109027863,0.8888888888888888,1.1920928955078125e-07,0.48330119252204895,0.556088387966156,,cfg02_G3_D32,1.8739664049935527,cuda
evaluation,20,19,Cold,0.004960258025676012,0.1111110970377922,0.07550254464149475,0.9259259259259259,2.384185791015625e-07,0.0,0.0,,cfg02_G3_D32,1.8739664049935527,cuda
evaluation,20,19,Warm A,0.0071962326765060425,0.1111111119389534,0.08911873400211334,0.9012345679012346,1.1920928955078125e-07,0.255562424659729,0.5713468790054321,,cfg02_G3_D32,1.8739664049935527,cuda
evaluation,20,19,Warm B,0.010613908991217613,0.1111111119389534,0.11629574000835419,0.7654320987654321,2.384185791015625e-07,0.4485325813293457,0.3283405601978302,,cfg02_G3_D32,1.8739664049935527,cuda
evaluation,20,19,Warm C,0.010775539092719555,0.1111111119389534,0.12279389798641205,0.691358024691358,1.1920928955078125e-07,0.5326729416847229,0.3651164174079895,,cfg02_G3_D32,1.8739664049935527,cuda
evaluation,23,22,Cold,0.005572167690843344,0.1111111119389534,0.09377607703208923,0.8395061728395061,1.1920928955078125e-07,0.0,0.0,,cfg02_G3_D32,1.8739664049935527,cuda
evaluation,23,22,Warm A,0.011232521384954453,0.1111111119389534,0.0868954285979271,0.8765432098765432,1.1920928955078125e-07,0.245626762509346,0.6504942178726196,,cfg02_G3_D32,1.8739664049935527,cuda
evaluation,23,22,Warm B,0.012593221850693226,0.1111111119389534,0.10094141215085983,0.8395061728395061,2.384185791015625e-07,0.3969126045703888,0.522969663143158,,cfg02_G3_D32,1.8739664049935527,cuda
evaluation,23,22,Warm C,0.013248905539512634,0.1111110970377922,0.09920267015695572,0.8395061728395061,2.384185791015625e-07,0.3791615068912506,0.4704349935054779,,cfg02_G3_D32,1.8739664049935527,cuda
evaluation,26,25,Cold,0.004381280858069658,0.1111111119389534,0.09057217836380005,0.8888888888888888,2.384185791015625e-07,0.0,0.0,,cfg02_G3_D32,1.8739664049935527,cuda
evaluation,26,25,Warm A,0.003517148783430457,0.1111111119389534,0.10838678479194641,0.7901234567901234,1.7881393432617188e-07,0.2330065816640854,0.518090546131134,,cfg02_G3_D32,1.8739664049935527,cuda
evaluation,26,25,Warm B,0.005668221972882748,0.1111111119389534,0.08379263430833817,0.9012345679012346,1.1920928955078125e-07,0.2935590445995331,0.7424262762069702,,cfg02_G3_D32,1.8739664049935527,cuda
evaluation,26,25,Warm C,0.0047004143707454205,0.1111111119389534,0.1058565303683281,0.7901234567901234,3.5762786865234375e-07,0.270551472902298,0.5393639802932739,,cfg02_G3_D32,1.8739664049935527,cuda
evaluation,27,26,Cold,0.004565746523439884,0.1111111119389534,0.09645448625087738,0.8395061728395061,1.7881393432617188e-07,0.0,0.0,,cfg02_G3_D32,1.8739664049935527,cuda
evaluation,27,26,Warm A,0.0078783193603158,0.1111111119389534,0.07617958635091782,0.9382716049382716,1.1920928955078125e-07,0.24662543833255768,0.5543419718742371,,cfg02_G3_D32,1.8739664049935527,cuda
evaluation,27,26,Warm B,0.011779296211898327,0.1111111119389534,0.08795098215341568,0.9012345679012346,2.384185791015625e-07,0.3967214524745941,0.5658513903617859,,cfg02_G3_D32,1.8739664049935527,cuda
evaluation,27,26,Warm C,0.012077627703547478,0.1111111119389534,0.08795676380395889,0.9259259259259259,1.1920928955078125e-07,0.41270914673805237,0.5316944718360901,,cfg02_G3_D32,1.8739664049935527,cuda
evaluation,28,27,Cold,0.0037319788243621588,0.1111111119389534,0.08145543932914734,0.9012345679012346,1.1920928955078125e-07,0.0,0.0,,cfg02_G3_D32,1.8739664049935527,cuda
evaluation,28,27,Warm A,0.0019685353618115187,0.1111111119389534,0.1073630228638649,0.8024691358024691,2.384185791015625e-07,0.23862886428833008,0.5058192610740662,,cfg02_G3_D32,1.8739664049935527,cuda
evaluation,28,27,Warm B,0.0006421427824534476,0.1111111119389534,0.12747597694396973,0.6790123456790124,1.7881393432617188e-07,0.4538862109184265,0.354183167219162,,cfg02_G3_D32,1.8739664049935527,cuda
evaluation,28,27,Warm C,0.0004122468817513436,0.1111111119389534,0.11076788604259491,0.7530864197530864,2.384185791015625e-07,0.3935777246952057,0.5592312216758728,,cfg02_G3_D32,1.8739664049935527,cuda
evaluation,30,29,Cold,0.004695413168519735,0.1111111119389534,0.09841164946556091,0.8395061728395061,1.1920928955078125e-07,0.0,0.0,,cfg02_G3_D32,1.8739664049935527,cuda
evaluation,30,29,Warm A,0.006160186603665352,0.1111111119389534,0.083452969789505,0.9012345679012346,1.1920928955078125e-07,0.23107829689979553,0.5614957213401794,,cfg02_G3_D32,1.8739664049935527,cuda
evaluation,30,29,Warm B,0.0031132791191339493,0.1111111119389534,0.10322367399930954,0.8271604938271605,2.384185791015625e-07,0.2637949585914612,0.6243491768836975,,cfg02_G3_D32,1.8739664049935527,cuda
evaluation,30,29,Warm C,0.0032459604553878307,0.111111119389534,0.09696004539728165,0.8641975308641975,1.7881393432617188e-07,0.37794485688209534,0.6036945581436157,,cfg02_G3_D32,1.8739664049935527,cuda
evaluation,31,30,Cold,0.004357272293418646,0.1111111119389534,0.09303979575634003,0.8765432098765432,1.1920928955078125e-07,0.0,0.0,,cfg02_G3_D32,1.8739664049935527,cuda
evaluation,31,30,Warm A,0.00773682352155447,0.1111111119389534,0.07586397975683212,0.9629629629629629,2.384185791015625e-07,0.2465074360370636,0.6700237393379211,,cfg02_G3_D32,1.8739664049935527,cuda
evaluation,31,30,Warm B,0.009914816357195377,0.1111110970377922,0.08349951356649399,0.8641975308641975,1.1920928955078125e-07,0.4153628647327423,0.4718116819858551,,cfg02_G3_D32,1.8739664049935527,cuda
evaluation,31,30,Warm C,0.008491030894219875,0.111111119389534,0.07495114952325821,0.9506172839506173,2.384185791015625e-07,0.49706515669822693,0.5569674372673035,,cfg02_G3_D32,1.8739664049935527,cuda
evaluation,35,33,Cold,0.00402586767449975,0.1111111119389534,0.08587343245744705,0.9012345679012346,1.1920928955078125e-07,0.0,0.0,,cfg02_G3_D32,1.8739664049935527,cuda
evaluation,35,33,Warm A,0.005203962791711092,0.111111119389534,0.07508821785449982,0.9259259259259259,1.1920928955078125e-07,0.23135730624198914,0.5168998837471008,,cfg02_G3_D32,1.8739664049935527,cuda
evaluation,35,33,Warm B,0.008266030810773373,0.111111119389534,0.07328362762928009,0.9629629629629629,2.384185791015625e-07,0.2653002142906189,0.6528682112693787,,cfg02_G3_D32,1.8739664049935527,cuda
evaluation,35,33,Warm C,0.0066700708121061325,0.111111119389534,0.072000652551651,0.9135802469135802,1.1920928955078125e-07,0.3549315333366394,0.55912846326828,,cfg02_G3_D32,1.8739664049935527,cuda
evaluation,43,38,Cold,0.004381280392408371,0.1111111119389534,0.09057219326496124,0.8888888888888888,1.1920928955078125e-07,0.0,0.0,,cfg02_G3_D32,1.8739664049935527,cuda
evaluation,43,38,Warm A,0.006599009968340397,0.1111111119389534,0.0800563246011734,0.9135802469135802,1.1920928955078125e-07,0.23937220871448517,0.7049575448036194,,cfg02_G3_D32,1.8739664049935527,cuda
evaluation,43,38,Warm B,0.008090486750006676,0.1111111119389534,0.0817926749587059,0.9012345679012346,1.1920928955078125e-07,0.2947121560573578,0.6071328520774841,,cfg02_G3_D32,1.8739664049935527,cuda
evaluation,43,38,Warm C,0.007668179459869862,0.1111110970377922,0.08516788482666016,0.8765432098765432,1.1920928955078125e-07,0.40592169761657715,0.6771034598350525,,cfg02_G3_D32,1.8739664049935527,cuda
evaluation,46,41,Cold,0.003945441916584969,0.1111111119389534,0.08843325078487396,0.9012345679012346,2.384185791015625e-07,0.0,0.0,,cfg02_G3_D32,1.8739664049935527,cuda
evaluation,46,41,Warm A,0.006733239628374577,0.1111110970377922,0.06929357349872589,0.9382716049382716,5.960464477539063e-08,0.2418590635061264,0.56582111120224,,cfg02_G3_D32,1.8739664049935527,cuda
evaluation,46,41,Warm B,0.00879240594804287,0.1111111119389534,0.0805833637714386,0.9382716049382716,5.960464477539063e-08,0.3942941427230835,0.49813005328178406,,cfg02_G3_D32,1.8739664049935527,cuda
evaluation,46,41,Warm C,0.007617625407874584,0.1111111119389534,0.07902763038873672,0.9012345679012346,1.1920928955078125e-07,0.40243858098983765,0.5886568427085876,,cfg02_G3_D32,1.8739664049935527,cuda
evaluation,57,46,Cold,0.004448164254426956,0.1111111119389534,0.09345564991235733,0.8765432098765432,1.1920928955078125e-07,0.0,0.0,,cfg02_G3_D32,1.8739664049935527,cuda
evaluation,57,46,Warm A,0.00503180967643857,0.1111110970377922,0.09434889256954193,0.8765432098765432,2.384185791015625e-07,0.2418954223394394,0.5277127027511597,,cfg02_G3_D32,1.8739664049935527,cuda
evaluation,57,46,Warm B,0.0061643002554774284,0.1111110970377922,0.07536274939775467,0.9382716049382716,1.1920928955078125e-07,0.35965898633003235,0.5244995951652527,,cfg02_G3_D32,1.8739664049935527,cuda
evaluation,57,46,Warm C,0.007533343508839607,0.1111111119389534,0.07900960743427277,0.9382716049382716,2.384185791015625e-07,0.48427197337150574,0.5830227732658386,,cfg02_G3_D32,1.8739664049935527,cuda
evaluation,61,49,Cold,0.004881675820797682,0.1111111119389534,0.09637627750635147,0.8271604938271605,1.1920928955078125e-07,0.0,0.0,,cfg02_G3_D32,1.8739664049935527,cuda
evaluation,61,49,Warm A,0.007872399874031544,0.1111111119389534,0.08184017241001129,0.9135802469135802,1.1920928955078125e-07,0.2523382008075714,0.6691848039627075,,cfg02_G3_D32,1.8739664049935527,cuda
evaluation,61,49,Warm B,0.010628761723637581,0.1111111119389534,0.08301102370023727,0.9259259259259259,1.1920928955078125e-07,0.348430871963501,0.464903324842453,,cfg02_G3_D32,1.8739664049935527,cuda
evaluation,61,49,Warm C,0.01352755818516016,0.1111111119389534,0.10101934522390366,0.8148148148148148,1.1920928955078125e-07,0.5332562923431396,0.3978973925113678,,cfg02_G3_D32,1.8739664049935527,cuda
evaluation,63,51,Cold,0.0040037729777395725,0.1111111119389534,0.090250663459301,0.9012345679012346,2.384185791015625e-07,0.0,0.0,,cfg02_G3_D32,1.8739664049935527,cuda
evaluation,63,51,Warm A,0.0046404446475207806,0.1111110970377922,0.07283755391836166,0.9382716049382716,2.384185791015625e-07,0.24339257180690765,0.4807659089565277,,cfg02_G3_D32,1.8739664049935527,cuda
evaluation,63,51,Warm B,0.00403730059042573,0.111111119389534,0.07183876633644104,0.9259259259259259,1.1920928955078125e-07,0.3523067533969879,0.5519669651985168,,cfg02_G3_D32,1.8739664049935527,cuda
evaluation,63,51,Warm C,0.005276896525174379,0.111111119389534,0.07316314429044724,0.9135802469135802,1.1920928955078125e-07,0.4411214292049408,0.4859960675239563,,cfg02_G3_D32,1.8739664049935527,cuda
evaluation,64,52,Cold,0.0037225414998829365,0.1111110970377922,0.08667691051959991,0.9259259259259259,1.1920928955078125e-07,0.0,0.0,,cfg02_G3_D32,1.8739664049935527,cuda
evaluation,64,52,Warm A,0.00596300233155489,0.111111119389534,0.06977950781583786,0.9753086419753086,1.1920928955078125e-07,0.2310085892677307,0.5404601693153381,,cfg02_G3_D32,1.8739664049935527,cuda
evaluation,64,52,Warm B,0.008265826851129532,0.1111110970377922,0.08600455522537231,0.9012345679012346,1.7881393432617188e-07,0.4157496988773346,0.35662928223609924,,cfg02_G3_D32,1.8739664049935527,cuda
evaluation,64,52,Warm C,0.011478879489004612,0.1111111119389534,0.10810980200767517,0.7901234567901234,1.7881393432617188e-07,0.521856963634491,0.29217392206192017,,cfg02_G3_D32,1.8739664049935527,cuda
evaluation,65,53,Cold,0.004230539780110121,0.111111119389534,0.09127198159694672,0.9012345679012346,1.1920928955078125e-07,0.0,0.0,,cfg02_G3_D32,1.8739664049935527,cuda
evaluation,65,53,Warm A,0.007146031595766544,0.1111111119389534,0.07610805332660675,0.9506172839506173,1.1920928955078125e-07,0.24135343730449677,0.5345150828361511,,cfg02_G3_D32,1.8739664049935527,cuda
evaluation,65,53,Warm B,0.009246813133358955,0.1111111119389534,0.09454777091741562,0.8888888888888888,2.384185791015625e-07,0.4249074161052704,0.3165232241153717,,cfg02_G3_D32,1.8739664049935527,cuda
evaluation,65,53,Warm C,0.010387510061264038,0.1111111119389534,0.12016362696886063,0.7901234567901234,1.1920928955078125e-07,0.5319106578826904,0.3411133885383606,,cfg02_G3_D32,1.8739664049935527,cuda
evaluation,66,54,Cold,0.004949165042489767,0.1111110970377922,0.07477853447198868,0.9259259259259259,1.1920928955078125e-07,0.0,0.0,,cfg02_G3_D32,1.8739664049935527,cuda
evaluation,66,54,Warm A,0.00741897989064455,0.1111111119389534,0.08327604830265045,0.9135802469135802,1.1920928955078125e-07,0.23490285873413086,0.4244789779186249,,cfg02_G3_D32,1.8739664049935527,cuda
evaluation,66,54,Warm B,0.008387230336666107,0.1111111119389534,0.11360809206962585,0.8024691358024691,2.384185791015625e-07,0.45372194051742554,0.2332342118024826,,cfg02_G3_D32,1.8739664049935527,cuda
evaluation,66,54,Warm C,0.012478508986532688,0.1111111119389534,0.13535185158252716,0.6419753086419753,2.384185791015625e-07,0.6234689354896545,0.10087896883487701,,cfg02_G3_D32,1.8739664049935527,cuda
evaluation,71,57,Cold,0.004434688948094845,0.1111111119389534,0.08618918806314468,0.8518518518518519,1.1920928955078125e-07,0.0,0.0,,cfg02_G3_D32,1.8739664049935527,cuda
evaluation,71,57,Warm A,0.008548676036298275,0.111111119389534,0.08170510083436966,0.9259259259259259,1.1920928955078125e-07,0.24718229472637177,0.38973507285118103,,cfg02_G3_D32,1.8739664049935527,cuda
evaluation,71,57,Warm B,0.010245831683278084,0.111111119389534,0.10951977223157883,0.8641975308641975,1.1920928955078125e-07,0.4305191934108734,0.21812649071216583,,cfg02_G3_D32,1.8739664049935527,cuda
evaluation,71,57,Warm C,0.01398883294314146,0.1111111119389534,0.13263654708862305,0.6419753086419753,1.1920928955078125e-07,0.5331035852432251,0.18639080226421356,,cfg02_G3_D32,1.8739664049935527,cuda
evaluation,72,58,Cold,0.0044279019348323345,0.1111111119389534,0.09288458526134491,0.8888888888888888,1.7881393432617188e-07,0.0,0.0,,cfg02_G3_D32,1.8739664049935527,cuda
evaluation,72,58,Warm A,0.003049761988222599,0.1111111119389534,0.094161756336689,0.8765432098765432,1.7881393432617188e-07,0.1963183879852295,0.6536607146263123,,cfg02_G3_D32,1.8739664049935527,cuda
evaluation,72,58,Warm B,0.003470602910965681,0.1111111119389534,0.09237340837717056,0.8765432098765432,1.1920928955078125e-07,0.3538490831851959,0.6077287793159485,,cfg02_G3_D32,1.8739664049935527,cuda
evaluation,72,58,Warm C,0.004907932598143816,0.1111110970377922,0.08260231465101242,0.9135802469135802,2.384185791015625e-07,0.41156435012817383,0.634921669960022,,cfg02_G3_D32,1.8739664049935527,cuda
evaluation,74,60,Cold,0.003914192784577608,0.111111119389534,0.08741706609725952,0.9012345679012346,1.1920928955078125e-07,0.0,0.0,,cfg02_G3_D32,1.8739664049935527,cuda
evaluation,74,60,Warm A,0.0071847643703222275,0.1111111119389534,0.07438596338033676,0.9382716049382716,1.1920928955078125e-07,0.23786567151546478,0.5804466605186462,,cfg02_G3_D32,1.8739664049935527,cuda
evaluation,74,60,Warm B,0.008429241366684437,0.1111111119389534,0.08681193739175797,0.9259259259259259,1.1920928955078125e-07,0.3763757646083832,0.5472779870033264,,cfg02_G3_D32,1.8739664049935527,cuda
evaluation,74,60,Warm C,0.009280279278755188,0.1111111119389534,0.1030004546046257,0.8148148148148148,1.1920928955078125e-07,0.4645790159702301,0.4914364814758301,,cfg02_G3_D32,1.8739664049935527,cuda
evaluation,76,61,Cold,0.004934036638587713,0.1111110970377922,0.08677508682012558,0.8641975308641975,1.1920928955078125e-07,0.0,0.0,,cfg02_G3_D32,1.8739664049935527,cuda
evaluation,76,61,Warm A,0.007848869077861309,0.1111110970377922,0.08255743235349655,0.8765432098765432,1.1920928955078125e-07,0.24368418753147125,0.5684217810630798,,cfg02_G3_D32,1.8739664049935527,cuda
evaluation,76,61,Warm B,0.010619071312248707,0.1111111119389534,0.10014800727367401,0.8395061728395061,1.1920928955078125e-07,0.31646278500556946,0.3697597086429596,,cfg02_G3_D32,1.8739664049935527,cuda
evaluation,76,61,Warm C,0.008822990581393242,0.1111111119389534,0.08076426386833191,0.9259259259259259,1.1920928955078125e-07,0.3347979485988617,0.5536859631538391,,cfg02_G3_D32,1.8739664049935527,cuda
evaluation,79,62,Cold,0.004922922234982252,0.1111110970377922,0.0957246795296669,0.8395061728395061,1.1920928955078125e-07,0.0,0.0,,cfg02_G3_D32,1.8739664049935527,cuda
evaluation,79,62,Warm A,0.007771346252411604,0.1111111119389534,0.08380592614412308,0.9012345679012346,1.7881393432617188e-07,0.2413795441389084,0.6277369856834412,,cfg02_G3_D32,1.8739664049935527,cuda
evaluation,79,62,Warm B,0.011098571121692657,0.1111111119389534,0.08930394798517227,0.8518518518518519,1.7881393432617188e-07,0.46094459295272827,0.48113343119621277,,cfg02_G3_D32,1.8739664049935527,cuda
evaluation,79,62,Warm C,0.014032140374183655,0.1111110970377922,0.10962100327014923,0.7901234567901234,2.384185791015625e-07,0.50547194480896,0.2211528867483139,,cfg02_G3_D32,1.8739664049935527,cuda
evaluation,81,63,Cold,0.0038219785783439875,0.1111111119389534,0.08378210663795471,0.9135802469135802,2.384185791015625e-07,0.0,0.0,,cfg02_G3_D32,1.8739664049935527,cuda
evaluation,81,63,Warm A,0.005040146876126528,0.1111111119389534,0.07606666535139084,0.9259259259259259,1.1920928955078125e-07,0.24368271231651306,0.7401436567306519,,cfg02_G3_D32,1.8739664049935527,cuda
evaluation,81,63,Warm B,0.0033387562725692987,0.1111111119389534,0.092401422560215,0.8888888888888888,1.1920928955078125e-07,0.36644577980041504,0.6770769953727722,,cfg02_G3_D32,1.8739664049935527,cuda
evaluation,81,63,Warm C,0.007017638999968767,0.1111111119389534,0.0752740353345871,0.9135802469135802,1.1920928955078125e-07,0.36495620012283325,0.5597054362297058,,cfg02_G3_D32,1.8739664049935527,cuda
evaluation,82,64,Cold,0.004298169165849686,0.1111110970377922,0.09250456094741821,0.8888888888888888,1.1920928955078125e-07,0.0,0.0,,cfg02_G3_D32,1.8739664049935527,cuda
evaluation,82,64,Warm A,0.006731278263032436,0.1111111119389534,0.0812968835234642,0.9135802469135802,1.1920928955078125e-07,0.2305460274219513,0.720082700252533,,cfg02_G3_D32,1.8739664049935527,cuda
evaluation,82,64,Warm B,0.005402708426117897,0.1111110970377922,0.09919492900371552,0.8888888888888888,1.1920928955078125e-07,0.3309899866580963,0.5692931413650513,,cfg02_G3_D32,1.8739664049935527,cuda
evaluation,82,64,Warm C,0.004265500232577324,0.111111119389534,0.10307389497756958,0.8765432098765432,2.384185791015625e-07,0.3856097161769867,0.5397207736968994,,cfg02_G3_D32,1.8739664049935527,cuda
evaluation,85,65,Cold,0.0037972566206008196,0.1111111119389534,0.08351925760507584,0.9135802469135802,1.1920928955078125e-07,0.0,0.0,,cfg02_G3_D32,1.8739664049935527,cuda
evaluation,85,65,Warm A,0.0032803446520119905,0.1111111119389534,0.09930016845464706,0.8641975308641975,3.5762786865234375e-07,0.20918260514736176,0.5596404671669006,,cfg02_G3_D32,1.8739664049935527,cuda
evaluation,85,65,Warm B,0.004555894993245602,0.1111111119389534,0.07648885995149612,0.9259259259259259,1.1920928955078125e-07,0.22937315702438354,0.7668456435203552,,cfg02_G3_D32,1.8739664049935527,cuda
evaluation,85,65,Warm C,0.008938610553741455,0.1111110970377922,0.0687469020485878,0.9506172839506173,1.1920928955078125e-07,0.34351664781570435,0.6302357316017151,,cfg02_G3_D32,1.8739664049935527,cuda
evaluation,87,67,Cold,0.003322920762002468,0.1111111119389534,0.0819019228219986,0.9259259259259259,1.1920928955078125e-07,0.0,0.0,,cfg02_G3_D32,1.8739664049935527,cuda
evaluation,87,67,Warm A,0.005286877043545246,0.111111119389534,0.07339377701282501,0.9259259259259259,1.1920928955078125e-07,0.24475957453250885,0.5669165849685669,,cfg02_G3_D32,1.8739664049935527,cuda
evaluation,87,67,Warm B,0.007018824573606253,0.1111111119389534,0.0913836658000946,0.8765432098765432,1.1920928955078125e-07,0.4335288405418396,0.4720551073551178,,cfg02_G3_D32,1.8739664049935527,cuda
evaluation,87,67,Warm C,0.010745656676590443,0.1111110970377922,0.11811692267656326,0.8024691358024691,1.1920928955078125e-07,0.5936378836631775,0.14861781895160675,,cfg02_G3_D32,1.8739664049935527,cuda
evaluation,88,68,Cold,0.003897659247741103,0.1111111119389534,0.08729515969753265,0.9259259259259259,2.384185791015625e-07,0.0,0.0,,cfg02_G3_D32,1.8739664049935527,cuda
evaluation,88,68,Warm A,0.0052796644158661366,0.1111111119389534,0.07371179759502411,0.9506172839506173,2.384185791015625e-07,0.23853734135627747,0.4540148675441742,,cfg02_G3_D32,1.8739664049935527,cuda
evaluation,88,68,Warm B,0.008841082453727722,0.1111111119389534,0.09177105873823166,0.8888888888888888,1.1920928955078125e-07,0.37866491079330444,0.42341604828834534,,cfg02_G3_D32,1.8739664049935527,cuda
evaluation,88,68,Warm C,0.006777821574360132,0.1111110970377922,0.07612094283103943,0.9012345679012346,1.1920928955078125e-07,0.39131274819374084,0.6316074728965759,,cfg02_G3_D32,1.8739664049935527,cuda
evaluation,92,70,Cold,0.004765637684613466,0.1111111119389534,0.0950256958603859,0.8395061728395061,1.1920928955078125e-07,0.0,0.0,,cfg02_G3_D32,1.8739664049935527,cuda
evaluation,92,70,Warm A,0.00799051858484745,0.111111119389534,0.08117999881505966,0.9135802469135802,1.1920928955078125e-07,0.23603931069374084,0.63534015417099,,cfg02_G3_D32,1.8739664049935527,cuda
evaluation,92,70,Warm B,0.00943082571029663,0.1111110970377922,0.08895707875490189,0.8888888888888888,1.7881393432617188e-07,0.39012622833251953,0.4601752460002899,,cfg02_G3_D32,1.8739664049935527,cuda
evaluation,92,70,Warm C,0.011599497869610786,0.1111110970377922,0.10618996620178223,0.8148148148148148,1.1920928955078125e-07,0.499388188123703,0.5371261835098267,,cfg02_G3_D32,1.8739664049935527,cuda
evaluation,93,71,Cold,0.003542161313816905,0.1111111119389534,0.0772932693362236,0.9506172839506173,2.384185791015625e-07,0.0,0.0,,cfg02_G3_D32,1.8739664049935527,cuda
evaluation,93,71,Warm A,0.006219422444701195,0.1111111119389534,0.07437079399824142,0.9629629629629629,2.384185791015625e-07,0.22566524147987366,0.431873083114624,,cfg02_G3_D32,1.8739664049935527,cuda
evaluation,93,71,Warm B,0.008463623933494091,0.1111111119389534,0.10230182856321335,0.8641975308641975,2.384185791015625e-07,0.4128701090812683,0.4478219151496887,,cfg02_G3_D32,1.8739664049935527,cuda
evaluation,93,71,Warm C,0.012272151187062263,0.111111119389534,0.12849020957946777,0.7160493827160493,1.1920928955078125e-07,0.5876548886299133,0.2271130084991455,,cfg02_G3_D32,1.8739664049935527,cuda
evaluation,94,72,Cold,0.003951652906835079,0.1111111119389534,0.09219484776258469,0.8765432098765432,1.1920928955078125e-07,0.0,0.0,,cfg02_G3_D32,1.8739664049935527,cuda
evaluation,94,72,Warm A,0.005374734289944172,0.1111110970377922,0.07163268327713013,0.9259259259259259,1.1920928955078125e-07,0.24488981068134308,0.6178773045539856,,cfg02_G3_D32,1.8739664049935527,cuda
evaluation,94,72,Warm B,0.0032392404973506927,0.1111110970377922,0.08274795860052109,0.8765432098765432,1.1920928955078125e-07,0.3609296381473541,0.6011428833007812,,cfg02_G3_D32,1.8739664049935527,cuda
evaluation,94,72,Warm C,0.003200288861989975,0.1111111119389534,0.086372010409832,0.8641975308641975,1.1920928955078125e-07,0.49283191561698914,0.5446469187736511,,cfg02_G3_D32,1.8739664049935527,cuda
evaluation,100,74,Cold,0.004704400431364775,0.1111111119389534,0.09723466634750366,0.8271604938271605,2.384185791015625e-07,0.0,0.0,,cfg02_G3_D32,1.8739664049935527,cuda
evaluation,100,74,Warm A,0.007639309391379356,0.1111111119389534,0.08002114295959473,0.8888888888888888,1.1920928955078125e-07,0.24049091339111328,0.5289720892906189,,cfg02_G3_D32,1.8739664049935527,cuda
evaluation,100,74,Warm B,0.008241573348641396,0.111111119389534,0.08068063855171204,0.9259259259259259,2.384185791015625e-07,0.3282279670238495,0.562890350818634,,cfg02_G3_D32,1.8739664049935527,cuda
evaluation,100,74,Warm C,0.01120383944362402,0.1111111119389534,0.09856166690587997,0.8765432098765432,2.384185791015625e-07,0.5107879042625427,0.3767249584197998,,cfg02_G3_D32,1.8739664049935527,cuda
evaluation,117,82,Cold,0.004702752456068993,0.1111111119389534,0.09045375883579254,0.9012345679012346,1.1920928955078125e-07,0.0,0.0,,cfg02_G3_D32,1.8739664049935527,cuda
evaluation,117,82,Warm A,0.006968164816498756,0.1111111119389534,0.0824095606803894,0.9135802469135802,2.384185791015625e-07,0.2313261330127716,0.6923338770866394,,cfg02_G3_D32,1.8739664049935527,cuda
evaluation,117,82,Warm B,0.004739874508231878,0.1111111119389534,0.1015980914235115,0.8518518518518519,1.1920928955078125e-07,0.3946497142314911,0.7272199392318726,,cfg02_G3_D32,1.8739664049935527,cuda
evaluation,117,82,Warm C,0.002385526429861784,0.1111110970377922,0.11683948338031769,0.7901234567901234,1.1920928955078125e-07,0.5636058449745178,0.6327033042907715,,cfg02_G3_D32,1.8739664049935527,cuda
evaluation,118,83,Cold,0.0040412903763353825,0.1111111119389534,0.08874677121639252,0.9012345679012346,1.1920928955078125e-07,0.0,0.0,,cfg02_G3_D32,1.8739664049935527,cuda
evaluation,118,83,Warm A,0.0062432861886918545,0.1111110970377922,0.07335745543241501,0.9382716049382716,1.1920928955078125e-07,0.23375700414180756,0.5737785696983337,,cfg02_G3_D32,1.8739664049935527,cuda
evaluation,118,83,Warm B,0.005099616479128599,0.1111111119389534,0.07700757682323456,0.9012345679012346,1.7881393432617188e-07,0.31687140464782715,0.6015372276306152,,cfg02_G3_D32,1.8739664049935527,cuda
evaluation,118,83,Warm C,0.005367759149521589,0.1111111119389534,0.07321131974458694,0.9259259259259259,2.384185791015625e-07,0.4231732189655304,0.5905336737632751,,cfg02_G3_D32,1.8739664049935527,cuda
evaluation,122,84,Cold,0.003994484897702932,0.1111110970377922,0.08250147849321365,0.9012345679012346,1.1920928955078125e-07,0.0,0.0,,cfg02_G3_D32,1.8739664049935527,cuda
evaluation,122,84,Warm A,0.0069686430506408215,0.1111111119389534,0.07541723549365997,0.9629629629629629,1.7881393432617188e-07,0.22727331519126892,0.6072017550468445,,cfg02_G3_D32,1.8739664049935527,cuda
evaluation,122,84,Warm B,0.008273608982563019,0.1111111119389534,0.09762027859687805,0.8641975308641975,2.384185791015625e-07,0.3682185411453247,0.4652443528175354,,cfg02_G3_D32,1.8739664049935527,cuda
evaluation,122,84,Warm C,0.007256483659148216,0.1111110970377922,0.0841183289885521,0.9012345679012346,2.384185791015625e-07,0.3706497848033905,0.49503108859062195,,cfg02_G3_D32,1.8739664049935527,cuda
evaluation,123,85,Cold,0.004363748244941235,0.1111111119389534,0.0927315503358841,0.8641975308641975,1.1920928955078125e-07,0.0,0.0,,cfg02_G3_D32,1.8739664049935527,cuda
evaluation,123,85,Warm A,0.0038543706759810448,0.1111111119389534,0.11285319179296494,0.7901234567901234,2.384185791015625e-07,0.22459299862384796,0.6169555187225342,,cfg02_G3_D32,1.8739664049935527,cuda
evaluation,123,85,Warm B,0.0026409204583615065,0.1111111119389534,0.12430961430072784,0.7037037037037037,1.1920928955078125e-07,0.36035123467445374,0.5984363555908203,,cfg02_G3_D32,1.8739664049935527,cuda
evaluation,123,85,Warm C,0.0015522300964221358,0.111111119389534,0.12532290816307068,0.7037037037037037,2.384185791015625e-07,0.4579998850822449,0.5546554923057556,,cfg02_G3_D32,1.8739664049935527,cuda
evaluation,126,87,Cold,0.003484069835394621,0.1111110970377922,0.07662031799554825,0.9382716049382716,1.7881393432617188e-07,0.0,0.0,,cfg02_G3_D32,1.8739664049935527,cuda
evaluation,126,87,Warm A,0.006973071489483118,0.1111110970377922,0.07350674271583557,0.9506172839506173,2.384185791015625e-07,0.24201874434947968,0.5533437132835388,,cfg02_G3_D32,1.8739664049935527,cuda
evaluation,126,87,Warm B,0.00924739707261324,0.111111119389534,0.09655081480741501,0.8765432098765432,1.1920928955078125e-07,0.46605658531188965,0.5056681036949158,,cfg02_G3_D32,1.8739664049935527,cuda
evaluation,126,87,Warm C,0.0084649957716465,0.1111111119389534,0.09500494599342346,0.8518518518518519,2.384185791015625e-07,0.6196356415748596,0.5341106653213501,,cfg02_G3_D32,1.8739664049935527,cuda
evaluation,132,88,Cold,0.005572165362536907,0.1111111119389534,0.09377612173557281,0.8395061728395061,1.7881393432617188e-07,0.0,0.0,,cfg02_G3_D32,1.8739664049935527,cuda
evaluation,132,88,Warm A,0.009993857704102993,0.1111111119389534,0.08274371922016144,0.8765432098765432,2.384185791015625e-07,0.24308790266513824,0.511451244354248,,cfg02_G3_D32,1.8739664049935527,cuda
evaluation,132,88,Warm B,0.012219655327498913,0.111111119389534,0.09856822341680527,0.8271604938271605,1.1920928955078125e-07,0.4162599742412567,0.31678810715675354,,cfg02_G3_D32,1.8739664049935527,cuda
evaluation,132,88,Warm C,0.01434443611651659,0.1111111119389534,0.12134353071451187,0.7407407407407407,1.1920928955078125e-07,0.6120875477790833,0.18531963229179382,,cfg02_G3_D32,1.8739664049935527,cuda
evaluation,135,89,Cold,0.003842772450298071,0.1111111119389534,0.08787724375724792,0.9135802469135802,2.384185791015625e-07,0.0,0.0,,cfg02_G3_D32,1.8739664049935527,cuda
evaluation,135,89,Warm A,0.00512095307931304,0.1111111119389534,0.07112156599760056,0.9629629629629629,1.1920928955078125e-07,0.2494499832391739,0.36659225821495056,,cfg02_G3_D32,1.8739664049935527,cuda
evaluation,135,89,Warm B,0.0059473589062690735,0.1111111119389534,0.08545246720314026,0.9135802469135802,1.7881393432617188e-07,0.3671935796737671,0.41305285692214966,,cfg02_G3_D32,1.8739664049935527,cuda
evaluation,135,89,Warm C,0.005806855391710997,0.1111110970377922,0.082272008061409,0.9382716049382716,1.1920928955078125e-07,0.37586623430252075,0.5449047088623047,,cfg02_G3_D32,1.8739664049935527,cuda
evaluation,140,90,Cold,0.0041197617538273335,0.1111111119389534,0.09040387719869614,0.9012345679012346,1.1920928955078125e-07,0.0,0.0,,cfg02_G3_D32,1.8739664049935527,cuda
evaluation,140,90,Warm A,0.008050954900681973,0.1111111119389534,0.07500762492418289,0.9259259259259259,2.384185791015625e-07,0.2409595549106598,0.6253069043159485,,cfg02_G3_D32,1.8739664049935527,cuda
evaluation,140,90,Warm B,0.009158783592283726,0.1111111119389534,0.07606292515993118,0.9382716049382716,1.1920928955078125e-07,0.36555400490760803,0.5999945998191833,,cfg02_G3_D32,1.8739664049935527,cuda
evaluation,140,90,Warm C,0.009730063378810883,0.1111111119389534,0.08142527937889099,0.9259259259259259,1.7881393432617188e-07,0.4927213788032532,0.6477574706077576,,cfg02_G3_D32,1.8739664049935527,cuda
evaluation,147,94,Cold,0.004528590012341738,0.1111111119389534,0.09314089268445969,0.8765432098765432,1.1920928955078125e-07,0.0,0.0,,cfg02_G3_D32,1.8739664049935527,cuda
evaluation,147,94,Warm A,0.003731635631993413,0.111111119389534,0.08503208309412003,0.8765432098765432,2.384185791015625e-07,0.2218245267868042,0.5556661486625671,,cfg02_G3_D32,1.8739664049935527,cuda
evaluation,147,94,Warm B,0.002400496508926153,0.111111119389534,0.08765564113855362,0.8765432098765432,1.1920928955078125e-07,0.3148907721042633,0.720970630645752,,cfg02_G3_D32,1.8739664049935527,cuda
evaluation,147,94,Warm C,0.0050801546312868595,0.1111110970377922,0.08161088079214096,0.8888888888888888,2.384185791015625e-07,0.37619268894195557,0.5868596434593201,,cfg02_G3_D32,1.8739664049935527,cuda
evaluation,152,97,Cold,0.003241518745198846,0.1111110970377922,0.07851303368806839,0.9506172839506173,1.1920928955078125e-07,0.0,0.0,,cfg02_G3_D32,1.8739664049935527,cuda
evaluation,152,97,Warm A,0.005126548931002617,0.1111111119389534,0.06841648370027542,0.9506172839506173,1.1920928955078125e-07,0.22997306287288666,0.5985003709793091,,cfg02_G3_D32,1.8739664049935527,cuda
evaluation,152,97,Warm B,0.00722523033618927,0.111111119389534,0.08558414876461029,0.9259259259259259,2.384185791015625e-07,0.3998783230781555,0.5028925538063049,,cfg02_G3_D32,1.8739664049935527,cuda
evaluation,152,97,Warm C,0.003628172678872943,0.1111111119389534,0.06773824989795685,0.9506172839506173,1.1920928955078125e-07,0.3837658762931824,0.6903859972953796,,cfg02_G3_D32,1.8739664049935527,cuda
evaluation,154,99,Cold,0.00539633072912693,0.1111111119389534,0.11040695011615753,0.8271604938271605,1.1920928955078125e-07,0.0,0.0,,cfg02_G3_D32,1.8739664049935527,cuda
evaluation,154,99,Warm A,0.008719917386770248,0.111111119389534,0.10411595553159714,0.8024691358024691,1.1920928955078125e-07,0.2401801347732544,0.7497981786727905,,cfg02_G3_D32,1.8739664049935527,cuda
evaluation,154,99,Warm B,0.005633622407913208,0.1111111119389534,0.10614176839590073,0.8148148148148148,2.980232238769531e-07,0.3730228543281555,0.6021830439567566,,cfg02_G3_D32,1.8739664049935527,cuda
evaluation,154,99,Warm C,0.003579040989279747,0.1111111119389534,0.1066395491361618,0.8271604938271605,1.1920928955078125e-07,0.5544936060905457,0.5924054384231567,,cfg02_G3_D32,1.8739664049935527,cuda
evaluation,155,100,Cold,0.004296038765460253,0.1111111119389534,0.08749561756849289,0.9012345679012346,1.1920928955078125e-07,0.0,0.0,,cfg02_G3_D32,1.8739664049935527,cuda
evaluation,155,100,Warm A,0.0057253544218838215,0.1111111119389534,0.08076371252536774,0.8888888888888888,2.384185791015625e-07,0.222608745098114,0.6793478727340698,,cfg02_G3_D32,1.8739664049935527,cuda
evaluation,155,100,Warm B,0.0019773002713918686,0.111111119389534,0.09582555294036865,0.8518518518518519,1.7881393432617188e-07,0.30626553297042847,0.5958957076072693,,cfg02_G3_D32,1.8739664049935527,cuda
evaluation,155,100,Warm C,0.0037416918203234673,0.1111111119389534,0.08043273538351059,0.8641975308641975,5.960464477539063e-08,0.34526392817497253,0.6680319905281067,,cfg02_G3_D32,1.8739664049935527,cuda
evaluation,156,101,Cold,0.0036667941603809595,0.1111111119389534,0.07976596802473068,0.9382716049382716,2.384185791015625e-07,0.0,0.0,,cfg02_G3_D32,1.8739664049935527,cuda
evaluation,156,101,Warm A,0.003675843356177211,0.1111111119389534,0.08081243187189102,0.9012345679012346,2.384185791015625e-07,0.22616040706634521,0.5931929349899292,,cfg02_G3_D32,1.8739664049935527,cuda
evaluation,156,101,Warm B,0.002666341606527567,0.1111111119389534,0.08229818195104599,0.9012345679012346,2.384185791015625e-07,0.35994794964790344,0.5792718529701233,,cfg02_G3_D32,1.8739664049935527,cuda
evaluation,156,101,Warm C,0.002583045745268464,0.1111111119389534,0.08157964050769806,0.9135802469135802,1.1920928955078125e-07,0.2909507155418396,0.7563430666923523,,cfg02_G3_D32,1.8739664049935527,cuda
evaluation,157,102,Cold,0.00449676439166069,0.1111111119389534,0.09370338916778564,0.8518518518518519,2.384185791015625e-07,0.0,0.0,,cfg02_G3_D32,1.8739664049935527,cuda
evaluation,157,102,Warm A,0.007237992249429226,0.111111119389534,0.07814790308475494,0.9135802469135802,2.384185791015625e-07,0.24953725934028625,0.5955676436424255,,cfg02_G3_D32,1.8739664049935527,cuda
evaluation,157,102,Warm B,0.010664689354598522,0.111111119389534,0.09099742025136948,0.8518518518518519,2.384185791015625e-07,0.37702786922454834,0.5166811943054199,,cfg02_G3_D32,1.8739664049935527,cuda
evaluation,157,102,Warm C,0.012770837172865868,0.1111110970377922,0.11000171303749084,0.7407407407407407,2.384185791015625e-07,0.5202134251594543,0.3756648004055023,,cfg02_G3_D32,1.8739664049935527,cuda
evaluation,159,104,Cold,0.004381279926747084,0.111111119389534,0.09057219326496124,0.8888888888888888,2.384185791015625e-07,0.0,0.0,,cfg02_G3_D32,1.8739664049935527,cuda
evaluation,159,104,Warm A,0.005686601158231497,0.1111111119389534,0.08564969897270203,0.8888888888888888,1.1920928955078125e-07,0.23593753576278687,0.6884031891822815,,cfg02_G3_D32,1.8739664049935527,cuda
evaluation,159,104,Warm B,0.009738796390593052,0.1111111119389534,0.08230681717395782,0.8888888888888888,1.1920928955078125e-07,0.3371041417121887,0.501928448677063,,cfg02_G3_D32,1.8739664049935527,cuda
evaluation,159,104,Warm C,0.008841373957693577,0.1111111119389534,0.0785975381731987,0.9259259259259259,2.384185791015625e-07,0.37773555517196655,0.49678537249565125,,cfg02_G3_D32,1.8739664049935527,cuda
evaluation,166,111,Cold,0.004151396919041872,0.1111110970377922,0.08928097039461136,0.9012345679012346,1.1920928955078125e-07,0.0,0.0,,cfg02_G3_D32,1.8739664049935527,cuda
evaluation,166,111,Warm A,0.005988152232021093,0.1111111119389534,0.07881056517362595,0.9382716049382716,1.1920928955078125e-07,0.2355792373418808,0.7154417037963867,,cfg02_G3_D32,1.8739664049935527,cuda
evaluation,166,111,Warm B,0.0015508373035117984,0.1111111119389534,0.09034034609794617,0.8888888888888888,2.384185791015625e-07,0.2933836579322815,0.6653777956962585,,cfg02_G3_D32,1.8739664049935527,cuda
evaluation,166,111,Warm C,0.0038671400398015976,0.1111111119389534,0.07882566004991531,0.9259259259259259,1.1920928955078125e-07,0.38781189918518066,0.5740584135055542,,cfg02_G3_D32,1.8739664049935527,cuda
evaluation,169,113,Cold,0.004250644706189632,0.1111111119389534,0.06927274912595749,0.9506172839506173,1.1920928955078125e-07,0.0,0.0,,cfg02_G3_D32,1.8739664049935527,cuda
evaluation,169,113,Warm A,0.005982160568237305,0.1111110970377922,0.07729832828044891,0.9506172839506173,2.384185791015625e-07,0.23877835273742676,0.4599715769290924,,cfg02_G3_D32,1.8739664049935527,cuda
evaluation,169,113,Warm B,0.009073974564671516,0.1111110970377922,0.10265682637691498,0.9012345679012346,2.384185791015625e-07,0.41366398334503174,0.43815159797668457,,cfg02_G3_D32,1.8739664049935527,cuda
evaluation,169,113,Warm C,0.012275166809558868,0.1111111119389534,0.1298537254333496,0.654320987654321,2.384185791015625e-07,0.6114775538444519,0.157190203666687,,cfg02_G3_D32,1.8739664049935527,cuda
evaluation,171,115,Cold,0.004183536861091852,0.1111111119389534,0.08711540699005127,0.9012345679012346,1.1920928955078125e-07,0.0,0.0,,cfg02_G3_D32,1.8739664049935527,cuda
evaluation,171,115,Warm A,0.0034333867952227592,0.1111111119389534,0.0998738706111908,0.8148148148148148,1.1920928955078125e-07,0.22108322381973267,0.5981310606002808,,cfg02_G3_D32,1.8739664049935527,cuda
evaluation,171,115,Warm B,0.004350439645349979,0.1111111119389534,0.09774936735630035,0.8148148148148148,1.7881393432617188e-07,0.3266521096229553,0.5977219939231873,,cfg02_G3_D32,1.8739664049935527,cuda
evaluation,171,115,Warm C,0.00473747355863452,0.1111110970377922,0.09771694242954254,0.8148148148148148,1.1920928955078125e-07,0.4268495440483093,0.5143296122550964,,cfg02_G3_D32,1.8739664049935527,cuda
evaluation,174,118,Cold,0.004266928415745497,0.1111111119389534,0.08902464061975479,0.9012345679012346,1.1920928955078125e-07,0.0,0.0,,cfg02_G3_D32,1.8739664049935527,cuda
evaluation,174,118,Warm A,0.006910495460033417,0.1111111119389534,0.0736704021692276,0.9506172839506173,1.7881393432617188e-07,0.23270778357982635,0.5657615661621094,,cfg02_G3_D32,1.8739664049935527,cuda
evaluation,174,118,Warm B,0.00892652478069067,0.1111111119389534,0.0937458798289299,0.8888888888888888,1.7881393432617188e-07,0.3821010887622833,0.3698030412197113,,cfg02_G3_D32,1.8739664049935527,cuda
evaluation,174,118,Warm C,0.009860211983323097,0.111111119389534,0.11543255299329758,0.7654320987654321,2.384185791015625e-07,0.4984890818595886,0.42510461807250977,,cfg02_G3_D32,1.8739664049935527,cuda
evaluation,177,121,Cold,0.0030861832201480865,0.1111111119389534,0.07059361040592194,0.9876543209876543,1.1920928955078125e-07,0.0,0.0,,cfg02_G3_D32,1.8739664049935527,cuda
evaluation,177,121,Warm A,0.005245279986411333,0.1111111119389534,0.07019361108541489,0.9753086419753086,2.384185791015625e-07,0.20600910484790802,0.5516538619995117,,cfg02_G3_D32,1.8739664049935527,cuda
evaluation,177,121,Warm B,0.005006672814488411,0.1111111119389534,0.06929925084114075,0.9876543209876543,2.384185791015625e-07,0.27008387446403503,0.5463581085205078,,cfg02_G3_D32,1.8739664049935527,cuda
evaluation,177,121,Warm C,0.006975489668548107,0.1111111119389534,0.07969123870134354,0.9259259259259259,5.960464477539063e-08,0.318541556596756,0.3662685453891754,,cfg02_G3_D32,1.8739664049935527,cuda
evaluation,181,123,Cold,0.0037635641638189554,0.1111111119389534,0.07864836603403091,0.9259259259259259,1.1920928955078125e-07,0.0,0.0,,cfg02_G3_D32,1.8739664049935527,cuda
evaluation,181,123,Warm A,0.006999833509325981,0.1111110970377922,0.07965078949928284,0.9382716049382716,1.1920928955078125e-07,0.24421818554401398,0.2790377140045166,,cfg02_G3_D32,1.8739664049935527,cuda
evaluation,181,123,Warm B,0.009490019641816616,0.1111111119389534,0.1067298948764801,0.8765432098765432,2.384185791015625e-07,0.40894365310668945,0.35979750752449036,,cfg02_G3_D32,1.8739664049935527,cuda
evaluation,181,123,Warm C,0.012907755561172962,0.1111110970377922,0.1362561136484146,0.6419753086419753,1.7881393432617188e-07,0.5029460191726685,0.18566210567951202,,cfg02_G3_D32,1.8739664049935527,cuda
evaluation,187,126,Cold,0.0038557008374482393,0.1111111119389534,0.08302919566631317,0.9135802469135802,1.1920928955078125e-07,0.0,0.0,,cfg02_G3_D32,1.8739664049935527,cuda
evaluation,187,126,Warm A,0.004230906721204519,0.1111111119389534,0.07852066308259964,0.9259259259259259,1.1920928955078125e-07,0.2397441864013672,0.5948252081871033,,cfg02_G3_D32,1.8739664049935527,cuda
evaluation,187,126,Warm B,0.003785260720178485,0.1111110970377922,0.0846828818321228,0.8765432098765432,1.1920928955078125e-07,0.3619837164878845,0.5766221880912781,,cfg02_G3_D32,1.8739664049935527,cuda
evaluation,187,126,Warm C,0.0038106213323771954,0.111111119389534,0.0920182466506958,0.8641975308641975,2.384185791015625e-07,0.3262740671634674,0.6113663911819458,,cfg02_G3_D32,1.8739664049935527,cuda
evaluation,188,127,Cold,0.003241518745198846,0.1111111119389534,0.0785130187869072,0.9506172839506173,2.384185791015625e-07,0.0,0.0,,cfg02_G3_D32,1.8739664049935527,cuda
evaluation,188,127,Warm A,0.005296696443110704,0.1111111119389534,0.07228200137615204,0.9259259259259259,1.1920928955078125e-07,0.24451518058776855,0.5748056173324585,,cfg02_G3_D32,1.8739664049935527,cuda
evaluation,188,127,Warm B,0.0072466544806957245,0.1111111119389534,0.08020352572202682,0.9135802469135802,5.960464477539063e-08,0.30659765005111694,0.4966306686401367,,cfg02_G3_D32,1.8739664049935527,cuda
evaluation,188,127,Warm C,0.004867810755968094,0.1111111119389534,0.07001136243343353,0.9506172839506173,1.7881393432617188e-07,0.2750481069087982,0.7477262616157532,,cfg02_G3_D32,1.8739664049935527,cuda
evaluation,190,128,Cold,0.005572160705924034,0.1111111119389534,0.09377612918615341,0.8395061728395061,1.1920928955078125e-07,0.0,0.0,,cfg02_G3_D32,1.8739664049935527,cuda
evaluation,190,128,Warm A,0.0036198545712977648,0.111111119389534,0.10404420644044876,0.8395061728395061,2.384185791015625e-07,0.2174481898546219,0.6558507084846497,,cfg02_G3_D32,1.8739664049935527,cuda
evaluation,190,128,Warm B,0.0008711540722288191,0.111111119389534,0.1097182035446167,0.7901234567901234,2.384185791015625e-07,0.34476444125175476,0.7110961079597473,,cfg02_G3_D32,1.8739664049935527,cuda
evaluation,190,128,Warm C,-0.0018628654070198536,0.1111111119389534,0.12739992141723633,0.7160493827160493,1.1920928955078125e-07,0.5362337231636047,0.7434281706809998,,cfg02_G3_D32,1.8739664049935527,cuda
evaluation,191,129,Cold,0.004528590478003025,0.1111111119389534,0.09314090758562088,0.8765432098765432,2.384185791015625e-07,0.0,0.0,,cfg02_G3_D32,1.8739664049935527,cuda
evaluation,191,129,Warm A,0.007536884397268295,0.1111111119389534,0.07566297054290771,0.9259259259259259,1.1920928955078125e-07,0.247466579079628,0.5693852305412292,,cfg02_G3_D32,1.8739664049935527,cuda
evaluation,191,129,Warm B,0.01016529742628336,0.1111111119389534,0.08870936185121536,0.8765432098765432,1.1920928955078125e-07,0.4355791509151459,0.3993220627307892,,cfg02_G3_D32,1.8739664049935527,cuda
evaluation,191,129,Warm C,0.01106027141213417,0.1111111119389534,0.11394992470741272,0.7777777777777778,2.384185791015625e-07,0.5719155669212341,0.22765325009822845,,cfg02_G3_D32,1.8739664049935527,cuda
evaluation,195,132,Cold,0.003987008240073919,0.111111119389534,0.08942003548145294,0.9012345679012346,2.384185791015625e-07,0.0,0.0,,cfg02_G3_D32,1.8739664049935527,cuda
evaluation,195,132,Warm A,0.006900415755808353,0.1111111119389534,0.06995280832052231,0.9506172839506173,1.1920928955078125e-07,0.24619261920452118,0.5380725264549255,,cfg02_G3_D32,1.8739664049935527,cuda
evaluation,195,132,Warm B,0.00781573448330164,0.1111110970377922,0.08463894575834274,0.9135802469135802,1.1920928955078125e-07,0.3427615165710449,0.5775193572044373,,cfg02_G3_D32,1.8739664049935527,cuda
evaluation,195,132,Warm C,0.010782928206026554,0.1111110970377922,0.10964641720056534,0.8148148148148148,1.1920928955078125e-07,0.46227869391441345,0.38761863112449646,,cfg02_G3_D32,1.8739664049935527,cuda
evaluation,199,135,Cold,0.0052322507835924625,0.1111111119389534,0.10626465827226639,0.8148148148148148,2.384185791015625e-07,0.0,0.0,,cfg02_G3_D32,1.8739664049935527,cuda
evaluation,199,135,Warm A,0.009277588687837124,0.1111111119389534,0.10183640569448471,0.8271604938271605,2.384185791015625e-07,0.23085755109786987,0.5609221458435059,,cfg02_G3_D32,1.8739664049935527,cuda
evaluation,199,135,Warm B,0.005364576820284128,0.111111119389534,0.10641954839229584,0.8148148148148148,2.384185791015625e-07,0.27803629636764526,0.5317229628562927,,cfg02_G3_D32,1.8739664049935527,cuda
evaluation,199,135,Warm C,0.006596533581614494,0.1111110970377922,0.10155457258224487,0.8271604938271605,1.1920928955078125e-07,0.2985469400882721,0.42991945147514343,,cfg02_G3_D32,1.8739664049935527,cuda
evaluation,205,138,Cold,0.004205790814012289,0.1111110970377922,0.09120269119739532,0.9012345679012346,1.7881393432617188e-07,0.0,0.0,,cfg02_G3_D32,1.8739664049935527,cuda
evaluation,205,138,Warm A,0.00494739506393671,0.1111111119389534,0.10626906156539917,0.8024691358024691,1.1920928955078125e-07,0.24213851988315582,0.43776974081993103,,cfg02_G3_D32,1.8739664049935527,cuda
evaluation,205,138,Warm B,0.005693343933671713,0.1111111119389534,0.0872751772403717,0.8641975308641975,1.1920928955078125e-07,0.20317162573337555,0.7389657497406006,,cfg02_G3_D32,1.8739664049935527,cuda
evaluation,205,138,Warm C,0.008998634293675423,0.111111119389534,0.07010753452777863,0.9135802469135802,1.1920928955078125e-07,0.32501843571662903,0.5890460014343262,,cfg02_G3_D32,1.8739664049935527,cuda
evaluation,206,139,Cold,0.0036074258387088776,0.1111111119389534,0.0881110280752182,0.9135802469135802,1.1920928955078125e-07,0.0,0.0,,cfg02_G3_D32,1.8739664049935527,cuda
evaluation,206,139,Warm A,0.003510075621306896,0.1111110970377922,0.10732540488243103,0.8271604938271605,2.384185791015625e-07,0.2176554650068283,0.6493358016014099,,cfg02_G3_D32,1.8739664049935527,cuda
evaluation,206,139,Warm B,0.004064815118908882,0.1111111119389534,0.09977015107870102,0.8765432098765432,2.384185791015625e-07,0.3647768497467041,0.42810794711112976,,cfg02_G3_D32,1.8739664049935527,cuda
evaluation,206,139,Warm C,0.005422818474471569,0.1111111119389534,0.0791718065738678,0.9135802469135802,1.1920928955078125e-07,0.4807811677455902,0.6042360663414001,,cfg02_G3_D32,1.8739664049935527,cuda
evaluation,213,142,Cold,0.004606961738318205,0.111111119389534,0.0969240665435791,0.8395061728395061,1.1920928955078125e-07,0.0,0.0,,cfg02_G3_D32,1.8739664049935527,cuda
evaluation,213,142,Warm A,0.004462157376110554,0.1111111119389534,0.11470431089401245,0.7530864197530864,3.5762786865234375e-07,0.21650347113609314,0.5133081674575806,,cfg02_G3_D32,1.8739664049935527,cuda
evaluation,213,142,Warm B,0.00354234897531569,0.1111110970377922,0.13576726615428925,0.6790123456790124,1.1920928955078125e-07,0.4170530140399933,0.32200416922569275,,cfg02_G3_D32,1.8739664049935527,cuda
evaluation,213,142,Warm C,0.004373007453978062,0.1111110970377922,0.11655222624540329,0.7407407407407407,2.384185791015625e-07,0.2857723832130432,0.3819999098777771,,cfg02_G3_D32,1.8739664049935527,cuda
evaluation,215,143,Cold,0.003349634585902095,0.1111111119389534,0.07778990268707275,0.9259259259259259,2.384185791015625e-07,0.0,0.0,,cfg02_G3_D32,1.8739664049935527,cuda
evaluation,215,143,Warm A,0.0024908133782446384,0.1111111119389534,0.09862376749515533,0.8271604938271605,5.960464477539063e-08,0.2440144419670105,0.4684278666973114,,cfg02_G3_D32,1.8739664049935527,cuda
evaluation,215,143,Warm B,0.0013262187130749226,0.1111111119389534,0.08132470399141312,0.8888888888888888,1.1920928955078125e-07,0.3033563792705536,0.6451369524002075,,cfg02_G3_D32,1.8739664049935527,cuda
evaluation,215,143,Warm C,0.0011446713469922543,0.1111110970377922,0.08419279009103775,0.8765432098765432,1.7881393432617188e-07,0.3039916455745697,0.7057833075523376,,cfg02_G3_D32,1.8739664049935527,cuda
evaluation,217,145,Cold,0.004988931119441986,0.111111119389534,0.09383396804332733,0.8395061728395061,2.384185791015625e-07,0.0,0.0,,cfg02_G3_D32,1.8739664049935527,cuda
evaluation,217,145,Warm A,0.007829880341887474,0.1111110970377922,0.08406376093626022,0.9259259259259259,2.384185791015625e-07,0.24882002174854279,0.6789709329605103,,cfg02_G3_D32,1.8739664049935527,cuda
evaluation,217,145,Warm B,0.011373821645975113,0.1111111119389534,0.0976438894867897,0.8148148148148148,1.1920928955078125e-07,0.42343243956565857,0.3633754551410675,,cfg02_G3_D32,1.8739664049935527,cuda
evaluation,217,145,Warm C,0.01260826364159584,0.1111111119389534,0.12047954648733139,0.7777777777777778,2.384185791015625e-07,0.5319198966026306,0.3430858552455902,,cfg02_G3_D32,1.8739664049935527,cuda
evaluation,218,146,Cold,0.003831725101917982,0.111111119389534,0.08596625179052353,0.9012345679012346,2.384185791015625e-07,0.0,0.0,,cfg02_G3_D32,1.8739664049935527,cuda
evaluation,218,146,Warm A,0.006794067099690437,0.1111111119389534,0.0711333230137825,0.9382716049382716,1.1920928955078125e-07,0.24391049146652222,0.49825403094291687,,cfg02_G3_D32,1.8739664049935527,cuda
evaluation,218,146,Warm B,0.007738601882010698,0.1111111119389534,0.08640595525503159,0.9012345679012346,2.384185791015625e-07,0.3883286714553833,0.6079006791114807,,cfg02_G3_D32,1.8739664049935527,cuda
evaluation,218,146,Warm C,0.00700373062863946,0.1111111119389534,0.07238397747278214,0.9259259259259259,1.1920928955078125e-07,0.3944114148616791,0.4594278037548065,,cfg02_G3_D32,1.8739664049935527,cuda
evaluation,227,151,Cold,0.004316540434956551,0.111111119389534,0.07635258883237839,0.9259259259259259,1.1920928955078125e-07,0.0,0.0,,cfg02_G3_D32,1.8739664049935527,cuda
evaluation,227,151,Warm A,0.007984793744981289,0.1111110970377922,0.08483041077852249,0.9382716049382716,1.7881393432617188e-07,0.2493928223848343,0.3930700719356537,,cfg02_G3_D32,1.8739664049935527,cuda
evaluation,227,151,Warm B,0.006178113631904125,0.1111111119389534,0.08414481580257416,0.9382716049382716,2.384185791015625e-07,0.2600109279155731,0.35028311610221863,,cfg02_G3_D32,1.8739664049935527,cuda
evaluation,227,151,Warm C,0.009064992889761925,0.111111119389534,0.11324094980955124,0.8271604938271605,1.1920928955078125e-07,0.3723600506782532,0.3161527216434479,,cfg02_G3_D32,1.8739664049935527,cuda
evaluation,229,152,Cold,0.004915741737931967,0.1111111119389534,0.09323396533727646,0.8395061728395061,1.1920928955078125e-07,0.0,0.0,,cfg02_G3_D32,1.8739664049935527,cuda
evaluation,229,152,Warm A,0.006613477598875761,0.1111111119389534,0.07988291233778,0.9259259259259259,1.1920928955078125e-07,0.23211148381233215,0.5543171167373657,,cfg02_G3_D32,1.8739664049935527,cuda
evaluation,229,152,Warm B,0.004793196450918913,0.1111111119389534,0.09568718075752258,0.8641975308641975,3.5762786865234375e-07,0.3012562096118927,0.6176878809928894,,cfg02_G3_D32,1.8739664049935527,cuda
evaluation,229,152,Warm C,0.0026170071214437485,0.1111110970377922,0.09751027822494507,0.8518518518518519,2.384185791015625e-07,0.3574446737766266,0.5653249025344849,,cfg02_G3_D32,1.8739664049935527,cuda
evaluation,234,157,Cold,0.004026801325380802,0.1111111119389534,0.08809740096330643,0.9012345679012346,1.1920928955078125e-07,0.0,0.0,,cfg02_G3_D32,1.8739664049935527,cuda
evaluation,234,157,Warm A,0.005492251832038164,0.1111111119389534,0.07459773123264313,0.9382716049382716,1.1920928955078125e-07,0.23452536761760712,0.5179908871650696,,cfg02_G3_D32,1.8739664049935527,cuda
evaluation,234,157,Warm B,0.008083794265985489,0.111111119389534,0.09465985745191574,0.8148148148148148,1.1920928955078125e-07,0.4120304584503174,0.34313297271728516,,cfg02_G3_D32,1.8739664049935527,cuda
evaluation,234,157,Warm C,0.011255582794547081,0.1111110970377922,0.11812746524810791,0.7283950617283951,1.1920928955078125e-07,0.5441713929176331,0.3469816744327545,,cfg02_G3_D32,1.8739664049935527,cuda
evaluation,239,161,Cold,0.0034491647966206074,0.1111111119389534,0.08327140659093857,0.9259259259259259,1.1920928955078125e-07,0.0,0.0,,cfg02_G3_D32,1.8739664049935527,cuda
evaluation,239,161,Warm A,0.006003161892294884,0.1111110970377922,0.07212861627340317,0.9753086419753086,1.7881393432617188e-07,0.23938775062561035,0.6113021969795227,,cfg02_G3_D32,1.8739664049935527,cuda
evaluation,239,161,Warm B,0.007708247750997543,0.1111111119389534,0.08503875136375427,0.9135802469135802,2.384185791015625e-07,0.408575177192688,0.6008753776550293,,cfg02_G3_D32,1.8739664049935527,cuda
evaluation,239,161,Warm C,0.005751234944909811,0.1111110970377922,0.07371199131011963,0.9382716049382716,2.384185791015625e-07,0.40057602524757385,0.5870281457901001,,cfg02_G3_D32,1.8739664049935527,cuda
evaluation,242,162,Cold,0.0036058237310498953,0.1111111119389534,0.08663836121559143,0.9135802469135802,1.1920928955078125e-07,0.0,0.0,,cfg02_G3_D32,1.8739664049935527,cuda
evaluation,242,162,Warm A,0.004529050551354885,0.1111110970377922,0.07175208628177643,0.9382716049382716,1.1920928955078125e-07,0.2331586480140686,0.5658414363861084,,cfg02_G3_D32,1.8739664049935527,cuda
evaluation,242,162,Warm B,0.0017448174767196178,0.1111110970377922,0.09232032299041748,0.8641975308641975,1.1920928955078125e-07,0.2462587058544159,0.6557666659355164,,cfg02_G3_D32,1.8739664049935527,cuda
evaluation,242,162,Warm C,0.0033033809158951044,0.1111111119389534,0.0769859105348587,0.9382716049382716,2.384185791015625e-07,0.4005725383758545,0.6602553725242615,,cfg02_G3_D32,1.8739664049935527,cuda
evaluation,248,165,Cold,0.004129781853407621,0.1111111119389534,0.09079158306121826,0.8888888888888888,2.384185791015625e-07,0.0,0.0,,cfg02_G3_D32,1.8739664049935527,cuda
evaluation,248,165,Warm A,0.005766534246504307,0.1111110970377922,0.07279247045516968,0.9629629629629629,1.1920928955078125e-07,0.22385326027870178,0.6151171922683716,,cfg02_G3_D32,1.8739664049935527,cuda
evaluation,248,165,Warm B,0.007876783609390259,0.1111111119389534,0.08623809367418289,0.9135802469135802,2.384185791015625e-07,0.3332154452800751,0.40916210412979126,,cfg02_G3_D32,1.8739664049935527,cuda
evaluation,248,165,Warm C,0.006529735401272774,0.1111111119389534,0.07595566660165787,0.9382716049382716,2.384185791015625e-07,0.34739044308662415,0.556856095790863,,cfg02_G3_D32,1.8739664049935527,cuda
evaluation,255,169,Cold,0.004145120736211538,0.1111111119389534,0.09209000319242477,0.8888888888888888,2.384185791015625e-07,0.0,0.0,,cfg02_G3_D32,1.8739664049935527,cuda
evaluation,255,169,Warm A,0.005746557377278805,0.1111111119389534,0.07650779187679291,0.9382716049382716,1.1920928955078125e-07,0.2397482991218567,0.6008321642875671,,cfg02_G3_D32,1.8739664049935527,cuda
evaluation,255,169,Warm B,0.007632848806679249,0.111111119389534,0.09021543711423874,0.8518518518518519,2.384185791015625e-07,0.47721344232559204,0.3526747226715088,,cfg02_G3_D32,1.8739664049935527,cuda
evaluation,255,169,Warm C,0.00933696050196886,0.111111119389534,0.10522563010454178,0.7777777777777778,2.384185791015625e-07,0.5479922294616699,0.395626038312912,,cfg02_G3_D32,1.8739664049935527,cuda
evaluation,257,171,Cold,0.005174276418983936,0.1111111119389534,0.08812735974788666,0.8641975308641975,2.384185791015625e-07,0.0,0.0,,cfg02_G3_D32,1.8739664049935527,cuda
evaluation,257,171,Warm A,0.00781682226806879,0.111111119389534,0.08143963664770126,0.8888888888888888,1.1920928955078125e-07,0.2326025366783142,0.5631780028343201,,cfg02_G3_D32,1.8739664049935527,cuda
evaluation,257,171,Warm B,0.005582847166806459,0.1111111119389534,0.08831764757633209,0.8765432098765432,1.1920928955078125e-07,0.29732057452201843,0.6223611831665039,,cfg02_G3_D32,1.8739664049935527,cuda
evaluation,257,171,Warm C,0.004996971692889929,0.1111111119389534,0.09089800715446472,0.8888888888888888,1.1920928955078125e-07,0.41452449560165405,0.5855823159217834,,cfg02_G3_D32,1.8739664049935527,cuda
evaluation,258,172,Cold,0.003421949688345194,0.1111110970377922,0.07342319190502167,0.9629629629629629,1.7881393432617188e-07,0.0,0.0,,cfg02_G3_D32,1.8739664049935527,cuda
evaluation,258,172,Warm A,0.006030563730746508,0.111111119389534,0.073320172727108,0.9876543209876543,2.384185791015625e-07,0.24164938926696777,0.5885240435600281,,cfg02_G3_D32,1.8739664049935527,cuda
evaluation,258,172,Warm B,0.008292967453598976,0.111111119389534,0.09713932126760483,0.9382716049382716,2.384185791015625e-07,0.38729342818260193,0.3786679208278656,,cfg02_G3_D32,1.8739664049935527,cuda
evaluation,258,172,Warm C,0.008952691219747066,0.1111111119389534,0.11593055725097656,0.8148148148148148,2.384185791015625e-07,0.5404626131057739,0.3312528133392334,,cfg02_G3_D32,1.8739664049935527,cuda
evaluation,259,173,Cold,0.004547573626041412,0.1111111119389534,0.0818476676940918,0.8888888888888888,1.1920928955078125e-07,0.0,0.0,,cfg02_G3_D32,1.8739664049935527,cuda
evaluation,259,173,Warm A,0.00723337521776557,0.11111113429069519,0.07889475673437119,0.9135802469135802,2.384185791015625e-07,0.23932123184204102,0.4746379852294922,,cfg02_G3_D32,1.8739664049935527,cuda
evaluation,259,173,Warm B,0.008519893512129784,0.1111110970377922,0.10364488512277603,0.8271604938271605,2.384185791015625e-07,0.398204505443573,0.45890331268310547,,cfg02_G3_D32,1.8739664049935527,cuda
evaluation,259,173,Warm C,0.00627350015565753,0.1111111119389534,0.08072744309902191,0.8765432098765432,1.7881393432617188e-07,0.396302729845047,0.5802688002586365,,cfg02_G3_D32,1.8739664049935527,cuda
evaluation,262,176,Cold,0.003732322948053479,0.1111111119389534,0.08888106048107147,0.9012345679012346,2.384185791015625e-07,0.0,0.0,,cfg02_G3_D32,1.8739664049935527,cuda
evaluation,262,176,Warm A,0.0012322412803769112,0.111111119389534,0.10845120996236801,0.7901234567901234,1.1920928955078125e-07,0.21709609031677246,0.6154603362083435,,cfg02_G3_D32,1.8739664049935527,cuda
evaluation,262,176,Warm B,0.0025544115342199802,0.1111111119389534,0.09194033592939377,0.9012345679012346,2.384185791015625e-07,0.27734285593032837,0.5368524789810181,,cfg02_G3_D32,1.8739664049935527,cuda
evaluation,262,176,Warm C,0.002705747028812766,0.1111110970377922,0.07920099049806595,0.9382716049382716,2.384185791015625e-07,0.379159539937973,0.6248688101768494,,cfg02_G3_D32,1.8739664049935527,cuda
evaluation,267,179,Cold,0.004236406646668911,0.111111119389534,0.09147103875875473,0.8888888888888888,1.7881393432617188e-07,0.0,0.0,,cfg02_G3_D32,1.8739664049935527,cuda
evaluation,267,179,Warm A,0.005512494593858719,0.1111110970377922,0.07982727885246277,0.9259259259259259,1.1920928955078125e-07,0.24352097511291504,0.6746048331260681,,cfg02_G3_D32,1.8739664049935527,cuda
evaluation,267,179,Warm B,0.006406851578503847,0.1111111119389534,0.08574629575014114,0.8395061728395061,1.1920928955078125e-07,0.4425434470176697,0.7928168177604675,,cfg02_G3_D32,1.8739664049935527,cuda
evaluation,267,179,Warm C,0.008427837863564491,0.1111111119389534,0.08692173659801483,0.8888888888888888,1.1920928955078125e-07,0.5619171261787415,0.5808350443840027,,cfg02_G3_D32,1.8739664049935527,cuda
evaluation,270,180,Cold,0.003954228013753891,0.1111111119389534,0.09048949927091599,0.9012345679012346,2.384185791015625e-07,0.0,0.0,,cfg02_G3_D32,1.8739664049935527,cuda
evaluation,270,180,Warm A,0.004506444558501244,0.1111111119389534,0.0709739401936531,0.9629629629629629,1.1920928955078125e-07,0.24525049328804016,0.5214155316352844,,cfg02_G3_D32,1.8739664049935527,cuda
evaluation,270,180,Warm B,0.005503653082996607,0.1111111119389534,0.07594867795705795,0.9135802469135802,2.384185791015625e-07,0.3498142659664154,0.7130457758903503,,cfg02_G3_D32,1.8739664049935527,cuda
evaluation,270,180,Warm C,0.004513157065957785,0.1111111119389534,0.07442651689052582,0.9259259259259259,1.1920928955078125e-07,0.28526240587234497,0.6076343655586243,,cfg02_G3_D32,1.8739664049935527,cuda
evaluation,271,181,Cold,0.0044883424416184425,0.1111111119389534,0.09232999384403229,0.8888888888888888,1.7881393432617188e-07,0.0,0.0,,cfg02_G3_D32,1.8739664049935527,cuda
evaluation,271,181,Warm A,0.007431585341691971,0.1111110970377922,0.07539015263319016,0.9135802469135802,1.1920928955078125e-07,0.2522661089897156,0.5252574682235718,,cfg02_G3_D32,1.8739664049935527,cuda
evaluation,271,181,Warm B,0.0055465493351221085,0.1111111119389534,0.08294587582349777,0.9012345679012346,1.1920928955078125e-07,0.30136895179748535,0.5857858061790466,,cfg02_G3_D32,1.8739664049935527,cuda
evaluation,271,181,Warm C,0.007980825379490852,0.1111111119389534,0.07771337032318115,0.9259259259259259,1.1920928955078125e-07,0.46039149165153503,0.5510966181755066,,cfg02_G3_D32,1.8739664049935527,cuda
evaluation,275,184,Cold,0.004236407577991486,0.1111111119389534,0.09147105365991592,0.8888888888888888,2.384185791015625e-07,0.0,0.0,,cfg02_G3_D32,1.8739664049935527,cuda
evaluation,275,184,Warm A,0.006618423853069544,0.1111111119389534,0.07580137997865677,0.9259259259259259,1.1920928955078125e-07,0.24353234469890594,0.44727927446365356,,cfg02_G3_D32,1.8739664049935527,cuda
evaluation,275,184,Warm B,0.008984655141830444,0.1111111119389534,0.09332466870546341,0.8641975308641975,1.1920928955078125e-07,0.3931914269924164,0.347708523273468,,cfg02_G3_D32,1.8739664049935527,cuda
evaluation,275,184,Warm C,0.007900496013462543,0.1111111119389534,0.08191133290529251,0.9135802469135802,1.7881393432617188e-07,0.431573748588562,0.5408667922019958,,cfg02_G3_D32,1.8739664049935527,cuda
evaluation,277,186,Cold,0.0033991874661296606,0.1111111119389534,0.07584581524133682,0.9629629629629629,2.384185791015625e-07,0.0,0.0,,cfg02_G3_D32,1.8739664049935527,cuda
evaluation,277,186,Warm A,0.00690667936578393,0.1111110970377922,0.07327704131603241,0.9506172839506173,1.1920928955078125e-07,0.2400101125240326,0.6309671401977539,,cfg02_G3_D32,1.8739664049935527,cuda
evaluation,277,186,Warm B,0.0067864819429814816,0.1111110970377922,0.07358229160308838,0.9382716049382716,1.1920928955078125e-07,0.34403347969055176,0.4735267758369446,,cfg02_G3_D32,1.8739664049935527,cuda
evaluation,277,186,Warm C,0.009882981888949871,0.1111111119389534,0.09358323365449905,0.8765432098765432,1.1920928955078125e-07,0.44431525468826294,0.5563198924064636,,cfg02_G3_D32,1.8739664049935527,cuda
evaluation,289,191,Cold,0.0032106623984873295,0.1111110970377922,0.07728096842765808,0.9382716049382716,1.1920928955078125e-07,0.0,0.0,,cfg02_G3_D32,1.8739664049935527,cuda
evaluation,289,191,Warm A,0.00509907491505146,0.1111111119389534,0.07121052592992783,0.9506172839506173,2.384185791015625e-07,0.23319394886493683,0.5019949078559875,,cfg02_G3_D32,1.8739664049935527,cuda
evaluation,289,191,Warm B,0.0028172878082841635,0.111111119389534,0.0751103013753891,0.9629629629629629,1.1920928955078125e-07,0.32030653953552246,0.57099449634552,,cfg02_G3_D32,1.8739664049935527,cuda
evaluation,289,191,Warm C,0.0017124105943366885,0.111111119389534,0.07273624837398529,0.9753086419753086,1.1920928955078125e-07,0.32554495334625244,0.709368884563446,,cfg02_G3_D32,1.8739664049935527,cuda
evaluation,290,192,Cold,0.003918540198355913,0.1111110970377922,0.08460032939910889,0.9135802469135802,1.1920928955078125e-07,0.0,0.0,,cfg02_G3_D32,1.8739664049935527,cuda
evaluation,290,192,Warm A,0.003901683958247304,0.111111119389534,0.10135660320520401,0.8024691358024691,2.384185791015625e-07,0.2373449057340622,0.5028416514396667,,cfg02_G3_D32,1.8739664049935527,cuda
evaluation,290,192,Warm B,0.0033061369322240353,0.1111110970377922,0.12090272456407547,0.7283950617283951,1.1920928955078125e-07,0.38187330961227417,0.5261718034744263,,cfg02_G3_D32,1.8739664049935527,cuda
evaluation,290,192,Warm C,0.00445973314344883,0.1111111119389534,0.1012985035777092,0.7901234567901234,1.1920928955078125e-07,0.3931914269924164,0.5656246542930603,,cfg02_G3_D32,1.8739664049935527,cuda
evaluation,299,196,Cold,0.004430424887686968,0.1111111119389534,0.09378758072853088,0.8765432098765432,1.1920928955078125e-07,0.0,0.0,,cfg02_G3_D32,1.8739664049935527,cuda
evaluation,299,196,Warm A,0.0021993503905832767,0.1111111119389534,0.10906960070133209,0.8024691358024691,1.1920928955078125e-07,0.2310032695531845,0.638035774230957,,cfg02_G3_D32,1.8739664049935527,cuda
evaluation,299,196,Warm B,0.004642348736524582,0.1111110970377922,0.08841811120510101,0.8888888888888888,1.1920928955078125e-07,0.2619975507259369,0.6182054281234741,,cfg02_G3_D32,1.8739664049935527,cuda
evaluation,299,196,Warm C,0.006102724000811577,0.1111111119389534,0.07981085032224655,0.9259259259259259,1.7881393432617188e-07,0.3690697252750397,0.6348828673362732,,cfg02_G3_D32,1.8739664049935527,cuda
evaluation,302,198,Cold,0.004169233608990908,0.1111110970377922,0.09181535989046097,0.8765432098765432,1.1920928955078125e-07,0.0,0.0,,cfg02_G3_D32,1.8739664049935527,cuda
evaluation,302,198,Warm A,0.005005917977541685,0.1111110970377922,0.08967235684394836,0.8765432098765432,1.1920928955078125e-07,0.23413124680519104,0.6162794232368469,,cfg02_G3_D32,1.8739664049935527,cuda
evaluation,302,198,Warm B,0.0032923875842243433,0.1111111119389534,0.08541513979434967,0.9012345679012346,1.1920928955078125e-07,0.3103909194469452,0.5851990580558777,,cfg02_G3_D32,1.8739664049935527,cuda
evaluation,302,198,Warm C,0.0014972506323829293,0.111111119389534,0.10579174011945724,0.8024691358024691,2.384185791015625e-07,0.4261226952075958,0.47108957171440125,,cfg02_G3_D32,1.8739664049935527,cuda
evaluation,305,200,Cold,0.004020696505904198,0.1111111119389534,0.08809389919042587,0.9012345679012346,1.1920928955078125e-07,0.0,0.0,,cfg02_G3_D32,1.8739664049935527,cuda
evaluation,305,200,Warm A,0.007470564916729927,0.1111110970377922,0.0729065015912056,0.9012345679012346,1.1920928955078125e-07,0.23670555651187897,0.4976864755153656,,cfg02_G3_D32,1.8739664049935527,cuda
evaluation,305,200,Warm B,0.008271903730928898,0.1111111119389534,0.09098592400550842,0.8765432098765432,1.1920928955078125e-07,0.40655240416526794,0.27555617690086365,,cfg02_G3_D32,1.8739664049935527,cuda
evaluation,305,200,Warm C,0.010176073759794235,0.1111110970377922,0.11649152636528015,0.7654320987654321,2.384185791015625e-07,0.5236391425132751,0.24608898162841797,,cfg02_G3_D32,1.8739664049935527,cuda
evaluation,312,204,Cold,0.003924628719687462,0.111111119389534,0.0859493538737297,0.9012345679012346,2.384185791015625e-07,0.0,0.0,,cfg02_G3_D32,1.8739664049935527,cuda
evaluation,312,204,Warm A,0.004011118318885565,0.1111111119389534,0.07435782998800278,0.9382716049382716,1.1920928955078125e-07,0.21948523819446564,0.45583364367485046,,cfg02_G3_D32,1.8739664049935527,cuda
evaluation,312,204,Warm B,0.005772826261818409,0.111111119389534,0.0920899286866188,0.8888888888888888,1.1920928955078125e-07,0.3804665207862854,0.45407524704933167,,cfg02_G3_D32,1.8739664049935527,cuda
evaluation,312,204,Warm C,0.003740208689123392,0.1111111119389534,0.07568207383155823,0.9629629629629629,1.1920928955078125e-07,0.4042564630508423,0.5976511240005493,,cfg02_G3_D32,1.8739664049935527,cuda
evaluation,315,206,Cold,0.004596265964210033,0.1111110970377922,0.0885125994682312,0.8395061728395061,1.7881393432617188e-07,0.0,0.0,,cfg02_G3_D32,1.8739664049935527,cuda
evaluation,315,206,Warm A,0.008499357849359512,0.111111119389534,0.08256987482309341,0.9135802469135802,2.384185791015625e-07,0.2329167276620865,0.44559237360954285,,cfg02_G3_D32,1.8739664049935527,cuda
evaluation,315,206,Warm B,0.011078757233917713,0.1111111119389534,0.09718774259090424,0.8641975308641975,2.980232238769531e-07,0.39613640308380127,0.39285725355148315,,cfg02_G3_D32,1.8739664049935527,cuda
evaluation,315,206,Warm C,0.013719459064304829,0.1111111119389534,0.12337426096200943,0.7901234567901234,2.384185791015625e-07,0.525357723236084,0.26714321970939636,,cfg02_G3_D32,1.8739664049935527,cuda
evaluation,321,211,Cold,0.004544195719063282,0.1111111119389534,0.09506858885288239,0.8641975308641975,1.1920928955078125e-07,0.0,0.0,,cfg02_G3_D32,1.8739664049935527,cuda
evaluation,321,211,Warm A,0.005198048427700996,0.1111111119389534,0.10714215040206909,0.7777777777777778,2.384185791015625e-07,0.21154162287712097,0.6100428104400635,,cfg02_G3_D32,1.8739664049935527,cuda
evaluation,321,211,Warm B,0.004843547474592924,0.1111110970377922,0.09208312630653381,0.8765432098765432,1.7881393432617188e-07,0.34893104434013367,0.815565288066864,,cfg02_G3_D32,1.8739664049935527,cuda
evaluation,321,211,Warm C,0.0025225800927728415,0.111111119389534,0.114097461104393,0.7407407407407407,5.960464477539063e-08,0.43262821435928345,0.6127918362617493,,cfg02_G3_D32,1.8739664049935527,cuda
evaluation,326,213,Cold,0.0039581479504704475,0.1111110970377922,0.086280457675457,0.9012345679012346,1.1920928955078125e-07,0.0,0.0,,cfg02_G3_D32,1.8739664049935527,cuda
evaluation,326,213,Warm A,0.0026490529999136925,0.1111111119389534,0.10817257314920425,0.7777777777777778,1.1920928955078125e-07,0.25080791115760803,0.541259765625,,cfg02_G3_D32,1.8739664049935527,cuda
evaluation,326,213,Warm B,0.002358238911256194,0.1111111119389534,0.1243864968419075,0.7283950617283951,1.7881393432617188e-07,0.371242880821228,0.4325220286846161,,cfg02_G3_D32,1.8739664049935527,cuda
evaluation,326,213,Warm C,0.002357897348701954,0.1111111119389534,0.1215047538280487,0.7530864197530864,2.384185791015625e-07,0.3960818350315094,0.3743528425693512,,cfg02_G3_D32,1.8739664049935527,cuda
evaluation,328,215,Cold,0.002985409926623106,0.111111119389534,0.07554259896278381,0.9629629629629629,1.1920928955078125e-07,0.0,0.0,,cfg02_G3_D32,1.8739664049935527,cuda
evaluation,328,215,Warm A,0.0034199419897049665,0.1111111119389534,0.08153936266899109,0.9259259259259259,1.1920928955078125e-07,0.21679545938968658,0.5762125253677368,,cfg02_G3_D32,1.8739664049935527,cuda
evaluation,328,215,Warm B,0.0037359949201345444,0.1111110970377922,0.07726801186800003,0.9259259259259259,2.384185791015625e-07,0.34267935156822205,0.740909218788147,,cfg02_G3_D32,1.8739664049935527,cuda
evaluation,328,215,Warm C,0.0056620812974870205,0.1111111119389534,0.06579908728599548,0.9629629629629629,1.1920928955078125e-07,0.38444042205810547,0.47820743918418884,,cfg02_G3_D32,1.8739664049935527,cuda
evaluation,330,217,Cold,0.003396140644326806,0.111111119389534,0.07624127715826035,0.9506172839506173,2.384185791015625e-07,0.0,0.0,,cfg02_G3_D32,1.8739664049935527,cuda
evaluation,330,217,Warm A,0.004865800961852074,0.1111111119389534,0.07050704210996628,0.9382716049382716,1.1920928955078125e-07,0.23148347437381744,0.49051761627197266,,cfg02_G3_D32,1.8739664049935527,cuda
evaluation,330,217,Warm B,0.007446044124662876,0.1111111119389534,0.09409650415182114,0.9135802469135802,2.384185791015625e-07,0.3741961121559143,0.4017888605594635,,cfg02_G3_D32,1.8739664049935527,cuda
evaluation,330,217,Warm C,0.0046177813783288,0.1111111119389534,0.07387988269329071,0.9259259259259259,2.384185791015625e-07,0.35417675971984863,0.31696033477783203,,cfg02_G3_D32,1.8739664049935527,cuda
evaluation,332,218,Cold,0.003303007921203971,0.1111111119389534,0.0716824159026146,0.9753086419753086,1.1920928955078125e-07,0.0,0.0,,cfg02_G3_D32,1.8739664049935527,cuda
evaluation,332,218,Warm A,0.0052726054564118385,0.111111119389534,0.07502519339323044,0.9629629629629629,2.384185791015625e-07,0.24347615242004395,0.4396798312664032,,cfg02_G3_D32,1.8739664049935527,cuda
evaluation,332,218,Warm B,0.005304077640175819,0.1111110970377922,0.07936590909957886,0.9506172839506173,2.384185791015625e-07,0.29684171080589294,0.4849401116371155,,cfg02_G3_D32,1.8739664049935527,cuda
evaluation,332,218,Warm C,0.008707987144589424,0.111111119389534,0.10616295784711838,0.8888888888888888,1.7881393432617188e-07,0.40852877497673035,0.45338812470436096,,cfg02_G3_D32,1.8739664049935527,cuda
evaluation,334,220,Cold,0.003971002530306578,0.1111111119389534,0.08407189697027206,0.9012345679012346,2.384185791015625e-07,0.0,0.0,,cfg02_G3_D32,1.8739664049935527,cuda
evaluation,334,220,Warm A,0.001756396610289812,0.1111111119389534,0.10111299902200699,0.7901234567901234,2.384185791015625e-07,0.21395929157733917,0.5821215510368347,,cfg02_G3_D32,1.8739664049935527,cuda
evaluation,334,220,Warm B,0.0005850220331922174,0.1111111119389534,0.10710269957780838,0.7777777777777778,1.1920928955078125e-07,0.33036068081855774,0.7383388876914978,,cfg02_G3_D32,1.8739664049935527,cuda
evaluation,334,220,Warm C,-0.0006890546064823866,0.111111119389534,0.09617526829242706,0.8271604938271605,1.1920928955078125e-07,0.4523293972015381,0.6813588738441467,,cfg02_G3_D32,1.8739664049935527,cuda
evaluation,340,224,Cold,0.004239001777023077,0.1111111119389534,0.08764786273241043,0.8888888888888888,2.384185791015625e-07,0.0,0.0,,cfg02_G3_D32,1.8739664049935527,cuda
evaluation,340,224,Warm A,0.007371522951871157,0.1111111119389534,0.07661015540361404,0.9259259259259259,1.1920928955078125e-07,0.23684847354888916,0.6777936220169067,,cfg02_G3_D32,1.8739664049935527,cuda
evaluation,340,224,Warm B,0.008535369299352169,0.111111119389534,0.09143771976232529,0.8518518518518519,2.384185791015625e-07,0.3642498254776001,0.4274671673774719,,cfg02_G3_D32,1.8739664049935527,cuda
evaluation,340,224,Warm C,0.0066630905494093895,0.1111111119389534,0.07790959626436234,0.9506172839506173,1.1920928955078125e-07,0.29401829838752747,0.6730198264122009,,cfg02_G3_D32,1.8739664049935527,cuda
evaluation,346,228,Cold,0.0035288583021610975,0.1111110970377922,0.0826035663485527,0.9135802469135802,1.1920928955078125e-07,0.0,0.0,,cfg02_G3_D32,1.8739664049935527,cuda
evaluation,346,228,Warm A,0.0034709866158664227,0.111111119389534,0.08293793350458145,0.8395061728395061,2.384185791015625e-07,0.22264254093170166,0.6322460770606995,,cfg02_G3_D32,1.8739664049935527,cuda
evaluation,346,228,Warm B,0.005217619240283966,0.1111111119389534,0.07360530644655228,0.9382716049382716,2.384185791015625e-07,0.3121581971645355,0.5829537510871887,,cfg02_G3_D32,1.8739664049935527,cuda
evaluation,346,228,Warm C,0.004342965316027403,0.1111111119389534,0.08188772201538086,0.8888888888888888,1.1920928955078125e-07,0.2842293381690979,0.6085407137870789,,cfg02_G3_D32,1.8739664049935527,cuda
evaluation,352,233,Cold,0.004129780922085047,0.1111111119389534,0.09079158306121826,0.8888888888888888,1.1920928955078125e-07,0.0,0.0,,cfg02_G3_D32,1.8739664049935527,cuda
evaluation,352,233,Warm A,0.006006468553096056,0.1111110970377922,0.07321314513683319,0.9506172839506173,1.1920928955078125e-07,0.234235480427742,0.6288895606994629,,cfg02_G3_D32,1.8739664049935527,cuda
evaluation,352,233,Warm B,0.008093158714473248,0.1111110970377922,0.07950646430253983,0.9259259259259259,1.1920928955078125e-07,0.33597326278686523,0.6678542494773865,,cfg02_G3_D32,1.8739664049935527,cuda
evaluation,352,233,Warm C,0.005295814014971256,0.111111119389534,0.07716123014688492,0.9259259259259259,2.384185791015625e-07,0.37470418214797974,0.7050312161445618,,cfg02_G3_D32,1.8739664049935527,cuda
evaluation,354,235,Cold,0.0044304244220256805,0.1111111119389534,0.09378758072853088,0.8765432098765432,2.384185791015625e-07,0.0,0.0,,cfg02_G3_D32,1.8739664049935527,cuda
evaluation,354,235,Warm A,0.006622278597205877,0.1111111119389534,0.07652518153190613,0.9506172839506173,2.384185791015625e-07,0.24636615812778473,0.5343274474143982,,cfg02_G3_D32,1.8739664049935527,cuda
evaluation,354,235,Warm B,0.007563339546322823,0.111111119389534,0.07259190827608109,0.9629629629629629,1.1920928955078125e-07,0.3043396770954132,0.6291759014129639,,cfg02_G3_D32,1.8739664049935527,cuda
evaluation,354,235,Warm C,0.0062423767521977425,0.1111111119389534,0.08570639789104462,0.9382716049382716,2.384185791015625e-07,0.37191885709762573,0.7541734576225281,,cfg02_G3_D32,1.8739664049935527,cuda
evaluation,358,239,Cold,0.00448834290727973,0.1111111119389534,0.09233000129461288,0.8888888888888888,2.384185791015625e-07,0.0,0.0,,cfg02_G3_D32,1.8739664049935527,cuda
evaluation,358,239,Warm A,0.0026787000242620707,0.1111111119389534,0.09462194889783859,0.8518518518518519,2.384185791015625e-07,0.22393618524074554,0.6772906184196472,,cfg02_G3_D32,1.8739664049935527,cuda
evaluation,358,239,Warm B,0.006864129565656185,0.1111111119389534,0.07639873772859573,0.9012345679012346,1.1920928955078125e-07,0.22163595259189606,0.5613663792610168,,cfg02_G3_D32,1.8739664049935527,cuda
evaluation,358,239,Warm C,0.004007408861070871,0.111111119389534,0.09337382763624191,0.8641975308641975,1.7881393432617188e-07,0.28825464844703674,0.7120510935783386,,cfg02_G3_D32,1.8739664049935527,cuda
evaluation,360,240,Cold,0.003701462410390377,0.1111111119389534,0.08267247676849365,0.8888888888888888,2.384185791015625e-07,0.0,0.0,,cfg02_G3_D32,1.8739664049935527,cuda
evaluation,360,240,Warm A,0.006799043156206608,0.1111111119389534,0.07739230990409851,0.9506172839506173,1.1920928955078125e-07,0.22904536128044128,0.46354731917381287,,cfg02_G3_D32,1.8739664049935527,cuda
evaluation,360,240,Warm B,0.007945837453007698,0.111111119389534,0.10436809062957764,0.8765432098765432,2.384185791015625e-07,0.39827150106430054,0.30951783061027527,,cfg02_G3_D32,1.8739664049935527,cuda
evaluation,360,240,Warm C,0.007993100211024284,0.1111111119389534,0.10354144126176834,0.8641975308641975,2.384185791015625e-07,0.4699779748916626,0.4605553150177002,,cfg02_G3_D32,1.8739664049935527,cuda
evaluation,363,243,Cold,0.0038739393930882215,0.1111111119389534,0.09460826963186264,0.8641975308641975,1.1920928955078125e-07,0.0,0.0,,cfg02_G3_D32,1.8739664049935527,cuda
evaluation,363,243,Warm A,0.002829303266480565,0.1111111119389534,0.11671651899814606,0.7777777777777778,1.7881393432617188e-07,0.24942700564861298,0.34809017181396484,,cfg02_G3_D32,1.8739664049935527,cuda
evaluation,363,243,Warm B,0.002885405207052827,0.111111119389534,0.13525409996509552,0.6666666666666666,1.1920928955078125e-07,0.38575413823127747,0.369951069355011,,cfg02_G3_D32,1.8739664049935527,cuda
evaluation,363,243,Warm C,0.0018080942099913955,0.1111111119389534,0.12299035489559174,0.7530864197530864,2.384185791015625e-07,0.4119446277618408,0.3839533030986786,,cfg02_G3_D32,1.8739664049935527,cuda
evaluation,365,245,Cold,0.004171109292656183,0.1111111119389534,0.08805397897958755,0.9012345679012346,2.384185791015625e-07,0.0,0.0,,cfg02_G3_D32,1.8739664049935527,cuda
evaluation,365,245,Warm A,0.007283699233084917,0.1111111119389534,0.0760224461555481,0.9382716049382716,1.1920928955078125e-07,0.24361474812030792,0.7094563841819763,,cfg02_G3_D32,1.8739664049935527,cuda
evaluation,365,245,Warm B,0.006733529269695282,0.1111111119389534,0.08387620002031326,0.8888888888888888,1.1920928955078125e-07,0.3306293487548828,0.6511940956115723,,cfg02_G3_D32,1.8739664049935527,cuda
evaluation,365,245,Warm C,0.009977031499147415,0.1111111119389534,0.08196497708559036,0.9135802469135802,1.1920928955078125e-07,0.44219422340393066,0.5260463356971741,,cfg02_G3_D32,1.8739664049935527,cuda
evaluation,374,253,Cold,0.003545257728546858,0.1111111119389534,0.08532482385635376,0.8888888888888888,1.7881393432617188e-07,0.0,0.0,,cfg02_G3_D32,1.8739664049935527,cuda
evaluation,374,253,Warm A,0.006933187134563923,0.1111111119389534,0.07657638937234879,0.9259259259259259,1.1920928955078125e-07,0.24101771414279938,0.5549308061599731,,cfg02_G3_D32,1.8739664049935527,cuda
evaluation,374,253,Warm B,0.00917624868452549,0.1111111119389534,0.09490024298429489,0.9012345679012346,1.1920928955078125e-07,0.3430576026439667,0.3546045422554016,,cfg02_G3_D32,1.8739664049935527,cuda
evaluation,374,253,Warm C,0.01342703215777874,0.1111111119389534,0.12340085953474045,0.7530864197530864,1.1920928955078125e-07,0.501903772354126,0.14580579102039337,,cfg02_G3_D32,1.8739664049935527,cuda
evaluation,378,256,Cold,0.0038988273590803146,0.1111111119389534,0.08784689754247665,0.9012345679012346,2.384185791015625e-07,0.0,0.0,,cfg02_G3_D32,1.8739664049935527,cuda
evaluation,378,256,Warm A,0.0074433875270187855,0.1111110970377922,0.07315712422132492,0.9382716049382716,1.1920928955078125e-07,0.226966992020607,0.5410386919975281,,cfg02_G3_D32,1.8739664049935527,cuda
evaluation,378,256,Warm B,0.010006709024310112,0.1111111119389534,0.08880489319562912,0.8518518518518519,2.384185791015625e-07,0.3837585747241974,0.4991118609905243,,cfg02_G3_D32,1.8739664049935527,cuda
evaluation,378,256,Warm C,0.009870815090835094,0.1111111119389534,0.07660342752933502,0.9259259259259259,2.384185791015625e-07,0.34973594546318054,0.6782473921775818,,cfg02_G3_D32,1.8739664049935527,cuda
evaluation,387,262,Cold,0.0039812191389501095,0.111111119389534,0.08795387297868729,0.8765432098765432,1.1920928955078125e-07,0.0,0.0,,cfg02_G3_D32,1.8739664049935527,cuda
evaluation,387,262,Warm A,0.007393829524517059,0.1111111119389534,0.07627437263727188,0.9135802469135802,1.1920928955078125e-07,0.25013768672943115,0.4176977276802063,,cfg02_G3_D32,1.8739664049935527,cuda
evaluation,387,262,Warm B,0.010230937041342258,0.1111110970377922,0.09830962121486664,0.8765432098765432,2.980232238769531e-07,0.41706007719039917,0.39264413714408875,,cfg02_G3_D32,1.8739664049935527,cuda
evaluation,387,262,Warm C,0.008378156460821629,0.1111111119389534,0.08109994232654572,0.9259259259259259,1.1920928955078125e-07,0.4393633008003235,0.6240560412406921,,cfg02_G3_D32,1.8739664049935527,cuda
evaluation,388,263,Cold,0.0043647876009345055,0.1111111119389534,0.09801892936229706,0.8271604938271605,2.384185791015625e-07,0.0,0.0,,cfg02_G3_D32,1.8739664049935527,cuda
evaluation,388,263,Warm A,0.002879526000469923,0.1111111119389534,0.08926872164011002,0.8765432098765432,1.1920928955078125e-07,0.23682723939418793,0.6348540186882019,,cfg02_G3_D32,1.8739664049935527,cuda
evaluation,388,263,Warm B,0.004262341186404228,0.111111119389534,0.07977356016635895,0.9135802469135802,1.7881393432617188e-07,0.3564222753047943,0.6449287533760071,,cfg02_G3_D32,1.8739664049935527,cuda
evaluation,388,263,Warm C,0.0028133413288742304,0.1111111119389534,0.0973542332649231,0.8641975308641975,1.1920928955078125e-07,0.4636043906211853,0.47092580795288086,,cfg02_G3_D32,1.8739664049935527,cuda
evaluation,393,264,Cold,0.004700171761214733,0.1111111119389534,0.08075343072414398,0.8888888888888888,1.1920928955078125e-07,0.0,0.0,,cfg02_G3_D32,1.8739664049935527,cuda
evaluation,393,264,Warm A,0.007571650203317404,0.111111119389534,0.08659571409225464,0.8888888888888888,1.1920928955078125e-07,0.25244152545928955,0.4422861635684967,,cfg02_G3_D32,1.8739664049935527,cuda
evaluation,393,264,Warm B,0.009893457405269146,0.1111111119389534,0.1142013743519783,0.8148148148148148,2.384185791015625e-07,0.49570566415786743,0.29532912373542786,,cfg02_G3_D32,1.8739664049935527,cuda
evaluation,393,264,Warm C,0.01283900998532772,0.1111111119389534,0.13604483008384705,0.6172839506172839,2.384185791015625e-07,0.7164133191108704,0.13373616337776184,,cfg02_G3_D32,1.8739664049935527,cuda
evaluation,407,266,Cold,0.003857024945318699,0.1111111119389534,0.08371862024068832,0.9012345679012346,2.384185791015625e-07,0.0,0.0,,cfg02_G3_D32,1.8739664049935527,cuda
evaluation,407,266,Warm A,0.007773140911012888,0.1111111119389534,0.07274308055639267,0.9629629629629629,1.1920928955078125e-07,0.23927322030067444,0.4622916281223297,,cfg02_G3_D32,1.8739664049935527,cuda
evaluation,407,266,Warm B,0.004464626777917147,0.1111110970377922,0.07925333082675934,0.9259259259259259,1.7881393432617188e-07,0.22595848143100739,0.6629223823547363,,cfg02_G3_D32,1.8739664049935527,cuda
evaluation,407,266,Warm C,0.007629871368408203,0.1111111119389534,0.07509878277778625,0.9629629629629629,1.1920928955078125e-07,0.31806671619415283,0.6583352088928223,,cfg02_G3_D32,1.8739664049935527,cuda
evaluation,408,267,Cold,0.003920293878763914,0.1111110970377922,0.08662295341491699,0.9012345679012346,2.384185791015625e-07,0.0,0.0,,cfg02_G3_D32,1.8739664049935527,cuda
evaluation,408,267,Warm A,0.0062896013259887695,0.1111111119389534,0.07519792020320892,0.9506172839506173,1.1920928955078125e-07,0.24393077194690704,0.5237110257148743,,cfg02_G3_D32,1.8739664049935527,cuda
evaluation,408,267,Warm B,0.008085879497230053,0.1111111119389534,0.0811244398355484,0.9382716049382716,1.1920928955078125e-07,0.3336009085178375,0.5840243101119995,,cfg02_G3_D32,1.8739664049935527,cuda
evaluation,408,267,Warm C,0.007605182472616434,0.1111111119389534,0.07354916632175446,0.9629629629629629,2.384185791015625e-07,0.3427462577819824,0.6228458881378174,,cfg02_G3_D32,1.8739664049935527,cuda
evaluation,414,271,Cold,0.003735750215128064,0.1111111119389534,0.08564917743206024,0.9012345679012346,1.1920928955078125e-07,0.0,0.0,,cfg02_G3_D32,1.8739664049935527,cuda
evaluation,414,271,Warm A,0.005337381269782782,0.1111111119389534,0.07331749051809311,0.9382716049382716,1.1920928955078125e-07,0.2378746122121811,0.4740653932094574,,cfg02_G3_D32,1.8739664049935527,cuda
evaluation,414,271,Warm B,0.0068201893009245396,0.1111111119389534,0.09376408904790878,0.9259259259259259,2.384185791015625e-07,0.3855075240135193,0.46579885482788086,,cfg02_G3_D32,1.8739664049935527,cuda
evaluation,414,271,Warm C,0.003463959554210305,0.1111111119389534,0.0977385863661766,0.8518518518518519,1.1920928955078125e-07,0.4723990559577942,0.49136027693748474,,cfg02_G3_D32,1.8739664049935527,cuda
evaluation,415,272,Cold,0.004679165314882994,0.1111111119389534,0.0928785651922226,0.8395061728395061,1.1920928955078125e-07,0.0,0.0,,cfg02_G3_D32,1.8739664049935527,cuda
evaluation,415,272,Warm A,0.008824441581964493,0.111111119389534,0.0790778174996376,0.8888888888888888,1.1920928955078125e-07,0.24968594312667847,0.5115498304367065,,cfg02_G3_D32,1.8739664049935527,cuda
evaluation,415,272,Warm B,0.011493326164782047,0.1111111119389534,0.09618975967168808,0.8271604938271605,1.7881393432617188e-07,0.42503270506858826,0.34724393486976624,,cfg02_G3_D32,1.8739664049935527,cuda
evaluation,415,272,Warm C,0.014849563129246235,0.1111111119389534,0.11665034294128418,0.7777777777777778,1.7881393432617188e-07,0.5761213898658752,0.2985253632068634,,cfg02_G3_D32,1.8739664049935527,cuda
evaluation,416,273,Cold,0.003044823184609413,0.1111111119389534,0.0790400505065918,0.9259259259259259,1.7881393432617188e-07,0.0,0.0,,cfg02_G3_D32,1.8739664049935527,cuda
evaluation,416,273,Warm A,0.006038714665919542,0.1111111119389534,0.06974591314792633,0.9753086419753086,1.1920928955078125e-07,0.23169486224651337,0.5779868364334106,,cfg02_G3_D32,1.8739664049935527,cuda
evaluation,416,273,Warm B,0.007772758603096008,0.1111110970377922,0.09661956131458282,0.8888888888888888,2.980232238769531e-07,0.4298025369644165,0.4066731929779053,,cfg02_G3_D32,1.8739664049935527,cuda
evaluation,416,273,Warm C,0.010749217122793198,0.1111110970377922,0.12032397836446762,0.7283950617283951,2.384185791015625e-07,0.4668598771095276,0.2456657886505127,,cfg02_G3_D32,1.8739664049935527,cuda
evaluation,419,275,Cold,0.004149714019149542,0.1111111119389534,0.08319853246212006,0.9012345679012346,1.1920928955078125e-07,0.0,0.0,,cfg02_G3_D32,1.8739664049935527,cuda
evaluation,419,275,Warm A,0.005780170671641827,0.1111110970377922,0.07749757170677185,0.9382716049382716,1.1920928955078125e-07,0.22609013319015503,0.6223873496055603,,cfg02_G3_D32,1.8739664049935527,cuda
evaluation,419,275,Warm B,0.006547755561769009,0.111111119389534,0.10038398951292038,0.8765432098765432,1.1920928955078125e-07,0.40303143858909607,0.2209455966949463,,cfg02_G3_D32,1.8739664049935527,cuda
evaluation,419,275,Warm C,0.005454977508634329,0.1111111119389534,0.1025765910744667,0.8641975308641975,1.7881393432617188e-07,0.41922566294670105,0.5056988596916199,,cfg02_G3_D32,1.8739664049935527,cuda
evaluation,421,277,Cold,0.00339495693333447,0.1111111119389534,0.08453820645809174,0.9012345679012346,1.1920928955078125e-07,0.0,0.0,,cfg02_G3_D32,1.8739664049935527,cuda
evaluation,421,277,Warm A,0.004530499689280987,0.1111111119389534,0.07216391712427139,0.9629629629629629,3.5762786865234375e-07,0.23007941246032715,0.5587892532348633,,cfg02_G3_D32,1.8739664049935527,cuda
evaluation,421,277,Warm B,0.002290531061589718,0.1111111119389534,0.08649203926324844,0.8641975308641975,1.7881393432617188e-07,0.3743875026702881,0.5700815916061401,,cfg02_G3_D32,1.8739664049935527,cuda
evaluation,421,277,Warm C,0.0037486155051738024,0.111111119389534,0.07491463422775269,0.9012345679012346,1.1920928955078125e-07,0.43539535999298096,0.6071583032608032,,cfg02_G3_D32,1.8739664049935527,cuda
evaluation,424,279,Cold,0.0039220754988491535,0.111111119389534,0.08454638719558716,0.9135802469135802,1.1920928955078125e-07,0.0,0.0,,cfg02_G3_D32,1.8739664049935527,cuda
evaluation,424,279,Warm A,0.0070289564318954945,0.1111111119389534,0.07650191336870193,0.9382716049382716,1.1920928955078125e-07,0.24507023394107819,0.6777606010437012,,cfg02_G3_D32,1.8739664049935527,cuda
evaluation,424,279,Warm B,0.008808805607259274,0.1111111119389534,0.09772050380706787,0.8888888888888888,1.1920928955078125e-07,0.4117172360420227,0.32975873351097107,,cfg02_G3_D32,1.8739664049935527,cuda
evaluation,424,279,Warm C,0.008121388964354992,0.1111111119389534,0.08057019859552383,0.9753086419753086,2.384185791015625e-07,0.3719199299812317,0.45124170184135437,,cfg02_G3_D32,1.8739664049935527,cuda
evaluation,425,280,Cold,0.0036462279967963696,0.1111111119389534,0.07984224706888199,0.9135802469135802,2.384185791015625e-07,0.0,0.0,,cfg02_G3_D32,1.8739664049935527,cuda
evaluation,425,280,Warm A,0.0029796664603054523,0.1111111119389534,0.07585659623146057,0.9382716049382716,1.1920928955078125e-07,0.2429599165916443,0.6078733801841736,,cfg02_G3_D32,1.8739664049935527,cuda
evaluation,425,280,Warm B,0.0031681968830525875,0.1111111119389534,0.0714278370141983,0.9382716049382716,1.7881393432617188e-07,0.38676899671554565,0.5361953377723694,,cfg02_G3_D32,1.8739664049935527,cuda
evaluation,425,280,Warm C,0.0015780883841216564,0.111111119389534,0.07479067891836166,0.9506172839506173,2.384185791015625e-07,0.4432660639286041,0.5553759932518005,,cfg02_G3_D32,1.8739664049935527,cuda
evaluation,427,282,Cold,0.004946849308907986,0.111111119389534,0.09171025454998016,0.8518518518518519,1.1920928955078125e-07,0.0,0.0,,cfg02_G3_D32,1.8739664049935527,cuda
evaluation,427,282,Warm A,0.00888846069574356,0.1111111119389534,0.0819261446595192,0.9135802469135802,1.1920928955078125e-07,0.2517666220664978,0.6411545872688293,,cfg02_G3_D32,1.8739664049935527,cuda
evaluation,427,282,Warm B,0.011038543656468391,0.1111111119389534,0.10108713060617447,0.8395061728395061,1.1920928955078125e-07,0.4394758641719818,0.4254458546638489,,cfg02_G3_D32,1.8739664049935527,cuda
evaluation,427,282,Warm C,0.013627622276544571,0.1111111119389534,0.12358961254358292,0.7407407407407407,1.1920928955078125e-07,0.5345144867897034,0.30946430563926697,,cfg02_G3_D32,1.8739664049935527,cuda
evaluation,429,284,Cold,0.004144074860960245,0.111111119389534,0.09143809974193573,0.9012345679012346,1.1920928955078125e-07,0.0,0.0,,cfg02_G3_D32,1.8739664049935527,cuda
evaluation,429,284,Warm A,0.007430945057421923,0.1111111119389534,0.07543972134590149,0.9506172839506173,1.7881393432617188e-07,0.240470752120018,0.5454670786857605,,cfg02_G3_D32,1.8739664049935527,cuda
evaluation,429,284,Warm B,0.010173267684876919,0.1111110970377922,0.08645128458738327,0.8765432098765432,1.1920928955078125e-07,0.44594159722328186,0.5446590781211853,,cfg02_G3_D32,1.8739664049935527,cuda
evaluation,429,284,Warm C,0.011855958960950375,0.1111110970377922,0.09599918127059937,0.8641975308641975,2.384185791015625e-07,0.6161647439002991,0.5343791842460632,,cfg02_G3_D32,1.8739664049935527,cuda
evaluation,436,289,Cold,0.004391600843518972,0.1111111119389534,0.08817074447870255,0.8765432098765432,1.7881393432617188e-07,0.0,0.0,,cfg02_G3_D32,1.8739664049935527,cuda
evaluation,436,289,Warm A,0.006662157364189625,0.1111111119389534,0.08133944123983383,0.9135802469135802,1.7881393432617188e-07,0.24505405128002167,0.7247524857521057,,cfg02_G3_D32,1.8739664049935527,cuda
evaluation,436,289,Warm B,0.009263657033443451,0.111111119389534,0.09485039114952087,0.8395061728395061,2.384185791015625e-07,0.3972896635532379,0.3733771741390228,,cfg02_G3_D32,1.8739664049935527,cuda
evaluation,436,289,Warm C,0.005780983250588179,0.1111110970377922,0.08154958486557007,0.9135802469135802,1.1920928955078125e-07,0.43077337741851807,0.5120671987533569,,cfg02_G3_D32,1.8739664049935527,cuda
evaluation,437,290,Cold,0.00431838259100914,0.1111111119389534,0.09311164915561676,0.8641975308641975,2.384185791015625e-07,0.0,0.0,,cfg02_G3_D32,1.8739664049935527,cuda
evaluation,437,290,Warm A,0.005591662134975195,0.1111111119389534,0.07957234978675842,0.9382716049382716,1.1920928955078125e-07,0.24861620366573334,0.6515573859214783,,cfg02_G3_D32,1.8739664049935527,cuda
evaluation,437,290,Warm B,0.007803181651979685,0.1111111119389534,0.09182140231132507,0.8641975308641975,1.1920928955078125e-07,0.46148645877838135,0.34021350741386414,,cfg02_G3_D32,1.8739664049935527,cuda
evaluation,437,290,Warm C,0.010645557194948196,0.111111119389534,0.11604167520999908,0.7407407407407407,2.384185791015625e-07,0.6294849514961243,0.1937885731458664,,cfg02_G3_D32,1.8739664049935527,cuda
evaluation,438,291,Cold,0.00375147326849401,0.1111111119389534,0.08522947877645493,0.8888888888888888,1.7881393432617188e-07,0.0,0.0,,cfg02_G3_D32,1.8739664049935527,cuda
evaluation,438,291,Warm A,0.006053644698113203,0.1111110970377922,0.07849732041358948,0.9506172839506173,1.7881393432617188e-07,0.24248243868350983,0.4934408366680145,,cfg02_G3_D32,1.8739664049935527,cuda
evaluation,438,291,Warm B,0.007267310284078121,0.1111111119389534,0.08256973326206207,0.9382716049382716,2.384185791015625e-07,0.33660420775413513,0.6031294465065002,,cfg02_G3_D32,1.8739664049935527,cuda
evaluation,438,291,Warm C,0.00981308426707983,0.1111111119389534,0.10299048572778702,0.8271604938271605,1.1920928955078125e-07,0.48743098974227905,0.4084242880344391,,cfg02_G3_D32,1.8739664049935527,cuda
evaluation,444,295,Cold,0.0037264565471559763,0.1111111119389534,0.0827537402510643,0.9012345679012346,1.7881393432617188e-07,0.0,0.0,,cfg02_G3_D32,1.8739664049935527,cuda
evaluation,444,295,Warm A,0.0062253219075500965,0.1111111119389534,0.07236914336681366,0.9506172839506173,2.384185791015625e-07,0.23385442793369293,0.5047627687454224,,cfg02_G3_D32,1.8739664049935527,cuda
evaluation,444,295,Warm B,0.008543826639652252,0.1111111119389534,0.09898687899112701,0.8765432098765432,1.1920928955078125e-07,0.3771219551563263,0.4057888984680176,,cfg02_G3_D32,1.8739664049935527,cuda
evaluation,444,295,Warm C,0.008299651555716991,0.111111119389534,0.1007595956325531,0.8518518518518519,2.384185791015625e-07,0.4137352705001831,0.4632566571235657,,cfg02_G3_D32,1.8739664049935527,cuda
evaluation,445,296,Cold,0.0037392808590084314,0.1111111119389534,0.07891300320625305,0.9382716049382716,3.5762786865234375e-07,0.0,0.0,,cfg02_G3_D32,1.8739664049935527,cuda
evaluation,445,296,Warm A,0.005907429847866297,0.1111111119389534,0.07589984685182571,0.9259259259259259,1.1920928955078125e-07,0.24195174872875214,0.47767573595046997,,cfg02_G3_D32,1.8739664049935527,cuda
evaluation,445,296,Warm B,0.008229962550103664,0.1111111119389534,0.09493794292211533,0.9135802469135802,1.1920928955078125e-07,0.4001491963863373,0.5345146059989929,,cfg02_G3_D32,1.8739664049935527,cuda
evaluation,445,296,Warm C,0.007749049924314022,0.1111111119389534,0.09133876860141754,0.9012345679012346,1.1920928955078125e-07,0.4023808538913727,0.43609151244163513,,cfg02_G3_D32,1.8739664049935527,cuda
evaluation,449,299,Cold,0.004044705536216497,0.111111119389534,0.09116178005933762,0.9012345679012346,1.1920928955078125e-07,0.0,0.0,,cfg02_G3_D32,1.8739664049935527,cuda
evaluation,449,299,Warm A,0.003955015912652016,0.1111111119389534,0.10995220392942429,0.7901234567901234,2.384185791015625e-07,0.2309899777173996,0.47723355889320374,,cfg02_G3_D32,1.8739664049935527,cuda
evaluation,449,299,Warm B,0.004931838717311621,0.111111119389534,0.09253589808940887,0.8765432098765432,2.384185791015625e-07,0.29841944575309753,0.5887995958328247,,cfg02_G3_D32,1.8739664049935527,cuda
evaluation,449,299,Warm C,0.005600786302238703,0.1111111119389534,0.09376779198646545,0.8641975308641975,1.1920928955078125e-07,0.3627682030200958,0.718228816986084,,cfg02_G3_D32,1.8739664049935527,cuda
evaluation,451,301,Cold,0.004656430333852768,0.111111119389534,0.09267698228359222,0.8641975308641975,1.1920928955078125e-07,0.0,0.0,,cfg02_G3_D32,1.8739664049935527,cuda
evaluation,451,301,Warm A,0.007312071043998003,0.111111119389534,0.08057498186826706,0.9382716049382716,2.384185791015625e-07,0.24976642429828644,0.651314914226532,,cfg02_G3_D32,1.8739664049935527,cuda
evaluation,451,301,Warm B,0.005112157668918371,0.1111111119389534,0.09261146187782288,0.8765432098765432,3.5762786865234375e-07,0.3907953202724457,0.6355625987052917,,cfg02_G3_D32,1.8739664049935527,cuda
evaluation,451,301,Warm C,0.007277270779013634,0.111111119389534,0.08267737925052643,0.9259259259259259,1.1920928955078125e-07,0.4834251403808594,0.7498086094856262,,cfg02_G3_D32,1.8739664049935527,cuda
evaluation,453,302,Cold,0.0038368364330381155,0.1111111119389534,0.08598309010267258,0.9012345679012346,1.1920928955078125e-07,0.0,0.0,,cfg02_G3_D32,1.8739664049935527,cuda
evaluation,453,302,Warm A,0.006410554517060518,0.1111111119389534,0.07064583152532578,0.9629629629629629,1.1920928955078125e-07,0.2384812980890274,0.45781755447387695,,cfg02_G3_D32,1.8739664049935527,cuda
evaluation,453,302,Warm B,0.0037498767487704754,0.1111111119389534,0.07880064845085144,0.9382716049382716,1.1920928955078125e-07,0.2715877890586853,0.5656471848487854,,cfg02_G3_D32,1.8739664049935527,cuda
evaluation,453,302,Warm C,0.00666944682598114,0.1111111119389534,0.0709245353937149,0.9629629629629629,1.1920928955078125e-07,0.4096856117248535,0.4028265178203583,,cfg02_G3_D32,1.8739664049935527,cuda
evaluation,456,305,Cold,0.004430423956364393,0.1111110970377922,0.09378758072853088,0.8765432098765432,1.1920928955078125e-07,0.0,0.0,,cfg02_G3_D32,1.8739664049935527,cuda
evaluation,456,305,Warm A,0.007261850405484438,0.1111111119389534,0.08953730762004852,0.8888888888888888,1.7881393432617188e-07,0.20047327876091003,0.6480140089988708,,cfg02_G3_D32,1.8739664049935527,cuda
evaluation,456,305,Warm B,0.005865660961717367,0.1111111119389534,0.1100575178861618,0.7901234567901234,2.384185791015625e-07,0.2109091728925705,0.5666435956954956,,cfg02_G3_D32,1.8739664049935527,cuda
evaluation,456,305,Warm C,0.007231320720165968,0.111111119389534,0.12749093770980835,0.7037037037037037,1.1920928955078125e-07,0.30968090891838074,0.25748834013938904,,cfg02_G3_D32,1.8739664049935527,cuda
evaluation,458,307,Cold,0.0037305718287825584,0.1111110970377922,0.08484229445457458,0.9012345679012346,1.1920928955078125e-07,0.0,0.0,,cfg02_G3_D32,1.8739664049935527,cuda
evaluation,458,307,Warm A,0.003035387024283409,0.1111111119389534,0.0785895586013794,0.9259259259259259,2.384185791015625e-07,0.25354281067848206,0.43574434518814087,,cfg02_G3_D32,1.8739664049935527,cuda
evaluation,458,307,Warm B,0.0064963302575051785,0.1111111119389534,0.07644808292388916,0.9506172839506173,2.384185791015625e-07,0.31974419951438904,0.5270366072654724,,cfg02_G3_D32,1.8739664049935527,cuda
evaluation,458,307,Warm C,0.00616417033597827,0.1111110970377922,0.08186200261116028,0.9506172839506173,1.7881393432617188e-07,0.4559881091117859,0.5271831154823303,,cfg02_G3_D32,1.8739664049935527,cuda
evaluation,459,308,Cold,0.004596267361193895,0.1111111119389534,0.08851256966590881,0.8395061728395061,1.7881393432617188e-07,0.0,0.0,,cfg02_G3_D32,1.8739664049935527,cuda
evaluation,459,308,Warm A,0.008280374109745026,0.1111111119389534,0.08101413398981094,0.9259259259259259,1.1920928955078125e-07,0.23359283804893494,0.524397611618042,,cfg02_G3_D32,1.8739664049935527,cuda
evaluation,459,308,Warm B,0.01202934980392456,0.1111111119389534,0.10161532461643219,0.8641975308641975,2.384185791015625e-07,0.39869606494903564,0.4508466422557831,,cfg02_G3_D32,1.8739664049935527,cuda
evaluation,459,308,Warm C,0.009388952516019344,0.1111110970377922,0.08223746716976166,0.9382716049382716,2.384185791015625e-07,0.4091241657733917,0.5258663892745972,,cfg02_G3_D32,1.8739664049935527,cuda
evaluation,461,309,Cold,0.003819542471319437,0.1111111119389534,0.08862614631652832,0.9012345679012346,1.7881393432617188e-07,0.0,0.0,,cfg02_G3_D32,1.8739664049935527,cuda
evaluation,461,309,Warm A,0.00616750493645668,0.1111111119389534,0.06960400938987732,0.9506172839506173,1.1920928955078125e-07,0.22679120302200317,0.6263157725334167,,cfg02_G3_D32,1.8739664049935527,cuda
evaluation,461,309,Warm B,0.0053438241593539715,0.1111111119389534,0.09149014949798584,0.9135802469135802,1.1920928955078125e-07,0.22782692313194275,0.747237503528595,,cfg02_G3_D32,1.8739664049935527,cuda
evaluation,461,309,Warm C,0.00823710672557354,0.1111111119389534,0.0706988126039505,0.9506172839506173,1.1920928955078125e-07,0.3173694312572479,0.5781542062759399,,cfg02_G3_D32,1.8739664049935527,cuda
evaluation,465,311,Cold,0.005197550170123577,0.1111111119389534,0.0730784460902214,0.9382716049382716,2.384185791015625e-07,0.0,0.0,,cfg02_G3_D32,1.8739664049935527,cuda
evaluation,465,311,Warm A,0.007907578721642494,0.1111110970377922,0.0773271918296814,0.9259259259259259,1.7881393432617188e-07,0.22273454070091248,0.6396954655647278,,cfg02_G3_D32,1.8739664049935527,cuda
evaluation,465,311,Warm B,0.005221620202064514,0.1111111119389534,0.08254674822092056,0.9012345679012346,1.1920928955078125e-07,0.34395378828048706,0.7949231266975403,,cfg02_G3_D32,1.8739664049935527,cuda
evaluation,465,311,Warm C,0.004527013283222914,0.1111111119389534,0.07784711569547653,0.9012345679012346,1.7881393432617188e-07,0.3201412856578827,0.5455228090286255,,cfg02_G3_D32,1.8739664049935527,cuda
evaluation,469,314,Cold,0.003988256212323904,0.1111110970377922,0.08782587945461273,0.9012345679012346,1.1920928955078125e-07,0.0,0.0,,cfg02_G3_D32,1.8739664049935527,cuda
evaluation,469,314,Warm A,0.006101567298173904,0.1111111119389534,0.07506890594959259,0.9259259259259259,1.1920928955078125e-07,0.23654502630233765,0.6249489784240723,,cfg02_G3_D32,1.8739664049935527,cuda
evaluation,469,314,Warm B,0.004200988449156284,0.1111111119389534,0.07442969083786011,0.9382716049382716,1.1920928955078125e-07,0.26314786076545715,0.5883053541183472,,cfg02_G3_D32,1.8739664049935527,cuda
evaluation,469,314,Warm C,0.006942520849406719,0.111111119389534,0.08802422881126404,0.8641975308641975,1.1920928955078125e-07,0.380901038646698,0.5093432664871216,,cfg02_G3_D32,1.8739664049935527,cuda
evaluation,473,316,Cold,0.004220154602080584,0.1111111119389534,0.0922873467206955,0.8641975308641975,1.7881393432617188e-07,0.0,0.0,,cfg02_G3_D32,1.8739664049935527,cuda
evaluation,473,316,Warm A,0.005782326217740774,0.1111111119389534,0.0800325945019722,0.9259259259259259,1.1920928955078125e-07,0.24502362310886383,0.6603461503982544,,cfg02_G3_D32,1.8739664049935527,cuda
evaluation,473,316,Warm B,0.007831031456589699,0.111111119389534,0.09305503219366074,0.8518518518518519,2.384185791015625e-07,0.43154177069664,0.44984492659568787,,cfg02_G3_D32,1.8739664049935527,cuda
evaluation,473,316,Warm C,0.010607020929455757,0.1111111119389534,0.11594726145267487,0.7283950617283951,2.384185791015625e-07,0.5774136185646057,0.3263782560825348,,cfg02_G3_D32,1.8739664049935527,cuda
evaluation,477,319,Cold,0.003872326808050275,0.1111111119389534,0.08675545454025269,0.9012345679012346,1.1920928955078125e-07,0.0,0.0,,cfg02_G3_D32,1.8739664049935527,cuda
evaluation,477,319,Warm A,0.006621228531002998,0.1111110970377922,0.0703963190317154,0.9629629629629629,1.7881393432617188e-07,0.2395087331533432,0.6631217002868652,,cfg02_G3_D32,1.8739664049935527,cuda
evaluation,477,319,Warm B,0.0051912907510995865,0.1111111119389534,0.07973109185695648,0.9259259259259259,1.7881393432617188e-07,0.3614644408226013,0.7210649251937866,,cfg02_G3_D32,1.8739664049935527,cuda
evaluation,477,319,Warm C,0.003928760066628456,0.111111119389534,0.10136803239583969,0.8148148148148148,1.1920928955078125e-07,0.42223525047302246,0.728062093257904,,cfg02_G3_D32,1.8739664049935527,cuda
evaluation,479,320,Cold,0.004150808788836002,0.1111111119389534,0.08695604652166367,0.8641975308641975,1.1920928955078125e-07,0.0,0.0,,cfg02_G3_D32,1.8739664049935527,cuda
evaluation,479,320,Warm A,0.007310254964977503,0.1111111119389534,0.08082209527492523,0.9259259259259259,1.7881393432617188e-07,0.24306221306324005,0.46147260069847107,,cfg02_G3_D32,1.8739664049935527,cuda
evaluation,479,320,Warm B,0.009751920588314533,0.111111119389534,0.10230115056037903,0.8271604938271605,1.1920928955078125e-07,0.4219988286495209,0.32679951190948486,,cfg02_G3_D32,1.8739664049935527,cuda
evaluation,479,320,Warm C,0.007036721333861351,0.1111111119389534,0.0848226249217987,0.8888888888888888,2.384185791015625e-07,0.3905441164970398,0.4687972962856293,,cfg02_G3_D32,1.8739664049935527,cuda
evaluation,482,323,Cold,0.005632858257740736,0.1111111119389534,0.10245808959007263,0.8271604938271605,1.1920928955078125e-07,0.0,0.0,,cfg02_G3_D32,1.8739664049935527,cuda
evaluation,482,323,Warm A,0.003700954606756568,0.1111111119389534,0.11609873175621033,0.7654320987654321,1.1920928955078125e-07,0.23922985792160034,0.8180535435676575,,cfg02_G3_D32,1.8739664049935527,cuda
evaluation,482,323,Warm B,0.003584887133911252,0.1111110970377922,0.10854121297597885,0.8148148148148148,1.7881393432617188e-07,0.29650047421455383,0.5693222284317017,,cfg02_G3_D32,1.8739664049935527,cuda
evaluation,482,323,Warm C,0.004231092985719442,0.1111111119389534,0.09716678410768509,0.8518518518518519,1.1920928955078125e-07,0.4262019097805023,0.7914069890975952,,cfg02_G3_D32,1.8739664049935527,cuda
evaluation,483,324,Cold,0.004088221583515406,0.1111111119389534,0.0870833694934845,0.9012345679012346,2.384185791015625e-07,0.0,0.0,,cfg02_G3_D32,1.8739664049935527,cuda
evaluation,483,324,Warm A,0.00721851596608758,0.1111111119389534,0.07687655836343765,0.9135802469135802,1.1920928955078125e-07,0.23511558771133423,0.4796627163887024,,cfg02_G3_D32,1.8739664049935527,cuda
evaluation,483,324,Warm B,0.003519101534038782,0.111111119389534,0.08964230865240097,0.8765432098765432,2.384185791015625e-07,0.33008235692977905,0.5946723222732544,,cfg02_G3_D32,1.8739664049935527,cuda
evaluation,483,324,Warm C,0.003300320589914918,0.111111119389534,0.08908157050609589,0.8888888888888888,1.7881393432617188e-07,0.46035465598106384,0.4763266146183014,,cfg02_G3_D32,1.8739664049935527,cuda
evaluation,486,326,Cold,0.004147736355662346,0.1111110970377922,0.0921211987733841,0.8765432098765432,2.384185791015625e-07,0.0,0.0,,cfg02_G3_D32,1.8739664049935527,cuda
evaluation,486,326,Warm A,0.005754572339355946,0.1111111119389534,0.07426552474498749,0.9259259259259259,1.1920928955078125e-07,0.2386968582868576,0.474931538105011,,cfg02_G3_D32,1.8739664049935527,cuda
evaluation,486,326,Warm B,0.0070931375958025455,0.1111111119389534,0.07065611332654953,0.9259259259259259,1.7881393432617188e-07,0.3643914759159088,0.4792877733707428,,cfg02_G3_D32,1.8739664049935527,cuda
evaluation,486,326,Warm C,0.00897532980889082,0.1111110970377922,0.08685392886400223,0.8888888888888888,1.1920928955078125e-07,0.4349544942378998,0.5357744693756104,,cfg02_G3_D32,1.8739664049935527,cuda
evaluation,487,327,Cold,0.0037168245762586594,0.111111119389534,0.07622426003217697,0.9259259259259259,1.1920928955078125e-07,0.0,0.0,,cfg02_G3_D32,1.8739664049935527,cuda
evaluation,487,327,Warm A,0.00556583795696497,0.111111119389534,0.07492468506097794,0.9259259259259259,2.384185791015625e-07,0.23488357663154602,0.5367802977561951,,cfg02_G3_D32,1.8739664049935527,cuda
evaluation,487,327,Warm B,0.007770977448672056,0.1111111119389534,0.0946071669459343,0.8888888888888888,1.1920928955078125e-07,0.40718141198158264,0.5591994524002075,,cfg02_G3_D32,1.8739664049935527,cuda
evaluation,487,327,Warm C,0.007356732152402401,0.111111119389534,0.09666505455970764,0.8395061728395061,1.1920928955078125e-07,0.5565539002418518,0.5112919211387634,,cfg02_G3_D32,1.8739664049935527,cuda
evaluation,489,328,Cold,0.003972785081714392,0.1111111119389534,0.07937262952327728,0.9259259259259259,1.1920928955078125e-07,0.0,0.0,,cfg02_G3_D32,1.8739664049935527,cuda
evaluation,489,328,Warm A,0.007144763134419918,0.1111111119389534,0.07476579397916794,0.9382716049382716,1.1920928955078125e-07,0.23248304426670074,0.5767549276351929,,cfg02_G3_D32,1.8739664049935527,cuda
evaluation,489,328,Warm B,0.010149887762963772,0.1111111119389534,0.09731334447860718,0.8765432098765432,1.1920928955078125e-07,0.45196375250816345,0.4418512284755707,,cfg02_G3_D32,1.8739664049935527,cuda
evaluation,489,328,Warm C,0.013504314236342907,0.1111111119389534,0.12181292474269867,0.6666666666666666,1.1920928955078125e-07,0.6111916899681091,0.2962985932826996,,cfg02_G3_D32,1.8739664049935527,cuda
evaluation,490,329,Cold,0.005592514760792255,0.1111111119389534,0.09437792748212814,0.8271604938271605,1.1920928955078125e-07,0.0,0.0,,cfg02_G3_D32,1.8739664049935527,cuda
evaluation,490,329,Warm A,0.009938029572367668,0.1111110970377922,0.08589739352464676,0.8765432098765432,1.1920928955078125e-07,0.23431134223937988,0.5919758677482605,,cfg02_G3_D32,1.8739664049935527,cuda
evaluation,490,329,Warm B,0.008100527338683605,0.1111111119389534,0.09296268224716187,0.8271604938271605,2.384185791015625e-07,0.23269425332546234,0.5048850178718567,,cfg02_G3_D32,1.8739664049935527,cuda
evaluation,490,329,Warm C,0.01212253700941801,0.1111110970377922,0.08449162542819977,0.8888888888888888,1.1920928955078125e-07,0.3607725203037262,0.5718182921409607,,cfg02_G3_D32,1.8739664049935527,cuda
evaluation,501,336,Cold,0.003910767380148172,0.111111119389534,0.082864910364151,0.9135802469135802,1.1920928955078125e-07,0.0,0.0,,cfg02_G3_D32,1.8739664049935527,cuda
evaluation,501,336,Warm A,0.0026428098790347576,0.1111111119389534,0.08796126395463943,0.8888888888888888,1.7881393432617188e-07,0.2325347512960434,0.7907978296279907,,cfg02_G3_D32,1.8739664049935527,cuda
evaluation,501,336,Warm B,0.0008616845007054508,0.1111111119389534,0.10920869559049606,0.7654320987654321,1.1920928955078125e-07,0.39939674735069275,0.6377493739128113,,cfg02_G3_D32,1.8739664049935527,cuda
evaluation,501,336,Warm C,-1.5895813703536987e-05,0.1111111119389534,0.09732663631439209,0.8518518518518519,2.384185791015625e-07,0.5285203456878662,0.7035365104675293,,cfg02_G3_D32,1.8739664049935527,cuda
evaluation,502,337,Cold,0.004599061794579029,0.1111111119389534,0.07260406017303467,0.9259259259259259,1.1920928955078125e-07,0.0,0.0,,cfg02_G3_D32,1.8739664049935527,cuda
evaluation,502,337,Warm A,0.007076446432620287,0.1111111119389534,0.08664289116859436,0.9382716049382716,2.384185791015625e-07,0.24673503637313843,0.3912927806377411,,cfg02_G3_D32,1.8739664049935527,cuda
evaluation,502,337,Warm B,0.009042598307132721,0.1111111119389534,0.11496216058731079,0.8024691358024691,1.1920928955078125e-07,0.4256885349750519,0.28410476446151733,,cfg02_G3_D32,1.8739664049935527,cuda
evaluation,502,337,Warm C,0.012707953341305256,0.1111111119389534,0.14142341911792755,0.5802469135802469,1.1920928955078125e-07,0.5488572120666504,0.12503428757190704,,cfg02_G3_D32,1.8739664049935527,cuda
evaluation,504,338,Cold,0.003953041508793831,0.1111111119389534,0.08339294046163559,0.8888888888888888,1.1920928955078125e-07,0.0,0.0,,cfg02_G3_D32,1.8739664049935527,cuda
evaluation,504,338,Warm A,0.00684334896504879,0.1111110970377922,0.07886041700839996,0.9259259259259259,1.1920928955078125e-07,0.23292984068393707,0.4662722647190094,,cfg02_G3_D32,1.8739664049935527,cuda
evaluation,504,338,Warm B,0.006634925492107868,0.111111119389534,0.08507737517356873,0.8888888888888888,2.384185791015625e-07,0.332525372505188,0.5848904848098755,,cfg02_G3_D32,1.8739664049935527,cuda
evaluation,504,338,Warm C,0.005816336255520582,0.1111110970377922,0.0772760808467865,0.9135802469135802,1.7881393432617188e-07,0.3420788049697876,0.5308277010917664,,cfg02_G3_D32,1.8739664049935527,cuda
evaluation,505,339,Cold,0.003953602630645037,0.1111111119389534,0.09125501662492752,0.9012345679012346,1.1920928955078125e-07,0.0,0.0,,cfg02_G3_D32,1.8739664049935527,cuda
evaluation,505,339,Warm A,0.006770034786313772,0.1111111119389534,0.0738225132226944,0.9629629629629629,1.7881393432617188e-07,0.2412809282541275,0.5186238288879395,,cfg02_G3_D32,1.8739664049935527,cuda
evaluation,505,339,Warm B,0.009197724983096123,0.1111110970377922,0.08593937754631042,0.9135802469135802,1.7881393432617188e-07,0.3887768089771271,0.5532201528549194,,cfg02_G3_D32,1.8739664049935527,cuda
evaluation,505,339,Warm C,0.010164140723645687,0.111111119389534,0.10892491787672043,0.7777777777777778,2.384185791015625e-07,0.528203010559082,0.40185508131980896,,cfg02_G3_D32,1.8739664049935527,cuda
evaluation,506,340,Cold,0.004458290059119463,0.111111119389534,0.090934157371521,0.8765432098765432,1.7881393432617188e-07,0.0,0.0,,cfg02_G3_D32,1.8739664049935527,cuda
evaluation,506,340,Warm A,0.0026338391471654177,0.111111119389534,0.09116876125335693,0.8888888888888888,1.1920928955078125e-07,0.23451441526412964,0.6359419822692871,,cfg02_G3_D32,1.8739664049935527,cuda
evaluation,506,340,Warm B,0.005216693039983511,0.1111111119389534,0.08138129115104675,0.9259259259259259,1.1920928955078125e-07,0.25998347997665405,0.7331402897834778,,cfg02_G3_D32,1.8739664049935527,cuda
evaluation,506,340,Warm C,0.005045195110142231,0.1111111119389534,0.08216842263936996,0.9135802469135802,1.7881393432617188e-07,0.2892400324344635,0.5334088802337646,,cfg02_G3_D32,1.8739664049935527,cuda
evaluation,511,344,Cold,0.004508671350777149,0.1111111119389534,0.08871115744113922,0.8641975308641975,1.1920928955078125e-07,0.0,0.0,,cfg02_G3_D32,1.8739664049935527,cuda
evaluation,511,344,Warm A,0.007500610314309597,0.1111111119389534,0.07758282870054245,0.9135802469135802,1.1920928955078125e-07,0.23379263281822205,0.5530338287353516,,cfg02_G3_D32,1.8739664049935527,cuda
evaluation,511,344,Warm B,0.009371439926326275,0.1111111119389534,0.08396156132221222,0.9135802469135802,1.7881393432617188e-07,0.3223341107368469,0.41749024391174316,,cfg02_G3_D32,1.8739664049935527,cuda
evaluation,511,344,Warm C,0.006457190960645676,0.111111119389534,0.08243535459041595,0.8765432098765432,1.1920928955078125e-07,0.33600616455078125,0.7510482668876648,,cfg02_G3_D32,1.8739664049935527,cuda
evaluation,512,345,Cold,0.0034523988142609596,0.1111111119389534,0.08416710048913956,0.9135802469135802,2.384185791015625e-07,0.0,0.0,,cfg02_G3_D32,1.8739664049935527,cuda
evaluation,512,345,Warm A,0.0051306686364114285,0.1111111119389534,0.07512518763542175,0.9259259259259259,1.1920928955078125e-07,0.24648557603359222,0.6627783179283142,,cfg02_G3_D32,1.8739664049935527,cuda
evaluation,512,345,Warm B,0.004249285906553268,0.1111111119389534,0.0815887600183487,0.8765432098765432,1.7881393432617188e-07,0.37276679277420044,0.7131888270378113,,cfg02_G3_D32,1.8739664049935527,cuda
evaluation,512,345,Warm C,0.005694995634257793,0.1111111119389534,0.07906559109687805,0.9259259259259259,1.7881393432617188e-07,0.3580208718776703,0.46163398027420044,,cfg02_G3_D32,1.8739664049935527,cuda
evaluation,513,346,Cold,0.004404389765113592,0.1111110970377922,0.09169016778469086,0.8765432098765432,1.1920928955078125e-07,0.0,0.0,,cfg02_G3_D32,1.8739664049935527,cuda
evaluation,513,346,Warm A,0.0066606695763766766,0.1111111119389534,0.07792412489652634,0.9259259259259259,1.1920928955078125e-07,0.24079978466033936,0.5499793291091919,,cfg02_G3_D32,1.8739664049935527,cuda
evaluation,513,346,Warm B,0.0056885587982833385,0.111111119389534,0.08877355605363846,0.8765432098765432,1.1920928955078125e-07,0.27280038595199585,0.7341384887695312,,cfg02_G3_D32,1.8739664049935527,cuda
evaluation,513,346,Warm C,0.007929452694952488,0.1111110970377922,0.07526174187660217,0.9135802469135802,1.1920928955078125e-07,0.34616217017173767,0.5570294260978699,,cfg02_G3_D32,1.8739664049935527,cuda
evaluation,518,351,Cold,0.003874471876770258,0.1111111119389534,0.0867462158203125,0.9012345679012346,1.1920928955078125e-07,0.0,0.0,,cfg02_G3_D32,1.8739664049935527,cuda
evaluation,518,351,Warm A,0.006659770384430885,0.1111111119389534,0.0720670223236084,0.9259259259259259,1.1920928955078125e-07,0.23589152097702026,0.4544537663459778,,cfg02_G3_D32,1.8739664049935527,cuda
evaluation,518,351,Warm B,0.008175395429134369,0.111111119389534,0.09114734828472137,0.9012345679012346,2.384185791015625e-07,0.40725117921829224,0.26501840353012085,,cfg02_G3_D32,1.8739664049935527,cuda
evaluation,518,351,Warm C,0.009153555147349834,0.1111111119389534,0.10601160675287247,0.8395061728395061,2.384185791015625e-07,0.44068267941474915,0.416482537984848,,cfg02_G3_D32,1.8739664049935527,cuda
evaluation,521,354,Cold,0.004864206071943045,0.1111111119389534,0.09157457202672958,0.8641975308641975,2.384185791015625e-07,0.0,0.0,,cfg02_G3_D32,1.8739664049935527,cuda
evaluation,521,354,Warm A,0.009166154079139233,0.1111110970377922,0.08087269216775894,0.8888888888888888,1.7881393432617188e-07,0.24058102071285248,0.6506017446517944,,cfg02_G3_D32,1.8739664049935527,cuda
evaluation,521,354,Warm B,0.0061042639426887035,0.111111119389534,0.09468409419059753,0.8518518518518519,1.1920928955078125e-07,0.2846195697784424,0.6075590252876282,,cfg02_G3_D32,1.8739664049935527,cuda
evaluation,521,354,Warm C,0.007654787506908178,0.1111111119389534,0.09593553096055984,0.8641975308641975,2.384185791015625e-07,0.3592078685760498,0.5741588473320007,,cfg02_G3_D32,1.8739664049935527,cuda
evaluation,522,355,Cold,0.00448110606521368,0.1111111119389534,0.08756578713655472,0.8765432098765432,1.7881393432617188e-07,0.0,0.0,,cfg02_G3_D32,1.8739664049935527,cuda
evaluation,522,355,Warm A,0.0030030133202672005,0.1111111119389534,0.10724077373743057,0.7777777777777778,1.1920928955078125e-07,0.23470325767993927,0.6293113231658936,,cfg02_G3_D32,1.8739664049935527,cuda
evaluation,522,355,Warm B,0.005876611452549696,0.1111110970377922,0.08696898072957993,0.8765432098765432,1.7881393432617188e-07,0.22485226392745972,0.4879315495491028,,cfg02_G3_D32,1.8739664049935527,cuda
evaluation,522,355,Warm C,0.0062140533700585365,0.1111111119389534,0.09178963303565979,0.8395061728395061,1.1920928955078125e-07,0.29175466299057007,0.7298406958580017,,cfg02_G3_D32,1.8739664049935527,cuda
evaluation,523,356,Cold,0.004300050903111696,0.1111110970377922,0.09018660336732864,0.8888888888888888,1.1920928955078125e-07,0.0,0.0,,cfg02_G3_D32,1.8739664049935527,cuda
evaluation,523,356,Warm A,0.0016596416244283319,0.1111111119389534,0.11233346164226532,0.7901234567901234,3.5762786865234375e-07,0.22984620928764343,0.5559388399124146,,cfg02_G3_D32,1.8739664049935527,cuda
evaluation,523,356,Warm B,0.002837005304172635,0.111111119389534,0.095375195145607,0.8641975308641975,2.384185791015625e-07,0.251353919506073,0.787359893321991,,cfg02_G3_D32,1.8739664049935527,cuda
evaluation,523,356,Warm C,0.004418186377733946,0.1111111119389534,0.08615370094776154,0.8888888888888888,2.384185791015625e-07,0.32781994342803955,0.6875153183937073,,cfg02_G3_D32,1.8739664049935527,cuda
evaluation,528,359,Cold,0.004513017367571592,0.1111111119389534,0.09434770047664642,0.8641975308641975,2.384185791015625e-07,0.0,0.0,,cfg02_G3_D32,1.8739664049935527,cuda
evaluation,528,359,Warm A,0.006442675832659006,0.1111111119389534,0.0763956606388092,0.9382716049382716,1.7881393432617188e-07,0.2500306963920593,0.5291885733604431,,cfg02_G3_D32,1.8739664049935527,cuda
evaluation,528,359,Warm B,0.00868894625455141,0.1111111119389534,0.08585821837186813,0.8765432098765432,1.1920928955078125e-07,0.3754173815250397,0.689566969871521,,cfg02_G3_D32,1.8739664049935527,cuda
evaluation,528,359,Warm C,0.011885984800755978,0.1111111119389534,0.10755299776792526,0.7901234567901234,1.7881393432617188e-07,0.5638428926467896,0.4523800015449524,,cfg02_G3_D32,1.8739664049935527,cuda
evaluation,540,369,Cold,0.005592506378889084,0.1111111119389534,0.09437799453735352,0.8271604938271605,2.384185791015625e-07,0.0,0.0,,cfg02_G3_D32,1.8739664049935527,cuda
evaluation,540,369,Warm A,0.01074055302888155,0.1111111119389534,0.08763308078050613,0.8888888888888888,1.1920928955078125e-07,0.23871654272079468,0.7225168347358704,,cfg02_G3_D32,1.8739664049935527,cuda
evaluation,540,369,Warm B,0.012951873242855072,0.1111111119389534,0.10047353804111481,0.8271604938271605,1.7881393432617188e-07,0.3909272253513336,0.3740781545639038,,cfg02_G3_D32,1.8739664049935527,cuda
evaluation,540,369,Warm C,0.01631627231836319,0.1111111119389534,0.12169650197029114,0.7407407407407407,2.384185791015625e-07,0.5829482078552246,0.32910454273223877,,cfg02_G3_D32,1.8739664049935527,cuda
evaluation,544,373,Cold,0.005004446487873793,0.1111111119389534,0.08699264377355576,0.8518518518518519,2.384185791015625e-07,0.0,0.0,,cfg02_G3_D32,1.8739664049935527,cuda
evaluation,544,373,Warm A,0.008334698155522346,0.1111111119389534,0.08668380975723267,0.8765432098765432,1.1920928955078125e-07,0.24032609164714813,0.36499664187431335,,cfg02_G3_D32,1.8739664049935527,cuda
evaluation,544,373,Warm B,0.01139870472252369,0.1111111119389534,0.10906732827425003,0.8518518518518519,2.384185791015625e-07,0.4031275808811188,0.4045542776584625,,cfg02_G3_D32,1.8739664049935527,cuda
evaluation,544,373,Warm C,0.014614691026508808,0.111111119389534,0.1305263191461563,0.691358024691358,1.1920928955078125e-07,0.48377877473831177,0.2607271671295166,,cfg02_G3_D32,1.8739664049935527,cuda
evaluation,547,375,Cold,0.004725840874016285,0.1111111119389534,0.09172245115041733,0.8395061728395061,1.1920928955078125e-07,0.0,0.0,,cfg02_G3_D32,1.8739664049935527,cuda
evaluation,547,375,Warm A,0.006959012243896723,0.111111119389534,0.08091870695352554,0.9012345679012346,2.384185791015625e-07,0.23907506465911865,0.6349160075187683,,cfg02_G3_D32,1.8739664049935527,cuda
evaluation,547,375,Warm B,0.00610690750181675,0.1111110970377922,0.08408491313457489,0.8765432098765432,1.1920928955078125e-07,0.36715400218963623,0.5680552124977112,,cfg02_G3_D32,1.8739664049935527,cuda
evaluation,547,375,Warm C,0.008337455801665783,0.1111111119389534,0.09697967022657394,0.8518518518518519,1.1920928955078125e-07,0.4598456919193268,0.4277741611003876,,cfg02_G3_D32,1.8739664049935527,cuda
evaluation,548,376,Cold,0.004597021732479334,0.1111111119389534,0.08850561082363129,0.8395061728395061,5.960464477539063e-08,0.0,0.0,,cfg02_G3_D32,1.8739664049935527,cuda
evaluation,548,376,Warm A,0.007217986509203911,0.111111119389534,0.08375833928585052,0.9135802469135802,1.7881393432617188e-07,0.2367529422044754,0.4397236406803131,,cfg02_G3_D32,1.8739664049935527,cuda
evaluation,548,376,Warm B,0.008928068913519382,0.1111111119389534,0.1072913184762001,0.8518518518518519,1.1920928955078125e-07,0.40524688363075256,0.2818252742290497,,cfg02_G3_D32,1.8739664049935527,cuda
evaluation,548,376,Warm C,0.007714690174907446,0.1111111119389534,0.11110921204090118,0.8024691358024691,2.384185791015625e-07,0.4341880679130554,0.30756011605262756,,cfg02_G3_D32,1.8739664049935527,cuda
evaluation,549,377,Cold,0.0037438375875353813,0.1111111119389534,0.09282943606376648,0.8888888888888888,1.1920928955078125e-07,0.0,0.0,,cfg02_G3_D32,1.8739664049935527,cuda
evaluation,549,377,Warm A,0.005786010064184666,0.1111111119389534,0.07484931498765945,0.9382716049382716,1.1920928955078125e-07,0.23160088062286377,0.6016166806221008,,cfg02_G3_D32,1.8739664049935527,cuda
evaluation,549,377,Warm B,0.003353186883032322,0.1111110970377922,0.09431252628564835,0.8765432098765432,1.1920928955078125e-07,0.2282065749168396,0.5890283584594727,,cfg02_G3_D32,1.8739664049935527,cuda
evaluation,549,377,Warm C,0.004853240679949522,0.1111110970377922,0.08203649520874023,0.9259259259259259,2.384185791015625e-07,0.33951878547668457,0.6928370594978333,,cfg02_G3_D32,1.8739664049935527,cuda
evaluation,550,378,Cold,0.0038988259620964527,0.111111119389534,0.08784689009189606,0.9012345679012346,1.1920928955078125e-07,0.0,0.0,,cfg02_G3_D32,1.8739664049935527,cuda
evaluation,550,378,Warm A,0.006814083084464073,0.1111111119389534,0.07533875852823257,0.9506172839506173,1.1920928955078125e-07,0.22800086438655853,0.581896185874939,,cfg02_G3_D32,1.8739664049935527,cuda
evaluation,550,378,Warm B,0.00959165208041668,0.1111111119389534,0.08982537686824799,0.8765432098765432,1.1920928955078125e-07,0.3749760389328003,0.6094634532928467,,cfg02_G3_D32,1.8739664049935527,cuda
evaluation,550,378,Warm C,0.009048620238900185,0.1111111119389534,0.08865100145339966,0.9135802469135802,1.1920928955078125e-07,0.46289074420928955,0.6032136082649231,,cfg02_G3_D32,1.8739664049935527,cuda
evaluation,556,383,Cold,0.0033540448639541864,0.1111111119389534,0.08540962636470795,0.9259259259259259,2.384185791015625e-07,0.0,0.0,,cfg02_G3_D32,1.8739664049935527,cuda
evaluation,556,383,Warm A,0.0023866177070885897,0.1111111119389534,0.10796617716550827,0.7901234567901234,1.1920928955078125e-07,0.2427426427602768,0.3794344663619995,,cfg02_G3_D32,1.8739664049935527,cuda
evaluation,556,383,Warm B,0.00284847104921937,0.111111119389534,0.12296850979328156,0.7160493827160493,1.7881393432617188e-07,0.42146027088165283,0.386362761259079,,cfg02_G3_D32,1.8739664049935527,cuda
evaluation,556,383,Warm C,0.0026525682769715786,0.1111111119389534,0.12025775760412216,0.7283950617283951,1.1920928955078125e-07,0.48141416907310486,0.4040820300579071,,cfg02_G3_D32,1.8739664049935527,cuda
evaluation,558,384,Cold,0.003626038320362568,0.1111111119389534,0.08404902368783951,0.8888888888888888,1.7881393432617188e-07,0.0,0.0,,cfg02_G3_D32,1.8739664049935527,cuda
evaluation,558,384,Warm A,0.005293447524309158,0.1111111119389534,0.07689511775970459,0.9382716049382716,1.7881393432617188e-07,0.2417142689228058,0.6707808375358582,,cfg02_G3_D32,1.8739664049935527,cuda
evaluation,558,384,Warm B,0.00760900741443038,0.1111111119389534,0.08900924026966095,0.9012345679012346,1.1920928955078125e-07,0.3609510660171509,0.3919801712036133,,cfg02_G3_D32,1.8739664049935527,cuda
evaluation,558,384,Warm C,0.010623863898217678,0.1111111119389534,0.11441750079393387,0.7654320987654321,1.7881393432617188e-07,0.5077917575836182,0.6066223978996277,,cfg02_G3_D32,1.8739664049935527,cuda
evaluation,565,386,Cold,0.003186265006661415,0.111111119389534,0.07527494430541992,0.9629629629629629,1.7881393432617188e-07,0.0,0.0,,cfg02_G3_D32,1.8739664049935527,cuda
evaluation,565,386,Warm A,0.006681888829916716,0.1111111119389534,0.06868573278188705,0.9506172839506173,1.1920928955078125e-07,0.2388540357351303,0.6529222726821899,,cfg02_G3_D32,1.8739664049935527,cuda
evaluation,565,386,Warm B,0.006557360291481018,0.1111111119389534,0.06706351041793823,0.9629629629629629,2.384185791015625e-07,0.26166149973869324,0.5259271264076233,,cfg02_G3_D32,1.8739664049935527,cuda
evaluation,565,386,Warm C,0.003713347250595689,0.1111111119389534,0.07720747590065002,0.9012345679012346,1.7881393432617188e-07,0.3766147196292877,0.643946647644043,,cfg02_G3_D32,1.8739664049935527,cuda
evaluation,569,387,Cold,0.0032387343235313892,0.1111111119389534,0.08291903138160706,0.9259259259259259,2.384185791015625e-07,0.0,0.0,,cfg02_G3_D32,1.8739664049935527,cuda
evaluation,569,387,Warm A,0.005939160473644733,0.1111111119389534,0.07039663940668106,0.9506172839506173,2.384185791015625e-07,0.23759713768959045,0.42462560534477234,,cfg02_G3_D32,1.8739664049935527,cuda
evaluation,569,387,Warm B,0.007657382171601057,0.1111111119389534,0.08242631703615189,0.9012345679012346,1.7881393432617188e-07,0.36766955256462097,0.478916734457016,,cfg02_G3_D32,1.8739664049935527,cuda
evaluation,569,387,Warm C,0.009209278970956802,0.1111111119389534,0.10348013788461685,0.8148148148148148,1.1920928955078125e-07,0.41333508491516113,0.45238372683525085,,cfg02_G3_D32,1.8739664049935527,cuda
evaluation,574,388,Cold,0.004394208081066608,0.1111111119389534,0.09313638508319855,0.8641975308641975,1.1920928955078125e-07,0.0,0.0,,cfg02_G3_D32,1.8739664049935527,cuda
evaluation,574,388,Warm A,0.006620463915169239,0.111111119389534,0.0789095088839531,0.9259259259259259,1.1920928955078125e-07,0.20973142981529236,0.6722642779350281,,cfg02_G3_D32,1.8739664049935527,cuda
evaluation,574,388,Warm B,0.006029348820447922,0.1111111119389534,0.08641567826271057,0.9382716049382716,1.1920928955078125e-07,0.34502023458480835,0.6981620192527771,,cfg02_G3_D32,1.8739664049935527,cuda
evaluation,574,388,Warm C,0.005337023641914129,0.1111111119389534,0.1065584272146225,0.8148148148148148,2.384185791015625e-07,0.36838918924331665,0.6457816958427429,,cfg02_G3_D32,1.8739664049935527,cuda
evaluation,575,389,Cold,0.0033687124960124493,0.1111110970377922,0.08201051503419876,0.9135802469135802,2.384185791015625e-07,0.0,0.0,,cfg02_G3_D32,1.8739664049935527,cuda
evaluation,575,389,Warm A,0.006465575657784939,0.111111119389534,0.07516276836395264,0.9259259259259259,1.1920928955078125e-07,0.23671142756938934,0.5224598050117493,,cfg02_G3_D32,1.8739664049935527,cuda
evaluation,575,389,Warm B,0.007904560305178165,0.1111110970377922,0.08532176166772842,0.9259259259259259,1.7881393432617188e-07,0.4004140794277191,0.610865592956543,,cfg02_G3_D32,1.8739664049935527,cuda
evaluation,575,389,Warm C,0.005510468035936356,0.1111111119389534,0.08299791067838669,0.9259259259259259,1.7881393432617188e-07,0.47612401843070984,0.565985381603241,,cfg02_G3_D32,1.8739664049935527,cuda
evaluation,580,390,Cold,0.004576405510306358,0.1111111119389534,0.10003898292779922,0.8148148148148148,2.384185791015625e-07,0.0,0.0,,cfg02_G3_D32,1.8739664049935527,cuda
evaluation,580,390,Warm A,0.0060343132354319096,0.1111111119389534,0.08771278709173203,0.8641975308641975,1.1920928955078125e-07,0.24464847147464752,0.6215435862541199,,cfg02_G3_D32,1.8739664049935527,cuda
evaluation,580,390,Warm B,0.006535370368510485,0.1111111119389534,0.08163899928331375,0.9135802469135802,1.1920928955078125e-07,0.3475712239742279,0.6318404078483582,,cfg02_G3_D32,1.8739664049935527,cuda
evaluation,580,390,Warm C,0.006272279191762209,0.1111111119389534,0.08314850926399231,0.9012345679012346,1.1920928955078125e-07,0.4182475507259369,0.5775137543678284,,cfg02_G3_D32,1.8739664049935527,cuda
evaluation,581,391,Cold,0.0037488588131964207,0.111111119389534,0.09068292379379272,0.9012345679012346,2.384185791015625e-07,0.0,0.0,,cfg02_G3_D32,1.8739664049935527,cuda
evaluation,581,391,Warm A,0.003041459247469902,0.1111110970377922,0.1126563549041748,0.7901234567901234,2.384185791015625e-07,0.24782626330852509,0.39603403210639954,,cfg02_G3_D32,1.8739664049935527,cuda
evaluation,581,391,Warm B,0.0014751243870705366,0.1111111119389534,0.1335299015045166,0.6666666666666666,2.384185791015625e-07,0.45786768198013306,0.31656551361083984,,cfg02_G3_D32,1.8739664049935527,cuda
evaluation,581,391,Warm C,0.004367531277239323,0.111111119389534,0.11355482786893845,0.7777777777777778,1.7881393432617188e-07,0.33508896827697754,0.6880316138267517,,cfg02_G3_D32,1.8739664049935527,cuda
evaluation,606,406,Cold,0.002779429778456688,0.1111111119389534,0.07574985921382904,0.9506172839506173,1.1920928955078125e-07,0.0,0.0,,cfg02_G3_D32,1.8739664049935527,cuda
evaluation,606,406,Warm A,0.0043492005206644535,0.1111111119389534,0.06971673667430878,0.9506172839506173,1.1920928955078125e-07,0.24269302189350128,0.43660569190979004,,cfg02_G3_D32,1.8739664049935527,cuda
evaluation,606,406,Warm B,0.007551256567239761,0.1111111119389534,0.09907300025224686,0.8888888888888888,1.1920928955078125e-07,0.4190155565738678,0.33576878905296326,,cfg02_G3_D32,1.8739664049935527,cuda
evaluation,606,406,Warm C,0.011373750865459442,0.1111111119389534,0.12772755324840546,0.7160493827160493,1.7881393432617188e-07,0.46912580728530884,0.1888313740491867,,cfg02_G3_D32,1.8739664049935527,cuda
evaluation,609,408,Cold,0.0035540093667805195,0.111111119389534,0.07859256118535995,0.9259259259259259,1.1920928955078125e-07,0.0,0.0,,cfg02_G3_D32,1.8739664049935527,cuda
evaluation,609,408,Warm A,0.006448813248425722,0.111111119389534,0.0744173601269722,0.9382716049382716,1.1920928955078125e-07,0.24198581278324127,0.6408054232597351,,cfg02_G3_D32,1.8739664049935527,cuda
evaluation,609,408,Warm B,0.00857584085315466,0.111111119389534,0.09756762534379959,0.9135802469135802,1.7881393432617188e-07,0.30922889709472656,0.35411497950553894,,cfg02_G3_D32,1.8739664049935527,cuda
evaluation,609,408,Warm C,0.00788919162005186,0.1111111119389534,0.07594811171293259,0.9135802469135802,1.1920928955078125e-07,0.3053606450557709,0.7268937826156616,,cfg02_G3_D32,1.8739664049935527,cuda
evaluation,612,411,Cold,0.004204106982797384,0.111111119389534,0.09116972237825394,0.9012345679012346,1.1920928955078125e-07,0.0,0.0,,cfg02_G3_D32,1.8739664049935527,cuda
evaluation,612,411,Warm A,0.006121574901044369,0.1111111119389534,0.07604173570871353,0.9506172839506173,1.1920928955078125e-07,0.23939736187458038,0.6031512022018433,,cfg02_G3_D32,1.8739664049935527,cuda
evaluation,612,411,Warm B,0.00794283114373684,0.1111111119389534,0.09089833498001099,0.8888888888888888,1.1920928955078125e-07,0.36216193437576294,0.390523761510849,,cfg02_G3_D32,1.8739664049935527,cuda
evaluation,612,411,Warm C,0.010515009984374046,0.1111111119389534,0.11777723580598831,0.7777777777777778,2.384185791015625e-07,0.4910377264022827,0.2800154387950897,,cfg02_G3_D32,1.8739664049935527,cuda
evaluation,613,412,Cold,0.003498641774058342,0.1111110970377922,0.08218324184417725,0.9259259259259259,2.384185791015625e-07,0.0,0.0,,cfg02_G3_D32,1.8739664049935527,cuda
evaluation,613,412,Warm A,0.002110949717462063,0.1111111119389534,0.10090047866106033,0.8024691358024691,1.1920928955078125e-07,0.23551973700523376,0.48920926451683044,,cfg02_G3_D32,1.8739664049935527,cuda
evaluation,613,412,Warm B,0.003538299584761262,0.1111111119389534,0.07821831107139587,0.9259259259259259,2.384185791015625e-07,0.29991284012794495,0.6307470202445984,,cfg02_G3_D32,1.8739664049935527,cuda
evaluation,613,412,Warm C,0.004891545046120882,0.111111119389534,0.09484230726957321,0.8518518518518519,2.384185791015625e-07,0.4263649880886078,0.4409613609313965,,cfg02_G3_D32,1.8739664049935527,cuda
evaluation,615,413,Cold,0.005122376140207052,0.1111111119389534,0.10491412878036499,0.8395061728395061,2.384185791015625e-07,0.0,0.0,,cfg02_G3_D32,1.8739664049935527,cuda
evaluation,615,413,Warm A,0.004362952895462513,0.1111111119389534,0.11713548004627228,0.8024691358024691,2.980232238769531e-07,0.24155017733573914,0.5565287470817566,,cfg02_G3_D32,1.8739664049935527,cuda
evaluation,615,413,Warm B,0.0024092383682727814,0.1111110970377922,0.10658034682273865,0.8271604938271605,1.1920928955078125e-07,0.3468599319458008,0.49907445907592773,,cfg02_G3_D32,1.8739664049935527,cuda
evaluation,615,413,Warm C,0.003925551660358906,0.1111110970377922,0.11970329284667969,0.7654320987654321,1.7881393432617188e-07,0.36939629912376404,0.2780812382698059,,cfg02_G3_D32,1.8739664049935527,cuda
evaluation,627,415,Cold,0.004806788172572851,0.1111111119389534,0.0904957577586174,0.8641975308641975,1.1920928955078125e-07,0.0,0.0,,cfg02_G3_D32,1.8739664049935527,cuda
evaluation,627,415,Warm A,0.004667884204536676,0.111111119389534,0.10127761960029602,0.8024691358024691,1.1920928955078125e-07,0.20929674804210663,0.5555452704429626,,cfg02_G3_D32,1.8739664049935527,cuda
evaluation,627,415,Warm B,0.00856089312583208,0.1111111119389534,0.08043830841779709,0.9012345679012346,1.1920928955078125e-07,0.28826552629470825,0.6179717183113098,,cfg02_G3_D32,1.8739664049935527,cuda
evaluation,627,415,Warm C,0.005482724867761135,0.1111111119389534,0.10168004035949707,0.8148148148148148,2.384185791015625e-07,0.317150354385376,0.5026389360427856,,cfg02_G3_D32,1.8739664049935527,cuda
evaluation,631,417,Cold,0.00237183622084558,0.1111110970377922,0.06668295711278915,0.9876543209876543,2.384185791015625e-07,0.0,0.0,,cfg02_G3_D32,1.8739664049935527,cuda
evaluation,631,417,Warm A,0.0038440702483057976,0.1111111119389534,0.06948456913232803,0.9876543209876543,1.1920928955078125e-07,0.24768657982349396,0.6088462471961975,,cfg02_G3_D32,1.8739664049935527,cuda
evaluation,631,417,Warm B,0.007394174579530954,0.1111111119389534,0.09900812804698944,0.9012345679012346,1.1920928955078125e-07,0.3946317434310913,0.3856768310070038,,cfg02_G3_D32,1.8739664049935527,cuda
evaluation,631,417,Warm C,0.011020882986485958,0.1111111119389534,0.12582619488239288,0.7037037037037037,2.384185791015625e-07,0.4890517294406891,0.1718008816242218,,cfg02_G3_D32,1.8739664049935527,cuda
evaluation,635,418,Cold,0.0037643827963620424,0.1111111119389534,0.08589207381010056,0.9259259259259259,2.384185791015625e-07,0.0,0.0,,cfg02_G3_D32,1.8739664049935527,cuda
evaluation,635,418,Warm A,0.004252125509083271,0.1111111119389534,0.08228085190057755,0.9012345679012346,1.1920928955078125e-07,0.22546979784965515,0.6029288172721863,,cfg02_G3_D32,1.8739664049935527,cuda
evaluation,635,418,Warm B,0.004082708153873682,0.1111111119389534,0.09705866873264313,0.8888888888888888,1.1920928955078125e-07,0.3579402565956116,0.601922333240509,,cfg02_G3_D32,1.8739664049935527,cuda
evaluation,635,418,Warm C,0.003961092792451382,0.1111111119389534,0.07979842275381088,0.9259259259259259,2.384185791015625e-07,0.47702929377555847,0.6593457460403442,,cfg02_G3_D32,1.8739664049935527,cuda
evaluation,637,419,Cold,0.004230506252497435,0.1111111119389534,0.09127213060855865,0.9012345679012346,1.1920928955078125e-07,0.0,0.0,,cfg02_G3_D32,1.8739664049935527,cuda
evaluation,637,419,Warm A,0.0062731592915952206,0.1111111119389534,0.07468714565038681,0.9629629629629629,1.1920928955078125e-07,0.2401108592748642,0.609733521938324,,cfg02_G3_D32,1.8739664049935527,cuda
evaluation,637,419,Warm B,0.007945278659462929,0.1111111119389534,0.08678048849105835,0.9135802469135802,1.1920928955078125e-07,0.4499910771846771,0.39030247926712036,,cfg02_G3_D32,1.8739664049935527,cuda
evaluation,637,419,Warm C,0.006711181253194809,0.1111111119389534,0.07555489987134933,0.9629629629629629,1.1920928955078125e-07,0.27853700518608093,0.5118805766105652,,cfg02_G3_D32,1.8739664049935527,cuda
evaluation,639,420,Cold,0.0037169603165239096,0.1111111119389534,0.0851537212729454,0.9135802469135802,1.1920928955078125e-07,0.0,0.0,,cfg02_G3_D32,1.8739664049935527,cuda
evaluation,639,420,Warm A,0.006318566855043173,0.1111110970377922,0.07131670415401459,0.9506172839506173,1.7881393432617188e-07,0.23216719925403595,0.4695819914340973,,cfg02_G3_D32,1.8739664049935527,cuda
evaluation,639,420,Warm B,0.008012632839381695,0.111111119389534,0.07667246460914612,0.9506172839506173,2.980232238769531e-07,0.2997143864631653,0.7048439383506775,,cfg02_G3_D32,1.8739664049935527,cuda
evaluation,639,420,Warm C,0.006600179709494114,0.1111111119389534,0.08331651985645294,0.9382716049382716,2.384185791015625e-07,0.41317108273506165,0.5322400331497192,,cfg02_G3_D32,1.8739664049935527,cuda
evaluation,640,421,Cold,0.004801332019269466,0.1111111119389534,0.09512726962566376,0.8395061728395061,2.384185791015625e-07,0.0,0.0,,cfg02_G3_D32,1.8739664049935527,cuda
evaluation,640,421,Warm A,0.009014942683279514,0.1111110970377922,0.0804489329457283,0.9012345679012346,1.7881393432617188e-07,0.2565157115459442,0.41831761598587036,,cfg02_G3_D32,1.8739664049935527,cuda
evaluation,640,421,Warm B,0.011975501663982868,0.1111110970377922,0.09602877497673035,0.8395061728395061,1.1920928955078125e-07,0.40346530079841614,0.3684142231941223,,cfg02_G3_D32,1.8739664049935527,cuda
evaluation,640,421,Warm C,0.013949383981525898,0.1111111119389534,0.11706726253032684,0.7654320987654321,1.1920928955078125e-07,0.5431486368179321,0.4394581913948059,,cfg02_G3_D32,1.8739664049935527,cuda
evaluation,650,424,Cold,0.00439858715981245,0.1111111119389534,0.09447068721055984,0.8765432098765432,1.1920928955078125e-07,0.0,0.0,,cfg02_G3_D32,1.8739664049935527,cuda
evaluation,650,424,Warm A,0.005291417241096497,0.1111111119389534,0.10504306107759476,0.8395061728395061,2.384185791015625e-07,0.22205525636672974,0.5994722247123718,,cfg02_G3_D32,1.8739664049935527,cuda
evaluation,650,424,Warm B,0.005649988539516926,0.111111119389534,0.08956874161958694,0.8888888888888888,2.384185791015625e-07,0.31928548216819763,0.7277244925498962,,cfg02_G3_D32,1.8739664049935527,cuda
evaluation,650,424,Warm C,0.005151507444679737,0.1111111119389534,0.08942460268735886,0.8888888888888888,1.1920928955078125e-07,0.41725772619247437,0.6371034383773804,,cfg02_G3_D32,1.8739664049935527,cuda
evaluation,662,427,Cold,0.004922692198306322,0.1111111119389534,0.09612619876861572,0.8395061728395061,2.384185791015625e-07,0.0,0.0,,cfg02_G3_D32,1.8739664049935527,cuda
evaluation,662,427,Warm A,0.008431842550635338,0.1111111119389534,0.08145301789045334,0.8641975308641975,1.1920928955078125e-07,0.22492165863513947,0.6829763054847717,,cfg02_G3_D32,1.8739664049935527,cuda
evaluation,662,427,Warm B,0.0126005494967103,0.1111111119389534,0.08511901646852493,0.8518518518518519,2.384185791015625e-07,0.36684349179267883,0.48314568400382996,,cfg02_G3_D32,1.8739664049935527,cuda
evaluation,662,427,Warm C,0.01567109487950802,0.1111110970377922,0.10032334923744202,0.7901234567901234,1.1920928955078125e-07,0.49907898902893066,0.39425310492515564,,cfg02_G3_D32,1.8739664049935527,cuda
evaluation,680,433,Cold,0.006438128184527159,0.1111111119389534,0.10340001434087753,0.7777777777777778,2.384185791015625e-07,0.0,0.0,,cfg02_G3_D32,1.8739664049935527,cuda
evaluation,680,433,Warm A,0.009016294963657856,0.1111111119389534,0.10379424691200256,0.8024691358024691,2.384185791015625e-07,0.2305414378643036,0.558492124080658,,cfg02_G3_D32,1.8739664049935527,cuda
evaluation,680,433,Warm B,0.010993910022079945,0.1111111119389534,0.1085393875837326,0.7407407407407407,1.1920928955078125e-07,0.33676883578300476,0.7331702709197998,,cfg02_G3_D32,1.8739664049935527,cuda
evaluation,680,433,Warm C,0.006147986743599176,0.1111111119389534,0.10032407194375992,0.7777777777777778,1.7881393432617188e-07,0.4118046760559082,0.9228658676147461,,cfg02_G3_D32,1.8739664049935527,cuda
evaluation,691,435,Cold,0.0035859893541783094,0.1111110970377922,0.08313575387001038,0.9259259259259259,1.7881393432617188e-07,0.0,0.0,,cfg02_G3_D32,1.8739664049935527,cuda
evaluation,691,435,Warm A,0.006178632844239473,0.111111119389534,0.0661466121673584,0.9506172839506173,1.1920928955078125e-07,0.23100006580352783,0.5901028513908386,,cfg02_G3_D32,1.8739664049935527,cuda
evaluation,691,435,Warm B,0.007538380566984415,0.1111111119389534,0.08704327046871185,0.9012345679012346,1.1920928955078125e-07,0.3675636947154999,0.4159718453884125,,cfg02_G3_D32,1.8739664049935527,cuda
evaluation,691,435,Warm C,0.006004347000271082,0.1111111119389534,0.06983782351016998,0.9382716049382716,1.7881393432617188e-07,0.44898706674575806,0.5663569569587708,,cfg02_G3_D32,1.8739664049935527,cuda
evaluation,692,436,Cold,0.004463735036551952,0.1111111119389534,0.08876689523458481,0.8641975308641975,2.384185791015625e-07,0.0,0.0,,cfg02_G3_D32,1.8739664049935527,cuda
evaluation,692,436,Warm A,0.006870227865874767,0.1111111119389534,0.08057644218206406,0.9135802469135802,1.7881393432617188e-07,0.2502622902393341,0.6478323936462402,,cfg02_G3_D32,1.8739664049935527,cuda
evaluation,692,436,Warm B,0.00906595028936863,0.1111111119389534,0.10025852173566818,0.8024691358024691,1.1920928955078125e-07,0.4670443534851074,0.4008757770061493,,cfg02_G3_D32,1.8739664049935527,cuda
evaluation,692,436,Warm C,0.011063087731599808,0.1111111119389534,0.12397775799036026,0.7283950617283951,1.1920928955078125e-07,0.6723036170005798,0.22463300824165344,,cfg02_G3_D32,1.8739664049935527,cuda
evaluation,694,437,Cold,0.004465509206056595,0.1111111119389534,0.08787760138511658,0.8395061728395061,1.1920928955078125e-07,0.0,0.0,,cfg02_G3_D32,1.8739664049935527,cuda
evaluation,694,437,Warm A,0.008670222945511341,0.1111111119389534,0.08275550603866577,0.9382716049382716,1.1920928955078125e-07,0.24599969387054443,0.5360549092292786,,cfg02_G3_D32,1.8739664049935527,cuda
evaluation,694,437,Warm B,0.011240425519645214,0.1111111119389534,0.10337519645690918,0.8395061728395061,2.980232238769531e-07,0.33541882038116455,0.26238560676574707,,cfg02_G3_D32,1.8739664049935527,cuda
evaluation,694,437,Warm C,0.010121175087988377,0.111111119389534,0.08730469644069672,0.9259259259259259,2.384185791015625e-07,0.44781842827796936,0.422147274017334,,cfg02_G3_D32,1.8739664049935527,cuda
evaluation,695,438,Cold,0.005250365473330021,0.1111111119389534,0.09514623135328293,0.8271604938271605,1.1920928955078125e-07,0.0,0.0,,cfg02_G3_D32,1.8739664049935527,cuda
evaluation,695,438,Warm A,0.00673808716237545,0.111111119389534,0.09648024290800095,0.8271604938271605,2.384185791015625e-07,0.22418096661567688,0.6675024032592773,,cfg02_G3_D32,1.8739664049935527,cuda
evaluation,695,438,Warm B,0.010131711140275002,0.1111111119389534,0.08448408544063568,0.8888888888888888,1.1920928955078125e-07,0.32786449790000916,0.4528296887874603,,cfg02_G3_D32,1.8739664049935527,cuda
evaluation,695,438,Warm C,0.010071615688502789,0.1111111119389534,0.08556197583675385,0.8765432098765432,2.384185791015625e-07,0.4516122043132782,0.4834901988506317,,cfg02_G3_D32,1.8739664049935527,cuda
evaluation,697,439,Cold,0.004039024468511343,0.111111119389534,0.08990306407213211,0.9012345679012346,2.384185791015625e-07,0.0,0.0,,cfg02_G3_D32,1.8739664049935527,cuda
evaluation,697,439,Warm A,0.0068022748455405235,0.1111110970377922,0.07357941567897797,0.9506172839506173,1.1920928955078125e-07,0.25677433609962463,0.5303690433502197,,cfg02_G3_D32,1.8739664049935527,cuda
evaluation,697,439,Warm B,0.010263661853969097,0.1111110970377922,0.08763359487056732,0.8888888888888888,1.1920928955078125e-07,0.3845740258693695,0.563768208026886,,cfg02_G3_D32,1.8739664049935527,cuda
evaluation,697,439,Warm C,0.012355527840554714,0.1111111119389534,0.11482761055231094,0.8271604938271605,2.980232238769531e-07,0.524796187877655,0.3010384440422058,,cfg02_G3_D32,1.8739664049935527,cuda
evaluation,700,440,Cold,0.004183536861091852,0.1111110970377922,0.08711539953947067,0.9012345679012346,2.384185791015625e-07,0.0,0.0,,cfg02_G3_D32,1.8739664049935527,cuda
evaluation,700,440,Warm A,0.0072439564391970634,0.1111110970377922,0.07484251260757446,0.9506172839506173,5.960464477539063e-08,0.21134786307811737,0.6587387919425964,,cfg02_G3_D32,1.8739664049935527,cuda
evaluation,700,440,Warm B,0.007871873676776886,0.1111110970377922,0.07417011260986328,0.9753086419753086,1.1920928955078125e-07,0.2971942722797394,0.5833765864372253,,cfg02_G3_D32,1.8739664049935527,cuda
evaluation,700,440,Warm C,0.004366980399936438,0.1111111119389534,0.08591708540916443,0.9382716049382716,3.5762786865234375e-07,0.3651811480522156,0.5662208795547485,,cfg02_G3_D32,1.8739664049935527,cuda
evaluation,709,443,Cold,0.0030693577136844397,0.1111111119389534,0.08047991991043091,0.9259259259259259,1.7881393432617188e-07,0.0,0.0,,cfg02_G3_D32,1.8739664049935527,cuda
evaluation,709,443,Warm A,0.006052153650671244,0.1111111119389534,0.0704323947429657,0.9876543209876543,1.1920928955078125e-07,0.2392173558473587,0.5178009867668152,,cfg02_G3_D32,1.8739664049935527,cuda
evaluation,709,443,Warm B,0.009132718667387962,0.1111110970377922,0.09274577349424362,0.8765432098765432,2.384185791015625e-07,0.4084867238998413,0.3581106662750244,,cfg02_G3_D32,1.8739664049935527,cuda
evaluation,709,443,Warm C,0.006317535415291786,0.111111119389534,0.07207537442445755,0.9753086419753086,2.384185791015625e-07,0.4294315576553345,0.6406385898590088,,cfg02_G3_D32,1.8739664049935527,cuda
evaluation,711,444,Cold,0.0036854029167443514,0.1111111119389534,0.08347202837467194,0.8888888888888888,2.384185791015625e-07,0.0,0.0,,cfg02_G3_D32,1.8739664049935527,cuda
evaluation,711,444,Warm A,0.007150708232074976,0.1111111119389534,0.07256191223859787,0.9629629629629629,1.1920928955078125e-07,0.23704758286476135,0.48350492119789124,,cfg02_G3_D32,1.8739664049935527,cuda
evaluation,711,444,Warm B,0.009888090193271637,0.1111111119389534,0.09511828422546387,0.8765432098765432,1.1920928955078125e-07,0.3978786766529083,0.3185553252696991,,cfg02_G3_D32,1.8739664049935527,cuda
evaluation,711,444,Warm C,0.013485745526850224,0.1111111119389534,0.12282694876194,0.7283950617283951,1.1920928955078125e-07,0.5592798590660095,0.35913026332855225,,cfg02_G3_D32,1.8739664049935527,cuda
evaluation,714,445,Cold,0.003431308316066861,0.1111111119389534,0.07793912291526794,0.9382716049382716,2.384185791015625e-07,0.0,0.0,,cfg02_G3_D32,1.8739664049935527,cuda
evaluation,714,445,Warm A,0.0024685338139533997,0.1111111119389534,0.10236722230911255,0.8024691358024691,2.384185791015625e-07,0.2373061627149582,0.5889314413070679,,cfg02_G3_D32,1.8739664049935527,cuda
evaluation,714,445,Warm B,0.0005523419240489602,0.1111110970377922,0.10505309700965881,0.8148148148148148,2.384185791015625e-07,0.3671499788761139,0.6091252565383911,,cfg02_G3_D32,1.8739664049935527,cuda
evaluation,714,445,Warm C,-0.002369072986766696,0.111111119389534,0.11776555329561234,0.7407407407407407,2.384185791015625e-07,0.5114403367042542,0.6667793989181519,,cfg02_G3_D32,1.8739664049935527,cuda
evaluation,725,449,Cold,0.003916591871529818,0.1111110970377922,0.08806445449590683,0.9012345679012346,1.7881393432617188e-07,0.0,0.0,,cfg02_G3_D32,1.8739664049935527,cuda
evaluation,725,449,Warm A,0.00588343245908618,0.1111111119389534,0.07571284472942352,0.9629629629629629,1.1920928955078125e-07,0.23326575756072998,0.5294644236564636,,cfg02_G3_D32,1.8739664049935527,cuda
evaluation,725,449,Warm B,0.007271353621035814,0.1111111119389534,0.09124114364385605,0.9135802469135802,1.1920928955078125e-07,0.3846697211265564,0.5000708699226379,,cfg02_G3_D32,1.8739664049935527,cuda
evaluation,725,449,Warm C,0.006161848548799753,0.1111111119389534,0.07997826486825943,0.9259259259259259,5.960464477539063e-08,0.49605798721313477,0.661080002784729,,cfg02_G3_D32,1.8739664049935527,cuda
evaluation,735,452,Cold,0.0034165282268077135,0.1111111119389534,0.08292429149150848,0.9382716049382716,1.7881393432617188e-07,0.0,0.0,,cfg02_G3_D32,1.8739664049935527,cuda
evaluation,735,452,Warm A,0.004205058794468641,0.111111119389534,0.07270599901676178,0.9506172839506173,3.5762786865234375e-07,0.21668392419815063,0.5936299562454224,,cfg02_G3_D32,1.8739664049935527,cuda
evaluation,735,452,Warm B,0.004901215434074402,0.1111110970377922,0.07628556340932846,0.9259259259259259,2.384185791015625e-07,0.3088565766811371,0.6928194165229797,,cfg02_G3_D32,1.8739664049935527,cuda
evaluation,735,452,Warm C,0.005303757730871439,0.1111111119389534,0.09854967892169952,0.8765432098765432,1.1920928955078125e-07,0.4767075777053833,0.6840767860412598,,cfg02_G3_D32,1.8739664049935527,cuda
evaluation,742,456,Cold,0.0040524909272789955,0.1111110970377922,0.08791354298591614,0.8888888888888888,1.7881393432617188e-07,0.0,0.0,,cfg02_G3_D32,1.8739664049935527,cuda
evaluation,742,456,Warm A,0.007071911357343197,0.1111111119389534,0.07669435441493988,0.9382716049382716,5.960464477539063e-08,0.23347316682338715,0.5708204507827759,,cfg02_G3_D32,1.8739664049935527,cuda
evaluation,742,456,Warm B,0.00925458688288927,0.111111119389534,0.09401196986436844,0.8641975308641975,2.384185791015625e-07,0.44347915053367615,0.2951368987560272,,cfg02_G3_D32,1.8739664049935527,cuda
evaluation,742,456,Warm C,0.01032958459109068,0.1111111119389534,0.09643585234880447,0.8765432098765432,2.384185791015625e-07,0.45049983263015747,0.3961833417415619,,cfg02_G3_D32,1.8739664049935527,cuda
evaluation,743,457,Cold,0.0036744328681379557,0.1111111119389534,0.08611897379159927,0.9259259259259259,1.1920928955078125e-07,0.0,0.0,,cfg02_G3_D32,1.8739664049935527,cuda
evaluation,743,457,Warm A,0.005332253407686949,0.1111111119389534,0.07252707332372665,0.9629629629629629,1.1920928955078125e-07,0.24356546998023987,0.5465950965881348,,cfg02_G3_D32,1.8739664049935527,cuda
evaluation,743,457,Warm B,0.006357790436595678,0.1111111119389534,0.08897419273853302,0.9382716049382716,1.1920928955078125e-07,0.3942757248878479,0.5170156359672546,,cfg02_G3_D32,1.8739664049935527,cuda
evaluation,743,457,Warm C,0.005562914535403252,0.1111111119389534,0.09732507169246674,0.8765432098765432,1.1920928955078125e-07,0.5564562082290649,0.4464075267314911,,cfg02_G3_D32,1.8739664049935527,cuda
evaluation,761,461,Cold,0.00439744396135211,0.1111111119389534,0.08542940765619278,0.8888888888888888,2.384185791015625e-07,0.0,0.0,,cfg02_G3_D32,1.8739664049935527,cuda
evaluation,761,461,Warm A,0.006830611266195774,0.1111111119389534,0.07467285543680191,0.9259259259259259,1.1920928955078125e-07,0.2291625291109085,0.5612096786499023,,cfg02_G3_D32,1.8739664049935527,cuda
evaluation,761,461,Warm B,0.008967281319200993,0.1111111119389534,0.09128893911838531,0.9012345679012346,2.384185791015625e-07,0.2919541001319885,0.5957733392715454,,cfg02_G3_D32,1.8739664049935527,cuda
evaluation,761,461,Warm C,0.01194792427122593,0.1111111119389534,0.12182451784610748,0.7901234567901234,2.384185791015625e-07,0.4351102113723755,0.2602384388446808,,cfg02_G3_D32,1.8739664049935527,cuda
evaluation,764,463,Cold,0.003319377079606056,0.111111119389534,0.07810888439416885,0.9259259259259259,2.384185791015625e-07,0.0,0.0,,cfg02_G3_D32,1.8739664049935527,cuda
evaluation,764,463,Warm A,0.006354216486215591,0.1111111119389534,0.06809153407812119,0.9753086419753086,1.7881393432617188e-07,0.216694638133049,0.6174162030220032,,cfg02_G3_D32,1.8739664049935527,cuda
evaluation,764,463,Warm B,0.005290379282087088,0.1111111119389534,0.07298435270786285,0.9012345679012346,1.1920928955078125e-07,0.33261585235595703,0.7106345295906067,,cfg02_G3_D32,1.8739664049935527,cuda
evaluation,764,463,Warm C,0.005326994229108095,0.1111111119389534,0.07704640179872513,0.9135802469135802,1.1920928955078125e-07,0.42055875062942505,0.6090162396430969,,cfg02_G3_D32,1.8739664049935527,cuda
evaluation,765,464,Cold,0.003503968706354499,0.11111113429069519,0.07191886007785797,0.9629629629629629,2.384185791015625e-07,0.0,0.0,,cfg02_G3_D32,1.8739664049935527,cuda
evaluation,765,464,Warm A,0.006776510737836361,0.1111111119389534,0.07512809336185455,0.9506172839506173,1.1920928955078125e-07,0.24316546320915222,0.5517653822898865,,cfg02_G3_D32,1.8739664049935527,cuda
evaluation,765,464,Warm B,0.008247444406151772,0.1111111119389534,0.10573475807905197,0.8395061728395061,1.1920928955078125e-07,0.3854018747806549,0.4009888768196106,,cfg02_G3_D32,1.8739664049935527,cuda
evaluation,765,464,Warm C,0.008971702307462692,0.1111111119389534,0.09319788962602615,0.8765432098765432,1.1920928955078125e-07,0.42414242029190063,0.4382661283016205,,cfg02_G3_D32,1.8739664049935527,cuda
evaluation,766,465,Cold,0.004273924045264721,0.1111111119389534,0.09005410224199295,0.8888888888888888,1.1920928955078125e-07,0.0,0.0,,cfg02_G3_D32,1.8739664049935527,cuda
evaluation,766,465,Warm A,0.006950287148356438,0.111111119389534,0.0726594626903534,0.9382716049382716,2.384185791015625e-07,0.2375350296497345,0.5892457962036133,,cfg02_G3_D32,1.8739664049935527,cuda
evaluation,766,465,Warm B,0.006066994741559029,0.1111110970377922,0.08840488642454147,0.8765432098765432,1.1920928955078125e-07,0.2560711205005646,0.8409011960029602,,cfg02_G3_D32,1.8739664049935527,cuda
evaluation,766,465,Warm C,0.007266447879374027,0.111111119389534,0.07157949358224869,0.9506172839506173,1.1920928955078125e-07,0.3526853621006012,0.5396645069122314,,cfg02_G3_D32,1.8739664049935527,cuda
evaluation,781,468,Cold,0.004403699655085802,0.1111110970377922,0.09830630570650101,0.8518518518518519,2.384185791015625e-07,0.0,0.0,,cfg02_G3_D32,1.8739664049935527,cuda
evaluation,781,468,Warm A,0.004743542987853289,0.1111111119389534,0.1006772369146347,0.8395061728395061,1.1920928955078125e-07,0.21568207442760468,0.47360333800315857,,cfg02_G3_D32,1.8739664049935527,cuda
evaluation,781,468,Warm B,0.005973559804260731,0.1111111119389534,0.07779321074485779,0.9382716049382716,1.1920928955078125e-07,0.27404797077178955,0.599906861782074,,cfg02_G3_D32,1.8739664049935527,cuda
evaluation,781,468,Warm C,0.007287655957043171,0.111111119389534,0.07354117929935455,0.9259259259259259,2.384185791015625e-07,0.42918139696121216,0.6368493437767029,,cfg02_G3_D32,1.8739664049935527,cuda
evaluation,782,469,Cold,0.0054160598665475845,0.1111111119389534,0.09712325781583786,0.8271604938271605,1.1920928955078125e-07,0.0,0.0,,cfg02_G3_D32,1.8739664049935527,cuda
evaluation,782,469,Warm A,0.00959545187652111,0.1111110970377922,0.08276453614234924,0.9135802469135802,2.384185791015625e-07,0.24702443182468414,0.5397172570228577,,cfg02_G3_D32,1.8739664049935527,cuda
evaluation,782,469,Warm B,0.012771569192409515,0.1111110970377922,0.09280239790678024,0.8395061728395061,1.7881393432617188e-07,0.4505367577075958,0.3501724898815155,,cfg02_G3_D32,1.8739664049935527,cuda
evaluation,782,469,Warm C,0.014365573413670063,0.1111111119389534,0.09588833898305893,0.8395061728395061,2.384185791015625e-07,0.5064614415168762,0.31763026118278503,,cfg02_G3_D32,1.8739664049935527,cuda
evaluation,801,478,Cold,0.0032895272597670555,0.111111119389534,0.08208794891834259,0.9382716049382716,1.1920928955078125e-07,0.0,0.0,,cfg02_G3_D32,1.8739664049935527,cuda
evaluation,801,478,Warm A,0.004886135458946228,0.1111111119389534,0.06882991641759872,0.9629629629629629,1.1920928955078125e-07,0.22901204228401184,0.6054535508155823,,cfg02_G3_D32,1.8739664049935527,cuda
evaluation,801,478,Warm B,0.0033569629304111004,0.1111110970377922,0.07471351325511932,0.9629629629629629,1.1920928955078125e-07,0.4068957269191742,0.5027050971984863,,cfg02_G3_D32,1.8739664049935527,cuda
evaluation,801,478,Warm C,0.0059814718551933765,0.111111119389534,0.07871472090482712,0.9506172839506173,1.1920928955078125e-07,0.5396672487258911,0.5764673352241516,,cfg02_G3_D32,1.8739664049935527,cuda
evaluation,809,482,Cold,0.004356865771114826,0.1111111119389534,0.08758986741304398,0.8641975308641975,2.384185791015625e-07,0.0,0.0,,cfg02_G3_D32,1.8739664049935527,cuda
evaluation,809,482,Warm A,0.006640744861215353,0.111111119389534,0.08085992187261581,0.9135802469135802,1.1920928955078125e-07,0.2422570437192917,0.5359647870063782,,cfg02_G3_D32,1.8739664049935527,cuda
evaluation,809,482,Warm B,0.0047056833282113075,0.1111111119389534,0.08633465319871902,0.8395061728395061,1.1920928955078125e-07,0.2808513343334198,0.5562286972999573,,cfg02_G3_D32,1.8739664049935527,cuda
evaluation,809,482,Warm C,0.007424415089190006,0.111111119389534,0.08884508162736893,0.8765432098765432,1.1920928955078125e-07,0.39576929807662964,0.4120488166809082,,cfg02_G3_D32,1.8739664049935527,cuda
evaluation,810,483,Cold,0.0031874964479357004,0.1111111119389534,0.08156485855579376,0.9259259259259259,1.1920928955078125e-07,0.0,0.0,,cfg02_G3_D32,1.8739664049935527,cuda
evaluation,810,483,Warm A,0.004465991165488958,0.1111111119389534,0.0705786943435669,0.9382716049382716,1.1920928955078125e-07,0.24490892887115479,0.5450027585029602,,cfg02_G3_D32,1.8739664049935527,cuda
evaluation,810,483,Warm B,0.0064402250573039055,0.1111110970377922,0.09145420789718628,0.9135802469135802,1.1920928955078125e-07,0.46139511466026306,0.3486952483654022,,cfg02_G3_D32,1.8739664049935527,cuda
evaluation,810,483,Warm C,0.009308114647865295,0.111111119389534,0.1159951239824295,0.7407407407407407,1.1920928955078125e-07,0.690005362033844,0.222251757979393,,cfg02_G3_D32,1.8739664049935527,cuda
evaluation,818,484,Cold,0.004115242511034012,0.1111111119389534,0.09005991369485855,0.9012345679012346,2.384185791015625e-07,0.0,0.0,,cfg02_G3_D32,1.8739664049935527,cuda
evaluation,818,484,Warm A,0.006230870261788368,0.1111110970377922,0.07829359173774719,0.9259259259259259,1.1920928955078125e-07,0.24932926893234253,0.7498489618301392,,cfg02_G3_D32,1.8739664049935527,cuda
evaluation,818,484,Warm B,0.008862114511430264,0.111111119389534,0.08723817020654678,0.8641975308641975,1.1920928955078125e-07,0.41526326537132263,0.7260060906410217,,cfg02_G3_D32,1.8739664049935527,cuda
evaluation,818,484,Warm C,0.009317350573837757,0.1111111119389534,0.08796410262584686,0.8518518518518519,1.1920928955078125e-07,0.4990747570991516,0.5698398351669312,,cfg02_G3_D32,1.8739664049935527,cuda
evaluation,829,485,Cold,0.0031553430017083883,0.1111111119389534,0.08128246665000916,0.9259259259259259,1.1920928955078125e-07,0.0,0.0,,cfg02_G3_D32,1.8739664049935527,cuda
evaluation,829,485,Warm A,0.005510934628546238,0.1111111119389534,0.06867529451847076,0.9753086419753086,1.7881393432617188e-07,0.2409193068742752,0.5407711863517761,,cfg02_G3_D32,1.8739664049935527,cuda
evaluation,829,485,Warm B,0.007930757477879524,0.1111111119389534,0.08691699057817459,0.9506172839506173,1.1920928955078125e-07,0.4263160526752472,0.4416670501232147,,cfg02_G3_D32,1.8739664049935527,cuda
evaluation,829,485,Warm C,0.01094010565429926,0.1111111119389534,0.11219628900289536,0.8024691358024691,2.384185791015625e-07,0.6050839424133301,0.47292643785476685,,cfg02_G3_D32,1.8739664049935527,cuda
evaluation,833,488,Cold,0.003839553566649556,0.1111111119389534,0.088395856320858,0.9135802469135802,2.384185791015625e-07,0.0,0.0,,cfg02_G3_D32,1.8739664049935527,cuda
evaluation,833,488,Warm A,0.005261455196887255,0.1111111119389534,0.07181836664676666,0.9629629629629629,1.1920928955078125e-07,0.24999719858169556,0.5042681097984314,,cfg02_G3_D32,1.8739664049935527,cuda
evaluation,833,488,Warm B,0.006984957959502935,0.1111111119389534,0.08726048469543457,0.9259259259259259,1.7881393432617188e-07,0.4207530915737152,0.4164693057537079,,cfg02_G3_D32,1.8739664049935527,cuda
evaluation,833,488,Warm C,0.009667420759797096,0.1111110970377922,0.11207015812397003,0.8024691358024691,2.384185791015625e-07,0.5804921984672546,0.3957645893096924,,cfg02_G3_D32,1.8739664049935527,cuda
evaluation,835,489,Cold,0.004258139990270138,0.1111110970377922,0.09371349960565567,0.8765432098765432,2.384185791015625e-07,0.0,0.0,,cfg02_G3_D32,1.8739664049935527,cuda
evaluation,835,489,Warm A,0.007618627976626158,0.111111119389534,0.0770237073302269,0.9382716049382716,1.1920928955078125e-07,0.2521071434020996,0.5031163096427917,,cfg02_G3_D32,1.8739664049935527,cuda
evaluation,835,489,Warm B,0.01016276516020298,0.1111111119389534,0.08860471844673157,0.8765432098765432,1.1920928955078125e-07,0.39431390166282654,0.5742624998092651,,cfg02_G3_D32,1.8739664049935527,cuda
evaluation,835,489,Warm C,0.007127480115741491,0.1111110970377922,0.08092358708381653,0.9506172839506173,1.7881393432617188e-07,0.3002944886684418,0.6490620970726013,,cfg02_G3_D32,1.8739664049935527,cuda
evaluation,839,493,Cold,0.004573379643261433,0.1111111119389534,0.08551996201276779,0.8641975308641975,1.1920928955078125e-07,0.0,0.0,,cfg02_G3_D32,1.8739664049935527,cuda
evaluation,839,493,Warm A,0.00658771675080061,0.111111119389534,0.0795726478099823,0.9382716049382716,2.384185791015625e-07,0.23295722901821136,0.4769902229309082,,cfg02_G3_D32,1.8739664049935527,cuda
evaluation,839,493,Warm B,0.008514847606420517,0.1111111119389534,0.10451185703277588,0.8641975308641975,2.384185791015625e-07,0.39505767822265625,0.4329705238342285,,cfg02_G3_D32,1.8739664049935527,cuda
evaluation,839,493,Warm C,0.006097166333347559,0.1111110970377922,0.10124494135379791,0.8271604938271605,1.1920928955078125e-07,0.49596309661865234,0.5247213244438171,,cfg02_G3_D32,1.8739664049935527,cuda
evaluation,842,494,Cold,0.0028826575726270676,0.1111111119389534,0.07812720537185669,0.9506172839506173,2.384185791015625e-07,0.0,0.0,,cfg02_G3_D32,1.8739664049935527,cuda
evaluation,842,494,Warm A,0.004256194923073053,0.1111110970377922,0.07112317532300949,0.9382716049382716,2.384185791015625e-07,0.230821892619133,0.4585581421852112,,cfg02_G3_D32,1.8739664049935527,cuda
evaluation,842,494,Warm B,0.005469540599733591,0.111111119389534,0.0800507664680481,0.9259259259259259,2.384185791015625e-07,0.2521265149116516,0.48042502999305725,,cfg02_G3_D32,1.8739664049935527,cuda
evaluation,842,494,Warm C,0.0019587273709475994,0.1111111119389534,0.06899766623973846,0.9506172839506173,2.384185791015625e-07,0.2741771936416626,0.4551357328891754,,cfg02_G3_D32,1.8739664049935527,cuda
evaluation,848,495,Cold,0.004462772980332375,0.111111119389534,0.09476882219314575,0.8765432098765432,1.1920928955078125e-07,0.0,0.0,,cfg02_G3_D32,1.8739664049935527,cuda
evaluation,848,495,Warm A,0.007130430079996586,0.1111110970377922,0.0785602480173111,0.9259259259259259,1.7881393432617188e-07,0.23174971342086792,0.5795444846153259,,cfg02_G3_D32,1.8739664049935527,cuda
evaluation,848,495,Warm B,0.006891747936606407,0.1111111119389534,0.09350459277629852,0.8518518518518519,1.1920928955078125e-07,0.30404844880104065,0.6069696545600891,,cfg02_G3_D32,1.8739664049935527,cuda
evaluation,848,495,Warm C,0.009846958331763744,0.1111111119389534,0.07943836599588394,0.9135802469135802,1.1920928955078125e-07,0.4129278361797333,0.5092504620552063,,cfg02_G3_D32,1.8739664049935527,cuda
evaluation,851,497,Cold,0.004258140921592712,0.1111111119389534,0.09371349960565567,0.8765432098765432,2.384185791015625e-07,0.0,0.0,,cfg02_G3_D32,1.8739664049935527,cuda
evaluation,851,497,Warm A,0.00255860504694283,0.1111111119389534,0.10488578677177429,0.8024691358024691,1.1920928955078125e-07,0.22697967290878296,0.5364513993263245,,cfg02_G3_D32,1.8739664049935527,cuda
evaluation,851,497,Warm B,0.003689102828502655,0.1111110970377922,0.08339979499578476,0.9012345679012346,1.1920928955078125e-07,0.3006434142589569,0.7346777319908142,,cfg02_G3_D32,1.8739664049935527,cuda
evaluation,851,497,Warm C,0.003545150626450777,0.1111111119389534,0.07941831648349762,0.9382716049382716,1.1920928955078125e-07,0.35175517201423645,0.8430304527282715,,cfg02_G3_D32,1.8739664049935527,cuda
evaluation,881,504,Cold,0.003683007787913084,0.1111111119389534,0.06606881320476532,0.9753086419753086,2.384185791015625e-07,0.0,0.0,,cfg02_G3_D32,1.8739664049935527,cuda
evaluation,881,504,Warm A,0.0061091529205441475,0.1111111119389534,0.07745140045881271,0.9135802469135802,2.384185791015625e-07,0.22613996267318726,0.4478256404399872,,cfg02_G3_D32,1.8739664049935527,cuda
evaluation,881,504,Warm B,0.009338515810668468,0.1111110970377922,0.11013556271791458,0.8148148148148148,1.7881393432617188e-07,0.3411801755428314,0.2903471887111664,,cfg02_G3_D32,1.8739664049935527,cuda
evaluation,881,504,Warm C,0.006808960810303688,0.1111111119389534,0.09268704801797867,0.9135802469135802,1.1920928955078125e-07,0.351077139377594,0.3351099491119385,,cfg02_G3_D32,1.8739664049935527,cuda
evaluation,886,505,Cold,0.004346680361777544,0.1111111119389534,0.08714285492897034,0.8518518518518519,1.1920928955078125e-07,0.0,0.0,,cfg02_G3_D32,1.8739664049935527,cuda
evaluation,886,505,Warm A,0.008153850212693214,0.1111111119389534,0.08461592346429825,0.9135802469135802,1.7881393432617188e-07,0.24614150822162628,0.587285041809082,,cfg02_G3_D32,1.8739664049935527,cuda
evaluation,886,505,Warm B,0.007749001029878855,0.1111111119389534,0.08751595765352249,0.8518518518518519,1.1920928955078125e-07,0.39994585514068604,0.6138167381286621,,cfg02_G3_D32,1.8739664049935527,cuda
evaluation,886,505,Warm C,0.010012507438659668,0.1111111119389534,0.10071565210819244,0.8765432098765432,1.1920928955078125e-07,0.5804489850997925,0.4940756857395172,,cfg02_G3_D32,1.8739664049935527,cuda
evaluation,891,506,Cold,0.003911865409463644,0.1111111119389534,0.08346731960773468,0.8888888888888888,1.1920928955078125e-07,0.0,0.0,,cfg02_G3_D32,1.8739664049935527,cuda
evaluation,891,506,Warm A,0.0071971300058066845,0.1111111119389534,0.0764637440443039,0.9382716049382716,1.1920928955078125e-07,0.2409375160932541,0.4760911464691162,,cfg02_G3_D32,1.8739664049935527,cuda
evaluation,891,506,Warm B,0.008339104242622852,0.111111119389534,0.07353980839252472,0.9629629629629629,2.384185791015625e-07,0.27777332067489624,0.5989201664924622,,cfg02_G3_D32,1.8739664049935527,cuda
evaluation,891,506,Warm C,0.010228866711258888,0.1111110970377922,0.10181815177202225,0.8765432098765432,1.1920928955078125e-07,0.3834800720214844,0.2797413170337677,,cfg02_G3_D32,1.8739664049935527,cuda
evaluation,892,507,Cold,0.003792043076828122,0.111111119389534,0.08666060864925385,0.9135802469135802,2.384185791015625e-07,0.0,0.0,,cfg02_G3_D32,1.8739664049935527,cuda
evaluation,892,507,Warm A,0.005501816514879465,0.111111119389534,0.1021590605378151,0.8395061728395061,2.384185791015625e-07,0.23506182432174683,0.5310360789299011,,cfg02_G3_D32,1.8739664049935527,cuda
evaluation,892,507,Warm B,0.004596788436174393,0.1111111119389534,0.12144719064235687,0.7777777777777778,1.1920928955078125e-07,0.40316668152809143,0.4053232669830322,,cfg02_G3_D32,1.8739664049935527,cuda
evaluation,892,507,Warm C,0.0046248831786215305,0.111111119389534,0.10103146731853485,0.8024691358024691,1.1920928955078125e-07,0.5713703632354736,0.4161096215248108,,cfg02_G3_D32,1.8739664049935527,cuda
evaluation,893,508,Cold,0.003981240559369326,0.1111111119389534,0.0932425856590271,0.8765432098765432,1.1920928955078125e-07,0.0,0.0,,cfg02_G3_D32,1.8739664049935527,cuda
evaluation,893,508,Warm A,0.004416134208440781,0.1111111119389534,0.0979417935013771,0.8518518518518519,1.1920928955078125e-07,0.21431300044059753,0.6822924613952637,,cfg02_G3_D32,1.8739664049935527,cuda
evaluation,893,508,Warm B,0.00573060242459178,0.1111111119389534,0.08389801532030106,0.8888888888888888,1.1920928955078125e-07,0.2692078948020935,0.5433470606803894,,cfg02_G3_D32,1.8739664049935527,cuda
evaluation,893,508,Warm C,0.004102733917534351,0.1111111119389534,0.10520708560943604,0.8024691358024691,1.1920928955078125e-07,0.34062832593917847,0.5332677960395813,,cfg02_G3_D32,1.8739664049935527,cuda
evaluation,897,509,Cold,0.009438225999474525,0.111111119389534,0.13208113610744476,0.6666666666666666,1.1920928955078125e-07,0.0,0.0,,cfg02_G3_D32,1.8739664049935527,cuda
evaluation,897,509,Warm A,0.010863294824957848,0.1111111119389534,0.12905114889144897,0.654320987654321,2.384185791015625e-07,0.23915936052799225,0.5364881753921509,,cfg02_G3_D32,1.8739664049935527,cuda
evaluation,897,509,Warm B,0.01278205681592226,0.1111111119389534,0.13053707778453827,0.6666666666666666,2.384185791015625e-07,0.34044480323791504,0.5504817366600037,,cfg02_G3_D32,1.8739664049935527,cuda
evaluation,897,509,Warm C,0.01199458446353674,0.1111111119389534,0.1331835389137268,0.6666666666666666,1.1920928955078125e-07,0.3097114861011505,0.5129252076148987,,cfg02_G3_D32,1.8739664049935527,cuda
evaluation,901,513,Cold,0.005993430037051439,0.1111110970377922,0.10474003106355667,0.7901234567901234,1.1920928955078125e-07,0.0,0.0,,cfg02_G3_D32,1.8739664049935527,cuda
evaluation,901,513,Warm A,0.009534063749015331,0.1111111119389534,0.10679253190755844,0.7777777777777778,1.7881393432617188e-07,0.229544997215271,0.4574437141418457,,cfg02_G3_D32,1.8739664049935527,cuda
evaluation,901,513,Warm B,0.007791591342538595,0.1111111119389534,0.10922280699014664,0.7901234567901234,1.1920928955078125e-07,0.344424307346344,0.5852193832397461,,cfg02_G3_D32,1.8739664049935527,cuda
evaluation,901,513,Warm C,0.010388863272964954,0.1111111119389534,0.12015154957771301,0.7160493827160493,1.1920928955078125e-07,0.5271055102348328,0.5638841390609741,,cfg02_G3_D32,1.8739664049935527,cuda
evaluation,906,518,Cold,0.009950065053999424,0.1111111119389534,0.13483025133609772,0.6666666666666666,1.7881393432617188e-07,0.0,0.0,,cfg02_G3_D32,1.8739664049935527,cuda
evaluation,906,518,Warm A,0.012061341665685177,0.1111111119389534,0.13069568574428558,0.6666666666666666,1.1920928955078125e-07,0.23035280406475067,0.5630202889442444,,cfg02_G3_D32,1.8739664049935527,cuda
evaluation,906,518,Warm B,0.009472029283642769,0.1111111119389534,0.14118170738220215,0.691358024691358,2.384185791015625e-07,0.3167067766189575,0.3771725296974182,,cfg02_G3_D32,1.8739664049935527,cuda
evaluation,906,518,Warm C,0.011801707558333874,0.1111111119389534,0.1388496458530426,0.654320987654321,1.7881393432617188e-07,0.4047529697418213,0.3823605477809906,,cfg02_G3_D32,1.8739664049935527,cuda
evaluation,907,519,Cold,0.009371861815452576,0.1111111119389534,0.13519735634326935,0.6419753086419753,1.1920928955078125e-07,0.0,0.0,,cfg02_G3_D32,1.8739664049935527,cuda
evaluation,907,519,Warm A,0.008291451260447502,0.111111119389534,0.14483235776424408,0.6296296296296297,2.384185791015625e-07,0.26032713055610657,0.46139422059059143,,cfg02_G3_D32,1.8739664049935527,cuda
evaluation,907,519,Warm B,0.01066871453076601,0.111111119389534,0.13763770461082458,0.6419753086419753,2.384185791015625e-07,0.3191111385822296,0.5904113054275513,,cfg02_G3_D32,1.8739664049935527,cuda
evaluation,907,519,Warm C,0.012929442338645458,0.1111111119389534,0.13600017130374908,0.6172839506172839,2.384185791015625e-07,0.38014763593673706,0.6005987524986267,,cfg02_G3_D32,1.8739664049935527,cuda
evaluation,917,529,Cold,0.008647317066788673,0.1111111119389534,0.13118000328540802,0.6790123456790124,5.960464477539063e-08,0.0,0.0,,cfg02_G3_D32,1.8739664049935527,cuda
evaluation,917,529,Warm A,0.010302229784429073,0.1111111119389534,0.1290220469236374,0.6790123456790124,2.384185791015625e-07,0.24579982459545135,0.6678311824798584,,cfg02_G3_D32,1.8739664049935527,cuda
evaluation,917,529,Warm B,0.007239229045808315,0.1111111119389534,0.1322629600763321,0.6296296296296297,1.1920928955078125e-07,0.37503233551979065,0.5445274710655212,,cfg02_G3_D32,1.8739664049935527,cuda
evaluation,917,529,Warm C,0.00580812431871891,0.1111110970377922,0.13886794447898865,0.6296296296296297,2.384185791015625e-07,0.45753124356269836,0.531575620174408,,cfg02_G3_D32,1.8739664049935527,cuda
evaluation,918,530,Cold,0.006724975071847439,0.1111111119389534,0.11950036883354187,0.7530864197530864,1.1920928955078125e-07,0.0,0.0,,cfg02_G3_D32,1.8739664049935527,cuda
evaluation,918,530,Warm A,0.007867169566452503,0.1111111119389534,0.12050298601388931,0.7037037037037037,1.1920928955078125e-07,0.23714885115623474,0.5124483108520508,,cfg02_G3_D32,1.8739664049935527,cuda
evaluation,918,530,Warm B,0.0060653081163764,0.111111119389534,0.12453334033489227,0.7160493827160493,2.384185791015625e-07,0.34519925713539124,0.608771800994873,,cfg02_G3_D32,1.8739664049935527,cuda
evaluation,918,530,Warm C,0.004520369227975607,0.1111111119389534,0.1316969096660614,0.7407407407407407,1.7881393432617188e-07,0.435289591550827,0.5142931342124939,,cfg02_G3_D32,1.8739664049935527,cuda
evaluation,927,538,Cold,0.00910962838679552,0.1111111119389534,0.13095766305923462,0.6666666666666666,2.384185791015625e-07,0.0,0.0,,cfg02_G3_D32,1.8739664049935527,cuda
evaluation,927,538,Warm A,0.011445560492575169,0.1111110970377922,0.12786735594272614,0.6666666666666666,2.384185791015625e-07,0.2301514744758606,0.5016545653343201,,cfg02_G3_D32,1.8739664049935527,cuda
evaluation,927,538,Warm B,0.010332423262298107,0.111111119389534,0.1341399997472763,0.6790123456790124,2.384185791015625e-07,0.2537740468978882,0.49539366364479065,,cfg02_G3_D32,1.8739664049935527,cuda
evaluation,927,538,Warm C,0.010546908713877201,0.1111110970377922,0.1365240067243576,0.6419753086419753,2.384185791015625e-07,0.3890504837036133,0.4748847484588623,,cfg02_G3_D32,1.8739664049935527,cuda
evaluation,929,540,Cold,0.011156541295349598,0.1111111119389534,0.13518178462982178,0.654320987654321,1.1920928955078125e-07,0.0,0.0,,cfg02_G3_D32,1.8739664049935527,cuda
evaluation,929,540,Warm A,0.01227080449461937,0.1111111119389534,0.1341148167848587,0.6296296296296297,1.1920928955078125e-07,0.24112409353256226,0.49311333894729614,,cfg02_G3_D32,1.8739664049935527,cuda
evaluation,929,540,Warm B,0.007170439697802067,0.1111111119389534,0.13583055138587952,0.654320987654321,1.1920928955078125e-07,0.361168771982193,0.4668665826320648,,cfg02_G3_D32,1.8739664049935527,cuda
evaluation,929,540,Warm C,0.009140507318079472,0.1111111119389534,0.13513395190238953,0.6172839506172839,1.1920928955078125e-07,0.45943987369537354,0.5189386606216431,,cfg02_G3_D32,1.8739664049935527,cuda
evaluation,932,543,Cold,0.0063161421567201614,0.1111111119389534,0.1097080335021019,0.7777777777777778,1.7881393432617188e-07,0.0,0.0,,cfg02_G3_D32,1.8739664049935527,cuda
evaluation,932,543,Warm A,0.004652866628021002,0.1111111119389534,0.12166787683963776,0.7407407407407407,2.384185791015625e-07,0.2486763596534729,0.43548354506492615,,cfg02_G3_D32,1.8739664049935527,cuda
evaluation,932,543,Warm B,0.008544651791453362,0.1111111119389534,0.11218927800655365,0.7654320987654321,1.1920928955078125e-07,0.19632451236248016,0.46431413292884827,,cfg02_G3_D32,1.8739664049935527,cuda
evaluation,932,543,Warm C,0.010089922696352005,0.1111111119389534,0.11162309348583221,0.7530864197530864,1.1920928955078125e-07,0.3431202471256256,0.6646043062210083,,cfg02_G3_D32,1.8739664049935527,cuda
evaluation,935,546,Cold,0.0068981340155005455,0.1111111119389534,0.11413092166185379,0.7777777777777778,1.1920928955078125e-07,0.0,0.0,,cfg02_G3_D32,1.8739664049935527,cuda
evaluation,935,546,Warm A,0.007809552829712629,0.1111111119389534,0.11392000317573547,0.7654320987654321,1.1920928955078125e-07,0.2401449829339981,0.6750332117080688,,cfg02_G3_D32,1.8739664049935527,cuda
evaluation,935,546,Warm B,0.011714714579284191,0.1111111119389534,0.1177663505077362,0.7160493827160493,2.384185791015625e-07,0.3118191659450531,0.6137318015098572,,cfg02_G3_D32,1.8739664049935527,cuda
evaluation,935,546,Warm C,0.007981573231518269,0.1111110970377922,0.11528271436691284,0.7407407407407407,2.384185791015625e-07,0.3707473874092102,0.7640563249588013,,cfg02_G3_D32,1.8739664049935527,cuda
evaluation,936,547,Cold,0.009189617820084095,0.1111111119389534,0.13129447400569916,0.691358024691358,1.1920928955078125e-07,0.0,0.0,,cfg02_G3_D32,1.8739664049935527,cuda
evaluation,936,547,Warm A,0.005786810535937548,0.1111111119389534,0.14032550156116486,0.6790123456790124,2.384185791015625e-07,0.23780883848667145,0.4740685522556305,,cfg02_G3_D32,1.8739664049935527,cuda
evaluation,936,547,Warm B,0.00506602693349123,0.1111111119389534,0.1483820080757141,0.6172839506172839,1.1920928955078125e-07,0.4252271056175232,0.2866799831390381,,cfg02_G3_D32,1.8739664049935527,cuda
evaluation,936,547,Warm C,0.005648912396281958,0.1111111119389534,0.1383723020553589,0.6419753086419753,1.7881393432617188e-07,0.4251953661441803,0.4390169680118561,,cfg02_G3_D32,1.8739664049935527,cuda
evaluation,938,548,Cold,0.005410554353147745,0.1111110970377922,0.10341601818799973,0.7901234567901234,2.384185791015625e-07,0.0,0.0,,cfg02_G3_D32,1.8739664049935527,cuda
evaluation,938,548,Warm A,0.008137557655572891,0.1111111119389534,0.10533420741558075,0.7901234567901234,2.384185791015625e-07,0.23398497700691223,0.6782068610191345,,cfg02_G3_D32,1.8739664049935527,cuda
evaluation,938,548,Warm B,0.011270216666162014,0.1111111119389534,0.11707533150911331,0.7530864197530864,1.1920928955078125e-07,0.360179603099823,0.5787591934204102,,cfg02_G3_D32,1.8739664049935527,cuda
evaluation,938,548,Warm C,0.006765356753021479,0.1111111119389534,0.10618613660335541,0.7777777777777778,1.7881393432617188e-07,0.35685181617736816,0.5841629505157471,,cfg02_G3_D32,1.8739664049935527,cuda
evaluation,941,550,Cold,0.01049210224300623,0.111111119389534,0.12888923287391663,0.6296296296296297,1.1920928955078125e-07,0.0,0.0,,cfg02_G3_D32,1.8739664049935527,cuda
evaluation,941,550,Warm A,0.015846718102693558,0.1111111119389534,0.1270536333322525,0.6666666666666666,1.1920928955078125e-07,0.22668355703353882,0.5780898332595825,,cfg02_G3_D32,1.8739664049935527,cuda
evaluation,941,550,Warm B,0.011852649971842766,0.1111110970377922,0.12671086192131042,0.6419753086419753,1.1920928955078125e-07,0.22967229783535004,0.48566967248916626,,cfg02_G3_D32,1.8739664049935527,cuda
evaluation,941,550,Warm C,0.01483998168259859,0.1111111119389534,0.12583449482917786,0.6666666666666666,1.1920928955078125e-07,0.3352544903755188,0.6049748659133911,,cfg02_G3_D32,1.8739664049935527,cuda
evaluation,943,552,Cold,0.007878893055021763,0.111111119389534,0.12240090221166611,0.7283950617283951,5.960464477539063e-08,0.0,0.0,,cfg02_G3_D32,1.8739664049935527,cuda
evaluation,943,552,Warm A,0.011995658278465271,0.1111111119389534,0.12220510095357895,0.691358024691358,2.384185791015625e-07,0.24729794263839722,0.6277855038642883,,cfg02_G3_D32,1.8739664049935527,cuda
evaluation,943,552,Warm B,0.01123508345335722,0.1111111119389534,0.12114804983139038,0.6790123456790124,2.384185791015625e-07,0.32209694385528564,0.6074609160423279,,cfg02_G3_D32,1.8739664049935527,cuda
evaluation,943,552,Warm C,0.010783049277961254,0.1111111119389534,0.12387068569660187,0.6790123456790124,1.1920928955078125e-07,0.33751437067985535,0.41910892724990845,,cfg02_G3_D32,1.8739664049935527,cuda
evaluation,944,553,Cold,0.009433446452021599,0.1111110970377922,0.13674819469451904,0.654320987654321,1.1920928955078125e-07,0.0,0.0,,cfg02_G3_D32,1.8739664049935527,cuda
evaluation,944,553,Warm A,0.010986171662807465,0.111111119389534,0.13300038874149323,0.6296296296296297,1.1920928955078125e-07,0.24574574828147888,0.5997473001480103,,cfg02_G3_D32,1.8739664049935527,cuda
evaluation,944,553,Warm B,0.011197648011147976,0.111111119389534,0.13575875759124756,0.6296296296296297,2.384185791015625e-07,0.3413640558719635,0.5782051086425781,,cfg02_G3_D32,1.8739664049935527,cuda
evaluation,944,553,Warm C,0.008397286757826805,0.1111111119389534,0.13871589303016663,0.654320987654321,2.384185791015625e-07,0.3716515302658081,0.24238109588623047,,cfg02_G3_D32,1.8739664049935527,cuda
evaluation,946,555,Cold,0.008899427019059658,0.1111111119389534,0.12988726794719696,0.6790123456790124,2.384185791015625e-07,0.0,0.0,,cfg02_G3_D32,1.8739664049935527,cuda
evaluation,946,555,Warm A,0.007047571707516909,0.111111119389534,0.13351154327392578,0.691358024691358,1.1920928955078125e-07,0.23255132138729095,0.37286803126335144,,cfg02_G3_D32,1.8739664049935527,cuda
evaluation,946,555,Warm B,0.007783296052366495,0.111111119389534,0.13143114745616913,0.6419753086419753,2.384185791015625e-07,0.41615134477615356,0.48398008942604065,,cfg02_G3_D32,1.8739664049935527,cuda
evaluation,946,555,Warm C,0.006224635057151318,0.1111111119389534,0.1337045133113861,0.6419753086419753,1.1920928955078125e-07,0.5391592383384705,0.5441040396690369,,cfg02_G3_D32,1.8739664049935527,cuda
evaluation,947,556,Cold,0.009710440412163734,0.1111110970377922,0.13383856415748596,0.654320987654321,2.384185791015625e-07,0.0,0.0,,cfg02_G3_D32,1.8739664049935527,cuda
evaluation,947,556,Warm A,0.008226992562413216,0.1111111119389534,0.13975292444229126,0.654320987654321,2.384185791015625e-07,0.24558140337467194,0.31060075759887695,,cfg02_G3_D32,1.8739664049935527,cuda
evaluation,947,556,Warm B,0.005642212461680174,0.111111119389534,0.15160584449768066,0.654320987654321,2.384185791015625e-07,0.3456675708293915,0.23238098621368408,,cfg02_G3_D32,1.8739664049935527,cuda
evaluation,947,556,Warm C,0.005381976719945669,0.1111111119389534,0.13973325490951538,0.654320987654321,1.1920928955078125e-07,0.37873172760009766,0.3880659341812134,,cfg02_G3_D32,1.8739664049935527,cuda
evaluation,948,557,Cold,0.006179930176585913,0.111111119389534,0.12197747081518173,0.7407407407407407,1.1920928955078125e-07,0.0,0.0,,cfg02_G3_D32,1.8739664049935527,cuda
evaluation,948,557,Warm A,0.008283020928502083,0.1111111119389534,0.11368178576231003,0.7654320987654321,1.1920928955078125e-07,0.2238304316997528,0.6581067442893982,,cfg02_G3_D32,1.8739664049935527,cuda
evaluation,948,557,Warm B,0.010392876341938972,0.1111111119389534,0.10847924649715424,0.7407407407407407,1.1920928955078125e-07,0.35032564401626587,0.6121797561645508,,cfg02_G3_D32,1.8739664049935527,cuda
evaluation,948,557,Warm C,0.00681433267891407,0.1111111119389534,0.11307144910097122,0.7901234567901234,1.1920928955078125e-07,0.32882821559906006,0.5066176652908325,,cfg02_G3_D32,1.8739664049935527,cuda
evaluation,973,569,Cold,0.008520065806806087,0.1111111119389534,0.13204294443130493,0.6666666666666666,1.1920928955078125e-07,0.0,0.0,,cfg02_G3_D32,1.8739664049935527,cuda
evaluation,973,569,Warm A,0.01335094589740038,0.1111110970377922,0.12893997132778168,0.654320987654321,1.1920928955078125e-07,0.251307874917984,0.6718112826347351,,cfg02_G3_D32,1.8739664049935527,cuda
evaluation,973,569,Warm B,0.010373560711741447,0.1111110970377922,0.12989996373653412,0.6790123456790124,2.384185791015625e-07,0.3542231321334839,0.5409511923789978,,cfg02_G3_D32,1.8739664049935527,cuda
evaluation,973,569,Warm C,0.013045746833086014,0.1111111119389534,0.12468867003917694,0.654320987654321,1.1920928955078125e-07,0.3644962012767792,0.5960316061973572,,cfg02_G3_D32,1.8739664049935527,cuda
evaluation,978,570,Cold,0.010215118527412415,0.1111110970377922,0.13974927365779877,0.6296296296296297,1.1920928955078125e-07,0.0,0.0,,cfg02_G3_D32,1.8739664049935527,cuda
evaluation,978,570,Warm A,0.011284194886684418,0.1111111119389534,0.13757441937923431,0.6049382716049383,1.1920928955078125e-07,0.249810129404068,0.4019588530063629,,cfg02_G3_D32,1.8739664049935527,cuda
evaluation,978,570,Warm B,0.008804242126643658,0.1111111119389534,0.13974487781524658,0.6419753086419753,2.384185791015625e-07,0.20591090619564056,0.44925498962402344,,cfg02_G3_D32,1.8739664049935527,cuda
evaluation,978,570,Warm C,0.012872455641627312,0.1111111119389534,0.13397689163684845,0.6419753086419753,1.1920928955078125e-07,0.3054848909378052,0.566262423992157,,cfg02_G3_D32,1.8739664049935527,cuda
evaluation,982,571,Cold,0.007301382254809141,0.1111111119389534,0.11887706816196442,0.7654320987654321,2.384185791015625e-07,0.0,0.0,,cfg02_G3_D32,1.8739664049935527,cuda
evaluation,982,571,Warm A,0.011468724347651005,0.111111119389534,0.11573310941457748,0.7407407407407407,1.1920928955078125e-07,0.22820408642292023,0.47890424728393555,,cfg02_G3_D32,1.8739664049935527,cuda
evaluation,982,571,Warm B,0.007535948418080807,0.1111111119389534,0.12187524884939194,0.6790123456790124,1.1920928955078125e-07,0.37775978446006775,0.42921003699302673,,cfg02_G3_D32,1.8739664049935527,cuda
evaluation,982,571,Warm C,0.01118757389485836,0.1111111119389534,0.11963056027889252,0.6419753086419753,0.0,0.5301851630210876,0.4931700825691223,,cfg02_G3_D32,1.8739664049935527,cuda
evaluation,988,573,Cold,0.0038960366509854794,0.1111111119389534,0.08776125311851501,0.9012345679012346,2.384185791015625e-07,0.0,0.0,,cfg02_G3_D32,1.8739664049935527,cuda
evaluation,988,573,Warm A,0.00480075366795063,0.1111111119389534,0.07653738558292389,0.9259259259259259,1.7881393432617188e-07,0.22779831290245056,0.6862916946411133,,cfg02_G3_D32,1.8739664049935527,cuda
evaluation,988,573,Warm B,0.005759708117693663,0.1111110970377922,0.0921919047832489,0.8641975308641975,2.384185791015625e-07,0.30554839968681335,0.6514143943786621,,cfg02_G3_D32,1.8739664049935527,cuda
evaluation,988,573,Warm C,0.008207336999475956,0.1111110970377922,0.077027328312397,0.8765432098765432,5.960464477539063e-08,0.4375462532043457,0.5656299591064453,,cfg02_G3_D32,1.8739664049935527,cuda
evaluation,991,574,Cold,0.0040252008475363255,0.1111111119389534,0.0868256613612175,0.9012345679012346,1.1920928955078125e-07,0.0,0.0,,cfg02_G3_D32,1.8739664049935527,cuda
evaluation,991,574,Warm A,0.0055829258635640144,0.1111111119389534,0.07566168159246445,0.9259259259259259,1.1920928955078125e-07,0.21688218414783478,0.5973201394081116,,cfg02_G3_D32,1.8739664049935527,cuda
evaluation,991,574,Warm B,0.004535570275038481,0.111111119389534,0.08600013703107834,0.9012345679012346,2.384185791015625e-07,0.28024202585220337,0.6132494211196899,,cfg02_G3_D32,1.8739664049935527,cuda
evaluation,991,574,Warm C,0.003719161730259657,0.1111110970377922,0.09522534161806107,0.8765432098765432,2.384185791015625e-07,0.4059426188468933,0.5430214405059814,,cfg02_G3_D32,1.8739664049935527,cuda
evaluation,998,577,Cold,0.004360792692750692,0.1111111119389534,0.09062835574150085,0.8765432098765432,1.1920928955078125e-07,0.0,0.0,,cfg02_G3_D32,1.8739664049935527,cuda
evaluation,998,577,Warm A,0.0077586849220097065,0.1111111119389534,0.07635726779699326,0.9135802469135802,1.1920928955078125e-07,0.24034956097602844,0.5279621481895447,,cfg02_G3_D32,1.8739664049935527,cuda
evaluation,998,577,Warm B,0.007134436164051294,0.111111119389534,0.08766161650419235,0.8888888888888888,2.384185791015625e-07,0.31061503291130066,0.6329575777053833,,cfg02_G3_D32,1.8739664049935527,cuda
evaluation,998,577,Warm C,0.00490573700517416,0.1111111119389534,0.08419651538133621,0.8888888888888888,1.1920928955078125e-07,0.43635034561157227,0.5896413922309875,,cfg02_G3_D32,1.8739664049935527,cuda
evaluation,1003,579,Cold,0.004935328382998705,0.1111111119389534,0.09585855156183243,0.8395061728395061,1.1920928955078125e-07,0.0,0.0,,cfg02_G3_D32,1.8739664049935527,cuda
evaluation,1003,579,Warm A,0.009282740764319897,0.1111111119389534,0.0832202136516571,0.8888888888888888,1.1920928955078125e-07,0.24572844803333282,0.5970669984817505,,cfg02_G3_D32,1.8739664049935527,cuda
evaluation,1003,579,Warm B,0.012718153186142445,0.1111110970377922,0.0968596413731575,0.8641975308641975,1.1920928955078125e-07,0.42040109634399414,0.3755728006362915,,cfg02_G3_D32,1.8739664049935527,cuda
evaluation,1003,579,Warm C,0.013771087862551212,0.1111111119389534,0.10555137693881989,0.7901234567901234,1.1920928955078125e-07,0.5135696530342102,0.5393900871276855,,cfg02_G3_D32,1.8739664049935527,cuda
evaluation,1004,580,Cold,0.0048036882653832436,0.1111111119389534,0.08839017152786255,0.8641975308641975,1.1920928955078125e-07,0.0,0.0,,cfg02_G3_D32,1.8739664049935527,cuda
evaluation,1004,580,Warm A,0.008107805624604225,0.1111110970377922,0.08140852302312851,0.9012345679012346,1.1920928955078125e-07,0.24062258005142212,0.4201868176460266,,cfg02_G3_D32,1.8739664049935527,cuda
evaluation,1004,580,Warm B,0.00999424234032631,0.1111111119389534,0.08648621290922165,0.9012345679012346,2.384185791015625e-07,0.381692498922348,0.4072117507457733,,cfg02_G3_D32,1.8739664049935527,cuda
evaluation,1004,580,Warm C,0.011433852836489677,0.1111111119389534,0.11023996770381927,0.8271604938271605,1.1920928955078125e-07,0.3820618987083435,0.47231969237327576,,cfg02_G3_D32,1.8739664049935527,cuda
evaluation,1005,581,Cold,0.003245854750275612,0.1111111119389534,0.0779392197728157,0.9506172839506173,1.1920928955078125e-07,0.0,0.0,,cfg02_G3_D32,1.8739664049935527,cuda
evaluation,1005,581,Warm A,0.006076215300709009,0.1111111119389534,0.07168269902467728,0.9876543209876543,2.384185791015625e-07,0.2453051060438156,0.3980393409729004,,cfg02_G3_D32,1.8739664049935527,cuda
evaluation,1005,581,Warm B,0.0062193796038627625,0.1111111119389534,0.07444105297327042,0.9382716049382716,1.1920928955078125e-07,0.35870563983917236,0.43163037300109863,,cfg02_G3_D32,1.8739664049935527,cuda
evaluation,1005,581,Warm C,0.008958333171904087,0.1111110970377922,0.10253895819187164,0.8518518518518519,2.384185791015625e-07,0.41320687532424927,0.23818476498126984,,cfg02_G3_D32,1.8739664049935527,cuda
evaluation,1006,582,Cold,0.004390392918139696,0.1111111119389534,0.09436020255088806,0.8765432098765432,2.384185791015625e-07,0.0,0.0,,cfg02_G3_D32,1.8739664049935527,cuda
evaluation,1006,582,Warm A,0.0071249715983867645,0.1111111119389534,0.07902226597070694,0.9506172839506173,1.1920928955078125e-07,0.2457670122385025,0.6698983907699585,,cfg02_G3_D32,1.8739664049935527,cuda
evaluation,1006,582,Warm B,0.005927409511059523,0.1111111119389534,0.08418326079845428,0.9012345679012346,1.1920928955078125e-07,0.30945366621017456,0.5875793695449829,,cfg02_G3_D32,1.8739664049935527,cuda
evaluation,1006,582,Warm C,0.008182371966540813,0.1111111119389534,0.09039150178432465,0.9012345679012346,2.384185791015625e-07,0.4335674047470093,0.570631206035614,,cfg02_G3_D32,1.8739664049935527,cuda
evaluation,1008,584,Cold,0.007520248182117939,0.1111111119389534,0.11357824504375458,0.7654320987654321,1.1920928955078125e-07,0.0,0.0,,cfg02_G3_D32,1.8739664049935527,cuda
evaluation,1008,584,Warm A,0.01088777557015419,0.1111111119389534,0.11564202606678009,0.7407407407407407,1.1920928955078125e-07,0.2432820349931717,0.7685189247131348,,cfg02_G3_D32,1.8739664049935527,cuda
evaluation,1008,584,Warm B,0.01374710164964199,0.1111110970377922,0.13056208193302155,0.654320987654321,1.1920928955078125e-07,0.3727191090583801,0.5260432958602905,,cfg02_G3_D32,1.8739664049935527,cuda
evaluation,1008,584,Warm C,0.012985863722860813,0.1111110970377922,0.13222359120845795,0.654320987654321,1.1920928955078125e-07,0.4850594103336334,0.6364116072654724,,cfg02_G3_D32,1.8739664049935527,cuda
evaluation,1011,587,Cold,0.005071610677987337,0.11111108958721161,0.10016129910945892,0.8518518518518519,2.384185791015625e-07,0.0,0.0,,cfg02_G3_D32,1.8739664049935527,cuda
evaluation,1011,587,Warm A,0.006650606170296669,0.1111110970377922,0.0969085618853569,0.8395061728395061,2.384185791015625e-07,0.24800224602222443,0.7888098955154419,,cfg02_G3_D32,1.8739664049935527,cuda
evaluation,1011,587,Warm B,0.00958159938454628,0.1111111119389534,0.10830633342266083,0.7654320987654321,2.384185791015625e-07,0.4290255010128021,0.28981444239616394,,cfg02_G3_D32,1.8739664049935527,cuda
evaluation,1011,587,Warm C,0.012897209264338017,0.1111111119389534,0.1240348368883133,0.7160493827160493,1.1920928955078125e-07,0.5227028131484985,0.4485754072666168,,cfg02_G3_D32,1.8739664049935527,cuda
evaluation,1014,590,Cold,0.006705347448587418,0.1111111119389534,0.11329793930053711,0.7777777777777778,1.1920928955078125e-07,0.0,0.0,,cfg02_G3_D32,1.8739664049935527,cuda
evaluation,1014,590,Warm A,0.00846888218075037,0.1111111119389534,0.10946925729513168,0.7654320987654321,2.384185791015625e-07,0.2208595871925354,0.7317639589309692,,cfg02_G3_D32,1.8739664049935527,cuda
evaluation,1014,590,Warm B,0.011731200851500034,0.1111111119389534,0.11781244724988937,0.7407407407407407,1.1920928955078125e-07,0.32267218828201294,0.5455735921859741,,cfg02_G3_D32,1.8739664049935527,cuda
evaluation,1014,590,Warm C,0.01442600879818201,0.1111111119389534,0.12766893208026886,0.6790123456790124,2.384185791015625e-07,0.4140821397304535,0.6280908584594727,,cfg02_G3_D32,1.8739664049935527,cuda
evaluation,1016,592,Cold,0.006617911159992218,0.1111111119389534,0.11131244897842407,0.7654320987654321,0.0,0.0,0.0,,cfg02_G3_D32,1.8739664049935527,cuda
evaluation,1016,592,Warm A,0.008530935272574425,0.1111111119389534,0.10966351628303528,0.7407407407407407,2.384185791015625e-07,0.24391238391399384,0.5258674621582031,,cfg02_G3_D32,1.8739664049935527,cuda
evaluation,1016,592,Warm B,0.011705921031534672,0.1111111119389534,0.1177801713347435,0.7407407407407407,1.1920928955078125e-07,0.4227856695652008,0.42031216621398926,,cfg02_G3_D32,1.8739664049935527,cuda
evaluation,1016,592,Warm C,0.013649141415953636,0.1111111119389534,0.12784138321876526,0.6790123456790124,1.1920928955078125e-07,0.5480467081069946,0.5431305170059204,,cfg02_G3_D32,1.8739664049935527,cuda
evaluation,1018,594,Cold,0.006183370482176542,0.1111111119389534,0.10321680456399918,0.8024691358024691,1.1920928955078125e-07,0.0,0.0,,cfg02_G3_D32,1.8739664049935527,cuda
evaluation,1018,594,Warm A,0.007661042269319296,0.1111111119389534,0.09930696338415146,0.7777777777777778,2.384185791015625e-07,0.23490284383296967,0.7479822635650635,,cfg02_G3_D32,1.8739664049935527,cuda
evaluation,1018,594,Warm B,0.011055631563067436,0.1111110970377922,0.11563365906476974,0.7283950617283951,1.1920928955078125e-07,0.3770246207714081,0.5117738246917725,,cfg02_G3_D32,1.8739664049935527,cuda
evaluation,1018,594,Warm C,0.0091085871681571,0.111111119389534,0.11238344013690948,0.7160493827160493,1.1920928955078125e-07,0.5104662775993347,0.7175669074058533,,cfg02_G3_D32,1.8739664049935527,cuda
evaluation,1024,600,Cold,0.007226449437439442,0.1111111119389534,0.12057676911354065,0.7407407407407407,1.1920928955078125e-07,0.0,0.0,,cfg02_G3_D32,1.8739664049935527,cuda
evaluation,1024,600,Warm A,0.011225038208067417,0.111111119389534,0.12200405448675156,0.691358024691358,1.1920928955078125e-07,0.23746232688426971,0.8242419362068176,,cfg02_G3_D32,1.8739664049935527,cuda
evaluation,1024,600,Warm B,0.015140807256102562,0.111111119389534,0.13144879043102264,0.6666666666666666,1.1920928955078125e-07,0.41199004650115967,0.6253210306167603,,cfg02_G3_D32,1.8739664049935527,cuda
evaluation,1024,600,Warm C,0.018745411187410355,0.111111119389534,0.14243637025356293,0.5925925925925926,2.384185791015625e-07,0.591809868812561,0.6138231158256531,,cfg02_G3_D32,1.8739664049935527,cuda
evaluation,1034,609,Cold,0.00470713572576642,0.111111119389534,0.09322348237037659,0.8765432098765432,1.1920928955078125e-07,0.0,0.0,,cfg02_G3_D32,1.8739664049935527,cuda
evaluation,1034,609,Warm A,0.0054442137479782104,0.1111111119389534,0.0858069509267807,0.8765432098765432,2.384185791015625e-07,0.21581341326236725,0.6769107580184937,,cfg02_G3_D32,1.8739664049935527,cuda
evaluation,1034,609,Warm B,0.004548410419374704,0.1111110970377922,0.09104366600513458,0.8518518518518519,2.384185791015625e-07,0.3144562244415283,0.6507865786552429,,cfg02_G3_D32,1.8739664049935527,cuda
evaluation,1034,609,Warm C,0.001988350646570325,0.1111111119389534,0.11302904039621353,0.7901234567901234,2.384185791015625e-07,0.46019139885902405,0.6120309829711914,,cfg02_G3_D32,1.8739664049935527,cuda
evaluation,1043,615,Cold,0.003686689306050539,0.1111111119389534,0.08209852129220963,0.9135802469135802,1.7881393432617188e-07,0.0,0.0,,cfg02_G3_D32,1.8739664049935527,cuda
evaluation,1043,615,Warm A,0.006149716675281525,0.1111110970377922,0.07324741035699844,0.9259259259259259,1.7881393432617188e-07,0.24649567902088165,0.5685446262359619,,cfg02_G3_D32,1.8739664049935527,cuda
evaluation,1043,615,Warm B,0.006916360929608345,0.1111111119389534,0.07579730451107025,0.9012345679012346,1.1920928955078125e-07,0.3240676522254944,0.6282424330711365,,cfg02_G3_D32,1.8739664049935527,cuda
evaluation,1043,615,Warm C,0.00855580996721983,0.1111111119389534,0.09452365338802338,0.8395061728395061,2.384185791015625e-07,0.516574501991272,0.612529456615448,,cfg02_G3_D32,1.8739664049935527,cuda
evaluation,1046,616,Cold,0.0038643518928438425,0.1111111119389534,0.08901923894882202,0.9012345679012346,1.1920928955078125e-07,0.0,0.0,,cfg02_G3_D32,1.8739664049935527,cuda
evaluation,1046,616,Warm A,0.002647656947374344,0.1111111119389534,0.11042749136686325,0.7654320987654321,2.384185791015625e-07,0.24558602273464203,0.5151228904724121,,cfg02_G3_D32,1.8739664049935527,cuda
evaluation,1046,616,Warm B,0.0014927000738680363,0.111111119389534,0.1256067454814911,0.7160493827160493,1.1920928955078125e-07,0.406700998544693,0.44275593757629395,,cfg02_G3_D32,1.8739664049935527,cuda
evaluation,1046,616,Warm C,0.00013328502245713025,0.1111111119389534,0.12772971391677856,0.6790123456790124,2.384185791015625e-07,0.3671776354312897,0.4330674111843109,,cfg02_G3_D32,1.8739664049935527,cuda
evaluation,1050,619,Cold,0.004158819559961557,0.1111111119389534,0.09601851552724838,0.8641975308641975,1.1920928955078125e-07,0.0,0.0,,cfg02_G3_D32,1.8739664049935527,cuda
evaluation,1050,619,Warm A,0.006914232391864061,0.1111110970377922,0.0752650797367096,0.9382716049382716,1.1920928955078125e-07,0.24735285341739655,0.504286527633667,,cfg02_G3_D32,1.8739664049935527,cuda
evaluation,1050,619,Warm B,0.0052129896357655525,0.1111111119389534,0.09022287279367447,0.8641975308641975,2.384185791015625e-07,0.25547584891319275,0.6344979405403137,,cfg02_G3_D32,1.8739664049935527,cuda
evaluation,1050,619,Warm C,0.00586369214579463,0.1111111119389534,0.10573312640190125,0.8024691358024691,2.384185791015625e-07,0.3841096758842468,0.49845027923583984,,cfg02_G3_D32,1.8739664049935527,cuda
evaluation,1051,620,Cold,0.004398583900183439,0.1111111119389534,0.09447069466114044,0.8765432098765432,2.384185791015625e-07,0.0,0.0,,cfg02_G3_D32,1.8739664049935527,cuda
evaluation,1051,620,Warm A,0.007074269931763411,0.1111111119389534,0.07743584364652634,0.9382716049382716,2.384185791015625e-07,0.2478324919939041,0.6650775074958801,,cfg02_G3_D32,1.8739664049935527,cuda
evaluation,1051,620,Warm B,0.006280571687966585,0.1111111119389534,0.09410667419433594,0.8641975308641975,1.1920928955078125e-07,0.24225817620754242,0.6055059432983398,,cfg02_G3_D32,1.8739664049935527,cuda
evaluation,1051,620,Warm C,0.008102286607027054,0.1111111119389534,0.08795945346355438,0.8888888888888888,1.7881393432617188e-07,0.3176121413707733,0.6995309591293335,,cfg02_G3_D32,1.8739664049935527,cuda
evaluation,1054,621,Cold,0.003900889540091157,0.1111111119389534,0.08729870617389679,0.9012345679012346,1.1920928955078125e-07,0.0,0.0,,cfg02_G3_D32,1.8739664049935527,cuda
evaluation,1054,621,Warm A,0.0035971004981547594,0.1111111119389534,0.1063300371170044,0.7777777777777778,2.384185791015625e-07,0.2014145851135254,0.6377771496772766,,cfg02_G3_D32,1.8739664049935527,cuda
evaluation,1054,621,Warm B,0.005915612913668156,0.1111111119389534,0.08487332612276077,0.9135802469135802,1.1920928955078125e-07,0.21783417463302612,0.5931834578514099,,cfg02_G3_D32,1.8739664049935527,cuda
evaluation,1054,621,Warm C,0.006545792333781719,0.1111111119389534,0.08390995115041733,0.8888888888888888,1.1920928955078125e-07,0.33412209153175354,0.532310426235199,,cfg02_G3_D32,1.8739664049935527,cuda
evaluation,1066,627,Cold,0.008654572069644928,0.1111111119389534,0.13095293939113617,0.691358024691358,2.384185791015625e-07,0.0,0.0,,cfg02_G3_D32,1.8739664049935527,cuda
evaluation,1066,627,Warm A,0.007970089092850685,0.1111111119389534,0.1369105577468872,0.6666666666666666,2.384185791015625e-07,0.2581544518470764,0.26480042934417725,,cfg02_G3_D32,1.8739664049935527,cuda
evaluation,1066,627,Warm B,0.006229911930859089,0.11111108958721161,0.14832310378551483,0.654320987654321,2.980232238769531e-07,0.4342312514781952,0.3373347520828247,,cfg02_G3_D32,1.8739664049935527,cuda
evaluation,1066,627,Warm C,0.0064036608673632145,0.111111119389534,0.1378975808620453,0.691358024691358,1.1920928955078125e-07,0.27058476209640503,0.4865957200527191,,cfg02_G3_D32,1.8739664049935527,cuda
evaluation,1069,628,Cold,0.008821002207696438,0.1111111119389534,0.13321620225906372,0.6790123456790124,1.7881393432617188e-07,0.0,0.0,,cfg02_G3_D32,1.8739664049935527,cuda
evaluation,1069,628,Warm A,0.01159351971000433,0.1111110970377922,0.12864218652248383,0.6419753086419753,1.7881393432617188e-07,0.2439083755016327,0.5999812483787537,,cfg02_G3_D32,1.8739664049935527,cuda
evaluation,1069,628,Warm B,0.010157664306461811,0.1111111119389534,0.13162454962730408,0.6666666666666666,2.384185791015625e-07,0.17644570767879486,0.5188929438591003,,cfg02_G3_D32,1.8739664049935527,cuda
evaluation,1069,628,Warm C,0.010523948818445206,0.1111111119389534,0.13881854712963104,0.654320987654321,1.1920928955078125e-07,0.3254455327987671,0.530866265296936,,cfg02_G3_D32,1.8739664049935527,cuda
evaluation,1082,635,Cold,0.005123091861605644,0.1111111119389534,0.10918252170085907,0.8395061728395061,1.7881393432617188e-07,0.0,0.0,,cfg02_G3_D32,1.8739664049935527,cuda
evaluation,1082,635,Warm A,0.006905293557792902,0.1111111119389534,0.10748794674873352,0.8271604938271605,2.384185791015625e-07,0.21720805764198303,0.506694495677948,,cfg02_G3_D32,1.8739664049935527,cuda
evaluation,1082,635,Warm B,0.01017118338495493,0.111111119389534,0.10597647726535797,0.7654320987654321,1.1920928955078125e-07,0.3994780480861664,0.40314218401908875,,cfg02_G3_D32,1.8739664049935527,cuda
evaluation,1082,635,Warm C,0.01365971751511097,0.1111110970377922,0.11326590180397034,0.7407407407407407,2.384185791015625e-07,0.4884119927883148,0.6359894275665283,,cfg02_G3_D32,1.8739664049935527,cuda
evaluation,1083,636,Cold,0.005195115692913532,0.1111111119389534,0.10397109389305115,0.8395061728395061,2.384185791015625e-07,0.0,0.0,,cfg02_G3_D32,1.8739664049935527,cuda
evaluation,1083,636,Warm A,0.008321944624185562,0.1111111119389534,0.10137001425027847,0.7901234567901234,2.384185791015625e-07,0.2428431361913681,0.645801842212677,,cfg02_G3_D32,1.8739664049935527,cuda
evaluation,1083,636,Warm B,0.006127655506134033,0.1111111119389534,0.10574308037757874,0.8148148148148148,1.7881393432617188e-07,0.24449090659618378,0.41647130250930786,,cfg02_G3_D32,1.8739664049935527,cuda
evaluation,1083,636,Warm C,0.008967255242168903,0.1111111119389534,0.10314062237739563,0.8148148148148148,2.384185791015625e-07,0.34595662355422974,0.5225841403007507,,cfg02_G3_D32,1.8739664049935527,cuda
evaluation,1085,638,Cold,0.007412098813802004,0.111111119389534,0.11148861795663834,0.7654320987654321,1.1920928955078125e-07,0.0,0.0,,cfg02_G3_D32,1.8739664049935527,cuda
evaluation,1085,638,Warm A,0.01013205386698246,0.1111111119389534,0.11048787087202072,0.7530864197530864,2.384185791015625e-07,0.22748088836669922,0.5298458337783813,,cfg02_G3_D32,1.8739664049935527,cuda
evaluation,1085,638,Warm B,0.010670016519725323,0.111111119389534,0.11370085924863815,0.7530864197530864,1.1920928955078125e-07,0.37763071060180664,0.5545602440834045,,cfg02_G3_D32,1.8739664049935527,cuda
evaluation,1085,638,Warm C,0.0077460953034460545,0.1111111119389534,0.11740919947624207,0.7530864197530864,1.1920928955078125e-07,0.4352280795574188,0.5850337147712708,,cfg02_G3_D32,1.8739664049935527,cuda
evaluation,1099,650,Cold,0.008261394686996937,0.1111111119389534,0.14059685170650482,0.6419753086419753,2.384185791015625e-07,0.0,0.0,,cfg02_G3_D32,1.8739664049935527,cuda
evaluation,1099,650,Warm A,0.009201757609844208,0.1111111119389534,0.13767249882221222,0.654320987654321,2.384185791015625e-07,0.2610621452331543,0.42412424087524414,,cfg02_G3_D32,1.8739664049935527,cuda
evaluation,1099,650,Warm B,0.01345618162304163,0.1111110970377922,0.12997129559516907,0.6790123456790124,2.384185791015625e-07,0.392257422208786,0.7911147475242615,,cfg02_G3_D32,1.8739664049935527,cuda
evaluation,1099,650,Warm C,0.012582938186824322,0.111111119389534,0.13448172807693481,0.691358024691358,2.384185791015625e-07,0.5226739645004272,0.2786460220813751,,cfg02_G3_D32,1.8739664049935527,cuda
evaluation,1111,655,Cold,0.003824159735813737,0.111111119389534,0.0956035777926445,0.8641975308641975,1.1920928955078125e-07,0.0,0.0,,cfg02_G3_D32,1.8739664049935527,cuda
evaluation,1111,655,Warm A,0.003044469514861703,0.111111119389534,0.11547111719846725,0.7654320987654321,1.1920928955078125e-07,0.23460794985294342,0.5163025259971619,,cfg02_G3_D32,1.8739664049935527,cuda
evaluation,1111,655,Warm B,0.0016586098354309797,0.111111119389534,0.13669072091579437,0.654320987654321,2.384185791015625e-07,0.46960127353668213,0.22321553528308868,,cfg02_G3_D32,1.8739664049935527,cuda
evaluation,1111,655,Warm C,0.001996378181502223,0.111111119389534,0.11700128018856049,0.7530864197530864,2.384185791015625e-07,0.3649291694164276,0.5174050331115723,,cfg02_G3_D32,1.8739664049935527,cuda
evaluation,1128,661,Cold,0.0038021227810531855,0.111111119389534,0.08250865340232849,0.9012345679012346,1.1920928955078125e-07,0.0,0.0,,cfg02_G3_D32,1.8739664049935527,cuda
evaluation,1128,661,Warm A,0.006174247711896896,0.1111111119389534,0.08364947140216827,0.9135802469135802,1.1920928955078125e-07,0.20727084577083588,0.47349873185157776,,cfg02_G3_D32,1.8739664049935527,cuda
evaluation,1128,661,Warm B,0.003993146121501923,0.1111110970377922,0.08192415535449982,0.9382716049382716,2.384185791015625e-07,0.23889224231243134,0.6905101537704468,,cfg02_G3_D32,1.8739664049935527,cuda
evaluation,1128,661,Warm C,0.006535927299410105,0.1111111119389534,0.0835588201880455,0.9382716049382716,1.1920928955078125e-07,0.3872085213661194,0.6595433950424194,,cfg02_G3_D32,1.8739664049935527,cuda
evaluation,1150,670,Cold,0.004676951095461845,0.1111111119389534,0.09583432227373123,0.8765432098765432,2.980232238769531e-07,0.0,0.0,,cfg02_G3_D32,1.8739664049935527,cuda
evaluation,1150,670,Warm A,0.004079144913703203,0.1111111119389534,0.11267291754484177,0.8024691358024691,3.5762786865234375e-07,0.2323320358991623,0.5893312692642212,,cfg02_G3_D32,1.8739664049935527,cuda
evaluation,1150,670,Warm B,0.002694318536669016,0.1111111119389534,0.12932495772838593,0.7530864197530864,1.7881393432617188e-07,0.38939180970191956,0.4111173152923584,,cfg02_G3_D32,1.8739664049935527,cuda
evaluation,1150,670,Warm C,0.004204924684017897,0.1111111119389534,0.11520128697156906,0.7777777777777778,1.1920928955078125e-07,0.5444949865341187,0.4067049026489258,,cfg02_G3_D32,1.8739664049935527,cuda
evaluation,1161,671,Cold,0.00479087233543396,0.111111119389534,0.09775269031524658,0.8641975308641975,2.384185791015625e-07,0.0,0.0,,cfg02_G3_D32,1.8739664049935527,cuda
evaluation,1161,671,Warm A,0.0036548953503370285,0.1111111119389534,0.11230606585741043,0.8024691358024691,2.384185791015625e-07,0.24010983109474182,0.3701060712337494,,cfg02_G3_D32,1.8739664049935527,cuda
evaluation,1161,671,Warm B,0.004554538056254387,0.1111111119389534,0.09953377395868301,0.8641975308641975,1.1920928955078125e-07,0.37881556153297424,0.41916313767433167,,cfg02_G3_D32,1.8739664049935527,cuda
evaluation,1161,671,Warm C,0.004115770570933819,0.1111110970377922,0.09418898075819016,0.8518518518518519,1.1920928955078125e-07,0.48580098152160645,0.6838844418525696,,cfg02_G3_D32,1.8739664049935527,cuda
evaluation,1162,672,Cold,0.005351584404706955,0.1111110970377922,0.10260382294654846,0.8518518518518519,1.1920928955078125e-07,0.0,0.0,,cfg02_G3_D32,1.8739664049935527,cuda
evaluation,1162,672,Warm A,0.006402837112545967,0.1111111119389534,0.11680153757333755,0.7901234567901234,2.384185791015625e-07,0.24373924732208252,0.27085158228874207,,cfg02_G3_D32,1.8739664049935527,cuda
evaluation,1162,672,Warm B,0.00782773271203041,0.1111111119389534,0.10096653550863266,0.8765432098765432,1.1920928955078125e-07,0.22444146871566772,0.5685567259788513,,cfg02_G3_D32,1.8739664049935527,cuda
evaluation,1162,672,Warm C,0.010228683240711689,0.1111110970377922,0.08877945691347122,0.8765432098765432,1.1920928955078125e-07,0.30602389574050903,0.7136176228523254,,cfg02_G3_D32,1.8739664049935527,cuda
evaluation,1167,673,Cold,0.0037543862126767635,0.1111111119389534,0.08524014800786972,0.9259259259259259,2.384185791015625e-07,0.0,0.0,,cfg02_G3_D32,1.8739664049935527,cuda
evaluation,1167,673,Warm A,0.005679589696228504,0.111111119389534,0.07356532663106918,0.9506172839506173,2.384185791015625e-07,0.23235557973384857,0.6012312173843384,,cfg02_G3_D32,1.8739664049935527,cuda
evaluation,1167,673,Warm B,0.007021204102784395,0.1111111119389534,0.08915652334690094,0.9012345679012346,1.7881393432617188e-07,0.3838597238063812,0.4754631221294403,,cfg02_G3_D32,1.8739664049935527,cuda
evaluation,1167,673,Warm C,0.004239675123244524,0.111111119389534,0.07656349241733551,0.9259259259259259,1.1920928955078125e-07,0.41288331151008606,0.5953882336616516,,cfg02_G3_D32,1.8739664049935527,cuda
evaluation,1173,676,Cold,0.004416112322360277,0.1111111119389534,0.09074421972036362,0.8641975308641975,2.384185791015625e-07,0.0,0.0,,cfg02_G3_D32,1.8739664049935527,cuda
evaluation,1173,676,Warm A,0.00523018091917038,0.1111111119389534,0.08329609781503677,0.9012345679012346,1.1920928955078125e-07,0.22860075533390045,0.7377521395683289,,cfg02_G3_D32,1.8739664049935527,cuda
evaluation,1173,676,Warm B,0.006787439342588186,0.111111119389534,0.08296855539083481,0.8888888888888888,1.1920928955078125e-07,0.32063552737236023,0.6739729046821594,,cfg02_G3_D32,1.8739664049935527,cuda
evaluation,1173,676,Warm C,0.005994622129946947,0.1111110970377922,0.08899880200624466,0.8641975308641975,1.7881393432617188e-07,0.4647778570652008,0.7141208052635193,,cfg02_G3_D32,1.8739664049935527,cuda
evaluation,1176,678,Cold,0.0045150406658649445,0.111111119389534,0.09582872688770294,0.8518518518518519,1.1920928955078125e-07,0.0,0.0,,cfg02_G3_D32,1.8739664049935527,cuda
evaluation,1176,678,Warm A,0.003560609184205532,0.1111111119389534,0.1170649528503418,0.7654320987654321,1.1920928955078125e-07,0.25121909379959106,0.35186871886253357,,cfg02_G3_D32,1.8739664049935527,cuda
evaluation,1176,678,Warm B,0.0021846548188477755,0.1111111119389534,0.134964257478714,0.6790123456790124,1.1920928955078125e-07,0.4083267152309418,0.6009008288383484,,cfg02_G3_D32,1.8739664049935527,cuda
evaluation,1176,678,Warm C,0.0020560319535434246,0.1111111119389534,0.11463882029056549,0.7777777777777778,2.384185791015625e-07,0.35771429538726807,0.6368287801742554,,cfg02_G3_D32,1.8739664049935527,cuda
evaluation,1177,679,Cold,0.00466900086030364,0.1111111119389534,0.0941750779747963,0.8641975308641975,1.1920928955078125e-07,0.0,0.0,,cfg02_G3_D32,1.8739664049935527,cuda
evaluation,1177,679,Warm A,0.0017609322676435113,0.1111111119389534,0.114999920129776,0.7777777777777778,1.1920928955078125e-07,0.22525249421596527,0.4508795738220215,,cfg02_G3_D32,1.8739664049935527,cuda
evaluation,1177,679,Warm B,0.0033829575404524803,0.1111110970377922,0.09775862842798233,0.8518518518518519,2.384185791015625e-07,0.24051286280155182,0.5964822173118591,,cfg02_G3_D32,1.8739664049935527,cuda
evaluation,1177,679,Warm C,0.0015795610379427671,0.1111111119389534,0.11447865515947342,0.8148148148148148,2.384185791015625e-07,0.30515727400779724,0.4062616527080536,,cfg02_G3_D32,1.8739664049935527,cuda
evaluation,1184,683,Cold,0.004612549673765898,0.1111111119389534,0.09264637529850006,0.8518518518518519,1.1920928955078125e-07,0.0,0.0,,cfg02_G3_D32,1.8739664049935527,cuda
evaluation,1184,683,Warm A,0.0018875477835536003,0.1111111119389534,0.10695881396532059,0.8024691358024691,2.384185791015625e-07,0.23067353665828705,0.47638198733329773,,cfg02_G3_D32,1.8739664049935527,cuda
evaluation,1184,683,Warm B,0.0005802613450214267,0.1111111119389534,0.10416407883167267,0.8395061728395061,1.1920928955078125e-07,0.3659592270851135,0.5475893616676331,,cfg02_G3_D32,1.8739664049935527,cuda
evaluation,1184,683,Warm C,0.00011254654236836359,0.1111111119389534,0.10485750436782837,0.8148148148148148,1.1920928955078125e-07,0.36606815457344055,0.6075135469436646,,cfg02_G3_D32,1.8739664049935527,cuda
evaluation,1187,686,Cold,0.004332046955823898,0.1111111119389534,0.0908912792801857,0.8765432098765432,1.1920928955078125e-07,0.0,0.0,,cfg02_G3_D32,1.8739664049935527,cuda
evaluation,1187,686,Warm A,0.007276798598468304,0.111111119389534,0.07511324435472488,0.9382716049382716,1.1920928955078125e-07,0.2376430630683899,0.6675489544868469,,cfg02_G3_D32,1.8739664049935527,cuda
evaluation,1187,686,Warm B,0.0056485687382519245,0.111111119389534,0.0874139815568924,0.8888888888888888,2.384185791015625e-07,0.3182207942008972,0.6418287754058838,,cfg02_G3_D32,1.8739664049935527,cuda
evaluation,1187,686,Warm C,0.007708513643592596,0.1111111119389534,0.07658697664737701,0.9506172839506173,1.1920928955078125e-07,0.34340617060661316,0.6025311350822449,,cfg02_G3_D32,1.8739664049935527,cuda
evaluation,1190,689,Cold,0.004346525762230158,0.1111111119389534,0.09152410179376602,0.8641975308641975,1.1920928955078125e-07,0.0,0.0,,cfg02_G3_D32,1.8739664049935527,cuda
evaluation,1190,689,Warm A,0.005204471759498119,0.1111111119389534,0.0982714369893074,0.8395061728395061,2.384185791015625e-07,0.23497897386550903,0.6827022433280945,,cfg02_G3_D32,1.8739664049935527,cuda
evaluation,1190,689,Warm B,0.007803456392139196,0.1111111119389534,0.08672091364860535,0.8765432098765432,2.384185791015625e-07,0.36418551206588745,0.6766071319580078,,cfg02_G3_D32,1.8739664049935527,cuda
evaluation,1190,689,Warm C,0.010695968754589558,0.1111111119389534,0.07896509766578674,0.8765432098765432,2.980232238769531e-07,0.4387502074241638,0.7345736622810364,,cfg02_G3_D32,1.8739664049935527,cuda
evaluation,1192,691,Cold,0.0031963891815394163,0.1111111119389534,0.08191199600696564,0.9259259259259259,2.384185791015625e-07,0.0,0.0,,cfg02_G3_D32,1.8739664049935527,cuda
evaluation,1192,691,Warm A,0.0020190158393234015,0.1111111119389534,0.09571333229541779,0.8888888888888888,2.384185791015625e-07,0.22165296971797943,0.5163896083831787,,cfg02_G3_D32,1.8739664049935527,cuda
evaluation,1192,691,Warm B,0.002671502297744155,0.111111119389534,0.09119688719511032,0.8888888888888888,2.384185791015625e-07,0.27943864464759827,0.4467751681804657,,cfg02_G3_D32,1.8739664049935527,cuda
evaluation,1192,691,Warm C,0.001477688318118453,0.1111111119389534,0.10980086028575897,0.8024691358024691,1.1920928955078125e-07,0.37699228525161743,0.41876551508903503,,cfg02_G3_D32,1.8739664049935527,cuda
evaluation,1202,700,Cold,0.004341028165072203,0.111111119389534,0.08686398714780807,0.9012345679012346,2.384185791015625e-07,0.0,0.0,,cfg02_G3_D32,1.8739664049935527,cuda
evaluation,1202,700,Warm A,0.003576151328161359,0.111111119389534,0.08461443334817886,0.8888888888888888,1.1920928955078125e-07,0.23437507450580597,0.5326845049858093,,cfg02_G3_D32,1.8739664049935527,cuda
evaluation,1202,700,Warm B,0.002761467592790723,0.1111111119389534,0.1073404848575592,0.8148148148148148,2.384185791015625e-07,0.2978314757347107,0.6217233538627625,,cfg02_G3_D32,1.8739664049935527,cuda
evaluation,1202,700,Warm C,0.004063329193741083,0.1111111119389534,0.09427602589130402,0.8395061728395061,1.1920928955078125e-07,0.31556808948516846,0.8585084080696106,,cfg02_G3_D32,1.8739664049935527,cuda
evaluation,1209,707,Cold,0.005051568616181612,0.111111119389534,0.09926959872245789,0.8765432098765432,2.384185791015625e-07,0.0,0.0,,cfg02_G3_D32,1.8739664049935527,cuda
evaluation,1209,707,Warm A,0.0030203070491552353,0.111111119389534,0.10819216072559357,0.8641975308641975,2.384185791015625e-07,0.24577702581882477,0.5110598802566528,,cfg02_G3_D32,1.8739664049935527,cuda
evaluation,1209,707,Warm B,0.002414747141301632,0.111111119389534,0.12511594593524933,0.8395061728395061,1.1920928955078125e-07,0.4338051974773407,0.3351462483406067,,cfg02_G3_D32,1.8739664049935527,cuda
evaluation,1209,707,Warm C,0.0021553239785134792,0.1111111119389534,0.10798098891973495,0.8765432098765432,1.7881393432617188e-07,0.36472615599632263,0.6233034133911133,,cfg02_G3_D32,1.8739664049935527,cuda
evaluation,1216,714,Cold,0.004132163245230913,0.1111111119389534,0.08520440012216568,0.9012345679012346,1.1920928955078125e-07,0.0,0.0,,cfg02_G3_D32,1.8739664049935527,cuda
evaluation,1216,714,Warm A,0.0056176744401454926,0.1111111119389534,0.08145905286073685,0.9135802469135802,1.1920928955078125e-07,0.239314466714859,0.663979172706604,,cfg02_G3_D32,1.8739664049935527,cuda
evaluation,1216,714,Warm B,0.0035415671300143003,0.1111111119389534,0.09235137701034546,0.8888888888888888,1.1920928955078125e-07,0.22276358306407928,0.4779033362865448,,cfg02_G3_D32,1.8739664049935527,cuda
evaluation,1216,714,Warm C,0.005315235350281,0.1111111119389534,0.0743078961968422,0.9382716049382716,1.1920928955078125e-07,0.27955496311187744,0.5146862268447876,,cfg02_G3_D32,1.8739664049935527,cuda
evaluation,1236,732,Cold,0.004338488448411226,0.1111110970377922,0.08636866509914398,0.8888888888888888,2.384185791015625e-07,0.0,0.0,,cfg02_G3_D32,1.8739664049935527,cuda
evaluation,1236,732,Warm A,0.004411029629409313,0.1111111119389534,0.10575444251298904,0.7901234567901234,3.5762786865234375e-07,0.24575355648994446,0.6210059523582458,,cfg02_G3_D32,1.8739664049935527,cuda
evaluation,1236,732,Warm B,0.003222797065973282,0.1111111119389534,0.12755368649959564,0.7160493827160493,1.1920928955078125e-07,0.4055721163749695,0.40124231576919556,,cfg02_G3_D32,1.8739664049935527,cuda
evaluation,1236,732,Warm C,0.0005216863355599344,0.1111111119389534,0.145615816116333,0.6296296296296297,1.1920928955078125e-07,0.5492426753044128,0.24531076848506927,,cfg02_G3_D32,1.8739664049935527,cuda
evaluation,1241,736,Cold,0.0036393809132277966,0.1111111119389534,0.08018403500318527,0.9012345679012346,2.384185791015625e-07,0.0,0.0,,cfg02_G3_D32,1.8739664049935527,cuda
evaluation,1241,736,Warm A,0.0047842999920248985,0.1111110970377922,0.10069795697927475,0.8148148148148148,2.384185791015625e-07,0.23789997398853302,0.6202132105827332,,cfg02_G3_D32,1.8739664049935527,cuda
evaluation,1241,736,Warm B,0.003926829434931278,0.1111110970377922,0.0854916200041771,0.9135802469135802,1.7881393432617188e-07,0.2777472734451294,0.583156943321228,,cfg02_G3_D32,1.8739664049935527,cuda
evaluation,1241,736,Warm C,0.0047906837426126,0.1111111119389534,0.09069261699914932,0.8641975308641975,1.1920928955078125e-07,0.3653493821620941,0.6354511976242065,,cfg02_G3_D32,1.8739664049935527,cuda
evaluation,1273,767,Cold,0.004067875910550356,0.1111111119389534,0.08505824208259583,0.9135802469135802,2.384185791015625e-07,0.0,0.0,,cfg02_G3_D32,1.8739664049935527,cuda
evaluation,1273,767,Warm A,0.003750026924535632,0.1111111119389534,0.10730942338705063,0.8024691358024691,2.980232238769531e-07,0.24310512840747833,0.47809648513793945,,cfg02_G3_D32,1.8739664049935527,cuda
evaluation,1273,767,Warm B,0.00457731680944562,0.1111110970377922,0.096738800406456,0.8271604938271605,1.1920928955078125e-07,0.36069151759147644,0.6429004669189453,,cfg02_G3_D32,1.8739664049935527,cuda
evaluation,1273,767,Warm C,0.0033443905413150787,0.1111111119389534,0.11450225114822388,0.7654320987654321,2.384185791015625e-07,0.5151095986366272,0.7195074558258057,,cfg02_G3_D32,1.8739664049935527,cuda
evaluation,1279,773,Cold,0.004073932766914368,0.1111111119389534,0.0749286338686943,0.9382716049382716,1.1920928955078125e-07,0.0,0.0,,cfg02_G3_D32,1.8739664049935527,cuda
evaluation,1279,773,Warm A,0.003024241654202342,0.1111111119389534,0.09907405078411102,0.8271604938271605,1.1920928955078125e-07,0.25287312269210815,0.6460674405097961,,cfg02_G3_D32,1.8739664049935527,cuda
evaluation,1279,773,Warm B,0.002335197292268276,0.1111111119389534,0.12110505253076553,0.7037037037037037,2.384185791015625e-07,0.4586523473262787,0.5054583549499512,,cfg02_G3_D32,1.8739664049935527,cuda
evaluation,1279,773,Warm C,0.0028976271860301495,0.1111110970377922,0.10070148855447769,0.8148148148148148,1.1920928955078125e-07,0.39330947399139404,0.646295964717865,,cfg02_G3_D32,1.8739664049935527,cuda
evaluation,1289,783,Cold,0.004502612166106701,0.111111119389534,0.09126582741737366,0.8888888888888888,1.1920928955078125e-07,0.0,0.0,,cfg02_G3_D32,1.8739664049935527,cuda
evaluation,1289,783,Warm A,0.002841651439666748,0.1111111119389534,0.1022484302520752,0.8395061728395061,2.384185791015625e-07,0.23242133855819702,0.5247353911399841,,cfg02_G3_D32,1.8739664049935527,cuda
evaluation,1289,783,Warm B,0.0015979859745129943,0.1111111119389534,0.12233294546604156,0.7901234567901234,2.384185791015625e-07,0.3591996729373932,0.3858841359615326,,cfg02_G3_D32,1.8739664049935527,cuda
evaluation,1289,783,Warm C,0.002527839969843626,0.1111111119389534,0.10561726987361908,0.7901234567901234,1.7881393432617188e-07,0.4207606613636017,0.6066875457763672,,cfg02_G3_D32,1.8739664049935527,cuda
evaluation,1305,799,Cold,0.004342642147094011,0.1111110970377922,0.08424960821866989,0.9012345679012346,1.1920928955078125e-07,0.0,0.0,,cfg02_G3_D32,1.8739664049935527,cuda
evaluation,1305,799,Warm A,0.005170528311282396,0.1111111119389534,0.08610359579324722,0.9135802469135802,1.1920928955078125e-07,0.21886205673217773,0.6381480097770691,,cfg02_G3_D32,1.8739664049935527,cuda
evaluation,1305,799,Warm B,0.003471110248938203,0.1111110970377922,0.10742372274398804,0.7654320987654321,2.384185791015625e-07,0.339711457490921,0.6219421625137329,,cfg02_G3_D32,1.8739664049935527,cuda
evaluation,1305,799,Warm C,0.006147447042167187,0.1111110970377922,0.0910642147064209,0.8395061728395061,2.384185791015625e-07,0.3762350082397461,0.6212397217750549,,cfg02_G3_D32,1.8739664049935527,cuda
evaluation,1306,800,Cold,0.004188930615782738,0.1111110970377922,0.08210042119026184,0.9012345679012346,1.1920928955078125e-07,0.0,0.0,,cfg02_G3_D32,1.8739664049935527,cuda
evaluation,1306,800,Warm A,0.004548065364360809,0.1111111119389534,0.10326927900314331,0.8024691358024691,2.384185791015625e-07,0.21827203035354614,0.614417552947998,,cfg02_G3_D32,1.8739664049935527,cuda
evaluation,1306,800,Warm B,0.0024785641580820084,0.1111110970377922,0.11594156175851822,0.7407407407407407,1.1920928955078125e-07,0.3122207522392273,0.5768799185752869,,cfg02_G3_D32,1.8739664049935527,cuda
evaluation,1306,800,Warm C,0.0027188260573893785,0.1111111119389534,0.09315644204616547,0.8641975308641975,2.980232238769531e-07,0.31858426332473755,0.8050805926322937,,cfg02_G3_D32,1.8739664049935527,cuda
evaluation,1330,805,Cold,0.0037479521706700325,0.111111119389534,0.08482828736305237,0.9012345679012346,1.1920928955078125e-07,0.0,0.0,,cfg02_G3_D32,1.8739664049935527,cuda
evaluation,1330,805,Warm A,0.006771416403353214,0.1111111119389534,0.07767099142074585,0.9382716049382716,1.1920928955078125e-07,0.2406877726316452,0.6237675547599792,,cfg02_G3_D32,1.8739664049935527,cuda
evaluation,1330,805,Warm B,0.007447090465575457,0.1111111119389534,0.089483343064785,0.9259259259259259,2.384185791015625e-07,0.3335481584072113,0.5362117886543274,,cfg02_G3_D32,1.8739664049935527,cuda
evaluation,1330,805,Warm C,0.004344032146036625,0.1111110970377922,0.09106819331645966,0.9135802469135802,2.384185791015625e-07,0.43695592880249023,0.5074429512023926,,cfg02_G3_D32,1.8739664049935527,cuda
evaluation,1332,806,Cold,0.004589371383190155,0.1111111119389534,0.09033267945051193,0.8765432098765432,1.1920928955078125e-07,0.0,0.0,,cfg02_G3_D32,1.8739664049935527,cuda
evaluation,1332,806,Warm A,0.007626980077475309,0.1111111119389534,0.08139618486166,0.9012345679012346,2.384185791015625e-07,0.23183706402778625,0.5451638102531433,,cfg02_G3_D32,1.8739664049935527,cuda
evaluation,1332,806,Warm B,0.010389477014541626,0.1111111119389534,0.10140381753444672,0.8888888888888888,1.1920928955078125e-07,0.4189612865447998,0.4385591447353363,,cfg02_G3_D32,1.8739664049935527,cuda
evaluation,1332,806,Warm C,0.010685406625270844,0.1111111119389534,0.12483332306146622,0.7530864197530864,1.7881393432617188e-07,0.5258874893188477,0.2950049936771393,,cfg02_G3_D32,1.8739664049935527,cuda
evaluation,1337,809,Cold,0.007886071689426899,0.1111111119389534,0.11845550686120987,0.7407407407407407,1.7881393432617188e-07,0.0,0.0,,cfg02_G3_D32,1.8739664049935527,cuda
evaluation,1337,809,Warm A,0.009264279156923294,0.1111110970377922,0.12172134965658188,0.6790123456790124,1.1920928955078125e-07,0.2375393658876419,0.5504012703895569,,cfg02_G3_D32,1.8739664049935527,cuda
evaluation,1337,809,Warm B,0.006078903563320637,0.1111111119389534,0.11878813058137894,0.7037037037037037,1.1920928955078125e-07,0.2594701051712036,0.6058362126350403,,cfg02_G3_D32,1.8739664049935527,cuda
evaluation,1337,809,Warm C,0.009198332205414772,0.1111111119389534,0.11978517472743988,0.691358024691358,1.1920928955078125e-07,0.34280508756637573,0.5531330108642578,,cfg02_G3_D32,1.8739664049935527,cuda
evaluation,1346,816,Cold,0.0033318090718239546,0.1111111119389534,0.07267418503761292,0.9506172839506173,1.1920928955078125e-07,0.0,0.0,,cfg02_G3_D32,1.8739664049935527,cuda
evaluation,1346,816,Warm A,0.0062412722036242485,0.1111111119389534,0.07473660260438919,0.9506172839506173,1.1920928955078125e-07,0.24357354640960693,0.6863714456558228,,cfg02_G3_D32,1.8739664049935527,cuda
evaluation,1346,816,Warm B,0.006936947349458933,0.1111111119389534,0.07983476668596268,0.9382716049382716,2.384185791015625e-07,0.40106508135795593,0.517747700214386,,cfg02_G3_D32,1.8739664049935527,cuda
evaluation,1346,816,Warm C,0.010260134004056454,0.1111111119389534,0.11101044714450836,0.7777777777777778,1.1920928955078125e-07,0.4778957962989807,0.2882527709007263,,cfg02_G3_D32,1.8739664049935527,cuda
evaluation,1352,820,Cold,0.005135252606123686,0.1111111119389534,0.09557617455720901,0.8271604938271605,1.1920928955078125e-07,0.0,0.0,,cfg02_G3_D32,1.8739664049935527,cuda
evaluation,1352,820,Warm A,0.008477598428726196,0.1111111119389534,0.08072612434625626,0.9012345679012346,1.1920928955078125e-07,0.2559480369091034,0.4783322513103485,,cfg02_G3_D32,1.8739664049935527,cuda
evaluation,1352,820,Warm B,0.010601143352687359,0.111111119389534,0.08851712942123413,0.9012345679012346,2.384185791015625e-07,0.41824862360954285,0.5202202200889587,,cfg02_G3_D32,1.8739664049935527,cuda
evaluation,1352,820,Warm C,0.01229623332619667,0.1111111119389534,0.10609432309865952,0.8148148148148148,2.384185791015625e-07,0.4664503335952759,0.3987441956996918,,cfg02_G3_D32,1.8739664049935527,cuda
evaluation,1353,821,Cold,0.004021415952593088,0.1111110970377922,0.0891568511724472,0.9012345679012346,1.7881393432617188e-07,0.0,0.0,,cfg02_G3_D32,1.8739664049935527,cuda
evaluation,1353,821,Warm A,0.005922617856413126,0.1111111119389534,0.07355178892612457,0.9506172839506173,1.1920928955078125e-07,0.24351437389850616,0.6131861805915833,,cfg02_G3_D32,1.8739664049935527,cuda
evaluation,1353,821,Warm B,0.005224192515015602,0.111111119389534,0.07288191467523575,0.9506172839506173,1.1920928955078125e-07,0.29969292879104614,0.5713114142417908,,cfg02_G3_D32,1.8739664049935527,cuda
evaluation,1353,821,Warm C,0.004624322988092899,0.1111110970377922,0.07445421814918518,0.9382716049382716,2.384185791015625e-07,0.3852420747280121,0.5480117201805115,,cfg02_G3_D32,1.8739664049935527,cuda
evaluation,1355,823,Cold,0.003896120237186551,0.1111111119389534,0.08310703933238983,0.9012345679012346,2.384185791015625e-07,0.0,0.0,,cfg02_G3_D32,1.8739664049935527,cuda
evaluation,1355,823,Warm A,0.004497271031141281,0.111111119389534,0.07463489472866058,0.9382716049382716,2.384185791015625e-07,0.2289612889289856,0.5526686310768127,,cfg02_G3_D32,1.8739664049935527,cuda
evaluation,1355,823,Warm B,0.0019434253918007016,0.111111119389534,0.08888833224773407,0.8765432098765432,2.384185791015625e-07,0.258613258600235,0.6633801460266113,,cfg02_G3_D32,1.8739664049935527,cuda
evaluation,1355,823,Warm C,0.003576302668079734,0.1111111119389534,0.07335872203111649,0.9259259259259259,1.1920928955078125e-07,0.34826305508613586,0.5500907301902771,,cfg02_G3_D32,1.8739664049935527,cuda
evaluation,1361,828,Cold,0.003131876466795802,0.1111111119389534,0.08088137209415436,0.9259259259259259,2.384185791015625e-07,0.0,0.0,,cfg02_G3_D32,1.8739664049935527,cuda
evaluation,1361,828,Warm A,0.0021398765966296196,0.111111119389534,0.1048237755894661,0.8024691358024691,2.384185791015625e-07,0.2393479347229004,0.5480934381484985,,cfg02_G3_D32,1.8739664049935527,cuda
evaluation,1361,828,Warm B,0.002519006608054042,0.111111119389534,0.11909689009189606,0.7530864197530864,1.1920928955078125e-07,0.3649696111679077,0.3635600507259369,,cfg02_G3_D32,1.8739664049935527,cuda
evaluation,1361,828,Warm C,0.002548057120293379,0.1111111119389534,0.10523232072591782,0.7901234567901234,2.384185791015625e-07,0.42118385434150696,0.47264906764030457,,cfg02_G3_D32,1.8739664049935527,cuda
evaluation,1362,829,Cold,0.005577370524406433,0.111111119389534,0.10635736584663391,0.8395061728395061,2.384185791015625e-07,0.0,0.0,,cfg02_G3_D32,1.8739664049935527,cuda
evaluation,1362,829,Warm A,0.004695597104728222,0.111111119389534,0.11639055609703064,0.7901234567901234,4.76837158203125e-07,0.24598491191864014,0.3313358426094055,,cfg02_G3_D32,1.8739664049935527,cuda
evaluation,1362,829,Warm B,0.0025998938363045454,0.1111111119389534,0.10465903580188751,0.8641975308641975,1.7881393432617188e-07,0.34832367300987244,0.4960000216960907,,cfg02_G3_D32,1.8739664049935527,cuda
evaluation,1362,829,Warm C,0.0032733262050896883,0.111111119389534,0.10718522220849991,0.8641975308641975,2.384185791015625e-07,0.37417975068092346,0.32766300439834595,,cfg02_G3_D32,1.8739664049935527,cuda
evaluation,1363,830,Cold,0.0038275851402431726,0.111111119389534,0.08579593896865845,0.9012345679012346,2.384185791015625e-07,0.0,0.0,,cfg02_G3_D32,1.8739664049935527,cuda
evaluation,1363,830,Warm A,0.006367775611579418,0.1111111119389534,0.07608405500650406,0.9382716049382716,1.1920928955078125e-07,0.25014498829841614,0.5746652483940125,,cfg02_G3_D32,1.8739664049935527,cuda
evaluation,1363,830,Warm B,0.009499081410467625,0.1111111119389534,0.08266379684209824,0.9382716049382716,1.7881393432617188e-07,0.3169703483581543,0.5948424339294434,,cfg02_G3_D32,1.8739664049935527,cuda
evaluation,1363,830,Warm C,0.011266851797699928,0.1111111119389534,0.09793432801961899,0.8148148148148148,1.1920928955078125e-07,0.43188798427581787,0.6471582651138306,,cfg02_G3_D32,1.8739664049935527,cuda
evaluation,1366,831,Cold,0.0043903919868171215,0.111111119389534,0.09436018764972687,0.8765432098765432,2.384185791015625e-07,0.0,0.0,,cfg02_G3_D32,1.8739664049935527,cuda
evaluation,1366,831,Warm A,0.006460512988269329,0.1111111119389534,0.0824335515499115,0.9259259259259259,1.1920928955078125e-07,0.24320949614048004,0.697995126247406,,cfg02_G3_D32,1.8739664049935527,cuda
evaluation,1366,831,Warm B,0.006800644099712372,0.1111111119389534,0.08551714569330215,0.9012345679012346,2.384185791015625e-07,0.4092247188091278,0.684269905090332,,cfg02_G3_D32,1.8739664049935527,cuda
evaluation,1366,831,Warm C,0.009777341037988663,0.111111119389534,0.09797247499227524,0.8641975308641975,2.384185791015625e-07,0.5248860120773315,0.5640234351158142,,cfg02_G3_D32,1.8739664049935527,cuda
evaluation,1382,845,Cold,0.004432011861354113,0.1111111119389534,0.08551859855651855,0.8765432098765432,1.1920928955078125e-07,0.0,0.0,,cfg02_G3_D32,1.8739664049935527,cuda
evaluation,1382,845,Warm A,0.008794208988547325,0.111111119389534,0.0788673609495163,0.9259259259259259,2.384185791015625e-07,0.2388295978307724,0.602340817451477,,cfg02_G3_D32,1.8739664049935527,cuda
evaluation,1382,845,Warm B,0.01077950932085514,0.111111119389534,0.10216429084539413,0.8641975308641975,1.1920928955078125e-07,0.37688034772872925,0.41753560304641724,,cfg02_G3_D32,1.8739664049935527,cuda
evaluation,1382,845,Warm C,0.011313567869365215,0.1111111119389534,0.10603997856378555,0.8024691358024691,1.1920928955078125e-07,0.42861220240592957,0.4890314042568207,,cfg02_G3_D32,1.8739664049935527,cuda
evaluation,1390,850,Cold,0.004254668951034546,0.1111110970377922,0.09287522733211517,0.9012345679012346,2.384185791015625e-07,0.0,0.0,,cfg02_G3_D32,1.8739664049935527,cuda
evaluation,1390,850,Warm A,0.006357060745358467,0.1111111119389534,0.07386203855276108,0.9259259259259259,2.384185791015625e-07,0.23699848353862762,0.5512124300003052,,cfg02_G3_D32,1.8739664049935527,cuda
evaluation,1390,850,Warm B,0.006640415173023939,0.1111111119389534,0.07776539772748947,0.9135802469135802,1.1920928955078125e-07,0.2630968987941742,0.6022518277168274,,cfg02_G3_D32,1.8739664049935527,cuda
evaluation,1390,850,Warm C,0.009547676891088486,0.1111110970377922,0.08256837725639343,0.9012345679012346,1.1920928955078125e-07,0.35417941212654114,0.4524332582950592,,cfg02_G3_D32,1.8739664049935527,cuda
evaluation,1397,857,Cold,0.004156759940087795,0.1111111119389534,0.0930372029542923,0.8765432098765432,2.384185791015625e-07,0.0,0.0,,cfg02_G3_D32,1.8739664049935527,cuda
evaluation,1397,857,Warm A,0.0037577785551548004,0.1111111119389534,0.10982941836118698,0.8024691358024691,1.7881393432617188e-07,0.23358695209026337,0.5363656282424927,,cfg02_G3_D32,1.8739664049935527,cuda
evaluation,1397,857,Warm B,0.004252267070114613,0.1111111119389534,0.0870993509888649,0.9012345679012346,1.1920928955078125e-07,0.3176864683628082,0.6246042847633362,,cfg02_G3_D32,1.8739664049935527,cuda
evaluation,1397,857,Warm C,0.0031940098851919174,0.111111119389534,0.09002747386693954,0.8765432098765432,1.1920928955078125e-07,0.26683399081230164,0.6711017489433289,,cfg02_G3_D32,1.8739664049935527,cuda
evaluation,1398,858,Cold,0.003933708183467388,0.1111111119389534,0.08902879059314728,0.9012345679012346,1.7881393432617188e-07,0.0,0.0,,cfg02_G3_D32,1.8739664049935527,cuda
evaluation,1398,858,Warm A,0.007396997418254614,0.1111111119389534,0.07860157638788223,0.9382716049382716,5.960464477539063e-08,0.24742630124092102,0.7224092483520508,,cfg02_G3_D32,1.8739664049935527,cuda
evaluation,1398,858,Warm B,0.005733757745474577,0.1111111119389534,0.08433954417705536,0.9259259259259259,2.384185791015625e-07,0.3399752974510193,0.5725204348564148,,cfg02_G3_D32,1.8739664049935527,cuda
evaluation,1398,858,Warm C,0.008233612403273582,0.111111119389534,0.09719241410493851,0.8641975308641975,1.1920928955078125e-07,0.4426422715187073,0.5188884735107422,,cfg02_G3_D32,1.8739664049935527,cuda
evaluation,1399,859,Cold,0.003945840988308191,0.1111111119389534,0.08961166441440582,0.9012345679012346,1.1920928955078125e-07,0.0,0.0,,cfg02_G3_D32,1.8739664049935527,cuda
evaluation,1399,859,Warm A,0.006648012902587652,0.111111119389534,0.07153193652629852,0.9506172839506173,1.1920928955078125e-07,0.24338683485984802,0.5851039886474609,,cfg02_G3_D32,1.8739664049935527,cuda
evaluation,1399,859,Warm B,0.005358041264116764,0.1111111119389534,0.07799956947565079,0.8888888888888888,1.1920928955078125e-07,0.3285110294818878,0.5583134889602661,,cfg02_G3_D32,1.8739664049935527,cuda
evaluation,1399,859,Warm C,0.006120297126471996,0.1111111119389534,0.08822306245565414,0.8271604938271605,2.384185791015625e-07,0.4445840120315552,0.8868147134780884,,cfg02_G3_D32,1.8739664049935527,cuda
evaluation,1401,860,Cold,0.0042847502045333385,0.1111111119389534,0.0921037420630455,0.8888888888888888,1.1920928955078125e-07,0.0,0.0,,cfg02_G3_D32,1.8739664049935527,cuda
evaluation,1401,860,Warm A,0.004202809184789658,0.1111111119389534,0.0883978009223938,0.8765432098765432,2.384185791015625e-07,0.23973418772220612,0.7211357355117798,,cfg02_G3_D32,1.8739664049935527,cuda
evaluation,1401,860,Warm B,0.004524129908531904,0.1111111119389534,0.10373347997665405,0.8271604938271605,1.1920928955078125e-07,0.28660616278648376,0.647297203540802,,cfg02_G3_D32,1.8739664049935527,cuda
evaluation,1401,860,Warm C,0.0061766463331878185,0.111111119389534,0.086931012570858,0.9012345679012346,1.1920928955078125e-07,0.42767682671546936,0.7140289545059204,,cfg02_G3_D32,1.8739664049935527,cuda
evaluation,1404,861,Cold,0.003812331473454833,0.111111119389534,0.08433495461940765,0.9135802469135802,1.1920928955078125e-07,0.0,0.0,,cfg02_G3_D32,1.8739664049935527,cuda
evaluation,1404,861,Warm A,0.0061714560724794865,0.1111110970377922,0.07256410270929337,0.9629629629629629,2.384185791015625e-07,0.2401450276374817,0.5224564075469971,,cfg02_G3_D32,1.8739664049935527,cuda
evaluation,1404,861,Warm B,0.005907658487558365,0.111111119389534,0.08305796980857849,0.9382716049382716,2.384185791015625e-07,0.29469034075737,0.6093137264251709,,cfg02_G3_D32,1.8739664049935527,cuda
evaluation,1404,861,Warm C,0.008500484749674797,0.1111111119389534,0.0765518769621849,0.9259259259259259,1.1920928955078125e-07,0.45902392268180847,0.5535518527030945,,cfg02_G3_D32,1.8739664049935527,cuda
evaluation,1410,866,Cold,0.004409055225551128,0.1111110970377922,0.09587686508893967,0.8518518518518519,1.1920928955078125e-07,0.0,0.0,,cfg02_G3_D32,1.8739664049935527,cuda
evaluation,1410,866,Warm A,0.0075136832892894745,0.1111111119389534,0.08203663676977158,0.9135802469135802,1.1920928955078125e-07,0.23580248653888702,0.7367045879364014,,cfg02_G3_D32,1.8739664049935527,cuda
evaluation,1410,866,Warm B,0.009505294263362885,0.1111111119389534,0.09126245975494385,0.8765432098765432,1.7881393432617188e-07,0.3947085738182068,0.5761340260505676,,cfg02_G3_D32,1.8739664049935527,cuda
evaluation,1410,866,Warm C,0.01191954966634512,0.1111111119389534,0.1111266016960144,0.7530864197530864,2.384185791015625e-07,0.564491331577301,0.48509475588798523,,cfg02_G3_D32,1.8739664049935527,cuda
evaluation,1414,868,Cold,0.0040589869022369385,0.1111111119389534,0.09363523125648499,0.8888888888888888,2.384185791015625e-07,0.0,0.0,,cfg02_G3_D32,1.8739664049935527,cuda
evaluation,1414,868,Warm A,0.004138899967074394,0.1111111119389534,0.09949313849210739,0.8765432098765432,1.1920928955078125e-07,0.23034633696079254,0.5754973292350769,,cfg02_G3_D32,1.8739664049935527,cuda
evaluation,1414,868,Warm B,0.003547181375324726,0.1111111119389534,0.10731500387191772,0.8024691358024691,2.384185791015625e-07,0.3669129014015198,0.5585265755653381,,cfg02_G3_D32,1.8739664049935527,cuda
evaluation,1414,868,Warm C,0.0026450231671333313,0.1111110970377922,0.11358730494976044,0.7777777777777778,2.384185791015625e-07,0.519364058971405,0.5766236186027527,,cfg02_G3_D32,1.8739664049935527,cuda
evaluation,1419,870,Cold,0.005277617834508419,0.1111111119389534,0.10351860523223877,0.8641975308641975,1.7881393432617188e-07,0.0,0.0,,cfg02_G3_D32,1.8739664049935527,cuda
evaluation,1419,870,Warm A,0.004701780620962381,0.111111119389534,0.10711704939603806,0.8271604938271605,3.5762786865234375e-07,0.2102554887533188,0.5714787840843201,,cfg02_G3_D32,1.8739664049935527,cuda
evaluation,1419,870,Warm B,0.006609215401113033,0.111111119389534,0.09974375367164612,0.8395061728395061,2.384185791015625e-07,0.2745576500892639,0.43450307846069336,,cfg02_G3_D32,1.8739664049935527,cuda
evaluation,1419,870,Warm C,0.00662999739870429,0.1111111119389534,0.10239201784133911,0.8148148148148148,1.1920928955078125e-07,0.369136780500412,0.46316155791282654,,cfg02_G3_D32,1.8739664049935527,cuda
evaluation,1425,872,Cold,0.0039588031359016895,0.111111119389534,0.088596872985363,0.9135802469135802,2.384185791015625e-07,0.0,0.0,,cfg02_G3_D32,1.8739664049935527,cuda
evaluation,1425,872,Warm A,0.006900591775774956,0.1111111119389534,0.07209387421607971,0.9259259259259259,1.1920928955078125e-07,0.23050212860107422,0.685183584690094,,cfg02_G3_D32,1.8739664049935527,cuda
evaluation,1425,872,Warm B,0.009703317657113075,0.1111111119389534,0.07980696111917496,0.9135802469135802,1.1920928955078125e-07,0.332823783159256,0.6048501133918762,,cfg02_G3_D32,1.8739664049935527,cuda
evaluation,1425,872,Warm C,0.007751302793622017,0.1111111119389534,0.0776752457022667,0.9135802469135802,1.1920928955078125e-07,0.3287601172924042,0.6682626008987427,,cfg02_G3_D32,1.8739664049935527,cuda
evaluation,1432,875,Cold,0.004436185583472252,0.1111111119389534,0.08298449218273163,0.8641975308641975,1.1920928955078125e-07,0.0,0.0,,cfg02_G3_D32,1.8739664049935527,cuda
evaluation,1432,875,Warm A,0.007295239716768265,0.1111111119389534,0.08265179395675659,0.9135802469135802,1.7881393432617188e-07,0.22523650527000427,0.41170570254325867,,cfg02_G3_D32,1.8739664049935527,cuda
evaluation,1432,875,Warm B,0.010410100221633911,0.1111110970377922,0.10926038026809692,0.8641975308641975,1.7881393432617188e-07,0.38351067900657654,0.33687934279441833,,cfg02_G3_D32,1.8739664049935527,cuda
evaluation,1432,875,Warm C,0.008449121378362179,0.1111111119389534,0.08478941768407822,0.9259259259259259,2.384185791015625e-07,0.31536102294921875,0.5734211206436157,,cfg02_G3_D32,1.8739664049935527,cuda
evaluation,1440,877,Cold,0.004333801101893187,0.1111111119389534,0.08908525854349136,0.8888888888888888,2.384185791015625e-07,0.0,0.0,,cfg02_G3_D32,1.8739664049935527,cuda
evaluation,1440,877,Warm A,0.00677094329148531,0.1111110970377922,0.07715509086847305,0.9259259259259259,1.1920928955078125e-07,0.23300832509994507,0.5533972978591919,,cfg02_G3_D32,1.8739664049935527,cuda
evaluation,1440,877,Warm B,0.008317721076309681,0.1111111119389534,0.09372489154338837,0.8518518518518519,2.384185791015625e-07,0.37969815731048584,0.5804075598716736,,cfg02_G3_D32,1.8739664049935527,cuda
evaluation,1440,877,Warm C,0.010768991895020008,0.111111119389534,0.11942171305418015,0.7530864197530864,2.384185791015625e-07,0.5275667309761047,0.3528091013431549,,cfg02_G3_D32,1.8739664049935527,cuda
evaluation,1442,879,Cold,0.004075408913195133,0.111111119389534,0.08890674263238907,0.9012345679012346,2.384185791015625e-07,0.0,0.0,,cfg02_G3_D32,1.8739664049935527,cuda
evaluation,1442,879,Warm A,0.006956201046705246,0.1111111119389534,0.07486238330602646,0.9506172839506173,1.1920928955078125e-07,0.23545047640800476,0.5746551752090454,,cfg02_G3_D32,1.8739664049935527,cuda
evaluation,1442,879,Warm B,0.005701293703168631,0.1111111119389534,0.08988268673419952,0.9012345679012346,1.1920928955078125e-07,0.31728246808052063,0.6335117816925049,,cfg02_G3_D32,1.8739664049935527,cuda
evaluation,1442,879,Warm C,0.007917801849544048,0.1111111119389534,0.07620137929916382,0.9629629629629629,2.384185791015625e-07,0.3888404965400696,0.5753191113471985,,cfg02_G3_D32,1.8739664049935527,cuda
evaluation,1445,880,Cold,0.004162031225860119,0.1111111119389534,0.08872294425964355,0.9012345679012346,1.1920928955078125e-07,0.0,0.0,,cfg02_G3_D32,1.8739664049935527,cuda
evaluation,1445,880,Warm A,0.007775397971272469,0.1111111119389534,0.07300809770822525,0.9629629629629629,5.960464477539063e-08,0.2405802458524704,0.5452461838722229,,cfg02_G3_D32,1.8739664049935527,cuda
evaluation,1445,880,Warm B,0.008154654875397682,0.1111111119389534,0.09296183288097382,0.9135802469135802,2.384185791015625e-07,0.40068259835243225,0.3339676558971405,,cfg02_G3_D32,1.8739664049935527,cuda
evaluation,1445,880,Warm C,0.011550712399184704,0.1111111119389534,0.12008900195360184,0.7407407407407407,2.384185791015625e-07,0.5053994059562683,0.27807772159576416,,cfg02_G3_D32,1.8739664049935527,cuda
evaluation,1446,881,Cold,0.004111849702894688,0.111111119389534,0.09036044776439667,0.9012345679012346,2.384185791015625e-07,0.0,0.0,,cfg02_G3_D32,1.8739664049935527,cuda
evaluation,1446,881,Warm A,0.004667991306632757,0.1111111119389534,0.11339303851127625,0.7777777777777778,1.1920928955078125e-07,0.23586033284664154,0.6148054003715515,,cfg02_G3_D32,1.8739664049935527,cuda
evaluation,1446,881,Warm B,0.00488748773932457,0.1111110970377922,0.1246248111128807,0.654320987654321,2.384185791015625e-07,0.35932645201683044,0.46394506096839905,,cfg02_G3_D32,1.8739664049935527,cuda
evaluation,1446,881,Warm C,0.004726340062916279,0.1111111119389534,0.11966196447610855,0.7160493827160493,1.1920928955078125e-07,0.43718984723091125,0.4720174968242645,,cfg02_G3_D32,1.8739664049935527,cuda
evaluation,1453,883,Cold,0.003983978647738695,0.1111111119389534,0.0881895199418068,0.9012345679012346,1.7881393432617188e-07,0.0,0.0,,cfg02_G3_D32,1.8739664049935527,cuda
evaluation,1453,883,Warm A,0.006437175907194614,0.1111111119389534,0.07472246885299683,0.9259259259259259,2.384185791015625e-07,0.23414218425750732,0.6886009573936462,,cfg02_G3_D32,1.8739664049935527,cuda
evaluation,1453,883,Warm B,0.009674083441495895,0.1111111119389534,0.09085427224636078,0.8765432098765432,1.1920928955078125e-07,0.42944684624671936,0.45601049065589905,,cfg02_G3_D32,1.8739664049935527,cuda
evaluation,1453,883,Warm C,0.010883983224630356,0.1111110970377922,0.09037478268146515,0.8888888888888888,1.7881393432617188e-07,0.41809841990470886,0.361986368894577,,cfg02_G3_D32,1.8739664049935527,cuda
evaluation,1454,884,Cold,0.003849304048344493,0.1111111119389534,0.08544503152370453,0.9135802469135802,1.7881393432617188e-07,0.0,0.0,,cfg02_G3_D32,1.8739664049935527,cuda
evaluation,1454,884,Warm A,0.005593470297753811,0.1111111119389534,0.07172100991010666,0.9629629629629629,1.1920928955078125e-07,0.21635816991329193,0.4977414309978485,,cfg02_G3_D32,1.8739664049935527,cuda
evaluation,1454,884,Warm B,0.006238171365112066,0.1111111119389534,0.09001903980970383,0.9259259259259259,2.384185791015625e-07,0.358083039522171,0.4533053934574127,,cfg02_G3_D32,1.8739664049935527,cuda
evaluation,1454,884,Warm C,0.004734120797365904,0.1111111119389534,0.07374051958322525,0.9506172839506173,1.1920928955078125e-07,0.31882357597351074,0.8106037378311157,,cfg02_G3_D32,1.8739664049935527,cuda
evaluation,1456,885,Cold,0.004020100925117731,0.1111111119389534,0.08796331286430359,0.9012345679012346,2.384185791015625e-07,0.0,0.0,,cfg02_G3_D32,1.8739664049935527,cuda
evaluation,1456,885,Warm A,0.005868426524102688,0.1111111119389534,0.07560223340988159,0.9382716049382716,2.384185791015625e-07,0.24891045689582825,0.6779667139053345,,cfg02_G3_D32,1.8739664049935527,cuda
evaluation,1456,885,Warm B,0.0073114847764372826,0.1111110970377922,0.08757425844669342,0.8765432098765432,1.1920928955078125e-07,0.4708767533302307,0.6542102098464966,,cfg02_G3_D32,1.8739664049935527,cuda
evaluation,1456,885,Warm C,0.0096174580976367,0.111111119389534,0.11063127219676971,0.7530864197530864,1.1920928955078125e-07,0.6579394340515137,0.42269301414489746,,cfg02_G3_D32,1.8739664049935527,cuda
evaluation,1460,888,Cold,0.0036589971277862787,0.111111119389534,0.08165229111909866,0.9135802469135802,2.384185791015625e-07,0.0,0.0,,cfg02_G3_D32,1.8739664049935527,cuda
evaluation,1460,888,Warm A,0.005970453377813101,0.111111119389534,0.07274377346038818,0.9629629629629629,1.1920928955078125e-07,0.23322626948356628,0.5286297798156738,,cfg02_G3_D32,1.8739664049935527,cuda
evaluation,1460,888,Warm B,0.008427031338214874,0.111111119389534,0.09295832365751266,0.9259259259259259,2.384185791015625e-07,0.337708979845047,0.5283618569374084,,cfg02_G3_D32,1.8739664049935527,cuda
evaluation,1460,888,Warm C,0.008961141109466553,0.111111119389534,0.08931750804185867,0.9135802469135802,2.384185791015625e-07,0.4295913875102997,0.42174217104911804,,cfg02_G3_D32,1.8739664049935527,cuda
evaluation,1464,890,Cold,0.005193597637116909,0.1111111119389534,0.09752289950847626,0.8271604938271605,1.7881393432617188e-07,0.0,0.0,,cfg02_G3_D32,1.8739664049935527,cuda
evaluation,1464,890,Warm A,0.0036231577396392822,0.1111110970377922,0.11844711005687714,0.7530864197530864,2.384185791015625e-07,0.23570893704891205,0.6555378437042236,,cfg02_G3_D32,1.8739664049935527,cuda
evaluation,1464,890,Warm B,0.006711576599627733,0.1111111119389534,0.09807982295751572,0.8641975308641975,2.384185791015625e-07,0.25173208117485046,0.6442313194274902,,cfg02_G3_D32,1.8739664049935527,cuda
evaluation,1464,890,Warm C,0.005281323567032814,0.1111110970377922,0.09951802343130112,0.8641975308641975,2.384185791015625e-07,0.4183723032474518,0.7327415347099304,,cfg02_G3_D32,1.8739664049935527,cuda
evaluation,1465,891,Cold,0.004075407981872559,0.1111111119389534,0.08890671283006668,0.9012345679012346,1.1920928955078125e-07,0.0,0.0,,cfg02_G3_D32,1.8739664049935527,cuda
evaluation,1465,891,Warm A,0.00353226438164711,0.1111111119389534,0.10437098145484924,0.8148148148148148,2.384185791015625e-07,0.2209990918636322,0.6744537353515625,,cfg02_G3_D32,1.8739664049935527,cuda
evaluation,1465,891,Warm B,0.006207200698554516,0.1111111119389534,0.08620166033506393,0.8888888888888888,1.1920928955078125e-07,0.22938351333141327,0.4817214906215668,,cfg02_G3_D32,1.8739664049935527,cuda
evaluation,1465,891,Warm C,0.009280437603592873,0.1111111119389534,0.0781857967376709,0.9259259259259259,1.1920928955078125e-07,0.38538631796836853,0.5043444037437439,,cfg02_G3_D32,1.8739664049935527,cuda
evaluation,1468,893,Cold,0.003721969434991479,0.1111111119389534,0.08467274159193039,0.9259259259259259,2.384185791015625e-07,0.0,0.0,,cfg02_G3_D32,1.8739664049935527,cuda
evaluation,1468,893,Warm A,0.004683029837906361,0.111111119389534,0.06907016783952713,0.9506172839506173,1.1920928955078125e-07,0.24134813249111176,0.6978456377983093,,cfg02_G3_D32,1.8739664049935527,cuda
evaluation,1468,893,Warm B,0.005423354916274548,0.1111110970377922,0.08418584614992142,0.8888888888888888,2.384185791015625e-07,0.4086907207965851,0.616718590259552,,cfg02_G3_D32,1.8739664049935527,cuda
evaluation,1468,893,Warm C,0.0039626918733119965,0.1111110970377922,0.06893133372068405,0.9506172839506173,1.1920928955078125e-07,0.3255118429660797,0.4921287000179291,,cfg02_G3_D32,1.8739664049935527,cuda
evaluation,1474,894,Cold,0.0030642691999673843,0.1111111119389534,0.07893358916044235,0.9382716049382716,1.1920928955078125e-07,0.0,0.0,,cfg02_G3_D32,1.8739664049935527,cuda
evaluation,1474,894,Warm A,0.005639718379825354,0.1111111119389534,0.06765377521514893,0.9876543209876543,2.384185791015625e-07,0.22597478330135345,0.42888376116752625,,cfg02_G3_D32,1.8739664049935527,cuda
evaluation,1474,894,Warm B,0.007686065509915352,0.1111111119389534,0.08111263066530228,0.9012345679012346,1.1920928955078125e-07,0.37438151240348816,0.49851351976394653,,cfg02_G3_D32,1.8739664049935527,cuda
evaluation,1474,894,Warm C,0.009632974863052368,0.1111111119389534,0.11242592334747314,0.7901234567901234,1.1920928955078125e-07,0.45619654655456543,0.15613535046577454,,cfg02_G3_D32,1.8739664049935527,cuda
evaluation,1475,895,Cold,0.0038381300400942564,0.1111111119389534,0.08803140372037888,0.9012345679012346,1.7881393432617188e-07,0.0,0.0,,cfg02_G3_D32,1.8739664049935527,cuda
evaluation,1475,895,Warm A,0.007134026847779751,0.1111110970377922,0.07423020899295807,0.9382716049382716,1.1920928955078125e-07,0.24744266271591187,0.7392960786819458,,cfg02_G3_D32,1.8739664049935527,cuda
evaluation,1475,895,Warm B,0.006258719600737095,0.1111111119389534,0.07855995744466782,0.9135802469135802,1.1920928955078125e-07,0.27190959453582764,0.4593674838542938,,cfg02_G3_D32,1.8739664049935527,cuda
evaluation,1475,895,Warm C,0.005807003006339073,0.1111111119389534,0.07537930458784103,0.9012345679012346,1.1920928955078125e-07,0.3224196135997772,0.6096839904785156,,cfg02_G3_D32,1.8739664049935527,cuda
evaluation,1482,899,Cold,0.004277817439287901,0.111111119389534,0.09267209470272064,0.8888888888888888,1.1920928955078125e-07,0.0,0.0,,cfg02_G3_D32,1.8739664049935527,cuda
evaluation,1482,899,Warm A,0.005382981617003679,0.1111110970377922,0.07938339561223984,0.9135802469135802,1.7881393432617188e-07,0.23294362425804138,0.5542745590209961,,cfg02_G3_D32,1.8739664049935527,cuda
evaluation,1482,899,Warm B,0.007265654392540455,0.111111119389534,0.07057318836450577,0.9506172839506173,1.1920928955078125e-07,0.35355544090270996,0.5869888663291931,,cfg02_G3_D32,1.8739664049935527,cuda
evaluation,1482,899,Warm C,0.0070959292352199554,0.1111111119389534,0.06827306002378464,0.9506172839506173,1.7881393432617188e-07,0.4564257860183716,0.46078139543533325,,cfg02_G3_D32,1.8739664049935527,cuda
evaluation,1483,900,Cold,0.0048013306222856045,0.1111110970377922,0.09512725472450256,0.8395061728395061,1.1920928955078125e-07,0.0,0.0,,cfg02_G3_D32,1.8739664049935527,cuda
evaluation,1483,900,Warm A,0.008231195621192455,0.1111111119389534,0.08458779007196426,0.9012345679012346,1.1920928955078125e-07,0.24939410388469696,0.6800087094306946,,cfg02_G3_D32,1.8739664049935527,cuda
evaluation,1483,900,Warm B,0.010729470290243626,0.111111119389534,0.09401558339595795,0.8518518518518519,2.384185791015625e-07,0.391156941652298,0.44930124282836914,,cfg02_G3_D32,1.8739664049935527,cuda
evaluation,1483,900,Warm C,0.01313827931880951,0.1111111119389534,0.10704384744167328,0.8024691358024691,1.7881393432617188e-07,0.48672497272491455,0.5891599655151367,,cfg02_G3_D32,1.8739664049935527,cuda
evaluation,1484,901,Cold,0.005209905095398426,0.1111111119389534,0.09707832336425781,0.8271604938271605,1.1920928955078125e-07,0.0,0.0,,cfg02_G3_D32,1.8739664049935527,cuda
evaluation,1484,901,Warm A,0.0047798361629247665,0.1111111119389534,0.10887615382671356,0.7901234567901234,1.1920928955078125e-07,0.22463752329349518,0.5108497738838196,,cfg02_G3_D32,1.8739664049935527,cuda
evaluation,1484,901,Warm B,0.006257754750549793,0.111111119389534,0.10905124992132187,0.7777777777777778,1.1920928955078125e-07,0.37319326400756836,0.5382078289985657,,cfg02_G3_D32,1.8739664049935527,cuda
evaluation,1484,901,Warm C,0.008046604692935944,0.1111111119389534,0.09286912530660629,0.8765432098765432,1.1920928955078125e-07,0.3956003785133362,0.7098875045776367,,cfg02_G3_D32,1.8739664049935527,cuda
evaluation,1487,903,Cold,0.003217624267563224,0.1111111119389534,0.08018019050359726,0.9259259259259259,1.1920928955078125e-07,0.0,0.0,,cfg02_G3_D32,1.8739664049935527,cuda
evaluation,1487,903,Warm A,0.006278082262724638,0.1111110970377922,0.06592360138893127,0.9753086419753086,1.1920928955078125e-07,0.2402932494878769,0.6087387800216675,,cfg02_G3_D32,1.8739664049935527,cuda
evaluation,1487,903,Warm B,0.006444776430726051,0.1111110970377922,0.07060705870389938,0.9629629629629629,1.1920928955078125e-07,0.3543854355812073,0.5283397436141968,,cfg02_G3_D32,1.8739664049935527,cuda
evaluation,1487,903,Warm C,0.00809825025498867,0.1111110970377922,0.088313028216362,0.8888888888888888,2.384185791015625e-07,0.48254966735839844,0.4639618992805481,,cfg02_G3_D32,1.8739664049935527,cuda
evaluation,1498,905,Cold,0.0039757112972438335,0.111111119389534,0.08783531934022903,0.9012345679012346,1.1920928955078125e-07,0.0,0.0,,cfg02_G3_D32,1.8739664049935527,cuda
evaluation,1498,905,Warm A,0.006589588709175587,0.1111111119389534,0.07416696846485138,0.9259259259259259,1.1920928955078125e-07,0.24497166275978088,0.5910391211509705,,cfg02_G3_D32,1.8739664049935527,cuda
evaluation,1498,905,Warm B,0.005404905416071415,0.1111111119389534,0.07651064544916153,0.9753086419753086,2.384185791015625e-07,0.3512531816959381,0.48093482851982117,,cfg02_G3_D32,1.8739664049935527,cuda
evaluation,1498,905,Warm C,0.00704270601272583,0.111111119389534,0.08882147818803787,0.9259259259259259,1.1920928955078125e-07,0.45323091745376587,0.5284380912780762,,cfg02_G3_D32,1.8739664049935527,cuda
evaluation,1503,908,Cold,0.0042078522965312,0.1111111119389534,0.09108246117830276,0.9012345679012346,1.7881393432617188e-07,0.0,0.0,,cfg02_G3_D32,1.8739664049935527,cuda
evaluation,1503,908,Warm A,0.0058449022471904755,0.1111111119389534,0.07371317595243454,0.9506172839506173,1.1920928955078125e-07,0.24014724791049957,0.570300281047821,,cfg02_G3_D32,1.8739664049935527,cuda
evaluation,1503,908,Warm B,0.007980928756296635,0.1111110970377922,0.08778282254934311,0.9135802469135802,2.384185791015625e-07,0.45301762223243713,0.39618346095085144,,cfg02_G3_D32,1.8739664049935527,cuda
evaluation,1503,908,Warm C,0.008012446574866772,0.1111111119389534,0.1059078499674797,0.8148148148148148,1.1920928955078125e-07,0.5671359300613403,0.39486321806907654,,cfg02_G3_D32,1.8739664049935527,cuda
evaluation,1515,910,Cold,0.004613783676177263,0.1111111119389534,0.09049282968044281,0.8765432098765432,2.384185791015625e-07,0.0,0.0,,cfg02_G3_D32,1.8739664049935527,cuda
evaluation,1515,910,Warm A,0.009121845476329327,0.1111111119389534,0.07910243421792984,0.9506172839506173,2.384185791015625e-07,0.23912060260772705,0.660203754901886,,cfg02_G3_D32,1.8739664049935527,cuda
evaluation,1515,910,Warm B,0.010612839832901955,0.111111119389534,0.09585487097501755,0.8765432098765432,1.1920928955078125e-07,0.40201014280319214,0.2728705108165741,,cfg02_G3_D32,1.8739664049935527,cuda
evaluation,1515,910,Warm C,0.009182838723063469,0.1111111119389534,0.08406880497932434,0.9382716049382716,2.384185791015625e-07,0.4585425555706024,0.3526242673397064,,cfg02_G3_D32,1.8739664049935527,cuda
evaluation,1526,913,Cold,0.004064314067363739,0.1111111119389534,0.09180726110935211,0.9012345679012346,1.1920928955078125e-07,0.0,0.0,,cfg02_G3_D32,1.8739664049935527,cuda
evaluation,1526,913,Warm A,0.0043869842775166035,0.111111119389534,0.07468543946743011,0.9506172839506173,1.1920928955078125e-07,0.2394866794347763,0.5578641295433044,,cfg02_G3_D32,1.8739664049935527,cuda
evaluation,1526,913,Warm B,0.005977347958832979,0.1111111119389534,0.08398175239562988,0.9135802469135802,1.1920928955078125e-07,0.38146451115608215,0.4451696574687958,,cfg02_G3_D32,1.8739664049935527,cuda
evaluation,1526,913,Warm C,0.007907845079898834,0.1111111119389534,0.10894957929849625,0.8024691358024691,2.384185791015625e-07,0.521062970161438,0.36278367042541504,,cfg02_G3_D32,1.8739664049935527,cuda
evaluation,1535,915,Cold,0.0040139928460121155,0.1111111119389534,0.08976541459560394,0.9012345679012346,1.1920928955078125e-07,0.0,0.0,,cfg02_G3_D32,1.8739664049935527,cuda
evaluation,1535,915,Warm A,0.0026540160179138184,0.1111110970377922,0.08575569093227386,0.9012345679012346,2.384185791015625e-07,0.23841916024684906,0.6311936974525452,,cfg02_G3_D32,1.8739664049935527,cuda
evaluation,1535,915,Warm B,0.0043330262415111065,0.1111111119389534,0.10265550017356873,0.8148148148148148,2.384185791015625e-07,0.2443016618490219,0.6371988654136658,,cfg02_G3_D32,1.8739664049935527,cuda
evaluation,1535,915,Warm C,0.004385117441415787,0.111111119389534,0.09234628081321716,0.8888888888888888,2.384185791015625e-07,0.35000067949295044,0.5794270634651184,,cfg02_G3_D32,1.8739664049935527,cuda
evaluation,1545,920,Cold,0.004258141852915287,0.1111111119389534,0.09371349960565567,0.8765432098765432,1.7881393432617188e-07,0.0,0.0,,cfg02_G3_D32,1.8739664049935527,cuda
evaluation,1545,920,Warm A,0.005040248390287161,0.111111119389534,0.1119242012500763,0.7777777777777778,2.384185791015625e-07,0.2328464537858963,0.5261339545249939,,cfg02_G3_D32,1.8739664049935527,cuda
evaluation,1545,920,Warm B,0.006176395807415247,0.1111111119389534,0.116142138838768,0.7160493827160493,1.1920928955078125e-07,0.3837234675884247,0.42522287368774414,,cfg02_G3_D32,1.8739664049935527,cuda
evaluation,1545,920,Warm C,0.00601385161280632,0.1111111119389534,0.1076357290148735,0.8024691358024691,1.7881393432617188e-07,0.4512266218662262,0.5855178236961365,,cfg02_G3_D32,1.8739664049935527,cuda
evaluation,1550,921,Cold,0.003991864155977964,0.1111111119389534,0.08767353743314743,0.9012345679012346,1.1920928955078125e-07,0.0,0.0,,cfg02_G3_D32,1.8739664049935527,cuda
evaluation,1550,921,Warm A,0.00515443691983819,0.1111111119389534,0.07526004314422607,0.9382716049382716,1.1920928955078125e-07,0.23712816834449768,0.5951189398765564,,cfg02_G3_D32,1.8739664049935527,cuda
evaluation,1550,921,Warm B,0.005697457119822502,0.1111111119389534,0.084325410425663,0.9135802469135802,2.384185791015625e-07,0.3651380240917206,0.5362691879272461,,cfg02_G3_D32,1.8739664049935527,cuda
evaluation,1550,921,Warm C,0.00913778692483902,0.1111111119389534,0.10623735189437866,0.8271604938271605,1.1920928955078125e-07,0.4992607533931732,0.3199382424354553,,cfg02_G3_D32,1.8739664049935527,cuda
evaluation,1554,923,Cold,0.0038386175874620676,0.1111111119389534,0.08583556115627289,0.9012345679012346,1.1920928955078125e-07,0.0,0.0,,cfg02_G3_D32,1.8739664049935527,cuda
evaluation,1554,923,Warm A,0.005852143745869398,0.1111111119389534,0.08955814689397812,0.8641975308641975,2.384185791015625e-07,0.22074691951274872,0.6638155579566956,,cfg02_G3_D32,1.8739664049935527,cuda
evaluation,1554,923,Warm B,0.006931937765330076,0.1111110970377922,0.08598419278860092,0.9506172839506173,2.384185791015625e-07,0.3841654658317566,0.5417787432670593,,cfg02_G3_D32,1.8739664049935527,cuda
evaluation,1554,923,Warm C,0.007498870138078928,0.111111119389534,0.07738789170980453,0.9382716049382716,2.384185791015625e-07,0.5292953252792358,0.5090586543083191,,cfg02_G3_D32,1.8739664049935527,cuda
evaluation,1592,937,Cold,0.0031338606495410204,0.1111111119389534,0.07604115456342697,0.9506172839506173,1.1920928955078125e-07,0.0,0.0,,cfg02_G3_D32,1.8739664049935527,cuda
evaluation,1592,937,Warm A,0.006624829024076462,0.1111111119389534,0.06960529088973999,0.9629629629629629,2.384185791015625e-07,0.2401343584060669,0.5608600974082947,,cfg02_G3_D32,1.8739664049935527,cuda
evaluation,1592,937,Warm B,0.009988520294427872,0.1111111119389534,0.09681522101163864,0.8765432098765432,1.1920928955078125e-07,0.4588974416255951,0.3325689435005188,,cfg02_G3_D32,1.8739664049935527,cuda
evaluation,1592,937,Warm C,0.011531217955052853,0.1111110970377922,0.10277888923883438,0.8148148148148148,2.384185791015625e-07,0.650866687297821,0.5068098902702332,,cfg02_G3_D32,1.8739664049935527,cuda
evaluation,1593,938,Cold,0.003041099524125457,0.111111119389534,0.07205482572317123,0.9629629629629629,1.1920928955078125e-07,0.0,0.0,,cfg02_G3_D32,1.8739664049935527,cuda
evaluation,1593,938,Warm A,0.005042071919888258,0.1111111119389534,0.07090529054403305,0.9753086419753086,1.1920928955078125e-07,0.2206452190876007,0.5296487808227539,,cfg02_G3_D32,1.8739664049935527,cuda
evaluation,1593,938,Warm B,0.007551098242402077,0.111111119389534,0.0935630202293396,0.9012345679012346,2.384185791015625e-07,0.30591875314712524,0.5374501347541809,,cfg02_G3_D32,1.8739664049935527,cuda
evaluation,1593,938,Warm C,0.00992831215262413,0.1111111119389534,0.11920188367366791,0.7407407407407407,1.7881393432617188e-07,0.4021487236022949,0.4772789180278778,,cfg02_G3_D32,1.8739664049935527,cuda
evaluation,1595,940,Cold,0.004184846766293049,0.1111110970377922,0.0691576898097992,0.9506172839506173,1.1920928955078125e-07,0.0,0.0,,cfg02_G3_D32,1.8739664049935527,cuda
evaluation,1595,940,Warm A,0.007374238688498735,0.1111111119389534,0.080003522336483,0.9506172839506173,1.1920928955078125e-07,0.23812216520309448,0.40660038590431213,,cfg02_G3_D32,1.8739664049935527,cuda
evaluation,1595,940,Warm B,0.01027084980159998,0.1111111119389534,0.11012352257966995,0.8148148148148148,2.384185791015625e-07,0.43380093574523926,0.23692293465137482,,cfg02_G3_D32,1.8739664049935527,cuda
evaluation,1595,940,Warm C,0.013096040114760399,0.111111119389534,0.13329647481441498,0.6419753086419753,2.384185791015625e-07,0.5790227651596069,0.26430463790893555,,cfg02_G3_D32,1.8739664049935527,cuda
evaluation,1598,942,Cold,0.004944432992488146,0.1111111119389534,0.09558743238449097,0.8395061728395061,1.1920928955078125e-07,0.0,0.0,,cfg02_G3_D32,1.8739664049935527,cuda
evaluation,1598,942,Warm A,0.007611113600432873,0.1111111119389534,0.08324120193719864,0.9135802469135802,1.1920928955078125e-07,0.2449302226305008,0.6735078692436218,,cfg02_G3_D32,1.8739664049935527,cuda
evaluation,1598,942,Warm B,0.008912906982004642,0.1111111119389534,0.08971422910690308,0.8395061728395061,1.1920928955078125e-07,0.4121076464653015,0.359782338142395,,cfg02_G3_D32,1.8739664049935527,cuda
evaluation,1598,942,Warm C,0.011165929026901722,0.1111111119389534,0.10865122079849243,0.7654320987654321,2.384185791015625e-07,0.5708428025245667,0.37775999307632446,,cfg02_G3_D32,1.8739664049935527,cuda
evaluation,1599,943,Cold,0.004175062756985426,0.111111119389534,0.07663038372993469,0.9135802469135802,1.1920928955078125e-07,0.0,0.0,,cfg02_G3_D32,1.8739664049935527,cuda
evaluation,1599,943,Warm A,0.006473289802670479,0.1111110970377922,0.08169086277484894,0.9135802469135802,1.1920928955078125e-07,0.24305520951747894,0.3724076747894287,,cfg02_G3_D32,1.8739664049935527,cuda
evaluation,1599,943,Warm B,0.008232556283473969,0.1111111119389534,0.10890396684408188,0.8395061728395061,2.384185791015625e-07,0.43314093351364136,0.2893201410770416,,cfg02_G3_D32,1.8739664049935527,cuda
evaluation,1599,943,Warm C,0.009014124050736427,0.111111119389534,0.12693481147289276,0.6790123456790124,1.1920928955078125e-07,0.5092273950576782,0.2998274266719818,,cfg02_G3_D32,1.8739664049935527,cuda
evaluation,1600,944,Cold,0.0033308856654912233,0.111111119389534,0.07813127338886261,0.9259259259259259,2.384185791015625e-07,0.0,0.0,,cfg02_G3_D32,1.8739664049935527,cuda
evaluation,1600,944,Warm A,0.0068075694143772125,0.1111111119389534,0.06941550970077515,0.9753086419753086,1.1920928955078125e-07,0.220418319106102,0.6664748191833496,,cfg02_G3_D32,1.8739664049935527,cuda
evaluation,1600,944,Warm B,0.008519388735294342,0.1111111119389534,0.08064977824687958,0.9382716049382716,2.384185791015625e-07,0.35215121507644653,0.6784874200820923,,cfg02_G3_D32,1.8739664049935527,cuda
evaluation,1600,944,Warm C,0.007189376745373011,0.1111111119389534,0.0744432732462883,0.9012345679012346,1.1920928955078125e-07,0.45425572991371155,0.5837737917900085,,cfg02_G3_D32,1.8739664049935527,cuda
evaluation,1601,945,Cold,0.0041486541740596294,0.1111110970377922,0.08807085454463959,0.9012345679012346,1.1920928955078125e-07,0.0,0.0,,cfg02_G3_D32,1.8739664049935527,cuda
evaluation,1601,945,Warm A,0.0063379062339663506,0.1111111119389534,0.07370645552873611,0.9259259259259259,1.1920928955078125e-07,0.24500411748886108,0.4393892288208008,,cfg02_G3_D32,1.8739664049935527,cuda
evaluation,1601,945,Warm B,0.009310126304626465,0.111111119389534,0.09039965271949768,0.9259259259259259,1.7881393432617188e-07,0.3682558536529541,0.4061398506164551,,cfg02_G3_D32,1.8739664049935527,cuda
evaluation,1601,945,Warm C,0.012298252433538437,0.1111111119389534,0.11599448323249817,0.7407407407407407,1.1920928955078125e-07,0.5015345215797424,0.3007149398326874,,cfg02_G3_D32,1.8739664049935527,cuda
evaluation,1604,947,Cold,0.004273669328540564,0.111111119389534,0.07307402044534683,0.9382716049382716,1.1920928955078125e-07,0.0,0.0,,cfg02_G3_D32,1.8739664049935527,cuda
evaluation,1604,947,Warm A,0.008035335689783096,0.1111111119389534,0.08144547045230865,0.9382716049382716,1.1920928955078125e-07,0.2286379039287567,0.32470402121543884,,cfg02_G3_D32,1.8739664049935527,cuda
evaluation,1604,947,Warm B,0.006075584329664707,0.1111111119389534,0.07180264592170715,0.9506172839506173,1.7881393432617188e-07,0.32523274421691895,0.4004758894443512,,cfg02_G3_D32,1.8739664049935527,cuda
evaluation,1604,947,Warm C,0.006749710999429226,0.111111119389534,0.09664572775363922,0.9012345679012346,2.384185791015625e-07,0.36942043900489807,0.3221675753593445,,cfg02_G3_D32,1.8739664049935527,cuda
evaluation,1605,948,Cold,0.004082861356437206,0.1111111119389534,0.08380208909511566,0.8888888888888888,2.384185791015625e-07,0.0,0.0,,cfg02_G3_D32,1.8739664049935527,cuda
evaluation,1605,948,Warm A,0.0050415354780852795,0.1111111119389534,0.07415672391653061,0.9382716049382716,1.7881393432617188e-07,0.22934316098690033,0.5915449857711792,,cfg02_G3_D32,1.8739664049935527,cuda
evaluation,1605,948,Warm B,0.007123029325157404,0.1111111119389534,0.09552673250436783,0.9012345679012346,1.1920928955078125e-07,0.37831392884254456,0.35996976494789124,,cfg02_G3_D32,1.8739664049935527,cuda
evaluation,1605,948,Warm C,0.0033253927249461412,0.1111110970377922,0.07589811831712723,0.9629629629629629,1.7881393432617188e-07,0.4105396568775177,0.634427547454834,,cfg02_G3_D32,1.8739664049935527,cuda
evaluation,1606,949,Cold,0.004522594157606363,0.1111110970377922,0.08657637983560562,0.8641975308641975,1.1920928955078125e-07,0.0,0.0,,cfg02_G3_D32,1.8739664049935527,cuda
evaluation,1606,949,Warm A,0.008138895966112614,0.1111111119389534,0.08054783195257187,0.9135802469135802,1.1920928955078125e-07,0.24063873291015625,0.42347756028175354,,cfg02_G3_D32,1.8739664049935527,cuda
evaluation,1606,949,Warm B,0.00935249961912632,0.1111111119389534,0.09474968910217285,0.8888888888888888,1.7881393432617188e-07,0.3066408336162567,0.4365037977695465,,cfg02_G3_D32,1.8739664049935527,cuda
evaluation,1606,949,Warm C,0.010578503832221031,0.1111110970377922,0.1123005747795105,0.8395061728395061,2.384185791015625e-07,0.37977492809295654,0.41519394516944885,,cfg02_G3_D32,1.8739664049935527,cuda
evaluation,1621,959,Cold,0.004267249256372452,0.1111110970377922,0.09135490655899048,0.8888888888888888,1.1920928955078125e-07,0.0,0.0,,cfg02_G3_D32,1.8739664049935527,cuda
evaluation,1621,959,Warm A,0.0036408191081136465,0.1111111119389534,0.10178050398826599,0.8395061728395061,1.1920928955078125e-07,0.23278366029262543,0.5183761119842529,,cfg02_G3_D32,1.8739664049935527,cuda
evaluation,1621,959,Warm B,0.0062366328202188015,0.1111111119389534,0.07871165871620178,0.9382716049382716,1.1920928955078125e-07,0.23367443680763245,0.8274226188659668,,cfg02_G3_D32,1.8739664049935527,cuda
evaluation,1621,959,Warm C,0.008330507203936577,0.1111111119389534,0.07126901298761368,0.9382716049382716,2.384185791015625e-07,0.3203214704990387,0.631415069103241,,cfg02_G3_D32,1.8739664049935527,cuda
evaluation,1623,960,Cold,0.0028864473570138216,0.1111111119389534,0.07489019632339478,0.9629629629629629,2.384185791015625e-07,0.0,0.0,,cfg02_G3_D32,1.8739664049935527,cuda
evaluation,1623,960,Warm A,0.005523772444576025,0.1111110970377922,0.06897006183862686,0.9753086419753086,1.1920928955078125e-07,0.24368931353092194,0.4482264518737793,,cfg02_G3_D32,1.8739664049935527,cuda
evaluation,1623,960,Warm B,0.008776247501373291,0.1111110970377922,0.09355229884386063,0.9135802469135802,1.1920928955078125e-07,0.4577697515487671,0.3089521825313568,,cfg02_G3_D32,1.8739664049935527,cuda
evaluation,1623,960,Warm C,0.012585076503455639,0.1111111119389534,0.12208567559719086,0.7283950617283951,1.1920928955078125e-07,0.5958030223846436,0.24152104556560516,,cfg02_G3_D32,1.8739664049935527,cuda
evaluation,1626,962,Cold,0.004101245664060116,0.1111111119389534,0.08456328511238098,0.9012345679012346,1.1920928955078125e-07,0.0,0.0,,cfg02_G3_D32,1.8739664049935527,cuda
evaluation,1626,962,Warm A,0.0077443416230380535,0.111111119389534,0.07685974985361099,0.9135802469135802,1.7881393432617188e-07,0.24008594453334808,0.6583681702613831,,cfg02_G3_D32,1.8739664049935527,cuda
evaluation,1626,962,Warm B,0.010663856752216816,0.1111111119389534,0.09603486955165863,0.8641975308641975,2.384185791015625e-07,0.36400270462036133,0.2748212218284607,,cfg02_G3_D32,1.8739664049935527,cuda
evaluation,1626,962,Warm C,0.014110731892287731,0.1111111119389534,0.11544247716665268,0.8024691358024691,1.1920928955078125e-07,0.46466073393821716,0.31087470054626465,,cfg02_G3_D32,1.8739664049935527,cuda
evaluation,1629,964,Cold,0.003807282308116555,0.111111119389534,0.08491124212741852,0.9012345679012346,1.1920928955078125e-07,0.0,0.0,,cfg02_G3_D32,1.8739664049935527,cuda
evaluation,1629,964,Warm A,0.005434124730527401,0.1111111119389534,0.0728793814778328,0.9135802469135802,1.1920928955078125e-07,0.2387285679578781,0.5613839626312256,,cfg02_G3_D32,1.8739664049935527,cuda
evaluation,1629,964,Warm B,0.005971720442175865,0.1111110970377922,0.08262526243925095,0.8888888888888888,1.7881393432617188e-07,0.36300167441368103,0.5374243855476379,,cfg02_G3_D32,1.8739664049935527,cuda
evaluation,1629,964,Warm C,0.009153810329735279,0.1111111119389534,0.09682099521160126,0.8271604938271605,1.1920928955078125e-07,0.36629658937454224,0.35368576645851135,,cfg02_G3_D32,1.8739664049935527,cuda
evaluation,1640,968,Cold,0.004123111255466938,0.111111119389534,0.09190049767494202,0.9012345679012346,2.384185791015625e-07,0.0,0.0,,cfg02_G3_D32,1.8739664049935527,cuda
evaluation,1640,968,Warm A,0.0058959308080375195,0.1111111119389534,0.07408388704061508,0.9506172839506173,1.1920928955078125e-07,0.24436011910438538,0.48355981707572937,,cfg02_G3_D32,1.8739664049935527,cuda
evaluation,1640,968,Warm B,0.00846950989216566,0.111111119389534,0.0893138125538826,0.9012345679012346,1.1920928955078125e-07,0.43535107374191284,0.3498798906803131,,cfg02_G3_D32,1.8739664049935527,cuda
evaluation,1640,968,Warm C,0.010789093561470509,0.1111110970377922,0.10956653952598572,0.7901234567901234,1.1920928955078125e-07,0.5904539227485657,0.4504624903202057,,cfg02_G3_D32,1.8739664049935527,cuda
evaluation,1642,970,Cold,0.003839844139292836,0.1111111119389534,0.087663434445858,0.9135802469135802,1.7881393432617188e-07,0.0,0.0,,cfg02_G3_D32,1.8739664049935527,cuda
evaluation,1642,970,Warm A,0.00554937869310379,0.1111111119389534,0.0740436390042305,0.9259259259259259,2.384185791015625e-07,0.23642729222774506,0.6230635046958923,,cfg02_G3_D32,1.8739664049935527,cuda
evaluation,1642,970,Warm B,0.007090788334608078,0.111111119389534,0.0748138278722763,0.9506172839506173,1.1920928955078125e-07,0.3351256549358368,0.4104993939399719,,cfg02_G3_D32,1.8739664049935527,cuda
evaluation,1642,970,Warm C,0.00943081546574831,0.1111111119389534,0.10090820491313934,0.8271604938271605,1.1920928955078125e-07,0.5270955562591553,0.4093535542488098,,cfg02_G3_D32,1.8739664049935527,cuda
evaluation,1646,974,Cold,0.0034198774956166744,0.1111111119389534,0.08113119006156921,0.9259259259259259,1.1920928955078125e-07,0.0,0.0,,cfg02_G3_D32,1.8739664049935527,cuda
evaluation,1646,974,Warm A,0.005808801855891943,0.1111111119389534,0.07266505062580109,0.9506172839506173,1.1920928955078125e-07,0.23698414862155914,0.4932485520839691,,cfg02_G3_D32,1.8739664049935527,cuda
evaluation,1646,974,Warm B,0.00708978483453393,0.111111119389534,0.09066172689199448,0.9135802469135802,2.384185791015625e-07,0.37787362933158875,0.5458900332450867,,cfg02_G3_D32,1.8739664049935527,cuda
evaluation,1646,974,Warm C,0.005963291507214308,0.111111119389534,0.08408454060554504,0.9382716049382716,1.1920928955078125e-07,0.49805372953414917,0.628027617931366,,cfg02_G3_D32,1.8739664049935527,cuda
evaluation,1647,975,Cold,0.004625966772437096,0.1111111119389534,0.08715400099754333,0.8888888888888888,2.384185791015625e-07,0.0,0.0,,cfg02_G3_D32,1.8739664049935527,cuda
evaluation,1647,975,Warm A,0.007470567245036364,0.1111111119389534,0.08072176575660706,0.9012345679012346,1.1920928955078125e-07,0.2533803880214691,0.4580301344394684,,cfg02_G3_D32,1.8739664049935527,cuda
evaluation,1647,975,Warm B,0.00886309240013361,0.1111111119389534,0.0800318643450737,0.9259259259259259,1.1920928955078125e-07,0.37363702058792114,0.4551731050014496,,cfg02_G3_D32,1.8739664049935527,cuda
evaluation,1647,975,Warm C,0.010699973441660404,0.1111111119389534,0.09955661743879318,0.8395061728395061,1.1920928955078125e-07,0.42552071809768677,0.45422205328941345,,cfg02_G3_D32,1.8739664049935527,cuda
evaluation,1648,976,Cold,0.004391662310808897,0.1111111119389534,0.09101290255784988,0.8888888888888888,2.384185791015625e-07,0.0,0.0,,cfg02_G3_D32,1.8739664049935527,cuda
evaluation,1648,976,Warm A,0.008276345208287239,0.1111110970377922,0.07325304299592972,0.9382716049382716,1.7881393432617188e-07,0.23310795426368713,0.6150982975959778,,cfg02_G3_D32,1.8739664049935527,cuda
evaluation,1648,976,Warm B,0.005956655368208885,0.1111111119389534,0.0886509045958519,0.9135802469135802,1.1920928955078125e-07,0.26625001430511475,0.5941116213798523,,cfg02_G3_D32,1.8739664049935527,cuda
evaluation,1648,976,Warm C,0.0045518516562879086,0.1111111119389534,0.1120738834142685,0.7901234567901234,2.384185791015625e-07,0.29264405369758606,0.6195781826972961,,cfg02_G3_D32,1.8739664049935527,cuda
evaluation,1649,977,Cold,0.0028822654858231544,0.111111119389534,0.08095851540565491,0.9259259259259259,1.1920928955078125e-07,0.0,0.0,,cfg02_G3_D32,1.8739664049935527,cuda
evaluation,1649,977,Warm A,0.002934625605121255,0.1111111119389534,0.07725117355585098,0.9259259259259259,2.384185791015625e-07,0.23054684698581696,0.556255042552948,,cfg02_G3_D32,1.8739664049935527,cuda
evaluation,1649,977,Warm B,0.0014504553982988,0.1111111119389534,0.09776177257299423,0.8024691358024691,2.384185791015625e-07,0.40016597509384155,0.36512622237205505,,cfg02_G3_D32,1.8739664049935527,cuda
evaluation,1649,977,Warm C,0.0010726744076237082,0.1111111119389534,0.0852493867278099,0.8641975308641975,1.1920928955078125e-07,0.34153464436531067,0.754274845123291,,cfg02_G3_D32,1.8739664049935527,cuda
evaluation,1654,979,Cold,0.003555252682417631,0.1111111119389534,0.08714387565851212,0.9259259259259259,1.7881393432617188e-07,0.0,0.0,,cfg02_G3_D32,1.8739664049935527,cuda
evaluation,1654,979,Warm A,0.005843094550073147,0.111111119389534,0.06846965104341507,0.9629629629629629,1.7881393432617188e-07,0.24027767777442932,0.48333796858787537,,cfg02_G3_D32,1.8739664049935527,cuda
evaluation,1654,979,Warm B,0.005038000643253326,0.1111111119389534,0.08683276921510696,0.8765432098765432,1.1920928955078125e-07,0.31126168370246887,0.6148342490196228,,cfg02_G3_D32,1.8739664049935527,cuda
evaluation,1654,979,Warm C,0.0063852411694824696,0.111111119389534,0.07314590364694595,0.9382716049382716,2.384185791015625e-07,0.4195204973220825,0.5956598520278931,,cfg02_G3_D32,1.8739664049935527,cuda
evaluation,1655,980,Cold,0.0029360821936279535,0.1111111119389534,0.0808551087975502,0.9259259259259259,2.384185791015625e-07,0.0,0.0,,cfg02_G3_D32,1.8739664049935527,cuda
evaluation,1655,980,Warm A,0.005742300767451525,0.111111119389534,0.06641506403684616,0.9629629629629629,1.1920928955078125e-07,0.23049350082874298,0.5479831099510193,,cfg02_G3_D32,1.8739664049935527,cuda
evaluation,1655,980,Warm B,0.008501277305185795,0.1111111119389534,0.07349973171949387,0.9382716049382716,1.7881393432617188e-07,0.35189107060432434,0.4498399794101715,,cfg02_G3_D32,1.8739664049935527,cuda
evaluation,1655,980,Warm C,0.01156756840646267,0.1111111119389534,0.08739392459392548,0.9135802469135802,2.384185791015625e-07,0.3700031638145447,0.3365831673145294,,cfg02_G3_D32,1.8739664049935527,cuda
evaluation,1658,981,Cold,0.0046294028870761395,0.1111111119389534,0.09580783545970917,0.8271604938271605,1.1920928955078125e-07,0.0,0.0,,cfg02_G3_D32,1.8739664049935527,cuda
evaluation,1658,981,Warm A,0.0039447215385735035,0.1111111119389534,0.10959258675575256,0.8148148148148148,2.384185791015625e-07,0.19762547314167023,0.5948624014854431,,cfg02_G3_D32,1.8739664049935527,cuda
evaluation,1658,981,Warm B,0.004411538131535053,0.1111111119389534,0.09290748089551926,0.8641975308641975,1.1920928955078125e-07,0.19166706502437592,0.8037744760513306,,cfg02_G3_D32,1.8739664049935527,cuda
evaluation,1658,981,Warm C,0.007145324721932411,0.1111111119389534,0.0789346694946289,0.9012345679012346,1.1920928955078125e-07,0.3024751543998718,0.5328319668769836,,cfg02_G3_D32,1.8739664049935527,cuda
evaluation,1660,982,Cold,0.004028529394418001,0.1111111119389534,0.09066540002822876,0.8888888888888888,1.1920928955078125e-07,0.0,0.0,,cfg02_G3_D32,1.8739664049935527,cuda
evaluation,1660,982,Warm A,0.003876085625961423,0.111111119389534,0.101591557264328,0.8148148148148148,1.1920928955078125e-07,0.20163017511367798,0.5956318378448486,,cfg02_G3_D32,1.8739664049935527,cuda
evaluation,1660,982,Warm B,0.0055191125720739365,0.1111111119389534,0.07936577498912811,0.9259259259259259,1.1920928955078125e-07,0.3700711727142334,0.7152248024940491,,cfg02_G3_D32,1.8739664049935527,cuda
evaluation,1660,982,Warm C,0.006085328757762909,0.1111111119389534,0.07357484847307205,0.9259259259259259,1.1920928955078125e-07,0.3973053991794586,0.6781842112541199,,cfg02_G3_D32,1.8739664049935527,cuda
evaluation,1661,983,Cold,0.00522348377853632,0.1111111119389534,0.09194567054510117,0.8518518518518519,1.1920928955078125e-07,0.0,0.0,,cfg02_G3_D32,1.8739664049935527,cuda
evaluation,1661,983,Warm A,0.009263993240892887,0.1111111119389534,0.08232136070728302,0.9012345679012346,1.1920928955078125e-07,0.24440917372703552,0.4977157711982727,,cfg02_G3_D32,1.8739664049935527,cuda
evaluation,1661,983,Warm B,0.010516081005334854,0.1111111119389534,0.08857795596122742,0.9259259259259259,2.384185791015625e-07,0.3800819218158722,0.4314625859260559,,cfg02_G3_D32,1.8739664049935527,cuda
evaluation,1661,983,Warm C,0.008544541895389557,0.1111111119389534,0.07979889959096909,0.9506172839506173,1.7881393432617188e-07,0.4358593225479126,0.6086562871932983,,cfg02_G3_D32,1.8739664049935527,cuda
evaluation,1667,985,Cold,0.003886378835886717,0.1111111119389534,0.08341501653194427,0.9012345679012346,1.1920928955078125e-07,0.0,0.0,,cfg02_G3_D32,1.8739664049935527,cuda
evaluation,1667,985,Warm A,0.00561818340793252,0.1111110970377922,0.07356122136116028,0.9629629629629629,2.384185791015625e-07,0.22690388560295105,0.6832026839256287,,cfg02_G3_D32,1.8739664049935527,cuda
evaluation,1667,985,Warm B,0.007854410447180271,0.1111110970377922,0.096346914768219,0.9012345679012346,1.7881393432617188e-07,0.35494348406791687,0.34093037247657776,,cfg02_G3_D32,1.8739664049935527,cuda
evaluation,1667,985,Warm C,0.005573553498834372,0.1111110970377922,0.08350827544927597,0.9629629629629629,2.384185791015625e-07,0.4682806432247162,0.6269807815551758,,cfg02_G3_D32,1.8739664049935527,cuda
evaluation,1670,986,Cold,0.004143787082284689,0.1111111119389534,0.08996003866195679,0.8888888888888888,1.1920928955078125e-07,0.0,0.0,,cfg02_G3_D32,1.8739664049935527,cuda
evaluation,1670,986,Warm A,0.003114616498351097,0.1111110970377922,0.10587958991527557,0.7901234567901234,2.384185791015625e-07,0.2422199249267578,0.5572245121002197,,cfg02_G3_D32,1.8739664049935527,cuda
evaluation,1670,986,Warm B,0.005367585923522711,0.1111111119389534,0.08184769749641418,0.9259259259259259,2.384185791015625e-07,0.264766126871109,0.7000113725662231,,cfg02_G3_D32,1.8739664049935527,cuda
evaluation,1670,986,Warm C,0.006067957729101181,0.1111111119389534,0.08101090788841248,0.9506172839506173,1.1920928955078125e-07,0.389276385307312,0.6537766456604004,,cfg02_G3_D32,1.8739664049935527,cuda
evaluation,1681,993,Cold,0.004039658699184656,0.111111119389534,0.07803178578615189,0.9135802469135802,1.1920928955078125e-07,0.0,0.0,,cfg02_G3_D32,1.8739664049935527,cuda
evaluation,1681,993,Warm A,0.006712176837027073,0.111111119389534,0.07954848557710648,0.9259259259259259,2.384185791015625e-07,0.24760152399539948,0.5163853764533997,,cfg02_G3_D32,1.8739664049935527,cuda
evaluation,1681,993,Warm B,0.00936072040349245,0.1111111119389534,0.10933693498373032,0.8765432098765432,2.384185791015625e-07,0.39114677906036377,0.2651134729385376,,cfg02_G3_D32,1.8739664049935527,cuda
evaluation,1681,993,Warm C,0.012999448925256729,0.1111111119389534,0.13386116921901703,0.6419753086419753,2.384185791015625e-07,0.591007649898529,0.3479277789592743,,cfg02_G3_D32,1.8739664049935527,cuda
evaluation,1686,996,Cold,0.0047869496047496796,0.1111111119389534,0.09617306292057037,0.8395061728395061,1.1920928955078125e-07,0.0,0.0,,cfg02_G3_D32,1.8739664049935527,cuda
evaluation,1686,996,Warm A,0.0069199418649077415,0.1111111119389534,0.0783524215221405,0.9259259259259259,1.1920928955078125e-07,0.2542744278907776,0.6291272044181824,,cfg02_G3_D32,1.8739664049935527,cuda
evaluation,1686,996,Warm B,0.009230883792042732,0.1111111119389534,0.08322069048881531,0.8765432098765432,1.1920928955078125e-07,0.40728986263275146,0.517997145652771,,cfg02_G3_D32,1.8739664049935527,cuda
evaluation,1686,996,Warm C,0.008404341526329517,0.1111111119389534,0.07829849421977997,0.9382716049382716,1.1920928955078125e-07,0.37885552644729614,0.658069908618927,,cfg02_G3_D32,1.8739664049935527,cuda
evaluation,1699,1003,Cold,0.004439313896000385,0.1111111119389534,0.09522221982479095,0.8765432098765432,1.1920928955078125e-07,0.0,0.0,,cfg02_G3_D32,1.8739664049935527,cuda
evaluation,1699,1003,Warm A,0.0051600015722215176,0.1111110970377922,0.0816296935081482,0.9135802469135802,1.1920928955078125e-07,0.2133515626192093,0.6625232100486755,,cfg02_G3_D32,1.8739664049935527,cuda
evaluation,1699,1003,Warm B,0.003739752108231187,0.1111111119389534,0.10166940093040466,0.8395061728395061,2.384185791015625e-07,0.2573692798614502,0.8076497912406921,,cfg02_G3_D32,1.8739664049935527,cuda
evaluation,1699,1003,Warm C,0.006009742151945829,0.111111119389534,0.08405515551567078,0.9012345679012346,1.1920928955078125e-07,0.2742904722690582,0.4797866940498352,,cfg02_G3_D32,1.8739664049935527,cuda
evaluation,1703,1006,Cold,0.004278893116861582,0.1111111119389534,0.09259431064128876,0.9012345679012346,1.7881393432617188e-07,0.0,0.0,,cfg02_G3_D32,1.8739664049935527,cuda
evaluation,1703,1006,Warm A,0.006132770329713821,0.1111110970377922,0.07370122522115707,0.9506172839506173,1.1920928955078125e-07,0.2305186539888382,0.48944923281669617,,cfg02_G3_D32,1.8739664049935527,cuda
evaluation,1703,1006,Warm B,0.006672533228993416,0.1111111119389534,0.06968475133180618,0.9506172839506173,2.384185791015625e-07,0.34901776909828186,0.5963303446769714,,cfg02_G3_D32,1.8739664049935527,cuda
evaluation,1703,1006,Warm C,0.009284589439630508,0.1111110970377922,0.08796808123588562,0.9135802469135802,1.1920928955078125e-07,0.47727373242378235,0.3626900017261505,,cfg02_G3_D32,1.8739664049935527,cuda
evaluation,1707,1008,Cold,0.0035872897133231163,0.111111119389534,0.064633809030056,0.9876543209876543,1.1920928955078125e-07,0.0,0.0,,cfg02_G3_D32,1.8739664049935527,cuda
evaluation,1707,1008,Warm A,0.005501835606992245,0.1111110970377922,0.07761184871196747,0.9629629629629629,1.1920928955078125e-07,0.24571426212787628,0.4319734275341034,,cfg02_G3_D32,1.8739664049935527,cuda
evaluation,1707,1008,Warm B,0.0069768596440553665,0.1111110970377922,0.10791049897670746,0.8395061728395061,1.1920928955078125e-07,0.4429066777229309,0.4533265233039856,,cfg02_G3_D32,1.8739664049935527,cuda
evaluation,1707,1008,Warm C,0.010809812694787979,0.1111111119389534,0.13565850257873535,0.6666666666666666,2.384185791015625e-07,0.5949251651763916,0.16302801668643951,,cfg02_G3_D32,1.8739664049935527,cuda
evaluation,1726,1015,Cold,0.004295655060559511,0.1111111119389534,0.09276176989078522,0.8765432098765432,1.7881393432617188e-07,0.0,0.0,,cfg02_G3_D32,1.8739664049935527,cuda
evaluation,1726,1015,Warm A,0.006135563366115093,0.1111111119389534,0.07635597884654999,0.9382716049382716,1.7881393432617188e-07,0.25190985202789307,0.569418728351593,,cfg02_G3_D32,1.8739664049935527,cuda
evaluation,1726,1015,Warm B,0.00669648963958025,0.1111111119389534,0.08585546165704727,0.9259259259259259,2.384185791015625e-07,0.37998640537261963,0.6141186952590942,,cfg02_G3_D32,1.8739664049935527,cuda
evaluation,1726,1015,Warm C,0.007333467714488506,0.1111111119389534,0.08801079541444778,0.9135802469135802,1.7881393432617188e-07,0.4067639410495758,0.47826215624809265,,cfg02_G3_D32,1.8739664049935527,cuda
evaluation,1730,1018,Cold,0.004075407050549984,0.1111111119389534,0.0889066830277443,0.9012345679012346,1.1920928955078125e-07,0.0,0.0,,cfg02_G3_D32,1.8739664049935527,cuda
evaluation,1730,1018,Warm A,0.00319462432526052,0.1111111119389534,0.1097673773765564,0.7777777777777778,1.1920928955078125e-07,0.24697956442832947,0.535564661026001,,cfg02_G3_D32,1.8739664049935527,cuda
evaluation,1730,1018,Warm B,0.0038507150020450354,0.1111111119389534,0.1112578734755516,0.7777777777777778,2.384185791015625e-07,0.29815465211868286,0.47408348321914673,,cfg02_G3_D32,1.8739664049935527,cuda
evaluation,1730,1018,Warm C,0.005136478692293167,0.1111111119389534,0.09820407629013062,0.8271604938271605,1.1920928955078125e-07,0.27319368720054626,0.7044980525970459,,cfg02_G3_D32,1.8739664049935527,cuda
evaluation,1731,1019,Cold,0.00364932999946177,0.111111119389534,0.08303021639585495,0.9259259259259259,2.384185791015625e-07,0.0,0.0,,cfg02_G3_D32,1.8739664049935527,cuda
evaluation,1731,1019,Warm A,0.004833320155739784,0.1111111119389534,0.07375048100948334,0.9382716049382716,1.1920928955078125e-07,0.23304764926433563,0.49617740511894226,,cfg02_G3_D32,1.8739664049935527,cuda
evaluation,1731,1019,Warm B,0.0072830067947506905,0.1111111119389534,0.0952289029955864,0.8765432098765432,2.384185791015625e-07,0.43766990303993225,0.40559887886047363,,cfg02_G3_D32,1.8739664049935527,cuda
evaluation,1731,1019,Warm C,0.011402728967368603,0.1111111119389534,0.11165434122085571,0.7654320987654321,2.384185791015625e-07,0.5576660633087158,0.3799593150615692,,cfg02_G3_D32,1.8739664049935527,cuda
evaluation,1733,1021,Cold,0.003713935613632202,0.111111119389534,0.08407247066497803,0.9135802469135802,2.384185791015625e-07,0.0,0.0,,cfg02_G3_D32,1.8739664049935527,cuda
evaluation,1733,1021,Warm A,0.0052458965219557285,0.1111110970377922,0.0730079859495163,0.9382716049382716,1.1920928955078125e-07,0.2317643165588379,0.6196334362030029,,cfg02_G3_D32,1.8739664049935527,cuda
evaluation,1733,1021,Warm B,0.006608462426811457,0.111111119389534,0.09206926822662354,0.8888888888888888,2.384185791015625e-07,0.33233657479286194,0.5817466378211975,,cfg02_G3_D32,1.8739664049935527,cuda
evaluation,1733,1021,Warm C,0.005365733057260513,0.1111111119389534,0.09093379229307175,0.8641975308641975,1.1920928955078125e-07,0.3894089162349701,0.4201861023902893,,cfg02_G3_D32,1.8739664049935527,cuda
evaluation,1744,1024,Cold,0.004735122434794903,0.1111111119389534,0.09051914513111115,0.8395061728395061,1.7881393432617188e-07,0.0,0.0,,cfg02_G3_D32,1.8739664049935527,cuda
evaluation,1744,1024,Warm A,0.00845593772828579,0.1111111119389534,0.07923248410224915,0.9135802469135802,1.7881393432617188e-07,0.24344651401042938,0.37560999393463135,,cfg02_G3_D32,1.8739664049935527,cuda
evaluation,1744,1024,Warm B,0.010126573964953423,0.1111110970377922,0.08807873725891113,0.9012345679012346,2.384185791015625e-07,0.3978859782218933,0.36193355917930603,,cfg02_G3_D32,1.8739664049935527,cuda
evaluation,1744,1024,Warm C,0.012373944744467735,0.111111119389534,0.11608701199293137,0.8271604938271605,1.1920928955078125e-07,0.536202073097229,0.2516383230686188,,cfg02_G3_D32,1.8739664049935527,cuda
evaluation,1750,1027,Cold,0.0036332474555820227,0.1111111119389534,0.06946530938148499,0.9506172839506173,1.1920928955078125e-07,0.0,0.0,,cfg02_G3_D32,1.8739664049935527,cuda
evaluation,1750,1027,Warm A,0.0063554379157722,0.111111119389534,0.07884892076253891,0.9259259259259259,2.384185791015625e-07,0.2541221082210541,0.6461016535758972,,cfg02_G3_D32,1.8739664049935527,cuda
evaluation,1750,1027,Warm B,0.009593787603080273,0.1111111119389534,0.10748817771673203,0.8148148148148148,1.1920928955078125e-07,0.4576171040534973,0.25291740894317627,,cfg02_G3_D32,1.8739664049935527,cuda
evaluation,1750,1027,Warm C,0.013013964518904686,0.1111110970377922,0.12990312278270721,0.691358024691358,1.1920928955078125e-07,0.46501022577285767,0.20771925151348114,,cfg02_G3_D32,1.8739664049935527,cuda
evaluation,1753,1029,Cold,0.004264141898602247,0.111111119389534,0.09203683584928513,0.9012345679012346,1.1920928955078125e-07,0.0,0.0,,cfg02_G3_D32,1.8739664049935527,cuda
evaluation,1753,1029,Warm A,0.006163640413433313,0.1111111119389534,0.07403874397277832,0.9259259259259259,1.1920928955078125e-07,0.22871915996074677,0.5359813570976257,,cfg02_G3_D32,1.8739664049935527,cuda
evaluation,1753,1029,Warm B,0.0046689179725945,0.1111111119389534,0.09453511983156204,0.8395061728395061,1.1920928955078125e-07,0.2982137203216553,0.6564278602600098,,cfg02_G3_D32,1.8739664049935527,cuda
evaluation,1753,1029,Warm C,0.002363909501582384,0.1111111119389534,0.11040807515382767,0.7654320987654321,2.384185791015625e-07,0.41996294260025024,0.593100368976593,,cfg02_G3_D32,1.8739664049935527,cuda
evaluation,1758,1031,Cold,0.004577751271426678,0.1111110970377922,0.0995468869805336,0.8518518518518519,1.7881393432617188e-07,0.0,0.0,,cfg02_G3_D32,1.8739664049935527,cuda
evaluation,1758,1031,Warm A,0.004399261903017759,0.1111111119389534,0.10065305233001709,0.8395061728395061,2.384185791015625e-07,0.22960735857486725,0.6347135901451111,,cfg02_G3_D32,1.8739664049935527,cuda
evaluation,1758,1031,Warm B,0.007718756794929504,0.1111111119389534,0.08158109337091446,0.9259259259259259,1.1920928955078125e-07,0.2703303098678589,0.545477032661438,,cfg02_G3_D32,1.8739664049935527,cuda
evaluation,1758,1031,Warm C,0.010113607160747051,0.1111110970377922,0.08789411187171936,0.9012345679012346,1.1920928955078125e-07,0.44787198305130005,0.6671428680419922,,cfg02_G3_D32,1.8739664049935527,cuda
evaluation,1760,1032,Cold,0.0028098842594772577,0.1111111119389534,0.07207301259040833,0.9629629629629629,2.384185791015625e-07,0.0,0.0,,cfg02_G3_D32,1.8739664049935527,cuda
evaluation,1760,1032,Warm A,0.0056563736870884895,0.1111111119389534,0.07008236646652222,0.9753086419753086,2.384185791015625e-07,0.24471479654312134,0.5550862550735474,,cfg02_G3_D32,1.8739664049935527,cuda
evaluation,1760,1032,Warm B,0.008469820953905582,0.1111111119389534,0.10014092177152634,0.8888888888888888,1.1920928955078125e-07,0.45523151755332947,0.22266709804534912,,cfg02_G3_D32,1.8739664049935527,cuda
evaluation,1760,1032,Warm C,0.011188332922756672,0.1111111119389534,0.12341222912073135,0.6790123456790124,2.384185791015625e-07,0.6528348326683044,0.33809009194374084,,cfg02_G3_D32,1.8739664049935527,cuda
evaluation,1785,1040,Cold,0.004762943368405104,0.1111111119389534,0.08121390640735626,0.9012345679012346,3.5762786865234375e-07,0.0,0.0,,cfg02_G3_D32,1.8739664049935527,cuda
evaluation,1785,1040,Warm A,0.005701250862330198,0.111111119389534,0.07819191366434097,0.9629629629629629,2.384185791015625e-07,0.22582252323627472,0.6112529635429382,,cfg02_G3_D32,1.8739664049935527,cuda
evaluation,1785,1040,Warm B,0.0081882169470191,0.1111111119389534,0.07867813855409622,0.9259259259259259,1.7881393432617188e-07,0.28941333293914795,0.5632263422012329,,cfg02_G3_D32,1.8739664049935527,cuda
evaluation,1785,1040,Warm C,0.006908070296049118,0.1111111119389534,0.08410502970218658,0.9135802469135802,1.1920928955078125e-07,0.3932991921901703,0.5037938356399536,,cfg02_G3_D32,1.8739664049935527,cuda
evaluation,1788,1041,Cold,0.0035532733891159296,0.1111111119389534,0.08105593919754028,0.9012345679012346,1.1920928955078125e-07,0.0,0.0,,cfg02_G3_D32,1.8739664049935527,cuda
evaluation,1788,1041,Warm A,0.0021720316726714373,0.1111111119389534,0.10489925742149353,0.7654320987654321,5.960464477539063e-08,0.24369533360004425,0.5935255289077759,,cfg02_G3_D32,1.8739664049935527,cuda
evaluation,1788,1041,Warm B,0.0016272809589281678,0.111111119389534,0.10506851226091385,0.7654320987654321,2.384185791015625e-07,0.3033212721347809,0.6058556437492371,,cfg02_G3_D32,1.8739664049935527,cuda
evaluation,1788,1041,Warm C,0.002463908866047859,0.1111111119389534,0.12148790061473846,0.7160493827160493,2.384185791015625e-07,0.36983010172843933,0.3968192934989929,,cfg02_G3_D32,1.8739664049935527,cuda
evaluation,1794,1043,Cold,0.0037927976809442043,0.1111111119389534,0.08626817911863327,0.9259259259259259,2.384185791015625e-07,0.0,0.0,,cfg02_G3_D32,1.8739664049935527,cuda
evaluation,1794,1043,Warm A,0.003120962530374527,0.1111111119389534,0.10463584959506989,0.8024691358024691,1.1920928955078125e-07,0.2272988259792328,0.6112932562828064,,cfg02_G3_D32,1.8739664049935527,cuda
evaluation,1794,1043,Warm B,0.004928976763039827,0.1111111119389534,0.08783469349145889,0.9012345679012346,2.384185791015625e-07,0.27590158581733704,0.7302335500717163,,cfg02_G3_D32,1.8739664049935527,cuda
evaluation,1794,1043,Warm C,0.0032773816492408514,0.1111111119389534,0.08428580313920975,0.9135802469135802,2.384185791015625e-07,0.3680163025856018,0.5885042548179626,,cfg02_G3_D32,1.8739664049935527,cuda
evaluation,1797,1044,Cold,0.0037295627407729626,0.1111111119389534,0.0919613391160965,0.9012345679012346,1.1920928955078125e-07,0.0,0.0,,cfg02_G3_D32,1.8739664049935527,cuda
evaluation,1797,1044,Warm A,0.0021977280266582966,0.1111110970377922,0.1140410378575325,0.7654320987654321,1.1920928955078125e-07,0.25455722212791443,0.4020352363586426,,cfg02_G3_D32,1.8739664049935527,cuda
evaluation,1797,1044,Warm B,0.00436890684068203,0.1111110970377922,0.0911356583237648,0.8888888888888888,1.1920928955078125e-07,0.15729042887687683,0.6218084096908569,,cfg02_G3_D32,1.8739664049935527,cuda
evaluation,1797,1044,Warm C,0.004121940582990646,0.1111111119389534,0.09201809018850327,0.9012345679012346,2.384185791015625e-07,0.2999642789363861,0.5647050738334656,,cfg02_G3_D32,1.8739664049935527,cuda
evaluation,1804,1047,Cold,0.004559500142931938,0.1111110970377922,0.09537020325660706,0.8641975308641975,2.384185791015625e-07,0.0,0.0,,cfg02_G3_D32,1.8739664049935527,cuda
evaluation,1804,1047,Warm A,0.008255276829004288,0.1111111119389534,0.07405635714530945,0.9382716049382716,1.1920928955078125e-07,0.24713745713233948,0.5694839358329773,,cfg02_G3_D32,1.8739664049935527,cuda
evaluation,1804,1047,Warm B,0.011829092167317867,0.1111111119389534,0.08465999364852905,0.9382716049382716,1.1920928955078125e-07,0.4336914122104645,0.397516131401062,,cfg02_G3_D32,1.8739664049935527,cuda
evaluation,1804,1047,Warm C,0.0125601626932621,0.1111111119389534,0.08696568757295609,0.9012345679012346,1.1920928955078125e-07,0.49104058742523193,0.46176108717918396,,cfg02_G3_D32,1.8739664049935527,cuda
evaluation,1806,1049,Cold,0.003874360816553235,0.1111111119389534,0.0860593318939209,0.8888888888888888,2.384185791015625e-07,0.0,0.0,,cfg02_G3_D32,1.8739664049935527,cuda
evaluation,1806,1049,Warm A,0.007493439130485058,0.1111110970377922,0.07529956847429276,0.9506172839506173,1.1920928955078125e-07,0.24062806367874146,0.511921226978302,,cfg02_G3_D32,1.8739664049935527,cuda
evaluation,1806,1049,Warm B,0.0050656115636229515,0.1111111119389534,0.08654413372278214,0.8888888888888888,1.1920928955078125e-07,0.24534472823143005,0.686900794506073,,cfg02_G3_D32,1.8739664049935527,cuda
evaluation,1806,1049,Warm C,0.007500824984163046,0.1111111119389534,0.07842820137739182,0.9506172839506173,1.1920928955078125e-07,0.3852287530899048,0.6231435537338257,,cfg02_G3_D32,1.8739664049935527,cuda
evaluation,1816,1051,Cold,0.003869993146508932,0.1111111119389534,0.08698465675115585,0.9259259259259259,1.1920928955078125e-07,0.0,0.0,,cfg02_G3_D32,1.8739664049935527,cuda
evaluation,1816,1051,Warm A,0.003876704489812255,0.1111111119389534,0.07380606979131699,0.9382716049382716,2.384185791015625e-07,0.22753717005252838,0.5944074988365173,,cfg02_G3_D32,1.8739664049935527,cuda
evaluation,1816,1051,Warm B,0.0023246342316269875,0.111111119389534,0.08818018436431885,0.9135802469135802,2.384185791015625e-07,0.2829683721065521,0.6032933592796326,,cfg02_G3_D32,1.8739664049935527,cuda
evaluation,1816,1051,Warm C,0.003660326125100255,0.1111111119389534,0.07541242986917496,0.9259259259259259,1.1920928955078125e-07,0.3660735785961151,0.6905146837234497,,cfg02_G3_D32,1.8739664049935527,cuda
evaluation,1824,1053,Cold,0.004708452150225639,0.1111110970377922,0.0939468964934349,0.8271604938271605,1.1920928955078125e-07,0.0,0.0,,cfg02_G3_D32,1.8739664049935527,cuda
evaluation,1824,1053,Warm A,0.005125625059008598,0.1111110970377922,0.10722791403532028,0.8024691358024691,2.980232238769531e-07,0.23453561961650848,0.499000608921051,,cfg02_G3_D32,1.8739664049935527,cuda
evaluation,1824,1053,Warm B,0.006794448476284742,0.111111119389534,0.08322251588106155,0.8888888888888888,1.1920928955078125e-07,0.3106553554534912,0.537512481212616,,cfg02_G3_D32,1.8739664049935527,cuda
evaluation,1824,1053,Warm C,0.008742688223719597,0.1111111119389534,0.07569479942321777,0.9259259259259259,1.1920928955078125e-07,0.2793043851852417,0.7252016067504883,,cfg02_G3_D32,1.8739664049935527,cuda
evaluation,1827,1054,Cold,0.003778906771913171,0.1111111119389534,0.09037362039089203,0.9012345679012346,2.384185791015625e-07,0.0,0.0,,cfg02_G3_D32,1.8739664049935527,cuda
evaluation,1827,1054,Warm A,0.003757135709747672,0.1111111119389534,0.10793943703174591,0.7901234567901234,1.1920928955078125e-07,0.23390883207321167,0.5366730690002441,,cfg02_G3_D32,1.8739664049935527,cuda
evaluation,1827,1054,Warm B,0.003558834083378315,0.1111111119389534,0.12199544161558151,0.7654320987654321,5.960464477539063e-08,0.38179051876068115,0.43499699234962463,,cfg02_G3_D32,1.8739664049935527,cuda
evaluation,1827,1054,Warm C,0.0026607741601765156,0.1111111119389534,0.10408306121826172,0.8024691358024691,0.0,0.31668123602867126,0.7131289839744568,,cfg02_G3_D32,1.8739664049935527,cuda
evaluation,1836,1059,Cold,0.004008043557405472,0.1111111119389534,0.08602772653102875,0.9012345679012346,2.384185791015625e-07,0.0,0.0,,cfg02_G3_D32,1.8739664049935527,cuda
evaluation,1836,1059,Warm A,0.0034857247956097126,0.1111111119389534,0.10148368030786514,0.8148148148148148,1.1920928955078125e-07,0.22257696092128754,0.6157029867172241,,cfg02_G3_D32,1.8739664049935527,cuda
evaluation,1836,1059,Warm B,0.002656478900462389,0.1111111119389534,0.10247454792261124,0.7901234567901234,2.384185791015625e-07,0.2839867174625397,0.668620765209198,,cfg02_G3_D32,1.8739664049935527,cuda
evaluation,1836,1059,Warm C,0.004168873652815819,0.111111119389534,0.08565174043178558,0.9135802469135802,1.1920928955078125e-07,0.28336384892463684,0.7306123375892639,,cfg02_G3_D32,1.8739664049935527,cuda
evaluation,1837,1060,Cold,0.003503787564113736,0.1111110970377922,0.08204805850982666,0.9259259259259259,1.7881393432617188e-07,0.0,0.0,,cfg02_G3_D32,1.8739664049935527,cuda
evaluation,1837,1060,Warm A,0.005853584501892328,0.1111111119389534,0.07271453738212585,0.9506172839506173,1.1920928955078125e-07,0.2399284690618515,0.6238196492195129,,cfg02_G3_D32,1.8739664049935527,cuda
evaluation,1837,1060,Warm B,0.007753470912575722,0.1111110970377922,0.0940534919500351,0.9012345679012346,1.1920928955078125e-07,0.38706257939338684,0.34202659130096436,,cfg02_G3_D32,1.8739664049935527,cuda
evaluation,1837,1060,Warm C,0.005454262252897024,0.1111111119389534,0.08197171241044998,0.9259259259259259,2.384185791015625e-07,0.5195480585098267,0.465728759765625,,cfg02_G3_D32,1.8739664049935527,cuda
evaluation,1839,1061,Cold,0.004367368295788765,0.1111110970377922,0.09604323655366898,0.8395061728395061,1.1920928955078125e-07,0.0,0.0,,cfg02_G3_D32,1.8739664049935527,cuda
evaluation,1839,1061,Warm A,0.0047674537636339664,0.1111111119389534,0.0821906253695488,0.9135802469135802,1.1920928955078125e-07,0.24261489510536194,0.6435554623603821,,cfg02_G3_D32,1.8739664049935527,cuda
evaluation,1839,1061,Warm B,0.007167141418904066,0.111111119389534,0.0866282656788826,0.9135802469135802,2.384185791015625e-07,0.47459515929222107,0.3512837290763855,,cfg02_G3_D32,1.8739664049935527,cuda
evaluation,1839,1061,Warm C,0.007399557624012232,0.1111111119389534,0.10617680847644806,0.7654320987654321,2.384185791015625e-07,0.632611870765686,0.288931667804718,,cfg02_G3_D32,1.8739664049935527,cuda
evaluation,1840,1062,Cold,0.00404413603246212,0.1111110970377922,0.09109069406986237,0.8888888888888888,1.1920928955078125e-07,0.0,0.0,,cfg02_G3_D32,1.8739664049935527,cuda
evaluation,1840,1062,Warm A,0.0017817029729485512,0.1111111119389534,0.10257577896118164,0.8518518518518519,1.1920928955078125e-07,0.21800647675991058,0.6268874406814575,,cfg02_G3_D32,1.8739664049935527,cuda
evaluation,1840,1062,Warm B,0.0041247461922466755,0.1111111119389534,0.07821565121412277,0.9259259259259259,1.1920928955078125e-07,0.21623341739177704,0.6062293648719788,,cfg02_G3_D32,1.8739664049935527,cuda
evaluation,1840,1062,Warm C,0.004194882698357105,0.1111110970377922,0.07393310964107513,0.9506172839506173,2.384185791015625e-07,0.37615975737571716,0.541750431060791,,cfg02_G3_D32,1.8739664049935527,cuda
evaluation,1841,1063,Cold,0.0046872422099113464,0.111111119389534,0.09233727306127548,0.8641975308641975,1.1920928955078125e-07,0.0,0.0,,cfg02_G3_D32,1.8739664049935527,cuda
evaluation,1841,1063,Warm A,0.008161389268934727,0.1111111119389534,0.07940175384283066,0.9135802469135802,2.384185791015625e-07,0.21962369978427887,0.5969520807266235,,cfg02_G3_D32,1.8739664049935527,cuda
evaluation,1841,1063,Warm B,0.01028164941817522,0.1111111119389534,0.09548086673021317,0.8518518518518519,2.384185791015625e-07,0.3566736876964569,0.5120507478713989,,cfg02_G3_D32,1.8739664049935527,cuda
evaluation,1841,1063,Warm C,0.008197283372282982,0.1111111119389534,0.08428960293531418,0.8888888888888888,2.384185791015625e-07,0.38376083970069885,0.6029603481292725,,cfg02_G3_D32,1.8739664049935527,cuda
evaluation,1848,1065,Cold,0.0035422337241470814,0.1111111119389534,0.08096187561750412,0.9259259259259259,2.384185791015625e-07,0.0,0.0,,cfg02_G3_D32,1.8739664049935527,cuda
evaluation,1848,1065,Warm A,0.0035974166821688414,0.1111111119389534,0.08431322872638702,0.9135802469135802,1.1920928955078125e-07,0.2393544465303421,0.642541229724884,,cfg02_G3_D32,1.8739664049935527,cuda
evaluation,1848,1065,Warm B,0.006314145401120186,0.1111111119389534,0.07308008521795273,0.9506172839506173,2.384185791015625e-07,0.31876158714294434,0.4427241384983063,,cfg02_G3_D32,1.8739664049935527,cuda
evaluation,1848,1065,Warm C,0.009392384439706802,0.1111111119389534,0.08991754800081253,0.9012345679012346,1.1920928955078125e-07,0.3787385821342468,0.4748798906803131,,cfg02_G3_D32,1.8739664049935527,cuda
evaluation,1855,1066,Cold,0.004055337980389595,0.1111111119389534,0.08929139375686646,0.9135802469135802,1.7881393432617188e-07,0.0,0.0,,cfg02_G3_D32,1.8739664049935527,cuda
evaluation,1855,1066,Warm A,0.00470755435526371,0.1111111119389534,0.07656671106815338,0.9259259259259259,1.7881393432617188e-07,0.23296530544757843,0.6332718729972839,,cfg02_G3_D32,1.8739664049935527,cuda
evaluation,1855,1066,Warm B,0.0075623695738613605,0.1111111119389534,0.086408831179142,0.8888888888888888,1.1920928955078125e-07,0.39236482977867126,0.3019493520259857,,cfg02_G3_D32,1.8739664049935527,cuda
evaluation,1855,1066,Warm C,0.009186049923300743,0.1111111119389534,0.09031381458044052,0.9135802469135802,1.1920928955078125e-07,0.26804158091545105,0.27760741114616394,,cfg02_G3_D32,1.8739664049935527,cuda
evaluation,1856,1067,Cold,0.0033546071499586105,0.1111111119389534,0.08508685231208801,0.9259259259259259,1.1920928955078125e-07,0.0,0.0,,cfg02_G3_D32,1.8739664049935527,cuda
evaluation,1856,1067,Warm A,0.0051223235204815865,0.1111110970377922,0.07203489542007446,0.9259259259259259,1.7881393432617188e-07,0.22555355727672577,0.7278998494148254,,cfg02_G3_D32,1.8739664049935527,cuda
evaluation,1856,1067,Warm B,0.005589248146861792,0.1111111119389534,0.06983137130737305,0.9629629629629629,5.960464477539063e-08,0.25767967104911804,0.5138258337974548,,cfg02_G3_D32,1.8739664049935527,cuda
evaluation,1856,1067,Warm C,0.006600671447813511,0.1111110970377922,0.07581666857004166,0.9382716049382716,1.1920928955078125e-07,0.34867188334465027,0.6329983472824097,,cfg02_G3_D32,1.8739664049935527,cuda
evaluation,1858,1068,Cold,0.004033442120999098,0.1111111119389534,0.07623013854026794,0.9259259259259259,2.384185791015625e-07,0.0,0.0,,cfg02_G3_D32,1.8739664049935527,cuda
evaluation,1858,1068,Warm A,0.0024140304885804653,0.1111111119389534,0.07470397651195526,0.9382716049382716,2.384185791015625e-07,0.22439303994178772,0.5376041531562805,,cfg02_G3_D32,1.8739664049935527,cuda
evaluation,1858,1068,Warm B,0.004917703103274107,0.1111111119389534,0.07706582546234131,0.9382716049382716,1.1920928955078125e-07,0.3305828273296356,0.47484880685806274,,cfg02_G3_D32,1.8739664049935527,cuda
evaluation,1858,1068,Warm C,0.0011206758208572865,0.1111111119389534,0.07404789328575134,0.9259259259259259,2.384185791015625e-07,0.39203980565071106,0.6857814192771912,,cfg02_G3_D32,1.8739664049935527,cuda
evaluation,1862,1069,Cold,0.0037770012859255075,0.1111111119389534,0.06493683904409409,0.9629629629629629,1.1920928955078125e-07,0.0,0.0,,cfg02_G3_D32,1.8739664049935527,cuda
evaluation,1862,1069,Warm A,0.006064647808670998,0.111111119389534,0.08243419229984283,0.9506172839506173,2.384185791015625e-07,0.24522866308689117,0.3679529130458832,,cfg02_G3_D32,1.8739664049935527,cuda
evaluation,1862,1069,Warm B,0.009145285934209824,0.1111111119389534,0.11762228608131409,0.8148148148148148,1.1920928955078125e-07,0.4566366970539093,0.3308173418045044,,cfg02_G3_D32,1.8739664049935527,cuda
evaluation,1862,1069,Warm C,0.006324855610728264,0.111111119389534,0.08995487540960312,0.9012345679012346,2.384185791015625e-07,0.4243108630180359,0.3603947162628174,,cfg02_G3_D32,1.8739664049935527,cuda
evaluation,1863,1070,Cold,0.004233585670590401,0.111111119389534,0.09184868633747101,0.9012345679012346,2.384185791015625e-07,0.0,0.0,,cfg02_G3_D32,1.8739664049935527,cuda
evaluation,1863,1070,Warm A,0.006613445933908224,0.1111111119389534,0.07480018585920334,0.9506172839506173,1.1920928955078125e-07,0.2463352382183075,0.5318824648857117,,cfg02_G3_D32,1.8739664049935527,cuda
evaluation,1863,1070,Warm B,0.009155419655144215,0.1111111119389534,0.08749803155660629,0.8765432098765432,1.1920928955078125e-07,0.44409698247909546,0.43218642473220825,,cfg02_G3_D32,1.8739664049935527,cuda
evaluation,1863,1070,Warm C,0.010970961302518845,0.1111111119389534,0.10955818742513657,0.7654320987654321,1.1920928955078125e-07,0.6078279614448547,0.3853588104248047,,cfg02_G3_D32,1.8739664049935527,cuda
evaluation,1866,1071,Cold,0.004238699097186327,0.1111111119389534,0.0909176766872406,0.8518518518518519,2.384185791015625e-07,0.0,0.0,,cfg02_G3_D32,1.8739664049935527,cuda
evaluation,1866,1071,Warm A,0.0064630876295268536,0.1111111119389534,0.0767459124326706,0.9382716049382716,1.1920928955078125e-07,0.24337270855903625,0.6046029925346375,,cfg02_G3_D32,1.8739664049935527,cuda
evaluation,1866,1071,Warm B,0.00760602718219161,0.1111110970377922,0.08393095433712006,0.9135802469135802,2.384185791015625e-07,0.39894890785217285,0.7231990694999695,,cfg02_G3_D32,1.8739664049935527,cuda
evaluation,1866,1071,Warm C,0.0047723837196826935,0.1111111119389534,0.08781194686889648,0.8765432098765432,1.1920928955078125e-07,0.3798445761203766,0.7317164540290833,,cfg02_G3_D32,1.8739664049935527,cuda
evaluation,1870,1072,Cold,0.004428178537636995,0.1111111119389534,0.09396997839212418,0.8765432098765432,2.384185791015625e-07,0.0,0.0,,cfg02_G3_D32,1.8739664049935527,cuda
evaluation,1870,1072,Warm A,0.003053703811019659,0.111111119389534,0.10738171637058258,0.8024691358024691,2.384185791015625e-07,0.23452897369861603,0.6974644064903259,,cfg02_G3_D32,1.8739664049935527,cuda
evaluation,1870,1072,Warm B,0.004948935937136412,0.1111110970377922,0.09375576674938202,0.8765432098765432,2.384185791015625e-07,0.23606783151626587,0.6161450743675232,,cfg02_G3_D32,1.8739664049935527,cuda
evaluation,1870,1072,Warm C,0.007312912959605455,0.111111119389534,0.08134011179208755,0.9382716049382716,1.1920928955078125e-07,0.3300589919090271,0.5133182406425476,,cfg02_G3_D32,1.8739664049935527,cuda
evaluation,1875,1074,Cold,0.003849305212497711,0.1111111119389534,0.08544506877660751,0.9135802469135802,2.384185791015625e-07,0.0,0.0,,cfg02_G3_D32,1.8739664049935527,cuda
evaluation,1875,1074,Warm A,0.0060446965508162975,0.1111111119389534,0.07451742142438889,0.9259259259259259,1.7881393432617188e-07,0.2312890887260437,0.667447030544281,,cfg02_G3_D32,1.8739664049935527,cuda
evaluation,1875,1074,Warm B,0.004825038835406303,0.1111111119389534,0.08956632763147354,0.8765432098765432,1.1920928955078125e-07,0.31042659282684326,0.7471615672111511,,cfg02_G3_D32,1.8739664049935527,cuda
evaluation,1875,1074,Warm C,0.0038680562283843756,0.1111111119389534,0.10419411212205887,0.8024691358024691,2.384185791015625e-07,0.33549782633781433,0.6629806160926819,,cfg02_G3_D32,1.8739664049935527,cuda
evaluation,1881,1076,Cold,0.00339663028717041,0.1111111119389534,0.08426477015018463,0.9259259259259259,2.384185791015625e-07,0.0,0.0,,cfg02_G3_D32,1.8739664049935527,cuda
evaluation,1881,1076,Warm A,0.004347102716565132,0.1111111119389534,0.0723915621638298,0.9506172839506173,2.384185791015625e-07,0.25149500370025635,0.6807312369346619,,cfg02_G3_D32,1.8739664049935527,cuda
evaluation,1881,1076,Warm B,0.006022348999977112,0.1111111119389534,0.08896122872829437,0.8641975308641975,2.384185791015625e-07,0.44381144642829895,0.5347470641136169,,cfg02_G3_D32,1.8739664049935527,cuda
evaluation,1881,1076,Warm C,0.004242782015353441,0.1111110970377922,0.07645806670188904,0.9259259259259259,1.1920928955078125e-07,0.3191297650337219,0.5372568368911743,,cfg02_G3_D32,1.8739664049935527,cuda
evaluation,1897,1085,Cold,0.004265792202204466,0.1111111119389534,0.09276729077100754,0.8888888888888888,1.1920928955078125e-07,0.0,0.0,,cfg02_G3_D32,1.8739664049935527,cuda
evaluation,1897,1085,Warm A,0.006070257164537907,0.1111111119389534,0.09126691520214081,0.9012345679012346,1.1920928955078125e-07,0.20774342119693756,0.6579227447509766,,cfg02_G3_D32,1.8739664049935527,cuda
evaluation,1897,1085,Warm B,0.005380782298743725,0.1111110970377922,0.11247266829013824,0.7530864197530864,1.1920928955078125e-07,0.28074267506599426,0.5651246905326843,,cfg02_G3_D32,1.8739664049935527,cuda
evaluation,1897,1085,Warm C,0.005624240729957819,0.1111111119389534,0.09468119591474533,0.8888888888888888,1.1920928955078125e-07,0.2891010046005249,0.7645097374916077,,cfg02_G3_D32,1.8739664049935527,cuda
evaluation,1900,1086,Cold,0.004113978240638971,0.1111111119389534,0.08891284465789795,0.9012345679012346,2.384185791015625e-07,0.0,0.0,,cfg02_G3_D32,1.8739664049935527,cuda
evaluation,1900,1086,Warm A,0.0038765743374824524,0.1111111119389534,0.1086980327963829,0.7901234567901234,1.1920928955078125e-07,0.2400524914264679,0.535923421382904,,cfg02_G3_D32,1.8739664049935527,cuda
evaluation,1900,1086,Warm B,0.006434818729758263,0.1111111119389534,0.09138821065425873,0.8888888888888888,2.384185791015625e-07,0.2756541967391968,0.4741612374782562,,cfg02_G3_D32,1.8739664049935527,cuda
evaluation,1900,1086,Warm C,0.005250542890280485,0.1111111119389534,0.11400333046913147,0.7654320987654321,2.384185791015625e-07,0.34718459844589233,0.5192479491233826,,cfg02_G3_D32,1.8739664049935527,cuda
evaluation,1904,1087,Cold,0.004278350621461868,0.111111119389534,0.09423020482063293,0.8765432098765432,1.1920928955078125e-07,0.0,0.0,,cfg02_G3_D32,1.8739664049935527,cuda
evaluation,1904,1087,Warm A,0.003604514990001917,0.1111110970377922,0.11598517745733261,0.7654320987654321,1.1920928955078125e-07,0.24492087960243225,0.6293922662734985,,cfg02_G3_D32,1.8739664049935527,cuda
evaluation,1904,1087,Warm B,0.006065836176276207,0.1111111119389534,0.10014615952968597,0.8641975308641975,2.384185791015625e-07,0.30709996819496155,0.7177851796150208,,cfg02_G3_D32,1.8739664049935527,cuda
evaluation,1904,1087,Warm C,0.005027285311371088,0.1111110970377922,0.10401922464370728,0.8271604938271605,2.384185791015625e-07,0.4336581230163574,0.7349846959114075,,cfg02_G3_D32,1.8739664049935527,cuda
evaluation,1913,1092,Cold,0.005698574706912041,0.1111111119389534,0.09902308881282806,0.8641975308641975,1.1920928955078125e-07,0.0,0.0,,cfg02_G3_D32,1.8739664049935527,cuda
evaluation,1913,1092,Warm A,0.0028183376416563988,0.1111110970377922,0.11361660808324814,0.7901234567901234,1.1920928955078125e-07,0.25018101930618286,0.4684731066226959,,cfg02_G3_D32,1.8739664049935527,cuda
evaluation,1913,1092,Warm B,0.002882423112168908,0.1111111119389534,0.10604147613048553,0.8395061728395061,2.384185791015625e-07,0.24637340009212494,0.5104175209999084,,cfg02_G3_D32,1.8739664049935527,cuda
evaluation,1913,1092,Warm C,0.004336398094892502,0.111111119389534,0.09896069765090942,0.8395061728395061,1.1920928955078125e-07,0.34137189388275146,0.6288225054740906,,cfg02_G3_D32,1.8739664049935527,cuda
evaluation,1919,1097,Cold,0.00352583359926939,0.111111119389534,0.08462489396333694,0.9135802469135802,5.960464477539063e-08,0.0,0.0,,cfg02_G3_D32,1.8739664049935527,cuda
evaluation,1919,1097,Warm A,0.006127319764345884,0.1111111119389534,0.07136894762516022,0.9382716049382716,1.1920928955078125e-07,0.23465505242347717,0.5092231631278992,,cfg02_G3_D32,1.8739664049935527,cuda
evaluation,1919,1097,Warm B,0.004352003801614046,0.1111110970377922,0.0819544643163681,0.8888888888888888,1.1920928955078125e-07,0.331834077835083,0.6601887345314026,,cfg02_G3_D32,1.8739664049935527,cuda
evaluation,1919,1097,Warm C,0.006884001661092043,0.1111111119389534,0.07322680205106735,0.9382716049382716,1.1920928955078125e-07,0.3371591866016388,0.5512362122535706,,cfg02_G3_D32,1.8739664049935527,cuda
evaluation,1929,1103,Cold,0.009942561388015747,0.1111110970377922,0.14136770367622375,0.6296296296296297,1.1920928955078125e-07,0.0,0.0,,cfg02_G3_D32,1.8739664049935527,cuda
evaluation,1929,1103,Warm A,0.01244060043245554,0.1111111119389534,0.1405634880065918,0.6172839506172839,2.384185791015625e-07,0.2359538972377777,0.5471161007881165,,cfg02_G3_D32,1.8739664049935527,cuda
evaluation,1929,1103,Warm B,0.01424519345164299,0.1111111119389534,0.14334137737751007,0.5925925925925926,2.384185791015625e-07,0.41099780797958374,0.4873018264770508,,cfg02_G3_D32,1.8739664049935527,cuda
evaluation,1929,1103,Warm C,0.014620323665440083,0.1111111119389534,0.14530020952224731,0.6049382716049383,1.1920928955078125e-07,0.5421000123023987,0.5669857263565063,,cfg02_G3_D32,1.8739664049935527,cuda
evaluation,1934,1105,Cold,0.00922455731779337,0.1111110970377922,0.12975960969924927,0.7037037037037037,1.1920928955078125e-07,0.0,0.0,,cfg02_G3_D32,1.8739664049935527,cuda
evaluation,1934,1105,Warm A,0.008518725633621216,0.111111119389534,0.1333489716053009,0.6790123456790124,1.7881393432617188e-07,0.2489728033542633,0.4621894359588623,,cfg02_G3_D32,1.8739664049935527,cuda
evaluation,1934,1105,Warm B,0.010616103187203407,0.1111111119389534,0.12898756563663483,0.691358024691358,1.1920928955078125e-07,0.3536880910396576,0.5600047707557678,,cfg02_G3_D32,1.8739664049935527,cuda
evaluation,1934,1105,Warm C,0.007795830722898245,0.1111111119389534,0.1350749433040619,0.691358024691358,1.7881393432617188e-07,0.5262428522109985,0.3763687312602997,,cfg02_G3_D32,1.8739664049935527,cuda
evaluation,1935,1106,Cold,0.008581236936151981,0.111111119389534,0.1332819014787674,0.6666666666666666,1.1920928955078125e-07,0.0,0.0,,cfg02_G3_D32,1.8739664049935527,cuda
evaluation,1935,1106,Warm A,0.010428592562675476,0.1111111119389534,0.12792642414569855,0.6419753086419753,1.1920928955078125e-07,0.23259609937667847,0.4943564534187317,,cfg02_G3_D32,1.8739664049935527,cuda
evaluation,1935,1106,Warm B,0.009080442599952221,0.111111119389534,0.13289491832256317,0.6790123456790124,1.1920928955078125e-07,0.2690899968147278,0.4324423372745514,,cfg02_G3_D32,1.8739664049935527,cuda
evaluation,1935,1106,Warm C,0.011500966735184193,0.1111111119389534,0.12797749042510986,0.691358024691358,1.1920928955078125e-07,0.42509979009628296,0.5373491644859314,,cfg02_G3_D32,1.8739664049935527,cuda
evaluation,1936,1107,Cold,0.00904740858823061,0.1111111119389534,0.13104161620140076,0.6790123456790124,2.384185791015625e-07,0.0,0.0,,cfg02_G3_D32,1.8739664049935527,cuda
evaluation,1936,1107,Warm A,0.014757459983229637,0.1111110970377922,0.12573550641536713,0.654320987654321,1.7881393432617188e-07,0.24434834718704224,0.6875543594360352,,cfg02_G3_D32,1.8739664049935527,cuda
evaluation,1936,1107,Warm B,0.010897491127252579,0.1111111119389534,0.1262374371290207,0.654320987654321,1.1920928955078125e-07,0.28897756338119507,0.40863457322120667,,cfg02_G3_D32,1.8739664049935527,cuda
evaluation,1936,1107,Warm C,0.013783365488052368,0.1111111119389534,0.12475136667490005,0.6666666666666666,1.7881393432617188e-07,0.38488176465034485,0.4964711368083954,,cfg02_G3_D32,1.8739664049935527,cuda
evaluation,1937,1108,Cold,0.00839528813958168,0.1111111119389534,0.12637192010879517,0.7160493827160493,1.1920928955078125e-07,0.0,0.0,,cfg02_G3_D32,1.8739664049935527,cuda
evaluation,1937,1108,Warm A,0.006111933384090662,0.1111111119389534,0.1310182362794876,0.6790123456790124,2.384185791015625e-07,0.24577809870243073,0.2580951750278473,,cfg02_G3_D32,1.8739664049935527,cuda
evaluation,1937,1108,Warm B,0.008761359378695488,0.1111111119389534,0.12602485716342926,0.6790123456790124,1.1920928955078125e-07,0.2743231952190399,0.5756620764732361,,cfg02_G3_D32,1.8739664049935527,cuda
evaluation,1937,1108,Warm C,0.010919202119112015,0.1111111119389534,0.1225169375538826,0.6666666666666666,1.1920928955078125e-07,0.3114840090274811,0.6585842370986938,,cfg02_G3_D32,1.8739664049935527,cuda
evaluation,1938,1109,Cold,0.008396714925765991,0.1111110970377922,0.13175176084041595,0.6790123456790124,2.384185791015625e-07,0.0,0.0,,cfg02_G3_D32,1.8739664049935527,cuda
evaluation,1938,1109,Warm A,0.010794399306178093,0.111111119389534,0.1275218427181244,0.6666666666666666,1.1920928955078125e-07,0.24187584221363068,0.5102587342262268,,cfg02_G3_D32,1.8739664049935527,cuda
evaluation,1938,1109,Warm B,0.01112724095582962,0.111111119389534,0.12946122884750366,0.6666666666666666,1.1920928955078125e-07,0.41171541810035706,0.5353113412857056,,cfg02_G3_D32,1.8739664049935527,cuda
evaluation,1938,1109,Warm C,0.007744546514004469,0.1111111119389534,0.13287940621376038,0.7037037037037037,2.384185791015625e-07,0.5266647934913635,0.44834309816360474,,cfg02_G3_D32,1.8739664049935527,cuda
evaluation,1940,1111,Cold,0.008229396305978298,0.111111119389534,0.12440766394138336,0.7283950617283951,1.1920928955078125e-07,0.0,0.0,,cfg02_G3_D32,1.8739664049935527,cuda
evaluation,1940,1111,Warm A,0.008111303672194481,0.1111111119389534,0.12346591055393219,0.7037037037037037,2.384185791015625e-07,0.22195251286029816,0.520295262336731,,cfg02_G3_D32,1.8739664049935527,cuda
evaluation,1940,1111,Warm B,0.006694547366350889,0.1111111119389534,0.12961484491825104,0.691358024691358,2.384185791015625e-07,0.33392593264579773,0.3920900523662567,,cfg02_G3_D32,1.8739664049935527,cuda
evaluation,1940,1111,Warm C,0.009061210788786411,0.1111111119389534,0.12209193408489227,0.691358024691358,2.384185791015625e-07,0.28252410888671875,0.7197306156158447,,cfg02_G3_D32,1.8739664049935527,cuda
evaluation,1941,1112,Cold,0.007337825372815132,0.1111110970377922,0.12754060328006744,0.7160493827160493,1.7881393432617188e-07,0.0,0.0,,cfg02_G3_D32,1.8739664049935527,cuda
evaluation,1941,1112,Warm A,0.005593077279627323,0.1111111119389534,0.1273968368768692,0.7160493827160493,2.384185791015625e-07,0.23152446746826172,0.4536367356777191,,cfg02_G3_D32,1.8739664049935527,cuda
evaluation,1941,1112,Warm B,0.004747973755002022,0.1111111119389534,0.12905602157115936,0.691358024691358,2.384185791015625e-07,0.3990812599658966,0.4985158443450928,,cfg02_G3_D32,1.8739664049935527,cuda
evaluation,1941,1112,Warm C,0.00587980542331934,0.111111119389534,0.12157396227121353,0.6790123456790124,1.1920928955078125e-07,0.40976032614707947,0.7675161361694336,,cfg02_G3_D32,1.8739664049935527,cuda
evaluation,1942,1113,Cold,0.007698317524045706,0.1111111119389534,0.12396495789289474,0.7283950617283951,1.1920928955078125e-07,0.0,0.0,,cfg02_G3_D32,1.8739664049935527,cuda
evaluation,1942,1113,Warm A,0.008888332173228264,0.1111111119389534,0.12331755459308624,0.7037037037037037,2.384185791015625e-07,0.23489177227020264,0.3211592435836792,,cfg02_G3_D32,1.8739664049935527,cuda
evaluation,1942,1113,Warm B,0.012253113090991974,0.1111110970377922,0.12550486624240875,0.691358024691358,1.7881393432617188e-07,0.35517144203186035,0.4922494888305664,,cfg02_G3_D32,1.8739664049935527,cuda
evaluation,1942,1113,Warm C,0.006898083724081516,0.1111110970377922,0.13243982195854187,0.7037037037037037,1.1920928955078125e-07,0.526712954044342,0.29888057708740234,,cfg02_G3_D32,1.8739664049935527,cuda
evaluation,1943,1114,Cold,0.007448186166584492,0.1111111119389534,0.12028728425502777,0.7530864197530864,1.1920928955078125e-07,0.0,0.0,,cfg02_G3_D32,1.8739664049935527,cuda
evaluation,1943,1114,Warm A,0.009153425693511963,0.1111111119389534,0.12001314759254456,0.7037037037037037,2.384185791015625e-07,0.2472444474697113,0.7446606755256653,,cfg02_G3_D32,1.8739664049935527,cuda
evaluation,1943,1114,Warm B,0.01411591935902834,0.1111111119389534,0.1253829151391983,0.7283950617283951,1.1920928955078125e-07,0.3665987253189087,0.7361433506011963,,cfg02_G3_D32,1.8739664049935527,cuda
evaluation,1943,1114,Warm C,0.00977543368935585,0.1111111119389534,0.11640442162752151,0.691358024691358,1.1920928955078125e-07,0.32978662848472595,0.5846916437149048,,cfg02_G3_D32,1.8739664049935527,cuda
evaluation,1948,1119,Cold,0.005763612687587738,0.1111111119389534,0.11364728212356567,0.7901234567901234,2.384185791015625e-07,0.0,0.0,,cfg02_G3_D32,1.8739664049935527,cuda
evaluation,1948,1119,Warm A,0.0061212158761918545,0.111111119389534,0.10708373039960861,0.7901234567901234,2.384185791015625e-07,0.21916018426418304,0.5281398892402649,,cfg02_G3_D32,1.8739664049935527,cuda
evaluation,1948,1119,Warm B,0.006664191372692585,0.1111111119389534,0.10995956510305405,0.8024691358024691,2.384185791015625e-07,0.30109530687332153,0.5772885680198669,,cfg02_G3_D32,1.8739664049935527,cuda
evaluation,1948,1119,Warm C,0.005840481258928776,0.1111111119389534,0.10817177593708038,0.8024691358024691,1.1920928955078125e-07,0.25168994069099426,0.8208147287368774,,cfg02_G3_D32,1.8739664049935527,cuda
evaluation,1966,1137,Cold,0.004341679625213146,0.1111111119389534,0.08476481586694717,0.9012345679012346,1.1920928955078125e-07,0.0,0.0,,cfg02_G3_D32,1.8739664049935527,cuda
evaluation,1966,1137,Warm A,0.005631891544908285,0.1111111119389534,0.0807001069188118,0.9012345679012346,1.1920928955078125e-07,0.2336554378271103,0.7036911249160767,,cfg02_G3_D32,1.8739664049935527,cuda
evaluation,1966,1137,Warm B,0.006704295054078102,0.1111110970377922,0.0812392607331276,0.8765432098765432,2.384185791015625e-07,0.4281857907772064,0.6784542202949524,,cfg02_G3_D32,1.8739664049935527,cuda
evaluation,1966,1137,Warm C,0.004972151946276426,0.1111111119389534,0.10132434219121933,0.7777777777777778,1.1920928955078125e-07,0.5560014247894287,0.5810824632644653,,cfg02_G3_D32,1.8739664049935527,cuda
evaluation,1975,1145,Cold,0.0038215098902583122,0.1111110970377922,0.07358945161104202,0.9506172839506173,2.384185791015625e-07,0.0,0.0,,cfg02_G3_D32,1.8739664049935527,cuda
evaluation,1975,1145,Warm A,0.00503910705447197,0.1111111119389534,0.08499714732170105,0.9259259259259259,1.1920928955078125e-07,0.22842368483543396,0.5244849920272827,,cfg02_G3_D32,1.8739664049935527,cuda
evaluation,1975,1145,Warm B,0.00897143967449665,0.1111110970377922,0.11432600021362305,0.7901234567901234,2.384185791015625e-07,0.3702632784843445,0.32735902070999146,,cfg02_G3_D32,1.8739664049935527,cuda
evaluation,1975,1145,Warm C,0.01345143374055624,0.1111110970377922,0.13786959648132324,0.6666666666666666,1.1920928955078125e-07,0.5232505202293396,0.23780837655067444,,cfg02_G3_D32,1.8739664049935527,cuda
evaluation,1976,1146,Cold,0.0037933988496661186,0.1111111119389534,0.07204311341047287,0.9629629629629629,1.1920928955078125e-07,0.0,0.0,,cfg02_G3_D32,1.8739664049935527,cuda
evaluation,1976,1146,Warm A,0.007909681648015976,0.1111111119389534,0.08669499307870865,0.9259259259259259,1.7881393432617188e-07,0.24963369965553284,0.43454819917678833,,cfg02_G3_D32,1.8739664049935527,cuda
evaluation,1976,1146,Warm B,0.011234384961426258,0.1111111119389534,0.1158614233136177,0.7654320987654321,2.384185791015625e-07,0.43619269132614136,0.35496097803115845,,cfg02_G3_D32,1.8739664049935527,cuda
evaluation,1976,1146,Warm C,0.014467465691268444,0.1111111119389534,0.13719254732131958,0.6296296296296297,1.7881393432617188e-07,0.563197135925293,0.22684204578399658,,cfg02_G3_D32,1.8739664049935527,cuda
evaluation,1977,1147,Cold,0.003383815987035632,0.1111111119389534,0.0736859142780304,0.9506172839506173,1.1920928955078125e-07,0.0,0.0,,cfg02_G3_D32,1.8739664049935527,cuda
evaluation,1977,1147,Warm A,0.0052519673481583595,0.1111110970377922,0.08193303644657135,0.9382716049382716,2.384185791015625e-07,0.2498309165239334,0.434831440448761,,cfg02_G3_D32,1.8739664049935527,cuda
evaluation,1977,1147,Warm B,0.008195447735488415,0.1111111119389534,0.10951689630746841,0.8395061728395061,2.384185791015625e-07,0.3738451600074768,0.3981275260448456,,cfg02_G3_D32,1.8739664049935527,cuda
evaluation,1977,1147,Warm C,0.0037255713250488043,0.1111111119389534,0.0867505818605423,0.9012345679012346,1.1920928955078125e-07,0.42173683643341064,0.5563293695449829,,cfg02_G3_D32,1.8739664049935527,cuda
evaluation,1978,1148,Cold,0.003150197444483638,0.1111111119389534,0.07641073316335678,0.9506172839506173,2.384185791015625e-07,0.0,0.0,,cfg02_G3_D32,1.8739664049935527,cuda
evaluation,1978,1148,Warm A,0.0046191951259970665,0.111111119389534,0.07613541185855865,0.9259259259259259,1.7881393432617188e-07,0.24155551195144653,0.5097083449363708,,cfg02_G3_D32,1.8739664049935527,cuda
evaluation,1978,1148,Warm B,0.00647701695561409,0.1111111119389534,0.10273870825767517,0.8888888888888888,1.7881393432617188e-07,0.39010605216026306,0.4397149682044983,,cfg02_G3_D32,1.8739664049935527,cuda
evaluation,1978,1148,Warm C,0.009675450623035431,0.1111110970377922,0.12776151299476624,0.7037037037037037,1.1920928955078125e-07,0.45724737644195557,0.20756296813488007,,cfg02_G3_D32,1.8739664049935527,cuda
evaluation,1979,1149,Cold,0.0031509590335190296,0.111111119389534,0.0721437856554985,0.9629629629629629,1.1920928955078125e-07,0.0,0.0,,cfg02_G3_D32,1.8739664049935527,cuda
evaluation,1979,1149,Warm A,0.005475787445902824,0.1111111119389534,0.07615295797586441,0.9382716049382716,1.1920928955078125e-07,0.23963062465190887,0.49532952904701233,,cfg02_G3_D32,1.8739664049935527,cuda
evaluation,1979,1149,Warm B,0.006733997259289026,0.111111119389534,0.10610499233007431,0.8888888888888888,2.384185791015625e-07,0.37532052397727966,0.38707128167152405,,cfg02_G3_D32,1.8739664049935527,cuda
evaluation,1979,1149,Warm C,0.010498715564608574,0.1111111119389534,0.131944939494133,0.654320987654321,1.7881393432617188e-07,0.49196919798851013,0.2181519716978073,,cfg02_G3_D32,1.8739664049935527,cuda
evaluation,1980,1150,Cold,0.0029951296746730804,0.1111111119389534,0.07563012093305588,0.9629629629629629,2.384185791015625e-07,0.0,0.0,,cfg02_G3_D32,1.8739664049935527,cuda
evaluation,1980,1150,Warm A,0.005769436713308096,0.1111111119389534,0.07611605525016785,0.9382716049382716,2.384185791015625e-07,0.24149192869663239,0.5200114250183105,,cfg02_G3_D32,1.8739664049935527,cuda
evaluation,1980,1150,Warm B,0.007853695191442966,0.1111110970377922,0.10280278325080872,0.8395061728395061,2.384185791015625e-07,0.3466119170188904,0.29496604204177856,,cfg02_G3_D32,1.8739664049935527,cuda
evaluation,1980,1150,Warm C,0.011115381494164467,0.111111119389534,0.12618865072727203,0.7160493827160493,1.1920928955078125e-07,0.4607206881046295,0.34974414110183716,,cfg02_G3_D32,1.8739664049935527,cuda
evaluation,1981,1151,Cold,0.0029951881151646376,0.1111111119389534,0.07668056339025497,0.9753086419753086,1.7881393432617188e-07,0.0,0.0,,cfg02_G3_D32,1.8739664049935527,cuda
evaluation,1981,1151,Warm A,0.0049617476761341095,0.1111111119389534,0.07538328319787979,0.9259259259259259,1.1920928955078125e-07,0.24795851111412048,0.4271058142185211,,cfg02_G3_D32,1.8739664049935527,cuda
evaluation,1981,1151,Warm B,0.00830866489559412,0.1111110970377922,0.10214059054851532,0.8518518518518519,1.1920928955078125e-07,0.4403949975967407,0.2755349278450012,,cfg02_G3_D32,1.8739664049935527,cuda
evaluation,1981,1151,Warm C,0.012247433885931969,0.1111110970377922,0.1269737333059311,0.6790123456790124,2.384185791015625e-07,0.6536875367164612,0.2808986008167267,,cfg02_G3_D32,1.8739664049935527,cuda
evaluation,1983,1153,Cold,0.003513670526444912,0.111111119389534,0.07386893779039383,0.9629629629629629,2.384185791015625e-07,0.0,0.0,,cfg02_G3_D32,1.8739664049935527,cuda
evaluation,1983,1153,Warm A,0.004633310250937939,0.1111111119389534,0.08314737677574158,0.9135802469135802,1.1920928955078125e-07,0.24075427651405334,0.5619831085205078,,cfg02_G3_D32,1.8739664049935527,cuda
evaluation,1983,1153,Warm B,0.004441399127244949,0.1111111119389534,0.08758395165205002,0.8888888888888888,2.384185791015625e-07,0.37890732288360596,0.4398059844970703,,cfg02_G3_D32,1.8739664049935527,cuda
evaluation,1983,1153,Warm C,0.003131602657958865,0.1111110970377922,0.09053048491477966,0.8765432098765432,2.384185791015625e-07,0.5370702743530273,0.5366342663764954,,cfg02_G3_D32,1.8739664049935527,cuda
evaluation,1984,1154,Cold,0.0035990094766020775,0.1111110970377922,0.07231907546520233,0.9629629629629629,1.1920928955078125e-07,0.0,0.0,,cfg02_G3_D32,1.8739664049935527,cuda
evaluation,1984,1154,Warm A,0.006403564475476742,0.111111119389534,0.08504123240709305,0.9259259259259259,1.1920928955078125e-07,0.2427188605070114,0.45415350794792175,,cfg02_G3_D32,1.8739664049935527,cuda
evaluation,1984,1154,Warm B,0.010885762982070446,0.1111111119389534,0.11290211230516434,0.8271604938271605,2.384185791015625e-07,0.38358867168426514,0.4881137013435364,,cfg02_G3_D32,1.8739664049935527,cuda
evaluation,1984,1154,Warm C,0.015019232407212257,0.1111111119389534,0.13496606051921844,0.6172839506172839,1.1920928955078125e-07,0.5344816446304321,0.24739430844783783,,cfg02_G3_D32,1.8739664049935527,cuda
evaluation,1985,1155,Cold,0.0029991604387760162,0.1111111119389534,0.07098980247974396,0.9753086419753086,1.1920928955078125e-07,0.0,0.0,,cfg02_G3_D32,1.8739664049935527,cuda
evaluation,1985,1155,Warm A,0.0057192640379071236,0.1111111119389534,0.07631289213895798,0.9382716049382716,1.1920928955078125e-07,0.2463616281747818,0.5262485146522522,,cfg02_G3_D32,1.8739664049935527,cuda
evaluation,1985,1155,Warm B,0.009454363957047462,0.111111119389534,0.10714422166347504,0.8271604938271605,1.7881393432617188e-07,0.4305270314216614,0.43158864974975586,,cfg02_G3_D32,1.8739664049935527,cuda
evaluation,1985,1155,Warm C,0.00487517798319459,0.111111119389534,0.0826387032866478,0.8888888888888888,1.1920928955078125e-07,0.4431658983230591,0.4519784152507782,,cfg02_G3_D32,1.8739664049935527,cuda
evaluation,1986,1156,Cold,0.002840174362063408,0.1111111119389534,0.07524705678224564,0.9753086419753086,1.7881393432617188e-07,0.0,0.0,,cfg02_G3_D32,1.8739664049935527,cuda
evaluation,1986,1156,Warm A,0.005689072888344526,0.1111111119389534,0.07373885810375214,0.9753086419753086,1.7881393432617188e-07,0.24314047396183014,0.398030161857605,,cfg02_G3_D32,1.8739664049935527,cuda
evaluation,1986,1156,Warm B,0.008478302508592606,0.1111111119389534,0.10292784869670868,0.8271604938271605,1.1920928955078125e-07,0.39698484539985657,0.3113282024860382,,cfg02_G3_D32,1.8739664049935527,cuda
evaluation,1986,1156,Warm C,0.011635866947472095,0.1111111119389534,0.1330057680606842,0.691358024691358,1.7881393432617188e-07,0.4653679132461548,0.17029373347759247,,cfg02_G3_D32,1.8739664049935527,cuda
evaluation,1987,1157,Cold,0.003484234679490328,0.111111119389534,0.07883597165346146,0.9382716049382716,2.384185791015625e-07,0.0,0.0,,cfg02_G3_D32,1.8739664049935527,cuda
evaluation,1987,1157,Warm A,0.0060429321601986885,0.1111111119389534,0.0806918665766716,0.9012345679012346,1.1920928955078125e-07,0.24612009525299072,0.607751190662384,,cfg02_G3_D32,1.8739664049935527,cuda
evaluation,1987,1157,Warm B,0.008032242767512798,0.1111111119389534,0.10353387147188187,0.8148148148148148,1.7881393432617188e-07,0.4385921061038971,0.30725550651550293,,cfg02_G3_D32,1.8739664049935527,cuda
evaluation,1987,1157,Warm C,0.013403006829321384,0.1111111119389534,0.12503008544445038,0.691358024691358,1.1920928955078125e-07,0.5526522994041443,0.2823006510734558,,cfg02_G3_D32,1.8739664049935527,cuda
evaluation,1992,1159,Cold,0.0036857507657259703,0.1111111119389534,0.06437645107507706,0.9629629629629629,2.384185791015625e-07,0.0,0.0,,cfg02_G3_D32,1.8739664049935527,cuda
evaluation,1992,1159,Warm A,0.006225129589438438,0.111111119389534,0.08557465672492981,0.9259259259259259,2.384185791015625e-07,0.24817724525928497,0.30537405610084534,,cfg02_G3_D32,1.8739664049935527,cuda
evaluation,1992,1159,Warm B,0.009817864745855331,0.1111110970377922,0.11619824916124344,0.7901234567901234,1.1920928955078125e-07,0.4156682789325714,0.407930463552475,,cfg02_G3_D32,1.8739664049935527,cuda
evaluation,1992,1159,Warm C,0.009351851418614388,0.1111110970377922,0.10385720431804657,0.8518518518518519,2.384185791015625e-07,0.3494528830051422,0.22368685901165009,,cfg02_G3_D32,1.8739664049935527,cuda
evaluation,1993,1160,Cold,0.0035935163032263517,0.1111111119389534,0.06286203861236572,0.9753086419753086,1.1920928955078125e-07,0.0,0.0,,cfg02_G3_D32,1.8739664049935527,cuda
evaluation,1993,1160,Warm A,0.005796708632260561,0.1111111119389534,0.08424394577741623,0.9259259259259259,2.384185791015625e-07,0.245958149433136,0.3327946662902832,,cfg02_G3_D32,1.8739664049935527,cuda
evaluation,1993,1160,Warm B,0.009837513789534569,0.1111111119389534,0.11799226701259613,0.7777777777777778,2.384185791015625e-07,0.41668182611465454,0.26406219601631165,,cfg02_G3_D32,1.8739664049935527,cuda
evaluation,1993,1160,Warm C,0.004969870205968618,0.111111119389534,0.09553340077400208,0.9259259259259259,1.1920928955078125e-07,0.43813031911849976,0.394024133682251,,cfg02_G3_D32,1.8739664049935527,cuda
evaluation,1995,1162,Cold,0.004724594298750162,0.1111111119389534,0.08231835067272186,0.9135802469135802,2.384185791015625e-07,0.0,0.0,,cfg02_G3_D32,1.8739664049935527,cuda
evaluation,1995,1162,Warm A,0.0070507945492863655,0.1111111119389534,0.08555774390697479,0.9135802469135802,1.7881393432617188e-07,0.24973423779010773,0.5894166231155396,,cfg02_G3_D32,1.8739664049935527,cuda
evaluation,1995,1162,Warm B,0.009120389819145203,0.1111111119389534,0.11380093544721603,0.8765432098765432,2.384185791015625e-07,0.468018114566803,0.31651443243026733,,cfg02_G3_D32,1.8739664049935527,cuda
evaluation,1995,1162,Warm C,0.013317125849425793,0.1111111119389534,0.13597190380096436,0.6790123456790124,2.384185791015625e-07,0.5792046785354614,0.5025984644889832,,cfg02_G3_D32,1.8739664049935527,cuda
evaluation,1996,1163,Cold,0.004673729185014963,0.1111111119389534,0.07515928894281387,0.9382716049382716,1.1920928955078125e-07,0.0,0.0,,cfg02_G3_D32,1.8739664049935527,cuda
evaluation,1996,1163,Warm A,0.007683997508138418,0.1111111119389534,0.08810965716838837,0.9259259259259259,2.384185791015625e-07,0.2496764212846756,0.5106188654899597,,cfg02_G3_D32,1.8739664049935527,cuda
evaluation,1996,1163,Warm B,0.010656432248651981,0.1111111119389534,0.11808064579963684,0.7777777777777778,2.384185791015625e-07,0.44811928272247314,0.40989628434181213,,cfg02_G3_D32,1.8739664049935527,cuda
evaluation,1996,1163,Warm C,0.014302150346338749,0.111111119389534,0.1393989473581314,0.5925925925925926,2.384185791015625e-07,0.6313959360122681,0.24130938947200775,,cfg02_G3_D32,1.8739664049935527,cuda
evaluation,1998,1165,Cold,0.0037616726476699114,0.1111111119389534,0.08250048011541367,0.9259259259259259,1.1920928955078125e-07,0.0,0.0,,cfg02_G3_D32,1.8739664049935527,cuda
evaluation,1998,1165,Warm A,0.0068114809691905975,0.1111111119389534,0.08604153245687485,0.8641975308641975,1.1920928955078125e-07,0.2470533549785614,0.5727801322937012,,cfg02_G3_D32,1.8739664049935527,cuda
evaluation,1998,1165,Warm B,0.008778075687587261,0.1111111119389534,0.10623413324356079,0.7777777777777778,1.1920928955078125e-07,0.4586341977119446,0.29903921484947205,,cfg02_G3_D32,1.8739664049935527,cuda
evaluation,1998,1165,Warm C,0.013309848494827747,0.1111111119389534,0.1281244307756424,0.7037037037037037,2.384185791015625e-07,0.4913768768310547,0.30697140097618103,,cfg02_G3_D32,1.8739664049935527,cuda
evaluation,1999,1166,Cold,0.0033539424184709787,0.1111111119389534,0.06869833916425705,0.9753086419753086,2.384185791015625e-07,0.0,0.0,,cfg02_G3_D32,1.8739664049935527,cuda
evaluation,1999,1166,Warm A,0.004234964959323406,0.1111111119389534,0.07231051474809647,0.9382716049382716,2.384185791015625e-07,0.2388787418603897,0.6035943031311035,,cfg02_G3_D32,1.8739664049935527,cuda
evaluation,1999,1166,Warm B,0.006803764961659908,0.111111119389534,0.07412096112966537,0.9506172839506173,2.384185791015625e-07,0.32888680696487427,0.6516602635383606,,cfg02_G3_D32,1.8739664049935527,cuda
evaluation,1999,1166,Warm C,0.0032155588269233704,0.1111111119389534,0.07441096752882004,0.9629629629629629,2.384185791015625e-07,0.41406577825546265,0.521669328212738,,cfg02_G3_D32,1.8739664049935527,cuda
evaluation,2007,1174,Cold,0.0038728523068130016,0.111111119389534,0.08855282515287399,0.9135802469135802,2.384185791015625e-07,0.0,0.0,,cfg02_G3_D32,1.8739664049935527,cuda
evaluation,2007,1174,Warm A,0.005967594683170319,0.1111111119389534,0.06859268248081207,0.9629629629629629,1.1920928955078125e-07,0.24233627319335938,0.4926322102546692,,cfg02_G3_D32,1.8739664049935527,cuda
evaluation,2007,1174,Warm B,0.009001072496175766,0.111111119389534,0.08838815242052078,0.9135802469135802,2.384185791015625e-07,0.3750130832195282,0.3311644494533539,,cfg02_G3_D32,1.8739664049935527,cuda
evaluation,2007,1174,Warm C,0.008148147724568844,0.111111119389534,0.08261501044034958,0.9259259259259259,1.1920928955078125e-07,0.41812676191329956,0.43124619126319885,,cfg02_G3_D32,1.8739664049935527,cuda
evaluation,2014,1180,Cold,0.004421387333422899,0.1111110970377922,0.09217519313097,0.8888888888888888,1.1920928955078125e-07,0.0,0.0,,cfg02_G3_D32,1.8739664049935527,cuda
evaluation,2014,1180,Warm A,0.006709025241434574,0.1111111119389534,0.08771224319934845,0.9012345679012346,1.1920928955078125e-07,0.24518083035945892,0.7287557721138,,cfg02_G3_D32,1.8739664049935527,cuda
evaluation,2014,1180,Warm B,0.0037052789703011513,0.1111111119389534,0.09217614680528641,0.8518518518518519,2.980232238769531e-07,0.34904518723487854,0.671750545501709,,cfg02_G3_D32,1.8739664049935527,cuda
evaluation,2014,1180,Warm C,0.005746425595134497,0.1111111119389534,0.09128892421722412,0.8271604938271605,1.1920928955078125e-07,0.3916436731815338,0.571388840675354,,cfg02_G3_D32,1.8739664049935527,cuda
evaluation,2016,1182,Cold,0.004614116623997688,0.1111111119389534,0.09176773577928543,0.8765432098765432,2.384185791015625e-07,0.0,0.0,,cfg02_G3_D32,1.8739664049935527,cuda
evaluation,2016,1182,Warm A,0.006740182172507048,0.1111111119389534,0.09075295925140381,0.9259259259259259,2.384185791015625e-07,0.24574929475784302,0.7101035118103027,,cfg02_G3_D32,1.8739664049935527,cuda
evaluation,2016,1182,Warm B,0.009243535809218884,0.1111111119389534,0.10490162670612335,0.8024691358024691,1.1920928955078125e-07,0.4086979627609253,0.49154168367385864,,cfg02_G3_D32,1.8739664049935527,cuda
evaluation,2016,1182,Warm C,0.01077259425073862,0.1111111119389534,0.12654070556163788,0.7407407407407407,1.1920928955078125e-07,0.4880872964859009,0.44101569056510925,,cfg02_G3_D32,1.8739664049935527,cuda
evaluation,2017,1183,Cold,0.0056944857351481915,0.1111111119389534,0.10138633102178574,0.7901234567901234,5.960464477539063e-08,0.0,0.0,,cfg02_G3_D32,1.8739664049935527,cuda
evaluation,2017,1183,Warm A,0.008954683318734169,0.1111111119389534,0.10520045459270477,0.7777777777777778,2.384185791015625e-07,0.24431857466697693,0.7460404634475708,,cfg02_G3_D32,1.8739664049935527,cuda
evaluation,2017,1183,Warm B,0.011914745904505253,0.1111110970377922,0.12162934243679047,0.7283950617283951,1.1920928955078125e-07,0.3793635368347168,0.43322643637657166,,cfg02_G3_D32,1.8739664049935527,cuda
evaluation,2017,1183,Warm C,0.01432698406279087,0.1111111119389534,0.14190371334552765,0.6296296296296297,2.384185791015625e-07,0.5186067819595337,0.6489749550819397,,cfg02_G3_D32,1.8739664049935527,cuda
evaluation,2024,1190,Cold,0.005051587708294392,0.1111110970377922,0.09552835673093796,0.8271604938271605,1.7881393432617188e-07,0.0,0.0,,cfg02_G3_D32,1.8739664049935527,cuda
evaluation,2024,1190,Warm A,0.004727192688733339,0.1111110970377922,0.08864930272102356,0.8765432098765432,1.1920928955078125e-07,0.23258845508098602,0.6176023483276367,,cfg02_G3_D32,1.8739664049935527,cuda
evaluation,2024,1190,Warm B,0.008023126050829887,0.1111111119389534,0.07880713790655136,0.9135802469135802,1.1920928955078125e-07,0.3416052460670471,0.5798056721687317,,cfg02_G3_D32,1.8739664049935527,cuda
evaluation,2024,1190,Warm C,0.00865751039236784,0.1111110970377922,0.07957912981510162,0.9135802469135802,2.384185791015625e-07,0.4240431785583496,0.67473965883255,,cfg02_G3_D32,1.8739664049935527,cuda
evaluation,2026,1192,Cold,0.004181751515716314,0.1111111119389534,0.08931455761194229,0.8765432098765432,1.7881393432617188e-07,0.0,0.0,,cfg02_G3_D32,1.8739664049935527,cuda
evaluation,2026,1192,Warm A,0.005447485018521547,0.1111111119389534,0.07442118972539902,0.9259259259259259,3.5762786865234375e-07,0.23233863711357117,0.5189133882522583,,cfg02_G3_D32,1.8739664049935527,cuda
evaluation,2026,1192,Warm B,0.00817989744246006,0.1111111119389534,0.08935055136680603,0.9259259259259259,2.384185791015625e-07,0.3566713333129883,0.4097045063972473,,cfg02_G3_D32,1.8739664049935527,cuda
evaluation,2026,1192,Warm C,0.006064736749976873,0.1111111119389534,0.07988543063402176,0.8888888888888888,2.384185791015625e-07,0.4131419062614441,0.504386842250824,,cfg02_G3_D32,1.8739664049935527,cuda
evaluation,2027,1193,Cold,0.004470717161893845,0.1111110970377922,0.09241294115781784,0.8888888888888888,1.1920928955078125e-07,0.0,0.0,,cfg02_G3_D32,1.8739664049935527,cuda
evaluation,2027,1193,Warm A,0.00579050974920392,0.1111110970377922,0.08005200326442719,0.9259259259259259,2.384185791015625e-07,0.23543962836265564,0.6857938766479492,,cfg02_G3_D32,1.8739664049935527,cuda
evaluation,2027,1193,Warm B,0.007939890027046204,0.1111111119389534,0.08553286641836166,0.8888888888888888,2.384185791015625e-07,0.29633671045303345,0.5064427256584167,,cfg02_G3_D32,1.8739664049935527,cuda
evaluation,2027,1193,Warm C,0.010359572246670723,0.1111111119389534,0.1096707135438919,0.7901234567901234,1.1920928955078125e-07,0.4492487609386444,0.32907232642173767,,cfg02_G3_D32,1.8739664049935527,cuda
evaluation,2029,1195,Cold,0.003430443350225687,0.1111111119389534,0.07960046827793121,0.9259259259259259,2.384185791015625e-07,0.0,0.0,,cfg02_G3_D32,1.8739664049935527,cuda
evaluation,2029,1195,Warm A,0.005204809829592705,0.1111110970377922,0.10068634897470474,0.8024691358024691,2.384185791015625e-07,0.2234925478696823,0.5774363875389099,,cfg02_G3_D32,1.8739664049935527,cuda
evaluation,2029,1195,Warm B,0.004181564319878817,0.1111111119389534,0.12032857537269592,0.7160493827160493,2.384185791015625e-07,0.3861161768436432,0.6474315524101257,,cfg02_G3_D32,1.8739664049935527,cuda
evaluation,2029,1195,Warm C,0.005443090107291937,0.1111110970377922,0.10113071650266647,0.7901234567901234,2.384185791015625e-07,0.36716988682746887,0.5021538138389587,,cfg02_G3_D32,1.8739664049935527,cuda
evaluation,2036,1197,Cold,0.003320123767480254,0.1111111119389534,0.08515921235084534,0.9012345679012346,1.1920928955078125e-07,0.0,0.0,,cfg02_G3_D32,1.8739664049935527,cuda
evaluation,2036,1197,Warm A,0.005555056966841221,0.1111111119389534,0.07191124558448792,0.9629629629629629,1.1920928955078125e-07,0.24277453124523163,0.4875392019748688,,cfg02_G3_D32,1.8739664049935527,cuda
evaluation,2036,1197,Warm B,0.008681463077664375,0.1111111119389534,0.08835741132497787,0.9135802469135802,2.384185791015625e-07,0.43748125433921814,0.4078961908817291,,cfg02_G3_D32,1.8739664049935527,cuda
evaluation,2036,1197,Warm C,0.011455925181508064,0.1111111119389534,0.11206921935081482,0.7777777777777778,2.384185791015625e-07,0.6253304481506348,0.2517160177230835,,cfg02_G3_D32,1.8739664049935527,cuda
evaluation,2038,1198,Cold,0.004889762494713068,0.1111111119389534,0.0805254727602005,0.9259259259259259,2.384185791015625e-07,0.0,0.0,,cfg02_G3_D32,1.8739664049935527,cuda
evaluation,2038,1198,Warm A,0.008398783393204212,0.111111119389534,0.09130868315696716,0.8641975308641975,1.1920928955078125e-07,0.2527789771556854,0.6815914511680603,,cfg02_G3_D32,1.8739664049935527,cuda
evaluation,2038,1198,Warm B,0.007389547768980265,0.1111111119389534,0.10044408589601517,0.8271604938271605,2.384185791015625e-07,0.38932889699935913,0.5611576437950134,,cfg02_G3_D32,1.8739664049935527,cuda
evaluation,2038,1198,Warm C,0.008830123580992222,0.111111119389534,0.11687620729207993,0.7283950617283951,1.1920928955078125e-07,0.43119269609451294,0.4479261338710785,,cfg02_G3_D32,1.8739664049935527,cuda
evaluation,2040,1199,Cold,0.005524800159037113,0.1111111119389534,0.09918595850467682,0.8395061728395061,2.384185791015625e-07,0.0,0.0,,cfg02_G3_D32,1.8739664049935527,cuda
evaluation,2040,1199,Warm A,0.00771318469196558,0.1111111119389534,0.09911876916885376,0.7901234567901234,2.384185791015625e-07,0.24280306696891785,0.5572706460952759,,cfg02_G3_D32,1.8739664049935527,cuda
evaluation,2040,1199,Warm B,0.010740465484559536,0.1111111119389534,0.10975518822669983,0.7407407407407407,1.1920928955078125e-07,0.42063796520233154,0.5025022625923157,,cfg02_G3_D32,1.8739664049935527,cuda
evaluation,2040,1199,Warm C,0.013339479453861713,0.1111111119389534,0.12305272370576859,0.7037037037037037,2.384185791015625e-07,0.5745581984519958,0.44943252205848694,,cfg02_G3_D32,1.8739664049935527,cuda
evaluation,2041,1200,Cold,0.0050952560268342495,0.111111119389534,0.09391817450523376,0.8395061728395061,1.1920928955078125e-07,0.0,0.0,,cfg02_G3_D32,1.8739664049935527,cuda
evaluation,2041,1200,Warm A,0.006801730487495661,0.1111111119389534,0.09072435647249222,0.8888888888888888,1.1920928955078125e-07,0.2481512576341629,0.7940561175346375,,cfg02_G3_D32,1.8739664049935527,cuda
evaluation,2041,1200,Warm B,0.0070890444330871105,0.1111111119389534,0.10460561513900757,0.7901234567901234,1.1920928955078125e-07,0.46375158429145813,0.5615352988243103,,cfg02_G3_D32,1.8739664049935527,cuda
evaluation,2041,1200,Warm C,0.009622953832149506,0.1111111119389534,0.12220413237810135,0.7160493827160493,1.1920928955078125e-07,0.6193522810935974,0.46508488059043884,,cfg02_G3_D32,1.8739664049935527,cuda
evaluation,2042,1201,Cold,0.00332896807231009,0.1111110970377922,0.07836616039276123,0.9506172839506173,2.384185791015625e-07,0.0,0.0,,cfg02_G3_D32,1.8739664049935527,cuda
evaluation,2042,1201,Warm A,0.0055596474558115005,0.1111111119389534,0.0719972550868988,0.9506172839506173,2.384185791015625e-07,0.23744049668312073,0.4732287526130676,,cfg02_G3_D32,1.8739664049935527,cuda
evaluation,2042,1201,Warm B,0.005800697021186352,0.111111119389534,0.069936603307724,0.9753086419753086,2.384185791015625e-07,0.2665242552757263,0.5883335471153259,,cfg02_G3_D32,1.8739664049935527,cuda
evaluation,2042,1201,Warm C,0.008323753252625465,0.111111119389534,0.08692629635334015,0.9506172839506173,1.1920928955078125e-07,0.3805311322212219,0.4577670991420746,,cfg02_G3_D32,1.8739664049935527,cuda
evaluation,2043,1202,Cold,0.006811858620494604,0.111111119389534,0.1077861487865448,0.7654320987654321,2.384185791015625e-07,0.0,0.0,,cfg02_G3_D32,1.8739664049935527,cuda
evaluation,2043,1202,Warm A,0.009776229970157146,0.1111111119389534,0.11089690029621124,0.7160493827160493,2.384185791015625e-07,0.23965699970722198,0.6590256094932556,,cfg02_G3_D32,1.8739664049935527,cuda
evaluation,2043,1202,Warm B,0.01155003160238266,0.111111119389534,0.12016338109970093,0.7407407407407407,2.384185791015625e-07,0.3328284025192261,0.48971471190452576,,cfg02_G3_D32,1.8739664049935527,cuda
evaluation,2043,1202,Warm C,0.011175872758030891,0.1111111119389534,0.12517449259757996,0.6666666666666666,1.1920928955078125e-07,0.4591659903526306,0.632762610912323,,cfg02_G3_D32,1.8739664049935527,cuda
evaluation,2048,1204,Cold,0.003212152747437358,0.1111111119389534,0.07589441537857056,0.9629629629629629,1.7881393432617188e-07,0.0,0.0,,cfg02_G3_D32,1.8739664049935527,cuda
evaluation,2048,1204,Warm A,0.0064719608053565025,0.1111111119389534,0.07443725317716599,0.9753086419753086,2.384185791015625e-07,0.22855742275714874,0.6327319145202637,,cfg02_G3_D32,1.8739664049935527,cuda
evaluation,2048,1204,Warm B,0.0023650953080505133,0.111111119389534,0.07557936012744904,0.9629629629629629,2.384185791015625e-07,0.2906478941440582,0.4089617431163788,,cfg02_G3_D32,1.8739664049935527,cuda
evaluation,2048,1204,Warm C,0.00490562105551362,0.1111111119389534,0.07027304917573929,0.9629629629629629,3.5762786865234375e-07,0.43377575278282166,0.5543808937072754,,cfg02_G3_D32,1.8739664049935527,cuda
evaluation,2050,1205,Cold,0.004738300107419491,0.1111110970377922,0.08464333415031433,0.9012345679012346,1.1920928955078125e-07,0.0,0.0,,cfg02_G3_D32,1.8739664049935527,cuda
evaluation,2050,1205,Warm A,0.007878333330154419,0.1111111119389534,0.08782463520765305,0.8765432098765432,2.384185791015625e-07,0.24170736968517303,0.6479174494743347,,cfg02_G3_D32,1.8739664049935527,cuda
evaluation,2050,1205,Warm B,0.010083815082907677,0.1111111119389534,0.10184422880411148,0.8271604938271605,2.384185791015625e-07,0.37921634316444397,0.4337172210216522,,cfg02_G3_D32,1.8739664049935527,cuda
evaluation,2050,1205,Warm C,0.012608819641172886,0.1111111119389534,0.12388279289007187,0.6666666666666666,2.384185791015625e-07,0.5586677193641663,0.3785499036312103,,cfg02_G3_D32,1.8739664049935527,cuda
evaluation,2051,1206,Cold,0.005054566543549299,0.1111111119389534,0.0916193351149559,0.8888888888888888,1.1920928955078125e-07,0.0,0.0,,cfg02_G3_D32,1.8739664049935527,cuda
evaluation,2051,1206,Warm A,0.0084256362169981,0.1111111119389534,0.09253878146409988,0.8271604938271605,1.1920928955078125e-07,0.24192354083061218,0.5148672461509705,,cfg02_G3_D32,1.8739664049935527,cuda
evaluation,2051,1206,Warm B,0.011960012838244438,0.1111111119389534,0.109018974006176,0.7777777777777778,2.384185791015625e-07,0.40947479009628296,0.34434810280799866,,cfg02_G3_D32,1.8739664049935527,cuda
evaluation,2051,1206,Warm C,0.015873000025749207,0.1111111119389534,0.12879301607608795,0.7037037037037037,1.1920928955078125e-07,0.5700936913490295,0.5452066659927368,,cfg02_G3_D32,1.8739664049935527,cuda
evaluation,2052,1207,Cold,0.0037923529744148254,0.1111111119389534,0.08305284380912781,0.9012345679012346,2.384185791015625e-07,0.0,0.0,,cfg02_G3_D32,1.8739664049935527,cuda
evaluation,2052,1207,Warm A,0.006687953136861324,0.1111111119389534,0.07458977401256561,0.9506172839506173,2.384185791015625e-07,0.24043895304203033,0.5217053294181824,,cfg02_G3_D32,1.8739664049935527,cuda
evaluation,2052,1207,Warm B,0.009422729723155499,0.1111111119389534,0.08968926221132278,0.9259259259259259,1.1920928955078125e-07,0.3842138350009918,0.3636853098869324,,cfg02_G3_D32,1.8739664049935527,cuda
evaluation,2052,1207,Warm C,0.00877700187265873,0.1111111119389534,0.0735551193356514,0.9506172839506173,1.1920928955078125e-07,0.36987972259521484,0.6157996654510498,,cfg02_G3_D32,1.8739664049935527,cuda
evaluation,2057,1210,Cold,0.006377719808369875,0.1111111119389534,0.10480599850416183,0.7654320987654321,1.1920928955078125e-07,0.0,0.0,,cfg02_G3_D32,1.8739664049935527,cuda
evaluation,2057,1210,Warm A,0.008431324735283852,0.1111111119389534,0.10809652507305145,0.7283950617283951,1.1920928955078125e-07,0.2367805540561676,0.6974566578865051,,cfg02_G3_D32,1.8739664049935527,cuda
evaluation,2057,1210,Warm B,0.009157833643257618,0.1111110970377922,0.10694514960050583,0.7901234567901234,2.384185791015625e-07,0.3434724807739258,0.6365189552307129,,cfg02_G3_D32,1.8739664049935527,cuda
evaluation,2057,1210,Warm C,0.009124654345214367,0.1111111119389534,0.11186428368091583,0.7901234567901234,1.7881393432617188e-07,0.4536778926849365,0.47960948944091797,,cfg02_G3_D32,1.8739664049935527,cuda
evaluation,2060,1213,Cold,0.004170040134340525,0.1111111119389534,0.09125915914773941,0.9012345679012346,2.384185791015625e-07,0.0,0.0,,cfg02_G3_D32,1.8739664049935527,cuda
evaluation,2060,1213,Warm A,0.006939655635505915,0.1111111119389534,0.07356914132833481,0.9135802469135802,1.1920928955078125e-07,0.23653070628643036,0.4959578514099121,,cfg02_G3_D32,1.8739664049935527,cuda
evaluation,2060,1213,Warm B,0.00613241083920002,0.1111110970377922,0.07648853957653046,0.9012345679012346,1.1920928955078125e-07,0.2723575234413147,0.6314008831977844,,cfg02_G3_D32,1.8739664049935527,cuda
evaluation,2060,1213,Warm C,0.006630703341215849,0.111111119389534,0.07700086385011673,0.9506172839506173,2.384185791015625e-07,0.35729771852493286,0.5354539752006531,,cfg02_G3_D32,1.8739664049935527,cuda
evaluation,2062,1214,Cold,0.004126666113734245,0.111111119389534,0.09023701399564743,0.9012345679012346,1.1920928955078125e-07,0.0,0.0,,cfg02_G3_D32,1.8739664049935527,cuda
evaluation,2062,1214,Warm A,0.006627345457673073,0.1111111119389534,0.07482843101024628,0.9259259259259259,2.384185791015625e-07,0.23623144626617432,0.6688501834869385,,cfg02_G3_D32,1.8739664049935527,cuda
evaluation,2062,1214,Warm B,0.004240243695676327,0.1111111119389534,0.08446402102708817,0.9012345679012346,2.384185791015625e-07,0.22967781126499176,0.6216058135032654,,cfg02_G3_D32,1.8739664049935527,cuda
evaluation,2062,1214,Warm C,0.00650163134559989,0.1111111119389534,0.07360420376062393,0.9506172839506173,2.384185791015625e-07,0.3497348129749298,0.5350438356399536,,cfg02_G3_D32,1.8739664049935527,cuda
evaluation,2066,1217,Cold,0.007914124056696892,0.1111111119389534,0.12312877923250198,0.7283950617283951,2.384185791015625e-07,0.0,0.0,,cfg02_G3_D32,1.8739664049935527,cuda
evaluation,2066,1217,Warm A,0.005317775998264551,0.1111111119389534,0.12974904477596283,0.7160493827160493,2.384185791015625e-07,0.25015541911125183,0.5065205097198486,,cfg02_G3_D32,1.8739664049935527,cuda
evaluation,2066,1217,Warm B,0.007206708658486605,0.1111111119389534,0.12165270745754242,0.691358024691358,2.980232238769531e-07,0.2693732678890228,0.5321812033653259,,cfg02_G3_D32,1.8739664049935527,cuda
evaluation,2066,1217,Warm C,0.009849942289292812,0.1111111119389534,0.12158944457769394,0.7037037037037037,1.1920928955078125e-07,0.392485111951828,0.5552384257316589,,cfg02_G3_D32,1.8739664049935527,cuda
evaluation,2068,1219,Cold,0.004949385765939951,0.111111119389534,0.09849432110786438,0.8518518518518519,2.384185791015625e-07,0.0,0.0,,cfg02_G3_D32,1.8739664049935527,cuda
evaluation,2068,1219,Warm A,0.003395513165742159,0.1111111119389534,0.11736525595188141,0.7901234567901234,1.1920928955078125e-07,0.24031050503253937,0.5414385199546814,,cfg02_G3_D32,1.8739664049935527,cuda
evaluation,2068,1219,Warm B,0.005168634932488203,0.1111111119389534,0.1012778952717781,0.8148148148148148,2.384185791015625e-07,0.3233053684234619,0.823506772518158,,cfg02_G3_D32,1.8739664049935527,cuda
evaluation,2068,1219,Warm C,0.005012445151805878,0.1111111119389534,0.11597361415624619,0.7654320987654321,2.384185791015625e-07,0.3720148503780365,0.47215643525123596,,cfg02_G3_D32,1.8739664049935527,cuda
evaluation,2069,1220,Cold,0.004354430362582207,0.1111110970377922,0.08970990031957626,0.8888888888888888,2.384185791015625e-07,0.0,0.0,,cfg02_G3_D32,1.8739664049935527,cuda
evaluation,2069,1220,Warm A,0.00505288690328598,0.1111111119389534,0.10270807147026062,0.8271604938271605,1.1920928955078125e-07,0.217961847782135,0.6672296524047852,,cfg02_G3_D32,1.8739664049935527,cuda
evaluation,2069,1220,Warm B,0.0037743612192571163,0.1111111119389534,0.09985551983118057,0.8641975308641975,1.1920928955078125e-07,0.25131016969680786,0.5241023302078247,,cfg02_G3_D32,1.8739664049935527,cuda
evaluation,2069,1220,Warm C,0.004125507548451424,0.1111111119389534,0.0860990658402443,0.8765432098765432,2.384185791015625e-07,0.36593708395957947,0.5760722160339355,,cfg02_G3_D32,1.8739664049935527,cuda
evaluation,2071,1222,Cold,0.004455947782844305,0.1111110970377922,0.09080232679843903,0.8765432098765432,1.1920928955078125e-07,0.0,0.0,,cfg02_G3_D32,1.8739664049935527,cuda
evaluation,2071,1222,Warm A,0.004986123647540808,0.1111111119389534,0.10869619995355606,0.7777777777777778,1.1920928955078125e-07,0.2090095579624176,0.6411722898483276,,cfg02_G3_D32,1.8739664049935527,cuda
evaluation,2071,1222,Warm B,0.005074779503047466,0.1111111119389534,0.10148053616285324,0.8395061728395061,1.1920928955078125e-07,0.3171910345554352,0.573418915271759,,cfg02_G3_D32,1.8739664049935527,cuda
evaluation,2071,1222,Warm C,0.007517259567975998,0.1111111119389534,0.08816990256309509,0.9012345679012346,2.384185791015625e-07,0.3652110695838928,0.7426684498786926,,cfg02_G3_D32,1.8739664049935527,cuda
evaluation,2073,1224,Cold,0.004336034879088402,0.1111111119389534,0.08688521385192871,0.9012345679012346,2.384185791015625e-07,0.0,0.0,,cfg02_G3_D32,1.8739664049935527,cuda
evaluation,2073,1224,Warm A,0.0034163263626396656,0.1111111119389534,0.08746135234832764,0.9259259259259259,2.384185791015625e-07,0.24508123099803925,0.5342167019844055,,cfg02_G3_D32,1.8739664049935527,cuda
evaluation,2073,1224,Warm B,0.006853720173239708,0.111111119389534,0.08808395266532898,0.9135802469135802,2.384185791015625e-07,0.3621983528137207,0.6830803751945496,,cfg02_G3_D32,1.8739664049935527,cuda
evaluation,2073,1224,Warm C,0.006563854869455099,0.1111111119389534,0.10180894285440445,0.8395061728395061,1.1920928955078125e-07,0.48096391558647156,0.4896546006202698,,cfg02_G3_D32,1.8739664049935527,cuda
evaluation,2075,1225,Cold,0.005315069109201431,0.111111119389534,0.10290737450122833,0.8148148148148148,2.384185791015625e-07,0.0,0.0,,cfg02_G3_D32,1.8739664049935527,cuda
evaluation,2075,1225,Warm A,0.0028073813300579786,0.111111119389534,0.11838734149932861,0.7777777777777778,3.5762786865234375e-07,0.24542935192584991,0.3355282247066498,,cfg02_G3_D32,1.8739664049935527,cuda
evaluation,2075,1225,Warm B,0.0048236851580441,0.1111111119389534,0.10243353247642517,0.7901234567901234,1.1920928955078125e-07,0.22606152296066284,0.7723401188850403,,cfg02_G3_D32,1.8739664049935527,cuda
evaluation,2075,1225,Warm C,0.0077981604263186455,0.1111111119389534,0.09374590963125229,0.8518518518518519,2.384185791015625e-07,0.3511945307254791,0.45053768157958984,,cfg02_G3_D32,1.8739664049935527,cuda
evaluation,2077,1227,Cold,0.004498406779021025,0.1111110970377922,0.08300236612558365,0.9012345679012346,1.1920928955078125e-07,0.0,0.0,,cfg02_G3_D32,1.8739664049935527,cuda
evaluation,2077,1227,Warm A,0.005656651221215725,0.111111119389534,0.07698214799165726,0.9259259259259259,2.384185791015625e-07,0.21478156745433807,0.5988037586212158,,cfg02_G3_D32,1.8739664049935527,cuda
evaluation,2077,1227,Warm B,0.002915034769102931,0.1111111119389534,0.08364586532115936,0.9012345679012346,1.1920928955078125e-07,0.3439115583896637,0.6742459535598755,,cfg02_G3_D32,1.8739664049935527,cuda
evaluation,2077,1227,Warm C,0.004503027535974979,0.1111111119389534,0.08038678020238876,0.9135802469135802,1.1920928955078125e-07,0.5050091743469238,0.5675541162490845,,cfg02_G3_D32,1.8739664049935527,cuda
evaluation,2084,1233,Cold,0.003044422483071685,0.1111111119389534,0.07300614565610886,0.9753086419753086,2.384185791015625e-07,0.0,0.0,,cfg02_G3_D32,1.8739664049935527,cuda
evaluation,2084,1233,Warm A,0.005693940911442041,0.1111110970377922,0.0712805911898613,0.9629629629629629,1.1920928955078125e-07,0.22262251377105713,0.6771010756492615,,cfg02_G3_D32,1.8739664049935527,cuda
evaluation,2084,1233,Warm B,0.003628704696893692,0.111111119389534,0.0776110291481018,0.9382716049382716,2.384185791015625e-07,0.32980024814605713,0.6002141833305359,,cfg02_G3_D32,1.8739664049935527,cuda
evaluation,2084,1233,Warm C,0.00616912916302681,0.1111111119389534,0.07611504942178726,0.9506172839506173,1.1920928955078125e-07,0.4092657268047333,0.59604412317276,,cfg02_G3_D32,1.8739664049935527,cuda
evaluation,2091,1239,Cold,0.0047235949896276,0.1111111119389534,0.07943198829889297,0.9012345679012346,1.1920928955078125e-07,0.0,0.0,,cfg02_G3_D32,1.8739664049935527,cuda
evaluation,2091,1239,Warm A,0.008031715638935566,0.111111119389534,0.09603060781955719,0.8395061728395061,1.1920928955078125e-07,0.24579103291034698,0.5158069133758545,,cfg02_G3_D32,1.8739664049935527,cuda
evaluation,2091,1239,Warm B,0.00552200386300683,0.1111111119389534,0.09017737954854965,0.8888888888888888,2.384185791015625e-07,0.25715190172195435,0.43479225039482117,,cfg02_G3_D32,1.8739664049935527,cuda
evaluation,2091,1239,Warm C,0.008777737617492676,0.1111111119389534,0.1143469363451004,0.7777777777777778,1.7881393432617188e-07,0.40794315934181213,0.5454360842704773,,cfg02_G3_D32,1.8739664049935527,cuda
evaluation,2092,1240,Cold,0.0028424295596778393,0.1111110970377922,0.07400408387184143,0.9629629629629629,1.7881393432617188e-07,0.0,0.0,,cfg02_G3_D32,1.8739664049935527,cuda
evaluation,2092,1240,Warm A,0.006292145233601332,0.1111110970377922,0.0738869458436966,0.9506172839506173,2.384185791015625e-07,0.24574868381023407,0.5869819521903992,,cfg02_G3_D32,1.8739664049935527,cuda
evaluation,2092,1240,Warm B,0.00881657749414444,0.1111110970377922,0.09656576812267303,0.9012345679012346,1.1920928955078125e-07,0.4039706587791443,0.30444154143333435,,cfg02_G3_D32,1.8739664049935527,cuda
evaluation,2092,1240,Warm C,0.011952796950936317,0.1111111119389534,0.12572717666625977,0.7283950617283951,1.1920928955078125e-07,0.5194028615951538,0.32556140422821045,,cfg02_G3_D32,1.8739664049935527,cuda
evaluation,2095,1243,Cold,0.0050190519541502,0.1111111119389534,0.08845293521881104,0.9012345679012346,1.1920928955078125e-07,0.0,0.0,,cfg02_G3_D32,1.8739664049935527,cuda
evaluation,2095,1243,Warm A,0.007721226196736097,0.1111110970377922,0.09444119036197662,0.8518518518518519,2.384185791015625e-07,0.23962879180908203,0.5416742563247681,,cfg02_G3_D32,1.8739664049935527,cuda
evaluation,2095,1243,Warm B,0.012091470882296562,0.111111119389534,0.11090724915266037,0.8024691358024691,1.1920928955078125e-07,0.3594668209552765,0.5681757926940918,,cfg02_G3_D32,1.8739664049935527,cuda
evaluation,2095,1243,Warm C,0.010975388810038567,0.1111111119389534,0.10945301502943039,0.8024691358024691,1.1920928955078125e-07,0.3503851294517517,0.5378815531730652,,cfg02_G3_D32,1.8739664049935527,cuda
evaluation,2098,1246,Cold,0.006659213919192553,0.1111111119389534,0.09725315123796463,0.8148148148148148,1.7881393432617188e-07,0.0,0.0,,cfg02_G3_D32,1.8739664049935527,cuda
evaluation,2098,1246,Warm A,0.010184716433286667,0.1111110970377922,0.10699666291475296,0.7901234567901234,1.1920928955078125e-07,0.24794918298721313,0.44588595628738403,,cfg02_G3_D32,1.8739664049935527,cuda
evaluation,2098,1246,Warm B,0.013316725380718708,0.1111111119389534,0.12756644189357758,0.6790123456790124,1.1920928955078125e-07,0.4195875823497772,0.5100738406181335,,cfg02_G3_D32,1.8739664049935527,cuda
evaluation,2098,1246,Warm C,0.011232680641114712,0.1111111119389534,0.11633841693401337,0.7283950617283951,2.384185791015625e-07,0.5097255706787109,0.6237000823020935,,cfg02_G3_D32,1.8739664049935527,cuda
evaluation,2102,1249,Cold,0.008576753549277782,0.1111111119389534,0.12548470497131348,0.7283950617283951,2.384185791015625e-07,0.0,0.0,,cfg02_G3_D32,1.8739664049935527,cuda
evaluation,2102,1249,Warm A,0.012326070107519627,0.1111111119389534,0.12713125348091125,0.654320987654321,1.1920928955078125e-07,0.24822692573070526,0.8239246606826782,,cfg02_G3_D32,1.8739664049935527,cuda
evaluation,2102,1249,Warm B,0.01531935203820467,0.1111111119389534,0.1372259259223938,0.6419753086419753,1.1920928955078125e-07,0.3987315595149994,0.6161864399909973,,cfg02_G3_D32,1.8739664049935527,cuda
evaluation,2102,1249,Warm C,0.010862990282475948,0.1111111119389534,0.13210386037826538,0.6790123456790124,1.1920928955078125e-07,0.43813356757164,0.5265895128250122,,cfg02_G3_D32,1.8739664049935527,cuda
evaluation,2106,1251,Cold,0.004355411045253277,0.1111111119389534,0.08706099539995193,0.8765432098765432,1.1920928955078125e-07,0.0,0.0,,cfg02_G3_D32,1.8739664049935527,cuda
evaluation,2106,1251,Warm A,0.006450289394706488,0.1111111119389534,0.08177009224891663,0.9135802469135802,1.1920928955078125e-07,0.2393544614315033,0.8164159655570984,,cfg02_G3_D32,1.8739664049935527,cuda
evaluation,2106,1251,Warm B,0.0066192420199513435,0.111111119389534,0.0856851264834404,0.9382716049382716,1.1920928955078125e-07,0.28778406977653503,0.516803503036499,,cfg02_G3_D32,1.8739664049935527,cuda
evaluation,2106,1251,Warm C,0.0070299492217600346,0.1111111119389534,0.09519051760435104,0.8518518518518519,1.1920928955078125e-07,0.39361870288848877,0.5822219252586365,,cfg02_G3_D32,1.8739664049935527,cuda
evaluation,2107,1252,Cold,0.0040321946144104,0.1111111119389534,0.08921564370393753,0.9012345679012346,1.1920928955078125e-07,0.0,0.0,,cfg02_G3_D32,1.8739664049935527,cuda
evaluation,2107,1252,Warm A,0.00664301635697484,0.1111110970377922,0.07326681166887283,0.9382716049382716,2.384185791015625e-07,0.23799842596054077,0.423008531332016,,cfg02_G3_D32,1.8739664049935527,cuda
evaluation,2107,1252,Warm B,0.008766118437051773,0.1111111119389534,0.08889776468276978,0.9259259259259259,1.1920928955078125e-07,0.3938872814178467,0.39774543046951294,,cfg02_G3_D32,1.8739664049935527,cuda
evaluation,2107,1252,Warm C,0.006902732420712709,0.1111111119389534,0.07640498876571655,0.9382716049382716,1.1920928955078125e-07,0.4073866903781891,0.5379563570022583,,cfg02_G3_D32,1.8739664049935527,cuda
evaluation,2113,1258,Cold,0.004593136720359325,0.111111119389534,0.08560772985219955,0.8888888888888888,1.1920928955078125e-07,0.0,0.0,,cfg02_G3_D32,1.8739664049935527,cuda
evaluation,2113,1258,Warm A,0.008219268172979355,0.1111110970377922,0.08272024244070053,0.9012345679012346,1.1920928955078125e-07,0.24050404131412506,0.5656229853630066,,cfg02_G3_D32,1.8739664049935527,cuda
evaluation,2113,1258,Warm B,0.009385870769619942,0.111111119389534,0.10459984093904495,0.8395061728395061,2.384185791015625e-07,0.4510248601436615,0.48656749725341797,,cfg02_G3_D32,1.8739664049935527,cuda
evaluation,2113,1258,Warm C,0.013837439008057117,0.1111111119389534,0.1240386813879013,0.7037037037037037,1.1920928955078125e-07,0.5799481272697449,0.35079237818717957,,cfg02_G3_D32,1.8739664049935527,cuda
evaluation,2119,1264,Cold,0.0034220977686345577,0.111111119389534,0.07957298308610916,0.9259259259259259,2.384185791015625e-07,0.0,0.0,,cfg02_G3_D32,1.8739664049935527,cuda
evaluation,2119,1264,Warm A,0.0056245033629238605,0.1111110970377922,0.07698539644479752,0.9382716049382716,1.1920928955078125e-07,0.257898211479187,0.745445191860199,,cfg02_G3_D32,1.8739664049935527,cuda
evaluation,2119,1264,Warm B,0.008447950705885887,0.1111111119389534,0.09879641979932785,0.8395061728395061,1.1920928955078125e-07,0.4528663754463196,0.31399261951446533,,cfg02_G3_D32,1.8739664049935527,cuda
evaluation,2119,1264,Warm C,0.0077420989982783794,0.1111110970377922,0.10557660460472107,0.8148148148148148,1.1920928955078125e-07,0.4462445378303528,0.3324835002422333,,cfg02_G3_D32,1.8739664049935527,cuda
evaluation,2148,1289,Cold,0.003481221152469516,0.1111111119389534,0.08225119113922119,0.9012345679012346,2.384185791015625e-07,0.0,0.0,,cfg02_G3_D32,1.8739664049935527,cuda
evaluation,2148,1289,Warm A,0.004986774176359177,0.1111111119389534,0.07421993464231491,0.9629629629629629,1.1920928955078125e-07,0.23031887412071228,0.6028464436531067,,cfg02_G3_D32,1.8739664049935527,cuda
evaluation,2148,1289,Warm B,0.00586825842037797,0.111111119389534,0.09822965413331985,0.9012345679012346,2.384185791015625e-07,0.3939864933490753,0.3881140649318695,,cfg02_G3_D32,1.8739664049935527,cuda
evaluation,2148,1289,Warm C,0.004714988637715578,0.1111111119389534,0.07686113566160202,0.9382716049382716,1.7881393432617188e-07,0.3805248737335205,0.6910880208015442,,cfg02_G3_D32,1.8739664049935527,cuda
evaluation,2149,1290,Cold,0.0035706430207937956,0.1111111119389534,0.0821027010679245,0.9012345679012346,1.1920928955078125e-07,0.0,0.0,,cfg02_G3_D32,1.8739664049935527,cuda
evaluation,2149,1290,Warm A,0.006534850690513849,0.111111119389534,0.07758118212223053,0.9382716049382716,2.384185791015625e-07,0.24079278111457825,0.5837836861610413,,cfg02_G3_D32,1.8739664049935527,cuda
evaluation,2149,1290,Warm B,0.009994367137551308,0.1111111119389534,0.09900412708520889,0.8641975308641975,2.384185791015625e-07,0.4226478040218353,0.33842968940734863,,cfg02_G3_D32,1.8739664049935527,cuda
evaluation,2149,1290,Warm C,0.013686468824744225,0.1111111119389534,0.12234897911548615,0.7160493827160493,2.384185791015625e-07,0.6179659962654114,0.13604216277599335,,cfg02_G3_D32,1.8739664049935527,cuda
evaluation,2151,1292,Cold,0.003922782372683287,0.1111111119389534,0.08221028745174408,0.9012345679012346,2.384185791015625e-07,0.0,0.0,,cfg02_G3_D32,1.8739664049935527,cuda
evaluation,2151,1292,Warm A,0.006630894728004932,0.1111111119389534,0.07369916141033173,0.9382716049382716,2.384185791015625e-07,0.2288004457950592,0.5847072005271912,,cfg02_G3_D32,1.8739664049935527,cuda
evaluation,2151,1292,Warm B,0.007138411048799753,0.111111119389534,0.07806336134672165,0.9506172839506173,2.384185791015625e-07,0.23290443420410156,0.5349867939949036,,cfg02_G3_D32,1.8739664049935527,cuda
evaluation,2151,1292,Warm C,0.005621030926704407,0.1111111119389534,0.07728973776102066,0.9012345679012346,1.1920928955078125e-07,0.3222326636314392,0.7707557082176208,,cfg02_G3_D32,1.8739664049935527,cuda
evaluation,2152,1293,Cold,0.003190834540873766,0.111111119389534,0.07720395922660828,0.9506172839506173,2.384185791015625e-07,0.0,0.0,,cfg02_G3_D32,1.8739664049935527,cuda
evaluation,2152,1293,Warm A,0.005648338235914707,0.1111111119389534,0.06978391855955124,0.9753086419753086,1.1920928955078125e-07,0.2446715086698532,0.4846900999546051,,cfg02_G3_D32,1.8739664049935527,cuda
evaluation,2152,1293,Warm B,0.008678563870489597,0.1111110970377922,0.09486175328493118,0.9012345679012346,2.384185791015625e-07,0.44439926743507385,0.38984230160713196,,cfg02_G3_D32,1.8739664049935527,cuda
evaluation,2152,1293,Warm C,0.012338967993855476,0.1111111119389534,0.11883122473955154,0.7654320987654321,2.384185791015625e-07,0.5724756121635437,0.30608972907066345,,cfg02_G3_D32,1.8739664049935527,cuda
evaluation,2154,1295,Cold,0.0039036127272993326,0.111111119389534,0.0866786539554596,0.9012345679012346,1.1920928955078125e-07,0.0,0.0,,cfg02_G3_D32,1.8739664049935527,cuda
evaluation,2154,1295,Warm A,0.005869722459465265,0.111111119389534,0.07349348813295364,0.9506172839506173,1.7881393432617188e-07,0.2485729157924652,0.7636759877204895,,cfg02_G3_D32,1.8739664049935527,cuda
evaluation,2154,1295,Warm B,0.006277801003307104,0.111111119389534,0.07539068907499313,0.9135802469135802,2.384185791015625e-07,0.31263160705566406,0.6194661259651184,,cfg02_G3_D32,1.8739664049935527,cuda
evaluation,2154,1295,Warm C,0.007688004523515701,0.1111110970377922,0.0946582481265068,0.8395061728395061,1.1920928955078125e-07,0.4889501631259918,0.4746483266353607,,cfg02_G3_D32,1.8739664049935527,cuda
evaluation,2162,1300,Cold,0.003943099640309811,0.1111111119389534,0.07908914238214493,0.9259259259259259,1.7881393432617188e-07,0.0,0.0,,cfg02_G3_D32,1.8739664049935527,cuda
evaluation,2162,1300,Warm A,0.007875294424593449,0.111111119389534,0.0788227990269661,0.9135802469135802,1.1920928955078125e-07,0.24637310206890106,0.5047240257263184,,cfg02_G3_D32,1.8739664049935527,cuda
evaluation,2162,1300,Warm B,0.010235846042633057,0.1111111119389534,0.10106721520423889,0.8395061728395061,2.384185791015625e-07,0.4433346390724182,0.3288469910621643,,cfg02_G3_D32,1.8739664049935527,cuda
evaluation,2162,1300,Warm C,0.013311769813299179,0.111111119389534,0.12510859966278076,0.7160493827160493,1.1920928955078125e-07,0.5608108639717102,0.5369473695755005,,cfg02_G3_D32,1.8739664049935527,cuda
evaluation,2165,1302,Cold,0.004223375115543604,0.1111111119389534,0.09320718050003052,0.8765432098765432,1.1920928955078125e-07,0.0,0.0,,cfg02_G3_D32,1.8739664049935527,cuda
evaluation,2165,1302,Warm A,0.005907023791223764,0.1111111119389534,0.0745764970779419,0.9382716049382716,1.1920928955078125e-07,0.2336939573287964,0.5938339829444885,,cfg02_G3_D32,1.8739664049935527,cuda
evaluation,2165,1302,Warm B,0.005264726001769304,0.1111111119389534,0.09027883410453796,0.8765432098765432,1.1920928955078125e-07,0.307447612285614,0.845362663269043,,cfg02_G3_D32,1.8739664049935527,cuda
evaluation,2165,1302,Warm C,0.005482073407620192,0.1111111119389534,0.08295466750860214,0.9506172839506173,1.1920928955078125e-07,0.4081428050994873,0.7201430201530457,,cfg02_G3_D32,1.8739664049935527,cuda
evaluation,2166,1303,Cold,0.0034980042837560177,0.1111111119389534,0.08305820822715759,0.9135802469135802,1.1920928955078125e-07,0.0,0.0,,cfg02_G3_D32,1.8739664049935527,cuda
evaluation,2166,1303,Warm A,0.00398997263982892,0.1111111119389534,0.07625000923871994,0.9135802469135802,1.1920928955078125e-07,0.24429252743721008,0.6423999071121216,,cfg02_G3_D32,1.8739664049935527,cuda
evaluation,2166,1303,Warm B,0.0029059299267828465,0.1111111119389534,0.09068024903535843,0.8518518518518519,2.384185791015625e-07,0.3970319330692291,0.6396974921226501,,cfg02_G3_D32,1.8739664049935527,cuda
evaluation,2166,1303,Warm C,0.002652613213285804,0.111111119389534,0.09445519000291824,0.8271604938271605,1.1920928955078125e-07,0.47324058413505554,0.6651903390884399,,cfg02_G3_D32,1.8739664049935527,cuda
evaluation,2168,1305,Cold,0.004078942351043224,0.1111111119389534,0.0912412479519844,0.9012345679012346,1.1920928955078125e-07,0.0,0.0,,cfg02_G3_D32,1.8739664049935527,cuda
evaluation,2168,1305,Warm A,0.006054165307432413,0.1111111119389534,0.07723360508680344,0.9382716049382716,1.1920928955078125e-07,0.24621367454528809,0.7598656415939331,,cfg02_G3_D32,1.8739664049935527,cuda
evaluation,2168,1305,Warm B,0.007630420848727226,0.1111111119389534,0.08029036223888397,0.9506172839506173,1.7881393432617188e-07,0.33100324869155884,0.54644775390625,,cfg02_G3_D32,1.8739664049935527,cuda
evaluation,2168,1305,Warm C,0.006165957543998957,0.1111111119389534,0.07955323904752731,0.9382716049382716,1.1920928955078125e-07,0.3272181749343872,0.5895084738731384,,cfg02_G3_D32,1.8739664049935527,cuda
evaluation,2169,1306,Cold,0.0035368558019399643,0.111111119389534,0.08256910741329193,0.9259259259259259,1.1920928955078125e-07,0.0,0.0,,cfg02_G3_D32,1.8739664049935527,cuda
evaluation,2169,1306,Warm A,0.005842200014740229,0.111111119389534,0.07070240378379822,0.9382716049382716,1.1920928955078125e-07,0.24313834309577942,0.49886569380760193,,cfg02_G3_D32,1.8739664049935527,cuda
evaluation,2169,1306,Warm B,0.00741968909278512,0.111111119389534,0.08955470472574234,0.9012345679012346,1.1920928955078125e-07,0.3998526632785797,0.42823687195777893,,cfg02_G3_D32,1.8739664049935527,cuda
evaluation,2169,1306,Warm C,0.00674069207161665,0.1111111119389534,0.07353533059358597,0.9135802469135802,1.1920928955078125e-07,0.36554253101348877,0.5347787737846375,,cfg02_G3_D32,1.8739664049935527,cuda
evaluation,2170,1307,Cold,0.004251040518283844,0.111111119389534,0.08975283801555634,0.8641975308641975,1.7881393432617188e-07,0.0,0.0,,cfg02_G3_D32,1.8739664049935527,cuda
evaluation,2170,1307,Warm A,0.006274650804698467,0.1111111119389534,0.07850944250822067,0.9135802469135802,1.1920928955078125e-07,0.2438957393169403,0.5570704340934753,,cfg02_G3_D32,1.8739664049935527,cuda
evaluation,2170,1307,Warm B,0.0042648655362427235,0.1111111119389534,0.09466218948364258,0.8395061728395061,2.384185791015625e-07,0.33576875925064087,0.6464056372642517,,cfg02_G3_D32,1.8739664049935527,cuda
evaluation,2170,1307,Warm C,0.008030533790588379,0.1111110970377922,0.08313879370689392,0.9135802469135802,2.384185791015625e-07,0.44438081979751587,0.40420714020729065,,cfg02_G3_D32,1.8739664049935527,cuda
evaluation,2171,1308,Cold,0.0040981462225317955,0.1111111119389534,0.0914367288351059,0.9012345679012346,1.1920928955078125e-07,0.0,0.0,,cfg02_G3_D32,1.8739664049935527,cuda
evaluation,2171,1308,Warm A,0.0015658717602491379,0.1111111119389534,0.11325334012508392,0.7777777777777778,2.384185791015625e-07,0.24210332334041595,0.5454878211021423,,cfg02_G3_D32,1.8739664049935527,cuda
evaluation,2171,1308,Warm B,0.0025507162790745497,0.1111111119389534,0.09865228086709976,0.8641975308641975,1.1920928955078125e-07,0.29982176423072815,0.7188887000083923,,cfg02_G3_D32,1.8739664049935527,cuda
evaluation,2171,1308,Warm C,0.0009721937240101397,0.111111119389534,0.11561229079961777,0.7160493827160493,2.384185791015625e-07,0.4284183979034424,0.6230568885803223,,cfg02_G3_D32,1.8739664049935527,cuda
evaluation,2173,1309,Cold,0.004050151444971561,0.111111119389534,0.08531073480844498,0.8888888888888888,2.384185791015625e-07,0.0,0.0,,cfg02_G3_D32,1.8739664049935527,cuda
evaluation,2173,1309,Warm A,0.005434259306639433,0.1111110970377922,0.07512012869119644,0.9259259259259259,1.7881393432617188e-07,0.21931076049804688,0.6179434657096863,,cfg02_G3_D32,1.8739664049935527,cuda
evaluation,2173,1309,Warm B,0.0026292207185178995,0.1111111119389534,0.08609067648649216,0.8888888888888888,1.7881393432617188e-07,0.284809410572052,0.5419933795928955,,cfg02_G3_D32,1.8739664049935527,cuda
evaluation,2173,1309,Warm C,0.005360153503715992,0.1111110970377922,0.07306621223688126,0.9382716049382716,2.384185791015625e-07,0.42155489325523376,0.5527878999710083,,cfg02_G3_D32,1.8739664049935527,cuda
evaluation,2176,1311,Cold,0.009660306386649609,0.1111110970377922,0.1307211071252823,0.6790123456790124,1.7881393432617188e-07,0.0,0.0,,cfg02_G3_D32,1.8739664049935527,cuda
evaluation,2176,1311,Warm A,0.012811475433409214,0.1111110970377922,0.1251680701971054,0.691358024691358,1.1920928955078125e-07,0.2432684600353241,0.7985713481903076,,cfg02_G3_D32,1.8739664049935527,cuda
evaluation,2176,1311,Warm B,0.01071024127304554,0.1111111119389534,0.12907420098781586,0.6790123456790124,2.384185791015625e-07,0.35476019978523254,0.5315645933151245,,cfg02_G3_D32,1.8739664049935527,cuda
evaluation,2176,1311,Warm C,0.011856896802783012,0.1111110970377922,0.1317722201347351,0.6790123456790124,1.1920928955078125e-07,0.42461612820625305,0.5494651198387146,,cfg02_G3_D32,1.8739664049935527,cuda
evaluation,2177,1312,Cold,0.0057945228181779385,0.111111119389534,0.0961524024605751,0.8765432098765432,2.384185791015625e-07,0.0,0.0,,cfg02_G3_D32,1.8739664049935527,cuda
evaluation,2177,1312,Warm A,0.009020445868372917,0.1111111119389534,0.0935942754149437,0.8518518518518519,1.7881393432617188e-07,0.21411019563674927,0.602203905582428,,cfg02_G3_D32,1.8739664049935527,cuda
evaluation,2177,1312,Warm B,0.006433847360312939,0.111111119389534,0.09541235119104385,0.8765432098765432,1.1920928955078125e-07,0.2848161458969116,0.5428415536880493,,cfg02_G3_D32,1.8739664049935527,cuda
evaluation,2177,1312,Warm C,0.009168584831058979,0.1111110970377922,0.10024814307689667,0.8395061728395061,1.1920928955078125e-07,0.39279282093048096,0.5241338014602661,,cfg02_G3_D32,1.8739664049935527,cuda
evaluation,2178,1313,Cold,0.0065026674419641495,0.1111110970377922,0.11386743932962418,0.7901234567901234,1.1920928955078125e-07,0.0,0.0,,cfg02_G3_D32,1.8739664049935527,cuda
evaluation,2178,1313,Warm A,0.009329531341791153,0.1111111119389534,0.1076694056391716,0.7654320987654321,1.7881393432617188e-07,0.23516984283924103,0.6107897758483887,,cfg02_G3_D32,1.8739664049935527,cuda
evaluation,2178,1313,Warm B,0.006980579346418381,0.1111110970377922,0.11664112657308578,0.7901234567901234,1.1920928955078125e-07,0.27187031507492065,0.5600169897079468,,cfg02_G3_D32,1.8739664049935527,cuda
evaluation,2178,1313,Warm C,0.0046288915909826756,0.1111111119389534,0.1257116198539734,0.7407407407407407,1.1920928955078125e-07,0.3747301995754242,0.6481674313545227,,cfg02_G3_D32,1.8739664049935527,cuda
evaluation,2181,1314,Cold,0.007603995036333799,0.1111111119389534,0.11958402395248413,0.7283950617283951,2.384185791015625e-07,0.0,0.0,,cfg02_G3_D32,1.8739664049935527,cuda
evaluation,2181,1314,Warm A,0.011264697648584843,0.1111111119389534,0.11468268185853958,0.7037037037037037,1.1920928955078125e-07,0.2402743101119995,0.6486900448799133,,cfg02_G3_D32,1.8739664049935527,cuda
evaluation,2181,1314,Warm B,0.010335296392440796,0.111111119389534,0.11763526499271393,0.6790123456790124,2.384185791015625e-07,0.386596143245697,0.49229803681373596,,cfg02_G3_D32,1.8739664049935527,cuda
evaluation,2181,1314,Warm C,0.007687527686357498,0.1111111119389534,0.1205122247338295,0.7160493827160493,1.7881393432617188e-07,0.3917652368545532,0.6022331118583679,,cfg02_G3_D32,1.8739664049935527,cuda
evaluation,2182,1315,Cold,0.00779497716575861,0.1111111119389534,0.11909912526607513,0.7407407407407407,3.5762786865234375e-07,0.0,0.0,,cfg02_G3_D32,1.8739664049935527,cuda
evaluation,2182,1315,Warm A,0.011693834327161312,0.1111111119389534,0.11495719850063324,0.7037037037037037,2.384185791015625e-07,0.25016695261001587,0.9511170387268066,,cfg02_G3_D32,1.8739664049935527,cuda
evaluation,2182,1315,Warm B,0.009094075299799442,0.1111111119389534,0.11897123605012894,0.7160493827160493,1.7881393432617188e-07,0.24046370387077332,0.41336390376091003,,cfg02_G3_D32,1.8739664049935527,cuda
evaluation,2182,1315,Warm C,0.006946822162717581,0.111111119389534,0.12779709696769714,0.7160493827160493,2.384185791015625e-07,0.2765703797340393,0.4890817701816559,,cfg02_G3_D32,1.8739664049935527,cuda
evaluation,2183,1316,Cold,0.009020112454891205,0.1111110970377922,0.11876274645328522,0.7283950617283951,2.384185791015625e-07,0.0,0.0,,cfg02_G3_D32,1.8739664049935527,cuda
evaluation,2183,1316,Warm A,0.008722303435206413,0.111111119389534,0.11838024109601974,0.7037037037037037,2.384185791015625e-07,0.23725613951683044,0.46478185057640076,,cfg02_G3_D32,1.8739664049935527,cuda
evaluation,2183,1316,Warm B,0.006852146238088608,0.1111111119389534,0.12280996143817902,0.7407407407407407,2.384185791015625e-07,0.2389822155237198,0.472822904586792,,cfg02_G3_D32,1.8739664049935527,cuda
evaluation,2183,1316,Warm C,0.004988358821719885,0.1111111119389534,0.12863147258758545,0.7037037037037037,2.384185791015625e-07,0.3750931918621063,0.4282624423503876,,cfg02_G3_D32,1.8739664049935527,cuda
evaluation,2184,1317,Cold,0.008512653410434723,0.1111110970377922,0.12105733156204224,0.7283950617283951,2.384185791015625e-07,0.0,0.0,,cfg02_G3_D32,1.8739664049935527,cuda
evaluation,2184,1317,Warm A,0.01199518796056509,0.1111111119389534,0.11907269060611725,0.691358024691358,1.1920928955078125e-07,0.2471136748790741,0.6546351313591003,,cfg02_G3_D32,1.8739664049935527,cuda
evaluation,2184,1317,Warm B,0.016098689287900925,0.1111111119389534,0.129057377576828,0.7160493827160493,2.980232238769531e-07,0.43679389357566833,0.5700497031211853,,cfg02_G3_D32,1.8739664049935527,cuda
evaluation,2184,1317,Warm C,0.012302247807383537,0.1111110970377922,0.11918693035840988,0.691358024691358,2.384185791015625e-07,0.32791846990585327,0.3882032334804535,,cfg02_G3_D32,1.8739664049935527,cuda
evaluation,2195,1322,Cold,0.003827227745205164,0.1111111119389534,0.08607258647680283,0.9135802469135802,1.1920928955078125e-07,0.0,0.0,,cfg02_G3_D32,1.8739664049935527,cuda
evaluation,2195,1322,Warm A,0.005406488198786974,0.111111119389534,0.07376190274953842,0.9382716049382716,2.384185791015625e-07,0.23788225650787354,0.6152520179748535,,cfg02_G3_D32,1.8739664049935527,cuda
evaluation,2195,1322,Warm B,0.005562286823987961,0.1111111119389534,0.0852697342634201,0.9012345679012346,1.1920928955078125e-07,0.31701546907424927,0.7245216369628906,,cfg02_G3_D32,1.8739664049935527,cuda
evaluation,2195,1322,Warm C,0.007234903983771801,0.1111111119389534,0.07556933909654617,0.9506172839506173,1.1920928955078125e-07,0.3848187327384949,0.4432835578918457,,cfg02_G3_D32,1.8739664049935527,cuda
evaluation,2204,1325,Cold,0.010690263472497463,0.1111111119389534,0.13495783507823944,0.6666666666666666,2.980232238769531e-07,0.0,0.0,,cfg02_G3_D32,1.8739664049935527,cuda
evaluation,2204,1325,Warm A,0.009961271658539772,0.1111111119389534,0.13336104154586792,0.6666666666666666,2.384185791015625e-07,0.22753331065177917,0.5121378302574158,,cfg02_G3_D32,1.8739664049935527,cuda
evaluation,2204,1325,Warm B,0.011872394941747189,0.1111111119389534,0.127942755818367,0.6419753086419753,1.1920928955078125e-07,0.2608007788658142,0.5551355481147766,,cfg02_G3_D32,1.8739664049935527,cuda
evaluation,2204,1325,Warm C,0.009007895365357399,0.1111111119389534,0.13365915417671204,0.654320987654321,1.1920928955078125e-07,0.2999787926673889,0.5362297892570496,,cfg02_G3_D32,1.8739664049935527,cuda
evaluation,2206,1326,Cold,0.010253224521875381,0.1111111119389534,0.1344337910413742,0.6790123456790124,2.384185791015625e-07,0.0,0.0,,cfg02_G3_D32,1.8739664049935527,cuda
evaluation,2206,1326,Warm A,0.00933901034295559,0.111111119389534,0.13603511452674866,0.6419753086419753,1.1920928955078125e-07,0.2413942813873291,0.40457746386528015,,cfg02_G3_D32,1.8739664049935527,cuda
evaluation,2206,1326,Warm B,0.004697381518781185,0.1111110970377922,0.14600908756256104,0.6666666666666666,1.1920928955078125e-07,0.4612955152988434,0.3382832705974579,,cfg02_G3_D32,1.8739664049935527,cuda
evaluation,2206,1326,Warm C,0.002440002514049411,0.1111111119389534,0.14327700436115265,0.6666666666666666,2.384185791015625e-07,0.6555646061897278,0.3862970769405365,,cfg02_G3_D32,1.8739664049935527,cuda
evaluation,2208,1327,Cold,0.009930777363479137,0.1111110970377922,0.13594792783260345,0.6419753086419753,1.1920928955078125e-07,0.0,0.0,,cfg02_G3_D32,1.8739664049935527,cuda
evaluation,2208,1327,Warm A,0.006690299138426781,0.1111111119389534,0.1420862078666687,0.654320987654321,1.7881393432617188e-07,0.2046944499015808,0.4096105694770813,,cfg02_G3_D32,1.8739664049935527,cuda
evaluation,2208,1327,Warm B,0.008323895744979382,0.1111111119389534,0.1354028284549713,0.6790123456790124,2.384185791015625e-07,0.35987499356269836,0.40471822023391724,,cfg02_G3_D32,1.8739664049935527,cuda
evaluation,2208,1327,Warm C,0.006657436490058899,0.111111119389534,0.14329324662685394,0.6419753086419753,1.1920928955078125e-07,0.40374183654785156,0.2450973242521286,,cfg02_G3_D32,1.8739664049935527,cuda
evaluation,2212,1328,Cold,0.011879277415573597,0.1111111119389534,0.13860224187374115,0.6172839506172839,1.1920928955078125e-07,0.0,0.0,,cfg02_G3_D32,1.8739664049935527,cuda
evaluation,2212,1328,Warm A,0.012651892378926277,0.1111111119389534,0.13901709020137787,0.6172839506172839,1.1920928955078125e-07,0.22589454054832458,0.4876704216003418,,cfg02_G3_D32,1.8739664049935527,cuda
evaluation,2212,1328,Warm B,0.014202915132045746,0.1111111119389534,0.14456483721733093,0.5925925925925926,1.1920928955078125e-07,0.39049190282821655,0.497842401266098,,cfg02_G3_D32,1.8739664049935527,cuda
evaluation,2212,1328,Warm C,0.010600431822240353,0.1111110970377922,0.13849566876888275,0.6049382716049383,1.1920928955078125e-07,0.3156615197658539,0.49270352721214294,,cfg02_G3_D32,1.8739664049935527,cuda
evaluation,2238,1332,Cold,0.004932583775371313,0.1111110970377922,0.10147509723901749,0.8518518518518519,1.1920928955078125e-07,0.0,0.0,,cfg02_G3_D32,1.8739664049935527,cuda
evaluation,2238,1332,Warm A,0.006049617193639278,0.111111119389534,0.11495693027973175,0.7901234567901234,2.384185791015625e-07,0.24740061163902283,0.44983789324760437,,cfg02_G3_D32,1.8739664049935527,cuda
evaluation,2238,1332,Warm B,0.003005162114277482,0.1111111119389534,0.10023295134305954,0.8271604938271605,2.384185791015625e-07,0.3276873230934143,0.6780787110328674,,cfg02_G3_D32,1.8739664049935527,cuda
evaluation,2238,1332,Warm C,0.003186674090102315,0.1111111119389534,0.09867856651544571,0.8024691358024691,1.1920928955078125e-07,0.37154442071914673,0.5593432188034058,,cfg02_G3_D32,1.8739664049935527,cuda
evaluation,2239,1333,Cold,0.005222783889621496,0.111111119389534,0.097503162920475,0.8641975308641975,1.1920928955078125e-07,0.0,0.0,,cfg02_G3_D32,1.8739664049935527,cuda
evaluation,2239,1333,Warm A,0.00715263094753027,0.1111111119389534,0.0916704386472702,0.8888888888888888,2.384185791015625e-07,0.23985831439495087,0.6888549327850342,,cfg02_G3_D32,1.8739664049935527,cuda
evaluation,2239,1333,Warm B,0.006158995907753706,0.1111111119389534,0.09608267992734909,0.8148148148148148,1.1920928955078125e-07,0.3926132023334503,0.5854395031929016,,cfg02_G3_D32,1.8739664049935527,cuda
evaluation,2239,1333,Warm C,0.005575717426836491,0.1111111119389534,0.11044783145189285,0.8024691358024691,1.1920928955078125e-07,0.3759404420852661,0.42392387986183167,,cfg02_G3_D32,1.8739664049935527,cuda
evaluation,2241,1335,Cold,0.004818222019821405,0.111111119389534,0.08632633835077286,0.8888888888888888,1.1920928955078125e-07,0.0,0.0,,cfg02_G3_D32,1.8739664049935527,cuda
evaluation,2241,1335,Warm A,0.00793213490396738,0.111111119389534,0.08660479635000229,0.8888888888888888,2.384185791015625e-07,0.2425650954246521,0.592206597328186,,cfg02_G3_D32,1.8739664049935527,cuda
evaluation,2241,1335,Warm B,0.01075754500925541,0.1111111119389534,0.10632184147834778,0.8148148148148148,2.384185791015625e-07,0.419229120016098,0.6021735668182373,,cfg02_G3_D32,1.8739664049935527,cuda
evaluation,2241,1335,Warm C,0.014138840138912201,0.1111111119389534,0.12798072397708893,0.6666666666666666,1.7881393432617188e-07,0.5950519442558289,0.36402687430381775,,cfg02_G3_D32,1.8739664049935527,cuda
evaluation,2250,1341,Cold,0.00425400584936142,0.1111111119389534,0.08918469399213791,0.8888888888888888,1.1920928955078125e-07,0.0,0.0,,cfg02_G3_D32,1.8739664049935527,cuda
evaluation,2250,1341,Warm A,0.006613928824663162,0.1111110970377922,0.0779305249452591,0.9259259259259259,1.7881393432617188e-07,0.23216460645198822,0.6074652671813965,,cfg02_G3_D32,1.8739664049935527,cuda
evaluation,2250,1341,Warm B,0.00652486365288496,0.1111111119389534,0.08607278764247894,0.9012345679012346,1.1920928955078125e-07,0.22886337339878082,0.704319417476654,,cfg02_G3_D32,1.8739664049935527,cuda
evaluation,2250,1341,Warm C,0.009451505728065968,0.1111111119389534,0.08407769352197647,0.8888888888888888,1.1920928955078125e-07,0.3760666251182556,0.45709115266799927,,cfg02_G3_D32,1.8739664049935527,cuda
evaluation,2252,1342,Cold,0.0039956215769052505,0.1111111119389534,0.0807168036699295,0.9012345679012346,1.1920928955078125e-07,0.0,0.0,,cfg02_G3_D32,1.8739664049935527,cuda
evaluation,2252,1342,Warm A,0.00686389347538352,0.1111111119389534,0.07550988346338272,0.9876543209876543,1.1920928955078125e-07,0.2404436618089676,0.5865445137023926,,cfg02_G3_D32,1.8739664049935527,cuda
evaluation,2252,1342,Warm B,0.00557114090770483,0.1111110970377922,0.07505110651254654,0.9506172839506173,1.1920928955078125e-07,0.31452515721321106,0.5440821051597595,,cfg02_G3_D32,1.8739664049935527,cuda
evaluation,2252,1342,Warm C,0.0068144784308969975,0.111111119389534,0.08937026560306549,0.8888888888888888,1.1920928955078125e-07,0.410245418548584,0.49422454833984375,,cfg02_G3_D32,1.8739664049935527,cuda
evaluation,2255,1344,Cold,0.00432839710265398,0.1111110970377922,0.09042829275131226,0.8765432098765432,1.1920928955078125e-07,0.0,0.0,,cfg02_G3_D32,1.8739664049935527,cuda
evaluation,2255,1344,Warm A,0.006679133046418428,0.1111111119389534,0.08388303220272064,0.9135802469135802,1.1920928955078125e-07,0.2550431787967682,0.8626722693443298,,cfg02_G3_D32,1.8739664049935527,cuda
evaluation,2255,1344,Warm B,0.00836312584578991,0.1111111119389534,0.10083980113267899,0.8148148148148148,2.384185791015625e-07,0.49232354760169983,0.5426121950149536,,cfg02_G3_D32,1.8739664049935527,cuda
evaluation,2255,1344,Warm C,0.01088535226881504,0.1111110970377922,0.12075537443161011,0.6790123456790124,1.1920928955078125e-07,0.6233121752738953,0.3710997700691223,,cfg02_G3_D32,1.8739664049935527,cuda
evaluation,2261,1346,Cold,0.004177967552095652,0.1111111119389534,0.0810118243098259,0.9012345679012346,1.1920928955078125e-07,0.0,0.0,,cfg02_G3_D32,1.8739664049935527,cuda
evaluation,2261,1346,Warm A,0.007097654975950718,0.1111111119389534,0.07788429409265518,0.9382716049382716,1.1920928955078125e-07,0.23099949955940247,0.48153170943260193,,cfg02_G3_D32,1.8739664049935527,cuda
evaluation,2261,1346,Warm B,0.005847087129950523,0.1111111119389534,0.07802697271108627,0.9506172839506173,2.384185791015625e-07,0.2421571910381317,0.7278156876564026,,cfg02_G3_D32,1.8739664049935527,cuda
evaluation,2261,1346,Warm C,0.007443935144692659,0.1111111119389534,0.08144839853048325,0.9382716049382716,1.1920928955078125e-07,0.3200673460960388,0.5090576410293579,,cfg02_G3_D32,1.8739664049935527,cuda
evaluation,2263,1348,Cold,0.005680317059159279,0.1111111119389534,0.09864407032728195,0.8271604938271605,3.5762786865234375e-07,0.0,0.0,,cfg02_G3_D32,1.8739664049935527,cuda
evaluation,2263,1348,Warm A,0.010633347555994987,0.1111111119389534,0.08979155868291855,0.8888888888888888,2.384185791015625e-07,0.2337823510169983,0.6328961253166199,,cfg02_G3_D32,1.8739664049935527,cuda
evaluation,2263,1348,Warm B,0.00804449338465929,0.111111119389534,0.09221620112657547,0.8518518518518519,1.1920928955078125e-07,0.33789193630218506,0.5331880450248718,,cfg02_G3_D32,1.8739664049935527,cuda
evaluation,2263,1348,Warm C,0.012833358719944954,0.1111111119389534,0.09431970119476318,0.8148148148148148,1.7881393432617188e-07,0.48737722635269165,0.5207697749137878,,cfg02_G3_D32,1.8739664049935527,cuda
evaluation,2264,1349,Cold,0.0042349169962108135,0.1111111119389534,0.09257996827363968,0.8641975308641975,2.384185791015625e-07,0.0,0.0,,cfg02_G3_D32,1.8739664049935527,cuda
evaluation,2264,1349,Warm A,0.007425507064908743,0.1111110970377922,0.08116186410188675,0.9382716049382716,1.7881393432617188e-07,0.25133442878723145,0.8229036331176758,,cfg02_G3_D32,1.8739664049935527,cuda
evaluation,2264,1349,Warm B,0.010611161589622498,0.111111119389534,0.08953584730625153,0.8641975308641975,1.1920928955078125e-07,0.4052668809890747,0.38479360938072205,,cfg02_G3_D32,1.8739664049935527,cuda
evaluation,2264,1349,Warm C,0.014184188097715378,0.1111111119389534,0.10724704712629318,0.8024691358024691,1.1920928955078125e-07,0.5715476870536804,0.3712722957134247,,cfg02_G3_D32,1.8739664049935527,cuda
evaluation,2265,1350,Cold,0.004419385921210051,0.1111110970377922,0.0874302089214325,0.9012345679012346,1.7881393432617188e-07,0.0,0.0,,cfg02_G3_D32,1.8739664049935527,cuda
evaluation,2265,1350,Warm A,0.00715727498754859,0.1111111119389534,0.07915208488702774,0.9382716049382716,2.384185791015625e-07,0.2258814573287964,0.5102640390396118,,cfg02_G3_D32,1.8739664049935527,cuda
evaluation,2265,1350,Warm B,0.00979593861848116,0.1111111119389534,0.09862000495195389,0.8271604938271605,2.384185791015625e-07,0.42112886905670166,0.3553493022918701,,cfg02_G3_D32,1.8739664049935527,cuda
evaluation,2265,1350,Warm C,0.012390539981424809,0.111111119389534,0.1230691447854042,0.7160493827160493,2.384185791015625e-07,0.6278421878814697,0.1548498272895813,,cfg02_G3_D32,1.8739664049935527,cuda
evaluation,2266,1351,Cold,0.0038306021597236395,0.1111110970377922,0.07900162041187286,0.9012345679012346,1.1920928955078125e-07,0.0,0.0,,cfg02_G3_D32,1.8739664049935527,cuda
evaluation,2266,1351,Warm A,0.005839653313159943,0.111111119389534,0.07486456632614136,0.9506172839506173,2.384185791015625e-07,0.23945263028144836,0.4968547821044922,,cfg02_G3_D32,1.8739664049935527,cuda
evaluation,2266,1351,Warm B,0.007172698620706797,0.111111119389534,0.10360752046108246,0.8765432098765432,1.1920928955078125e-07,0.3790285885334015,0.4112228453159332,,cfg02_G3_D32,1.8739664049935527,cuda
evaluation,2266,1351,Warm C,0.006377194542437792,0.1111110970377922,0.0769130140542984,0.9135802469135802,1.1920928955078125e-07,0.3880816102027893,0.42126545310020447,,cfg02_G3_D32,1.8739664049935527,cuda
evaluation,2267,1352,Cold,0.005193884484469891,0.1111111119389534,0.09203808754682541,0.8518518518518519,1.1920928955078125e-07,0.0,0.0,,cfg02_G3_D32,1.8739664049935527,cuda
evaluation,2267,1352,Warm A,0.0076830098405480385,0.1111111119389534,0.08346319943666458,0.9259259259259259,1.1920928955078125e-07,0.23011603951454163,0.6304032206535339,,cfg02_G3_D32,1.8739664049935527,cuda
evaluation,2267,1352,Warm B,0.008895090781152248,0.1111111119389534,0.10455863922834396,0.8271604938271605,2.384185791015625e-07,0.3721998929977417,0.4173898696899414,,cfg02_G3_D32,1.8739664049935527,cuda
evaluation,2267,1352,Warm C,0.006579703185707331,0.1111111119389534,0.09567968547344208,0.8518518518518519,1.1920928955078125e-07,0.38894233107566833,0.5128432512283325,,cfg02_G3_D32,1.8739664049935527,cuda
evaluation,2271,1355,Cold,0.00426072720438242,0.1111111119389534,0.09310582280158997,0.8765432098765432,2.384185791015625e-07,0.0,0.0,,cfg02_G3_D32,1.8739664049935527,cuda
evaluation,2271,1355,Warm A,0.006091870833188295,0.1111111119389534,0.07672867178916931,0.9382716049382716,2.384185791015625e-07,0.2443164736032486,0.5467144846916199,,cfg02_G3_D32,1.8739664049935527,cuda
evaluation,2271,1355,Warm B,0.0042654587887227535,0.1111111119389534,0.09133916348218918,0.8765432098765432,1.1920928955078125e-07,0.2815135419368744,0.6521195769309998,,cfg02_G3_D32,1.8739664049935527,cuda
evaluation,2271,1355,Warm C,0.008189908228814602,0.111111119389534,0.07871294766664505,0.9506172839506173,2.384185791015625e-07,0.4505126476287842,0.6014100909233093,,cfg02_G3_D32,1.8739664049935527,cuda
evaluation,2272,1356,Cold,0.004083407111465931,0.1111111119389534,0.09173431992530823,0.8888888888888888,2.384185791015625e-07,0.0,0.0,,cfg02_G3_D32,1.8739664049935527,cuda
evaluation,2272,1356,Warm A,0.0061294203624129295,0.1111111119389534,0.0768921822309494,0.9382716049382716,1.1920928955078125e-07,0.23360398411750793,0.6817523837089539,,cfg02_G3_D32,1.8739664049935527,cuda
evaluation,2272,1356,Warm B,0.004692699294537306,0.1111111119389534,0.09090659767389297,0.8888888888888888,2.384185791015625e-07,0.2991269826889038,0.7221338748931885,,cfg02_G3_D32,1.8739664049935527,cuda
evaluation,2272,1356,Warm C,0.006331477779895067,0.1111111119389534,0.08964863419532776,0.9135802469135802,2.384185791015625e-07,0.3664683401584625,0.5412349104881287,,cfg02_G3_D32,1.8739664049935527,cuda
evaluation,2275,1358,Cold,0.0043669529259204865,0.1111111119389534,0.09185276180505753,0.8271604938271605,1.7881393432617188e-07,0.0,0.0,,cfg02_G3_D32,1.8739664049935527,cuda
evaluation,2275,1358,Warm A,0.004516759421676397,0.1111111119389534,0.10938769578933716,0.7777777777777778,2.384185791015625e-07,0.22675353288650513,0.6487568020820618,,cfg02_G3_D32,1.8739664049935527,cuda
evaluation,2275,1358,Warm B,0.005657666828483343,0.1111111119389534,0.08744212985038757,0.8641975308641975,1.1920928955078125e-07,0.2934078872203827,0.6640424132347107,,cfg02_G3_D32,1.8739664049935527,cuda
evaluation,2275,1358,Warm C,0.004860921297222376,0.1111111119389534,0.09411036968231201,0.8395061728395061,2.980232238769531e-07,0.40926867723464966,0.7294518351554871,,cfg02_G3_D32,1.8739664049935527,cuda
evaluation,2276,1359,Cold,0.004041467793285847,0.1111111119389534,0.09051788598299026,0.9012345679012346,1.1920928955078125e-07,0.0,0.0,,cfg02_G3_D32,1.8739664049935527,cuda
evaluation,2276,1359,Warm A,0.003420511493459344,0.1111110970377922,0.10800635814666748,0.8271604938271605,2.384185791015625e-07,0.22746066749095917,0.6411561369895935,,cfg02_G3_D32,1.8739664049935527,cuda
evaluation,2276,1359,Warm B,0.005127252545207739,0.1111111119389534,0.10652037709951401,0.8271604938271605,2.384185791015625e-07,0.24396884441375732,0.5235989689826965,,cfg02_G3_D32,1.8739664049935527,cuda
evaluation,2276,1359,Warm C,0.0037592712324112654,0.111111119389534,0.1110130026936531,0.7901234567901234,2.384185791015625e-07,0.3275558650493622,0.636939287185669,,cfg02_G3_D32,1.8739664049935527,cuda
evaluation,2280,1362,Cold,0.00488100852817297,0.1111111119389534,0.09440696239471436,0.8641975308641975,2.384185791015625e-07,0.0,0.0,,cfg02_G3_D32,1.8739664049935527,cuda
evaluation,2280,1362,Warm A,0.005963865201920271,0.1111110970377922,0.0944240614771843,0.8641975308641975,2.384185791015625e-07,0.23015196621418,0.5823847651481628,,cfg02_G3_D32,1.8739664049935527,cuda
evaluation,2280,1362,Warm B,0.007576492615044117,0.1111111119389534,0.08908058702945709,0.8888888888888888,2.384185791015625e-07,0.3765747547149658,0.46099239587783813,,cfg02_G3_D32,1.8739664049935527,cuda
evaluation,2280,1362,Warm C,0.009156533516943455,0.1111111119389534,0.08837268501520157,0.9012345679012346,1.1920928955078125e-07,0.5008360147476196,0.5982652306556702,,cfg02_G3_D32,1.8739664049935527,cuda
evaluation,2283,1364,Cold,0.004651268944144249,0.1111111119389534,0.0922447144985199,0.8641975308641975,1.7881393432617188e-07,0.0,0.0,,cfg02_G3_D32,1.8739664049935527,cuda
evaluation,2283,1364,Warm A,0.008144531399011612,0.1111111119389534,0.07824460417032242,0.9259259259259259,1.1920928955078125e-07,0.2265874147415161,0.6558011174201965,,cfg02_G3_D32,1.8739664049935527,cuda
evaluation,2283,1364,Warm B,0.007966984994709492,0.111111119389534,0.0813901424407959,0.9259259259259259,1.1920928955078125e-07,0.3282551169395447,0.7124931216239929,,cfg02_G3_D32,1.8739664049935527,cuda
evaluation,2283,1364,Warm C,0.00923156552016735,0.1111111119389534,0.0928683951497078,0.8395061728395061,1.1920928955078125e-07,0.4524227976799011,0.453743040561676,,cfg02_G3_D32,1.8739664049935527,cuda
evaluation,2290,1368,Cold,0.004883204121142626,0.1111111119389534,0.09451068937778473,0.8765432098765432,1.1920928955078125e-07,0.0,0.0,,cfg02_G3_D32,1.8739664049935527,cuda
evaluation,2290,1368,Warm A,0.007164136040955782,0.1111110970377922,0.08981089293956757,0.8641975308641975,1.1920928955078125e-07,0.23280753195285797,0.6706331372261047,,cfg02_G3_D32,1.8739664049935527,cuda
evaluation,2290,1368,Warm B,0.0036271903663873672,0.1111111119389534,0.09511274099349976,0.8518518518518519,1.7881393432617188e-07,0.2691497504711151,0.7660437822341919,,cfg02_G3_D32,1.8739664049935527,cuda
evaluation,2290,1368,Warm C,0.005840775556862354,0.111111119389534,0.08349062502384186,0.9012345679012346,1.1920928955078125e-07,0.43849852681159973,0.7942351698875427,,cfg02_G3_D32,1.8739664049935527,cuda
evaluation,2295,1371,Cold,0.004229141399264336,0.1111111119389534,0.0919252261519432,0.9012345679012346,1.1920928955078125e-07,0.0,0.0,,cfg02_G3_D32,1.8739664049935527,cuda
evaluation,2295,1371,Warm A,0.0011907035950571299,0.1111111119389534,0.11385148763656616,0.7901234567901234,1.1920928955078125e-07,0.2264457494020462,0.7383117079734802,,cfg02_G3_D32,1.8739664049935527,cuda
evaluation,2295,1371,Warm B,0.0016475016018375754,0.1111111119389534,0.11057776212692261,0.8148148148148148,1.1920928955078125e-07,0.3713293969631195,0.676843523979187,,cfg02_G3_D32,1.8739664049935527,cuda
evaluation,2295,1371,Warm C,0.0005540124839171767,0.111111119389534,0.13010577857494354,0.6666666666666666,2.384185791015625e-07,0.49083447456359863,0.5366280674934387,,cfg02_G3_D32,1.8739664049935527,cuda
evaluation,2296,1372,Cold,0.003986467141658068,0.1111111119389534,0.0891413614153862,0.9012345679012346,1.1920928955078125e-07,0.0,0.0,,cfg02_G3_D32,1.8739664049935527,cuda
evaluation,2296,1372,Warm A,0.006443875841796398,0.1111111119389534,0.07230788469314575,0.9629629629629629,1.1920928955078125e-07,0.23486873507499695,0.519299328327179,,cfg02_G3_D32,1.8739664049935527,cuda
evaluation,2296,1372,Warm B,0.008560311049222946,0.1111111119389534,0.08303240686655045,0.9382716049382716,1.1920928955078125e-07,0.3921859860420227,0.4702919125556946,,cfg02_G3_D32,1.8739664049935527,cuda
evaluation,2296,1372,Warm C,0.011034782975912094,0.1111111119389534,0.10910263657569885,0.8395061728395061,2.384185791015625e-07,0.570194661617279,0.4161720871925354,,cfg02_G3_D32,1.8739664049935527,cuda
evaluation,2306,1378,Cold,0.0039955913089215755,0.1111111119389534,0.09165895730257034,0.9012345679012346,1.7881393432617188e-07,0.0,0.0,,cfg02_G3_D32,1.8739664049935527,cuda
evaluation,2306,1378,Warm A,0.005297122057527304,0.1111110970377922,0.07261832803487778,0.9506172839506173,2.384185791015625e-07,0.2425987273454666,0.6683287620544434,,cfg02_G3_D32,1.8739664049935527,cuda
evaluation,2306,1378,Warm B,0.008019796572625637,0.1111110970377922,0.08093719929456711,0.9135802469135802,1.1920928955078125e-07,0.4521566331386566,0.4407491683959961,,cfg02_G3_D32,1.8739664049935527,cuda
evaluation,2306,1378,Warm C,0.006091458722949028,0.111111119389534,0.07214135676622391,0.9382716049382716,5.960464477539063e-08,0.4247024953365326,0.387055367231369,,cfg02_G3_D32,1.8739664049935527,cuda
evaluation,2310,1379,Cold,0.004138460382819176,0.1111111119389534,0.0908440425992012,0.9012345679012346,1.1920928955078125e-07,0.0,0.0,,cfg02_G3_D32,1.8739664049935527,cuda
evaluation,2310,1379,Warm A,0.003425588132813573,0.1111111119389534,0.11225897818803787,0.7530864197530864,2.384185791015625e-07,0.24666182696819305,0.4527955651283264,,cfg02_G3_D32,1.8739664049935527,cuda
evaluation,2310,1379,Warm B,0.004397442564368248,0.1111111119389534,0.11150110512971878,0.7654320987654321,1.1920928955078125e-07,0.3497781753540039,0.5427660346031189,,cfg02_G3_D32,1.8739664049935527,cuda
evaluation,2310,1379,Warm C,0.004822014831006527,0.1111110970377922,0.09323025494813919,0.8888888888888888,2.384185791015625e-07,0.29452455043792725,0.7066814303398132,,cfg02_G3_D32,1.8739664049935527,cuda
evaluation,2314,1383,Cold,0.003931391052901745,0.1111111119389534,0.08976060897111893,0.9012345679012346,1.1920928955078125e-07,0.0,0.0,,cfg02_G3_D32,1.8739664049935527,cuda
evaluation,2314,1383,Warm A,0.004336174111813307,0.1111110970377922,0.07793015986680984,0.9382716049382716,1.1920928955078125e-07,0.22813181579113007,0.7504863142967224,,cfg02_G3_D32,1.8739664049935527,cuda
evaluation,2314,1383,Warm B,0.0063875941559672356,0.1111111119389534,0.08276612311601639,0.9135802469135802,1.7881393432617188e-07,0.3886810541152954,0.6575139164924622,,cfg02_G3_D32,1.8739664049935527,cuda
evaluation,2314,1383,Warm C,0.0034766069147735834,0.1111111119389534,0.0877777561545372,0.8888888888888888,5.960464477539063e-08,0.47092726826667786,0.6894368529319763,,cfg02_G3_D32,1.8739664049935527,cuda
evaluation,2315,1384,Cold,0.004008376970887184,0.1111110970377922,0.08761908113956451,0.9012345679012346,1.7881393432617188e-07,0.0,0.0,,cfg02_G3_D32,1.8739664049935527,cuda
evaluation,2315,1384,Warm A,0.0065044802613556385,0.1111110970377922,0.07337237149477005,0.9382716049382716,1.1920928955078125e-07,0.23442821204662323,0.6181580424308777,,cfg02_G3_D32,1.8739664049935527,cuda
evaluation,2315,1384,Warm B,0.00899005588144064,0.1111110970377922,0.08891752362251282,0.8888888888888888,1.7881393432617188e-07,0.42257869243621826,0.4781443774700165,,cfg02_G3_D32,1.8739664049935527,cuda
evaluation,2315,1384,Warm C,0.012297568842768669,0.1111110970377922,0.11591875553131104,0.7530864197530864,1.1920928955078125e-07,0.5693457126617432,0.24961510300636292,,cfg02_G3_D32,1.8739664049935527,cuda
evaluation,2320,1387,Cold,0.004979307763278484,0.1111111119389534,0.09616537392139435,0.8271604938271605,1.7881393432617188e-07,0.0,0.0,,cfg02_G3_D32,1.8739664049935527,cuda
evaluation,2320,1387,Warm A,0.008099589496850967,0.1111111119389534,0.08179657906293869,0.9135802469135802,1.1920928955078125e-07,0.2436637431383133,0.6522960662841797,,cfg02_G3_D32,1.8739664049935527,cuda
evaluation,2320,1387,Warm B,0.006739744450896978,0.1111110970377922,0.08332157880067825,0.8641975308641975,1.7881393432617188e-07,0.3502236306667328,0.6146500706672668,,cfg02_G3_D32,1.8739664049935527,cuda
evaluation,2320,1387,Warm C,0.009622407145798206,0.111111119389534,0.09372970461845398,0.8641975308641975,1.1920928955078125e-07,0.37205392122268677,0.5100725889205933,,cfg02_G3_D32,1.8739664049935527,cuda
evaluation,2325,1391,Cold,0.0038493042811751366,0.1111111119389534,0.08544506132602692,0.9135802469135802,2.384185791015625e-07,0.0,0.0,,cfg02_G3_D32,1.8739664049935527,cuda
evaluation,2325,1391,Warm A,0.005118701606988907,0.1111111119389534,0.07365373522043228,0.9135802469135802,1.1920928955078125e-07,0.23765380680561066,0.5414037108421326,,cfg02_G3_D32,1.8739664049935527,cuda
evaluation,2325,1391,Warm B,0.0031654771883040667,0.1111111119389534,0.08514770120382309,0.9135802469135802,1.1920928955078125e-07,0.280215859413147,0.5926791429519653,,cfg02_G3_D32,1.8739664049935527,cuda
evaluation,2325,1391,Warm C,0.002297275001183152,0.1111111119389534,0.09339947253465652,0.8518518518518519,1.7881393432617188e-07,0.32194262742996216,0.6788710951805115,,cfg02_G3_D32,1.8739664049935527,cuda
evaluation,2327,1392,Cold,0.0030561271123588085,0.1111111119389534,0.07458355277776718,0.9753086419753086,2.384185791015625e-07,0.0,0.0,,cfg02_G3_D32,1.8739664049935527,cuda
evaluation,2327,1392,Warm A,0.005085498094558716,0.1111111119389534,0.07624979317188263,0.9382716049382716,1.1920928955078125e-07,0.2391762137413025,0.38354945182800293,,cfg02_G3_D32,1.8739664049935527,cuda
evaluation,2327,1392,Warm B,0.002767563331872225,0.1111111119389534,0.0719837173819542,0.9629629629629629,1.1920928955078125e-07,0.22830551862716675,0.6628498435020447,,cfg02_G3_D32,1.8739664049935527,cuda
evaluation,2327,1392,Warm C,0.005502721760421991,0.1111111119389534,0.07357672601938248,0.9506172839506173,2.384185791015625e-07,0.36888352036476135,0.5985730290412903,,cfg02_G3_D32,1.8739664049935527,cuda
evaluation,2328,1393,Cold,0.0029360882472246885,0.1111111119389534,0.08085516095161438,0.9259259259259259,2.384185791015625e-07,0.0,0.0,,cfg02_G3_D32,1.8739664049935527,cuda
evaluation,2328,1393,Warm A,0.005537496414035559,0.1111111119389534,0.06817270815372467,0.9753086419753086,1.1920928955078125e-07,0.22861510515213013,0.5016795992851257,,cfg02_G3_D32,1.8739664049935527,cuda
evaluation,2328,1393,Warm B,0.00545560522004962,0.1111111119389534,0.06889920681715012,0.9629629629629629,2.384185791015625e-07,0.2857145667076111,0.5181676745414734,,cfg02_G3_D32,1.8739664049935527,cuda
evaluation,2328,1393,Warm C,0.00671469047665596,0.1111111119389534,0.08890166133642197,0.9012345679012346,1.1920928955078125e-07,0.41438576579093933,0.3937506675720215,,cfg02_G3_D32,1.8739664049935527,cuda
evaluation,2330,1395,Cold,0.0031724197324365377,0.111111119389534,0.08561244606971741,0.9259259259259259,2.384185791015625e-07,0.0,0.0,,cfg02_G3_D32,1.8739664049935527,cuda
evaluation,2330,1395,Warm A,0.001547700841911137,0.111111119389534,0.09723732620477676,0.8641975308641975,3.5762786865234375e-07,0.2103976011276245,0.5940423011779785,,cfg02_G3_D32,1.8739664049935527,cuda
evaluation,2330,1395,Warm B,-0.0012521855533123016,0.111111119389534,0.1139753982424736,0.7654320987654321,1.1920928955078125e-07,0.37219420075416565,0.6327747702598572,,cfg02_G3_D32,1.8739664049935527,cuda
evaluation,2330,1395,Warm C,-0.002922888146713376,0.1111111119389534,0.13405495882034302,0.6666666666666666,2.384185791015625e-07,0.4431443512439728,0.40371400117874146,,cfg02_G3_D32,1.8739664049935527,cuda
evaluation,2331,1396,Cold,0.00392488157376647,0.1111111119389534,0.0898650586605072,0.9012345679012346,1.1920928955078125e-07,0.0,0.0,,cfg02_G3_D32,1.8739664049935527,cuda
evaluation,2331,1396,Warm A,0.0031459275633096695,0.1111111119389534,0.09365212172269821,0.8641975308641975,1.1920928955078125e-07,0.2429320067167282,0.7036754488945007,,cfg02_G3_D32,1.8739664049935527,cuda
evaluation,2331,1396,Warm B,0.0036398109514266253,0.1111111119389534,0.07603445649147034,0.9135802469135802,2.384185791015625e-07,0.2948467433452606,0.6674706339836121,,cfg02_G3_D32,1.8739664049935527,cuda
evaluation,2331,1396,Warm C,0.002307978691533208,0.1111111119389534,0.08939474821090698,0.9135802469135802,2.384185791015625e-07,0.3133447468280792,0.5658912062644958,,cfg02_G3_D32,1.8739664049935527,cuda
evaluation,2337,1401,Cold,0.004186045378446579,0.1111111119389534,0.0930868610739708,0.8765432098765432,2.384185791015625e-07,0.0,0.0,,cfg02_G3_D32,1.8739664049935527,cuda
evaluation,2337,1401,Warm A,0.004746440332382917,0.1111110970377922,0.08693581819534302,0.9012345679012346,1.1920928955078125e-07,0.22525762021541595,0.619677722454071,,cfg02_G3_D32,1.8739664049935527,cuda
evaluation,2337,1401,Warm B,0.00707682641223073,0.1111110970377922,0.07403381913900375,0.9506172839506173,2.384185791015625e-07,0.3344481289386749,0.6139288544654846,,cfg02_G3_D32,1.8739664049935527,cuda
evaluation,2337,1401,Warm C,0.006093931384384632,0.111111119389534,0.08905122429132462,0.9012345679012346,1.1920928955078125e-07,0.35224124789237976,0.6673309803009033,,cfg02_G3_D32,1.8739664049935527,cuda
evaluation,2347,1406,Cold,0.0054319859482347965,0.1111111119389534,0.08822690695524216,0.8518518518518519,2.384185791015625e-07,0.0,0.0,,cfg02_G3_D32,1.8739664049935527,cuda
evaluation,2347,1406,Warm A,0.00472720991820097,0.1111111119389534,0.10157085210084915,0.8518518518518519,1.1920928955078125e-07,0.24116186797618866,0.46805068850517273,,cfg02_G3_D32,1.8739664049935527,cuda
evaluation,2347,1406,Warm B,0.005302000790834427,0.1111111119389534,0.11896900087594986,0.7283950617283951,1.1920928955078125e-07,0.3356737494468689,0.49023595452308655,,cfg02_G3_D32,1.8739664049935527,cuda
evaluation,2347,1406,Warm C,0.00634335819631815,0.1111111119389534,0.09707165509462357,0.8765432098765432,1.1920928955078125e-07,0.3507975935935974,0.44180694222450256,,cfg02_G3_D32,1.8739664049935527,cuda
evaluation,2349,1408,Cold,0.005271514877676964,0.1111111119389534,0.09363237768411636,0.8395061728395061,1.1920928955078125e-07,0.0,0.0,,cfg02_G3_D32,1.8739664049935527,cuda
evaluation,2349,1408,Warm A,0.0036192741245031357,0.1111111119389534,0.1033443734049797,0.8395061728395061,2.980232238769531e-07,0.2415594458580017,0.524659276008606,,cfg02_G3_D32,1.8739664049935527,cuda
evaluation,2349,1408,Warm B,0.005862964317202568,0.1111111119389534,0.08219816535711288,0.9012345679012346,1.1920928955078125e-07,0.25057220458984375,0.6620141863822937,,cfg02_G3_D32,1.8739664049935527,cuda
evaluation,2349,1408,Warm C,0.004583448171615601,0.111111119389534,0.09780935198068619,0.8395061728395061,1.1920928955078125e-07,0.2736431062221527,0.7490460872650146,,cfg02_G3_D32,1.8739664049935527,cuda
evaluation,2351,1409,Cold,0.006801532581448555,0.1111110970377922,0.1189512386918068,0.7654320987654321,2.980232238769531e-07,0.0,0.0,,cfg02_G3_D32,1.8739664049935527,cuda
evaluation,2351,1409,Warm A,0.003547461936250329,0.1111111119389534,0.12833984196186066,0.7530864197530864,2.384185791015625e-07,0.2400819957256317,0.43155962228775024,,cfg02_G3_D32,1.8739664049935527,cuda
evaluation,2351,1409,Warm B,0.004697165917605162,0.1111111119389534,0.1204114556312561,0.7530864197530864,1.1920928955078125e-07,0.26619279384613037,0.5371229648590088,,cfg02_G3_D32,1.8739664049935527,cuda
evaluation,2351,1409,Warm C,0.003834567964076996,0.111111119389534,0.1262872964143753,0.7654320987654321,2.384185791015625e-07,0.27180859446525574,0.4016464650630951,,cfg02_G3_D32,1.8739664049935527,cuda
evaluation,2354,1412,Cold,0.0032665913458913565,0.1111110970377922,0.08196878433227539,0.9259259259259259,1.1920928955078125e-07,0.0,0.0,,cfg02_G3_D32,1.8739664049935527,cuda
evaluation,2354,1412,Warm A,0.005650665145367384,0.1111111119389534,0.06867712736129761,0.9629629629629629,1.1920928955078125e-07,0.24510550498962402,0.5601029992103577,,cfg02_G3_D32,1.8739664049935527,cuda
evaluation,2354,1412,Warm B,0.006525835953652859,0.1111111119389534,0.07313168048858643,0.9135802469135802,1.1920928955078125e-07,0.375688374042511,0.6560246348381042,,cfg02_G3_D32,1.8739664049935527,cuda
evaluation,2354,1412,Warm C,0.0042254128493368626,0.1111111119389534,0.07435306906700134,0.9259259259259259,1.1920928955078125e-07,0.5212258100509644,0.6634942293167114,,cfg02_G3_D32,1.8739664049935527,cuda
evaluation,2356,1414,Cold,0.004170038737356663,0.1111111119389534,0.09125914424657822,0.9012345679012346,1.7881393432617188e-07,0.0,0.0,,cfg02_G3_D32,1.8739664049935527,cuda
evaluation,2356,1414,Warm A,0.0066355327144265175,0.1111111119389534,0.07014849781990051,0.9506172839506173,1.1920928955078125e-07,0.22945402562618256,0.5363107323646545,,cfg02_G3_D32,1.8739664049935527,cuda
evaluation,2356,1414,Warm B,0.008928228169679642,0.1111111119389534,0.08333002775907516,0.9506172839506173,5.960464477539063e-08,0.3813968300819397,0.34224963188171387,,cfg02_G3_D32,1.8739664049935527,cuda
evaluation,2356,1414,Warm C,0.0075523280538618565,0.1111111119389534,0.06777740269899368,0.9506172839506173,1.7881393432617188e-07,0.359035462141037,0.7207784056663513,,cfg02_G3_D32,1.8739664049935527,cuda
evaluation,2360,1417,Cold,0.0044995867647230625,0.111111119389534,0.09519515186548233,0.8765432098765432,1.1920928955078125e-07,0.0,0.0,,cfg02_G3_D32,1.8739664049935527,cuda
evaluation,2360,1417,Warm A,0.003866873448714614,0.1111111119389534,0.11533302068710327,0.7654320987654321,2.384185791015625e-07,0.24829179048538208,0.5280259847640991,,cfg02_G3_D32,1.8739664049935527,cuda
evaluation,2360,1417,Warm B,0.0021714314352720976,0.1111111119389534,0.13607965409755707,0.654320987654321,2.384185791015625e-07,0.4661049544811249,0.33100250363349915,,cfg02_G3_D32,1.8739664049935527,cuda
evaluation,2360,1417,Warm C,7.658369213459082e-06,0.1111110970377922,0.15241451561450958,0.5679012345679012,1.1920928955078125e-07,0.6396669149398804,0.3606806695461273,,cfg02_G3_D32,1.8739664049935527,cuda
evaluation,2361,1418,Cold,0.005204713437706232,0.1111111119389534,0.09851367026567459,0.8641975308641975,1.7881393432617188e-07,0.0,0.0,,cfg02_G3_D32,1.8739664049935527,cuda
evaluation,2361,1418,Warm A,0.00755787780508399,0.1111111119389534,0.09696448594331741,0.8395061728395061,2.384185791015625e-07,0.22064243257045746,0.6444616913795471,,cfg02_G3_D32,1.8739664049935527,cuda
evaluation,2361,1418,Warm B,0.008825458586215973,0.1111111119389534,0.10670974105596542,0.7901234567901234,2.384185791015625e-07,0.32940003275871277,0.5927281379699707,,cfg02_G3_D32,1.8739664049935527,cuda
evaluation,2361,1418,Warm C,0.005860650446265936,0.1111111119389534,0.09434240311384201,0.8024691358024691,1.1920928955078125e-07,0.30202701687812805,0.7409462332725525,,cfg02_G3_D32,1.8739664049935527,cuda
evaluation,2364,1420,Cold,0.005438226740807295,0.111111119389534,0.07787110656499863,0.9135802469135802,1.1920928955078125e-07,0.0,0.0,,cfg02_G3_D32,1.8739664049935527,cuda
evaluation,2364,1420,Warm A,0.009009282104671001,0.1111111119389534,0.09701142460107803,0.9012345679012346,2.384185791015625e-07,0.20055998861789703,0.5366858839988708,,cfg02_G3_D32,1.8739664049935527,cuda
evaluation,2364,1420,Warm B,0.008867794647812843,0.1111111119389534,0.11978933960199356,0.7777777777777778,2.384185791015625e-07,0.3081901967525482,0.4126177728176117,,cfg02_G3_D32,1.8739664049935527,cuda
evaluation,2364,1420,Warm C,0.011069280095398426,0.1111110970377922,0.13790789246559143,0.6419753086419753,2.384185791015625e-07,0.36230337619781494,0.3280388414859772,,cfg02_G3_D32,1.8739664049935527,cuda
evaluation,2365,1421,Cold,0.007966597564518452,0.1111111119389534,0.10430242121219635,0.7901234567901234,1.1920928955078125e-07,0.0,0.0,,cfg02_G3_D32,1.8739664049935527,cuda
evaluation,2365,1421,Warm A,0.012408016249537468,0.1111111119389534,0.11356737464666367,0.7530864197530864,1.1920928955078125e-07,0.24415223300457,0.6484439969062805,,cfg02_G3_D32,1.8739664049935527,cuda
evaluation,2365,1421,Warm B,0.011447272263467312,0.111111119389534,0.1110764667391777,0.7283950617283951,1.1920928955078125e-07,0.30445224046707153,0.5780860185623169,,cfg02_G3_D32,1.8739664049935527,cuda
evaluation,2365,1421,Warm C,0.01538042351603508,0.1111111119389534,0.12554483115673065,0.7160493827160493,1.1920928955078125e-07,0.4530523717403412,0.5688066482543945,,cfg02_G3_D32,1.8739664049935527,cuda
evaluation,2370,1425,Cold,0.005014783702790737,0.1111111119389534,0.09017246961593628,0.8765432098765432,2.384185791015625e-07,0.0,0.0,,cfg02_G3_D32,1.8739664049935527,cuda
evaluation,2370,1425,Warm A,0.003036119509488344,0.1111111119389534,0.09370826929807663,0.8148148148148148,1.1920928955078125e-07,0.22442731261253357,0.6816563010215759,,cfg02_G3_D32,1.8739664049935527,cuda
evaluation,2370,1425,Warm B,0.004374815616756678,0.1111111119389534,0.0846819132566452,0.8518518518518519,1.1920928955078125e-07,0.2513091564178467,0.5686401724815369,,cfg02_G3_D32,1.8739664049935527,cuda
evaluation,2370,1425,Warm C,0.002777751535177231,0.1111110970377922,0.09923064708709717,0.8271604938271605,2.384185791015625e-07,0.3681737780570984,0.6306800246238708,,cfg02_G3_D32,1.8739664049935527,cuda
evaluation,2373,1428,Cold,0.004739480093121529,0.111111119389534,0.09164067357778549,0.8395061728395061,2.384185791015625e-07,0.0,0.0,,cfg02_G3_D32,1.8739664049935527,cuda
evaluation,2373,1428,Warm A,0.006781983654946089,0.1111110970377922,0.08731480687856674,0.9012345679012346,1.1920928955078125e-07,0.24826444685459137,0.6550490260124207,,cfg02_G3_D32,1.8739664049935527,cuda
evaluation,2373,1428,Warm B,0.009269827976822853,0.1111111119389534,0.10738952457904816,0.7901234567901234,2.384185791015625e-07,0.39428430795669556,0.39170870184898376,,cfg02_G3_D32,1.8739664049935527,cuda
evaluation,2373,1428,Warm C,0.009439663961529732,0.1111111119389534,0.10406485199928284,0.8024691358024691,2.384185791015625e-07,0.4445621371269226,0.4092440605163574,,cfg02_G3_D32,1.8739664049935527,cuda
evaluation,2377,1432,Cold,0.0038688492495566607,0.111111119389534,0.0788840800523758,0.9382716049382716,1.1920928955078125e-07,0.0,0.0,,cfg02_G3_D32,1.8739664049935527,cuda
evaluation,2377,1432,Warm A,0.007003931328654289,0.111111119389534,0.08020827174186707,0.9135802469135802,1.1920928955078125e-07,0.25075623393058777,0.6318104863166809,,cfg02_G3_D32,1.8739664049935527,cuda
evaluation,2377,1432,Warm B,0.0071960194036364555,0.1111111119389534,0.07791364938020706,0.9135802469135802,1.1920928955078125e-07,0.20250631868839264,0.4608972668647766,,cfg02_G3_D32,1.8739664049935527,cuda
evaluation,2377,1432,Warm C,0.008738218806684017,0.1111111119389534,0.08203506469726562,0.9012345679012346,2.384185791015625e-07,0.23693621158599854,0.5423312187194824,,cfg02_G3_D32,1.8739664049935527,cuda
evaluation,2380,1435,Cold,0.004359519574791193,0.1111111119389534,0.0802488774061203,0.9012345679012346,1.1920928955078125e-07,0.0,0.0,,cfg02_G3_D32,1.8739664049935527,cuda
evaluation,2380,1435,Warm A,0.005976407788693905,0.1111111119389534,0.08101650327444077,0.9382716049382716,1.1920928955078125e-07,0.2339395433664322,0.49293309450149536,,cfg02_G3_D32,1.8739664049935527,cuda
evaluation,2380,1435,Warm B,0.008849548175930977,0.1111111119389534,0.1074548065662384,0.8765432098765432,2.384185791015625e-07,0.40572065114974976,0.3848862648010254,,cfg02_G3_D32,1.8739664049935527,cuda
evaluation,2380,1435,Warm C,0.012687680311501026,0.1111111119389534,0.13166972994804382,0.654320987654321,1.1920928955078125e-07,0.5496016144752502,0.24819770455360413,,cfg02_G3_D32,1.8739664049935527,cuda
evaluation,2381,1436,Cold,0.004311368800699711,0.1111111119389534,0.0805491954088211,0.9012345679012346,1.1920928955078125e-07,0.0,0.0,,cfg02_G3_D32,1.8739664049935527,cuda
evaluation,2381,1436,Warm A,0.006300052162259817,0.1111110970377922,0.08203928172588348,0.9259259259259259,1.1920928955078125e-07,0.24018673598766327,0.4914774000644684,,cfg02_G3_D32,1.8739664049935527,cuda
evaluation,2381,1436,Warm B,0.008603903464972973,0.1111111119389534,0.10585149377584457,0.8641975308641975,2.384185791015625e-07,0.42841190099716187,0.36665016412734985,,cfg02_G3_D32,1.8739664049935527,cuda
evaluation,2381,1436,Warm C,0.012894704006612301,0.1111111119389534,0.1318334937095642,0.6666666666666666,1.7881393432617188e-07,0.5785402059555054,0.1582564264535904,,cfg02_G3_D32,1.8739664049935527,cuda
evaluation,2382,1437,Cold,0.004343315493315458,0.1111111119389534,0.0820082575082779,0.9012345679012346,1.1920928955078125e-07,0.0,0.0,,cfg02_G3_D32,1.8739664049935527,cuda
evaluation,2382,1437,Warm A,0.008441131561994553,0.1111111119389534,0.08292240649461746,0.9135802469135802,1.1920928955078125e-07,0.23452192544937134,0.5965995192527771,,cfg02_G3_D32,1.8739664049935527,cuda
evaluation,2382,1437,Warm B,0.011052331887185574,0.1111111119389534,0.1078302413225174,0.8641975308641975,1.7881393432617188e-07,0.43812981247901917,0.4297683835029602,,cfg02_G3_D32,1.8739664049935527,cuda
evaluation,2382,1437,Warm C,0.014373743906617165,0.1111111119389534,0.13035517930984497,0.6419753086419753,1.1920928955078125e-07,0.6115793585777283,0.15157465636730194,,cfg02_G3_D32,1.8739664049935527,cuda
evaluation,2383,1438,Cold,0.0041230120696127415,0.1111111119389534,0.08119288086891174,0.9012345679012346,2.384185791015625e-07,0.0,0.0,,cfg02_G3_D32,1.8739664049935527,cuda
evaluation,2383,1438,Warm A,0.007250813767313957,0.111111119389534,0.08123784512281418,0.9259259259259259,1.1920928955078125e-07,0.22504082322120667,0.547048032283783,,cfg02_G3_D32,1.8739664049935527,cuda
evaluation,2383,1438,Warm B,0.009386584162712097,0.1111111119389534,0.10582039505243301,0.8888888888888888,1.7881393432617188e-07,0.42961061000823975,0.4137665927410126,,cfg02_G3_D32,1.8739664049935527,cuda
evaluation,2383,1438,Warm C,0.012346270494163036,0.1111111119389534,0.12852908670902252,0.654320987654321,1.1920928955078125e-07,0.624074399471283,0.19458843767642975,,cfg02_G3_D32,1.8739664049935527,cuda
evaluation,2385,1440,Cold,0.003724806010723114,0.1111111119389534,0.08513397723436356,0.9135802469135802,1.1920928955078125e-07,0.0,0.0,,cfg02_G3_D32,1.8739664049935527,cuda
evaluation,2385,1440,Warm A,0.004925045650452375,0.1111111119389534,0.07352311909198761,0.9382716049382716,1.1920928955078125e-07,0.24399049580097198,0.5602900981903076,,cfg02_G3_D32,1.8739664049935527,cuda
evaluation,2385,1440,Warm B,0.006492482963949442,0.111111119389534,0.09395454078912735,0.9012345679012346,1.1920928955078125e-07,0.46395954489707947,0.38343074917793274,,cfg02_G3_D32,1.8739664049935527,cuda
evaluation,2385,1440,Warm C,0.008168507367372513,0.1111111119389534,0.11990170180797577,0.7530864197530864,2.384185791015625e-07,0.6209441423416138,0.39814430475234985,,cfg02_G3_D32,1.8739664049935527,cuda
evaluation,2417,1467,Cold,0.004546762444078922,0.1111111119389534,0.0897458866238594,0.8888888888888888,1.7881393432617188e-07,0.0,0.0,,cfg02_G3_D32,1.8739664049935527,cuda
evaluation,2417,1467,Warm A,0.008669428527355194,0.111111119389534,0.08077321201562881,0.9012345679012346,2.384185791015625e-07,0.24279248714447021,0.5759397745132446,,cfg02_G3_D32,1.8739664049935527,cuda
evaluation,2417,1467,Warm B,0.010256902314722538,0.1111111119389534,0.10158909857273102,0.8518518518518519,2.384185791015625e-07,0.4201546609401703,0.36506327986717224,,cfg02_G3_D32,1.8739664049935527,cuda
evaluation,2417,1467,Warm C,0.006524208001792431,0.1111110970377922,0.08477159589529037,0.8888888888888888,2.384185791015625e-07,0.46318715810775757,0.5827801823616028,,cfg02_G3_D32,1.8739664049935527,cuda
evaluation,2418,1468,Cold,0.004344556480646133,0.1111111119389534,0.08695076406002045,0.9012345679012346,2.384185791015625e-07,0.0,0.0,,cfg02_G3_D32,1.8739664049935527,cuda
evaluation,2418,1468,Warm A,0.006605647969990969,0.1111111119389534,0.07789857685565948,0.9382716049382716,1.1920928955078125e-07,0.22587096691131592,0.7107603549957275,,cfg02_G3_D32,1.8739664049935527,cuda
evaluation,2418,1468,Warm B,0.007917498238384724,0.1111111119389534,0.0876912921667099,0.9012345679012346,1.1920928955078125e-07,0.2734568119049072,0.5604267716407776,,cfg02_G3_D32,1.8739664049935527,cuda
evaluation,2418,1468,Warm C,0.007632577791810036,0.1111111119389534,0.09779269993305206,0.8641975308641975,2.384185791015625e-07,0.39144566655158997,0.4613214433193207,,cfg02_G3_D32,1.8739664049935527,cuda
evaluation,2419,1469,Cold,0.005305014550685883,0.1111110970377922,0.0943722277879715,0.8395061728395061,1.7881393432617188e-07,0.0,0.0,,cfg02_G3_D32,1.8739664049935527,cuda
evaluation,2419,1469,Warm A,0.008368498645722866,0.1111111119389534,0.08765631914138794,0.8888888888888888,1.1920928955078125e-07,0.23127475380897522,0.5829033255577087,,cfg02_G3_D32,1.8739664049935527,cuda
evaluation,2419,1469,Warm B,0.005468528717756271,0.1111110970377922,0.08978822827339172,0.8888888888888888,2.384185791015625e-07,0.2834838628768921,0.5932343006134033,,cfg02_G3_D32,1.8739664049935527,cuda
evaluation,2419,1469,Warm C,0.008079933933913708,0.1111111119389534,0.09223701059818268,0.8518518518518519,1.1920928955078125e-07,0.41464781761169434,0.4015873968601227,,cfg02_G3_D32,1.8739664049935527,cuda
evaluation,2429,1477,Cold,0.0036405788268893957,0.1111110970377922,0.08267787843942642,0.9135802469135802,1.7881393432617188e-07,0.0,0.0,,cfg02_G3_D32,1.8739664049935527,cuda
evaluation,2429,1477,Warm A,0.005140664055943489,0.1111110970377922,0.07331615686416626,0.9259259259259259,1.1920928955078125e-07,0.23795482516288757,0.6425135731697083,,cfg02_G3_D32,1.8739664049935527,cuda
evaluation,2429,1477,Warm B,0.008075530640780926,0.1111111119389534,0.08944562822580338,0.8888888888888888,2.384185791015625e-07,0.41110044717788696,0.2876259982585907,,cfg02_G3_D32,1.8739664049935527,cuda
evaluation,2429,1477,Warm C,0.007929330691695213,0.1111111119389534,0.08859150111675262,0.9012345679012346,1.1920928955078125e-07,0.4084928631782532,0.3701847493648529,,cfg02_G3_D32,1.8739664049935527,cuda
evaluation,2430,1478,Cold,0.007966551929712296,0.1111111119389534,0.1205882579088211,0.7407407407407407,2.384185791015625e-07,0.0,0.0,,cfg02_G3_D32,1.8739664049935527,cuda
evaluation,2430,1478,Warm A,0.011251306161284447,0.1111111119389534,0.11996617913246155,0.691358024691358,1.7881393432617188e-07,0.244490846991539,0.8255817294120789,,cfg02_G3_D32,1.8739664049935527,cuda
evaluation,2430,1478,Warm B,0.015251687727868557,0.111111119389534,0.1291130930185318,0.6790123456790124,1.1920928955078125e-07,0.38927188515663147,0.6147271990776062,,cfg02_G3_D32,1.8739664049935527,cuda
evaluation,2430,1478,Warm C,0.01653631031513214,0.1111111119389534,0.13425569236278534,0.6666666666666666,2.384185791015625e-07,0.4738363027572632,0.5967320799827576,,cfg02_G3_D32,1.8739664049935527,cuda
evaluation,2432,1480,Cold,0.004391157999634743,0.1111110970377922,0.09415613859891891,0.8765432098765432,1.1920928955078125e-07,0.0,0.0,,cfg02_G3_D32,1.8739664049935527,cuda
evaluation,2432,1480,Warm A,0.006868639960885048,0.111111119389534,0.07628364115953445,0.9382716049382716,1.1920928955078125e-07,0.23974688351154327,0.6196982264518738,,cfg02_G3_D32,1.8739664049935527,cuda
evaluation,2432,1480,Warm B,0.009019836783409119,0.111111119389534,0.08459895104169846,0.9135802469135802,1.1920928955078125e-07,0.3791361153125763,0.5227257013320923,,cfg02_G3_D32,1.8739664049935527,cuda
evaluation,2432,1480,Warm C,0.009594428353011608,0.1111110970377922,0.08875071257352829,0.9012345679012346,1.1920928955078125e-07,0.46453455090522766,0.3984588384628296,,cfg02_G3_D32,1.8739664049935527,cuda
evaluation,2435,1482,Cold,0.004391159396618605,0.1111111119389534,0.09415610879659653,0.8765432098765432,1.1920928955078125e-07,0.0,0.0,,cfg02_G3_D32,1.8739664049935527,cuda
evaluation,2435,1482,Warm A,0.006664026062935591,0.1111111119389534,0.07688837498426437,0.9259259259259259,1.1920928955078125e-07,0.23941189050674438,0.6379777193069458,,cfg02_G3_D32,1.8739664049935527,cuda
evaluation,2435,1482,Warm B,0.00480585265904665,0.1111111119389534,0.08768103271722794,0.9012345679012346,1.1920928955078125e-07,0.3058074712753296,0.6494576334953308,,cfg02_G3_D32,1.8739664049935527,cuda
evaluation,2435,1482,Warm C,0.007782767526805401,0.111111119389534,0.07522312551736832,0.9135802469135802,1.1920928955078125e-07,0.4507442116737366,0.506007194519043,,cfg02_G3_D32,1.8739664049935527,cuda
evaluation,2436,1483,Cold,0.00413901312276721,0.1111111119389534,0.09165866672992706,0.9135802469135802,1.1920928955078125e-07,0.0,0.0,,cfg02_G3_D32,1.8739664049935527,cuda
evaluation,2436,1483,Warm A,0.004707303363829851,0.111111119389534,0.10896033048629761,0.7901234567901234,2.384185791015625e-07,0.21672546863555908,0.5726791024208069,,cfg02_G3_D32,1.8739664049935527,cuda
evaluation,2436,1483,Warm B,0.004998410120606422,0.1111111119389534,0.09299267083406448,0.8395061728395061,2.384185791015625e-07,0.336394339799881,0.6227846741676331,,cfg02_G3_D32,1.8739664049935527,cuda
evaluation,2436,1483,Warm C,0.0048164185136556625,0.1111111119389534,0.09739188104867935,0.8395061728395061,2.384185791015625e-07,0.43058064579963684,0.648679256439209,,cfg02_G3_D32,1.8739664049935527,cuda
evaluation,2437,1484,Cold,0.004075407981872559,0.1111111119389534,0.08890670537948608,0.9012345679012346,2.384185791015625e-07,0.0,0.0,,cfg02_G3_D32,1.8739664049935527,cuda
evaluation,2437,1484,Warm A,0.004194926470518112,0.1111110970377922,0.08050154149532318,0.8765432098765432,1.1920928955078125e-07,0.23330919444561005,0.7300467491149902,,cfg02_G3_D32,1.8739664049935527,cuda
evaluation,2437,1484,Warm B,0.0018475832184776664,0.1111111119389534,0.09552537649869919,0.8765432098765432,1.1920928955078125e-07,0.30073341727256775,0.6116925477981567,,cfg02_G3_D32,1.8739664049935527,cuda
evaluation,2437,1484,Warm C,0.0015408002072945237,0.1111110970377922,0.11711009591817856,0.7530864197530864,1.1920928955078125e-07,0.4346630871295929,0.48849818110466003,,cfg02_G3_D32,1.8739664049935527,cuda
evaluation,2439,1485,Cold,0.004075407981872559,0.1111111119389534,0.08890677243471146,0.9012345679012346,2.384185791015625e-07,0.0,0.0,,cfg02_G3_D32,1.8739664049935527,cuda
evaluation,2439,1485,Warm A,0.002197487745434046,0.111111119389534,0.0953838899731636,0.8641975308641975,1.1920928955078125e-07,0.23975595831871033,0.7254483103752136,,cfg02_G3_D32,1.8739664049935527,cuda
evaluation,2439,1485,Warm B,0.0052896589040756226,0.1111111119389534,0.07798357307910919,0.9012345679012346,2.384185791015625e-07,0.27523061633110046,0.6305499076843262,,cfg02_G3_D32,1.8739664049935527,cuda
evaluation,2439,1485,Warm C,0.002944744424894452,0.111111119389534,0.09796666353940964,0.8395061728395061,2.384185791015625e-07,0.3973977267742157,0.6556649208068848,,cfg02_G3_D32,1.8739664049935527,cuda
evaluation,2442,1486,Cold,0.004446870647370815,0.1111111119389534,0.095657117664814,0.8765432098765432,1.1920928955078125e-07,0.0,0.0,,cfg02_G3_D32,1.8739664049935527,cuda
evaluation,2442,1486,Warm A,0.002574635436758399,0.1111111119389534,0.0908617228269577,0.8765432098765432,2.384185791015625e-07,0.2442668080329895,0.6069251894950867,,cfg02_G3_D32,1.8739664049935527,cuda
evaluation,2442,1486,Warm B,0.0032652595546096563,0.1111111119389534,0.09654220938682556,0.8518518518518519,2.384185791015625e-07,0.3516281843185425,0.5611187815666199,,cfg02_G3_D32,1.8739664049935527,cuda
evaluation,2442,1486,Warm C,0.004468669183552265,0.1111111119389534,0.08437920361757278,0.9135802469135802,2.384185791015625e-07,0.42938631772994995,0.5438865423202515,,cfg02_G3_D32,1.8739664049935527,cuda
evaluation,2443,1487,Cold,0.003933347761631012,0.111111119389534,0.08860653638839722,0.9012345679012346,1.7881393432617188e-07,0.0,0.0,,cfg02_G3_D32,1.8739664049935527,cuda
evaluation,2443,1487,Warm A,0.004056249745190144,0.1111111119389534,0.07806852459907532,0.9135802469135802,1.1920928955078125e-07,0.24331890046596527,0.7463340759277344,,cfg02_G3_D32,1.8739664049935527,cuda
evaluation,2443,1487,Warm B,0.002502808580175042,0.1111111119389534,0.08959805220365524,0.8765432098765432,1.1920928955078125e-07,0.29149603843688965,0.5857157111167908,,cfg02_G3_D32,1.8739664049935527,cuda
evaluation,2443,1487,Warm C,0.003474073950201273,0.1111111119389534,0.10331015288829803,0.8148148148148148,1.1920928955078125e-07,0.370381236076355,0.5853047370910645,,cfg02_G3_D32,1.8739664049935527,cuda
evaluation,2445,1488,Cold,0.003739322768524289,0.1111111119389534,0.08635623008012772,0.9259259259259259,2.384185791015625e-07,0.0,0.0,,cfg02_G3_D32,1.8739664049935527,cuda
evaluation,2445,1488,Warm A,0.0047323149628937244,0.111111119389534,0.07607351243495941,0.9506172839506173,1.1920928955078125e-07,0.24174591898918152,0.6971569061279297,,cfg02_G3_D32,1.8739664049935527,cuda
evaluation,2445,1488,Warm B,0.006497503723949194,0.1111111119389534,0.09215147793292999,0.9135802469135802,2.384185791015625e-07,0.39089593291282654,0.39409416913986206,,cfg02_G3_D32,1.8739664049935527,cuda
evaluation,2445,1488,Warm C,0.009043141268193722,0.1111110970377922,0.1162266656756401,0.7407407407407407,1.1920928955078125e-07,0.48891669511795044,0.32377320528030396,,cfg02_G3_D32,1.8739664049935527,cuda
evaluation,2446,1489,Cold,0.004901196341961622,0.1111110970377922,0.09520186483860016,0.8395061728395061,2.384185791015625e-07,0.0,0.0,,cfg02_G3_D32,1.8739664049935527,cuda
evaluation,2446,1489,Warm A,0.007032345049083233,0.1111111119389534,0.07796558737754822,0.9012345679012346,1.7881393432617188e-07,0.24713864922523499,0.42801633477211,,cfg02_G3_D32,1.8739664049935527,cuda
evaluation,2446,1489,Warm B,0.00854777917265892,0.1111111119389534,0.08925634622573853,0.8518518518518519,1.1920928955078125e-07,0.37921175360679626,0.47937700152397156,,cfg02_G3_D32,1.8739664049935527,cuda
evaluation,2446,1489,Warm C,0.007660112343728542,0.1111111119389534,0.08775567263364792,0.8641975308641975,1.1920928955078125e-07,0.45309412479400635,0.5216639637947083,,cfg02_G3_D32,1.8739664049935527,cuda
evaluation,2448,1491,Cold,0.003403441747650504,0.111111119389534,0.08405926823616028,0.9259259259259259,1.1920928955078125e-07,0.0,0.0,,cfg02_G3_D32,1.8739664049935527,cuda
evaluation,2448,1491,Warm A,0.0055296760983765125,0.111111119389534,0.06914655864238739,0.9506172839506173,1.1920928955078125e-07,0.2511563003063202,0.5636811256408691,,cfg02_G3_D32,1.8739664049935527,cuda
evaluation,2448,1491,Warm B,0.006045211106538773,0.1111111119389534,0.08159248530864716,0.9259259259259259,1.1920928955078125e-07,0.37773463129997253,0.4145219922065735,,cfg02_G3_D32,1.8739664049935527,cuda
evaluation,2448,1491,Warm C,0.007881118915975094,0.1111111119389534,0.10975679755210876,0.7901234567901234,2.384185791015625e-07,0.5539534091949463,0.33202657103538513,,cfg02_G3_D32,1.8739664049935527,cuda
evaluation,2451,1493,Cold,0.003327100072056055,0.1111110970377922,0.08188784867525101,0.9135802469135802,1.1920928955078125e-07,0.0,0.0,,cfg02_G3_D32,1.8739664049935527,cuda
evaluation,2451,1493,Warm A,0.004809833597391844,0.1111110970377922,0.07638334482908249,0.9382716049382716,1.1920928955078125e-07,0.24466581642627716,0.5522724390029907,,cfg02_G3_D32,1.8739664049935527,cuda
evaluation,2451,1493,Warm B,0.00763385696336627,0.1111111119389534,0.09274008125066757,0.8641975308641975,2.384185791015625e-07,0.4009852111339569,0.412794828414917,,cfg02_G3_D32,1.8739664049935527,cuda
evaluation,2451,1493,Warm C,0.01141541451215744,0.1111111119389534,0.11810791492462158,0.7654320987654321,1.1920928955078125e-07,0.5541167259216309,0.41078779101371765,,cfg02_G3_D32,1.8739664049935527,cuda
evaluation,2453,1494,Cold,0.0036325741093605757,0.1111111119389534,0.07896082103252411,0.9259259259259259,1.1920928955078125e-07,0.0,0.0,,cfg02_G3_D32,1.8739664049935527,cuda
evaluation,2453,1494,Warm A,0.006325805094093084,0.1111111119389534,0.07580395042896271,0.9506172839506173,1.1920928955078125e-07,0.23837408423423767,0.6124322414398193,,cfg02_G3_D32,1.8739664049935527,cuda
evaluation,2453,1494,Warm B,0.006728270091116428,0.1111111119389534,0.07998103648424149,0.9259259259259259,2.384185791015625e-07,0.2786826193332672,0.6805098056793213,,cfg02_G3_D32,1.8739664049935527,cuda
evaluation,2453,1494,Warm C,0.008345481939613819,0.1111111119389534,0.08022190630435944,0.9629629629629629,2.980232238769531e-07,0.4068252146244049,0.6148614287376404,,cfg02_G3_D32,1.8739664049935527,cuda
evaluation,2458,1499,Cold,0.00483492948114872,0.1111111119389534,0.09374753385782242,0.8641975308641975,1.1920928955078125e-07,0.0,0.0,,cfg02_G3_D32,1.8739664049935527,cuda
evaluation,2458,1499,Warm A,0.0076384288258850574,0.1111111119389534,0.08413788676261902,0.9012345679012346,1.1920928955078125e-07,0.24379785358905792,0.7389933466911316,,cfg02_G3_D32,1.8739664049935527,cuda
evaluation,2458,1499,Warm B,0.009626705199480057,0.1111111119389534,0.09900925308465958,0.8148148148148148,1.1920928955078125e-07,0.4503825604915619,0.39985647797584534,,cfg02_G3_D32,1.8739664049935527,cuda
evaluation,2458,1499,Warm C,0.01293327659368515,0.1111110970377922,0.11943679302930832,0.7283950617283951,1.1920928955078125e-07,0.6362372040748596,0.4070260524749756,,cfg02_G3_D32,1.8739664049935527,cuda
evaluation,2460,1501,Cold,0.00369854923337698,0.111111119389534,0.07562866061925888,0.9382716049382716,1.1920928955078125e-07,0.0,0.0,,cfg02_G3_D32,1.8739664049935527,cuda
evaluation,2460,1501,Warm A,0.007064491044729948,0.1111111119389534,0.08058922737836838,0.9259259259259259,1.1920928955078125e-07,0.24110500514507294,0.6010812520980835,,cfg02_G3_D32,1.8739664049935527,cuda
evaluation,2460,1501,Warm B,0.00739146675914526,0.1111111119389534,0.08404584228992462,0.9135802469135802,1.1920928955078125e-07,0.306500643491745,0.5328854322433472,,cfg02_G3_D32,1.8739664049935527,cuda
evaluation,2460,1501,Warm C,0.011497952044010162,0.1111111119389534,0.10865342617034912,0.8271604938271605,2.384185791015625e-07,0.4022885262966156,0.42809534072875977,,cfg02_G3_D32,1.8739664049935527,cuda
evaluation,2461,1502,Cold,0.003558660624548793,0.1111111119389534,0.07283980399370193,0.9629629629629629,1.1920928955078125e-07,0.0,0.0,,cfg02_G3_D32,1.8739664049935527,cuda
evaluation,2461,1502,Warm A,0.006120476871728897,0.1111111119389534,0.07824977487325668,0.9506172839506173,1.7881393432617188e-07,0.25045445561408997,0.44999226927757263,,cfg02_G3_D32,1.8739664049935527,cuda
evaluation,2461,1502,Warm B,0.010423097759485245,0.1111111119389534,0.10722570866346359,0.8395061728395061,1.1920928955078125e-07,0.4698972702026367,0.2963094413280487,,cfg02_G3_D32,1.8739664049935527,cuda
evaluation,2461,1502,Warm C,0.012707035057246685,0.1111110970377922,0.09985067695379257,0.8765432098765432,2.384185791015625e-07,0.5628210306167603,0.46239110827445984,,cfg02_G3_D32,1.8739664049935527,cuda
evaluation,2472,1509,Cold,0.00420367019250989,0.1111111119389534,0.08626092225313187,0.9012345679012346,1.1920928955078125e-07,0.0,0.0,,cfg02_G3_D32,1.8739664049935527,cuda
evaluation,2472,1509,Warm A,0.008408739231526852,0.1111111119389534,0.0763644352555275,0.9259259259259259,1.1920928955078125e-07,0.23527924716472626,0.5907849669456482,,cfg02_G3_D32,1.8739664049935527,cuda
evaluation,2472,1509,Warm B,0.012091354466974735,0.1111111119389534,0.09389053285121918,0.8395061728395061,1.7881393432617188e-07,0.41582828760147095,0.48892003297805786,,cfg02_G3_D32,1.8739664049935527,cuda
evaluation,2472,1509,Warm C,0.015546171925961971,0.1111111119389534,0.11559730768203735,0.7037037037037037,1.1920928955078125e-07,0.5581884980201721,0.32378003001213074,,cfg02_G3_D32,1.8739664049935527,cuda
evaluation,2473,1510,Cold,0.00437286077067256,0.1111111119389534,0.08369743078947067,0.9012345679012346,2.384185791015625e-07,0.0,0.0,,cfg02_G3_D32,1.8739664049935527,cuda
evaluation,2473,1510,Warm A,0.007279933430254459,0.1111111119389534,0.08076491206884384,0.9382716049382716,1.1920928955078125e-07,0.21709933876991272,0.5431246161460876,,cfg02_G3_D32,1.8739664049935527,cuda
evaluation,2473,1510,Warm B,0.009307529777288437,0.1111111119389534,0.10624668747186661,0.8518518518518519,2.384185791015625e-07,0.39250072836875916,0.33508166670799255,,cfg02_G3_D32,1.8739664049935527,cuda
evaluation,2473,1510,Warm C,0.012720270082354546,0.1111110970377922,0.12709134817123413,0.7037037037037037,1.7881393432617188e-07,0.5110647082328796,0.39250198006629944,,cfg02_G3_D32,1.8739664049935527,cuda
evaluation,2475,1512,Cold,0.005739307496696711,0.1111111119389534,0.08964197337627411,0.8765432098765432,1.1920928955078125e-07,0.0,0.0,,cfg02_G3_D32,1.8739664049935527,cuda
evaluation,2475,1512,Warm A,0.00877095852047205,0.1111111119389534,0.09181920439004898,0.8641975308641975,2.384185791015625e-07,0.23398880660533905,0.6012603640556335,,cfg02_G3_D32,1.8739664049935527,cuda
evaluation,2475,1512,Warm B,0.006573558785021305,0.1111111119389534,0.09032932668924332,0.9135802469135802,2.384185791015625e-07,0.3258834183216095,0.5810279846191406,,cfg02_G3_D32,1.8739664049935527,cuda
evaluation,2475,1512,Warm C,0.006286625284701586,0.1111111119389534,0.09761523455381393,0.8395061728395061,2.384185791015625e-07,0.41603073477745056,0.43946215510368347,,cfg02_G3_D32,1.8739664049935527,cuda
evaluation,2488,1516,Cold,0.00711752288043499,0.1111111119389534,0.11546410620212555,0.7530864197530864,2.384185791015625e-07,0.0,0.0,,cfg02_G3_D32,1.8739664049935527,cuda
evaluation,2488,1516,Warm A,0.00667907577008009,0.1111110970377922,0.1239342913031578,0.7407407407407407,2.384185791015625e-07,0.2336418628692627,0.5795247554779053,,cfg02_G3_D32,1.8739664049935527,cuda
evaluation,2488,1516,Warm B,0.006332265678793192,0.1111111119389534,0.11504483968019485,0.7530864197530864,1.1920928955078125e-07,0.4202280640602112,0.7682365775108337,,cfg02_G3_D32,1.8739664049935527,cuda
evaluation,2488,1516,Warm C,0.003975010477006435,0.1111111119389534,0.1234307736158371,0.7407407407407407,2.384185791015625e-07,0.4541386067867279,0.31415072083473206,,cfg02_G3_D32,1.8739664049935527,cuda
evaluation,2491,1518,Cold,0.004128289874643087,0.1111110970377922,0.08987069129943848,0.9012345679012346,2.384185791015625e-07,0.0,0.0,,cfg02_G3_D32,1.8739664049935527,cuda
evaluation,2491,1518,Warm A,0.005943581461906433,0.1111110970377922,0.07234642654657364,0.9506172839506173,1.1920928955078125e-07,0.2277352511882782,0.5588699579238892,,cfg02_G3_D32,1.8739664049935527,cuda
evaluation,2491,1518,Warm B,0.00838940218091011,0.1111111119389534,0.08506297320127487,0.9135802469135802,2.384185791015625e-07,0.3887718915939331,0.41018638014793396,,cfg02_G3_D32,1.8739664049935527,cuda
evaluation,2491,1518,Warm C,0.005802683532238007,0.111111119389534,0.07073453813791275,0.9135802469135802,1.1920928955078125e-07,0.45583438873291016,0.4960311949253082,,cfg02_G3_D32,1.8739664049935527,cuda
evaluation,2492,1519,Cold,0.004007365088909864,0.1111111119389534,0.08823451399803162,0.9135802469135802,2.384185791015625e-07,0.0,0.0,,cfg02_G3_D32,1.8739664049935527,cuda
evaluation,2492,1519,Warm A,0.0014327878598123789,0.1111111119389534,0.08457526564598083,0.9012345679012346,2.384185791015625e-07,0.2351553738117218,0.7690157294273376,,cfg02_G3_D32,1.8739664049935527,cuda
evaluation,2492,1519,Warm B,0.003402186091989279,0.1111111119389534,0.08286910504102707,0.8765432098765432,1.1920928955078125e-07,0.34097936749458313,0.5579190850257874,,cfg02_G3_D32,1.8739664049935527,cuda
evaluation,2492,1519,Warm C,0.004280081484466791,0.111111119389534,0.08342763036489487,0.8641975308641975,2.384185791015625e-07,0.5049184560775757,0.6058615446090698,,cfg02_G3_D32,1.8739664049935527,cuda
evaluation,2495,1520,Cold,0.004824018105864525,0.1111110970377922,0.09279516339302063,0.8888888888888888,1.7881393432617188e-07,0.0,0.0,,cfg02_G3_D32,1.8739664049935527,cuda
evaluation,2495,1520,Warm A,0.0038450092542916536,0.1111111119389534,0.09477284550666809,0.8518518518518519,2.384185791015625e-07,0.24562472105026245,0.5175178050994873,,cfg02_G3_D32,1.8739664049935527,cuda
evaluation,2495,1520,Warm B,0.0026070643216371536,0.1111111119389534,0.09722957015037537,0.8641975308641975,1.1920928955078125e-07,0.2903415858745575,0.7537786364555359,,cfg02_G3_D32,1.8739664049935527,cuda
evaluation,2495,1520,Warm C,0.0030191985424607992,0.1111110970377922,0.09036273509263992,0.8641975308641975,1.1920928955078125e-07,0.4441911280155182,0.7990155220031738,,cfg02_G3_D32,1.8739664049935527,cuda
evaluation,2497,1522,Cold,0.003924654331058264,0.111111119389534,0.08760915696620941,0.9012345679012346,2.384185791015625e-07,0.0,0.0,,cfg02_G3_D32,1.8739664049935527,cuda
evaluation,2497,1522,Warm A,0.005831248592585325,0.1111111119389534,0.06659631431102753,0.9629629629629629,1.1920928955078125e-07,0.2385716587305069,0.49311837553977966,,cfg02_G3_D32,1.8739664049935527,cuda
evaluation,2497,1522,Warm B,0.008813450112938881,0.1111111119389534,0.07578263431787491,0.9382716049382716,1.1920928955078125e-07,0.3596326410770416,0.6177542209625244,,cfg02_G3_D32,1.8739664049935527,cuda
evaluation,2497,1522,Warm C,0.007190791890025139,0.1111111119389534,0.06545502692461014,0.9259259259259259,2.384185791015625e-07,0.3895871341228485,0.6240403652191162,,cfg02_G3_D32,1.8739664049935527,cuda
evaluation,2498,1523,Cold,0.004171260166913271,0.1111111119389534,0.09136991202831268,0.9135802469135802,2.384185791015625e-07,0.0,0.0,,cfg02_G3_D32,1.8739664049935527,cuda
evaluation,2498,1523,Warm A,0.004280456341803074,0.1111111119389534,0.07273663580417633,0.9506172839506173,1.1920928955078125e-07,0.2466244399547577,0.5517878532409668,,cfg02_G3_D32,1.8739664049935527,cuda
evaluation,2498,1523,Warm B,0.006300012115389109,0.1111110970377922,0.08358511328697205,0.9382716049382716,1.1920928955078125e-07,0.4576246738433838,0.4098674952983856,,cfg02_G3_D32,1.8739664049935527,cuda
evaluation,2498,1523,Warm C,0.009865072555840015,0.111111119389534,0.10545042902231216,0.8395061728395061,2.384185791015625e-07,0.5511003732681274,0.31054335832595825,,cfg02_G3_D32,1.8739664049935527,cuda
evaluation,2500,1524,Cold,0.004273261409252882,0.111111119389534,0.09269453585147858,0.9135802469135802,1.7881393432617188e-07,0.0,0.0,,cfg02_G3_D32,1.8739664049935527,cuda
evaluation,2500,1524,Warm A,0.0044018481858074665,0.1111110970377922,0.07640684396028519,0.9259259259259259,5.960464477539063e-08,0.24655781686306,0.5946463346481323,,cfg02_G3_D32,1.8739664049935527,cuda
evaluation,2500,1524,Warm B,0.006012309342622757,0.111111119389534,0.07907798886299133,0.9012345679012346,1.7881393432617188e-07,0.3535412847995758,0.6037581562995911,,cfg02_G3_D32,1.8739664049935527,cuda
evaluation,2500,1524,Warm C,0.006196916103363037,0.1111111119389534,0.07604040205478668,0.9382716049382716,1.7881393432617188e-07,0.39250755310058594,0.4925253093242645,,cfg02_G3_D32,1.8739664049935527,cuda
evaluation,2504,1527,Cold,0.004447572864592075,0.1111111119389534,0.09439697861671448,0.8765432098765432,1.1920928955078125e-07,0.0,0.0,,cfg02_G3_D32,1.8739664049935527,cuda
evaluation,2504,1527,Warm A,0.0061979228630661964,0.1111111119389534,0.07509691268205643,0.9259259259259259,1.7881393432617188e-07,0.24435356259346008,0.6034111380577087,,cfg02_G3_D32,1.8739664049935527,cuda
evaluation,2504,1527,Warm B,0.0063639855943620205,0.1111111119389534,0.08234445005655289,0.9382716049382716,2.384185791015625e-07,0.3799993395805359,0.5997617244720459,,cfg02_G3_D32,1.8739664049935527,cuda
evaluation,2504,1527,Warm C,0.0053291781805455685,0.111111119389534,0.07203061133623123,0.9506172839506173,1.1920928955078125e-07,0.38532760739326477,0.5516255497932434,,cfg02_G3_D32,1.8739664049935527,cuda
evaluation,2506,1529,Cold,0.0037151207216084003,0.1111111119389534,0.08509629964828491,0.9259259259259259,1.1920928955078125e-07,0.0,0.0,,cfg02_G3_D32,1.8739664049935527,cuda
evaluation,2506,1529,Warm A,0.004405268933624029,0.1111111119389534,0.09554214775562286,0.8271604938271605,2.384185791015625e-07,0.2215808629989624,0.6274425387382507,,cfg02_G3_D32,1.8739664049935527,cuda
evaluation,2506,1529,Warm B,0.006624413188546896,0.1111110970377922,0.07257512956857681,0.9629629629629629,2.384185791015625e-07,0.36828914284706116,0.5624669790267944,,cfg02_G3_D32,1.8739664049935527,cuda
evaluation,2506,1529,Warm C,0.0052832914516329765,0.1111111119389534,0.09245295822620392,0.8518518518518519,1.1920928955078125e-07,0.4108615219593048,0.6867960095405579,,cfg02_G3_D32,1.8739664049935527,cuda
evaluation,2511,1530,Cold,0.005502238869667053,0.1111111119389534,0.10207565873861313,0.8641975308641975,1.1920928955078125e-07,0.0,0.0,,cfg02_G3_D32,1.8739664049935527,cuda
evaluation,2511,1530,Warm A,0.002867654897272587,0.1111111119389534,0.11194870620965958,0.8024691358024691,2.384185791015625e-07,0.2365797609090805,0.6191379427909851,,cfg02_G3_D32,1.8739664049935527,cuda
evaluation,2511,1530,Warm B,0.004670966416597366,0.1111111119389534,0.10548573732376099,0.8518518518518519,2.384185791015625e-07,0.24703329801559448,0.45887890458106995,,cfg02_G3_D32,1.8739664049935527,cuda
evaluation,2511,1530,Warm C,0.0024012650828808546,0.1111111119389534,0.11892911791801453,0.7901234567901234,1.1920928955078125e-07,0.3513510525226593,0.5361199975013733,,cfg02_G3_D32,1.8739664049935527,cuda
evaluation,2514,1532,Cold,0.003466297872364521,0.1111111119389534,0.06349214911460876,0.9753086419753086,1.1920928955078125e-07,0.0,0.0,,cfg02_G3_D32,1.8739664049935527,cuda
evaluation,2514,1532,Warm A,0.005082611460238695,0.1111110970377922,0.0794227123260498,0.9506172839506173,1.1920928955078125e-07,0.23774264752864838,0.5849410891532898,,cfg02_G3_D32,1.8739664049935527,cuda
evaluation,2514,1532,Warm B,0.008694253861904144,0.1111111119389534,0.10913199931383133,0.8518518518518519,2.384185791015625e-07,0.41556569933891296,0.3837481439113617,,cfg02_G3_D32,1.8739664049935527,cuda
evaluation,2514,1532,Warm C,0.012136946432292461,0.1111111119389534,0.1360585242509842,0.6172839506172839,2.384185791015625e-07,0.5276542901992798,0.16105039417743683,,cfg02_G3_D32,1.8739664049935527,cuda
evaluation,2519,1535,Cold,0.006850576493889093,0.1111111119389534,0.0997084230184555,0.8148148148148148,1.7881393432617188e-07,0.0,0.0,,cfg02_G3_D32,1.8739664049935527,cuda
evaluation,2519,1535,Warm A,0.009618766605854034,0.1111111119389534,0.10927561670541763,0.7901234567901234,2.384185791015625e-07,0.23534932732582092,0.6209518313407898,,cfg02_G3_D32,1.8739664049935527,cuda
evaluation,2519,1535,Warm B,0.006031831260770559,0.1111110970377922,0.09977399557828903,0.8024691358024691,1.7881393432617188e-07,0.35251864790916443,0.7031384110450745,,cfg02_G3_D32,1.8739664049935527,cuda
evaluation,2519,1535,Warm C,0.007164974231272936,0.1111111119389534,0.10588350147008896,0.7777777777777778,2.384185791015625e-07,0.36574786901474,0.5006211400032043,,cfg02_G3_D32,1.8739664049935527,cuda
evaluation,2520,1536,Cold,0.0053686704486608505,0.1111111119389534,0.10771704465150833,0.8395061728395061,2.384185791015625e-07,0.0,0.0,,cfg02_G3_D32,1.8739664049935527,cuda
evaluation,2520,1536,Warm A,0.00866292230784893,0.1111111119389534,0.10211073607206345,0.8024691358024691,1.7881393432617188e-07,0.24273449182510376,0.8817011117935181,,cfg02_G3_D32,1.8739664049935527,cuda
evaluation,2520,1536,Warm B,0.012040285393595695,0.1111111119389534,0.10410072654485703,0.7901234567901234,1.7881393432617188e-07,0.38595443964004517,0.568646252155304,,cfg02_G3_D32,1.8739664049935527,cuda
evaluation,2520,1536,Warm C,0.014331327751278877,0.1111111119389534,0.11786100268363953,0.7407407407407407,1.1920928955078125e-07,0.5318409204483032,0.5254119038581848,,cfg02_G3_D32,1.8739664049935527,cuda
evaluation,2521,1537,Cold,0.00508156418800354,0.1111111119389534,0.10603440552949905,0.8395061728395061,1.7881393432617188e-07,0.0,0.0,,cfg02_G3_D32,1.8739664049935527,cuda
evaluation,2521,1537,Warm A,0.006677004508674145,0.111111119389534,0.10038017481565475,0.8395061728395061,2.384185791015625e-07,0.24027152359485626,0.7048817873001099,,cfg02_G3_D32,1.8739664049935527,cuda
evaluation,2521,1537,Warm B,0.00826876051723957,0.1111111119389534,0.10063961148262024,0.7777777777777778,1.1920928955078125e-07,0.44019243121147156,0.6889141798019409,,cfg02_G3_D32,1.8739664049935527,cuda
evaluation,2521,1537,Warm C,0.010292674414813519,0.1111111119389534,0.11632663756608963,0.7530864197530864,2.384185791015625e-07,0.6030564308166504,0.5612122416496277,,cfg02_G3_D32,1.8739664049935527,cuda
evaluation,2522,1538,Cold,0.005161944776773453,0.1111111119389534,0.10462653636932373,0.8395061728395061,2.980232238769531e-07,0.0,0.0,,cfg02_G3_D32,1.8739664049935527,cuda
evaluation,2522,1538,Warm A,0.007713110186159611,0.1111111119389534,0.09800902754068375,0.8148148148148148,1.1920928955078125e-07,0.23814304172992706,0.7349115014076233,,cfg02_G3_D32,1.8739664049935527,cuda
evaluation,2522,1538,Warm B,0.009052096866071224,0.1111111119389534,0.10046029090881348,0.7901234567901234,1.1920928955078125e-07,0.41142258048057556,0.7665078043937683,,cfg02_G3_D32,1.8739664049935527,cuda
evaluation,2522,1538,Warm C,0.01259596087038517,0.1111111119389534,0.11494772881269455,0.7530864197530864,2.384185791015625e-07,0.6104969382286072,0.3326652944087982,,cfg02_G3_D32,1.8739664049935527,cuda
evaluation,2525,1540,Cold,0.004966037347912788,0.1111111119389534,0.08676940202713013,0.9012345679012346,5.960464477539063e-08,0.0,0.0,,cfg02_G3_D32,1.8739664049935527,cuda
evaluation,2525,1540,Warm A,0.00660398043692112,0.1111111119389534,0.08951244503259659,0.8765432098765432,2.384185791015625e-07,0.24630539119243622,0.6461183428764343,,cfg02_G3_D32,1.8739664049935527,cuda
evaluation,2525,1540,Warm B,0.008019864559173584,0.1111111119389534,0.10725820064544678,0.7777777777777778,2.384185791015625e-07,0.474074125289917,0.4732470214366913,,cfg02_G3_D32,1.8739664049935527,cuda
evaluation,2525,1540,Warm C,0.010969342663884163,0.1111111119389534,0.12724453210830688,0.7037037037037037,1.1920928955078125e-07,0.547669529914856,0.3308940827846527,,cfg02_G3_D32,1.8739664049935527,cuda
evaluation,2526,1541,Cold,0.005154840182512999,0.1111111119389534,0.08842996507883072,0.8888888888888888,2.384185791015625e-07,0.0,0.0,,cfg02_G3_D32,1.8739664049935527,cuda
evaluation,2526,1541,Warm A,0.007210553623735905,0.1111110970377922,0.09176212549209595,0.8518518518518519,2.384185791015625e-07,0.24239464104175568,0.6634546518325806,,cfg02_G3_D32,1.8739664049935527,cuda
evaluation,2526,1541,Warm B,0.008714631199836731,0.111111119389534,0.10901397466659546,0.7777777777777778,2.384185791015625e-07,0.4439239799976349,0.33883026242256165,,cfg02_G3_D32,1.8739664049935527,cuda
evaluation,2526,1541,Warm C,0.01253356784582138,0.1111111119389534,0.1288394182920456,0.6666666666666666,1.1920928955078125e-07,0.5530745387077332,0.3221028745174408,,cfg02_G3_D32,1.8739664049935527,cuda
evaluation,2535,1549,Cold,0.005765476264059544,0.1111111119389534,0.1052345409989357,0.8271604938271605,1.1920928955078125e-07,0.0,0.0,,cfg02_G3_D32,1.8739664049935527,cuda
evaluation,2535,1549,Warm A,0.0064663211815059185,0.1111111119389534,0.10361620038747787,0.7530864197530864,1.1920928955078125e-07,0.25389769673347473,0.7818825840950012,,cfg02_G3_D32,1.8739664049935527,cuda
evaluation,2535,1549,Warm B,0.00954014528542757,0.1111111119389534,0.11231830716133118,0.7160493827160493,1.1920928955078125e-07,0.3979038596153259,0.38782188296318054,,cfg02_G3_D32,1.8739664049935527,cuda
evaluation,2535,1549,Warm C,0.012653191573917866,0.1111111119389534,0.13063426315784454,0.654320987654321,2.384185791015625e-07,0.556974470615387,0.34721648693084717,,cfg02_G3_D32,1.8739664049935527,cuda
evaluation,2540,1551,Cold,0.004745482467114925,0.1111111119389534,0.09426814317703247,0.8395061728395061,1.1920928955078125e-07,0.0,0.0,,cfg02_G3_D32,1.8739664049935527,cuda
evaluation,2540,1551,Warm A,0.008032173849642277,0.1111111119389534,0.07966219633817673,0.9382716049382716,1.1920928955078125e-07,0.23397570848464966,0.5669690370559692,,cfg02_G3_D32,1.8739664049935527,cuda
evaluation,2540,1551,Warm B,0.010517640970647335,0.1111111119389534,0.09138137847185135,0.9012345679012346,2.384185791015625e-07,0.38204118609428406,0.3442414700984955,,cfg02_G3_D32,1.8739664049935527,cuda
evaluation,2540,1551,Warm C,0.0097042266279459,0.1111111119389534,0.08445901423692703,0.9259259259259259,2.384185791015625e-07,0.458810031414032,0.5091943144798279,,cfg02_G3_D32,1.8739664049935527,cuda
evaluation,2546,1554,Cold,0.003891618922352791,0.1111111119389534,0.08721823990345001,0.9135802469135802,5.960464477539063e-08,0.0,0.0,,cfg02_G3_D32,1.8739664049935527,cuda
evaluation,2546,1554,Warm A,0.0051911319606006145,0.1111111119389534,0.0761507973074913,0.9382716049382716,1.1920928955078125e-07,0.2374274879693985,0.5856401324272156,,cfg02_G3_D32,1.8739664049935527,cuda
evaluation,2546,1554,Warm B,0.004147939849644899,0.111111119389534,0.07479369640350342,0.9506172839506173,1.1920928955078125e-07,0.34844154119491577,0.5936800837516785,,cfg02_G3_D32,1.8739664049935527,cuda
evaluation,2546,1554,Warm C,0.00610617408528924,0.1111111119389534,0.09330521523952484,0.9135802469135802,1.1920928955078125e-07,0.43154478073120117,0.4872736930847168,,cfg02_G3_D32,1.8739664049935527,cuda
evaluation,2548,1555,Cold,0.0028624502010643482,0.1111111119389534,0.07273878902196884,0.9629629629629629,1.7881393432617188e-07,0.0,0.0,,cfg02_G3_D32,1.8739664049935527,cuda
evaluation,2548,1555,Warm A,0.004878651350736618,0.111111119389534,0.07021953165531158,0.9382716049382716,1.1920928955078125e-07,0.2542099952697754,0.44165945053100586,,cfg02_G3_D32,1.8739664049935527,cuda
evaluation,2548,1555,Warm B,0.00822394248098135,0.1111111119389534,0.09719454497098923,0.9259259259259259,1.7881393432617188e-07,0.33824414014816284,0.2705400884151459,,cfg02_G3_D32,1.8739664049935527,cuda
evaluation,2548,1555,Warm C,0.011666842736303806,0.1111111119389534,0.12042830139398575,0.7777777777777778,1.1920928955078125e-07,0.46746769547462463,0.2830433249473572,,cfg02_G3_D32,1.8739664049935527,cuda
evaluation,2549,1556,Cold,0.004088092595338821,0.1111111119389534,0.08773425221443176,0.8641975308641975,1.1920928955078125e-07,0.0,0.0,,cfg02_G3_D32,1.8739664049935527,cuda
evaluation,2549,1556,Warm A,0.007134771440178156,0.111111119389534,0.0737004280090332,0.9382716049382716,1.1920928955078125e-07,0.24493983387947083,0.44329833984375,,cfg02_G3_D32,1.8739664049935527,cuda
evaluation,2549,1556,Warm B,0.008333159610629082,0.1111110970377922,0.09177412837743759,0.9012345679012346,1.1920928955078125e-07,0.38158729672431946,0.5833949446678162,,cfg02_G3_D32,1.8739664049935527,cuda
evaluation,2549,1556,Warm C,0.008871138095855713,0.1111111119389534,0.09872181713581085,0.8641975308641975,2.384185791015625e-07,0.5027787089347839,0.47292599081993103,,cfg02_G3_D32,1.8739664049935527,cuda
evaluation,2550,1557,Cold,0.00732086319476366,0.111111119389534,0.10324108600616455,0.7901234567901234,1.1920928955078125e-07,0.0,0.0,,cfg02_G3_D32,1.8739664049935527,cuda
evaluation,2550,1557,Warm A,0.0071860551834106445,0.1111111119389534,0.10619816184043884,0.8024691358024691,1.1920928955078125e-07,0.23887629806995392,0.5843859910964966,,cfg02_G3_D32,1.8739664049935527,cuda
evaluation,2550,1557,Warm B,0.007549330126494169,0.1111110970377922,0.10518280416727066,0.8148148148148148,1.1920928955078125e-07,0.3154153823852539,0.602414071559906,,cfg02_G3_D32,1.8739664049935527,cuda
evaluation,2550,1557,Warm C,0.010415632277727127,0.1111111119389534,0.11134389787912369,0.8148148148148148,2.384185791015625e-07,0.3843001425266266,0.6870018839836121,,cfg02_G3_D32,1.8739664049935527,cuda
evaluation,2551,1558,Cold,0.00503903441131115,0.1111110970377922,0.09527236223220825,0.8395061728395061,1.1920928955078125e-07,0.0,0.0,,cfg02_G3_D32,1.8739664049935527,cuda
evaluation,2551,1558,Warm A,0.005643825978040695,0.1111111119389534,0.08526202291250229,0.8888888888888888,1.1920928955078125e-07,0.2337092161178589,0.5287840366363525,,cfg02_G3_D32,1.8739664049935527,cuda
evaluation,2551,1558,Warm B,0.008002426475286484,0.1111111119389534,0.08428043872117996,0.9012345679012346,1.1920928955078125e-07,0.3430602252483368,0.6379019618034363,,cfg02_G3_D32,1.8739664049935527,cuda
evaluation,2551,1558,Warm C,0.002971827518194914,0.1111110970377922,0.08883511275053024,0.9012345679012346,1.7881393432617188e-07,0.35577377676963806,0.6286715865135193,,cfg02_G3_D32,1.8739664049935527,cuda
evaluation,2554,1560,Cold,0.006651661358773708,0.1111111119389534,0.10476336628198624,0.7777777777777778,1.7881393432617188e-07,0.0,0.0,,cfg02_G3_D32,1.8739664049935527,cuda
evaluation,2554,1560,Warm A,0.008777981624007225,0.1111111119389534,0.10629041492938995,0.7901234567901234,1.1920928955078125e-07,0.239599347114563,0.5463718771934509,,cfg02_G3_D32,1.8739664049935527,cuda
evaluation,2554,1560,Warm B,0.011763752438127995,0.1111111119389534,0.11917752027511597,0.7283950617283951,1.1920928955078125e-07,0.41692572832107544,0.5445530414581299,,cfg02_G3_D32,1.8739664049935527,cuda
evaluation,2554,1560,Warm C,0.008662518113851547,0.1111111119389534,0.10898713022470474,0.7777777777777778,2.384185791015625e-07,0.31478404998779297,0.6394719481468201,,cfg02_G3_D32,1.8739664049935527,cuda
evaluation,2555,1561,Cold,0.004096193704754114,0.1111111119389534,0.09110037982463837,0.9135802469135802,2.384185791015625e-07,0.0,0.0,,cfg02_G3_D32,1.8739664049935527,cuda
evaluation,2555,1561,Warm A,0.005010454915463924,0.1111111119389534,0.07618492096662521,0.9506172839506173,1.1920928955078125e-07,0.23431001603603363,0.7303323149681091,,cfg02_G3_D32,1.8739664049935527,cuda
evaluation,2555,1561,Warm B,0.00709516042843461,0.1111111119389534,0.08543910831212997,0.9012345679012346,1.1920928955078125e-07,0.4017714858055115,0.3817020356655121,,cfg02_G3_D32,1.8739664049935527,cuda
evaluation,2555,1561,Warm C,0.009440765716135502,0.1111110970377922,0.11123625934123993,0.7654320987654321,1.1920928955078125e-07,0.5802839398384094,0.19001860916614532,,cfg02_G3_D32,1.8739664049935527,cuda
evaluation,2560,1563,Cold,0.003865072736516595,0.1111110970377922,0.08804184943437576,0.9259259259259259,2.384185791015625e-07,0.0,0.0,,cfg02_G3_D32,1.8739664049935527,cuda
evaluation,2560,1563,Warm A,0.004499360453337431,0.1111111119389534,0.07574611157178879,0.9259259259259259,1.1920928955078125e-07,0.24108801782131195,0.6190915107727051,,cfg02_G3_D32,1.8739664049935527,cuda
evaluation,2560,1563,Warm B,0.003322734497487545,0.1111111119389534,0.08590902388095856,0.8765432098765432,2.384185791015625e-07,0.3627123236656189,0.6570181846618652,,cfg02_G3_D32,1.8739664049935527,cuda
evaluation,2560,1563,Warm C,0.004077110905200243,0.1111110970377922,0.08034388720989227,0.9259259259259259,2.384185791015625e-07,0.34873533248901367,0.5848891735076904,,cfg02_G3_D32,1.8739664049935527,cuda
evaluation,2561,1564,Cold,0.005050039384514093,0.1111111119389534,0.09677991271018982,0.8395061728395061,1.1920928955078125e-07,0.0,0.0,,cfg02_G3_D32,1.8739664049935527,cuda
evaluation,2561,1564,Warm A,0.007410877849906683,0.111111119389534,0.08643627911806107,0.8888888888888888,1.1920928955078125e-07,0.22514010965824127,0.5515130162239075,,cfg02_G3_D32,1.8739664049935527,cuda
evaluation,2561,1564,Warm B,0.010755961760878563,0.111111119389534,0.07949762046337128,0.9012345679012346,1.1920928955078125e-07,0.4175523519515991,0.44117090106010437,,cfg02_G3_D32,1.8739664049935527,cuda
evaluation,2561,1564,Warm C,0.013140787370502949,0.1111111119389534,0.09882330894470215,0.8395061728395061,2.384185791015625e-07,0.5428100228309631,0.36345919966697693,,cfg02_G3_D32,1.8739664049935527,cuda
evaluation,2570,1568,Cold,0.0036584099289029837,0.111111119389534,0.0843440443277359,0.9259259259259259,2.384185791015625e-07,0.0,0.0,,cfg02_G3_D32,1.8739664049935527,cuda
evaluation,2570,1568,Warm A,0.0017419568030163646,0.111111119389534,0.10532007366418839,0.8271604938271605,1.1920928955078125e-07,0.25068870186805725,0.6019481420516968,,cfg02_G3_D32,1.8739664049935527,cuda
evaluation,2570,1568,Warm B,0.002549020806327462,0.1111111119389534,0.1121806874871254,0.7654320987654321,2.384185791015625e-07,0.36484095454216003,0.5745000243186951,,cfg02_G3_D32,1.8739664049935527,cuda
evaluation,2570,1568,Warm C,0.005285482853651047,0.1111111119389534,0.09064018726348877,0.8888888888888888,2.384185791015625e-07,0.35636553168296814,0.6425501108169556,,cfg02_G3_D32,1.8739664049935527,cuda
evaluation,2574,1571,Cold,0.004053390119224787,0.1111111119389534,0.09111076593399048,0.9135802469135802,1.1920928955078125e-07,0.0,0.0,,cfg02_G3_D32,1.8739664049935527,cuda
evaluation,2574,1571,Warm A,0.006038764491677284,0.1111111119389534,0.07531356811523438,0.9506172839506173,2.384185791015625e-07,0.2511685788631439,0.6470232605934143,,cfg02_G3_D32,1.8739664049935527,cuda
evaluation,2574,1571,Warm B,0.008456031791865826,0.1111110970377922,0.08462763577699661,0.8888888888888888,1.1920928955078125e-07,0.4557506740093231,0.4896124005317688,,cfg02_G3_D32,1.8739664049935527,cuda
evaluation,2574,1571,Warm C,0.0075069451704621315,0.1111111119389534,0.0873555913567543,0.8765432098765432,2.384185791015625e-07,0.5747334957122803,0.5319945812225342,,cfg02_G3_D32,1.8739664049935527,cuda
evaluation,2575,1572,Cold,0.004055723547935486,0.1111111119389534,0.09030639380216599,0.9012345679012346,1.1920928955078125e-07,0.0,0.0,,cfg02_G3_D32,1.8739664049935527,cuda
evaluation,2575,1572,Warm A,0.0019502592040225863,0.1111111119389534,0.11171779781579971,0.8024691358024691,2.384185791015625e-07,0.24527564644813538,0.5539546012878418,,cfg02_G3_D32,1.8739664049935527,cuda
evaluation,2575,1572,Warm B,0.0013281424762681127,0.111111119389534,0.10289966315031052,0.8395061728395061,1.1920928955078125e-07,0.3483477532863617,0.6421200037002563,,cfg02_G3_D32,1.8739664049935527,cuda
evaluation,2575,1572,Warm C,0.0004751102824229747,0.1111111119389534,0.11919625103473663,0.7407407407407407,1.1920928955078125e-07,0.35635906457901,0.49103403091430664,,cfg02_G3_D32,1.8739664049935527,cuda
evaluation,2582,1575,Cold,0.004250044468790293,0.1111111119389534,0.08989895135164261,0.8641975308641975,1.7881393432617188e-07,0.0,0.0,,cfg02_G3_D32,1.8739664049935527,cuda
evaluation,2582,1575,Warm A,0.007537479978054762,0.1111111119389534,0.0792950987815857,0.9382716049382716,1.1920928955078125e-07,0.2477530837059021,0.6151427626609802,,cfg02_G3_D32,1.8739664049935527,cuda
evaluation,2582,1575,Warm B,0.006020727567374706,0.1111111119389534,0.08208067715167999,0.9012345679012346,1.1920928955078125e-07,0.2672898769378662,0.530863881111145,,cfg02_G3_D32,1.8739664049935527,cuda
evaluation,2582,1575,Warm C,0.008512992411851883,0.1111110970377922,0.07955315709114075,0.9135802469135802,3.5762786865234375e-07,0.42766109108924866,0.5001281499862671,,cfg02_G3_D32,1.8739664049935527,cuda
evaluation,2587,1577,Cold,0.0046522608026862144,0.1111111119389534,0.09999040514230728,0.8271604938271605,1.1920928955078125e-07,0.0,0.0,,cfg02_G3_D32,1.8739664049935527,cuda
evaluation,2587,1577,Warm A,0.004681512247771025,0.1111111119389534,0.08339907228946686,0.9259259259259259,1.1920928955078125e-07,0.2319546937942505,0.5782030820846558,,cfg02_G3_D32,1.8739664049935527,cuda
evaluation,2587,1577,Warm B,0.006837514229118824,0.1111111119389534,0.08224800229072571,0.9259259259259259,1.1920928955078125e-07,0.41604742407798767,0.5950523018836975,,cfg02_G3_D32,1.8739664049935527,cuda
evaluation,2587,1577,Warm C,0.007908142171800137,0.111111119389534,0.1009964868426323,0.8024691358024691,2.384185791015625e-07,0.5087523460388184,0.2826075255870819,,cfg02_G3_D32,1.8739664049935527,cuda
evaluation,2589,1578,Cold,0.003958103246986866,0.1111111119389534,0.08800961077213287,0.9259259259259259,2.384185791015625e-07,0.0,0.0,,cfg02_G3_D32,1.8739664049935527,cuda
evaluation,2589,1578,Warm A,0.006718758959323168,0.1111111119389534,0.0713837519288063,0.9753086419753086,1.1920928955078125e-07,0.24164390563964844,0.5016652345657349,,cfg02_G3_D32,1.8739664049935527,cuda
evaluation,2589,1578,Warm B,0.007415511179715395,0.111111119389534,0.07522866874933243,0.9259259259259259,1.1920928955078125e-07,0.30701500177383423,0.6015604138374329,,cfg02_G3_D32,1.8739664049935527,cuda
evaluation,2589,1578,Warm C,0.007777194958180189,0.1111111119389534,0.08236662298440933,0.9259259259259259,2.384185791015625e-07,0.45740196108818054,0.568865180015564,,cfg02_G3_D32,1.8739664049935527,cuda
evaluation,2594,1579,Cold,0.003740615677088499,0.1111110970377922,0.08233819901943207,0.9135802469135802,1.7881393432617188e-07,0.0,0.0,,cfg02_G3_D32,1.8739664049935527,cuda
evaluation,2594,1579,Warm A,0.003267470980063081,0.1111111119389534,0.10572896897792816,0.7777777777777778,1.1920928955078125e-07,0.22228169441223145,0.7094494700431824,,cfg02_G3_D32,1.8739664049935527,cuda
evaluation,2594,1579,Warm B,0.003926915116608143,0.1111110970377922,0.11708466708660126,0.7407407407407407,1.1920928955078125e-07,0.2727462351322174,0.4844536781311035,,cfg02_G3_D32,1.8739664049935527,cuda
evaluation,2594,1579,Warm C,0.0029797181487083435,0.1111111119389534,0.13302011787891388,0.6666666666666666,1.1920928955078125e-07,0.4095764756202698,0.31427818536758423,,cfg02_G3_D32,1.8739664049935527,cuda
evaluation,2596,1580,Cold,0.004372991155833006,0.1111110970377922,0.09336388856172562,0.8765432098765432,1.1920928955078125e-07,0.0,0.0,,cfg02_G3_D32,1.8739664049935527,cuda
evaluation,2596,1580,Warm A,0.0037480832543224096,0.111111119389534,0.11014272272586823,0.8024691358024691,1.1920928955078125e-07,0.2235964983701706,0.6545891165733337,,cfg02_G3_D32,1.8739664049935527,cuda
evaluation,2596,1580,Warm B,0.0013464319054037333,0.1111111119389534,0.11487128585577011,0.7654320987654321,2.384185791015625e-07,0.27450576424598694,0.6418112516403198,,cfg02_G3_D32,1.8739664049935527,cuda
evaluation,2596,1580,Warm C,0.0035950883757323027,0.1111111119389534,0.09178674966096878,0.8888888888888888,1.1920928955078125e-07,0.253644734621048,0.6131898164749146,,cfg02_G3_D32,1.8739664049935527,cuda
evaluation,2597,1581,Cold,0.004335414618253708,0.1111111119389534,0.09359633922576904,0.8888888888888888,2.384185791015625e-07,0.0,0.0,,cfg02_G3_D32,1.8739664049935527,cuda
evaluation,2597,1581,Warm A,0.00546663161367178,0.1111111119389534,0.07738246768712997,0.9382716049382716,1.1920928955078125e-07,0.255140095949173,0.5985124707221985,,cfg02_G3_D32,1.8739664049935527,cuda
evaluation,2597,1581,Warm B,0.008599366992712021,0.1111111119389534,0.08681296557188034,0.9135802469135802,1.1920928955078125e-07,0.4408191442489624,0.3431467115879059,,cfg02_G3_D32,1.8739664049935527,cuda
evaluation,2597,1581,Warm C,0.010417642071843147,0.1111111119389534,0.09496082365512848,0.8641975308641975,2.384185791015625e-07,0.5538729429244995,0.3278901278972626,,cfg02_G3_D32,1.8739664049935527,cuda
evaluation,2607,1587,Cold,0.0038143391720950603,0.1111111119389534,0.09004505723714828,0.9012345679012346,1.1920928955078125e-07,0.0,0.0,,cfg02_G3_D32,1.8739664049935527,cuda
evaluation,2607,1587,Warm A,0.0033901557326316833,0.1111110970377922,0.10109972208738327,0.8641975308641975,1.1920928955078125e-07,0.21311898529529572,0.6903276443481445,,cfg02_G3_D32,1.8739664049935527,cuda
evaluation,2607,1587,Warm B,0.0013935585739091039,0.1111111119389534,0.1222100779414177,0.7407407407407407,1.1920928955078125e-07,0.3390895128250122,0.30956393480300903,,cfg02_G3_D32,1.8739664049935527,cuda
evaluation,2607,1587,Warm C,0.0017289991956204176,0.111111119389534,0.1158023402094841,0.7654320987654321,1.7881393432617188e-07,0.4103538393974304,0.5470829010009766,,cfg02_G3_D32,1.8739664049935527,cuda
evaluation,2609,1588,Cold,0.004312843084335327,0.111111119389534,0.09226461499929428,0.8765432098765432,2.384185791015625e-07,0.0,0.0,,cfg02_G3_D32,1.8739664049935527,cuda
evaluation,2609,1588,Warm A,0.001767879817634821,0.111111119389534,0.11518893390893936,0.7530864197530864,1.1920928955078125e-07,0.23356950283050537,0.47087106108665466,,cfg02_G3_D32,1.8739664049935527,cuda
evaluation,2609,1588,Warm B,-0.0006504843477159739,0.1111110970377922,0.1312757432460785,0.6666666666666666,1.1920928955078125e-07,0.4193798303604126,0.39519283175468445,,cfg02_G3_D32,1.8739664049935527,cuda
evaluation,2609,1588,Warm C,-0.0007099279318936169,0.1111111119389534,0.12258902192115784,0.7530864197530864,2.384185791015625e-07,0.3598143458366394,0.41057348251342773,,cfg02_G3_D32,1.8739664049935527,cuda
evaluation,2611,1589,Cold,0.004439312033355236,0.1111111119389534,0.09522224962711334,0.8765432098765432,1.1920928955078125e-07,0.0,0.0,,cfg02_G3_D32,1.8739664049935527,cuda
evaluation,2611,1589,Warm A,0.0029046216513961554,0.1111111119389534,0.11712440848350525,0.7530864197530864,1.7881393432617188e-07,0.23357519507408142,0.5976130366325378,,cfg02_G3_D32,1.8739664049935527,cuda
evaluation,2611,1589,Warm B,0.0032619605772197247,0.1111111119389534,0.12375161796808243,0.7037037037037037,2.384185791015625e-07,0.3220416009426117,0.5404127240180969,,cfg02_G3_D32,1.8739664049935527,cuda
evaluation,2611,1589,Warm C,0.006208880338817835,0.1111110970377922,0.10852693766355515,0.8395061728395061,1.7881393432617188e-07,0.31494253873825073,0.5564841628074646,,cfg02_G3_D32,1.8739664049935527,cuda
evaluation,2612,1590,Cold,0.008401147089898586,0.1111111119389534,0.12970788776874542,0.691358024691358,1.1920928955078125e-07,0.0,0.0,,cfg02_G3_D32,1.8739664049935527,cuda
evaluation,2612,1590,Warm A,0.00755199883133173,0.1111111119389534,0.13410025835037231,0.7037037037037037,1.1920928955078125e-07,0.2531546652317047,0.38868674635887146,,cfg02_G3_D32,1.8739664049935527,cuda
evaluation,2612,1590,Warm B,0.008278093300759792,0.111111119389534,0.13414689898490906,0.6666666666666666,2.384185791015625e-07,0.4069002866744995,0.4678988456726074,,cfg02_G3_D32,1.8739664049935527,cuda
evaluation,2612,1590,Warm C,0.005656250286847353,0.1111111119389534,0.13534583151340485,0.6790123456790124,3.5762786865234375e-07,0.34880220890045166,0.5299889445304871,,cfg02_G3_D32,1.8739664049935527,cuda
evaluation,2615,1592,Cold,0.004192463122308254,0.1111111119389534,0.08233265578746796,0.9012345679012346,2.980232238769531e-07,0.0,0.0,,cfg02_G3_D32,1.8739664049935527,cuda
evaluation,2615,1592,Warm A,0.008391660638153553,0.111111119389534,0.08188563585281372,0.9135802469135802,2.384185791015625e-07,0.23060870170593262,0.4452962577342987,,cfg02_G3_D32,1.8739664049935527,cuda
evaluation,2615,1592,Warm B,0.008652107790112495,0.1111111119389534,0.08860670775175095,0.9012345679012346,2.384185791015625e-07,0.3327203094959259,0.7418485879898071,,cfg02_G3_D32,1.8739664049935527,cuda
evaluation,2615,1592,Warm C,0.00824499037116766,0.111111119389534,0.08256606012582779,0.9135802469135802,1.7881393432617188e-07,0.3918071687221527,0.6083946228027344,,cfg02_G3_D32,1.8739664049935527,cuda
evaluation,2621,1595,Cold,0.003995731472969055,0.1111111119389534,0.08831686526536942,0.9012345679012346,2.384185791015625e-07,0.0,0.0,,cfg02_G3_D32,1.8739664049935527,cuda
evaluation,2621,1595,Warm A,0.0026628547348082066,0.1111111119389534,0.11154024302959442,0.7654320987654321,1.1920928955078125e-07,0.23624257743358612,0.6244874000549316,,cfg02_G3_D32,1.8739664049935527,cuda
evaluation,2621,1595,Warm B,0.0051581659354269505,0.1111110970377922,0.08844444900751114,0.9012345679012346,1.1920928955078125e-07,0.2202841341495514,0.5475550889968872,,cfg02_G3_D32,1.8739664049935527,cuda
evaluation,2621,1595,Warm C,0.005474498961120844,0.1111111119389534,0.09371523559093475,0.8641975308641975,1.7881393432617188e-07,0.3739597797393799,0.6944220066070557,,cfg02_G3_D32,1.8739664049935527,cuda
evaluation,2624,1597,Cold,0.004324851557612419,0.1111111119389534,0.09560630470514297,0.8765432098765432,2.384185791015625e-07,0.0,0.0,,cfg02_G3_D32,1.8739664049935527,cuda
evaluation,2624,1597,Warm A,0.0034353011287748814,0.1111111119389534,0.11755385994911194,0.7530864197530864,1.1920928955078125e-07,0.252709299325943,0.41054582595825195,,cfg02_G3_D32,1.8739664049935527,cuda
evaluation,2624,1597,Warm B,0.0030573930125683546,0.1111111119389534,0.11526069045066833,0.7777777777777778,1.1920928955078125e-07,0.2807409167289734,0.5026726126670837,,cfg02_G3_D32,1.8739664049935527,cuda
evaluation,2624,1597,Warm C,0.00351379020139575,0.1111110970377922,0.12847787141799927,0.6790123456790124,2.384185791015625e-07,0.38900911808013916,0.379020094871521,,cfg02_G3_D32,1.8739664049935527,cuda
evaluation,2625,1598,Cold,0.00425615394487977,0.1111111119389534,0.08346018940210342,0.8641975308641975,5.960464477539063e-08,0.0,0.0,,cfg02_G3_D32,1.8739664049935527,cuda
evaluation,2625,1598,Warm A,0.006141203921288252,0.1111110970377922,0.08052916079759598,0.8641975308641975,1.1920928955078125e-07,0.2305050492286682,0.6399978995323181,,cfg02_G3_D32,1.8739664049935527,cuda
evaluation,2625,1598,Warm B,0.004313180223107338,0.111111119389534,0.08488111943006516,0.8518518518518519,1.7881393432617188e-07,0.35374969244003296,0.6370887756347656,,cfg02_G3_D32,1.8739664049935527,cuda
evaluation,2625,1598,Warm C,0.003029770217835903,0.1111111119389534,0.09408193826675415,0.7901234567901234,1.1920928955078125e-07,0.4828636646270752,0.6743621826171875,,cfg02_G3_D32,1.8739664049935527,cuda
evaluation,2629,1600,Cold,0.004173392429947853,0.1111111119389534,0.09192458540201187,0.9012345679012346,1.1920928955078125e-07,0.0,0.0,,cfg02_G3_D32,1.8739664049935527,cuda
evaluation,2629,1600,Warm A,0.0058633326552808285,0.1111111119389534,0.07431355863809586,0.9382716049382716,1.1920928955078125e-07,0.22318828105926514,0.6502423286437988,,cfg02_G3_D32,1.8739664049935527,cuda
evaluation,2629,1600,Warm B,0.00865993369370699,0.111111119389534,0.08010520786046982,0.9259259259259259,1.1920928955078125e-07,0.3925773799419403,0.5017017126083374,,cfg02_G3_D32,1.8739664049935527,cuda
evaluation,2629,1600,Warm C,0.0064555443823337555,0.111111119389534,0.07488340884447098,0.9259259259259259,1.1920928955078125e-07,0.38176214694976807,0.6300480961799622,,cfg02_G3_D32,1.8739664049935527,cuda
evaluation,2633,1601,Cold,0.009607569314539433,0.1111111119389534,0.13474133610725403,0.6296296296296297,2.384185791015625e-07,0.0,0.0,,cfg02_G3_D32,1.8739664049935527,cuda
evaluation,2633,1601,Warm A,0.013502097688615322,0.1111111119389534,0.13162314891815186,0.6419753086419753,1.7881393432617188e-07,0.2318831980228424,0.6514517664909363,,cfg02_G3_D32,1.8739664049935527,cuda
evaluation,2633,1601,Warm B,0.017632564529776573,0.1111110970377922,0.13804487884044647,0.6296296296296297,1.7881393432617188e-07,0.3779348134994507,0.6759230494499207,,cfg02_G3_D32,1.8739664049935527,cuda
evaluation,2633,1601,Warm C,0.017738010734319687,0.1111111119389534,0.1413668394088745,0.6172839506172839,2.384185791015625e-07,0.47725242376327515,0.510330855846405,,cfg02_G3_D32,1.8739664049935527,cuda
evaluation,2634,1602,Cold,0.005607641767710447,0.1111111119389534,0.10632908344268799,0.7901234567901234,1.1920928955078125e-07,0.0,0.0,,cfg02_G3_D32,1.8739664049935527,cuda
evaluation,2634,1602,Warm A,0.006125961430370808,0.1111111119389534,0.10233575850725174,0.7777777777777778,5.960464477539063e-08,0.2492988407611847,0.708181619644165,,cfg02_G3_D32,1.8739664049935527,cuda
evaluation,2634,1602,Warm B,0.006258716341108084,0.1111111119389534,0.10722893476486206,0.7037037037037037,2.384185791015625e-07,0.4265756905078888,0.6062340140342712,,cfg02_G3_D32,1.8739664049935527,cuda
evaluation,2634,1602,Warm C,0.004021542612463236,0.1111111119389534,0.10328644514083862,0.7530864197530864,1.1920928955078125e-07,0.3817140758037567,0.5050284266471863,,cfg02_G3_D32,1.8739664049935527,cuda
evaluation,2639,1603,Cold,0.005090888123959303,0.1111111119389534,0.1008964478969574,0.8395061728395061,1.7881393432617188e-07,0.0,0.0,,cfg02_G3_D32,1.8739664049935527,cuda
evaluation,2639,1603,Warm A,0.009336862713098526,0.1111111119389534,0.09171639382839203,0.8888888888888888,1.1920928955078125e-07,0.22949714958667755,0.6439760327339172,,cfg02_G3_D32,1.8739664049935527,cuda
evaluation,2639,1603,Warm B,0.011991600506007671,0.1111111119389534,0.10051997005939484,0.8148148148148148,1.1920928955078125e-07,0.36783307790756226,0.5731278657913208,,cfg02_G3_D32,1.8739664049935527,cuda
evaluation,2639,1603,Warm C,0.013355820439755917,0.1111111119389534,0.09935269504785538,0.8271604938271605,1.1920928955078125e-07,0.5423152446746826,0.5435001254081726,,cfg02_G3_D32,1.8739664049935527,cuda
evaluation,2645,1609,Cold,0.0059133535251021385,0.1111111119389534,0.10164714604616165,0.7901234567901234,2.384185791015625e-07,0.0,0.0,,cfg02_G3_D32,1.8739664049935527,cuda
evaluation,2645,1609,Warm A,0.008757824078202248,0.1111111119389534,0.10003001242876053,0.8024691358024691,1.1920928955078125e-07,0.2319360226392746,0.6789299845695496,,cfg02_G3_D32,1.8739664049935527,cuda
evaluation,2645,1609,Warm B,0.010429116897284985,0.1111111119389534,0.1152508482336998,0.7407407407407407,2.384185791015625e-07,0.38067054748535156,0.5146250128746033,,cfg02_G3_D32,1.8739664049935527,cuda
evaluation,2645,1609,Warm C,0.008238652721047401,0.1111111119389534,0.10147309303283691,0.7777777777777778,2.384185791015625e-07,0.3997134566307068,0.6147414445877075,,cfg02_G3_D32,1.8739664049935527,cuda
evaluation,2649,1611,Cold,0.008776740171015263,0.1111111119389534,0.12220323085784912,0.691358024691358,1.1920928955078125e-07,0.0,0.0,,cfg02_G3_D32,1.8739664049935527,cuda
evaluation,2649,1611,Warm A,0.011748225428164005,0.1111110970377922,0.12650252878665924,0.691358024691358,1.7881393432617188e-07,0.2348909229040146,0.7137269377708435,,cfg02_G3_D32,1.8739664049935527,cuda
evaluation,2649,1611,Warm B,0.012933135032653809,0.1111111119389534,0.12623734772205353,0.691358024691358,1.1920928955078125e-07,0.2842370271682739,0.6640461683273315,,cfg02_G3_D32,1.8739664049935527,cuda
evaluation,2649,1611,Warm C,0.014529775828123093,0.111111119389534,0.12541992962360382,0.691358024691358,2.384185791015625e-07,0.27424272894859314,0.7083904147148132,,cfg02_G3_D32,1.8739664049935527,cuda
evaluation,2651,1612,Cold,0.008154813200235367,0.1111110970377922,0.12016493082046509,0.7407407407407407,1.1920928955078125e-07,0.0,0.0,,cfg02_G3_D32,1.8739664049935527,cuda
evaluation,2651,1612,Warm A,0.011028424836695194,0.111111119389534,0.12048863619565964,0.7037037037037037,2.384185791015625e-07,0.2420429140329361,0.5996066331863403,,cfg02_G3_D32,1.8739664049935527,cuda
evaluation,2651,1612,Warm B,0.011041171848773956,0.111111119389534,0.11959988623857498,0.7037037037037037,1.1920928955078125e-07,0.34081077575683594,0.6016525626182556,,cfg02_G3_D32,1.8739664049935527,cuda
evaluation,2651,1612,Warm C,0.01443796418607235,0.1111111119389534,0.13017234206199646,0.6666666666666666,1.1920928955078125e-07,0.45240145921707153,0.6329109072685242,,cfg02_G3_D32,1.8739664049935527,cuda
evaluation,2654,1613,Cold,0.008744160644710064,0.1111111119389534,0.12016555666923523,0.7283950617283951,1.1920928955078125e-07,0.0,0.0,,cfg02_G3_D32,1.8739664049935527,cuda
evaluation,2654,1613,Warm A,0.00900744553655386,0.1111111119389534,0.1189182847738266,0.6790123456790124,1.1920928955078125e-07,0.24735665321350098,0.6362775564193726,,cfg02_G3_D32,1.8739664049935527,cuda
evaluation,2654,1613,Warm B,0.004819741938263178,0.1111111119389534,0.11931995302438736,0.654320987654321,2.384185791015625e-07,0.3663250207901001,0.5763454437255859,,cfg02_G3_D32,1.8739664049935527,cuda
evaluation,2654,1613,Warm C,0.007020371966063976,0.1111111119389534,0.11569556593894958,0.6790123456790124,1.7881393432617188e-07,0.41947588324546814,0.713178277015686,,cfg02_G3_D32,1.8739664049935527,cuda
evaluation,2656,1614,Cold,0.007359442766755819,0.1111111119389534,0.10993462055921555,0.7654320987654321,1.1920928955078125e-07,0.0,0.0,,cfg02_G3_D32,1.8739664049935527,cuda
evaluation,2656,1614,Warm A,0.01050292607396841,0.1111111119389534,0.11393426358699799,0.7037037037037037,1.1920928955078125e-07,0.23369236290454865,0.6580638289451599,,cfg02_G3_D32,1.8739664049935527,cuda
evaluation,2656,1614,Warm B,0.01252566184848547,0.1111111119389534,0.12957029044628143,0.6790123456790124,2.384185791015625e-07,0.37748101353645325,0.547038197517395,,cfg02_G3_D32,1.8739664049935527,cuda
evaluation,2656,1614,Warm C,0.014435503631830215,0.1111111119389534,0.13284672796726227,0.6790123456790124,2.384185791015625e-07,0.43204057216644287,0.55205899477005,,cfg02_G3_D32,1.8739664049935527,cuda
evaluation,2660,1616,Cold,0.008325108326971531,0.1111111119389534,0.11370868235826492,0.7530864197530864,1.1920928955078125e-07,0.0,0.0,,cfg02_G3_D32,1.8739664049935527,cuda
evaluation,2660,1616,Warm A,0.010875179432332516,0.1111111119389534,0.11796310544013977,0.6790123456790124,2.384185791015625e-07,0.2432824820280075,0.633109986782074,,cfg02_G3_D32,1.8739664049935527,cuda
evaluation,2660,1616,Warm B,0.00756353372707963,0.111111119389534,0.1156449019908905,0.7160493827160493,1.1920928955078125e-07,0.21319277584552765,0.6059393882751465,,cfg02_G3_D32,1.8739664049935527,cuda
evaluation,2660,1616,Warm C,0.0053095645271241665,0.111111119389534,0.12725727260112762,0.7037037037037037,2.384185791015625e-07,0.37173882126808167,0.6716853380203247,,cfg02_G3_D32,1.8739664049935527,cuda
evaluation,2661,1617,Cold,0.0085750762373209,0.1111111119389534,0.11063329875469208,0.7654320987654321,2.384185791015625e-07,0.0,0.0,,cfg02_G3_D32,1.8739664049935527,cuda
evaluation,2661,1617,Warm A,0.011055415496230125,0.1111110970377922,0.11714302003383636,0.7037037037037037,1.1920928955078125e-07,0.23384258151054382,0.7519761323928833,,cfg02_G3_D32,1.8739664049935527,cuda
evaluation,2661,1617,Warm B,0.012887837365269661,0.1111111119389534,0.12468275427818298,0.691358024691358,1.1920928955078125e-07,0.3946819007396698,0.7488794326782227,,cfg02_G3_D32,1.8739664049935527,cuda
evaluation,2661,1617,Warm C,0.009912632405757904,0.1111111119389534,0.11388538777828217,0.7160493827160493,1.1920928955078125e-07,0.3445573151111603,0.4948548376560211,,cfg02_G3_D32,1.8739664049935527,cuda
evaluation,2665,1620,Cold,0.008220369927585125,0.1111111119389534,0.1103551909327507,0.7654320987654321,1.7881393432617188e-07,0.0,0.0,,cfg02_G3_D32,1.8739664049935527,cuda
evaluation,2665,1620,Warm A,0.01031583733856678,0.1111110970377922,0.11545588076114655,0.7037037037037037,2.384185791015625e-07,0.23875629901885986,0.6369783282279968,,cfg02_G3_D32,1.8739664049935527,cuda
evaluation,2665,1620,Warm B,0.009744014590978622,0.1111110970377922,0.1177658960223198,0.6790123456790124,1.1920928955078125e-07,0.33601537346839905,0.6063506007194519,,cfg02_G3_D32,1.8739664049935527,cuda
evaluation,2665,1620,Warm C,0.005566183011978865,0.1111111119389534,0.1123918741941452,0.7160493827160493,1.1920928955078125e-07,0.4725228250026703,0.5634164214134216,,cfg02_G3_D32,1.8739664049935527,cuda
evaluation,2669,1622,Cold,0.0074168723076581955,0.1111111119389534,0.1200496107339859,0.7283950617283951,1.1920928955078125e-07,0.0,0.0,,cfg02_G3_D32,1.8739664049935527,cuda
evaluation,2669,1622,Warm A,0.011168199591338634,0.111111119389534,0.11779658496379852,0.7037037037037037,1.1920928955078125e-07,0.24858878552913666,0.5392246246337891,,cfg02_G3_D32,1.8739664049935527,cuda
evaluation,2669,1622,Warm B,0.014644206501543522,0.1111111119389534,0.12543317675590515,0.7160493827160493,1.1920928955078125e-07,0.4488876760005951,0.5743961334228516,,cfg02_G3_D32,1.8739664049935527,cuda
evaluation,2669,1622,Warm C,0.011185864917933941,0.1111111119389534,0.11876457184553146,0.7037037037037037,1.7881393432617188e-07,0.2973688542842865,0.6112160086631775,,cfg02_G3_D32,1.8739664049935527,cuda
evaluation,2682,1628,Cold,0.004406183958053589,0.1111111119389534,0.09583689272403717,0.8765432098765432,5.960464477539063e-08,0.0,0.0,,cfg02_G3_D32,1.8739664049935527,cuda
evaluation,2682,1628,Warm A,0.003222080646082759,0.1111110970377922,0.11677205562591553,0.7777777777777778,1.7881393432617188e-07,0.23162347078323364,0.5538637042045593,,cfg02_G3_D32,1.8739664049935527,cuda
evaluation,2682,1628,Warm B,0.0019746399484574795,0.1111110970377922,0.1273723691701889,0.6790123456790124,5.960464477539063e-08,0.3824295103549957,0.5440635085105896,,cfg02_G3_D32,1.8739664049935527,cuda
evaluation,2682,1628,Warm C,0.0004603319976013154,0.1111110970377922,0.14218616485595703,0.5802469135802469,1.1920928955078125e-07,0.5239720344543457,0.3391115367412567,,cfg02_G3_D32,1.8739664049935527,cuda
evaluation,2696,1637,Cold,0.003969014156609774,0.111111119389534,0.08798547834157944,0.9135802469135802,1.1920928955078125e-07,0.0,0.0,,cfg02_G3_D32,1.8739664049935527,cuda
evaluation,2696,1637,Warm A,0.004058775492012501,0.1111110970377922,0.10014849901199341,0.8518518518518519,2.384185791015625e-07,0.22304722666740417,0.5117530226707458,,cfg02_G3_D32,1.8739664049935527,cuda
evaluation,2696,1637,Warm B,0.004024918656796217,0.1111111119389534,0.09708966314792633,0.8395061728395061,2.384185791015625e-07,0.27462297677993774,0.7037413716316223,,cfg02_G3_D32,1.8739664049935527,cuda
evaluation,2696,1637,Warm C,0.0034795072861015797,0.1111111119389534,0.11647823452949524,0.7407407407407407,2.384185791015625e-07,0.4366239011287689,0.5313265919685364,,cfg02_G3_D32,1.8739664049935527,cuda
evaluation,2714,1648,Cold,0.004223571624606848,0.1111111119389534,0.09319991618394852,0.8888888888888888,2.384185791015625e-07,0.0,0.0,,cfg02_G3_D32,1.8739664049935527,cuda
evaluation,2714,1648,Warm A,0.006083060055971146,0.1111111119389534,0.07489234209060669,0.9382716049382716,1.1920928955078125e-07,0.23867936432361603,0.6392590403556824,,cfg02_G3_D32,1.8739664049935527,cuda
evaluation,2714,1648,Warm B,0.007876587100327015,0.1111111119389534,0.0813109278678894,0.9506172839506173,2.384185791015625e-07,0.3469315767288208,0.5689388513565063,,cfg02_G3_D32,1.8739664049935527,cuda
evaluation,2714,1648,Warm C,0.006245715543627739,0.1111111119389534,0.07245191186666489,0.9506172839506173,3.5762786865234375e-07,0.31337428092956543,0.4955304265022278,,cfg02_G3_D32,1.8739664049935527,cuda
evaluation,2721,1654,Cold,0.0038252833765000105,0.1111111119389534,0.08640911430120468,0.9135802469135802,1.1920928955078125e-07,0.0,0.0,,cfg02_G3_D32,1.8739664049935527,cuda
evaluation,2721,1654,Warm A,0.00492107542231679,0.1111110970377922,0.10916754603385925,0.8024691358024691,1.1920928955078125e-07,0.23696476221084595,0.5649346113204956,,cfg02_G3_D32,1.8739664049935527,cuda
evaluation,2721,1654,Warm B,0.0039652627892792225,0.1111111119389534,0.10328009724617004,0.8518518518518519,2.384185791015625e-07,0.32333800196647644,0.567440927028656,,cfg02_G3_D32,1.8739664049935527,cuda
evaluation,2721,1654,Warm C,0.0043494622223079205,0.1111111119389534,0.11656778305768967,0.7530864197530864,2.384185791015625e-07,0.4222305417060852,0.45504894852638245,,cfg02_G3_D32,1.8739664049935527,cuda
evaluation,2725,1658,Cold,0.003950708080083132,0.111111119389534,0.08952578157186508,0.9012345679012346,5.960464477539063e-08,0.0,0.0,,cfg02_G3_D32,1.8739664049935527,cuda
evaluation,2725,1658,Warm A,0.0006608656258322299,0.1111111119389534,0.0943339392542839,0.8395061728395061,1.1920928955078125e-07,0.23844172060489655,0.6870529055595398,,cfg02_G3_D32,1.8739664049935527,cuda
evaluation,2725,1658,Warm B,-0.0010067897383123636,0.1111111119389534,0.10862796753644943,0.7654320987654321,1.1920928955078125e-07,0.4093376100063324,0.7748660445213318,,cfg02_G3_D32,1.8739664049935527,cuda
evaluation,2725,1658,Warm C,-0.0007611227338202298,0.1111111119389534,0.10450104624032974,0.8271604938271605,1.1920928955078125e-07,0.3903248906135559,0.6358558535575867,,cfg02_G3_D32,1.8739664049935527,cuda
evaluation,2726,1659,Cold,0.007022704463452101,0.1111111119389534,0.12288352102041245,0.7407407407407407,1.1920928955078125e-07,0.0,0.0,,cfg02_G3_D32,1.8739664049935527,cuda
evaluation,2726,1659,Warm A,0.005531695205718279,0.111111119389534,0.13095644116401672,0.7283950617283951,2.980232238769531e-07,0.24483007192611694,0.27999451756477356,,cfg02_G3_D32,1.8739664049935527,cuda
evaluation,2726,1659,Warm B,0.007765396032482386,0.111111119389534,0.14304500818252563,0.691358024691358,2.384185791015625e-07,0.4208565652370453,0.20408740639686584,,cfg02_G3_D32,1.8739664049935527,cuda
evaluation,2726,1659,Warm C,0.005926928948611021,0.1111111119389534,0.12987114489078522,0.7283950617283951,2.384185791015625e-07,0.30586856603622437,0.6174948811531067,,cfg02_G3_D32,1.8739664049935527,cuda
evaluation,2730,1662,Cold,0.005103895906358957,0.111111119389534,0.10174880176782608,0.8641975308641975,1.7881393432617188e-07,0.0,0.0,,cfg02_G3_D32,1.8739664049935527,cuda
evaluation,2730,1662,Warm A,0.006432949565351009,0.1111111119389534,0.09891792386770248,0.8765432098765432,2.384185791015625e-07,0.23978117108345032,0.6089738607406616,,cfg02_G3_D32,1.8739664049935527,cuda
evaluation,2730,1662,Warm B,0.009131237864494324,0.111111119389534,0.09859640896320343,0.8395061728395061,1.1920928955078125e-07,0.3733541667461395,0.8415228128433228,,cfg02_G3_D32,1.8739664049935527,cuda
evaluation,2730,1662,Warm C,0.007306601386517286,0.1111111119389534,0.09512787312269211,0.8765432098765432,1.1920928955078125e-07,0.4119228720664978,0.8026430010795593,,cfg02_G3_D32,1.8739664049935527,cuda
evaluation,2731,1663,Cold,0.006655246485024691,0.1111111119389534,0.11919433623552322,0.7654320987654321,1.1920928955078125e-07,0.0,0.0,,cfg02_G3_D32,1.8739664049935527,cuda
evaluation,2731,1663,Warm A,0.004563878756016493,0.1111111119389534,0.1286986917257309,0.7407407407407407,2.384185791015625e-07,0.23150190711021423,0.43982911109924316,,cfg02_G3_D32,1.8739664049935527,cuda
evaluation,2731,1663,Warm B,0.003839906072244048,0.111111119389534,0.12774626910686493,0.7407407407407407,2.384185791015625e-07,0.328213632106781,0.46176615357398987,,cfg02_G3_D32,1.8739664049935527,cuda
evaluation,2731,1663,Warm C,0.004359335172921419,0.1111110970377922,0.1379694640636444,0.7160493827160493,1.1920928955078125e-07,0.41132503747940063,0.24041156470775604,,cfg02_G3_D32,1.8739664049935527,cuda
evaluation,2732,1664,Cold,0.006497195456176996,0.1111111119389534,0.11661550402641296,0.7777777777777778,2.384185791015625e-07,0.0,0.0,,cfg02_G3_D32,1.8739664049935527,cuda
evaluation,2732,1664,Warm A,0.009897292591631413,0.1111111119389534,0.1131645143032074,0.7654320987654321,1.1920928955078125e-07,0.23787100613117218,0.5355985760688782,,cfg02_G3_D32,1.8739664049935527,cuda
evaluation,2732,1664,Warm B,0.01092397328466177,0.111111119389534,0.11752957105636597,0.7283950617283951,1.1920928955078125e-07,0.35673272609710693,0.6479774713516235,,cfg02_G3_D32,1.8739664049935527,cuda
evaluation,2732,1664,Warm C,0.008498922921717167,0.1111110970377922,0.11453035473823547,0.7530864197530864,3.5762786865234375e-07,0.34426984190940857,0.5745765566825867,,cfg02_G3_D32,1.8739664049935527,cuda
evaluation,2738,1668,Cold,0.004214959219098091,0.1111110970377922,0.08724606782197952,0.9012345679012346,1.7881393432617188e-07,0.0,0.0,,cfg02_G3_D32,1.8739664049935527,cuda
evaluation,2738,1668,Warm A,0.006922501139342785,0.1111111119389534,0.07707870751619339,0.9259259259259259,1.1920928955078125e-07,0.22378477454185486,0.5345641374588013,,cfg02_G3_D32,1.8739664049935527,cuda
evaluation,2738,1668,Warm B,0.008793511427938938,0.1111111119389534,0.08639548718929291,0.8765432098765432,1.1920928955078125e-07,0.35507169365882874,0.45927199721336365,,cfg02_G3_D32,1.8739664049935527,cuda
evaluation,2738,1668,Warm C,0.0055975839495658875,0.111111119389534,0.07586291432380676,0.9382716049382716,1.1920928955078125e-07,0.4813199043273926,0.5261369347572327,,cfg02_G3_D32,1.8739664049935527,cuda
evaluation,2741,1670,Cold,0.0052793496288359165,0.1111111119389534,0.09515132009983063,0.8271604938271605,1.1920928955078125e-07,0.0,0.0,,cfg02_G3_D32,1.8739664049935527,cuda
evaluation,2741,1670,Warm A,0.007559287827461958,0.1111111119389534,0.09308900684118271,0.8641975308641975,2.384185791015625e-07,0.23259562253952026,0.4803909361362457,,cfg02_G3_D32,1.8739664049935527,cuda
evaluation,2741,1670,Warm B,0.009214015677571297,0.1111111119389534,0.09828353673219681,0.8024691358024691,2.980232238769531e-07,0.33625465631484985,0.5707964301109314,,cfg02_G3_D32,1.8739664049935527,cuda
evaluation,2741,1670,Warm C,0.010660311207175255,0.1111111119389534,0.09969647973775864,0.8148148148148148,2.384185791015625e-07,0.43012136220932007,0.534511387348175,,cfg02_G3_D32,1.8739664049935527,cuda
evaluation,2748,1674,Cold,0.00502367690205574,0.1111111119389534,0.09061402827501297,0.8395061728395061,1.1920928955078125e-07,0.0,0.0,,cfg02_G3_D32,1.8739664049935527,cuda
evaluation,2748,1674,Warm A,0.007754580583423376,0.1111111119389534,0.08769306540489197,0.9012345679012346,2.384185791015625e-07,0.2392101287841797,0.5391215682029724,,cfg02_G3_D32,1.8739664049935527,cuda
evaluation,2748,1674,Warm B,0.010332866571843624,0.1111111119389534,0.10473701357841492,0.8148148148148148,1.1920928955078125e-07,0.4275447726249695,0.43228083848953247,,cfg02_G3_D32,1.8739664049935527,cuda
evaluation,2748,1674,Warm C,0.013872621580958366,0.1111110970377922,0.1265619546175003,0.691358024691358,2.384185791015625e-07,0.6328591108322144,0.2355525940656662,,cfg02_G3_D32,1.8739664049935527,cuda
evaluation,2749,1675,Cold,0.005077259615063667,0.1111111119389534,0.0928494855761528,0.8518518518518519,1.1920928955078125e-07,0.0,0.0,,cfg02_G3_D32,1.8739664049935527,cuda
evaluation,2749,1675,Warm A,0.00813284795731306,0.1111111119389534,0.0838988721370697,0.9135802469135802,3.5762786865234375e-07,0.2372906506061554,0.6141930222511292,,cfg02_G3_D32,1.8739664049935527,cuda
evaluation,2749,1675,Warm B,0.008862357586622238,0.1111111119389534,0.0931873694062233,0.8765432098765432,2.384185791015625e-07,0.3044256567955017,0.5063578486442566,,cfg02_G3_D32,1.8739664049935527,cuda
evaluation,2749,1675,Warm C,0.012523306533694267,0.1111111119389534,0.11334269493818283,0.7901234567901234,1.7881393432617188e-07,0.3851459324359894,0.6364643573760986,,cfg02_G3_D32,1.8739664049935527,cuda
evaluation,2752,1677,Cold,0.004669704008847475,0.1111111119389534,0.0912654921412468,0.8765432098765432,2.384185791015625e-07,0.0,0.0,,cfg02_G3_D32,1.8739664049935527,cuda
evaluation,2752,1677,Warm A,0.007878599688410759,0.111111119389534,0.08382373303174973,0.9012345679012346,1.1920928955078125e-07,0.24412128329277039,0.6891712546348572,,cfg02_G3_D32,1.8739664049935527,cuda
evaluation,2752,1677,Warm B,0.010262768715620041,0.1111111119389534,0.09369127452373505,0.8395061728395061,1.1920928955078125e-07,0.352592408657074,0.42007285356521606,,cfg02_G3_D32,1.8739664049935527,cuda
evaluation,2752,1677,Warm C,0.009710274636745453,0.1111111119389534,0.09240522235631943,0.8518518518518519,1.1920928955078125e-07,0.5186000466346741,0.38825684785842896,,cfg02_G3_D32,1.8739664049935527,cuda
evaluation,2757,1678,Cold,0.004819860216230154,0.111111119389534,0.09619784355163574,0.8518518518518519,2.384185791015625e-07,0.0,0.0,,cfg02_G3_D32,1.8739664049935527,cuda
evaluation,2757,1678,Warm A,0.004015738610178232,0.11111108958721161,0.11182522028684616,0.8148148148148148,2.384185791015625e-07,0.2457217574119568,0.2583242356777191,,cfg02_G3_D32,1.8739664049935527,cuda
evaluation,2757,1678,Warm B,0.0053598154336214066,0.1111111119389534,0.09244907647371292,0.9012345679012346,2.384185791015625e-07,0.3638944923877716,0.5666264891624451,,cfg02_G3_D32,1.8739664049935527,cuda
evaluation,2757,1678,Warm C,0.0030883061699569225,0.1111111119389534,0.0929783284664154,0.8765432098765432,1.1920928955078125e-07,0.45928993821144104,0.5539143681526184,,cfg02_G3_D32,1.8739664049935527,cuda
evaluation,2769,1684,Cold,0.005100053735077381,0.111111119389534,0.09694970399141312,0.8271604938271605,1.1920928955078125e-07,0.0,0.0,,cfg02_G3_D32,1.8739664049935527,cuda
evaluation,2769,1684,Warm A,0.007948175072669983,0.1111111119389534,0.07690693438053131,0.9012345679012346,1.1920928955078125e-07,0.22214749455451965,0.6243842840194702,,cfg02_G3_D32,1.8739664049935527,cuda
evaluation,2769,1684,Warm B,0.004937329795211554,0.1111111119389534,0.09318964183330536,0.8395061728395061,1.1920928955078125e-07,0.2893998920917511,0.584019124507904,,cfg02_G3_D32,1.8739664049935527,cuda
evaluation,2769,1684,Warm C,0.006873831152915955,0.1111111119389534,0.08104178309440613,0.8888888888888888,1.7881393432617188e-07,0.2793044149875641,0.6814866065979004,,cfg02_G3_D32,1.8739664049935527,cuda
evaluation,2771,1686,Cold,0.004463169723749161,0.1111111119389534,0.09611941128969193,0.8765432098765432,1.1920928955078125e-07,0.0,0.0,,cfg02_G3_D32,1.8739664049935527,cuda
evaluation,2771,1686,Warm A,0.006508018355816603,0.1111111119389534,0.08053118735551834,0.9382716049382716,2.384185791015625e-07,0.24184781312942505,0.574479341506958,,cfg02_G3_D32,1.8739664049935527,cuda
evaluation,2771,1686,Warm B,0.007979331538081169,0.111111119389534,0.07909318804740906,0.9135802469135802,2.384185791015625e-07,0.42409616708755493,0.5583086013793945,,cfg02_G3_D32,1.8739664049935527,cuda
evaluation,2771,1686,Warm C,0.010141841135919094,0.1111111119389534,0.09812717884778976,0.8641975308641975,2.384185791015625e-07,0.5416200160980225,0.4120355248451233,,cfg02_G3_D32,1.8739664049935527,cuda
evaluation,2774,1688,Cold,0.004024561028927565,0.1111110970377922,0.08889152109622955,0.9259259259259259,2.384185791015625e-07,0.0,0.0,,cfg02_G3_D32,1.8739664049935527,cuda
evaluation,2774,1688,Warm A,0.004195372574031353,0.111111119389534,0.10708820074796677,0.7777777777777778,1.1920928955078125e-07,0.24341830611228943,0.6171591877937317,,cfg02_G3_D32,1.8739664049935527,cuda
evaluation,2774,1688,Warm B,0.0063539957627654076,0.1111111119389534,0.08366396278142929,0.9135802469135802,1.7881393432617188e-07,0.2927113473415375,0.5869525074958801,,cfg02_G3_D32,1.8739664049935527,cuda
evaluation,2774,1688,Warm C,0.007912970148026943,0.1111111119389534,0.06633392721414566,0.9629629629629629,2.384185791015625e-07,0.42273271083831787,0.5144659876823425,,cfg02_G3_D32,1.8739664049935527,cuda
evaluation,2780,1690,Cold,0.005928078666329384,0.1111111119389534,0.1064930185675621,0.7777777777777778,2.384185791015625e-07,0.0,0.0,,cfg02_G3_D32,1.8739664049935527,cuda
evaluation,2780,1690,Warm A,0.007464172784239054,0.1111110970377922,0.10569031536579132,0.7777777777777778,1.1920928955078125e-07,0.2415783852338791,0.627452552318573,,cfg02_G3_D32,1.8739664049935527,cuda
evaluation,2780,1690,Warm B,0.01032152771949768,0.1111111119389534,0.11493796855211258,0.7530864197530864,2.384185791015625e-07,0.38323161005973816,0.49976450204849243,,cfg02_G3_D32,1.8739664049935527,cuda
evaluation,2780,1690,Warm C,0.011632546782493591,0.111111119389534,0.11319972574710846,0.7777777777777778,5.960464477539063e-08,0.4860081374645233,0.5367248058319092,,cfg02_G3_D32,1.8739664049935527,cuda
evaluation,2781,1691,Cold,0.00596126401796937,0.1111110970377922,0.10731253027915955,0.7777777777777778,1.1920928955078125e-07,0.0,0.0,,cfg02_G3_D32,1.8739664049935527,cuda
evaluation,2781,1691,Warm A,0.007542721461504698,0.1111111119389534,0.10309061408042908,0.7654320987654321,2.384185791015625e-07,0.2404932677745819,0.6985807418823242,,cfg02_G3_D32,1.8739664049935527,cuda
evaluation,2781,1691,Warm B,0.007525064516812563,0.1111111119389534,0.1056160256266594,0.7654320987654321,1.1920928955078125e-07,0.23027895390987396,0.5853058695793152,,cfg02_G3_D32,1.8739664049935527,cuda
evaluation,2781,1691,Warm C,0.008428930304944515,0.1111110970377922,0.10904405266046524,0.7283950617283951,1.1920928955078125e-07,0.30601033568382263,0.5829386115074158,,cfg02_G3_D32,1.8739664049935527,cuda
evaluation,2782,1692,Cold,0.005873086862266064,0.1111111119389534,0.1001020222902298,0.8024691358024691,1.1920928955078125e-07,0.0,0.0,,cfg02_G3_D32,1.8739664049935527,cuda
evaluation,2782,1692,Warm A,0.004148484207689762,0.1111111119389534,0.10728541016578674,0.7901234567901234,2.384185791015625e-07,0.21166162192821503,0.5635461807250977,,cfg02_G3_D32,1.8739664049935527,cuda
evaluation,2782,1692,Warm B,0.005706611089408398,0.1111111119389534,0.10249847173690796,0.7901234567901234,1.7881393432617188e-07,0.3089952766895294,0.5921552777290344,,cfg02_G3_D32,1.8739664049935527,cuda
evaluation,2782,1692,Warm C,0.0071089365519583225,0.111111119389534,0.10596273839473724,0.7777777777777778,2.384185791015625e-07,0.43171533942222595,0.4982665181159973,,cfg02_G3_D32,1.8739664049935527,cuda
evaluation,2784,1693,Cold,0.005197562742978334,0.1111110970377922,0.09964677691459656,0.8024691358024691,2.384185791015625e-07,0.0,0.0,,cfg02_G3_D32,1.8739664049935527,cuda
evaluation,2784,1693,Warm A,0.007385054603219032,0.1111111119389534,0.09769202023744583,0.8395061728395061,1.1920928955078125e-07,0.21971116960048676,0.5522683262825012,,cfg02_G3_D32,1.8739664049935527,cuda
evaluation,2784,1693,Warm B,0.008306031115353107,0.1111111119389534,0.10358542948961258,0.7530864197530864,1.1920928955078125e-07,0.31232011318206787,0.6754879355430603,,cfg02_G3_D32,1.8739664049935527,cuda
evaluation,2784,1693,Warm C,0.0060113281942903996,0.1111111119389534,0.09814553707838058,0.7901234567901234,1.1920928955078125e-07,0.2983728349208832,0.501952588558197,,cfg02_G3_D32,1.8739664049935527,cuda
evaluation,2786,1694,Cold,0.005028151907026768,0.111111119389534,0.07171893864870071,0.9382716049382716,1.1920928955078125e-07,0.0,0.0,,cfg02_G3_D32,1.8739664049935527,cuda
evaluation,2786,1694,Warm A,0.007777214981615543,0.1111111119389534,0.08785755932331085,0.9135802469135802,1.7881393432617188e-07,0.24224987626075745,0.4759635031223297,,cfg02_G3_D32,1.8739664049935527,cuda
evaluation,2786,1694,Warm B,0.009669569320976734,0.1111111119389534,0.11669433116912842,0.7901234567901234,1.1920928955078125e-07,0.46982136368751526,0.37081149220466614,,cfg02_G3_D32,1.8739664049935527,cuda
evaluation,2786,1694,Warm C,0.010162955150008202,0.1111110970377922,0.1280280202627182,0.6666666666666666,2.384185791015625e-07,0.658835768699646,0.5088037252426147,,cfg02_G3_D32,1.8739664049935527,cuda
evaluation,2787,1695,Cold,0.0032658607233315706,0.111111119389534,0.07349841296672821,0.9506172839506173,1.1920928955078125e-07,0.0,0.0,,cfg02_G3_D32,1.8739664049935527,cuda
evaluation,2787,1695,Warm A,0.0044388133101165295,0.1111111119389534,0.0756676197052002,0.9382716049382716,1.1920928955078125e-07,0.20617368817329407,0.5707402229309082,,cfg02_G3_D32,1.8739664049935527,cuda
evaluation,2787,1695,Warm B,0.0074583254754543304,0.111111119389534,0.10204943269491196,0.8641975308641975,2.384185791015625e-07,0.31489771604537964,0.3032718300819397,,cfg02_G3_D32,1.8739664049935527,cuda
evaluation,2787,1695,Warm C,0.003685593605041504,0.1111111119389534,0.07697273045778275,0.9135802469135802,1.1920928955078125e-07,0.33036893606185913,0.5350036025047302,,cfg02_G3_D32,1.8739664049935527,cuda
evaluation,2789,1697,Cold,0.0038880808278918266,0.1111110970377922,0.07675755769014359,0.9135802469135802,2.384185791015625e-07,0.0,0.0,,cfg02_G3_D32,1.8739664049935527,cuda
evaluation,2789,1697,Warm A,0.007845981977880001,0.1111111119389534,0.08608140051364899,0.9135802469135802,5.960464477539063e-08,0.246906116604805,0.5020073652267456,,cfg02_G3_D32,1.8739664049935527,cuda
evaluation,2789,1697,Warm B,0.011454762890934944,0.1111110970377922,0.10660849511623383,0.7777777777777778,1.1920928955078125e-07,0.42695680260658264,0.4677581787109375,,cfg02_G3_D32,1.8739664049935527,cuda
evaluation,2789,1697,Warm C,0.006591355428099632,0.1111111119389534,0.08223593235015869,0.8641975308641975,1.1920928955078125e-07,0.5275574922561646,0.7066419720649719,,cfg02_G3_D32,1.8739664049935527,cuda
evaluation,2790,1698,Cold,0.003384674433618784,0.1111111119389534,0.07779132574796677,0.9382716049382716,1.1920928955078125e-07,0.0,0.0,,cfg02_G3_D32,1.8739664049935527,cuda
evaluation,2790,1698,Warm A,0.005298798903822899,0.1111111119389534,0.0791861042380333,0.9382716049382716,1.7881393432617188e-07,0.2342747449874878,0.5767452716827393,,cfg02_G3_D32,1.8739664049935527,cuda
evaluation,2790,1698,Warm B,0.007413145154714584,0.1111110970377922,0.10046287626028061,0.8395061728395061,1.1920928955078125e-07,0.38089314103126526,0.48403748869895935,,cfg02_G3_D32,1.8739664049935527,cuda
evaluation,2790,1698,Warm C,0.0075975037179887295,0.111111119389534,0.09817129373550415,0.8271604938271605,1.1920928955078125e-07,0.3928424119949341,0.4785167872905731,,cfg02_G3_D32,1.8739664049935527,cuda
evaluation,2798,1706,Cold,0.004487372003495693,0.1111111119389534,0.07549609988927841,0.9259259259259259,2.384185791015625e-07,0.0,0.0,,cfg02_G3_D32,1.8739664049935527,cuda
evaluation,2798,1706,Warm A,0.006347388494759798,0.1111111119389534,0.07952337712049484,0.9259259259259259,1.1920928955078125e-07,0.23406283557415009,0.42006823420524597,,cfg02_G3_D32,1.8739664049935527,cuda
evaluation,2798,1706,Warm B,0.008544454351067543,0.111111119389534,0.10622905194759369,0.8518518518518519,1.1920928955078125e-07,0.43258947134017944,0.3999020755290985,,cfg02_G3_D32,1.8739664049935527,cuda
evaluation,2798,1706,Warm C,0.010539292357861996,0.1111111119389534,0.1323789656162262,0.691358024691358,2.384185791015625e-07,0.5177565813064575,0.20184703171253204,,cfg02_G3_D32,1.8739664049935527,cuda
evaluation,2799,1707,Cold,0.0045688278041779995,0.1111110970377922,0.07308996468782425,0.9382716049382716,2.384185791015625e-07,0.0,0.0,,cfg02_G3_D32,1.8739664049935527,cuda
evaluation,2799,1707,Warm A,0.006477602291852236,0.1111111119389534,0.08143703639507294,0.9259259259259259,1.1920928955078125e-07,0.2486775517463684,0.4811318814754486,,cfg02_G3_D32,1.8739664049935527,cuda
evaluation,2799,1707,Warm B,0.00806173961609602,0.111111119389534,0.1105915904045105,0.8395061728395061,2.384185791015625e-07,0.4735550284385681,0.23830895125865936,,cfg02_G3_D32,1.8739664049935527,cuda
evaluation,2799,1707,Warm C,0.011638288386166096,0.1111111119389534,0.13626240193843842,0.6296296296296297,1.1920928955078125e-07,0.5685227513313293,0.11059021949768066,,cfg02_G3_D32,1.8739664049935527,cuda
evaluation,2801,1708,Cold,0.00444579916074872,0.1111111119389534,0.09603337943553925,0.8518518518518519,1.1920928955078125e-07,0.0,0.0,,cfg02_G3_D32,1.8739664049935527,cuda
evaluation,2801,1708,Warm A,0.005857646465301514,0.1111111119389534,0.07990429550409317,0.9135802469135802,1.7881393432617188e-07,0.23970003426074982,0.6738902926445007,,cfg02_G3_D32,1.8739664049935527,cuda
evaluation,2801,1708,Warm B,0.005260651931166649,0.111111119389534,0.10180967301130295,0.8518518518518519,2.384185791015625e-07,0.3085608184337616,0.6678996086120605,,cfg02_G3_D32,1.8739664049935527,cuda
evaluation,2801,1708,Warm C,0.006611315533518791,0.1111111119389534,0.0921400636434555,0.8765432098765432,2.384185791015625e-07,0.40827834606170654,0.7227887511253357,,cfg02_G3_D32,1.8739664049935527,cuda
evaluation,2806,1713,Cold,0.004568622913211584,0.1111111119389534,0.09235330671072006,0.8765432098765432,2.384185791015625e-07,0.0,0.0,,cfg02_G3_D32,1.8739664049935527,cuda
evaluation,2806,1713,Warm A,0.007226625923067331,0.1111111119389534,0.07686427235603333,0.9012345679012346,1.1920928955078125e-07,0.23542287945747375,0.5115582346916199,,cfg02_G3_D32,1.8739664049935527,cuda
evaluation,2806,1713,Warm B,0.008679129183292389,0.1111111119389534,0.08907835185527802,0.8765432098765432,2.384185791015625e-07,0.35651493072509766,0.5320633053779602,,cfg02_G3_D32,1.8739664049935527,cuda
evaluation,2806,1713,Warm C,0.010125859640538692,0.1111110970377922,0.09315802901983261,0.8148148148148148,1.1920928955078125e-07,0.37649813294410706,0.47750958800315857,,cfg02_G3_D32,1.8739664049935527,cuda
evaluation,2807,1714,Cold,0.003978218417614698,0.111111119389534,0.08482690900564194,0.8641975308641975,1.7881393432617188e-07,0.0,0.0,,cfg02_G3_D32,1.8739664049935527,cuda
evaluation,2807,1714,Warm A,0.006769918370991945,0.1111110970377922,0.0769127681851387,0.9259259259259259,1.1920928955078125e-07,0.23875004053115845,0.4041518270969391,,cfg02_G3_D32,1.8739664049935527,cuda
evaluation,2807,1714,Warm B,0.008562146686017513,0.1111110970377922,0.09831079840660095,0.8518518518518519,1.7881393432617188e-07,0.45711439847946167,0.2891320288181305,,cfg02_G3_D32,1.8739664049935527,cuda
evaluation,2807,1714,Warm C,0.012135978788137436,0.1111111119389534,0.1247870996594429,0.691358024691358,2.384185791015625e-07,0.6588498950004578,0.10417649894952774,,cfg02_G3_D32,1.8739664049935527,cuda
evaluation,2816,1717,Cold,0.005660445895045996,0.1111111119389534,0.0802701860666275,0.9259259259259259,1.1920928955078125e-07,0.0,0.0,,cfg02_G3_D32,1.8739664049935527,cuda
evaluation,2816,1717,Warm A,0.008799826726317406,0.1111111119389534,0.09377355873584747,0.8641975308641975,2.384185791015625e-07,0.25678279995918274,0.7361927032470703,,cfg02_G3_D32,1.8739664049935527,cuda
evaluation,2816,1717,Warm B,0.011520130559802055,0.1111110970377922,0.11700351536273956,0.7037037037037037,2.384185791015625e-07,0.4867325723171234,0.39750024676322937,,cfg02_G3_D32,1.8739664049935527,cuda
evaluation,2816,1717,Warm C,0.01623382605612278,0.1111111119389534,0.13644780218601227,0.6172839506172839,2.384185791015625e-07,0.6235841512680054,0.3196946680545807,,cfg02_G3_D32,1.8739664049935527,cuda
evaluation,2817,1718,Cold,0.005535823293030262,0.1111111119389534,0.07892538607120514,0.9259259259259259,1.1920928955078125e-07,0.0,0.0,,cfg02_G3_D32,1.8739664049935527,cuda
evaluation,2817,1718,Warm A,0.008457018993794918,0.111111119389534,0.0887046605348587,0.9012345679012346,1.1920928955078125e-07,0.24363796412944794,0.4723380208015442,,cfg02_G3_D32,1.8739664049935527,cuda
evaluation,2817,1718,Warm B,0.011442524380981922,0.1111111119389534,0.11595600098371506,0.7530864197530864,1.1920928955078125e-07,0.4685802459716797,0.45320311188697815,,cfg02_G3_D32,1.8739664049935527,cuda
evaluation,2817,1718,Warm C,0.01630840264260769,0.111111119389534,0.1370064616203308,0.6172839506172839,2.384185791015625e-07,0.6386100649833679,0.25253066420555115,,cfg02_G3_D32,1.8739664049935527,cuda
evaluation,2828,1723,Cold,0.0037310936022549868,0.111111119389534,0.08933465927839279,0.9135802469135802,2.384185791015625e-07,0.0,0.0,,cfg02_G3_D32,1.8739664049935527,cuda
evaluation,2828,1723,Warm A,0.0024389137979596853,0.1111111119389534,0.07716738432645798,0.9259259259259259,1.7881393432617188e-07,0.2530553340911865,0.6089310646057129,,cfg02_G3_D32,1.8739664049935527,cuda
evaluation,2828,1723,Warm B,0.005556744057685137,0.1111111119389534,0.08582901209592819,0.8765432098765432,5.960464477539063e-08,0.4427231550216675,0.4116949141025543,,cfg02_G3_D32,1.8739664049935527,cuda
evaluation,2828,1723,Warm C,0.004508356098085642,0.1111110970377922,0.09636832773685455,0.7901234567901234,1.1920928955078125e-07,0.5987476110458374,0.49384042620658875,,cfg02_G3_D32,1.8739664049935527,cuda
evaluation,2829,1724,Cold,0.0044390298426151276,0.1111111119389534,0.0942629724740982,0.8765432098765432,1.7881393432617188e-07,0.0,0.0,,cfg02_G3_D32,1.8739664049935527,cuda
evaluation,2829,1724,Warm A,0.003466441296041012,0.1111111119389534,0.0996030792593956,0.8765432098765432,1.7881393432617188e-07,0.22776591777801514,0.7133886218070984,,cfg02_G3_D32,1.8739664049935527,cuda
evaluation,2829,1724,Warm B,0.003984551876783371,0.1111111119389534,0.0844581201672554,0.9012345679012346,1.1920928955078125e-07,0.2613259255886078,0.7948259711265564,,cfg02_G3_D32,1.8739664049935527,cuda
evaluation,2829,1724,Warm C,0.0066628712229430676,0.1111110970377922,0.08153347671031952,0.8888888888888888,1.1920928955078125e-07,0.37272265553474426,0.46735191345214844,,cfg02_G3_D32,1.8739664049935527,cuda
evaluation,2836,1725,Cold,0.004324652720242739,0.1111111119389534,0.09311431646347046,0.9012345679012346,1.1920928955078125e-07,0.0,0.0,,cfg02_G3_D32,1.8739664049935527,cuda
evaluation,2836,1725,Warm A,0.006935001816600561,0.1111111119389534,0.07267598062753677,0.9506172839506173,1.1920928955078125e-07,0.24083293974399567,0.5050255060195923,,cfg02_G3_D32,1.8739664049935527,cuda
evaluation,2836,1725,Warm B,0.007112220395356417,0.1111111119389534,0.08100699633359909,0.9135802469135802,1.1920928955078125e-07,0.34735265374183655,0.5518962740898132,,cfg02_G3_D32,1.8739664049935527,cuda
evaluation,2836,1725,Warm C,0.00755458464846015,0.1111110970377922,0.07903718948364258,0.9259259259259259,2.384185791015625e-07,0.39120185375213623,0.6581222414970398,,cfg02_G3_D32,1.8739664049935527,cuda
evaluation,2844,1728,Cold,0.004578873515129089,0.1111111119389534,0.09318724274635315,0.8888888888888888,1.1920928955078125e-07,0.0,0.0,,cfg02_G3_D32,1.8739664049935527,cuda
evaluation,2844,1728,Warm A,0.006906377151608467,0.1111111119389534,0.08068639039993286,0.8888888888888888,2.384185791015625e-07,0.23392851650714874,0.7033492922782898,,cfg02_G3_D32,1.8739664049935527,cuda
evaluation,2844,1728,Warm B,0.005974558647722006,0.1111111119389534,0.09537855535745621,0.8641975308641975,1.1920928955078125e-07,0.3361143171787262,0.6181745529174805,,cfg02_G3_D32,1.8739664049935527,cuda
evaluation,2844,1728,Warm C,0.0051662009209394455,0.1111111119389534,0.09818314760923386,0.8395061728395061,2.384185791015625e-07,0.4799738824367523,0.6256619095802307,,cfg02_G3_D32,1.8739664049935527,cuda
evaluation,2846,1729,Cold,0.0038597926031798124,0.1111111119389534,0.07801000028848648,0.9382716049382716,2.384185791015625e-07,0.0,0.0,,cfg02_G3_D32,1.8739664049935527,cuda
evaluation,2846,1729,Warm A,0.006726155523210764,0.1111111119389534,0.07427950203418732,0.9506172839506173,1.1920928955078125e-07,0.20740465819835663,0.5899471044540405,,cfg02_G3_D32,1.8739664049935527,cuda
evaluation,2846,1729,Warm B,0.009694256819784641,0.1111110970377922,0.09042282402515411,0.9012345679012346,1.1920928955078125e-07,0.3126656115055084,0.6045250296592712,,cfg02_G3_D32,1.8739664049935527,cuda
evaluation,2846,1729,Warm C,0.008839529938995838,0.1111111119389534,0.0787438303232193,0.9382716049382716,1.1920928955078125e-07,0.37168705463409424,0.8168542981147766,,cfg02_G3_D32,1.8739664049935527,cuda
evaluation,2851,1730,Cold,0.006516419816762209,0.1111111119389534,0.08661264926195145,0.9012345679012346,2.384185791015625e-07,0.0,0.0,,cfg02_G3_D32,1.8739664049935527,cuda
evaluation,2851,1730,Warm A,0.008941995911300182,0.111111119389534,0.09965600818395615,0.8395061728395061,1.1920928955078125e-07,0.24131153523921967,0.5603384375572205,,cfg02_G3_D32,1.8739664049935527,cuda
evaluation,2851,1730,Warm B,0.01187712512910366,0.111111119389534,0.1211252436041832,0.7407407407407407,2.384185791015625e-07,0.45674997568130493,0.356996089220047,,cfg02_G3_D32,1.8739664049935527,cuda
evaluation,2851,1730,Warm C,0.014227661304175854,0.1111111119389534,0.13288259506225586,0.7037037037037037,1.7881393432617188e-07,0.5812790989875793,0.4292351305484772,,cfg02_G3_D32,1.8739664049935527,cuda
evaluation,2852,1731,Cold,0.004646406043320894,0.111111119389534,0.09856671839952469,0.8395061728395061,2.384185791015625e-07,0.0,0.0,,cfg02_G3_D32,1.8739664049935527,cuda
evaluation,2852,1731,Warm A,0.005569153465330601,0.1111110970377922,0.09326161444187164,0.9012345679012346,1.7881393432617188e-07,0.19844867289066315,0.6207258105278015,,cfg02_G3_D32,1.8739664049935527,cuda
evaluation,2852,1731,Warm B,0.00768274487927556,0.1111110970377922,0.08247380703687668,0.9259259259259259,1.1920928955078125e-07,0.30746299028396606,0.6202026605606079,,cfg02_G3_D32,1.8739664049935527,cuda
evaluation,2852,1731,Warm C,0.005456012673676014,0.1111111119389534,0.09495168924331665,0.8765432098765432,2.384185791015625e-07,0.34848278760910034,0.595019519329071,,cfg02_G3_D32,1.8739664049935527,cuda
evaluation,2856,1732,Cold,0.00863360520452261,0.1111110970377922,0.10737264156341553,0.7654320987654321,2.384185791015625e-07,0.0,0.0,,cfg02_G3_D32,1.8739664049935527,cuda
evaluation,2856,1732,Warm A,0.012196484953165054,0.111111119389534,0.11621563881635666,0.7283950617283951,2.384185791015625e-07,0.2524665594100952,0.9031097292900085,,cfg02_G3_D32,1.8739664049935527,cuda
evaluation,2856,1732,Warm B,0.015296301804482937,0.1111111119389534,0.13247935473918915,0.6666666666666666,2.384185791015625e-07,0.4534297287464142,0.4641932547092438,,cfg02_G3_D32,1.8739664049935527,cuda
evaluation,2856,1732,Warm C,0.01959044113755226,0.1111111119389534,0.14969970285892487,0.5802469135802469,1.1920928955078125e-07,0.5702164173126221,0.6021205186843872,,cfg02_G3_D32,1.8739664049935527,cuda
evaluation,2860,1736,Cold,0.003696220461279154,0.1111111119389534,0.08243822306394577,0.9259259259259259,1.1920928955078125e-07,0.0,0.0,,cfg02_G3_D32,1.8739664049935527,cuda
evaluation,2860,1736,Warm A,0.005856894422322512,0.1111111119389534,0.07614196091890335,0.9259259259259259,1.1920928955078125e-07,0.24187642335891724,0.6418384909629822,,cfg02_G3_D32,1.8739664049935527,cuda
evaluation,2860,1736,Warm B,0.004190709907561541,0.1111111119389534,0.0853525921702385,0.8888888888888888,1.1920928955078125e-07,0.28201165795326233,0.5727528929710388,,cfg02_G3_D32,1.8739664049935527,cuda
evaluation,2860,1736,Warm C,0.006760471500456333,0.1111111119389534,0.07641683518886566,0.9506172839506173,2.384185791015625e-07,0.3119708299636841,0.5322988629341125,,cfg02_G3_D32,1.8739664049935527,cuda
evaluation,2862,1738,Cold,0.004853132646530867,0.1111111119389534,0.095749631524086,0.8765432098765432,2.384185791015625e-07,0.0,0.0,,cfg02_G3_D32,1.8739664049935527,cuda
evaluation,2862,1738,Warm A,0.0074435691349208355,0.1111111119389534,0.09318248182535172,0.8641975308641975,1.1920928955078125e-07,0.24748647212982178,0.8431047797203064,,cfg02_G3_D32,1.8739664049935527,cuda
evaluation,2862,1738,Warm B,0.00956004112958908,0.1111111119389534,0.10319492965936661,0.8024691358024691,2.384185791015625e-07,0.40395328402519226,0.6975526213645935,,cfg02_G3_D32,1.8739664049935527,cuda
evaluation,2862,1738,Warm C,0.007880577817559242,0.1111111119389534,0.09348363429307938,0.8518518518518519,1.1920928955078125e-07,0.5020971894264221,0.689947247505188,,cfg02_G3_D32,1.8739664049935527,cuda
evaluation,2866,1740,Cold,0.0049366699531674385,0.1111111119389534,0.10272600501775742,0.8395061728395061,2.384185791015625e-07,0.0,0.0,,cfg02_G3_D32,1.8739664049935527,cuda
evaluation,2866,1740,Warm A,0.007074533496052027,0.1111111119389534,0.09537190198898315,0.8641975308641975,1.1920928955078125e-07,0.23753634095191956,0.5507459044456482,,cfg02_G3_D32,1.8739664049935527,cuda
evaluation,2866,1740,Warm B,0.006797363515943289,0.1111111119389534,0.09632363170385361,0.8518518518518519,2.384185791015625e-07,0.32903942465782166,0.6567716002464294,,cfg02_G3_D32,1.8739664049935527,cuda
evaluation,2866,1740,Warm C,0.008443634025752544,0.111111119389534,0.09389147162437439,0.8395061728395061,1.1920928955078125e-07,0.3971681594848633,0.5414320826530457,,cfg02_G3_D32,1.8739664049935527,cuda
evaluation,2868,1742,Cold,0.003087395802140236,0.1111111119389534,0.06550350785255432,0.9753086419753086,2.384185791015625e-07,0.0,0.0,,cfg02_G3_D32,1.8739664049935527,cuda
evaluation,2868,1742,Warm A,0.005976991727948189,0.111111119389534,0.07853387296199799,0.9629629629629629,2.384185791015625e-07,0.25151023268699646,0.44396740198135376,,cfg02_G3_D32,1.8739664049935527,cuda
evaluation,2868,1742,Warm B,0.009856341406702995,0.1111111119389534,0.10891079157590866,0.8395061728395061,1.1920928955078125e-07,0.4699125289916992,0.5075199007987976,,cfg02_G3_D32,1.8739664049935527,cuda
evaluation,2868,1742,Warm C,0.013165752403438091,0.1111111119389534,0.13193805515766144,0.654320987654321,1.1920928955078125e-07,0.6157975792884827,0.2983858585357666,,cfg02_G3_D32,1.8739664049935527,cuda
evaluation,2870,1743,Cold,0.005798994097858667,0.1111111119389534,0.10360955446958542,0.8271604938271605,2.384185791015625e-07,0.0,0.0,,cfg02_G3_D32,1.8739664049935527,cuda
evaluation,2870,1743,Warm A,0.0076964558102190495,0.1111110970377922,0.10182462632656097,0.8271604938271605,1.7881393432617188e-07,0.23255762457847595,0.48796072602272034,,cfg02_G3_D32,1.8739664049935527,cuda
evaluation,2870,1743,Warm B,0.004948046989738941,0.1111111119389534,0.10991443693637848,0.8024691358024691,1.1920928955078125e-07,0.3059101402759552,0.6374204754829407,,cfg02_G3_D32,1.8739664049935527,cuda
evaluation,2870,1743,Warm C,0.008360527455806732,0.111111119389534,0.10142384469509125,0.7901234567901234,1.1920928955078125e-07,0.3580028712749481,0.6377787590026855,,cfg02_G3_D32,1.8739664049935527,cuda
evaluation,2874,1746,Cold,0.006992644164711237,0.1111111119389534,0.11611413210630417,0.7530864197530864,1.1920928955078125e-07,0.0,0.0,,cfg02_G3_D32,1.8739664049935527,cuda
evaluation,2874,1746,Warm A,0.009246313013136387,0.1111110970377922,0.11231811344623566,0.7530864197530864,1.7881393432617188e-07,0.21999415755271912,0.6742287874221802,,cfg02_G3_D32,1.8739664049935527,cuda
evaluation,2874,1746,Warm B,0.01377960480749607,0.1111111119389534,0.11173366755247116,0.7407407407407407,1.1920928955078125e-07,0.29594215750694275,0.8481387495994568,,cfg02_G3_D32,1.8739664049935527,cuda
evaluation,2874,1746,Warm C,0.012338212691247463,0.111111119389534,0.11329866200685501,0.7777777777777778,1.1920928955078125e-07,0.44633549451828003,0.5397005677223206,,cfg02_G3_D32,1.8739664049935527,cuda
evaluation,2879,1749,Cold,0.004593599122017622,0.1111111119389534,0.08190841227769852,0.9012345679012346,1.1920928955078125e-07,0.0,0.0,,cfg02_G3_D32,1.8739664049935527,cuda
evaluation,2879,1749,Warm A,0.007147897034883499,0.1111111119389534,0.0785478875041008,0.9135802469135802,1.1920928955078125e-07,0.20069929957389832,0.7129464149475098,,cfg02_G3_D32,1.8739664049935527,cuda
evaluation,2879,1749,Warm B,0.007121175993233919,0.1111111119389534,0.08214396983385086,0.8765432098765432,1.1920928955078125e-07,0.3891772925853729,0.8202632069587708,,cfg02_G3_D32,1.8739664049935527,cuda
evaluation,2879,1749,Warm C,0.007007746025919914,0.1111111119389534,0.08223335444927216,0.9135802469135802,1.7881393432617188e-07,0.3884279429912567,0.6303569674491882,,cfg02_G3_D32,1.8739664049935527,cuda
evaluation,2880,1750,Cold,0.004893139004707336,0.1111111119389534,0.07841449975967407,0.9382716049382716,2.384185791015625e-07,0.0,0.0,,cfg02_G3_D32,1.8739664049935527,cuda
evaluation,2880,1750,Warm A,0.003365527605637908,0.1111111119389534,0.09275702387094498,0.8641975308641975,1.1920928955078125e-07,0.2329380214214325,0.6429999470710754,,cfg02_G3_D32,1.8739664049935527,cuda
evaluation,2880,1750,Warm B,0.0049718404188752174,0.111111119389534,0.0746486708521843,0.9012345679012346,1.1920928955078125e-07,0.32089778780937195,0.6350013613700867,,cfg02_G3_D32,1.8739664049935527,cuda
evaluation,2880,1750,Warm C,0.002098631812259555,0.1111111119389534,0.09235663712024689,0.8395061728395061,1.1920928955078125e-07,0.34226322174072266,0.7512511014938354,,cfg02_G3_D32,1.8739664049935527,cuda
evaluation,2882,1752,Cold,0.004309731535613537,0.11111108958721161,0.09366586059331894,0.8765432098765432,1.1920928955078125e-07,0.0,0.0,,cfg02_G3_D32,1.8739664049935527,cuda
evaluation,2882,1752,Warm A,0.007452074903994799,0.1111111119389534,0.0759083479642868,0.9382716049382716,1.7881393432617188e-07,0.23698879778385162,0.6020699143409729,,cfg02_G3_D32,1.8739664049935527,cuda
evaluation,2882,1752,Warm B,0.007701064459979534,0.111111119389534,0.07310052961111069,0.9506172839506173,1.7881393432617188e-07,0.29979369044303894,0.5976861715316772,,cfg02_G3_D32,1.8739664049935527,cuda
evaluation,2882,1752,Warm C,0.00805295817553997,0.1111111119389534,0.08413100987672806,0.9135802469135802,1.1920928955078125e-07,0.3179440498352051,0.5781939029693604,,cfg02_G3_D32,1.8739664049935527,cuda
evaluation,2885,1754,Cold,0.004169679246842861,0.1111111119389534,0.09105726331472397,0.9012345679012346,1.1920928955078125e-07,0.0,0.0,,cfg02_G3_D32,1.8739664049935527,cuda
evaluation,2885,1754,Warm A,0.005840199999511242,0.1111111119389534,0.07873638719320297,0.9135802469135802,1.1920928955078125e-07,0.23653706908226013,0.701729953289032,,cfg02_G3_D32,1.8739664049935527,cuda
evaluation,2885,1754,Warm B,0.004385635256767273,0.1111111119389534,0.09210531413555145,0.8765432098765432,1.1920928955078125e-07,0.24781689047813416,0.6026727557182312,,cfg02_G3_D32,1.8739664049935527,cuda
evaluation,2885,1754,Warm C,0.004331499338150024,0.1111111119389534,0.08002889901399612,0.8765432098765432,1.7881393432617188e-07,0.31607598066329956,0.562616765499115,,cfg02_G3_D32,1.8739664049935527,cuda
evaluation,2888,1755,Cold,0.004073039162904024,0.1111111119389534,0.09071900695562363,0.9012345679012346,1.7881393432617188e-07,0.0,0.0,,cfg02_G3_D32,1.8739664049935527,cuda
evaluation,2888,1755,Warm A,0.004237123299390078,0.1111111119389534,0.07558588683605194,0.9382716049382716,1.1920928955078125e-07,0.2471396028995514,0.7926284670829773,,cfg02_G3_D32,1.8739664049935527,cuda
evaluation,2888,1755,Warm B,0.0063797542825341225,0.1111111119389534,0.0854496881365776,0.9012345679012346,1.7881393432617188e-07,0.459662526845932,0.5497857332229614,,cfg02_G3_D32,1.8739664049935527,cuda
evaluation,2888,1755,Warm C,0.004559856373816729,0.1111111119389534,0.08221706002950668,0.8888888888888888,1.1920928955078125e-07,0.4328420162200928,0.47853752970695496,,cfg02_G3_D32,1.8739664049935527,cuda
evaluation,2891,1758,Cold,0.004324654582887888,0.1111111119389534,0.09311431646347046,0.9012345679012346,1.1920928955078125e-07,0.0,0.0,,cfg02_G3_D32,1.8739664049935527,cuda
evaluation,2891,1758,Warm A,0.005921087693423033,0.111111119389534,0.10308053344488144,0.8271604938271605,1.7881393432617188e-07,0.22586534917354584,0.5834088325500488,,cfg02_G3_D32,1.8739664049935527,cuda
evaluation,2891,1758,Warm B,0.006311545614153147,0.1111111119389534,0.08633045852184296,0.9012345679012346,1.1920928955078125e-07,0.30944693088531494,0.7896031737327576,,cfg02_G3_D32,1.8739664049935527,cuda
evaluation,2891,1758,Warm C,0.006820629350841045,0.111111119389534,0.10455155372619629,0.8148148148148148,1.7881393432617188e-07,0.35447582602500916,0.6633394360542297,,cfg02_G3_D32,1.8739664049935527,cuda
evaluation,2898,1759,Cold,0.004077359102666378,0.1111111119389534,0.08694718778133392,0.8888888888888888,2.384185791015625e-07,0.0,0.0,,cfg02_G3_D32,1.8739664049935527,cuda
evaluation,2898,1759,Warm A,0.006691598799079657,0.1111111119389534,0.07362183928489685,0.9259259259259259,1.1920928955078125e-07,0.2422826886177063,0.4072011113166809,,cfg02_G3_D32,1.8739664049935527,cuda
evaluation,2898,1759,Warm B,0.010883568786084652,0.1111111119389534,0.09409958124160767,0.8765432098765432,1.1920928955078125e-07,0.3582278788089752,0.3831143379211426,,cfg02_G3_D32,1.8739664049935527,cuda
evaluation,2898,1759,Warm C,0.011959764175117016,0.1111111119389534,0.0987660214304924,0.8765432098765432,1.1920928955078125e-07,0.41500088572502136,0.41571855545043945,,cfg02_G3_D32,1.8739664049935527,cuda
evaluation,2899,1760,Cold,0.009225742891430855,0.1111111119389534,0.12889795005321503,0.691358024691358,1.1920928955078125e-07,0.0,0.0,,cfg02_G3_D32,1.8739664049935527,cuda
evaluation,2899,1760,Warm A,0.0100399786606431,0.1111110970377922,0.12897561490535736,0.654320987654321,1.1920928955078125e-07,0.24500559270381927,0.5112429261207581,,cfg02_G3_D32,1.8739664049935527,cuda
evaluation,2899,1760,Warm B,0.013571708463132381,0.1111111119389534,0.13455404341220856,0.6296296296296297,1.1920928955078125e-07,0.2722165584564209,0.5839024782180786,,cfg02_G3_D32,1.8739664049935527,cuda
evaluation,2899,1760,Warm C,0.009765185415744781,0.1111110970377922,0.12874135375022888,0.6790123456790124,1.7881393432617188e-07,0.37875163555145264,0.6104974150657654,,cfg02_G3_D32,1.8739664049935527,cuda
evaluation,2900,1761,Cold,0.0039008120074868202,0.1111111119389534,0.08320410549640656,0.9012345679012346,1.1920928955078125e-07,0.0,0.0,,cfg02_G3_D32,1.8739664049935527,cuda
evaluation,2900,1761,Warm A,0.006045914255082607,0.1111111119389534,0.07837160676717758,0.9382716049382716,1.7881393432617188e-07,0.24272474646568298,0.6066049933433533,,cfg02_G3_D32,1.8739664049935527,cuda
evaluation,2900,1761,Warm B,0.0082529466599226,0.1111111119389534,0.10069376975297928,0.8641975308641975,1.1920928955078125e-07,0.3924603760242462,0.3090047538280487,,cfg02_G3_D32,1.8739664049935527,cuda
evaluation,2900,1761,Warm C,0.007684689946472645,0.1111110970377922,0.09242963045835495,0.8888888888888888,2.384185791015625e-07,0.42258551716804504,0.5867332220077515,,cfg02_G3_D32,1.8739664049935527,cuda
evaluation,2902,1763,Cold,0.005419012159109116,0.1111111119389534,0.07856562733650208,0.9259259259259259,1.1920928955078125e-07,0.0,0.0,,cfg02_G3_D32,1.8739664049935527,cuda
evaluation,2902,1763,Warm A,0.007893216796219349,0.1111111119389534,0.09214688837528229,0.8765432098765432,2.384185791015625e-07,0.24302475154399872,0.5722615718841553,,cfg02_G3_D32,1.8739664049935527,cuda
evaluation,2902,1763,Warm B,0.009811165742576122,0.1111111119389534,0.11755257844924927,0.7777777777777778,1.1920928955078125e-07,0.43514394760131836,0.35163137316703796,,cfg02_G3_D32,1.8739664049935527,cuda
evaluation,2902,1763,Warm C,0.014547616243362427,0.1111111119389534,0.13588662445545197,0.6296296296296297,1.1920928955078125e-07,0.6101475358009338,0.3213818669319153,,cfg02_G3_D32,1.8739664049935527,cuda
evaluation,2903,1764,Cold,0.005133624188601971,0.1111111119389534,0.07597104460000992,0.9382716049382716,1.1920928955078125e-07,0.0,0.0,,cfg02_G3_D32,1.8739664049935527,cuda
evaluation,2903,1764,Warm A,0.008402092382311821,0.1111111119389534,0.08802687376737595,0.9135802469135802,1.1920928955078125e-07,0.24330104887485504,0.49698829650878906,,cfg02_G3_D32,1.8739664049935527,cuda
evaluation,2903,1764,Warm B,0.011491693556308746,0.1111110970377922,0.11506319791078568,0.8024691358024691,2.384185791015625e-07,0.4697708189487457,0.30343395471572876,,cfg02_G3_D32,1.8739664049935527,cuda
evaluation,2903,1764,Warm C,0.015748973935842514,0.1111111119389534,0.136494979262352,0.654320987654321,2.384185791015625e-07,0.6580392718315125,0.2740073800086975,,cfg02_G3_D32,1.8739664049935527,cuda
evaluation,2905,1765,Cold,0.007234744727611542,0.1111111119389534,0.11133391410112381,0.7654320987654321,2.384185791015625e-07,0.0,0.0,,cfg02_G3_D32,1.8739664049935527,cuda
evaluation,2905,1765,Warm A,0.005998043343424797,0.111111119389534,0.12365195155143738,0.7530864197530864,2.384185791015625e-07,0.2546815276145935,0.3508497178554535,,cfg02_G3_D32,1.8739664049935527,cuda
evaluation,2905,1765,Warm B,0.005159253720194101,0.1111111119389534,0.14041006565093994,0.6790123456790124,2.384185791015625e-07,0.4471946954727173,0.23282559216022491,,cfg02_G3_D32,1.8739664049935527,cuda
evaluation,2905,1765,Warm C,0.005787549074739218,0.1111111119389534,0.15335528552532196,0.5802469135802469,1.1920928955078125e-07,0.6376739740371704,0.1684870719909668,,cfg02_G3_D32,1.8739664049935527,cuda
evaluation,2920,1775,Cold,0.00822939071804285,0.1111111119389534,0.12642298638820648,0.7160493827160493,1.1920928955078125e-07,0.0,0.0,,cfg02_G3_D32,1.8739664049935527,cuda
evaluation,2920,1775,Warm A,0.0065035149455070496,0.1111111119389534,0.13344477117061615,0.7160493827160493,2.384185791015625e-07,0.24133510887622833,0.3866797983646393,,cfg02_G3_D32,1.8739664049935527,cuda
evaluation,2920,1775,Warm B,0.007565660867840052,0.1111111119389534,0.1416252702474594,0.7037037037037037,4.76837158203125e-07,0.4241240322589874,0.3401922881603241,,cfg02_G3_D32,1.8739664049935527,cuda
evaluation,2920,1775,Warm C,0.008970221504569054,0.1111111119389534,0.13271766901016235,0.7037037037037037,1.1920928955078125e-07,0.3172528147697449,0.43222522735595703,,cfg02_G3_D32,1.8739664049935527,cuda
evaluation,2924,1778,Cold,0.005604828707873821,0.1111111119389534,0.08878212422132492,0.8888888888888888,1.1920928955078125e-07,0.0,0.0,,cfg02_G3_D32,1.8739664049935527,cuda
evaluation,2924,1778,Warm A,0.003219891106709838,0.1111111119389534,0.10049942135810852,0.8395061728395061,1.1920928955078125e-07,0.24382056295871735,0.5215193033218384,,cfg02_G3_D32,1.8739664049935527,cuda
evaluation,2924,1778,Warm B,0.0022635955829173326,0.1111111119389534,0.12038261443376541,0.7407407407407407,2.384185791015625e-07,0.3968903124332428,0.43978238105773926,,cfg02_G3_D32,1.8739664049935527,cuda
evaluation,2924,1778,Warm C,0.0033101120498031378,0.1111111119389534,0.10064054280519485,0.8395061728395061,2.384185791015625e-07,0.28062430024147034,0.6896729469299316,,cfg02_G3_D32,1.8739664049935527,cuda
evaluation,2927,1780,Cold,0.008185240440070629,0.1111111119389534,0.1257922202348709,0.7283950617283951,2.384185791015625e-07,0.0,0.0,,cfg02_G3_D32,1.8739664049935527,cuda
evaluation,2927,1780,Warm A,0.01160838920623064,0.111111119389534,0.12522053718566895,0.6790123456790124,1.1920928955078125e-07,0.23835936188697815,0.5317090749740601,,cfg02_G3_D32,1.8739664049935527,cuda
evaluation,2927,1780,Warm B,0.009123699739575386,0.1111110970377922,0.1326143592596054,0.6790123456790124,1.7881393432617188e-07,0.276451975107193,0.41747137904167175,,cfg02_G3_D32,1.8739664049935527,cuda
evaluation,2927,1780,Warm C,0.006836746819317341,0.1111111119389534,0.140903040766716,0.654320987654321,2.384185791015625e-07,0.3003934919834137,0.3425155580043793,,cfg02_G3_D32,1.8739664049935527,cuda
evaluation,2928,1781,Cold,0.004452047869563103,0.1111111119389534,0.09244418889284134,0.8765432098765432,2.384185791015625e-07,0.0,0.0,,cfg02_G3_D32,1.8739664049935527,cuda
evaluation,2928,1781,Warm A,0.00830118265002966,0.1111111119389534,0.08419928699731827,0.9135802469135802,2.384185791015625e-07,0.23395735025405884,0.662289023399353,,cfg02_G3_D32,1.8739664049935527,cuda
evaluation,2928,1781,Warm B,0.010118874721229076,0.1111111119389534,0.0856071338057518,0.8888888888888888,1.7881393432617188e-07,0.32591238617897034,0.6300871968269348,,cfg02_G3_D32,1.8739664049935527,cuda
evaluation,2928,1781,Warm C,0.012608738616108894,0.111111119389534,0.10085857659578323,0.8518518518518519,1.1920928955078125e-07,0.4172329604625702,0.4339313209056854,,cfg02_G3_D32,1.8739664049935527,cuda
evaluation,2932,1783,Cold,0.004990061279386282,0.1111111119389534,0.0865212008357048,0.9135802469135802,1.1920928955078125e-07,0.0,0.0,,cfg02_G3_D32,1.8739664049935527,cuda
evaluation,2932,1783,Warm A,0.004787413403391838,0.1111111119389534,0.08799418061971664,0.9012345679012346,1.1920928955078125e-07,0.24309515953063965,0.5974658727645874,,cfg02_G3_D32,1.8739664049935527,cuda
evaluation,2932,1783,Warm B,0.007349098101258278,0.111111119389534,0.09090971946716309,0.8765432098765432,2.384185791015625e-07,0.364286333322525,0.5411972999572754,,cfg02_G3_D32,1.8739664049935527,cuda
evaluation,2932,1783,Warm C,0.0037553305737674236,0.1111111119389534,0.0912371426820755,0.8765432098765432,1.1920928955078125e-07,0.4693741500377655,0.4672866761684418,,cfg02_G3_D32,1.8739664049935527,cuda
evaluation,2935,1784,Cold,0.008683358319103718,0.111111119389534,0.12834936380386353,0.7160493827160493,1.1920928955078125e-07,0.0,0.0,,cfg02_G3_D32,1.8739664049935527,cuda
evaluation,2935,1784,Warm A,0.007393688429147005,0.1111110970377922,0.13823829591274261,0.6666666666666666,1.1920928955078125e-07,0.24448853731155396,0.20969724655151367,,cfg02_G3_D32,1.8739664049935527,cuda
evaluation,2935,1784,Warm B,0.0038973873015493155,0.1111111119389534,0.1432598978281021,0.6790123456790124,2.384185791015625e-07,0.35359200835227966,0.4463214874267578,,cfg02_G3_D32,1.8739664049935527,cuda
evaluation,2935,1784,Warm C,0.0065011088736355305,0.111111119389534,0.13398246467113495,0.6790123456790124,1.1920928955078125e-07,0.40351173281669617,0.6053048968315125,,cfg02_G3_D32,1.8739664049935527,cuda
evaluation,2936,1785,Cold,0.009016314521431923,0.1111111119389534,0.127694770693779,0.7160493827160493,2.980232238769531e-07,0.0,0.0,,cfg02_G3_D32,1.8739664049935527,cuda
evaluation,2936,1785,Warm A,0.011346286162734032,0.1111111119389534,0.12483464926481247,0.7037037037037037,2.384185791015625e-07,0.23632846772670746,0.39706382155418396,,cfg02_G3_D32,1.8739664049935527,cuda
evaluation,2936,1785,Warm B,0.00956675224006176,0.111111119389534,0.1243463009595871,0.691358024691358,2.384185791015625e-07,0.31330621242523193,0.47722044587135315,,cfg02_G3_D32,1.8739664049935527,cuda
evaluation,2936,1785,Warm C,0.008317455649375916,0.1111111119389534,0.12514616549015045,0.6790123456790124,1.1920928955078125e-07,0.43149951100349426,0.3594752252101898,,cfg02_G3_D32,1.8739664049935527,cuda
evaluation,2937,1786,Cold,0.008920091204345226,0.1111110970377922,0.1268078088760376,0.7160493827160493,2.384185791015625e-07,0.0,0.0,,cfg02_G3_D32,1.8739664049935527,cuda
evaluation,2937,1786,Warm A,0.008879553526639938,0.111111119389534,0.12943893671035767,0.7160493827160493,2.384185791015625e-07,0.2411660999059677,0.5852546095848083,,cfg02_G3_D32,1.8739664049935527,cuda
evaluation,2937,1786,Warm B,0.008659781888127327,0.1111110970377922,0.13594624400138855,0.7037037037037037,1.7881393432617188e-07,0.4428907036781311,0.4403613209724426,,cfg02_G3_D32,1.8739664049935527,cuda
evaluation,2937,1786,Warm C,0.009105896577239037,0.1111111119389534,0.1323118656873703,0.7407407407407407,1.7881393432617188e-07,0.37601277232170105,0.31566953659057617,,cfg02_G3_D32,1.8739664049935527,cuda
evaluation,2940,1787,Cold,0.00832171831279993,0.1111111119389534,0.13168776035308838,0.7037037037037037,1.1920928955078125e-07,0.0,0.0,,cfg02_G3_D32,1.8739664049935527,cuda
evaluation,2940,1787,Warm A,0.005278327036648989,0.1111110970377922,0.13848644495010376,0.691358024691358,1.7881393432617188e-07,0.23460881412029266,0.4015481173992157,,cfg02_G3_D32,1.8739664049935527,cuda
evaluation,2940,1787,Warm B,0.0064275492914021015,0.1111111119389534,0.1311386525630951,0.6790123456790124,2.384185791015625e-07,0.34193676710128784,0.6041942834854126,,cfg02_G3_D32,1.8739664049935527,cuda
evaluation,2940,1787,Warm C,0.004865453578531742,0.1111111119389534,0.13750803470611572,0.6666666666666666,1.1920928955078125e-07,0.31347349286079407,0.4294009208679199,,cfg02_G3_D32,1.8739664049935527,cuda
evaluation,2943,1790,Cold,0.004059073515236378,0.1111111119389534,0.08435333520174026,0.8888888888888888,1.1920928955078125e-07,0.0,0.0,,cfg02_G3_D32,1.8739664049935527,cuda
evaluation,2943,1790,Warm A,0.0064840903505682945,0.1111111119389534,0.07712932676076889,0.9259259259259259,2.384185791015625e-07,0.23033790290355682,0.6208822727203369,,cfg02_G3_D32,1.8739664049935527,cuda
evaluation,2943,1790,Warm B,0.005281088873744011,0.1111111119389534,0.09174297749996185,0.8765432098765432,2.384185791015625e-07,0.33699485659599304,0.7711697816848755,,cfg02_G3_D32,1.8739664049935527,cuda
evaluation,2943,1790,Warm C,0.0033941816072911024,0.1111111119389534,0.11060209572315216,0.7777777777777778,1.1920928955078125e-07,0.39784184098243713,0.5582939386367798,,cfg02_G3_D32,1.8739664049935527,cuda
evaluation,2952,1798,Cold,0.005252833012491465,0.1111110970377922,0.1020071730017662,0.8024691358024691,2.384185791015625e-07,0.0,0.0,,cfg02_G3_D32,1.8739664049935527,cuda
evaluation,2952,1798,Warm A,0.0029319021850824356,0.1111111119389534,0.1229003444314003,0.7530864197530864,2.384185791015625e-07,0.24190686643123627,0.6295073628425598,,cfg02_G3_D32,1.8739664049935527,cuda
evaluation,2952,1798,Warm B,0.0009170451667159796,0.1111111119389534,0.11573806405067444,0.7777777777777778,2.384185791015625e-07,0.36713430285453796,0.5151330828666687,,cfg02_G3_D32,1.8739664049935527,cuda
evaluation,2952,1798,Warm C,-0.0016420792089775205,0.111111119389534,0.11921317875385284,0.7654320987654321,2.384185791015625e-07,0.5013709664344788,0.6716348528862,,cfg02_G3_D32,1.8739664049935527,cuda
evaluation,2956,1800,Cold,0.005011983681470156,0.1111111119389534,0.09627523273229599,0.8271604938271605,1.1920928955078125e-07,0.0,0.0,,cfg02_G3_D32,1.8739664049935527,cuda
evaluation,2956,1800,Warm A,0.008279422298073769,0.1111110970377922,0.0867532342672348,0.8765432098765432,1.1920928955078125e-07,0.24037575721740723,0.5719287991523743,,cfg02_G3_D32,1.8739664049935527,cuda
evaluation,2956,1800,Warm B,0.0100192129611969,0.111111119389534,0.09201399981975555,0.8271604938271605,2.384185791015625e-07,0.34997326135635376,0.46803292632102966,,cfg02_G3_D32,1.8739664049935527,cuda
evaluation,2956,1800,Warm C,0.013570156879723072,0.111111119389534,0.10824000090360641,0.7901234567901234,2.384185791015625e-07,0.4595894515514374,0.5564704537391663,,cfg02_G3_D32,1.8739664049935527,cuda
evaluation,2965,1803,Cold,0.004214318003505468,0.1111111119389534,0.08715055882930756,0.8518518518518519,1.7881393432617188e-07,0.0,0.0,,cfg02_G3_D32,1.8739664049935527,cuda
evaluation,2965,1803,Warm A,0.006783159449696541,0.1111111119389534,0.08012570440769196,0.9259259259259259,1.1920928955078125e-07,0.23644672334194183,0.412496417760849,,cfg02_G3_D32,1.8739664049935527,cuda
evaluation,2965,1803,Warm B,0.008568397723138332,0.1111111119389534,0.10051705688238144,0.8395061728395061,1.1920928955078125e-07,0.44989949464797974,0.4458010792732239,,cfg02_G3_D32,1.8739664049935527,cuda
evaluation,2965,1803,Warm C,0.010888833552598953,0.1111111119389534,0.12380064278841019,0.7037037037037037,2.384185791015625e-07,0.6232970952987671,0.38996919989585876,,cfg02_G3_D32,1.8739664049935527,cuda
evaluation,2967,1805,Cold,0.007792103569954634,0.1111111119389534,0.1215730533003807,0.7283950617283951,2.384185791015625e-07,0.0,0.0,,cfg02_G3_D32,1.8739664049935527,cuda
evaluation,2967,1805,Warm A,0.009878813289105892,0.111111119389534,0.11698295921087265,0.7037037037037037,1.1920928955078125e-07,0.24815227091312408,0.6885488629341125,,cfg02_G3_D32,1.8739664049935527,cuda
evaluation,2967,1805,Warm B,0.007783927489072084,0.1111111119389534,0.12228041887283325,0.7283950617283951,2.384185791015625e-07,0.25607648491859436,0.5390799641609192,,cfg02_G3_D32,1.8739664049935527,cuda
evaluation,2967,1805,Warm C,0.010681339539587498,0.1111110970377922,0.12011169642210007,0.7037037037037037,2.384185791015625e-07,0.37473350763320923,0.5378292798995972,,cfg02_G3_D32,1.8739664049935527,cuda
evaluation,2969,1807,Cold,0.005474303383380175,0.1111111119389534,0.10896974056959152,0.8395061728395061,1.1920928955078125e-07,0.0,0.0,,cfg02_G3_D32,1.8739664049935527,cuda
evaluation,2969,1807,Warm A,0.005156152881681919,0.1111111119389534,0.11409131437540054,0.8271604938271605,2.384185791015625e-07,0.22097305953502655,0.4670303761959076,,cfg02_G3_D32,1.8739664049935527,cuda
evaluation,2969,1807,Warm B,0.006393659859895706,0.1111110970377922,0.13002751767635345,0.7777777777777778,2.384185791015625e-07,0.365704745054245,0.3134753406047821,,cfg02_G3_D32,1.8739664049935527,cuda
evaluation,2969,1807,Warm C,0.005369353573769331,0.1111111119389534,0.11301884800195694,0.8024691358024691,1.1920928955078125e-07,0.32578548789024353,0.8893176913261414,,cfg02_G3_D32,1.8739664049935527,cuda
evaluation,2970,1808,Cold,0.005123508628457785,0.1111111119389534,0.09247083216905594,0.8641975308641975,1.7881393432617188e-07,0.0,0.0,,cfg02_G3_D32,1.8739664049935527,cuda
evaluation,2970,1808,Warm A,0.0031873281113803387,0.1111111119389534,0.110011525452137,0.8024691358024691,1.1920928955078125e-07,0.23485738039016724,0.5558633804321289,,cfg02_G3_D32,1.8739664049935527,cuda
evaluation,2970,1808,Warm B,0.002939889905974269,0.1111111119389534,0.10686555504798889,0.8271604938271605,2.384185791015625e-07,0.24387569725513458,0.39827418327331543,,cfg02_G3_D32,1.8739664049935527,cuda
evaluation,2970,1808,Warm C,0.00019631975737866014,0.1111111119389534,0.12598681449890137,0.7283950617283951,1.1920928955078125e-07,0.4072646498680115,0.3445846736431122,,cfg02_G3_D32,1.8739664049935527,cuda
evaluation,2972,1810,Cold,0.0049952175468206406,0.1111110970377922,0.09942471235990524,0.8271604938271605,2.384185791015625e-07,0.0,0.0,,cfg02_G3_D32,1.8739664049935527,cuda
evaluation,2972,1810,Warm A,0.005460820160806179,0.1111110970377922,0.11270101368427277,0.8024691358024691,2.384185791015625e-07,0.21943511068820953,0.6128267645835876,,cfg02_G3_D32,1.8739664049935527,cuda
evaluation,2972,1810,Warm B,0.005678904242813587,0.1111111119389534,0.09399379044771194,0.8518518518518519,2.384185791015625e-07,0.24896182119846344,0.5049191117286682,,cfg02_G3_D32,1.8739664049935527,cuda
evaluation,2972,1810,Warm C,0.002976825926452875,0.1111111119389534,0.11265072226524353,0.8024691358024691,2.384185791015625e-07,0.274696409702301,0.43470630049705505,,cfg02_G3_D32,1.8739664049935527,cuda
evaluation,2974,1812,Cold,0.004209987353533506,0.1111111119389534,0.08982416987419128,0.9012345679012346,1.1920928955078125e-07,0.0,0.0,,cfg02_G3_D32,1.8739664049935527,cuda
evaluation,2974,1812,Warm A,0.005378406960517168,0.111111119389534,0.07428988069295883,0.9506172839506173,2.384185791015625e-07,0.2466159462928772,0.49563559889793396,,cfg02_G3_D32,1.8739664049935527,cuda
evaluation,2974,1812,Warm B,0.008146342821419239,0.1111110970377922,0.08799686282873154,0.9259259259259259,1.1920928955078125e-07,0.45133069157600403,0.4506669044494629,,cfg02_G3_D32,1.8739664049935527,cuda
evaluation,2974,1812,Warm C,0.010706937871873379,0.1111110970377922,0.11402831226587296,0.7901234567901234,2.384185791015625e-07,0.5514011383056641,0.1629962921142578,,cfg02_G3_D32,1.8739664049935527,cuda
evaluation,2975,1813,Cold,0.004283869173377752,0.1111111119389534,0.09578829258680344,0.8765432098765432,1.1920928955078125e-07,0.0,0.0,,cfg02_G3_D32,1.8739664049935527,cuda
evaluation,2975,1813,Warm A,0.004579056054353714,0.1111110970377922,0.08206230401992798,0.9382716049382716,1.7881393432617188e-07,0.25091663002967834,0.748541533946991,,cfg02_G3_D32,1.8739664049935527,cuda
evaluation,2975,1813,Warm B,0.006693825125694275,0.111111119389534,0.08163773268461227,0.9382716049382716,2.384185791015625e-07,0.43495669960975647,0.6597716808319092,,cfg02_G3_D32,1.8739664049935527,cuda
evaluation,2975,1813,Warm C,0.005033941473811865,0.111111119389534,0.07935270667076111,0.9506172839506173,2.384185791015625e-07,0.3940448462963104,0.5902447700500488,,cfg02_G3_D32,1.8739664049935527,cuda
evaluation,2978,1815,Cold,0.0036249039694666862,0.1111111119389534,0.08475665748119354,0.9259259259259259,2.384185791015625e-07,0.0,0.0,,cfg02_G3_D32,1.8739664049935527,cuda
evaluation,2978,1815,Warm A,0.004629950970411301,0.1111111119389534,0.07237626612186432,0.9506172839506173,1.1920928955078125e-07,0.23657527565956116,0.6866691708564758,,cfg02_G3_D32,1.8739664049935527,cuda
evaluation,2978,1815,Warm B,0.006003654561936855,0.1111111119389534,0.07713444530963898,0.9135802469135802,1.1920928955078125e-07,0.40278360247612,0.6217649579048157,,cfg02_G3_D32,1.8739664049935527,cuda
evaluation,2978,1815,Warm C,0.00852181762456894,0.1111110970377922,0.09321533143520355,0.8271604938271605,1.1920928955078125e-07,0.44738027453422546,0.4532621502876282,,cfg02_G3_D32,1.8739664049935527,cuda
evaluation,2983,1816,Cold,0.00781920738518238,0.1111111119389534,0.11663612723350525,0.7407407407407407,2.384185791015625e-07,0.0,0.0,,cfg02_G3_D32,1.8739664049935527,cuda
evaluation,2983,1816,Warm A,0.013190606608986855,0.111111119389534,0.111452616751194,0.7407407407407407,1.1920928955078125e-07,0.2282191514968872,0.5194141864776611,,cfg02_G3_D32,1.8739664049935527,cuda
evaluation,2983,1816,Warm B,0.00930007267743349,0.1111111119389534,0.11910200119018555,0.7530864197530864,5.960464477539063e-08,0.3129907250404358,0.382038414478302,,cfg02_G3_D32,1.8739664049935527,cuda
evaluation,2983,1816,Warm C,0.006951396819204092,0.1111111119389534,0.13177278637886047,0.7654320987654321,1.7881393432617188e-07,0.3775646686553955,0.386264830827713,,cfg02_G3_D32,1.8739664049935527,cuda
evaluation,2988,1820,Cold,0.004980116151273251,0.1111111119389534,0.08892012387514114,0.8888888888888888,2.384185791015625e-07,0.0,0.0,,cfg02_G3_D32,1.8739664049935527,cuda
evaluation,2988,1820,Warm A,0.004254564177244902,0.1111111119389534,0.09540143609046936,0.8395061728395061,2.384185791015625e-07,0.24516890943050385,0.7711952924728394,,cfg02_G3_D32,1.8739664049935527,cuda
evaluation,2988,1820,Warm B,0.006776582915335894,0.1111111119389534,0.08590289205312729,0.8518518518518519,2.384185791015625e-07,0.29121702909469604,0.5854719281196594,,cfg02_G3_D32,1.8739664049935527,cuda
evaluation,2988,1820,Warm C,0.0075627476908266544,0.1111111119389534,0.0923258438706398,0.8395061728395061,2.384185791015625e-07,0.3621213436126709,0.4858890175819397,,cfg02_G3_D32,1.8739664049935527,cuda
evaluation,2996,1826,Cold,0.004012527875602245,0.1111110970377922,0.09000694751739502,0.9012345679012346,2.384185791015625e-07,0.0,0.0,,cfg02_G3_D32,1.8739664049935527,cuda
evaluation,2996,1826,Warm A,0.004787739831954241,0.1111111119389534,0.07773174345493317,0.9382716049382716,1.7881393432617188e-07,0.229495570063591,0.7564763426780701,,cfg02_G3_D32,1.8739664049935527,cuda
evaluation,2996,1826,Warm B,0.003198841121047735,0.1111110970377922,0.09152308106422424,0.8888888888888888,1.1920928955078125e-07,0.2551719844341278,0.5127248167991638,,cfg02_G3_D32,1.8739664049935527,cuda
evaluation,2996,1826,Warm C,0.0023378159385174513,0.1111111119389534,0.11135105043649673,0.8024691358024691,1.1920928955078125e-07,0.36405202746391296,0.5679547190666199,,cfg02_G3_D32,1.8739664049935527,cuda
evaluation,3011,1833,Cold,0.005476640071719885,0.1111111119389534,0.10727003216743469,0.8395061728395061,1.1920928955078125e-07,0.0,0.0,,cfg02_G3_D32,1.8739664049935527,cuda
evaluation,3011,1833,Warm A,0.009514803998172283,0.1111111119389534,0.10214968770742416,0.8271604938271605,1.1920928955078125e-07,0.22651684284210205,0.5994172096252441,,cfg02_G3_D32,1.8739664049935527,cuda
evaluation,3011,1833,Warm B,0.012815160676836967,0.1111111119389534,0.10803738236427307,0.7777777777777778,1.1920928955078125e-07,0.3411485552787781,0.6718866229057312,,cfg02_G3_D32,1.8739664049935527,cuda
evaluation,3011,1833,Warm C,0.009161695837974548,0.111111119389534,0.1006501242518425,0.8271604938271605,1.1920928955078125e-07,0.3732191026210785,0.6029030084609985,,cfg02_G3_D32,1.8739664049935527,cuda
evaluation,3013,1834,Cold,0.0031775198876857758,0.1111111119389534,0.07909803837537766,0.9506172839506173,1.1920928955078125e-07,0.0,0.0,,cfg02_G3_D32,1.8739664049935527,cuda
evaluation,3013,1834,Warm A,0.004439053125679493,0.1111111119389534,0.080248162150383,0.9382716049382716,2.980232238769531e-07,0.24119031429290771,0.6321790814399719,,cfg02_G3_D32,1.8739664049935527,cuda
evaluation,3013,1834,Warm B,0.005822942592203617,0.1111111119389534,0.07206154614686966,0.9876543209876543,1.1920928955078125e-07,0.37338483333587646,0.43737760186195374,,cfg02_G3_D32,1.8739664049935527,cuda
evaluation,3013,1834,Warm C,0.008832120336592197,0.1111111119389534,0.09569929540157318,0.8765432098765432,5.960464477539063e-08,0.5008945465087891,0.5490450859069824,,cfg02_G3_D32,1.8739664049935527,cuda
evaluation,3015,1835,Cold,0.006328795570880175,0.111111119389534,0.10431138426065445,0.8271604938271605,3.5762786865234375e-07,0.0,0.0,,cfg02_G3_D32,1.8739664049935527,cuda
evaluation,3015,1835,Warm A,0.009985475800931454,0.1111111119389534,0.10031846910715103,0.8024691358024691,2.384185791015625e-07,0.24449634552001953,0.5757736563682556,,cfg02_G3_D32,1.8739664049935527,cuda
evaluation,3015,1835,Warm B,0.011912651360034943,0.1111111119389534,0.11102858930826187,0.7777777777777778,2.384185791015625e-07,0.3566449284553528,0.4564419686794281,,cfg02_G3_D32,1.8739664049935527,cuda
evaluation,3015,1835,Warm C,0.009490828029811382,0.1111111119389534,0.10215333104133606,0.7777777777777778,2.384185791015625e-07,0.4249182939529419,0.635944664478302,,cfg02_G3_D32,1.8739664049935527,cuda
evaluation,3017,1837,Cold,0.0036506291944533587,0.1111110970377922,0.06670169532299042,0.9629629629629629,1.1920928955078125e-07,0.0,0.0,,cfg02_G3_D32,1.8739664049935527,cuda
evaluation,3017,1837,Warm A,0.005818591918796301,0.1111111119389534,0.08490009605884552,0.9382716049382716,2.980232238769531e-07,0.2278744876384735,0.44340354204177856,,cfg02_G3_D32,1.8739664049935527,cuda
evaluation,3017,1837,Warm B,0.008230800740420818,0.1111111119389534,0.10572095215320587,0.8765432098765432,1.1920928955078125e-07,0.3101666569709778,0.42064857482910156,,cfg02_G3_D32,1.8739664049935527,cuda
evaluation,3017,1837,Warm C,0.007733119186013937,0.1111111119389534,0.08719088137149811,0.9012345679012346,1.1920928955078125e-07,0.4138227701187134,0.6039580702781677,,cfg02_G3_D32,1.8739664049935527,cuda
evaluation,3024,1842,Cold,0.004351283423602581,0.1111110970377922,0.08713249862194061,0.9012345679012346,1.1920928955078125e-07,0.0,0.0,,cfg02_G3_D32,1.8739664049935527,cuda
evaluation,3024,1842,Warm A,0.007398195564746857,0.1111111119389534,0.08567330986261368,0.8765432098765432,2.384185791015625e-07,0.24341125786304474,0.591820240020752,,cfg02_G3_D32,1.8739664049935527,cuda
evaluation,3024,1842,Warm B,0.010199807584285736,0.1111111119389534,0.10096566379070282,0.8024691358024691,2.384185791015625e-07,0.4691045582294464,0.4412918984889984,,cfg02_G3_D32,1.8739664049935527,cuda
evaluation,3024,1842,Warm C,0.01399844978004694,0.1111111119389534,0.12408151477575302,0.7037037037037037,2.384185791015625e-07,0.5770890712738037,0.333543062210083,,cfg02_G3_D32,1.8739664049935527,cuda
evaluation,3028,1843,Cold,0.006112916395068169,0.111111119389534,0.10523822903633118,0.8148148148148148,2.384185791015625e-07,0.0,0.0,,cfg02_G3_D32,1.8739664049935527,cuda
evaluation,3028,1843,Warm A,0.0049417028203606606,0.1111111119389534,0.1142314076423645,0.8024691358024691,1.7881393432617188e-07,0.23455514013767242,0.47499457001686096,,cfg02_G3_D32,1.8739664049935527,cuda
evaluation,3028,1843,Warm B,0.007899239659309387,0.1111111119389534,0.10551222413778305,0.8148148148148148,1.1920928955078125e-07,0.2970283031463623,0.5498019456863403,,cfg02_G3_D32,1.8739664049935527,cuda
evaluation,3028,1843,Warm C,0.009083406068384647,0.1111111119389534,0.1056140661239624,0.8024691358024691,1.1920928955078125e-07,0.3872584402561188,0.6123327612876892,,cfg02_G3_D32,1.8739664049935527,cuda
evaluation,3029,1844,Cold,0.005184599198400974,0.1111111119389534,0.09830959141254425,0.8271604938271605,1.1920928955078125e-07,0.0,0.0,,cfg02_G3_D32,1.8739664049935527,cuda
evaluation,3029,1844,Warm A,0.009735028259456158,0.1111111119389534,0.091388039290905,0.8765432098765432,1.1920928955078125e-07,0.2319849282503128,0.6225572824478149,,cfg02_G3_D32,1.8739664049935527,cuda
evaluation,3029,1844,Warm B,0.010183986276388168,0.1111111119389534,0.09205196052789688,0.8641975308641975,1.7881393432617188e-07,0.3498402237892151,0.5622841715812683,,cfg02_G3_D32,1.8739664049935527,cuda
evaluation,3029,1844,Warm C,0.013431028462946415,0.1111110970377922,0.09839709103107452,0.8395061728395061,2.980232238769531e-07,0.5011483430862427,0.5994389057159424,,cfg02_G3_D32,1.8739664049935527,cuda
evaluation,3036,1850,Cold,0.005110456142574549,0.1111111119389534,0.09232063591480255,0.8518518518518519,2.384185791015625e-07,0.0,0.0,,cfg02_G3_D32,1.8739664049935527,cuda
evaluation,3036,1850,Warm A,0.004061729181557894,0.111111119389534,0.09094354510307312,0.8518518518518519,1.1920928955078125e-07,0.2442663311958313,0.6727582812309265,,cfg02_G3_D32,1.8739664049935527,cuda
evaluation,3036,1850,Warm B,0.002356461249291897,0.1111110970377922,0.09568905085325241,0.8271604938271605,1.1920928955078125e-07,0.4041278064250946,0.7312998175621033,,cfg02_G3_D32,1.8739664049935527,cuda
evaluation,3036,1850,Warm C,0.00480167381465435,0.1111111119389534,0.09171634912490845,0.8888888888888888,1.7881393432617188e-07,0.38475900888442993,0.5250164270401001,,cfg02_G3_D32,1.8739664049935527,cuda
evaluation,3038,1852,Cold,0.006577325984835625,0.1111111119389534,0.11909522116184235,0.7654320987654321,2.980232238769531e-07,0.0,0.0,,cfg02_G3_D32,1.8739664049935527,cuda
evaluation,3038,1852,Warm A,0.0055376081727445126,0.1111110970377922,0.12782548367977142,0.7530864197530864,2.384185791015625e-07,0.2517215609550476,0.2208753079175949,,cfg02_G3_D32,1.8739664049935527,cuda
evaluation,3038,1852,Warm B,0.005977859254926443,0.1111111119389534,0.11616500467061996,0.7530864197530864,3.5762786865234375e-07,0.2760644257068634,0.6075137257575989,,cfg02_G3_D32,1.8739664049935527,cuda
evaluation,3038,1852,Warm C,0.006255422253161669,0.1111111119389534,0.12733705341815948,0.7407407407407407,1.1920928955078125e-07,0.2918681502342224,0.3391281068325043,,cfg02_G3_D32,1.8739664049935527,cuda
evaluation,3041,1855,Cold,0.0048616607673466206,0.1111111119389534,0.07599366456270218,0.9382716049382716,1.1920928955078125e-07,0.0,0.0,,cfg02_G3_D32,1.8739664049935527,cuda
evaluation,3041,1855,Warm A,0.0068972185254096985,0.1111111119389534,0.08578389883041382,0.9135802469135802,2.384185791015625e-07,0.2427673488855362,0.5801832675933838,,cfg02_G3_D32,1.8739664049935527,cuda
evaluation,3041,1855,Warm B,0.00807072315365076,0.111111119389534,0.11381547898054123,0.8024691358024691,2.384185791015625e-07,0.4750990569591522,0.2715882956981659,,cfg02_G3_D32,1.8739664049935527,cuda
evaluation,3041,1855,Warm C,0.011165224015712738,0.1111111119389534,0.13561475276947021,0.6419753086419753,3.5762786865234375e-07,0.6961535215377808,0.2413165122270584,,cfg02_G3_D32,1.8739664049935527,cuda
evaluation,3042,1856,Cold,0.004773222841322422,0.1111110970377922,0.07748859375715256,0.9382716049382716,2.384185791015625e-07,0.0,0.0,,cfg02_G3_D32,1.8739664049935527,cuda
evaluation,3042,1856,Warm A,0.007306078914552927,0.1111111119389534,0.08437268435955048,0.9135802469135802,1.7881393432617188e-07,0.24764417111873627,0.5329388976097107,,cfg02_G3_D32,1.8739664049935527,cuda
evaluation,3042,1856,Warm B,0.0103082787245512,0.1111111119389534,0.10951188951730728,0.7901234567901234,2.384185791015625e-07,0.4624929428100586,0.46333304047584534,,cfg02_G3_D32,1.8739664049935527,cuda
evaluation,3042,1856,Warm C,0.013833481818437576,0.111111119389534,0.12993820011615753,0.6296296296296297,1.1920928955078125e-07,0.6621397733688354,0.15731346607208252,,cfg02_G3_D32,1.8739664049935527,cuda
evaluation,3045,1858,Cold,0.003979534842073917,0.111111119389534,0.08464925736188889,0.9012345679012346,2.384185791015625e-07,0.0,0.0,,cfg02_G3_D32,1.8739664049935527,cuda
evaluation,3045,1858,Warm A,0.006127572152763605,0.111111119389534,0.07538602501153946,0.9135802469135802,1.1920928955078125e-07,0.2464406043291092,0.4548144042491913,,cfg02_G3_D32,1.8739664049935527,cuda
evaluation,3045,1858,Warm B,0.008052514865994453,0.1111111119389534,0.09375932067632675,0.8888888888888888,2.384185791015625e-07,0.40780219435691833,0.5054421424865723,,cfg02_G3_D32,1.8739664049935527,cuda
evaluation,3045,1858,Warm C,0.007011076435446739,0.111111119389534,0.07937902212142944,0.9259259259259259,1.1920928955078125e-07,0.37933269143104553,0.5991718173027039,,cfg02_G3_D32,1.8739664049935527,cuda
evaluation,3046,1859,Cold,0.0034763976000249386,0.1111111119389534,0.08242931216955185,0.9259259259259259,2.384185791015625e-07,0.0,0.0,,cfg02_G3_D32,1.8739664049935527,cuda
evaluation,3046,1859,Warm A,0.0031841828022152185,0.1111110970377922,0.08941898494958878,0.8765432098765432,2.384185791015625e-07,0.21831774711608887,0.6540017127990723,,cfg02_G3_D32,1.8739664049935527,cuda
evaluation,3046,1859,Warm B,0.0036676889285445213,0.1111111119389534,0.09662875533103943,0.8641975308641975,2.384185791015625e-07,0.2160787135362625,0.6838266253471375,,cfg02_G3_D32,1.8739664049935527,cuda
evaluation,3046,1859,Warm C,0.003958527930080891,0.111111119389534,0.072857566177845,0.9506172839506173,1.1920928955078125e-07,0.33231112360954285,0.6473873257637024,,cfg02_G3_D32,1.8739664049935527,cuda
evaluation,3048,1860,Cold,0.004801437258720398,0.111111119389534,0.09256330877542496,0.8641975308641975,2.384185791015625e-07,0.0,0.0,,cfg02_G3_D32,1.8739664049935527,cuda
evaluation,3048,1860,Warm A,0.007547740358859301,0.1111111119389534,0.08808299154043198,0.8888888888888888,1.1920928955078125e-07,0.2509763836860657,0.6443718671798706,,cfg02_G3_D32,1.8739664049935527,cuda
evaluation,3048,1860,Warm B,0.009524657391011715,0.1111110970377922,0.10772614181041718,0.8024691358024691,1.1920928955078125e-07,0.42910170555114746,0.3833265006542206,,cfg02_G3_D32,1.8739664049935527,cuda
evaluation,3048,1860,Warm C,0.012249615974724293,0.1111111119389534,0.12596635520458221,0.7407407407407407,2.384185791015625e-07,0.4356173574924469,0.40516397356987,,cfg02_G3_D32,1.8739664049935527,cuda
evaluation,3051,1861,Cold,0.004358099773526192,0.1111111119389534,0.09540286660194397,0.8765432098765432,1.1920928955078125e-07,0.0,0.0,,cfg02_G3_D32,1.8739664049935527,cuda
evaluation,3051,1861,Warm A,0.006211739033460617,0.1111110970377922,0.07787586748600006,0.9135802469135802,2.384185791015625e-07,0.2438773661851883,0.6350225806236267,,cfg02_G3_D32,1.8739664049935527,cuda
evaluation,3051,1861,Warm B,0.00595502182841301,0.1111111119389534,0.0814933255314827,0.9135802469135802,1.1920928955078125e-07,0.36376234889030457,0.696511447429657,,cfg02_G3_D32,1.8739664049935527,cuda
evaluation,3051,1861,Warm C,0.006030190736055374,0.111111119389534,0.08231988549232483,0.9135802469135802,1.1920928955078125e-07,0.4447888731956482,0.6288571357727051,,cfg02_G3_D32,1.8739664049935527,cuda
evaluation,3054,1864,Cold,0.0028518950566649437,0.1111111119389534,0.07769472151994705,0.9259259259259259,2.384185791015625e-07,0.0,0.0,,cfg02_G3_D32,1.8739664049935527,cuda
evaluation,3054,1864,Warm A,0.00514500355347991,0.1111110970377922,0.06636959314346313,0.9629629629629629,1.1920928955078125e-07,0.2410566508769989,0.6353885531425476,,cfg02_G3_D32,1.8739664049935527,cuda
evaluation,3054,1864,Warm B,0.009206852875649929,0.1111110970377922,0.09063612669706345,0.9135802469135802,1.7881393432617188e-07,0.45598238706588745,0.295903742313385,,cfg02_G3_D32,1.8739664049935527,cuda
evaluation,3054,1864,Warm C,0.011683019809424877,0.1111111119389534,0.11951873451471329,0.7160493827160493,1.1920928955078125e-07,0.5482856035232544,0.2859366238117218,,cfg02_G3_D32,1.8739664049935527,cuda
evaluation,3055,1865,Cold,0.005121356341987848,0.1111110970377922,0.09440187364816666,0.8518518518518519,1.1920928955078125e-07,0.0,0.0,,cfg02_G3_D32,1.8739664049935527,cuda
evaluation,3055,1865,Warm A,0.0045741843059659,0.1111111119389534,0.0954211875796318,0.8641975308641975,1.1920928955078125e-07,0.2355131059885025,0.6639542579650879,,cfg02_G3_D32,1.8739664049935527,cuda
evaluation,3055,1865,Warm B,0.007312621455639601,0.1111111119389534,0.08590717613697052,0.8888888888888888,1.1920928955078125e-07,0.3890346586704254,0.7427064776420593,,cfg02_G3_D32,1.8739664049935527,cuda
evaluation,3055,1865,Warm C,0.004380673635751009,0.1111111119389534,0.09483607113361359,0.8641975308641975,1.1920928955078125e-07,0.48321300745010376,0.8160293698310852,,cfg02_G3_D32,1.8739664049935527,cuda
evaluation,3063,1869,Cold,0.0057509103789925575,0.1111111119389534,0.09479647874832153,0.8271604938271605,1.1920928955078125e-07,0.0,0.0,,cfg02_G3_D32,1.8739664049935527,cuda
evaluation,3063,1869,Warm A,0.009966370649635792,0.1111110970377922,0.0876445323228836,0.8888888888888888,1.1920928955078125e-07,0.24276888370513916,0.7082130908966064,,cfg02_G3_D32,1.8739664049935527,cuda
evaluation,3063,1869,Warm B,0.012596500106155872,0.1111111119389534,0.09997938573360443,0.8518518518518519,1.1920928955078125e-07,0.32066890597343445,0.4059591293334961,,cfg02_G3_D32,1.8739664049935527,cuda
evaluation,3063,1869,Warm C,0.01277485117316246,0.1111111119389534,0.10657333582639694,0.8271604938271605,2.384185791015625e-07,0.46472230553627014,0.5504264831542969,,cfg02_G3_D32,1.8739664049935527,cuda
evaluation,3066,1870,Cold,0.00615856796503067,0.111111119389534,0.11109136790037155,0.7901234567901234,2.384185791015625e-07,0.0,0.0,,cfg02_G3_D32,1.8739664049935527,cuda
evaluation,3066,1870,Warm A,0.009560229256749153,0.1111110970377922,0.10610191524028778,0.7654320987654321,1.1920928955078125e-07,0.2445768564939499,0.6381145119667053,,cfg02_G3_D32,1.8739664049935527,cuda
evaluation,3066,1870,Warm B,0.010743333026766777,0.1111111119389534,0.10963136702775955,0.7407407407407407,2.384185791015625e-07,0.3727165758609772,0.7378624081611633,,cfg02_G3_D32,1.8739664049935527,cuda
evaluation,3066,1870,Warm C,0.007926110178232193,0.1111111119389534,0.10083665698766708,0.7530864197530864,1.1920928955078125e-07,0.40255606174468994,0.6274932622909546,,cfg02_G3_D32,1.8739664049935527,cuda
evaluation,3075,1877,Cold,0.007585428189486265,0.1111111119389534,0.11570499837398529,0.7407407407407407,2.384185791015625e-07,0.0,0.0,,cfg02_G3_D32,1.8739664049935527,cuda
evaluation,3075,1877,Warm A,0.005581523757427931,0.111111119389534,0.12884239852428436,0.7407407407407407,3.5762786865234375e-07,0.24631771445274353,0.4331376254558563,,cfg02_G3_D32,1.8739664049935527,cuda
evaluation,3075,1877,Warm B,0.00697601493448019,0.1111110970377922,0.12745490670204163,0.7654320987654321,1.7881393432617188e-07,0.4306803345680237,0.35725393891334534,,cfg02_G3_D32,1.8739664049935527,cuda
evaluation,3075,1877,Warm C,0.008561431430280209,0.1111111119389534,0.12366344034671783,0.7530864197530864,2.384185791015625e-07,0.3785650432109833,0.5125018954277039,,cfg02_G3_D32,1.8739664049935527,cuda
evaluation,3076,1878,Cold,0.006202261429280043,0.1111111119389534,0.11049690842628479,0.8024691358024691,1.1920928955078125e-07,0.0,0.0,,cfg02_G3_D32,1.8739664049935527,cuda
evaluation,3076,1878,Warm A,0.006476970389485359,0.1111111119389534,0.10671977698802948,0.8024691358024691,1.1920928955078125e-07,0.23352037370204926,0.5507540106773376,,cfg02_G3_D32,1.8739664049935527,cuda
evaluation,3076,1878,Warm B,0.009311316534876823,0.1111111119389534,0.10451347380876541,0.7530864197530864,2.384185791015625e-07,0.3423428237438202,0.6429163813591003,,cfg02_G3_D32,1.8739664049935527,cuda
evaluation,3076,1878,Warm C,0.006172769702970982,0.1111111119389534,0.10813555866479874,0.7654320987654321,2.384185791015625e-07,0.41075822710990906,0.5320386290550232,,cfg02_G3_D32,1.8739664049935527,cuda
evaluation,3077,1879,Cold,0.0032319107558578253,0.111111119389534,0.08439107239246368,0.9259259259259259,2.384185791015625e-07,0.0,0.0,,cfg02_G3_D32,1.8739664049935527,cuda
evaluation,3077,1879,Warm A,0.0021727869752794504,0.1111111119389534,0.1031600683927536,0.8148148148148148,1.1920928955078125e-07,0.23112916946411133,0.5832027792930603,,cfg02_G3_D32,1.8739664049935527,cuda
evaluation,3077,1879,Warm B,0.0008190733497031033,0.111111119389534,0.1224827840924263,0.7283950617283951,2.384185791015625e-07,0.4117107093334198,0.5646675825119019,,cfg02_G3_D32,1.8739664049935527,cuda
evaluation,3077,1879,Warm C,0.0007482044748030603,0.1111110970377922,0.12654753029346466,0.7530864197530864,2.384185791015625e-07,0.46223220229148865,0.30832162499427795,,cfg02_G3_D32,1.8739664049935527,cuda
evaluation,3078,1880,Cold,0.004463170189410448,0.1111111119389534,0.09611941128969193,0.8765432098765432,1.7881393432617188e-07,0.0,0.0,,cfg02_G3_D32,1.8739664049935527,cuda
evaluation,3078,1880,Warm A,0.005572945810854435,0.1111111119389534,0.08205829560756683,0.9012345679012346,1.7881393432617188e-07,0.23738926649093628,0.7107642889022827,,cfg02_G3_D32,1.8739664049935527,cuda
evaluation,3078,1880,Warm B,0.00455304142087698,0.111111119389534,0.09657943248748779,0.8641975308641975,2.384185791015625e-07,0.2811965346336365,0.6926718354225159,,cfg02_G3_D32,1.8739664049935527,cuda
evaluation,3078,1880,Warm C,0.006167498882859945,0.1111111119389534,0.0897485762834549,0.8765432098765432,2.384185791015625e-07,0.26151806116104126,0.5273823142051697,,cfg02_G3_D32,1.8739664049935527,cuda
evaluation,3079,1881,Cold,0.004256669897586107,0.111111119389534,0.09437486529350281,0.8765432098765432,2.384185791015625e-07,0.0,0.0,,cfg02_G3_D32,1.8739664049935527,cuda
evaluation,3079,1881,Warm A,0.003381603630259633,0.1111111119389534,0.11418873071670532,0.7777777777777778,2.384185791015625e-07,0.21983695030212402,0.651408851146698,,cfg02_G3_D32,1.8739664049935527,cuda
evaluation,3079,1881,Warm B,0.0030836693476885557,0.1111111119389534,0.11239524930715561,0.7407407407407407,1.1920928955078125e-07,0.32074984908103943,0.5140432119369507,,cfg02_G3_D32,1.8739664049935527,cuda
evaluation,3079,1881,Warm C,0.003648620331659913,0.1111110970377922,0.12638427317142487,0.691358024691358,1.1920928955078125e-07,0.32303494215011597,0.4643116891384125,,cfg02_G3_D32,1.8739664049935527,cuda
evaluation,3086,1885,Cold,0.00970748346298933,0.111111119389534,0.13611717522144318,0.6419753086419753,2.384185791015625e-07,0.0,0.0,,cfg02_G3_D32,1.8739664049935527,cuda
evaluation,3086,1885,Warm A,0.014019453898072243,0.1111111119389534,0.13297970592975616,0.6419753086419753,1.1920928955078125e-07,0.25345146656036377,0.6352579593658447,,cfg02_G3_D32,1.8739664049935527,cuda
evaluation,3086,1885,Warm B,0.018266605213284492,0.1111111119389534,0.12907294929027557,0.6666666666666666,2.384185791015625e-07,0.44131556153297424,0.7438247799873352,,cfg02_G3_D32,1.8739664049935527,cuda
evaluation,3086,1885,Warm C,0.021640297025442123,0.1111111119389534,0.13632752001285553,0.6172839506172839,2.384185791015625e-07,0.5638811588287354,0.7125212550163269,,cfg02_G3_D32,1.8739664049935527,cuda
evaluation,3090,1889,Cold,0.004663321189582348,0.1111111119389534,0.09550072252750397,0.8518518518518519,1.1920928955078125e-07,0.0,0.0,,cfg02_G3_D32,1.8739664049935527,cuda
evaluation,3090,1889,Warm A,0.0030831622425466776,0.1111111119389534,0.11520778387784958,0.7901234567901234,2.384185791015625e-07,0.2523850202560425,0.42388564348220825,,cfg02_G3_D32,1.8739664049935527,cuda
evaluation,3090,1889,Warm B,0.0025728815235197544,0.1111111119389534,0.13529640436172485,0.691358024691358,1.7881393432617188e-07,0.375323623418808,0.566532552242279,,cfg02_G3_D32,1.8739664049935527,cuda
evaluation,3090,1889,Warm C,0.0033653429709374905,0.1111111119389534,0.13460850715637207,0.6666666666666666,2.384185791015625e-07,0.47741299867630005,0.4001863896846771,,cfg02_G3_D32,1.8739664049935527,cuda
evaluation,3091,1890,Cold,0.005127811338752508,0.1111111119389534,0.0974501371383667,0.8641975308641975,1.1920928955078125e-07,0.0,0.0,,cfg02_G3_D32,1.8739664049935527,cuda
evaluation,3091,1890,Warm A,0.0034613858442753553,0.1111110970377922,0.11332427710294724,0.7901234567901234,2.384185791015625e-07,0.2447948157787323,0.2536188066005707,,cfg02_G3_D32,1.8739664049935527,cuda
evaluation,3091,1890,Warm B,0.003318388480693102,0.1111111119389534,0.11335598677396774,0.8148148148148148,2.384185791015625e-07,0.3646871745586395,0.3422306776046753,,cfg02_G3_D32,1.8739664049935527,cuda
evaluation,3091,1890,Warm C,0.002437960123643279,0.1111111119389534,0.13120202720165253,0.7160493827160493,1.1920928955078125e-07,0.45198723673820496,0.32556018233299255,,cfg02_G3_D32,1.8739664049935527,cuda
evaluation,3094,1892,Cold,0.004256033338606358,0.1111111119389534,0.09086166322231293,0.8641975308641975,1.1920928955078125e-07,0.0,0.0,,cfg02_G3_D32,1.8739664049935527,cuda
evaluation,3094,1892,Warm A,0.004250246100127697,0.1111111119389534,0.09421750903129578,0.8395061728395061,2.384185791015625e-07,0.22748728096485138,0.639021098613739,,cfg02_G3_D32,1.8739664049935527,cuda
evaluation,3094,1892,Warm B,0.00446274783462286,0.1111111119389534,0.10722000896930695,0.8024691358024691,2.384185791015625e-07,0.2946428954601288,0.4795309007167816,,cfg02_G3_D32,1.8739664049935527,cuda
evaluation,3094,1892,Warm C,0.005521037615835667,0.1111110970377922,0.08862970024347305,0.8888888888888888,1.1920928955078125e-07,0.42349496483802795,0.5017337799072266,,cfg02_G3_D32,1.8739664049935527,cuda
evaluation,3096,1894,Cold,0.0070083001628518105,0.111111119389534,0.11389081180095673,0.7777777777777778,1.1920928955078125e-07,0.0,0.0,,cfg02_G3_D32,1.8739664049935527,cuda
evaluation,3096,1894,Warm A,0.004290589597076178,0.1111111119389534,0.12455233931541443,0.7530864197530864,5.960464477539063e-08,0.24734053015708923,0.3207138478755951,,cfg02_G3_D32,1.8739664049935527,cuda
evaluation,3096,1894,Warm B,0.0067284731194376945,0.1111111119389534,0.11501434445381165,0.7654320987654321,1.1920928955078125e-07,0.22212626039981842,0.4525917172431946,,cfg02_G3_D32,1.8739664049935527,cuda
evaluation,3096,1894,Warm C,0.005141837522387505,0.111111119389534,0.1277357041835785,0.7530864197530864,2.384185791015625e-07,0.3151237964630127,0.40066319704055786,,cfg02_G3_D32,1.8739664049935527,cuda
evaluation,3103,1901,Cold,0.004196117632091045,0.1111110970377922,0.08641627430915833,0.8888888888888888,1.1920928955078125e-07,0.0,0.0,,cfg02_G3_D32,1.8739664049935527,cuda
evaluation,3103,1901,Warm A,0.007011242676526308,0.1111111119389534,0.07819506525993347,0.9135802469135802,1.1920928955078125e-07,0.23881186544895172,0.5670055747032166,,cfg02_G3_D32,1.8739664049935527,cuda
evaluation,3103,1901,Warm B,0.00858402717858553,0.1111110970377922,0.09805799275636673,0.8518518518518519,1.1920928955078125e-07,0.33522987365722656,0.47368595004081726,,cfg02_G3_D32,1.8739664049935527,cuda
evaluation,3103,1901,Warm C,0.006351749878376722,0.1111111119389534,0.07988477498292923,0.9506172839506173,1.7881393432617188e-07,0.3340069651603699,0.4774150848388672,,cfg02_G3_D32,1.8739664049935527,cuda
evaluation,3109,1906,Cold,0.004540388938039541,0.111111119389534,0.09382978826761246,0.8641975308641975,1.7881393432617188e-07,0.0,0.0,,cfg02_G3_D32,1.8739664049935527,cuda
evaluation,3109,1906,Warm A,0.00753912515938282,0.1111111119389534,0.08208221197128296,0.9135802469135802,1.1920928955078125e-07,0.23436981439590454,0.605379581451416,,cfg02_G3_D32,1.8739664049935527,cuda
evaluation,3109,1906,Warm B,0.009836842305958271,0.1111111119389534,0.09578383713960648,0.8518518518518519,2.384185791015625e-07,0.39592698216438293,0.3718472421169281,,cfg02_G3_D32,1.8739664049935527,cuda
evaluation,3109,1906,Warm C,0.013304582796990871,0.1111110970377922,0.12044638395309448,0.7407407407407407,1.1920928955078125e-07,0.5661932826042175,0.3794962167739868,,cfg02_G3_D32,1.8739664049935527,cuda
evaluation,3112,1908,Cold,0.004378254991024733,0.111111119389534,0.09245457500219345,0.8641975308641975,2.384185791015625e-07,0.0,0.0,,cfg02_G3_D32,1.8739664049935527,cuda
evaluation,3112,1908,Warm A,0.0059610940515995026,0.1111111119389534,0.07831227034330368,0.9506172839506173,1.1920928955078125e-07,0.24003832042217255,0.517754852771759,,cfg02_G3_D32,1.8739664049935527,cuda
evaluation,3112,1908,Warm B,0.01048759464174509,0.111111119389534,0.08996723592281342,0.8641975308641975,2.384185791015625e-07,0.3189452290534973,0.6494330763816833,,cfg02_G3_D32,1.8739664049935527,cuda
evaluation,3112,1908,Warm C,0.007691941224038601,0.1111110970377922,0.0795518234372139,0.9382716049382716,2.384185791015625e-07,0.2866729497909546,0.6465322375297546,,cfg02_G3_D32,1.8739664049935527,cuda
evaluation,3115,1911,Cold,0.0044061848893761635,0.1111111119389534,0.09583685547113419,0.8765432098765432,2.384185791015625e-07,0.0,0.0,,cfg02_G3_D32,1.8739664049935527,cuda
evaluation,3115,1911,Warm A,0.006081508006900549,0.1111111119389534,0.07533556967973709,0.9259259259259259,1.7881393432617188e-07,0.2477106750011444,0.49569687247276306,,cfg02_G3_D32,1.8739664049935527,cuda
evaluation,3115,1911,Warm B,0.009869766421616077,0.1111111119389534,0.0821603536605835,0.9135802469135802,2.384185791015625e-07,0.3757416307926178,0.6091036796569824,,cfg02_G3_D32,1.8739664049935527,cuda
evaluation,3115,1911,Warm C,0.008388139307498932,0.1111111119389534,0.07739562541246414,0.9382716049382716,2.384185791015625e-07,0.3460383415222168,0.5879634022712708,,cfg02_G3_D32,1.8739664049935527,cuda
evaluation,3117,1912,Cold,0.003956526983529329,0.1111111119389534,0.087938092648983,0.9012345679012346,2.384185791015625e-07,0.0,0.0,,cfg02_G3_D32,1.8739664049935527,cuda
evaluation,3117,1912,Warm A,0.0058076088316738605,0.1111111119389534,0.07835438847541809,0.9259259259259259,5.960464477539063e-08,0.23348794877529144,0.763286292552948,,cfg02_G3_D32,1.8739664049935527,cuda
evaluation,3117,1912,Warm B,0.002896648831665516,0.1111110970377922,0.09791597723960876,0.8395061728395061,1.1920928955078125e-07,0.3603678047657013,0.6958713531494141,,cfg02_G3_D32,1.8739664049935527,cuda
evaluation,3117,1912,Warm C,0.005028518382459879,0.1111111119389534,0.08041666448116302,0.9382716049382716,1.7881393432617188e-07,0.4227825403213501,0.7421888113021851,,cfg02_G3_D32,1.8739664049935527,cuda
evaluation,3118,1913,Cold,0.0044061848893761635,0.1111111119389534,0.09583689272403717,0.8765432098765432,1.1920928955078125e-07,0.0,0.0,,cfg02_G3_D32,1.8739664049935527,cuda
evaluation,3118,1913,Warm A,0.004805837757885456,0.1111111119389534,0.08699312061071396,0.8765432098765432,1.1920928955078125e-07,0.21738138794898987,0.5945563316345215,,cfg02_G3_D32,1.8739664049935527,cuda
evaluation,3118,1913,Warm B,0.004364198073744774,0.1111110970377922,0.08783292025327682,0.8518518518518519,1.1920928955078125e-07,0.25484275817871094,0.6781784892082214,,cfg02_G3_D32,1.8739664049935527,cuda
evaluation,3118,1913,Warm C,0.004191718529909849,0.1111111119389534,0.09643752872943878,0.8518518518518519,1.1920928955078125e-07,0.3085118532180786,0.6062601208686829,,cfg02_G3_D32,1.8739664049935527,cuda
evaluation,3120,1914,Cold,0.00430321367457509,0.1111111119389534,0.08885002881288528,0.8888888888888888,1.1920928955078125e-07,0.0,0.0,,cfg02_G3_D32,1.8739664049935527,cuda
evaluation,3120,1914,Warm A,0.006554542575031519,0.1111111119389534,0.0779026448726654,0.9259259259259259,1.1920928955078125e-07,0.23451164364814758,0.5726518034934998,,cfg02_G3_D32,1.8739664049935527,cuda
evaluation,3120,1914,Warm B,0.008367489092051983,0.1111111119389534,0.09568049758672714,0.8395061728395061,1.1920928955078125e-07,0.3854369819164276,0.4179685115814209,,cfg02_G3_D32,1.8739664049935527,cuda
evaluation,3120,1914,Warm C,0.006846029311418533,0.1111110970377922,0.08656036853790283,0.8888888888888888,1.7881393432617188e-07,0.48631763458251953,0.397396057844162,,cfg02_G3_D32,1.8739664049935527,cuda
evaluation,3130,1916,Cold,0.004282878711819649,0.1111111119389534,0.08709440380334854,0.9012345679012346,1.1920928955078125e-07,0.0,0.0,,cfg02_G3_D32,1.8739664049935527,cuda
evaluation,3130,1916,Warm A,0.007895203307271004,0.111111119389534,0.07551967352628708,0.9012345679012346,1.1920928955078125e-07,0.22292670607566833,0.5321056246757507,,cfg02_G3_D32,1.8739664049935527,cuda
evaluation,3130,1916,Warm B,0.009557055309414864,0.111111119389534,0.09490782022476196,0.8641975308641975,2.384185791015625e-07,0.37371087074279785,0.4269627034664154,,cfg02_G3_D32,1.8739664049935527,cuda
evaluation,3130,1916,Warm C,0.009798599407076836,0.1111111119389534,0.10422421991825104,0.8395061728395061,1.1920928955078125e-07,0.4351004362106323,0.4150146543979645,,cfg02_G3_D32,1.8739664049935527,cuda
evaluation,3134,1917,Cold,0.009632310830056667,0.1111110970377922,0.13703660666942596,0.654320987654321,1.1920928955078125e-07,0.0,0.0,,cfg02_G3_D32,1.8739664049935527,cuda
evaluation,3134,1917,Warm A,0.01331818662583828,0.1111110970377922,0.134919673204422,0.6419753086419753,2.384185791015625e-07,0.2375791072845459,0.5867769718170166,,cfg02_G3_D32,1.8739664049935527,cuda
evaluation,3134,1917,Warm B,0.009987855330109596,0.1111111119389534,0.13840097188949585,0.6296296296296297,1.7881393432617188e-07,0.32664746046066284,0.4563300609588623,,cfg02_G3_D32,1.8739664049935527,cuda
evaluation,3134,1917,Warm C,0.007527763489633799,0.1111110970377922,0.14271309971809387,0.6419753086419753,1.1920928955078125e-07,0.3674046993255615,0.36509406566619873,,cfg02_G3_D32,1.8739664049935527,cuda
evaluation,3135,1918,Cold,0.004956624936312437,0.1111111119389534,0.10022043436765671,0.8641975308641975,1.1920928955078125e-07,0.0,0.0,,cfg02_G3_D32,1.8739664049935527,cuda
evaluation,3135,1918,Warm A,0.004812857136130333,0.1111111119389534,0.1016792431473732,0.8395061728395061,2.384185791015625e-07,0.24614225327968597,0.6966150403022766,,cfg02_G3_D32,1.8739664049935527,cuda
evaluation,3135,1918,Warm B,0.0032874441239982843,0.1111111119389534,0.1176338642835617,0.7901234567901234,2.384185791015625e-07,0.4084664583206177,0.5278156995773315,,cfg02_G3_D32,1.8739664049935527,cuda
evaluation,3135,1918,Warm C,0.0020118202082812786,0.1111110970377922,0.12041079252958298,0.7901234567901234,1.7881393432617188e-07,0.4444848597049713,0.43129464983940125,,cfg02_G3_D32,1.8739664049935527,cuda
evaluation,3138,1919,Cold,0.004371320828795433,0.1111111119389534,0.0917031317949295,0.8641975308641975,2.384185791015625e-07,0.0,0.0,,cfg02_G3_D32,1.8739664049935527,cuda
evaluation,3138,1919,Warm A,0.0084116505458951,0.111111119389534,0.0776229277253151,0.9135802469135802,1.1920928955078125e-07,0.23619802296161652,0.6631688475608826,,cfg02_G3_D32,1.8739664049935527,cuda
evaluation,3138,1919,Warm B,0.010907013900578022,0.1111110970377922,0.09147278964519501,0.8641975308641975,1.1920928955078125e-07,0.37780216336250305,0.5025812387466431,,cfg02_G3_D32,1.8739664049935527,cuda
evaluation,3138,1919,Warm C,0.00855389516800642,0.1111110970377922,0.07937101274728775,0.9259259259259259,1.1920928955078125e-07,0.3063344359397888,0.47412022948265076,,cfg02_G3_D32,1.8739664049935527,cuda
evaluation,3141,1920,Cold,0.004543926566839218,0.1111111119389534,0.09233274310827255,0.8641975308641975,1.1920928955078125e-07,0.0,0.0,,cfg02_G3_D32,1.8739664049935527,cuda
evaluation,3141,1920,Warm A,0.00725507503375411,0.1111111119389534,0.07751177251338959,0.9506172839506173,1.1920928955078125e-07,0.2410864382982254,0.6970852613449097,,cfg02_G3_D32,1.8739664049935527,cuda
evaluation,3141,1920,Warm B,0.009901074692606926,0.1111110970377922,0.09282727539539337,0.8641975308641975,2.384185791015625e-07,0.40497222542762756,0.40336093306541443,,cfg02_G3_D32,1.8739664049935527,cuda
evaluation,3141,1920,Warm C,0.008537582121789455,0.1111111119389534,0.08440522849559784,0.9012345679012346,2.384185791015625e-07,0.4034656286239624,0.5698027610778809,,cfg02_G3_D32,1.8739664049935527,cuda
evaluation,3142,1921,Cold,0.00332630705088377,0.1111110970377922,0.08634565770626068,0.9135802469135802,1.1920928955078125e-07,0.0,0.0,,cfg02_G3_D32,1.8739664049935527,cuda
evaluation,3142,1921,Warm A,0.005407408811151981,0.1111110970377922,0.07408779859542847,0.9506172839506173,1.1920928955078125e-07,0.23333115875720978,0.7362366318702698,,cfg02_G3_D32,1.8739664049935527,cuda
evaluation,3142,1921,Warm B,0.007193115074187517,0.1111111119389534,0.08739595115184784,0.8888888888888888,1.7881393432617188e-07,0.35976970195770264,0.5859091877937317,,cfg02_G3_D32,1.8739664049935527,cuda
evaluation,3142,1921,Warm C,0.005719900596886873,0.1111111119389534,0.08234120160341263,0.9259259259259259,0.0,0.4304428696632385,0.7171555757522583,,cfg02_G3_D32,1.8739664049935527,cuda
evaluation,3165,1934,Cold,0.004526179749518633,0.1111111119389534,0.08875197172164917,0.8765432098765432,1.1920928955078125e-07,0.0,0.0,,cfg02_G3_D32,1.8739664049935527,cuda
evaluation,3165,1934,Warm A,0.007915033027529716,0.1111111119389534,0.08042773604393005,0.9259259259259259,1.1920928955078125e-07,0.23717978596687317,0.5320156216621399,,cfg02_G3_D32,1.8739664049935527,cuda
evaluation,3165,1934,Warm B,0.009136762470006943,0.111111119389534,0.09842415899038315,0.8641975308641975,2.384185791015625e-07,0.41420552134513855,0.4225807785987854,,cfg02_G3_D32,1.8739664049935527,cuda
evaluation,3165,1934,Warm C,0.010420422069728374,0.1111111119389534,0.11959147453308105,0.7777777777777778,2.384185791015625e-07,0.47908133268356323,0.4721923768520355,,cfg02_G3_D32,1.8739664049935527,cuda
evaluation,3167,1935,Cold,0.005369151011109352,0.111111119389534,0.10472787171602249,0.8641975308641975,2.384185791015625e-07,0.0,0.0,,cfg02_G3_D32,1.8739664049935527,cuda
evaluation,3167,1935,Warm A,0.00871474388986826,0.1111111119389534,0.10100983828306198,0.8148148148148148,1.1920928955078125e-07,0.23397350311279297,0.531300961971283,,cfg02_G3_D32,1.8739664049935527,cuda
evaluation,3167,1935,Warm B,0.009387168101966381,0.1111111119389534,0.10018321871757507,0.8148148148148148,1.1920928955078125e-07,0.28559014201164246,0.6005515456199646,,cfg02_G3_D32,1.8739664049935527,cuda
evaluation,3167,1935,Warm C,0.006836801301687956,0.1111111119389534,0.10446898639202118,0.8395061728395061,2.384185791015625e-07,0.34690555930137634,0.531384289264679,,cfg02_G3_D32,1.8739664049935527,cuda
evaluation,3177,1942,Cold,0.004070345312356949,0.1111111119389534,0.0905127003788948,0.9135802469135802,1.1920928955078125e-07,0.0,0.0,,cfg02_G3_D32,1.8739664049935527,cuda
evaluation,3177,1942,Warm A,0.005792673211544752,0.111111119389534,0.07138191163539886,0.9753086419753086,2.384185791015625e-07,0.24434776604175568,0.4968336224555969,,cfg02_G3_D32,1.8739664049935527,cuda
evaluation,3177,1942,Warm B,0.006736524868756533,0.1111111119389534,0.07700975239276886,0.9506172839506173,2.384185791015625e-07,0.2636313736438751,0.7386104464530945,,cfg02_G3_D32,1.8739664049935527,cuda
evaluation,3177,1942,Warm C,0.008516496047377586,0.1111111119389534,0.08317232877016068,0.9135802469135802,1.1920928955078125e-07,0.4144176244735718,0.5463440418243408,,cfg02_G3_D32,1.8739664049935527,cuda
evaluation,3180,1945,Cold,0.0038548517040908337,0.111111119389534,0.08645950257778168,0.9259259259259259,1.1920928955078125e-07,0.0,0.0,,cfg02_G3_D32,1.8739664049935527,cuda
evaluation,3180,1945,Warm A,0.006945641711354256,0.1111110970377922,0.07102133333683014,0.9753086419753086,1.7881393432617188e-07,0.2397017478942871,0.5201087594032288,,cfg02_G3_D32,1.8739664049935527,cuda
evaluation,3180,1945,Warm B,0.00863218866288662,0.111111119389534,0.08984019607305527,0.8765432098765432,1.7881393432617188e-07,0.4292994439601898,0.36751165986061096,,cfg02_G3_D32,1.8739664049935527,cuda
evaluation,3180,1945,Warm C,0.009657331742346287,0.1111111119389534,0.11330112814903259,0.7407407407407407,2.384185791015625e-07,0.6089107990264893,0.32376909255981445,,cfg02_G3_D32,1.8739664049935527,cuda
evaluation,3181,1946,Cold,0.0044061848893761635,0.111111119389534,0.09583689272403717,0.8765432098765432,1.1920928955078125e-07,0.0,0.0,,cfg02_G3_D32,1.8739664049935527,cuda
evaluation,3181,1946,Warm A,0.0031121911015361547,0.1111111119389534,0.11610615998506546,0.7777777777777778,1.1920928955078125e-07,0.22287508845329285,0.6460532546043396,,cfg02_G3_D32,1.8739664049935527,cuda
evaluation,3181,1946,Warm B,0.003316257381811738,0.1111111119389534,0.10069746524095535,0.8395061728395061,2.384185791015625e-07,0.29034316539764404,0.6174789667129517,,cfg02_G3_D32,1.8739664049935527,cuda
evaluation,3181,1946,Warm C,0.004458148963749409,0.1111111119389534,0.10586763173341751,0.8148148148148148,2.384185791015625e-07,0.3594648540019989,0.5862557291984558,,cfg02_G3_D32,1.8739664049935527,cuda
evaluation,3182,1947,Cold,0.0030348997097462416,0.1111111119389534,0.08151791244745255,0.9259259259259259,2.384185791015625e-07,0.0,0.0,,cfg02_G3_D32,1.8739664049935527,cuda
evaluation,3182,1947,Warm A,0.0024991119280457497,0.1111111119389534,0.10388845205307007,0.8271604938271605,1.1920928955078125e-07,0.24350711703300476,0.4974435865879059,,cfg02_G3_D32,1.8739664049935527,cuda
evaluation,3182,1947,Warm B,0.0020647509954869747,0.1111111119389534,0.09003520011901855,0.9135802469135802,1.1920928955078125e-07,0.2599286735057831,0.749428391456604,,cfg02_G3_D32,1.8739664049935527,cuda
evaluation,3182,1947,Warm C,0.0007434451254084706,0.1111111119389534,0.11249170452356339,0.7283950617283951,2.384185791015625e-07,0.4369576573371887,0.5936686396598816,,cfg02_G3_D32,1.8739664049935527,cuda
evaluation,3190,1951,Cold,0.004293081350624561,0.1111111119389534,0.09064383059740067,0.8395061728395061,2.384185791015625e-07,0.0,0.0,,cfg02_G3_D32,1.8739664049935527,cuda
evaluation,3190,1951,Warm A,0.00591625040397048,0.1111111119389534,0.0786825641989708,0.9259259259259259,1.1920928955078125e-07,0.248080313205719,0.5045174956321716,,cfg02_G3_D32,1.8739664049935527,cuda
evaluation,3190,1951,Warm B,0.008288701996207237,0.1111110970377922,0.09337892383337021,0.8641975308641975,1.1920928955078125e-07,0.48701146245002747,0.5080239176750183,,cfg02_G3_D32,1.8739664049935527,cuda
evaluation,3190,1951,Warm C,0.007879178039729595,0.111111119389534,0.09150736778974533,0.8765432098765432,1.7881393432617188e-07,0.6578837633132935,0.4723261892795563,,cfg02_G3_D32,1.8739664049935527,cuda
evaluation,3199,1956,Cold,0.0064874556846916676,0.111111119389534,0.11250599473714828,0.7777777777777778,2.384185791015625e-07,0.0,0.0,,cfg02_G3_D32,1.8739664049935527,cuda
evaluation,3199,1956,Warm A,0.009507286362349987,0.1111111119389534,0.11116854101419449,0.7407407407407407,1.7881393432617188e-07,0.23727062344551086,0.6939367651939392,,cfg02_G3_D32,1.8739664049935527,cuda
evaluation,3199,1956,Warm B,0.009523114189505577,0.1111111119389534,0.11660507321357727,0.7283950617283951,1.1920928955078125e-07,0.35830846428871155,0.509557843208313,,cfg02_G3_D32,1.8739664049935527,cuda
evaluation,3199,1956,Warm C,0.012571745552122593,0.1111111119389534,0.12535564601421356,0.7160493827160493,1.1920928955078125e-07,0.4174996316432953,0.620634138584137,,cfg02_G3_D32,1.8739664049935527,cuda
evaluation,3200,1957,Cold,0.00534801883623004,0.1111111119389534,0.09899086505174637,0.8641975308641975,2.384185791015625e-07,0.0,0.0,,cfg02_G3_D32,1.8739664049935527,cuda
evaluation,3200,1957,Warm A,0.004556939005851746,0.1111111119389534,0.10364415496587753,0.8641975308641975,2.384185791015625e-07,0.2362779825925827,0.3967505395412445,,cfg02_G3_D32,1.8739664049935527,cuda
evaluation,3200,1957,Warm B,0.0037366976030170918,0.1111111119389534,0.10943808406591415,0.8518518518518519,2.384185791015625e-07,0.32913270592689514,0.5408749580383301,,cfg02_G3_D32,1.8739664049935527,cuda
evaluation,3200,1957,Warm C,0.0028574708849191666,0.111111119389534,0.11881153285503387,0.8148148148148148,1.7881393432617188e-07,0.43917229771614075,0.5895876288414001,,cfg02_G3_D32,1.8739664049935527,cuda
evaluation,3206,1961,Cold,0.004031658638268709,0.1111111119389534,0.08253102749586105,0.8888888888888888,2.384185791015625e-07,0.0,0.0,,cfg02_G3_D32,1.8739664049935527,cuda
evaluation,3206,1961,Warm A,0.008495373651385307,0.1111111119389534,0.08307486772537231,0.9135802469135802,2.384185791015625e-07,0.2352333515882492,0.6311538815498352,,cfg02_G3_D32,1.8739664049935527,cuda
evaluation,3206,1961,Warm B,0.008396188728511333,0.1111111119389534,0.08669872581958771,0.8395061728395061,2.384185791015625e-07,0.32541748881340027,0.6431214809417725,,cfg02_G3_D32,1.8739664049935527,cuda
evaluation,3206,1961,Warm C,0.012582482770085335,0.1111110970377922,0.08470804989337921,0.9012345679012346,1.1920928955078125e-07,0.4282885193824768,0.6234467029571533,,cfg02_G3_D32,1.8739664049935527,cuda
evaluation,3211,1964,Cold,0.004505654331296682,0.111111119389534,0.09603453427553177,0.8518518518518519,1.1920928955078125e-07,0.0,0.0,,cfg02_G3_D32,1.8739664049935527,cuda
evaluation,3211,1964,Warm A,0.00343761476688087,0.1111111119389534,0.09640893340110779,0.8271604938271605,2.384185791015625e-07,0.24939236044883728,0.6038944125175476,,cfg02_G3_D32,1.8739664049935527,cuda
evaluation,3211,1964,Warm B,0.006315760314464569,0.1111111119389534,0.08566322177648544,0.9259259259259259,1.1920928955078125e-07,0.39413201808929443,0.6675891876220703,,cfg02_G3_D32,1.8739664049935527,cuda
evaluation,3211,1964,Warm C,0.0033137076534330845,0.1111110970377922,0.10343430936336517,0.8148148148148148,2.384185791015625e-07,0.5115590691566467,0.6470834612846375,,cfg02_G3_D32,1.8739664049935527,cuda
evaluation,3214,1966,Cold,0.004663101863116026,0.1111111119389534,0.09815609455108643,0.8395061728395061,1.1920928955078125e-07,0.0,0.0,,cfg02_G3_D32,1.8739664049935527,cuda
evaluation,3214,1966,Warm A,0.005892511922866106,0.1111111119389534,0.08405646681785583,0.9259259259259259,2.384185791015625e-07,0.24006229639053345,0.6434745192527771,,cfg02_G3_D32,1.8739664049935527,cuda
evaluation,3214,1966,Warm B,0.006674616597592831,0.111111119389534,0.09051096439361572,0.8641975308641975,1.7881393432617188e-07,0.3400319516658783,0.7359783053398132,,cfg02_G3_D32,1.8739664049935527,cuda
evaluation,3214,1966,Warm C,0.005726553499698639,0.1111111119389534,0.08576563000679016,0.8888888888888888,1.1920928955078125e-07,0.44589123129844666,0.6452562212944031,,cfg02_G3_D32,1.8739664049935527,cuda
evaluation,3217,1967,Cold,0.008624200709164143,0.1111111119389534,0.13816361129283905,0.654320987654321,1.7881393432617188e-07,0.0,0.0,,cfg02_G3_D32,1.8739664049935527,cuda
evaluation,3217,1967,Warm A,0.010448092594742775,0.1111110970377922,0.1309485286474228,0.654320987654321,1.7881393432617188e-07,0.24736565351486206,0.9429653286933899,,cfg02_G3_D32,1.8739664049935527,cuda
evaluation,3217,1967,Warm B,0.013126732781529427,0.1111111119389534,0.1351127177476883,0.6049382716049383,1.1920928955078125e-07,0.44315969944000244,0.7517465353012085,,cfg02_G3_D32,1.8739664049935527,cuda
evaluation,3217,1967,Warm C,0.01605772227048874,0.111111119389534,0.14178967475891113,0.5925925925925926,1.1920928955078125e-07,0.6135091781616211,0.667950451374054,,cfg02_G3_D32,1.8739664049935527,cuda
evaluation,3224,1969,Cold,0.00583975575864315,0.1111111119389534,0.11360397934913635,0.7901234567901234,2.384185791015625e-07,0.0,0.0,,cfg02_G3_D32,1.8739664049935527,cuda
evaluation,3224,1969,Warm A,0.010610506869852543,0.1111111119389534,0.10363032668828964,0.7777777777777778,1.1920928955078125e-07,0.23472048342227936,0.650244951248169,,cfg02_G3_D32,1.8739664049935527,cuda
evaluation,3224,1969,Warm B,0.005853056441992521,0.1111111119389534,0.10911507904529572,0.7901234567901234,2.384185791015625e-07,0.34268781542778015,0.5400077700614929,,cfg02_G3_D32,1.8739664049935527,cuda
evaluation,3224,1969,Warm C,0.0031978851184248924,0.1111111119389534,0.12432702630758286,0.7407407407407407,1.1920928955078125e-07,0.5197728872299194,0.40505558252334595,,cfg02_G3_D32,1.8739664049935527,cuda
evaluation,3225,1970,Cold,0.003211819101125002,0.1111110970377922,0.07990437000989914,0.9259259259259259,1.7881393432617188e-07,0.0,0.0,,cfg02_G3_D32,1.8739664049935527,cuda
evaluation,3225,1970,Warm A,0.002714544767513871,0.1111111119389534,0.07302733510732651,0.9506172839506173,1.1920928955078125e-07,0.23501676321029663,0.5407886505126953,,cfg02_G3_D32,1.8739664049935527,cuda
evaluation,3225,1970,Warm B,0.005673670209944248,0.1111111119389534,0.07497861981391907,0.9382716049382716,1.1920928955078125e-07,0.24086222052574158,0.6012540459632874,,cfg02_G3_D32,1.8739664049935527,cuda
evaluation,3225,1970,Warm C,0.004906857386231422,0.1111111119389534,0.08088534325361252,0.9259259259259259,1.1920928955078125e-07,0.3575438857078552,0.6743327975273132,,cfg02_G3_D32,1.8739664049935527,cuda
evaluation,3230,1971,Cold,0.006699394900351763,0.1111111119389534,0.11227879673242569,0.8024691358024691,1.1920928955078125e-07,0.0,0.0,,cfg02_G3_D32,1.8739664049935527,cuda
evaluation,3230,1971,Warm A,0.009077606722712517,0.1111110970377922,0.10265186429023743,0.7654320987654321,1.1920928955078125e-07,0.2452498823404312,0.8085376024246216,,cfg02_G3_D32,1.8739664049935527,cuda
evaluation,3230,1971,Warm B,0.009707902558147907,0.1111110970377922,0.10408399999141693,0.7777777777777778,1.1920928955078125e-07,0.25026237964630127,0.4206295907497406,,cfg02_G3_D32,1.8739664049935527,cuda
evaluation,3230,1971,Warm C,0.006304742302745581,0.1111111119389534,0.11237438768148422,0.7777777777777778,2.384185791015625e-07,0.3206685185432434,0.41281643509864807,,cfg02_G3_D32,1.8739664049935527,cuda
evaluation,3235,1972,Cold,0.004684523679316044,0.1111111119389534,0.09065214544534683,0.8765432098765432,1.1920928955078125e-07,0.0,0.0,,cfg02_G3_D32,1.8739664049935527,cuda
evaluation,3235,1972,Warm A,0.006561884190887213,0.1111111119389534,0.08736521750688553,0.9135802469135802,1.7881393432617188e-07,0.251094251871109,0.7171958088874817,,cfg02_G3_D32,1.8739664049935527,cuda
evaluation,3235,1972,Warm B,0.009464072994887829,0.1111110970377922,0.10012494772672653,0.8024691358024691,1.7881393432617188e-07,0.4564695954322815,0.5556686520576477,,cfg02_G3_D32,1.8739664049935527,cuda
evaluation,3235,1972,Warm C,0.005900349002331495,0.1111110970377922,0.08445297181606293,0.8765432098765432,1.1920928955078125e-07,0.3377004861831665,0.6241410970687866,,cfg02_G3_D32,1.8739664049935527,cuda
evaluation,3262,1992,Cold,0.004615850746631622,0.1111111119389534,0.09082689881324768,0.8765432098765432,1.1920928955078125e-07,0.0,0.0,,cfg02_G3_D32,1.8739664049935527,cuda
evaluation,3262,1992,Warm A,0.007816710509359837,0.1111111119389534,0.07712925970554352,0.9259259259259259,1.1920928955078125e-07,0.22023971378803253,0.6156344413757324,,cfg02_G3_D32,1.8739664049935527,cuda
evaluation,3262,1992,Warm B,0.005935072898864746,0.111111119389534,0.08771385997533798,0.9012345679012346,2.384185791015625e-07,0.2881898581981659,0.6032336354255676,,cfg02_G3_D32,1.8739664049935527,cuda
evaluation,3262,1992,Warm C,0.009020433761179447,0.1111110970377922,0.08053421229124069,0.9259259259259259,2.384185791015625e-07,0.30284765362739563,0.6422662138938904,,cfg02_G3_D32,1.8739664049935527,cuda
evaluation,3266,1996,Cold,0.0042702816426754,0.1111111119389534,0.08707218617200851,0.8888888888888888,2.384185791015625e-07,0.0,0.0,,cfg02_G3_D32,1.8739664049935527,cuda
evaluation,3266,1996,Warm A,0.002357994904741645,0.1111110970377922,0.10983479768037796,0.7901234567901234,2.980232238769531e-07,0.25043535232543945,0.5832926630973816,,cfg02_G3_D32,1.8739664049935527,cuda
evaluation,3266,1996,Warm B,0.0027303253300487995,0.1111110970377922,0.12445900589227676,0.7407407407407407,1.1920928955078125e-07,0.35258543491363525,0.4054228365421295,,cfg02_G3_D32,1.8739664049935527,cuda
evaluation,3266,1996,Warm C,0.001582497963681817,0.1111111119389534,0.10201746970415115,0.8518518518518519,1.1920928955078125e-07,0.33226537704467773,0.6581553220748901,,cfg02_G3_D32,1.8739664049935527,cuda
evaluation,3268,1998,Cold,0.004099021665751934,0.1111111119389534,0.08982739597558975,0.8765432098765432,1.1920928955078125e-07,0.0,0.0,,cfg02_G3_D32,1.8739664049935527,cuda
evaluation,3268,1998,Warm A,0.005907513666898012,0.1111111119389534,0.08091013878583908,0.9135802469135802,1.1920928955078125e-07,0.2549421489238739,0.7187713980674744,,cfg02_G3_D32,1.8739664049935527,cuda
evaluation,3268,1998,Warm B,0.008866164833307266,0.1111111119389534,0.09478360414505005,0.8641975308641975,1.1920928955078125e-07,0.45043841004371643,0.34247976541519165,,cfg02_G3_D32,1.8739664049935527,cuda
evaluation,3268,1998,Warm C,0.010734235867857933,0.111111119389534,0.11896653473377228,0.7407407407407407,2.384185791015625e-07,0.6575959920883179,0.2146555632352829,,cfg02_G3_D32,1.8739664049935527,cuda
evaluation,3272,2001,Cold,0.004402952268719673,0.1111111119389534,0.0886373221874237,0.9012345679012346,1.1920928955078125e-07,0.0,0.0,,cfg02_G3_D32,1.8739664049935527,cuda
evaluation,3272,2001,Warm A,0.007394819520413876,0.1111111119389534,0.07710482180118561,0.9259259259259259,1.1920928955078125e-07,0.22281023859977722,0.5640468001365662,,cfg02_G3_D32,1.8739664049935527,cuda
evaluation,3272,2001,Warm B,0.0050728279165923595,0.1111111119389534,0.08046525716781616,0.9135802469135802,1.1920928955078125e-07,0.24794724583625793,0.7754525542259216,,cfg02_G3_D32,1.8739664049935527,cuda
evaluation,3272,2001,Warm C,0.007930277846753597,0.1111110970377922,0.0870172530412674,0.9135802469135802,2.384185791015625e-07,0.3113822340965271,0.5226806998252869,,cfg02_G3_D32,1.8739664049935527,cuda
evaluation,3275,2004,Cold,0.004290128126740456,0.1111111119389534,0.09076017886400223,0.8641975308641975,1.1920928955078125e-07,0.0,0.0,,cfg02_G3_D32,1.8739664049935527,cuda
evaluation,3275,2004,Warm A,0.005073159001767635,0.1111111119389534,0.08856514096260071,0.8765432098765432,1.7881393432617188e-07,0.23231185972690582,0.6223462224006653,,cfg02_G3_D32,1.8739664049935527,cuda
evaluation,3275,2004,Warm B,0.004308854229748249,0.1111111119389534,0.11174120008945465,0.7407407407407407,1.7881393432617188e-07,0.2942170202732086,0.5340917110443115,,cfg02_G3_D32,1.8739664049935527,cuda
evaluation,3275,2004,Warm C,0.0040097422897815704,0.1111111119389534,0.09725453704595566,0.8518518518518519,2.384185791015625e-07,0.2473917007446289,0.6716753244400024,,cfg02_G3_D32,1.8739664049935527,cuda
evaluation,3286,2006,Cold,0.003853476606309414,0.111111119389534,0.09021679311990738,0.9259259259259259,2.384185791015625e-07,0.0,0.0,,cfg02_G3_D32,1.8739664049935527,cuda
evaluation,3286,2006,Warm A,0.004003689158707857,0.1111111119389534,0.07451525330543518,0.9629629629629629,1.7881393432617188e-07,0.24106353521347046,0.5716056227684021,,cfg02_G3_D32,1.8739664049935527,cuda
evaluation,3286,2006,Warm B,0.005979332607239485,0.1111111119389534,0.08104214072227478,0.9506172839506173,2.384185791015625e-07,0.37599948048591614,0.36120206117630005,,cfg02_G3_D32,1.8739664049935527,cuda
evaluation,3286,2006,Warm C,0.007715591695159674,0.1111111119389534,0.10279560089111328,0.8024691358024691,2.384185791015625e-07,0.5463660359382629,0.47062167525291443,,cfg02_G3_D32,1.8739664049935527,cuda
evaluation,3287,2007,Cold,0.003079034388065338,0.111111119389534,0.0808870866894722,0.9259259259259259,3.5762786865234375e-07,0.0,0.0,,cfg02_G3_D32,1.8739664049935527,cuda
evaluation,3287,2007,Warm A,0.004737847950309515,0.1111111119389534,0.06569873541593552,0.9753086419753086,1.1920928955078125e-07,0.23964393138885498,0.5516064763069153,,cfg02_G3_D32,1.8739664049935527,cuda
evaluation,3287,2007,Warm B,0.005893085617572069,0.1111110970377922,0.08042505383491516,0.9506172839506173,1.7881393432617188e-07,0.3938003480434418,0.6062133312225342,,cfg02_G3_D32,1.8739664049935527,cuda
evaluation,3287,2007,Warm C,0.001259006094187498,0.1111110970377922,0.07101596146821976,0.9629629629629629,1.1920928955078125e-07,0.4046218693256378,0.6295402646064758,,cfg02_G3_D32,1.8739664049935527,cuda
evaluation,3299,2010,Cold,0.003925721626728773,0.1111111119389534,0.08801964670419693,0.9259259259259259,2.980232238769531e-07,0.0,0.0,,cfg02_G3_D32,1.8739664049935527,cuda
evaluation,3299,2010,Warm A,0.006579566281288862,0.1111111119389534,0.07406792789697647,0.9506172839506173,1.1920928955078125e-07,0.23816624283790588,0.5405668616294861,,cfg02_G3_D32,1.8739664049935527,cuda
evaluation,3299,2010,Warm B,0.009118812158703804,0.1111110970377922,0.08831685036420822,0.8641975308641975,2.384185791015625e-07,0.42251065373420715,0.47991490364074707,,cfg02_G3_D32,1.8739664049935527,cuda
evaluation,3299,2010,Warm C,0.012061289511620998,0.1111111119389534,0.11062716692686081,0.7283950617283951,5.960464477539063e-08,0.55746990442276,0.33748289942741394,,cfg02_G3_D32,1.8739664049935527,cuda
evaluation,3310,2015,Cold,0.014528664760291576,0.1111110970377922,0.14261271059513092,0.5925925925925926,2.384185791015625e-07,0.0,0.0,,cfg02_G3_D32,1.8739664049935527,cuda
evaluation,3310,2015,Warm A,0.012763229198753834,0.1111110970377922,0.14379262924194336,0.5679012345679012,1.1920928955078125e-07,0.20631931722164154,0.4931628406047821,,cfg02_G3_D32,1.8739664049935527,cuda
evaluation,3310,2015,Warm B,0.014837625436484814,0.1111111119389534,0.14183589816093445,0.5925925925925926,3.5762786865234375e-07,0.2749481797218323,0.5786760449409485,,cfg02_G3_D32,1.8739664049935527,cuda
evaluation,3310,2015,Warm C,0.017580317333340645,0.1111110970377922,0.14405705034732819,0.5432098765432098,1.1920928955078125e-07,0.3698177635669708,0.7918971180915833,,cfg02_G3_D32,1.8739664049935527,cuda
evaluation,3324,2018,Cold,0.004409888759255409,0.111111119389534,0.09506179392337799,0.8641975308641975,2.384185791015625e-07,0.0,0.0,,cfg02_G3_D32,1.8739664049935527,cuda
evaluation,3324,2018,Warm A,0.004447349812835455,0.1111111119389534,0.0790092945098877,0.9259259259259259,1.1920928955078125e-07,0.24754394590854645,0.6749077439308167,,cfg02_G3_D32,1.8739664049935527,cuda
evaluation,3324,2018,Warm B,0.006469892803579569,0.1111110970377922,0.08558312058448792,0.9012345679012346,1.1920928955078125e-07,0.42574548721313477,0.5830376744270325,,cfg02_G3_D32,1.8739664049935527,cuda
evaluation,3324,2018,Warm C,0.007408730685710907,0.1111111119389534,0.08898395299911499,0.8641975308641975,1.1920928955078125e-07,0.4823579490184784,0.5417056083679199,,cfg02_G3_D32,1.8739664049935527,cuda
evaluation,3325,2019,Cold,0.004491688217967749,0.1111111119389534,0.09626489132642746,0.8641975308641975,2.384185791015625e-07,0.0,0.0,,cfg02_G3_D32,1.8739664049935527,cuda
evaluation,3325,2019,Warm A,0.006926094181835651,0.1111111119389534,0.07505756616592407,0.9506172839506173,1.7881393432617188e-07,0.24462983012199402,0.5472707152366638,,cfg02_G3_D32,1.8739664049935527,cuda
evaluation,3325,2019,Warm B,0.009148482233285904,0.1111111119389534,0.07980281859636307,0.9135802469135802,1.7881393432617188e-07,0.4322982132434845,0.3749123513698578,,cfg02_G3_D32,1.8739664049935527,cuda
evaluation,3325,2019,Warm C,0.011176489293575287,0.111111119389534,0.10170406103134155,0.8148148148148148,1.1920928955078125e-07,0.5301114916801453,0.43293842673301697,,cfg02_G3_D32,1.8739664049935527,cuda
evaluation,3326,2020,Cold,0.003147624898701906,0.1111111119389534,0.07449059933423996,0.9506172839506173,1.1920928955078125e-07,0.0,0.0,,cfg02_G3_D32,1.8739664049935527,cuda
evaluation,3326,2020,Warm A,0.004965134896337986,0.111111119389534,0.07242599874734879,0.9876543209876543,2.384185791015625e-07,0.24353940784931183,0.5942177772521973,,cfg02_G3_D32,1.8739664049935527,cuda
evaluation,3326,2020,Warm B,0.006681131199002266,0.1111111119389534,0.07215196639299393,0.9506172839506173,1.1920928955078125e-07,0.2843038737773895,0.6405288577079773,,cfg02_G3_D32,1.8739664049935527,cuda
evaluation,3326,2020,Warm C,0.006438139826059341,0.1111111119389534,0.0861542746424675,0.9135802469135802,1.1920928955078125e-07,0.38712140917778015,0.4833335876464844,,cfg02_G3_D32,1.8739664049935527,cuda
evaluation,3327,2021,Cold,0.003589020576328039,0.1111110970377922,0.09087937325239182,0.9135802469135802,1.7881393432617188e-07,0.0,0.0,,cfg02_G3_D32,1.8739664049935527,cuda
evaluation,3327,2021,Warm A,0.0013787547359243035,0.1111111119389534,0.09459151327610016,0.8888888888888888,1.1920928955078125e-07,0.22759804129600525,0.6824645400047302,,cfg02_G3_D32,1.8739664049935527,cuda
evaluation,3327,2021,Warm B,0.0033948118798434734,0.111111119389534,0.0893382728099823,0.8765432098765432,1.1920928955078125e-07,0.2292662411928177,0.5748034715652466,,cfg02_G3_D32,1.8739664049935527,cuda
evaluation,3327,2021,Warm C,0.005107605364173651,0.1111111119389534,0.07574937492609024,0.9259259259259259,1.1920928955078125e-07,0.30115437507629395,0.594213604927063,,cfg02_G3_D32,1.8739664049935527,cuda
evaluation,3330,2023,Cold,0.006467415951192379,0.1111111119389534,0.114372618496418,0.7777777777777778,1.1920928955078125e-07,0.0,0.0,,cfg02_G3_D32,1.8739664049935527,cuda
evaluation,3330,2023,Warm A,0.008729720488190651,0.1111111119389534,0.11006685346364975,0.7654320987654321,2.384185791015625e-07,0.2327491044998169,0.6460751891136169,,cfg02_G3_D32,1.8739664049935527,cuda
evaluation,3330,2023,Warm B,0.008715488947927952,0.1111111119389534,0.1128883883357048,0.7777777777777778,2.384185791015625e-07,0.36103594303131104,0.5350172519683838,,cfg02_G3_D32,1.8739664049935527,cuda
evaluation,3330,2023,Warm C,0.007575753144919872,0.1111111119389534,0.11575723439455032,0.7530864197530864,1.1920928955078125e-07,0.3931054472923279,0.7410642504692078,,cfg02_G3_D32,1.8739664049935527,cuda
evaluation,3340,2025,Cold,0.006972229573875666,0.1111111119389534,0.11016805469989777,0.7654320987654321,1.1920928955078125e-07,0.0,0.0,,cfg02_G3_D32,1.8739664049935527,cuda
evaluation,3340,2025,Warm A,0.009756026789546013,0.1111111119389534,0.11138389259576797,0.7160493827160493,1.1920928955078125e-07,0.23802734911441803,0.5996756553649902,,cfg02_G3_D32,1.8739664049935527,cuda
evaluation,3340,2025,Warm B,0.005712511017918587,0.111111119389534,0.11243125051259995,0.7037037037037037,1.1920928955078125e-07,0.30172544717788696,0.5761715769767761,,cfg02_G3_D32,1.8739664049935527,cuda
evaluation,3340,2025,Warm C,0.010255211032927036,0.111111119389534,0.11228807270526886,0.7037037037037037,1.1920928955078125e-07,0.41650882363319397,0.5393394827842712,,cfg02_G3_D32,1.8739664049935527,cuda
evaluation,3341,2026,Cold,0.0075798011384904385,0.1111111119389534,0.11897110939025879,0.7407407407407407,1.1920928955078125e-07,0.0,0.0,,cfg02_G3_D32,1.8739664049935527,cuda
evaluation,3341,2026,Warm A,0.006009040866047144,0.1111111119389534,0.12737344205379486,0.7037037037037037,1.7881393432617188e-07,0.24410435557365417,0.3417574465274811,,cfg02_G3_D32,1.8739664049935527,cuda
evaluation,3341,2026,Warm B,0.008938729763031006,0.1111111119389534,0.11701252311468124,0.7283950617283951,1.1920928955078125e-07,0.27331095933914185,0.5876216292381287,,cfg02_G3_D32,1.8739664049935527,cuda
evaluation,3341,2026,Warm C,0.005720030982047319,0.1111110970377922,0.12499857693910599,0.7037037037037037,1.7881393432617188e-07,0.37758931517601013,0.36076873540878296,,cfg02_G3_D32,1.8739664049935527,cuda
evaluation,3350,2029,Cold,0.0062327198684215546,0.1111111119389534,0.11600509285926819,0.7777777777777778,1.1920928955078125e-07,0.0,0.0,,cfg02_G3_D32,1.8739664049935527,cuda
evaluation,3350,2029,Warm A,0.0035736029967665672,0.1111111119389534,0.1263936311006546,0.7654320987654321,2.384185791015625e-07,0.2515639364719391,0.4088380038738251,,cfg02_G3_D32,1.8739664049935527,cuda
evaluation,3350,2029,Warm B,0.004092586226761341,0.1111111119389534,0.11611002683639526,0.7901234567901234,1.1920928955078125e-07,0.20181021094322205,0.49534836411476135,,cfg02_G3_D32,1.8739664049935527,cuda
evaluation,3350,2029,Warm C,0.002415907569229603,0.1111110970377922,0.1269979029893875,0.7654320987654321,1.1920928955078125e-07,0.3026639521121979,0.37164488434791565,,cfg02_G3_D32,1.8739664049935527,cuda
evaluation,3357,2032,Cold,0.003850037232041359,0.1111111119389534,0.08517315238714218,0.9135802469135802,2.384185791015625e-07,0.0,0.0,,cfg02_G3_D32,1.8739664049935527,cuda
evaluation,3357,2032,Warm A,0.0035632329527288675,0.1111111119389534,0.1088276356458664,0.7777777777777778,2.384185791015625e-07,0.23773004114627838,0.5949994921684265,,cfg02_G3_D32,1.8739664049935527,cuda
evaluation,3357,2032,Warm B,0.005241555627435446,0.1111110970377922,0.09192117303609848,0.9012345679012346,1.1920928955078125e-07,0.24897068738937378,0.6325483322143555,,cfg02_G3_D32,1.8739664049935527,cuda
evaluation,3357,2032,Warm C,0.005086194258183241,0.1111111119389534,0.11484700441360474,0.7777777777777778,1.7881393432617188e-07,0.3743397891521454,0.5160580277442932,,cfg02_G3_D32,1.8739664049935527,cuda
evaluation,3364,2039,Cold,0.0081816790625453,0.1111111119389534,0.12169904261827469,0.7283950617283951,1.1920928955078125e-07,0.0,0.0,,cfg02_G3_D32,1.8739664049935527,cuda
evaluation,3364,2039,Warm A,0.01276992168277502,0.111111119389534,0.11751243472099304,0.7160493827160493,1.7881393432617188e-07,0.24380943179130554,0.622789204120636,,cfg02_G3_D32,1.8739664049935527,cuda
evaluation,3364,2039,Warm B,0.01000150479376316,0.111111119389534,0.11690225452184677,0.691358024691358,2.384185791015625e-07,0.22708503901958466,0.566748321056366,,cfg02_G3_D32,1.8739664049935527,cuda
evaluation,3364,2039,Warm C,0.01251930557191372,0.111111119389534,0.11149374395608902,0.7160493827160493,1.1920928955078125e-07,0.4065072238445282,0.7859885096549988,,cfg02_G3_D32,1.8739664049935527,cuda
evaluation,3368,2042,Cold,0.006654214113950729,0.111111119389534,0.11149164289236069,0.7777777777777778,1.1920928955078125e-07,0.0,0.0,,cfg02_G3_D32,1.8739664049935527,cuda
evaluation,3368,2042,Warm A,0.008565663360059261,0.1111111119389534,0.11095722764730453,0.7654320987654321,2.384185791015625e-07,0.23884044587612152,0.3696260154247284,,cfg02_G3_D32,1.8739664049935527,cuda
evaluation,3368,2042,Warm B,0.010221232660114765,0.1111111119389534,0.10778555274009705,0.7654320987654321,2.384185791015625e-07,0.31683850288391113,0.5696059465408325,,cfg02_G3_D32,1.8739664049935527,cuda
evaluation,3368,2042,Warm C,0.00899625476449728,0.1111110970377922,0.1111375093460083,0.7654320987654321,1.1920928955078125e-07,0.45250189304351807,0.4211125373840332,,cfg02_G3_D32,1.8739664049935527,cuda
evaluation,3370,2043,Cold,0.005082814954221249,0.1111111119389534,0.09639033675193787,0.8271604938271605,1.1920928955078125e-07,0.0,0.0,,cfg02_G3_D32,1.8739664049935527,cuda
evaluation,3370,2043,Warm A,0.009007020853459835,0.111111119389534,0.08345277607440948,0.9012345679012346,2.384185791015625e-07,0.2442999631166458,0.4405929148197174,,cfg02_G3_D32,1.8739664049935527,cuda
evaluation,3370,2043,Warm B,0.0097916005179286,0.1111111119389534,0.09010237455368042,0.8395061728395061,1.1920928955078125e-07,0.3182004392147064,0.6224204301834106,,cfg02_G3_D32,1.8739664049935527,cuda
evaluation,3370,2043,Warm C,0.007349035702645779,0.1111111119389534,0.0889439806342125,0.8888888888888888,2.384185791015625e-07,0.40942567586898804,0.47630149126052856,,cfg02_G3_D32,1.8739664049935527,cuda
evaluation,3375,2044,Cold,0.008399209938943386,0.1111111119389534,0.1159951463341713,0.7407407407407407,1.1920928955078125e-07,0.0,0.0,,cfg02_G3_D32,1.8739664049935527,cuda
evaluation,3375,2044,Warm A,0.010644379071891308,0.1111110970377922,0.1199125126004219,0.6666666666666666,2.384185791015625e-07,0.23489703238010406,0.5600223541259766,,cfg02_G3_D32,1.8739664049935527,cuda
evaluation,3375,2044,Warm B,0.009906930848956108,0.111111119389534,0.1222517192363739,0.6790123456790124,1.1920928955078125e-07,0.35718438029289246,0.7197117805480957,,cfg02_G3_D32,1.8739664049935527,cuda
evaluation,3375,2044,Warm C,0.015528933145105839,0.1111110970377922,0.13277983665466309,0.6049382716049383,1.1920928955078125e-07,0.3937481641769409,0.6246512532234192,,cfg02_G3_D32,1.8739664049935527,cuda
evaluation,3379,2045,Cold,0.0070564644411206245,0.1111111119389534,0.10962285101413727,0.7777777777777778,1.1920928955078125e-07,0.0,0.0,,cfg02_G3_D32,1.8739664049935527,cuda
evaluation,3379,2045,Warm A,0.009875587187707424,0.1111111119389534,0.10799472033977509,0.7901234567901234,1.1920928955078125e-07,0.21491611003875732,0.5685667395591736,,cfg02_G3_D32,1.8739664049935527,cuda
evaluation,3379,2045,Warm B,0.006276564206928015,0.1111111119389534,0.10945018380880356,0.7777777777777778,2.384185791015625e-07,0.3705448806285858,0.663245677947998,,cfg02_G3_D32,1.8739664049935527,cuda
evaluation,3379,2045,Warm C,0.004924946464598179,0.1111111119389534,0.10695847868919373,0.7777777777777778,1.1920928955078125e-07,0.49822959303855896,0.56251060962677,,cfg02_G3_D32,1.8739664049935527,cuda
evaluation,3385,2047,Cold,0.004336032085120678,0.1111111119389534,0.0868852511048317,0.9012345679012346,1.1920928955078125e-07,0.0,0.0,,cfg02_G3_D32,1.8739664049935527,cuda
evaluation,3385,2047,Warm A,0.007772807031869888,0.1111111119389534,0.07964646816253662,0.9135802469135802,1.1920928955078125e-07,0.2376636266708374,0.6322123408317566,,cfg02_G3_D32,1.8739664049935527,cuda
evaluation,3385,2047,Warm B,0.010278433561325073,0.111111119389534,0.09574401378631592,0.8765432098765432,1.1920928955078125e-07,0.44892799854278564,0.3750039041042328,,cfg02_G3_D32,1.8739664049935527,cuda
evaluation,3385,2047,Warm C,0.012678234837949276,0.1111111119389534,0.11519014835357666,0.7283950617283951,5.960464477539063e-08,0.6314464807510376,0.5597265958786011,,cfg02_G3_D32,1.8739664049935527,cuda
evaluation,3387,2049,Cold,0.0037444299086928368,0.1111110970377922,0.0857551172375679,0.9012345679012346,2.384185791015625e-07,0.0,0.0,,cfg02_G3_D32,1.8739664049935527,cuda
evaluation,3387,2049,Warm A,0.005637438967823982,0.1111111119389534,0.07552821934223175,0.9259259259259259,1.7881393432617188e-07,0.2291845828294754,0.5484156012535095,,cfg02_G3_D32,1.8739664049935527,cuda
evaluation,3387,2049,Warm B,0.007699849549680948,0.1111111119389534,0.09548569470643997,0.8395061728395061,2.384185791015625e-07,0.38975298404693604,0.48909130692481995,,cfg02_G3_D32,1.8739664049935527,cuda
evaluation,3387,2049,Warm C,0.00920439325273037,0.1111111119389534,0.11187931150197983,0.8024691358024691,1.1920928955078125e-07,0.3884454071521759,0.4343937933444977,,cfg02_G3_D32,1.8739664049935527,cuda
evaluation,3391,2051,Cold,0.003893741173669696,0.1111111119389534,0.0820300281047821,0.9012345679012346,1.7881393432617188e-07,0.0,0.0,,cfg02_G3_D32,1.8739664049935527,cuda
evaluation,3391,2051,Warm A,0.006121701095253229,0.1111111119389534,0.07546642422676086,0.9382716049382716,1.1920928955078125e-07,0.22481799125671387,0.6121146082878113,,cfg02_G3_D32,1.8739664049935527,cuda
evaluation,3391,2051,Warm B,0.009520627558231354,0.111111119389534,0.10113399475812912,0.9135802469135802,2.384185791015625e-07,0.37412866950035095,0.3722041845321655,,cfg02_G3_D32,1.8739664049935527,cuda
evaluation,3391,2051,Warm C,0.01385330967605114,0.1111111119389534,0.12776875495910645,0.7037037037037037,2.980232238769531e-07,0.5691217184066772,0.4551215171813965,,cfg02_G3_D32,1.8739664049935527,cuda
evaluation,3392,2052,Cold,0.004022909328341484,0.1111111119389534,0.07450678199529648,0.9382716049382716,1.1920928955078125e-07,0.0,0.0,,cfg02_G3_D32,1.8739664049935527,cuda
evaluation,3392,2052,Warm A,0.005859822034835815,0.1111110970377922,0.07929348945617676,0.9506172839506173,2.980232238769531e-07,0.2399575412273407,0.44238191843032837,,cfg02_G3_D32,1.8739664049935527,cuda
evaluation,3392,2052,Warm B,0.004897963255643845,0.1111111119389534,0.11038211733102798,0.8518518518518519,1.1920928955078125e-07,0.39015617966651917,0.3107956051826477,,cfg02_G3_D32,1.8739664049935527,cuda
evaluation,3392,2052,Warm C,0.008577141910791397,0.1111110970377922,0.13845393061637878,0.6172839506172839,1.1920928955078125e-07,0.5448117256164551,0.15212512016296387,,cfg02_G3_D32,1.8739664049935527,cuda
evaluation,3399,2057,Cold,0.004076316021382809,0.1111111119389534,0.08017220348119736,0.9135802469135802,1.1920928955078125e-07,0.0,0.0,,cfg02_G3_D32,1.8739664049935527,cuda
evaluation,3399,2057,Warm A,0.006227551959455013,0.1111111119389534,0.07919542491436005,0.9629629629629629,1.7881393432617188e-07,0.22292794287204742,0.5465483069419861,,cfg02_G3_D32,1.8739664049935527,cuda
evaluation,3399,2057,Warm B,0.005412314552813768,0.1111111119389534,0.08927492052316666,0.9012345679012346,2.384185791015625e-07,0.3979369103908539,0.430834025144577,,cfg02_G3_D32,1.8739664049935527,cuda
evaluation,3399,2057,Warm C,0.0036042535211890936,0.1111111119389534,0.08094093948602676,0.9135802469135802,2.384185791015625e-07,0.4318416118621826,0.5998150706291199,,cfg02_G3_D32,1.8739664049935527,cuda
evaluation,3401,2058,Cold,0.004821727517992258,0.1111111119389534,0.08268539607524872,0.9135802469135802,1.7881393432617188e-07,0.0,0.0,,cfg02_G3_D32,1.8739664049935527,cuda
evaluation,3401,2058,Warm A,0.007669327314943075,0.1111110970377922,0.08563166111707687,0.8888888888888888,1.1920928955078125e-07,0.250540554523468,0.570107638835907,,cfg02_G3_D32,1.8739664049935527,cuda
evaluation,3401,2058,Warm B,0.009504600428044796,0.1111111119389534,0.1079070195555687,0.8271604938271605,1.1920928955078125e-07,0.47512638568878174,0.25022539496421814,,cfg02_G3_D32,1.8739664049935527,cuda
evaluation,3401,2058,Warm C,0.012802880257368088,0.111111119389534,0.13040634989738464,0.691358024691358,1.1920928955078125e-07,0.618022084236145,0.27790603041648865,,cfg02_G3_D32,1.8739664049935527,cuda
evaluation,3405,2060,Cold,0.007036164868623018,0.1111110970377922,0.11465604603290558,0.7654320987654321,2.384185791015625e-07,0.0,0.0,,cfg02_G3_D32,1.8739664049935527,cuda
evaluation,3405,2060,Warm A,0.007923920638859272,0.1111111119389534,0.10944356769323349,0.7407407407407407,1.7881393432617188e-07,0.2315317541360855,0.6390997171401978,,cfg02_G3_D32,1.8739664049935527,cuda
evaluation,3405,2060,Warm B,0.01134559977799654,0.1111111119389534,0.11266244947910309,0.7407407407407407,1.1920928955078125e-07,0.33796194195747375,0.598746120929718,,cfg02_G3_D32,1.8739664049935527,cuda
evaluation,3405,2060,Warm C,0.008900683373212814,0.1111111119389534,0.10846962034702301,0.7407407407407407,1.1920928955078125e-07,0.45511651039123535,0.6309115290641785,,cfg02_G3_D32,1.8739664049935527,cuda
evaluation,3406,2061,Cold,0.008840362541377544,0.1111111119389534,0.12288635224103928,0.7283950617283951,1.1920928955078125e-07,0.0,0.0,,cfg02_G3_D32,1.8739664049935527,cuda
evaluation,3406,2061,Warm A,0.010706480592489243,0.1111111119389534,0.12112447619438171,0.7037037037037037,2.384185791015625e-07,0.23390357196331024,0.45332571864128113,,cfg02_G3_D32,1.8739664049935527,cuda
evaluation,3406,2061,Warm B,0.010104822926223278,0.1111111119389534,0.1216220036149025,0.7037037037037037,1.1920928955078125e-07,0.248977929353714,0.5205169916152954,,cfg02_G3_D32,1.8739664049935527,cuda
evaluation,3406,2061,Warm C,0.013136648572981358,0.1111111119389534,0.12011052668094635,0.7037037037037037,1.1920928955078125e-07,0.30556637048721313,0.7362796664237976,,cfg02_G3_D32,1.8739664049935527,cuda
evaluation,3412,2064,Cold,0.0052811140194535255,0.1111111119389534,0.0783274918794632,0.9259259259259259,1.1920928955078125e-07,0.0,0.0,,cfg02_G3_D32,1.8739664049935527,cuda
evaluation,3412,2064,Warm A,0.0012748833978548646,0.111111119389534,0.0951765775680542,0.8148148148148148,1.1920928955078125e-07,0.248137965798378,0.674244225025177,,cfg02_G3_D32,1.8739664049935527,cuda
evaluation,3412,2064,Warm B,0.00456592533737421,0.1111111119389534,0.07507612556219101,0.9135802469135802,1.7881393432617188e-07,0.23814012110233307,0.6172978281974792,,cfg02_G3_D32,1.8739664049935527,cuda
evaluation,3412,2064,Warm C,0.004255201201885939,0.1111111119389534,0.07894491404294968,0.9259259259259259,2.384185791015625e-07,0.33962926268577576,0.5454089045524597,,cfg02_G3_D32,1.8739664049935527,cuda
evaluation,3417,2065,Cold,0.00790940597653389,0.1111111119389534,0.1189616248011589,0.7283950617283951,2.384185791015625e-07,0.0,0.0,,cfg02_G3_D32,1.8739664049935527,cuda
evaluation,3417,2065,Warm A,0.010432197712361813,0.1111111119389534,0.11779750883579254,0.691358024691358,2.384185791015625e-07,0.24200919270515442,0.8364496231079102,,cfg02_G3_D32,1.8739664049935527,cuda
evaluation,3417,2065,Warm B,0.012923466973006725,0.1111111119389534,0.12305903434753418,0.6790123456790124,2.384185791015625e-07,0.40594661235809326,0.6807238459587097,,cfg02_G3_D32,1.8739664049935527,cuda
evaluation,3417,2065,Warm C,0.008744859136641026,0.1111111119389534,0.11781302839517593,0.7283950617283951,1.1920928955078125e-07,0.3933505713939667,0.5239144563674927,,cfg02_G3_D32,1.8739664049935527,cuda
evaluation,3420,2067,Cold,0.005579075776040554,0.1111110970377922,0.1014459952712059,0.8271604938271605,1.7881393432617188e-07,0.0,0.0,,cfg02_G3_D32,1.8739664049935527,cuda
evaluation,3420,2067,Warm A,0.005513148847967386,0.1111111119389534,0.0976826548576355,0.8395061728395061,1.7881393432617188e-07,0.23306195437908173,0.5912272334098816,,cfg02_G3_D32,1.8739664049935527,cuda
evaluation,3420,2067,Warm B,0.008699742145836353,0.111111119389534,0.09683963656425476,0.8271604938271605,1.1920928955078125e-07,0.2619914710521698,0.5923575758934021,,cfg02_G3_D32,1.8739664049935527,cuda
evaluation,3420,2067,Warm C,0.006642349064350128,0.111111119389534,0.10037438571453094,0.8024691358024691,2.384185791015625e-07,0.38700181245803833,0.6984105110168457,,cfg02_G3_D32,1.8739664049935527,cuda
evaluation,3423,2070,Cold,0.004090473521500826,0.1111111119389534,0.08692966401576996,0.8888888888888888,1.7881393432617188e-07,0.0,0.0,,cfg02_G3_D32,1.8739664049935527,cuda
evaluation,3423,2070,Warm A,0.008494214154779911,0.1111111119389534,0.08145929872989655,0.9135802469135802,1.1920928955078125e-07,0.2521013617515564,0.6753303408622742,,cfg02_G3_D32,1.8739664049935527,cuda
evaluation,3423,2070,Warm B,0.01069434080272913,0.111111119389534,0.10344113409519196,0.8641975308641975,1.1920928955078125e-07,0.3955298662185669,0.4399387836456299,,cfg02_G3_D32,1.8739664049935527,cuda
evaluation,3423,2070,Warm C,0.007627170532941818,0.1111110970377922,0.08391066640615463,0.9259259259259259,1.1920928955078125e-07,0.3678629994392395,0.3590409457683563,,cfg02_G3_D32,1.8739664049935527,cuda
evaluation,3425,2072,Cold,0.004212595988065004,0.1111110970377922,0.08750374615192413,0.9012345679012346,2.384185791015625e-07,0.0,0.0,,cfg02_G3_D32,1.8739664049935527,cuda
evaluation,3425,2072,Warm A,0.005085098557174206,0.111111119389534,0.08077166974544525,0.9382716049382716,1.1920928955078125e-07,0.23998242616653442,0.7015872597694397,,cfg02_G3_D32,1.8739664049935527,cuda
evaluation,3425,2072,Warm B,0.004798932000994682,0.1111111119389534,0.08267072588205338,0.9012345679012346,1.1920928955078125e-07,0.32080432772636414,0.6146062016487122,,cfg02_G3_D32,1.8739664049935527,cuda
evaluation,3425,2072,Warm C,0.007508465554565191,0.1111111119389534,0.08735939115285873,0.9259259259259259,1.1920928955078125e-07,0.40536755323410034,0.38444721698760986,,cfg02_G3_D32,1.8739664049935527,cuda
evaluation,3427,2074,Cold,0.006339069455862045,0.1111111119389534,0.10608522593975067,0.8148148148148148,1.1920928955078125e-07,0.0,0.0,,cfg02_G3_D32,1.8739664049935527,cuda
evaluation,3427,2074,Warm A,0.009766511619091034,0.1111111119389534,0.10487601906061172,0.7530864197530864,1.1920928955078125e-07,0.23985707759857178,0.7525701522827148,,cfg02_G3_D32,1.8739664049935527,cuda
evaluation,3427,2074,Warm B,0.007012899965047836,0.1111110970377922,0.10561339557170868,0.8024691358024691,1.1920928955078125e-07,0.28622913360595703,0.5738900303840637,,cfg02_G3_D32,1.8739664049935527,cuda
evaluation,3427,2074,Warm C,0.011727418750524521,0.1111110970377922,0.10552164167165756,0.7777777777777778,1.7881393432617188e-07,0.3949323892593384,0.5444969534873962,,cfg02_G3_D32,1.8739664049935527,cuda
evaluation,3431,2077,Cold,0.005540536716580391,0.1111110970377922,0.07918936014175415,0.9259259259259259,1.1920928955078125e-07,0.0,0.0,,cfg02_G3_D32,1.8739664049935527,cuda
evaluation,3431,2077,Warm A,0.008968884125351906,0.1111110970377922,0.09564017504453659,0.8641975308641975,2.384185791015625e-07,0.2387562394142151,0.5219507217407227,,cfg02_G3_D32,1.8739664049935527,cuda
evaluation,3431,2077,Warm B,0.007469935808330774,0.1111111119389534,0.09987814724445343,0.8888888888888888,1.1920928955078125e-07,0.3307143747806549,0.48446938395500183,,cfg02_G3_D32,1.8739664049935527,cuda
evaluation,3431,2077,Warm C,0.00946886744350195,0.1111111119389534,0.12001388520002365,0.7777777777777778,2.384185791015625e-07,0.4596673250198364,0.5066285133361816,,cfg02_G3_D32,1.8739664049935527,cuda
evaluation,3432,2078,Cold,0.005351339466869831,0.1111111119389534,0.07474849373102188,0.9382716049382716,1.1920928955078125e-07,0.0,0.0,,cfg02_G3_D32,1.8739664049935527,cuda
evaluation,3432,2078,Warm A,0.008535495027899742,0.1111110970377922,0.09538053721189499,0.9012345679012346,1.1920928955078125e-07,0.23404265940189362,0.4109915792942047,,cfg02_G3_D32,1.8739664049935527,cuda
evaluation,3432,2078,Warm B,0.011920553632080555,0.1111111119389534,0.1203317940235138,0.7901234567901234,2.384185791015625e-07,0.35599321126937866,0.5963572859764099,,cfg02_G3_D32,1.8739664049935527,cuda
evaluation,3432,2078,Warm C,0.01659807562828064,0.111111119389534,0.13928283751010895,0.6296296296296297,2.980232238769531e-07,0.44633758068084717,0.18949902057647705,,cfg02_G3_D32,1.8739664049935527,cuda
evaluation,3436,2080,Cold,0.003998748492449522,0.1111111119389534,0.08713576942682266,0.9012345679012346,2.980232238769531e-07,0.0,0.0,,cfg02_G3_D32,1.8739664049935527,cuda
evaluation,3436,2080,Warm A,0.0066573964431881905,0.1111111119389534,0.07711121439933777,0.9382716049382716,1.7881393432617188e-07,0.23738975822925568,0.6089947819709778,,cfg02_G3_D32,1.8739664049935527,cuda
evaluation,3436,2080,Warm B,0.00957163143903017,0.1111111119389534,0.09254137426614761,0.8518518518518519,2.384185791015625e-07,0.35090136528015137,0.2891896665096283,,cfg02_G3_D32,1.8739664049935527,cuda
evaluation,3436,2080,Warm C,0.011635387316346169,0.1111111119389534,0.11196205019950867,0.8024691358024691,2.384185791015625e-07,0.4727685749530792,0.6086049675941467,,cfg02_G3_D32,1.8739664049935527,cuda
evaluation,3440,2083,Cold,0.004849652294069529,0.1111111119389534,0.06973731517791748,0.9629629629629629,2.384185791015625e-07,0.0,0.0,,cfg02_G3_D32,1.8739664049935527,cuda
evaluation,3440,2083,Warm A,0.008556951768696308,0.1111111119389534,0.095482237637043,0.9382716049382716,1.7881393432617188e-07,0.2474530041217804,0.3922494351863861,,cfg02_G3_D32,1.8739664049935527,cuda
evaluation,3440,2083,Warm B,0.011858114041388035,0.111111119389534,0.1258886754512787,0.6790123456790124,1.1920928955078125e-07,0.4430609941482544,0.17756439745426178,,cfg02_G3_D32,1.8739664049935527,cuda
evaluation,3440,2083,Warm C,0.016837039962410927,0.1111111119389534,0.1462673544883728,0.5679012345679012,2.384185791015625e-07,0.5278770327568054,0.14309537410736084,,cfg02_G3_D32,1.8739664049935527,cuda
evaluation,3445,2086,Cold,0.006530914921313524,0.1111111119389534,0.0951431542634964,0.8765432098765432,2.384185791015625e-07,0.0,0.0,,cfg02_G3_D32,1.8739664049935527,cuda
evaluation,3445,2086,Warm A,0.00966876745223999,0.111111119389534,0.09804674983024597,0.8271604938271605,2.384185791015625e-07,0.2264019250869751,0.49170562624931335,,cfg02_G3_D32,1.8739664049935527,cuda
evaluation,3445,2086,Warm B,0.008640256710350513,0.1111111119389534,0.09869520366191864,0.8518518518518519,1.7881393432617188e-07,0.36239543557167053,0.5257382392883301,,cfg02_G3_D32,1.8739664049935527,cuda
evaluation,3445,2086,Warm C,0.009152508340775967,0.111111119389534,0.0967535674571991,0.8765432098765432,1.1920928955078125e-07,0.462280809879303,0.6992871165275574,,cfg02_G3_D32,1.8739664049935527,cuda
evaluation,3447,2087,Cold,0.009828801266849041,0.1111110970377922,0.13226056098937988,0.6790123456790124,1.1920928955078125e-07,0.0,0.0,,cfg02_G3_D32,1.8739664049935527,cuda
evaluation,3447,2087,Warm A,0.015050527639687061,0.1111111119389534,0.13051161170005798,0.6666666666666666,2.384185791015625e-07,0.242930606007576,0.7128427028656006,,cfg02_G3_D32,1.8739664049935527,cuda
evaluation,3447,2087,Warm B,0.018929822370409966,0.1111111119389534,0.1391250193119049,0.5802469135802469,2.384185791015625e-07,0.3653547465801239,0.45301714539527893,,cfg02_G3_D32,1.8739664049935527,cuda
evaluation,3447,2087,Warm C,0.014866942539811134,0.1111111119389534,0.13053679466247559,0.6296296296296297,1.1920928955078125e-07,0.32107454538345337,0.5774416923522949,,cfg02_G3_D32,1.8739664049935527,cuda
evaluation,3453,2092,Cold,0.003122567432001233,0.111111119389534,0.07662986218929291,0.9382716049382716,1.1920928955078125e-07,0.0,0.0,,cfg02_G3_D32,1.8739664049935527,cuda
evaluation,3453,2092,Warm A,0.004859513603150845,0.1111110970377922,0.07122968882322311,0.9753086419753086,1.1920928955078125e-07,0.24501119554042816,0.5905793309211731,,cfg02_G3_D32,1.8739664049935527,cuda
evaluation,3453,2092,Warm B,0.008167714811861515,0.1111111119389534,0.09718719124794006,0.8765432098765432,2.384185791015625e-07,0.38344258069992065,0.38856613636016846,,cfg02_G3_D32,1.8739664049935527,cuda
evaluation,3453,2092,Warm C,0.0074990419670939445,0.111111119389534,0.09569460153579712,0.8641975308641975,1.1920928955078125e-07,0.48688802123069763,0.49566394090652466,,cfg02_G3_D32,1.8739664049935527,cuda
evaluation,3456,2093,Cold,0.00425480492413044,0.1111111119389534,0.09297547489404678,0.8888888888888888,1.1920928955078125e-07,0.0,0.0,,cfg02_G3_D32,1.8739664049935527,cuda
evaluation,3456,2093,Warm A,0.002010478638112545,0.1111111119389534,0.11282516270875931,0.7777777777777778,1.1920928955078125e-07,0.24256166815757751,0.5813461542129517,,cfg02_G3_D32,1.8739664049935527,cuda
evaluation,3456,2093,Warm B,0.0002876177313737571,0.1111111119389534,0.11723493784666061,0.7407407407407407,2.384185791015625e-07,0.3703611195087433,0.6067231893539429,,cfg02_G3_D32,1.8739664049935527,cuda
evaluation,3456,2093,Warm C,0.002321691485121846,0.111111119389534,0.10250529646873474,0.8395061728395061,3.5762786865234375e-07,0.30215004086494446,0.5832266807556152,,cfg02_G3_D32,1.8739664049935527,cuda
evaluation,3457,2094,Cold,0.004342371132224798,0.1111111119389534,0.09599287062883377,0.8641975308641975,2.384185791015625e-07,0.0,0.0,,cfg02_G3_D32,1.8739664049935527,cuda
evaluation,3457,2094,Warm A,0.0060384864918887615,0.111111119389534,0.0816318690776825,0.9259259259259259,1.1920928955078125e-07,0.23726101219654083,0.6106484532356262,,cfg02_G3_D32,1.8739664049935527,cuda
evaluation,3457,2094,Warm B,0.004639109596610069,0.1111111119389534,0.09762605279684067,0.8271604938271605,1.1920928955078125e-07,0.4305785894393921,0.8475705981254578,,cfg02_G3_D32,1.8739664049935527,cuda
evaluation,3457,2094,Warm C,0.004688018001616001,0.1111111119389534,0.088850237429142,0.9012345679012346,1.7881393432617188e-07,0.5374575257301331,0.791541576385498,,cfg02_G3_D32,1.8739664049935527,cuda
evaluation,3459,2095,Cold,0.003974228631705046,0.1111111119389534,0.08352897316217422,0.9012345679012346,1.1920928955078125e-07,0.0,0.0,,cfg02_G3_D32,1.8739664049935527,cuda
evaluation,3459,2095,Warm A,0.007523493841290474,0.1111111119389534,0.07910872995853424,0.9382716049382716,2.384185791015625e-07,0.24044989049434662,0.6297817826271057,,cfg02_G3_D32,1.8739664049935527,cuda
evaluation,3459,2095,Warm B,0.010772645473480225,0.1111111119389534,0.09639810025691986,0.8641975308641975,2.384185791015625e-07,0.43837296962738037,0.6940335035324097,,cfg02_G3_D32,1.8739664049935527,cuda
evaluation,3459,2095,Warm C,0.008456751704216003,0.1111110970377922,0.08090922981500626,0.9012345679012346,2.384185791015625e-07,0.40031665563583374,0.6912668943405151,,cfg02_G3_D32,1.8739664049935527,cuda
evaluation,3470,2102,Cold,0.005448280833661556,0.1111111119389534,0.10470082610845566,0.8395061728395061,2.384185791015625e-07,0.0,0.0,,cfg02_G3_D32,1.8739664049935527,cuda
evaluation,3470,2102,Warm A,0.005925377830862999,0.11111113429069519,0.11859742552042007,0.7901234567901234,2.384185791015625e-07,0.24911242723464966,0.2717192769050598,,cfg02_G3_D32,1.8739664049935527,cuda
evaluation,3470,2102,Warm B,0.004972669295966625,0.111111119389534,0.13398775458335876,0.7160493827160493,1.7881393432617188e-07,0.3211976885795593,0.3812665641307831,,cfg02_G3_D32,1.8739664049935527,cuda
evaluation,3470,2102,Warm C,0.0051592206582427025,0.1111111119389534,0.14599519968032837,0.654320987654321,2.384185791015625e-07,0.4509829580783844,0.2929408848285675,,cfg02_G3_D32,1.8739664049935527,cuda
evaluation,3475,2104,Cold,0.007392702158540487,0.111111119389534,0.12164389342069626,0.7283950617283951,1.1920928955078125e-07,0.0,0.0,,cfg02_G3_D32,1.8739664049935527,cuda
evaluation,3475,2104,Warm A,0.005303021986037493,0.1111111119389534,0.12883144617080688,0.7407407407407407,1.1920928955078125e-07,0.22262004017829895,0.42879271507263184,,cfg02_G3_D32,1.8739664049935527,cuda
evaluation,3475,2104,Warm B,0.009105941280722618,0.1111111119389534,0.11879435926675797,0.7160493827160493,1.1920928955078125e-07,0.3555258512496948,0.5941080451011658,,cfg02_G3_D32,1.8739664049935527,cuda
evaluation,3475,2104,Warm C,0.007385194301605225,0.1111111119389534,0.12829242646694183,0.7283950617283951,2.384185791015625e-07,0.34594249725341797,0.5967500805854797,,cfg02_G3_D32,1.8739664049935527,cuda
evaluation,3480,2109,Cold,0.004663500003516674,0.1111111119389534,0.09217311441898346,0.8641975308641975,1.7881393432617188e-07,0.0,0.0,,cfg02_G3_D32,1.8739664049935527,cuda
evaluation,3480,2109,Warm A,0.006554931867867708,0.1111110970377922,0.08324506133794785,0.9382716049382716,1.1920928955078125e-07,0.2298782616853714,0.6219666600227356,,cfg02_G3_D32,1.8739664049935527,cuda
evaluation,3480,2109,Warm B,0.005932054948061705,0.1111111119389534,0.08352448791265488,0.9382716049382716,1.1920928955078125e-07,0.3321426808834076,0.46944770216941833,,cfg02_G3_D32,1.8739664049935527,cuda
evaluation,3480,2109,Warm C,0.004562088288366795,0.111111119389534,0.09214839339256287,0.9382716049382716,1.1920928955078125e-07,0.46101441979408264,0.5406163334846497,,cfg02_G3_D32,1.8739664049935527,cuda
evaluation,3483,2111,Cold,0.0029123183339834213,0.1111111119389534,0.07931532710790634,0.9259259259259259,2.384185791015625e-07,0.0,0.0,,cfg02_G3_D32,1.8739664049935527,cuda
evaluation,3483,2111,Warm A,0.0045257932506501675,0.1111111119389534,0.06667884439229965,0.9506172839506173,2.384185791015625e-07,0.24338047206401825,0.7497121095657349,,cfg02_G3_D32,1.8739664049935527,cuda
evaluation,3483,2111,Warm B,0.006196306087076664,0.1111111119389534,0.07053151726722717,0.9629629629629629,1.1920928955078125e-07,0.3587368428707123,0.5530971884727478,,cfg02_G3_D32,1.8739664049935527,cuda
evaluation,3483,2111,Warm C,0.004851227160543203,0.1111110970377922,0.0873507708311081,0.8765432098765432,2.384185791015625e-07,0.41475170850753784,0.6664552092552185,,cfg02_G3_D32,1.8739664049935527,cuda
evaluation,3487,2113,Cold,0.005424127448350191,0.1111111119389534,0.10478762537240982,0.8148148148148148,1.7881393432617188e-07,0.0,0.0,,cfg02_G3_D32,1.8739664049935527,cuda
evaluation,3487,2113,Warm A,0.004430757835507393,0.1111110970377922,0.10347840934991837,0.8271604938271605,1.1920928955078125e-07,0.23229944705963135,0.5469209551811218,,cfg02_G3_D32,1.8739664049935527,cuda
evaluation,3487,2113,Warm B,0.003780585713684559,0.1111111119389534,0.1120922788977623,0.7901234567901234,1.7881393432617188e-07,0.3206123113632202,0.49365493655204773,,cfg02_G3_D32,1.8739664049935527,cuda
evaluation,3487,2113,Warm C,0.004440239630639553,0.1111111119389534,0.10392051935195923,0.8148148148148148,2.384185791015625e-07,0.33582815527915955,0.7040943503379822,,cfg02_G3_D32,1.8739664049935527,cuda
evaluation,3491,2115,Cold,0.00437611248344183,0.1111110970377922,0.0908941999077797,0.8765432098765432,2.384185791015625e-07,0.0,0.0,,cfg02_G3_D32,1.8739664049935527,cuda
evaluation,3491,2115,Warm A,0.005815298296511173,0.111111119389534,0.07998378574848175,0.9259259259259259,1.1920928955078125e-07,0.22404518723487854,0.6958243250846863,,cfg02_G3_D32,1.8739664049935527,cuda
evaluation,3491,2115,Warm B,0.007806309033185244,0.1111111119389534,0.09442096948623657,0.8518518518518519,1.1920928955078125e-07,0.3472638726234436,0.5902508497238159,,cfg02_G3_D32,1.8739664049935527,cuda
evaluation,3491,2115,Warm C,0.008907215669751167,0.1111111119389534,0.10436683893203735,0.8518518518518519,1.7881393432617188e-07,0.36490440368652344,0.43182501196861267,,cfg02_G3_D32,1.8739664049935527,cuda
evaluation,3497,2117,Cold,0.004733660724014044,0.1111111119389534,0.0876709520816803,0.8888888888888888,1.7881393432617188e-07,0.0,0.0,,cfg02_G3_D32,1.8739664049935527,cuda
evaluation,3497,2117,Warm A,0.007830406539142132,0.1111111119389534,0.0866858959197998,0.9135802469135802,1.7881393432617188e-07,0.24064992368221283,0.658918559551239,,cfg02_G3_D32,1.8739664049935527,cuda
evaluation,3497,2117,Warm B,0.011055806651711464,0.111111119389534,0.1040634736418724,0.7901234567901234,1.1920928955078125e-07,0.4400770366191864,0.381402850151062,,cfg02_G3_D32,1.8739664049935527,cuda
evaluation,3497,2117,Warm C,0.010060283355414867,0.1111111119389534,0.0893511101603508,0.8395061728395061,1.7881393432617188e-07,0.5411971211433411,0.7170172929763794,,cfg02_G3_D32,1.8739664049935527,cuda
evaluation,3500,2120,Cold,0.003939581103622913,0.1111111119389534,0.08417658507823944,0.9012345679012346,2.980232238769531e-07,0.0,0.0,,cfg02_G3_D32,1.8739664049935527,cuda
evaluation,3500,2120,Warm A,0.006195811554789543,0.1111110970377922,0.07349352538585663,0.9629629629629629,1.7881393432617188e-07,0.2435530126094818,0.5286043286323547,,cfg02_G3_D32,1.8739664049935527,cuda
evaluation,3500,2120,Warm B,0.008274305611848831,0.111111119389534,0.09859893471002579,0.8765432098765432,1.1920928955078125e-07,0.41979408264160156,0.47618910670280457,,cfg02_G3_D32,1.8739664049935527,cuda
evaluation,3500,2120,Warm C,0.0081216711550951,0.1111111119389534,0.094511978328228,0.8641975308641975,1.1920928955078125e-07,0.49803197383880615,0.44583383202552795,,cfg02_G3_D32,1.8739664049935527,cuda
evaluation,3502,2122,Cold,0.004620600491762161,0.1111111119389534,0.09872210770845413,0.8148148148148148,2.384185791015625e-07,0.0,0.0,,cfg02_G3_D32,1.8739664049935527,cuda
evaluation,3502,2122,Warm A,0.007063478697091341,0.111111119389534,0.08307065069675446,0.9259259259259259,1.1920928955078125e-07,0.2449529767036438,0.6902254223823547,,cfg02_G3_D32,1.8739664049935527,cuda
evaluation,3502,2122,Warm B,0.006667005363851786,0.1111111119389534,0.08060241490602493,0.9135802469135802,5.960464477539063e-08,0.3508411943912506,0.5476277470588684,,cfg02_G3_D32,1.8739664049935527,cuda
evaluation,3502,2122,Warm C,0.006487538572400808,0.1111111119389534,0.08667002618312836,0.9012345679012346,2.384185791015625e-07,0.3320680260658264,0.6225476264953613,,cfg02_G3_D32,1.8739664049935527,cuda
evaluation,3503,2123,Cold,0.005313366651535034,0.1111111119389534,0.10254237055778503,0.8518518518518519,2.384185791015625e-07,0.0,0.0,,cfg02_G3_D32,1.8739664049935527,cuda
evaluation,3503,2123,Warm A,0.008428524248301983,0.1111110970377922,0.09411508589982986,0.8148148148148148,2.384185791015625e-07,0.2388460487127304,0.6557653546333313,,cfg02_G3_D32,1.8739664049935527,cuda
evaluation,3503,2123,Warm B,0.005596401169896126,0.1111111119389534,0.09902793169021606,0.8024691358024691,1.1920928955078125e-07,0.34767210483551025,0.6493322253227234,,cfg02_G3_D32,1.8739664049935527,cuda
evaluation,3503,2123,Warm C,0.002922877436503768,0.111111119389534,0.11092979460954666,0.8024691358024691,1.1920928955078125e-07,0.4225912094116211,0.5154890418052673,,cfg02_G3_D32,1.8739664049935527,cuda
evaluation,3506,2126,Cold,0.004741501063108444,0.1111111119389534,0.0964207574725151,0.8641975308641975,1.1920928955078125e-07,0.0,0.0,,cfg02_G3_D32,1.8739664049935527,cuda
evaluation,3506,2126,Warm A,0.004996102768927813,0.1111111119389534,0.09235139191150665,0.8888888888888888,1.1920928955078125e-07,0.22616668045520782,0.6708521246910095,,cfg02_G3_D32,1.8739664049935527,cuda
evaluation,3506,2126,Warm B,0.006076003424823284,0.1111111119389534,0.10299963504076004,0.8024691358024691,5.960464477539063e-08,0.38120967149734497,0.6312763690948486,,cfg02_G3_D32,1.8739664049935527,cuda
evaluation,3506,2126,Warm C,0.0062894620932638645,0.1111110970377922,0.09909501671791077,0.8271604938271605,2.384185791015625e-07,0.4651341736316681,0.7665485739707947,,cfg02_G3_D32,1.8739664049935527,cuda
evaluation,3509,2129,Cold,0.003914996515959501,0.1111110970377922,0.08874622732400894,0.9259259259259259,1.1920928955078125e-07,0.0,0.0,,cfg02_G3_D32,1.8739664049935527,cuda
evaluation,3509,2129,Warm A,0.005401333793997765,0.1111110970377922,0.07115357369184494,0.9506172839506173,1.1920928955078125e-07,0.24088957905769348,0.6174584031105042,,cfg02_G3_D32,1.8739664049935527,cuda
evaluation,3509,2129,Warm B,0.007805635686963797,0.1111111119389534,0.08695879578590393,0.8888888888888888,2.384185791015625e-07,0.4117705821990967,0.4172797203063965,,cfg02_G3_D32,1.8739664049935527,cuda
evaluation,3509,2129,Warm C,0.008037341758608818,0.1111111119389534,0.08459543436765671,0.8765432098765432,2.384185791015625e-07,0.44207385182380676,0.5132865905761719,,cfg02_G3_D32,1.8739664049935527,cuda
evaluation,3511,2131,Cold,0.00383346457965672,0.1111111119389534,0.08847604691982269,0.9135802469135802,1.1920928955078125e-07,0.0,0.0,,cfg02_G3_D32,1.8739664049935527,cuda
evaluation,3511,2131,Warm A,0.004643396008759737,0.1111110970377922,0.07224971055984497,0.9382716049382716,1.1920928955078125e-07,0.23826780915260315,0.5749228000640869,,cfg02_G3_D32,1.8739664049935527,cuda
evaluation,3511,2131,Warm B,0.006617619656026363,0.1111110970377922,0.08257371932268143,0.9382716049382716,1.1920928955078125e-07,0.41950711607933044,0.5636267066001892,,cfg02_G3_D32,1.8739664049935527,cuda
evaluation,3511,2131,Warm C,0.008620615117251873,0.1111111119389534,0.10547591000795364,0.7777777777777778,1.7881393432617188e-07,0.618395984172821,0.4183863699436188,,cfg02_G3_D32,1.8739664049935527,cuda
evaluation,3514,2134,Cold,0.004207548685371876,0.1111111119389534,0.09324437379837036,0.8888888888888888,1.1920928955078125e-07,0.0,0.0,,cfg02_G3_D32,1.8739664049935527,cuda
evaluation,3514,2134,Warm A,0.005737882573157549,0.111111119389534,0.07801467180252075,0.9506172839506173,1.7881393432617188e-07,0.23775039613246918,0.725179135799408,,cfg02_G3_D32,1.8739664049935527,cuda
evaluation,3514,2134,Warm B,0.004840733949095011,0.111111119389534,0.08411463350057602,0.9012345679012346,1.1920928955078125e-07,0.31478288769721985,0.5243808627128601,,cfg02_G3_D32,1.8739664049935527,cuda
evaluation,3514,2134,Warm C,0.007136295549571514,0.1111110970377922,0.07553858309984207,0.9259259259259259,1.1920928955078125e-07,0.4268624186515808,0.5561932325363159,,cfg02_G3_D32,1.8739664049935527,cuda
evaluation,3515,2135,Cold,0.0036335461772978306,0.1111111119389534,0.08407164365053177,0.9259259259259259,1.1920928955078125e-07,0.0,0.0,,cfg02_G3_D32,1.8739664049935527,cuda
evaluation,3515,2135,Warm A,0.005773242097347975,0.111111119389534,0.06813523173332214,0.9753086419753086,1.1920928955078125e-07,0.2327345609664917,0.5403622388839722,,cfg02_G3_D32,1.8739664049935527,cuda
evaluation,3515,2135,Warm B,0.0024293018504977226,0.1111111119389534,0.07587321102619171,0.9506172839506173,1.1920928955078125e-07,0.253695547580719,0.6194203495979309,,cfg02_G3_D32,1.8739664049935527,cuda
evaluation,3515,2135,Warm C,0.006000836845487356,0.1111111119389534,0.0684153139591217,0.9629629629629629,1.1920928955078125e-07,0.3418739140033722,0.6332499980926514,,cfg02_G3_D32,1.8739664049935527,cuda
evaluation,3519,2137,Cold,0.005241283215582371,0.1111110970377922,0.09356344491243362,0.8765432098765432,1.1920928955078125e-07,0.0,0.0,,cfg02_G3_D32,1.8739664049935527,cuda
evaluation,3519,2137,Warm A,0.006935923360288143,0.1111111119389534,0.09310541301965714,0.8395061728395061,2.384185791015625e-07,0.2440064400434494,0.6172822117805481,,cfg02_G3_D32,1.8739664049935527,cuda
evaluation,3519,2137,Warm B,0.00842635054141283,0.1111111119389534,0.09206109493970871,0.8271604938271605,1.7881393432617188e-07,0.34625402092933655,0.6094683408737183,,cfg02_G3_D32,1.8739664049935527,cuda
evaluation,3519,2137,Warm C,0.011494818143546581,0.1111110970377922,0.1061432883143425,0.7901234567901234,1.7881393432617188e-07,0.3485047221183777,0.5524713397026062,,cfg02_G3_D32,1.8739664049935527,cuda
evaluation,3521,2138,Cold,0.004217846319079399,0.1111111119389534,0.08833882957696915,0.9012345679012346,1.7881393432617188e-07,0.0,0.0,,cfg02_G3_D32,1.8739664049935527,cuda
evaluation,3521,2138,Warm A,0.004849073477089405,0.1111110970377922,0.08513026684522629,0.8888888888888888,2.384185791015625e-07,0.21290361881256104,0.7424618005752563,,cfg02_G3_D32,1.8739664049935527,cuda
evaluation,3521,2138,Warm B,0.0032128519378602505,0.1111110970377922,0.10711103677749634,0.8024691358024691,2.384185791015625e-07,0.3472945988178253,0.6045497059822083,,cfg02_G3_D32,1.8739664049935527,cuda
evaluation,3521,2138,Warm C,0.003227900480851531,0.1111111119389534,0.10320305824279785,0.8271604938271605,2.384185791015625e-07,0.3120749294757843,0.4923904538154602,,cfg02_G3_D32,1.8739664049935527,cuda
evaluation,3529,2144,Cold,0.0057943640276789665,0.1111111119389534,0.09816916286945343,0.8518518518518519,2.384185791015625e-07,0.0,0.0,,cfg02_G3_D32,1.8739664049935527,cuda
evaluation,3529,2144,Warm A,0.008036322891712189,0.1111111119389534,0.09207740426063538,0.8518518518518519,5.960464477539063e-08,0.24017082154750824,0.5695475935935974,,cfg02_G3_D32,1.8739664049935527,cuda
evaluation,3529,2144,Warm B,0.006051250267773867,0.1111111119389534,0.09293819963932037,0.9012345679012346,1.1920928955078125e-07,0.40454792976379395,0.513084888458252,,cfg02_G3_D32,1.8739664049935527,cuda
evaluation,3529,2144,Warm C,0.007783860899507999,0.1111111119389534,0.09376687556505203,0.8148148148148148,1.1920928955078125e-07,0.47600311040878296,0.48463478684425354,,cfg02_G3_D32,1.8739664049935527,cuda
evaluation,3538,2148,Cold,0.004277197178453207,0.1111111119389534,0.09423291683197021,0.8765432098765432,2.384185791015625e-07,0.0,0.0,,cfg02_G3_D32,1.8739664049935527,cuda
evaluation,3538,2148,Warm A,0.004441496916115284,0.1111111119389534,0.11170431971549988,0.7654320987654321,2.384185791015625e-07,0.24366958439350128,0.5386139750480652,,cfg02_G3_D32,1.8739664049935527,cuda
evaluation,3538,2148,Warm B,0.005255933851003647,0.1111111119389534,0.09051071852445602,0.8765432098765432,1.1920928955078125e-07,0.20652562379837036,0.6531869173049927,,cfg02_G3_D32,1.8739664049935527,cuda
evaluation,3538,2148,Warm C,0.006031557451933622,0.1111111119389534,0.10269219428300858,0.8148148148148148,1.1920928955078125e-07,0.35646963119506836,0.5616516470909119,,cfg02_G3_D32,1.8739664049935527,cuda
evaluation,3544,2150,Cold,0.004382624290883541,0.1111111119389534,0.09120665490627289,0.8641975308641975,2.384185791015625e-07,0.0,0.0,,cfg02_G3_D32,1.8739664049935527,cuda
evaluation,3544,2150,Warm A,0.005026173312216997,0.1111111119389534,0.0779007151722908,0.8888888888888888,1.1920928955078125e-07,0.2373107373714447,0.6444125175476074,,cfg02_G3_D32,1.8739664049935527,cuda
evaluation,3544,2150,Warm B,0.0028438169974833727,0.1111111119389534,0.08250178396701813,0.9012345679012346,1.1920928955078125e-07,0.248747318983078,0.6021486520767212,,cfg02_G3_D32,1.8739664049935527,cuda
evaluation,3544,2150,Warm C,0.0032482279930263758,0.1111110970377922,0.0868023931980133,0.8395061728395061,1.1920928955078125e-07,0.29843077063560486,0.7073535323143005,,cfg02_G3_D32,1.8739664049935527,cuda
evaluation,3547,2153,Cold,0.004347941838204861,0.111111119389534,0.09055691957473755,0.8641975308641975,1.1920928955078125e-07,0.0,0.0,,cfg02_G3_D32,1.8739664049935527,cuda
evaluation,3547,2153,Warm A,0.0029454499017447233,0.1111111119389534,0.1074918657541275,0.8024691358024691,2.384185791015625e-07,0.23354759812355042,0.4834323525428772,,cfg02_G3_D32,1.8739664049935527,cuda
evaluation,3547,2153,Warm B,0.0032076232600957155,0.1111111119389534,0.10867807269096375,0.8024691358024691,1.1920928955078125e-07,0.3322354257106781,0.5328081250190735,,cfg02_G3_D32,1.8739664049935527,cuda
evaluation,3547,2153,Warm C,0.004504818934947252,0.1111110970377922,0.0917104110121727,0.8518518518518519,1.1920928955078125e-07,0.45328953862190247,0.5752125978469849,,cfg02_G3_D32,1.8739664049935527,cuda
evaluation,3550,2156,Cold,0.003790866816416383,0.1111111119389534,0.07903972268104553,0.9259259259259259,1.7881393432617188e-07,0.0,0.0,,cfg02_G3_D32,1.8739664049935527,cuda
evaluation,3550,2156,Warm A,0.002154506975784898,0.1111110970377922,0.09206946194171906,0.8518518518518519,2.384185791015625e-07,0.23471884429454803,0.5521090030670166,,cfg02_G3_D32,1.8739664049935527,cuda
evaluation,3550,2156,Warm B,0.004588244017213583,0.111111119389534,0.07928954809904099,0.9259259259259259,2.384185791015625e-07,0.24458779394626617,0.6315944790840149,,cfg02_G3_D32,1.8739664049935527,cuda
evaluation,3550,2156,Warm C,0.006493621505796909,0.1111110970377922,0.08378498256206512,0.8765432098765432,1.1920928955078125e-07,0.32262784242630005,0.45089951157569885,,cfg02_G3_D32,1.8739664049935527,cuda
evaluation,3553,2159,Cold,0.004988474305719137,0.1111111119389534,0.09935741126537323,0.8271604938271605,2.384185791015625e-07,0.0,0.0,,cfg02_G3_D32,1.8739664049935527,cuda
evaluation,3553,2159,Warm A,0.0066974773071706295,0.1111111119389534,0.08143804222345352,0.9012345679012346,1.1920928955078125e-07,0.2468007653951645,0.5829324126243591,,cfg02_G3_D32,1.8739664049935527,cuda
evaluation,3553,2159,Warm B,0.008961401879787445,0.1111111119389534,0.08577901870012283,0.8765432098765432,1.1920928955078125e-07,0.43145838379859924,0.6004850268363953,,cfg02_G3_D32,1.8739664049935527,cuda
evaluation,3553,2159,Warm C,0.010500386357307434,0.1111111119389534,0.10136156529188156,0.8024691358024691,1.7881393432617188e-07,0.5154275894165039,0.38169845938682556,,cfg02_G3_D32,1.8739664049935527,cuda
evaluation,3554,2160,Cold,0.0044495523907244205,0.1111111119389534,0.09631103277206421,0.8641975308641975,2.384185791015625e-07,0.0,0.0,,cfg02_G3_D32,1.8739664049935527,cuda
evaluation,3554,2160,Warm A,0.004096007440239191,0.1111111119389534,0.09383265674114227,0.8518518518518519,1.7881393432617188e-07,0.23349086940288544,0.7201461791992188,,cfg02_G3_D32,1.8739664049935527,cuda
evaluation,3554,2160,Warm B,0.00241958349943161,0.111111119389534,0.11123720556497574,0.7777777777777778,2.384185791015625e-07,0.3253786563873291,0.6562144160270691,,cfg02_G3_D32,1.8739664049935527,cuda
evaluation,3554,2160,Warm C,0.003136853687465191,0.1111111119389534,0.0891382023692131,0.8888888888888888,1.1920928955078125e-07,0.3975653052330017,0.6630995869636536,,cfg02_G3_D32,1.8739664049935527,cuda
evaluation,3557,2163,Cold,0.005750908982008696,0.111111119389534,0.09479647874832153,0.8271604938271605,1.7881393432617188e-07,0.0,0.0,,cfg02_G3_D32,1.8739664049935527,cuda
evaluation,3557,2163,Warm A,0.011168398894369602,0.111111119389534,0.0886291041970253,0.8765432098765432,2.384185791015625e-07,0.23773624002933502,0.6552965044975281,,cfg02_G3_D32,1.8739664049935527,cuda
evaluation,3557,2163,Warm B,0.010128524154424667,0.1111111119389534,0.09005461633205414,0.8641975308641975,2.384185791015625e-07,0.26705116033554077,0.49186810851097107,,cfg02_G3_D32,1.8739664049935527,cuda
evaluation,3557,2163,Warm C,0.012332629412412643,0.1111111119389534,0.1037852019071579,0.7901234567901234,1.1920928955078125e-07,0.4126167297363281,0.5609652400016785,,cfg02_G3_D32,1.8739664049935527,cuda
evaluation,3564,2164,Cold,0.003018453484401107,0.1111111119389534,0.07469362020492554,0.9506172839506173,2.384185791015625e-07,0.0,0.0,,cfg02_G3_D32,1.8739664049935527,cuda
evaluation,3564,2164,Warm A,0.004880301188677549,0.1111111119389534,0.06981541961431503,0.9753086419753086,1.1920928955078125e-07,0.24442438781261444,0.40546226501464844,,cfg02_G3_D32,1.8739664049935527,cuda
evaluation,3564,2164,Warm B,0.007850976660847664,0.111111119389534,0.09453615546226501,0.9012345679012346,1.1920928955078125e-07,0.4556165933609009,0.16951821744441986,,cfg02_G3_D32,1.8739664049935527,cuda
evaluation,3564,2164,Warm C,0.011691711843013763,0.1111111119389534,0.12130202353000641,0.7160493827160493,1.1920928955078125e-07,0.6534848213195801,0.24963723123073578,,cfg02_G3_D32,1.8739664049935527,cuda
evaluation,3571,2167,Cold,0.0042581758461892605,0.1111111119389534,0.09430722892284393,0.8765432098765432,1.7881393432617188e-07,0.0,0.0,,cfg02_G3_D32,1.8739664049935527,cuda
evaluation,3571,2167,Warm A,0.003622588235884905,0.1111111119389534,0.10874128341674805,0.7901234567901234,2.384185791015625e-07,0.20403669774532318,0.6558644771575928,,cfg02_G3_D32,1.8739664049935527,cuda
evaluation,3571,2167,Warm B,0.0014041851973161101,0.1111111119389534,0.12201371043920517,0.7407407407407407,2.384185791015625e-07,0.3364630937576294,0.6690091490745544,,cfg02_G3_D32,1.8739664049935527,cuda
evaluation,3571,2167,Warm C,0.002222566632553935,0.1111111119389534,0.10186824947595596,0.8271604938271605,2.384185791015625e-07,0.28133177757263184,0.8042864203453064,,cfg02_G3_D32,1.8739664049935527,cuda
evaluation,3572,2168,Cold,0.003786458633840084,0.1111111119389534,0.07925882935523987,0.9259259259259259,1.7881393432617188e-07,0.0,0.0,,cfg02_G3_D32,1.8739664049935527,cuda
evaluation,3572,2168,Warm A,0.006163172423839569,0.1111111119389534,0.07382267713546753,0.9259259259259259,5.960464477539063e-08,0.24712443351745605,0.49568915367126465,,cfg02_G3_D32,1.8739664049935527,cuda
evaluation,3572,2168,Warm B,0.00830218568444252,0.1111111119389534,0.09538242220878601,0.8765432098765432,2.384185791015625e-07,0.45902910828590393,0.32074394822120667,,cfg02_G3_D32,1.8739664049935527,cuda
evaluation,3572,2168,Warm C,0.01196699682623148,0.1111111119389534,0.12092455476522446,0.7283950617283951,5.960464477539063e-08,0.6336911916732788,0.12670080363750458,,cfg02_G3_D32,1.8739664049935527,cuda
evaluation,3579,2171,Cold,0.003923346754163504,0.1111111119389534,0.08786068856716156,0.9259259259259259,1.7881393432617188e-07,0.0,0.0,,cfg02_G3_D32,1.8739664049935527,cuda
evaluation,3579,2171,Warm A,0.005668067838996649,0.111111119389534,0.07589498907327652,0.9382716049382716,1.1920928955078125e-07,0.24670639634132385,0.6403180360794067,,cfg02_G3_D32,1.8739664049935527,cuda
evaluation,3579,2171,Warm B,0.006553701590746641,0.1111111119389534,0.08780749142169952,0.9259259259259259,2.384185791015625e-07,0.31824955344200134,0.57790207862854,,cfg02_G3_D32,1.8739664049935527,cuda
evaluation,3579,2171,Warm C,0.009649672545492649,0.111111119389534,0.10781115293502808,0.7777777777777778,1.1920928955078125e-07,0.4898650646209717,0.45144376158714294,,cfg02_G3_D32,1.8739664049935527,cuda
evaluation,3584,2172,Cold,0.005360398907214403,0.1111111119389534,0.08878025412559509,0.8888888888888888,5.960464477539063e-08,0.0,0.0,,cfg02_G3_D32,1.8739664049935527,cuda
evaluation,3584,2172,Warm A,0.008620762266218662,0.1111110970377922,0.09201691299676895,0.8765432098765432,1.1920928955078125e-07,0.2522391974925995,0.7379213571548462,,cfg02_G3_D32,1.8739664049935527,cuda
evaluation,3584,2172,Warm B,0.010752705857157707,0.1111111119389534,0.11258646100759506,0.7530864197530864,5.960464477539063e-08,0.38615140318870544,0.27465391159057617,,cfg02_G3_D32,1.8739664049935527,cuda
evaluation,3584,2172,Warm C,0.01554928719997406,0.111111119389534,0.13153038918972015,0.691358024691358,2.384185791015625e-07,0.5690433979034424,0.21249106526374817,,cfg02_G3_D32,1.8739664049935527,cuda
evaluation,3590,2173,Cold,0.005222167819738388,0.111111119389534,0.09978710860013962,0.8518518518518519,2.384185791015625e-07,0.0,0.0,,cfg02_G3_D32,1.8739664049935527,cuda
evaluation,3590,2173,Warm A,0.007641349453479052,0.1111110970377922,0.09585358947515488,0.8395061728395061,2.384185791015625e-07,0.22990654408931732,0.5956501960754395,,cfg02_G3_D32,1.8739664049935527,cuda
evaluation,3590,2173,Warm B,0.010252922773361206,0.1111111119389534,0.10472168028354645,0.7901234567901234,1.1920928955078125e-07,0.3823639452457428,0.5911822319030762,,cfg02_G3_D32,1.8739664049935527,cuda
evaluation,3590,2173,Warm C,0.012784226797521114,0.1111111119389534,0.12111008167266846,0.7037037037037037,1.1920928955078125e-07,0.4662070870399475,0.5680780410766602,,cfg02_G3_D32,1.8739664049935527,cuda
evaluation,3594,2176,Cold,0.004569447599351406,0.111111119389534,0.09792698174715042,0.8518518518518519,2.384185791015625e-07,0.0,0.0,,cfg02_G3_D32,1.8739664049935527,cuda
evaluation,3594,2176,Warm A,0.006121439393609762,0.1111111119389534,0.07981841266155243,0.9135802469135802,1.1920928955078125e-07,0.25384438037872314,0.6088628172874451,,cfg02_G3_D32,1.8739664049935527,cuda
evaluation,3594,2176,Warm B,0.008359280414879322,0.1111111119389534,0.0833371952176094,0.9135802469135802,1.1920928955078125e-07,0.41964074969291687,0.573854386806488,,cfg02_G3_D32,1.8739664049935527,cuda
evaluation,3594,2176,Warm C,0.004985691048204899,0.1111111119389534,0.08928544074296951,0.9012345679012346,1.1920928955078125e-07,0.4281836450099945,0.7407112121582031,,cfg02_G3_D32,1.8739664049935527,cuda
evaluation,3598,2177,Cold,0.004413516726344824,0.1111111119389534,0.09875400364398956,0.8641975308641975,1.1920928955078125e-07,0.0,0.0,,cfg02_G3_D32,1.8739664049935527,cuda
evaluation,3598,2177,Warm A,0.004026656970381737,0.1111110970377922,0.11217278987169266,0.8148148148148148,1.7881393432617188e-07,0.22157345712184906,0.5643116235733032,,cfg02_G3_D32,1.8739664049935527,cuda
evaluation,3598,2177,Warm B,0.004080634564161301,0.111111119389534,0.09801389276981354,0.8395061728395061,2.384185791015625e-07,0.31733372807502747,0.6290446519851685,,cfg02_G3_D32,1.8739664049935527,cuda
evaluation,3598,2177,Warm C,0.0024812668561935425,0.1111111119389534,0.10827670991420746,0.7901234567901234,1.7881393432617188e-07,0.45436763763427734,0.6141037344932556,,cfg02_G3_D32,1.8739664049935527,cuda
evaluation,3599,2178,Cold,0.0077214911580085754,0.111111119389534,0.12251795828342438,0.7407407407407407,1.1920928955078125e-07,0.0,0.0,,cfg02_G3_D32,1.8739664049935527,cuda
evaluation,3599,2178,Warm A,0.011802836321294308,0.1111110970377922,0.11764397472143173,0.691358024691358,2.384185791015625e-07,0.24427762627601624,0.6059992909431458,,cfg02_G3_D32,1.8739664049935527,cuda
evaluation,3599,2178,Warm B,0.010648060590028763,0.1111111119389534,0.1184384822845459,0.7037037037037037,1.1920928955078125e-07,0.35898372530937195,0.5496553182601929,,cfg02_G3_D32,1.8739664049935527,cuda
evaluation,3599,2178,Warm C,0.016138192266225815,0.1111111119389534,0.12564751505851746,0.691358024691358,2.384185791015625e-07,0.3686337172985077,0.6307420134544373,,cfg02_G3_D32,1.8739664049935527,cuda
evaluation,3600,2179,Cold,0.006176679395139217,0.1111111119389534,0.1010187417268753,0.8148148148148148,1.7881393432617188e-07,0.0,0.0,,cfg02_G3_D32,1.8739664049935527,cuda
evaluation,3600,2179,Warm A,0.007854782044887543,0.1111110970377922,0.10681604593992233,0.7901234567901234,1.1920928955078125e-07,0.24533487856388092,0.8094848990440369,,cfg02_G3_D32,1.8739664049935527,cuda
evaluation,3600,2179,Warm B,0.012498434633016586,0.1111110970377922,0.12072544544935226,0.7037037037037037,1.1920928955078125e-07,0.4364572763442993,0.5735058784484863,,cfg02_G3_D32,1.8739664049935527,cuda
evaluation,3600,2179,Warm C,0.015742920339107513,0.111111119389534,0.14084072411060333,0.6296296296296297,1.7881393432617188e-07,0.5711774230003357,0.3556874096393585,,cfg02_G3_D32,1.8739664049935527,cuda
evaluation,3604,2180,Cold,0.004497922491282225,0.1111110970377922,0.10203233361244202,0.8395061728395061,2.384185791015625e-07,0.0,0.0,,cfg02_G3_D32,1.8739664049935527,cuda
evaluation,3604,2180,Warm A,0.004544063471257687,0.1111111119389534,0.10414323210716248,0.8148148148148148,2.384185791015625e-07,0.2500790059566498,0.5086553692817688,,cfg02_G3_D32,1.8739664049935527,cuda
evaluation,3604,2180,Warm B,0.006332006771117449,0.111111119389534,0.09416879713535309,0.8395061728395061,2.384185791015625e-07,0.30337679386138916,0.8132692575454712,,cfg02_G3_D32,1.8739664049935527,cuda
evaluation,3604,2180,Warm C,0.008417297154664993,0.111111119389534,0.098100446164608,0.8148148148148148,1.1920928955078125e-07,0.4184131324291229,0.6432663798332214,,cfg02_G3_D32,1.8739664049935527,cuda
evaluation,3606,2181,Cold,0.006415320094674826,0.1111111119389534,0.11443164199590683,0.7654320987654321,1.1920928955078125e-07,0.0,0.0,,cfg02_G3_D32,1.8739664049935527,cuda
evaluation,3606,2181,Warm A,0.0033213014248758554,0.111111119389534,0.12379992753267288,0.7407407407407407,1.7881393432617188e-07,0.24701961874961853,0.41455307602882385,,cfg02_G3_D32,1.8739664049935527,cuda
evaluation,3606,2181,Warm B,0.006159435957670212,0.111111119389534,0.11526390165090561,0.7654320987654321,1.1920928955078125e-07,0.3405824601650238,0.4909484386444092,,cfg02_G3_D32,1.8739664049935527,cuda
evaluation,3606,2181,Warm C,0.00967370718717575,0.1111111119389534,0.10762817412614822,0.7777777777777778,1.1920928955078125e-07,0.33742839097976685,0.5216572880744934,,cfg02_G3_D32,1.8739664049935527,cuda
evaluation,3613,2183,Cold,0.004231461323797703,0.1111111119389534,0.08414995670318604,0.9012345679012346,2.384185791015625e-07,0.0,0.0,,cfg02_G3_D32,1.8739664049935527,cuda
evaluation,3613,2183,Warm A,0.0021491029765456915,0.1111111119389534,0.09467973560094833,0.8395061728395061,1.1920928955078125e-07,0.23287738859653473,0.5631211400032043,,cfg02_G3_D32,1.8739664049935527,cuda
evaluation,3613,2183,Warm B,0.0020976942032575607,0.1111110970377922,0.10515772551298141,0.8024691358024691,1.7881393432617188e-07,0.3732004165649414,0.5474361777305603,,cfg02_G3_D32,1.8739664049935527,cuda
evaluation,3613,2183,Warm C,0.002192740561440587,0.1111110970377922,0.09924208372831345,0.8271604938271605,2.384185791015625e-07,0.42769837379455566,0.5728513598442078,,cfg02_G3_D32,1.8739664049935527,cuda
evaluation,3616,2186,Cold,0.0042291851714253426,0.1111110970377922,0.09229178726673126,0.9012345679012346,2.384185791015625e-07,0.0,0.0,,cfg02_G3_D32,1.8739664049935527,cuda
evaluation,3616,2186,Warm A,0.005256080534309149,0.1111111119389534,0.0736575797200203,0.9382716049382716,1.1920928955078125e-07,0.23810845613479614,0.5464550256729126,,cfg02_G3_D32,1.8739664049935527,cuda
evaluation,3616,2186,Warm B,0.006907676346600056,0.111111119389534,0.08389440923929214,0.9259259259259259,2.384185791015625e-07,0.4023066461086273,0.5610836744308472,,cfg02_G3_D32,1.8739664049935527,cuda
evaluation,3616,2186,Warm C,0.005440366920083761,0.111111119389534,0.09101250767707825,0.8888888888888888,1.1920928955078125e-07,0.4318312406539917,0.4865172505378723,,cfg02_G3_D32,1.8739664049935527,cuda
evaluation,3619,2189,Cold,0.00497532868757844,0.1111111119389534,0.09320535510778427,0.8641975308641975,1.1920928955078125e-07,0.0,0.0,,cfg02_G3_D32,1.8739664049935527,cuda
evaluation,3619,2189,Warm A,0.0036078919656574726,0.1111110970377922,0.09420441091060638,0.8395061728395061,1.1920928955078125e-07,0.2526184320449829,0.6711200475692749,,cfg02_G3_D32,1.8739664049935527,cuda
evaluation,3619,2189,Warm B,0.006596201099455357,0.111111119389534,0.08521705120801926,0.8518518518518519,1.1920928955078125e-07,0.3631085157394409,0.78658527135849,,cfg02_G3_D32,1.8739664049935527,cuda
evaluation,3619,2189,Warm C,0.008800560608506203,0.111111119389534,0.10110613703727722,0.7901234567901234,1.1920928955078125e-07,0.5204575061798096,0.4820711314678192,,cfg02_G3_D32,1.8739664049935527,cuda
evaluation,3622,2190,Cold,0.005520443432033062,0.1111111119389534,0.10382439941167831,0.8518518518518519,3.5762786865234375e-07,0.0,0.0,,cfg02_G3_D32,1.8739664049935527,cuda
evaluation,3622,2190,Warm A,0.0035142917186021805,0.1111111119389534,0.11593924462795258,0.8148148148148148,2.384185791015625e-07,0.2555144727230072,0.5022684931755066,,cfg02_G3_D32,1.8739664049935527,cuda
evaluation,3622,2190,Warm B,0.0042106169275939465,0.1111111119389534,0.101026751101017,0.8518518518518519,2.384185791015625e-07,0.40259966254234314,0.7931947708129883,,cfg02_G3_D32,1.8739664049935527,cuda
evaluation,3622,2190,Warm C,0.005089954938739538,0.111111119389534,0.10518552362918854,0.8641975308641975,1.1920928955078125e-07,0.3296341598033905,0.4307675361633301,,cfg02_G3_D32,1.8739664049935527,cuda
evaluation,3627,2193,Cold,0.006623744964599609,0.1111111119389534,0.10788299888372421,0.7654320987654321,1.1920928955078125e-07,0.0,0.0,,cfg02_G3_D32,1.8739664049935527,cuda
evaluation,3627,2193,Warm A,0.00869304034858942,0.1111111119389534,0.1048658937215805,0.7530864197530864,2.384185791015625e-07,0.23535965383052826,0.677888810634613,,cfg02_G3_D32,1.8739664049935527,cuda
evaluation,3627,2193,Warm B,0.006616979371756315,0.1111111119389534,0.10488025099039078,0.7530864197530864,1.1920928955078125e-07,0.341830849647522,0.6246918439865112,,cfg02_G3_D32,1.8739664049935527,cuda
evaluation,3627,2193,Warm C,0.008838512934744358,0.111111119389534,0.10497934371232986,0.7160493827160493,2.384185791015625e-07,0.44958755373954773,0.6719646453857422,,cfg02_G3_D32,1.8739664049935527,cuda
evaluation,3628,2194,Cold,0.009609977714717388,0.1111111119389534,0.1319984644651413,0.6790123456790124,1.1920928955078125e-07,0.0,0.0,,cfg02_G3_D32,1.8739664049935527,cuda
evaluation,3628,2194,Warm A,0.013224269263446331,0.111111119389534,0.13099223375320435,0.6666666666666666,2.384185791015625e-07,0.24872316420078278,0.8843847513198853,,cfg02_G3_D32,1.8739664049935527,cuda
evaluation,3628,2194,Warm B,0.01796984113752842,0.1111111119389534,0.13804663717746735,0.6296296296296297,1.1920928955078125e-07,0.4419993460178375,0.6132886409759521,,cfg02_G3_D32,1.8739664049935527,cuda
evaluation,3628,2194,Warm C,0.013702201656997204,0.1111111119389534,0.13231034576892853,0.6666666666666666,2.384185791015625e-07,0.35000160336494446,0.4817322790622711,,cfg02_G3_D32,1.8739664049935527,cuda
evaluation,3634,2197,Cold,0.007745973765850067,0.1111111119389534,0.11413361877202988,0.7654320987654321,2.384185791015625e-07,0.0,0.0,,cfg02_G3_D32,1.8739664049935527,cuda
evaluation,3634,2197,Warm A,0.005275481380522251,0.1111110970377922,0.12558479607105255,0.7407407407407407,2.980232238769531e-07,0.25571054220199585,0.425741970539093,,cfg02_G3_D32,1.8739664049935527,cuda
evaluation,3634,2197,Warm B,0.0038511569146066904,0.1111110970377922,0.1256944090127945,0.7283950617283951,2.384185791015625e-07,0.28719305992126465,0.4251733720302582,,cfg02_G3_D32,1.8739664049935527,cuda
evaluation,3634,2197,Warm C,0.004643421620130539,0.1111111119389534,0.13907112181186676,0.691358024691358,2.980232238769531e-07,0.4345271587371826,0.2491312474012375,,cfg02_G3_D32,1.8739664049935527,cuda
evaluation,3643,2201,Cold,0.009306775406002998,0.1111111119389534,0.1317591369152069,0.6666666666666666,2.384185791015625e-07,0.0,0.0,,cfg02_G3_D32,1.8739664049935527,cuda
evaluation,3643,2201,Warm A,0.012716577388346195,0.1111111119389534,0.1297631710767746,0.6666666666666666,2.980232238769531e-07,0.25061315298080444,0.8073112368583679,,cfg02_G3_D32,1.8739664049935527,cuda
evaluation,3643,2201,Warm B,0.01678342930972576,0.1111110970377922,0.1364852339029312,0.6419753086419753,1.7881393432617188e-07,0.45409390330314636,0.6241379380226135,,cfg02_G3_D32,1.8739664049935527,cuda
evaluation,3643,2201,Warm C,0.012850393541157246,0.111111119389534,0.1286805123090744,0.6790123456790124,2.384185791015625e-07,0.5215547680854797,0.6919508576393127,,cfg02_G3_D32,1.8739664049935527,cuda
evaluation,3646,2202,Cold,0.00417321315035224,0.1111111119389534,0.09318908303976059,0.9135802469135802,1.7881393432617188e-07,0.0,0.0,,cfg02_G3_D32,1.8739664049935527,cuda
evaluation,3646,2202,Warm A,0.004869541618973017,0.111111119389534,0.08209902793169022,0.9012345679012346,1.7881393432617188e-07,0.25334739685058594,0.7242629528045654,,cfg02_G3_D32,1.8739664049935527,cuda
evaluation,3646,2202,Warm B,0.006061393767595291,0.1111111119389534,0.08420019596815109,0.9012345679012346,2.384185791015625e-07,0.4447336196899414,0.4825228750705719,,cfg02_G3_D32,1.8739664049935527,cuda
evaluation,3646,2202,Warm C,0.009019391611218452,0.1111111119389534,0.10921358317136765,0.7654320987654321,2.384185791015625e-07,0.5600517988204956,0.2308306246995926,,cfg02_G3_D32,1.8739664049935527,cuda
evaluation,3653,2204,Cold,0.004901709035038948,0.1111111119389534,0.10283853858709335,0.8641975308641975,1.1920928955078125e-07,0.0,0.0,,cfg02_G3_D32,1.8739664049935527,cuda
evaluation,3653,2204,Warm A,0.006729212589561939,0.1111111119389534,0.10040564090013504,0.8271604938271605,1.1920928955078125e-07,0.24220304191112518,0.6252424716949463,,cfg02_G3_D32,1.8739664049935527,cuda
evaluation,3653,2204,Warm B,0.005942284595221281,0.1111111119389534,0.0971013531088829,0.8024691358024691,2.384185791015625e-07,0.34389734268188477,0.65910804271698,,cfg02_G3_D32,1.8739664049935527,cuda
evaluation,3653,2204,Warm C,0.006134406663477421,0.1111111119389534,0.10233332961797714,0.7654320987654321,1.1920928955078125e-07,0.32153618335723877,0.501329779624939,,cfg02_G3_D32,1.8739664049935527,cuda
evaluation,3658,2206,Cold,0.006535609718412161,0.1111110970377922,0.09983792155981064,0.7901234567901234,1.1920928955078125e-07,0.0,0.0,,cfg02_G3_D32,1.8739664049935527,cuda
evaluation,3658,2206,Warm A,0.006232837215065956,0.1111110970377922,0.09972461313009262,0.7901234567901234,1.1920928955078125e-07,0.23717175424098969,0.6975652575492859,,cfg02_G3_D32,1.8739664049935527,cuda
evaluation,3658,2206,Warm B,0.006314720027148724,0.111111119389534,0.10732274502515793,0.8271604938271605,1.1920928955078125e-07,0.31165722012519836,0.4436154365539551,,cfg02_G3_D32,1.8739664049935527,cuda
evaluation,3658,2206,Warm C,0.009801153093576431,0.1111111119389534,0.10018657147884369,0.7901234567901234,1.1920928955078125e-07,0.35207194089889526,0.5656126141548157,,cfg02_G3_D32,1.8739664049935527,cuda
evaluation,3660,2207,Cold,0.004732945933938026,0.1111110970377922,0.0757322758436203,0.9382716049382716,1.7881393432617188e-07,0.0,0.0,,cfg02_G3_D32,1.8739664049935527,cuda
evaluation,3660,2207,Warm A,0.004665132146328688,0.1111110970377922,0.07858166098594666,0.9135802469135802,1.1920928955078125e-07,0.24462971091270447,0.7126891613006592,,cfg02_G3_D32,1.8739664049935527,cuda
evaluation,3660,2207,Warm B,0.006528548430651426,0.1111111119389534,0.09211999922990799,0.8395061728395061,2.384185791015625e-07,0.39655253291130066,0.5209651589393616,,cfg02_G3_D32,1.8739664049935527,cuda
evaluation,3660,2207,Warm C,0.009976963512599468,0.111111119389534,0.10613439232110977,0.8395061728395061,1.1920928955078125e-07,0.4009261131286621,0.5513114333152771,,cfg02_G3_D32,1.8739664049935527,cuda
evaluation,3661,2208,Cold,0.005283835344016552,0.1111110970377922,0.07214626669883728,0.9259259259259259,1.7881393432617188e-07,0.0,0.0,,cfg02_G3_D32,1.8739664049935527,cuda
evaluation,3661,2208,Warm A,0.00707788672298193,0.1111110970377922,0.08908460289239883,0.9259259259259259,2.384185791015625e-07,0.24001668393611908,0.5712389349937439,,cfg02_G3_D32,1.8739664049935527,cuda
evaluation,3661,2208,Warm B,0.009826069697737694,0.1111111119389534,0.12016032636165619,0.8024691358024691,2.384185791015625e-07,0.4215432405471802,0.4341985881328583,,cfg02_G3_D32,1.8739664049935527,cuda
evaluation,3661,2208,Warm C,0.012153510935604572,0.1111111119389534,0.14001962542533875,0.6172839506172839,2.384185791015625e-07,0.5166037678718567,0.30265483260154724,,cfg02_G3_D32,1.8739664049935527,cuda
evaluation,3662,2209,Cold,0.004636008758097887,0.1111111119389534,0.0739063024520874,0.9382716049382716,3.5762786865234375e-07,0.0,0.0,,cfg02_G3_D32,1.8739664049935527,cuda
evaluation,3662,2209,Warm A,0.00824081338942051,0.1111110970377922,0.08478092402219772,0.9382716049382716,2.384185791015625e-07,0.24305684864521027,0.4521849751472473,,cfg02_G3_D32,1.8739664049935527,cuda
evaluation,3662,2209,Warm B,0.012057065963745117,0.111111119389534,0.11635901778936386,0.8271604938271605,1.1920928955078125e-07,0.43379518389701843,0.44553229212760925,,cfg02_G3_D32,1.8739664049935527,cuda
evaluation,3662,2209,Warm C,0.010185579769313335,0.1111111119389534,0.11796142160892487,0.8148148148148148,1.1920928955078125e-07,0.4488854706287384,0.3621642291545868,,cfg02_G3_D32,1.8739664049935527,cuda
evaluation,3669,2211,Cold,0.0042617833241820335,0.111111119389534,0.08769384026527405,0.8888888888888888,1.1920928955078125e-07,0.0,0.0,,cfg02_G3_D32,1.8739664049935527,cuda
evaluation,3669,2211,Warm A,0.005865616258233786,0.111111119389534,0.07607696205377579,0.9506172839506173,2.384185791015625e-07,0.2266520857810974,0.6422093510627747,,cfg02_G3_D32,1.8739664049935527,cuda
evaluation,3669,2211,Warm B,0.007739064283668995,0.1111110970377922,0.09573864936828613,0.9012345679012346,2.384185791015625e-07,0.432598739862442,0.36452192068099976,,cfg02_G3_D32,1.8739664049935527,cuda
evaluation,3669,2211,Warm C,0.010642183013260365,0.1111111119389534,0.11920806765556335,0.7160493827160493,2.384185791015625e-07,0.630506694316864,0.32860898971557617,,cfg02_G3_D32,1.8739664049935527,cuda
evaluation,3672,2213,Cold,0.004960400518029928,0.1111111119389534,0.0997142344713211,0.8395061728395061,1.1920928955078125e-07,0.0,0.0,,cfg02_G3_D32,1.8739664049935527,cuda
evaluation,3672,2213,Warm A,0.006452633999288082,0.111111119389534,0.09774389863014221,0.8271604938271605,2.384185791015625e-07,0.25247684121131897,0.8498126864433289,,cfg02_G3_D32,1.8739664049935527,cuda
evaluation,3672,2213,Warm B,0.008217789232730865,0.1111111119389534,0.10658501833677292,0.7530864197530864,1.1920928955078125e-07,0.42196980118751526,0.5593770146369934,,cfg02_G3_D32,1.8739664049935527,cuda
evaluation,3672,2213,Warm C,0.011845751665532589,0.111111119389534,0.12590332329273224,0.691358024691358,2.384185791015625e-07,0.5693368911743164,0.3078889548778534,,cfg02_G3_D32,1.8739664049935527,cuda
evaluation,3676,2215,Cold,0.004341761581599712,0.1111111119389534,0.09791681170463562,0.8518518518518519,2.384185791015625e-07,0.0,0.0,,cfg02_G3_D32,1.8739664049935527,cuda
evaluation,3676,2215,Warm A,0.006661693099886179,0.1111111119389534,0.08902636915445328,0.8888888888888888,1.7881393432617188e-07,0.23934799432754517,0.646016538143158,,cfg02_G3_D32,1.8739664049935527,cuda
evaluation,3676,2215,Warm B,0.0051070586778223515,0.1111110970377922,0.09062208235263824,0.8395061728395061,2.384185791015625e-07,0.3624241352081299,0.6012564897537231,,cfg02_G3_D32,1.8739664049935527,cuda
evaluation,3676,2215,Warm C,0.008302676491439342,0.1111110970377922,0.09046854078769684,0.8271604938271605,1.1920928955078125e-07,0.47193679213523865,0.860145092010498,,cfg02_G3_D32,1.8739664049935527,cuda
evaluation,3678,2216,Cold,0.007340286858379841,0.1111111119389534,0.11704080551862717,0.7654320987654321,1.1920928955078125e-07,0.0,0.0,,cfg02_G3_D32,1.8739664049935527,cuda
evaluation,3678,2216,Warm A,0.011259311810135841,0.1111111119389534,0.11805270612239838,0.7037037037037037,1.1920928955078125e-07,0.2343006134033203,0.5620984435081482,,cfg02_G3_D32,1.8739664049935527,cuda
evaluation,3678,2216,Warm B,0.007365942932665348,0.1111111119389534,0.12329782545566559,0.7283950617283951,2.384185791015625e-07,0.30528464913368225,0.39020535349845886,,cfg02_G3_D32,1.8739664049935527,cuda
evaluation,3678,2216,Warm C,0.010271997191011906,0.1111110970377922,0.12070932239294052,0.691358024691358,1.1920928955078125e-07,0.32639285922050476,0.6726462244987488,,cfg02_G3_D32,1.8739664049935527,cuda
evaluation,3679,2217,Cold,0.004042963497340679,0.111111119389534,0.0941803902387619,0.8765432098765432,1.1920928955078125e-07,0.0,0.0,,cfg02_G3_D32,1.8739664049935527,cuda
evaluation,3679,2217,Warm A,0.00321349804289639,0.111111119389534,0.10348689556121826,0.8641975308641975,2.384185791015625e-07,0.24662736058235168,0.4510020315647125,,cfg02_G3_D32,1.8739664049935527,cuda
evaluation,3679,2217,Warm B,0.004639838822185993,0.111111119389534,0.11893913894891739,0.7901234567901234,1.7881393432617188e-07,0.3307819962501526,0.3256121575832367,,cfg02_G3_D32,1.8739664049935527,cuda
evaluation,3679,2217,Warm C,0.006353124510496855,0.1111111119389534,0.10255178064107895,0.8641975308641975,1.1920928955078125e-07,0.48912402987480164,0.3752983510494232,,cfg02_G3_D32,1.8739664049935527,cuda
evaluation,3689,2225,Cold,0.004686489701271057,0.1111111119389534,0.08160906285047531,0.9135802469135802,1.1920928955078125e-07,0.0,0.0,,cfg02_G3_D32,1.8739664049935527,cuda
evaluation,3689,2225,Warm A,0.007936696521937847,0.1111111119389534,0.08253425359725952,0.9259259259259259,1.1920928955078125e-07,0.2520638108253479,0.874322235584259,,cfg02_G3_D32,1.8739664049935527,cuda
evaluation,3689,2225,Warm B,0.009577042423188686,0.1111110970377922,0.11044969409704208,0.8271604938271605,1.1920928955078125e-07,0.4322269558906555,0.34543168544769287,,cfg02_G3_D32,1.8739664049935527,cuda
evaluation,3689,2225,Warm C,0.014160468243062496,0.1111111119389534,0.13257147371768951,0.6790123456790124,2.384185791015625e-07,0.4904351234436035,0.23699834942817688,,cfg02_G3_D32,1.8739664049935527,cuda
evaluation,3690,2226,Cold,0.004266964737325907,0.1111111119389534,0.07616996765136719,0.9382716049382716,1.1920928955078125e-07,0.0,0.0,,cfg02_G3_D32,1.8739664049935527,cuda
evaluation,3690,2226,Warm A,0.007572455797344446,0.1111111119389534,0.07858776301145554,0.9259259259259259,1.1920928955078125e-07,0.24820037186145782,0.7396354675292969,,cfg02_G3_D32,1.8739664049935527,cuda
evaluation,3690,2226,Warm B,0.009311293251812458,0.1111111119389534,0.10215506702661514,0.8271604938271605,1.1920928955078125e-07,0.41277873516082764,0.4319368898868561,,cfg02_G3_D32,1.8739664049935527,cuda
evaluation,3690,2226,Warm C,0.0136405685916543,0.1111110970377922,0.12924721837043762,0.6666666666666666,2.384185791015625e-07,0.539175271987915,0.21108920872211456,,cfg02_G3_D32,1.8739664049935527,cuda
evaluation,3693,2227,Cold,0.004014843143522739,0.1111111119389534,0.0844384953379631,0.9012345679012346,1.1920928955078125e-07,0.0,0.0,,cfg02_G3_D32,1.8739664049935527,cuda
evaluation,3693,2227,Warm A,0.00412365235388279,0.1111111119389534,0.07999622821807861,0.9259259259259259,1.7881393432617188e-07,0.24253880977630615,0.6297836303710938,,cfg02_G3_D32,1.8739664049935527,cuda
evaluation,3693,2227,Warm B,0.006429681088775396,0.1111111119389534,0.08111201226711273,0.9259259259259259,2.384185791015625e-07,0.3625178635120392,0.6779345870018005,,cfg02_G3_D32,1.8739664049935527,cuda
evaluation,3693,2227,Warm C,0.007000060752034187,0.1111111119389534,0.10775360465049744,0.8641975308641975,2.384185791015625e-07,0.5238268375396729,0.41135483980178833,,cfg02_G3_D32,1.8739664049935527,cuda
evaluation,3694,2228,Cold,0.003906916361302137,0.1111111119389534,0.07526656240224838,0.9382716049382716,1.1920928955078125e-07,0.0,0.0,,cfg02_G3_D32,1.8739664049935527,cuda
evaluation,3694,2228,Warm A,0.005434462800621986,0.1111111119389534,0.07757384330034256,0.9259259259259259,2.384185791015625e-07,0.2492484748363495,0.5174629092216492,,cfg02_G3_D32,1.8739664049935527,cuda
evaluation,3694,2228,Warm B,0.008617199026048183,0.1111111119389534,0.10412362217903137,0.8641975308641975,2.384185791015625e-07,0.45652487874031067,0.5480397939682007,,cfg02_G3_D32,1.8739664049935527,cuda
evaluation,3694,2228,Warm C,0.012679881416261196,0.1111111119389534,0.12657468020915985,0.6790123456790124,1.1920928955078125e-07,0.6846393346786499,0.2444835752248764,,cfg02_G3_D32,1.8739664049935527,cuda
evaluation,3696,2229,Cold,0.004053664859384298,0.111111119389534,0.0811602920293808,0.9135802469135802,1.1920928955078125e-07,0.0,0.0,,cfg02_G3_D32,1.8739664049935527,cuda
evaluation,3696,2229,Warm A,0.005801573395729065,0.1111111119389534,0.07878872007131577,0.9259259259259259,2.384185791015625e-07,0.23313778638839722,0.44930264353752136,,cfg02_G3_D32,1.8739664049935527,cuda
evaluation,3696,2229,Warm B,0.008832926861941814,0.1111110970377922,0.10059617459774017,0.8641975308641975,1.1920928955078125e-07,0.4210880994796753,0.3493330776691437,,cfg02_G3_D32,1.8739664049935527,cuda
evaluation,3696,2229,Warm C,0.0058136507868766785,0.1111111119389534,0.07744665443897247,0.9382716049382716,1.1920928955078125e-07,0.30630677938461304,0.6347686052322388,,cfg02_G3_D32,1.8739664049935527,cuda
evaluation,3709,2242,Cold,0.003186276648193598,0.111111119389534,0.07527420669794083,0.9629629629629629,2.384185791015625e-07,0.0,0.0,,cfg02_G3_D32,1.8739664049935527,cuda
evaluation,3709,2242,Warm A,0.004366306588053703,0.1111111119389534,0.07454106956720352,0.9506172839506173,1.1920928955078125e-07,0.23915021121501923,0.47077807784080505,,cfg02_G3_D32,1.8739664049935527,cuda
evaluation,3709,2242,Warm B,0.007498832419514656,0.1111111119389534,0.1003965437412262,0.8641975308641975,2.384185791015625e-07,0.4487203061580658,0.36665526032447815,,cfg02_G3_D32,1.8739664049935527,cuda
evaluation,3709,2242,Warm C,0.007620291784405708,0.1111111119389534,0.1004779040813446,0.9012345679012346,2.384185791015625e-07,0.40462368726730347,0.32713747024536133,,cfg02_G3_D32,1.8739664049935527,cuda
evaluation,3710,2243,Cold,0.0048873648047447205,0.1111111119389534,0.07918477058410645,0.9382716049382716,1.1920928955078125e-07,0.0,0.0,,cfg02_G3_D32,1.8739664049935527,cuda
evaluation,3710,2243,Warm A,0.008658823557198048,0.111111119389534,0.0904364362359047,0.9259259259259259,2.384185791015625e-07,0.24584786593914032,0.5129963159561157,,cfg02_G3_D32,1.8739664049935527,cuda
evaluation,3710,2243,Warm B,0.01068150531500578,0.1111111119389534,0.11806166172027588,0.8148148148148148,1.1920928955078125e-07,0.45016440749168396,0.2639528810977936,,cfg02_G3_D32,1.8739664049935527,cuda
evaluation,3710,2243,Warm C,0.014133896678686142,0.111111119389534,0.14198285341262817,0.5925925925925926,2.384185791015625e-07,0.6278591752052307,0.18631207942962646,,cfg02_G3_D32,1.8739664049935527,cuda
evaluation,3713,2245,Cold,0.0041885823011398315,0.111111119389534,0.08599245548248291,0.9012345679012346,1.7881393432617188e-07,0.0,0.0,,cfg02_G3_D32,1.8739664049935527,cuda
evaluation,3713,2245,Warm A,0.003955449443310499,0.1111111119389534,0.09559450298547745,0.8888888888888888,1.1920928955078125e-07,0.21809667348861694,0.6445469260215759,,cfg02_G3_D32,1.8739664049935527,cuda
evaluation,3713,2245,Warm B,0.004726705607026815,0.1111111119389534,0.08065026998519897,0.9259259259259259,1.1920928955078125e-07,0.2734825909137726,0.5982434153556824,,cfg02_G3_D32,1.8739664049935527,cuda
evaluation,3713,2245,Warm C,0.004186785314232111,0.1111111119389534,0.0905703753232956,0.9012345679012346,1.1920928955078125e-07,0.38828909397125244,0.5498749613761902,,cfg02_G3_D32,1.8739664049935527,cuda
evaluation,3714,2246,Cold,0.004172916989773512,0.1111111119389534,0.08786115050315857,0.8888888888888888,2.384185791015625e-07,0.0,0.0,,cfg02_G3_D32,1.8739664049935527,cuda
evaluation,3714,2246,Warm A,0.006413571536540985,0.1111111119389534,0.07824958860874176,0.9012345679012346,1.7881393432617188e-07,0.24254316091537476,0.5393326878547668,,cfg02_G3_D32,1.8739664049935527,cuda
evaluation,3714,2246,Warm B,0.009031587280333042,0.1111110970377922,0.09998477250337601,0.8765432098765432,1.7881393432617188e-07,0.3780314326286316,0.5281631350517273,,cfg02_G3_D32,1.8739664049935527,cuda
evaluation,3714,2246,Warm C,0.006540883332490921,0.1111110970377922,0.08190415054559708,0.9135802469135802,1.1920928955078125e-07,0.3837648332118988,0.6019024848937988,,cfg02_G3_D32,1.8739664049935527,cuda
evaluation,3715,2247,Cold,0.0043068197555840015,0.1111111119389534,0.09144214540719986,0.8641975308641975,2.384185791015625e-07,0.0,0.0,,cfg02_G3_D32,1.8739664049935527,cuda
evaluation,3715,2247,Warm A,0.006296987179666758,0.1111111119389534,0.08352115005254745,0.9135802469135802,1.1920928955078125e-07,0.2328866571187973,0.6349337697029114,,cfg02_G3_D32,1.8739664049935527,cuda
evaluation,3715,2247,Warm B,0.007672065403312445,0.1111111119389534,0.09671350568532944,0.8271604938271605,1.1920928955078125e-07,0.42556893825531006,0.3714148998260498,,cfg02_G3_D32,1.8739664049935527,cuda
evaluation,3715,2247,Warm C,0.006606874521821737,0.1111110970377922,0.10001771152019501,0.7901234567901234,2.384185791015625e-07,0.6168603301048279,0.5711634755134583,,cfg02_G3_D32,1.8739664049935527,cuda
evaluation,3716,2248,Cold,0.0046892957761883736,0.1111111119389534,0.09413371980190277,0.8395061728395061,1.1920928955078125e-07,0.0,0.0,,cfg02_G3_D32,1.8739664049935527,cuda
evaluation,3716,2248,Warm A,0.006835981737822294,0.1111111119389534,0.08569642156362534,0.9259259259259259,2.384185791015625e-07,0.2345207929611206,0.6529068350791931,,cfg02_G3_D32,1.8739664049935527,cuda
evaluation,3716,2248,Warm B,0.009398338384926319,0.1111110970377922,0.09881184250116348,0.8148148148148148,1.7881393432617188e-07,0.39251694083213806,0.4530753195285797,,cfg02_G3_D32,1.8739664049935527,cuda
evaluation,3716,2248,Warm C,0.01200053095817566,0.1111111119389534,0.12045671045780182,0.7901234567901234,2.384185791015625e-07,0.5595830678939819,0.3240417242050171,,cfg02_G3_D32,1.8739664049935527,cuda
evaluation,3718,2250,Cold,0.004031626041978598,0.1111111119389534,0.09931932389736176,0.8271604938271605,2.384185791015625e-07,0.0,0.0,,cfg02_G3_D32,1.8739664049935527,cuda
evaluation,3718,2250,Warm A,0.004228171892464161,0.1111111119389534,0.08621785789728165,0.9135802469135802,2.384185791015625e-07,0.24490253627300262,0.7854699492454529,,cfg02_G3_D32,1.8739664049935527,cuda
evaluation,3718,2250,Warm B,0.0020102898124605417,0.111111119389534,0.10591953992843628,0.8395061728395061,1.7881393432617188e-07,0.3307923376560211,0.7559645771980286,,cfg02_G3_D32,1.8739664049935527,cuda
evaluation,3718,2250,Warm C,0.004721947479993105,0.1111111119389534,0.08687982708215714,0.9012345679012346,1.7881393432617188e-07,0.30088359117507935,0.5742473602294922,,cfg02_G3_D32,1.8739664049935527,cuda
evaluation,3720,2251,Cold,0.0044061848893761635,0.1111111119389534,0.09583689272403717,0.8765432098765432,1.1920928955078125e-07,0.0,0.0,,cfg02_G3_D32,1.8739664049935527,cuda
evaluation,3720,2251,Warm A,0.004529129713773727,0.1111111119389534,0.11064008623361588,0.8024691358024691,1.1920928955078125e-07,0.22921359539031982,0.5450820922851562,,cfg02_G3_D32,1.8739664049935527,cuda
evaluation,3720,2251,Warm B,0.00259105721488595,0.1111111119389534,0.09969247132539749,0.8518518518518519,2.384185791015625e-07,0.3426324129104614,0.6976284384727478,,cfg02_G3_D32,1.8739664049935527,cuda
evaluation,3720,2251,Warm C,0.002440681681036949,0.1111111119389534,0.11372792720794678,0.8024691358024691,2.384185791015625e-07,0.3473030924797058,0.5046671032905579,,cfg02_G3_D32,1.8739664049935527,cuda
evaluation,3724,2253,Cold,0.0048160795122385025,0.1111111119389534,0.09668958187103271,0.8765432098765432,1.1920928955078125e-07,0.0,0.0,,cfg02_G3_D32,1.8739664049935527,cuda
evaluation,3724,2253,Warm A,0.005583092104643583,0.1111111119389534,0.09667862206697464,0.8765432098765432,1.7881393432617188e-07,0.24026986956596375,0.5302773118019104,,cfg02_G3_D32,1.8739664049935527,cuda
evaluation,3724,2253,Warm B,0.007418394088745117,0.111111119389534,0.09324763715267181,0.8395061728395061,1.1920928955078125e-07,0.3566712439060211,0.5019711852073669,,cfg02_G3_D32,1.8739664049935527,cuda
evaluation,3724,2253,Warm C,0.006656308192759752,0.1111110970377922,0.09611405432224274,0.8765432098765432,1.1920928955078125e-07,0.34504207968711853,0.6113928556442261,,cfg02_G3_D32,1.8739664049935527,cuda
evaluation,3725,2254,Cold,0.0035262664314359426,0.1111111119389534,0.09316595643758774,0.8765432098765432,2.384185791015625e-07,0.0,0.0,,cfg02_G3_D32,1.8739664049935527,cuda
evaluation,3725,2254,Warm A,0.0037008326034992933,0.1111111119389534,0.0848143920302391,0.9506172839506173,1.1920928955078125e-07,0.2483891099691391,0.8485574722290039,,cfg02_G3_D32,1.8739664049935527,cuda
evaluation,3725,2254,Warm B,0.00488707423210144,0.1111110970377922,0.09262102842330933,0.8271604938271605,1.7881393432617188e-07,0.3741046190261841,0.5607382655143738,,cfg02_G3_D32,1.8739664049935527,cuda
evaluation,3725,2254,Warm C,0.0025213193148374557,0.111111119389534,0.08662757277488708,0.9135802469135802,2.384185791015625e-07,0.35530805587768555,0.639923632144928,,cfg02_G3_D32,1.8739664049935527,cuda
evaluation,3726,2255,Cold,0.006262549664825201,0.1111111119389534,0.09997879713773727,0.8271604938271605,1.1920928955078125e-07,0.0,0.0,,cfg02_G3_D32,1.8739664049935527,cuda
evaluation,3726,2255,Warm A,0.008968786336481571,0.1111111119389534,0.09876955300569534,0.8271604938271605,2.384185791015625e-07,0.21241246163845062,0.5414264798164368,,cfg02_G3_D32,1.8739664049935527,cuda
evaluation,3726,2255,Warm B,0.007916529662907124,0.1111111119389534,0.10024061799049377,0.8395061728395061,2.384185791015625e-07,0.2709285020828247,0.6356911659240723,,cfg02_G3_D32,1.8739664049935527,cuda
evaluation,3726,2255,Warm C,0.009413867257535458,0.1111110970377922,0.1062089130282402,0.8024691358024691,2.384185791015625e-07,0.37645119428634644,0.48751750588417053,,cfg02_G3_D32,1.8739664049935527,cuda
evaluation,3727,2256,Cold,0.0037096156738698483,0.1111111119389534,0.08523499220609665,0.9012345679012346,2.384185791015625e-07,0.0,0.0,,cfg02_G3_D32,1.8739664049935527,cuda
evaluation,3727,2256,Warm A,0.001812214613892138,0.1111111119389534,0.1053258553147316,0.8148148148148148,1.1920928955078125e-07,0.22858594357967377,0.5635515451431274,,cfg02_G3_D32,1.8739664049935527,cuda
evaluation,3727,2256,Warm B,0.0045555951073765755,0.1111111119389534,0.10340184718370438,0.8024691358024691,1.7881393432617188e-07,0.25169992446899414,0.6249964833259583,,cfg02_G3_D32,1.8739664049935527,cuda
evaluation,3727,2256,Warm C,0.004030373878777027,0.1111111119389534,0.12310395389795303,0.691358024691358,1.1920928955078125e-07,0.36517006158828735,0.567370593547821,,cfg02_G3_D32,1.8739664049935527,cuda
evaluation,3728,2257,Cold,0.005659379996359348,0.1111111119389534,0.09814402461051941,0.8271604938271605,2.384185791015625e-07,0.0,0.0,,cfg02_G3_D32,1.8739664049935527,cuda
evaluation,3728,2257,Warm A,0.00494719622656703,0.111111119389534,0.11861298233270645,0.7654320987654321,1.1920928955078125e-07,0.25010964274406433,0.437247097492218,,cfg02_G3_D32,1.8739664049935527,cuda
evaluation,3728,2257,Warm B,0.004920025821775198,0.1111110970377922,0.1122078225016594,0.7901234567901234,1.7881393432617188e-07,0.3707296550273895,0.5531319975852966,,cfg02_G3_D32,1.8739664049935527,cuda
evaluation,3728,2257,Warm C,0.004998741205781698,0.1111111119389534,0.11141718178987503,0.7777777777777778,2.384185791015625e-07,0.41947880387306213,0.5532407164573669,,cfg02_G3_D32,1.8739664049935527,cuda
evaluation,3732,2260,Cold,0.0038003616500645876,0.1111111119389534,0.08515635877847672,0.9012345679012346,2.384185791015625e-07,0.0,0.0,,cfg02_G3_D32,1.8739664049935527,cuda
evaluation,3732,2260,Warm A,0.006673669908195734,0.1111111119389534,0.08617760986089706,0.8765432098765432,1.1920928955078125e-07,0.24441276490688324,0.5116483569145203,,cfg02_G3_D32,1.8739664049935527,cuda
evaluation,3732,2260,Warm B,0.008588613010942936,0.1111111119389534,0.10018909722566605,0.8148148148148148,1.1920928955078125e-07,0.39339908957481384,0.5336064696311951,,cfg02_G3_D32,1.8739664049935527,cuda
evaluation,3732,2260,Warm C,0.006815936882048845,0.1111110970377922,0.08494695276021957,0.8765432098765432,2.384185791015625e-07,0.409436970949173,0.3815852105617523,,cfg02_G3_D32,1.8739664049935527,cuda
evaluation,3738,2263,Cold,0.005119966808706522,0.1111111119389534,0.10686638951301575,0.8395061728395061,2.980232238769531e-07,0.0,0.0,,cfg02_G3_D32,1.8739664049935527,cuda
evaluation,3738,2263,Warm A,0.007356066722422838,0.1111111119389534,0.10108400881290436,0.8395061728395061,1.1920928955078125e-07,0.24695728719234467,0.6910324096679688,,cfg02_G3_D32,1.8739664049935527,cuda
evaluation,3738,2263,Warm B,0.008225316181778908,0.1111111119389534,0.09596014767885208,0.8518518518518519,2.384185791015625e-07,0.28359606862068176,0.6033507585525513,,cfg02_G3_D32,1.8739664049935527,cuda
evaluation,3738,2263,Warm C,0.01137443259358406,0.1111110970377922,0.09599176794290543,0.8024691358024691,2.384185791015625e-07,0.4031563401222229,0.6386460661888123,,cfg02_G3_D32,1.8739664049935527,cuda
evaluation,3743,2267,Cold,0.0038806041702628136,0.1111111119389534,0.0885370522737503,0.9259259259259259,1.1920928955078125e-07,0.0,0.0,,cfg02_G3_D32,1.8739664049935527,cuda
evaluation,3743,2267,Warm A,0.004757601767778397,0.1111111119389534,0.06953149288892746,0.9753086419753086,1.1920928955078125e-07,0.24151135981082916,0.519082248210907,,cfg02_G3_D32,1.8739664049935527,cuda
evaluation,3743,2267,Warm B,0.005242427345365286,0.1111111119389534,0.07936090230941772,0.9259259259259259,2.384185791015625e-07,0.3833625614643097,0.5723568797111511,,cfg02_G3_D32,1.8739664049935527,cuda
evaluation,3743,2267,Warm C,0.007855286821722984,0.1111111119389534,0.1007300317287445,0.8271604938271605,5.960464477539063e-08,0.5636086463928223,0.421561062335968,,cfg02_G3_D32,1.8739664049935527,cuda
evaluation,3746,2270,Cold,0.004519544541835785,0.1111111119389534,0.09701646864414215,0.8518518518518519,1.1920928955078125e-07,0.0,0.0,,cfg02_G3_D32,1.8739664049935527,cuda
evaluation,3746,2270,Warm A,0.002726969076320529,0.1111111119389534,0.11256081610918045,0.8024691358024691,1.1920928955078125e-07,0.22854463756084442,0.7320775389671326,,cfg02_G3_D32,1.8739664049935527,cuda
evaluation,3746,2270,Warm B,0.004321083426475525,0.1111111119389534,0.1225961297750473,0.7160493827160493,2.384185791015625e-07,0.31613123416900635,0.3824727237224579,,cfg02_G3_D32,1.8739664049935527,cuda
evaluation,3746,2270,Warm C,0.004486858379095793,0.1111111119389534,0.10454493016004562,0.8024691358024691,2.384185791015625e-07,0.3346094489097595,0.5871562361717224,,cfg02_G3_D32,1.8739664049935527,cuda
evaluation,3747,2271,Cold,0.0038391267880797386,0.1111111119389534,0.08584680408239365,0.9259259259259259,1.7881393432617188e-07,0.0,0.0,,cfg02_G3_D32,1.8739664049935527,cuda
evaluation,3747,2271,Warm A,0.0030890177004039288,0.1111111119389534,0.10791677981615067,0.7654320987654321,2.384185791015625e-07,0.2482496052980423,0.7728264927864075,,cfg02_G3_D32,1.8739664049935527,cuda
evaluation,3747,2271,Warm B,0.003981617745012045,0.1111111119389534,0.0911865308880806,0.8888888888888888,1.1920928955078125e-07,0.23530414700508118,0.6861202120780945,,cfg02_G3_D32,1.8739664049935527,cuda
evaluation,3747,2271,Warm C,0.003841197118163109,0.1111111119389534,0.09621361643075943,0.8395061728395061,2.384185791015625e-07,0.3856451213359833,0.7377428412437439,,cfg02_G3_D32,1.8739664049935527,cuda
evaluation,3758,2277,Cold,0.00470495643094182,0.1111111119389534,0.09139186888933182,0.8395061728395061,1.1920928955078125e-07,0.0,0.0,,cfg02_G3_D32,1.8739664049935527,cuda
evaluation,3758,2277,Warm A,0.007240050472319126,0.1111111119389534,0.08440681546926498,0.8765432098765432,1.1920928955078125e-07,0.2413792610168457,0.7271625995635986,,cfg02_G3_D32,1.8739664049935527,cuda
evaluation,3758,2277,Warm B,0.01080860011279583,0.1111111119389534,0.0934399738907814,0.8024691358024691,1.1920928955078125e-07,0.42850881814956665,0.494020938873291,,cfg02_G3_D32,1.8739664049935527,cuda
evaluation,3758,2277,Warm C,0.009111651219427586,0.1111110970377922,0.08456514775753021,0.8271604938271605,1.1920928955078125e-07,0.33565568923950195,0.42229580879211426,,cfg02_G3_D32,1.8739664049935527,cuda
evaluation,3766,2281,Cold,0.005433166865259409,0.1111110970377922,0.08351927995681763,0.9135802469135802,1.1920928955078125e-07,0.0,0.0,,cfg02_G3_D32,1.8739664049935527,cuda
evaluation,3766,2281,Warm A,0.009069468826055527,0.1111111119389534,0.09185401350259781,0.8765432098765432,2.384185791015625e-07,0.24885128438472748,0.5004211068153381,,cfg02_G3_D32,1.8739664049935527,cuda
evaluation,3766,2281,Warm B,0.011631504632532597,0.111111119389534,0.1179361566901207,0.7407407407407407,2.384185791015625e-07,0.4351937472820282,0.39106807112693787,,cfg02_G3_D32,1.8739664049935527,cuda
evaluation,3766,2281,Warm C,0.015737056732177734,0.1111111119389534,0.13579730689525604,0.654320987654321,2.384185791015625e-07,0.6235201954841614,0.22966451942920685,,cfg02_G3_D32,1.8739664049935527,cuda
evaluation,3767,2282,Cold,0.0056151230819523335,0.1111111119389534,0.08416806161403656,0.9135802469135802,1.1920928955078125e-07,0.0,0.0,,cfg02_G3_D32,1.8739664049935527,cuda
evaluation,3767,2282,Warm A,0.009368297643959522,0.1111111119389534,0.09194080531597137,0.8888888888888888,1.1920928955078125e-07,0.2379709631204605,0.656467854976654,,cfg02_G3_D32,1.8739664049935527,cuda
evaluation,3767,2282,Warm B,0.012658316642045975,0.1111111119389534,0.11440791934728622,0.7530864197530864,2.384185791015625e-07,0.44339102506637573,0.4526887834072113,,cfg02_G3_D32,1.8739664049935527,cuda
evaluation,3767,2282,Warm C,0.018083687871694565,0.1111111119389534,0.13123083114624023,0.6666666666666666,1.1920928955078125e-07,0.6323256492614746,0.29195132851600647,,cfg02_G3_D32,1.8739664049935527,cuda
evaluation,3768,2283,Cold,0.005482451058924198,0.1111110970377922,0.08076709508895874,0.9259259259259259,1.1920928955078125e-07,0.0,0.0,,cfg02_G3_D32,1.8739664049935527,cuda
evaluation,3768,2283,Warm A,0.00799946952611208,0.1111111119389534,0.09185604751110077,0.8765432098765432,1.1920928955078125e-07,0.25355005264282227,0.6382965445518494,,cfg02_G3_D32,1.8739664049935527,cuda
evaluation,3768,2283,Warm B,0.010762888938188553,0.1111111119389534,0.11663828045129776,0.7037037037037037,1.1920928955078125e-07,0.4918361008167267,0.41226980090141296,,cfg02_G3_D32,1.8739664049935527,cuda
evaluation,3768,2283,Warm C,0.015285586006939411,0.1111111119389534,0.13647860288619995,0.6172839506172839,2.384185791015625e-07,0.6327608227729797,0.20868785679340363,,cfg02_G3_D32,1.8739664049935527,cuda
evaluation,3769,2284,Cold,0.0060010491870343685,0.1111111119389534,0.1036861389875412,0.8148148148148148,2.384185791015625e-07,0.0,0.0,,cfg02_G3_D32,1.8739664049935527,cuda
evaluation,3769,2284,Warm A,0.00885344110429287,0.1111111119389534,0.10080662369728088,0.7901234567901234,1.1920928955078125e-07,0.21936605870723724,0.5900017619132996,,cfg02_G3_D32,1.8739664049935527,cuda
evaluation,3769,2284,Warm B,0.011115288361907005,0.1111110970377922,0.10656540095806122,0.7530864197530864,1.1920928955078125e-07,0.2901126742362976,0.6386120915412903,,cfg02_G3_D32,1.8739664049935527,cuda
evaluation,3769,2284,Warm C,0.008012060075998306,0.1111111119389534,0.10227345675230026,0.7777777777777778,1.1920928955078125e-07,0.30425307154655457,0.520540177822113,,cfg02_G3_D32,1.8739664049935527,cuda
evaluation,3771,2286,Cold,0.006284982431679964,0.1111111119389534,0.09575269371271133,0.8271604938271605,1.1920928955078125e-07,0.0,0.0,,cfg02_G3_D32,1.8739664049935527,cuda
evaluation,3771,2286,Warm A,0.009751209057867527,0.1111111119389534,0.10178825259208679,0.8024691358024691,1.1920928955078125e-07,0.2305288165807724,0.5730774998664856,,cfg02_G3_D32,1.8739664049935527,cuda
evaluation,3771,2286,Warm B,0.006310966331511736,0.1111111119389534,0.09716953337192535,0.8395061728395061,1.1920928955078125e-07,0.20514781773090363,0.7387485504150391,,cfg02_G3_D32,1.8739664049935527,cuda
evaluation,3771,2286,Warm C,0.009291627444326878,0.1111111119389534,0.1011236160993576,0.8024691358024691,1.1920928955078125e-07,0.33087584376335144,0.5748650431632996,,cfg02_G3_D32,1.8739664049935527,cuda
evaluation,3773,2287,Cold,0.004039522260427475,0.1111111119389534,0.08738946914672852,0.8888888888888888,1.1920928955078125e-07,0.0,0.0,,cfg02_G3_D32,1.8739664049935527,cuda
evaluation,3773,2287,Warm A,0.0066906847059726715,0.1111111119389534,0.07859411835670471,0.9382716049382716,1.1920928955078125e-07,0.23462583124637604,0.6381725668907166,,cfg02_G3_D32,1.8739664049935527,cuda
evaluation,3773,2287,Warm B,0.009593624621629715,0.111111119389534,0.09593896567821503,0.8395061728395061,2.384185791015625e-07,0.46543219685554504,0.49337297677993774,,cfg02_G3_D32,1.8739664049935527,cuda
evaluation,3773,2287,Warm C,0.01275473739951849,0.1111111119389534,0.11827170103788376,0.7160493827160493,1.7881393432617188e-07,0.6738309264183044,0.2388942539691925,,cfg02_G3_D32,1.8739664049935527,cuda
evaluation,3774,2288,Cold,0.004053744953125715,0.1111111119389534,0.08192640542984009,0.9012345679012346,1.1920928955078125e-07,0.0,0.0,,cfg02_G3_D32,1.8739664049935527,cuda
evaluation,3774,2288,Warm A,0.0060990359634160995,0.1111111119389534,0.07566771656274796,0.9629629629629629,2.384185791015625e-07,0.22966368496418,0.5048120021820068,,cfg02_G3_D32,1.8739664049935527,cuda
evaluation,3774,2288,Warm B,0.007512168493121862,0.1111111119389534,0.09680207818746567,0.8765432098765432,2.384185791015625e-07,0.4530937373638153,0.38730698823928833,,cfg02_G3_D32,1.8739664049935527,cuda
evaluation,3774,2288,Warm C,0.009824039414525032,0.1111111119389534,0.12545964121818542,0.7037037037037037,2.384185791015625e-07,0.5556936860084534,0.20099948346614838,,cfg02_G3_D32,1.8739664049935527,cuda
evaluation,3784,2290,Cold,0.0036400998942553997,0.1111110970377922,0.0802774727344513,0.9259259259259259,2.384185791015625e-07,0.0,0.0,,cfg02_G3_D32,1.8739664049935527,cuda
evaluation,3784,2290,Warm A,0.005416490603238344,0.1111111119389534,0.07204898446798325,0.9382716049382716,1.1920928955078125e-07,0.23174718022346497,0.5903210043907166,,cfg02_G3_D32,1.8739664049935527,cuda
evaluation,3784,2290,Warm B,0.005614454858005047,0.111111119389534,0.07067148387432098,0.9506172839506173,2.384185791015625e-07,0.3472970128059387,0.6904861330986023,,cfg02_G3_D32,1.8739664049935527,cuda
evaluation,3784,2290,Warm C,0.004995983559638262,0.1111111119389534,0.08765432238578796,0.9135802469135802,2.384185791015625e-07,0.35753297805786133,0.6642979979515076,,cfg02_G3_D32,1.8739664049935527,cuda
evaluation,3786,2292,Cold,0.004126765299588442,0.1111111119389534,0.09092738479375839,0.9135802469135802,1.7881393432617188e-07,0.0,0.0,,cfg02_G3_D32,1.8739664049935527,cuda
evaluation,3786,2292,Warm A,0.004737342707812786,0.111111119389534,0.08913299441337585,0.8888888888888888,1.1920928955078125e-07,0.23969998955726624,0.6408149003982544,,cfg02_G3_D32,1.8739664049935527,cuda
evaluation,3786,2292,Warm B,0.003779439954087138,0.1111111119389534,0.09734547138214111,0.8271604938271605,1.1920928955078125e-07,0.36844202876091003,0.7912006378173828,,cfg02_G3_D32,1.8739664049935527,cuda
evaluation,3786,2292,Warm C,0.005126382689923048,0.1111111119389534,0.08342958241701126,0.9135802469135802,2.384185791015625e-07,0.4911459684371948,0.6650809645652771,,cfg02_G3_D32,1.8739664049935527,cuda
evaluation,3787,2293,Cold,0.004324651323258877,0.1111110970377922,0.09311431646347046,0.9012345679012346,1.7881393432617188e-07,0.0,0.0,,cfg02_G3_D32,1.8739664049935527,cuda
evaluation,3787,2293,Warm A,0.0038018410559743643,0.111111119389534,0.11594700813293457,0.7530864197530864,2.384185791015625e-07,0.2340066134929657,0.7157794833183289,,cfg02_G3_D32,1.8739664049935527,cuda
evaluation,3787,2293,Warm B,0.004675860516726971,0.1111111119389534,0.09947995096445084,0.8271604938271605,1.1920928955078125e-07,0.26897943019866943,0.6441546678543091,,cfg02_G3_D32,1.8739664049935527,cuda
evaluation,3787,2293,Warm C,0.005281202495098114,0.111111119389534,0.11528726667165756,0.7160493827160493,1.1920928955078125e-07,0.3546161651611328,0.3669903874397278,,cfg02_G3_D32,1.8739664049935527,cuda
evaluation,3789,2295,Cold,0.005950733087956905,0.1111110970377922,0.11201143264770508,0.7901234567901234,2.384185791015625e-07,0.0,0.0,,cfg02_G3_D32,1.8739664049935527,cuda
evaluation,3789,2295,Warm A,0.00364099838770926,0.111111119389534,0.12362165749073029,0.7777777777777778,1.1920928955078125e-07,0.22541208565235138,0.3842458128929138,,cfg02_G3_D32,1.8739664049935527,cuda
evaluation,3789,2295,Warm B,0.003870120272040367,0.1111110970377922,0.1366538554430008,0.7160493827160493,2.384185791015625e-07,0.388130784034729,0.22452954947948456,,cfg02_G3_D32,1.8739664049935527,cuda
evaluation,3789,2295,Warm C,0.005053063854575157,0.1111111119389534,0.12518608570098877,0.7901234567901234,1.1920928955078125e-07,0.41443493962287903,0.3444333076477051,,cfg02_G3_D32,1.8739664049935527,cuda
evaluation,3792,2297,Cold,0.008190782740712166,0.1111111119389534,0.12630151212215424,0.7283950617283951,1.1920928955078125e-07,0.0,0.0,,cfg02_G3_D32,1.8739664049935527,cuda
evaluation,3792,2297,Warm A,0.012267908081412315,0.111111119389534,0.1252114325761795,0.6790123456790124,1.1920928955078125e-07,0.23859098553657532,0.5788388848304749,,cfg02_G3_D32,1.8739664049935527,cuda
evaluation,3792,2297,Warm B,0.016191691160202026,0.1111111119389534,0.13176031410694122,0.6666666666666666,1.1920928955078125e-07,0.4159788489341736,0.5588870048522949,,cfg02_G3_D32,1.8739664049935527,cuda
evaluation,3792,2297,Warm C,0.016707753762602806,0.1111111119389534,0.1293768733739853,0.6666666666666666,2.384185791015625e-07,0.36241012811660767,0.6908936500549316,,cfg02_G3_D32,1.8739664049935527,cuda
evaluation,3794,2299,Cold,0.004534972365945578,0.1111111119389534,0.09626869857311249,0.8641975308641975,1.1920928955078125e-07,0.0,0.0,,cfg02_G3_D32,1.8739664049935527,cuda
evaluation,3794,2299,Warm A,0.005795157514512539,0.1111111119389534,0.08381319046020508,0.9135802469135802,1.1920928955078125e-07,0.24590255320072174,0.721837043762207,,cfg02_G3_D32,1.8739664049935527,cuda
evaluation,3794,2299,Warm B,0.003894585883244872,0.1111110970377922,0.10395805537700653,0.7901234567901234,1.1920928955078125e-07,0.27704957127571106,0.689797043800354,,cfg02_G3_D32,1.8739664049935527,cuda
evaluation,3794,2299,Warm C,0.002424784703180194,0.111111119389534,0.11962367594242096,0.7160493827160493,1.1920928955078125e-07,0.3944840431213379,0.596254825592041,,cfg02_G3_D32,1.8739664049935527,cuda
evaluation,3795,2300,Cold,0.004388233181089163,0.1111111119389534,0.09407688677310944,0.8765432098765432,1.1920928955078125e-07,0.0,0.0,,cfg02_G3_D32,1.8739664049935527,cuda
evaluation,3795,2300,Warm A,0.007940729148685932,0.1111111119389534,0.07851382344961166,0.9506172839506173,1.1920928955078125e-07,0.25400248169898987,0.7036182284355164,,cfg02_G3_D32,1.8739664049935527,cuda
evaluation,3795,2300,Warm B,0.007064636796712875,0.1111111119389534,0.09676525741815567,0.8518518518518519,1.1920928955078125e-07,0.2787648141384125,0.663653552532196,,cfg02_G3_D32,1.8739664049935527,cuda
evaluation,3795,2300,Warm C,0.006646910682320595,0.1111111119389534,0.09076972305774689,0.9135802469135802,1.1920928955078125e-07,0.345999538898468,0.7895194292068481,,cfg02_G3_D32,1.8739664049935527,cuda
evaluation,3799,2302,Cold,0.0032003249507397413,0.1111111119389534,0.08235049992799759,0.9259259259259259,1.1920928955078125e-07,0.0,0.0,,cfg02_G3_D32,1.8739664049935527,cuda
evaluation,3799,2302,Warm A,0.0045763421803712845,0.1111111119389534,0.07054194062948227,0.9506172839506173,1.1920928955078125e-07,0.2560685873031616,0.6102253794670105,,cfg02_G3_D32,1.8739664049935527,cuda
evaluation,3799,2302,Warm B,0.006650067400187254,0.1111111119389534,0.08075142651796341,0.9259259259259259,2.384185791015625e-07,0.39428555965423584,0.2621590793132782,,cfg02_G3_D32,1.8739664049935527,cuda
evaluation,3799,2302,Warm C,0.010065191425383091,0.1111111119389534,0.1008521243929863,0.8271604938271605,2.384185791015625e-07,0.55117267370224,0.4195461869239807,,cfg02_G3_D32,1.8739664049935527,cuda
evaluation,3801,2303,Cold,0.006952534429728985,0.1111110970377922,0.11890438199043274,0.7654320987654321,2.384185791015625e-07,0.0,0.0,,cfg02_G3_D32,1.8739664049935527,cuda
evaluation,3801,2303,Warm A,0.004260799381881952,0.1111111119389534,0.1281195431947708,0.7530864197530864,2.384185791015625e-07,0.24130019545555115,0.41987720131874084,,cfg02_G3_D32,1.8739664049935527,cuda
evaluation,3801,2303,Warm B,0.0038317707367241383,0.1111111119389534,0.14283302426338196,0.6790123456790124,1.1920928955078125e-07,0.46496036648750305,0.3188280761241913,,cfg02_G3_D32,1.8739664049935527,cuda
evaluation,3801,2303,Warm C,0.004359012003988028,0.1111110970377922,0.13433723151683807,0.7407407407407407,3.5762786865234375e-07,0.3577655255794525,0.27684494853019714,,cfg02_G3_D32,1.8739664049935527,cuda
evaluation,3807,2305,Cold,0.005882616620510817,0.1111111119389534,0.09654950350522995,0.8148148148148148,2.384185791015625e-07,0.0,0.0,,cfg02_G3_D32,1.8739664049935527,cuda
evaluation,3807,2305,Warm A,0.006848085671663284,0.1111111119389534,0.09782460331916809,0.8148148148148148,1.1920928955078125e-07,0.2259988933801651,0.6148539781570435,,cfg02_G3_D32,1.8739664049935527,cuda
evaluation,3807,2305,Warm B,0.005369661375880241,0.1111111119389534,0.0962178185582161,0.8518518518518519,1.7881393432617188e-07,0.2513796389102936,0.4989975392818451,,cfg02_G3_D32,1.8739664049935527,cuda
evaluation,3807,2305,Warm C,0.00857149250805378,0.1111111119389534,0.10797495394945145,0.8148148148148148,1.7881393432617188e-07,0.40754255652427673,0.574977695941925,,cfg02_G3_D32,1.8739664049935527,cuda
evaluation,3810,2307,Cold,0.004713863600045443,0.1111111119389534,0.08574075251817703,0.8765432098765432,1.7881393432617188e-07,0.0,0.0,,cfg02_G3_D32,1.8739664049935527,cuda
evaluation,3810,2307,Warm A,0.0077662658877670765,0.1111111119389534,0.08236423134803772,0.8888888888888888,1.1920928955078125e-07,0.2133505493402481,0.5802408456802368,,cfg02_G3_D32,1.8739664049935527,cuda
evaluation,3810,2307,Warm B,0.010159971192479134,0.111111119389534,0.10261108726263046,0.8271604938271605,2.384185791015625e-07,0.354701429605484,0.6755430102348328,,cfg02_G3_D32,1.8739664049935527,cuda
evaluation,3810,2307,Warm C,0.009619368240237236,0.1111111119389534,0.0874309167265892,0.8518518518518519,1.1920928955078125e-07,0.4058611989021301,0.6676125526428223,,cfg02_G3_D32,1.8739664049935527,cuda
evaluation,3813,2310,Cold,0.004818541929125786,0.1111111119389534,0.09911331534385681,0.8641975308641975,2.384185791015625e-07,0.0,0.0,,cfg02_G3_D32,1.8739664049935527,cuda
evaluation,3813,2310,Warm A,0.007922107353806496,0.111111119389534,0.09320484846830368,0.8518518518518519,2.384185791015625e-07,0.2402217984199524,0.6856176853179932,,cfg02_G3_D32,1.8739664049935527,cuda
evaluation,3813,2310,Warm B,0.01020338386297226,0.1111111119389534,0.10106509178876877,0.8271604938271605,2.384185791015625e-07,0.3873046040534973,0.5453864932060242,,cfg02_G3_D32,1.8739664049935527,cuda
evaluation,3813,2310,Warm C,0.008229007013142109,0.1111110970377922,0.09235413372516632,0.8641975308641975,2.384185791015625e-07,0.30412235856056213,0.494290828704834,,cfg02_G3_D32,1.8739664049935527,cuda
evaluation,3822,2314,Cold,0.003890127642080188,0.111111119389534,0.08804649859666824,0.9012345679012346,2.384185791015625e-07,0.0,0.0,,cfg02_G3_D32,1.8739664049935527,cuda
evaluation,3822,2314,Warm A,0.002622871194034815,0.1111111119389534,0.11124522238969803,0.7777777777777778,2.384185791015625e-07,0.2392849326133728,0.7434266209602356,,cfg02_G3_D32,1.8739664049935527,cuda
evaluation,3822,2314,Warm B,0.0024106218479573727,0.1111111119389534,0.11183930188417435,0.7654320987654321,3.5762786865234375e-07,0.32137438654899597,0.5024780631065369,,cfg02_G3_D32,1.8739664049935527,cuda
evaluation,3822,2314,Warm C,0.0012034701649099588,0.1111111119389534,0.114346444606781,0.8024691358024691,2.384185791015625e-07,0.38113847374916077,0.7131513357162476,,cfg02_G3_D32,1.8739664049935527,cuda
evaluation,3823,2315,Cold,0.0036447530146688223,0.1111111119389534,0.08481889963150024,0.9259259259259259,2.384185791015625e-07,0.0,0.0,,cfg02_G3_D32,1.8739664049935527,cuda
evaluation,3823,2315,Warm A,0.005545502994209528,0.1111111119389534,0.09936919063329697,0.8395061728395061,2.384185791015625e-07,0.22962629795074463,0.5152125358581543,,cfg02_G3_D32,1.8739664049935527,cuda
evaluation,3823,2315,Warm B,0.005755450110882521,0.1111110970377922,0.08062229305505753,0.9259259259259259,1.1920928955078125e-07,0.2956399619579315,0.6319199800491333,,cfg02_G3_D32,1.8739664049935527,cuda
evaluation,3823,2315,Warm C,0.005013191606849432,0.1111111119389534,0.0798509269952774,0.9259259259259259,1.1920928955078125e-07,0.32100462913513184,0.6057106256484985,,cfg02_G3_D32,1.8739664049935527,cuda
evaluation,3824,2316,Cold,0.0037543270736932755,0.1111111119389534,0.08568941056728363,0.9259259259259259,1.1920928955078125e-07,0.0,0.0,,cfg02_G3_D32,1.8739664049935527,cuda
evaluation,3824,2316,Warm A,0.006193816661834717,0.111111119389534,0.06880205869674683,0.9506172839506173,1.1920928955078125e-07,0.2404206544160843,0.5426287055015564,,cfg02_G3_D32,1.8739664049935527,cuda
evaluation,3824,2316,Warm B,0.008119011297821999,0.1111110970377922,0.08706018328666687,0.9012345679012346,1.1920928955078125e-07,0.3963731527328491,0.521981418132782,,cfg02_G3_D32,1.8739664049935527,cuda
evaluation,3824,2316,Warm C,0.010687064379453659,0.1111111119389534,0.10878927260637283,0.7777777777777778,2.384185791015625e-07,0.5738857388496399,0.4426259696483612,,cfg02_G3_D32,1.8739664049935527,cuda
evaluation,3831,2320,Cold,0.0047942339442670345,0.1111111119389534,0.10105013102293015,0.8148148148148148,1.1920928955078125e-07,0.0,0.0,,cfg02_G3_D32,1.8739664049935527,cuda
evaluation,3831,2320,Warm A,0.00391080928966403,0.111111119389534,0.09773200750350952,0.8641975308641975,2.384185791015625e-07,0.2512660026550293,0.5120490193367004,,cfg02_G3_D32,1.8739664049935527,cuda
evaluation,3831,2320,Warm B,0.005117104854434729,0.1111111119389534,0.11579907685518265,0.7283950617283951,1.1920928955078125e-07,0.3793180584907532,0.33275002241134644,,cfg02_G3_D32,1.8739664049935527,cuda
evaluation,3831,2320,Warm C,0.005711892619729042,0.111111119389534,0.10734110325574875,0.7654320987654321,2.384185791015625e-07,0.487210750579834,0.5453983545303345,,cfg02_G3_D32,1.8739664049935527,cuda
evaluation,3834,2321,Cold,0.004653460346162319,0.1111110970377922,0.08646136522293091,0.9012345679012346,1.1920928955078125e-07,0.0,0.0,,cfg02_G3_D32,1.8739664049935527,cuda
evaluation,3834,2321,Warm A,0.008075036108493805,0.1111111119389534,0.08548107743263245,0.9135802469135802,1.1920928955078125e-07,0.24255727231502533,0.6597161293029785,,cfg02_G3_D32,1.8739664049935527,cuda
evaluation,3834,2321,Warm B,0.011097346432507038,0.1111111119389534,0.10249613225460052,0.8271604938271605,1.1920928955078125e-07,0.45616796612739563,0.568458080291748,,cfg02_G3_D32,1.8739664049935527,cuda
evaluation,3834,2321,Warm C,0.01009280513972044,0.1111111119389534,0.1011984646320343,0.8024691358024691,2.384185791015625e-07,0.49532604217529297,0.534324586391449,,cfg02_G3_D32,1.8739664049935527,cuda
evaluation,3835,2322,Cold,0.005614958703517914,0.1111111119389534,0.09583566337823868,0.8271604938271605,2.384185791015625e-07,0.0,0.0,,cfg02_G3_D32,1.8739664049935527,cuda
evaluation,3835,2322,Warm A,0.010871040634810925,0.1111110970377922,0.08656138926744461,0.8765432098765432,1.1920928955078125e-07,0.24680934846401215,0.47881102561950684,,cfg02_G3_D32,1.8739664049935527,cuda
evaluation,3835,2322,Warm B,0.014602400362491608,0.1111110970377922,0.09687454998493195,0.8148148148148148,1.1920928955078125e-07,0.40377166867256165,0.5088762640953064,,cfg02_G3_D32,1.8739664049935527,cuda
evaluation,3835,2322,Warm C,0.011398947797715664,0.111111119389534,0.08714238554239273,0.8518518518518519,1.1920928955078125e-07,0.4874576926231384,0.48323893547058105,,cfg02_G3_D32,1.8739664049935527,cuda
evaluation,3837,2324,Cold,0.003458383958786726,0.1111111119389534,0.0649566501379013,0.9753086419753086,2.384185791015625e-07,0.0,0.0,,cfg02_G3_D32,1.8739664049935527,cuda
evaluation,3837,2324,Warm A,0.00559079647064209,0.1111111119389534,0.0858471468091011,0.9506172839506173,1.1920928955078125e-07,0.2378472089767456,0.4568714201450348,,cfg02_G3_D32,1.8739664049935527,cuda
evaluation,3837,2324,Warm B,0.006837741006165743,0.1111111119389534,0.09389622509479523,0.8888888888888888,2.384185791015625e-07,0.28707483410835266,0.40204092860221863,,cfg02_G3_D32,1.8739664049935527,cuda
evaluation,3837,2324,Warm C,0.006868917495012283,0.1111111119389534,0.0904594361782074,0.8641975308641975,2.384185791015625e-07,0.33314597606658936,0.6374063491821289,,cfg02_G3_D32,1.8739664049935527,cuda
evaluation,3840,2325,Cold,0.0031157454941421747,0.1111111119389534,0.08030639588832855,0.9382716049382716,1.1920928955078125e-07,0.0,0.0,,cfg02_G3_D32,1.8739664049935527,cuda
evaluation,3840,2325,Warm A,0.006008683703839779,0.1111111119389534,0.07294829934835434,0.9506172839506173,1.1920928955078125e-07,0.24568620324134827,0.4666193127632141,,cfg02_G3_D32,1.8739664049935527,cuda
evaluation,3840,2325,Warm B,0.008478927426040173,0.111111119389534,0.0911758616566658,0.8518518518518519,1.7881393432617188e-07,0.3769683241844177,0.6488977670669556,,cfg02_G3_D32,1.8739664049935527,cuda
evaluation,3840,2325,Warm C,0.010820194147527218,0.1111111119389534,0.11078783869743347,0.7654320987654321,2.980232238769531e-07,0.5026651620864868,0.4112533628940582,,cfg02_G3_D32,1.8739664049935527,cuda
evaluation,3846,2328,Cold,0.004723799880594015,0.1111111119389534,0.07609328627586365,0.9382716049382716,2.384185791015625e-07,0.0,0.0,,cfg02_G3_D32,1.8739664049935527,cuda
evaluation,3846,2328,Warm A,0.007043991703540087,0.1111110970377922,0.08459021151065826,0.9135802469135802,2.384185791015625e-07,0.23477543890476227,0.634236752986908,,cfg02_G3_D32,1.8739664049935527,cuda
evaluation,3846,2328,Warm B,0.008277449756860733,0.1111111119389534,0.11293124407529831,0.8271604938271605,1.7881393432617188e-07,0.3699062764644623,0.3952585458755493,,cfg02_G3_D32,1.8739664049935527,cuda
evaluation,3846,2328,Warm C,0.005598307587206364,0.1111111119389534,0.08300717920064926,0.9012345679012346,1.7881393432617188e-07,0.28466957807540894,0.672827422618866,,cfg02_G3_D32,1.8739664049935527,cuda
evaluation,3858,2330,Cold,0.004409270826727152,0.111111119389534,0.0948563665151596,0.8641975308641975,2.384185791015625e-07,0.0,0.0,,cfg02_G3_D32,1.8739664049935527,cuda
evaluation,3858,2330,Warm A,0.0022440184839069843,0.1111111119389534,0.0986218973994255,0.8271604938271605,2.980232238769531e-07,0.23388653993606567,0.6467552781105042,,cfg02_G3_D32,1.8739664049935527,cuda
evaluation,3858,2330,Warm B,0.004159365314990282,0.1111111119389534,0.08377746492624283,0.8888888888888888,2.384185791015625e-07,0.2396184802055359,0.5982617139816284,,cfg02_G3_D32,1.8739664049935527,cuda
evaluation,3858,2330,Warm C,0.006762308068573475,0.1111111119389534,0.07736611366271973,0.9012345679012346,1.1920928955078125e-07,0.3425591289997101,0.5921002626419067,,cfg02_G3_D32,1.8739664049935527,cuda
evaluation,3859,2331,Cold,0.0035018869675695896,0.1111111119389534,0.08857366442680359,0.9135802469135802,2.384185791015625e-07,0.0,0.0,,cfg02_G3_D32,1.8739664049935527,cuda
evaluation,3859,2331,Warm A,0.002404233207926154,0.1111111119389534,0.10853343456983566,0.8271604938271605,2.384185791015625e-07,0.23454101383686066,0.5173124670982361,,cfg02_G3_D32,1.8739664049935527,cuda
evaluation,3859,2331,Warm B,0.003120513865724206,0.1111111119389534,0.09224607050418854,0.9135802469135802,1.1920928955078125e-07,0.28887805342674255,0.5434264540672302,,cfg02_G3_D32,1.8739664049935527,cuda
evaluation,3859,2331,Warm C,0.0021877065300941467,0.1111111119389534,0.10740340501070023,0.8271604938271605,1.7881393432617188e-07,0.4516647160053253,0.6139959096908569,,cfg02_G3_D32,1.8739664049935527,cuda
evaluation,3864,2334,Cold,0.004006979055702686,0.1111110970377922,0.08087445050477982,0.8888888888888888,1.1920928955078125e-07,0.0,0.0,,cfg02_G3_D32,1.8739664049935527,cuda
evaluation,3864,2334,Warm A,0.004566901363432407,0.1111111119389534,0.08565424382686615,0.8641975308641975,2.384185791015625e-07,0.24512211978435516,0.7798570990562439,,cfg02_G3_D32,1.8739664049935527,cuda
evaluation,3864,2334,Warm B,0.007029028609395027,0.111111119389534,0.07846926152706146,0.9382716049382716,2.384185791015625e-07,0.2994973957538605,0.476365864276886,,cfg02_G3_D32,1.8739664049935527,cuda
evaluation,3864,2334,Warm C,0.006530184298753738,0.1111111119389534,0.07603723555803299,0.9259259259259259,2.384185791015625e-07,0.36241769790649414,0.6685848236083984,,cfg02_G3_D32,1.8739664049935527,cuda
evaluation,3865,2335,Cold,0.003966683056205511,0.1111111119389534,0.09239809215068817,0.9135802469135802,1.7881393432617188e-07,0.0,0.0,,cfg02_G3_D32,1.8739664049935527,cuda
evaluation,3865,2335,Warm A,0.005891569424420595,0.111111119389534,0.08037379384040833,0.9382716049382716,2.384185791015625e-07,0.2535068094730377,0.6909030079841614,,cfg02_G3_D32,1.8739664049935527,cuda
evaluation,3865,2335,Warm B,0.0038067076820880175,0.1111111119389534,0.0993349477648735,0.8641975308641975,1.1920928955078125e-07,0.2673470079898834,0.6907747387886047,,cfg02_G3_D32,1.8739664049935527,cuda
evaluation,3865,2335,Warm C,0.00347354868426919,0.1111111119389534,0.0988854169845581,0.8518518518518519,1.7881393432617188e-07,0.4131757616996765,0.7570555806159973,,cfg02_G3_D32,1.8739664049935527,cuda
evaluation,3872,2339,Cold,0.006913247052580118,0.111111119389534,0.11185906827449799,0.7777777777777778,1.1920928955078125e-07,0.0,0.0,,cfg02_G3_D32,1.8739664049935527,cuda
evaluation,3872,2339,Warm A,0.011713872663676739,0.1111111119389534,0.11183276027441025,0.7777777777777778,2.384185791015625e-07,0.23803943395614624,0.5557166934013367,,cfg02_G3_D32,1.8739664049935527,cuda
evaluation,3872,2339,Warm B,0.008040247485041618,0.1111111119389534,0.10961071401834488,0.7654320987654321,1.7881393432617188e-07,0.29654037952423096,0.6903380751609802,,cfg02_G3_D32,1.8739664049935527,cuda
evaluation,3872,2339,Warm C,0.008845473639667034,0.1111111119389534,0.10914067924022675,0.7530864197530864,1.1920928955078125e-07,0.38419485092163086,0.43364953994750977,,cfg02_G3_D32,1.8739664049935527,cuda
evaluation,3877,2341,Cold,0.004689228720963001,0.1111111119389534,0.08447784930467606,0.9012345679012346,1.1920928955078125e-07,0.0,0.0,,cfg02_G3_D32,1.8739664049935527,cuda
evaluation,3877,2341,Warm A,0.006820248905569315,0.1111111119389534,0.08597646653652191,0.8888888888888888,1.1920928955078125e-07,0.2457886040210724,0.597927987575531,,cfg02_G3_D32,1.8739664049935527,cuda
evaluation,3877,2341,Warm B,0.007867532782256603,0.1111111119389534,0.1076066717505455,0.8271604938271605,1.1920928955078125e-07,0.4725489020347595,0.3358515799045563,,cfg02_G3_D32,1.8739664049935527,cuda
evaluation,3877,2341,Warm C,0.01049334742128849,0.1111111119389534,0.13143707811832428,0.6666666666666666,2.384185791015625e-07,0.6963875889778137,0.1996040940284729,,cfg02_G3_D32,1.8739664049935527,cuda
evaluation,3879,2342,Cold,0.004082839470356703,0.1111110970377922,0.086241215467453,0.8518518518518519,1.1920928955078125e-07,0.0,0.0,,cfg02_G3_D32,1.8739664049935527,cuda
evaluation,3879,2342,Warm A,0.004071034025400877,0.1111111119389534,0.09905868768692017,0.8395061728395061,2.384185791015625e-07,0.22730357944965363,0.5541397333145142,,cfg02_G3_D32,1.8739664049935527,cuda
evaluation,3879,2342,Warm B,0.005035087466239929,0.1111111119389534,0.07858722656965256,0.8888888888888888,2.384185791015625e-07,0.22727908194065094,0.6493642926216125,,cfg02_G3_D32,1.8739664049935527,cuda
evaluation,3879,2342,Warm C,0.007346801459789276,0.1111111119389534,0.08362195640802383,0.8888888888888888,1.1920928955078125e-07,0.37669694423675537,0.5520300269126892,,cfg02_G3_D32,1.8739664049935527,cuda
evaluation,3889,2344,Cold,0.003882965072989464,0.1111111119389534,0.08792181313037872,0.8765432098765432,1.1920928955078125e-07,0.0,0.0,,cfg02_G3_D32,1.8739664049935527,cuda
evaluation,3889,2344,Warm A,0.004657547455281019,0.111111119389534,0.0762474462389946,0.9259259259259259,1.1920928955078125e-07,0.25496146082878113,0.6956831812858582,,cfg02_G3_D32,1.8739664049935527,cuda
evaluation,3889,2344,Warm B,0.006652971729636192,0.1111111119389534,0.08045853674411774,0.9012345679012346,1.1920928955078125e-07,0.38392990827560425,0.5784781575202942,,cfg02_G3_D32,1.8739664049935527,cuda
evaluation,3889,2344,Warm C,0.008668848313391209,0.111111119389534,0.10211386531591415,0.8148148148148148,2.384185791015625e-07,0.551755964756012,0.3403310775756836,,cfg02_G3_D32,1.8739664049935527,cuda
evaluation,3895,2346,Cold,0.0052116126753389835,0.1111111119389534,0.09840965270996094,0.8271604938271605,1.7881393432617188e-07,0.0,0.0,,cfg02_G3_D32,1.8739664049935527,cuda
evaluation,3895,2346,Warm A,0.006776050198823214,0.111111119389534,0.08473750948905945,0.9012345679012346,2.384185791015625e-07,0.23959419131278992,0.7305113673210144,,cfg02_G3_D32,1.8739664049935527,cuda
evaluation,3895,2346,Warm B,0.008109185844659805,0.1111111119389534,0.09098489582538605,0.8641975308641975,1.1920928955078125e-07,0.4263307452201843,0.4078657329082489,,cfg02_G3_D32,1.8739664049935527,cuda
evaluation,3895,2346,Warm C,0.008612839505076408,0.1111111119389534,0.11104091256856918,0.7654320987654321,1.7881393432617188e-07,0.6280688047409058,0.2677792012691498,,cfg02_G3_D32,1.8739664049935527,cuda
evaluation,3896,2347,Cold,0.004672999493777752,0.1111111119389534,0.09177882224321365,0.8765432098765432,1.1920928955078125e-07,0.0,0.0,,cfg02_G3_D32,1.8739664049935527,cuda
evaluation,3896,2347,Warm A,0.003214617259800434,0.111111119389534,0.10846535116434097,0.7901234567901234,2.384185791015625e-07,0.20749853551387787,0.6185445785522461,,cfg02_G3_D32,1.8739664049935527,cuda
evaluation,3896,2347,Warm B,0.0036839412059634924,0.1111110970377922,0.0949552059173584,0.8395061728395061,1.1920928955078125e-07,0.3555147647857666,0.8508655428886414,,cfg02_G3_D32,1.8739664049935527,cuda
evaluation,3896,2347,Warm C,0.0015445129247382283,0.1111111119389534,0.10915233194828033,0.7654320987654321,1.1920928955078125e-07,0.44059059023857117,0.6007041931152344,,cfg02_G3_D32,1.8739664049935527,cuda
evaluation,3901,2349,Cold,0.004519949201494455,0.1111110970377922,0.0967344343662262,0.8641975308641975,1.1920928955078125e-07,0.0,0.0,,cfg02_G3_D32,1.8739664049935527,cuda
evaluation,3901,2349,Warm A,0.006107049994170666,0.1111110970377922,0.0754120722413063,0.9259259259259259,1.1920928955078125e-07,0.24556513130664825,0.5548383593559265,,cfg02_G3_D32,1.8739664049935527,cuda
evaluation,3901,2349,Warm B,0.00959655363112688,0.1111110970377922,0.0823507234454155,0.9135802469135802,1.1920928955078125e-07,0.4176003932952881,0.5786277651786804,,cfg02_G3_D32,1.8739664049935527,cuda
evaluation,3901,2349,Warm C,0.009780834428966045,0.1111111119389534,0.08864225447177887,0.8765432098765432,1.1920928955078125e-07,0.4482927620410919,0.5206052660942078,,cfg02_G3_D32,1.8739664049935527,cuda
evaluation,3908,2350,Cold,0.002477329922839999,0.1111111119389534,0.06853793561458588,0.9753086419753086,1.1920928955078125e-07,0.0,0.0,,cfg02_G3_D32,1.8739664049935527,cuda
evaluation,3908,2350,Warm A,0.003909789025783539,0.1111110970377922,0.06807535886764526,0.9629629629629629,1.1920928955078125e-07,0.23900724947452545,0.3206919729709625,,cfg02_G3_D32,1.8739664049935527,cuda
evaluation,3908,2350,Warm B,0.00421160738915205,0.111111119389534,0.08275659382343292,0.9753086419753086,1.1920928955078125e-07,0.33643820881843567,0.405281126499176,,cfg02_G3_D32,1.8739664049935527,cuda
evaluation,3908,2350,Warm C,0.008635362610220909,0.111111119389534,0.10741627216339111,0.8765432098765432,2.384185791015625e-07,0.41442763805389404,0.4382183253765106,,cfg02_G3_D32,1.8739664049935527,cuda
evaluation,3909,2351,Cold,0.0034886060748249292,0.1111111119389534,0.08392824977636337,0.9259259259259259,2.384185791015625e-07,0.0,0.0,,cfg02_G3_D32,1.8739664049935527,cuda
evaluation,3909,2351,Warm A,0.005039747338742018,0.1111110970377922,0.06831231713294983,0.9629629629629629,1.1920928955078125e-07,0.23305900394916534,0.5243704915046692,,cfg02_G3_D32,1.8739664049935527,cuda
evaluation,3909,2351,Warm B,0.006252974737435579,0.1111111119389534,0.07690653949975967,0.9259259259259259,1.1920928955078125e-07,0.39852669835090637,0.5978407263755798,,cfg02_G3_D32,1.8739664049935527,cuda
evaluation,3909,2351,Warm C,0.008091479539871216,0.1111111119389534,0.07971152663230896,0.9135802469135802,1.1920928955078125e-07,0.5108823180198669,0.5503663420677185,,cfg02_G3_D32,1.8739664049935527,cuda
evaluation,3914,2353,Cold,0.0037408508360385895,0.1111111119389534,0.08628302812576294,0.9259259259259259,2.384185791015625e-07,0.0,0.0,,cfg02_G3_D32,1.8739664049935527,cuda
evaluation,3914,2353,Warm A,0.002688264474272728,0.1111111119389534,0.10525684803724289,0.7901234567901234,2.384185791015625e-07,0.2222820669412613,0.6978725790977478,,cfg02_G3_D32,1.8739664049935527,cuda
evaluation,3914,2353,Warm B,0.003920042887330055,0.1111111119389534,0.08402334153652191,0.9259259259259259,2.384185791015625e-07,0.2434612363576889,0.702302873134613,,cfg02_G3_D32,1.8739664049935527,cuda
evaluation,3914,2353,Warm C,0.004680376499891281,0.1111111119389534,0.08854568004608154,0.8888888888888888,1.1920928955078125e-07,0.3202296495437622,0.6008419394493103,,cfg02_G3_D32,1.8739664049935527,cuda
evaluation,3915,2354,Cold,0.004551402758806944,0.1111111119389534,0.0984308049082756,0.8518518518518519,2.384185791015625e-07,0.0,0.0,,cfg02_G3_D32,1.8739664049935527,cuda
evaluation,3915,2354,Warm A,0.0058136386796832085,0.1111111119389534,0.09348078072071075,0.8765432098765432,1.1920928955078125e-07,0.21094956994056702,0.6267018914222717,,cfg02_G3_D32,1.8739664049935527,cuda
evaluation,3915,2354,Warm B,0.006246262229979038,0.111111119389534,0.09129031002521515,0.8641975308641975,1.1920928955078125e-07,0.2883770763874054,0.7222483158111572,,cfg02_G3_D32,1.8739664049935527,cuda
evaluation,3915,2354,Warm C,0.006486611440777779,0.1111111119389534,0.10471154749393463,0.8148148148148148,2.384185791015625e-07,0.3480023443698883,0.513278603553772,,cfg02_G3_D32,1.8739664049935527,cuda
evaluation,3918,2357,Cold,0.0036232965067029,0.1111111119389534,0.06682455539703369,0.9753086419753086,1.1920928955078125e-07,0.0,0.0,,cfg02_G3_D32,1.8739664049935527,cuda
evaluation,3918,2357,Warm A,0.0052110315300524235,0.1111111119389534,0.07859762758016586,0.9629629629629629,2.384185791015625e-07,0.22786547243595123,0.5109240412712097,,cfg02_G3_D32,1.8739664049935527,cuda
evaluation,3918,2357,Warm B,0.006269064266234636,0.1111110970377922,0.07160022109746933,0.9753086419753086,1.1920928955078125e-07,0.2845703363418579,0.6200187802314758,,cfg02_G3_D32,1.8739664049935527,cuda
evaluation,3918,2357,Warm C,0.0051346635445952415,0.111111119389534,0.06829454749822617,0.9259259259259259,1.1920928955078125e-07,0.31356343626976013,0.6790457963943481,,cfg02_G3_D32,1.8739664049935527,cuda
evaluation,3919,2358,Cold,0.0037982265930622816,0.1111110970377922,0.06530222296714783,0.9629629629629629,1.1920928955078125e-07,0.0,0.0,,cfg02_G3_D32,1.8739664049935527,cuda
evaluation,3919,2358,Warm A,0.005823065992444754,0.1111110970377922,0.08528906852006912,0.9382716049382716,1.1920928955078125e-07,0.23743662238121033,0.41362476348876953,,cfg02_G3_D32,1.8739664049935527,cuda
evaluation,3919,2358,Warm B,0.00963691808283329,0.1111111119389534,0.11680316179990768,0.8024691358024691,1.1920928955078125e-07,0.40270164608955383,0.26283860206604004,,cfg02_G3_D32,1.8739664049935527,cuda
evaluation,3919,2358,Warm C,0.014427989721298218,0.1111111119389534,0.14315354824066162,0.6296296296296297,2.384185791015625e-07,0.5384533405303955,0.1397678107023239,,cfg02_G3_D32,1.8739664049935527,cuda
evaluation,3920,2359,Cold,0.003805706975981593,0.1111111119389534,0.0841091200709343,0.9135802469135802,1.1920928955078125e-07,0.0,0.0,,cfg02_G3_D32,1.8739664049935527,cuda
evaluation,3920,2359,Warm A,0.002907386515289545,0.1111111119389534,0.10488002747297287,0.7901234567901234,1.1920928955078125e-07,0.2371007353067398,0.676437497138977,,cfg02_G3_D32,1.8739664049935527,cuda
evaluation,3920,2359,Warm B,0.0028346427716314793,0.1111111119389534,0.09009164571762085,0.8641975308641975,1.1920928955078125e-07,0.2996317744255066,0.7053791880607605,,cfg02_G3_D32,1.8739664049935527,cuda
evaluation,3920,2359,Warm C,0.0018893351079896092,0.1111111119389534,0.09847032278776169,0.8518518518518519,1.1920928955078125e-07,0.4443798065185547,0.7356693148612976,,cfg02_G3_D32,1.8739664049935527,cuda
evaluation,3923,2360,Cold,0.006793557666242123,0.11111108958721161,0.10440447181463242,0.7901234567901234,2.384185791015625e-07,0.0,0.0,,cfg02_G3_D32,1.8739664049935527,cuda
evaluation,3923,2360,Warm A,0.010016227141022682,0.1111111119389534,0.10960264503955841,0.7407407407407407,1.7881393432617188e-07,0.2354639321565628,0.6624742746353149,,cfg02_G3_D32,1.8739664049935527,cuda
evaluation,3923,2360,Warm B,0.013834699988365173,0.111111119389534,0.12323521077632904,0.7160493827160493,2.384185791015625e-07,0.41847819089889526,0.5153706073760986,,cfg02_G3_D32,1.8739664049935527,cuda
evaluation,3923,2360,Warm C,0.016004418954253197,0.1111111119389534,0.13913345336914062,0.6296296296296297,1.1920928955078125e-07,0.4620637595653534,0.4806616008281708,,cfg02_G3_D32,1.8739664049935527,cuda
evaluation,3925,2361,Cold,0.004595134872943163,0.1111111119389534,0.09096763283014297,0.8765432098765432,2.384185791015625e-07,0.0,0.0,,cfg02_G3_D32,1.8739664049935527,cuda
evaluation,3925,2361,Warm A,0.0036895363591611385,0.1111110970377922,0.10910328477621078,0.8148148148148148,2.384185791015625e-07,0.24793864786624908,0.4394490420818329,,cfg02_G3_D32,1.8739664049935527,cuda
evaluation,3925,2361,Warm B,0.0030825911089777946,0.1111111119389534,0.13005097210407257,0.6790123456790124,1.7881393432617188e-07,0.3844306766986847,0.41968321800231934,,cfg02_G3_D32,1.8739664049935527,cuda
evaluation,3925,2361,Warm C,0.0031272065825760365,0.1111111119389534,0.11402717977762222,0.8148148148148148,2.384185791015625e-07,0.43639886379241943,0.7955483794212341,,cfg02_G3_D32,1.8739664049935527,cuda
evaluation,3926,2362,Cold,0.007610346656292677,0.111111119389534,0.10665858536958694,0.7654320987654321,2.384185791015625e-07,0.0,0.0,,cfg02_G3_D32,1.8739664049935527,cuda
evaluation,3926,2362,Warm A,0.01018962450325489,0.1111111119389534,0.11214327067136765,0.7160493827160493,2.384185791015625e-07,0.24807125329971313,0.7155948281288147,,cfg02_G3_D32,1.8739664049935527,cuda
evaluation,3926,2362,Warm B,0.01208089105784893,0.1111111119389534,0.12557470798492432,0.691358024691358,1.1920928955078125e-07,0.3773914873600006,0.6918984651565552,,cfg02_G3_D32,1.8739664049935527,cuda
evaluation,3926,2362,Warm C,0.01035701297223568,0.1111111119389534,0.1129954531788826,0.7530864197530864,2.384185791015625e-07,0.4529680907726288,0.6715952157974243,,cfg02_G3_D32,1.8739664049935527,cuda
evaluation,3929,2365,Cold,0.009381419979035854,0.1111110970377922,0.12971746921539307,0.691358024691358,2.384185791015625e-07,0.0,0.0,,cfg02_G3_D32,1.8739664049935527,cuda
evaluation,3929,2365,Warm A,0.010590209625661373,0.1111111119389534,0.126015305519104,0.6666666666666666,2.384185791015625e-07,0.22874684631824493,0.46217355132102966,,cfg02_G3_D32,1.8739664049935527,cuda
evaluation,3929,2365,Warm B,0.009028369560837746,0.1111111119389534,0.12749943137168884,0.6666666666666666,1.1920928955078125e-07,0.30953964591026306,0.4570581614971161,,cfg02_G3_D32,1.8739664049935527,cuda
evaluation,3929,2365,Warm C,0.009592322632670403,0.111111119389534,0.12716978788375854,0.6666666666666666,2.384185791015625e-07,0.4267159700393677,0.5348235368728638,,cfg02_G3_D32,1.8739664049935527,cuda
evaluation,3936,2368,Cold,0.009577981196343899,0.1111110970377922,0.13291165232658386,0.654320987654321,1.1920928955078125e-07,0.0,0.0,,cfg02_G3_D32,1.8739664049935527,cuda
evaluation,3936,2368,Warm A,0.011861682869493961,0.1111111119389534,0.13065461814403534,0.6666666666666666,1.1920928955078125e-07,0.23721855878829956,0.5021207928657532,,cfg02_G3_D32,1.8739664049935527,cuda
evaluation,3936,2368,Warm B,0.010959991253912449,0.1111111119389534,0.13361120223999023,0.6296296296296297,1.1920928955078125e-07,0.41356682777404785,0.5195032954216003,,cfg02_G3_D32,1.8739664049935527,cuda
evaluation,3936,2368,Warm C,0.015904121100902557,0.1111110970377922,0.13396356999874115,0.654320987654321,2.980232238769531e-07,0.5505350232124329,0.6937145590782166,,cfg02_G3_D32,1.8739664049935527,cuda
evaluation,3937,2369,Cold,0.005162797402590513,0.1111110970377922,0.08014864474534988,0.9259259259259259,2.384185791015625e-07,0.0,0.0,,cfg02_G3_D32,1.8739664049935527,cuda
evaluation,3937,2369,Warm A,0.007185133174061775,0.1111111119389534,0.09008821845054626,0.8888888888888888,1.1920928955078125e-07,0.22855593264102936,0.549675464630127,,cfg02_G3_D32,1.8739664049935527,cuda
evaluation,3937,2369,Warm B,0.008634110912680626,0.1111111119389534,0.11452644318342209,0.7777777777777778,1.1920928955078125e-07,0.41415292024612427,0.5287624597549438,,cfg02_G3_D32,1.8739664049935527,cuda
evaluation,3937,2369,Warm C,0.006352261174470186,0.1111111119389534,0.09272387623786926,0.8518518518518519,1.7881393432617188e-07,0.421133816242218,0.6995657086372375,,cfg02_G3_D32,1.8739664049935527,cuda
evaluation,3943,2370,Cold,0.004404548555612564,0.1111111119389534,0.09547979384660721,0.8765432098765432,1.1920928955078125e-07,0.0,0.0,,cfg02_G3_D32,1.8739664049935527,cuda
evaluation,3943,2370,Warm A,0.005601836368441582,0.1111111119389534,0.0785626620054245,0.9259259259259259,1.1920928955078125e-07,0.23590843379497528,0.6255070567131042,,cfg02_G3_D32,1.8739664049935527,cuda
evaluation,3943,2370,Warm B,0.007212798576802015,0.1111111119389534,0.08353960514068604,0.9135802469135802,1.7881393432617188e-07,0.40677347779273987,0.6691779494285583,,cfg02_G3_D32,1.8739664049935527,cuda
evaluation,3943,2370,Warm C,0.0064196293242275715,0.1111111119389534,0.10307231545448303,0.8395061728395061,1.7881393432617188e-07,0.45064443349838257,0.6847724914550781,,cfg02_G3_D32,1.8739664049935527,cuda
evaluation,3946,2371,Cold,0.004325978923588991,0.1111111119389534,0.09134355932474136,0.8888888888888888,1.7881393432617188e-07,0.0,0.0,,cfg02_G3_D32,1.8739664049935527,cuda
evaluation,3946,2371,Warm A,0.0057581951841712,0.111111119389534,0.0785510465502739,0.9259259259259259,2.384185791015625e-07,0.2551584839820862,0.6979662179946899,,cfg02_G3_D32,1.8739664049935527,cuda
evaluation,3946,2371,Warm B,0.008391100913286209,0.1111111119389534,0.08593516051769257,0.8765432098765432,1.1920928955078125e-07,0.4511307179927826,0.3746953010559082,,cfg02_G3_D32,1.8739664049935527,cuda
evaluation,3946,2371,Warm C,0.005261567421257496,0.1111110970377922,0.08184400200843811,0.9135802469135802,1.1920928955078125e-07,0.5698120594024658,0.6477557420730591,,cfg02_G3_D32,1.8739664049935527,cuda
