split,item_id,item_idx,phase,graph_mean,graph_std,graph_density_gt_0_5,graph_diag_mean,local_delta_norm,last_warm_loss,config_name,selected_config_name,final_training_seconds,device
validation,1,0,Cold,0.56386798620224,0.17079630494117737,0.6049382716049383,1.0,0.0,0.0,cfg02_G2_D32,cfg02_G2_D32,0.9929953520186245,cuda
validation,1,0,Warm A,0.5673743486404419,0.17001275718212128,0.6049382716049383,1.0,0.23993468284606934,0.4282291531562805,cfg02_G2_D32,cfg02_G2_D32,0.9929953520186245,cuda
validation,1,0,Warm B,0.567573070526123,0.1712733507156372,0.6049382716049383,1.0,0.4178766906261444,0.3349713385105133,cfg02_G2_D32,cfg02_G2_D32,0.9929953520186245,cuda
validation,1,0,Warm C,0.5675339698791504,0.17188695073127747,0.6296296296296297,1.0,0.3294277489185333,0.5183178186416626,cfg02_G2_D32,cfg02_G2_D32,0.9929953520186245,cuda
validation,5,4,Cold,0.5665638446807861,0.17452123761177063,0.6049382716049383,1.0,0.0,0.0,cfg02_G2_D32,cfg02_G2_D32,0.9929953520186245,cuda
validation,5,4,Warm A,0.5688486695289612,0.17337065935134888,0.6296296296296297,1.0,0.20777627825737,0.48011693358421326,cfg02_G2_D32,cfg02_G2_D32,0.9929953520186245,cuda
validation,5,4,Warm B,0.5733874440193176,0.17284232378005981,0.6296296296296297,1.0,0.3269135057926178,0.465702623128891,cfg02_G2_D32,cfg02_G2_D32,0.9929953520186245,cuda
validation,5,4,Warm C,0.5778365731239319,0.17030926048755646,0.654320987654321,1.0,0.4422166645526886,0.3009156882762909,cfg02_G2_D32,cfg02_G2_D32,0.9929953520186245,cuda
validation,7,6,Cold,0.5667447447776794,0.17042283713817596,0.6049382716049383,1.0,0.0,0.0,cfg02_G2_D32,cfg02_G2_D32,0.9929953520186245,cuda
validation,7,6,Warm A,0.5602209568023682,0.17285721004009247,0.6049382716049383,1.0,0.24132026731967926,0.6829248666763306,cfg02_G2_D32,cfg02_G2_D32,0.9929953520186245,cuda
validation,7,6,Warm B,0.562404215335846,0.17387795448303223,0.6049382716049383,1.0,0.3631482422351837,0.5975438952445984,cfg02_G2_D32,cfg02_G2_D32,0.9929953520186245,cuda
validation,7,6,Warm C,0.5607572197914124,0.1746518909931183,0.6296296296296297,1.0,0.5319712162017822,0.6563718914985657,cfg02_G2_D32,cfg02_G2_D32,0.9929953520186245,cuda
validation,11,10,Cold,0.5670003294944763,0.17202027142047882,0.6049382716049383,1.0,0.0,0.0,cfg02_G2_D32,cfg02_G2_D32,0.9929953520186245,cuda
validation,11,10,Warm A,0.5705273747444153,0.17124557495117188,0.6049382716049383,1.0,0.2386891394853592,0.48166853189468384,cfg02_G2_D32,cfg02_G2_D32,0.9929953520186245,cuda
validation,11,10,Warm B,0.5725865364074707,0.1723904013633728,0.654320987654321,1.0,0.24806256592273712,0.5660117268562317,cfg02_G2_D32,cfg02_G2_D32,0.9929953520186245,cuda
validation,11,10,Warm C,0.5737732648849487,0.1753774732351303,0.6296296296296297,1.0,0.3689568042755127,0.508959949016571,cfg02_G2_D32,cfg02_G2_D32,0.9929953520186245,cuda
validation,17,16,Cold,0.5662178993225098,0.17080408334732056,0.6049382716049383,1.0,0.0,0.0,cfg02_G2_D32,cfg02_G2_D32,0.9929953520186245,cuda
validation,17,16,Warm A,0.5659430027008057,0.17228519916534424,0.6049382716049383,1.0,0.21086421608924866,0.44182834029197693,cfg02_G2_D32,cfg02_G2_D32,0.9929953520186245,cuda
validation,17,16,Warm B,0.5693798065185547,0.1710357367992401,0.6049382716049383,1.0,0.4056720733642578,0.30551692843437195,cfg02_G2_D32,cfg02_G2_D32,0.9929953520186245,cuda
validation,17,16,Warm C,0.5704009532928467,0.17122063040733337,0.6296296296296297,1.0,0.5211129784584045,0.2804027497768402,cfg02_G2_D32,cfg02_G2_D32,0.9929953520186245,cuda
validation,41,36,Cold,0.5703381896018982,0.1712866574525833,0.6296296296296297,1.0,0.0,0.0,cfg02_G2_D32,cfg02_G2_D32,0.9929953520186245,cuda
validation,41,36,Warm A,0.5669836401939392,0.1728852242231369,0.6049382716049383,1.0,0.20453134179115295,0.5558738112449646,cfg02_G2_D32,cfg02_G2_D32,0.9929953520186245,cuda
validation,41,36,Warm B,0.5655308365821838,0.17373543977737427,0.6049382716049383,1.0,0.38939347863197327,0.38700854778289795,cfg02_G2_D32,cfg02_G2_D32,0.9929953520186245,cuda
validation,41,36,Warm C,0.5582327246665955,0.17553111910820007,0.5802469135802469,1.0,0.41515836119651794,0.6245779395103455,cfg02_G2_D32,cfg02_G2_D32,0.9929953520186245,cuda
validation,104,76,Cold,0.5662952661514282,0.17356999218463898,0.6049382716049383,1.0,0.0,0.0,cfg02_G2_D32,cfg02_G2_D32,0.9929953520186245,cuda
validation,104,76,Warm A,0.5676974654197693,0.1735578328371048,0.6049382716049383,1.0,0.19675026834011078,0.6219691634178162,cfg02_G2_D32,cfg02_G2_D32,0.9929953520186245,cuda
validation,104,76,Warm B,0.5694102048873901,0.17425760626792908,0.6296296296296297,1.0,0.25312668085098267,0.5440739989280701,cfg02_G2_D32,cfg02_G2_D32,0.9929953520186245,cuda
validation,104,76,Warm C,0.5643672347068787,0.17362920939922333,0.5802469135802469,1.0,0.2893316447734833,0.6283589601516724,cfg02_G2_D32,cfg02_G2_D32,0.9929953520186245,cuda
validation,107,78,Cold,0.5641226172447205,0.16961297392845154,0.6049382716049383,1.0,0.0,0.0,cfg02_G2_D32,cfg02_G2_D32,0.9929953520186245,cuda
validation,107,78,Warm A,0.5595636963844299,0.17044347524642944,0.6049382716049383,1.0,0.21038514375686646,0.6699243783950806,cfg02_G2_D32,cfg02_G2_D32,0.9929953520186245,cuda
validation,107,78,Warm B,0.5650678277015686,0.17003998160362244,0.6049382716049383,1.0,0.1986074000597,0.5245715379714966,cfg02_G2_D32,cfg02_G2_D32,0.9929953520186245,cuda
validation,107,78,Warm C,0.5636193752288818,0.171373188495636,0.6049382716049383,1.0,0.3452213704586029,0.5903043150901794,cfg02_G2_D32,cfg02_G2_D32,0.9929953520186245,cuda
validation,110,79,Cold,0.5674819350242615,0.1700553148984909,0.6049382716049383,1.0,0.0,0.0,cfg02_G2_D32,cfg02_G2_D32,0.9929953520186245,cuda
validation,110,79,Warm A,0.5665044188499451,0.1705341637134552,0.6049382716049383,1.0,0.21294820308685303,0.4219237267971039,cfg02_G2_D32,cfg02_G2_D32,0.9929953520186245,cuda
validation,110,79,Warm B,0.5734606981277466,0.16800038516521454,0.6296296296296297,1.0,0.3950767517089844,0.356439471244812,cfg02_G2_D32,cfg02_G2_D32,0.9929953520186245,cuda
validation,110,79,Warm C,0.5802611708641052,0.1655392199754715,0.654320987654321,1.0,0.6199169158935547,0.37018632888793945,cfg02_G2_D32,cfg02_G2_D32,0.9929953520186245,cuda
validation,111,80,Cold,0.5723938345909119,0.17146185040473938,0.6049382716049383,1.0,0.0,0.0,cfg02_G2_D32,cfg02_G2_D32,0.9929953520186245,cuda
validation,111,80,Warm A,0.5648625493049622,0.17260290682315826,0.5555555555555556,1.0,0.2172471582889557,0.7222620844841003,cfg02_G2_D32,cfg02_G2_D32,0.9929953520186245,cuda
validation,111,80,Warm B,0.5686465501785278,0.1708596795797348,0.5802469135802469,1.0,0.17183168232440948,0.2596060633659363,cfg02_G2_D32,cfg02_G2_D32,0.9929953520186245,cuda
validation,111,80,Warm C,0.5702607035636902,0.1713050901889801,0.5802469135802469,1.0,0.3116614818572998,0.26149782538414,cfg02_G2_D32,cfg02_G2_D32,0.9929953520186245,cuda
validation,158,103,Cold,0.5667474865913391,0.16894808411598206,0.6049382716049383,1.0,0.0,0.0,cfg02_G2_D32,cfg02_G2_D32,0.9929953520186245,cuda
validation,158,103,Warm A,0.5751532316207886,0.16626237332820892,0.654320987654321,1.0,0.2404678910970688,0.32834434509277344,cfg02_G2_D32,cfg02_G2_D32,0.9929953520186245,cuda
validation,158,103,Warm B,0.5799513459205627,0.16664670407772064,0.6790123456790124,1.0,0.33986198902130127,0.42592716217041016,cfg02_G2_D32,cfg02_G2_D32,0.9929953520186245,cuda
validation,158,103,Warm C,0.5722874402999878,0.16757385432720184,0.654320987654321,1.0,0.23884256184101105,0.59981369972229,cfg02_G2_D32,cfg02_G2_D32,0.9929953520186245,cuda
validation,160,105,Cold,0.5660446882247925,0.16805242002010345,0.6049382716049383,1.0,0.0,0.0,cfg02_G2_D32,cfg02_G2_D32,0.9929953520186245,cuda
validation,160,105,Warm A,0.5692310333251953,0.16816604137420654,0.6296296296296297,1.0,0.2311803102493286,0.4291728436946869,cfg02_G2_D32,cfg02_G2_D32,0.9929953520186245,cuda
validation,160,105,Warm B,0.5732845664024353,0.1674959659576416,0.6790123456790124,1.0,0.42979827523231506,0.24466155469417572,cfg02_G2_D32,cfg02_G2_D32,0.9929953520186245,cuda
validation,160,105,Warm C,0.5765477418899536,0.1662275642156601,0.7037037037037037,1.0,0.4251660704612732,0.24885864555835724,cfg02_G2_D32,cfg02_G2_D32,0.9929953520186245,cuda
validation,163,108,Cold,0.5676005482673645,0.1695559322834015,0.6049382716049383,1.0,0.0,0.0,cfg02_G2_D32,cfg02_G2_D32,0.9929953520186245,cuda
validation,163,108,Warm A,0.5689972043037415,0.16870826482772827,0.6296296296296297,1.0,0.22338341176509857,0.688027024269104,cfg02_G2_D32,cfg02_G2_D32,0.9929953520186245,cuda
validation,163,108,Warm B,0.5664021372795105,0.16875220835208893,0.6049382716049383,1.0,0.19212639331817627,0.5070180296897888,cfg02_G2_D32,cfg02_G2_D32,0.9929953520186245,cuda
validation,163,108,Warm C,0.5651841163635254,0.1691073477268219,0.5802469135802469,1.0,0.28072455525398254,0.535666286945343,cfg02_G2_D32,cfg02_G2_D32,0.9929953520186245,cuda
validation,173,117,Cold,0.5658844709396362,0.1681589037179947,0.6049382716049383,1.0,0.0,0.0,cfg02_G2_D32,cfg02_G2_D32,0.9929953520186245,cuda
validation,173,117,Warm A,0.5713410973548889,0.1661158800125122,0.6296296296296297,1.0,0.22672432661056519,0.3217473030090332,cfg02_G2_D32,cfg02_G2_D32,0.9929953520186245,cuda
validation,173,117,Warm B,0.5772018432617188,0.1650116890668869,0.654320987654321,1.0,0.4111191928386688,0.23544549942016602,cfg02_G2_D32,cfg02_G2_D32,0.9929953520186245,cuda
validation,173,117,Warm C,0.5791539549827576,0.165829598903656,0.6790123456790124,1.0,0.5829812288284302,0.24154014885425568,cfg02_G2_D32,cfg02_G2_D32,0.9929953520186245,cuda
validation,186,125,Cold,0.5672029852867126,0.17428769171237946,0.6049382716049383,1.0,0.0,0.0,cfg02_G2_D32,cfg02_G2_D32,0.9929953520186245,cuda
validation,186,125,Warm A,0.5690217018127441,0.17350466549396515,0.6296296296296297,1.0,0.2254287153482437,0.4743417799472809,cfg02_G2_D32,cfg02_G2_D32,0.9929953520186245,cuda
validation,186,125,Warm B,0.5733900666236877,0.17284372448921204,0.654320987654321,1.0,0.36064955592155457,0.3763717710971832,cfg02_G2_D32,cfg02_G2_D32,0.9929953520186245,cuda
validation,186,125,Warm C,0.5776000022888184,0.1746741086244583,0.654320987654321,1.0,0.4317217767238617,0.25045305490493774,cfg02_G2_D32,cfg02_G2_D32,0.9929953520186245,cuda
validation,193,130,Cold,0.5687482953071594,0.1735573261976242,0.6049382716049383,1.0,0.0,0.0,cfg02_G2_D32,cfg02_G2_D32,0.9929953520186245,cuda
validation,193,130,Warm A,0.5696740746498108,0.174559086561203,0.654320987654321,1.0,0.21453282237052917,0.6164462566375732,cfg02_G2_D32,cfg02_G2_D32,0.9929953520186245,cuda
validation,193,130,Warm B,0.5730191469192505,0.17517684400081635,0.6790123456790124,1.0,0.4111107289791107,0.45645761489868164,cfg02_G2_D32,cfg02_G2_D32,0.9929953520186245,cuda
validation,193,130,Warm C,0.5772611498832703,0.17513784766197205,0.654320987654321,1.0,0.5258700251579285,0.36168980598449707,cfg02_G2_D32,cfg02_G2_D32,0.9929953520186245,cuda
validation,194,131,Cold,0.5676477551460266,0.17390355467796326,0.6049382716049383,1.0,0.0,0.0,cfg02_G2_D32,cfg02_G2_D32,0.9929953520186245,cuda
validation,194,131,Warm A,0.5629568099975586,0.17597350478172302,0.6049382716049383,1.0,0.2238437831401825,0.6472081542015076,cfg02_G2_D32,cfg02_G2_D32,0.9929953520186245,cuda
validation,194,131,Warm B,0.5656393766403198,0.17774643003940582,0.6049382716049383,1.0,0.2812741696834564,0.5474033355712891,cfg02_G2_D32,cfg02_G2_D32,0.9929953520186245,cuda
validation,194,131,Warm C,0.561371922492981,0.17816153168678284,0.6049382716049383,1.0,0.42528361082077026,0.7076135873794556,cfg02_G2_D32,cfg02_G2_D32,0.9929953520186245,cuda
validation,198,134,Cold,0.5672078132629395,0.16883760690689087,0.6049382716049383,1.0,0.0,0.0,cfg02_G2_D32,cfg02_G2_D32,0.9929953520186245,cuda
validation,198,134,Warm A,0.5601067543029785,0.17126762866973877,0.6049382716049383,1.0,0.2091722935438156,0.6281777620315552,cfg02_G2_D32,cfg02_G2_D32,0.9929953520186245,cuda
validation,198,134,Warm B,0.5613932609558105,0.17254778742790222,0.6049382716049383,1.0,0.33482399582862854,0.678239643573761,cfg02_G2_D32,cfg02_G2_D32,0.9929953520186245,cuda
validation,198,134,Warm C,0.5704021453857422,0.16986426711082458,0.6296296296296297,1.0,0.20244210958480835,0.4704066216945648,cfg02_G2_D32,cfg02_G2_D32,0.9929953520186245,cuda
validation,231,154,Cold,0.5662083625793457,0.17325855791568756,0.6049382716049383,1.0,0.0,0.0,cfg02_G2_D32,cfg02_G2_D32,0.9929953520186245,cuda
validation,231,154,Warm A,0.5651647448539734,0.1736440509557724,0.6049382716049383,1.0,0.21592624485492706,0.6754589676856995,cfg02_G2_D32,cfg02_G2_D32,0.9929953520186245,cuda
validation,231,154,Warm B,0.5586320757865906,0.1758211851119995,0.6049382716049383,1.0,0.40826889872550964,0.6381049156188965,cfg02_G2_D32,cfg02_G2_D32,0.9929953520186245,cuda
validation,231,154,Warm C,0.5579938292503357,0.17512814700603485,0.6049382716049383,1.0,0.49594101309776306,0.6211645007133484,cfg02_G2_D32,cfg02_G2_D32,0.9929953520186245,cuda
validation,236,159,Cold,0.5668383240699768,0.1708272248506546,0.6049382716049383,1.0,0.0,0.0,cfg02_G2_D32,cfg02_G2_D32,0.9929953520186245,cuda
validation,236,159,Warm A,0.5718192458152771,0.16828285157680511,0.6296296296296297,1.0,0.22194422781467438,0.493986040353775,cfg02_G2_D32,cfg02_G2_D32,0.9929953520186245,cuda
validation,236,159,Warm B,0.5714385509490967,0.16922788321971893,0.6049382716049383,1.0,0.395746111869812,0.49329087138175964,cfg02_G2_D32,cfg02_G2_D32,0.9929953520186245,cuda
validation,236,159,Warm C,0.571806013584137,0.16918936371803284,0.6296296296296297,1.0,0.3454667925834656,0.5537371635437012,cfg02_G2_D32,cfg02_G2_D32,0.9929953520186245,cuda
validation,237,160,Cold,0.5666080117225647,0.17068356275558472,0.6049382716049383,1.0,0.0,0.0,cfg02_G2_D32,cfg02_G2_D32,0.9929953520186245,cuda
validation,237,160,Warm A,0.571252167224884,0.17083297669887543,0.654320987654321,1.0,0.2079043835401535,0.5388302803039551,cfg02_G2_D32,cfg02_G2_D32,0.9929953520186245,cuda
validation,237,160,Warm B,0.5768166780471802,0.16914084553718567,0.654320987654321,1.0,0.29217755794525146,0.3893985152244568,cfg02_G2_D32,cfg02_G2_D32,0.9929953520186245,cuda
validation,237,160,Warm C,0.5713403820991516,0.17034418880939484,0.6296296296296297,1.0,0.3346584141254425,0.5329756140708923,cfg02_G2_D32,cfg02_G2_D32,0.9929953520186245,cuda
validation,246,163,Cold,0.5663799047470093,0.16881141066551208,0.6049382716049383,1.0,0.0,0.0,cfg02_G2_D32,cfg02_G2_D32,0.9929953520186245,cuda
validation,246,163,Warm A,0.5608437061309814,0.17106273770332336,0.6049382716049383,1.0,0.23172356188297272,0.5996903777122498,cfg02_G2_D32,cfg02_G2_D32,0.9929953520186245,cuda
validation,246,163,Warm B,0.5663204193115234,0.1696089506149292,0.6049382716049383,1.0,0.25398051738739014,0.18814149498939514,cfg02_G2_D32,cfg02_G2_D32,0.9929953520186245,cuda
validation,246,163,Warm C,0.5637261867523193,0.17050914466381073,0.6049382716049383,1.0,0.21434269845485687,0.44755372405052185,cfg02_G2_D32,cfg02_G2_D32,0.9929953520186245,cuda
validation,252,167,Cold,0.5674112439155579,0.17038820683956146,0.6049382716049383,1.0,0.0,0.0,cfg02_G2_D32,cfg02_G2_D32,0.9929953520186245,cuda
validation,252,167,Warm A,0.5750240087509155,0.168461412191391,0.654320987654321,1.0,0.21248078346252441,0.4822944700717926,cfg02_G2_D32,cfg02_G2_D32,0.9929953520186245,cuda
validation,252,167,Warm B,0.5790489912033081,0.16672003269195557,0.6790123456790124,1.0,0.35950377583503723,0.442657470703125,cfg02_G2_D32,cfg02_G2_D32,0.9929953520186245,cuda
validation,252,167,Warm C,0.5764147043228149,0.16890013217926025,0.654320987654321,1.0,0.30720973014831543,0.5366305708885193,cfg02_G2_D32,cfg02_G2_D32,0.9929953520186245,cuda
validation,276,185,Cold,0.5687500238418579,0.17072421312332153,0.6049382716049383,1.0,0.0,0.0,cfg02_G2_D32,cfg02_G2_D32,0.9929953520186245,cuda
validation,276,185,Warm A,0.5753462314605713,0.1694616675376892,0.654320987654321,1.0,0.22371670603752136,0.36315733194351196,cfg02_G2_D32,cfg02_G2_D32,0.9929953520186245,cuda
validation,276,185,Warm B,0.5781254768371582,0.16712792217731476,0.6790123456790124,1.0,0.3179880678653717,0.40786656737327576,cfg02_G2_D32,cfg02_G2_D32,0.9929953520186245,cuda
validation,276,185,Warm C,0.5764486789703369,0.16855643689632416,0.654320987654321,1.0,0.2826375663280487,0.47472092509269714,cfg02_G2_D32,cfg02_G2_D32,0.9929953520186245,cuda
validation,281,188,Cold,0.5681171417236328,0.1728706955909729,0.6049382716049383,1.0,0.0,0.0,cfg02_G2_D32,cfg02_G2_D32,0.9929953520186245,cuda
validation,281,188,Warm A,0.5701427459716797,0.17292340099811554,0.6296296296296297,1.0,0.2085541933774948,0.500102162361145,cfg02_G2_D32,cfg02_G2_D32,0.9929953520186245,cuda
validation,281,188,Warm B,0.5678352117538452,0.17430560290813446,0.6296296296296297,1.0,0.1751721054315567,0.6159701347351074,cfg02_G2_D32,cfg02_G2_D32,0.9929953520186245,cuda
validation,281,188,Warm C,0.5640390515327454,0.1764383316040039,0.6049382716049383,1.0,0.2973060607910156,0.6044980883598328,cfg02_G2_D32,cfg02_G2_D32,0.9929953520186245,cuda
validation,300,197,Cold,0.5672602653503418,0.17279183864593506,0.6049382716049383,1.0,0.0,0.0,cfg02_G2_D32,cfg02_G2_D32,0.9929953520186245,cuda
validation,300,197,Warm A,0.5620622038841248,0.17497704923152924,0.5802469135802469,1.0,0.21315689384937286,0.5989006757736206,cfg02_G2_D32,cfg02_G2_D32,0.9929953520186245,cuda
validation,300,197,Warm B,0.5655760765075684,0.1760280430316925,0.5802469135802469,1.0,0.2891603410243988,0.4615042805671692,cfg02_G2_D32,cfg02_G2_D32,0.9929953520186245,cuda
validation,300,197,Warm C,0.5623154640197754,0.17834801971912384,0.5555555555555556,1.0,0.3959755599498749,0.5004448294639587,cfg02_G2_D32,cfg02_G2_D32,0.9929953520186245,cuda
validation,306,201,Cold,0.5663645267486572,0.1720849722623825,0.6049382716049383,1.0,0.0,0.0,cfg02_G2_D32,cfg02_G2_D32,0.9929953520186245,cuda
validation,306,201,Warm A,0.5702661275863647,0.1712317019701004,0.6296296296296297,1.0,0.24354702234268188,0.37876564264297485,cfg02_G2_D32,cfg02_G2_D32,0.9929953520186245,cuda
validation,306,201,Warm B,0.5749735236167908,0.17078253626823425,0.6296296296296297,1.0,0.4750930368900299,0.27567729353904724,cfg02_G2_D32,cfg02_G2_D32,0.9929953520186245,cuda
validation,306,201,Warm C,0.5684241652488708,0.17230992019176483,0.6049382716049383,1.0,0.25321561098098755,0.4407106041908264,cfg02_G2_D32,cfg02_G2_D32,0.9929953520186245,cuda
validation,322,212,Cold,0.5680059790611267,0.17371362447738647,0.6049382716049383,1.0,0.0,0.0,cfg02_G2_D32,cfg02_G2_D32,0.9929953520186245,cuda
validation,322,212,Warm A,0.562140941619873,0.17382033169269562,0.6049382716049383,1.0,0.2076825052499771,0.593538224697113,cfg02_G2_D32,cfg02_G2_D32,0.9929953520186245,cuda
validation,322,212,Warm B,0.5607614517211914,0.17479568719863892,0.5802469135802469,1.0,0.30118852853775024,0.5387073755264282,cfg02_G2_D32,cfg02_G2_D32,0.9929953520186245,cuda
validation,322,212,Warm C,0.5626323819160461,0.17569167912006378,0.6049382716049383,1.0,0.26646220684051514,0.5780338644981384,cfg02_G2_D32,cfg02_G2_D32,0.9929953520186245,cuda
validation,349,230,Cold,0.5665154457092285,0.16914348304271698,0.6049382716049383,1.0,0.0,0.0,cfg02_G2_D32,cfg02_G2_D32,0.9929953520186245,cuda
validation,349,230,Warm A,0.5732584595680237,0.16668759286403656,0.654320987654321,1.0,0.24363106489181519,0.4498324394226074,cfg02_G2_D32,cfg02_G2_D32,0.9929953520186245,cuda
validation,349,230,Warm B,0.569753110408783,0.16925781965255737,0.6049382716049383,1.0,0.26650312542915344,0.5952050089836121,cfg02_G2_D32,cfg02_G2_D32,0.9929953520186245,cuda
validation,349,230,Warm C,0.57891845703125,0.167146697640419,0.654320987654321,1.0,0.4540422558784485,0.4499123692512512,cfg02_G2_D32,cfg02_G2_D32,0.9929953520186245,cuda
validation,350,231,Cold,0.5666424632072449,0.17060884833335876,0.6049382716049383,1.0,0.0,0.0,cfg02_G2_D32,cfg02_G2_D32,0.9929953520186245,cuda
validation,350,231,Warm A,0.5703006386756897,0.16938698291778564,0.6296296296296297,1.0,0.205540731549263,0.5741106867790222,cfg02_G2_D32,cfg02_G2_D32,0.9929953520186245,cuda
validation,350,231,Warm B,0.5785838961601257,0.16759751737117767,0.6790123456790124,1.0,0.3266129493713379,0.3813021779060364,cfg02_G2_D32,cfg02_G2_D32,0.9929953520186245,cuda
validation,350,231,Warm C,0.5750125050544739,0.16881106793880463,0.654320987654321,1.0,0.27826768159866333,0.629443347454071,cfg02_G2_D32,cfg02_G2_D32,0.9929953520186245,cuda
validation,362,242,Cold,0.5663661956787109,0.16823716461658478,0.6049382716049383,1.0,0.0,0.0,cfg02_G2_D32,cfg02_G2_D32,0.9929953520186245,cuda
validation,362,242,Warm A,0.5673007369041443,0.16800044476985931,0.6296296296296297,1.0,0.22457046806812286,0.5782184600830078,cfg02_G2_D32,cfg02_G2_D32,0.9929953520186245,cuda
validation,362,242,Warm B,0.5663334727287292,0.16860026121139526,0.654320987654321,1.0,0.2653781771659851,0.7006586790084839,cfg02_G2_D32,cfg02_G2_D32,0.9929953520186245,cuda
validation,362,242,Warm C,0.5725526213645935,0.1666973978281021,0.654320987654321,1.0,0.3096718490123749,0.3750953674316406,cfg02_G2_D32,cfg02_G2_D32,0.9929953520186245,cuda
validation,364,244,Cold,0.5662232637405396,0.16888143122196198,0.6049382716049383,1.0,0.0,0.0,cfg02_G2_D32,cfg02_G2_D32,0.9929953520186245,cuda
validation,364,244,Warm A,0.5711350440979004,0.1674761176109314,0.6296296296296297,1.0,0.2392585277557373,0.5143057703971863,cfg02_G2_D32,cfg02_G2_D32,0.9929953520186245,cuda
validation,364,244,Warm B,0.5681860446929932,0.16951052844524384,0.6296296296296297,1.0,0.3262539803981781,0.5854334235191345,cfg02_G2_D32,cfg02_G2_D32,0.9929953520186245,cuda
validation,364,244,Warm C,0.5754920244216919,0.1682513803243637,0.6296296296296297,1.0,0.5243510007858276,0.4107850193977356,cfg02_G2_D32,cfg02_G2_D32,0.9929953520186245,cuda
validation,366,246,Cold,0.5643197894096375,0.167738676071167,0.6049382716049383,1.0,0.0,0.0,cfg02_G2_D32,cfg02_G2_D32,0.9929953520186245,cuda
validation,366,246,Warm A,0.5657761096954346,0.16727344691753387,0.6296296296296297,1.0,0.19779980182647705,0.5431053042411804,cfg02_G2_D32,cfg02_G2_D32,0.9929953520186245,cuda
validation,366,246,Warm B,0.5667126178741455,0.16807889938354492,0.6049382716049383,1.0,0.35459500551223755,0.537483811378479,cfg02_G2_D32,cfg02_G2_D32,0.9929953520186245,cuda
validation,366,246,Warm C,0.5690760612487793,0.16893573105335236,0.6296296296296297,1.0,0.37988200783729553,0.5478236079216003,cfg02_G2_D32,cfg02_G2_D32,0.9929953520186245,cuda
validation,379,257,Cold,0.5656503438949585,0.16745992004871368,0.6049382716049383,1.0,0.0,0.0,cfg02_G2_D32,cfg02_G2_D32,0.9929953520186245,cuda
validation,379,257,Warm A,0.5739951133728027,0.16452628374099731,0.654320987654321,1.0,0.22720634937286377,0.42238935828208923,cfg02_G2_D32,cfg02_G2_D32,0.9929953520186245,cuda
validation,379,257,Warm B,0.5811173915863037,0.162072092294693,0.6790123456790124,1.0,0.4172099828720093,0.30661556124687195,cfg02_G2_D32,cfg02_G2_D32,0.9929953520186245,cuda
validation,379,257,Warm C,0.5769352912902832,0.1641261726617813,0.654320987654321,1.0,0.35629841685295105,0.4813280999660492,cfg02_G2_D32,cfg02_G2_D32,0.9929953520186245,cuda
validation,381,259,Cold,0.5669806003570557,0.17253947257995605,0.6049382716049383,1.0,0.0,0.0,cfg02_G2_D32,cfg02_G2_D32,0.9929953520186245,cuda
validation,381,259,Warm A,0.5660854578018188,0.1736733466386795,0.6049382716049383,1.0,0.23186428844928741,0.8883416056632996,cfg02_G2_D32,cfg02_G2_D32,0.9929953520186245,cuda
validation,381,259,Warm B,0.5638232827186584,0.1768360137939453,0.6049382716049383,1.0,0.34858328104019165,0.5898093581199646,cfg02_G2_D32,cfg02_G2_D32,0.9929953520186245,cuda
validation,381,259,Warm C,0.5682069659233093,0.1742449700832367,0.6296296296296297,1.0,0.3292950391769409,0.5277854800224304,cfg02_G2_D32,cfg02_G2_D32,0.9929953520186245,cuda
validation,413,270,Cold,0.5663098096847534,0.17323893308639526,0.6049382716049383,1.0,0.0,0.0,cfg02_G2_D32,cfg02_G2_D32,0.9929953520186245,cuda
validation,413,270,Warm A,0.5730102062225342,0.17117340862751007,0.654320987654321,1.0,0.2287289947271347,0.26421210169792175,cfg02_G2_D32,cfg02_G2_D32,0.9929953520186245,cuda
validation,413,270,Warm B,0.5758802890777588,0.17230652272701263,0.6790123456790124,1.0,0.3283587098121643,0.3514851927757263,cfg02_G2_D32,cfg02_G2_D32,0.9929953520186245,cuda
validation,413,270,Warm C,0.5735631585121155,0.17066875100135803,0.654320987654321,1.0,0.25388303399086,0.4093039929866791,cfg02_G2_D32,cfg02_G2_D32,0.9929953520186245,cuda
validation,423,278,Cold,0.5672350525856018,0.16949036717414856,0.6049382716049383,1.0,0.0,0.0,cfg02_G2_D32,cfg02_G2_D32,0.9929953520186245,cuda
validation,423,278,Warm A,0.5738182663917542,0.16785094141960144,0.654320987654321,1.0,0.2125229388475418,0.41539809107780457,cfg02_G2_D32,cfg02_G2_D32,0.9929953520186245,cuda
validation,423,278,Warm B,0.5749996304512024,0.1684589385986328,0.6790123456790124,1.0,0.30076363682746887,0.5712205767631531,cfg02_G2_D32,cfg02_G2_D32,0.9929953520186245,cuda
validation,423,278,Warm C,0.5753610134124756,0.1675778180360794,0.6296296296296297,1.0,0.19573305547237396,0.46197912096977234,cfg02_G2_D32,cfg02_G2_D32,0.9929953520186245,cuda
validation,432,286,Cold,0.5668851137161255,0.17044393718242645,0.6049382716049383,1.0,0.0,0.0,cfg02_G2_D32,cfg02_G2_D32,0.9929953520186245,cuda
validation,432,286,Warm A,0.5729934573173523,0.168005108833313,0.6296296296296297,1.0,0.21447263658046722,0.32655033469200134,cfg02_G2_D32,cfg02_G2_D32,0.9929953520186245,cuda
validation,432,286,Warm B,0.5744432210922241,0.16748538613319397,0.654320987654321,1.0,0.36976712942123413,0.393449604511261,cfg02_G2_D32,cfg02_G2_D32,0.9929953520186245,cuda
validation,432,286,Warm C,0.5745969414710999,0.16666072607040405,0.654320987654321,1.0,0.4540681540966034,0.4091571271419525,cfg02_G2_D32,cfg02_G2_D32,0.9929953520186245,cuda
validation,441,293,Cold,0.5668975710868835,0.17382554709911346,0.6049382716049383,1.0,0.0,0.0,cfg02_G2_D32,cfg02_G2_D32,0.9929953520186245,cuda
validation,441,293,Warm A,0.5629132986068726,0.1749962568283081,0.6049382716049383,1.0,0.20514121651649475,0.6501134037971497,cfg02_G2_D32,cfg02_G2_D32,0.9929953520186245,cuda
validation,441,293,Warm B,0.5600637197494507,0.17451824247837067,0.6049382716049383,1.0,0.2969144880771637,0.5903581976890564,cfg02_G2_D32,cfg02_G2_D32,0.9929953520186245,cuda
validation,441,293,Warm C,0.5602118372917175,0.17337310314178467,0.5802469135802469,1.0,0.22890405356884003,0.456104576587677,cfg02_G2_D32,cfg02_G2_D32,0.9929953520186245,cuda
validation,442,294,Cold,0.5678755640983582,0.16824392974376678,0.6296296296296297,1.0,0.0,0.0,cfg02_G2_D32,cfg02_G2_D32,0.9929953520186245,cuda
validation,442,294,Warm A,0.5743674039840698,0.1665671020746231,0.654320987654321,1.0,0.23445314168930054,0.4108808934688568,cfg02_G2_D32,cfg02_G2_D32,0.9929953520186245,cuda
validation,442,294,Warm B,0.581985354423523,0.16420689225196838,0.6790123456790124,1.0,0.43558716773986816,0.34121599793434143,cfg02_G2_D32,cfg02_G2_D32,0.9929953520186245,cuda
validation,442,294,Warm C,0.5809397101402283,0.16647927463054657,0.6790123456790124,1.0,0.4832703173160553,0.4404040277004242,cfg02_G2_D32,cfg02_G2_D32,0.9929953520186245,cuda
validation,448,298,Cold,0.5696828961372375,0.17341464757919312,0.6296296296296297,1.0,0.0,0.0,cfg02_G2_D32,cfg02_G2_D32,0.9929953520186245,cuda
validation,448,298,Warm A,0.5685455799102783,0.17414666712284088,0.6049382716049383,1.0,0.19186529517173767,0.5723307132720947,cfg02_G2_D32,cfg02_G2_D32,0.9929953520186245,cuda
validation,448,298,Warm B,0.5661085247993469,0.17461185157299042,0.6049382716049383,1.0,0.19801029562950134,0.6066341400146484,cfg02_G2_D32,cfg02_G2_D32,0.9929953520186245,cuda
validation,448,298,Warm C,0.5628477931022644,0.17508143186569214,0.6049382716049383,1.0,0.34224680066108704,0.6632798314094543,cfg02_G2_D32,cfg02_G2_D32,0.9929953520186245,cuda
validation,464,310,Cold,0.5671819448471069,0.1695324182510376,0.6049382716049383,1.0,0.0,0.0,cfg02_G2_D32,cfg02_G2_D32,0.9929953520186245,cuda
validation,464,310,Warm A,0.5707378387451172,0.16911688446998596,0.654320987654321,1.0,0.20917253196239471,0.4159970283508301,cfg02_G2_D32,cfg02_G2_D32,0.9929953520186245,cuda
validation,464,310,Warm B,0.5683802962303162,0.17022188007831573,0.6790123456790124,1.0,0.37789231538772583,0.5159541368484497,cfg02_G2_D32,cfg02_G2_D32,0.9929953520186245,cuda
validation,464,310,Warm C,0.5653045773506165,0.1710921674966812,0.6049382716049383,1.0,0.3978170156478882,0.5380346179008484,cfg02_G2_D32,cfg02_G2_D32,0.9929953520186245,cuda
validation,468,313,Cold,0.5666835308074951,0.17043371498584747,0.6049382716049383,1.0,0.0,0.0,cfg02_G2_D32,cfg02_G2_D32,0.9929953520186245,cuda
validation,468,313,Warm A,0.5638976097106934,0.16890586912631989,0.6049382716049383,1.0,0.22542208433151245,0.6103801727294922,cfg02_G2_D32,cfg02_G2_D32,0.9929953520186245,cuda
validation,468,313,Warm B,0.5687077641487122,0.16686995327472687,0.6049382716049383,1.0,0.20624545216560364,0.44052383303642273,cfg02_G2_D32,cfg02_G2_D32,0.9929953520186245,cuda
validation,468,313,Warm C,0.5722574591636658,0.16609422862529755,0.654320987654321,1.0,0.32520145177841187,0.42225274443626404,cfg02_G2_D32,cfg02_G2_D32,0.9929953520186245,cuda
validation,474,317,Cold,0.5674632787704468,0.1695893257856369,0.6049382716049383,1.0,0.0,0.0,cfg02_G2_D32,cfg02_G2_D32,0.9929953520186245,cuda
validation,474,317,Warm A,0.5582011938095093,0.1728830486536026,0.6049382716049383,1.0,0.2041255682706833,0.6166728138923645,cfg02_G2_D32,cfg02_G2_D32,0.9929953520186245,cuda
validation,474,317,Warm B,0.5539987087249756,0.17408181726932526,0.5802469135802469,1.0,0.3612395226955414,0.5085944533348083,cfg02_G2_D32,cfg02_G2_D32,0.9929953520186245,cuda
validation,474,317,Warm C,0.5519067049026489,0.17435376346111298,0.6049382716049383,1.0,0.5091925263404846,0.6445334553718567,cfg02_G2_D32,cfg02_G2_D32,0.9929953520186245,cuda
validation,497,334,Cold,0.5673598051071167,0.1701628565788269,0.6049382716049383,1.0,0.0,0.0,cfg02_G2_D32,cfg02_G2_D32,0.9929953520186245,cuda
validation,497,334,Warm A,0.5620782375335693,0.17092885076999664,0.6049382716049383,1.0,0.2016831487417221,0.6470485925674438,cfg02_G2_D32,cfg02_G2_D32,0.9929953520186245,cuda
validation,497,334,Warm B,0.5627346634864807,0.17044629156589508,0.6049382716049383,1.0,0.253756046295166,0.4799395203590393,cfg02_G2_D32,cfg02_G2_D32,0.9929953520186245,cuda
validation,497,334,Warm C,0.5688167214393616,0.1684775948524475,0.6049382716049383,1.0,0.3184085488319397,0.43296074867248535,cfg02_G2_D32,cfg02_G2_D32,0.9929953520186245,cuda
validation,517,350,Cold,0.5692896842956543,0.16938744485378265,0.6296296296296297,1.0,0.0,0.0,cfg02_G2_D32,cfg02_G2_D32,0.9929953520186245,cuda
validation,517,350,Warm A,0.5719509124755859,0.16871589422225952,0.654320987654321,1.0,0.20883122086524963,0.5139778852462769,cfg02_G2_D32,cfg02_G2_D32,0.9929953520186245,cuda
validation,517,350,Warm B,0.5772975087165833,0.16826090216636658,0.6296296296296297,1.0,0.2993280589580536,0.29883450269699097,cfg02_G2_D32,cfg02_G2_D32,0.9929953520186245,cuda
validation,517,350,Warm C,0.5778251886367798,0.16791628301143646,0.654320987654321,1.0,0.43153002858161926,0.43572375178337097,cfg02_G2_D32,cfg02_G2_D32,0.9929953520186245,cuda
validation,532,362,Cold,0.5651088953018188,0.16953200101852417,0.6049382716049383,1.0,0.0,0.0,cfg02_G2_D32,cfg02_G2_D32,0.9929953520186245,cuda
validation,532,362,Warm A,0.5558883547782898,0.17331452667713165,0.6049382716049383,1.0,0.2399907112121582,0.7219337821006775,cfg02_G2_D32,cfg02_G2_D32,0.9929953520186245,cuda
validation,532,362,Warm B,0.5530024170875549,0.17538589239120483,0.5802469135802469,1.0,0.471178263425827,0.7288355231285095,cfg02_G2_D32,cfg02_G2_D32,0.9929953520186245,cuda
validation,532,362,Warm C,0.5587068796157837,0.17407473921775818,0.5802469135802469,1.0,0.35895541310310364,0.6059728860855103,cfg02_G2_D32,cfg02_G2_D32,0.9929953520186245,cuda
validation,538,367,Cold,0.5688725709915161,0.17278972268104553,0.6296296296296297,1.0,0.0,0.0,cfg02_G2_D32,cfg02_G2_D32,0.9929953520186245,cuda
validation,538,367,Warm A,0.5730347633361816,0.17185956239700317,0.654320987654321,1.0,0.21595311164855957,0.5875200629234314,cfg02_G2_D32,cfg02_G2_D32,0.9929953520186245,cuda
validation,538,367,Warm B,0.5678455829620361,0.17228542268276215,0.5802469135802469,1.0,0.14356131851673126,0.6331160664558411,cfg02_G2_D32,cfg02_G2_D32,0.9929953520186245,cuda
validation,538,367,Warm C,0.5695001482963562,0.17254920303821564,0.654320987654321,1.0,0.26735496520996094,0.5509476661682129,cfg02_G2_D32,cfg02_G2_D32,0.9929953520186245,cuda
validation,541,370,Cold,0.5674617886543274,0.16636529564857483,0.6049382716049383,1.0,0.0,0.0,cfg02_G2_D32,cfg02_G2_D32,0.9929953520186245,cuda
validation,541,370,Warm A,0.5709582567214966,0.1654427945613861,0.6049382716049383,1.0,0.24914026260375977,0.3690143823623657,cfg02_G2_D32,cfg02_G2_D32,0.9929953520186245,cuda
validation,541,370,Warm B,0.5767435431480408,0.16333815455436707,0.6049382716049383,1.0,0.4925209879875183,0.36440181732177734,cfg02_G2_D32,cfg02_G2_D32,0.9929953520186245,cuda
validation,541,370,Warm C,0.5772148370742798,0.16354452073574066,0.6296296296296297,1.0,0.5796183943748474,0.3359639644622803,cfg02_G2_D32,cfg02_G2_D32,0.9929953520186245,cuda
validation,587,394,Cold,0.5665581822395325,0.17039333283901215,0.6296296296296297,1.0,0.0,0.0,cfg02_G2_D32,cfg02_G2_D32,0.9929953520186245,cuda
validation,587,394,Warm A,0.5681648254394531,0.1711403727531433,0.654320987654321,1.0,0.19493412971496582,0.5029496550559998,cfg02_G2_D32,cfg02_G2_D32,0.9929953520186245,cuda
validation,587,394,Warm B,0.5598573088645935,0.1728546917438507,0.5802469135802469,1.0,0.34722158312797546,0.772691547870636,cfg02_G2_D32,cfg02_G2_D32,0.9929953520186245,cuda
validation,587,394,Warm C,0.5633755922317505,0.1726791262626648,0.6049382716049383,1.0,0.4650166928768158,0.5548009276390076,cfg02_G2_D32,cfg02_G2_D32,0.9929953520186245,cuda
validation,588,395,Cold,0.5681321620941162,0.16948723793029785,0.6296296296296297,1.0,0.0,0.0,cfg02_G2_D32,cfg02_G2_D32,0.9929953520186245,cuda
validation,588,395,Warm A,0.5703188180923462,0.16909004747867584,0.6296296296296297,1.0,0.2229902744293213,0.4912879168987274,cfg02_G2_D32,cfg02_G2_D32,0.9929953520186245,cuda
validation,588,395,Warm B,0.5697586536407471,0.1698199361562729,0.6296296296296297,1.0,0.40354159474372864,0.4055769145488739,cfg02_G2_D32,cfg02_G2_D32,0.9929953520186245,cuda
validation,588,395,Warm C,0.5695506930351257,0.16775164008140564,0.6296296296296297,1.0,0.3932861089706421,0.5749959349632263,cfg02_G2_D32,cfg02_G2_D32,0.9929953520186245,cuda
validation,592,398,Cold,0.5702877044677734,0.1695210039615631,0.6296296296296297,1.0,0.0,0.0,cfg02_G2_D32,cfg02_G2_D32,0.9929953520186245,cuda
validation,592,398,Warm A,0.5738019347190857,0.169480100274086,0.6296296296296297,1.0,0.20152312517166138,0.5211700797080994,cfg02_G2_D32,cfg02_G2_D32,0.9929953520186245,cuda
validation,592,398,Warm B,0.5679150223731995,0.17088955640792847,0.6296296296296297,1.0,0.22994175553321838,0.5811582207679749,cfg02_G2_D32,cfg02_G2_D32,0.9929953520186245,cuda
validation,592,398,Warm C,0.5649139285087585,0.16896438598632812,0.6049382716049383,1.0,0.2521074116230011,0.5504331588745117,cfg02_G2_D32,cfg02_G2_D32,0.9929953520186245,cuda
validation,599,404,Cold,0.5764403939247131,0.1682354062795639,0.5555555555555556,1.0,0.0,0.0,cfg02_G2_D32,cfg02_G2_D32,0.9929953520186245,cuda
validation,599,404,Warm A,0.5737273693084717,0.16971386969089508,0.5802469135802469,1.0,0.21372565627098083,0.42319345474243164,cfg02_G2_D32,cfg02_G2_D32,0.9929953520186245,cuda
validation,599,404,Warm B,0.5744854807853699,0.16795362532138824,0.5802469135802469,1.0,0.36596834659576416,0.2913322150707245,cfg02_G2_D32,cfg02_G2_D32,0.9929953520186245,cuda
validation,599,404,Warm C,0.570500910282135,0.1699916571378708,0.5802469135802469,1.0,0.3513929843902588,0.6388112902641296,cfg02_G2_D32,cfg02_G2_D32,0.9929953520186245,cuda
validation,661,426,Cold,0.565378725528717,0.16910581290721893,0.6049382716049383,1.0,0.0,0.0,cfg02_G2_D32,cfg02_G2_D32,0.9929953520186245,cuda
validation,661,426,Warm A,0.5584098100662231,0.1720067709684372,0.6049382716049383,1.0,0.23547938466072083,0.7824954390525818,cfg02_G2_D32,cfg02_G2_D32,0.9929953520186245,cuda
validation,661,426,Warm B,0.558596134185791,0.17261764407157898,0.6049382716049383,1.0,0.4057912826538086,0.7317571043968201,cfg02_G2_D32,cfg02_G2_D32,0.9929953520186245,cuda
validation,661,426,Warm C,0.5578005909919739,0.1718362420797348,0.5802469135802469,1.0,0.36683544516563416,0.6030001640319824,cfg02_G2_D32,cfg02_G2_D32,0.9929953520186245,cuda
validation,750,460,Cold,0.5763005614280701,0.16999877989292145,0.5308641975308642,1.0,0.0,0.0,cfg02_G2_D32,cfg02_G2_D32,0.9929953520186245,cuda
validation,750,460,Warm A,0.5804231762886047,0.1699298769235611,0.5308641975308642,1.0,0.24259430170059204,0.2922568917274475,cfg02_G2_D32,cfg02_G2_D32,0.9929953520186245,cuda
validation,750,460,Warm B,0.5807204842567444,0.1692059189081192,0.5555555555555556,1.0,0.3704241216182709,0.4068404734134674,cfg02_G2_D32,cfg02_G2_D32,0.9929953520186245,cuda
validation,750,460,Warm C,0.5824761390686035,0.16866156458854675,0.5555555555555556,1.0,0.5160732269287109,0.13810792565345764,cfg02_G2_D32,cfg02_G2_D32,0.9929953520186245,cuda
validation,800,477,Cold,0.5653368830680847,0.1693909615278244,0.6049382716049383,1.0,0.0,0.0,cfg02_G2_D32,cfg02_G2_D32,0.9929953520186245,cuda
validation,800,477,Warm A,0.5659976005554199,0.17013169825077057,0.6049382716049383,1.0,0.21857431530952454,0.45717325806617737,cfg02_G2_D32,cfg02_G2_D32,0.9929953520186245,cuda
validation,800,477,Warm B,0.5684804320335388,0.16981975734233856,0.654320987654321,1.0,0.382834792137146,0.4802132546901703,cfg02_G2_D32,cfg02_G2_D32,0.9929953520186245,cuda
validation,800,477,Warm C,0.5730451345443726,0.16902294754981995,0.654320987654321,1.0,0.5781423449516296,0.22031287848949432,cfg02_G2_D32,cfg02_G2_D32,0.9929953520186245,cuda
validation,830,486,Cold,0.5655413866043091,0.17373338341712952,0.6049382716049383,1.0,0.0,0.0,cfg02_G2_D32,cfg02_G2_D32,0.9929953520186245,cuda
validation,830,486,Warm A,0.5724591612815857,0.17108047008514404,0.6296296296296297,1.0,0.2177041620016098,0.48782870173454285,cfg02_G2_D32,cfg02_G2_D32,0.9929953520186245,cuda
validation,830,486,Warm B,0.574300229549408,0.17296715080738068,0.6296296296296297,1.0,0.3180191218852997,0.4651154577732086,cfg02_G2_D32,cfg02_G2_D32,0.9929953520186245,cuda
validation,830,486,Warm C,0.5746853947639465,0.17242281138896942,0.6049382716049383,1.0,0.40232381224632263,0.4941619336605072,cfg02_G2_D32,cfg02_G2_D32,0.9929953520186245,cuda
validation,837,491,Cold,0.5666852593421936,0.17104820907115936,0.6049382716049383,1.0,0.0,0.0,cfg02_G2_D32,cfg02_G2_D32,0.9929953520186245,cuda
validation,837,491,Warm A,0.5720936059951782,0.1701250821352005,0.654320987654321,1.0,0.22704944014549255,0.4934585690498352,cfg02_G2_D32,cfg02_G2_D32,0.9929953520186245,cuda
validation,837,491,Warm B,0.5700494050979614,0.17246519029140472,0.6049382716049383,1.0,0.28240489959716797,0.6006772518157959,cfg02_G2_D32,cfg02_G2_D32,0.9929953520186245,cuda
validation,837,491,Warm C,0.5692470669746399,0.17152093350887299,0.6049382716049383,1.0,0.31380897760391235,0.5912877321243286,cfg02_G2_D32,cfg02_G2_D32,0.9929953520186245,cuda
validation,852,498,Cold,0.567376434803009,0.17047405242919922,0.6049382716049383,1.0,0.0,0.0,cfg02_G2_D32,cfg02_G2_D32,0.9929953520186245,cuda
validation,852,498,Warm A,0.5735460519790649,0.1677805483341217,0.6296296296296297,1.0,0.21655121445655823,0.3428446054458618,cfg02_G2_D32,cfg02_G2_D32,0.9929953520186245,cuda
validation,852,498,Warm B,0.5681360960006714,0.16986136138439178,0.6049382716049383,1.0,0.15406517684459686,0.6146561503410339,cfg02_G2_D32,cfg02_G2_D32,0.9929953520186245,cuda
validation,852,498,Warm C,0.5711217522621155,0.16745586693286896,0.654320987654321,1.0,0.2643081247806549,0.46682506799697876,cfg02_G2_D32,cfg02_G2_D32,0.9929953520186245,cuda
validation,880,503,Cold,0.5650606751441956,0.16957174241542816,0.6049382716049383,1.0,0.0,0.0,cfg02_G2_D32,cfg02_G2_D32,0.9929953520186245,cuda
validation,880,503,Warm A,0.5691880583763123,0.16785815358161926,0.6296296296296297,1.0,0.2235187292098999,0.35482218861579895,cfg02_G2_D32,cfg02_G2_D32,0.9929953520186245,cuda
validation,880,503,Warm B,0.5704706311225891,0.16848383843898773,0.654320987654321,1.0,0.4043612480163574,0.39531683921813965,cfg02_G2_D32,cfg02_G2_D32,0.9929953520186245,cuda
validation,880,503,Warm C,0.5759530663490295,0.1678561568260193,0.6790123456790124,1.0,0.5840604305267334,0.13306592404842377,cfg02_G2_D32,cfg02_G2_D32,0.9929953520186245,cuda
validation,902,514,Cold,0.5792932510375977,0.17385202646255493,0.5308641975308642,1.0,0.0,0.0,cfg02_G2_D32,cfg02_G2_D32,0.9929953520186245,cuda
validation,902,514,Warm A,0.5841299295425415,0.1741279512643814,0.5802469135802469,1.0,0.23378974199295044,0.3936973512172699,cfg02_G2_D32,cfg02_G2_D32,0.9929953520186245,cuda
validation,902,514,Warm B,0.5838198065757751,0.17418533563613892,0.5802469135802469,1.0,0.29119059443473816,0.48392829298973083,cfg02_G2_D32,cfg02_G2_D32,0.9929953520186245,cuda
validation,902,514,Warm C,0.5838868021965027,0.1735462248325348,0.6049382716049383,1.0,0.2910993993282318,0.5306646227836609,cfg02_G2_D32,cfg02_G2_D32,0.9929953520186245,cuda
validation,904,516,Cold,0.5798739194869995,0.1747421771287918,0.5061728395061729,1.0,0.0,0.0,cfg02_G2_D32,cfg02_G2_D32,0.9929953520186245,cuda
validation,904,516,Warm A,0.5849893093109131,0.1752219796180725,0.5555555555555556,1.0,0.25005561113357544,0.2483898252248764,cfg02_G2_D32,cfg02_G2_D32,0.9929953520186245,cuda
validation,904,516,Warm B,0.5883211493492126,0.17396260797977448,0.5555555555555556,1.0,0.4789172112941742,0.15182249248027802,cfg02_G2_D32,cfg02_G2_D32,0.9929953520186245,cuda
validation,904,516,Warm C,0.5849629044532776,0.17748861014842987,0.5308641975308642,1.0,0.342073529958725,0.25217437744140625,cfg02_G2_D32,cfg02_G2_D32,0.9929953520186245,cuda
validation,914,526,Cold,0.5774732232093811,0.17124588787555695,0.5308641975308642,1.0,0.0,0.0,cfg02_G2_D32,cfg02_G2_D32,0.9929953520186245,cuda
validation,914,526,Warm A,0.5833189487457275,0.1700730323791504,0.5802469135802469,1.0,0.24333544075489044,0.426720529794693,cfg02_G2_D32,cfg02_G2_D32,0.9929953520186245,cuda
validation,914,526,Warm B,0.5829616785049438,0.1718294769525528,0.5061728395061729,1.0,0.30212172865867615,0.41492247581481934,cfg02_G2_D32,cfg02_G2_D32,0.9929953520186245,cuda
validation,914,526,Warm C,0.5819272398948669,0.17428970336914062,0.5308641975308642,1.0,0.29825952649116516,0.45812034606933594,cfg02_G2_D32,cfg02_G2_D32,0.9929953520186245,cuda
validation,920,532,Cold,0.5864604711532593,0.1852920949459076,0.5308641975308642,1.0,0.0,0.0,cfg02_G2_D32,cfg02_G2_D32,0.9929953520186245,cuda
validation,920,532,Warm A,0.5821118950843811,0.1849762499332428,0.5061728395061729,1.0,0.22744177281856537,0.6913237571716309,cfg02_G2_D32,cfg02_G2_D32,0.9929953520186245,cuda
validation,920,532,Warm B,0.5830393433570862,0.1865730732679367,0.5061728395061729,1.0,0.35210472345352173,0.5496050119400024,cfg02_G2_D32,cfg02_G2_D32,0.9929953520186245,cuda
validation,920,532,Warm C,0.5849406123161316,0.18665097653865814,0.5308641975308642,1.0,0.22587808966636658,0.365090012550354,cfg02_G2_D32,cfg02_G2_D32,0.9929953520186245,cuda
validation,922,534,Cold,0.5790252685546875,0.17534813284873962,0.5061728395061729,1.0,0.0,0.0,cfg02_G2_D32,cfg02_G2_D32,0.9929953520186245,cuda
validation,922,534,Warm A,0.5790029168128967,0.17615792155265808,0.48148148148148145,1.0,0.16054783761501312,0.28105148673057556,cfg02_G2_D32,cfg02_G2_D32,0.9929953520186245,cuda
validation,922,534,Warm B,0.582895040512085,0.1751352846622467,0.5555555555555556,1.0,0.25200575590133667,0.18281660974025726,cfg02_G2_D32,cfg02_G2_D32,0.9929953520186245,cuda
validation,922,534,Warm C,0.5867606997489929,0.1750662475824356,0.5308641975308642,1.0,0.4529602825641632,0.03497514873743057,cfg02_G2_D32,cfg02_G2_D32,0.9929953520186245,cuda
validation,923,535,Cold,0.5855271816253662,0.1850714385509491,0.5061728395061729,1.0,0.0,0.0,cfg02_G2_D32,cfg02_G2_D32,0.9929953520186245,cuda
validation,923,535,Warm A,0.5834674835205078,0.18554721772670746,0.5061728395061729,1.0,0.18575207889080048,0.5493128895759583,cfg02_G2_D32,cfg02_G2_D32,0.9929953520186245,cuda
validation,923,535,Warm B,0.5858718752861023,0.18515999615192413,0.5061728395061729,1.0,0.20017606019973755,0.29659342765808105,cfg02_G2_D32,cfg02_G2_D32,0.9929953520186245,cuda
validation,923,535,Warm C,0.5865035057067871,0.1865261197090149,0.5308641975308642,1.0,0.24236993491649628,0.36296346783638,cfg02_G2_D32,cfg02_G2_D32,0.9929953520186245,cuda
validation,924,536,Cold,0.5744545459747314,0.17020092904567719,0.5308641975308642,1.0,0.0,0.0,cfg02_G2_D32,cfg02_G2_D32,0.9929953520186245,cuda
validation,924,536,Warm A,0.5806084275245667,0.1703791618347168,0.5555555555555556,1.0,0.24968427419662476,0.33244654536247253,cfg02_G2_D32,cfg02_G2_D32,0.9929953520186245,cuda
validation,924,536,Warm B,0.5767614245414734,0.17148959636688232,0.5555555555555556,1.0,0.0753616988658905,0.5487813353538513,cfg02_G2_D32,cfg02_G2_D32,0.9929953520186245,cuda
validation,924,536,Warm C,0.574120819568634,0.1696872115135193,0.5308641975308642,1.0,0.22382697463035583,0.48118487000465393,cfg02_G2_D32,cfg02_G2_D32,0.9929953520186245,cuda
validation,934,545,Cold,0.5812400579452515,0.18053850531578064,0.5061728395061729,1.0,0.0,0.0,cfg02_G2_D32,cfg02_G2_D32,0.9929953520186245,cuda
validation,934,545,Warm A,0.578274667263031,0.1818261295557022,0.5308641975308642,1.0,0.23004326224327087,0.6649675965309143,cfg02_G2_D32,cfg02_G2_D32,0.9929953520186245,cuda
validation,934,545,Warm B,0.5768771171569824,0.18284370005130768,0.5308641975308642,1.0,0.36586108803749084,0.6534135937690735,cfg02_G2_D32,cfg02_G2_D32,0.9929953520186245,cuda
validation,934,545,Warm C,0.5777514576911926,0.1840616762638092,0.5308641975308642,1.0,0.40155452489852905,0.6214206218719482,cfg02_G2_D32,cfg02_G2_D32,0.9929953520186245,cuda
validation,942,551,Cold,0.5819276571273804,0.17771300673484802,0.5308641975308642,1.0,0.0,0.0,cfg02_G2_D32,cfg02_G2_D32,0.9929953520186245,cuda
validation,942,551,Warm A,0.5842334032058716,0.17834123969078064,0.5555555555555556,1.0,0.2308971881866455,0.2911280691623688,cfg02_G2_D32,cfg02_G2_D32,0.9929953520186245,cuda
validation,942,551,Warm B,0.5863747596740723,0.1789630651473999,0.5555555555555556,1.0,0.36444365978240967,0.28714075684547424,cfg02_G2_D32,cfg02_G2_D32,0.9929953520186245,cuda
validation,942,551,Warm C,0.581408679485321,0.18046881258487701,0.5308641975308642,1.0,0.3176785111427307,0.5882852673530579,cfg02_G2_D32,cfg02_G2_D32,0.9929953520186245,cuda
validation,949,558,Cold,0.5823559761047363,0.1789611428976059,0.5555555555555556,1.0,0.0,0.0,cfg02_G2_D32,cfg02_G2_D32,0.9929953520186245,cuda
validation,949,558,Warm A,0.5803688168525696,0.17793132364749908,0.5555555555555556,1.0,0.18026117980480194,0.5166282653808594,cfg02_G2_D32,cfg02_G2_D32,0.9929953520186245,cuda
validation,949,558,Warm B,0.5841779112815857,0.17600379884243011,0.5802469135802469,1.0,0.2639271318912506,0.2645414173603058,cfg02_G2_D32,cfg02_G2_D32,0.9929953520186245,cuda
validation,949,558,Warm C,0.5799384117126465,0.17627009749412537,0.5555555555555556,1.0,0.19118598103523254,0.6606273055076599,cfg02_G2_D32,cfg02_G2_D32,0.9929953520186245,cuda
validation,953,562,Cold,0.5832950472831726,0.18314270675182343,0.5061728395061729,1.0,0.0,0.0,cfg02_G2_D32,cfg02_G2_D32,0.9929953520186245,cuda
validation,953,562,Warm A,0.5885137915611267,0.18292374908924103,0.5555555555555556,1.0,0.2379317432641983,0.37014874815940857,cfg02_G2_D32,cfg02_G2_D32,0.9929953520186245,cuda
validation,953,562,Warm B,0.5880058407783508,0.18209728598594666,0.5308641975308642,1.0,0.2817893326282501,0.3724374771118164,cfg02_G2_D32,cfg02_G2_D32,0.9929953520186245,cuda
validation,953,562,Warm C,0.5816018581390381,0.18184956908226013,0.5308641975308642,1.0,0.23755097389221191,0.6203483939170837,cfg02_G2_D32,cfg02_G2_D32,0.9929953520186245,cuda
validation,965,565,Cold,0.586361825466156,0.18743623793125153,0.5308641975308642,1.0,0.0,0.0,cfg02_G2_D32,cfg02_G2_D32,0.9929953520186245,cuda
validation,965,565,Warm A,0.5850905776023865,0.18906863033771515,0.48148148148148145,1.0,0.22945058345794678,0.3526284098625183,cfg02_G2_D32,cfg02_G2_D32,0.9929953520186245,cuda
validation,965,565,Warm B,0.5901612043380737,0.1894674301147461,0.5061728395061729,1.0,0.32531145215034485,0.21146968007087708,cfg02_G2_D32,cfg02_G2_D32,0.9929953520186245,cuda
validation,965,565,Warm C,0.5875701904296875,0.188343808054924,0.5061728395061729,1.0,0.30449265241622925,0.5273100137710571,cfg02_G2_D32,cfg02_G2_D32,0.9929953520186245,cuda
validation,1007,583,Cold,0.5715754628181458,0.16953280568122864,0.5802469135802469,1.0,0.0,0.0,cfg02_G2_D32,cfg02_G2_D32,0.9929953520186245,cuda
validation,1007,583,Warm A,0.5703778862953186,0.1702643781900406,0.5555555555555556,1.0,0.22867675125598907,0.6744411587715149,cfg02_G2_D32,cfg02_G2_D32,0.9929953520186245,cuda
validation,1007,583,Warm B,0.578640341758728,0.16903048753738403,0.5802469135802469,1.0,0.14734229445457458,0.37655067443847656,cfg02_G2_D32,cfg02_G2_D32,0.9929953520186245,cuda
validation,1007,583,Warm C,0.5818968415260315,0.1681440770626068,0.654320987654321,1.0,0.3218771815299988,0.2583571970462799,cfg02_G2_D32,cfg02_G2_D32,0.9929953520186245,cuda
validation,1021,597,Cold,0.5673004984855652,0.17122364044189453,0.6049382716049383,1.0,0.0,0.0,cfg02_G2_D32,cfg02_G2_D32,0.9929953520186245,cuda
validation,1021,597,Warm A,0.5717276930809021,0.17036184668540955,0.6296296296296297,1.0,0.22985607385635376,0.589559018611908,cfg02_G2_D32,cfg02_G2_D32,0.9929953520186245,cuda
validation,1021,597,Warm B,0.5749486088752747,0.16924801468849182,0.6790123456790124,1.0,0.4013883173465729,0.37523016333580017,cfg02_G2_D32,cfg02_G2_D32,0.9929953520186245,cuda
validation,1021,597,Warm C,0.569878101348877,0.17028112709522247,0.6296296296296297,1.0,0.33862653374671936,0.5796383619308472,cfg02_G2_D32,cfg02_G2_D32,0.9929953520186245,cuda
validation,1025,601,Cold,0.577765166759491,0.17308814823627472,0.5308641975308642,1.0,0.0,0.0,cfg02_G2_D32,cfg02_G2_D32,0.9929953520186245,cuda
validation,1025,601,Warm A,0.5755740404129028,0.17373864352703094,0.5308641975308642,1.0,0.22134718298912048,0.6899964213371277,cfg02_G2_D32,cfg02_G2_D32,0.9929953520186245,cuda
validation,1025,601,Warm B,0.574411928653717,0.1756131649017334,0.5308641975308642,1.0,0.2454226315021515,0.5199649333953857,cfg02_G2_D32,cfg02_G2_D32,0.9929953520186245,cuda
validation,1025,601,Warm C,0.578881561756134,0.17528870701789856,0.5308641975308642,1.0,0.250216007232666,0.41271886229515076,cfg02_G2_D32,cfg02_G2_D32,0.9929953520186245,cuda
validation,1049,618,Cold,0.5642333626747131,0.16893458366394043,0.6049382716049383,1.0,0.0,0.0,cfg02_G2_D32,cfg02_G2_D32,0.9929953520186245,cuda
validation,1049,618,Warm A,0.5653553605079651,0.16945704817771912,0.6296296296296297,1.0,0.2342044860124588,0.6381441950798035,cfg02_G2_D32,cfg02_G2_D32,0.9929953520186245,cuda
validation,1049,618,Warm B,0.5599977374076843,0.17205063998699188,0.6049382716049383,1.0,0.32543739676475525,0.6544954180717468,cfg02_G2_D32,cfg02_G2_D32,0.9929953520186245,cuda
validation,1049,618,Warm C,0.5601358413696289,0.17122003436088562,0.5802469135802469,1.0,0.3849537968635559,0.5536196827888489,cfg02_G2_D32,cfg02_G2_D32,0.9929953520186245,cuda
validation,1057,622,Cold,0.5668463706970215,0.1697484403848648,0.6049382716049383,1.0,0.0,0.0,cfg02_G2_D32,cfg02_G2_D32,0.9929953520186245,cuda
validation,1057,622,Warm A,0.5598297119140625,0.17227618396282196,0.6049382716049383,1.0,0.2166696935892105,0.6581615805625916,cfg02_G2_D32,cfg02_G2_D32,0.9929953520186245,cuda
validation,1057,622,Warm B,0.5611685514450073,0.1736910492181778,0.6049382716049383,1.0,0.2951672673225403,0.5471279621124268,cfg02_G2_D32,cfg02_G2_D32,0.9929953520186245,cuda
validation,1057,622,Warm C,0.5593602061271667,0.17610086500644684,0.5802469135802469,1.0,0.3833127021789551,0.45554694533348083,cfg02_G2_D32,cfg02_G2_D32,0.9929953520186245,cuda
validation,1061,625,Cold,0.5669822096824646,0.17105457186698914,0.6049382716049383,1.0,0.0,0.0,cfg02_G2_D32,cfg02_G2_D32,0.9929953520186245,cuda
validation,1061,625,Warm A,0.5675343871116638,0.17090295255184174,0.6296296296296297,1.0,0.21838338673114777,0.5967292189598083,cfg02_G2_D32,cfg02_G2_D32,0.9929953520186245,cuda
validation,1061,625,Warm B,0.566491425037384,0.16965098679065704,0.6049382716049383,1.0,0.1566215604543686,0.3404766917228699,cfg02_G2_D32,cfg02_G2_D32,0.9929953520186245,cuda
validation,1061,625,Warm C,0.5647527575492859,0.1706189662218094,0.6049382716049383,1.0,0.23928599059581757,0.5680967569351196,cfg02_G2_D32,cfg02_G2_D32,0.9929953520186245,cuda
validation,1088,640,Cold,0.5675665736198425,0.16687282919883728,0.6296296296296297,1.0,0.0,0.0,cfg02_G2_D32,cfg02_G2_D32,0.9929953520186245,cuda
validation,1088,640,Warm A,0.5751264095306396,0.1647212952375412,0.6049382716049383,1.0,0.2238684445619583,0.45925411581993103,cfg02_G2_D32,cfg02_G2_D32,0.9929953520186245,cuda
validation,1088,640,Warm B,0.5764286518096924,0.16263152658939362,0.6049382716049383,1.0,0.35214266180992126,0.5241307616233826,cfg02_G2_D32,cfg02_G2_D32,0.9929953520186245,cuda
validation,1088,640,Warm C,0.5833301544189453,0.16176335513591766,0.654320987654321,1.0,0.5633052587509155,0.38498637080192566,cfg02_G2_D32,cfg02_G2_D32,0.9929953520186245,cuda
validation,1091,643,Cold,0.5673540234565735,0.17287208139896393,0.6296296296296297,1.0,0.0,0.0,cfg02_G2_D32,cfg02_G2_D32,0.9929953520186245,cuda
validation,1091,643,Warm A,0.5677500367164612,0.17382310330867767,0.6296296296296297,1.0,0.21831412613391876,0.5444778800010681,cfg02_G2_D32,cfg02_G2_D32,0.9929953520186245,cuda
validation,1091,643,Warm B,0.5716720223426819,0.1737423837184906,0.654320987654321,1.0,0.37162378430366516,0.3108154237270355,cfg02_G2_D32,cfg02_G2_D32,0.9929953520186245,cuda
validation,1091,643,Warm C,0.5666031837463379,0.1743670254945755,0.6296296296296297,1.0,0.32006552815437317,0.5519471764564514,cfg02_G2_D32,cfg02_G2_D32,0.9929953520186245,cuda
validation,1148,669,Cold,0.5672063231468201,0.1718931496143341,0.6049382716049383,1.0,0.0,0.0,cfg02_G2_D32,cfg02_G2_D32,0.9929953520186245,cuda
validation,1148,669,Warm A,0.5637518763542175,0.1720566600561142,0.6049382716049383,1.0,0.2119530886411667,0.5064470767974854,cfg02_G2_D32,cfg02_G2_D32,0.9929953520186245,cuda
validation,1148,669,Warm B,0.5655233263969421,0.17096233367919922,0.5802469135802469,1.0,0.3670242130756378,0.19659464061260223,cfg02_G2_D32,cfg02_G2_D32,0.9929953520186245,cuda
validation,1148,669,Warm C,0.5713534951210022,0.16946977376937866,0.6296296296296297,1.0,0.580257773399353,0.16325704753398895,cfg02_G2_D32,cfg02_G2_D32,0.9929953520186245,cuda
validation,1172,675,Cold,0.569286584854126,0.17091332376003265,0.6296296296296297,1.0,0.0,0.0,cfg02_G2_D32,cfg02_G2_D32,0.9929953520186245,cuda
validation,1172,675,Warm A,0.5675116777420044,0.17227961122989655,0.6049382716049383,1.0,0.2228160798549652,0.5173041224479675,cfg02_G2_D32,cfg02_G2_D32,0.9929953520186245,cuda
validation,1172,675,Warm B,0.5621932148933411,0.17419612407684326,0.5802469135802469,1.0,0.38401201367378235,0.4105663299560547,cfg02_G2_D32,cfg02_G2_D32,0.9929953520186245,cuda
validation,1172,675,Warm C,0.561782956123352,0.17723028361797333,0.5802469135802469,1.0,0.43205663561820984,0.43815356492996216,cfg02_G2_D32,cfg02_G2_D32,0.9929953520186245,cuda
validation,1175,677,Cold,0.5665870904922485,0.16992045938968658,0.6049382716049383,1.0,0.0,0.0,cfg02_G2_D32,cfg02_G2_D32,0.9929953520186245,cuda
validation,1175,677,Warm A,0.5640903115272522,0.171186625957489,0.6049382716049383,1.0,0.21630854904651642,0.5700413584709167,cfg02_G2_D32,cfg02_G2_D32,0.9929953520186245,cuda
validation,1175,677,Warm B,0.561299741268158,0.17429880797863007,0.6049382716049383,1.0,0.34276941418647766,0.5496155023574829,cfg02_G2_D32,cfg02_G2_D32,0.9929953520186245,cuda
validation,1175,677,Warm C,0.5587411522865295,0.1777629256248474,0.6049382716049383,1.0,0.4241122603416443,0.4991253912448883,cfg02_G2_D32,cfg02_G2_D32,0.9929953520186245,cuda
validation,1178,680,Cold,0.5795634388923645,0.17523014545440674,0.5308641975308642,1.0,0.0,0.0,cfg02_G2_D32,cfg02_G2_D32,0.9929953520186245,cuda
validation,1178,680,Warm A,0.5836291909217834,0.17469631135463715,0.5555555555555556,1.0,0.2473994791507721,0.1746404469013214,cfg02_G2_D32,cfg02_G2_D32,0.9929953520186245,cuda
validation,1178,680,Warm B,0.5837397575378418,0.17496338486671448,0.5555555555555556,1.0,0.2878011167049408,0.23327870666980743,cfg02_G2_D32,cfg02_G2_D32,0.9929953520186245,cuda
validation,1178,680,Warm C,0.5854641199111938,0.17416733503341675,0.5555555555555556,1.0,0.35670313239097595,0.1937902718782425,cfg02_G2_D32,cfg02_G2_D32,0.9929953520186245,cuda
validation,1183,682,Cold,0.5666503310203552,0.16976484656333923,0.6049382716049383,1.0,0.0,0.0,cfg02_G2_D32,cfg02_G2_D32,0.9929953520186245,cuda
validation,1183,682,Warm A,0.5646973252296448,0.17101021111011505,0.6049382716049383,1.0,0.2154529094696045,0.591596782207489,cfg02_G2_D32,cfg02_G2_D32,0.9929953520186245,cuda
validation,1183,682,Warm B,0.5641984939575195,0.17211851477622986,0.6049382716049383,1.0,0.31975027918815613,0.6018749475479126,cfg02_G2_D32,cfg02_G2_D32,0.9929953520186245,cuda
validation,1183,682,Warm C,0.5596476197242737,0.1740279644727707,0.6049382716049383,1.0,0.4254835546016693,0.6516476273536682,cfg02_G2_D32,cfg02_G2_D32,0.9929953520186245,cuda
validation,1185,684,Cold,0.5695465207099915,0.17294661700725555,0.6296296296296297,1.0,0.0,0.0,cfg02_G2_D32,cfg02_G2_D32,0.9929953520186245,cuda
validation,1185,684,Warm A,0.5732983946800232,0.17302212119102478,0.6296296296296297,1.0,0.2505854666233063,0.30641934275627136,cfg02_G2_D32,cfg02_G2_D32,0.9929953520186245,cuda
validation,1185,684,Warm B,0.573754608631134,0.1721353828907013,0.6296296296296297,1.0,0.3028635084629059,0.41862908005714417,cfg02_G2_D32,cfg02_G2_D32,0.9929953520186245,cuda
validation,1185,684,Warm C,0.5776388645172119,0.17120502889156342,0.6296296296296297,1.0,0.4058668911457062,0.37955063581466675,cfg02_G2_D32,cfg02_G2_D32,0.9929953520186245,cuda
validation,1193,692,Cold,0.5743559002876282,0.17350922524929047,0.6049382716049383,1.0,0.0,0.0,cfg02_G2_D32,cfg02_G2_D32,0.9929953520186245,cuda
validation,1193,692,Warm A,0.5817195773124695,0.1731327325105667,0.6049382716049383,1.0,0.2490466833114624,0.35853609442710876,cfg02_G2_D32,cfg02_G2_D32,0.9929953520186245,cuda
validation,1193,692,Warm B,0.5858554244041443,0.17288604378700256,0.6049382716049383,1.0,0.4990008771419525,0.18482328951358795,cfg02_G2_D32,cfg02_G2_D32,0.9929953520186245,cuda
validation,1193,692,Warm C,0.5921075344085693,0.17260664701461792,0.6296296296296297,1.0,0.7519378066062927,0.08668114989995956,cfg02_G2_D32,cfg02_G2_D32,0.9929953520186245,cuda
validation,1194,693,Cold,0.5726630687713623,0.17364279925823212,0.6049382716049383,1.0,0.0,0.0,cfg02_G2_D32,cfg02_G2_D32,0.9929953520186245,cuda
validation,1194,693,Warm A,0.575317919254303,0.1726231426000595,0.6049382716049383,1.0,0.22137825191020966,0.49067625403404236,cfg02_G2_D32,cfg02_G2_D32,0.9929953520186245,cuda
validation,1194,693,Warm B,0.574576735496521,0.17283859848976135,0.6296296296296297,1.0,0.26735401153564453,0.6797914505004883,cfg02_G2_D32,cfg02_G2_D32,0.9929953520186245,cuda
validation,1194,693,Warm C,0.578628420829773,0.1710786372423172,0.6049382716049383,1.0,0.2711051404476166,0.5501906275749207,cfg02_G2_D32,cfg02_G2_D32,0.9929953520186245,cuda
validation,1198,696,Cold,0.5710015296936035,0.1675349324941635,0.6049382716049383,1.0,0.0,0.0,cfg02_G2_D32,cfg02_G2_D32,0.9929953520186245,cuda
validation,1198,696,Warm A,0.5687873959541321,0.1673060655593872,0.6049382716049383,1.0,0.2137821614742279,0.5332400798797607,cfg02_G2_D32,cfg02_G2_D32,0.9929953520186245,cuda
validation,1198,696,Warm B,0.5720601081848145,0.16697336733341217,0.6049382716049383,1.0,0.386914998292923,0.32983413338661194,cfg02_G2_D32,cfg02_G2_D32,0.9929953520186245,cuda
validation,1198,696,Warm C,0.5698255300521851,0.16808241605758667,0.5802469135802469,1.0,0.3919324278831482,0.45553159713745117,cfg02_G2_D32,cfg02_G2_D32,0.9929953520186245,cuda
validation,1199,697,Cold,0.567966103553772,0.1663350909948349,0.6296296296296297,1.0,0.0,0.0,cfg02_G2_D32,cfg02_G2_D32,0.9929953520186245,cuda
validation,1199,697,Warm A,0.5598410367965698,0.168363556265831,0.6049382716049383,1.0,0.21729473769664764,0.6991041302680969,cfg02_G2_D32,cfg02_G2_D32,0.9929953520186245,cuda
validation,1199,697,Warm B,0.5586363077163696,0.1694788932800293,0.5308641975308642,1.0,0.3471149802207947,0.4025128483772278,cfg02_G2_D32,cfg02_G2_D32,0.9929953520186245,cuda
validation,1199,697,Warm C,0.5568570494651794,0.17132243514060974,0.5061728395061729,1.0,0.5083330869674683,0.42913347482681274,cfg02_G2_D32,cfg02_G2_D32,0.9929953520186245,cuda
validation,1210,708,Cold,0.5673352479934692,0.16723579168319702,0.6049382716049383,1.0,0.0,0.0,cfg02_G2_D32,cfg02_G2_D32,0.9929953520186245,cuda
validation,1210,708,Warm A,0.5731446146965027,0.16491378843784332,0.6049382716049383,1.0,0.22701627016067505,0.48651576042175293,cfg02_G2_D32,cfg02_G2_D32,0.9929953520186245,cuda
validation,1210,708,Warm B,0.5760881304740906,0.16460852324962616,0.6296296296296297,1.0,0.35009685158729553,0.4623739719390869,cfg02_G2_D32,cfg02_G2_D32,0.9929953520186245,cuda
validation,1210,708,Warm C,0.5709751844406128,0.16479524970054626,0.6296296296296297,1.0,0.24529969692230225,0.6389771699905396,cfg02_G2_D32,cfg02_G2_D32,0.9929953520186245,cuda
validation,1222,720,Cold,0.568211555480957,0.16912879049777985,0.6049382716049383,1.0,0.0,0.0,cfg02_G2_D32,cfg02_G2_D32,0.9929953520186245,cuda
validation,1222,720,Warm A,0.5661081671714783,0.16882731020450592,0.5802469135802469,1.0,0.21593205630779266,0.48447781801223755,cfg02_G2_D32,cfg02_G2_D32,0.9929953520186245,cuda
validation,1222,720,Warm B,0.568740725517273,0.166151225566864,0.5802469135802469,1.0,0.4003269374370575,0.39852210879325867,cfg02_G2_D32,cfg02_G2_D32,0.9929953520186245,cuda
validation,1222,720,Warm C,0.5683993101119995,0.16588877141475677,0.6049382716049383,1.0,0.33894824981689453,0.41816025972366333,cfg02_G2_D32,cfg02_G2_D32,0.9929953520186245,cuda
validation,1226,724,Cold,0.5823395252227783,0.17831790447235107,0.5308641975308642,1.0,0.0,0.0,cfg02_G2_D32,cfg02_G2_D32,0.9929953520186245,cuda
validation,1226,724,Warm A,0.5872119665145874,0.17730924487113953,0.5802469135802469,1.0,0.2283199429512024,0.4028363823890686,cfg02_G2_D32,cfg02_G2_D32,0.9929953520186245,cuda
validation,1226,724,Warm B,0.5884746313095093,0.17561058700084686,0.5555555555555556,1.0,0.3799312114715576,0.3885132968425751,cfg02_G2_D32,cfg02_G2_D32,0.9929953520186245,cuda
validation,1226,724,Warm C,0.5879888534545898,0.17714157700538635,0.5308641975308642,1.0,0.4036591053009033,0.3785466253757477,cfg02_G2_D32,cfg02_G2_D32,0.9929953520186245,cuda
validation,1228,726,Cold,0.5731462240219116,0.1720101535320282,0.6049382716049383,1.0,0.0,0.0,cfg02_G2_D32,cfg02_G2_D32,0.9929953520186245,cuda
validation,1228,726,Warm A,0.5740740895271301,0.17216220498085022,0.6049382716049383,1.0,0.22620542347431183,0.32514581084251404,cfg02_G2_D32,cfg02_G2_D32,0.9929953520186245,cuda
validation,1228,726,Warm B,0.581701397895813,0.17157019674777985,0.6049382716049383,1.0,0.43168824911117554,0.2786719501018524,cfg02_G2_D32,cfg02_G2_D32,0.9929953520186245,cuda
validation,1228,726,Warm C,0.5751715898513794,0.17310228943824768,0.6049382716049383,1.0,0.24889175593852997,0.6710909605026245,cfg02_G2_D32,cfg02_G2_D32,0.9929953520186245,cuda
validation,1233,729,Cold,0.5709872841835022,0.1693211942911148,0.6049382716049383,1.0,0.0,0.0,cfg02_G2_D32,cfg02_G2_D32,0.9929953520186245,cuda
validation,1233,729,Warm A,0.5707467198371887,0.16936776041984558,0.5802469135802469,1.0,0.2297351062297821,0.3642258942127228,cfg02_G2_D32,cfg02_G2_D32,0.9929953520186245,cuda
validation,1233,729,Warm B,0.5649153590202332,0.17009519040584564,0.5802469135802469,1.0,0.24442443251609802,0.4202509820461273,cfg02_G2_D32,cfg02_G2_D32,0.9929953520186245,cuda
validation,1233,729,Warm C,0.5666893124580383,0.17092858254909515,0.5802469135802469,1.0,0.36053165793418884,0.3975878357887268,cfg02_G2_D32,cfg02_G2_D32,0.9929953520186245,cuda
validation,1251,746,Cold,0.5814999341964722,0.176349475979805,0.5308641975308642,1.0,0.0,0.0,cfg02_G2_D32,cfg02_G2_D32,0.9929953520186245,cuda
validation,1251,746,Warm A,0.582809567451477,0.1736609786748886,0.5555555555555556,1.0,0.23524951934814453,0.4423280656337738,cfg02_G2_D32,cfg02_G2_D32,0.9929953520186245,cuda
validation,1251,746,Warm B,0.5859844088554382,0.17201775312423706,0.5802469135802469,1.0,0.4112854301929474,0.3925522565841675,cfg02_G2_D32,cfg02_G2_D32,0.9929953520186245,cuda
validation,1251,746,Warm C,0.5805683135986328,0.17226199805736542,0.5555555555555556,1.0,0.3923065662384033,0.5262120366096497,cfg02_G2_D32,cfg02_G2_D32,0.9929953520186245,cuda
validation,1260,754,Cold,0.5871827602386475,0.18924619257450104,0.5308641975308642,1.0,0.0,0.0,cfg02_G2_D32,cfg02_G2_D32,0.9929953520186245,cuda
validation,1260,754,Warm A,0.5892676711082458,0.18698088824748993,0.5061728395061729,1.0,0.22910849750041962,0.1415533870458603,cfg02_G2_D32,cfg02_G2_D32,0.9929953520186245,cuda
validation,1260,754,Warm B,0.5914691090583801,0.18766331672668457,0.5555555555555556,1.0,0.3901907801628113,0.19192157685756683,cfg02_G2_D32,cfg02_G2_D32,0.9929953520186245,cuda
validation,1260,754,Warm C,0.5861098766326904,0.1885816752910614,0.5061728395061729,1.0,0.2746633291244507,0.4948539733886719,cfg02_G2_D32,cfg02_G2_D32,0.9929953520186245,cuda
validation,1263,757,Cold,0.572233259677887,0.17063957452774048,0.6049382716049383,1.0,0.0,0.0,cfg02_G2_D32,cfg02_G2_D32,0.9929953520186245,cuda
validation,1263,757,Warm A,0.5694156885147095,0.17030875384807587,0.5802469135802469,1.0,0.21484938263893127,0.4992229640483856,cfg02_G2_D32,cfg02_G2_D32,0.9929953520186245,cuda
validation,1263,757,Warm B,0.5731549859046936,0.1678464412689209,0.5802469135802469,1.0,0.33840835094451904,0.22824011743068695,cfg02_G2_D32,cfg02_G2_D32,0.9929953520186245,cuda
validation,1263,757,Warm C,0.5795392394065857,0.1673354059457779,0.6049382716049383,1.0,0.5476955771446228,0.19757895171642303,cfg02_G2_D32,cfg02_G2_D32,0.9929953520186245,cuda
validation,1266,760,Cold,0.5668609738349915,0.16645501554012299,0.6296296296296297,1.0,0.0,0.0,cfg02_G2_D32,cfg02_G2_D32,0.9929953520186245,cuda
validation,1266,760,Warm A,0.5612673163414001,0.16816826164722443,0.6049382716049383,1.0,0.2117787003517151,0.543947696685791,cfg02_G2_D32,cfg02_G2_D32,0.9929953520186245,cuda
validation,1266,760,Warm B,0.5639206767082214,0.16778723895549774,0.5802469135802469,1.0,0.3317404091358185,0.2575167119503021,cfg02_G2_D32,cfg02_G2_D32,0.9929953520186245,cuda
validation,1266,760,Warm C,0.5617717504501343,0.16942793130874634,0.5802469135802469,1.0,0.3928394913673401,0.46014752984046936,cfg02_G2_D32,cfg02_G2_D32,0.9929953520186245,cuda
validation,1274,768,Cold,0.5682726502418518,0.16864468157291412,0.6296296296296297,1.0,0.0,0.0,cfg02_G2_D32,cfg02_G2_D32,0.9929953520186245,cuda
validation,1274,768,Warm A,0.565169095993042,0.16806040704250336,0.6049382716049383,1.0,0.17060302197933197,0.5500864386558533,cfg02_G2_D32,cfg02_G2_D32,0.9929953520186245,cuda
validation,1274,768,Warm B,0.5620366930961609,0.16880269348621368,0.6049382716049383,1.0,0.24732598662376404,0.6395854353904724,cfg02_G2_D32,cfg02_G2_D32,0.9929953520186245,cuda
validation,1274,768,Warm C,0.5630357265472412,0.1689438670873642,0.6049382716049383,1.0,0.288154661655426,0.5007002949714661,cfg02_G2_D32,cfg02_G2_D32,0.9929953520186245,cuda
validation,1275,769,Cold,0.5716243982315063,0.16745734214782715,0.6296296296296297,1.0,0.0,0.0,cfg02_G2_D32,cfg02_G2_D32,0.9929953520186245,cuda
validation,1275,769,Warm A,0.5677789449691772,0.16924726963043213,0.5802469135802469,1.0,0.21446001529693604,0.6035140156745911,cfg02_G2_D32,cfg02_G2_D32,0.9929953520186245,cuda
validation,1275,769,Warm B,0.5667466521263123,0.16989462077617645,0.6049382716049383,1.0,0.24107016623020172,0.6900314688682556,cfg02_G2_D32,cfg02_G2_D32,0.9929953520186245,cuda
validation,1275,769,Warm C,0.5620662569999695,0.17160506546497345,0.6049382716049383,1.0,0.4012056589126587,0.6866950392723083,cfg02_G2_D32,cfg02_G2_D32,0.9929953520186245,cuda
validation,1277,771,Cold,0.5683819651603699,0.16890819370746613,0.6296296296296297,1.0,0.0,0.0,cfg02_G2_D32,cfg02_G2_D32,0.9929953520186245,cuda
validation,1277,771,Warm A,0.564974308013916,0.1716114580631256,0.5802469135802469,1.0,0.21666817367076874,0.533794641494751,cfg02_G2_D32,cfg02_G2_D32,0.9929953520186245,cuda
validation,1277,771,Warm B,0.5574623346328735,0.17342005670070648,0.5802469135802469,1.0,0.3672505021095276,0.5771002173423767,cfg02_G2_D32,cfg02_G2_D32,0.9929953520186245,cuda
validation,1277,771,Warm C,0.5535440444946289,0.17513829469680786,0.5802469135802469,1.0,0.46996137499809265,0.5856313705444336,cfg02_G2_D32,cfg02_G2_D32,0.9929953520186245,cuda
validation,1284,778,Cold,0.5814146995544434,0.17763248085975647,0.5308641975308642,1.0,0.0,0.0,cfg02_G2_D32,cfg02_G2_D32,0.9929953520186245,cuda
validation,1284,778,Warm A,0.5869175791740417,0.17717251181602478,0.5308641975308642,1.0,0.24385546147823334,0.10286211967468262,cfg02_G2_D32,cfg02_G2_D32,0.9929953520186245,cuda
validation,1284,778,Warm B,0.5877484679222107,0.17829406261444092,0.5802469135802469,1.0,0.30793851613998413,0.23302994668483734,cfg02_G2_D32,cfg02_G2_D32,0.9929953520186245,cuda
validation,1284,778,Warm C,0.5837236642837524,0.17884351313114166,0.5555555555555556,1.0,0.22577036917209625,0.4867122173309326,cfg02_G2_D32,cfg02_G2_D32,0.9929953520186245,cuda
validation,1294,788,Cold,0.5731423497200012,0.17116183042526245,0.5308641975308642,1.0,0.0,0.0,cfg02_G2_D32,cfg02_G2_D32,0.9929953520186245,cuda
validation,1294,788,Warm A,0.5690380930900574,0.17256122827529907,0.5308641975308642,1.0,0.2206800878047943,0.4949292242527008,cfg02_G2_D32,cfg02_G2_D32,0.9929953520186245,cuda
validation,1294,788,Warm B,0.568587601184845,0.17319422960281372,0.5061728395061729,1.0,0.2788241505622864,0.4447879493236542,cfg02_G2_D32,cfg02_G2_D32,0.9929953520186245,cuda
validation,1294,788,Warm C,0.5680611729621887,0.17361025512218475,0.5061728395061729,1.0,0.3114752769470215,0.47315454483032227,cfg02_G2_D32,cfg02_G2_D32,0.9929953520186245,cuda
validation,1296,790,Cold,0.5697567462921143,0.1697123646736145,0.6049382716049383,1.0,0.0,0.0,cfg02_G2_D32,cfg02_G2_D32,0.9929953520186245,cuda
validation,1296,790,Warm A,0.5697664022445679,0.17162595689296722,0.6049382716049383,1.0,0.2168213427066803,0.4385872781276703,cfg02_G2_D32,cfg02_G2_D32,0.9929953520186245,cuda
validation,1296,790,Warm B,0.5645625591278076,0.1736501008272171,0.5802469135802469,1.0,0.25501731038093567,0.4509226977825165,cfg02_G2_D32,cfg02_G2_D32,0.9929953520186245,cuda
validation,1296,790,Warm C,0.5702228546142578,0.17224374413490295,0.6049382716049383,1.0,0.33586105704307556,0.36462756991386414,cfg02_G2_D32,cfg02_G2_D32,0.9929953520186245,cuda
validation,1303,797,Cold,0.5720002055168152,0.1683812141418457,0.5802469135802469,1.0,0.0,0.0,cfg02_G2_D32,cfg02_G2_D32,0.9929953520186245,cuda
validation,1303,797,Warm A,0.5698647499084473,0.17007696628570557,0.6049382716049383,1.0,0.2150357961654663,0.5921104550361633,cfg02_G2_D32,cfg02_G2_D32,0.9929953520186245,cuda
validation,1303,797,Warm B,0.5701102614402771,0.170866921544075,0.6049382716049383,1.0,0.3163510859012604,0.2780141532421112,cfg02_G2_D32,cfg02_G2_D32,0.9929953520186245,cuda
validation,1303,797,Warm C,0.572430431842804,0.17324212193489075,0.6049382716049383,1.0,0.331045925617218,0.3398347795009613,cfg02_G2_D32,cfg02_G2_D32,0.9929953520186245,cuda
validation,1321,803,Cold,0.5696549415588379,0.16704343259334564,0.6049382716049383,1.0,0.0,0.0,cfg02_G2_D32,cfg02_G2_D32,0.9929953520186245,cuda
validation,1321,803,Warm A,0.5662091970443726,0.16776756942272186,0.6049382716049383,1.0,0.21608895063400269,0.5464133620262146,cfg02_G2_D32,cfg02_G2_D32,0.9929953520186245,cuda
validation,1321,803,Warm B,0.5695149898529053,0.16667872667312622,0.6049382716049383,1.0,0.3604150712490082,0.5258618593215942,cfg02_G2_D32,cfg02_G2_D32,0.9929953520186245,cuda
validation,1321,803,Warm C,0.5746142268180847,0.1655978113412857,0.6049382716049383,1.0,0.462634414434433,0.4662248194217682,cfg02_G2_D32,cfg02_G2_D32,0.9929953520186245,cuda
validation,1334,808,Cold,0.5777472853660583,0.171804741024971,0.5061728395061729,1.0,0.0,0.0,cfg02_G2_D32,cfg02_G2_D32,0.9929953520186245,cuda
validation,1334,808,Warm A,0.5811582207679749,0.16981202363967896,0.5802469135802469,1.0,0.2289174348115921,0.47299590706825256,cfg02_G2_D32,cfg02_G2_D32,0.9929953520186245,cuda
validation,1334,808,Warm B,0.5851805210113525,0.1700066775083542,0.6049382716049383,1.0,0.41785410046577454,0.36601492762565613,cfg02_G2_D32,cfg02_G2_D32,0.9929953520186245,cuda
validation,1334,808,Warm C,0.5856598615646362,0.17078539729118347,0.6049382716049383,1.0,0.4627237021923065,0.5131111145019531,cfg02_G2_D32,cfg02_G2_D32,0.9929953520186245,cuda
validation,1344,814,Cold,0.5768236517906189,0.17298533022403717,0.5308641975308642,1.0,0.0,0.0,cfg02_G2_D32,cfg02_G2_D32,0.9929953520186245,cuda
validation,1344,814,Warm A,0.5747147798538208,0.17376816272735596,0.5308641975308642,1.0,0.19679264724254608,0.5625558495521545,cfg02_G2_D32,cfg02_G2_D32,0.9929953520186245,cuda
validation,1344,814,Warm B,0.5745806097984314,0.17518480122089386,0.48148148148148145,1.0,0.25405240058898926,0.4794388711452484,cfg02_G2_D32,cfg02_G2_D32,0.9929953520186245,cuda
validation,1344,814,Warm C,0.5702034831047058,0.17610310018062592,0.48148148148148145,1.0,0.4381321668624878,0.6898308992385864,cfg02_G2_D32,cfg02_G2_D32,0.9929953520186245,cuda
validation,1348,818,Cold,0.5876774787902832,0.19044703245162964,0.5308641975308642,1.0,0.0,0.0,cfg02_G2_D32,cfg02_G2_D32,0.9929953520186245,cuda
validation,1348,818,Warm A,0.5898087024688721,0.18957792222499847,0.5555555555555556,1.0,0.20711198449134827,0.4411749839782715,cfg02_G2_D32,cfg02_G2_D32,0.9929953520186245,cuda
validation,1348,818,Warm B,0.5860700607299805,0.18961822986602783,0.5308641975308642,1.0,0.2531895041465759,0.7716013789176941,cfg02_G2_D32,cfg02_G2_D32,0.9929953520186245,cuda
validation,1348,818,Warm C,0.5861665606498718,0.1897425800561905,0.5308641975308642,1.0,0.19536654651165009,0.5744990706443787,cfg02_G2_D32,cfg02_G2_D32,0.9929953520186245,cuda
validation,1354,822,Cold,0.5681236982345581,0.1735834777355194,0.6049382716049383,1.0,0.0,0.0,cfg02_G2_D32,cfg02_G2_D32,0.9929953520186245,cuda
validation,1354,822,Warm A,0.5650119781494141,0.17541806399822235,0.6049382716049383,1.0,0.21568416059017181,0.49831053614616394,cfg02_G2_D32,cfg02_G2_D32,0.9929953520186245,cuda
validation,1354,822,Warm B,0.5677233934402466,0.17432944476604462,0.6049382716049383,1.0,0.33623427152633667,0.3887968957424164,cfg02_G2_D32,cfg02_G2_D32,0.9929953520186245,cuda
validation,1354,822,Warm C,0.5676860213279724,0.17447152733802795,0.6296296296296297,1.0,0.26578810811042786,0.5878130793571472,cfg02_G2_D32,cfg02_G2_D32,0.9929953520186245,cuda
validation,1357,825,Cold,0.5678544044494629,0.17007605731487274,0.6049382716049383,1.0,0.0,0.0,cfg02_G2_D32,cfg02_G2_D32,0.9929953520186245,cuda
validation,1357,825,Warm A,0.5622976422309875,0.17333285510540009,0.6049382716049383,1.0,0.21406115591526031,0.5991799235343933,cfg02_G2_D32,cfg02_G2_D32,0.9929953520186245,cuda
validation,1357,825,Warm B,0.5664296746253967,0.17177437245845795,0.5802469135802469,1.0,0.28533732891082764,0.32568880915641785,cfg02_G2_D32,cfg02_G2_D32,0.9929953520186245,cuda
validation,1357,825,Warm C,0.5660915374755859,0.171004518866539,0.5802469135802469,1.0,0.3367656171321869,0.4696964919567108,cfg02_G2_D32,cfg02_G2_D32,0.9929953520186245,cuda
validation,1358,826,Cold,0.5658107399940491,0.17166714370250702,0.6049382716049383,1.0,0.0,0.0,cfg02_G2_D32,cfg02_G2_D32,0.9929953520186245,cuda
validation,1358,826,Warm A,0.563736081123352,0.1732403039932251,0.6049382716049383,1.0,0.2278168648481369,0.489217609167099,cfg02_G2_D32,cfg02_G2_D32,0.9929953520186245,cuda
validation,1358,826,Warm B,0.5615947246551514,0.17519375681877136,0.6049382716049383,1.0,0.3824068009853363,0.391130656003952,cfg02_G2_D32,cfg02_G2_D32,0.9929953520186245,cuda
validation,1358,826,Warm C,0.5608528256416321,0.17517808079719543,0.6049382716049383,1.0,0.3524135947227478,0.5705857276916504,cfg02_G2_D32,cfg02_G2_D32,0.9929953520186245,cuda
validation,1370,833,Cold,0.569338858127594,0.16986031830310822,0.6296296296296297,1.0,0.0,0.0,cfg02_G2_D32,cfg02_G2_D32,0.9929953520186245,cuda
validation,1370,833,Warm A,0.5761845111846924,0.1691630780696869,0.6296296296296297,1.0,0.22511029243469238,0.43442440032958984,cfg02_G2_D32,cfg02_G2_D32,0.9929953520186245,cuda
validation,1370,833,Warm B,0.5728700160980225,0.17055536806583405,0.6296296296296297,1.0,0.29320400953292847,0.5955293774604797,cfg02_G2_D32,cfg02_G2_D32,0.9929953520186245,cuda
validation,1370,833,Warm C,0.5779842138290405,0.16878606379032135,0.6296296296296297,1.0,0.35466334223747253,0.4410848617553711,cfg02_G2_D32,cfg02_G2_D32,0.9929953520186245,cuda
validation,1373,836,Cold,0.5674911737442017,0.1675252914428711,0.6296296296296297,1.0,0.0,0.0,cfg02_G2_D32,cfg02_G2_D32,0.9929953520186245,cuda
validation,1373,836,Warm A,0.5716391801834106,0.16705384850502014,0.654320987654321,1.0,0.19767938554286957,0.4558064639568329,cfg02_G2_D32,cfg02_G2_D32,0.9929953520186245,cuda
validation,1373,836,Warm B,0.5787781476974487,0.16498789191246033,0.6790123456790124,1.0,0.2527157962322235,0.23365692794322968,cfg02_G2_D32,cfg02_G2_D32,0.9929953520186245,cuda
validation,1373,836,Warm C,0.5750574469566345,0.16493339836597443,0.654320987654321,1.0,0.2907719612121582,0.46943923830986023,cfg02_G2_D32,cfg02_G2_D32,0.9929953520186245,cuda
validation,1377,840,Cold,0.568771481513977,0.16956283152103424,0.6296296296296297,1.0,0.0,0.0,cfg02_G2_D32,cfg02_G2_D32,0.9929953520186245,cuda
validation,1377,840,Warm A,0.5740846991539001,0.1679661124944687,0.654320987654321,1.0,0.22169600427150726,0.4004311263561249,cfg02_G2_D32,cfg02_G2_D32,0.9929953520186245,cuda
validation,1377,840,Warm B,0.579360842704773,0.16471566259860992,0.6790123456790124,1.0,0.3716108798980713,0.3470287322998047,cfg02_G2_D32,cfg02_G2_D32,0.9929953520186245,cuda
validation,1377,840,Warm C,0.585749626159668,0.16248606145381927,0.7283950617283951,1.0,0.5097112059593201,0.23607587814331055,cfg02_G2_D32,cfg02_G2_D32,0.9929953520186245,cuda
validation,1379,842,Cold,0.5685032606124878,0.16938571631908417,0.6296296296296297,1.0,0.0,0.0,cfg02_G2_D32,cfg02_G2_D32,0.9929953520186245,cuda
validation,1379,842,Warm A,0.5721814036369324,0.16880889236927032,0.654320987654321,1.0,0.21408021450042725,0.5044277310371399,cfg02_G2_D32,cfg02_G2_D32,0.9929953520186245,cuda
validation,1379,842,Warm B,0.5681123733520508,0.16871486604213715,0.6296296296296297,1.0,0.16100937128067017,0.4523107707500458,cfg02_G2_D32,cfg02_G2_D32,0.9929953520186245,cuda
validation,1379,842,Warm C,0.5746474266052246,0.16579854488372803,0.6790123456790124,1.0,0.28430962562561035,0.47405949234962463,cfg02_G2_D32,cfg02_G2_D32,0.9929953520186245,cuda
validation,1394,854,Cold,0.5681748986244202,0.17269709706306458,0.6296296296296297,1.0,0.0,0.0,cfg02_G2_D32,cfg02_G2_D32,0.9929953520186245,cuda
validation,1394,854,Warm A,0.5605690479278564,0.17477592825889587,0.5802469135802469,1.0,0.24206775426864624,0.7354699969291687,cfg02_G2_D32,cfg02_G2_D32,0.9929953520186245,cuda
validation,1394,854,Warm B,0.5614149570465088,0.17275522649288177,0.5802469135802469,1.0,0.1207672655582428,0.4806554913520813,cfg02_G2_D32,cfg02_G2_D32,0.9929953520186245,cuda
validation,1394,854,Warm C,0.5605611801147461,0.1730872243642807,0.5802469135802469,1.0,0.21489761769771576,0.5831902623176575,cfg02_G2_D32,cfg02_G2_D32,0.9929953520186245,cuda
validation,1408,864,Cold,0.5674290657043457,0.16804887354373932,0.6296296296296297,1.0,0.0,0.0,cfg02_G2_D32,cfg02_G2_D32,0.9929953520186245,cuda
validation,1408,864,Warm A,0.5699729323387146,0.16756169497966766,0.6296296296296297,1.0,0.2344502955675125,0.49822598695755005,cfg02_G2_D32,cfg02_G2_D32,0.9929953520186245,cuda
validation,1408,864,Warm B,0.5625916123390198,0.17062154412269592,0.6049382716049383,1.0,0.2560991644859314,0.5790139436721802,cfg02_G2_D32,cfg02_G2_D32,0.9929953520186245,cuda
validation,1408,864,Warm C,0.5588961243629456,0.17390072345733643,0.5802469135802469,1.0,0.4279758632183075,0.4620094299316406,cfg02_G2_D32,cfg02_G2_D32,0.9929953520186245,cuda
validation,1416,869,Cold,0.5676867961883545,0.17020124197006226,0.6049382716049383,1.0,0.0,0.0,cfg02_G2_D32,cfg02_G2_D32,0.9929953520186245,cuda
validation,1416,869,Warm A,0.5744302868843079,0.16954132914543152,0.6296296296296297,1.0,0.23846711218357086,0.4905371367931366,cfg02_G2_D32,cfg02_G2_D32,0.9929953520186245,cuda
validation,1416,869,Warm B,0.5693802237510681,0.17105649411678314,0.6296296296296297,1.0,0.22141200304031372,0.6682726740837097,cfg02_G2_D32,cfg02_G2_D32,0.9929953520186245,cuda
validation,1416,869,Warm C,0.5643539428710938,0.17392653226852417,0.6296296296296297,1.0,0.29898369312286377,0.7198395133018494,cfg02_G2_D32,cfg02_G2_D32,0.9929953520186245,cuda
validation,1488,904,Cold,0.5674260854721069,0.17069905996322632,0.6049382716049383,1.0,0.0,0.0,cfg02_G2_D32,cfg02_G2_D32,0.9929953520186245,cuda
validation,1488,904,Warm A,0.5728323459625244,0.16906395554542542,0.654320987654321,1.0,0.21663828194141388,0.4060130715370178,cfg02_G2_D32,cfg02_G2_D32,0.9929953520186245,cuda
validation,1488,904,Warm B,0.5648885369300842,0.17251139879226685,0.6049382716049383,1.0,0.24333257973194122,0.6129391193389893,cfg02_G2_D32,cfg02_G2_D32,0.9929953520186245,cuda
validation,1488,904,Warm C,0.5676906108856201,0.17428497970104218,0.6296296296296297,1.0,0.36552104353904724,0.5193983912467957,cfg02_G2_D32,cfg02_G2_D32,0.9929953520186245,cuda
validation,1527,914,Cold,0.5656937956809998,0.16863679885864258,0.6049382716049383,1.0,0.0,0.0,cfg02_G2_D32,cfg02_G2_D32,0.9929953520186245,cuda
validation,1527,914,Warm A,0.56288743019104,0.16993354260921478,0.6049382716049383,1.0,0.21660162508487701,0.5830214619636536,cfg02_G2_D32,cfg02_G2_D32,0.9929953520186245,cuda
validation,1527,914,Warm B,0.5583208799362183,0.17159855365753174,0.6049382716049383,1.0,0.30811607837677,0.603531539440155,cfg02_G2_D32,cfg02_G2_D32,0.9929953520186245,cuda
validation,1527,914,Warm C,0.5566372275352478,0.17287954688072205,0.6049382716049383,1.0,0.38573673367500305,0.735054612159729,cfg02_G2_D32,cfg02_G2_D32,0.9929953520186245,cuda
validation,1537,916,Cold,0.5672631859779358,0.1741163581609726,0.6049382716049383,1.0,0.0,0.0,cfg02_G2_D32,cfg02_G2_D32,0.9929953520186245,cuda
validation,1537,916,Warm A,0.5624314546585083,0.1752816140651703,0.6049382716049383,1.0,0.2172144502401352,0.5992425084114075,cfg02_G2_D32,cfg02_G2_D32,0.9929953520186245,cuda
validation,1537,916,Warm B,0.5611079931259155,0.1754462867975235,0.5802469135802469,1.0,0.3616407811641693,0.4810693860054016,cfg02_G2_D32,cfg02_G2_D32,0.9929953520186245,cuda
validation,1537,916,Warm C,0.563865602016449,0.1745007038116455,0.6049382716049383,1.0,0.5211388468742371,0.23042750358581543,cfg02_G2_D32,cfg02_G2_D32,0.9929953520186245,cuda
validation,1541,917,Cold,0.5665781497955322,0.1705346554517746,0.6049382716049383,1.0,0.0,0.0,cfg02_G2_D32,cfg02_G2_D32,0.9929953520186245,cuda
validation,1541,917,Warm A,0.566579282283783,0.17049111425876617,0.6296296296296297,1.0,0.22099515795707703,0.5538460612297058,cfg02_G2_D32,cfg02_G2_D32,0.9929953520186245,cuda
validation,1541,917,Warm B,0.5676324367523193,0.17139753699302673,0.6296296296296297,1.0,0.40063780546188354,0.4473542869091034,cfg02_G2_D32,cfg02_G2_D32,0.9929953520186245,cuda
validation,1541,917,Warm C,0.5635132193565369,0.1727389097213745,0.6296296296296297,1.0,0.38390225172042847,0.5611926317214966,cfg02_G2_D32,cfg02_G2_D32,0.9929953520186245,cuda
validation,1566,926,Cold,0.567346453666687,0.17004945874214172,0.6049382716049383,1.0,0.0,0.0,cfg02_G2_D32,cfg02_G2_D32,0.9929953520186245,cuda
validation,1566,926,Warm A,0.5645342469215393,0.17226050794124603,0.6049382716049383,1.0,0.20636381208896637,0.5916816592216492,cfg02_G2_D32,cfg02_G2_D32,0.9929953520186245,cuda
validation,1566,926,Warm B,0.5613815188407898,0.17412255704402924,0.6049382716049383,1.0,0.25302010774612427,0.6647815108299255,cfg02_G2_D32,cfg02_G2_D32,0.9929953520186245,cuda
validation,1566,926,Warm C,0.5645440220832825,0.17277023196220398,0.6049382716049383,1.0,0.31684184074401855,0.5315054059028625,cfg02_G2_D32,cfg02_G2_D32,0.9929953520186245,cuda
validation,1573,928,Cold,0.5664687752723694,0.1694600135087967,0.6049382716049383,1.0,0.0,0.0,cfg02_G2_D32,cfg02_G2_D32,0.9929953520186245,cuda
validation,1573,928,Warm A,0.5691905617713928,0.16774608194828033,0.6296296296296297,1.0,0.21507132053375244,0.5066236853599548,cfg02_G2_D32,cfg02_G2_D32,0.9929953520186245,cuda
validation,1573,928,Warm B,0.5723321437835693,0.16507288813591003,0.6296296296296297,1.0,0.3636707067489624,0.4667630195617676,cfg02_G2_D32,cfg02_G2_D32,0.9929953520186245,cuda
validation,1573,928,Warm C,0.5759222507476807,0.1651844084262848,0.654320987654321,1.0,0.3755810260772705,0.5606634020805359,cfg02_G2_D32,cfg02_G2_D32,0.9929953520186245,cuda
validation,1584,930,Cold,0.5662336349487305,0.1699252426624298,0.6049382716049383,1.0,0.0,0.0,cfg02_G2_D32,cfg02_G2_D32,0.9929953520186245,cuda
validation,1584,930,Warm A,0.5624932050704956,0.17204649746418,0.6049382716049383,1.0,0.22785428166389465,0.6652379035949707,cfg02_G2_D32,cfg02_G2_D32,0.9929953520186245,cuda
validation,1584,930,Warm B,0.560512125492096,0.17125609517097473,0.5802469135802469,1.0,0.36102136969566345,0.6312178373336792,cfg02_G2_D32,cfg02_G2_D32,0.9929953520186245,cuda
validation,1584,930,Warm C,0.5596705079078674,0.17105259001255035,0.5802469135802469,1.0,0.29855844378471375,0.38377535343170166,cfg02_G2_D32,cfg02_G2_D32,0.9929953520186245,cuda
validation,1590,935,Cold,0.5661373138427734,0.1687914878129959,0.6049382716049383,1.0,0.0,0.0,cfg02_G2_D32,cfg02_G2_D32,0.9929953520186245,cuda
validation,1590,935,Warm A,0.5693829655647278,0.16813257336616516,0.6296296296296297,1.0,0.20748353004455566,0.5112943053245544,cfg02_G2_D32,cfg02_G2_D32,0.9929953520186245,cuda
validation,1590,935,Warm B,0.57175612449646,0.16900819540023804,0.654320987654321,1.0,0.39312392473220825,0.4429628551006317,cfg02_G2_D32,cfg02_G2_D32,0.9929953520186245,cuda
validation,1590,935,Warm C,0.5679266452789307,0.172227680683136,0.6296296296296297,1.0,0.5458495616912842,0.5353167057037354,cfg02_G2_D32,cfg02_G2_D32,0.9929953520186245,cuda
validation,1594,939,Cold,0.5681131482124329,0.17360259592533112,0.6049382716049383,1.0,0.0,0.0,cfg02_G2_D32,cfg02_G2_D32,0.9929953520186245,cuda
validation,1594,939,Warm A,0.5627447962760925,0.17599879205226898,0.6049382716049383,1.0,0.2245311439037323,0.6928640604019165,cfg02_G2_D32,cfg02_G2_D32,0.9929953520186245,cuda
validation,1594,939,Warm B,0.5607925057411194,0.1771727204322815,0.5802469135802469,1.0,0.3819468915462494,0.6265705227851868,cfg02_G2_D32,cfg02_G2_D32,0.9929953520186245,cuda
validation,1594,939,Warm C,0.5630807280540466,0.17631910741329193,0.5802469135802469,1.0,0.34188634157180786,0.5914122462272644,cfg02_G2_D32,cfg02_G2_D32,0.9929953520186245,cuda
validation,1627,963,Cold,0.5657652616500854,0.16853845119476318,0.6049382716049383,1.0,0.0,0.0,cfg02_G2_D32,cfg02_G2_D32,0.9929953520186245,cuda
validation,1627,963,Warm A,0.5646184086799622,0.16944001615047455,0.6296296296296297,1.0,0.2194669097661972,0.6492387056350708,cfg02_G2_D32,cfg02_G2_D32,0.9929953520186245,cuda
validation,1627,963,Warm B,0.5630808472633362,0.17123089730739594,0.6296296296296297,1.0,0.23323923349380493,0.5704667568206787,cfg02_G2_D32,cfg02_G2_D32,0.9929953520186245,cuda
validation,1627,963,Warm C,0.5580306649208069,0.1733451634645462,0.5802469135802469,1.0,0.34451064467430115,0.6439856886863708,cfg02_G2_D32,cfg02_G2_D32,0.9929953520186245,cuda
validation,1644,972,Cold,0.5679355263710022,0.16912978887557983,0.6049382716049383,1.0,0.0,0.0,cfg02_G2_D32,cfg02_G2_D32,0.9929953520186245,cuda
validation,1644,972,Warm A,0.5685898661613464,0.16799068450927734,0.6296296296296297,1.0,0.19667428731918335,0.5727869272232056,cfg02_G2_D32,cfg02_G2_D32,0.9929953520186245,cuda
validation,1644,972,Warm B,0.5730023980140686,0.16738499701023102,0.654320987654321,1.0,0.34238001704216003,0.374307781457901,cfg02_G2_D32,cfg02_G2_D32,0.9929953520186245,cuda
validation,1644,972,Warm C,0.5804517865180969,0.16461332142353058,0.6790123456790124,1.0,0.4114815592765808,0.20661187171936035,cfg02_G2_D32,cfg02_G2_D32,0.9929953520186245,cuda
validation,1672,987,Cold,0.5683547258377075,0.1741311103105545,0.6049382716049383,1.0,0.0,0.0,cfg02_G2_D32,cfg02_G2_D32,0.9929953520186245,cuda
validation,1672,987,Warm A,0.5689436197280884,0.173860564827919,0.6296296296296297,1.0,0.2248035967350006,0.6659442782402039,cfg02_G2_D32,cfg02_G2_D32,0.9929953520186245,cuda
validation,1672,987,Warm B,0.5705448389053345,0.17376604676246643,0.6296296296296297,1.0,0.23783837258815765,0.597118079662323,cfg02_G2_D32,cfg02_G2_D32,0.9929953520186245,cuda
validation,1672,987,Warm C,0.5705493092536926,0.17474263906478882,0.6296296296296297,1.0,0.22565306723117828,0.6155833601951599,cfg02_G2_D32,cfg02_G2_D32,0.9929953520186245,cuda
validation,1701,1004,Cold,0.5692256689071655,0.17400120198726654,0.6049382716049383,1.0,0.0,0.0,cfg02_G2_D32,cfg02_G2_D32,0.9929953520186245,cuda
validation,1701,1004,Warm A,0.5659340023994446,0.17743539810180664,0.6049382716049383,1.0,0.212244912981987,0.5412354469299316,cfg02_G2_D32,cfg02_G2_D32,0.9929953520186245,cuda
validation,1701,1004,Warm B,0.5667840838432312,0.175842747092247,0.6296296296296297,1.0,0.23852334916591644,0.6038280129432678,cfg02_G2_D32,cfg02_G2_D32,0.9929953520186245,cuda
validation,1701,1004,Warm C,0.5741719603538513,0.1731930375099182,0.654320987654321,1.0,0.24773582816123962,0.538887619972229,cfg02_G2_D32,cfg02_G2_D32,0.9929953520186245,cuda
validation,1769,1034,Cold,0.566409707069397,0.17074203491210938,0.6049382716049383,1.0,0.0,0.0,cfg02_G2_D32,cfg02_G2_D32,0.9929953520186245,cuda
validation,1769,1034,Warm A,0.5693174600601196,0.16907575726509094,0.6296296296296297,1.0,0.23991292715072632,0.5045928359031677,cfg02_G2_D32,cfg02_G2_D32,0.9929953520186245,cuda
validation,1769,1034,Warm B,0.5711964964866638,0.16902734339237213,0.6296296296296297,1.0,0.28497517108917236,0.5294811129570007,cfg02_G2_D32,cfg02_G2_D32,0.9929953520186245,cuda
validation,1769,1034,Warm C,0.5695555806159973,0.17073941230773926,0.6296296296296297,1.0,0.3114866614341736,0.5172433257102966,cfg02_G2_D32,cfg02_G2_D32,0.9929953520186245,cuda
validation,1772,1035,Cold,0.5641621947288513,0.1700843721628189,0.6049382716049383,1.0,0.0,0.0,cfg02_G2_D32,cfg02_G2_D32,0.9929953520186245,cuda
validation,1772,1035,Warm A,0.5689853429794312,0.16900473833084106,0.6296296296296297,1.0,0.22606834769248962,0.448035329580307,cfg02_G2_D32,cfg02_G2_D32,0.9929953520186245,cuda
validation,1772,1035,Warm B,0.5726248025894165,0.1667090356349945,0.6296296296296297,1.0,0.2568918764591217,0.4339936375617981,cfg02_G2_D32,cfg02_G2_D32,0.9929953520186245,cuda
validation,1772,1035,Warm C,0.5727471113204956,0.1686079204082489,0.654320987654321,1.0,0.3152860999107361,0.5240127444267273,cfg02_G2_D32,cfg02_G2_D32,0.9929953520186245,cuda
validation,1777,1036,Cold,0.5660885572433472,0.17168107628822327,0.6049382716049383,1.0,0.0,0.0,cfg02_G2_D32,cfg02_G2_D32,0.9929953520186245,cuda
validation,1777,1036,Warm A,0.5647687315940857,0.17238733172416687,0.6049382716049383,1.0,0.21501877903938293,0.6169494986534119,cfg02_G2_D32,cfg02_G2_D32,0.9929953520186245,cuda
validation,1777,1036,Warm B,0.5668818354606628,0.1732204705476761,0.6049382716049383,1.0,0.3179946541786194,0.6082711815834045,cfg02_G2_D32,cfg02_G2_D32,0.9929953520186245,cuda
validation,1777,1036,Warm C,0.5724594593048096,0.17031937837600708,0.6296296296296297,1.0,0.3872867822647095,0.4724505543708801,cfg02_G2_D32,cfg02_G2_D32,0.9929953520186245,cuda
validation,1783,1038,Cold,0.5657689571380615,0.1693703681230545,0.6049382716049383,1.0,0.0,0.0,cfg02_G2_D32,cfg02_G2_D32,0.9929953520186245,cuda
validation,1783,1038,Warm A,0.5678184628486633,0.16876117885112762,0.6296296296296297,1.0,0.21206659078598022,0.5191553235054016,cfg02_G2_D32,cfg02_G2_D32,0.9929953520186245,cuda
validation,1783,1038,Warm B,0.5737582445144653,0.16643376648426056,0.6296296296296297,1.0,0.28860747814178467,0.4381380081176758,cfg02_G2_D32,cfg02_G2_D32,0.9929953520186245,cuda
validation,1783,1038,Warm C,0.5690993070602417,0.16791388392448425,0.6296296296296297,1.0,0.3412150740623474,0.6094366312026978,cfg02_G2_D32,cfg02_G2_D32,0.9929953520186245,cuda
validation,1799,1045,Cold,0.5663445591926575,0.17174620926380157,0.6049382716049383,1.0,0.0,0.0,cfg02_G2_D32,cfg02_G2_D32,0.9929953520186245,cuda
validation,1799,1045,Warm A,0.5630496740341187,0.1738598793745041,0.6049382716049383,1.0,0.21394503116607666,0.6480949521064758,cfg02_G2_D32,cfg02_G2_D32,0.9929953520186245,cuda
validation,1799,1045,Warm B,0.5642496943473816,0.17271797358989716,0.6049382716049383,1.0,0.28621599078178406,0.594171941280365,cfg02_G2_D32,cfg02_G2_D32,0.9929953520186245,cuda
validation,1799,1045,Warm C,0.5572248697280884,0.17492936551570892,0.6049382716049383,1.0,0.4639725387096405,0.7227059602737427,cfg02_G2_D32,cfg02_G2_D32,0.9929953520186245,cuda
validation,1834,1057,Cold,0.567578136920929,0.17306171357631683,0.6049382716049383,1.0,0.0,0.0,cfg02_G2_D32,cfg02_G2_D32,0.9929953520186245,cuda
validation,1834,1057,Warm A,0.5620049238204956,0.17470020055770874,0.6049382716049383,1.0,0.22665756940841675,0.6897005438804626,cfg02_G2_D32,cfg02_G2_D32,0.9929953520186245,cuda
validation,1834,1057,Warm B,0.5587553977966309,0.17657466232776642,0.6049382716049383,1.0,0.37651878595352173,0.6049031615257263,cfg02_G2_D32,cfg02_G2_D32,0.9929953520186245,cuda
validation,1834,1057,Warm C,0.566837728023529,0.17483995854854584,0.6049382716049383,1.0,0.32468506693840027,0.3856579661369324,cfg02_G2_D32,cfg02_G2_D32,0.9929953520186245,cuda
validation,1894,1083,Cold,0.5656509399414062,0.17008379101753235,0.6049382716049383,1.0,0.0,0.0,cfg02_G2_D32,cfg02_G2_D32,0.9929953520186245,cuda
validation,1894,1083,Warm A,0.5647595524787903,0.1700960248708725,0.6296296296296297,1.0,0.22478729486465454,0.6298585534095764,cfg02_G2_D32,cfg02_G2_D32,0.9929953520186245,cuda
validation,1894,1083,Warm B,0.5744631290435791,0.16752272844314575,0.654320987654321,1.0,0.23009394109249115,0.3121878206729889,cfg02_G2_D32,cfg02_G2_D32,0.9929953520186245,cuda
validation,1894,1083,Warm C,0.5801081657409668,0.16736695170402527,0.6790123456790124,1.0,0.37130022048950195,0.3969271183013916,cfg02_G2_D32,cfg02_G2_D32,0.9929953520186245,cuda
validation,1907,1088,Cold,0.5664669275283813,0.1698128879070282,0.6049382716049383,1.0,0.0,0.0,cfg02_G2_D32,cfg02_G2_D32,0.9929953520186245,cuda
validation,1907,1088,Warm A,0.561635434627533,0.17375676333904266,0.6049382716049383,1.0,0.20259016752243042,0.5992388725280762,cfg02_G2_D32,cfg02_G2_D32,0.9929953520186245,cuda
validation,1907,1088,Warm B,0.5602995157241821,0.17416071891784668,0.6049382716049383,1.0,0.30906057357788086,0.745449960231781,cfg02_G2_D32,cfg02_G2_D32,0.9929953520186245,cuda
validation,1907,1088,Warm C,0.5559156537055969,0.1771780103445053,0.6049382716049383,1.0,0.44674450159072876,0.5795121788978577,cfg02_G2_D32,cfg02_G2_D32,0.9929953520186245,cuda
validation,1918,1096,Cold,0.5687806606292725,0.17181667685508728,0.6049382716049383,1.0,0.0,0.0,cfg02_G2_D32,cfg02_G2_D32,0.9929953520186245,cuda
validation,1918,1096,Warm A,0.577200174331665,0.16935114562511444,0.654320987654321,1.0,0.243715301156044,0.38124069571495056,cfg02_G2_D32,cfg02_G2_D32,0.9929953520186245,cuda
validation,1918,1096,Warm B,0.5747268795967102,0.17058220505714417,0.654320987654321,1.0,0.2118726223707199,0.6714701056480408,cfg02_G2_D32,cfg02_G2_D32,0.9929953520186245,cuda
validation,1918,1096,Warm C,0.5736400485038757,0.16850289702415466,0.6790123456790124,1.0,0.3227671682834625,0.5697304606437683,cfg02_G2_D32,cfg02_G2_D32,0.9929953520186245,cuda
validation,1945,1116,Cold,0.5811181664466858,0.17710290849208832,0.5308641975308642,1.0,0.0,0.0,cfg02_G2_D32,cfg02_G2_D32,0.9929953520186245,cuda
validation,1945,1116,Warm A,0.5839998126029968,0.1765919327735901,0.5555555555555556,1.0,0.2163201868534088,0.456533282995224,cfg02_G2_D32,cfg02_G2_D32,0.9929953520186245,cuda
validation,1945,1116,Warm B,0.5875707268714905,0.1751144528388977,0.5802469135802469,1.0,0.39517268538475037,0.32452303171157837,cfg02_G2_D32,cfg02_G2_D32,0.9929953520186245,cuda
validation,1945,1116,Warm C,0.5877224206924438,0.17559565603733063,0.5802469135802469,1.0,0.3941091299057007,0.22947435081005096,cfg02_G2_D32,cfg02_G2_D32,0.9929953520186245,cuda
validation,1956,1127,Cold,0.5740607976913452,0.17255063354969025,0.6049382716049383,1.0,0.0,0.0,cfg02_G2_D32,cfg02_G2_D32,0.9929953520186245,cuda
validation,1956,1127,Warm A,0.5770372152328491,0.17101268470287323,0.6296296296296297,1.0,0.19586387276649475,0.5085520148277283,cfg02_G2_D32,cfg02_G2_D32,0.9929953520186245,cuda
validation,1956,1127,Warm B,0.5760788917541504,0.1687440127134323,0.6049382716049383,1.0,0.25820037722587585,0.5538987517356873,cfg02_G2_D32,cfg02_G2_D32,0.9929953520186245,cuda
validation,1956,1127,Warm C,0.5734420418739319,0.16811197996139526,0.6296296296296297,1.0,0.34645774960517883,0.5662753582000732,cfg02_G2_D32,cfg02_G2_D32,0.9929953520186245,cuda
validation,1961,1132,Cold,0.5728195309638977,0.17340636253356934,0.6296296296296297,1.0,0.0,0.0,cfg02_G2_D32,cfg02_G2_D32,0.9929953520186245,cuda
validation,1961,1132,Warm A,0.5707692503929138,0.17528170347213745,0.6296296296296297,1.0,0.2083599865436554,0.5075372457504272,cfg02_G2_D32,cfg02_G2_D32,0.9929953520186245,cuda
validation,1961,1132,Warm B,0.5786799192428589,0.1729159951210022,0.6296296296296297,1.0,0.3298942446708679,0.3205106556415558,cfg02_G2_D32,cfg02_G2_D32,0.9929953520186245,cuda
validation,1961,1132,Warm C,0.5807002782821655,0.17155371606349945,0.6296296296296297,1.0,0.37451672554016113,0.4012722969055176,cfg02_G2_D32,cfg02_G2_D32,0.9929953520186245,cuda
validation,1963,1134,Cold,0.5756086111068726,0.17565728724002838,0.5802469135802469,1.0,0.0,0.0,cfg02_G2_D32,cfg02_G2_D32,0.9929953520186245,cuda
validation,1963,1134,Warm A,0.5782120823860168,0.17618009448051453,0.5802469135802469,1.0,0.22789400815963745,0.3963485360145569,cfg02_G2_D32,cfg02_G2_D32,0.9929953520186245,cuda
validation,1963,1134,Warm B,0.5791727304458618,0.17700031399726868,0.5555555555555556,1.0,0.3423374593257904,0.38846907019615173,cfg02_G2_D32,cfg02_G2_D32,0.9929953520186245,cuda
validation,1963,1134,Warm C,0.5823748707771301,0.17575402557849884,0.5802469135802469,1.0,0.5313712358474731,0.2867524325847626,cfg02_G2_D32,cfg02_G2_D32,0.9929953520186245,cuda
validation,2006,1173,Cold,0.566478967666626,0.16871845722198486,0.6049382716049383,1.0,0.0,0.0,cfg02_G2_D32,cfg02_G2_D32,0.9929953520186245,cuda
validation,2006,1173,Warm A,0.5605108141899109,0.17116734385490417,0.5802469135802469,1.0,0.20603273808956146,0.599461019039154,cfg02_G2_D32,cfg02_G2_D32,0.9929953520186245,cuda
validation,2006,1173,Warm B,0.5648936629295349,0.16961634159088135,0.6049382716049383,1.0,0.24654386937618256,0.555311381816864,cfg02_G2_D32,cfg02_G2_D32,0.9929953520186245,cuda
validation,2006,1173,Warm C,0.563179612159729,0.17038752138614655,0.5802469135802469,1.0,0.3501715064048767,0.5759655833244324,cfg02_G2_D32,cfg02_G2_D32,0.9929953520186245,cuda
validation,2013,1179,Cold,0.5715921521186829,0.16813889145851135,0.5555555555555556,1.0,0.0,0.0,cfg02_G2_D32,cfg02_G2_D32,0.9929953520186245,cuda
validation,2013,1179,Warm A,0.5714131593704224,0.16890518367290497,0.5555555555555556,1.0,0.22702805697917938,0.6198635101318359,cfg02_G2_D32,cfg02_G2_D32,0.9929953520186245,cuda
validation,2013,1179,Warm B,0.5663860440254211,0.1708223670721054,0.5555555555555556,1.0,0.32440075278282166,0.6778375506401062,cfg02_G2_D32,cfg02_G2_D32,0.9929953520186245,cuda
validation,2013,1179,Warm C,0.5632951259613037,0.17155013978481293,0.5555555555555556,1.0,0.4930543303489685,0.6815776824951172,cfg02_G2_D32,cfg02_G2_D32,0.9929953520186245,cuda
validation,2021,1187,Cold,0.5684105753898621,0.16659784317016602,0.6049382716049383,1.0,0.0,0.0,cfg02_G2_D32,cfg02_G2_D32,0.9929953520186245,cuda
validation,2021,1187,Warm A,0.572490930557251,0.16435089707374573,0.6296296296296297,1.0,0.23744456470012665,0.45836949348449707,cfg02_G2_D32,cfg02_G2_D32,0.9929953520186245,cuda
validation,2021,1187,Warm B,0.5733842253684998,0.16406016051769257,0.6296296296296297,1.0,0.39447200298309326,0.49582549929618835,cfg02_G2_D32,cfg02_G2_D32,0.9929953520186245,cuda
validation,2021,1187,Warm C,0.5703252553939819,0.16609689593315125,0.5802469135802469,1.0,0.39075586199760437,0.5127856135368347,cfg02_G2_D32,cfg02_G2_D32,0.9929953520186245,cuda
validation,2054,1209,Cold,0.5678861737251282,0.16834105551242828,0.6296296296296297,1.0,0.0,0.0,cfg02_G2_D32,cfg02_G2_D32,0.9929953520186245,cuda
validation,2054,1209,Warm A,0.5744661688804626,0.16630007326602936,0.654320987654321,1.0,0.23165102303028107,0.3222287893295288,cfg02_G2_D32,cfg02_G2_D32,0.9929953520186245,cuda
validation,2054,1209,Warm B,0.5706799626350403,0.16756418347358704,0.6296296296296297,1.0,0.25758934020996094,0.4060612618923187,cfg02_G2_D32,cfg02_G2_D32,0.9929953520186245,cuda
validation,2054,1209,Warm C,0.5749886631965637,0.16717584431171417,0.654320987654321,1.0,0.37257644534111023,0.29390034079551697,cfg02_G2_D32,cfg02_G2_D32,0.9929953520186245,cuda
validation,2078,1228,Cold,0.5755688548088074,0.17160822451114655,0.5308641975308642,1.0,0.0,0.0,cfg02_G2_D32,cfg02_G2_D32,0.9929953520186245,cuda
validation,2078,1228,Warm A,0.5816963911056519,0.1709088534116745,0.5555555555555556,1.0,0.22435566782951355,0.48029348254203796,cfg02_G2_D32,cfg02_G2_D32,0.9929953520186245,cuda
validation,2078,1228,Warm B,0.5808563232421875,0.17170873284339905,0.5802469135802469,1.0,0.20587019622325897,0.5700922608375549,cfg02_G2_D32,cfg02_G2_D32,0.9929953520186245,cuda
validation,2078,1228,Warm C,0.5773965716362,0.17223186790943146,0.5555555555555556,1.0,0.33142879605293274,0.6253281831741333,cfg02_G2_D32,cfg02_G2_D32,0.9929953520186245,cuda
validation,2081,1230,Cold,0.5678966641426086,0.16970545053482056,0.6296296296296297,1.0,0.0,0.0,cfg02_G2_D32,cfg02_G2_D32,0.9929953520186245,cuda
validation,2081,1230,Warm A,0.5677747130393982,0.17127090692520142,0.6296296296296297,1.0,0.2037331610918045,0.5411718487739563,cfg02_G2_D32,cfg02_G2_D32,0.9929953520186245,cuda
validation,2081,1230,Warm B,0.5715786218643188,0.17089906334877014,0.6296296296296297,1.0,0.3681771159172058,0.3354164659976959,cfg02_G2_D32,cfg02_G2_D32,0.9929953520186245,cuda
validation,2081,1230,Warm C,0.5737720727920532,0.1694900542497635,0.6296296296296297,1.0,0.4107072949409485,0.44399547576904297,cfg02_G2_D32,cfg02_G2_D32,0.9929953520186245,cuda
validation,2087,1235,Cold,0.5807050466537476,0.1752907633781433,0.5061728395061729,1.0,0.0,0.0,cfg02_G2_D32,cfg02_G2_D32,0.9929953520186245,cuda
validation,2087,1235,Warm A,0.5780618786811829,0.17681673169136047,0.5061728395061729,1.0,0.2133236527442932,0.6268623471260071,cfg02_G2_D32,cfg02_G2_D32,0.9929953520186245,cuda
validation,2087,1235,Warm B,0.5793591737747192,0.17725059390068054,0.5061728395061729,1.0,0.17511272430419922,0.39775726199150085,cfg02_G2_D32,cfg02_G2_D32,0.9929953520186245,cuda
validation,2087,1235,Warm C,0.5772631764411926,0.17675335705280304,0.48148148148148145,1.0,0.3023378849029541,0.534523069858551,cfg02_G2_D32,cfg02_G2_D32,0.9929953520186245,cuda
validation,2112,1257,Cold,0.5663042664527893,0.17093613743782043,0.6296296296296297,1.0,0.0,0.0,cfg02_G2_D32,cfg02_G2_D32,0.9929953520186245,cuda
validation,2112,1257,Warm A,0.5692291855812073,0.17108111083507538,0.654320987654321,1.0,0.2123522311449051,0.5305642485618591,cfg02_G2_D32,cfg02_G2_D32,0.9929953520186245,cuda
validation,2112,1257,Warm B,0.5690997838973999,0.17321032285690308,0.6049382716049383,1.0,0.33753544092178345,0.599719226360321,cfg02_G2_D32,cfg02_G2_D32,0.9929953520186245,cuda
validation,2112,1257,Warm C,0.5703033208847046,0.17353108525276184,0.6296296296296297,1.0,0.1922830492258072,0.4517153799533844,cfg02_G2_D32,cfg02_G2_D32,0.9929953520186245,cuda
validation,2120,1265,Cold,0.5679304599761963,0.17001424729824066,0.6296296296296297,1.0,0.0,0.0,cfg02_G2_D32,cfg02_G2_D32,0.9929953520186245,cuda
validation,2120,1265,Warm A,0.5763953924179077,0.16677820682525635,0.654320987654321,1.0,0.2324737310409546,0.4622289836406708,cfg02_G2_D32,cfg02_G2_D32,0.9929953520186245,cuda
validation,2120,1265,Warm B,0.5736163258552551,0.16791778802871704,0.6296296296296297,1.0,0.30879002809524536,0.5192179083824158,cfg02_G2_D32,cfg02_G2_D32,0.9929953520186245,cuda
validation,2120,1265,Warm C,0.5798014998435974,0.16770969331264496,0.6790123456790124,1.0,0.41156381368637085,0.3989226520061493,cfg02_G2_D32,cfg02_G2_D32,0.9929953520186245,cuda
validation,2130,1272,Cold,0.5719273686408997,0.1691616028547287,0.6049382716049383,1.0,0.0,0.0,cfg02_G2_D32,cfg02_G2_D32,0.9929953520186245,cuda
validation,2130,1272,Warm A,0.5756385922431946,0.16780804097652435,0.6049382716049383,1.0,0.23436236381530762,0.4904625415802002,cfg02_G2_D32,cfg02_G2_D32,0.9929953520186245,cuda
validation,2130,1272,Warm B,0.5745490789413452,0.16756096482276917,0.6296296296296297,1.0,0.39392009377479553,0.36889293789863586,cfg02_G2_D32,cfg02_G2_D32,0.9929953520186245,cuda
validation,2130,1272,Warm C,0.5770671367645264,0.1668945997953415,0.6049382716049383,1.0,0.3813355267047882,0.4649101793766022,cfg02_G2_D32,cfg02_G2_D32,0.9929953520186245,cuda
validation,2138,1279,Cold,0.5713877081871033,0.16886547207832336,0.6049382716049383,1.0,0.0,0.0,cfg02_G2_D32,cfg02_G2_D32,0.9929953520186245,cuda
validation,2138,1279,Warm A,0.5738235712051392,0.16915954649448395,0.6049382716049383,1.0,0.23900549113750458,0.3295727074146271,cfg02_G2_D32,cfg02_G2_D32,0.9929953520186245,cuda
validation,2138,1279,Warm B,0.5711798071861267,0.1705494225025177,0.6049382716049383,1.0,0.19244737923145294,0.6794934868812561,cfg02_G2_D32,cfg02_G2_D32,0.9929953520186245,cuda
validation,2138,1279,Warm C,0.565643846988678,0.17201396822929382,0.5802469135802469,1.0,0.2685149013996124,0.6012925505638123,cfg02_G2_D32,cfg02_G2_D32,0.9929953520186245,cuda
validation,2145,1286,Cold,0.5710845589637756,0.1707073301076889,0.6296296296296297,1.0,0.0,0.0,cfg02_G2_D32,cfg02_G2_D32,0.9929953520186245,cuda
validation,2145,1286,Warm A,0.5714124441146851,0.17130468785762787,0.6049382716049383,1.0,0.21351823210716248,0.4892565906047821,cfg02_G2_D32,cfg02_G2_D32,0.9929953520186245,cuda
validation,2145,1286,Warm B,0.5753886103630066,0.1683334857225418,0.654320987654321,1.0,0.29051175713539124,0.44828787446022034,cfg02_G2_D32,cfg02_G2_D32,0.9929953520186245,cuda
validation,2145,1286,Warm C,0.5721117854118347,0.16953188180923462,0.6049382716049383,1.0,0.327147901058197,0.6098625063896179,cfg02_G2_D32,cfg02_G2_D32,0.9929953520186245,cuda
validation,2146,1287,Cold,0.5709714293479919,0.1698482632637024,0.6049382716049383,1.0,0.0,0.0,cfg02_G2_D32,cfg02_G2_D32,0.9929953520186245,cuda
validation,2146,1287,Warm A,0.577032744884491,0.16739580035209656,0.6296296296296297,1.0,0.2267872840166092,0.39526650309562683,cfg02_G2_D32,cfg02_G2_D32,0.9929953520186245,cuda
validation,2146,1287,Warm B,0.5818240642547607,0.1653776317834854,0.654320987654321,1.0,0.40348711609840393,0.33593547344207764,cfg02_G2_D32,cfg02_G2_D32,0.9929953520186245,cuda
validation,2146,1287,Warm C,0.5801448225975037,0.16714826226234436,0.6296296296296297,1.0,0.31862735748291016,0.5595378875732422,cfg02_G2_D32,cfg02_G2_D32,0.9929953520186245,cuda
validation,2161,1299,Cold,0.5684953331947327,0.16782520711421967,0.6049382716049383,1.0,0.0,0.0,cfg02_G2_D32,cfg02_G2_D32,0.9929953520186245,cuda
validation,2161,1299,Warm A,0.5664373636245728,0.16922762989997864,0.5802469135802469,1.0,0.21881505846977234,0.5601822733879089,cfg02_G2_D32,cfg02_G2_D32,0.9929953520186245,cuda
validation,2161,1299,Warm B,0.562414824962616,0.1693146526813507,0.5555555555555556,1.0,0.28182750940322876,0.814990222454071,cfg02_G2_D32,cfg02_G2_D32,0.9929953520186245,cuda
validation,2161,1299,Warm C,0.5630900263786316,0.17002682387828827,0.5802469135802469,1.0,0.36985066533088684,0.5643001794815063,cfg02_G2_D32,cfg02_G2_D32,0.9929953520186245,cuda
validation,2232,1330,Cold,0.566750705242157,0.16991306841373444,0.6049382716049383,1.0,0.0,0.0,cfg02_G2_D32,cfg02_G2_D32,0.9929953520186245,cuda
validation,2232,1330,Warm A,0.5587390065193176,0.17241798341274261,0.6049382716049383,1.0,0.22661437094211578,0.6939144134521484,cfg02_G2_D32,cfg02_G2_D32,0.9929953520186245,cuda
validation,2232,1330,Warm B,0.5546444654464722,0.17449221014976501,0.6049382716049383,1.0,0.34619733691215515,0.6169106364250183,cfg02_G2_D32,cfg02_G2_D32,0.9929953520186245,cuda
validation,2232,1330,Warm C,0.5566544532775879,0.17389164865016937,0.6049382716049383,1.0,0.42250171303749084,0.6095141768455505,cfg02_G2_D32,cfg02_G2_D32,0.9929953520186245,cuda
validation,2247,1338,Cold,0.5686707496643066,0.17348001897335052,0.6296296296296297,1.0,0.0,0.0,cfg02_G2_D32,cfg02_G2_D32,0.9929953520186245,cuda
validation,2247,1338,Warm A,0.5705004930496216,0.1753440499305725,0.6049382716049383,1.0,0.2180158644914627,0.5064615607261658,cfg02_G2_D32,cfg02_G2_D32,0.9929953520186245,cuda
validation,2247,1338,Warm B,0.5672125816345215,0.17712359130382538,0.6049382716049383,1.0,0.3320397138595581,0.6078314185142517,cfg02_G2_D32,cfg02_G2_D32,0.9929953520186245,cuda
validation,2247,1338,Warm C,0.562581479549408,0.1802414506673813,0.5802469135802469,1.0,0.4518122673034668,0.6456284523010254,cfg02_G2_D32,cfg02_G2_D32,0.9929953520186245,cuda
validation,2278,1360,Cold,0.5664070844650269,0.17051485180854797,0.6049382716049383,1.0,0.0,0.0,cfg02_G2_D32,cfg02_G2_D32,0.9929953520186245,cuda
validation,2278,1360,Warm A,0.5630941987037659,0.17224286496639252,0.6049382716049383,1.0,0.19111256301403046,0.6477913856506348,cfg02_G2_D32,cfg02_G2_D32,0.9929953520186245,cuda
validation,2278,1360,Warm B,0.5638261437416077,0.1703728288412094,0.6049382716049383,1.0,0.14863616228103638,0.5449091792106628,cfg02_G2_D32,cfg02_G2_D32,0.9929953520186245,cuda
validation,2278,1360,Warm C,0.5635474324226379,0.17142191529273987,0.6049382716049383,1.0,0.24940486252307892,0.4595835208892822,cfg02_G2_D32,cfg02_G2_D32,0.9929953520186245,cuda
validation,2294,1370,Cold,0.5664669275283813,0.1698128879070282,0.6049382716049383,1.0,0.0,0.0,cfg02_G2_D32,cfg02_G2_D32,0.9929953520186245,cuda
validation,2294,1370,Warm A,0.5601674318313599,0.1737099140882492,0.6049382716049383,1.0,0.21195441484451294,0.6369705200195312,cfg02_G2_D32,cfg02_G2_D32,0.9929953520186245,cuda
validation,2294,1370,Warm B,0.5623424649238586,0.17363475263118744,0.6049382716049383,1.0,0.23404744267463684,0.6004353761672974,cfg02_G2_D32,cfg02_G2_D32,0.9929953520186245,cuda
validation,2294,1370,Warm C,0.5603455305099487,0.17516712844371796,0.6049382716049383,1.0,0.3839758038520813,0.6043179035186768,cfg02_G2_D32,cfg02_G2_D32,0.9929953520186245,cuda
validation,2297,1373,Cold,0.5671360492706299,0.170607328414917,0.6049382716049383,1.0,0.0,0.0,cfg02_G2_D32,cfg02_G2_D32,0.9929953520186245,cuda
validation,2297,1373,Warm A,0.5682283639907837,0.16952039301395416,0.6296296296296297,1.0,0.2282121479511261,0.5972951054573059,cfg02_G2_D32,cfg02_G2_D32,0.9929953520186245,cuda
validation,2297,1373,Warm B,0.5721661448478699,0.16751280426979065,0.6296296296296297,1.0,0.23791691660881042,0.4394889771938324,cfg02_G2_D32,cfg02_G2_D32,0.9929953520186245,cuda
validation,2297,1373,Warm C,0.5747973322868347,0.1684637814760208,0.6790123456790124,1.0,0.3211864233016968,0.5476924180984497,cfg02_G2_D32,cfg02_G2_D32,0.9929953520186245,cuda
validation,2301,1375,Cold,0.5706651210784912,0.17314276099205017,0.6049382716049383,1.0,0.0,0.0,cfg02_G2_D32,cfg02_G2_D32,0.9929953520186245,cuda
validation,2301,1375,Warm A,0.5695969462394714,0.17398765683174133,0.6296296296296297,1.0,0.2227916568517685,0.7033991813659668,cfg02_G2_D32,cfg02_G2_D32,0.9929953520186245,cuda
validation,2301,1375,Warm B,0.563758909702301,0.175059974193573,0.5802469135802469,1.0,0.3535574674606323,0.6061357855796814,cfg02_G2_D32,cfg02_G2_D32,0.9929953520186245,cuda
validation,2301,1375,Warm C,0.5598946809768677,0.17459680140018463,0.5802469135802469,1.0,0.4691290855407715,0.6312069892883301,cfg02_G2_D32,cfg02_G2_D32,0.9929953520186245,cuda
validation,2312,1381,Cold,0.5701996684074402,0.1722521334886551,0.6049382716049383,1.0,0.0,0.0,cfg02_G2_D32,cfg02_G2_D32,0.9929953520186245,cuda
validation,2312,1381,Warm A,0.5699856281280518,0.17242495715618134,0.6049382716049383,1.0,0.18917615711688995,0.5770830512046814,cfg02_G2_D32,cfg02_G2_D32,0.9929953520186245,cuda
validation,2312,1381,Warm B,0.5708242058753967,0.17205800116062164,0.5802469135802469,1.0,0.3092404901981354,0.47991877794265747,cfg02_G2_D32,cfg02_G2_D32,0.9929953520186245,cuda
validation,2312,1381,Warm C,0.5777053236961365,0.17010965943336487,0.6296296296296297,1.0,0.47575104236602783,0.31630775332450867,cfg02_G2_D32,cfg02_G2_D32,0.9929953520186245,cuda
validation,2313,1382,Cold,0.5740328431129456,0.1730673462152481,0.6049382716049383,1.0,0.0,0.0,cfg02_G2_D32,cfg02_G2_D32,0.9929953520186245,cuda
validation,2313,1382,Warm A,0.5703115463256836,0.17361843585968018,0.6049382716049383,1.0,0.2309238463640213,0.4938480854034424,cfg02_G2_D32,cfg02_G2_D32,0.9929953520186245,cuda
validation,2313,1382,Warm B,0.5697644352912903,0.1730583757162094,0.6049382716049383,1.0,0.3179236948490143,0.49992790818214417,cfg02_G2_D32,cfg02_G2_D32,0.9929953520186245,cuda
validation,2313,1382,Warm C,0.5669327974319458,0.17310447990894318,0.5802469135802469,1.0,0.4316893219947815,0.6101459860801697,cfg02_G2_D32,cfg02_G2_D32,0.9929953520186245,cuda
validation,2318,1386,Cold,0.5664125680923462,0.17454977333545685,0.6049382716049383,1.0,0.0,0.0,cfg02_G2_D32,cfg02_G2_D32,0.9929953520186245,cuda
validation,2318,1386,Warm A,0.5622349381446838,0.1758786290884018,0.6049382716049383,1.0,0.2121916264295578,0.5153170824050903,cfg02_G2_D32,cfg02_G2_D32,0.9929953520186245,cuda
validation,2318,1386,Warm B,0.5624411702156067,0.17522934079170227,0.6049382716049383,1.0,0.30824291706085205,0.5996411442756653,cfg02_G2_D32,cfg02_G2_D32,0.9929953520186245,cuda
validation,2318,1386,Warm C,0.5623188018798828,0.17537151277065277,0.5802469135802469,1.0,0.43887758255004883,0.503034234046936,cfg02_G2_D32,cfg02_G2_D32,0.9929953520186245,cuda
validation,2321,1388,Cold,0.5664125680923462,0.17454977333545685,0.6049382716049383,1.0,0.0,0.0,cfg02_G2_D32,cfg02_G2_D32,0.9929953520186245,cuda
validation,2321,1388,Warm A,0.5612657070159912,0.17748677730560303,0.6049382716049383,1.0,0.21609969437122345,0.6756688952445984,cfg02_G2_D32,cfg02_G2_D32,0.9929953520186245,cuda
validation,2321,1388,Warm B,0.5615716576576233,0.1769334077835083,0.5802469135802469,1.0,0.3105458915233612,0.5972868204116821,cfg02_G2_D32,cfg02_G2_D32,0.9929953520186245,cuda
validation,2321,1388,Warm C,0.5669742822647095,0.17397285997867584,0.5802469135802469,1.0,0.24239973723888397,0.4396078586578369,cfg02_G2_D32,cfg02_G2_D32,0.9929953520186245,cuda
validation,2322,1389,Cold,0.5660699009895325,0.16936072707176208,0.6049382716049383,1.0,0.0,0.0,cfg02_G2_D32,cfg02_G2_D32,0.9929953520186245,cuda
validation,2322,1389,Warm A,0.5735076069831848,0.166634663939476,0.654320987654321,1.0,0.245411217212677,0.4277964234352112,cfg02_G2_D32,cfg02_G2_D32,0.9929953520186245,cuda
validation,2322,1389,Warm B,0.5670930743217468,0.17036299407482147,0.6049382716049383,1.0,0.03127439692616463,0.8407852053642273,cfg02_G2_D32,cfg02_G2_D32,0.9929953520186245,cuda
validation,2322,1389,Warm C,0.5726479887962341,0.16913603246212006,0.654320987654321,1.0,0.20683211088180542,0.3845658004283905,cfg02_G2_D32,cfg02_G2_D32,0.9929953520186245,cuda
validation,2336,1400,Cold,0.5680950880050659,0.1738395094871521,0.6049382716049383,1.0,0.0,0.0,cfg02_G2_D32,cfg02_G2_D32,0.9929953520186245,cuda
validation,2336,1400,Warm A,0.5646118521690369,0.17570923268795013,0.6049382716049383,1.0,0.21008378267288208,0.5149115920066833,cfg02_G2_D32,cfg02_G2_D32,0.9929953520186245,cuda
validation,2336,1400,Warm B,0.5627339482307434,0.17582756280899048,0.6049382716049383,1.0,0.29464301466941833,0.5108187794685364,cfg02_G2_D32,cfg02_G2_D32,0.9929953520186245,cuda
validation,2336,1400,Warm C,0.5653236508369446,0.175382599234581,0.5802469135802469,1.0,0.26525092124938965,0.3239055573940277,cfg02_G2_D32,cfg02_G2_D32,0.9929953520186245,cuda
validation,2340,1403,Cold,0.5664238929748535,0.16831576824188232,0.6049382716049383,1.0,0.0,0.0,cfg02_G2_D32,cfg02_G2_D32,0.9929953520186245,cuda
validation,2340,1403,Warm A,0.5664772391319275,0.16722849011421204,0.6296296296296297,1.0,0.21156395971775055,0.5826058387756348,cfg02_G2_D32,cfg02_G2_D32,0.9929953520186245,cuda
validation,2340,1403,Warm B,0.5602777600288391,0.1691667139530182,0.6049382716049383,1.0,0.2179497331380844,0.6229304075241089,cfg02_G2_D32,cfg02_G2_D32,0.9929953520186245,cuda
validation,2340,1403,Warm C,0.5601806640625,0.1691739708185196,0.6296296296296297,1.0,0.35852372646331787,0.643239438533783,cfg02_G2_D32,cfg02_G2_D32,0.9929953520186245,cuda
validation,2374,1429,Cold,0.5699605941772461,0.17254889011383057,0.6049382716049383,1.0,0.0,0.0,cfg02_G2_D32,cfg02_G2_D32,0.9929953520186245,cuda
validation,2374,1429,Warm A,0.5686368346214294,0.17288579046726227,0.6296296296296297,1.0,0.22956451773643494,0.7838203310966492,cfg02_G2_D32,cfg02_G2_D32,0.9929953520186245,cuda
validation,2374,1429,Warm B,0.5710262656211853,0.17335890233516693,0.6049382716049383,1.0,0.396356463432312,0.41938573122024536,cfg02_G2_D32,cfg02_G2_D32,0.9929953520186245,cuda
validation,2374,1429,Warm C,0.5718543529510498,0.17228752374649048,0.6296296296296297,1.0,0.33738166093826294,0.3509848117828369,cfg02_G2_D32,cfg02_G2_D32,0.9929953520186245,cuda
validation,2378,1433,Cold,0.5685389041900635,0.17310981452465057,0.6049382716049383,1.0,0.0,0.0,cfg02_G2_D32,cfg02_G2_D32,0.9929953520186245,cuda
validation,2378,1433,Warm A,0.5684306025505066,0.1734885275363922,0.6296296296296297,1.0,0.21491749584674835,0.5774733424186707,cfg02_G2_D32,cfg02_G2_D32,0.9929953520186245,cuda
validation,2378,1433,Warm B,0.5741592645645142,0.1721106618642807,0.6296296296296297,1.0,0.23283939063549042,0.4381888508796692,cfg02_G2_D32,cfg02_G2_D32,0.9929953520186245,cuda
validation,2378,1433,Warm C,0.5746802687644958,0.17146557569503784,0.6049382716049383,1.0,0.20785845816135406,0.4745323359966278,cfg02_G2_D32,cfg02_G2_D32,0.9929953520186245,cuda
validation,2379,1434,Cold,0.5694454312324524,0.1728512942790985,0.6296296296296297,1.0,0.0,0.0,cfg02_G2_D32,cfg02_G2_D32,0.9929953520186245,cuda
validation,2379,1434,Warm A,0.5695313215255737,0.17324800789356232,0.6296296296296297,1.0,0.2187633067369461,0.4893738925457001,cfg02_G2_D32,cfg02_G2_D32,0.9929953520186245,cuda
validation,2379,1434,Warm B,0.5746540427207947,0.1726212352514267,0.6296296296296297,1.0,0.31585705280303955,0.36159831285476685,cfg02_G2_D32,cfg02_G2_D32,0.9929953520186245,cuda
validation,2379,1434,Warm C,0.577804684638977,0.17327454686164856,0.6790123456790124,1.0,0.5039395093917847,0.2097979038953781,cfg02_G2_D32,cfg02_G2_D32,0.9929953520186245,cuda
validation,2387,1441,Cold,0.5657094120979309,0.1720155030488968,0.6049382716049383,1.0,0.0,0.0,cfg02_G2_D32,cfg02_G2_D32,0.9929953520186245,cuda
validation,2387,1441,Warm A,0.5685867667198181,0.17068374156951904,0.6296296296296297,1.0,0.224608913064003,0.45951929688453674,cfg02_G2_D32,cfg02_G2_D32,0.9929953520186245,cuda
validation,2387,1441,Warm B,0.5609132051467896,0.172918438911438,0.6296296296296297,1.0,0.31502553820610046,0.6418366432189941,cfg02_G2_D32,cfg02_G2_D32,0.9929953520186245,cuda
validation,2387,1441,Warm C,0.5665357112884521,0.17068053781986237,0.6296296296296297,1.0,0.3851683735847473,0.44285812973976135,cfg02_G2_D32,cfg02_G2_D32,0.9929953520186245,cuda
validation,2389,1442,Cold,0.5649465918540955,0.1704886555671692,0.6049382716049383,1.0,0.0,0.0,cfg02_G2_D32,cfg02_G2_D32,0.9929953520186245,cuda
validation,2389,1442,Warm A,0.570590078830719,0.16882751882076263,0.6296296296296297,1.0,0.18724165856838226,0.4578903317451477,cfg02_G2_D32,cfg02_G2_D32,0.9929953520186245,cuda
validation,2389,1442,Warm B,0.5626142621040344,0.1720721274614334,0.6296296296296297,1.0,0.2774983048439026,0.6840763092041016,cfg02_G2_D32,cfg02_G2_D32,0.9929953520186245,cuda
validation,2389,1442,Warm C,0.56644207239151,0.17203271389007568,0.6296296296296297,1.0,0.4172905385494232,0.48377594351768494,cfg02_G2_D32,cfg02_G2_D32,0.9929953520186245,cuda
validation,2399,1451,Cold,0.5685824155807495,0.16736236214637756,0.6296296296296297,1.0,0.0,0.0,cfg02_G2_D32,cfg02_G2_D32,0.9929953520186245,cuda
validation,2399,1451,Warm A,0.5747091770172119,0.16475796699523926,0.6296296296296297,1.0,0.2339635044336319,0.3117242455482483,cfg02_G2_D32,cfg02_G2_D32,0.9929953520186245,cuda
validation,2399,1451,Warm B,0.569583535194397,0.16785995662212372,0.6049382716049383,1.0,0.28076621890068054,0.4897790849208832,cfg02_G2_D32,cfg02_G2_D32,0.9929953520186245,cuda
validation,2399,1451,Warm C,0.5668920874595642,0.16730618476867676,0.654320987654321,1.0,0.414187490940094,0.5493741035461426,cfg02_G2_D32,cfg02_G2_D32,0.9929953520186245,cuda
validation,2405,1456,Cold,0.5690840482711792,0.1690807044506073,0.6296296296296297,1.0,0.0,0.0,cfg02_G2_D32,cfg02_G2_D32,0.9929953520186245,cuda
validation,2405,1456,Warm A,0.5675285458564758,0.16902391612529755,0.6296296296296297,1.0,0.20704609155654907,0.5746378898620605,cfg02_G2_D32,cfg02_G2_D32,0.9929953520186245,cuda
validation,2405,1456,Warm B,0.5735419988632202,0.1688489317893982,0.6296296296296297,1.0,0.33225518465042114,0.37595444917678833,cfg02_G2_D32,cfg02_G2_D32,0.9929953520186245,cuda
validation,2405,1456,Warm C,0.5740119218826294,0.16884438693523407,0.6296296296296297,1.0,0.39371511340141296,0.4442358911037445,cfg02_G2_D32,cfg02_G2_D32,0.9929953520186245,cuda
validation,2408,1459,Cold,0.5672489404678345,0.17038825154304504,0.6296296296296297,1.0,0.0,0.0,cfg02_G2_D32,cfg02_G2_D32,0.9929953520186245,cuda
validation,2408,1459,Warm A,0.5679718852043152,0.17087821662425995,0.654320987654321,1.0,0.2231168895959854,0.44044095277786255,cfg02_G2_D32,cfg02_G2_D32,0.9929953520186245,cuda
validation,2408,1459,Warm B,0.5715345144271851,0.1709691733121872,0.654320987654321,1.0,0.41352611780166626,0.34656092524528503,cfg02_G2_D32,cfg02_G2_D32,0.9929953520186245,cuda
validation,2408,1459,Warm C,0.5723265409469604,0.172014981508255,0.654320987654321,1.0,0.5826640725135803,0.39709731936454773,cfg02_G2_D32,cfg02_G2_D32,0.9929953520186245,cuda
validation,2411,1462,Cold,0.5715569257736206,0.17072278261184692,0.6049382716049383,1.0,0.0,0.0,cfg02_G2_D32,cfg02_G2_D32,0.9929953520186245,cuda
validation,2411,1462,Warm A,0.5713731646537781,0.17107254266738892,0.5802469135802469,1.0,0.21156013011932373,0.5517658591270447,cfg02_G2_D32,cfg02_G2_D32,0.9929953520186245,cuda
validation,2411,1462,Warm B,0.5714374780654907,0.17338603734970093,0.6049382716049383,1.0,0.4212867021560669,0.539447009563446,cfg02_G2_D32,cfg02_G2_D32,0.9929953520186245,cuda
validation,2411,1462,Warm C,0.5734804272651672,0.17511272430419922,0.6296296296296297,1.0,0.592483401298523,0.3682887554168701,cfg02_G2_D32,cfg02_G2_D32,0.9929953520186245,cuda
validation,2420,1470,Cold,0.5760642290115356,0.17428229749202728,0.6296296296296297,1.0,0.0,0.0,cfg02_G2_D32,cfg02_G2_D32,0.9929953520186245,cuda
validation,2420,1470,Warm A,0.579256534576416,0.1733909696340561,0.6296296296296297,1.0,0.21687249839305878,0.4605672359466553,cfg02_G2_D32,cfg02_G2_D32,0.9929953520186245,cuda
validation,2420,1470,Warm B,0.5757433772087097,0.17652378976345062,0.6049382716049383,1.0,0.2267499715089798,0.5456475615501404,cfg02_G2_D32,cfg02_G2_D32,0.9929953520186245,cuda
validation,2420,1470,Warm C,0.5791041851043701,0.17700159549713135,0.6049382716049383,1.0,0.36978957056999207,0.5277482271194458,cfg02_G2_D32,cfg02_G2_D32,0.9929953520186245,cuda
validation,2421,1471,Cold,0.572982907295227,0.16987180709838867,0.6296296296296297,1.0,0.0,0.0,cfg02_G2_D32,cfg02_G2_D32,0.9929953520186245,cuda
validation,2421,1471,Warm A,0.5757104754447937,0.17058642208576202,0.6296296296296297,1.0,0.226554736495018,0.4277258515357971,cfg02_G2_D32,cfg02_G2_D32,0.9929953520186245,cuda
validation,2421,1471,Warm B,0.5712764263153076,0.17215770483016968,0.6296296296296297,1.0,0.3843997120857239,0.5463717579841614,cfg02_G2_D32,cfg02_G2_D32,0.9929953520186245,cuda
validation,2421,1471,Warm C,0.5769765377044678,0.17054104804992676,0.6790123456790124,1.0,0.3883126378059387,0.3907841742038727,cfg02_G2_D32,cfg02_G2_D32,0.9929953520186245,cuda
validation,2456,1497,Cold,0.5660164952278137,0.16760826110839844,0.6296296296296297,1.0,0.0,0.0,cfg02_G2_D32,cfg02_G2_D32,0.9929953520186245,cuda
validation,2456,1497,Warm A,0.5709567070007324,0.16657859086990356,0.654320987654321,1.0,0.2243102788925171,0.29624438285827637,cfg02_G2_D32,cfg02_G2_D32,0.9929953520186245,cuda
validation,2456,1497,Warm B,0.5778094530105591,0.1641395539045334,0.7037037037037037,1.0,0.35143738985061646,0.28091737627983093,cfg02_G2_D32,cfg02_G2_D32,0.9929953520186245,cuda
validation,2456,1497,Warm C,0.5755858421325684,0.16373920440673828,0.6790123456790124,1.0,0.3316269814968109,0.3996417224407196,cfg02_G2_D32,cfg02_G2_D32,0.9929953520186245,cuda
validation,2459,1500,Cold,0.5708504915237427,0.1674976944923401,0.5555555555555556,1.0,0.0,0.0,cfg02_G2_D32,cfg02_G2_D32,0.9929953520186245,cuda
validation,2459,1500,Warm A,0.57615065574646,0.16697286069393158,0.5802469135802469,1.0,0.20513617992401123,0.5584754347801208,cfg02_G2_D32,cfg02_G2_D32,0.9929953520186245,cuda
validation,2459,1500,Warm B,0.5677698850631714,0.16927579045295715,0.6049382716049383,1.0,0.2511861324310303,0.7509090900421143,cfg02_G2_D32,cfg02_G2_D32,0.9929953520186245,cuda
validation,2459,1500,Warm C,0.5658936500549316,0.17072351276874542,0.6049382716049383,1.0,0.4106506407260895,0.6584131121635437,cfg02_G2_D32,cfg02_G2_D32,0.9929953520186245,cuda
validation,2471,1508,Cold,0.5696375370025635,0.17049026489257812,0.6296296296296297,1.0,0.0,0.0,cfg02_G2_D32,cfg02_G2_D32,0.9929953520186245,cuda
validation,2471,1508,Warm A,0.5730563402175903,0.1699688881635666,0.654320987654321,1.0,0.22753560543060303,0.4154212176799774,cfg02_G2_D32,cfg02_G2_D32,0.9929953520186245,cuda
validation,2471,1508,Warm B,0.5758277773857117,0.16919845342636108,0.6296296296296297,1.0,0.18096008896827698,0.3507455885410309,cfg02_G2_D32,cfg02_G2_D32,0.9929953520186245,cuda
validation,2471,1508,Warm C,0.5806002020835876,0.16913242638111115,0.6790123456790124,1.0,0.29977020621299744,0.369186133146286,cfg02_G2_D32,cfg02_G2_D32,0.9929953520186245,cuda
validation,2478,1514,Cold,0.56754469871521,0.1688053011894226,0.6049382716049383,1.0,0.0,0.0,cfg02_G2_D32,cfg02_G2_D32,0.9929953520186245,cuda
validation,2478,1514,Warm A,0.5671928524971008,0.16941848397254944,0.6296296296296297,1.0,0.20829126238822937,0.5698608756065369,cfg02_G2_D32,cfg02_G2_D32,0.9929953520186245,cuda
validation,2478,1514,Warm B,0.5574958324432373,0.17172057926654816,0.5555555555555556,1.0,0.4444306790828705,0.7273032069206238,cfg02_G2_D32,cfg02_G2_D32,0.9929953520186245,cuda
validation,2478,1514,Warm C,0.5559210181236267,0.17230701446533203,0.5555555555555556,1.0,0.5931613445281982,0.6511593461036682,cfg02_G2_D32,cfg02_G2_D32,0.9929953520186245,cuda
validation,2501,1525,Cold,0.5660108327865601,0.17315104603767395,0.6049382716049383,1.0,0.0,0.0,cfg02_G2_D32,cfg02_G2_D32,0.9929953520186245,cuda
validation,2501,1525,Warm A,0.5629947185516357,0.17420683801174164,0.6049382716049383,1.0,0.21809212863445282,0.45974645018577576,cfg02_G2_D32,cfg02_G2_D32,0.9929953520186245,cuda
validation,2501,1525,Warm B,0.5657883882522583,0.1737891137599945,0.6049382716049383,1.0,0.3100503087043762,0.358433336019516,cfg02_G2_D32,cfg02_G2_D32,0.9929953520186245,cuda
validation,2501,1525,Warm C,0.5677998661994934,0.17477387189865112,0.6049382716049383,1.0,0.47348201274871826,0.29910287261009216,cfg02_G2_D32,cfg02_G2_D32,0.9929953520186245,cuda
validation,2518,1534,Cold,0.5702052116394043,0.17327047884464264,0.6049382716049383,1.0,0.0,0.0,cfg02_G2_D32,cfg02_G2_D32,0.9929953520186245,cuda
validation,2518,1534,Warm A,0.5676120519638062,0.17345066368579865,0.6049382716049383,1.0,0.19902242720127106,0.6183759570121765,cfg02_G2_D32,cfg02_G2_D32,0.9929953520186245,cuda
validation,2518,1534,Warm B,0.5681810975074768,0.17306630313396454,0.6296296296296297,1.0,0.26007676124572754,0.5297737121582031,cfg02_G2_D32,cfg02_G2_D32,0.9929953520186245,cuda
validation,2518,1534,Warm C,0.5699670314788818,0.17125961184501648,0.6296296296296297,1.0,0.24471189081668854,0.592724621295929,cfg02_G2_D32,cfg02_G2_D32,0.9929953520186245,cuda
validation,2532,1547,Cold,0.572059154510498,0.167244091629982,0.5555555555555556,1.0,0.0,0.0,cfg02_G2_D32,cfg02_G2_D32,0.9929953520186245,cuda
validation,2532,1547,Warm A,0.5773203372955322,0.1660209447145462,0.5802469135802469,1.0,0.23607861995697021,0.3895622789859772,cfg02_G2_D32,cfg02_G2_D32,0.9929953520186245,cuda
validation,2532,1547,Warm B,0.5793271660804749,0.16587939858436584,0.6296296296296297,1.0,0.3473909795284271,0.39722833037376404,cfg02_G2_D32,cfg02_G2_D32,0.9929953520186245,cuda
validation,2532,1547,Warm C,0.5776016712188721,0.16479848325252533,0.6296296296296297,1.0,0.30313947796821594,0.38265255093574524,cfg02_G2_D32,cfg02_G2_D32,0.9929953520186245,cuda
validation,2533,1548,Cold,0.5725498795509338,0.16727948188781738,0.5555555555555556,1.0,0.0,0.0,cfg02_G2_D32,cfg02_G2_D32,0.9929953520186245,cuda
validation,2533,1548,Warm A,0.5721216201782227,0.1673344522714615,0.5555555555555556,1.0,0.21959304809570312,0.5375871062278748,cfg02_G2_D32,cfg02_G2_D32,0.9929953520186245,cuda
validation,2533,1548,Warm B,0.5767115950584412,0.1664099544286728,0.6049382716049383,1.0,0.3084172010421753,0.3548809587955475,cfg02_G2_D32,cfg02_G2_D32,0.9929953520186245,cuda
validation,2533,1548,Warm C,0.5763646960258484,0.16722072660923004,0.5555555555555556,1.0,0.211370587348938,0.5325242280960083,cfg02_G2_D32,cfg02_G2_D32,0.9929953520186245,cuda
validation,2541,1552,Cold,0.5668544173240662,0.1734827309846878,0.6049382716049383,1.0,0.0,0.0,cfg02_G2_D32,cfg02_G2_D32,0.9929953520186245,cuda
validation,2541,1552,Warm A,0.5648014545440674,0.1728188693523407,0.6049382716049383,1.0,0.21589021384716034,0.6090397834777832,cfg02_G2_D32,cfg02_G2_D32,0.9929953520186245,cuda
validation,2541,1552,Warm B,0.5643953680992126,0.17176273465156555,0.6049382716049383,1.0,0.3764728307723999,0.660041332244873,cfg02_G2_D32,cfg02_G2_D32,0.9929953520186245,cuda
validation,2541,1552,Warm C,0.5650047063827515,0.17259621620178223,0.6049382716049383,1.0,0.5453850030899048,0.6250807046890259,cfg02_G2_D32,cfg02_G2_D32,0.9929953520186245,cuda
validation,2542,1553,Cold,0.5653238296508789,0.17178361117839813,0.6049382716049383,1.0,0.0,0.0,cfg02_G2_D32,cfg02_G2_D32,0.9929953520186245,cuda
validation,2542,1553,Warm A,0.5586859583854675,0.17292529344558716,0.6049382716049383,1.0,0.20876894891262054,0.6170108914375305,cfg02_G2_D32,cfg02_G2_D32,0.9929953520186245,cuda
validation,2542,1553,Warm B,0.5615679621696472,0.1729835718870163,0.6049382716049383,1.0,0.20022788643836975,0.45904237031936646,cfg02_G2_D32,cfg02_G2_D32,0.9929953520186245,cuda
validation,2542,1553,Warm C,0.5635366439819336,0.17189955711364746,0.6049382716049383,1.0,0.2682185471057892,0.37179526686668396,cfg02_G2_D32,cfg02_G2_D32,0.9929953520186245,cuda
validation,2565,1565,Cold,0.579721987247467,0.17421433329582214,0.5061728395061729,1.0,0.0,0.0,cfg02_G2_D32,cfg02_G2_D32,0.9929953520186245,cuda
validation,2565,1565,Warm A,0.579827606678009,0.17336082458496094,0.5555555555555556,1.0,0.2113410234451294,0.5870460867881775,cfg02_G2_D32,cfg02_G2_D32,0.9929953520186245,cuda
validation,2565,1565,Warm B,0.580272912979126,0.1741412878036499,0.5061728395061729,1.0,0.27094903588294983,0.4504459500312805,cfg02_G2_D32,cfg02_G2_D32,0.9929953520186245,cuda
validation,2565,1565,Warm C,0.5858290195465088,0.17402885854244232,0.5555555555555556,1.0,0.35381048917770386,0.41951829195022583,cfg02_G2_D32,cfg02_G2_D32,0.9929953520186245,cuda
validation,2567,1566,Cold,0.5653609037399292,0.17435932159423828,0.6049382716049383,1.0,0.0,0.0,cfg02_G2_D32,cfg02_G2_D32,0.9929953520186245,cuda
validation,2567,1566,Warm A,0.5637093186378479,0.17491713166236877,0.6296296296296297,1.0,0.18719744682312012,0.5735223889350891,cfg02_G2_D32,cfg02_G2_D32,0.9929953520186245,cuda
validation,2567,1566,Warm B,0.5620735287666321,0.17541342973709106,0.6296296296296297,1.0,0.29578790068626404,0.5483891367912292,cfg02_G2_D32,cfg02_G2_D32,0.9929953520186245,cuda
validation,2567,1566,Warm C,0.5616669654846191,0.17573098838329315,0.6049382716049383,1.0,0.3430052697658539,0.5733134150505066,cfg02_G2_D32,cfg02_G2_D32,0.9929953520186245,cuda
validation,2580,1573,Cold,0.5664815306663513,0.17060434818267822,0.6049382716049383,1.0,0.0,0.0,cfg02_G2_D32,cfg02_G2_D32,0.9929953520186245,cuda
validation,2580,1573,Warm A,0.561395525932312,0.1709587126970291,0.6049382716049383,1.0,0.22469967603683472,0.5257871747016907,cfg02_G2_D32,cfg02_G2_D32,0.9929953520186245,cuda
validation,2580,1573,Warm B,0.5591542720794678,0.17280398309230804,0.6049382716049383,1.0,0.3272329270839691,0.7224541902542114,cfg02_G2_D32,cfg02_G2_D32,0.9929953520186245,cuda
validation,2580,1573,Warm C,0.5514367818832397,0.17498891055583954,0.6049382716049383,1.0,0.5069562792778015,0.6926975250244141,cfg02_G2_D32,cfg02_G2_D32,0.9929953520186245,cuda
validation,2599,1583,Cold,0.5653609037399292,0.17435932159423828,0.6049382716049383,1.0,0.0,0.0,cfg02_G2_D32,cfg02_G2_D32,0.9929953520186245,cuda
validation,2599,1583,Warm A,0.5599599480628967,0.17718389630317688,0.6049382716049383,1.0,0.21927952766418457,0.723010778427124,cfg02_G2_D32,cfg02_G2_D32,0.9929953520186245,cuda
validation,2599,1583,Warm B,0.5653431415557861,0.17465011775493622,0.6049382716049383,1.0,0.23552252352237701,0.5102354288101196,cfg02_G2_D32,cfg02_G2_D32,0.9929953520186245,cuda
validation,2599,1583,Warm C,0.5643378496170044,0.17607815563678741,0.6049382716049383,1.0,0.3920764923095703,0.5674825310707092,cfg02_G2_D32,cfg02_G2_D32,0.9929953520186245,cuda
validation,2616,1593,Cold,0.5674662590026855,0.1683676391839981,0.6296296296296297,1.0,0.0,0.0,cfg02_G2_D32,cfg02_G2_D32,0.9929953520186245,cuda
validation,2616,1593,Warm A,0.5687329173088074,0.16908977925777435,0.654320987654321,1.0,0.22064024209976196,0.5468050241470337,cfg02_G2_D32,cfg02_G2_D32,0.9929953520186245,cuda
validation,2616,1593,Warm B,0.5730204582214355,0.16892366111278534,0.6790123456790124,1.0,0.3888198435306549,0.2303408831357956,cfg02_G2_D32,cfg02_G2_D32,0.9929953520186245,cuda
validation,2616,1593,Warm C,0.5630631446838379,0.17177356779575348,0.654320987654321,1.0,0.5275540947914124,0.7173750996589661,cfg02_G2_D32,cfg02_G2_D32,0.9929953520186245,cuda
validation,2641,1605,Cold,0.5723004937171936,0.1668516993522644,0.6296296296296297,1.0,0.0,0.0,cfg02_G2_D32,cfg02_G2_D32,0.9929953520186245,cuda
validation,2641,1605,Warm A,0.5781397223472595,0.1672540307044983,0.654320987654321,1.0,0.22639276087284088,0.3198825418949127,cfg02_G2_D32,cfg02_G2_D32,0.9929953520186245,cuda
validation,2641,1605,Warm B,0.5714222192764282,0.1687924563884735,0.6049382716049383,1.0,0.19663499295711517,0.6120306849479675,cfg02_G2_D32,cfg02_G2_D32,0.9929953520186245,cuda
validation,2641,1605,Warm C,0.5672435760498047,0.17086605727672577,0.6049382716049383,1.0,0.3407494127750397,0.74367356300354,cfg02_G2_D32,cfg02_G2_D32,0.9929953520186245,cuda
validation,2668,1621,Cold,0.5666794776916504,0.1663917452096939,0.6049382716049383,1.0,0.0,0.0,cfg02_G2_D32,cfg02_G2_D32,0.9929953520186245,cuda
validation,2668,1621,Warm A,0.5700547695159912,0.16609598696231842,0.6049382716049383,1.0,0.220779150724411,0.5021041631698608,cfg02_G2_D32,cfg02_G2_D32,0.9929953520186245,cuda
validation,2668,1621,Warm B,0.5739283561706543,0.16641119122505188,0.6296296296296297,1.0,0.3850044310092926,0.34929677844047546,cfg02_G2_D32,cfg02_G2_D32,0.9929953520186245,cuda
validation,2668,1621,Warm C,0.5773224234580994,0.16711613535881042,0.654320987654321,1.0,0.5857633948326111,0.126739963889122,cfg02_G2_D32,cfg02_G2_D32,0.9929953520186245,cuda
validation,2671,1624,Cold,0.5669940710067749,0.17108134925365448,0.6049382716049383,1.0,0.0,0.0,cfg02_G2_D32,cfg02_G2_D32,0.9929953520186245,cuda
validation,2671,1624,Warm A,0.5658957362174988,0.17105935513973236,0.6296296296296297,1.0,0.2151123434305191,0.5861647129058838,cfg02_G2_D32,cfg02_G2_D32,0.9929953520186245,cuda
validation,2671,1624,Warm B,0.5625588893890381,0.17140540480613708,0.6049382716049383,1.0,0.2906021475791931,0.594511866569519,cfg02_G2_D32,cfg02_G2_D32,0.9929953520186245,cuda
validation,2671,1624,Warm C,0.5569556951522827,0.1736455112695694,0.6049382716049383,1.0,0.4151771664619446,0.659028947353363,cfg02_G2_D32,cfg02_G2_D32,0.9929953520186245,cuda
validation,2677,1627,Cold,0.5642064213752747,0.16962970793247223,0.6049382716049383,1.0,0.0,0.0,cfg02_G2_D32,cfg02_G2_D32,0.9929953520186245,cuda
validation,2677,1627,Warm A,0.5676456689834595,0.16754752397537231,0.6296296296296297,1.0,0.23884433507919312,0.4731062948703766,cfg02_G2_D32,cfg02_G2_D32,0.9929953520186245,cuda
validation,2677,1627,Warm B,0.5607265830039978,0.16991491615772247,0.6049382716049383,1.0,0.16446049511432648,0.688748836517334,cfg02_G2_D32,cfg02_G2_D32,0.9929953520186245,cuda
validation,2677,1627,Warm C,0.5557469725608826,0.17132407426834106,0.5802469135802469,1.0,0.29135453701019287,0.5721220374107361,cfg02_G2_D32,cfg02_G2_D32,0.9929953520186245,cuda
validation,2706,1642,Cold,0.5651735067367554,0.17434477806091309,0.6049382716049383,1.0,0.0,0.0,cfg02_G2_D32,cfg02_G2_D32,0.9929953520186245,cuda
validation,2706,1642,Warm A,0.5633884072303772,0.1740577220916748,0.6049382716049383,1.0,0.2264457643032074,0.48008689284324646,cfg02_G2_D32,cfg02_G2_D32,0.9929953520186245,cuda
validation,2706,1642,Warm B,0.5629459023475647,0.17491942644119263,0.6296296296296297,1.0,0.2926662862300873,0.7087079882621765,cfg02_G2_D32,cfg02_G2_D32,0.9929953520186245,cuda
validation,2706,1642,Warm C,0.5612451434135437,0.1761803776025772,0.6049382716049383,1.0,0.39745256304740906,0.6177443861961365,cfg02_G2_D32,cfg02_G2_D32,0.9929953520186245,cuda
validation,2723,1656,Cold,0.5645228028297424,0.17068512737751007,0.6049382716049383,1.0,0.0,0.0,cfg02_G2_D32,cfg02_G2_D32,0.9929953520186245,cuda
validation,2723,1656,Warm A,0.5665690302848816,0.16924552619457245,0.6296296296296297,1.0,0.21959719061851501,0.6455809473991394,cfg02_G2_D32,cfg02_G2_D32,0.9929953520186245,cuda
validation,2723,1656,Warm B,0.5647643208503723,0.17128585278987885,0.6296296296296297,1.0,0.3379027843475342,0.6350959539413452,cfg02_G2_D32,cfg02_G2_D32,0.9929953520186245,cuda
validation,2723,1656,Warm C,0.5567771792411804,0.17292141914367676,0.6296296296296297,1.0,0.444045752286911,0.692874550819397,cfg02_G2_D32,cfg02_G2_D32,0.9929953520186245,cuda
validation,2739,1669,Cold,0.5708584785461426,0.17264410853385925,0.6049382716049383,1.0,0.0,0.0,cfg02_G2_D32,cfg02_G2_D32,0.9929953520186245,cuda
validation,2739,1669,Warm A,0.5745833516120911,0.17391523718833923,0.6049382716049383,1.0,0.21330556273460388,0.508468747138977,cfg02_G2_D32,cfg02_G2_D32,0.9929953520186245,cuda
validation,2739,1669,Warm B,0.5702664852142334,0.1753704994916916,0.5802469135802469,1.0,0.2965902090072632,0.7263129949569702,cfg02_G2_D32,cfg02_G2_D32,0.9929953520186245,cuda
validation,2739,1669,Warm C,0.5668320655822754,0.17714418470859528,0.6049382716049383,1.0,0.3224806487560272,0.6167230010032654,cfg02_G2_D32,cfg02_G2_D32,0.9929953520186245,cuda
validation,2759,1679,Cold,0.5653609037399292,0.17435932159423828,0.6049382716049383,1.0,0.0,0.0,cfg02_G2_D32,cfg02_G2_D32,0.9929953520186245,cuda
validation,2759,1679,Warm A,0.5696492195129395,0.17289762198925018,0.6296296296296297,1.0,0.2037731260061264,0.5569708347320557,cfg02_G2_D32,cfg02_G2_D32,0.9929953520186245,cuda
validation,2759,1679,Warm B,0.5645366311073303,0.17294469475746155,0.6049382716049383,1.0,0.3170112669467926,0.6530784368515015,cfg02_G2_D32,cfg02_G2_D32,0.9929953520186245,cuda
validation,2759,1679,Warm C,0.5670278072357178,0.1728009730577469,0.6049382716049383,1.0,0.40880027413368225,0.5818154215812683,cfg02_G2_D32,cfg02_G2_D32,0.9929953520186245,cuda
validation,2791,1699,Cold,0.5710397362709045,0.1718602478504181,0.6049382716049383,1.0,0.0,0.0,cfg02_G2_D32,cfg02_G2_D32,0.9929953520186245,cuda
validation,2791,1699,Warm A,0.5661118030548096,0.17385423183441162,0.6049382716049383,1.0,0.2162802666425705,0.699569582939148,cfg02_G2_D32,cfg02_G2_D32,0.9929953520186245,cuda
validation,2791,1699,Warm B,0.5696929097175598,0.17159152030944824,0.6049382716049383,1.0,0.23611414432525635,0.5554823279380798,cfg02_G2_D32,cfg02_G2_D32,0.9929953520186245,cuda
validation,2791,1699,Warm C,0.5739669799804688,0.17087239027023315,0.6049382716049383,1.0,0.34885379672050476,0.4255819320678711,cfg02_G2_D32,cfg02_G2_D32,0.9929953520186245,cuda
validation,2792,1700,Cold,0.5703761577606201,0.17340198159217834,0.6049382716049383,1.0,0.0,0.0,cfg02_G2_D32,cfg02_G2_D32,0.9929953520186245,cuda
validation,2792,1700,Warm A,0.5697905421257019,0.17418688535690308,0.6296296296296297,1.0,0.2258777916431427,0.624616265296936,cfg02_G2_D32,cfg02_G2_D32,0.9929953520186245,cuda
validation,2792,1700,Warm B,0.5693260431289673,0.1749284565448761,0.6296296296296297,1.0,0.3516038656234741,0.4955761134624481,cfg02_G2_D32,cfg02_G2_D32,0.9929953520186245,cuda
validation,2792,1700,Warm C,0.5685082674026489,0.1758982390165329,0.6296296296296297,1.0,0.5068036913871765,0.5546718835830688,cfg02_G2_D32,cfg02_G2_D32,0.9929953520186245,cuda
validation,2797,1705,Cold,0.5675438046455383,0.16956089437007904,0.6296296296296297,1.0,0.0,0.0,cfg02_G2_D32,cfg02_G2_D32,0.9929953520186245,cuda
validation,2797,1705,Warm A,0.5726367235183716,0.16923129558563232,0.6296296296296297,1.0,0.24902601540088654,0.4806426167488098,cfg02_G2_D32,cfg02_G2_D32,0.9929953520186245,cuda
validation,2797,1705,Warm B,0.5684425234794617,0.17111338675022125,0.6296296296296297,1.0,0.24818573892116547,0.6058610081672668,cfg02_G2_D32,cfg02_G2_D32,0.9929953520186245,cuda
validation,2797,1705,Warm C,0.563873827457428,0.1723104864358902,0.6049382716049383,1.0,0.23223531246185303,0.6350629925727844,cfg02_G2_D32,cfg02_G2_D32,0.9929953520186245,cuda
validation,2804,1711,Cold,0.5689381957054138,0.17265935242176056,0.6049382716049383,1.0,0.0,0.0,cfg02_G2_D32,cfg02_G2_D32,0.9929953520186245,cuda
validation,2804,1711,Warm A,0.5684892535209656,0.17385081946849823,0.6049382716049383,1.0,0.2266838103532791,0.49692201614379883,cfg02_G2_D32,cfg02_G2_D32,0.9929953520186245,cuda
validation,2804,1711,Warm B,0.5740806460380554,0.1720241904258728,0.6049382716049383,1.0,0.39968976378440857,0.3339289128780365,cfg02_G2_D32,cfg02_G2_D32,0.9929953520186245,cuda
validation,2804,1711,Warm C,0.569107711315155,0.17257922887802124,0.6049382716049383,1.0,0.2339724749326706,0.5054870843887329,cfg02_G2_D32,cfg02_G2_D32,0.9929953520186245,cuda
validation,2808,1715,Cold,0.5663920044898987,0.167402982711792,0.6049382716049383,1.0,0.0,0.0,cfg02_G2_D32,cfg02_G2_D32,0.9929953520186245,cuda
validation,2808,1715,Warm A,0.571225106716156,0.1668042540550232,0.654320987654321,1.0,0.24320992827415466,0.3640737533569336,cfg02_G2_D32,cfg02_G2_D32,0.9929953520186245,cuda
validation,2808,1715,Warm B,0.5751743912696838,0.1671883910894394,0.654320987654321,1.0,0.3288132846355438,0.30476534366607666,cfg02_G2_D32,cfg02_G2_D32,0.9929953520186245,cuda
validation,2808,1715,Warm C,0.5743332505226135,0.16596375405788422,0.654320987654321,1.0,0.32638660073280334,0.33531633019447327,cfg02_G2_D32,cfg02_G2_D32,0.9929953520186245,cuda
validation,2815,1716,Cold,0.5685475468635559,0.1670215129852295,0.6049382716049383,1.0,0.0,0.0,cfg02_G2_D32,cfg02_G2_D32,0.9929953520186245,cuda
validation,2815,1716,Warm A,0.5695850849151611,0.16751602292060852,0.6296296296296297,1.0,0.20382648706436157,0.47802725434303284,cfg02_G2_D32,cfg02_G2_D32,0.9929953520186245,cuda
validation,2815,1716,Warm B,0.5738650560379028,0.16711221635341644,0.654320987654321,1.0,0.3257848024368286,0.23901307582855225,cfg02_G2_D32,cfg02_G2_D32,0.9929953520186245,cuda
validation,2815,1716,Warm C,0.5779677033424377,0.16758203506469727,0.7037037037037037,1.0,0.5421112179756165,0.06063142046332359,cfg02_G2_D32,cfg02_G2_D32,0.9929953520186245,cuda
validation,2841,1727,Cold,0.5660039186477661,0.17178522050380707,0.6049382716049383,1.0,0.0,0.0,cfg02_G2_D32,cfg02_G2_D32,0.9929953520186245,cuda
validation,2841,1727,Warm A,0.5635800361633301,0.17327356338500977,0.6296296296296297,1.0,0.22319696843624115,0.6936467289924622,cfg02_G2_D32,cfg02_G2_D32,0.9929953520186245,cuda
validation,2841,1727,Warm B,0.5619631409645081,0.17423050105571747,0.6049382716049383,1.0,0.300810843706131,0.570938229560852,cfg02_G2_D32,cfg02_G2_D32,0.9929953520186245,cuda
validation,2841,1727,Warm C,0.5614310503005981,0.1756356954574585,0.6049382716049383,1.0,0.3251440227031708,0.5405745506286621,cfg02_G2_D32,cfg02_G2_D32,0.9929953520186245,cuda
validation,2857,1733,Cold,0.5756740570068359,0.1698267012834549,0.5308641975308642,1.0,0.0,0.0,cfg02_G2_D32,cfg02_G2_D32,0.9929953520186245,cuda
validation,2857,1733,Warm A,0.568991482257843,0.1708366572856903,0.5308641975308642,1.0,0.23178626596927643,0.756073534488678,cfg02_G2_D32,cfg02_G2_D32,0.9929953520186245,cuda
validation,2857,1733,Warm B,0.5728772282600403,0.170282781124115,0.5308641975308642,1.0,0.20045146346092224,0.46004247665405273,cfg02_G2_D32,cfg02_G2_D32,0.9929953520186245,cuda
validation,2857,1733,Warm C,0.5792086720466614,0.1678268015384674,0.5802469135802469,1.0,0.2217801809310913,0.42461830377578735,cfg02_G2_D32,cfg02_G2_D32,0.9929953520186245,cuda
validation,2858,1734,Cold,0.5666192770004272,0.1742515116930008,0.6049382716049383,1.0,0.0,0.0,cfg02_G2_D32,cfg02_G2_D32,0.9929953520186245,cuda
validation,2858,1734,Warm A,0.5627142786979675,0.1773104965686798,0.6049382716049383,1.0,0.20934917032718658,0.5806913375854492,cfg02_G2_D32,cfg02_G2_D32,0.9929953520186245,cuda
validation,2858,1734,Warm B,0.5682958960533142,0.17597869038581848,0.6049382716049383,1.0,0.2938183844089508,0.4068109095096588,cfg02_G2_D32,cfg02_G2_D32,0.9929953520186245,cuda
validation,2858,1734,Warm C,0.5709669589996338,0.1764526516199112,0.6296296296296297,1.0,0.49519339203834534,0.2841079831123352,cfg02_G2_D32,cfg02_G2_D32,0.9929953520186245,cuda
validation,2863,1739,Cold,0.5759051442146301,0.17315584421157837,0.5308641975308642,1.0,0.0,0.0,cfg02_G2_D32,cfg02_G2_D32,0.9929953520186245,cuda
validation,2863,1739,Warm A,0.5744268894195557,0.17287378013134003,0.5308641975308642,1.0,0.2222997397184372,0.6464684009552002,cfg02_G2_D32,cfg02_G2_D32,0.9929953520186245,cuda
validation,2863,1739,Warm B,0.5757757425308228,0.17316915094852448,0.5308641975308642,1.0,0.23066875338554382,0.5436067581176758,cfg02_G2_D32,cfg02_G2_D32,0.9929953520186245,cuda
validation,2863,1739,Warm C,0.5781465768814087,0.17148271203041077,0.5802469135802469,1.0,0.3733011484146118,0.5097357034683228,cfg02_G2_D32,cfg02_G2_D32,0.9929953520186245,cuda
validation,2877,1748,Cold,0.5729874968528748,0.17053626477718353,0.5555555555555556,1.0,0.0,0.0,cfg02_G2_D32,cfg02_G2_D32,0.9929953520186245,cuda
validation,2877,1748,Warm A,0.5703628659248352,0.17114122211933136,0.5555555555555556,1.0,0.23300662636756897,0.7014073133468628,cfg02_G2_D32,cfg02_G2_D32,0.9929953520186245,cuda
validation,2877,1748,Warm B,0.568544864654541,0.17253518104553223,0.5555555555555556,1.0,0.39607539772987366,0.595365047454834,cfg02_G2_D32,cfg02_G2_D32,0.9929953520186245,cuda
validation,2877,1748,Warm C,0.5691755414009094,0.1725160777568817,0.5555555555555556,1.0,0.5071719884872437,0.4864758551120758,cfg02_G2_D32,cfg02_G2_D32,0.9929953520186245,cuda
validation,2883,1753,Cold,0.5653609037399292,0.17435932159423828,0.6049382716049383,1.0,0.0,0.0,cfg02_G2_D32,cfg02_G2_D32,0.9929953520186245,cuda
validation,2883,1753,Warm A,0.5629702210426331,0.17318351566791534,0.6049382716049383,1.0,0.20545603334903717,0.5783082842826843,cfg02_G2_D32,cfg02_G2_D32,0.9929953520186245,cuda
validation,2883,1753,Warm B,0.5636430978775024,0.17396414279937744,0.6049382716049383,1.0,0.22436054050922394,0.6291190385818481,cfg02_G2_D32,cfg02_G2_D32,0.9929953520186245,cuda
validation,2883,1753,Warm C,0.5614463686943054,0.1766572743654251,0.6049382716049383,1.0,0.3373251259326935,0.6835088729858398,cfg02_G2_D32,cfg02_G2_D32,0.9929953520186245,cuda
validation,2926,1779,Cold,0.5696398615837097,0.17304793000221252,0.6296296296296297,1.0,0.0,0.0,cfg02_G2_D32,cfg02_G2_D32,0.9929953520186245,cuda
validation,2926,1779,Warm A,0.563040554523468,0.1761651337146759,0.6049382716049383,1.0,0.24503295123577118,0.7967530488967896,cfg02_G2_D32,cfg02_G2_D32,0.9929953520186245,cuda
validation,2926,1779,Warm B,0.5625646114349365,0.17684881389141083,0.6296296296296297,1.0,0.43390458822250366,0.603611171245575,cfg02_G2_D32,cfg02_G2_D32,0.9929953520186245,cuda
validation,2926,1779,Warm C,0.563750684261322,0.17572861909866333,0.6049382716049383,1.0,0.3583093583583832,0.5784363150596619,cfg02_G2_D32,cfg02_G2_D32,0.9929953520186245,cuda
validation,2929,1782,Cold,0.5725915431976318,0.1727137714624405,0.6049382716049383,1.0,0.0,0.0,cfg02_G2_D32,cfg02_G2_D32,0.9929953520186245,cuda
validation,2929,1782,Warm A,0.5674936771392822,0.17352314293384552,0.6049382716049383,1.0,0.20402495563030243,0.6452769637107849,cfg02_G2_D32,cfg02_G2_D32,0.9929953520186245,cuda
validation,2929,1782,Warm B,0.5664991736412048,0.17297179996967316,0.5802469135802469,1.0,0.3192908465862274,0.5860885977745056,cfg02_G2_D32,cfg02_G2_D32,0.9929953520186245,cuda
validation,2929,1782,Warm C,0.5647720098495483,0.17383022606372833,0.5802469135802469,1.0,0.30926063656806946,0.581978440284729,cfg02_G2_D32,cfg02_G2_D32,0.9929953520186245,cuda
validation,2948,1794,Cold,0.577210545539856,0.16997146606445312,0.5308641975308642,1.0,0.0,0.0,cfg02_G2_D32,cfg02_G2_D32,0.9929953520186245,cuda
validation,2948,1794,Warm A,0.5740482807159424,0.172289177775383,0.5061728395061729,1.0,0.20492516458034515,0.5341219305992126,cfg02_G2_D32,cfg02_G2_D32,0.9929953520186245,cuda
validation,2948,1794,Warm B,0.571998119354248,0.17298704385757446,0.5061728395061729,1.0,0.2961324453353882,0.5067208409309387,cfg02_G2_D32,cfg02_G2_D32,0.9929953520186245,cuda
validation,2948,1794,Warm C,0.5756564140319824,0.17188209295272827,0.5802469135802469,1.0,0.2726879119873047,0.45101451873779297,cfg02_G2_D32,cfg02_G2_D32,0.9929953520186245,cuda
validation,2985,1817,Cold,0.5707491636276245,0.1675475686788559,0.6296296296296297,1.0,0.0,0.0,cfg02_G2_D32,cfg02_G2_D32,0.9929953520186245,cuda
validation,2985,1817,Warm A,0.5723104476928711,0.1662144958972931,0.6296296296296297,1.0,0.21137723326683044,0.4768446981906891,cfg02_G2_D32,cfg02_G2_D32,0.9929953520186245,cuda
validation,2985,1817,Warm B,0.5648497939109802,0.16843049228191376,0.6049382716049383,1.0,0.2982056140899658,0.755364716053009,cfg02_G2_D32,cfg02_G2_D32,0.9929953520186245,cuda
validation,2985,1817,Warm C,0.5578469038009644,0.17090122401714325,0.6049382716049383,1.0,0.47052526473999023,0.6504641771316528,cfg02_G2_D32,cfg02_G2_D32,0.9929953520186245,cuda
validation,2987,1819,Cold,0.5668635368347168,0.1678137332201004,0.6296296296296297,1.0,0.0,0.0,cfg02_G2_D32,cfg02_G2_D32,0.9929953520186245,cuda
validation,2987,1819,Warm A,0.569354772567749,0.16789764165878296,0.654320987654321,1.0,0.2042488008737564,0.5781946182250977,cfg02_G2_D32,cfg02_G2_D32,0.9929953520186245,cuda
validation,2987,1819,Warm B,0.5663602948188782,0.16814790666103363,0.5802469135802469,1.0,0.3197878897190094,0.5876232981681824,cfg02_G2_D32,cfg02_G2_D32,0.9929953520186245,cuda
validation,2987,1819,Warm C,0.5696038603782654,0.16615183651447296,0.5802469135802469,1.0,0.394094854593277,0.36420366168022156,cfg02_G2_D32,cfg02_G2_D32,0.9929953520186245,cuda
validation,3005,1830,Cold,0.5659193992614746,0.1724877506494522,0.6049382716049383,1.0,0.0,0.0,cfg02_G2_D32,cfg02_G2_D32,0.9929953520186245,cuda
validation,3005,1830,Warm A,0.5734840631484985,0.16979718208312988,0.6296296296296297,1.0,0.22762489318847656,0.4928014278411865,cfg02_G2_D32,cfg02_G2_D32,0.9929953520186245,cuda
validation,3005,1830,Warm B,0.5780482292175293,0.1686546951532364,0.6296296296296297,1.0,0.4037224352359772,0.5550971031188965,cfg02_G2_D32,cfg02_G2_D32,0.9929953520186245,cuda
validation,3005,1830,Warm C,0.5753756761550903,0.17083345353603363,0.6296296296296297,1.0,0.4790380001068115,0.5546566247940063,cfg02_G2_D32,cfg02_G2_D32,0.9929953520186245,cuda
validation,3022,1841,Cold,0.5884512662887573,0.19268836081027985,0.5308641975308642,1.0,0.0,0.0,cfg02_G2_D32,cfg02_G2_D32,0.9929953520186245,cuda
validation,3022,1841,Warm A,0.5916802883148193,0.19377592206001282,0.5555555555555556,1.0,0.20910659432411194,0.30783697962760925,cfg02_G2_D32,cfg02_G2_D32,0.9929953520186245,cuda
validation,3022,1841,Warm B,0.5956748723983765,0.1940968632698059,0.5308641975308642,1.0,0.34122714400291443,0.16064468026161194,cfg02_G2_D32,cfg02_G2_D32,0.9929953520186245,cuda
validation,3022,1841,Warm C,0.5999495983123779,0.19408340752124786,0.5555555555555556,1.0,0.5147117376327515,0.2237309217453003,cfg02_G2_D32,cfg02_G2_D32,0.9929953520186245,cuda
validation,3037,1851,Cold,0.5751347541809082,0.171488955616951,0.5555555555555556,1.0,0.0,0.0,cfg02_G2_D32,cfg02_G2_D32,0.9929953520186245,cuda
validation,3037,1851,Warm A,0.577547013759613,0.1702081263065338,0.5802469135802469,1.0,0.22674818336963654,0.4656451344490051,cfg02_G2_D32,cfg02_G2_D32,0.9929953520186245,cuda
validation,3037,1851,Warm B,0.5738605260848999,0.17034600675106049,0.5308641975308642,1.0,0.21204784512519836,0.42973342537879944,cfg02_G2_D32,cfg02_G2_D32,0.9929953520186245,cuda
validation,3037,1851,Warm C,0.5776311755180359,0.17041704058647156,0.5555555555555556,1.0,0.38744330406188965,0.23082637786865234,cfg02_G2_D32,cfg02_G2_D32,0.9929953520186245,cuda
validation,3040,1854,Cold,0.5689338445663452,0.17195595800876617,0.6049382716049383,1.0,0.0,0.0,cfg02_G2_D32,cfg02_G2_D32,0.9929953520186245,cuda
validation,3040,1854,Warm A,0.5683065056800842,0.17216826975345612,0.6049382716049383,1.0,0.21970009803771973,0.5427390336990356,cfg02_G2_D32,cfg02_G2_D32,0.9929953520186245,cuda
validation,3040,1854,Warm B,0.5682080984115601,0.17382746934890747,0.6296296296296297,1.0,0.4181838035583496,0.4481185972690582,cfg02_G2_D32,cfg02_G2_D32,0.9929953520186245,cuda
validation,3040,1854,Warm C,0.567412793636322,0.1737036108970642,0.6296296296296297,1.0,0.30579620599746704,0.5163459181785583,cfg02_G2_D32,cfg02_G2_D32,0.9929953520186245,cuda
validation,3062,1868,Cold,0.5770481824874878,0.1728912740945816,0.5308641975308642,1.0,0.0,0.0,cfg02_G2_D32,cfg02_G2_D32,0.9929953520186245,cuda
validation,3062,1868,Warm A,0.5714700818061829,0.17261148989200592,0.5308641975308642,1.0,0.23206491768360138,0.6351630091667175,cfg02_G2_D32,cfg02_G2_D32,0.9929953520186245,cuda
validation,3062,1868,Warm B,0.5740228295326233,0.1733730435371399,0.48148148148148145,1.0,0.21999400854110718,0.42250701785087585,cfg02_G2_D32,cfg02_G2_D32,0.9929953520186245,cuda
validation,3062,1868,Warm C,0.5739884376525879,0.17294077575206757,0.48148148148148145,1.0,0.25711455941200256,0.3742266595363617,cfg02_G2_D32,cfg02_G2_D32,0.9929953520186245,cuda
validation,3072,1875,Cold,0.5681484937667847,0.1726507693529129,0.6296296296296297,1.0,0.0,0.0,cfg02_G2_D32,cfg02_G2_D32,0.9929953520186245,cuda
validation,3072,1875,Warm A,0.5606815218925476,0.17560167610645294,0.5802469135802469,1.0,0.21327756345272064,0.6516281962394714,cfg02_G2_D32,cfg02_G2_D32,0.9929953520186245,cuda
validation,3072,1875,Warm B,0.5649298429489136,0.1747770756483078,0.6049382716049383,1.0,0.17583490908145905,0.43744441866874695,cfg02_G2_D32,cfg02_G2_D32,0.9929953520186245,cuda
validation,3072,1875,Warm C,0.5639328956604004,0.1747654378414154,0.6049382716049383,1.0,0.18505419790744781,0.46079355478286743,cfg02_G2_D32,cfg02_G2_D32,0.9929953520186245,cuda
validation,3081,1882,Cold,0.5671016573905945,0.16831845045089722,0.6049382716049383,1.0,0.0,0.0,cfg02_G2_D32,cfg02_G2_D32,0.9929953520186245,cuda
validation,3081,1882,Warm A,0.5588195323944092,0.17113237082958221,0.6049382716049383,1.0,0.21301361918449402,0.7124959230422974,cfg02_G2_D32,cfg02_G2_D32,0.9929953520186245,cuda
validation,3081,1882,Warm B,0.5564359426498413,0.1712665855884552,0.6049382716049383,1.0,0.3464706540107727,0.6007089018821716,cfg02_G2_D32,cfg02_G2_D32,0.9929953520186245,cuda
validation,3081,1882,Warm C,0.5588393211364746,0.16986827552318573,0.6049382716049383,1.0,0.35706570744514465,0.5634288787841797,cfg02_G2_D32,cfg02_G2_D32,0.9929953520186245,cuda
validation,3088,1887,Cold,0.5823979377746582,0.18125519156455994,0.5061728395061729,1.0,0.0,0.0,cfg02_G2_D32,cfg02_G2_D32,0.9929953520186245,cuda
validation,3088,1887,Warm A,0.5861066579818726,0.1795177310705185,0.5555555555555556,1.0,0.22315655648708344,0.4302233159542084,cfg02_G2_D32,cfg02_G2_D32,0.9929953520186245,cuda
validation,3088,1887,Warm B,0.590283215045929,0.18107686936855316,0.5555555555555556,1.0,0.3668622672557831,0.329272985458374,cfg02_G2_D32,cfg02_G2_D32,0.9929953520186245,cuda
validation,3088,1887,Warm C,0.5865494608879089,0.1799628734588623,0.5555555555555556,1.0,0.26786333322525024,0.6061884164810181,cfg02_G2_D32,cfg02_G2_D32,0.9929953520186245,cuda
validation,3089,1888,Cold,0.5835542678833008,0.18204833567142487,0.5308641975308642,1.0,0.0,0.0,cfg02_G2_D32,cfg02_G2_D32,0.9929953520186245,cuda
validation,3089,1888,Warm A,0.5884820222854614,0.1810985803604126,0.5802469135802469,1.0,0.24816784262657166,0.24420066177845,cfg02_G2_D32,cfg02_G2_D32,0.9929953520186245,cuda
validation,3089,1888,Warm B,0.5844197273254395,0.18089844286441803,0.5555555555555556,1.0,0.0922604501247406,0.4842067360877991,cfg02_G2_D32,cfg02_G2_D32,0.9929953520186245,cuda
validation,3089,1888,Warm C,0.5800026655197144,0.181440532207489,0.5061728395061729,1.0,0.21824154257774353,0.5394876003265381,cfg02_G2_D32,cfg02_G2_D32,0.9929953520186245,cuda
validation,3100,1898,Cold,0.5683197379112244,0.17271848022937775,0.6296296296296297,1.0,0.0,0.0,cfg02_G2_D32,cfg02_G2_D32,0.9929953520186245,cuda
validation,3100,1898,Warm A,0.573492705821991,0.1720687597990036,0.654320987654321,1.0,0.2083691954612732,0.4435664117336273,cfg02_G2_D32,cfg02_G2_D32,0.9929953520186245,cuda
validation,3100,1898,Warm B,0.5750861167907715,0.17277668416500092,0.6049382716049383,1.0,0.31744399666786194,0.491736501455307,cfg02_G2_D32,cfg02_G2_D32,0.9929953520186245,cuda
validation,3100,1898,Warm C,0.5782393217086792,0.1730840504169464,0.654320987654321,1.0,0.48322898149490356,0.48826226592063904,cfg02_G2_D32,cfg02_G2_D32,0.9929953520186245,cuda
validation,3145,1922,Cold,0.5675204992294312,0.17434397339820862,0.6049382716049383,1.0,0.0,0.0,cfg02_G2_D32,cfg02_G2_D32,0.9929953520186245,cuda
validation,3145,1922,Warm A,0.5647510290145874,0.17649826407432556,0.6049382716049383,1.0,0.24525657296180725,0.9200472831726074,cfg02_G2_D32,cfg02_G2_D32,0.9929953520186245,cuda
validation,3145,1922,Warm B,0.559041440486908,0.1781345009803772,0.6049382716049383,1.0,0.3926551043987274,0.7530387043952942,cfg02_G2_D32,cfg02_G2_D32,0.9929953520186245,cuda
validation,3145,1922,Warm C,0.5610386729240417,0.17646938562393188,0.6049382716049383,1.0,0.33086317777633667,0.5717471241950989,cfg02_G2_D32,cfg02_G2_D32,0.9929953520186245,cuda
validation,3146,1923,Cold,0.5660274028778076,0.17420323193073273,0.6049382716049383,1.0,0.0,0.0,cfg02_G2_D32,cfg02_G2_D32,0.9929953520186245,cuda
validation,3146,1923,Warm A,0.5701853632926941,0.17255522310733795,0.6296296296296297,1.0,0.2257205992937088,0.5039188265800476,cfg02_G2_D32,cfg02_G2_D32,0.9929953520186245,cuda
validation,3146,1923,Warm B,0.5695406198501587,0.17341746389865875,0.654320987654321,1.0,0.3883078992366791,0.5997409820556641,cfg02_G2_D32,cfg02_G2_D32,0.9929953520186245,cuda
validation,3146,1923,Warm C,0.5689857006072998,0.17557159066200256,0.654320987654321,1.0,0.543230414390564,0.5297734141349792,cfg02_G2_D32,cfg02_G2_D32,0.9929953520186245,cuda
validation,3156,1929,Cold,0.5665164589881897,0.17223258316516876,0.6049382716049383,1.0,0.0,0.0,cfg02_G2_D32,cfg02_G2_D32,0.9929953520186245,cuda
validation,3156,1929,Warm A,0.5708648562431335,0.1700749397277832,0.6296296296296297,1.0,0.22743640840053558,0.47672805190086365,cfg02_G2_D32,cfg02_G2_D32,0.9929953520186245,cuda
validation,3156,1929,Warm B,0.5776366591453552,0.16851644217967987,0.6296296296296297,1.0,0.3442187011241913,0.4116396903991699,cfg02_G2_D32,cfg02_G2_D32,0.9929953520186245,cuda
validation,3156,1929,Warm C,0.5759264826774597,0.16916555166244507,0.6790123456790124,1.0,0.39158207178115845,0.43398380279541016,cfg02_G2_D32,cfg02_G2_D32,0.9929953520186245,cuda
validation,3157,1930,Cold,0.5653313398361206,0.17204415798187256,0.6049382716049383,1.0,0.0,0.0,cfg02_G2_D32,cfg02_G2_D32,0.9929953520186245,cuda
validation,3157,1930,Warm A,0.5635331869125366,0.17339563369750977,0.6049382716049383,1.0,0.19494695961475372,0.6612615585327148,cfg02_G2_D32,cfg02_G2_D32,0.9929953520186245,cuda
validation,3157,1930,Warm B,0.5657491087913513,0.17331050336360931,0.6049382716049383,1.0,0.268252432346344,0.6038689017295837,cfg02_G2_D32,cfg02_G2_D32,0.9929953520186245,cuda
validation,3157,1930,Warm C,0.5573489665985107,0.17590823769569397,0.6049382716049383,1.0,0.4366024434566498,0.8166799545288086,cfg02_G2_D32,cfg02_G2_D32,0.9929953520186245,cuda
validation,3169,1937,Cold,0.5718736052513123,0.17391802370548248,0.6049382716049383,1.0,0.0,0.0,cfg02_G2_D32,cfg02_G2_D32,0.9929953520186245,cuda
validation,3169,1937,Warm A,0.5712364912033081,0.1737048178911209,0.6296296296296297,1.0,0.20263822376728058,0.5617711544036865,cfg02_G2_D32,cfg02_G2_D32,0.9929953520186245,cuda
validation,3169,1937,Warm B,0.5751547813415527,0.17171895503997803,0.6296296296296297,1.0,0.19048936665058136,0.46777161955833435,cfg02_G2_D32,cfg02_G2_D32,0.9929953520186245,cuda
validation,3169,1937,Warm C,0.5804229378700256,0.1685769259929657,0.6296296296296297,1.0,0.3413403332233429,0.43336939811706543,cfg02_G2_D32,cfg02_G2_D32,0.9929953520186245,cuda
validation,3203,1959,Cold,0.5680459141731262,0.17109045386314392,0.6296296296296297,1.0,0.0,0.0,cfg02_G2_D32,cfg02_G2_D32,0.9929953520186245,cuda
validation,3203,1959,Warm A,0.5662261843681335,0.17365103960037231,0.6049382716049383,1.0,0.2288721799850464,0.6056396961212158,cfg02_G2_D32,cfg02_G2_D32,0.9929953520186245,cuda
validation,3203,1959,Warm B,0.5658919811248779,0.1748126745223999,0.6049382716049383,1.0,0.19363537430763245,0.4592723846435547,cfg02_G2_D32,cfg02_G2_D32,0.9929953520186245,cuda
validation,3203,1959,Warm C,0.5681079030036926,0.17206040024757385,0.5802469135802469,1.0,0.24706991016864777,0.5483877658843994,cfg02_G2_D32,cfg02_G2_D32,0.9929953520186245,cuda
validation,3213,1965,Cold,0.5690180063247681,0.16920077800750732,0.6296296296296297,1.0,0.0,0.0,cfg02_G2_D32,cfg02_G2_D32,0.9929953520186245,cuda
validation,3213,1965,Warm A,0.5587905049324036,0.1710870862007141,0.6049382716049383,1.0,0.2137739509344101,0.6601155400276184,cfg02_G2_D32,cfg02_G2_D32,0.9929953520186245,cuda
validation,3213,1965,Warm B,0.55880206823349,0.1728411465883255,0.6049382716049383,1.0,0.3343920111656189,0.6645600199699402,cfg02_G2_D32,cfg02_G2_D32,0.9929953520186245,cuda
validation,3213,1965,Warm C,0.5592787265777588,0.17241239547729492,0.6049382716049383,1.0,0.4616090953350067,0.6268386840820312,cfg02_G2_D32,cfg02_G2_D32,0.9929953520186245,cuda
validation,3219,1968,Cold,0.5705761313438416,0.17111817002296448,0.6296296296296297,1.0,0.0,0.0,cfg02_G2_D32,cfg02_G2_D32,0.9929953520186245,cuda
validation,3219,1968,Warm A,0.5773440599441528,0.16749587655067444,0.654320987654321,1.0,0.212879940867424,0.4207732677459717,cfg02_G2_D32,cfg02_G2_D32,0.9929953520186245,cuda
validation,3219,1968,Warm B,0.5757940411567688,0.168482705950737,0.6296296296296297,1.0,0.2636714577674866,0.5603122711181641,cfg02_G2_D32,cfg02_G2_D32,0.9929953520186245,cuda
validation,3219,1968,Warm C,0.5745397210121155,0.1677532196044922,0.654320987654321,1.0,0.387947678565979,0.608322262763977,cfg02_G2_D32,cfg02_G2_D32,0.9929953520186245,cuda
validation,3238,1973,Cold,0.565946102142334,0.17221881449222565,0.6049382716049383,1.0,0.0,0.0,cfg02_G2_D32,cfg02_G2_D32,0.9929953520186245,cuda
validation,3238,1973,Warm A,0.5658851861953735,0.17371219396591187,0.6296296296296297,1.0,0.2244352400302887,0.6372055411338806,cfg02_G2_D32,cfg02_G2_D32,0.9929953520186245,cuda
validation,3238,1973,Warm B,0.568612813949585,0.17315270006656647,0.6296296296296297,1.0,0.38835054636001587,0.3969956040382385,cfg02_G2_D32,cfg02_G2_D32,0.9929953520186245,cuda
validation,3238,1973,Warm C,0.569564700126648,0.17412102222442627,0.6296296296296297,1.0,0.46395429968833923,0.333722323179245,cfg02_G2_D32,cfg02_G2_D32,0.9929953520186245,cuda
validation,3246,1976,Cold,0.5698469877243042,0.1733979880809784,0.6296296296296297,1.0,0.0,0.0,cfg02_G2_D32,cfg02_G2_D32,0.9929953520186245,cuda
validation,3246,1976,Warm A,0.5708413124084473,0.17225784063339233,0.6296296296296297,1.0,0.21140865981578827,0.5152947902679443,cfg02_G2_D32,cfg02_G2_D32,0.9929953520186245,cuda
validation,3246,1976,Warm B,0.5715065598487854,0.17286956310272217,0.654320987654321,1.0,0.2079649716615677,0.594620406627655,cfg02_G2_D32,cfg02_G2_D32,0.9929953520186245,cuda
validation,3246,1976,Warm C,0.5687759518623352,0.17415130138397217,0.654320987654321,1.0,0.2939643859863281,0.6845251321792603,cfg02_G2_D32,cfg02_G2_D32,0.9929953520186245,cuda
validation,3255,1985,Cold,0.5671497583389282,0.17267601191997528,0.6049382716049383,1.0,0.0,0.0,cfg02_G2_D32,cfg02_G2_D32,0.9929953520186245,cuda
validation,3255,1985,Warm A,0.5723977088928223,0.17175841331481934,0.6296296296296297,1.0,0.23363842070102692,0.4638720452785492,cfg02_G2_D32,cfg02_G2_D32,0.9929953520186245,cuda
validation,3255,1985,Warm B,0.5741791725158691,0.170840322971344,0.6296296296296297,1.0,0.2154092937707901,0.530566394329071,cfg02_G2_D32,cfg02_G2_D32,0.9929953520186245,cuda
validation,3255,1985,Warm C,0.5767425894737244,0.17117485404014587,0.654320987654321,1.0,0.35596203804016113,0.4929780662059784,cfg02_G2_D32,cfg02_G2_D32,0.9929953520186245,cuda
validation,3257,1987,Cold,0.5687417387962341,0.1704127937555313,0.6296296296296297,1.0,0.0,0.0,cfg02_G2_D32,cfg02_G2_D32,0.9929953520186245,cuda
validation,3257,1987,Warm A,0.5736775994300842,0.16996563971042633,0.654320987654321,1.0,0.21278749406337738,0.3991364538669586,cfg02_G2_D32,cfg02_G2_D32,0.9929953520186245,cuda
validation,3257,1987,Warm B,0.5808073282241821,0.16783758997917175,0.6790123456790124,1.0,0.3110036849975586,0.3424883782863617,cfg02_G2_D32,cfg02_G2_D32,0.9929953520186245,cuda
validation,3257,1987,Warm C,0.5798068642616272,0.17034941911697388,0.7037037037037037,1.0,0.34354349970817566,0.5073933601379395,cfg02_G2_D32,cfg02_G2_D32,0.9929953520186245,cuda
validation,3260,1990,Cold,0.5705105662345886,0.17254681885242462,0.6296296296296297,1.0,0.0,0.0,cfg02_G2_D32,cfg02_G2_D32,0.9929953520186245,cuda
validation,3260,1990,Warm A,0.5685129761695862,0.173600435256958,0.6049382716049383,1.0,0.20792840421199799,0.5583724975585938,cfg02_G2_D32,cfg02_G2_D32,0.9929953520186245,cuda
validation,3260,1990,Warm B,0.568146824836731,0.1745213270187378,0.6049382716049383,1.0,0.3707214891910553,0.49479761719703674,cfg02_G2_D32,cfg02_G2_D32,0.9929953520186245,cuda
validation,3260,1990,Warm C,0.5724748373031616,0.1737331598997116,0.6296296296296297,1.0,0.38605520129203796,0.4188081920146942,cfg02_G2_D32,cfg02_G2_D32,0.9929953520186245,cuda
validation,3273,2002,Cold,0.5661428570747375,0.16923262178897858,0.6049382716049383,1.0,0.0,0.0,cfg02_G2_D32,cfg02_G2_D32,0.9929953520186245,cuda
validation,3273,2002,Warm A,0.5603687763214111,0.1712055504322052,0.6049382716049383,1.0,0.22989048063755035,0.6266645193099976,cfg02_G2_D32,cfg02_G2_D32,0.9929953520186245,cuda
validation,3273,2002,Warm B,0.5650763511657715,0.1721440553665161,0.6296296296296297,1.0,0.33738958835601807,0.5423206686973572,cfg02_G2_D32,cfg02_G2_D32,0.9929953520186245,cuda
validation,3273,2002,Warm C,0.572879433631897,0.16917185485363007,0.654320987654321,1.0,0.24080711603164673,0.2667108476161957,cfg02_G2_D32,cfg02_G2_D32,0.9929953520186245,cuda
validation,3301,2012,Cold,0.5645331144332886,0.1728326678276062,0.6049382716049383,1.0,0.0,0.0,cfg02_G2_D32,cfg02_G2_D32,0.9929953520186245,cuda
validation,3301,2012,Warm A,0.5717089772224426,0.1697174310684204,0.6296296296296297,1.0,0.2447148859500885,0.4644620418548584,cfg02_G2_D32,cfg02_G2_D32,0.9929953520186245,cuda
validation,3301,2012,Warm B,0.574044942855835,0.16979365050792694,0.6296296296296297,1.0,0.29802149534225464,0.5251452326774597,cfg02_G2_D32,cfg02_G2_D32,0.9929953520186245,cuda
validation,3301,2012,Warm C,0.5677193403244019,0.17134812474250793,0.6296296296296297,1.0,0.2419268637895584,0.6886328458786011,cfg02_G2_D32,cfg02_G2_D32,0.9929953520186245,cuda
validation,3316,2016,Cold,0.5650201439857483,0.17099246382713318,0.6296296296296297,1.0,0.0,0.0,cfg02_G2_D32,cfg02_G2_D32,0.9929953520186245,cuda
validation,3316,2016,Warm A,0.5691928863525391,0.17070063948631287,0.6296296296296297,1.0,0.22955617308616638,0.3220103085041046,cfg02_G2_D32,cfg02_G2_D32,0.9929953520186245,cuda
validation,3316,2016,Warm B,0.5678606629371643,0.17174158990383148,0.6296296296296297,1.0,0.28625357151031494,0.5529047250747681,cfg02_G2_D32,cfg02_G2_D32,0.9929953520186245,cuda
validation,3316,2016,Warm C,0.5653343796730042,0.17322956025600433,0.6296296296296297,1.0,0.35292166471481323,0.5826877951622009,cfg02_G2_D32,cfg02_G2_D32,0.9929953520186245,cuda
validation,3342,2027,Cold,0.5712384581565857,0.17052824795246124,0.6049382716049383,1.0,0.0,0.0,cfg02_G2_D32,cfg02_G2_D32,0.9929953520186245,cuda
validation,3342,2027,Warm A,0.5664235949516296,0.1729256510734558,0.6049382716049383,1.0,0.232261523604393,0.7027835249900818,cfg02_G2_D32,cfg02_G2_D32,0.9929953520186245,cuda
validation,3342,2027,Warm B,0.5626965761184692,0.17402909696102142,0.6296296296296297,1.0,0.3873927593231201,0.6475297212600708,cfg02_G2_D32,cfg02_G2_D32,0.9929953520186245,cuda
validation,3342,2027,Warm C,0.5667592883110046,0.17368078231811523,0.6049382716049383,1.0,0.22953525185585022,0.36497098207473755,cfg02_G2_D32,cfg02_G2_D32,0.9929953520186245,cuda
validation,3355,2031,Cold,0.5653693079948425,0.17259499430656433,0.6049382716049383,1.0,0.0,0.0,cfg02_G2_D32,cfg02_G2_D32,0.9929953520186245,cuda
validation,3355,2031,Warm A,0.5640529990196228,0.17368967831134796,0.6296296296296297,1.0,0.21737681329250336,0.6238892674446106,cfg02_G2_D32,cfg02_G2_D32,0.9929953520186245,cuda
validation,3355,2031,Warm B,0.5680757164955139,0.17355933785438538,0.6296296296296297,1.0,0.3573794662952423,0.26080942153930664,cfg02_G2_D32,cfg02_G2_D32,0.9929953520186245,cuda
validation,3355,2031,Warm C,0.562445342540741,0.17713409662246704,0.6296296296296297,1.0,0.5313440561294556,0.6728066802024841,cfg02_G2_D32,cfg02_G2_D32,0.9929953520186245,cuda
validation,3361,2036,Cold,0.5683269500732422,0.17309901118278503,0.6296296296296297,1.0,0.0,0.0,cfg02_G2_D32,cfg02_G2_D32,0.9929953520186245,cuda
validation,3361,2036,Warm A,0.5615870356559753,0.17584750056266785,0.5802469135802469,1.0,0.22317960858345032,0.6085176467895508,cfg02_G2_D32,cfg02_G2_D32,0.9929953520186245,cuda
validation,3361,2036,Warm B,0.564651370048523,0.17588886618614197,0.5802469135802469,1.0,0.26562434434890747,0.5402361750602722,cfg02_G2_D32,cfg02_G2_D32,0.9929953520186245,cuda
validation,3361,2036,Warm C,0.5692853331565857,0.1749134063720703,0.6049382716049383,1.0,0.23805588483810425,0.43734118342399597,cfg02_G2_D32,cfg02_G2_D32,0.9929953520186245,cuda
validation,3362,2037,Cold,0.5715628266334534,0.17160701751708984,0.6049382716049383,1.0,0.0,0.0,cfg02_G2_D32,cfg02_G2_D32,0.9929953520186245,cuda
validation,3362,2037,Warm A,0.5707929730415344,0.17151755094528198,0.6049382716049383,1.0,0.2060723900794983,0.5560007095336914,cfg02_G2_D32,cfg02_G2_D32,0.9929953520186245,cuda
validation,3362,2037,Warm B,0.5747634768486023,0.17042052745819092,0.6049382716049383,1.0,0.3093821406364441,0.2956908643245697,cfg02_G2_D32,cfg02_G2_D32,0.9929953520186245,cuda
validation,3362,2037,Warm C,0.5743317008018494,0.17095410823822021,0.6049382716049383,1.0,0.33954182267189026,0.41952377557754517,cfg02_G2_D32,cfg02_G2_D32,0.9929953520186245,cuda
validation,3408,2062,Cold,0.5662075281143188,0.17359450459480286,0.6049382716049383,1.0,0.0,0.0,cfg02_G2_D32,cfg02_G2_D32,0.9929953520186245,cuda
validation,3408,2062,Warm A,0.5693320035934448,0.1735953539609909,0.6049382716049383,1.0,0.2437092661857605,0.31488391757011414,cfg02_G2_D32,cfg02_G2_D32,0.9929953520186245,cuda
validation,3408,2062,Warm B,0.5668864250183105,0.17429836094379425,0.6049382716049383,1.0,0.12726056575775146,0.524947464466095,cfg02_G2_D32,cfg02_G2_D32,0.9929953520186245,cuda
validation,3408,2062,Warm C,0.5615805983543396,0.17676538228988647,0.6296296296296297,1.0,0.2211647629737854,0.5728568434715271,cfg02_G2_D32,cfg02_G2_D32,0.9929953520186245,cuda
validation,3409,2063,Cold,0.5683953762054443,0.1729324758052826,0.6049382716049383,1.0,0.0,0.0,cfg02_G2_D32,cfg02_G2_D32,0.9929953520186245,cuda
validation,3409,2063,Warm A,0.5691787600517273,0.17270834743976593,0.6296296296296297,1.0,0.2224472016096115,0.6085616946220398,cfg02_G2_D32,cfg02_G2_D32,0.9929953520186245,cuda
validation,3409,2063,Warm B,0.5716512799263,0.17079785466194153,0.6296296296296297,1.0,0.2463986873626709,0.46437713503837585,cfg02_G2_D32,cfg02_G2_D32,0.9929953520186245,cuda
validation,3409,2063,Warm C,0.5770857930183411,0.16893407702445984,0.654320987654321,1.0,0.40463727712631226,0.3749956786632538,cfg02_G2_D32,cfg02_G2_D32,0.9929953520186245,cuda
validation,3438,2081,Cold,0.5723005533218384,0.1676492691040039,0.6296296296296297,1.0,0.0,0.0,cfg02_G2_D32,cfg02_G2_D32,0.9929953520186245,cuda
validation,3438,2081,Warm A,0.5654031038284302,0.16922235488891602,0.6296296296296297,1.0,0.2180568128824234,0.5955930948257446,cfg02_G2_D32,cfg02_G2_D32,0.9929953520186245,cuda
validation,3438,2081,Warm B,0.5718991160392761,0.1678433120250702,0.6296296296296297,1.0,0.2698410451412201,0.2559470236301422,cfg02_G2_D32,cfg02_G2_D32,0.9929953520186245,cuda
validation,3438,2081,Warm C,0.5694829821586609,0.16975411772727966,0.6296296296296297,1.0,0.3977341651916504,0.28774794936180115,cfg02_G2_D32,cfg02_G2_D32,0.9929953520186245,cuda
validation,3448,2088,Cold,0.5683659911155701,0.1706722527742386,0.6296296296296297,1.0,0.0,0.0,cfg02_G2_D32,cfg02_G2_D32,0.9929953520186245,cuda
validation,3448,2088,Warm A,0.5677040219306946,0.17051981389522552,0.6296296296296297,1.0,0.19477683305740356,0.5878562927246094,cfg02_G2_D32,cfg02_G2_D32,0.9929953520186245,cuda
validation,3448,2088,Warm B,0.5690471529960632,0.17001953721046448,0.6049382716049383,1.0,0.11205153912305832,0.41931867599487305,cfg02_G2_D32,cfg02_G2_D32,0.9929953520186245,cuda
validation,3448,2088,Warm C,0.5709460973739624,0.16888707876205444,0.6049382716049383,1.0,0.23790735006332397,0.45254918932914734,cfg02_G2_D32,cfg02_G2_D32,0.9929953520186245,cuda
validation,3450,2089,Cold,0.5672967433929443,0.17357343435287476,0.6049382716049383,1.0,0.0,0.0,cfg02_G2_D32,cfg02_G2_D32,0.9929953520186245,cuda
validation,3450,2089,Warm A,0.5700239539146423,0.17528408765792847,0.6296296296296297,1.0,0.2114383429288864,0.6081004738807678,cfg02_G2_D32,cfg02_G2_D32,0.9929953520186245,cuda
validation,3450,2089,Warm B,0.5686121582984924,0.1750606745481491,0.6296296296296297,1.0,0.22945207357406616,0.5850149989128113,cfg02_G2_D32,cfg02_G2_D32,0.9929953520186245,cuda
validation,3450,2089,Warm C,0.5694640278816223,0.17349611222743988,0.654320987654321,1.0,0.26272162795066833,0.5087992548942566,cfg02_G2_D32,cfg02_G2_D32,0.9929953520186245,cuda
validation,3462,2097,Cold,0.5848719477653503,0.18735580146312714,0.5061728395061729,1.0,0.0,0.0,cfg02_G2_D32,cfg02_G2_D32,0.9929953520186245,cuda
validation,3462,2097,Warm A,0.5805486440658569,0.1879803091287613,0.48148148148148145,1.0,0.23244716227054596,0.6160758137702942,cfg02_G2_D32,cfg02_G2_D32,0.9929953520186245,cuda
validation,3462,2097,Warm B,0.5808975696563721,0.18715305626392365,0.5061728395061729,1.0,0.22754330933094025,0.43849799036979675,cfg02_G2_D32,cfg02_G2_D32,0.9929953520186245,cuda
validation,3462,2097,Warm C,0.5855826735496521,0.18601813912391663,0.5061728395061729,1.0,0.20271262526512146,0.20419137179851532,cfg02_G2_D32,cfg02_G2_D32,0.9929953520186245,cuda
validation,3468,2100,Cold,0.5805171132087708,0.1781424582004547,0.5308641975308642,1.0,0.0,0.0,cfg02_G2_D32,cfg02_G2_D32,0.9929953520186245,cuda
validation,3468,2100,Warm A,0.588151216506958,0.1773449182510376,0.5802469135802469,1.0,0.23853272199630737,0.4157109260559082,cfg02_G2_D32,cfg02_G2_D32,0.9929953520186245,cuda
validation,3468,2100,Warm B,0.5928987860679626,0.17792432010173798,0.5802469135802469,1.0,0.47382500767707825,0.28060266375541687,cfg02_G2_D32,cfg02_G2_D32,0.9929953520186245,cuda
validation,3468,2100,Warm C,0.5922774076461792,0.17936532199382782,0.6049382716049383,1.0,0.5225294828414917,0.2519741654396057,cfg02_G2_D32,cfg02_G2_D32,0.9929953520186245,cuda
validation,3476,2105,Cold,0.5673128962516785,0.16833540797233582,0.6296296296296297,1.0,0.0,0.0,cfg02_G2_D32,cfg02_G2_D32,0.9929953520186245,cuda
validation,3476,2105,Warm A,0.5606974959373474,0.16951899230480194,0.6049382716049383,1.0,0.2221726030111313,0.6867582201957703,cfg02_G2_D32,cfg02_G2_D32,0.9929953520186245,cuda
validation,3476,2105,Warm B,0.555150032043457,0.17182539403438568,0.5802469135802469,1.0,0.42040354013442993,0.6114625334739685,cfg02_G2_D32,cfg02_G2_D32,0.9929953520186245,cuda
validation,3476,2105,Warm C,0.5525655150413513,0.17315325140953064,0.5555555555555556,1.0,0.5906445980072021,0.7106959223747253,cfg02_G2_D32,cfg02_G2_D32,0.9929953520186245,cuda
validation,3477,2106,Cold,0.5660986304283142,0.17351287603378296,0.6049382716049383,1.0,0.0,0.0,cfg02_G2_D32,cfg02_G2_D32,0.9929953520186245,cuda
validation,3477,2106,Warm A,0.5672075152397156,0.17474310100078583,0.6296296296296297,1.0,0.22894929349422455,0.6551524996757507,cfg02_G2_D32,cfg02_G2_D32,0.9929953520186245,cuda
validation,3477,2106,Warm B,0.5600149631500244,0.17733050882816315,0.6049382716049383,1.0,0.40108218789100647,0.7114126682281494,cfg02_G2_D32,cfg02_G2_D32,0.9929953520186245,cuda
validation,3477,2106,Warm C,0.5656270980834961,0.1758284866809845,0.6296296296296297,1.0,0.2443695366382599,0.4846858084201813,cfg02_G2_D32,cfg02_G2_D32,0.9929953520186245,cuda
validation,3501,2121,Cold,0.5683789849281311,0.169691264629364,0.6049382716049383,1.0,0.0,0.0,cfg02_G2_D32,cfg02_G2_D32,0.9929953520186245,cuda
validation,3501,2121,Warm A,0.5709624290466309,0.16866186261177063,0.6296296296296297,1.0,0.21318671107292175,0.5790762305259705,cfg02_G2_D32,cfg02_G2_D32,0.9929953520186245,cuda
validation,3501,2121,Warm B,0.5716538429260254,0.17047177255153656,0.6049382716049383,1.0,0.32336777448654175,0.5198964476585388,cfg02_G2_D32,cfg02_G2_D32,0.9929953520186245,cuda
validation,3501,2121,Warm C,0.5695210695266724,0.17378298938274384,0.6049382716049383,1.0,0.41114455461502075,0.5838962197303772,cfg02_G2_D32,cfg02_G2_D32,0.9929953520186245,cuda
validation,3513,2133,Cold,0.565605640411377,0.17275427281856537,0.6049382716049383,1.0,0.0,0.0,cfg02_G2_D32,cfg02_G2_D32,0.9929953520186245,cuda
validation,3513,2133,Warm A,0.5701208114624023,0.17293837666511536,0.6296296296296297,1.0,0.19622474908828735,0.5199155211448669,cfg02_G2_D32,cfg02_G2_D32,0.9929953520186245,cuda
validation,3513,2133,Warm B,0.5735735893249512,0.1735815405845642,0.654320987654321,1.0,0.2841251492500305,0.5903441309928894,cfg02_G2_D32,cfg02_G2_D32,0.9929953520186245,cuda
validation,3513,2133,Warm C,0.571047842502594,0.1747281849384308,0.6296296296296297,1.0,0.31888526678085327,0.6306325793266296,cfg02_G2_D32,cfg02_G2_D32,0.9929953520186245,cuda
validation,3525,2140,Cold,0.5721138119697571,0.17334875464439392,0.6296296296296297,1.0,0.0,0.0,cfg02_G2_D32,cfg02_G2_D32,0.9929953520186245,cuda
validation,3525,2140,Warm A,0.5730094313621521,0.17303942143917084,0.6296296296296297,1.0,0.19787630438804626,0.5765015482902527,cfg02_G2_D32,cfg02_G2_D32,0.9929953520186245,cuda
validation,3525,2140,Warm B,0.5778309106826782,0.17294417321681976,0.6049382716049383,1.0,0.3107619285583496,0.42373213171958923,cfg02_G2_D32,cfg02_G2_D32,0.9929953520186245,cuda
validation,3525,2140,Warm C,0.5726094245910645,0.17573770880699158,0.6049382716049383,1.0,0.36857351660728455,0.655337929725647,cfg02_G2_D32,cfg02_G2_D32,0.9929953520186245,cuda
validation,3527,2142,Cold,0.5695676803588867,0.16900192201137543,0.6296296296296297,1.0,0.0,0.0,cfg02_G2_D32,cfg02_G2_D32,0.9929953520186245,cuda
validation,3527,2142,Warm A,0.5706158876419067,0.16759705543518066,0.654320987654321,1.0,0.19678997993469238,0.49264058470726013,cfg02_G2_D32,cfg02_G2_D32,0.9929953520186245,cuda
validation,3527,2142,Warm B,0.5749513506889343,0.1681155562400818,0.6296296296296297,1.0,0.21701176464557648,0.5072329640388489,cfg02_G2_D32,cfg02_G2_D32,0.9929953520186245,cuda
validation,3527,2142,Warm C,0.5706768035888672,0.17187003791332245,0.6296296296296297,1.0,0.27683818340301514,0.6399641036987305,cfg02_G2_D32,cfg02_G2_D32,0.9929953520186245,cuda
validation,3556,2162,Cold,0.5658659934997559,0.17432193458080292,0.6049382716049383,1.0,0.0,0.0,cfg02_G2_D32,cfg02_G2_D32,0.9929953520186245,cuda
validation,3556,2162,Warm A,0.5580785274505615,0.1757977306842804,0.6049382716049383,1.0,0.22466348111629486,0.6597521901130676,cfg02_G2_D32,cfg02_G2_D32,0.9929953520186245,cuda
validation,3556,2162,Warm B,0.5604856014251709,0.1759977638721466,0.6049382716049383,1.0,0.25061360001564026,0.5851230621337891,cfg02_G2_D32,cfg02_G2_D32,0.9929953520186245,cuda
validation,3556,2162,Warm C,0.5615792870521545,0.17695362865924835,0.6296296296296297,1.0,0.34063079953193665,0.6561749577522278,cfg02_G2_D32,cfg02_G2_D32,0.9929953520186245,cuda
validation,3576,2169,Cold,0.5669431686401367,0.1674632579088211,0.6296296296296297,1.0,0.0,0.0,cfg02_G2_D32,cfg02_G2_D32,0.9929953520186245,cuda
validation,3576,2169,Warm A,0.5590543746948242,0.17087344825267792,0.5802469135802469,1.0,0.24237221479415894,0.7580470442771912,cfg02_G2_D32,cfg02_G2_D32,0.9929953520186245,cuda
validation,3576,2169,Warm B,0.5553913712501526,0.17373067140579224,0.5802469135802469,1.0,0.43912380933761597,0.7085707783699036,cfg02_G2_D32,cfg02_G2_D32,0.9929953520186245,cuda
validation,3576,2169,Warm C,0.5566951632499695,0.17428068816661835,0.5802469135802469,1.0,0.41335058212280273,0.5530272722244263,cfg02_G2_D32,cfg02_G2_D32,0.9929953520186245,cuda
validation,3618,2188,Cold,0.5661170482635498,0.17459148168563843,0.6049382716049383,1.0,0.0,0.0,cfg02_G2_D32,cfg02_G2_D32,0.9929953520186245,cuda
validation,3618,2188,Warm A,0.5642918944358826,0.17583131790161133,0.6049382716049383,1.0,0.2081635594367981,0.604533851146698,cfg02_G2_D32,cfg02_G2_D32,0.9929953520186245,cuda
validation,3618,2188,Warm B,0.5646872520446777,0.17481368780136108,0.6049382716049383,1.0,0.38013410568237305,0.5565380454063416,cfg02_G2_D32,cfg02_G2_D32,0.9929953520186245,cuda
validation,3618,2188,Warm C,0.5649131536483765,0.1750182956457138,0.6049382716049383,1.0,0.3285866677761078,0.6409825682640076,cfg02_G2_D32,cfg02_G2_D32,0.9929953520186245,cuda
validation,3629,2195,Cold,0.5877043008804321,0.1935666799545288,0.5308641975308642,1.0,0.0,0.0,cfg02_G2_D32,cfg02_G2_D32,0.9929953520186245,cuda
validation,3629,2195,Warm A,0.5869482755661011,0.1942526251077652,0.5061728395061729,1.0,0.21520715951919556,0.4763956665992737,cfg02_G2_D32,cfg02_G2_D32,0.9929953520186245,cuda
validation,3629,2195,Warm B,0.5841191411018372,0.1956460326910019,0.5061728395061729,1.0,0.293966680765152,0.5062329173088074,cfg02_G2_D32,cfg02_G2_D32,0.9929953520186245,cuda
validation,3629,2195,Warm C,0.5860430002212524,0.1949513852596283,0.5061728395061729,1.0,0.3137223422527313,0.3696906268596649,cfg02_G2_D32,cfg02_G2_D32,0.9929953520186245,cuda
validation,3702,2235,Cold,0.5676230192184448,0.16504375636577606,0.6049382716049383,1.0,0.0,0.0,cfg02_G2_D32,cfg02_G2_D32,0.9929953520186245,cuda
validation,3702,2235,Warm A,0.5656130313873291,0.16561752557754517,0.5802469135802469,1.0,0.1897624135017395,0.5528019070625305,cfg02_G2_D32,cfg02_G2_D32,0.9929953520186245,cuda
validation,3702,2235,Warm B,0.5633653402328491,0.1674850583076477,0.5555555555555556,1.0,0.3044820725917816,0.485750675201416,cfg02_G2_D32,cfg02_G2_D32,0.9929953520186245,cuda
validation,3702,2235,Warm C,0.5641093254089355,0.1671285629272461,0.5555555555555556,1.0,0.29342857003211975,0.5992938280105591,cfg02_G2_D32,cfg02_G2_D32,0.9929953520186245,cuda
validation,3705,2238,Cold,0.5688369870185852,0.16849103569984436,0.6296296296296297,1.0,0.0,0.0,cfg02_G2_D32,cfg02_G2_D32,0.9929953520186245,cuda
validation,3705,2238,Warm A,0.5738241672515869,0.16725772619247437,0.654320987654321,1.0,0.20589789748191833,0.3305180072784424,cfg02_G2_D32,cfg02_G2_D32,0.9929953520186245,cuda
validation,3705,2238,Warm B,0.5790068507194519,0.16683417558670044,0.7037037037037037,1.0,0.40879783034324646,0.37695416808128357,cfg02_G2_D32,cfg02_G2_D32,0.9929953520186245,cuda
validation,3705,2238,Warm C,0.5734270811080933,0.16902752220630646,0.7037037037037037,1.0,0.4915788173675537,0.44630908966064453,cfg02_G2_D32,cfg02_G2_D32,0.9929953520186245,cuda
validation,3729,2258,Cold,0.5730233788490295,0.16893482208251953,0.5555555555555556,1.0,0.0,0.0,cfg02_G2_D32,cfg02_G2_D32,0.9929953520186245,cuda
validation,3729,2258,Warm A,0.5716091990470886,0.16973862051963806,0.5555555555555556,1.0,0.22363652288913727,0.6420143842697144,cfg02_G2_D32,cfg02_G2_D32,0.9929953520186245,cuda
validation,3729,2258,Warm B,0.5695818662643433,0.1728120595216751,0.5802469135802469,1.0,0.4319702684879303,0.6888828873634338,cfg02_G2_D32,cfg02_G2_D32,0.9929953520186245,cuda
validation,3729,2258,Warm C,0.5664492845535278,0.17343208193778992,0.5555555555555556,1.0,0.4346330165863037,0.5489344000816345,cfg02_G2_D32,cfg02_G2_D32,0.9929953520186245,cuda
validation,3733,2261,Cold,0.5759204030036926,0.17385508120059967,0.5802469135802469,1.0,0.0,0.0,cfg02_G2_D32,cfg02_G2_D32,0.9929953520186245,cuda
validation,3733,2261,Warm A,0.5819706916809082,0.1719769984483719,0.6049382716049383,1.0,0.24483095109462738,0.23488068580627441,cfg02_G2_D32,cfg02_G2_D32,0.9929953520186245,cuda
validation,3733,2261,Warm B,0.5866581201553345,0.1723972111940384,0.6049382716049383,1.0,0.4577119052410126,0.3394167423248291,cfg02_G2_D32,cfg02_G2_D32,0.9929953520186245,cuda
validation,3733,2261,Warm C,0.5827953815460205,0.17132510244846344,0.6049382716049383,1.0,0.25403088331222534,0.6064915060997009,cfg02_G2_D32,cfg02_G2_D32,0.9929953520186245,cuda
validation,3735,2262,Cold,0.5737180113792419,0.17177118360996246,0.5802469135802469,1.0,0.0,0.0,cfg02_G2_D32,cfg02_G2_D32,0.9929953520186245,cuda
validation,3735,2262,Warm A,0.5798536539077759,0.17095346748828888,0.5802469135802469,1.0,0.2472621500492096,0.22812886536121368,cfg02_G2_D32,cfg02_G2_D32,0.9929953520186245,cuda
validation,3735,2262,Warm B,0.5820919275283813,0.168991357088089,0.6049382716049383,1.0,0.4517568051815033,0.29899120330810547,cfg02_G2_D32,cfg02_G2_D32,0.9929953520186245,cuda
validation,3735,2262,Warm C,0.5868847966194153,0.16867521405220032,0.6049382716049383,1.0,0.5993162393569946,0.278635174036026,cfg02_G2_D32,cfg02_G2_D32,0.9929953520186245,cuda
validation,3744,2268,Cold,0.5644885897636414,0.16974544525146484,0.6296296296296297,1.0,0.0,0.0,cfg02_G2_D32,cfg02_G2_D32,0.9929953520186245,cuda
validation,3744,2268,Warm A,0.568298876285553,0.16801749169826508,0.6296296296296297,1.0,0.23217295110225677,0.4718265235424042,cfg02_G2_D32,cfg02_G2_D32,0.9929953520186245,cuda
validation,3744,2268,Warm B,0.5734302997589111,0.16563567519187927,0.6296296296296297,1.0,0.37795132398605347,0.4558410346508026,cfg02_G2_D32,cfg02_G2_D32,0.9929953520186245,cuda
validation,3744,2268,Warm C,0.5719122886657715,0.16553205251693726,0.6296296296296297,1.0,0.3916119635105133,0.569616973400116,cfg02_G2_D32,cfg02_G2_D32,0.9929953520186245,cuda
validation,3760,2278,Cold,0.5711125135421753,0.1733286827802658,0.6049382716049383,1.0,0.0,0.0,cfg02_G2_D32,cfg02_G2_D32,0.9929953520186245,cuda
validation,3760,2278,Warm A,0.571899950504303,0.17352086305618286,0.5802469135802469,1.0,0.2036726027727127,0.62811678647995,cfg02_G2_D32,cfg02_G2_D32,0.9929953520186245,cuda
validation,3760,2278,Warm B,0.5740593671798706,0.17413945496082306,0.6049382716049383,1.0,0.20221944153308868,0.560827910900116,cfg02_G2_D32,cfg02_G2_D32,0.9929953520186245,cuda
validation,3760,2278,Warm C,0.5787314772605896,0.17250636219978333,0.6049382716049383,1.0,0.29850587248802185,0.5298094153404236,cfg02_G2_D32,cfg02_G2_D32,0.9929953520186245,cuda
validation,3841,2326,Cold,0.5688340663909912,0.17101679742336273,0.6296296296296297,1.0,0.0,0.0,cfg02_G2_D32,cfg02_G2_D32,0.9929953520186245,cuda
validation,3841,2326,Warm A,0.574188232421875,0.17038333415985107,0.654320987654321,1.0,0.2157461941242218,0.34417983889579773,cfg02_G2_D32,cfg02_G2_D32,0.9929953520186245,cuda
validation,3841,2326,Warm B,0.5782284140586853,0.1706203818321228,0.7037037037037037,1.0,0.40321114659309387,0.33506283164024353,cfg02_G2_D32,cfg02_G2_D32,0.9929953520186245,cuda
validation,3841,2326,Warm C,0.5679372549057007,0.17287056148052216,0.6296296296296297,1.0,0.46407434344291687,0.6150602102279663,cfg02_G2_D32,cfg02_G2_D32,0.9929953520186245,cuda
validation,3861,2332,Cold,0.5645409822463989,0.1751069724559784,0.6049382716049383,1.0,0.0,0.0,cfg02_G2_D32,cfg02_G2_D32,0.9929953520186245,cuda
validation,3861,2332,Warm A,0.5621379613876343,0.175022691488266,0.6296296296296297,1.0,0.23168537020683289,0.7087517976760864,cfg02_G2_D32,cfg02_G2_D32,0.9929953520186245,cuda
validation,3861,2332,Warm B,0.5623100996017456,0.17632721364498138,0.6296296296296297,1.0,0.40996435284614563,0.6722471117973328,cfg02_G2_D32,cfg02_G2_D32,0.9929953520186245,cuda
validation,3861,2332,Warm C,0.5664453506469727,0.17507681250572205,0.6296296296296297,1.0,0.3243197500705719,0.5509320497512817,cfg02_G2_D32,cfg02_G2_D32,0.9929953520186245,cuda
validation,3882,2343,Cold,0.5655593872070312,0.17439766228199005,0.6049382716049383,1.0,0.0,0.0,cfg02_G2_D32,cfg02_G2_D32,0.9929953520186245,cuda
validation,3882,2343,Warm A,0.5666698217391968,0.17279185354709625,0.6296296296296297,1.0,0.20651432871818542,0.573582649230957,cfg02_G2_D32,cfg02_G2_D32,0.9929953520186245,cuda
validation,3882,2343,Warm B,0.5642223358154297,0.17522011697292328,0.6049382716049383,1.0,0.25674885511398315,0.7217342257499695,cfg02_G2_D32,cfg02_G2_D32,0.9929953520186245,cuda
validation,3882,2343,Warm C,0.5650865435600281,0.17470824718475342,0.6296296296296297,1.0,0.3546072244644165,0.626724123954773,cfg02_G2_D32,cfg02_G2_D32,0.9929953520186245,cuda
validation,3927,2363,Cold,0.5730572938919067,0.16840213537216187,0.5308641975308642,1.0,0.0,0.0,cfg02_G2_D32,cfg02_G2_D32,0.9929953520186245,cuda
validation,3927,2363,Warm A,0.5736044645309448,0.1679433435201645,0.5308641975308642,1.0,0.22840870916843414,0.4548543393611908,cfg02_G2_D32,cfg02_G2_D32,0.9929953520186245,cuda
validation,3927,2363,Warm B,0.5806688070297241,0.16679608821868896,0.5802469135802469,1.0,0.3433149755001068,0.4092986583709717,cfg02_G2_D32,cfg02_G2_D32,0.9929953520186245,cuda
validation,3927,2363,Warm C,0.5797560811042786,0.1674637496471405,0.6049382716049383,1.0,0.4134792983531952,0.6599254012107849,cfg02_G2_D32,cfg02_G2_D32,0.9929953520186245,cuda
validation,3928,2364,Cold,0.5812561511993408,0.17819257080554962,0.5061728395061729,1.0,0.0,0.0,cfg02_G2_D32,cfg02_G2_D32,0.9929953520186245,cuda
validation,3928,2364,Warm A,0.5780988931655884,0.17842146754264832,0.5308641975308642,1.0,0.22551245987415314,0.6977112889289856,cfg02_G2_D32,cfg02_G2_D32,0.9929953520186245,cuda
validation,3928,2364,Warm B,0.5732786655426025,0.1800411492586136,0.5308641975308642,1.0,0.4009162187576294,0.6603899002075195,cfg02_G2_D32,cfg02_G2_D32,0.9929953520186245,cuda
validation,3928,2364,Warm C,0.5715728998184204,0.181428000330925,0.48148148148148145,1.0,0.4266134798526764,0.6156771779060364,cfg02_G2_D32,cfg02_G2_D32,0.9929953520186245,cuda
validation,3930,2366,Cold,0.5788505673408508,0.17281056940555573,0.5308641975308642,1.0,0.0,0.0,cfg02_G2_D32,cfg02_G2_D32,0.9929953520186245,cuda
validation,3930,2366,Warm A,0.5778389573097229,0.17342261970043182,0.5555555555555556,1.0,0.22924195230007172,0.6196625828742981,cfg02_G2_D32,cfg02_G2_D32,0.9929953520186245,cuda
validation,3930,2366,Warm B,0.5761517882347107,0.17391231656074524,0.5308641975308642,1.0,0.36030858755111694,0.6083912253379822,cfg02_G2_D32,cfg02_G2_D32,0.9929953520186245,cuda
validation,3930,2366,Warm C,0.5745083093643188,0.17343594133853912,0.5308641975308642,1.0,0.4718310534954071,0.6218080520629883,cfg02_G2_D32,cfg02_G2_D32,0.9929953520186245,cuda
evaluation,4,3,Cold,0.552381157875061,0.179963156580925,0.5555555555555556,1.0,0.0,0.0,,cfg02_G2_D32,0.9929953520186245,cuda
evaluation,4,3,Warm A,0.5548361539840698,0.18213805556297302,0.5555555555555556,1.0,0.2137337327003479,0.465663880109787,,cfg02_G2_D32,0.9929953520186245,cuda
evaluation,4,3,Warm B,0.5599595904350281,0.1828000694513321,0.5555555555555556,1.0,0.34162235260009766,0.4534991681575775,,cfg02_G2_D32,0.9929953520186245,cuda
evaluation,4,3,Warm C,0.5565146803855896,0.18213114142417908,0.5555555555555556,1.0,0.29883891344070435,0.4383605122566223,,cfg02_G2_D32,0.9929953520186245,cuda
evaluation,8,7,Cold,0.5510750412940979,0.1752965748310089,0.5308641975308642,1.0,0.0,0.0,,cfg02_G2_D32,0.9929953520186245,cuda
evaluation,8,7,Warm A,0.5579842329025269,0.1741553694009781,0.5802469135802469,1.0,0.22537681460380554,0.3682478666305542,,cfg02_G2_D32,0.9929953520186245,cuda
evaluation,8,7,Warm B,0.5602554678916931,0.17270395159721375,0.5802469135802469,1.0,0.3526165187358856,0.319207102060318,,cfg02_G2_D32,0.9929953520186245,cuda
evaluation,8,7,Warm C,0.5558754205703735,0.17301756143569946,0.5308641975308642,1.0,0.34766048192977905,0.5669375658035278,,cfg02_G2_D32,0.9929953520186245,cuda
evaluation,9,8,Cold,0.5552439093589783,0.1758083701133728,0.5555555555555556,1.0,0.0,0.0,,cfg02_G2_D32,0.9929953520186245,cuda
evaluation,9,8,Warm A,0.5611379146575928,0.17599934339523315,0.6049382716049383,1.0,0.22339485585689545,0.3650732636451721,,cfg02_G2_D32,0.9929953520186245,cuda
evaluation,9,8,Warm B,0.5644137263298035,0.17709369957447052,0.6296296296296297,1.0,0.33599933981895447,0.3549933135509491,,cfg02_G2_D32,0.9929953520186245,cuda
evaluation,9,8,Warm C,0.5614292025566101,0.17472758889198303,0.6049382716049383,1.0,0.41371163725852966,0.431096613407135,,cfg02_G2_D32,0.9929953520186245,cuda
evaluation,12,11,Cold,0.5509607791900635,0.17579205334186554,0.5308641975308642,1.0,0.0,0.0,,cfg02_G2_D32,0.9929953520186245,cuda
evaluation,12,11,Warm A,0.555796205997467,0.17768195271492004,0.5802469135802469,1.0,0.2132488638162613,0.44650793075561523,,cfg02_G2_D32,0.9929953520186245,cuda
evaluation,12,11,Warm B,0.5665791034698486,0.17586670815944672,0.6296296296296297,1.0,0.3312786817550659,0.1954796314239502,,cfg02_G2_D32,0.9929953520186245,cuda
evaluation,12,11,Warm C,0.5646563172340393,0.18072651326656342,0.6049382716049383,1.0,0.3144376873970032,0.3531326949596405,,cfg02_G2_D32,0.9929953520186245,cuda
evaluation,13,12,Cold,0.5513519644737244,0.17954038083553314,0.5061728395061729,1.0,0.0,0.0,,cfg02_G2_D32,0.9929953520186245,cuda
evaluation,13,12,Warm A,0.5498730540275574,0.1814722716808319,0.5308641975308642,1.0,0.22045545279979706,0.5701812505722046,,cfg02_G2_D32,0.9929953520186245,cuda
evaluation,13,12,Warm B,0.5431004166603088,0.1843089759349823,0.4567901234567901,1.0,0.42372843623161316,0.6367602348327637,,cfg02_G2_D32,0.9929953520186245,cuda
evaluation,13,12,Warm C,0.5456885099411011,0.18411533534526825,0.48148148148148145,1.0,0.44284290075302124,0.5705763697624207,,cfg02_G2_D32,0.9929953520186245,cuda
evaluation,14,13,Cold,0.554574728012085,0.18104363977909088,0.5555555555555556,1.0,0.0,0.0,,cfg02_G2_D32,0.9929953520186245,cuda
evaluation,14,13,Warm A,0.5483011603355408,0.18395793437957764,0.5308641975308642,1.0,0.23140817880630493,0.700049638748169,,cfg02_G2_D32,0.9929953520186245,cuda
evaluation,14,13,Warm B,0.5487262010574341,0.18605272471904755,0.5061728395061729,1.0,0.4105421304702759,0.645049512386322,,cfg02_G2_D32,0.9929953520186245,cuda
evaluation,14,13,Warm C,0.5425710678100586,0.18821075558662415,0.5061728395061729,1.0,0.5791146755218506,0.7008363604545593,,cfg02_G2_D32,0.9929953520186245,cuda
evaluation,15,14,Cold,0.5526083707809448,0.1777750551700592,0.5308641975308642,1.0,0.0,0.0,,cfg02_G2_D32,0.9929953520186245,cuda
evaluation,15,14,Warm A,0.55766761302948,0.17775297164916992,0.5802469135802469,1.0,0.2168595790863037,0.49665284156799316,,cfg02_G2_D32,0.9929953520186245,cuda
evaluation,15,14,Warm B,0.5601540803909302,0.18084827065467834,0.5802469135802469,1.0,0.23696336150169373,0.46634817123413086,,cfg02_G2_D32,0.9929953520186245,cuda
evaluation,15,14,Warm C,0.5560063123703003,0.18063531816005707,0.5555555555555556,1.0,0.22449244558811188,0.3421702980995178,,cfg02_G2_D32,0.9929953520186245,cuda
evaluation,18,17,Cold,0.5521057844161987,0.1784876435995102,0.5308641975308642,1.0,0.0,0.0,,cfg02_G2_D32,0.9929953520186245,cuda
evaluation,18,17,Warm A,0.5586957335472107,0.176202654838562,0.5802469135802469,1.0,0.24494312703609467,0.4041171073913574,,cfg02_G2_D32,0.9929953520186245,cuda
evaluation,18,17,Warm B,0.5655954480171204,0.1746886819601059,0.6049382716049383,1.0,0.47724249958992004,0.4048989713191986,,cfg02_G2_D32,0.9929953520186245,cuda
evaluation,18,17,Warm C,0.564032793045044,0.17395725846290588,0.5802469135802469,1.0,0.5567435622215271,0.5043286681175232,,cfg02_G2_D32,0.9929953520186245,cuda
evaluation,20,19,Cold,0.5553503036499023,0.17413504421710968,0.5555555555555556,1.0,0.0,0.0,,cfg02_G2_D32,0.9929953520186245,cuda
evaluation,20,19,Warm A,0.5592918992042542,0.1758253574371338,0.6049382716049383,1.0,0.23374629020690918,0.47245684266090393,,cfg02_G2_D32,0.9929953520186245,cuda
evaluation,20,19,Warm B,0.5665990114212036,0.1739215850830078,0.6049382716049383,1.0,0.3025808334350586,0.2360059767961502,,cfg02_G2_D32,0.9929953520186245,cuda
evaluation,20,19,Warm C,0.5635257959365845,0.17688500881195068,0.6049382716049383,1.0,0.32255125045776367,0.4250669479370117,,cfg02_G2_D32,0.9929953520186245,cuda
evaluation,23,22,Cold,0.5528060793876648,0.1793089210987091,0.5308641975308642,1.0,0.0,0.0,,cfg02_G2_D32,0.9929953520186245,cuda
evaluation,23,22,Warm A,0.552952766418457,0.18319229781627655,0.5555555555555556,1.0,0.23045490682125092,0.5367043614387512,,cfg02_G2_D32,0.9929953520186245,cuda
evaluation,23,22,Warm B,0.5544397234916687,0.18205276131629944,0.5802469135802469,1.0,0.3194534480571747,0.49040183424949646,,cfg02_G2_D32,0.9929953520186245,cuda
evaluation,23,22,Warm C,0.5547813773155212,0.1836603283882141,0.5802469135802469,1.0,0.38528934121131897,0.3969481587409973,,cfg02_G2_D32,0.9929953520186245,cuda
evaluation,26,25,Cold,0.554574728012085,0.18104363977909088,0.5555555555555556,1.0,0.0,0.0,,cfg02_G2_D32,0.9929953520186245,cuda
evaluation,26,25,Warm A,0.5571625232696533,0.17861053347587585,0.5555555555555556,1.0,0.21257412433624268,0.4991592466831207,,cfg02_G2_D32,0.9929953520186245,cuda
evaluation,26,25,Warm B,0.5574405789375305,0.17962999641895294,0.5802469135802469,1.0,0.21192051470279694,0.6690018177032471,,cfg02_G2_D32,0.9929953520186245,cuda
evaluation,26,25,Warm C,0.5541712045669556,0.17827923595905304,0.5308641975308642,1.0,0.29829779267311096,0.4974042475223541,,cfg02_G2_D32,0.9929953520186245,cuda
evaluation,27,26,Cold,0.5533936023712158,0.17974454164505005,0.5555555555555556,1.0,0.0,0.0,,cfg02_G2_D32,0.9929953520186245,cuda
evaluation,27,26,Warm A,0.5548203587532043,0.1829884946346283,0.5308641975308642,1.0,0.21198038756847382,0.5589971542358398,,cfg02_G2_D32,0.9929953520186245,cuda
evaluation,27,26,Warm B,0.5610607862472534,0.18350501358509064,0.5555555555555556,1.0,0.33393537998199463,0.5214120149612427,,cfg02_G2_D32,0.9929953520186245,cuda
evaluation,27,26,Warm C,0.5617276430130005,0.1834324449300766,0.5555555555555556,1.0,0.40172797441482544,0.5218197703361511,,cfg02_G2_D32,0.9929953520186245,cuda
evaluation,28,27,Cold,0.5525133609771729,0.17967921495437622,0.5802469135802469,1.0,0.0,0.0,,cfg02_G2_D32,0.9929953520186245,cuda
evaluation,28,27,Warm A,0.5492621064186096,0.17936082184314728,0.5061728395061729,1.0,0.2073255330324173,0.45101186633110046,,cfg02_G2_D32,0.9929953520186245,cuda
evaluation,28,27,Warm B,0.5530751347541809,0.17701852321624756,0.5308641975308642,1.0,0.37277302145957947,0.30607032775878906,,cfg02_G2_D32,0.9929953520186245,cuda
evaluation,28,27,Warm C,0.548385500907898,0.17986087501049042,0.5061728395061729,1.0,0.2650892734527588,0.6151115298271179,,cfg02_G2_D32,0.9929953520186245,cuda
evaluation,30,29,Cold,0.5530425906181335,0.18062399327754974,0.5555555555555556,1.0,0.0,0.0,,cfg02_G2_D32,0.9929953520186245,cuda
evaluation,30,29,Warm A,0.5602928400039673,0.18025079369544983,0.5802469135802469,1.0,0.21880602836608887,0.4784225523471832,,cfg02_G2_D32,0.9929953520186245,cuda
evaluation,30,29,Warm B,0.5536844730377197,0.1799841821193695,0.5555555555555556,1.0,0.12598998844623566,0.6214514970779419,,cfg02_G2_D32,0.9929953520186245,cuda
evaluation,30,29,Warm C,0.5509451627731323,0.18289987742900848,0.5308641975308642,1.0,0.23546549677848816,0.5768294334411621,,cfg02_G2_D32,0.9929953520186245,cuda
evaluation,31,30,Cold,0.5537314414978027,0.18009863793849945,0.5555555555555556,1.0,0.0,0.0,,cfg02_G2_D32,0.9929953520186245,cuda
evaluation,31,30,Warm A,0.5515631437301636,0.1836729496717453,0.5308641975308642,1.0,0.22395381331443787,0.6984515190124512,,cfg02_G2_D32,0.9929953520186245,cuda
evaluation,31,30,Warm B,0.5570759177207947,0.18387006223201752,0.5555555555555556,1.0,0.27302810549736023,0.502602219581604,,cfg02_G2_D32,0.9929953520186245,cuda
evaluation,31,30,Warm C,0.5609192252159119,0.18129798769950867,0.5308641975308642,1.0,0.22877439856529236,0.4619986116886139,,cfg02_G2_D32,0.9929953520186245,cuda
evaluation,35,33,Cold,0.5534631013870239,0.18029338121414185,0.5555555555555556,1.0,0.0,0.0,,cfg02_G2_D32,0.9929953520186245,cuda
evaluation,35,33,Warm A,0.5585403442382812,0.17866826057434082,0.5555555555555556,1.0,0.22780060768127441,0.5171620845794678,,cfg02_G2_D32,0.9929953520186245,cuda
evaluation,35,33,Warm B,0.5585868954658508,0.1808069497346878,0.5555555555555556,1.0,0.2151341289281845,0.6945355534553528,,cfg02_G2_D32,0.9929953520186245,cuda
evaluation,35,33,Warm C,0.5578547120094299,0.1791483610868454,0.5555555555555556,1.0,0.35935696959495544,0.5166004300117493,,cfg02_G2_D32,0.9929953520186245,cuda
evaluation,43,38,Cold,0.554574728012085,0.18104363977909088,0.5555555555555556,1.0,0.0,0.0,,cfg02_G2_D32,0.9929953520186245,cuda
evaluation,43,38,Warm A,0.5508520603179932,0.18439361453056335,0.5308641975308642,1.0,0.24002297222614288,0.7194604277610779,,cfg02_G2_D32,0.9929953520186245,cuda
evaluation,43,38,Warm B,0.5558111667633057,0.18130919337272644,0.5802469135802469,1.0,0.19015011191368103,0.5839025378227234,,cfg02_G2_D32,0.9929953520186245,cuda
evaluation,43,38,Warm C,0.5529799461364746,0.18421071767807007,0.5555555555555556,1.0,0.35958728194236755,0.6722566485404968,,cfg02_G2_D32,0.9929953520186245,cuda
evaluation,46,41,Cold,0.5533674955368042,0.17963428795337677,0.5555555555555556,1.0,0.0,0.0,,cfg02_G2_D32,0.9929953520186245,cuda
evaluation,46,41,Warm A,0.5564448833465576,0.1810133457183838,0.5555555555555556,1.0,0.18205901980400085,0.48545733094215393,,cfg02_G2_D32,0.9929953520186245,cuda
evaluation,46,41,Warm B,0.5621090531349182,0.17821411788463593,0.5802469135802469,1.0,0.24947917461395264,0.45833054184913635,,cfg02_G2_D32,0.9929953520186245,cuda
evaluation,46,41,Warm C,0.5603247284889221,0.17876821756362915,0.5555555555555556,1.0,0.3393731415271759,0.5505463480949402,,cfg02_G2_D32,0.9929953520186245,cuda
evaluation,57,46,Cold,0.5544896721839905,0.18071521818637848,0.5555555555555556,1.0,0.0,0.0,,cfg02_G2_D32,0.9929953520186245,cuda
evaluation,57,46,Warm A,0.5611401796340942,0.18010878562927246,0.5802469135802469,1.0,0.198976531624794,0.4543984532356262,,cfg02_G2_D32,0.9929953520186245,cuda
evaluation,57,46,Warm B,0.5615020394325256,0.18011941015720367,0.5308641975308642,1.0,0.3770715296268463,0.4820663034915924,,cfg02_G2_D32,0.9929953520186245,cuda
evaluation,57,46,Warm C,0.5597638487815857,0.18247240781784058,0.5308641975308642,1.0,0.2919488251209259,0.5860971212387085,,cfg02_G2_D32,0.9929953520186245,cuda
evaluation,61,49,Cold,0.5532254576683044,0.1796284317970276,0.5802469135802469,1.0,0.0,0.0,,cfg02_G2_D32,0.9929953520186245,cuda
evaluation,61,49,Warm A,0.5541151762008667,0.18277813494205475,0.5555555555555556,1.0,0.2160303145647049,0.5669500231742859,,cfg02_G2_D32,0.9929953520186245,cuda
evaluation,61,49,Warm B,0.5604450702667236,0.18186838924884796,0.5802469135802469,1.0,0.22995732724666595,0.4184667766094208,,cfg02_G2_D32,0.9929953520186245,cuda
evaluation,61,49,Warm C,0.566000759601593,0.17934036254882812,0.6049382716049383,1.0,0.30353856086730957,0.3417336642742157,,cfg02_G2_D32,0.9929953520186245,cuda
evaluation,63,51,Cold,0.549333393573761,0.18017907440662384,0.5308641975308642,1.0,0.0,0.0,,cfg02_G2_D32,0.9929953520186245,cuda
evaluation,63,51,Warm A,0.5516834855079651,0.18344703316688538,0.5308641975308642,1.0,0.2159884124994278,0.4457240104675293,,cfg02_G2_D32,0.9929953520186245,cuda
evaluation,63,51,Warm B,0.5530515909194946,0.1815941482782364,0.5308641975308642,1.0,0.25305142998695374,0.5077954530715942,,cfg02_G2_D32,0.9929953520186245,cuda
evaluation,63,51,Warm C,0.5574145317077637,0.18330371379852295,0.5308641975308642,1.0,0.34989118576049805,0.4604716897010803,,cfg02_G2_D32,0.9929953520186245,cuda
evaluation,64,52,Cold,0.5505802035331726,0.1789092719554901,0.5308641975308642,1.0,0.0,0.0,,cfg02_G2_D32,0.9929953520186245,cuda
evaluation,64,52,Warm A,0.5532724857330322,0.1803843080997467,0.5308641975308642,1.0,0.2016770988702774,0.3778951168060303,,cfg02_G2_D32,0.9929953520186245,cuda
evaluation,64,52,Warm B,0.5557527542114258,0.18401822447776794,0.5555555555555556,1.0,0.3569531738758087,0.26743173599243164,,cfg02_G2_D32,0.9929953520186245,cuda
evaluation,64,52,Warm C,0.5559014081954956,0.18270264565944672,0.5555555555555556,1.0,0.25832536816596985,0.22743411362171173,,cfg02_G2_D32,0.9929953520186245,cuda
evaluation,65,53,Cold,0.5502168536186218,0.1818235069513321,0.5308641975308642,1.0,0.0,0.0,,cfg02_G2_D32,0.9929953520186245,cuda
evaluation,65,53,Warm A,0.5513959527015686,0.18437613546848297,0.5308641975308642,1.0,0.20642994344234467,0.4239051938056946,,cfg02_G2_D32,0.9929953520186245,cuda
evaluation,65,53,Warm B,0.5612260699272156,0.1826976239681244,0.6049382716049383,1.0,0.20154152810573578,0.24467425048351288,,cfg02_G2_D32,0.9929953520186245,cuda
evaluation,65,53,Warm C,0.562725841999054,0.18478956818580627,0.5802469135802469,1.0,0.27151939272880554,0.28899773955345154,,cfg02_G2_D32,0.9929953520186245,cuda
evaluation,66,54,Cold,0.5550782084465027,0.17526976764202118,0.5555555555555556,1.0,0.0,0.0,,cfg02_G2_D32,0.9929953520186245,cuda
evaluation,66,54,Warm A,0.5603176355361938,0.17649012804031372,0.6049382716049383,1.0,0.23148512840270996,0.3186177611351013,,cfg02_G2_D32,0.9929953520186245,cuda
evaluation,66,54,Warm B,0.5681467056274414,0.17677177488803864,0.6049382716049383,1.0,0.36486494541168213,0.1736140102148056,,cfg02_G2_D32,0.9929953520186245,cuda
evaluation,66,54,Warm C,0.5763010382652283,0.17730821669101715,0.6296296296296297,1.0,0.5534883141517639,0.008402347564697266,,cfg02_G2_D32,0.9929953520186245,cuda
evaluation,71,57,Cold,0.553015947341919,0.17618024349212646,0.5308641975308642,1.0,0.0,0.0,,cfg02_G2_D32,0.9929953520186245,cuda
evaluation,71,57,Warm A,0.5576825141906738,0.1774781495332718,0.5802469135802469,1.0,0.19002984464168549,0.32008883357048035,,cfg02_G2_D32,0.9929953520186245,cuda
evaluation,71,57,Warm B,0.563692569732666,0.17696087062358856,0.6049382716049383,1.0,0.3303431272506714,0.1399250328540802,,cfg02_G2_D32,0.9929953520186245,cuda
evaluation,71,57,Warm C,0.5688943862915039,0.17550872266292572,0.6049382716049383,1.0,0.47947534918785095,0.12721438705921173,,cfg02_G2_D32,0.9929953520186245,cuda
evaluation,72,58,Cold,0.5522595643997192,0.18035902082920074,0.5555555555555556,1.0,0.0,0.0,,cfg02_G2_D32,0.9929953520186245,cuda
evaluation,72,58,Warm A,0.5507068634033203,0.18202556669712067,0.5308641975308642,1.0,0.202224999666214,0.6290584802627563,,cfg02_G2_D32,0.9929953520186245,cuda
evaluation,72,58,Warm B,0.5468350648880005,0.1828199326992035,0.5555555555555556,1.0,0.3332497179508209,0.5847161412239075,,cfg02_G2_D32,0.9929953520186245,cuda
evaluation,72,58,Warm C,0.5459465384483337,0.1864180713891983,0.5308641975308642,1.0,0.42155134677886963,0.5982834696769714,,cfg02_G2_D32,0.9929953520186245,cuda
evaluation,74,60,Cold,0.552878201007843,0.17986415326595306,0.5802469135802469,1.0,0.0,0.0,,cfg02_G2_D32,0.9929953520186245,cuda
evaluation,74,60,Warm A,0.5546446442604065,0.1827172189950943,0.5555555555555556,1.0,0.19329582154750824,0.48328906297683716,,cfg02_G2_D32,0.9929953520186245,cuda
evaluation,74,60,Warm B,0.5581427812576294,0.1825004667043686,0.5555555555555556,1.0,0.3039834201335907,0.5142719149589539,,cfg02_G2_D32,0.9929953520186245,cuda
evaluation,74,60,Warm C,0.559627115726471,0.18209093809127808,0.5555555555555556,1.0,0.3785664737224579,0.4488888680934906,,cfg02_G2_D32,0.9929953520186245,cuda
evaluation,76,61,Cold,0.5526021122932434,0.1771482676267624,0.5308641975308642,1.0,0.0,0.0,,cfg02_G2_D32,0.9929953520186245,cuda
evaluation,76,61,Warm A,0.5561344623565674,0.17882439494132996,0.5802469135802469,1.0,0.20734921097755432,0.5152879953384399,,cfg02_G2_D32,0.9929953520186245,cuda
evaluation,76,61,Warm B,0.5606095790863037,0.17633749544620514,0.5802469135802469,1.0,0.24430416524410248,0.3791886866092682,,cfg02_G2_D32,0.9929953520186245,cuda
evaluation,76,61,Warm C,0.5557716488838196,0.17606082558631897,0.5555555555555556,1.0,0.24693673849105835,0.5442401766777039,,cfg02_G2_D32,0.9929953520186245,cuda
evaluation,79,62,Cold,0.5530462265014648,0.1797713041305542,0.5802469135802469,1.0,0.0,0.0,,cfg02_G2_D32,0.9929953520186245,cuda
evaluation,79,62,Warm A,0.5541352033615112,0.1821380853652954,0.5555555555555556,1.0,0.20512577891349792,0.49969837069511414,,cfg02_G2_D32,0.9929953520186245,cuda
evaluation,79,62,Warm B,0.560591995716095,0.18349066376686096,0.5802469135802469,1.0,0.32963645458221436,0.3542799949645996,,cfg02_G2_D32,0.9929953520186245,cuda
evaluation,79,62,Warm C,0.5659725666046143,0.18183572590351105,0.5802469135802469,1.0,0.36231884360313416,0.18279340863227844,,cfg02_G2_D32,0.9929953520186245,cuda
evaluation,81,63,Cold,0.5541185736656189,0.17624637484550476,0.5802469135802469,1.0,0.0,0.0,,cfg02_G2_D32,0.9929953520186245,cuda
evaluation,81,63,Warm A,0.5517809987068176,0.17826588451862335,0.5308641975308642,1.0,0.2182791382074356,0.6758295893669128,,cfg02_G2_D32,0.9929953520186245,cuda
evaluation,81,63,Warm B,0.5468301773071289,0.17975623905658722,0.48148148148148145,1.0,0.34808236360549927,0.6192830801010132,,cfg02_G2_D32,0.9929953520186245,cuda
evaluation,81,63,Warm C,0.549944281578064,0.1816936880350113,0.5061728395061729,1.0,0.3951461911201477,0.5455371737480164,,cfg02_G2_D32,0.9929953520186245,cuda
evaluation,82,64,Cold,0.5538681149482727,0.17947126924991608,0.5555555555555556,1.0,0.0,0.0,,cfg02_G2_D32,0.9929953520186245,cuda
evaluation,82,64,Warm A,0.5497775673866272,0.18298669159412384,0.5308641975308642,1.0,0.22821998596191406,0.6812695860862732,,cfg02_G2_D32,0.9929953520186245,cuda
evaluation,82,64,Warm B,0.5518350005149841,0.1802620142698288,0.5555555555555556,1.0,0.15366971492767334,0.4980328679084778,,cfg02_G2_D32,0.9929953520186245,cuda
evaluation,82,64,Warm C,0.5528774261474609,0.17976127564907074,0.5308641975308642,1.0,0.2594716250896454,0.4658264219760895,,cfg02_G2_D32,0.9929953520186245,cuda
evaluation,85,65,Cold,0.5537039637565613,0.17887887358665466,0.5555555555555556,1.0,0.0,0.0,,cfg02_G2_D32,0.9929953520186245,cuda
evaluation,85,65,Warm A,0.5511574149131775,0.17808759212493896,0.5061728395061729,1.0,0.20627804100513458,0.5219308733940125,,cfg02_G2_D32,0.9929953520186245,cuda
evaluation,85,65,Warm B,0.5491459369659424,0.18038086593151093,0.5061728395061729,1.0,0.2366037368774414,0.757397472858429,,cfg02_G2_D32,0.9929953520186245,cuda
evaluation,85,65,Warm C,0.5464546084403992,0.18385206162929535,0.5308641975308642,1.0,0.39501070976257324,0.6373199820518494,,cfg02_G2_D32,0.9929953520186245,cuda
evaluation,87,67,Cold,0.5502470135688782,0.17807136476039886,0.5308641975308642,1.0,0.0,0.0,,cfg02_G2_D32,0.9929953520186245,cuda
evaluation,87,67,Warm A,0.5516012907028198,0.18113858997821808,0.5555555555555556,1.0,0.22682048380374908,0.4317856729030609,,cfg02_G2_D32,0.9929953520186245,cuda
evaluation,87,67,Warm B,0.5510213971138,0.18465782701969147,0.5555555555555556,1.0,0.3811968266963959,0.40884143114089966,,cfg02_G2_D32,0.9929953520186245,cuda
evaluation,87,67,Warm C,0.5576731562614441,0.1857084184885025,0.5802469135802469,1.0,0.47450393438339233,0.08712335675954819,,cfg02_G2_D32,0.9929953520186245,cuda
evaluation,88,68,Cold,0.550645649433136,0.18029311299324036,0.5308641975308642,1.0,0.0,0.0,,cfg02_G2_D32,0.9929953520186245,cuda
evaluation,88,68,Warm A,0.5571251511573792,0.1808195859193802,0.5555555555555556,1.0,0.20378586649894714,0.3317606449127197,,cfg02_G2_D32,0.9929953520186245,cuda
evaluation,88,68,Warm B,0.561189591884613,0.18219949305057526,0.5802469135802469,1.0,0.3650449514389038,0.3310946524143219,,cfg02_G2_D32,0.9929953520186245,cuda
evaluation,88,68,Warm C,0.5545303821563721,0.18158429861068726,0.5308641975308642,1.0,0.35247793793678284,0.5727300047874451,,cfg02_G2_D32,0.9929953520186245,cuda
evaluation,92,70,Cold,0.5530760884284973,0.17900492250919342,0.5802469135802469,1.0,0.0,0.0,,cfg02_G2_D32,0.9929953520186245,cuda
evaluation,92,70,Warm A,0.5543797612190247,0.18124257028102875,0.5555555555555556,1.0,0.19638307392597198,0.5146875381469727,,cfg02_G2_D32,0.9929953520186245,cuda
evaluation,92,70,Warm B,0.551798403263092,0.18515042960643768,0.5308641975308642,1.0,0.3772667646408081,0.4743732511997223,,cfg02_G2_D32,0.9929953520186245,cuda
evaluation,92,70,Warm C,0.549476146697998,0.1882837563753128,0.5061728395061729,1.0,0.5820550918579102,0.4866039752960205,,cfg02_G2_D32,0.9929953520186245,cuda
evaluation,93,71,Cold,0.5521414875984192,0.17937326431274414,0.5555555555555556,1.0,0.0,0.0,,cfg02_G2_D32,0.9929953520186245,cuda
evaluation,93,71,Warm A,0.5552746057510376,0.18135492503643036,0.5555555555555556,1.0,0.19545240700244904,0.2811588943004608,,cfg02_G2_D32,0.9929953520186245,cuda
evaluation,93,71,Warm B,0.560918927192688,0.1823834478855133,0.5802469135802469,1.0,0.36831891536712646,0.3670041561126709,,cfg02_G2_D32,0.9929953520186245,cuda
evaluation,93,71,Warm C,0.5678571462631226,0.18326282501220703,0.6049382716049383,1.0,0.47339844703674316,0.14748799800872803,,cfg02_G2_D32,0.9929953520186245,cuda
evaluation,94,72,Cold,0.5540100336074829,0.17884470522403717,0.5555555555555556,1.0,0.0,0.0,,cfg02_G2_D32,0.9929953520186245,cuda
evaluation,94,72,Warm A,0.5558905601501465,0.18081091344356537,0.5308641975308642,1.0,0.22342169284820557,0.5773696899414062,,cfg02_G2_D32,0.9929953520186245,cuda
evaluation,94,72,Warm B,0.5499286651611328,0.18121474981307983,0.5555555555555556,1.0,0.27197030186653137,0.5922183394432068,,cfg02_G2_D32,0.9929953520186245,cuda
evaluation,94,72,Warm C,0.5560411810874939,0.17886872589588165,0.5308641975308642,1.0,0.2786763906478882,0.5092560052871704,,cfg02_G2_D32,0.9929953520186245,cuda
evaluation,100,74,Cold,0.5521935224533081,0.17701511085033417,0.5308641975308642,1.0,0.0,0.0,,cfg02_G2_D32,0.9929953520186245,cuda
evaluation,100,74,Warm A,0.5541297793388367,0.1794312298297882,0.5555555555555556,1.0,0.2215023934841156,0.49339792132377625,,cfg02_G2_D32,0.9929953520186245,cuda
evaluation,100,74,Warm B,0.5568493604660034,0.1793823540210724,0.5555555555555556,1.0,0.2806414067745209,0.5215947031974792,,cfg02_G2_D32,0.9929953520186245,cuda
evaluation,100,74,Warm C,0.563010573387146,0.18145135045051575,0.5802469135802469,1.0,0.41047900915145874,0.3373391628265381,,cfg02_G2_D32,0.9929953520186245,cuda
evaluation,117,82,Cold,0.5536958575248718,0.17570242285728455,0.5802469135802469,1.0,0.0,0.0,,cfg02_G2_D32,0.9929953520186245,cuda
evaluation,117,82,Warm A,0.5546605587005615,0.17841389775276184,0.5802469135802469,1.0,0.22665825486183167,0.7000611424446106,,cfg02_G2_D32,0.9929953520186245,cuda
evaluation,117,82,Warm B,0.548736572265625,0.17748567461967468,0.5555555555555556,1.0,0.34059131145477295,0.6873095631599426,,cfg02_G2_D32,0.9929953520186245,cuda
evaluation,117,82,Warm C,0.544205367565155,0.17784124612808228,0.5061728395061729,1.0,0.4836597740650177,0.5976373553276062,,cfg02_G2_D32,0.9929953520186245,cuda
evaluation,118,83,Cold,0.5507362484931946,0.18082377314567566,0.5308641975308642,1.0,0.0,0.0,,cfg02_G2_D32,0.9929953520186245,cuda
evaluation,118,83,Warm A,0.5500878095626831,0.18360809981822968,0.5308641975308642,1.0,0.1910429298877716,0.5158712863922119,,cfg02_G2_D32,0.9929953520186245,cuda
evaluation,118,83,Warm B,0.543679416179657,0.18263891339302063,0.5061728395061729,1.0,0.2924732565879822,0.6046252250671387,,cfg02_G2_D32,0.9929953520186245,cuda
evaluation,118,83,Warm C,0.5465154051780701,0.1836889237165451,0.5308641975308642,1.0,0.28689146041870117,0.5510366559028625,,cfg02_G2_D32,0.9929953520186245,cuda
evaluation,122,84,Cold,0.5523311495780945,0.17954015731811523,0.5555555555555556,1.0,0.0,0.0,,cfg02_G2_D32,0.9929953520186245,cuda
evaluation,122,84,Warm A,0.5555087327957153,0.18051567673683167,0.5802469135802469,1.0,0.19067339599132538,0.49614283442497253,,cfg02_G2_D32,0.9929953520186245,cuda
evaluation,122,84,Warm B,0.5584064722061157,0.1801045835018158,0.5802469135802469,1.0,0.36088699102401733,0.4933088421821594,,cfg02_G2_D32,0.9929953520186245,cuda
evaluation,122,84,Warm C,0.5635659694671631,0.17725344002246857,0.5802469135802469,1.0,0.39876872301101685,0.44988760352134705,,cfg02_G2_D32,0.9929953520186245,cuda
evaluation,123,85,Cold,0.5538719296455383,0.17730967700481415,0.5555555555555556,1.0,0.0,0.0,,cfg02_G2_D32,0.9929953520186245,cuda
evaluation,123,85,Warm A,0.5495821833610535,0.17690826952457428,0.5061728395061729,1.0,0.21962934732437134,0.6123002171516418,,cfg02_G2_D32,0.9929953520186245,cuda
evaluation,123,85,Warm B,0.5471404790878296,0.1776849329471588,0.5061728395061729,1.0,0.38577520847320557,0.571392297744751,,cfg02_G2_D32,0.9929953520186245,cuda
evaluation,123,85,Warm C,0.5486207604408264,0.1766517460346222,0.5061728395061729,1.0,0.47988203167915344,0.5196687579154968,,cfg02_G2_D32,0.9929953520186245,cuda
evaluation,126,87,Cold,0.5525630116462708,0.17468473315238953,0.5308641975308642,1.0,0.0,0.0,,cfg02_G2_D32,0.9929953520186245,cuda
evaluation,126,87,Warm A,0.5541580319404602,0.17703202366828918,0.5308641975308642,1.0,0.22505314648151398,0.5050666928291321,,cfg02_G2_D32,0.9929953520186245,cuda
evaluation,126,87,Warm B,0.5561158657073975,0.17963510751724243,0.5802469135802469,1.0,0.4112666845321655,0.4513210356235504,,cfg02_G2_D32,0.9929953520186245,cuda
evaluation,126,87,Warm C,0.5526692867279053,0.18135374784469604,0.5802469135802469,1.0,0.47255465388298035,0.413091242313385,,cfg02_G2_D32,0.9929953520186245,cuda
evaluation,132,88,Cold,0.5528060793876648,0.1793089210987091,0.5308641975308642,1.0,0.0,0.0,,cfg02_G2_D32,0.9929953520186245,cuda
evaluation,132,88,Warm A,0.5591878294944763,0.18006274104118347,0.5555555555555556,1.0,0.19500233232975006,0.41434431076049805,,cfg02_G2_D32,0.9929953520186245,cuda
evaluation,132,88,Warm B,0.567874550819397,0.17777971923351288,0.6296296296296297,1.0,0.3364471197128296,0.25787535309791565,,cfg02_G2_D32,0.9929953520186245,cuda
evaluation,132,88,Warm C,0.5728711485862732,0.17922444641590118,0.6296296296296297,1.0,0.48176583647727966,0.08980362117290497,,cfg02_G2_D32,0.9929953520186245,cuda
evaluation,135,89,Cold,0.5499155521392822,0.18128223717212677,0.5308641975308642,1.0,0.0,0.0,,cfg02_G2_D32,0.9929953520186245,cuda
evaluation,135,89,Warm A,0.5576086044311523,0.18142369389533997,0.5555555555555556,1.0,0.21500466763973236,0.29998672008514404,,cfg02_G2_D32,0.9929953520186245,cuda
evaluation,135,89,Warm B,0.5658840537071228,0.17892315983772278,0.5802469135802469,1.0,0.3644310235977173,0.369240939617157,,cfg02_G2_D32,0.9929953520186245,cuda
evaluation,135,89,Warm C,0.5668401122093201,0.1795545518398285,0.5555555555555556,1.0,0.40672987699508667,0.49141040444374084,,cfg02_G2_D32,0.9929953520186245,cuda
evaluation,140,90,Cold,0.5522059202194214,0.178665429353714,0.5555555555555556,1.0,0.0,0.0,,cfg02_G2_D32,0.9929953520186245,cuda
evaluation,140,90,Warm A,0.5535022020339966,0.1806916892528534,0.5555555555555556,1.0,0.19544780254364014,0.5459339022636414,,cfg02_G2_D32,0.9929953520186245,cuda
evaluation,140,90,Warm B,0.5494178533554077,0.18179017305374146,0.5308641975308642,1.0,0.3080872595310211,0.5771180391311646,,cfg02_G2_D32,0.9929953520186245,cuda
evaluation,140,90,Warm C,0.5494676828384399,0.18578042089939117,0.5061728395061729,1.0,0.4882635474205017,0.6084330677986145,,cfg02_G2_D32,0.9929953520186245,cuda
evaluation,147,94,Cold,0.554263710975647,0.18102088570594788,0.5555555555555556,1.0,0.0,0.0,,cfg02_G2_D32,0.9929953520186245,cuda
evaluation,147,94,Warm A,0.5578997731208801,0.18056724965572357,0.5555555555555556,1.0,0.2015235871076584,0.4990397095680237,,cfg02_G2_D32,0.9929953520186245,cuda
evaluation,147,94,Warm B,0.5524313449859619,0.18181677162647247,0.5555555555555556,1.0,0.14411063492298126,0.6974201202392578,,cfg02_G2_D32,0.9929953520186245,cuda
evaluation,147,94,Warm C,0.5527570247650146,0.18467949330806732,0.5308641975308642,1.0,0.26436716318130493,0.5810675024986267,,cfg02_G2_D32,0.9929953520186245,cuda
evaluation,152,97,Cold,0.5517024993896484,0.17401376366615295,0.5308641975308642,1.0,0.0,0.0,,cfg02_G2_D32,0.9929953520186245,cuda
evaluation,152,97,Warm A,0.5482379198074341,0.1751980036497116,0.5308641975308642,1.0,0.21490883827209473,0.5811957120895386,,cfg02_G2_D32,0.9929953520186245,cuda
evaluation,152,97,Warm B,0.5517339110374451,0.1759537160396576,0.5802469135802469,1.0,0.32571011781692505,0.4906633496284485,,cfg02_G2_D32,0.9929953520186245,cuda
evaluation,152,97,Warm C,0.5437780022621155,0.17753219604492188,0.5308641975308642,1.0,0.4123381972312927,0.6190422773361206,,cfg02_G2_D32,0.9929953520186245,cuda
evaluation,154,99,Cold,0.5596159100532532,0.17893940210342407,0.5061728395061729,1.0,0.0,0.0,,cfg02_G2_D32,0.9929953520186245,cuda
evaluation,154,99,Warm A,0.5574223399162292,0.1813175082206726,0.5061728395061729,1.0,0.24155136942863464,0.7793954014778137,,cfg02_G2_D32,0.9929953520186245,cuda
evaluation,154,99,Warm B,0.5550323724746704,0.18153050541877747,0.5061728395061729,1.0,0.3860180377960205,0.5908089280128479,,cfg02_G2_D32,0.9929953520186245,cuda
evaluation,154,99,Warm C,0.5539792776107788,0.181341290473938,0.5308641975308642,1.0,0.40079179406166077,0.5335294604301453,,cfg02_G2_D32,0.9929953520186245,cuda
evaluation,155,100,Cold,0.5549296140670776,0.17931056022644043,0.5555555555555556,1.0,0.0,0.0,,cfg02_G2_D32,0.9929953520186245,cuda
evaluation,155,100,Warm A,0.558304488658905,0.1788976639509201,0.5555555555555556,1.0,0.2107829451560974,0.567035973072052,,cfg02_G2_D32,0.9929953520186245,cuda
evaluation,155,100,Warm B,0.5539631843566895,0.17855557799339294,0.5555555555555556,1.0,0.19942469894886017,0.592305064201355,,cfg02_G2_D32,0.9929953520186245,cuda
evaluation,155,100,Warm C,0.5574444532394409,0.17953836917877197,0.5555555555555556,1.0,0.2231297492980957,0.5981276035308838,,cfg02_G2_D32,0.9929953520186245,cuda
evaluation,156,101,Cold,0.5515652894973755,0.18019713461399078,0.5308641975308642,1.0,0.0,0.0,,cfg02_G2_D32,0.9929953520186245,cuda
evaluation,156,101,Warm A,0.5484998822212219,0.18113048374652863,0.5061728395061729,1.0,0.2021360695362091,0.5490594506263733,,cfg02_G2_D32,0.9929953520186245,cuda
evaluation,156,101,Warm B,0.547439455986023,0.18194709718227386,0.5061728395061729,1.0,0.3090795576572418,0.5924777984619141,,cfg02_G2_D32,0.9929953520186245,cuda
evaluation,156,101,Warm C,0.5450469851493835,0.18403515219688416,0.5061728395061729,1.0,0.3066849708557129,0.705112099647522,,cfg02_G2_D32,0.9929953520186245,cuda
evaluation,157,102,Cold,0.552331268787384,0.1799386441707611,0.5308641975308642,1.0,0.0,0.0,,cfg02_G2_D32,0.9929953520186245,cuda
evaluation,157,102,Warm A,0.5540651082992554,0.1818714141845703,0.5555555555555556,1.0,0.19500114023685455,0.5530762672424316,,cfg02_G2_D32,0.9929953520186245,cuda
evaluation,157,102,Warm B,0.553700864315033,0.1841118335723877,0.5308641975308642,1.0,0.3559160530567169,0.5301535725593567,,cfg02_G2_D32,0.9929953520186245,cuda
evaluation,157,102,Warm C,0.5609105229377747,0.1837020218372345,0.5802469135802469,1.0,0.37304314970970154,0.40354838967323303,,cfg02_G2_D32,0.9929953520186245,cuda
evaluation,159,104,Cold,0.554574728012085,0.18104363977909088,0.5555555555555556,1.0,0.0,0.0,,cfg02_G2_D32,0.9929953520186245,cuda
evaluation,159,104,Warm A,0.550149142742157,0.18328070640563965,0.5555555555555556,1.0,0.22077710926532745,0.6968441605567932,,cfg02_G2_D32,0.9929953520186245,cuda
evaluation,159,104,Warm B,0.5526207089424133,0.18585844337940216,0.5308641975308642,1.0,0.2877237796783447,0.4981921315193176,,cfg02_G2_D32,0.9929953520186245,cuda
evaluation,159,104,Warm C,0.5536693334579468,0.18391543626785278,0.5308641975308642,1.0,0.2868849039077759,0.5242220759391785,,cfg02_G2_D32,0.9929953520186245,cuda
evaluation,166,111,Cold,0.5521746277809143,0.1809203028678894,0.5555555555555556,1.0,0.0,0.0,,cfg02_G2_D32,0.9929953520186245,cuda
evaluation,166,111,Warm A,0.5528850555419922,0.18401293456554413,0.5555555555555556,1.0,0.2169598639011383,0.6254448294639587,,cfg02_G2_D32,0.9929953520186245,cuda
evaluation,166,111,Warm B,0.544651448726654,0.18336611986160278,0.5061728395061729,1.0,0.3465377688407898,0.6419536471366882,,cfg02_G2_D32,0.9929953520186245,cuda
evaluation,166,111,Warm C,0.5494980812072754,0.18408560752868652,0.5061728395061729,1.0,0.44902506470680237,0.5151558518409729,,cfg02_G2_D32,0.9929953520186245,cuda
evaluation,169,113,Cold,0.5547236800193787,0.1747066080570221,0.5802469135802469,1.0,0.0,0.0,,cfg02_G2_D32,0.9929953520186245,cuda
evaluation,169,113,Warm A,0.5592663884162903,0.17577706277370453,0.6049382716049383,1.0,0.22592714428901672,0.28777220845222473,,cfg02_G2_D32,0.9929953520186245,cuda
evaluation,169,113,Warm B,0.5619088411331177,0.17549876868724823,0.5802469135802469,1.0,0.3270305395126343,0.36729440093040466,,cfg02_G2_D32,0.9929953520186245,cuda
evaluation,169,113,Warm C,0.5677204132080078,0.17630046606063843,0.6049382716049383,1.0,0.5021437406539917,0.15067654848098755,,cfg02_G2_D32,0.9929953520186245,cuda
evaluation,171,115,Cold,0.5509284734725952,0.18181222677230835,0.5308641975308642,1.0,0.0,0.0,,cfg02_G2_D32,0.9929953520186245,cuda
evaluation,171,115,Warm A,0.5519504547119141,0.18004557490348816,0.5308641975308642,1.0,0.22665268182754517,0.5641208291053772,,cfg02_G2_D32,0.9929953520186245,cuda
evaluation,171,115,Warm B,0.5506145358085632,0.17972950637340546,0.5061728395061729,1.0,0.24753205478191376,0.6471077799797058,,cfg02_G2_D32,0.9929953520186245,cuda
evaluation,171,115,Warm C,0.5513834357261658,0.17983517050743103,0.5308641975308642,1.0,0.35167497396469116,0.519386887550354,,cfg02_G2_D32,0.9929953520186245,cuda
evaluation,174,118,Cold,0.5505838990211487,0.18192635476589203,0.5308641975308642,1.0,0.0,0.0,,cfg02_G2_D32,0.9929953520186245,cuda
evaluation,174,118,Warm A,0.5525156855583191,0.18483981490135193,0.5555555555555556,1.0,0.20504558086395264,0.5325834155082703,,cfg02_G2_D32,0.9929953520186245,cuda
evaluation,174,118,Warm B,0.5595425367355347,0.18529392778873444,0.5555555555555556,1.0,0.3393024206161499,0.29802677035331726,,cfg02_G2_D32,0.9929953520186245,cuda
evaluation,174,118,Warm C,0.5558441281318665,0.18737898766994476,0.5555555555555556,1.0,0.43314826488494873,0.36245065927505493,,cfg02_G2_D32,0.9929953520186245,cuda
evaluation,177,121,Cold,0.5526262521743774,0.1733626127243042,0.5308641975308642,1.0,0.0,0.0,,cfg02_G2_D32,0.9929953520186245,cuda
evaluation,177,121,Warm A,0.550812304019928,0.1746191382408142,0.5308641975308642,1.0,0.1893693059682846,0.549437940120697,,cfg02_G2_D32,0.9929953520186245,cuda
evaluation,177,121,Warm B,0.5563503503799438,0.1732923537492752,0.5308641975308642,1.0,0.24864771962165833,0.44235464930534363,,cfg02_G2_D32,0.9929953520186245,cuda
evaluation,177,121,Warm C,0.5639601349830627,0.17350821197032928,0.5802469135802469,1.0,0.3903159201145172,0.3525673449039459,,cfg02_G2_D32,0.9929953520186245,cuda
evaluation,181,123,Cold,0.5523896813392639,0.17436125874519348,0.5308641975308642,1.0,0.0,0.0,,cfg02_G2_D32,0.9929953520186245,cuda
evaluation,181,123,Warm A,0.5619227886199951,0.1728091537952423,0.6049382716049383,1.0,0.23654277622699738,0.10393388569355011,,cfg02_G2_D32,0.9929953520186245,cuda
evaluation,181,123,Warm B,0.5685853362083435,0.17402656376361847,0.6296296296296297,1.0,0.3838421702384949,0.20719924569129944,,cfg02_G2_D32,0.9929953520186245,cuda
evaluation,181,123,Warm C,0.5646412968635559,0.17133672535419464,0.6296296296296297,1.0,0.3511568009853363,0.16137897968292236,,cfg02_G2_D32,0.9929953520186245,cuda
evaluation,187,126,Cold,0.5518234372138977,0.18080507218837738,0.5308641975308642,1.0,0.0,0.0,,cfg02_G2_D32,0.9929953520186245,cuda
evaluation,187,126,Warm A,0.5557684898376465,0.18091976642608643,0.5802469135802469,1.0,0.2050456553697586,0.5211120843887329,,cfg02_G2_D32,0.9929953520186245,cuda
evaluation,187,126,Warm B,0.5559920072555542,0.18186035752296448,0.5555555555555556,1.0,0.2932788133621216,0.5701823234558105,,cfg02_G2_D32,0.9929953520186245,cuda
evaluation,187,126,Warm C,0.5534325242042542,0.179618701338768,0.5555555555555556,1.0,0.3739188313484192,0.5865399241447449,,cfg02_G2_D32,0.9929953520186245,cuda
evaluation,188,127,Cold,0.5517024993896484,0.17401374876499176,0.5308641975308642,1.0,0.0,0.0,,cfg02_G2_D32,0.9929953520186245,cuda
evaluation,188,127,Warm A,0.5526074767112732,0.1746315360069275,0.5308641975308642,1.0,0.20066723227500916,0.5131133198738098,,cfg02_G2_D32,0.9929953520186245,cuda
evaluation,188,127,Warm B,0.5569888353347778,0.1749981939792633,0.5802469135802469,1.0,0.1737050861120224,0.5157374739646912,,cfg02_G2_D32,0.9929953520186245,cuda
evaluation,188,127,Warm C,0.5473605394363403,0.1772402673959732,0.5308641975308642,1.0,0.24305802583694458,0.7430707216262817,,cfg02_G2_D32,0.9929953520186245,cuda
evaluation,190,128,Cold,0.5528060793876648,0.1793089210987091,0.5308641975308642,1.0,0.0,0.0,,cfg02_G2_D32,0.9929953520186245,cuda
evaluation,190,128,Warm A,0.5428160429000854,0.18111097812652588,0.48148148148148145,1.0,0.22204507887363434,0.6742197275161743,,cfg02_G2_D32,0.9929953520186245,cuda
evaluation,190,128,Warm B,0.5369302034378052,0.18388818204402924,0.4567901234567901,1.0,0.4472598135471344,0.7457586526870728,,cfg02_G2_D32,0.9929953520186245,cuda
evaluation,190,128,Warm C,0.5307863354682922,0.18761412799358368,0.43209876543209874,1.0,0.6833503246307373,0.6865097880363464,,cfg02_G2_D32,0.9929953520186245,cuda
evaluation,191,129,Cold,0.554263710975647,0.18102088570594788,0.5555555555555556,1.0,0.0,0.0,,cfg02_G2_D32,0.9929953520186245,cuda
evaluation,191,129,Warm A,0.5529534816741943,0.185124471783638,0.5308641975308642,1.0,0.21849970519542694,0.5960380434989929,,cfg02_G2_D32,0.9929953520186245,cuda
evaluation,191,129,Warm B,0.5604310035705566,0.18525207042694092,0.5555555555555556,1.0,0.26354753971099854,0.3867153823375702,,cfg02_G2_D32,0.9929953520186245,cuda
evaluation,191,129,Warm C,0.5663624405860901,0.18643046915531158,0.5555555555555556,1.0,0.4318401515483856,0.1725110411643982,,cfg02_G2_D32,0.9929953520186245,cuda
evaluation,195,132,Cold,0.5519264936447144,0.17924019694328308,0.5555555555555556,1.0,0.0,0.0,,cfg02_G2_D32,0.9929953520186245,cuda
evaluation,195,132,Warm A,0.5537238121032715,0.1818639487028122,0.5555555555555556,1.0,0.1958012878894806,0.4158603847026825,,cfg02_G2_D32,0.9929953520186245,cuda
evaluation,195,132,Warm B,0.5550571084022522,0.1800020933151245,0.5802469135802469,1.0,0.2514978051185608,0.514640748500824,,cfg02_G2_D32,0.9929953520186245,cuda
evaluation,195,132,Warm C,0.5557576417922974,0.18366499245166779,0.5802469135802469,1.0,0.36488088965415955,0.41105443239212036,,cfg02_G2_D32,0.9929953520186245,cuda
evaluation,199,135,Cold,0.5607267022132874,0.1762392371892929,0.5308641975308642,1.0,0.0,0.0,,cfg02_G2_D32,0.9929953520186245,cuda
evaluation,199,135,Warm A,0.5621374249458313,0.17718149721622467,0.5308641975308642,1.0,0.2016875147819519,0.578937292098999,,cfg02_G2_D32,0.9929953520186245,cuda
evaluation,199,135,Warm B,0.5618057250976562,0.17709623277187347,0.5308641975308642,1.0,0.25382131338119507,0.48732122778892517,,cfg02_G2_D32,0.9929953520186245,cuda
evaluation,199,135,Warm C,0.5638570189476013,0.176345095038414,0.5061728395061729,1.0,0.35546547174453735,0.38012412190437317,,cfg02_G2_D32,0.9929953520186245,cuda
evaluation,205,138,Cold,0.5517259240150452,0.1804572343826294,0.5061728395061729,1.0,0.0,0.0,,cfg02_G2_D32,0.9929953520186245,cuda
evaluation,205,138,Warm A,0.5563068985939026,0.1768733263015747,0.5555555555555556,1.0,0.24682608246803284,0.36681023240089417,,cfg02_G2_D32,0.9929953520186245,cuda
evaluation,205,138,Warm B,0.5546001195907593,0.17967313528060913,0.5802469135802469,1.0,0.08513324707746506,0.6742480993270874,,cfg02_G2_D32,0.9929953520186245,cuda
evaluation,205,138,Warm C,0.5531403422355652,0.18115398287773132,0.5308641975308642,1.0,0.25935280323028564,0.5428351759910583,,cfg02_G2_D32,0.9929953520186245,cuda
evaluation,206,139,Cold,0.5513474345207214,0.18210001289844513,0.5308641975308642,1.0,0.0,0.0,,cfg02_G2_D32,0.9929953520186245,cuda
evaluation,206,139,Warm A,0.5485039949417114,0.18176867067813873,0.5061728395061729,1.0,0.19878433644771576,0.5654214024543762,,cfg02_G2_D32,0.9929953520186245,cuda
evaluation,206,139,Warm B,0.5554981231689453,0.17973965406417847,0.5555555555555556,1.0,0.2566722631454468,0.3841850161552429,,cfg02_G2_D32,0.9929953520186245,cuda
evaluation,206,139,Warm C,0.5552893877029419,0.18196886777877808,0.5308641975308642,1.0,0.178656667470932,0.599651038646698,,cfg02_G2_D32,0.9929953520186245,cuda
evaluation,213,142,Cold,0.5539237260818481,0.18030717968940735,0.5555555555555556,1.0,0.0,0.0,,cfg02_G2_D32,0.9929953520186245,cuda
evaluation,213,142,Warm A,0.5513565540313721,0.17988969385623932,0.5555555555555556,1.0,0.2194279134273529,0.5195677280426025,,cfg02_G2_D32,0.9929953520186245,cuda
evaluation,213,142,Warm B,0.5573076009750366,0.17678892612457275,0.5555555555555556,1.0,0.32728421688079834,0.33937352895736694,,cfg02_G2_D32,0.9929953520186245,cuda
evaluation,213,142,Warm C,0.5573214292526245,0.17553459107875824,0.5555555555555556,1.0,0.360676109790802,0.35592880845069885,,cfg02_G2_D32,0.9929953520186245,cuda
evaluation,215,143,Cold,0.5541833639144897,0.1774737685918808,0.5555555555555556,1.0,0.0,0.0,,cfg02_G2_D32,0.9929953520186245,cuda
evaluation,215,143,Warm A,0.5579361319541931,0.17434905469417572,0.5555555555555556,1.0,0.24679508805274963,0.4598228633403778,,cfg02_G2_D32,0.9929953520186245,cuda
evaluation,215,143,Warm B,0.5531156659126282,0.17689169943332672,0.5555555555555556,1.0,0.07672446966171265,0.6706327795982361,,cfg02_G2_D32,0.9929953520186245,cuda
evaluation,215,143,Warm C,0.5465292930603027,0.1793138086795807,0.48148148148148145,1.0,0.2453104704618454,0.6369266510009766,,cfg02_G2_D32,0.9929953520186245,cuda
evaluation,217,145,Cold,0.5534745454788208,0.1799449771642685,0.5555555555555556,1.0,0.0,0.0,,cfg02_G2_D32,0.9929953520186245,cuda
evaluation,217,145,Warm A,0.55268794298172,0.18342642486095428,0.5308641975308642,1.0,0.21583181619644165,0.5977903008460999,,cfg02_G2_D32,0.9929953520186245,cuda
evaluation,217,145,Warm B,0.5592045187950134,0.18088187277317047,0.5555555555555556,1.0,0.15406465530395508,0.3089618384838104,,cfg02_G2_D32,0.9929953520186245,cuda
evaluation,217,145,Warm C,0.560681939125061,0.18404729664325714,0.5555555555555556,1.0,0.330312579870224,0.4088146388530731,,cfg02_G2_D32,0.9929953520186245,cuda
evaluation,218,146,Cold,0.5529221892356873,0.17870374023914337,0.5555555555555556,1.0,0.0,0.0,,cfg02_G2_D32,0.9929953520186245,cuda
evaluation,218,146,Warm A,0.5576921701431274,0.18003974854946136,0.5555555555555556,1.0,0.2116299569606781,0.40656471252441406,,cfg02_G2_D32,0.9929953520186245,cuda
evaluation,218,146,Warm B,0.5592360496520996,0.18177549540996552,0.5802469135802469,1.0,0.31408950686454773,0.5821574330329895,,cfg02_G2_D32,0.9929953520186245,cuda
evaluation,218,146,Warm C,0.5607234835624695,0.17822541296482086,0.5802469135802469,1.0,0.31490325927734375,0.4743559956550598,,cfg02_G2_D32,0.9929953520186245,cuda
evaluation,227,151,Cold,0.5559285879135132,0.17326006293296814,0.5802469135802469,1.0,0.0,0.0,,cfg02_G2_D32,0.9929953520186245,cuda
evaluation,227,151,Warm A,0.5638687014579773,0.1728319227695465,0.6296296296296297,1.0,0.2292805165052414,0.2068234533071518,,cfg02_G2_D32,0.9929953520186245,cuda
evaluation,227,151,Warm B,0.5594885349273682,0.1711404025554657,0.5802469135802469,1.0,0.23384149372577667,0.2711336314678192,,cfg02_G2_D32,0.9929953520186245,cuda
evaluation,227,151,Warm C,0.5649484992027283,0.17186883091926575,0.6049382716049383,1.0,0.2646777927875519,0.262789785861969,,cfg02_G2_D32,0.9929953520186245,cuda
evaluation,229,152,Cold,0.5544941425323486,0.17791981995105743,0.5555555555555556,1.0,0.0,0.0,,cfg02_G2_D32,0.9929953520186245,cuda
evaluation,229,152,Warm A,0.556667685508728,0.17769572138786316,0.5555555555555556,1.0,0.2305907905101776,0.5646919012069702,,cfg02_G2_D32,0.9929953520186245,cuda
evaluation,229,152,Warm B,0.5525311231613159,0.17830528318881989,0.5555555555555556,1.0,0.3422833979129791,0.6388254165649414,,cfg02_G2_D32,0.9929953520186245,cuda
evaluation,229,152,Warm C,0.5500826239585876,0.1779850274324417,0.5308641975308642,1.0,0.32321029901504517,0.5294963121414185,,cfg02_G2_D32,0.9929953520186245,cuda
evaluation,234,157,Cold,0.5514436960220337,0.18026593327522278,0.5308641975308642,1.0,0.0,0.0,,cfg02_G2_D32,0.9929953520186245,cuda
evaluation,234,157,Warm A,0.5584874749183655,0.18099330365657806,0.5555555555555556,1.0,0.2221614420413971,0.3593153953552246,,cfg02_G2_D32,0.9929953520186245,cuda
evaluation,234,157,Warm B,0.5651729702949524,0.1811933070421219,0.6296296296296297,1.0,0.3840782940387726,0.28852516412734985,,cfg02_G2_D32,0.9929953520186245,cuda
evaluation,234,157,Warm C,0.5623387694358826,0.18362624943256378,0.6296296296296297,1.0,0.42917969822883606,0.30830177664756775,,cfg02_G2_D32,0.9929953520186245,cuda
evaluation,239,161,Cold,0.5500795841217041,0.1787239909172058,0.5308641975308642,1.0,0.0,0.0,,cfg02_G2_D32,0.9929953520186245,cuda
evaluation,239,161,Warm A,0.5498594045639038,0.18214599788188934,0.5308641975308642,1.0,0.2063007354736328,0.4790767729282379,,cfg02_G2_D32,0.9929953520186245,cuda
evaluation,239,161,Warm B,0.5524791479110718,0.18215090036392212,0.5308641975308642,1.0,0.30741122364997864,0.4958222508430481,,cfg02_G2_D32,0.9929953520186245,cuda
evaluation,239,161,Warm C,0.5469858050346375,0.1853615790605545,0.5061728395061729,1.0,0.474781334400177,0.6315909624099731,,cfg02_G2_D32,0.9929953520186245,cuda
evaluation,242,162,Cold,0.553077220916748,0.17632876336574554,0.5555555555555556,1.0,0.0,0.0,,cfg02_G2_D32,0.9929953520186245,cuda
evaluation,242,162,Warm A,0.5561129450798035,0.17623436450958252,0.5555555555555556,1.0,0.1923811137676239,0.5505531430244446,,cfg02_G2_D32,0.9929953520186245,cuda
evaluation,242,162,Warm B,0.55329829454422,0.17560626566410065,0.5308641975308642,1.0,0.2418202906847,0.581132709980011,,cfg02_G2_D32,0.9929953520186245,cuda
evaluation,242,162,Warm C,0.5549243688583374,0.17651069164276123,0.5555555555555556,1.0,0.33066651225090027,0.6032766699790955,,cfg02_G2_D32,0.9929953520186245,cuda
evaluation,248,165,Cold,0.5512420535087585,0.18040010333061218,0.5308641975308642,1.0,0.0,0.0,,cfg02_G2_D32,0.9929953520186245,cuda
evaluation,248,165,Warm A,0.5569454431533813,0.18124262988567352,0.5555555555555556,1.0,0.19921155273914337,0.4815499484539032,,cfg02_G2_D32,0.9929953520186245,cuda
evaluation,248,165,Warm B,0.563400387763977,0.1798095703125,0.5802469135802469,1.0,0.3330356478691101,0.3235602080821991,,cfg02_G2_D32,0.9929953520186245,cuda
evaluation,248,165,Warm C,0.56117182970047,0.17999352514743805,0.5802469135802469,1.0,0.3558456599712372,0.5009479522705078,,cfg02_G2_D32,0.9929953520186245,cuda
evaluation,255,169,Cold,0.5508208274841309,0.17988552153110504,0.5308641975308642,1.0,0.0,0.0,,cfg02_G2_D32,0.9929953520186245,cuda
evaluation,255,169,Warm A,0.5496789216995239,0.18372125923633575,0.5308641975308642,1.0,0.20943468809127808,0.4806148111820221,,cfg02_G2_D32,0.9929953520186245,cuda
evaluation,255,169,Warm B,0.5560795664787292,0.18485379219055176,0.5555555555555556,1.0,0.3035026788711548,0.3082006871700287,,cfg02_G2_D32,0.9929953520186245,cuda
evaluation,255,169,Warm C,0.5551996827125549,0.18460385501384735,0.5555555555555556,1.0,0.36077168583869934,0.31070324778556824,,cfg02_G2_D32,0.9929953520186245,cuda
evaluation,257,171,Cold,0.5538118481636047,0.17778228223323822,0.5802469135802469,1.0,0.0,0.0,,cfg02_G2_D32,0.9929953520186245,cuda
evaluation,257,171,Warm A,0.5608920454978943,0.1782127320766449,0.5555555555555556,1.0,0.21132077276706696,0.4083700180053711,,cfg02_G2_D32,0.9929953520186245,cuda
evaluation,257,171,Warm B,0.5538129210472107,0.1775633692741394,0.5308641975308642,1.0,0.18778760731220245,0.641640841960907,,cfg02_G2_D32,0.9929953520186245,cuda
evaluation,257,171,Warm C,0.5552527904510498,0.1779085397720337,0.5555555555555556,1.0,0.32201632857322693,0.5300017595291138,,cfg02_G2_D32,0.9929953520186245,cuda
evaluation,258,172,Cold,0.5522202849388123,0.17640629410743713,0.5308641975308642,1.0,0.0,0.0,,cfg02_G2_D32,0.9929953520186245,cuda
evaluation,258,172,Warm A,0.5556514263153076,0.1783924698829651,0.5802469135802469,1.0,0.22605352103710175,0.5295395851135254,,cfg02_G2_D32,0.9929953520186245,cuda
evaluation,258,172,Warm B,0.5598430633544922,0.17680156230926514,0.6049382716049383,1.0,0.2525055706501007,0.3398531973361969,,cfg02_G2_D32,0.9929953520186245,cuda
evaluation,258,172,Warm C,0.5672828555107117,0.1765006184577942,0.6296296296296297,1.0,0.41507604718208313,0.27182531356811523,,cfg02_G2_D32,0.9929953520186245,cuda
evaluation,259,173,Cold,0.5558481216430664,0.17676366865634918,0.5802469135802469,1.0,0.0,0.0,,cfg02_G2_D32,0.9929953520186245,cuda
evaluation,259,173,Warm A,0.5620686411857605,0.17782963812351227,0.5802469135802469,1.0,0.22634489834308624,0.4682304561138153,,cfg02_G2_D32,0.9929953520186245,cuda
evaluation,259,173,Warm B,0.5646987557411194,0.17778997123241425,0.5802469135802469,1.0,0.31927791237831116,0.3929558992385864,,cfg02_G2_D32,0.9929953520186245,cuda
evaluation,259,173,Warm C,0.5612853169441223,0.17583782970905304,0.5802469135802469,1.0,0.28177398443222046,0.559914767742157,,cfg02_G2_D32,0.9929953520186245,cuda
evaluation,262,176,Cold,0.5498907566070557,0.17639124393463135,0.5061728395061729,1.0,0.0,0.0,,cfg02_G2_D32,0.9929953520186245,cuda
evaluation,262,176,Warm A,0.5470733642578125,0.17739982903003693,0.5061728395061729,1.0,0.2066573202610016,0.5315330028533936,,cfg02_G2_D32,0.9929953520186245,cuda
evaluation,262,176,Warm B,0.5456678867340088,0.17765295505523682,0.48148148148148145,1.0,0.20494863390922546,0.5472869873046875,,cfg02_G2_D32,0.9929953520186245,cuda
evaluation,262,176,Warm C,0.5435599088668823,0.17967110872268677,0.48148148148148145,1.0,0.2997201085090637,0.6000477075576782,,cfg02_G2_D32,0.9929953520186245,cuda
evaluation,267,179,Cold,0.5508981347084045,0.1808863878250122,0.5308641975308642,1.0,0.0,0.0,,cfg02_G2_D32,0.9929953520186245,cuda
evaluation,267,179,Warm A,0.5517037510871887,0.18441998958587646,0.5308641975308642,1.0,0.2195528745651245,0.5687989592552185,,cfg02_G2_D32,0.9929953520186245,cuda
evaluation,267,179,Warm B,0.5465267896652222,0.18651734292507172,0.5308641975308642,1.0,0.3831924796104431,0.687969982624054,,cfg02_G2_D32,0.9929953520186245,cuda
evaluation,267,179,Warm C,0.5517996549606323,0.18511155247688293,0.5308641975308642,1.0,0.3514300584793091,0.5492338538169861,,cfg02_G2_D32,0.9929953520186245,cuda
evaluation,270,180,Cold,0.5530823469161987,0.17863160371780396,0.5555555555555556,1.0,0.0,0.0,,cfg02_G2_D32,0.9929953520186245,cuda
evaluation,270,180,Warm A,0.556855320930481,0.1798601895570755,0.5555555555555556,1.0,0.22288626432418823,0.48353034257888794,,cfg02_G2_D32,0.9929953520186245,cuda
evaluation,270,180,Warm B,0.5550313591957092,0.17926868796348572,0.5555555555555556,1.0,0.22603781521320343,0.6575116515159607,,cfg02_G2_D32,0.9929953520186245,cuda
evaluation,270,180,Warm C,0.554604709148407,0.17919188737869263,0.5308641975308642,1.0,0.3148413896560669,0.5947697758674622,,cfg02_G2_D32,0.9929953520186245,cuda
evaluation,271,181,Cold,0.5542467832565308,0.1811230182647705,0.5555555555555556,1.0,0.0,0.0,,cfg02_G2_D32,0.9929953520186245,cuda
evaluation,271,181,Warm A,0.5568040609359741,0.18364372849464417,0.5555555555555556,1.0,0.2069927603006363,0.5480031371116638,,cfg02_G2_D32,0.9929953520186245,cuda
evaluation,271,181,Warm B,0.5538168549537659,0.18373213708400726,0.5555555555555556,1.0,0.20096537470817566,0.578374445438385,,cfg02_G2_D32,0.9929953520186245,cuda
evaluation,271,181,Warm C,0.5522306561470032,0.18427050113677979,0.5555555555555556,1.0,0.3065240979194641,0.5981453061103821,,cfg02_G2_D32,0.9929953520186245,cuda
evaluation,275,184,Cold,0.5508981347084045,0.1808863878250122,0.5308641975308642,1.0,0.0,0.0,,cfg02_G2_D32,0.9929953520186245,cuda
evaluation,275,184,Warm A,0.5590407848358154,0.18083541095256805,0.5555555555555556,1.0,0.2182571440935135,0.320871502161026,,cfg02_G2_D32,0.9929953520186245,cuda
evaluation,275,184,Warm B,0.5641556978225708,0.1819213181734085,0.5802469135802469,1.0,0.3196970522403717,0.31041327118873596,,cfg02_G2_D32,0.9929953520186245,cuda
evaluation,275,184,Warm C,0.5539096593856812,0.18255434930324554,0.5555555555555556,1.0,0.2952887713909149,0.5922919511795044,,cfg02_G2_D32,0.9929953520186245,cuda
evaluation,277,186,Cold,0.5573755502700806,0.1774348020553589,0.5555555555555556,1.0,0.0,0.0,,cfg02_G2_D32,0.9929953520186245,cuda
evaluation,277,186,Warm A,0.5579374432563782,0.1783650666475296,0.5555555555555556,1.0,0.2062087059020996,0.6176080107688904,,cfg02_G2_D32,0.9929953520186245,cuda
evaluation,277,186,Warm B,0.5645447969436646,0.17698515951633453,0.6049382716049383,1.0,0.2524062991142273,0.40620991587638855,,cfg02_G2_D32,0.9929953520186245,cuda
evaluation,277,186,Warm C,0.5658007264137268,0.17783157527446747,0.5555555555555556,1.0,0.3761586844921112,0.5002222061157227,,cfg02_G2_D32,0.9929953520186245,cuda
evaluation,289,191,Cold,0.5525967478752136,0.17750664055347443,0.5308641975308642,1.0,0.0,0.0,,cfg02_G2_D32,0.9929953520186245,cuda
evaluation,289,191,Warm A,0.561699390411377,0.17629598081111908,0.5802469135802469,1.0,0.2296469658613205,0.4396098554134369,,cfg02_G2_D32,0.9929953520186245,cuda
evaluation,289,191,Warm B,0.5624235272407532,0.1794026792049408,0.5802469135802469,1.0,0.29465845227241516,0.49778586626052856,,cfg02_G2_D32,0.9929953520186245,cuda
evaluation,289,191,Warm C,0.5542322993278503,0.1790020912885666,0.5555555555555556,1.0,0.24390049278736115,0.7575300931930542,,cfg02_G2_D32,0.9929953520186245,cuda
evaluation,290,192,Cold,0.554986298084259,0.1746629923582077,0.5555555555555556,1.0,0.0,0.0,,cfg02_G2_D32,0.9929953520186245,cuda
evaluation,290,192,Warm A,0.5512881875038147,0.17512966692447662,0.5555555555555556,1.0,0.21089665591716766,0.5364682078361511,,cfg02_G2_D32,0.9929953520186245,cuda
evaluation,290,192,Warm B,0.553764820098877,0.17334841191768646,0.5308641975308642,1.0,0.37334659695625305,0.48810750246047974,,cfg02_G2_D32,0.9929953520186245,cuda
evaluation,290,192,Warm C,0.5512106418609619,0.17538946866989136,0.5308641975308642,1.0,0.37222611904144287,0.5897261500358582,,cfg02_G2_D32,0.9929953520186245,cuda
evaluation,299,196,Cold,0.5549517869949341,0.1796560287475586,0.5555555555555556,1.0,0.0,0.0,,cfg02_G2_D32,0.9929953520186245,cuda
evaluation,299,196,Warm A,0.551325261592865,0.1796262562274933,0.5308641975308642,1.0,0.20205070078372955,0.5915379524230957,,cfg02_G2_D32,0.9929953520186245,cuda
evaluation,299,196,Warm B,0.5500725507736206,0.18052560091018677,0.5061728395061729,1.0,0.22348488867282867,0.6039654016494751,,cfg02_G2_D32,0.9929953520186245,cuda
evaluation,299,196,Warm C,0.5509617924690247,0.183170348405838,0.5308641975308642,1.0,0.3025534749031067,0.6326498985290527,,cfg02_G2_D32,0.9929953520186245,cuda
evaluation,302,198,Cold,0.5532210469245911,0.17855562269687653,0.5555555555555556,1.0,0.0,0.0,,cfg02_G2_D32,0.9929953520186245,cuda
evaluation,302,198,Warm A,0.5484281182289124,0.18063221871852875,0.5555555555555556,1.0,0.22586512565612793,0.6379755139350891,,cfg02_G2_D32,0.9929953520186245,cuda
evaluation,302,198,Warm B,0.5499001145362854,0.1801333874464035,0.5308641975308642,1.0,0.2646661400794983,0.5777317881584167,,cfg02_G2_D32,0.9929953520186245,cuda
evaluation,302,198,Warm C,0.5458152890205383,0.18019144237041473,0.5061728395061729,1.0,0.3435520529747009,0.5237099528312683,,cfg02_G2_D32,0.9929953520186245,cuda
evaluation,305,200,Cold,0.5505779981613159,0.1804264783859253,0.5308641975308642,1.0,0.0,0.0,,cfg02_G2_D32,0.9929953520186245,cuda
evaluation,305,200,Warm A,0.5565626621246338,0.18117572367191315,0.5555555555555556,1.0,0.19811734557151794,0.4646483361721039,,cfg02_G2_D32,0.9929953520186245,cuda
evaluation,305,200,Warm B,0.5650225281715393,0.1827324479818344,0.5802469135802469,1.0,0.31568142771720886,0.22189727425575256,,cfg02_G2_D32,0.9929953520186245,cuda
evaluation,305,200,Warm C,0.5714647173881531,0.1831595003604889,0.6049382716049383,1.0,0.48544007539749146,0.13856887817382812,,cfg02_G2_D32,0.9929953520186245,cuda
evaluation,312,204,Cold,0.5509435534477234,0.18098075687885284,0.5308641975308642,1.0,0.0,0.0,,cfg02_G2_D32,0.9929953520186245,cuda
evaluation,312,204,Warm A,0.5560557842254639,0.1829351782798767,0.5802469135802469,1.0,0.2176082581281662,0.30261117219924927,,cfg02_G2_D32,0.9929953520186245,cuda
evaluation,312,204,Warm B,0.5579267740249634,0.18753206729888916,0.5802469135802469,1.0,0.35833173990249634,0.4325721859931946,,cfg02_G2_D32,0.9929953520186245,cuda
evaluation,312,204,Warm C,0.5485178828239441,0.18733534216880798,0.5308641975308642,1.0,0.4260224401950836,0.6510205864906311,,cfg02_G2_D32,0.9929953520186245,cuda
evaluation,315,206,Cold,0.5540479421615601,0.17558519542217255,0.5308641975308642,1.0,0.0,0.0,,cfg02_G2_D32,0.9929953520186245,cuda
evaluation,315,206,Warm A,0.5625014305114746,0.17315024137496948,0.6049382716049383,1.0,0.2242865264415741,0.37152352929115295,,cfg02_G2_D32,0.9929953520186245,cuda
evaluation,315,206,Warm B,0.568920910358429,0.17253725230693817,0.6296296296296297,1.0,0.3947913646697998,0.3187297284603119,,cfg02_G2_D32,0.9929953520186245,cuda
evaluation,315,206,Warm C,0.5736209154129028,0.17112307250499725,0.6296296296296297,1.0,0.5913645029067993,0.21248748898506165,,cfg02_G2_D32,0.9929953520186245,cuda
evaluation,321,211,Cold,0.5540333390235901,0.17882667481899261,0.5555555555555556,1.0,0.0,0.0,,cfg02_G2_D32,0.9929953520186245,cuda
evaluation,321,211,Warm A,0.5562905073165894,0.1779143363237381,0.5555555555555556,1.0,0.20436109602451324,0.5519585609436035,,cfg02_G2_D32,0.9929953520186245,cuda
evaluation,321,211,Warm B,0.5523807406425476,0.18133726716041565,0.5308641975308642,1.0,0.23659904301166534,0.7286721467971802,,cfg02_G2_D32,0.9929953520186245,cuda
evaluation,321,211,Warm C,0.5508789420127869,0.1810586303472519,0.5555555555555556,1.0,0.31227758526802063,0.6052321791648865,,cfg02_G2_D32,0.9929953520186245,cuda
evaluation,326,213,Cold,0.5555990934371948,0.178850919008255,0.5555555555555556,1.0,0.0,0.0,,cfg02_G2_D32,0.9929953520186245,cuda
evaluation,326,213,Warm A,0.5499002933502197,0.17921645939350128,0.5308641975308642,1.0,0.20769882202148438,0.4568812847137451,,cfg02_G2_D32,0.9929953520186245,cuda
evaluation,326,213,Warm B,0.551950991153717,0.17847168445587158,0.5308641975308642,1.0,0.30043157935142517,0.3621876835823059,,cfg02_G2_D32,0.9929953520186245,cuda
evaluation,326,213,Warm C,0.5533862709999084,0.18062755465507507,0.5555555555555556,1.0,0.3079771399497986,0.3405914306640625,,cfg02_G2_D32,0.9929953520186245,cuda
evaluation,328,215,Cold,0.5519991517066956,0.17296510934829712,0.5308641975308642,1.0,0.0,0.0,,cfg02_G2_D32,0.9929953520186245,cuda
evaluation,328,215,Warm A,0.5520162582397461,0.17254488170146942,0.5308641975308642,1.0,0.20846982300281525,0.5253759622573853,,cfg02_G2_D32,0.9929953520186245,cuda
evaluation,328,215,Warm B,0.5489960312843323,0.1742367446422577,0.5308641975308642,1.0,0.19531626999378204,0.7395033836364746,,cfg02_G2_D32,0.9929953520186245,cuda
evaluation,328,215,Warm C,0.5581778287887573,0.17189885675907135,0.5555555555555556,1.0,0.22448629140853882,0.38893142342567444,,cfg02_G2_D32,0.9929953520186245,cuda
evaluation,330,217,Cold,0.5517600774765015,0.17599140107631683,0.5308641975308642,1.0,0.0,0.0,,cfg02_G2_D32,0.9929953520186245,cuda
evaluation,330,217,Warm A,0.5589410066604614,0.17494529485702515,0.5802469135802469,1.0,0.2345302551984787,0.4010571539402008,,cfg02_G2_D32,0.9929953520186245,cuda
evaluation,330,217,Warm B,0.5616315603256226,0.17748954892158508,0.6049382716049383,1.0,0.27734193205833435,0.3374650478363037,,cfg02_G2_D32,0.9929953520186245,cuda
evaluation,330,217,Warm C,0.5601012706756592,0.17433437705039978,0.6049382716049383,1.0,0.28362080454826355,0.21933813393115997,,cfg02_G2_D32,0.9929953520186245,cuda
evaluation,332,218,Cold,0.553463876247406,0.17293143272399902,0.5555555555555556,1.0,0.0,0.0,,cfg02_G2_D32,0.9929953520186245,cuda
evaluation,332,218,Warm A,0.5637850165367126,0.17134734988212585,0.6049382716049383,1.0,0.2394721508026123,0.284733384847641,,cfg02_G2_D32,0.9929953520186245,cuda
evaluation,332,218,Warm B,0.5590653419494629,0.1714247167110443,0.5802469135802469,1.0,0.3161042034626007,0.402789443731308,,cfg02_G2_D32,0.9929953520186245,cuda
evaluation,332,218,Warm C,0.5630806684494019,0.17208969593048096,0.6296296296296297,1.0,0.26343268156051636,0.4675557613372803,,cfg02_G2_D32,0.9929953520186245,cuda
evaluation,334,220,Cold,0.5559644103050232,0.17920038104057312,0.5555555555555556,1.0,0.0,0.0,,cfg02_G2_D32,0.9929953520186245,cuda
evaluation,334,220,Warm A,0.5554900169372559,0.1787341684103012,0.5555555555555556,1.0,0.19920042157173157,0.6079480648040771,,cfg02_G2_D32,0.9929953520186245,cuda
evaluation,334,220,Warm B,0.5473831295967102,0.18139560520648956,0.5308641975308642,1.0,0.3319516181945801,0.6974167227745056,,cfg02_G2_D32,0.9929953520186245,cuda
evaluation,334,220,Warm C,0.5419929027557373,0.18387557566165924,0.5555555555555556,1.0,0.4932244122028351,0.6372470259666443,,cfg02_G2_D32,0.9929953520186245,cuda
evaluation,340,224,Cold,0.5552961826324463,0.17622359097003937,0.5802469135802469,1.0,0.0,0.0,,cfg02_G2_D32,0.9929953520186245,cuda
evaluation,340,224,Warm A,0.5489925146102905,0.17903363704681396,0.5061728395061729,1.0,0.23084169626235962,0.6877670288085938,,cfg02_G2_D32,0.9929953520186245,cuda
evaluation,340,224,Warm B,0.5556153059005737,0.17842034995555878,0.5555555555555556,1.0,0.26128339767456055,0.43907269835472107,,cfg02_G2_D32,0.9929953520186245,cuda
evaluation,340,224,Warm C,0.5481705069541931,0.17959636449813843,0.5308641975308642,1.0,0.39619502425193787,0.6387887001037598,,cfg02_G2_D32,0.9929953520186245,cuda
evaluation,346,228,Cold,0.5535376071929932,0.1762762814760208,0.5555555555555556,1.0,0.0,0.0,,cfg02_G2_D32,0.9929953520186245,cuda
evaluation,346,228,Warm A,0.5549644827842712,0.1758628785610199,0.5308641975308642,1.0,0.22555366158485413,0.5705248117446899,,cfg02_G2_D32,0.9929953520186245,cuda
evaluation,346,228,Warm B,0.5584136843681335,0.17626506090164185,0.5802469135802469,1.0,0.235639750957489,0.5701139569282532,,cfg02_G2_D32,0.9929953520186245,cuda
evaluation,346,228,Warm C,0.5524120330810547,0.17700232565402985,0.5308641975308642,1.0,0.28649136424064636,0.6123608946800232,,cfg02_G2_D32,0.9929953520186245,cuda
evaluation,352,233,Cold,0.5512420535087585,0.18040010333061218,0.5308641975308642,1.0,0.0,0.0,,cfg02_G2_D32,0.9929953520186245,cuda
evaluation,352,233,Warm A,0.5509833097457886,0.18258686363697052,0.5308641975308642,1.0,0.2141382098197937,0.6435904502868652,,cfg02_G2_D32,0.9929953520186245,cuda
evaluation,352,233,Warm B,0.545340359210968,0.18558615446090698,0.5308641975308642,1.0,0.4037337005138397,0.6520472764968872,,cfg02_G2_D32,0.9929953520186245,cuda
evaluation,352,233,Warm C,0.5386118292808533,0.18777571618556976,0.4567901234567901,1.0,0.5583326816558838,0.6321699619293213,,cfg02_G2_D32,0.9929953520186245,cuda
evaluation,354,235,Cold,0.5549517869949341,0.1796560287475586,0.5555555555555556,1.0,0.0,0.0,,cfg02_G2_D32,0.9929953520186245,cuda
evaluation,354,235,Warm A,0.5577368140220642,0.18252843618392944,0.5308641975308642,1.0,0.21931463479995728,0.4959139823913574,,cfg02_G2_D32,0.9929953520186245,cuda
evaluation,354,235,Warm B,0.5516378879547119,0.1857951581478119,0.5061728395061729,1.0,0.3321019113063812,0.5980929732322693,,cfg02_G2_D32,0.9929953520186245,cuda
evaluation,354,235,Warm C,0.546606719493866,0.18830256164073944,0.5061728395061729,1.0,0.4927899241447449,0.7394726872444153,,cfg02_G2_D32,0.9929953520186245,cuda
evaluation,358,239,Cold,0.5542467832565308,0.1811230182647705,0.5555555555555556,1.0,0.0,0.0,,cfg02_G2_D32,0.9929953520186245,cuda
evaluation,358,239,Warm A,0.5505757331848145,0.18252603709697723,0.5308641975308642,1.0,0.22446581721305847,0.6350842714309692,,cfg02_G2_D32,0.9929953520186245,cuda
evaluation,358,239,Warm B,0.5567986965179443,0.1842772364616394,0.5555555555555556,1.0,0.31698861718177795,0.4556410312652588,,cfg02_G2_D32,0.9929953520186245,cuda
evaluation,358,239,Warm C,0.5471485257148743,0.18557296693325043,0.5308641975308642,1.0,0.4105375111103058,0.7061805725097656,,cfg02_G2_D32,0.9929953520186245,cuda
evaluation,360,240,Cold,0.5526772737503052,0.1766137033700943,0.5308641975308642,1.0,0.0,0.0,,cfg02_G2_D32,0.9929953520186245,cuda
evaluation,360,240,Warm A,0.5558688640594482,0.17990222573280334,0.5555555555555556,1.0,0.22096244990825653,0.3839222490787506,,cfg02_G2_D32,0.9929953520186245,cuda
evaluation,360,240,Warm B,0.5649392008781433,0.17877963185310364,0.6049382716049383,1.0,0.27604877948760986,0.2868407666683197,,cfg02_G2_D32,0.9929953520186245,cuda
evaluation,360,240,Warm C,0.5678208470344543,0.1774914711713791,0.6296296296296297,1.0,0.3417688012123108,0.26665934920310974,,cfg02_G2_D32,0.9929953520186245,cuda
evaluation,363,243,Cold,0.5508795380592346,0.18074461817741394,0.5308641975308642,1.0,0.0,0.0,,cfg02_G2_D32,0.9929953520186245,cuda
evaluation,363,243,Warm A,0.5541526079177856,0.1776948720216751,0.5555555555555556,1.0,0.24400636553764343,0.3103889524936676,,cfg02_G2_D32,0.9929953520186245,cuda
evaluation,363,243,Warm B,0.5523648858070374,0.17774417996406555,0.5308641975308642,1.0,0.3067580461502075,0.3723086416721344,,cfg02_G2_D32,0.9929953520186245,cuda
evaluation,363,243,Warm C,0.5524823665618896,0.17902447283267975,0.5308641975308642,1.0,0.20559871196746826,0.32061097025871277,,cfg02_G2_D32,0.9929953520186245,cuda
evaluation,365,245,Cold,0.5547964572906494,0.17853066325187683,0.5555555555555556,1.0,0.0,0.0,,cfg02_G2_D32,0.9929953520186245,cuda
evaluation,365,245,Warm A,0.554142951965332,0.18100109696388245,0.5308641975308642,1.0,0.22149647772312164,0.6851515769958496,,cfg02_G2_D32,0.9929953520186245,cuda
evaluation,365,245,Warm B,0.5526906847953796,0.17876942455768585,0.5555555555555556,1.0,0.29849690198898315,0.5585888028144836,,cfg02_G2_D32,0.9929953520186245,cuda
evaluation,365,245,Warm C,0.5563884973526001,0.17975574731826782,0.5555555555555556,1.0,0.39561623334884644,0.5594301223754883,,cfg02_G2_D32,0.9929953520186245,cuda
evaluation,374,253,Cold,0.5506685376167297,0.1775830239057541,0.5308641975308642,1.0,0.0,0.0,,cfg02_G2_D32,0.9929953520186245,cuda
evaluation,374,253,Warm A,0.556011438369751,0.17892400920391083,0.5802469135802469,1.0,0.23300012946128845,0.2865379750728607,,cfg02_G2_D32,0.9929953520186245,cuda
evaluation,374,253,Warm B,0.5639719367027283,0.17729605734348297,0.6049382716049383,1.0,0.3169809579849243,0.21928489208221436,,cfg02_G2_D32,0.9929953520186245,cuda
evaluation,374,253,Warm C,0.5712016820907593,0.1774958223104477,0.6296296296296297,1.0,0.5061280131340027,0.08539529144763947,,cfg02_G2_D32,0.9929953520186245,cuda
evaluation,378,256,Cold,0.5519565343856812,0.17929649353027344,0.5308641975308642,1.0,0.0,0.0,,cfg02_G2_D32,0.9929953520186245,cuda
evaluation,378,256,Warm A,0.5567485094070435,0.17900006473064423,0.5555555555555556,1.0,0.20667055249214172,0.42617669701576233,,cfg02_G2_D32,0.9929953520186245,cuda
evaluation,378,256,Warm B,0.5609084963798523,0.1788608729839325,0.6049382716049383,1.0,0.32265737652778625,0.468656063079834,,cfg02_G2_D32,0.9929953520186245,cuda
evaluation,378,256,Warm C,0.5503832697868347,0.1806408166885376,0.5061728395061729,1.0,0.3402239680290222,0.685230553150177,,cfg02_G2_D32,0.9929953520186245,cuda
evaluation,387,262,Cold,0.5514412522315979,0.17797841131687164,0.5308641975308642,1.0,0.0,0.0,,cfg02_G2_D32,0.9929953520186245,cuda
evaluation,387,262,Warm A,0.5606080293655396,0.17782551050186157,0.6049382716049383,1.0,0.2208772897720337,0.2928665578365326,,cfg02_G2_D32,0.9929953520186245,cuda
evaluation,387,262,Warm B,0.5621169209480286,0.17873547971248627,0.5802469135802469,1.0,0.2992796301841736,0.38618460297584534,,cfg02_G2_D32,0.9929953520186245,cuda
evaluation,387,262,Warm C,0.5527232885360718,0.18170693516731262,0.5555555555555556,1.0,0.2222825586795807,0.6824094653129578,,cfg02_G2_D32,0.9929953520186245,cuda
evaluation,388,263,Cold,0.5531669855117798,0.1795005202293396,0.5555555555555556,1.0,0.0,0.0,,cfg02_G2_D32,0.9929953520186245,cuda
evaluation,388,263,Warm A,0.5538167953491211,0.18068426847457886,0.5308641975308642,1.0,0.20553800463676453,0.6196881532669067,,cfg02_G2_D32,0.9929953520186245,cuda
evaluation,388,263,Warm B,0.5469276309013367,0.18245305120944977,0.5308641975308642,1.0,0.32375770807266235,0.6156542897224426,,cfg02_G2_D32,0.9929953520186245,cuda
evaluation,388,263,Warm C,0.5526133179664612,0.1792183369398117,0.5555555555555556,1.0,0.25659361481666565,0.4344075322151184,,cfg02_G2_D32,0.9929953520186245,cuda
evaluation,393,264,Cold,0.5552068948745728,0.17497684061527252,0.5308641975308642,1.0,0.0,0.0,,cfg02_G2_D32,0.9929953520186245,cuda
evaluation,393,264,Warm A,0.5590879917144775,0.1767856627702713,0.6049382716049383,1.0,0.22979851067066193,0.276435524225235,,cfg02_G2_D32,0.9929953520186245,cuda
evaluation,393,264,Warm B,0.564816951751709,0.17845071852207184,0.6049382716049383,1.0,0.407022625207901,0.25220975279808044,,cfg02_G2_D32,0.9929953520186245,cuda
evaluation,393,264,Warm C,0.5699813365936279,0.18074975907802582,0.6049382716049383,1.0,0.6222875118255615,0.020584596320986748,,cfg02_G2_D32,0.9929953520186245,cuda
evaluation,407,266,Cold,0.5520310997962952,0.17526334524154663,0.5308641975308642,1.0,0.0,0.0,,cfg02_G2_D32,0.9929953520186245,cuda
evaluation,407,266,Warm A,0.560475766658783,0.17462576925754547,0.6049382716049383,1.0,0.22513459622859955,0.3641602396965027,,cfg02_G2_D32,0.9929953520186245,cuda
evaluation,407,266,Warm B,0.5525922775268555,0.17559726536273956,0.5308641975308642,1.0,0.21615344285964966,0.6883099675178528,,cfg02_G2_D32,0.9929953520186245,cuda
evaluation,407,266,Warm C,0.5519509315490723,0.1775844693183899,0.5555555555555556,1.0,0.24749839305877686,0.627687931060791,,cfg02_G2_D32,0.9929953520186245,cuda
evaluation,408,267,Cold,0.5560585260391235,0.17830461263656616,0.5555555555555556,1.0,0.0,0.0,,cfg02_G2_D32,0.9929953520186245,cuda
evaluation,408,267,Warm A,0.5612141489982605,0.17874403297901154,0.5802469135802469,1.0,0.21094559133052826,0.5522269606590271,,cfg02_G2_D32,0.9929953520186245,cuda
evaluation,408,267,Warm B,0.5603436827659607,0.17978474497795105,0.5308641975308642,1.0,0.3560488522052765,0.5869606733322144,,cfg02_G2_D32,0.9929953520186245,cuda
evaluation,408,267,Warm C,0.5602453947067261,0.18104049563407898,0.5802469135802469,1.0,0.34975212812423706,0.5099858641624451,,cfg02_G2_D32,0.9929953520186245,cuda
evaluation,414,271,Cold,0.5516942143440247,0.17939791083335876,0.5308641975308642,1.0,0.0,0.0,,cfg02_G2_D32,0.9929953520186245,cuda
evaluation,414,271,Warm A,0.5567266345024109,0.18124882876873016,0.5555555555555556,1.0,0.19816966354846954,0.40098485350608826,,cfg02_G2_D32,0.9929953520186245,cuda
evaluation,414,271,Warm B,0.5595133304595947,0.1820995807647705,0.5802469135802469,1.0,0.34605616331100464,0.4018847644329071,,cfg02_G2_D32,0.9929953520186245,cuda
evaluation,414,271,Warm C,0.5575941801071167,0.18026705086231232,0.5555555555555556,1.0,0.38800838589668274,0.5110902190208435,,cfg02_G2_D32,0.9929953520186245,cuda
evaluation,415,272,Cold,0.5515784025192261,0.17845384776592255,0.5308641975308642,1.0,0.0,0.0,,cfg02_G2_D32,0.9929953520186245,cuda
evaluation,415,272,Warm A,0.5547140836715698,0.1803865134716034,0.5555555555555556,1.0,0.20454367995262146,0.3785877525806427,,cfg02_G2_D32,0.9929953520186245,cuda
evaluation,415,272,Warm B,0.5603795051574707,0.1826903074979782,0.5555555555555556,1.0,0.34556129574775696,0.2540299892425537,,cfg02_G2_D32,0.9929953520186245,cuda
evaluation,415,272,Warm C,0.5643947124481201,0.18542326986789703,0.5555555555555556,1.0,0.4900070130825043,0.26241251826286316,,cfg02_G2_D32,0.9929953520186245,cuda
evaluation,416,273,Cold,0.5543168783187866,0.1700439304113388,0.5555555555555556,1.0,0.0,0.0,,cfg02_G2_D32,0.9929953520186245,cuda
evaluation,416,273,Warm A,0.5581325888633728,0.17143984138965607,0.5802469135802469,1.0,0.22984223067760468,0.5215407013893127,,cfg02_G2_D32,0.9929953520186245,cuda
evaluation,416,273,Warm B,0.5648020505905151,0.17066185176372528,0.5802469135802469,1.0,0.3362978398799896,0.2637603282928467,,cfg02_G2_D32,0.9929953520186245,cuda
evaluation,416,273,Warm C,0.5602874755859375,0.16971024870872498,0.5802469135802469,1.0,0.25153693556785583,0.2900613844394684,,cfg02_G2_D32,0.9929953520186245,cuda
evaluation,419,275,Cold,0.5518226027488708,0.179780051112175,0.5308641975308642,1.0,0.0,0.0,,cfg02_G2_D32,0.9929953520186245,cuda
evaluation,419,275,Warm A,0.5537265539169312,0.18258140981197357,0.5555555555555556,1.0,0.22634920477867126,0.502154529094696,,cfg02_G2_D32,0.9929953520186245,cuda
evaluation,419,275,Warm B,0.5643168687820435,0.18124832212924957,0.6049382716049383,1.0,0.271117240190506,0.16072185337543488,,cfg02_G2_D32,0.9929953520186245,cuda
evaluation,419,275,Warm C,0.5615831613540649,0.1806417554616928,0.6049382716049383,1.0,0.295326828956604,0.4509533941745758,,cfg02_G2_D32,0.9929953520186245,cuda
evaluation,421,277,Cold,0.5511707067489624,0.1735086888074875,0.5308641975308642,1.0,0.0,0.0,,cfg02_G2_D32,0.9929953520186245,cuda
evaluation,421,277,Warm A,0.5545036792755127,0.17144231498241425,0.5802469135802469,1.0,0.20994529128074646,0.537684440612793,,cfg02_G2_D32,0.9929953520186245,cuda
evaluation,421,277,Warm B,0.5597988367080688,0.17020736634731293,0.5802469135802469,1.0,0.3861234784126282,0.46058788895606995,,cfg02_G2_D32,0.9929953520186245,cuda
evaluation,421,277,Warm C,0.5592793226242065,0.17066161334514618,0.6049382716049383,1.0,0.35964736342430115,0.5748549699783325,,cfg02_G2_D32,0.9929953520186245,cuda
evaluation,424,279,Cold,0.5555009245872498,0.17899098992347717,0.5555555555555556,1.0,0.0,0.0,,cfg02_G2_D32,0.9929953520186245,cuda
evaluation,424,279,Warm A,0.5542139410972595,0.1823279857635498,0.5555555555555556,1.0,0.217893585562706,0.6842135190963745,,cfg02_G2_D32,0.9929953520186245,cuda
evaluation,424,279,Warm B,0.5602220892906189,0.1831044852733612,0.5555555555555556,1.0,0.3148590922355652,0.33517199754714966,,cfg02_G2_D32,0.9929953520186245,cuda
evaluation,424,279,Warm C,0.561496376991272,0.18107253313064575,0.5802469135802469,1.0,0.24410688877105713,0.37904825806617737,,cfg02_G2_D32,0.9929953520186245,cuda
evaluation,425,280,Cold,0.5543907880783081,0.17824013531208038,0.5555555555555556,1.0,0.0,0.0,,cfg02_G2_D32,0.9929953520186245,cuda
evaluation,425,280,Warm A,0.5579532980918884,0.17769236862659454,0.5802469135802469,1.0,0.22009830176830292,0.5820096135139465,,cfg02_G2_D32,0.9929953520186245,cuda
evaluation,425,280,Warm B,0.5550967454910278,0.17801083624362946,0.5308641975308642,1.0,0.24100613594055176,0.5268010497093201,,cfg02_G2_D32,0.9929953520186245,cuda
evaluation,425,280,Warm C,0.5573690533638,0.17825794219970703,0.5802469135802469,1.0,0.2429780513048172,0.5441771149635315,,cfg02_G2_D32,0.9929953520186245,cuda
evaluation,427,282,Cold,0.5526521801948547,0.17833645641803741,0.5555555555555556,1.0,0.0,0.0,,cfg02_G2_D32,0.9929953520186245,cuda
evaluation,427,282,Warm A,0.5551075339317322,0.17985215783119202,0.5555555555555556,1.0,0.18881838023662567,0.4673755168914795,,cfg02_G2_D32,0.9929953520186245,cuda
evaluation,427,282,Warm B,0.561072051525116,0.17980170249938965,0.6049382716049383,1.0,0.22452211380004883,0.3596828877925873,,cfg02_G2_D32,0.9929953520186245,cuda
evaluation,427,282,Warm C,0.5637298226356506,0.18174012005329132,0.6049382716049383,1.0,0.34697452187538147,0.2375931739807129,,cfg02_G2_D32,0.9929953520186245,cuda
evaluation,429,284,Cold,0.5512498617172241,0.17952321469783783,0.5308641975308642,1.0,0.0,0.0,,cfg02_G2_D32,0.9929953520186245,cuda
evaluation,429,284,Warm A,0.5554491877555847,0.1809154599905014,0.5802469135802469,1.0,0.1966899186372757,0.44651538133621216,,cfg02_G2_D32,0.9929953520186245,cuda
evaluation,429,284,Warm B,0.5567523241043091,0.18530382215976715,0.5802469135802469,1.0,0.3241123557090759,0.46966859698295593,,cfg02_G2_D32,0.9929953520186245,cuda
evaluation,429,284,Warm C,0.5514959692955017,0.1867823302745819,0.5555555555555556,1.0,0.4156683385372162,0.4958162009716034,,cfg02_G2_D32,0.9929953520186245,cuda
evaluation,436,289,Cold,0.5541037321090698,0.17775993049144745,0.5802469135802469,1.0,0.0,0.0,,cfg02_G2_D32,0.9929953520186245,cuda
evaluation,436,289,Warm A,0.5543948411941528,0.18041382730007172,0.5802469135802469,1.0,0.20828160643577576,0.5795062184333801,,cfg02_G2_D32,0.9929953520186245,cuda
evaluation,436,289,Warm B,0.5640155076980591,0.17956428229808807,0.6049382716049383,1.0,0.17327624559402466,0.341898649930954,,cfg02_G2_D32,0.9929953520186245,cuda
evaluation,436,289,Warm C,0.5635985136032104,0.18051521480083466,0.6049382716049383,1.0,0.2207344025373459,0.37294307351112366,,cfg02_G2_D32,0.9929953520186245,cuda
evaluation,437,290,Cold,0.5507928133010864,0.18008428812026978,0.5308641975308642,1.0,0.0,0.0,,cfg02_G2_D32,0.9929953520186245,cuda
evaluation,437,290,Warm A,0.551659345626831,0.183442160487175,0.5308641975308642,1.0,0.20645590126514435,0.5093364119529724,,cfg02_G2_D32,0.9929953520186245,cuda
evaluation,437,290,Warm B,0.5571739077568054,0.18487606942653656,0.5555555555555556,1.0,0.36531803011894226,0.251504123210907,,cfg02_G2_D32,0.9929953520186245,cuda
evaluation,437,290,Warm C,0.5671903491020203,0.18336892127990723,0.6296296296296297,1.0,0.3504469096660614,0.10587563365697861,,cfg02_G2_D32,0.9929953520186245,cuda
evaluation,438,291,Cold,0.5529232025146484,0.176780104637146,0.5308641975308642,1.0,0.0,0.0,,cfg02_G2_D32,0.9929953520186245,cuda
evaluation,438,291,Warm A,0.5568423271179199,0.17878137528896332,0.5802469135802469,1.0,0.20757023990154266,0.4360988736152649,,cfg02_G2_D32,0.9929953520186245,cuda
evaluation,438,291,Warm B,0.5562978982925415,0.17793770134449005,0.6049382716049383,1.0,0.39084652066230774,0.5513922572135925,,cfg02_G2_D32,0.9929953520186245,cuda
evaluation,438,291,Warm C,0.5574902296066284,0.1814049780368805,0.6049382716049383,1.0,0.5249429941177368,0.3618968427181244,,cfg02_G2_D32,0.9929953520186245,cuda
evaluation,444,295,Cold,0.5521296858787537,0.17878885567188263,0.5802469135802469,1.0,0.0,0.0,,cfg02_G2_D32,0.9929953520186245,cuda
evaluation,444,295,Warm A,0.5520374774932861,0.18226470053195953,0.5555555555555556,1.0,0.21306830644607544,0.4582656919956207,,cfg02_G2_D32,0.9929953520186245,cuda
evaluation,444,295,Warm B,0.559026837348938,0.18319107592105865,0.5555555555555556,1.0,0.31434252858161926,0.30887866020202637,,cfg02_G2_D32,0.9929953520186245,cuda
evaluation,444,295,Warm C,0.5529507398605347,0.18242692947387695,0.5308641975308642,1.0,0.3611336052417755,0.5324925780296326,,cfg02_G2_D32,0.9929953520186245,cuda
evaluation,445,296,Cold,0.5518484711647034,0.17711873352527618,0.5308641975308642,1.0,0.0,0.0,,cfg02_G2_D32,0.9929953520186245,cuda
evaluation,445,296,Warm A,0.5605552792549133,0.1763981431722641,0.5555555555555556,1.0,0.21422560513019562,0.40027615427970886,,cfg02_G2_D32,0.9929953520186245,cuda
evaluation,445,296,Warm B,0.5574671626091003,0.17655085027217865,0.5555555555555556,1.0,0.2571096122264862,0.5015997290611267,,cfg02_G2_D32,0.9929953520186245,cuda
evaluation,445,296,Warm C,0.5614035725593567,0.1772729456424713,0.5555555555555556,1.0,0.30703067779541016,0.42274609208106995,,cfg02_G2_D32,0.9929953520186245,cuda
evaluation,449,299,Cold,0.5499559640884399,0.17846821248531342,0.5308641975308642,1.0,0.0,0.0,,cfg02_G2_D32,0.9929953520186245,cuda
evaluation,449,299,Warm A,0.5521515011787415,0.17592261731624603,0.5308641975308642,1.0,0.23920667171478271,0.4395866394042969,,cfg02_G2_D32,0.9929953520186245,cuda
evaluation,449,299,Warm B,0.5568386316299438,0.17499496042728424,0.5555555555555556,1.0,0.38470011949539185,0.5610958933830261,,cfg02_G2_D32,0.9929953520186245,cuda
evaluation,449,299,Warm C,0.5569730401039124,0.1751796156167984,0.6049382716049383,1.0,0.3249436318874359,0.6345089077949524,,cfg02_G2_D32,0.9929953520186245,cuda
evaluation,451,301,Cold,0.5531967282295227,0.1781063973903656,0.5555555555555556,1.0,0.0,0.0,,cfg02_G2_D32,0.9929953520186245,cuda
evaluation,451,301,Warm A,0.5508217811584473,0.1814292073249817,0.5061728395061729,1.0,0.2190345674753189,0.6354257464408875,,cfg02_G2_D32,0.9929953520186245,cuda
evaluation,451,301,Warm B,0.5448620915412903,0.18235819041728973,0.48148148148148145,1.0,0.3454853892326355,0.7128848433494568,,cfg02_G2_D32,0.9929953520186245,cuda
evaluation,451,301,Warm C,0.5447471737861633,0.186044380068779,0.5061728395061729,1.0,0.4896663725376129,0.6464775204658508,,cfg02_G2_D32,0.9929953520186245,cuda
evaluation,453,302,Cold,0.5518491864204407,0.17876623570919037,0.5308641975308642,1.0,0.0,0.0,,cfg02_G2_D32,0.9929953520186245,cuda
evaluation,453,302,Warm A,0.5602541565895081,0.17817489802837372,0.5555555555555556,1.0,0.22957152128219604,0.3617115020751953,,cfg02_G2_D32,0.9929953520186245,cuda
evaluation,453,302,Warm B,0.5593195557594299,0.17483550310134888,0.5555555555555556,1.0,0.3619164824485779,0.52366703748703,,cfg02_G2_D32,0.9929953520186245,cuda
evaluation,453,302,Warm C,0.5656959414482117,0.17469528317451477,0.5802469135802469,1.0,0.5583060383796692,0.2576320171356201,,cfg02_G2_D32,0.9929953520186245,cuda
evaluation,456,305,Cold,0.5549517869949341,0.1796560287475586,0.5555555555555556,1.0,0.0,0.0,,cfg02_G2_D32,0.9929953520186245,cuda
evaluation,456,305,Warm A,0.5570887923240662,0.17924880981445312,0.5555555555555556,1.0,0.20198121666908264,0.6291651725769043,,cfg02_G2_D32,0.9929953520186245,cuda
evaluation,456,305,Warm B,0.5501732230186462,0.18093521893024445,0.5308641975308642,1.0,0.3142741620540619,0.5166723728179932,,cfg02_G2_D32,0.9929953520186245,cuda
evaluation,456,305,Warm C,0.5560231804847717,0.17795148491859436,0.5308641975308642,1.0,0.30847907066345215,0.22593115270137787,,cfg02_G2_D32,0.9929953520186245,cuda
evaluation,458,307,Cold,0.5543426871299744,0.175544872879982,0.5555555555555556,1.0,0.0,0.0,,cfg02_G2_D32,0.9929953520186245,cuda
evaluation,458,307,Warm A,0.5612930655479431,0.1729942113161087,0.5802469135802469,1.0,0.22824814915657043,0.4052688181400299,,cfg02_G2_D32,0.9929953520186245,cuda
evaluation,458,307,Warm B,0.5619773268699646,0.17560526728630066,0.5555555555555556,1.0,0.24457639455795288,0.5002335906028748,,cfg02_G2_D32,0.9929953520186245,cuda
evaluation,458,307,Warm C,0.5592401027679443,0.17295457422733307,0.5555555555555556,1.0,0.2661307156085968,0.5592730641365051,,cfg02_G2_D32,0.9929953520186245,cuda
evaluation,459,308,Cold,0.5540479421615601,0.17558519542217255,0.5308641975308642,1.0,0.0,0.0,,cfg02_G2_D32,0.9929953520186245,cuda
evaluation,459,308,Warm A,0.5534786581993103,0.17672713100910187,0.5308641975308642,1.0,0.21248824894428253,0.5021831393241882,,cfg02_G2_D32,0.9929953520186245,cuda
evaluation,459,308,Warm B,0.5540269017219543,0.1796916425228119,0.5061728395061729,1.0,0.2882119417190552,0.4905460774898529,,cfg02_G2_D32,0.9929953520186245,cuda
evaluation,459,308,Warm C,0.5498087406158447,0.17983503639698029,0.5061728395061729,1.0,0.3826340138912201,0.5434557795524597,,cfg02_G2_D32,0.9929953520186245,cuda
evaluation,461,309,Cold,0.552768349647522,0.1770326942205429,0.5555555555555556,1.0,0.0,0.0,,cfg02_G2_D32,0.9929953520186245,cuda
evaluation,461,309,Warm A,0.5521116852760315,0.1788962483406067,0.5308641975308642,1.0,0.20553871989250183,0.5959679484367371,,cfg02_G2_D32,0.9929953520186245,cuda
evaluation,461,309,Warm B,0.5441243648529053,0.18022951483726501,0.5061728395061729,1.0,0.3167521059513092,0.7282760143280029,,cfg02_G2_D32,0.9929953520186245,cuda
evaluation,461,309,Warm C,0.544843316078186,0.18081504106521606,0.5061728395061729,1.0,0.39406725764274597,0.604118287563324,,cfg02_G2_D32,0.9929953520186245,cuda
evaluation,465,311,Cold,0.5565657615661621,0.17660805583000183,0.5555555555555556,1.0,0.0,0.0,,cfg02_G2_D32,0.9929953520186245,cuda
evaluation,465,311,Warm A,0.5511431097984314,0.17811821401119232,0.5308641975308642,1.0,0.1981174498796463,0.5928764343261719,,cfg02_G2_D32,0.9929953520186245,cuda
evaluation,465,311,Warm B,0.5418087840080261,0.18029111623764038,0.48148148148148145,1.0,0.3953735828399658,0.7790949940681458,,cfg02_G2_D32,0.9929953520186245,cuda
evaluation,465,311,Warm C,0.5478832125663757,0.17918576300144196,0.5555555555555556,1.0,0.2622448801994324,0.5416685342788696,,cfg02_G2_D32,0.9929953520186245,cuda
evaluation,469,314,Cold,0.5536180138587952,0.17836184799671173,0.5555555555555556,1.0,0.0,0.0,,cfg02_G2_D32,0.9929953520186245,cuda
evaluation,469,314,Warm A,0.5523898005485535,0.18033796548843384,0.5555555555555556,1.0,0.21968325972557068,0.6205812692642212,,cfg02_G2_D32,0.9929953520186245,cuda
evaluation,469,314,Warm B,0.5535340309143066,0.17845097184181213,0.5308641975308642,1.0,0.257809579372406,0.545879065990448,,cfg02_G2_D32,0.9929953520186245,cuda
evaluation,469,314,Warm C,0.5577566027641296,0.18014372885227203,0.5555555555555556,1.0,0.3858959674835205,0.39325132966041565,,cfg02_G2_D32,0.9929953520186245,cuda
evaluation,473,316,Cold,0.5515344142913818,0.1790451556444168,0.5061728395061729,1.0,0.0,0.0,,cfg02_G2_D32,0.9929953520186245,cuda
evaluation,473,316,Warm A,0.5504923462867737,0.18275922536849976,0.5308641975308642,1.0,0.23150001466274261,0.7598176002502441,,cfg02_G2_D32,0.9929953520186245,cuda
evaluation,473,316,Warm B,0.5518802404403687,0.18706336617469788,0.5308641975308642,1.0,0.4308018088340759,0.4831133782863617,,cfg02_G2_D32,0.9929953520186245,cuda
evaluation,473,316,Warm C,0.5563194155693054,0.18859988451004028,0.5308641975308642,1.0,0.5049694180488586,0.28880420327186584,,cfg02_G2_D32,0.9929953520186245,cuda
evaluation,477,319,Cold,0.5553401708602905,0.1779526323080063,0.5555555555555556,1.0,0.0,0.0,,cfg02_G2_D32,0.9929953520186245,cuda
evaluation,477,319,Warm A,0.552830159664154,0.18108460307121277,0.5555555555555556,1.0,0.22907155752182007,0.6958081126213074,,cfg02_G2_D32,0.9929953520186245,cuda
evaluation,477,319,Warm B,0.5476400852203369,0.18236196041107178,0.5555555555555556,1.0,0.4007672369480133,0.7022178769111633,,cfg02_G2_D32,0.9929953520186245,cuda
evaluation,477,319,Warm C,0.5398352742195129,0.18362058699131012,0.5061728395061729,1.0,0.5822619199752808,0.7064816355705261,,cfg02_G2_D32,0.9929953520186245,cuda
evaluation,479,320,Cold,0.5532112717628479,0.17393726110458374,0.5308641975308642,1.0,0.0,0.0,,cfg02_G2_D32,0.9929953520186245,cuda
evaluation,479,320,Warm A,0.5583094358444214,0.17512676119804382,0.5802469135802469,1.0,0.21835556626319885,0.3906443119049072,,cfg02_G2_D32,0.9929953520186245,cuda
evaluation,479,320,Warm B,0.5615852475166321,0.17820431292057037,0.5802469135802469,1.0,0.38893625140190125,0.19723419845104218,,cfg02_G2_D32,0.9929953520186245,cuda
evaluation,479,320,Warm C,0.5531221628189087,0.1778041422367096,0.5555555555555556,1.0,0.3818470537662506,0.48919686675071716,,cfg02_G2_D32,0.9929953520186245,cuda
evaluation,482,323,Cold,0.5522798299789429,0.17748013138771057,0.5308641975308642,1.0,0.0,0.0,,cfg02_G2_D32,0.9929953520186245,cuda
evaluation,482,323,Warm A,0.5433976650238037,0.17935363948345184,0.48148148148148145,1.0,0.2437773197889328,0.8909086585044861,,cfg02_G2_D32,0.9929953520186245,cuda
evaluation,482,323,Warm B,0.5404911041259766,0.18138259649276733,0.4567901234567901,1.0,0.38930684328079224,0.550955593585968,,cfg02_G2_D32,0.9929953520186245,cuda
evaluation,482,323,Warm C,0.5373930931091309,0.18481148779392242,0.4567901234567901,1.0,0.5990042686462402,0.7085314393043518,,cfg02_G2_D32,0.9929953520186245,cuda
evaluation,483,324,Cold,0.555453360080719,0.1788240373134613,0.5555555555555556,1.0,0.0,0.0,,cfg02_G2_D32,0.9929953520186245,cuda
evaluation,483,324,Warm A,0.5639050602912903,0.17756280303001404,0.5802469135802469,1.0,0.2306271344423294,0.4490021765232086,,cfg02_G2_D32,0.9929953520186245,cuda
evaluation,483,324,Warm B,0.5564181208610535,0.1780027449131012,0.5555555555555556,1.0,0.12553544342517853,0.5938235521316528,,cfg02_G2_D32,0.9929953520186245,cuda
evaluation,483,324,Warm C,0.5590968132019043,0.17789535224437714,0.5802469135802469,1.0,0.27052226662635803,0.45299312472343445,,cfg02_G2_D32,0.9929953520186245,cuda
evaluation,486,326,Cold,0.5504653453826904,0.17988614737987518,0.5308641975308642,1.0,0.0,0.0,,cfg02_G2_D32,0.9929953520186245,cuda
evaluation,486,326,Warm A,0.5529847741127014,0.18244487047195435,0.5555555555555556,1.0,0.20905891060829163,0.44394657015800476,,cfg02_G2_D32,0.9929953520186245,cuda
evaluation,486,326,Warm B,0.560411274433136,0.1804037094116211,0.5555555555555556,1.0,0.2586641311645508,0.35018977522850037,,cfg02_G2_D32,0.9929953520186245,cuda
evaluation,486,326,Warm C,0.5550166964530945,0.18274562060832977,0.5308641975308642,1.0,0.29065433144569397,0.5020133256912231,,cfg02_G2_D32,0.9929953520186245,cuda
evaluation,487,327,Cold,0.5540521740913391,0.1758328378200531,0.5555555555555556,1.0,0.0,0.0,,cfg02_G2_D32,0.9929953520186245,cuda
evaluation,487,327,Warm A,0.5588043332099915,0.17727497220039368,0.5555555555555556,1.0,0.21807710826396942,0.4589662551879883,,cfg02_G2_D32,0.9929953520186245,cuda
evaluation,487,327,Warm B,0.5542783141136169,0.17665567994117737,0.5308641975308642,1.0,0.31580835580825806,0.5394279360771179,,cfg02_G2_D32,0.9929953520186245,cuda
evaluation,487,327,Warm C,0.5532675981521606,0.17963863909244537,0.5802469135802469,1.0,0.42494261264801025,0.44358667731285095,,cfg02_G2_D32,0.9929953520186245,cuda
evaluation,489,328,Cold,0.5521680116653442,0.1784035563468933,0.5308641975308642,1.0,0.0,0.0,,cfg02_G2_D32,0.9929953520186245,cuda
evaluation,489,328,Warm A,0.5535198450088501,0.18150222301483154,0.5555555555555556,1.0,0.21905624866485596,0.5047184228897095,,cfg02_G2_D32,0.9929953520186245,cuda
evaluation,489,328,Warm B,0.5587332248687744,0.18289902806282043,0.5555555555555556,1.0,0.3654852509498596,0.39807894825935364,,cfg02_G2_D32,0.9929953520186245,cuda
evaluation,489,328,Warm C,0.5639635324478149,0.18274152278900146,0.6049382716049383,1.0,0.4460836946964264,0.2858222424983978,,cfg02_G2_D32,0.9929953520186245,cuda
evaluation,490,329,Cold,0.5527562499046326,0.17772747576236725,0.5555555555555556,1.0,0.0,0.0,,cfg02_G2_D32,0.9929953520186245,cuda
evaluation,490,329,Warm A,0.5528507232666016,0.17905227839946747,0.5555555555555556,1.0,0.22194334864616394,0.5316641330718994,,cfg02_G2_D32,0.9929953520186245,cuda
evaluation,490,329,Warm B,0.5528272390365601,0.17880471050739288,0.5308641975308642,1.0,0.33649277687072754,0.5282371044158936,,cfg02_G2_D32,0.9929953520186245,cuda
evaluation,490,329,Warm C,0.5492416024208069,0.1788637638092041,0.5308641975308642,1.0,0.34727346897125244,0.5711343884468079,,cfg02_G2_D32,0.9929953520186245,cuda
evaluation,501,336,Cold,0.5558896660804749,0.1775083839893341,0.5555555555555556,1.0,0.0,0.0,,cfg02_G2_D32,0.9929953520186245,cuda
evaluation,501,336,Warm A,0.5525899529457092,0.17985647916793823,0.5555555555555556,1.0,0.21565896272659302,0.7280017137527466,,cfg02_G2_D32,0.9929953520186245,cuda
evaluation,501,336,Warm B,0.5448459982872009,0.1813589185476303,0.5061728395061729,1.0,0.37136855721473694,0.6775039434432983,,cfg02_G2_D32,0.9929953520186245,cuda
evaluation,501,336,Warm C,0.5407285094261169,0.18447595834732056,0.5061728395061729,1.0,0.5381894707679749,0.6527048945426941,,cfg02_G2_D32,0.9929953520186245,cuda
evaluation,502,337,Cold,0.5544282793998718,0.17381881177425385,0.5802469135802469,1.0,0.0,0.0,,cfg02_G2_D32,0.9929953520186245,cuda
evaluation,502,337,Warm A,0.5604590177536011,0.17494450509548187,0.6049382716049383,1.0,0.23373769223690033,0.17040430009365082,,cfg02_G2_D32,0.9929953520186245,cuda
evaluation,502,337,Warm B,0.5674573183059692,0.17471449077129364,0.6296296296296297,1.0,0.3760673999786377,0.18134856224060059,,cfg02_G2_D32,0.9929953520186245,cuda
evaluation,502,337,Warm C,0.5747506618499756,0.1727677583694458,0.6296296296296297,1.0,0.5218895673751831,0.05918269231915474,,cfg02_G2_D32,0.9929953520186245,cuda
evaluation,504,338,Cold,0.5541626811027527,0.17210806906223297,0.5308641975308642,1.0,0.0,0.0,,cfg02_G2_D32,0.9929953520186245,cuda
evaluation,504,338,Warm A,0.5600249767303467,0.17114964127540588,0.5802469135802469,1.0,0.22075426578521729,0.436890184879303,,cfg02_G2_D32,0.9929953520186245,cuda
evaluation,504,338,Warm B,0.5581100583076477,0.1712133288383484,0.6049382716049383,1.0,0.2915022075176239,0.49590417742729187,,cfg02_G2_D32,0.9929953520186245,cuda
evaluation,504,338,Warm C,0.5582097172737122,0.1694493293762207,0.6049382716049383,1.0,0.3068668246269226,0.5032221674919128,,cfg02_G2_D32,0.9929953520186245,cuda
evaluation,505,339,Cold,0.5496775507926941,0.1781192272901535,0.5308641975308642,1.0,0.0,0.0,,cfg02_G2_D32,0.9929953520186245,cuda
evaluation,505,339,Warm A,0.5510690808296204,0.1816474348306656,0.5308641975308642,1.0,0.20096758008003235,0.5279825329780579,,cfg02_G2_D32,0.9929953520186245,cuda
evaluation,505,339,Warm B,0.5496944189071655,0.18573066592216492,0.5308641975308642,1.0,0.3653702139854431,0.5760857462882996,,cfg02_G2_D32,0.9929953520186245,cuda
evaluation,505,339,Warm C,0.5546295046806335,0.1881064474582672,0.5061728395061729,1.0,0.4549970328807831,0.36043867468833923,,cfg02_G2_D32,0.9929953520186245,cuda
evaluation,506,340,Cold,0.5546108484268188,0.17956340312957764,0.5555555555555556,1.0,0.0,0.0,,cfg02_G2_D32,0.9929953520186245,cuda
evaluation,506,340,Warm A,0.5518935918807983,0.1811719834804535,0.5308641975308642,1.0,0.1758388727903366,0.5645305514335632,,cfg02_G2_D32,0.9929953520186245,cuda
evaluation,506,340,Warm B,0.5500315427780151,0.18364393711090088,0.5061728395061729,1.0,0.2953922152519226,0.679249107837677,,cfg02_G2_D32,0.9929953520186245,cuda
evaluation,506,340,Warm C,0.5547903776168823,0.18026868999004364,0.5308641975308642,1.0,0.256136953830719,0.5014147162437439,,cfg02_G2_D32,0.9929953520186245,cuda
evaluation,511,344,Cold,0.5541689991950989,0.17731209099292755,0.5555555555555556,1.0,0.0,0.0,,cfg02_G2_D32,0.9929953520186245,cuda
evaluation,511,344,Warm A,0.5550943613052368,0.18017329275608063,0.5555555555555556,1.0,0.20332252979278564,0.5174919366836548,,cfg02_G2_D32,0.9929953520186245,cuda
evaluation,511,344,Warm B,0.5614883899688721,0.17735075950622559,0.5802469135802469,1.0,0.20342807471752167,0.3709539771080017,,cfg02_G2_D32,0.9929953520186245,cuda
evaluation,511,344,Warm C,0.5539628267288208,0.17795097827911377,0.5802469135802469,1.0,0.21591556072235107,0.6617884039878845,,cfg02_G2_D32,0.9929953520186245,cuda
evaluation,512,345,Cold,0.5513607263565063,0.1738530397415161,0.5308641975308642,1.0,0.0,0.0,,cfg02_G2_D32,0.9929953520186245,cuda
evaluation,512,345,Warm A,0.5524571537971497,0.17675241827964783,0.5555555555555556,1.0,0.22829703986644745,0.611944854259491,,cfg02_G2_D32,0.9929953520186245,cuda
evaluation,512,345,Warm B,0.5439839959144592,0.1790941059589386,0.48148148148148145,1.0,0.4061027467250824,0.6674494743347168,,cfg02_G2_D32,0.9929953520186245,cuda
evaluation,512,345,Warm C,0.5492211580276489,0.17603683471679688,0.5308641975308642,1.0,0.2839970290660858,0.45340773463249207,,cfg02_G2_D32,0.9929953520186245,cuda
evaluation,513,346,Cold,0.5521241426467896,0.17933566868305206,0.5308641975308642,1.0,0.0,0.0,,cfg02_G2_D32,0.9929953520186245,cuda
evaluation,513,346,Warm A,0.5519666075706482,0.1827116459608078,0.5308641975308642,1.0,0.2103014588356018,0.5097536444664001,,cfg02_G2_D32,0.9929953520186245,cuda
evaluation,513,346,Warm B,0.5421649813652039,0.18533051013946533,0.5061728395061729,1.0,0.4354892671108246,0.7902690768241882,,cfg02_G2_D32,0.9929953520186245,cuda
evaluation,513,346,Warm C,0.5495581030845642,0.18236900866031647,0.5308641975308642,1.0,0.2371477335691452,0.48255786299705505,,cfg02_G2_D32,0.9929953520186245,cuda
evaluation,518,351,Cold,0.5518979430198669,0.17999033629894257,0.5308641975308642,1.0,0.0,0.0,,cfg02_G2_D32,0.9929953520186245,cuda
evaluation,518,351,Warm A,0.5590271353721619,0.1812414824962616,0.5555555555555556,1.0,0.21130377054214478,0.36809781193733215,,cfg02_G2_D32,0.9929953520186245,cuda
evaluation,518,351,Warm B,0.5684629678726196,0.1814894825220108,0.6296296296296297,1.0,0.34424275159835815,0.15183019638061523,,cfg02_G2_D32,0.9929953520186245,cuda
evaluation,518,351,Warm C,0.564572274684906,0.18164418637752533,0.5802469135802469,1.0,0.36471351981163025,0.3850034773349762,,cfg02_G2_D32,0.9929953520186245,cuda
evaluation,521,354,Cold,0.5533779859542847,0.1753331422805786,0.5555555555555556,1.0,0.0,0.0,,cfg02_G2_D32,0.9929953520186245,cuda
evaluation,521,354,Warm A,0.5552873015403748,0.1765904277563095,0.5308641975308642,1.0,0.22292855381965637,0.584881603717804,,cfg02_G2_D32,0.9929953520186245,cuda
evaluation,521,354,Warm B,0.5455417037010193,0.17844727635383606,0.5061728395061729,1.0,0.3454255759716034,0.6067134737968445,,cfg02_G2_D32,0.9929953520186245,cuda
evaluation,521,354,Warm C,0.5460495352745056,0.1776854246854782,0.5061728395061729,1.0,0.3638763427734375,0.5550894737243652,,cfg02_G2_D32,0.9929953520186245,cuda
evaluation,522,355,Cold,0.554498553276062,0.1777646839618683,0.5555555555555556,1.0,0.0,0.0,,cfg02_G2_D32,0.9929953520186245,cuda
evaluation,522,355,Warm A,0.5474722385406494,0.17830254137516022,0.5061728395061729,1.0,0.22474348545074463,0.6063463091850281,,cfg02_G2_D32,0.9929953520186245,cuda
evaluation,522,355,Warm B,0.5526381731033325,0.17837019264698029,0.5555555555555556,1.0,0.18745899200439453,0.4250938594341278,,cfg02_G2_D32,0.9929953520186245,cuda
evaluation,522,355,Warm C,0.5459818840026855,0.18182654678821564,0.5061728395061729,1.0,0.337537556886673,0.6843733191490173,,cfg02_G2_D32,0.9929953520186245,cuda
evaluation,523,356,Cold,0.5547833442687988,0.17974358797073364,0.5555555555555556,1.0,0.0,0.0,,cfg02_G2_D32,0.9929953520186245,cuda
evaluation,523,356,Warm A,0.55177903175354,0.17938826978206635,0.5308641975308642,1.0,0.21037660539150238,0.600682258605957,,cfg02_G2_D32,0.9929953520186245,cuda
evaluation,523,356,Warm B,0.5473897457122803,0.18265099823474884,0.5061728395061729,1.0,0.3595159649848938,0.7947457432746887,,cfg02_G2_D32,0.9929953520186245,cuda
evaluation,523,356,Warm C,0.5457385778427124,0.18425202369689941,0.5308641975308642,1.0,0.5170788168907166,0.6710865497589111,,cfg02_G2_D32,0.9929953520186245,cuda
evaluation,528,359,Cold,0.5548338890075684,0.1799492985010147,0.5555555555555556,1.0,0.0,0.0,,cfg02_G2_D32,0.9929953520186245,cuda
evaluation,528,359,Warm A,0.5565611124038696,0.18188606202602386,0.5555555555555556,1.0,0.21580612659454346,0.533656120300293,,cfg02_G2_D32,0.9929953520186245,cuda
evaluation,528,359,Warm B,0.5558571815490723,0.18589136004447937,0.5555555555555556,1.0,0.36186307668685913,0.581032931804657,,cfg02_G2_D32,0.9929953520186245,cuda
evaluation,528,359,Warm C,0.5602016448974609,0.18853968381881714,0.5308641975308642,1.0,0.48056456446647644,0.40361785888671875,,cfg02_G2_D32,0.9929953520186245,cuda
evaluation,540,369,Cold,0.5527563095092773,0.17772747576236725,0.5555555555555556,1.0,0.0,0.0,,cfg02_G2_D32,0.9929953520186245,cuda
evaluation,540,369,Warm A,0.5573871731758118,0.1786937117576599,0.5555555555555556,1.0,0.22095344960689545,0.36569663882255554,,cfg02_G2_D32,0.9929953520186245,cuda
evaluation,540,369,Warm B,0.563875675201416,0.17937996983528137,0.5802469135802469,1.0,0.33757221698760986,0.23729415237903595,,cfg02_G2_D32,0.9929953520186245,cuda
evaluation,540,369,Warm C,0.5677294135093689,0.1818953901529312,0.5802469135802469,1.0,0.540459394454956,0.23814211785793304,,cfg02_G2_D32,0.9929953520186245,cuda
evaluation,544,373,Cold,0.5537281632423401,0.1755329966545105,0.5308641975308642,1.0,0.0,0.0,,cfg02_G2_D32,0.9929953520186245,cuda
evaluation,544,373,Warm A,0.5613455772399902,0.17444823682308197,0.6049382716049383,1.0,0.21636278927326202,0.23996300995349884,,cfg02_G2_D32,0.9929953520186245,cuda
evaluation,544,373,Warm B,0.560858428478241,0.17615513503551483,0.6049382716049383,1.0,0.2794102132320404,0.3861514925956726,,cfg02_G2_D32,0.9929953520186245,cuda
evaluation,544,373,Warm C,0.5683259963989258,0.17664611339569092,0.6049382716049383,1.0,0.4495524764060974,0.18377797305583954,,cfg02_G2_D32,0.9929953520186245,cuda
evaluation,547,375,Cold,0.5526353120803833,0.17624856531620026,0.5308641975308642,1.0,0.0,0.0,,cfg02_G2_D32,0.9929953520186245,cuda
evaluation,547,375,Warm A,0.551611602306366,0.17918631434440613,0.5308641975308642,1.0,0.23325620591640472,0.666622519493103,,cfg02_G2_D32,0.9929953520186245,cuda
evaluation,547,375,Warm B,0.5460877418518066,0.18218670785427094,0.48148148148148145,1.0,0.4243040382862091,0.5601962804794312,,cfg02_G2_D32,0.9929953520186245,cuda
evaluation,547,375,Warm C,0.549325168132782,0.18339070677757263,0.5061728395061729,1.0,0.4391484260559082,0.37917953729629517,,cfg02_G2_D32,0.9929953520186245,cuda
evaluation,548,376,Cold,0.5538299083709717,0.17583799362182617,0.5308641975308642,1.0,0.0,0.0,,cfg02_G2_D32,0.9929953520186245,cuda
evaluation,548,376,Warm A,0.5625723600387573,0.17557629942893982,0.6049382716049383,1.0,0.2126305103302002,0.2875067889690399,,cfg02_G2_D32,0.9929953520186245,cuda
evaluation,548,376,Warm B,0.5680412650108337,0.17752769589424133,0.6296296296296297,1.0,0.35979416966438293,0.27170369029045105,,cfg02_G2_D32,0.9929953520186245,cuda
evaluation,548,376,Warm C,0.5660164952278137,0.17531102895736694,0.6296296296296297,1.0,0.34813109040260315,0.28888699412345886,,cfg02_G2_D32,0.9929953520186245,cuda
evaluation,549,377,Cold,0.5509023666381836,0.1803472638130188,0.5308641975308642,1.0,0.0,0.0,,cfg02_G2_D32,0.9929953520186245,cuda
evaluation,549,377,Warm A,0.5478775501251221,0.18356995284557343,0.5061728395061729,1.0,0.22634805738925934,0.6738476157188416,,cfg02_G2_D32,0.9929953520186245,cuda
evaluation,549,377,Warm B,0.5430638790130615,0.1828785389661789,0.48148148148148145,1.0,0.2863626480102539,0.4982112944126129,,cfg02_G2_D32,0.9929953520186245,cuda
evaluation,549,377,Warm C,0.5398073196411133,0.18580420315265656,0.48148148148148145,1.0,0.44921696186065674,0.6048272252082825,,cfg02_G2_D32,0.9929953520186245,cuda
evaluation,550,378,Cold,0.5519565343856812,0.17929649353027344,0.5308641975308642,1.0,0.0,0.0,,cfg02_G2_D32,0.9929953520186245,cuda
evaluation,550,378,Warm A,0.5581449866294861,0.1782478243112564,0.5308641975308642,1.0,0.21058696508407593,0.44901132583618164,,cfg02_G2_D32,0.9929953520186245,cuda
evaluation,550,378,Warm B,0.5516042113304138,0.18089832365512848,0.5308641975308642,1.0,0.28053051233291626,0.6075069308280945,,cfg02_G2_D32,0.9929953520186245,cuda
evaluation,550,378,Warm C,0.5520599484443665,0.1844761073589325,0.5308641975308642,1.0,0.4056665897369385,0.5187594294548035,,cfg02_G2_D32,0.9929953520186245,cuda
evaluation,556,383,Cold,0.5529367923736572,0.1788082867860794,0.5555555555555556,1.0,0.0,0.0,,cfg02_G2_D32,0.9929953520186245,cuda
evaluation,556,383,Warm A,0.55265873670578,0.176572784781456,0.5308641975308642,1.0,0.23338110744953156,0.336776465177536,,cfg02_G2_D32,0.9929953520186245,cuda
evaluation,556,383,Warm B,0.557858943939209,0.17494553327560425,0.5555555555555556,1.0,0.41936907172203064,0.3378453254699707,,cfg02_G2_D32,0.9929953520186245,cuda
evaluation,556,383,Warm C,0.5557029247283936,0.17561158537864685,0.5555555555555556,1.0,0.3311213552951813,0.4756620526313782,,cfg02_G2_D32,0.9929953520186245,cuda
evaluation,558,384,Cold,0.5523732900619507,0.17669330537319183,0.5308641975308642,1.0,0.0,0.0,,cfg02_G2_D32,0.9929953520186245,cuda
evaluation,558,384,Warm A,0.5529267191886902,0.17808733880519867,0.5308641975308642,1.0,0.21234844624996185,0.6206561326980591,,cfg02_G2_D32,0.9929953520186245,cuda
evaluation,558,384,Warm B,0.5574647188186646,0.17599250376224518,0.5555555555555556,1.0,0.330685555934906,0.44696417450904846,,cfg02_G2_D32,0.9929953520186245,cuda
evaluation,558,384,Warm C,0.560351550579071,0.1786598563194275,0.5802469135802469,1.0,0.4508468210697174,0.5967859625816345,,cfg02_G2_D32,0.9929953520186245,cuda
evaluation,565,386,Cold,0.5524489879608154,0.1728779673576355,0.5308641975308642,1.0,0.0,0.0,,cfg02_G2_D32,0.9929953520186245,cuda
evaluation,565,386,Warm A,0.5462903380393982,0.17444400489330292,0.48148148148148145,1.0,0.20466092228889465,0.626132607460022,,cfg02_G2_D32,0.9929953520186245,cuda
evaluation,565,386,Warm B,0.5509076714515686,0.17270353436470032,0.5308641975308642,1.0,0.262188196182251,0.5268012881278992,,cfg02_G2_D32,0.9929953520186245,cuda
evaluation,565,386,Warm C,0.5415645837783813,0.17475970089435577,0.48148148148148145,1.0,0.3783406913280487,0.7476186752319336,,cfg02_G2_D32,0.9929953520186245,cuda
evaluation,569,387,Cold,0.550524115562439,0.17574648559093475,0.5308641975308642,1.0,0.0,0.0,,cfg02_G2_D32,0.9929953520186245,cuda
evaluation,569,387,Warm A,0.5571880340576172,0.17323018610477448,0.5802469135802469,1.0,0.2341250479221344,0.40030336380004883,,cfg02_G2_D32,0.9929953520186245,cuda
evaluation,569,387,Warm B,0.5645030736923218,0.17152687907218933,0.5802469135802469,1.0,0.41390126943588257,0.390733003616333,,cfg02_G2_D32,0.9929953520186245,cuda
evaluation,569,387,Warm C,0.5665674805641174,0.17134463787078857,0.6296296296296297,1.0,0.46790462732315063,0.4307177662849426,,cfg02_G2_D32,0.9929953520186245,cuda
evaluation,574,388,Cold,0.5526793599128723,0.18044821918010712,0.5555555555555556,1.0,0.0,0.0,,cfg02_G2_D32,0.9929953520186245,cuda
evaluation,574,388,Warm A,0.5448566675186157,0.18277733027935028,0.48148148148148145,1.0,0.23350201547145844,0.7059333920478821,,cfg02_G2_D32,0.9929953520186245,cuda
evaluation,574,388,Warm B,0.5435140132904053,0.18487931787967682,0.5308641975308642,1.0,0.37197887897491455,0.6393634676933289,,cfg02_G2_D32,0.9929953520186245,cuda
evaluation,574,388,Warm C,0.5410741567611694,0.18370163440704346,0.48148148148148145,1.0,0.48648062348365784,0.7153569459915161,,cfg02_G2_D32,0.9929953520186245,cuda
evaluation,575,389,Cold,0.5509049296379089,0.1765815019607544,0.5308641975308642,1.0,0.0,0.0,,cfg02_G2_D32,0.9929953520186245,cuda
evaluation,575,389,Warm A,0.5587903261184692,0.17667235434055328,0.6049382716049383,1.0,0.220303013920784,0.31393134593963623,,cfg02_G2_D32,0.9929953520186245,cuda
evaluation,575,389,Warm B,0.5506431460380554,0.17954021692276,0.5308641975308642,1.0,0.18474538624286652,0.5507082939147949,,cfg02_G2_D32,0.9929953520186245,cuda
evaluation,575,389,Warm C,0.5521870255470276,0.1793188899755478,0.5308641975308642,1.0,0.3330172300338745,0.49743637442588806,,cfg02_G2_D32,0.9929953520186245,cuda
evaluation,580,390,Cold,0.5529407262802124,0.17974987626075745,0.5555555555555556,1.0,0.0,0.0,,cfg02_G2_D32,0.9929953520186245,cuda
evaluation,580,390,Warm A,0.5553913116455078,0.18176567554473877,0.5308641975308642,1.0,0.2152407318353653,0.5803935527801514,,cfg02_G2_D32,0.9929953520186245,cuda
evaluation,580,390,Warm B,0.5555797815322876,0.18526703119277954,0.5061728395061729,1.0,0.3433105945587158,0.6107023358345032,,cfg02_G2_D32,0.9929953520186245,cuda
evaluation,580,390,Warm C,0.5618075132369995,0.1848919540643692,0.5308641975308642,1.0,0.3615497946739197,0.4979330599308014,,cfg02_G2_D32,0.9929953520186245,cuda
evaluation,581,391,Cold,0.5509974360466003,0.18207983672618866,0.5308641975308642,1.0,0.0,0.0,,cfg02_G2_D32,0.9929953520186245,cuda
evaluation,581,391,Warm A,0.5531420111656189,0.17930547893047333,0.5308641975308642,1.0,0.2445012331008911,0.3485594689846039,,cfg02_G2_D32,0.9929953520186245,cuda
evaluation,581,391,Warm B,0.5561165809631348,0.17625142633914948,0.5555555555555556,1.0,0.43932002782821655,0.2903154790401459,,cfg02_G2_D32,0.9929953520186245,cuda
evaluation,581,391,Warm C,0.5530381798744202,0.1792091727256775,0.5308641975308642,1.0,0.23639006912708282,0.6542465090751648,,cfg02_G2_D32,0.9929953520186245,cuda
evaluation,606,406,Cold,0.5520284175872803,0.17280782759189606,0.5308641975308642,1.0,0.0,0.0,,cfg02_G2_D32,0.9929953520186245,cuda
evaluation,606,406,Warm A,0.5600686073303223,0.17199672758579254,0.6049382716049383,1.0,0.22222086787223816,0.3668151795864105,,cfg02_G2_D32,0.9929953520186245,cuda
evaluation,606,406,Warm B,0.5619839429855347,0.1726503223180771,0.6049382716049383,1.0,0.34339630603790283,0.3301294445991516,,cfg02_G2_D32,0.9929953520186245,cuda
evaluation,606,406,Warm C,0.5704939961433411,0.17103667557239532,0.6296296296296297,1.0,0.5072210431098938,0.10293270647525787,,cfg02_G2_D32,0.9929953520186245,cuda
evaluation,609,408,Cold,0.5513775944709778,0.17445307970046997,0.5308641975308642,1.0,0.0,0.0,,cfg02_G2_D32,0.9929953520186245,cuda
evaluation,609,408,Warm A,0.5523470044136047,0.17779187858104706,0.5555555555555556,1.0,0.23506993055343628,0.6557103395462036,,cfg02_G2_D32,0.9929953520186245,cuda
evaluation,609,408,Warm B,0.554723858833313,0.1742209494113922,0.5555555555555556,1.0,0.18202461302280426,0.3789166808128357,,cfg02_G2_D32,0.9929953520186245,cuda
evaluation,609,408,Warm C,0.5499955415725708,0.17514623701572418,0.5308641975308642,1.0,0.25601765513420105,0.6320844888687134,,cfg02_G2_D32,0.9929953520186245,cuda
evaluation,612,411,Cold,0.5504421591758728,0.18159212172031403,0.5308641975308642,1.0,0.0,0.0,,cfg02_G2_D32,0.9929953520186245,cuda
evaluation,612,411,Warm A,0.5487158298492432,0.1853741854429245,0.5308641975308642,1.0,0.224679633975029,0.5932456254959106,,cfg02_G2_D32,0.9929953520186245,cuda
evaluation,612,411,Warm B,0.5570774078369141,0.18416765332221985,0.5555555555555556,1.0,0.17107971012592316,0.36574435234069824,,cfg02_G2_D32,0.9929953520186245,cuda
evaluation,612,411,Warm C,0.5627937912940979,0.18249012529850006,0.5802469135802469,1.0,0.2794194519519806,0.21476316452026367,,cfg02_G2_D32,0.9929953520186245,cuda
evaluation,613,412,Cold,0.5534262657165527,0.17821291089057922,0.5555555555555556,1.0,0.0,0.0,,cfg02_G2_D32,0.9929953520186245,cuda
evaluation,613,412,Warm A,0.5508506298065186,0.17715024948120117,0.5061728395061729,1.0,0.21353481709957123,0.46801844239234924,,cfg02_G2_D32,0.9929953520186245,cuda
evaluation,613,412,Warm B,0.5483071208000183,0.1806066483259201,0.5308641975308642,1.0,0.2745075523853302,0.6273037195205688,,cfg02_G2_D32,0.9929953520186245,cuda
evaluation,613,412,Warm C,0.5515955686569214,0.1774979829788208,0.5308641975308642,1.0,0.21532630920410156,0.42382508516311646,,cfg02_G2_D32,0.9929953520186245,cuda
evaluation,615,413,Cold,0.5594736933708191,0.17739546298980713,0.5802469135802469,1.0,0.0,0.0,,cfg02_G2_D32,0.9929953520186245,cuda
evaluation,615,413,Warm A,0.5579056143760681,0.1767488569021225,0.5555555555555556,1.0,0.2301112711429596,0.47887173295021057,,cfg02_G2_D32,0.9929953520186245,cuda
evaluation,615,413,Warm B,0.5599108338356018,0.17680732905864716,0.5555555555555556,1.0,0.32390663027763367,0.4724738299846649,,cfg02_G2_D32,0.9929953520186245,cuda
evaluation,615,413,Warm C,0.5654588937759399,0.17499788105487823,0.6296296296296297,1.0,0.4137411415576935,0.3015386760234833,,cfg02_G2_D32,0.9929953520186245,cuda
evaluation,627,415,Cold,0.5538567304611206,0.17906303703784943,0.5555555555555556,1.0,0.0,0.0,,cfg02_G2_D32,0.9929953520186245,cuda
evaluation,627,415,Warm A,0.5545146465301514,0.1779126673936844,0.5802469135802469,1.0,0.2180653214454651,0.49817919731140137,,cfg02_G2_D32,0.9929953520186245,cuda
evaluation,627,415,Warm B,0.5525344610214233,0.1785287857055664,0.5555555555555556,1.0,0.24033455550670624,0.5801017880439758,,cfg02_G2_D32,0.9929953520186245,cuda
evaluation,627,415,Warm C,0.5531265735626221,0.17808829247951508,0.5802469135802469,1.0,0.2561274468898773,0.4629468023777008,,cfg02_G2_D32,0.9929953520186245,cuda
evaluation,631,417,Cold,0.552701473236084,0.1757543981075287,0.5802469135802469,1.0,0.0,0.0,,cfg02_G2_D32,0.9929953520186245,cuda
evaluation,631,417,Warm A,0.5532017350196838,0.17840313911437988,0.5555555555555556,1.0,0.22828347980976105,0.45677852630615234,,cfg02_G2_D32,0.9929953520186245,cuda
evaluation,631,417,Warm B,0.5568608641624451,0.17714692652225494,0.5802469135802469,1.0,0.25505340099334717,0.35239920020103455,,cfg02_G2_D32,0.9929953520186245,cuda
evaluation,631,417,Warm C,0.5668621063232422,0.17624537646770477,0.6296296296296297,1.0,0.363813191652298,0.13497662544250488,,cfg02_G2_D32,0.9929953520186245,cuda
evaluation,635,418,Cold,0.5520832538604736,0.17908622324466705,0.5308641975308642,1.0,0.0,0.0,,cfg02_G2_D32,0.9929953520186245,cuda
evaluation,635,418,Warm A,0.5579473972320557,0.17842455208301544,0.5555555555555556,1.0,0.21893613040447235,0.5299733281135559,,cfg02_G2_D32,0.9929953520186245,cuda
evaluation,635,418,Warm B,0.5598451495170593,0.17595282196998596,0.5555555555555556,1.0,0.35882484912872314,0.5314343571662903,,cfg02_G2_D32,0.9929953520186245,cuda
evaluation,635,418,Warm C,0.5614237785339355,0.1775599867105484,0.5802469135802469,1.0,0.36330094933509827,0.587441623210907,,cfg02_G2_D32,0.9929953520186245,cuda
evaluation,637,419,Cold,0.5502168536186218,0.1818235069513321,0.5308641975308642,1.0,0.0,0.0,,cfg02_G2_D32,0.9929953520186245,cuda
evaluation,637,419,Warm A,0.5521219968795776,0.18464192748069763,0.5308641975308642,1.0,0.21609558165073395,0.46631860733032227,,cfg02_G2_D32,0.9929953520186245,cuda
evaluation,637,419,Warm B,0.5549660325050354,0.18825635313987732,0.5555555555555556,1.0,0.36248964071273804,0.3423157036304474,,cfg02_G2_D32,0.9929953520186245,cuda
evaluation,637,419,Warm C,0.5485815405845642,0.18739710748195648,0.5308641975308642,1.0,0.35258540511131287,0.5241147875785828,,cfg02_G2_D32,0.9929953520186245,cuda
evaluation,639,420,Cold,0.5514072179794312,0.18071682751178741,0.5308641975308642,1.0,0.0,0.0,,cfg02_G2_D32,0.9929953520186245,cuda
evaluation,639,420,Warm A,0.5538288950920105,0.18206678330898285,0.5555555555555556,1.0,0.21507127583026886,0.44582077860832214,,cfg02_G2_D32,0.9929953520186245,cuda
evaluation,639,420,Warm B,0.5475265383720398,0.185719832777977,0.5308641975308642,1.0,0.29925772547721863,0.6748485565185547,,cfg02_G2_D32,0.9929953520186245,cuda
evaluation,639,420,Warm C,0.5521426200866699,0.18728172779083252,0.5308641975308642,1.0,0.3416597247123718,0.46129700541496277,,cfg02_G2_D32,0.9929953520186245,cuda
evaluation,640,421,Cold,0.5530802607536316,0.17968975007534027,0.5802469135802469,1.0,0.0,0.0,,cfg02_G2_D32,0.9929953520186245,cuda
evaluation,640,421,Warm A,0.5590986013412476,0.18004865944385529,0.5555555555555556,1.0,0.22188715636730194,0.34259533882141113,,cfg02_G2_D32,0.9929953520186245,cuda
evaluation,640,421,Warm B,0.5635387301445007,0.18152746558189392,0.5802469135802469,1.0,0.37082257866859436,0.22037191689014435,,cfg02_G2_D32,0.9929953520186245,cuda
evaluation,640,421,Warm C,0.5581274628639221,0.18299098312854767,0.5555555555555556,1.0,0.38040775060653687,0.4870186746120453,,cfg02_G2_D32,0.9929953520186245,cuda
evaluation,650,424,Cold,0.5538578033447266,0.1809324026107788,0.5555555555555556,1.0,0.0,0.0,,cfg02_G2_D32,0.9929953520186245,cuda
evaluation,650,424,Warm A,0.5548599362373352,0.18125763535499573,0.5802469135802469,1.0,0.20060020685195923,0.5663827061653137,,cfg02_G2_D32,0.9929953520186245,cuda
evaluation,650,424,Warm B,0.5533888339996338,0.18469107151031494,0.5555555555555556,1.0,0.33723393082618713,0.7031081318855286,,cfg02_G2_D32,0.9929953520186245,cuda
evaluation,650,424,Warm C,0.5565083622932434,0.18459507822990417,0.5802469135802469,1.0,0.2792209982872009,0.5792534947395325,,cfg02_G2_D32,0.9929953520186245,cuda
evaluation,662,427,Cold,0.551278293132782,0.17738482356071472,0.5308641975308642,1.0,0.0,0.0,,cfg02_G2_D32,0.9929953520186245,cuda
evaluation,662,427,Warm A,0.5475760698318481,0.1783151626586914,0.5061728395061729,1.0,0.20317654311656952,0.6276851892471313,,cfg02_G2_D32,0.9929953520186245,cuda
evaluation,662,427,Warm B,0.5505919456481934,0.17993830144405365,0.5308641975308642,1.0,0.3050791919231415,0.48364654183387756,,cfg02_G2_D32,0.9929953520186245,cuda
evaluation,662,427,Warm C,0.5520961284637451,0.18115060031414032,0.5555555555555556,1.0,0.3589020073413849,0.3828538656234741,,cfg02_G2_D32,0.9929953520186245,cuda
evaluation,680,433,Cold,0.5604106783866882,0.17035546898841858,0.5802469135802469,1.0,0.0,0.0,,cfg02_G2_D32,0.9929953520186245,cuda
evaluation,680,433,Warm A,0.5634406805038452,0.16992506384849548,0.5802469135802469,1.0,0.21677511930465698,0.5248275399208069,,cfg02_G2_D32,0.9929953520186245,cuda
evaluation,680,433,Warm B,0.5625469088554382,0.17155258357524872,0.5802469135802469,1.0,0.2248716950416565,0.711488664150238,,cfg02_G2_D32,0.9929953520186245,cuda
evaluation,680,433,Warm C,0.5553567409515381,0.1727672666311264,0.5308641975308642,1.0,0.30410051345825195,0.7277619242668152,,cfg02_G2_D32,0.9929953520186245,cuda
evaluation,691,435,Cold,0.5509904026985168,0.17918623983860016,0.5308641975308642,1.0,0.0,0.0,,cfg02_G2_D32,0.9929953520186245,cuda
evaluation,691,435,Warm A,0.5596118569374084,0.17799821496009827,0.5802469135802469,1.0,0.22205650806427002,0.518179714679718,,cfg02_G2_D32,0.9929953520186245,cuda
evaluation,691,435,Warm B,0.5683513879776001,0.17635658383369446,0.6296296296296297,1.0,0.3925003111362457,0.34937915205955505,,cfg02_G2_D32,0.9929953520186245,cuda
evaluation,691,435,Warm C,0.5643437504768372,0.1749018281698227,0.6049382716049383,1.0,0.41114604473114014,0.5551525950431824,,cfg02_G2_D32,0.9929953520186245,cuda
evaluation,692,436,Cold,0.5524540543556213,0.17670661211013794,0.5308641975308642,1.0,0.0,0.0,,cfg02_G2_D32,0.9929953520186245,cuda
evaluation,692,436,Warm A,0.5543622374534607,0.17977651953697205,0.5308641975308642,1.0,0.21835127472877502,0.46549639105796814,,cfg02_G2_D32,0.9929953520186245,cuda
evaluation,692,436,Warm B,0.5596209168434143,0.1808791309595108,0.5802469135802469,1.0,0.3992080092430115,0.3674592971801758,,cfg02_G2_D32,0.9929953520186245,cuda
evaluation,692,436,Warm C,0.567374050617218,0.18077759444713593,0.6296296296296297,1.0,0.4920114278793335,0.1010594591498375,,cfg02_G2_D32,0.9929953520186245,cuda
evaluation,694,437,Cold,0.5532752275466919,0.1765291839838028,0.5308641975308642,1.0,0.0,0.0,,cfg02_G2_D32,0.9929953520186245,cuda
evaluation,694,437,Warm A,0.5535523891448975,0.18018846213817596,0.5555555555555556,1.0,0.21771512925624847,0.48757562041282654,,cfg02_G2_D32,0.9929953520186245,cuda
evaluation,694,437,Warm B,0.5596945881843567,0.17763462662696838,0.6049382716049383,1.0,0.20342324674129486,0.16681578755378723,,cfg02_G2_D32,0.9929953520186245,cuda
evaluation,694,437,Warm C,0.559721052646637,0.17756062746047974,0.5802469135802469,1.0,0.21672043204307556,0.3487883508205414,,cfg02_G2_D32,0.9929953520186245,cuda
evaluation,695,438,Cold,0.5527688264846802,0.17850026488304138,0.5308641975308642,1.0,0.0,0.0,,cfg02_G2_D32,0.9929953520186245,cuda
evaluation,695,438,Warm A,0.5488564968109131,0.17921194434165955,0.5308641975308642,1.0,0.2319280058145523,0.6651984453201294,,cfg02_G2_D32,0.9929953520186245,cuda
evaluation,695,438,Warm B,0.5539686679840088,0.17912350594997406,0.5308641975308642,1.0,0.1929752230644226,0.4445341229438782,,cfg02_G2_D32,0.9929953520186245,cuda
evaluation,695,438,Warm C,0.5637484788894653,0.17755040526390076,0.6049382716049383,1.0,0.27415603399276733,0.37567779421806335,,cfg02_G2_D32,0.9929953520186245,cuda
evaluation,697,439,Cold,0.5527091026306152,0.1802065372467041,0.5555555555555556,1.0,0.0,0.0,,cfg02_G2_D32,0.9929953520186245,cuda
evaluation,697,439,Warm A,0.5576643943786621,0.181105837225914,0.5555555555555556,1.0,0.19631676375865936,0.4238482117652893,,cfg02_G2_D32,0.9929953520186245,cuda
evaluation,697,439,Warm B,0.5556690096855164,0.1842717081308365,0.5555555555555556,1.0,0.3044755458831787,0.6105384230613708,,cfg02_G2_D32,0.9929953520186245,cuda
evaluation,697,439,Warm C,0.5604679584503174,0.18336990475654602,0.5555555555555556,1.0,0.36840352416038513,0.27460575103759766,,cfg02_G2_D32,0.9929953520186245,cuda
evaluation,700,440,Cold,0.5509284734725952,0.18181222677230835,0.5308641975308642,1.0,0.0,0.0,,cfg02_G2_D32,0.9929953520186245,cuda
evaluation,700,440,Warm A,0.5518842339515686,0.18122515082359314,0.5308641975308642,1.0,0.22245502471923828,0.5586676001548767,,cfg02_G2_D32,0.9929953520186245,cuda
evaluation,700,440,Warm B,0.556799590587616,0.18175071477890015,0.5802469135802469,1.0,0.3398941457271576,0.5402150750160217,,cfg02_G2_D32,0.9929953520186245,cuda
evaluation,700,440,Warm C,0.5543457269668579,0.1801723688840866,0.5555555555555556,1.0,0.28452011942863464,0.5453610420227051,,cfg02_G2_D32,0.9929953520186245,cuda
evaluation,709,443,Cold,0.5525730848312378,0.17644725739955902,0.5061728395061729,1.0,0.0,0.0,,cfg02_G2_D32,0.9929953520186245,cuda
evaluation,709,443,Warm A,0.5588536262512207,0.17617996037006378,0.5555555555555556,1.0,0.21879202127456665,0.47377195954322815,,cfg02_G2_D32,0.9929953520186245,cuda
evaluation,709,443,Warm B,0.5644768476486206,0.1767091602087021,0.5555555555555556,1.0,0.316651850938797,0.36196503043174744,,cfg02_G2_D32,0.9929953520186245,cuda
evaluation,709,443,Warm C,0.5567461848258972,0.17714755237102509,0.5555555555555556,1.0,0.27865487337112427,0.6339642405509949,,cfg02_G2_D32,0.9929953520186245,cuda
evaluation,711,444,Cold,0.5509801506996155,0.17583926022052765,0.5308641975308642,1.0,0.0,0.0,,cfg02_G2_D32,0.9929953520186245,cuda
evaluation,711,444,Warm A,0.5526788234710693,0.17780455946922302,0.5802469135802469,1.0,0.2291431427001953,0.36529117822647095,,cfg02_G2_D32,0.9929953520186245,cuda
evaluation,711,444,Warm B,0.557916522026062,0.1756124347448349,0.6049382716049383,1.0,0.23085229098796844,0.2626396119594574,,cfg02_G2_D32,0.9929953520186245,cuda
evaluation,711,444,Warm C,0.5597172379493713,0.178489550948143,0.5802469135802469,1.0,0.3658352196216583,0.4512999951839447,,cfg02_G2_D32,0.9929953520186245,cuda
evaluation,714,445,Cold,0.5534166097640991,0.17180520296096802,0.5555555555555556,1.0,0.0,0.0,,cfg02_G2_D32,0.9929953520186245,cuda
evaluation,714,445,Warm A,0.5455346703529358,0.17422766983509064,0.5308641975308642,1.0,0.21562106907367706,0.5891367197036743,,cfg02_G2_D32,0.9929953520186245,cuda
evaluation,714,445,Warm B,0.5431023836135864,0.17461545765399933,0.5061728395061729,1.0,0.3794083595275879,0.6374985575675964,,cfg02_G2_D32,0.9929953520186245,cuda
evaluation,714,445,Warm C,0.5383093357086182,0.17811161279678345,0.43209876543209874,1.0,0.5969861745834351,0.6393734216690063,,cfg02_G2_D32,0.9929953520186245,cuda
evaluation,725,449,Cold,0.5504685640335083,0.18065138161182404,0.5308641975308642,1.0,0.0,0.0,,cfg02_G2_D32,0.9929953520186245,cuda
evaluation,725,449,Warm A,0.5512558817863464,0.1842895746231079,0.5555555555555556,1.0,0.2013237178325653,0.41769251227378845,,cfg02_G2_D32,0.9929953520186245,cuda
evaluation,725,449,Warm B,0.5445604920387268,0.18621404469013214,0.5555555555555556,1.0,0.36992010474205017,0.5720158815383911,,cfg02_G2_D32,0.9929953520186245,cuda
evaluation,725,449,Warm C,0.5443391799926758,0.1903030276298523,0.5308641975308642,1.0,0.5008378028869629,0.5434399843215942,,cfg02_G2_D32,0.9929953520186245,cuda
evaluation,735,452,Cold,0.5516747236251831,0.17649579048156738,0.5308641975308642,1.0,0.0,0.0,,cfg02_G2_D32,0.9929953520186245,cuda
evaluation,735,452,Warm A,0.5479567646980286,0.17659468948841095,0.48148148148148145,1.0,0.19133704900741577,0.541951060295105,,cfg02_G2_D32,0.9929953520186245,cuda
evaluation,735,452,Warm B,0.541721761226654,0.18027900159358978,0.4567901234567901,1.0,0.3166531026363373,0.6645383238792419,,cfg02_G2_D32,0.9929953520186245,cuda
evaluation,735,452,Warm C,0.5361244082450867,0.18385960161685944,0.43209876543209874,1.0,0.4986247718334198,0.6956207156181335,,cfg02_G2_D32,0.9929953520186245,cuda
evaluation,742,456,Cold,0.55169677734375,0.17629417777061462,0.5308641975308642,1.0,0.0,0.0,,cfg02_G2_D32,0.9929953520186245,cuda
evaluation,742,456,Warm A,0.556522011756897,0.17712579667568207,0.5308641975308642,1.0,0.1963702142238617,0.42399492859840393,,cfg02_G2_D32,0.9929953520186245,cuda
evaluation,742,456,Warm B,0.5609575510025024,0.17972895503044128,0.5555555555555556,1.0,0.3540516793727875,0.1453099548816681,,cfg02_G2_D32,0.9929953520186245,cuda
evaluation,742,456,Warm C,0.5547711253166199,0.1791129857301712,0.5308641975308642,1.0,0.26723647117614746,0.3583131730556488,,cfg02_G2_D32,0.9929953520186245,cuda
evaluation,743,457,Cold,0.5509429574012756,0.17889969050884247,0.5308641975308642,1.0,0.0,0.0,,cfg02_G2_D32,0.9929953520186245,cuda
evaluation,743,457,Warm A,0.5539134740829468,0.1808304488658905,0.5555555555555556,1.0,0.21494880318641663,0.41892799735069275,,cfg02_G2_D32,0.9929953520186245,cuda
evaluation,743,457,Warm B,0.5592172145843506,0.180986687541008,0.5802469135802469,1.0,0.34197449684143066,0.38939186930656433,,cfg02_G2_D32,0.9929953520186245,cuda
evaluation,743,457,Warm C,0.5637446641921997,0.1799141764640808,0.5802469135802469,1.0,0.44432124495506287,0.31119057536125183,,cfg02_G2_D32,0.9929953520186245,cuda
evaluation,761,461,Cold,0.5523155331611633,0.1757889688014984,0.5308641975308642,1.0,0.0,0.0,,cfg02_G2_D32,0.9929953520186245,cuda
evaluation,761,461,Warm A,0.5546874403953552,0.177690789103508,0.5555555555555556,1.0,0.22578741610050201,0.4714525640010834,,cfg02_G2_D32,0.9929953520186245,cuda
evaluation,761,461,Warm B,0.5580945611000061,0.17998063564300537,0.5802469135802469,1.0,0.2612082362174988,0.5813981294631958,,cfg02_G2_D32,0.9929953520186245,cuda
evaluation,761,461,Warm C,0.5616409182548523,0.17824096977710724,0.6049382716049383,1.0,0.27954205870628357,0.28393256664276123,,cfg02_G2_D32,0.9929953520186245,cuda
evaluation,764,463,Cold,0.5540293455123901,0.17890527844429016,0.5555555555555556,1.0,0.0,0.0,,cfg02_G2_D32,0.9929953520186245,cuda
evaluation,764,463,Warm A,0.552095890045166,0.1812649369239807,0.5308641975308642,1.0,0.2302805632352829,0.7036710381507874,,cfg02_G2_D32,0.9929953520186245,cuda
evaluation,764,463,Warm B,0.5452215671539307,0.1837199628353119,0.5308641975308642,1.0,0.4438845217227936,0.6635259985923767,,cfg02_G2_D32,0.9929953520186245,cuda
evaluation,764,463,Warm C,0.5445317029953003,0.18536902964115143,0.5061728395061729,1.0,0.519233226776123,0.5335783362388611,,cfg02_G2_D32,0.9929953520186245,cuda
evaluation,765,464,Cold,0.5555949211120605,0.1792251020669937,0.5802469135802469,1.0,0.0,0.0,,cfg02_G2_D32,0.9929953520186245,cuda
evaluation,765,464,Warm A,0.5607516169548035,0.17837552726268768,0.5802469135802469,1.0,0.1808757334947586,0.49096938967704773,,cfg02_G2_D32,0.9929953520186245,cuda
evaluation,765,464,Warm B,0.5608359575271606,0.18038347363471985,0.5802469135802469,1.0,0.29001301527023315,0.40070030093193054,,cfg02_G2_D32,0.9929953520186245,cuda
evaluation,765,464,Warm C,0.5588292479515076,0.179899200797081,0.5555555555555556,1.0,0.33510053157806396,0.45200982689857483,,cfg02_G2_D32,0.9929953520186245,cuda
evaluation,766,465,Cold,0.5543031096458435,0.18059633672237396,0.5555555555555556,1.0,0.0,0.0,,cfg02_G2_D32,0.9929953520186245,cuda
evaluation,766,465,Warm A,0.5563797354698181,0.18323898315429688,0.5308641975308642,1.0,0.21942147612571716,0.5453317165374756,,cfg02_G2_D32,0.9929953520186245,cuda
evaluation,766,465,Warm B,0.5472387671470642,0.18466027081012726,0.5555555555555556,1.0,0.2820357382297516,0.8327730298042297,,cfg02_G2_D32,0.9929953520186245,cuda
evaluation,766,465,Warm C,0.5522968769073486,0.18365150690078735,0.5308641975308642,1.0,0.3138073980808258,0.5198773741722107,,cfg02_G2_D32,0.9929953520186245,cuda
evaluation,781,468,Cold,0.5531179308891296,0.18055221438407898,0.5555555555555556,1.0,0.0,0.0,,cfg02_G2_D32,0.9929953520186245,cuda
evaluation,781,468,Warm A,0.5587077736854553,0.17967651784420013,0.5802469135802469,1.0,0.21547827124595642,0.41253527998924255,,cfg02_G2_D32,0.9929953520186245,cuda
evaluation,781,468,Warm B,0.5615218281745911,0.18121717870235443,0.5802469135802469,1.0,0.28009268641471863,0.5324005484580994,,cfg02_G2_D32,0.9929953520186245,cuda
evaluation,781,468,Warm C,0.5569632649421692,0.1851872056722641,0.5555555555555556,1.0,0.2836976945400238,0.6714457869529724,,cfg02_G2_D32,0.9929953520186245,cuda
evaluation,782,469,Cold,0.5521766543388367,0.1790584921836853,0.5308641975308642,1.0,0.0,0.0,,cfg02_G2_D32,0.9929953520186245,cuda
evaluation,782,469,Warm A,0.5548992156982422,0.18120643496513367,0.5308641975308642,1.0,0.20249485969543457,0.38599711656570435,,cfg02_G2_D32,0.9929953520186245,cuda
evaluation,782,469,Warm B,0.5599210858345032,0.18148089945316315,0.5802469135802469,1.0,0.32206761837005615,0.24035775661468506,,cfg02_G2_D32,0.9929953520186245,cuda
evaluation,782,469,Warm C,0.5564587116241455,0.179352268576622,0.5308641975308642,1.0,0.3052235543727875,0.27175256609916687,,cfg02_G2_D32,0.9929953520186245,cuda
evaluation,801,478,Cold,0.5506591796875,0.1770075559616089,0.5308641975308642,1.0,0.0,0.0,,cfg02_G2_D32,0.9929953520186245,cuda
evaluation,801,478,Warm A,0.5508051514625549,0.17757149040699005,0.5061728395061729,1.0,0.19736559689044952,0.5382932424545288,,cfg02_G2_D32,0.9929953520186245,cuda
evaluation,801,478,Warm B,0.5511816740036011,0.17901121079921722,0.5061728395061729,1.0,0.2812894880771637,0.4685109555721283,,cfg02_G2_D32,0.9929953520186245,cuda
evaluation,801,478,Warm C,0.5534279942512512,0.18180686235427856,0.5308641975308642,1.0,0.3982761800289154,0.5999216437339783,,cfg02_G2_D32,0.9929953520186245,cuda
evaluation,809,482,Cold,0.5526619553565979,0.17649094760417938,0.5308641975308642,1.0,0.0,0.0,,cfg02_G2_D32,0.9929953520186245,cuda
evaluation,809,482,Warm A,0.554357647895813,0.17925086617469788,0.5555555555555556,1.0,0.21759778261184692,0.4350195825099945,,cfg02_G2_D32,0.9929953520186245,cuda
evaluation,809,482,Warm B,0.5507279634475708,0.17784680426120758,0.5308641975308642,1.0,0.17901603877544403,0.4850632846355438,,cfg02_G2_D32,0.9929953520186245,cuda
evaluation,809,482,Warm C,0.5604446530342102,0.17728249728679657,0.6049382716049383,1.0,0.18533946573734283,0.3327547013759613,,cfg02_G2_D32,0.9929953520186245,cuda
evaluation,810,483,Cold,0.5506221652030945,0.17755918204784393,0.5308641975308642,1.0,0.0,0.0,,cfg02_G2_D32,0.9929953520186245,cuda
evaluation,810,483,Warm A,0.5524360537528992,0.18043912947177887,0.5308641975308642,1.0,0.21144644916057587,0.3889203667640686,,cfg02_G2_D32,0.9929953520186245,cuda
evaluation,810,483,Warm B,0.5582046508789062,0.18190111219882965,0.5802469135802469,1.0,0.38348859548568726,0.1684340536594391,,cfg02_G2_D32,0.9929953520186245,cuda
evaluation,810,483,Warm C,0.5645896792411804,0.18382060527801514,0.6049382716049383,1.0,0.5959702730178833,0.05760139971971512,,cfg02_G2_D32,0.9929953520186245,cuda
evaluation,818,484,Cold,0.5499619841575623,0.18053357303142548,0.5308641975308642,1.0,0.0,0.0,,cfg02_G2_D32,0.9929953520186245,cuda
evaluation,818,484,Warm A,0.5488672256469727,0.18314102292060852,0.5308641975308642,1.0,0.23418524861335754,0.7492312788963318,,cfg02_G2_D32,0.9929953520186245,cuda
evaluation,818,484,Warm B,0.5447317957878113,0.1870228350162506,0.5308641975308642,1.0,0.4217369556427002,0.6525657176971436,,cfg02_G2_D32,0.9929953520186245,cuda
evaluation,818,484,Warm C,0.5521054863929749,0.18652969598770142,0.5308641975308642,1.0,0.3512962758541107,0.4787192940711975,,cfg02_G2_D32,0.9929953520186245,cuda
evaluation,829,485,Cold,0.5509872436523438,0.17702049016952515,0.5308641975308642,1.0,0.0,0.0,,cfg02_G2_D32,0.9929953520186245,cuda
evaluation,829,485,Warm A,0.5517473220825195,0.17974358797073364,0.5308641975308642,1.0,0.21088100969791412,0.469552606344223,,cfg02_G2_D32,0.9929953520186245,cuda
evaluation,829,485,Warm B,0.551518976688385,0.18190743029117584,0.5308641975308642,1.0,0.3506348431110382,0.4286983609199524,,cfg02_G2_D32,0.9929953520186245,cuda
evaluation,829,485,Warm C,0.555345356464386,0.18421174585819244,0.5308641975308642,1.0,0.48015740513801575,0.4162832200527191,,cfg02_G2_D32,0.9929953520186245,cuda
evaluation,833,488,Cold,0.5501163601875305,0.17936594784259796,0.5308641975308642,1.0,0.0,0.0,,cfg02_G2_D32,0.9929953520186245,cuda
evaluation,833,488,Warm A,0.5498952269554138,0.18308259546756744,0.5308641975308642,1.0,0.20334061980247498,0.4990842938423157,,cfg02_G2_D32,0.9929953520186245,cuda
evaluation,833,488,Warm B,0.5537459850311279,0.1871221661567688,0.5555555555555556,1.0,0.35075023770332336,0.4065883755683899,,cfg02_G2_D32,0.9929953520186245,cuda
evaluation,833,488,Warm C,0.5539273619651794,0.19183911383152008,0.5802469135802469,1.0,0.5548539161682129,0.3750770092010498,,cfg02_G2_D32,0.9929953520186245,cuda
evaluation,835,489,Cold,0.5541344285011292,0.18066024780273438,0.5555555555555556,1.0,0.0,0.0,,cfg02_G2_D32,0.9929953520186245,cuda
evaluation,835,489,Warm A,0.5601682066917419,0.18064136803150177,0.5555555555555556,1.0,0.22078652679920197,0.47048959136009216,,cfg02_G2_D32,0.9929953520186245,cuda
evaluation,835,489,Warm B,0.5607080459594727,0.18507631123065948,0.5555555555555556,1.0,0.29786479473114014,0.5052408576011658,,cfg02_G2_D32,0.9929953520186245,cuda
evaluation,835,489,Warm C,0.554897665977478,0.18382355570793152,0.5555555555555556,1.0,0.2373577207326889,0.6431949734687805,,cfg02_G2_D32,0.9929953520186245,cuda
evaluation,839,493,Cold,0.5532577633857727,0.1760866343975067,0.5308641975308642,1.0,0.0,0.0,,cfg02_G2_D32,0.9929953520186245,cuda
evaluation,839,493,Warm A,0.5556651949882507,0.17881463468074799,0.5555555555555556,1.0,0.20342963933944702,0.3094327449798584,,cfg02_G2_D32,0.9929953520186245,cuda
evaluation,839,493,Warm B,0.5599514245986938,0.18026889860630035,0.5802469135802469,1.0,0.3709096312522888,0.37927326560020447,,cfg02_G2_D32,0.9929953520186245,cuda
evaluation,839,493,Warm C,0.5587444305419922,0.18294350802898407,0.5555555555555556,1.0,0.5038168430328369,0.4209466576576233,,cfg02_G2_D32,0.9929953520186245,cuda
evaluation,842,494,Cold,0.5510552525520325,0.17365233600139618,0.5308641975308642,1.0,0.0,0.0,,cfg02_G2_D32,0.9929953520186245,cuda
evaluation,842,494,Warm A,0.5585507154464722,0.17336632311344147,0.5802469135802469,1.0,0.2347809076309204,0.3760603368282318,,cfg02_G2_D32,0.9929953520186245,cuda
evaluation,842,494,Warm B,0.5502801537513733,0.17574024200439453,0.5308641975308642,1.0,0.20508688688278198,0.4842491149902344,,cfg02_G2_D32,0.9929953520186245,cuda
evaluation,842,494,Warm C,0.5588908195495605,0.17323338985443115,0.5802469135802469,1.0,0.24098005890846252,0.36005860567092896,,cfg02_G2_D32,0.9929953520186245,cuda
evaluation,848,495,Cold,0.5539043545722961,0.18092724680900574,0.5555555555555556,1.0,0.0,0.0,,cfg02_G2_D32,0.9929953520186245,cuda
evaluation,848,495,Warm A,0.5548467636108398,0.18324092030525208,0.5555555555555556,1.0,0.1929653435945511,0.6024643778800964,,cfg02_G2_D32,0.9929953520186245,cuda
evaluation,848,495,Warm B,0.552887499332428,0.18438753485679626,0.5555555555555556,1.0,0.29809609055519104,0.5980566143989563,,cfg02_G2_D32,0.9929953520186245,cuda
evaluation,848,495,Warm C,0.5589659214019775,0.18275266885757446,0.5555555555555556,1.0,0.3408396542072296,0.42003700137138367,,cfg02_G2_D32,0.9929953520186245,cuda
evaluation,851,497,Cold,0.5541343688964844,0.18066024780273438,0.5555555555555556,1.0,0.0,0.0,,cfg02_G2_D32,0.9929953520186245,cuda
evaluation,851,497,Warm A,0.5603689551353455,0.178932785987854,0.5555555555555556,1.0,0.24288494884967804,0.4519730508327484,,cfg02_G2_D32,0.9929953520186245,cuda
evaluation,851,497,Warm B,0.5575360655784607,0.18186889588832855,0.5802469135802469,1.0,0.12421737611293793,0.7757577896118164,,cfg02_G2_D32,0.9929953520186245,cuda
evaluation,851,497,Warm C,0.5517974495887756,0.18275637924671173,0.5555555555555556,1.0,0.22725190222263336,0.7421924471855164,,cfg02_G2_D32,0.9929953520186245,cuda
evaluation,881,504,Cold,0.5529575347900391,0.17580266296863556,0.5308641975308642,1.0,0.0,0.0,,cfg02_G2_D32,0.9929953520186245,cuda
evaluation,881,504,Warm A,0.5593695640563965,0.17514415085315704,0.5802469135802469,1.0,0.21554560959339142,0.39051124453544617,,cfg02_G2_D32,0.9929953520186245,cuda
evaluation,881,504,Warm B,0.5646670460700989,0.17610274255275726,0.6049382716049383,1.0,0.29446282982826233,0.19448205828666687,,cfg02_G2_D32,0.9929953520186245,cuda
evaluation,881,504,Warm C,0.5609905123710632,0.17413094639778137,0.5555555555555556,1.0,0.2785702645778656,0.2893807590007782,,cfg02_G2_D32,0.9929953520186245,cuda
evaluation,886,505,Cold,0.5533186197280884,0.17647358775138855,0.5308641975308642,1.0,0.0,0.0,,cfg02_G2_D32,0.9929953520186245,cuda
evaluation,886,505,Warm A,0.5536794662475586,0.17931890487670898,0.5555555555555556,1.0,0.2247246354818344,0.542071521282196,,cfg02_G2_D32,0.9929953520186245,cuda
evaluation,886,505,Warm B,0.5501642227172852,0.1789797842502594,0.5308641975308642,1.0,0.25359854102134705,0.4953267276287079,,cfg02_G2_D32,0.9929953520186245,cuda
evaluation,886,505,Warm C,0.5571432113647461,0.17900177836418152,0.5802469135802469,1.0,0.26917144656181335,0.38114863634109497,,cfg02_G2_D32,0.9929953520186245,cuda
evaluation,891,506,Cold,0.5522006154060364,0.17502300441265106,0.5308641975308642,1.0,0.0,0.0,,cfg02_G2_D32,0.9929953520186245,cuda
evaluation,891,506,Warm A,0.5619435906410217,0.17351098358631134,0.6049382716049383,1.0,0.2347094714641571,0.3532923758029938,,cfg02_G2_D32,0.9929953520186245,cuda
evaluation,891,506,Warm B,0.5537815093994141,0.1758253574371338,0.5308641975308642,1.0,0.17696958780288696,0.6482135653495789,,cfg02_G2_D32,0.9929953520186245,cuda
evaluation,891,506,Warm C,0.5605467557907104,0.175762340426445,0.5802469135802469,1.0,0.2993527054786682,0.24387548863887787,,cfg02_G2_D32,0.9929953520186245,cuda
evaluation,892,507,Cold,0.5521706938743591,0.179940864443779,0.5802469135802469,1.0,0.0,0.0,,cfg02_G2_D32,0.9929953520186245,cuda
evaluation,892,507,Warm A,0.555557370185852,0.17847196757793427,0.5802469135802469,1.0,0.2353469282388687,0.5006288886070251,,cfg02_G2_D32,0.9929953520186245,cuda
evaluation,892,507,Warm B,0.5549748539924622,0.1780029982328415,0.5308641975308642,1.0,0.3919656574726105,0.37901562452316284,,cfg02_G2_D32,0.9929953520186245,cuda
evaluation,892,507,Warm C,0.5617517828941345,0.17601732909679413,0.5802469135802469,1.0,0.5192543268203735,0.3379591405391693,,cfg02_G2_D32,0.9929953520186245,cuda
evaluation,893,508,Cold,0.5537142157554626,0.17927369475364685,0.5555555555555556,1.0,0.0,0.0,,cfg02_G2_D32,0.9929953520186245,cuda
evaluation,893,508,Warm A,0.5537506937980652,0.18106810748577118,0.5802469135802469,1.0,0.1961669921875,0.6446490287780762,,cfg02_G2_D32,0.9929953520186245,cuda
evaluation,893,508,Warm B,0.5533499121665955,0.18096721172332764,0.5555555555555556,1.0,0.30020931363105774,0.58585524559021,,cfg02_G2_D32,0.9929953520186245,cuda
evaluation,893,508,Warm C,0.5580489635467529,0.1773853302001953,0.6049382716049383,1.0,0.2776898741722107,0.49969854950904846,,cfg02_G2_D32,0.9929953520186245,cuda
evaluation,897,509,Cold,0.5649648308753967,0.18383289873600006,0.5061728395061729,1.0,0.0,0.0,,cfg02_G2_D32,0.9929953520186245,cuda
evaluation,897,509,Warm A,0.5635343194007874,0.18564562499523163,0.5308641975308642,1.0,0.23560138046741486,0.6505842208862305,,cfg02_G2_D32,0.9929953520186245,cuda
evaluation,897,509,Warm B,0.5646005272865295,0.18658845126628876,0.5308641975308642,1.0,0.29899266362190247,0.5399391055107117,,cfg02_G2_D32,0.9929953520186245,cuda
evaluation,897,509,Warm C,0.5616983771324158,0.18739373981952667,0.48148148148148145,1.0,0.3214806318283081,0.5048511624336243,,cfg02_G2_D32,0.9929953520186245,cuda
evaluation,901,513,Cold,0.5625002384185791,0.1742861121892929,0.5308641975308642,1.0,0.0,0.0,,cfg02_G2_D32,0.9929953520186245,cuda
evaluation,901,513,Warm A,0.5686566233634949,0.1742171049118042,0.5308641975308642,1.0,0.23476542532444,0.4590957760810852,,cfg02_G2_D32,0.9929953520186245,cuda
evaluation,901,513,Warm B,0.5702232718467712,0.17419931292533875,0.5555555555555556,1.0,0.3400925099849701,0.5876388549804688,,cfg02_G2_D32,0.9929953520186245,cuda
evaluation,901,513,Warm C,0.5732118487358093,0.17480331659317017,0.5555555555555556,1.0,0.41457733511924744,0.5886917114257812,,cfg02_G2_D32,0.9929953520186245,cuda
evaluation,906,518,Cold,0.5641108155250549,0.18352259695529938,0.5061728395061729,1.0,0.0,0.0,,cfg02_G2_D32,0.9929953520186245,cuda
evaluation,906,518,Warm A,0.5656432509422302,0.18363451957702637,0.5061728395061729,1.0,0.19001558423042297,0.4571535289287567,,cfg02_G2_D32,0.9929953520186245,cuda
evaluation,906,518,Warm B,0.5653817057609558,0.1829064041376114,0.5061728395061729,1.0,0.2507466673851013,0.3396017253398895,,cfg02_G2_D32,0.9929953520186245,cuda
evaluation,906,518,Warm C,0.568228006362915,0.1835375726222992,0.5061728395061729,1.0,0.30483707785606384,0.4639795422554016,,cfg02_G2_D32,0.9929953520186245,cuda
evaluation,907,519,Cold,0.5643410682678223,0.1886540651321411,0.5061728395061729,1.0,0.0,0.0,,cfg02_G2_D32,0.9929953520186245,cuda
evaluation,907,519,Warm A,0.5615168213844299,0.18839199841022491,0.4567901234567901,1.0,0.23157590627670288,0.3914806842803955,,cfg02_G2_D32,0.9929953520186245,cuda
evaluation,907,519,Warm B,0.5596802830696106,0.1895141750574112,0.48148148148148145,1.0,0.32306501269340515,0.5533809661865234,,cfg02_G2_D32,0.9929953520186245,cuda
evaluation,907,519,Warm C,0.5614840388298035,0.18965578079223633,0.48148148148148145,1.0,0.3806076645851135,0.5449105501174927,,cfg02_G2_D32,0.9929953520186245,cuda
evaluation,917,529,Cold,0.5639806985855103,0.18572241067886353,0.5061728395061729,1.0,0.0,0.0,,cfg02_G2_D32,0.9929953520186245,cuda
evaluation,917,529,Warm A,0.563785195350647,0.18614278733730316,0.5061728395061729,1.0,0.20814670622348785,0.6112508773803711,,cfg02_G2_D32,0.9929953520186245,cuda
evaluation,917,529,Warm B,0.5655115246772766,0.18495839834213257,0.5061728395061729,1.0,0.22533221542835236,0.52177494764328,,cfg02_G2_D32,0.9929953520186245,cuda
evaluation,917,529,Warm C,0.566002607345581,0.1852273941040039,0.5061728395061729,1.0,0.26360461115837097,0.5586830973625183,,cfg02_G2_D32,0.9929953520186245,cuda
evaluation,918,530,Cold,0.5634282827377319,0.1811794936656952,0.5061728395061729,1.0,0.0,0.0,,cfg02_G2_D32,0.9929953520186245,cuda
evaluation,918,530,Warm A,0.563727855682373,0.18190829455852509,0.5061728395061729,1.0,0.22002413868904114,0.5105180740356445,,cfg02_G2_D32,0.9929953520186245,cuda
evaluation,918,530,Warm B,0.5651484131813049,0.1819501668214798,0.5061728395061729,1.0,0.26793837547302246,0.48473960161209106,,cfg02_G2_D32,0.9929953520186245,cuda
evaluation,918,530,Warm C,0.5703244209289551,0.18082745373249054,0.5061728395061729,1.0,0.39259952306747437,0.3861771523952484,,cfg02_G2_D32,0.9929953520186245,cuda
evaluation,927,538,Cold,0.5649563074111938,0.1862899214029312,0.5061728395061729,1.0,0.0,0.0,,cfg02_G2_D32,0.9929953520186245,cuda
evaluation,927,538,Warm A,0.5628150701522827,0.186217799782753,0.5061728395061729,1.0,0.21945923566818237,0.4872579574584961,,cfg02_G2_D32,0.9929953520186245,cuda
evaluation,927,538,Warm B,0.5584107637405396,0.18817666172981262,0.5061728395061729,1.0,0.30039873719215393,0.4779561460018158,,cfg02_G2_D32,0.9929953520186245,cuda
evaluation,927,538,Warm C,0.5556984543800354,0.18888145685195923,0.48148148148148145,1.0,0.4258022606372833,0.4656502902507782,,cfg02_G2_D32,0.9929953520186245,cuda
evaluation,929,540,Cold,0.5648472309112549,0.18500469624996185,0.5061728395061729,1.0,0.0,0.0,,cfg02_G2_D32,0.9929953520186245,cuda
evaluation,929,540,Warm A,0.5687534809112549,0.18479083478450775,0.5308641975308642,1.0,0.19696398079395294,0.43411633372306824,,cfg02_G2_D32,0.9929953520186245,cuda
evaluation,929,540,Warm B,0.5718263387680054,0.18322055041790009,0.5061728395061729,1.0,0.3627256751060486,0.42723608016967773,,cfg02_G2_D32,0.9929953520186245,cuda
evaluation,929,540,Warm C,0.5754231810569763,0.1827486753463745,0.5308641975308642,1.0,0.49199575185775757,0.5011264085769653,,cfg02_G2_D32,0.9929953520186245,cuda
evaluation,932,543,Cold,0.5627083778381348,0.17788586020469666,0.5308641975308642,1.0,0.0,0.0,,cfg02_G2_D32,0.9929953520186245,cuda
evaluation,932,543,Warm A,0.5657294988632202,0.17655274271965027,0.5308641975308642,1.0,0.2436126470565796,0.3634129464626312,,cfg02_G2_D32,0.9929953520186245,cuda
evaluation,932,543,Warm B,0.5678626894950867,0.17650564014911652,0.5308641975308642,1.0,0.2698976397514343,0.44951683282852173,,cfg02_G2_D32,0.9929953520186245,cuda
evaluation,932,543,Warm C,0.5620905160903931,0.1775900423526764,0.48148148148148145,1.0,0.2242053896188736,0.6089024543762207,,cfg02_G2_D32,0.9929953520186245,cuda
evaluation,935,546,Cold,0.562713623046875,0.17782533168792725,0.5308641975308642,1.0,0.0,0.0,,cfg02_G2_D32,0.9929953520186245,cuda
evaluation,935,546,Warm A,0.5609678030014038,0.17850087583065033,0.5061728395061729,1.0,0.21404588222503662,0.5398353934288025,,cfg02_G2_D32,0.9929953520186245,cuda
evaluation,935,546,Warm B,0.560756504535675,0.17901551723480225,0.5061728395061729,1.0,0.3035322427749634,0.539268970489502,,cfg02_G2_D32,0.9929953520186245,cuda
evaluation,935,546,Warm C,0.5576915740966797,0.17989136278629303,0.5308641975308642,1.0,0.3810608685016632,0.6652080416679382,,cfg02_G2_D32,0.9929953520186245,cuda
evaluation,936,547,Cold,0.5654899477958679,0.18671396374702454,0.5061728395061729,1.0,0.0,0.0,,cfg02_G2_D32,0.9929953520186245,cuda
evaluation,936,547,Warm A,0.5649779438972473,0.18567891418933868,0.5061728395061729,1.0,0.2243497371673584,0.42980000376701355,,cfg02_G2_D32,0.9929953520186245,cuda
evaluation,936,547,Warm B,0.565855860710144,0.18495067954063416,0.5061728395061729,1.0,0.42119061946868896,0.11699934303760529,,cfg02_G2_D32,0.9929953520186245,cuda
evaluation,936,547,Warm C,0.5645993947982788,0.1863023042678833,0.5061728395061729,1.0,0.27729642391204834,0.4228264391422272,,cfg02_G2_D32,0.9929953520186245,cuda
evaluation,938,548,Cold,0.5629141330718994,0.17390316724777222,0.5308641975308642,1.0,0.0,0.0,,cfg02_G2_D32,0.9929953520186245,cuda
evaluation,938,548,Warm A,0.5663607716560364,0.17246530950069427,0.5308641975308642,1.0,0.19820815324783325,0.6033493876457214,,cfg02_G2_D32,0.9929953520186245,cuda
evaluation,938,548,Warm B,0.5632362961769104,0.17407940328121185,0.5308641975308642,1.0,0.2441827803850174,0.695785641670227,,cfg02_G2_D32,0.9929953520186245,cuda
evaluation,938,548,Warm C,0.5626004338264465,0.17292767763137817,0.5308641975308642,1.0,0.2549935579299927,0.537507176399231,,cfg02_G2_D32,0.9929953520186245,cuda
evaluation,941,550,Cold,0.564385712146759,0.1825542002916336,0.5061728395061729,1.0,0.0,0.0,,cfg02_G2_D32,0.9929953520186245,cuda
evaluation,941,550,Warm A,0.5648515224456787,0.1829225718975067,0.5061728395061729,1.0,0.22276224195957184,0.6190515756607056,,cfg02_G2_D32,0.9929953520186245,cuda
evaluation,941,550,Warm B,0.5600699186325073,0.18379239737987518,0.48148148148148145,1.0,0.26819032430648804,0.43703126907348633,,cfg02_G2_D32,0.9929953520186245,cuda
evaluation,941,550,Warm C,0.5592937469482422,0.1851942241191864,0.48148148148148145,1.0,0.3872887194156647,0.5785719752311707,,cfg02_G2_D32,0.9929953520186245,cuda
evaluation,943,552,Cold,0.5645214915275574,0.18416506052017212,0.5061728395061729,1.0,0.0,0.0,,cfg02_G2_D32,0.9929953520186245,cuda
evaluation,943,552,Warm A,0.562637984752655,0.185359388589859,0.5061728395061729,1.0,0.22101952135562897,0.6072321534156799,,cfg02_G2_D32,0.9929953520186245,cuda
evaluation,943,552,Warm B,0.557905375957489,0.18585720658302307,0.48148148148148145,1.0,0.3596073389053345,0.6335633993148804,,cfg02_G2_D32,0.9929953520186245,cuda
evaluation,943,552,Warm C,0.559334397315979,0.1870538890361786,0.48148148148148145,1.0,0.30782076716423035,0.4300849139690399,,cfg02_G2_D32,0.9929953520186245,cuda
evaluation,944,553,Cold,0.5655347108840942,0.1925337016582489,0.5061728395061729,1.0,0.0,0.0,,cfg02_G2_D32,0.9929953520186245,cuda
evaluation,944,553,Warm A,0.5660749077796936,0.19403336942195892,0.5061728395061729,1.0,0.21826066076755524,0.5277013182640076,,cfg02_G2_D32,0.9929953520186245,cuda
evaluation,944,553,Warm B,0.5674390196800232,0.1945336014032364,0.5061728395061729,1.0,0.30542710423469543,0.4915798604488373,,cfg02_G2_D32,0.9929953520186245,cuda
evaluation,944,553,Warm C,0.5694435238838196,0.1932791769504547,0.5061728395061729,1.0,0.37274113297462463,0.19431756436824799,,cfg02_G2_D32,0.9929953520186245,cuda
evaluation,946,555,Cold,0.5643194913864136,0.18618440628051758,0.5061728395061729,1.0,0.0,0.0,,cfg02_G2_D32,0.9929953520186245,cuda
evaluation,946,555,Warm A,0.5686256289482117,0.18564964830875397,0.5061728395061729,1.0,0.20998013019561768,0.38983356952667236,,cfg02_G2_D32,0.9929953520186245,cuda
evaluation,946,555,Warm B,0.5676368474960327,0.18804676830768585,0.5308641975308642,1.0,0.24722623825073242,0.5849294066429138,,cfg02_G2_D32,0.9929953520186245,cuda
evaluation,946,555,Warm C,0.5673302412033081,0.18795298039913177,0.5308641975308642,1.0,0.3804187774658203,0.5532878637313843,,cfg02_G2_D32,0.9929953520186245,cuda
evaluation,947,556,Cold,0.5637800693511963,0.18738599121570587,0.5061728395061729,1.0,0.0,0.0,,cfg02_G2_D32,0.9929953520186245,cuda
evaluation,947,556,Warm A,0.5628580451011658,0.18670040369033813,0.48148148148148145,1.0,0.224112868309021,0.3305774927139282,,cfg02_G2_D32,0.9929953520186245,cuda
evaluation,947,556,Warm B,0.5676411986351013,0.18649499118328094,0.5061728395061729,1.0,0.37638548016548157,0.23306556046009064,,cfg02_G2_D32,0.9929953520186245,cuda
evaluation,947,556,Warm C,0.5674235224723816,0.18846720457077026,0.5061728395061729,1.0,0.317234605550766,0.30388420820236206,,cfg02_G2_D32,0.9929953520186245,cuda
evaluation,948,557,Cold,0.5616125464439392,0.18209467828273773,0.5061728395061729,1.0,0.0,0.0,,cfg02_G2_D32,0.9929953520186245,cuda
evaluation,948,557,Warm A,0.5566293597221375,0.1833212524652481,0.5061728395061729,1.0,0.23513729870319366,0.5961598753929138,,cfg02_G2_D32,0.9929953520186245,cuda
evaluation,948,557,Warm B,0.5574513077735901,0.18397273123264313,0.5061728395061729,1.0,0.29117968678474426,0.5403578281402588,,cfg02_G2_D32,0.9929953520186245,cuda
evaluation,948,557,Warm C,0.5594115257263184,0.1828186810016632,0.48148148148148145,1.0,0.25707462430000305,0.5076194405555725,,cfg02_G2_D32,0.9929953520186245,cuda
evaluation,973,569,Cold,0.5654336810112,0.1899646520614624,0.5061728395061729,1.0,0.0,0.0,,cfg02_G2_D32,0.9929953520186245,cuda
evaluation,973,569,Warm A,0.5644767880439758,0.1899356096982956,0.5061728395061729,1.0,0.18160445988178253,0.5898667573928833,,cfg02_G2_D32,0.9929953520186245,cuda
evaluation,973,569,Warm B,0.5643688440322876,0.1904640942811966,0.48148148148148145,1.0,0.227408766746521,0.4951746165752411,,cfg02_G2_D32,0.9929953520186245,cuda
evaluation,973,569,Warm C,0.5630678534507751,0.19128566980361938,0.48148148148148145,1.0,0.30645760893821716,0.588024377822876,,cfg02_G2_D32,0.9929953520186245,cuda
evaluation,978,570,Cold,0.5661734342575073,0.19653575122356415,0.5061728395061729,1.0,0.0,0.0,,cfg02_G2_D32,0.9929953520186245,cuda
evaluation,978,570,Warm A,0.5660919547080994,0.19866608083248138,0.5061728395061729,1.0,0.21441178023815155,0.46201950311660767,,cfg02_G2_D32,0.9929953520186245,cuda
evaluation,978,570,Warm B,0.5662146806716919,0.19836607575416565,0.5061728395061729,1.0,0.22597946226596832,0.4419620633125305,,cfg02_G2_D32,0.9929953520186245,cuda
evaluation,978,570,Warm C,0.5643234252929688,0.19942264258861542,0.5061728395061729,1.0,0.3268285393714905,0.5473270416259766,,cfg02_G2_D32,0.9929953520186245,cuda
evaluation,982,571,Cold,0.5641543865203857,0.18333937227725983,0.5061728395061729,1.0,0.0,0.0,,cfg02_G2_D32,0.9929953520186245,cuda
evaluation,982,571,Warm A,0.5670262575149536,0.1840365082025528,0.5308641975308642,1.0,0.22021381556987762,0.4396626651287079,,cfg02_G2_D32,0.9929953520186245,cuda
evaluation,982,571,Warm B,0.5668814182281494,0.18451200425624847,0.5061728395061729,1.0,0.33533570170402527,0.4494878947734833,,cfg02_G2_D32,0.9929953520186245,cuda
evaluation,982,571,Warm C,0.5708390474319458,0.18653719127178192,0.5308641975308642,1.0,0.435488224029541,0.4416522681713104,,cfg02_G2_D32,0.9929953520186245,cuda
evaluation,988,573,Cold,0.5525441765785217,0.1792638748884201,0.5802469135802469,1.0,0.0,0.0,,cfg02_G2_D32,0.9929953520186245,cuda
evaluation,988,573,Warm A,0.5549184679985046,0.18150287866592407,0.5802469135802469,1.0,0.2042907476425171,0.6227535605430603,,cfg02_G2_D32,0.9929953520186245,cuda
evaluation,988,573,Warm B,0.5558268427848816,0.1795993596315384,0.5802469135802469,1.0,0.21710628271102905,0.5803646445274353,,cfg02_G2_D32,0.9929953520186245,cuda
evaluation,988,573,Warm C,0.5544245839118958,0.17988060414791107,0.5308641975308642,1.0,0.3142712116241455,0.5732888579368591,,cfg02_G2_D32,0.9929953520186245,cuda
evaluation,991,574,Cold,0.5544883608818054,0.17885297536849976,0.5555555555555556,1.0,0.0,0.0,,cfg02_G2_D32,0.9929953520186245,cuda
evaluation,991,574,Warm A,0.5517783164978027,0.1818920224905014,0.5061728395061729,1.0,0.20813089609146118,0.5806035399436951,,cfg02_G2_D32,0.9929953520186245,cuda
evaluation,991,574,Warm B,0.5541772842407227,0.18050572276115417,0.5308641975308642,1.0,0.264217734336853,0.6090843677520752,,cfg02_G2_D32,0.9929953520186245,cuda
evaluation,991,574,Warm C,0.5517495274543762,0.179931178689003,0.5308641975308642,1.0,0.3535112142562866,0.5075930953025818,,cfg02_G2_D32,0.9929953520186245,cuda
evaluation,998,577,Cold,0.5527386665344238,0.17531946301460266,0.5308641975308642,1.0,0.0,0.0,,cfg02_G2_D32,0.9929953520186245,cuda
evaluation,998,577,Warm A,0.5549297332763672,0.1767241358757019,0.5308641975308642,1.0,0.19121745228767395,0.5010998249053955,,cfg02_G2_D32,0.9929953520186245,cuda
evaluation,998,577,Warm B,0.5546611547470093,0.18103471398353577,0.5555555555555556,1.0,0.35120564699172974,0.5715774893760681,,cfg02_G2_D32,0.9929953520186245,cuda
evaluation,998,577,Warm C,0.5456521511077881,0.1829785257577896,0.5061728395061729,1.0,0.5582808256149292,0.6584868431091309,,cfg02_G2_D32,0.9929953520186245,cuda
evaluation,1003,579,Cold,0.5528090000152588,0.1799791157245636,0.5802469135802469,1.0,0.0,0.0,,cfg02_G2_D32,0.9929953520186245,cuda
evaluation,1003,579,Warm A,0.5530505180358887,0.18277330696582794,0.5308641975308642,1.0,0.21246914565563202,0.5638880729675293,,cfg02_G2_D32,0.9929953520186245,cuda
evaluation,1003,579,Warm B,0.5600622892379761,0.18271265923976898,0.5802469135802469,1.0,0.2662559449672699,0.30647513270378113,,cfg02_G2_D32,0.9929953520186245,cuda
evaluation,1003,579,Warm C,0.5546659231185913,0.18358683586120605,0.5555555555555556,1.0,0.3079736828804016,0.5246195197105408,,cfg02_G2_D32,0.9929953520186245,cuda
evaluation,1004,580,Cold,0.5533863306045532,0.17696474492549896,0.5308641975308642,1.0,0.0,0.0,,cfg02_G2_D32,0.9929953520186245,cuda
evaluation,1004,580,Warm A,0.5633129477500916,0.1751064658164978,0.6049382716049383,1.0,0.23971278965473175,0.32841062545776367,,cfg02_G2_D32,0.9929953520186245,cuda
evaluation,1004,580,Warm B,0.5639589428901672,0.17432436347007751,0.5802469135802469,1.0,0.3903690278530121,0.4125857353210449,,cfg02_G2_D32,0.9929953520186245,cuda
evaluation,1004,580,Warm C,0.5649625062942505,0.17736150324344635,0.6049382716049383,1.0,0.286888986825943,0.5143228769302368,,cfg02_G2_D32,0.9929953520186245,cuda
evaluation,1005,581,Cold,0.5512833595275879,0.17673861980438232,0.5308641975308642,1.0,0.0,0.0,,cfg02_G2_D32,0.9929953520186245,cuda
evaluation,1005,581,Warm A,0.5609604716300964,0.17571595311164856,0.6049382716049383,1.0,0.22737015783786774,0.30672487616539,,cfg02_G2_D32,0.9929953520186245,cuda
evaluation,1005,581,Warm B,0.5600405931472778,0.17538240551948547,0.5802469135802469,1.0,0.34735700488090515,0.35553860664367676,,cfg02_G2_D32,0.9929953520186245,cuda
evaluation,1005,581,Warm C,0.5669727325439453,0.17618495225906372,0.6049382716049383,1.0,0.3716084361076355,0.1290239840745926,,cfg02_G2_D32,0.9929953520186245,cuda
evaluation,1006,582,Cold,0.5541020035743713,0.18074290454387665,0.5555555555555556,1.0,0.0,0.0,,cfg02_G2_D32,0.9929953520186245,cuda
evaluation,1006,582,Warm A,0.5524346828460693,0.18404577672481537,0.5555555555555556,1.0,0.21422341465950012,0.6684675216674805,,cfg02_G2_D32,0.9929953520186245,cuda
evaluation,1006,582,Warm B,0.5571668744087219,0.18183809518814087,0.5802469135802469,1.0,0.16283756494522095,0.4969310462474823,,cfg02_G2_D32,0.9929953520186245,cuda
evaluation,1006,582,Warm C,0.5573581457138062,0.18571805953979492,0.5555555555555556,1.0,0.2987566888332367,0.5989065170288086,,cfg02_G2_D32,0.9929953520186245,cuda
evaluation,1008,584,Cold,0.5629684329032898,0.1746038794517517,0.5308641975308642,1.0,0.0,0.0,,cfg02_G2_D32,0.9929953520186245,cuda
evaluation,1008,584,Warm A,0.5629464387893677,0.17654339969158173,0.5061728395061729,1.0,0.2344747930765152,0.7365520000457764,,cfg02_G2_D32,0.9929953520186245,cuda
evaluation,1008,584,Warm B,0.5668266415596008,0.17575985193252563,0.5061728395061729,1.0,0.2745787501335144,0.518524706363678,,cfg02_G2_D32,0.9929953520186245,cuda
evaluation,1008,584,Warm C,0.5674867033958435,0.17690891027450562,0.5061728395061729,1.0,0.23939430713653564,0.6255081295967102,,cfg02_G2_D32,0.9929953520186245,cuda
evaluation,1011,587,Cold,0.5550017356872559,0.17332306504249573,0.5308641975308642,1.0,0.0,0.0,,cfg02_G2_D32,0.9929953520186245,cuda
evaluation,1011,587,Warm A,0.5577068328857422,0.1752317100763321,0.5555555555555556,1.0,0.22109739482402802,0.6014792323112488,,cfg02_G2_D32,0.9929953520186245,cuda
evaluation,1011,587,Warm B,0.566338837146759,0.1756765991449356,0.6049382716049383,1.0,0.2684166133403778,0.2202562838792801,,cfg02_G2_D32,0.9929953520186245,cuda
evaluation,1011,587,Warm C,0.5673105716705322,0.17751125991344452,0.6049382716049383,1.0,0.4022955000400543,0.4659702479839325,,cfg02_G2_D32,0.9929953520186245,cuda
evaluation,1014,590,Cold,0.560401201248169,0.17600858211517334,0.5061728395061729,1.0,0.0,0.0,,cfg02_G2_D32,0.9929953520186245,cuda
evaluation,1014,590,Warm A,0.5619814395904541,0.177546888589859,0.5308641975308642,1.0,0.20442286133766174,0.5678854584693909,,cfg02_G2_D32,0.9929953520186245,cuda
evaluation,1014,590,Warm B,0.5685750842094421,0.1776954084634781,0.5802469135802469,1.0,0.287531316280365,0.4424756169319153,,cfg02_G2_D32,0.9929953520186245,cuda
evaluation,1014,590,Warm C,0.5692116022109985,0.1796133816242218,0.5802469135802469,1.0,0.3867453336715698,0.49305638670921326,,cfg02_G2_D32,0.9929953520186245,cuda
evaluation,1016,592,Cold,0.5599713325500488,0.1744537502527237,0.48148148148148145,1.0,0.0,0.0,,cfg02_G2_D32,0.9929953520186245,cuda
evaluation,1016,592,Warm A,0.5648886561393738,0.17511196434497833,0.5555555555555556,1.0,0.22799038887023926,0.5392019152641296,,cfg02_G2_D32,0.9929953520186245,cuda
evaluation,1016,592,Warm B,0.5708978176116943,0.17388615012168884,0.5802469135802469,1.0,0.3172663748264313,0.30261021852493286,,cfg02_G2_D32,0.9929953520186245,cuda
evaluation,1016,592,Warm C,0.5749891996383667,0.1754940301179886,0.5802469135802469,1.0,0.44743454456329346,0.40412789583206177,,cfg02_G2_D32,0.9929953520186245,cuda
evaluation,1018,594,Cold,0.5606032013893127,0.1744871437549591,0.5061728395061729,1.0,0.0,0.0,,cfg02_G2_D32,0.9929953520186245,cuda
evaluation,1018,594,Warm A,0.5587911009788513,0.17636902630329132,0.5802469135802469,1.0,0.217161625623703,0.6911036372184753,,cfg02_G2_D32,0.9929953520186245,cuda
evaluation,1018,594,Warm B,0.5660048127174377,0.176499605178833,0.5308641975308642,1.0,0.28141531348228455,0.4687685966491699,,cfg02_G2_D32,0.9929953520186245,cuda
evaluation,1018,594,Warm C,0.5652801394462585,0.1773080974817276,0.5555555555555556,1.0,0.4029095470905304,0.6268283724784851,,cfg02_G2_D32,0.9929953520186245,cuda
evaluation,1024,600,Cold,0.5633341670036316,0.1813170313835144,0.48148148148148145,1.0,0.0,0.0,,cfg02_G2_D32,0.9929953520186245,cuda
evaluation,1024,600,Warm A,0.5646660923957825,0.18179967999458313,0.5308641975308642,1.0,0.20885756611824036,0.6181605458259583,,cfg02_G2_D32,0.9929953520186245,cuda
evaluation,1024,600,Warm B,0.571520984172821,0.1827995628118515,0.5308641975308642,1.0,0.3192043900489807,0.46212559938430786,,cfg02_G2_D32,0.9929953520186245,cuda
evaluation,1024,600,Warm C,0.576438307762146,0.18206489086151123,0.5308641975308642,1.0,0.39123299717903137,0.5565282702445984,,cfg02_G2_D32,0.9929953520186245,cuda
evaluation,1034,609,Cold,0.55368971824646,0.17609113454818726,0.5802469135802469,1.0,0.0,0.0,,cfg02_G2_D32,0.9929953520186245,cuda
evaluation,1034,609,Warm A,0.5493419766426086,0.17909786105155945,0.5308641975308642,1.0,0.2140483409166336,0.6470158696174622,,cfg02_G2_D32,0.9929953520186245,cuda
evaluation,1034,609,Warm B,0.5442221164703369,0.18157941102981567,0.5061728395061729,1.0,0.3891565799713135,0.686231255531311,,cfg02_G2_D32,0.9929953520186245,cuda
evaluation,1034,609,Warm C,0.5464605689048767,0.17798767983913422,0.5308641975308642,1.0,0.28299680352211,0.5153544545173645,,cfg02_G2_D32,0.9929953520186245,cuda
evaluation,1043,615,Cold,0.5539493560791016,0.1789853870868683,0.5555555555555556,1.0,0.0,0.0,,cfg02_G2_D32,0.9929953520186245,cuda
evaluation,1043,615,Warm A,0.5577995181083679,0.18004094064235687,0.5555555555555556,1.0,0.2108054906129837,0.42719337344169617,,cfg02_G2_D32,0.9929953520186245,cuda
evaluation,1043,615,Warm B,0.5513697266578674,0.18073132634162903,0.5555555555555556,1.0,0.21559853851795197,0.6146600246429443,,cfg02_G2_D32,0.9929953520186245,cuda
evaluation,1043,615,Warm C,0.5481228232383728,0.18406540155410767,0.5061728395061729,1.0,0.34640103578567505,0.6665598154067993,,cfg02_G2_D32,0.9929953520186245,cuda
evaluation,1046,616,Cold,0.5523146390914917,0.17874814569950104,0.5555555555555556,1.0,0.0,0.0,,cfg02_G2_D32,0.9929953520186245,cuda
evaluation,1046,616,Warm A,0.5537312030792236,0.17687925696372986,0.5555555555555556,1.0,0.2107212245464325,0.4755658209323883,,cfg02_G2_D32,0.9929953520186245,cuda
evaluation,1046,616,Warm B,0.5570282340049744,0.17539183795452118,0.5555555555555556,1.0,0.34430453181266785,0.4116882383823395,,cfg02_G2_D32,0.9929953520186245,cuda
evaluation,1046,616,Warm C,0.5547852516174316,0.17503605782985687,0.5555555555555556,1.0,0.366865336894989,0.45160555839538574,,cfg02_G2_D32,0.9929953520186245,cuda
evaluation,1050,619,Cold,0.5523920059204102,0.1815224587917328,0.5555555555555556,1.0,0.0,0.0,,cfg02_G2_D32,0.9929953520186245,cuda
evaluation,1050,619,Warm A,0.5532253384590149,0.18442034721374512,0.5308641975308642,1.0,0.2195226401090622,0.5420055985450745,,cfg02_G2_D32,0.9929953520186245,cuda
evaluation,1050,619,Warm B,0.5456010103225708,0.1851753294467926,0.5308641975308642,1.0,0.2692907750606537,0.5983824729919434,,cfg02_G2_D32,0.9929953520186245,cuda
evaluation,1050,619,Warm C,0.5467166304588318,0.18230125308036804,0.48148148148148145,1.0,0.2556077241897583,0.4953335225582123,,cfg02_G2_D32,0.9929953520186245,cuda
evaluation,1051,620,Cold,0.5538578033447266,0.1809324026107788,0.5555555555555556,1.0,0.0,0.0,,cfg02_G2_D32,0.9929953520186245,cuda
evaluation,1051,620,Warm A,0.5526571273803711,0.18335925042629242,0.5308641975308642,1.0,0.21381092071533203,0.6439632773399353,,cfg02_G2_D32,0.9929953520186245,cuda
evaluation,1051,620,Warm B,0.5461019277572632,0.1831831932067871,0.5061728395061729,1.0,0.31057143211364746,0.5375564694404602,,cfg02_G2_D32,0.9929953520186245,cuda
evaluation,1051,620,Warm C,0.5427067875862122,0.18576517701148987,0.5061728395061729,1.0,0.4763071835041046,0.6670783162117004,,cfg02_G2_D32,0.9929953520186245,cuda
evaluation,1054,621,Cold,0.5549798011779785,0.17919622361660004,0.5555555555555556,1.0,0.0,0.0,,cfg02_G2_D32,0.9929953520186245,cuda
evaluation,1054,621,Warm A,0.5558454990386963,0.17818360030651093,0.5802469135802469,1.0,0.20890606939792633,0.5787380933761597,,cfg02_G2_D32,0.9929953520186245,cuda
evaluation,1054,621,Warm B,0.5578857064247131,0.1803877353668213,0.5802469135802469,1.0,0.17609281837940216,0.5319251418113708,,cfg02_G2_D32,0.9929953520186245,cuda
evaluation,1054,621,Warm C,0.5590199828147888,0.17763739824295044,0.5555555555555556,1.0,0.314616858959198,0.5319302678108215,,cfg02_G2_D32,0.9929953520186245,cuda
evaluation,1066,627,Cold,0.5641431212425232,0.18699295818805695,0.5061728395061729,1.0,0.0,0.0,,cfg02_G2_D32,0.9929953520186245,cuda
evaluation,1066,627,Warm A,0.5638588070869446,0.1867983192205429,0.48148148148148145,1.0,0.23557980358600616,0.23856353759765625,,cfg02_G2_D32,0.9929953520186245,cuda
evaluation,1066,627,Warm B,0.5593575239181519,0.18726523220539093,0.48148148148148145,1.0,0.3037111163139343,0.36317750811576843,,cfg02_G2_D32,0.9929953520186245,cuda
evaluation,1066,627,Warm C,0.5612084865570068,0.18856975436210632,0.48148148148148145,1.0,0.2257556915283203,0.4246653616428375,,cfg02_G2_D32,0.9929953520186245,cuda
evaluation,1069,628,Cold,0.5637275576591492,0.18329741060733795,0.5061728395061729,1.0,0.0,0.0,,cfg02_G2_D32,0.9929953520186245,cuda
evaluation,1069,628,Warm A,0.5629342198371887,0.18451781570911407,0.5061728395061729,1.0,0.22582851350307465,0.5520194172859192,,cfg02_G2_D32,0.9929953520186245,cuda
evaluation,1069,628,Warm B,0.5616580843925476,0.1843889057636261,0.48148148148148145,1.0,0.15389427542686462,0.4550328254699707,,cfg02_G2_D32,0.9929953520186245,cuda
evaluation,1069,628,Warm C,0.553986132144928,0.18496184051036835,0.4074074074074074,1.0,0.3410520851612091,0.6154960989952087,,cfg02_G2_D32,0.9929953520186245,cuda
evaluation,1082,635,Cold,0.5590801239013672,0.17747344076633453,0.5802469135802469,1.0,0.0,0.0,,cfg02_G2_D32,0.9929953520186245,cuda
evaluation,1082,635,Warm A,0.559393584728241,0.17823180556297302,0.5308641975308642,1.0,0.20198948681354523,0.5327457785606384,,cfg02_G2_D32,0.9929953520186245,cuda
evaluation,1082,635,Warm B,0.5662997961044312,0.17802806198596954,0.5555555555555556,1.0,0.3043630123138428,0.3880443274974823,,cfg02_G2_D32,0.9929953520186245,cuda
evaluation,1082,635,Warm C,0.5671792030334473,0.18039120733737946,0.5555555555555556,1.0,0.3947470188140869,0.613484799861908,,cfg02_G2_D32,0.9929953520186245,cuda
evaluation,1083,636,Cold,0.5596615672111511,0.17437712848186493,0.5308641975308642,1.0,0.0,0.0,,cfg02_G2_D32,0.9929953520186245,cuda
evaluation,1083,636,Warm A,0.5598924160003662,0.17532430589199066,0.5802469135802469,1.0,0.21684983372688293,0.5980857610702515,,cfg02_G2_D32,0.9929953520186245,cuda
evaluation,1083,636,Warm B,0.5589346289634705,0.1734856218099594,0.5308641975308642,1.0,0.286076158285141,0.5180158615112305,,cfg02_G2_D32,0.9929953520186245,cuda
evaluation,1083,636,Warm C,0.5639668107032776,0.1741470843553543,0.5555555555555556,1.0,0.36392635107040405,0.5238813757896423,,cfg02_G2_D32,0.9929953520186245,cuda
evaluation,1085,638,Cold,0.563644528388977,0.1771484762430191,0.5308641975308642,1.0,0.0,0.0,,cfg02_G2_D32,0.9929953520186245,cuda
evaluation,1085,638,Warm A,0.569696843624115,0.17672795057296753,0.5308641975308642,1.0,0.2195551097393036,0.42092981934547424,,cfg02_G2_D32,0.9929953520186245,cuda
evaluation,1085,638,Warm B,0.5772234797477722,0.17650103569030762,0.5802469135802469,1.0,0.3554074466228485,0.5327638387680054,,cfg02_G2_D32,0.9929953520186245,cuda
evaluation,1085,638,Warm C,0.5748283863067627,0.1770930290222168,0.5555555555555556,1.0,0.38196027278900146,0.4989902675151825,,cfg02_G2_D32,0.9929953520186245,cuda
evaluation,1099,650,Cold,0.5635770559310913,0.19106855988502502,0.5061728395061729,1.0,0.0,0.0,,cfg02_G2_D32,0.9929953520186245,cuda
evaluation,1099,650,Warm A,0.5602571964263916,0.1911192089319229,0.48148148148148145,1.0,0.23715558648109436,0.42874231934547424,,cfg02_G2_D32,0.9929953520186245,cuda
evaluation,1099,650,Warm B,0.5576671361923218,0.19237349927425385,0.5061728395061729,1.0,0.41313761472702026,0.7242640852928162,,cfg02_G2_D32,0.9929953520186245,cuda
evaluation,1099,650,Warm C,0.5583738684654236,0.19118700921535492,0.4567901234567901,1.0,0.3287320137023926,0.3117736876010895,,cfg02_G2_D32,0.9929953520186245,cuda
evaluation,1111,655,Cold,0.5497825741767883,0.1813533902168274,0.5061728395061729,1.0,0.0,0.0,,cfg02_G2_D32,0.9929953520186245,cuda
evaluation,1111,655,Warm A,0.5478869080543518,0.1812015026807785,0.5061728395061729,1.0,0.19065722823143005,0.47355276346206665,,cfg02_G2_D32,0.9929953520186245,cuda
evaluation,1111,655,Warm B,0.54839026927948,0.1797923743724823,0.5061728395061729,1.0,0.36834174394607544,0.17666713893413544,,cfg02_G2_D32,0.9929953520186245,cuda
evaluation,1111,655,Warm C,0.5479411482810974,0.18138225376605988,0.5061728395061729,1.0,0.2043740153312683,0.44876766204833984,,cfg02_G2_D32,0.9929953520186245,cuda
evaluation,1128,661,Cold,0.5554887056350708,0.16966794431209564,0.5555555555555556,1.0,0.0,0.0,,cfg02_G2_D32,0.9929953520186245,cuda
evaluation,1128,661,Warm A,0.5639432072639465,0.1684088557958603,0.5802469135802469,1.0,0.2085350900888443,0.44737863540649414,,cfg02_G2_D32,0.9929953520186245,cuda
evaluation,1128,661,Warm B,0.5540958642959595,0.17058385908603668,0.5555555555555556,1.0,0.17253100872039795,0.7494509220123291,,cfg02_G2_D32,0.9929953520186245,cuda
evaluation,1128,661,Warm C,0.5539795160293579,0.1726667433977127,0.5555555555555556,1.0,0.34002676606178284,0.6401693224906921,,cfg02_G2_D32,0.9929953520186245,cuda
evaluation,1150,670,Cold,0.5571566820144653,0.17866019904613495,0.5555555555555556,1.0,0.0,0.0,,cfg02_G2_D32,0.9929953520186245,cuda
evaluation,1150,670,Warm A,0.5594094395637512,0.1778343915939331,0.5555555555555556,1.0,0.20249620079994202,0.5123364329338074,,cfg02_G2_D32,0.9929953520186245,cuda
evaluation,1150,670,Warm B,0.5616852641105652,0.17639151215553284,0.5555555555555556,1.0,0.38519662618637085,0.41988736391067505,,cfg02_G2_D32,0.9929953520186245,cuda
evaluation,1150,670,Warm C,0.5614739060401917,0.17862209677696228,0.5555555555555556,1.0,0.21669645607471466,0.40527668595314026,,cfg02_G2_D32,0.9929953520186245,cuda
evaluation,1161,671,Cold,0.558401882648468,0.1778639703989029,0.5555555555555556,1.0,0.0,0.0,,cfg02_G2_D32,0.9929953520186245,cuda
evaluation,1161,671,Warm A,0.5627045631408691,0.17489948868751526,0.5802469135802469,1.0,0.25024375319480896,0.34943220019340515,,cfg02_G2_D32,0.9929953520186245,cuda
evaluation,1161,671,Warm B,0.5695818066596985,0.1739933341741562,0.6049382716049383,1.0,0.39737316966056824,0.3486388325691223,,cfg02_G2_D32,0.9929953520186245,cuda
evaluation,1161,671,Warm C,0.5658814907073975,0.17601348459720612,0.5802469135802469,1.0,0.25710421800613403,0.7149651646614075,,cfg02_G2_D32,0.9929953520186245,cuda
evaluation,1162,672,Cold,0.5559552311897278,0.17717763781547546,0.5555555555555556,1.0,0.0,0.0,,cfg02_G2_D32,0.9929953520186245,cuda
evaluation,1162,672,Warm A,0.5560588240623474,0.17527911067008972,0.5308641975308642,1.0,0.2455417513847351,0.23606625199317932,,cfg02_G2_D32,0.9929953520186245,cuda
evaluation,1162,672,Warm B,0.5579985976219177,0.1762496680021286,0.5555555555555556,1.0,0.18384581804275513,0.5114530920982361,,cfg02_G2_D32,0.9929953520186245,cuda
evaluation,1162,672,Warm C,0.5540177822113037,0.1783045381307602,0.5555555555555556,1.0,0.1853124499320984,0.6526584029197693,,cfg02_G2_D32,0.9929953520186245,cuda
evaluation,1167,673,Cold,0.550912618637085,0.1805037260055542,0.5308641975308642,1.0,0.0,0.0,,cfg02_G2_D32,0.9929953520186245,cuda
evaluation,1167,673,Warm A,0.5536289215087891,0.18257759511470795,0.5555555555555556,1.0,0.201772078871727,0.48344096541404724,,cfg02_G2_D32,0.9929953520186245,cuda
evaluation,1167,673,Warm B,0.5569150447845459,0.18595461547374725,0.5802469135802469,1.0,0.3543717861175537,0.4423818588256836,,cfg02_G2_D32,0.9929953520186245,cuda
evaluation,1167,673,Warm C,0.553389310836792,0.18541818857192993,0.5555555555555556,1.0,0.2999125123023987,0.5335785150527954,,cfg02_G2_D32,0.9929953520186245,cuda
evaluation,1173,676,Cold,0.5563392043113708,0.17889848351478577,0.5555555555555556,1.0,0.0,0.0,,cfg02_G2_D32,0.9929953520186245,cuda
evaluation,1173,676,Warm A,0.5539343357086182,0.1817646026611328,0.5308641975308642,1.0,0.18568123877048492,0.643552839756012,,cfg02_G2_D32,0.9929953520186245,cuda
evaluation,1173,676,Warm B,0.5531130433082581,0.18409566581249237,0.5308641975308642,1.0,0.3230808675289154,0.6114027500152588,,cfg02_G2_D32,0.9929953520186245,cuda
evaluation,1173,676,Warm C,0.5489341020584106,0.18497571349143982,0.5061728395061729,1.0,0.4231901466846466,0.592232346534729,,cfg02_G2_D32,0.9929953520186245,cuda
evaluation,1176,678,Cold,0.5546174049377441,0.1792638748884201,0.5555555555555556,1.0,0.0,0.0,,cfg02_G2_D32,0.9929953520186245,cuda
evaluation,1176,678,Warm A,0.5575124025344849,0.1768084466457367,0.5802469135802469,1.0,0.2468988001346588,0.26061925292015076,,cfg02_G2_D32,0.9929953520186245,cuda
evaluation,1176,678,Warm B,0.5493597984313965,0.17929524183273315,0.5308641975308642,1.0,0.04503404349088669,0.5382756590843201,,cfg02_G2_D32,0.9929953520186245,cuda
evaluation,1176,678,Warm C,0.5486641526222229,0.1802051067352295,0.5061728395061729,1.0,0.20177537202835083,0.5657578706741333,,cfg02_G2_D32,0.9929953520186245,cuda
evaluation,1177,679,Cold,0.5549764037132263,0.17981606721878052,0.5555555555555556,1.0,0.0,0.0,,cfg02_G2_D32,0.9929953520186245,cuda
evaluation,1177,679,Warm A,0.5572711229324341,0.17923884093761444,0.5555555555555556,1.0,0.238689586520195,0.4521535336971283,,cfg02_G2_D32,0.9929953520186245,cuda
evaluation,1177,679,Warm B,0.5515611171722412,0.18230949342250824,0.5555555555555556,1.0,0.17152173817157745,0.6431072950363159,,cfg02_G2_D32,0.9929953520186245,cuda
evaluation,1177,679,Warm C,0.5572554469108582,0.17877036333084106,0.5555555555555556,1.0,0.24579647183418274,0.38700395822525024,,cfg02_G2_D32,0.9929953520186245,cuda
evaluation,1184,683,Cold,0.5529797673225403,0.17900341749191284,0.5555555555555556,1.0,0.0,0.0,,cfg02_G2_D32,0.9929953520186245,cuda
evaluation,1184,683,Warm A,0.5521434545516968,0.17836831510066986,0.5308641975308642,1.0,0.20923937857151031,0.4938352704048157,,cfg02_G2_D32,0.9929953520186245,cuda
evaluation,1184,683,Warm B,0.5465573668479919,0.18094249069690704,0.48148148148148145,1.0,0.2795591652393341,0.5789043307304382,,cfg02_G2_D32,0.9929953520186245,cuda
evaluation,1184,683,Warm C,0.5451488494873047,0.18295110762119293,0.48148148148148145,1.0,0.37024161219596863,0.6628109812736511,,cfg02_G2_D32,0.9929953520186245,cuda
evaluation,1187,686,Cold,0.5547450184822083,0.17871952056884766,0.5555555555555556,1.0,0.0,0.0,,cfg02_G2_D32,0.9929953520186245,cuda
evaluation,1187,686,Warm A,0.5530675053596497,0.18109072744846344,0.5308641975308642,1.0,0.19796089828014374,0.6928123831748962,,cfg02_G2_D32,0.9929953520186245,cuda
evaluation,1187,686,Warm B,0.5492364168167114,0.1806672215461731,0.5555555555555556,1.0,0.2644617259502411,0.6023201942443848,,cfg02_G2_D32,0.9929953520186245,cuda
evaluation,1187,686,Warm C,0.5501473546028137,0.1815105676651001,0.5308641975308642,1.0,0.302829384803772,0.5587247014045715,,cfg02_G2_D32,0.9929953520186245,cuda
evaluation,1190,689,Cold,0.5551509857177734,0.1787247657775879,0.5555555555555556,1.0,0.0,0.0,,cfg02_G2_D32,0.9929953520186245,cuda
evaluation,1190,689,Warm A,0.5494320392608643,0.18187880516052246,0.5308641975308642,1.0,0.22925901412963867,0.6871630549430847,,cfg02_G2_D32,0.9929953520186245,cuda
evaluation,1190,689,Warm B,0.5467150807380676,0.18387530744075775,0.5555555555555556,1.0,0.39637523889541626,0.6652778387069702,,cfg02_G2_D32,0.9929953520186245,cuda
evaluation,1190,689,Warm C,0.5433095097541809,0.18710149824619293,0.48148148148148145,1.0,0.5642738342285156,0.6671892404556274,,cfg02_G2_D32,0.9929953520186245,cuda
evaluation,1192,691,Cold,0.5528138279914856,0.17901557683944702,0.5555555555555556,1.0,0.0,0.0,,cfg02_G2_D32,0.9929953520186245,cuda
evaluation,1192,691,Warm A,0.5554208755493164,0.17708398401737213,0.5555555555555556,1.0,0.2312586009502411,0.483466774225235,,cfg02_G2_D32,0.9929953520186245,cuda
evaluation,1192,691,Warm B,0.5632439851760864,0.17457573115825653,0.5555555555555556,1.0,0.42451760172843933,0.39283037185668945,,cfg02_G2_D32,0.9929953520186245,cuda
evaluation,1192,691,Warm C,0.562556266784668,0.1733262538909912,0.5802469135802469,1.0,0.5245301723480225,0.38860809803009033,,cfg02_G2_D32,0.9929953520186245,cuda
evaluation,1202,700,Cold,0.5529801845550537,0.1776094138622284,0.5555555555555556,1.0,0.0,0.0,,cfg02_G2_D32,0.9929953520186245,cuda
evaluation,1202,700,Warm A,0.5566611289978027,0.17591392993927002,0.5555555555555556,1.0,0.230986550450325,0.4928184449672699,,cfg02_G2_D32,0.9929953520186245,cuda
evaluation,1202,700,Warm B,0.5558832883834839,0.17701305449008942,0.5308641975308642,1.0,0.3739693760871887,0.5273443460464478,,cfg02_G2_D32,0.9929953520186245,cuda
evaluation,1202,700,Warm C,0.5497764348983765,0.18028976023197174,0.5061728395061729,1.0,0.2748664617538452,0.7377360463142395,,cfg02_G2_D32,0.9929953520186245,cuda
evaluation,1209,707,Cold,0.55885910987854,0.1702127605676651,0.5802469135802469,1.0,0.0,0.0,,cfg02_G2_D32,0.9929953520186245,cuda
evaluation,1209,707,Warm A,0.5602626204490662,0.1684727966785431,0.5802469135802469,1.0,0.2379559874534607,0.3889949321746826,,cfg02_G2_D32,0.9929953520186245,cuda
evaluation,1209,707,Warm B,0.5648890137672424,0.16654008626937866,0.6049382716049383,1.0,0.4630866050720215,0.28758755326271057,,cfg02_G2_D32,0.9929953520186245,cuda
evaluation,1209,707,Warm C,0.561556339263916,0.1681080162525177,0.5802469135802469,1.0,0.2353411614894867,0.6264581084251404,,cfg02_G2_D32,0.9929953520186245,cuda
evaluation,1216,714,Cold,0.553731381893158,0.17469681799411774,0.5555555555555556,1.0,0.0,0.0,,cfg02_G2_D32,0.9929953520186245,cuda
evaluation,1216,714,Warm A,0.5500075221061707,0.17682214081287384,0.5061728395061729,1.0,0.2327020764350891,0.700842559337616,,cfg02_G2_D32,0.9929953520186245,cuda
evaluation,1216,714,Warm B,0.5516001582145691,0.1744004487991333,0.5061728395061729,1.0,0.1960914582014084,0.4990263879299164,,cfg02_G2_D32,0.9929953520186245,cuda
evaluation,1216,714,Warm C,0.5563017129898071,0.17407745122909546,0.5308641975308642,1.0,0.271149605512619,0.4877488315105438,,cfg02_G2_D32,0.9929953520186245,cuda
evaluation,1236,732,Cold,0.5540440082550049,0.17888937890529633,0.5555555555555556,1.0,0.0,0.0,,cfg02_G2_D32,0.9929953520186245,cuda
evaluation,1236,732,Warm A,0.5493855476379395,0.17880062758922577,0.5061728395061729,1.0,0.21401681005954742,0.6388220191001892,,cfg02_G2_D32,0.9929953520186245,cuda
evaluation,1236,732,Warm B,0.5500542521476746,0.17779292166233063,0.5061728395061729,1.0,0.3878933787345886,0.3781767189502716,,cfg02_G2_D32,0.9929953520186245,cuda
evaluation,1236,732,Warm C,0.5563135743141174,0.17532236874103546,0.5308641975308642,1.0,0.4978635609149933,0.2623618245124817,,cfg02_G2_D32,0.9929953520186245,cuda
evaluation,1241,736,Cold,0.5519945621490479,0.17656022310256958,0.5308641975308642,1.0,0.0,0.0,,cfg02_G2_D32,0.9929953520186245,cuda
evaluation,1241,736,Warm A,0.5467796921730042,0.17708052694797516,0.5061728395061729,1.0,0.19671115279197693,0.569904088973999,,cfg02_G2_D32,0.9929953520186245,cuda
evaluation,1241,736,Warm B,0.551396906375885,0.17770911753177643,0.5555555555555556,1.0,0.2485114187002182,0.4735817015171051,,cfg02_G2_D32,0.9929953520186245,cuda
evaluation,1241,736,Warm C,0.5508942604064941,0.17812496423721313,0.5555555555555556,1.0,0.39863166213035583,0.5719172358512878,,cfg02_G2_D32,0.9929953520186245,cuda
evaluation,1273,767,Cold,0.554789125919342,0.17653442919254303,0.5555555555555556,1.0,0.0,0.0,,cfg02_G2_D32,0.9929953520186245,cuda
evaluation,1273,767,Warm A,0.5512458086013794,0.1754561960697174,0.5308641975308642,1.0,0.22471949458122253,0.4859980642795563,,cfg02_G2_D32,0.9929953520186245,cuda
evaluation,1273,767,Warm B,0.5476163029670715,0.17810475826263428,0.5308641975308642,1.0,0.32512280344963074,0.6199719309806824,,cfg02_G2_D32,0.9929953520186245,cuda
evaluation,1273,767,Warm C,0.5507851839065552,0.17685799300670624,0.5555555555555556,1.0,0.38022953271865845,0.593001663684845,,cfg02_G2_D32,0.9929953520186245,cuda
evaluation,1279,773,Cold,0.5557835698127747,0.17826630175113678,0.5555555555555556,1.0,0.0,0.0,,cfg02_G2_D32,0.9929953520186245,cuda
evaluation,1279,773,Warm A,0.5510528683662415,0.17802515625953674,0.5308641975308642,1.0,0.21413712203502655,0.5729610919952393,,cfg02_G2_D32,0.9929953520186245,cuda
evaluation,1279,773,Warm B,0.5466078519821167,0.17915326356887817,0.5061728395061729,1.0,0.3912014961242676,0.5874943733215332,,cfg02_G2_D32,0.9929953520186245,cuda
evaluation,1279,773,Warm C,0.5459811091423035,0.17976582050323486,0.5061728395061729,1.0,0.39893847703933716,0.61768639087677,,cfg02_G2_D32,0.9929953520186245,cuda
evaluation,1289,783,Cold,0.5559590458869934,0.1788930892944336,0.5555555555555556,1.0,0.0,0.0,,cfg02_G2_D32,0.9929953520186245,cuda
evaluation,1289,783,Warm A,0.5540741086006165,0.17829975485801697,0.5555555555555556,1.0,0.1934421807527542,0.5417245030403137,,cfg02_G2_D32,0.9929953520186245,cuda
evaluation,1289,783,Warm B,0.5548713803291321,0.17710022628307343,0.5802469135802469,1.0,0.2974790036678314,0.39391660690307617,,cfg02_G2_D32,0.9929953520186245,cuda
evaluation,1289,783,Warm C,0.55213862657547,0.17956244945526123,0.5555555555555556,1.0,0.29541781544685364,0.5293864607810974,,cfg02_G2_D32,0.9929953520186245,cuda
evaluation,1305,799,Cold,0.5584301948547363,0.17688266932964325,0.5555555555555556,1.0,0.0,0.0,,cfg02_G2_D32,0.9929953520186245,cuda
evaluation,1305,799,Warm A,0.5585651397705078,0.17667140066623688,0.5802469135802469,1.0,0.20229071378707886,0.6078681945800781,,cfg02_G2_D32,0.9929953520186245,cuda
evaluation,1305,799,Warm B,0.551284670829773,0.1774032860994339,0.5555555555555556,1.0,0.2671143710613251,0.5679742693901062,,cfg02_G2_D32,0.9929953520186245,cuda
evaluation,1305,799,Warm C,0.5486779808998108,0.17879365384578705,0.5555555555555556,1.0,0.34319329261779785,0.5407617688179016,,cfg02_G2_D32,0.9929953520186245,cuda
evaluation,1306,800,Cold,0.5542799234390259,0.17570726573467255,0.5555555555555556,1.0,0.0,0.0,,cfg02_G2_D32,0.9929953520186245,cuda
evaluation,1306,800,Warm A,0.5604933500289917,0.17374546825885773,0.5802469135802469,1.0,0.2232227772474289,0.5561564564704895,,cfg02_G2_D32,0.9929953520186245,cuda
evaluation,1306,800,Warm B,0.5548137426376343,0.17477622628211975,0.5308641975308642,1.0,0.31475651264190674,0.6081742644309998,,cfg02_G2_D32,0.9929953520186245,cuda
evaluation,1306,800,Warm C,0.5535783171653748,0.17719388008117676,0.5308641975308642,1.0,0.30698955059051514,0.6422567367553711,,cfg02_G2_D32,0.9929953520186245,cuda
evaluation,1330,805,Cold,0.5531427264213562,0.17468447983264923,0.5555555555555556,1.0,0.0,0.0,,cfg02_G2_D32,0.9929953520186245,cuda
evaluation,1330,805,Warm A,0.5569579005241394,0.1754487007856369,0.5555555555555556,1.0,0.20865805447101593,0.5923791527748108,,cfg02_G2_D32,0.9929953520186245,cuda
evaluation,1330,805,Warm B,0.5596247315406799,0.17356106638908386,0.5555555555555556,1.0,0.1900852620601654,0.4480052590370178,,cfg02_G2_D32,0.9929953520186245,cuda
evaluation,1330,805,Warm C,0.5578571557998657,0.1761796474456787,0.5555555555555556,1.0,0.24834951758384705,0.5119397044181824,,cfg02_G2_D32,0.9929953520186245,cuda
evaluation,1332,806,Cold,0.5536448359489441,0.17373834550380707,0.5555555555555556,1.0,0.0,0.0,,cfg02_G2_D32,0.9929953520186245,cuda
evaluation,1332,806,Warm A,0.5586023926734924,0.17522288858890533,0.5555555555555556,1.0,0.20508453249931335,0.4769236147403717,,cfg02_G2_D32,0.9929953520186245,cuda
evaluation,1332,806,Warm B,0.5670126676559448,0.17419004440307617,0.6049382716049383,1.0,0.3565516173839569,0.4142230153083801,,cfg02_G2_D32,0.9929953520186245,cuda
evaluation,1332,806,Warm C,0.5736989378929138,0.17341847717761993,0.654320987654321,1.0,0.4926300048828125,0.3114320635795593,,cfg02_G2_D32,0.9929953520186245,cuda
evaluation,1337,809,Cold,0.5624659061431885,0.176935613155365,0.5061728395061729,1.0,0.0,0.0,,cfg02_G2_D32,0.9929953520186245,cuda
evaluation,1337,809,Warm A,0.5677680373191833,0.1773923635482788,0.5308641975308642,1.0,0.2139958143234253,0.5261862874031067,,cfg02_G2_D32,0.9929953520186245,cuda
evaluation,1337,809,Warm B,0.5639533400535583,0.1758294552564621,0.5061728395061729,1.0,0.2353225201368332,0.5636453628540039,,cfg02_G2_D32,0.9929953520186245,cuda
evaluation,1337,809,Warm C,0.5632410645484924,0.17802584171295166,0.5061728395061729,1.0,0.3369910418987274,0.5844261050224304,,cfg02_G2_D32,0.9929953520186245,cuda
evaluation,1346,816,Cold,0.556158721446991,0.16807398200035095,0.5802469135802469,1.0,0.0,0.0,,cfg02_G2_D32,0.9929953520186245,cuda
evaluation,1346,816,Warm A,0.5577076077461243,0.16905294358730316,0.5555555555555556,1.0,0.22761482000350952,0.6599023938179016,,cfg02_G2_D32,0.9929953520186245,cuda
evaluation,1346,816,Warm B,0.5599002242088318,0.16746999323368073,0.5802469135802469,1.0,0.19749268889427185,0.49399542808532715,,cfg02_G2_D32,0.9929953520186245,cuda
evaluation,1346,816,Warm C,0.5696964859962463,0.16613037884235382,0.6296296296296297,1.0,0.31143689155578613,0.22652994096279144,,cfg02_G2_D32,0.9929953520186245,cuda
evaluation,1352,820,Cold,0.5526342391967773,0.17778879404067993,0.5308641975308642,1.0,0.0,0.0,,cfg02_G2_D32,0.9929953520186245,cuda
evaluation,1352,820,Warm A,0.5568346381187439,0.1795431524515152,0.5555555555555556,1.0,0.20419205725193024,0.3621724247932434,,cfg02_G2_D32,0.9929953520186245,cuda
evaluation,1352,820,Warm B,0.5533783435821533,0.17847785353660583,0.5555555555555556,1.0,0.24322918057441711,0.4893723428249359,,cfg02_G2_D32,0.9929953520186245,cuda
evaluation,1352,820,Warm C,0.5567235946655273,0.1788904219865799,0.5555555555555556,1.0,0.26224809885025024,0.46530839800834656,,cfg02_G2_D32,0.9929953520186245,cuda
evaluation,1353,821,Cold,0.5507734417915344,0.18034109473228455,0.5308641975308642,1.0,0.0,0.0,,cfg02_G2_D32,0.9929953520186245,cuda
evaluation,1353,821,Warm A,0.548794686794281,0.1845453679561615,0.5308641975308642,1.0,0.22761482000350952,0.6001033186912537,,cfg02_G2_D32,0.9929953520186245,cuda
evaluation,1353,821,Warm B,0.5510757565498352,0.18175671994686127,0.5308641975308642,1.0,0.17625795304775238,0.46934208273887634,,cfg02_G2_D32,0.9929953520186245,cuda
evaluation,1353,821,Warm C,0.5561184287071228,0.18079842627048492,0.5802469135802469,1.0,0.21740543842315674,0.5015994906425476,,cfg02_G2_D32,0.9929953520186245,cuda
evaluation,1355,823,Cold,0.551654577255249,0.17670290172100067,0.5308641975308642,1.0,0.0,0.0,,cfg02_G2_D32,0.9929953520186245,cuda
evaluation,1355,823,Warm A,0.558556854724884,0.17641694843769073,0.5802469135802469,1.0,0.2281050682067871,0.4219127595424652,,cfg02_G2_D32,0.9929953520186245,cuda
evaluation,1355,823,Warm B,0.5507651567459106,0.1783066689968109,0.5308641975308642,1.0,0.20081859827041626,0.6929413080215454,,cfg02_G2_D32,0.9929953520186245,cuda
evaluation,1355,823,Warm C,0.5519405603408813,0.1786867380142212,0.5555555555555556,1.0,0.35526230931282043,0.5329751968383789,,cfg02_G2_D32,0.9929953520186245,cuda
evaluation,1361,828,Cold,0.5518243908882141,0.18002015352249146,0.5308641975308642,1.0,0.0,0.0,,cfg02_G2_D32,0.9929953520186245,cuda
evaluation,1361,828,Warm A,0.5458831787109375,0.18075896799564362,0.5061728395061729,1.0,0.20669317245483398,0.5097755193710327,,cfg02_G2_D32,0.9929953520186245,cuda
evaluation,1361,828,Warm B,0.5506938695907593,0.1781698316335678,0.5308641975308642,1.0,0.27904221415519714,0.30894365906715393,,cfg02_G2_D32,0.9929953520186245,cuda
evaluation,1361,828,Warm C,0.5480473041534424,0.17994225025177002,0.5308641975308642,1.0,0.22375787794589996,0.39327681064605713,,cfg02_G2_D32,0.9929953520186245,cuda
evaluation,1362,829,Cold,0.5609590411186218,0.1794809252023697,0.5802469135802469,1.0,0.0,0.0,,cfg02_G2_D32,0.9929953520186245,cuda
evaluation,1362,829,Warm A,0.5623466372489929,0.17794467508792877,0.5802469135802469,1.0,0.2461145520210266,0.3109031617641449,,cfg02_G2_D32,0.9929953520186245,cuda
evaluation,1362,829,Warm B,0.5623292326927185,0.17826856672763824,0.6049382716049383,1.0,0.29438361525535583,0.4041825234889984,,cfg02_G2_D32,0.9929953520186245,cuda
evaluation,1362,829,Warm C,0.5674457550048828,0.1762986034154892,0.6049382716049383,1.0,0.5028376579284668,0.26055747270584106,,cfg02_G2_D32,0.9929953520186245,cuda
evaluation,1363,830,Cold,0.5551280975341797,0.17996671795845032,0.5555555555555556,1.0,0.0,0.0,,cfg02_G2_D32,0.9929953520186245,cuda
evaluation,1363,830,Warm A,0.5533468723297119,0.1828872114419937,0.5308641975308642,1.0,0.2068491280078888,0.6194971203804016,,cfg02_G2_D32,0.9929953520186245,cuda
evaluation,1363,830,Warm B,0.5562769770622253,0.18370532989501953,0.5555555555555556,1.0,0.23943644762039185,0.5440238118171692,,cfg02_G2_D32,0.9929953520186245,cuda
evaluation,1363,830,Warm C,0.5536201596260071,0.18768464028835297,0.5308641975308642,1.0,0.4086579382419586,0.6492592692375183,,cfg02_G2_D32,0.9929953520186245,cuda
evaluation,1366,831,Cold,0.5541020035743713,0.18074290454387665,0.5555555555555556,1.0,0.0,0.0,,cfg02_G2_D32,0.9929953520186245,cuda
evaluation,1366,831,Warm A,0.5561417937278748,0.18257765471935272,0.5555555555555556,1.0,0.19097945094108582,0.615871250629425,,cfg02_G2_D32,0.9929953520186245,cuda
evaluation,1366,831,Warm B,0.5515538454055786,0.18518513441085815,0.5555555555555556,1.0,0.3089827597141266,0.6995307803153992,,cfg02_G2_D32,0.9929953520186245,cuda
evaluation,1366,831,Warm C,0.5516615509986877,0.18726930022239685,0.5308641975308642,1.0,0.3831324279308319,0.5775657892227173,,cfg02_G2_D32,0.9929953520186245,cuda
evaluation,1382,845,Cold,0.5566608309745789,0.17620418965816498,0.5555555555555556,1.0,0.0,0.0,,cfg02_G2_D32,0.9929953520186245,cuda
evaluation,1382,845,Warm A,0.5597932934761047,0.1777675598859787,0.5802469135802469,1.0,0.2121136486530304,0.46922674775123596,,cfg02_G2_D32,0.9929953520186245,cuda
evaluation,1382,845,Warm B,0.5685672163963318,0.1763007938861847,0.6049382716049383,1.0,0.25542521476745605,0.3237864077091217,,cfg02_G2_D32,0.9929953520186245,cuda
evaluation,1382,845,Warm C,0.5679410696029663,0.17872770130634308,0.6049382716049383,1.0,0.2899250090122223,0.4574905335903168,,cfg02_G2_D32,0.9929953520186245,cuda
evaluation,1390,850,Cold,0.5500170588493347,0.18093504011631012,0.5308641975308642,1.0,0.0,0.0,,cfg02_G2_D32,0.9929953520186245,cuda
evaluation,1390,850,Warm A,0.5565789341926575,0.18128728866577148,0.5802469135802469,1.0,0.20082896947860718,0.46620091795921326,,cfg02_G2_D32,0.9929953520186245,cuda
evaluation,1390,850,Warm B,0.5489460825920105,0.18243426084518433,0.5308641975308642,1.0,0.2471856325864792,0.5963768362998962,,cfg02_G2_D32,0.9929953520186245,cuda
evaluation,1390,850,Warm C,0.5511123538017273,0.1848517656326294,0.5308641975308642,1.0,0.3695436418056488,0.4434290826320648,,cfg02_G2_D32,0.9929953520186245,cuda
evaluation,1397,857,Cold,0.5536999106407166,0.18002291023731232,0.5555555555555556,1.0,0.0,0.0,,cfg02_G2_D32,0.9929953520186245,cuda
evaluation,1397,857,Warm A,0.5516531467437744,0.18049271404743195,0.5308641975308642,1.0,0.22322438657283783,0.4687317907810211,,cfg02_G2_D32,0.9929953520186245,cuda
evaluation,1397,857,Warm B,0.548265814781189,0.18317750096321106,0.5308641975308642,1.0,0.25800949335098267,0.7044249773025513,,cfg02_G2_D32,0.9929953520186245,cuda
evaluation,1397,857,Warm C,0.5532210469245911,0.1824413239955902,0.5308641975308642,1.0,0.25738537311553955,0.5904871225357056,,cfg02_G2_D32,0.9929953520186245,cuda
evaluation,1398,858,Cold,0.5530481934547424,0.1779150813817978,0.5555555555555556,1.0,0.0,0.0,,cfg02_G2_D32,0.9929953520186245,cuda
evaluation,1398,858,Warm A,0.5524691343307495,0.18083330988883972,0.5308641975308642,1.0,0.2181568741798401,0.6666184663772583,,cfg02_G2_D32,0.9929953520186245,cuda
evaluation,1398,858,Warm B,0.5533432364463806,0.18025565147399902,0.5802469135802469,1.0,0.21994179487228394,0.5099202990531921,,cfg02_G2_D32,0.9929953520186245,cuda
evaluation,1398,858,Warm C,0.5579962730407715,0.18263976275920868,0.5802469135802469,1.0,0.263886958360672,0.48590031266212463,,cfg02_G2_D32,0.9929953520186245,cuda
evaluation,1399,859,Cold,0.5545444488525391,0.17928792536258698,0.5555555555555556,1.0,0.0,0.0,,cfg02_G2_D32,0.9929953520186245,cuda
evaluation,1399,859,Warm A,0.5584127306938171,0.18116416037082672,0.5555555555555556,1.0,0.20506711304187775,0.528364360332489,,cfg02_G2_D32,0.9929953520186245,cuda
evaluation,1399,859,Warm B,0.5612925291061401,0.1821424812078476,0.5802469135802469,1.0,0.23286689817905426,0.44442519545555115,,cfg02_G2_D32,0.9929953520186245,cuda
evaluation,1399,859,Warm C,0.5592447519302368,0.18618658185005188,0.5555555555555556,1.0,0.26748257875442505,0.8382609486579895,,cfg02_G2_D32,0.9929953520186245,cuda
evaluation,1401,860,Cold,0.5540276765823364,0.180585116147995,0.5555555555555556,1.0,0.0,0.0,,cfg02_G2_D32,0.9929953520186245,cuda
evaluation,1401,860,Warm A,0.5563274621963501,0.18197372555732727,0.5802469135802469,1.0,0.22128459811210632,0.6510939002037048,,cfg02_G2_D32,0.9929953520186245,cuda
evaluation,1401,860,Warm B,0.5556346774101257,0.18272191286087036,0.5555555555555556,1.0,0.3198961317539215,0.6318756937980652,,cfg02_G2_D32,0.9929953520186245,cuda
evaluation,1401,860,Warm C,0.5554344654083252,0.18265552818775177,0.5802469135802469,1.0,0.46224695444107056,0.6264482736587524,,cfg02_G2_D32,0.9929953520186245,cuda
evaluation,1404,861,Cold,0.5542832612991333,0.17609165608882904,0.5802469135802469,1.0,0.0,0.0,,cfg02_G2_D32,0.9929953520186245,cuda
evaluation,1404,861,Warm A,0.5585148334503174,0.1761481612920761,0.5802469135802469,1.0,0.2144826054573059,0.5291435718536377,,cfg02_G2_D32,0.9929953520186245,cuda
evaluation,1404,861,Warm B,0.5533155202865601,0.17561931908130646,0.5555555555555556,1.0,0.23440614342689514,0.5920953154563904,,cfg02_G2_D32,0.9929953520186245,cuda
evaluation,1404,861,Warm C,0.5606408715248108,0.17545345425605774,0.6049382716049383,1.0,0.32046639919281006,0.4906977713108063,,cfg02_G2_D32,0.9929953520186245,cuda
evaluation,1410,866,Cold,0.5515692234039307,0.1807124763727188,0.5308641975308642,1.0,0.0,0.0,,cfg02_G2_D32,0.9929953520186245,cuda
evaluation,1410,866,Warm A,0.552258312702179,0.18339884281158447,0.5308641975308642,1.0,0.20608647167682648,0.659536600112915,,cfg02_G2_D32,0.9929953520186245,cuda
evaluation,1410,866,Warm B,0.5559939742088318,0.18310564756393433,0.5555555555555556,1.0,0.31330960988998413,0.5519170165061951,,cfg02_G2_D32,0.9929953520186245,cuda
evaluation,1410,866,Warm C,0.5553697943687439,0.18749402463436127,0.5308641975308642,1.0,0.49777349829673767,0.5232711434364319,,cfg02_G2_D32,0.9929953520186245,cuda
evaluation,1414,868,Cold,0.5498026013374329,0.1800757348537445,0.5308641975308642,1.0,0.0,0.0,,cfg02_G2_D32,0.9929953520186245,cuda
evaluation,1414,868,Warm A,0.5547501444816589,0.1786511093378067,0.5308641975308642,1.0,0.1977679431438446,0.5538327693939209,,cfg02_G2_D32,0.9929953520186245,cuda
evaluation,1414,868,Warm B,0.550055980682373,0.17931291460990906,0.5555555555555556,1.0,0.23574954271316528,0.5599159598350525,,cfg02_G2_D32,0.9929953520186245,cuda
evaluation,1414,868,Warm C,0.5469464063644409,0.18052078783512115,0.5061728395061729,1.0,0.2945924401283264,0.6074894666671753,,cfg02_G2_D32,0.9929953520186245,cuda
evaluation,1419,870,Cold,0.560283899307251,0.17825737595558167,0.5802469135802469,1.0,0.0,0.0,,cfg02_G2_D32,0.9929953520186245,cuda
evaluation,1419,870,Warm A,0.5599285364151001,0.17806962132453918,0.5308641975308642,1.0,0.2084960788488388,0.5507630705833435,,cfg02_G2_D32,0.9929953520186245,cuda
evaluation,1419,870,Warm B,0.558745801448822,0.18039362132549286,0.5061728395061729,1.0,0.2432747632265091,0.4565955102443695,,cfg02_G2_D32,0.9929953520186245,cuda
evaluation,1419,870,Warm C,0.558840811252594,0.1801544576883316,0.5555555555555556,1.0,0.24129703640937805,0.4088846743106842,,cfg02_G2_D32,0.9929953520186245,cuda
evaluation,1425,872,Cold,0.5491392612457275,0.18107295036315918,0.5308641975308642,1.0,0.0,0.0,,cfg02_G2_D32,0.9929953520186245,cuda
evaluation,1425,872,Warm A,0.5456498265266418,0.18371224403381348,0.5308641975308642,1.0,0.22453109920024872,0.6840326189994812,,cfg02_G2_D32,0.9929953520186245,cuda
evaluation,1425,872,Warm B,0.5462143421173096,0.18720103800296783,0.5308641975308642,1.0,0.3533042073249817,0.5950128436088562,,cfg02_G2_D32,0.9929953520186245,cuda
evaluation,1425,872,Warm C,0.5440450310707092,0.18684130907058716,0.5308641975308642,1.0,0.39362823963165283,0.579617440700531,,cfg02_G2_D32,0.9929953520186245,cuda
evaluation,1432,875,Cold,0.5532676577568054,0.17690792679786682,0.5308641975308642,1.0,0.0,0.0,,cfg02_G2_D32,0.9929953520186245,cuda
evaluation,1432,875,Warm A,0.5602883100509644,0.17742493748664856,0.6049382716049383,1.0,0.21028004586696625,0.3977627456188202,,cfg02_G2_D32,0.9929953520186245,cuda
evaluation,1432,875,Warm B,0.5627191662788391,0.17944291234016418,0.6049382716049383,1.0,0.32614630460739136,0.3125450909137726,,cfg02_G2_D32,0.9929953520186245,cuda
evaluation,1432,875,Warm C,0.562131941318512,0.1763657182455063,0.5802469135802469,1.0,0.37204891443252563,0.4611482620239258,,cfg02_G2_D32,0.9929953520186245,cuda
evaluation,1440,877,Cold,0.550754189491272,0.1805942952632904,0.5308641975308642,1.0,0.0,0.0,,cfg02_G2_D32,0.9929953520186245,cuda
evaluation,1440,877,Warm A,0.5505722165107727,0.1840886026620865,0.5308641975308642,1.0,0.2185332179069519,0.5922613143920898,,cfg02_G2_D32,0.9929953520186245,cuda
evaluation,1440,877,Warm B,0.5484862923622131,0.18511152267456055,0.5308641975308642,1.0,0.33852148056030273,0.5649769306182861,,cfg02_G2_D32,0.9929953520186245,cuda
evaluation,1440,877,Warm C,0.5516146421432495,0.18797895312309265,0.5308641975308642,1.0,0.4393711984157562,0.4649870991706848,,cfg02_G2_D32,0.9929953520186245,cuda
evaluation,1442,879,Cold,0.5540412664413452,0.18088319897651672,0.5555555555555556,1.0,0.0,0.0,,cfg02_G2_D32,0.9929953520186245,cuda
evaluation,1442,879,Warm A,0.5547580718994141,0.18469378352165222,0.5555555555555556,1.0,0.19867263734340668,0.5224233865737915,,cfg02_G2_D32,0.9929953520186245,cuda
evaluation,1442,879,Warm B,0.550616979598999,0.1833667904138565,0.5555555555555556,1.0,0.22666531801223755,0.5957929491996765,,cfg02_G2_D32,0.9929953520186245,cuda
evaluation,1442,879,Warm C,0.5527569651603699,0.18309937417507172,0.5555555555555556,1.0,0.24665391445159912,0.6093410849571228,,cfg02_G2_D32,0.9929953520186245,cuda
evaluation,1445,880,Cold,0.5517776608467102,0.18064843118190765,0.5308641975308642,1.0,0.0,0.0,,cfg02_G2_D32,0.9929953520186245,cuda
evaluation,1445,880,Warm A,0.5532322525978088,0.18326997756958008,0.5555555555555556,1.0,0.21939215064048767,0.4811396598815918,,cfg02_G2_D32,0.9929953520186245,cuda
evaluation,1445,880,Warm B,0.5599802136421204,0.18354399502277374,0.6049382716049383,1.0,0.3477665185928345,0.2655276954174042,,cfg02_G2_D32,0.9929953520186245,cuda
evaluation,1445,880,Warm C,0.5658034682273865,0.18338319659233093,0.6049382716049383,1.0,0.43830758333206177,0.2259930670261383,,cfg02_G2_D32,0.9929953520186245,cuda
evaluation,1446,881,Cold,0.5504717230796814,0.18150435388088226,0.5308641975308642,1.0,0.0,0.0,,cfg02_G2_D32,0.9929953520186245,cuda
evaluation,1446,881,Warm A,0.5473037362098694,0.18039153516292572,0.5061728395061729,1.0,0.21108168363571167,0.5515309572219849,,cfg02_G2_D32,0.9929953520186245,cuda
evaluation,1446,881,Warm B,0.5514310002326965,0.17771229147911072,0.5308641975308642,1.0,0.2950325608253479,0.42844367027282715,,cfg02_G2_D32,0.9929953520186245,cuda
evaluation,1446,881,Warm C,0.5498268008232117,0.17833510041236877,0.5308641975308642,1.0,0.42656439542770386,0.42045578360557556,,cfg02_G2_D32,0.9929953520186245,cuda
evaluation,1453,883,Cold,0.5502809882164001,0.17954586446285248,0.5308641975308642,1.0,0.0,0.0,,cfg02_G2_D32,0.9929953520186245,cuda
evaluation,1453,883,Warm A,0.5497933626174927,0.1832445114850998,0.5308641975308642,1.0,0.2130614072084427,0.5560232996940613,,cfg02_G2_D32,0.9929953520186245,cuda
evaluation,1453,883,Warm B,0.5564931035041809,0.1848970651626587,0.6049382716049383,1.0,0.3414689004421234,0.40210577845573425,,cfg02_G2_D32,0.9929953520186245,cuda
evaluation,1453,883,Warm C,0.5569440126419067,0.1816319227218628,0.6049382716049383,1.0,0.2592208683490753,0.30247148871421814,,cfg02_G2_D32,0.9929953520186245,cuda
evaluation,1454,884,Cold,0.550410807132721,0.1819063276052475,0.5308641975308642,1.0,0.0,0.0,,cfg02_G2_D32,0.9929953520186245,cuda
evaluation,1454,884,Warm A,0.5538992285728455,0.18263556063175201,0.5802469135802469,1.0,0.19929559528827667,0.5256634950637817,,cfg02_G2_D32,0.9929953520186245,cuda
evaluation,1454,884,Warm B,0.5612661242485046,0.18182432651519775,0.6049382716049383,1.0,0.2668107748031616,0.431265264749527,,cfg02_G2_D32,0.9929953520186245,cuda
evaluation,1454,884,Warm C,0.5509647130966187,0.182356059551239,0.5555555555555556,1.0,0.2152550369501114,0.8122256398200989,,cfg02_G2_D32,0.9929953520186245,cuda
evaluation,1456,885,Cold,0.5503142476081848,0.18195649981498718,0.5308641975308642,1.0,0.0,0.0,,cfg02_G2_D32,0.9929953520186245,cuda
evaluation,1456,885,Warm A,0.5479822754859924,0.18544195592403412,0.5308641975308642,1.0,0.23259717226028442,0.710522472858429,,cfg02_G2_D32,0.9929953520186245,cuda
evaluation,1456,885,Warm B,0.5497015714645386,0.18943382799625397,0.5555555555555556,1.0,0.3872030973434448,0.5895311236381531,,cfg02_G2_D32,0.9929953520186245,cuda
evaluation,1456,885,Warm C,0.5604857206344604,0.18799486756324768,0.5802469135802469,1.0,0.2980543375015259,0.25947675108909607,,cfg02_G2_D32,0.9929953520186245,cuda
evaluation,1460,888,Cold,0.5516061782836914,0.17756973206996918,0.5308641975308642,1.0,0.0,0.0,,cfg02_G2_D32,0.9929953520186245,cuda
evaluation,1460,888,Warm A,0.5453420281410217,0.1807268261909485,0.5308641975308642,1.0,0.21740925312042236,0.6025108695030212,,cfg02_G2_D32,0.9929953520186245,cuda
evaluation,1460,888,Warm B,0.5495443940162659,0.18290360271930695,0.5308641975308642,1.0,0.3425808250904083,0.5184945464134216,,cfg02_G2_D32,0.9929953520186245,cuda
evaluation,1460,888,Warm C,0.5586831569671631,0.182118222117424,0.5555555555555556,1.0,0.3549238443374634,0.36462274193763733,,cfg02_G2_D32,0.9929953520186245,cuda
evaluation,1464,890,Cold,0.5516771674156189,0.17830614745616913,0.5308641975308642,1.0,0.0,0.0,,cfg02_G2_D32,0.9929953520186245,cuda
evaluation,1464,890,Warm A,0.5463525056838989,0.17782533168792725,0.5061728395061729,1.0,0.21700076758861542,0.6331236362457275,,cfg02_G2_D32,0.9929953520186245,cuda
evaluation,1464,890,Warm B,0.5451453924179077,0.18100453913211823,0.5061728395061729,1.0,0.23094308376312256,0.6026834845542908,,cfg02_G2_D32,0.9929953520186245,cuda
evaluation,1464,890,Warm C,0.5442693829536438,0.1816270649433136,0.5061728395061729,1.0,0.29955846071243286,0.6166979670524597,,cfg02_G2_D32,0.9929953520186245,cuda
evaluation,1465,891,Cold,0.5540412664413452,0.18088319897651672,0.5555555555555556,1.0,0.0,0.0,,cfg02_G2_D32,0.9929953520186245,cuda
evaluation,1465,891,Warm A,0.5494271516799927,0.18200427293777466,0.5308641975308642,1.0,0.22767847776412964,0.6602715849876404,,cfg02_G2_D32,0.9929953520186245,cuda
evaluation,1465,891,Warm B,0.5547576546669006,0.18091391026973724,0.5061728395061729,1.0,0.2640151381492615,0.416323721408844,,cfg02_G2_D32,0.9929953520186245,cuda
evaluation,1465,891,Warm C,0.5589743852615356,0.18146583437919617,0.5061728395061729,1.0,0.3718983829021454,0.4603431820869446,,cfg02_G2_D32,0.9929953520186245,cuda
evaluation,1468,893,Cold,0.5498501062393188,0.18012702465057373,0.5308641975308642,1.0,0.0,0.0,,cfg02_G2_D32,0.9929953520186245,cuda
evaluation,1468,893,Warm A,0.5486166477203369,0.1839926391839981,0.5308641975308642,1.0,0.22848840057849884,0.6744067072868347,,cfg02_G2_D32,0.9929953520186245,cuda
evaluation,1468,893,Warm B,0.542629599571228,0.1874396950006485,0.5308641975308642,1.0,0.4584850072860718,0.604025661945343,,cfg02_G2_D32,0.9929953520186245,cuda
evaluation,1468,893,Warm C,0.5457272529602051,0.18592818081378937,0.5308641975308642,1.0,0.4022720456123352,0.5150592923164368,,cfg02_G2_D32,0.9929953520186245,cuda
evaluation,1474,894,Cold,0.5498042106628418,0.1764582097530365,0.5308641975308642,1.0,0.0,0.0,,cfg02_G2_D32,0.9929953520186245,cuda
evaluation,1474,894,Warm A,0.5559260249137878,0.17738977074623108,0.6049382716049383,1.0,0.20557548105716705,0.28458303213119507,,cfg02_G2_D32,0.9929953520186245,cuda
evaluation,1474,894,Warm B,0.552841067314148,0.18058809638023376,0.5555555555555556,1.0,0.22270187735557556,0.442638635635376,,cfg02_G2_D32,0.9929953520186245,cuda
evaluation,1474,894,Warm C,0.5625320076942444,0.17903396487236023,0.6049382716049383,1.0,0.278751939535141,0.12346509844064713,,cfg02_G2_D32,0.9929953520186245,cuda
evaluation,1475,895,Cold,0.5507104396820068,0.17891286313533783,0.5555555555555556,1.0,0.0,0.0,,cfg02_G2_D32,0.9929953520186245,cuda
evaluation,1475,895,Warm A,0.5484259724617004,0.18245816230773926,0.5308641975308642,1.0,0.23522479832172394,0.7241527438163757,,cfg02_G2_D32,0.9929953520186245,cuda
evaluation,1475,895,Warm B,0.5491565465927124,0.17934012413024902,0.5555555555555556,1.0,0.20289316773414612,0.44844457507133484,,cfg02_G2_D32,0.9929953520186245,cuda
evaluation,1475,895,Warm C,0.5518403649330139,0.18053339421749115,0.5555555555555556,1.0,0.26554635167121887,0.5598599910736084,,cfg02_G2_D32,0.9929953520186245,cuda
evaluation,1482,899,Cold,0.5522154569625854,0.18101072311401367,0.5555555555555556,1.0,0.0,0.0,,cfg02_G2_D32,0.9929953520186245,cuda
evaluation,1482,899,Warm A,0.5586053133010864,0.1804005354642868,0.5555555555555556,1.0,0.2179946005344391,0.43245911598205566,,cfg02_G2_D32,0.9929953520186245,cuda
evaluation,1482,899,Warm B,0.5602073073387146,0.17662690579891205,0.5802469135802469,1.0,0.3282110095024109,0.5523571372032166,,cfg02_G2_D32,0.9929953520186245,cuda
evaluation,1482,899,Warm C,0.5606582164764404,0.1782066375017166,0.5555555555555556,1.0,0.3737296164035797,0.5029422640800476,,cfg02_G2_D32,0.9929953520186245,cuda
evaluation,1483,900,Cold,0.5530802607536316,0.17968976497650146,0.5802469135802469,1.0,0.0,0.0,,cfg02_G2_D32,0.9929953520186245,cuda
evaluation,1483,900,Warm A,0.5535092949867249,0.18246671557426453,0.5308641975308642,1.0,0.22282586991786957,0.6070893406867981,,cfg02_G2_D32,0.9929953520186245,cuda
evaluation,1483,900,Warm B,0.5532906651496887,0.18342739343643188,0.5061728395061729,1.0,0.3472687900066376,0.41955405473709106,,cfg02_G2_D32,0.9929953520186245,cuda
evaluation,1483,900,Warm C,0.5509077906608582,0.18815559148788452,0.5061728395061729,1.0,0.48145920038223267,0.5620281100273132,,cfg02_G2_D32,0.9929953520186245,cuda
evaluation,1484,901,Cold,0.5527490973472595,0.17915120720863342,0.5308641975308642,1.0,0.0,0.0,,cfg02_G2_D32,0.9929953520186245,cuda
evaluation,1484,901,Warm A,0.5565537214279175,0.17693956196308136,0.5802469135802469,1.0,0.24399404227733612,0.4311819076538086,,cfg02_G2_D32,0.9929953520186245,cuda
evaluation,1484,901,Warm B,0.5596082806587219,0.1771092414855957,0.5555555555555556,1.0,0.3819357454776764,0.5322206616401672,,cfg02_G2_D32,0.9929953520186245,cuda
evaluation,1484,901,Warm C,0.5564506649971008,0.18060904741287231,0.5555555555555556,1.0,0.27741196751594543,0.6149010062217712,,cfg02_G2_D32,0.9929953520186245,cuda
evaluation,1487,903,Cold,0.5529190897941589,0.17767834663391113,0.5802469135802469,1.0,0.0,0.0,,cfg02_G2_D32,0.9929953520186245,cuda
evaluation,1487,903,Warm A,0.5526549220085144,0.17950154840946198,0.5308641975308642,1.0,0.18523666262626648,0.6294656991958618,,cfg02_G2_D32,0.9929953520186245,cuda
evaluation,1487,903,Warm B,0.5576469302177429,0.1771070510149002,0.5802469135802469,1.0,0.21908721327781677,0.505868136882782,,cfg02_G2_D32,0.9929953520186245,cuda
evaluation,1487,903,Warm C,0.5620665550231934,0.17734692990779877,0.5802469135802469,1.0,0.2961580753326416,0.4777267873287201,,cfg02_G2_D32,0.9929953520186245,cuda
evaluation,1498,905,Cold,0.5525683760643005,0.18044732511043549,0.5802469135802469,1.0,0.0,0.0,,cfg02_G2_D32,0.9929953520186245,cuda
evaluation,1498,905,Warm A,0.556069552898407,0.181720569729805,0.5555555555555556,1.0,0.19097918272018433,0.5167616009712219,,cfg02_G2_D32,0.9929953520186245,cuda
evaluation,1498,905,Warm B,0.557121753692627,0.17929591238498688,0.5802469135802469,1.0,0.2735461890697479,0.4255249500274658,,cfg02_G2_D32,0.9929953520186245,cuda
evaluation,1498,905,Warm C,0.5546153783798218,0.1828405112028122,0.5555555555555556,1.0,0.25660964846611023,0.6080040335655212,,cfg02_G2_D32,0.9929953520186245,cuda
evaluation,1503,908,Cold,0.5493963956832886,0.1819588989019394,0.5308641975308642,1.0,0.0,0.0,,cfg02_G2_D32,0.9929953520186245,cuda
evaluation,1503,908,Warm A,0.5484408140182495,0.18583780527114868,0.5308641975308642,1.0,0.228189155459404,0.5572096109390259,,cfg02_G2_D32,0.9929953520186245,cuda
evaluation,1503,908,Warm B,0.5532811880111694,0.1885831207036972,0.5555555555555556,1.0,0.3643360733985901,0.35107237100601196,,cfg02_G2_D32,0.9929953520186245,cuda
evaluation,1503,908,Warm C,0.5569230318069458,0.186324343085289,0.5555555555555556,1.0,0.24574178457260132,0.34309157729148865,,cfg02_G2_D32,0.9929953520186245,cuda
evaluation,1515,910,Cold,0.5529949069023132,0.17996816337108612,0.5802469135802469,1.0,0.0,0.0,,cfg02_G2_D32,0.9929953520186245,cuda
evaluation,1515,910,Warm A,0.5526546835899353,0.18371126055717468,0.5308641975308642,1.0,0.2154611498117447,0.5763199925422668,,cfg02_G2_D32,0.9929953520186245,cuda
evaluation,1515,910,Warm B,0.5595393776893616,0.18318849802017212,0.5802469135802469,1.0,0.24262991547584534,0.19376163184642792,,cfg02_G2_D32,0.9929953520186245,cuda
evaluation,1515,910,Warm C,0.5591568946838379,0.18136075139045715,0.5555555555555556,1.0,0.21667999029159546,0.22204022109508514,,cfg02_G2_D32,0.9929953520186245,cuda
evaluation,1526,913,Cold,0.5494899749755859,0.18198412656784058,0.5308641975308642,1.0,0.0,0.0,,cfg02_G2_D32,0.9929953520186245,cuda
evaluation,1526,913,Warm A,0.5490484237670898,0.18573307991027832,0.5308641975308642,1.0,0.21906839311122894,0.49791082739830017,,cfg02_G2_D32,0.9929953520186245,cuda
evaluation,1526,913,Warm B,0.5541239380836487,0.18649160861968994,0.5308641975308642,1.0,0.2614944279193878,0.43898698687553406,,cfg02_G2_D32,0.9929953520186245,cuda
evaluation,1526,913,Warm C,0.5555500984191895,0.18645742535591125,0.5308641975308642,1.0,0.3505277931690216,0.28282126784324646,,cfg02_G2_D32,0.9929953520186245,cuda
evaluation,1535,915,Cold,0.5517612099647522,0.18063414096832275,0.5555555555555556,1.0,0.0,0.0,,cfg02_G2_D32,0.9929953520186245,cuda
evaluation,1535,915,Warm A,0.5511121153831482,0.18082009255886078,0.5308641975308642,1.0,0.2049063891172409,0.5882324576377869,,cfg02_G2_D32,0.9929953520186245,cuda
evaluation,1535,915,Warm B,0.5488131642341614,0.18195271492004395,0.5061728395061729,1.0,0.28555551171302795,0.6516925692558289,,cfg02_G2_D32,0.9929953520186245,cuda
evaluation,1535,915,Warm C,0.5491636395454407,0.18024207651615143,0.5061728395061729,1.0,0.33039119839668274,0.5839496850967407,,cfg02_G2_D32,0.9929953520186245,cuda
evaluation,1545,920,Cold,0.5541343688964844,0.18066024780273438,0.5555555555555556,1.0,0.0,0.0,,cfg02_G2_D32,0.9929953520186245,cuda
evaluation,1545,920,Warm A,0.5508769750595093,0.1820850819349289,0.5555555555555556,1.0,0.2124319225549698,0.5529984831809998,,cfg02_G2_D32,0.9929953520186245,cuda
evaluation,1545,920,Warm B,0.5575942993164062,0.17913229763507843,0.5555555555555556,1.0,0.2986466884613037,0.3420906662940979,,cfg02_G2_D32,0.9929953520186245,cuda
evaluation,1545,920,Warm C,0.5500348806381226,0.18165236711502075,0.5555555555555556,1.0,0.24432893097400665,0.6470962762832642,,cfg02_G2_D32,0.9929953520186245,cuda
evaluation,1550,921,Cold,0.5506294369697571,0.18009431660175323,0.5308641975308642,1.0,0.0,0.0,,cfg02_G2_D32,0.9929953520186245,cuda
evaluation,1550,921,Warm A,0.5510174632072449,0.18327437341213226,0.5308641975308642,1.0,0.21526308357715607,0.5200874209403992,,cfg02_G2_D32,0.9929953520186245,cuda
evaluation,1550,921,Warm B,0.5444573163986206,0.18586532771587372,0.5308641975308642,1.0,0.37180545926094055,0.4904499650001526,,cfg02_G2_D32,0.9929953520186245,cuda
evaluation,1550,921,Warm C,0.5504423975944519,0.18816421926021576,0.5555555555555556,1.0,0.46344828605651855,0.39252373576164246,,cfg02_G2_D32,0.9929953520186245,cuda
evaluation,1554,923,Cold,0.5537757277488708,0.1787615567445755,0.5555555555555556,1.0,0.0,0.0,,cfg02_G2_D32,0.9929953520186245,cuda
evaluation,1554,923,Warm A,0.5473448634147644,0.18037281930446625,0.5061728395061729,1.0,0.20424191653728485,0.652350664138794,,cfg02_G2_D32,0.9929953520186245,cuda
evaluation,1554,923,Warm B,0.5511559247970581,0.18041972815990448,0.5555555555555556,1.0,0.21714383363723755,0.48185133934020996,,cfg02_G2_D32,0.9929953520186245,cuda
evaluation,1554,923,Warm C,0.5556687712669373,0.1783810555934906,0.5555555555555556,1.0,0.3346332609653473,0.4645357131958008,,cfg02_G2_D32,0.9929953520186245,cuda
evaluation,1592,937,Cold,0.5507330894470215,0.17818737030029297,0.5308641975308642,1.0,0.0,0.0,,cfg02_G2_D32,0.9929953520186245,cuda
evaluation,1592,937,Warm A,0.5522084832191467,0.18103468418121338,0.5555555555555556,1.0,0.22435703873634338,0.49553534388542175,,cfg02_G2_D32,0.9929953520186245,cuda
evaluation,1592,937,Warm B,0.5577433109283447,0.18210309743881226,0.5802469135802469,1.0,0.34852293133735657,0.25898122787475586,,cfg02_G2_D32,0.9929953520186245,cuda
evaluation,1592,937,Warm C,0.5518871545791626,0.18351022899150848,0.5555555555555556,1.0,0.42361128330230713,0.42083224654197693,,cfg02_G2_D32,0.9929953520186245,cuda
evaluation,1593,938,Cold,0.5526443123817444,0.17884443700313568,0.5308641975308642,1.0,0.0,0.0,,cfg02_G2_D32,0.9929953520186245,cuda
evaluation,1593,938,Warm A,0.5581765174865723,0.17907382547855377,0.5555555555555556,1.0,0.1837783008813858,0.4441737234592438,,cfg02_G2_D32,0.9929953520186245,cuda
evaluation,1593,938,Warm B,0.5552152395248413,0.18242430686950684,0.5555555555555556,1.0,0.2501499056816101,0.5224305391311646,,cfg02_G2_D32,0.9929953520186245,cuda
evaluation,1593,938,Warm C,0.5538622140884399,0.18509608507156372,0.5555555555555556,1.0,0.4179786443710327,0.4277922809123993,,cfg02_G2_D32,0.9929953520186245,cuda
evaluation,1595,940,Cold,0.5542832612991333,0.17537514865398407,0.5802469135802469,1.0,0.0,0.0,,cfg02_G2_D32,0.9929953520186245,cuda
evaluation,1595,940,Warm A,0.5597717761993408,0.17549440264701843,0.6049382716049383,1.0,0.21642637252807617,0.2604881525039673,,cfg02_G2_D32,0.9929953520186245,cuda
evaluation,1595,940,Warm B,0.5650704503059387,0.17615163326263428,0.6049382716049383,1.0,0.413675457239151,0.1472967118024826,,cfg02_G2_D32,0.9929953520186245,cuda
evaluation,1595,940,Warm C,0.5668348670005798,0.17771072685718536,0.6049382716049383,1.0,0.5784957408905029,0.18937180936336517,,cfg02_G2_D32,0.9929953520186245,cuda
evaluation,1598,942,Cold,0.5526551008224487,0.17912593483924866,0.5555555555555556,1.0,0.0,0.0,,cfg02_G2_D32,0.9929953520186245,cuda
evaluation,1598,942,Warm A,0.5512094497680664,0.1826305389404297,0.5308641975308642,1.0,0.21796481311321259,0.6117152571678162,,cfg02_G2_D32,0.9929953520186245,cuda
evaluation,1598,942,Warm B,0.556614339351654,0.18496152758598328,0.5555555555555556,1.0,0.31946566700935364,0.3041713833808899,,cfg02_G2_D32,0.9929953520186245,cuda
evaluation,1598,942,Warm C,0.5623524785041809,0.18298278748989105,0.5555555555555556,1.0,0.37970060110092163,0.3119243085384369,,cfg02_G2_D32,0.9929953520186245,cuda
evaluation,1599,943,Cold,0.5547382235527039,0.1754765808582306,0.5308641975308642,1.0,0.0,0.0,,cfg02_G2_D32,0.9929953520186245,cuda
evaluation,1599,943,Warm A,0.5598987936973572,0.1766672134399414,0.5802469135802469,1.0,0.23916874825954437,0.23434901237487793,,cfg02_G2_D32,0.9929953520186245,cuda
evaluation,1599,943,Warm B,0.5655487775802612,0.1748138815164566,0.6296296296296297,1.0,0.3645855188369751,0.19686488807201385,,cfg02_G2_D32,0.9929953520186245,cuda
evaluation,1599,943,Warm C,0.570242702960968,0.17388567328453064,0.6296296296296297,1.0,0.4845636188983917,0.2025729864835739,,cfg02_G2_D32,0.9929953520186245,cuda
evaluation,1600,944,Cold,0.5535318851470947,0.1785437911748886,0.5802469135802469,1.0,0.0,0.0,,cfg02_G2_D32,0.9929953520186245,cuda
evaluation,1600,944,Warm A,0.5547621846199036,0.17873209714889526,0.5308641975308642,1.0,0.1781696230173111,0.5834028720855713,,cfg02_G2_D32,0.9929953520186245,cuda
evaluation,1600,944,Warm B,0.5492117404937744,0.18134620785713196,0.5061728395061729,1.0,0.31930795311927795,0.6660427451133728,,cfg02_G2_D32,0.9929953520186245,cuda
evaluation,1600,944,Warm C,0.5510237216949463,0.1804560273885727,0.5555555555555556,1.0,0.33177968859672546,0.5509132742881775,,cfg02_G2_D32,0.9929953520186245,cuda
evaluation,1601,945,Cold,0.553442656993866,0.1786993443965912,0.5802469135802469,1.0,0.0,0.0,,cfg02_G2_D32,0.9929953520186245,cuda
evaluation,1601,945,Warm A,0.5570704936981201,0.18036742508411407,0.5802469135802469,1.0,0.20659244060516357,0.47104740142822266,,cfg02_G2_D32,0.9929953520186245,cuda
evaluation,1601,945,Warm B,0.5638923645019531,0.18068347871303558,0.5802469135802469,1.0,0.362366259098053,0.3696105480194092,,cfg02_G2_D32,0.9929953520186245,cuda
evaluation,1601,945,Warm C,0.5616761445999146,0.18218888342380524,0.5802469135802469,1.0,0.41996297240257263,0.30673766136169434,,cfg02_G2_D32,0.9929953520186245,cuda
evaluation,1604,947,Cold,0.5535831451416016,0.17783376574516296,0.5308641975308642,1.0,0.0,0.0,,cfg02_G2_D32,0.9929953520186245,cuda
evaluation,1604,947,Warm A,0.5619572401046753,0.1765875518321991,0.6049382716049383,1.0,0.2351086288690567,0.22208623588085175,,cfg02_G2_D32,0.9929953520186245,cuda
evaluation,1604,947,Warm B,0.5633159875869751,0.17403708398342133,0.5802469135802469,1.0,0.40271657705307007,0.3537455201148987,,cfg02_G2_D32,0.9929953520186245,cuda
evaluation,1604,947,Warm C,0.5711050629615784,0.1737811267375946,0.6296296296296297,1.0,0.5095787048339844,0.21734976768493652,,cfg02_G2_D32,0.9929953520186245,cuda
evaluation,1605,948,Cold,0.5515450239181519,0.17851217091083527,0.5308641975308642,1.0,0.0,0.0,,cfg02_G2_D32,0.9929953520186245,cuda
evaluation,1605,948,Warm A,0.5547311902046204,0.17977097630500793,0.5802469135802469,1.0,0.19246293604373932,0.4722892940044403,,cfg02_G2_D32,0.9929953520186245,cuda
evaluation,1605,948,Warm B,0.5570484399795532,0.1797654777765274,0.5555555555555556,1.0,0.31332287192344666,0.35236603021621704,,cfg02_G2_D32,0.9929953520186245,cuda
evaluation,1605,948,Warm C,0.5473572611808777,0.1819438487291336,0.5308641975308642,1.0,0.389908105134964,0.8030089735984802,,cfg02_G2_D32,0.9929953520186245,cuda
evaluation,1606,949,Cold,0.5522807836532593,0.1771525740623474,0.5308641975308642,1.0,0.0,0.0,,cfg02_G2_D32,0.9929953520186245,cuda
evaluation,1606,949,Warm A,0.5567370653152466,0.17927436530590057,0.5802469135802469,1.0,0.22740696370601654,0.25437694787979126,,cfg02_G2_D32,0.9929953520186245,cuda
evaluation,1606,949,Warm B,0.5545720458030701,0.18158911168575287,0.5555555555555556,1.0,0.3126768171787262,0.38311392068862915,,cfg02_G2_D32,0.9929953520186245,cuda
evaluation,1606,949,Warm C,0.5533055663108826,0.1810065507888794,0.5555555555555556,1.0,0.35109466314315796,0.4267580211162567,,cfg02_G2_D32,0.9929953520186245,cuda
evaluation,1621,959,Cold,0.5537075996398926,0.1811572015285492,0.5555555555555556,1.0,0.0,0.0,,cfg02_G2_D32,0.9929953520186245,cuda
evaluation,1621,959,Warm A,0.5567825436592102,0.1797296404838562,0.5802469135802469,1.0,0.2322271466255188,0.5009353756904602,,cfg02_G2_D32,0.9929953520186245,cuda
evaluation,1621,959,Warm B,0.5543160438537598,0.18365876376628876,0.5802469135802469,1.0,0.1766805201768875,0.7186898589134216,,cfg02_G2_D32,0.9929953520186245,cuda
evaluation,1621,959,Warm C,0.5530276298522949,0.18427662551403046,0.5555555555555556,1.0,0.2710554599761963,0.5891098380088806,,cfg02_G2_D32,0.9929953520186245,cuda
evaluation,1623,960,Cold,0.5512464046478271,0.1744329035282135,0.5308641975308642,1.0,0.0,0.0,,cfg02_G2_D32,0.9929953520186245,cuda
evaluation,1623,960,Warm A,0.5564233064651489,0.17501606047153473,0.5802469135802469,1.0,0.2064400464296341,0.39806464314460754,,cfg02_G2_D32,0.9929953520186245,cuda
evaluation,1623,960,Warm B,0.5640099048614502,0.17537930607795715,0.6049382716049383,1.0,0.4046924412250519,0.18770074844360352,,cfg02_G2_D32,0.9929953520186245,cuda
evaluation,1623,960,Warm C,0.5639585852622986,0.17325133085250854,0.5802469135802469,1.0,0.4036294221878052,0.2217632383108139,,cfg02_G2_D32,0.9929953520186245,cuda
evaluation,1626,962,Cold,0.552878201007843,0.17760896682739258,0.5308641975308642,1.0,0.0,0.0,,cfg02_G2_D32,0.9929953520186245,cuda
evaluation,1626,962,Warm A,0.5524191856384277,0.18124526739120483,0.5555555555555556,1.0,0.2217334806919098,0.6011966466903687,,cfg02_G2_D32,0.9929953520186245,cuda
evaluation,1626,962,Warm B,0.5612614750862122,0.17911814153194427,0.6049382716049383,1.0,0.12760353088378906,0.2671067416667938,,cfg02_G2_D32,0.9929953520186245,cuda
evaluation,1626,962,Warm C,0.5705910921096802,0.17716650664806366,0.6049382716049383,1.0,0.3163725435733795,0.17112281918525696,,cfg02_G2_D32,0.9929953520186245,cuda
evaluation,1629,964,Cold,0.5509607791900635,0.18077510595321655,0.5308641975308642,1.0,0.0,0.0,,cfg02_G2_D32,0.9929953520186245,cuda
evaluation,1629,964,Warm A,0.558932363986969,0.18067343533039093,0.5802469135802469,1.0,0.2222617119550705,0.516143798828125,,cfg02_G2_D32,0.9929953520186245,cuda
evaluation,1629,964,Warm B,0.5624673962593079,0.18003003299236298,0.6049382716049383,1.0,0.4123040735721588,0.4743509292602539,,cfg02_G2_D32,0.9929953520186245,cuda
evaluation,1629,964,Warm C,0.569259762763977,0.1793084740638733,0.6296296296296297,1.0,0.5567520260810852,0.3000967800617218,,cfg02_G2_D32,0.9929953520186245,cuda
evaluation,1640,968,Cold,0.5487077236175537,0.18081416189670563,0.5308641975308642,1.0,0.0,0.0,,cfg02_G2_D32,0.9929953520186245,cuda
evaluation,1640,968,Warm A,0.5484045743942261,0.18506403267383575,0.5308641975308642,1.0,0.2104254513978958,0.4854130744934082,,cfg02_G2_D32,0.9929953520186245,cuda
evaluation,1640,968,Warm B,0.5524071455001831,0.18830257654190063,0.5308641975308642,1.0,0.36639919877052307,0.3258174955844879,,cfg02_G2_D32,0.9929953520186245,cuda
evaluation,1640,968,Warm C,0.5523546934127808,0.18867427110671997,0.5555555555555556,1.0,0.4796272814273834,0.46804866194725037,,cfg02_G2_D32,0.9929953520186245,cuda
evaluation,1642,970,Cold,0.5515241026878357,0.17842543125152588,0.5308641975308642,1.0,0.0,0.0,,cfg02_G2_D32,0.9929953520186245,cuda
evaluation,1642,970,Warm A,0.5552480816841125,0.1792881041765213,0.5802469135802469,1.0,0.2117474228143692,0.55343097448349,,cfg02_G2_D32,0.9929953520186245,cuda
evaluation,1642,970,Warm B,0.5638981461524963,0.17721940577030182,0.6049382716049383,1.0,0.31853652000427246,0.3565273880958557,,cfg02_G2_D32,0.9929953520186245,cuda
evaluation,1642,970,Warm C,0.5670896768569946,0.17685897648334503,0.5802469135802469,1.0,0.47840413451194763,0.32542872428894043,,cfg02_G2_D32,0.9929953520186245,cuda
evaluation,1646,974,Cold,0.5506855249404907,0.1794089674949646,0.5308641975308642,1.0,0.0,0.0,,cfg02_G2_D32,0.9929953520186245,cuda
evaluation,1646,974,Warm A,0.553003191947937,0.18120570480823517,0.5555555555555556,1.0,0.21331629157066345,0.4616587162017822,,cfg02_G2_D32,0.9929953520186245,cuda
evaluation,1646,974,Warm B,0.5531158447265625,0.18148179352283478,0.5555555555555556,1.0,0.34302645921707153,0.5113507509231567,,cfg02_G2_D32,0.9929953520186245,cuda
evaluation,1646,974,Warm C,0.5542812347412109,0.18230324983596802,0.5555555555555556,1.0,0.4381939172744751,0.5496853590011597,,cfg02_G2_D32,0.9929953520186245,cuda
evaluation,1647,975,Cold,0.5532608032226562,0.17681792378425598,0.5555555555555556,1.0,0.0,0.0,,cfg02_G2_D32,0.9929953520186245,cuda
evaluation,1647,975,Warm A,0.5583353638648987,0.17789854109287262,0.5802469135802469,1.0,0.21169672906398773,0.37427374720573425,,cfg02_G2_D32,0.9929953520186245,cuda
evaluation,1647,975,Warm B,0.5573747158050537,0.17684856057167053,0.5802469135802469,1.0,0.24720700085163116,0.43195033073425293,,cfg02_G2_D32,0.9929953520186245,cuda
evaluation,1647,975,Warm C,0.5608451962471008,0.17905466258525848,0.5802469135802469,1.0,0.266724556684494,0.32377418875694275,,cfg02_G2_D32,0.9929953520186245,cuda
evaluation,1648,976,Cold,0.5518850684165955,0.17955493927001953,0.5308641975308642,1.0,0.0,0.0,,cfg02_G2_D32,0.9929953520186245,cuda
evaluation,1648,976,Warm A,0.5551004409790039,0.18146951496601105,0.5555555555555556,1.0,0.22563232481479645,0.5697606801986694,,cfg02_G2_D32,0.9929953520186245,cuda
evaluation,1648,976,Warm B,0.5511135458946228,0.1803082376718521,0.5308641975308642,1.0,0.2578047215938568,0.6228858828544617,,cfg02_G2_D32,0.9929953520186245,cuda
evaluation,1648,976,Warm C,0.553747832775116,0.17890389263629913,0.5555555555555556,1.0,0.31469884514808655,0.5672685503959656,,cfg02_G2_D32,0.9929953520186245,cuda
evaluation,1649,977,Cold,0.5516453981399536,0.18004247546195984,0.5308641975308642,1.0,0.0,0.0,,cfg02_G2_D32,0.9929953520186245,cuda
evaluation,1649,977,Warm A,0.5566223859786987,0.17847390472888947,0.5802469135802469,1.0,0.22660396993160248,0.4991381764411926,,cfg02_G2_D32,0.9929953520186245,cuda
evaluation,1649,977,Warm B,0.5585092306137085,0.175962895154953,0.5555555555555556,1.0,0.39281052350997925,0.27298787236213684,,cfg02_G2_D32,0.9929953520186245,cuda
evaluation,1649,977,Warm C,0.5533506870269775,0.1793483942747116,0.5555555555555556,1.0,0.21707238256931305,0.7842260599136353,,cfg02_G2_D32,0.9929953520186245,cuda
evaluation,1654,979,Cold,0.549842119216919,0.1767582893371582,0.5308641975308642,1.0,0.0,0.0,,cfg02_G2_D32,0.9929953520186245,cuda
evaluation,1654,979,Warm A,0.5526610016822815,0.17783507704734802,0.5555555555555556,1.0,0.20307449996471405,0.48395538330078125,,cfg02_G2_D32,0.9929953520186245,cuda
evaluation,1654,979,Warm B,0.5485122203826904,0.17782491445541382,0.5555555555555556,1.0,0.24005690217018127,0.5948536396026611,,cfg02_G2_D32,0.9929953520186245,cuda
evaluation,1654,979,Warm C,0.5503708720207214,0.17921240627765656,0.5802469135802469,1.0,0.26910609006881714,0.5412076711654663,,cfg02_G2_D32,0.9929953520186245,cuda
evaluation,1655,980,Cold,0.5511115193367004,0.174564391374588,0.5308641975308642,1.0,0.0,0.0,,cfg02_G2_D32,0.9929953520186245,cuda
evaluation,1655,980,Warm A,0.5492315292358398,0.17710329592227936,0.5555555555555556,1.0,0.21723699569702148,0.5530868768692017,,cfg02_G2_D32,0.9929953520186245,cuda
evaluation,1655,980,Warm B,0.5558533072471619,0.17580825090408325,0.5802469135802469,1.0,0.2619275748729706,0.42087703943252563,,cfg02_G2_D32,0.9929953520186245,cuda
evaluation,1655,980,Warm C,0.5596667528152466,0.1747145801782608,0.5802469135802469,1.0,0.3405933976173401,0.2561059296131134,,cfg02_G2_D32,0.9929953520186245,cuda
evaluation,1658,981,Cold,0.5498911738395691,0.17957474291324615,0.5308641975308642,1.0,0.0,0.0,,cfg02_G2_D32,0.9929953520186245,cuda
evaluation,1658,981,Warm A,0.5528244972229004,0.17785759270191193,0.5308641975308642,1.0,0.2275667041540146,0.5562450289726257,,cfg02_G2_D32,0.9929953520186245,cuda
evaluation,1658,981,Warm B,0.5490137338638306,0.18138933181762695,0.5308641975308642,1.0,0.1176799088716507,0.7499407529830933,,cfg02_G2_D32,0.9929953520186245,cuda
evaluation,1658,981,Warm C,0.5561622381210327,0.18112054467201233,0.5308641975308642,1.0,0.21853777766227722,0.510246992111206,,cfg02_G2_D32,0.9929953520186245,cuda
evaluation,1660,982,Cold,0.5542957186698914,0.18006514012813568,0.5555555555555556,1.0,0.0,0.0,,cfg02_G2_D32,0.9929953520186245,cuda
evaluation,1660,982,Warm A,0.5482725501060486,0.18117140233516693,0.5555555555555556,1.0,0.21392376720905304,0.6295711398124695,,cfg02_G2_D32,0.9929953520186245,cuda
evaluation,1660,982,Warm B,0.5456526279449463,0.18374820053577423,0.5555555555555556,1.0,0.37072139978408813,0.7261578440666199,,cfg02_G2_D32,0.9929953520186245,cuda
evaluation,1660,982,Warm C,0.5393240451812744,0.18465419113636017,0.5061728395061729,1.0,0.4927769899368286,0.6056166887283325,,cfg02_G2_D32,0.9929953520186245,cuda
evaluation,1661,983,Cold,0.5521690249443054,0.17933997511863708,0.5308641975308642,1.0,0.0,0.0,,cfg02_G2_D32,0.9929953520186245,cuda
evaluation,1661,983,Warm A,0.558092474937439,0.17816224694252014,0.5555555555555556,1.0,0.19096648693084717,0.42473530769348145,,cfg02_G2_D32,0.9929953520186245,cuda
evaluation,1661,983,Warm B,0.5599956512451172,0.17528855800628662,0.5802469135802469,1.0,0.3123655319213867,0.3984704911708832,,cfg02_G2_D32,0.9929953520186245,cuda
evaluation,1661,983,Warm C,0.5564637184143066,0.17462453246116638,0.5555555555555556,1.0,0.36799854040145874,0.5527558326721191,,cfg02_G2_D32,0.9929953520186245,cuda
evaluation,1667,985,Cold,0.5534017086029053,0.17616617679595947,0.5308641975308642,1.0,0.0,0.0,,cfg02_G2_D32,0.9929953520186245,cuda
evaluation,1667,985,Warm A,0.5496545433998108,0.1792619824409485,0.5308641975308642,1.0,0.22422659397125244,0.7114688158035278,,cfg02_G2_D32,0.9929953520186245,cuda
evaluation,1667,985,Warm B,0.554663360118866,0.18137823045253754,0.5555555555555556,1.0,0.3132033050060272,0.3416770398616791,,cfg02_G2_D32,0.9929953520186245,cuda
evaluation,1667,985,Warm C,0.5464801788330078,0.18255199491977692,0.5308641975308642,1.0,0.4390965402126312,0.6244618892669678,,cfg02_G2_D32,0.9929953520186245,cuda
evaluation,1670,986,Cold,0.5532929301261902,0.17852994799613953,0.5555555555555556,1.0,0.0,0.0,,cfg02_G2_D32,0.9929953520186245,cuda
evaluation,1670,986,Warm A,0.5549493432044983,0.1775517612695694,0.5555555555555556,1.0,0.18979738652706146,0.547015905380249,,cfg02_G2_D32,0.9929953520186245,cuda
evaluation,1670,986,Warm B,0.5495225191116333,0.18128755688667297,0.5308641975308642,1.0,0.25371477007865906,0.6799598336219788,,cfg02_G2_D32,0.9929953520186245,cuda
evaluation,1670,986,Warm C,0.5510456562042236,0.17864683270454407,0.5308641975308642,1.0,0.29027652740478516,0.5815423130989075,,cfg02_G2_D32,0.9929953520186245,cuda
evaluation,1681,993,Cold,0.5540601015090942,0.1748366355895996,0.5308641975308642,1.0,0.0,0.0,,cfg02_G2_D32,0.9929953520186245,cuda
evaluation,1681,993,Warm A,0.5564165711402893,0.17703945934772491,0.5802469135802469,1.0,0.21436044573783875,0.4288803040981293,,cfg02_G2_D32,0.9929953520186245,cuda
evaluation,1681,993,Warm B,0.5645655989646912,0.17688287794589996,0.5802469135802469,1.0,0.3656104803085327,0.19529221951961517,,cfg02_G2_D32,0.9929953520186245,cuda
evaluation,1681,993,Warm C,0.5688062310218811,0.1759442389011383,0.6296296296296297,1.0,0.40007033944129944,0.21728964149951935,,cfg02_G2_D32,0.9929953520186245,cuda
evaluation,1686,996,Cold,0.5522998571395874,0.17670802772045135,0.5308641975308642,1.0,0.0,0.0,,cfg02_G2_D32,0.9929953520186245,cuda
evaluation,1686,996,Warm A,0.5532111525535583,0.17957305908203125,0.5308641975308642,1.0,0.20845207571983337,0.5337240099906921,,cfg02_G2_D32,0.9929953520186245,cuda
evaluation,1686,996,Warm B,0.5607134699821472,0.1799585074186325,0.5802469135802469,1.0,0.2726128399372101,0.4206758439540863,,cfg02_G2_D32,0.9929953520186245,cuda
evaluation,1686,996,Warm C,0.5529909729957581,0.17912369966506958,0.5308641975308642,1.0,0.2825171947479248,0.6978874802589417,,cfg02_G2_D32,0.9929953520186245,cuda
evaluation,1699,1003,Cold,0.5537840127944946,0.18021968007087708,0.5555555555555556,1.0,0.0,0.0,,cfg02_G2_D32,0.9929953520186245,cuda
evaluation,1699,1003,Warm A,0.547896683216095,0.1819523274898529,0.5061728395061729,1.0,0.19814354181289673,0.6005905270576477,,cfg02_G2_D32,0.9929953520186245,cuda
evaluation,1699,1003,Warm B,0.5458784699440002,0.1813584864139557,0.5308641975308642,1.0,0.28788742423057556,0.6588062644004822,,cfg02_G2_D32,0.9929953520186245,cuda
evaluation,1699,1003,Warm C,0.5500358939170837,0.17957665026187897,0.5061728395061729,1.0,0.25040313601493835,0.5029264688491821,,cfg02_G2_D32,0.9929953520186245,cuda
evaluation,1703,1006,Cold,0.5502253770828247,0.18123522400856018,0.5308641975308642,1.0,0.0,0.0,,cfg02_G2_D32,0.9929953520186245,cuda
evaluation,1703,1006,Warm A,0.5560706257820129,0.18194255232810974,0.5555555555555556,1.0,0.186273992061615,0.4731433093547821,,cfg02_G2_D32,0.9929953520186245,cuda
evaluation,1703,1006,Warm B,0.5622481107711792,0.18136999011039734,0.6049382716049383,1.0,0.3373902142047882,0.4651622772216797,,cfg02_G2_D32,0.9929953520186245,cuda
evaluation,1703,1006,Warm C,0.5681790113449097,0.180459126830101,0.5802469135802469,1.0,0.4864565134048462,0.3325975835323334,,cfg02_G2_D32,0.9929953520186245,cuda
evaluation,1707,1008,Cold,0.5525220632553101,0.17669685184955597,0.5308641975308642,1.0,0.0,0.0,,cfg02_G2_D32,0.9929953520186245,cuda
evaluation,1707,1008,Warm A,0.5580913424491882,0.17845797538757324,0.5802469135802469,1.0,0.2370413988828659,0.24414364993572235,,cfg02_G2_D32,0.9929953520186245,cuda
evaluation,1707,1008,Warm B,0.555313229560852,0.18116997182369232,0.5555555555555556,1.0,0.36615312099456787,0.4564804136753082,,cfg02_G2_D32,0.9929953520186245,cuda
evaluation,1707,1008,Warm C,0.5614274740219116,0.1819949597120285,0.5802469135802469,1.0,0.5171645879745483,0.09689163416624069,,cfg02_G2_D32,0.9929953520186245,cuda
evaluation,1726,1015,Cold,0.553999125957489,0.17994457483291626,0.5555555555555556,1.0,0.0,0.0,,cfg02_G2_D32,0.9929953520186245,cuda
evaluation,1726,1015,Warm A,0.552972137928009,0.1830446422100067,0.5555555555555556,1.0,0.20107817649841309,0.6031202673912048,,cfg02_G2_D32,0.9929953520186245,cuda
evaluation,1726,1015,Warm B,0.5568820238113403,0.18396373093128204,0.5802469135802469,1.0,0.2641175389289856,0.5314305424690247,,cfg02_G2_D32,0.9929953520186245,cuda
evaluation,1726,1015,Warm C,0.5590965151786804,0.18150368332862854,0.5802469135802469,1.0,0.26791009306907654,0.4893260598182678,,cfg02_G2_D32,0.9929953520186245,cuda
evaluation,1730,1018,Cold,0.5540412664413452,0.18088319897651672,0.5555555555555556,1.0,0.0,0.0,,cfg02_G2_D32,0.9929953520186245,cuda
evaluation,1730,1018,Warm A,0.5534272193908691,0.18028324842453003,0.5555555555555556,1.0,0.20088760554790497,0.4964332580566406,,cfg02_G2_D32,0.9929953520186245,cuda
evaluation,1730,1018,Warm B,0.5592321753501892,0.17846092581748962,0.5802469135802469,1.0,0.3344287574291229,0.4330807626247406,,cfg02_G2_D32,0.9929953520186245,cuda
evaluation,1730,1018,Warm C,0.549776017665863,0.18091122806072235,0.5555555555555556,1.0,0.2420419305562973,0.7324156165122986,,cfg02_G2_D32,0.9929953520186245,cuda
evaluation,1731,1019,Cold,0.55068039894104,0.1807546466588974,0.5308641975308642,1.0,0.0,0.0,,cfg02_G2_D32,0.9929953520186245,cuda
evaluation,1731,1019,Warm A,0.5539093017578125,0.18280062079429626,0.5555555555555556,1.0,0.1952895224094391,0.37982282042503357,,cfg02_G2_D32,0.9929953520186245,cuda
evaluation,1731,1019,Warm B,0.5593146085739136,0.18559987843036652,0.5555555555555556,1.0,0.3645813465118408,0.2809208333492279,,cfg02_G2_D32,0.9929953520186245,cuda
evaluation,1731,1019,Warm C,0.5578921437263489,0.18561355769634247,0.5555555555555556,1.0,0.379617303609848,0.32601451873779297,,cfg02_G2_D32,0.9929953520186245,cuda
evaluation,1733,1021,Cold,0.5528891086578369,0.18018676340579987,0.5802469135802469,1.0,0.0,0.0,,cfg02_G2_D32,0.9929953520186245,cuda
evaluation,1733,1021,Warm A,0.5512802004814148,0.1833251416683197,0.5308641975308642,1.0,0.21267259120941162,0.6694809198379517,,cfg02_G2_D32,0.9929953520186245,cuda
evaluation,1733,1021,Warm B,0.5509438514709473,0.18648988008499146,0.5555555555555556,1.0,0.3688483238220215,0.5147110819816589,,cfg02_G2_D32,0.9929953520186245,cuda
evaluation,1733,1021,Warm C,0.5575852990150452,0.18449698388576508,0.5802469135802469,1.0,0.31361111998558044,0.3717169761657715,,cfg02_G2_D32,0.9929953520186245,cuda
evaluation,1744,1024,Cold,0.5522848963737488,0.17775554955005646,0.5308641975308642,1.0,0.0,0.0,,cfg02_G2_D32,0.9929953520186245,cuda
evaluation,1744,1024,Warm A,0.5618563294410706,0.17655667662620544,0.6049382716049383,1.0,0.23116129636764526,0.24919135868549347,,cfg02_G2_D32,0.9929953520186245,cuda
evaluation,1744,1024,Warm B,0.5654370188713074,0.17481380701065063,0.6049382716049383,1.0,0.3929552435874939,0.24842862784862518,,cfg02_G2_D32,0.9929953520186245,cuda
evaluation,1744,1024,Warm C,0.5738879442214966,0.17382004857063293,0.6296296296296297,1.0,0.5919741988182068,0.17322950065135956,,cfg02_G2_D32,0.9929953520186245,cuda
evaluation,1750,1027,Cold,0.552611768245697,0.17421327531337738,0.5308641975308642,1.0,0.0,0.0,,cfg02_G2_D32,0.9929953520186245,cuda
evaluation,1750,1027,Warm A,0.5560587048530579,0.17672473192214966,0.5802469135802469,1.0,0.22394457459449768,0.5231118202209473,,cfg02_G2_D32,0.9929953520186245,cuda
evaluation,1750,1027,Warm B,0.5596234798431396,0.17881397902965546,0.6049382716049383,1.0,0.42499372363090515,0.2459968775510788,,cfg02_G2_D32,0.9929953520186245,cuda
evaluation,1750,1027,Warm C,0.5656285285949707,0.17642831802368164,0.6296296296296297,1.0,0.42685389518737793,0.16193124651908875,,cfg02_G2_D32,0.9929953520186245,cuda
evaluation,1753,1029,Cold,0.5499318242073059,0.1823505163192749,0.5308641975308642,1.0,0.0,0.0,,cfg02_G2_D32,0.9929953520186245,cuda
evaluation,1753,1029,Warm A,0.5540013313293457,0.18212778866291046,0.5555555555555556,1.0,0.20833635330200195,0.4900176525115967,,cfg02_G2_D32,0.9929953520186245,cuda
evaluation,1753,1029,Warm B,0.5503010153770447,0.17994952201843262,0.5308641975308642,1.0,0.2549484670162201,0.5983780026435852,,cfg02_G2_D32,0.9929953520186245,cuda
evaluation,1753,1029,Warm C,0.5447165369987488,0.18232491612434387,0.5061728395061729,1.0,0.3249230980873108,0.6236440539360046,,cfg02_G2_D32,0.9929953520186245,cuda
evaluation,1758,1031,Cold,0.5522664189338684,0.17983315885066986,0.5555555555555556,1.0,0.0,0.0,,cfg02_G2_D32,0.9929953520186245,cuda
evaluation,1758,1031,Warm A,0.550658643245697,0.18188871443271637,0.5308641975308642,1.0,0.18093684315681458,0.6273944973945618,,cfg02_G2_D32,0.9929953520186245,cuda
evaluation,1758,1031,Warm B,0.5518234968185425,0.18460139632225037,0.5061728395061729,1.0,0.26651081442832947,0.5515475273132324,,cfg02_G2_D32,0.9929953520186245,cuda
evaluation,1758,1031,Warm C,0.5521640181541443,0.1852167248725891,0.5308641975308642,1.0,0.3654535114765167,0.5643855333328247,,cfg02_G2_D32,0.9929953520186245,cuda
evaluation,1760,1032,Cold,0.5515636205673218,0.17679747939109802,0.5308641975308642,1.0,0.0,0.0,,cfg02_G2_D32,0.9929953520186245,cuda
evaluation,1760,1032,Warm A,0.5534024834632874,0.17984510958194733,0.5555555555555556,1.0,0.21403531730175018,0.453828901052475,,cfg02_G2_D32,0.9929953520186245,cuda
evaluation,1760,1032,Warm B,0.5607848167419434,0.17962393164634705,0.5802469135802469,1.0,0.347792387008667,0.17272399365901947,,cfg02_G2_D32,0.9929953520186245,cuda
evaluation,1760,1032,Warm C,0.5643025636672974,0.18299396336078644,0.5555555555555556,1.0,0.5381316542625427,0.2391768991947174,,cfg02_G2_D32,0.9929953520186245,cuda
evaluation,1785,1040,Cold,0.5563138723373413,0.17221762239933014,0.5555555555555556,1.0,0.0,0.0,,cfg02_G2_D32,0.9929953520186245,cuda
evaluation,1785,1040,Warm A,0.551920473575592,0.1724814623594284,0.5555555555555556,1.0,0.1960703432559967,0.6427611708641052,,cfg02_G2_D32,0.9929953520186245,cuda
evaluation,1785,1040,Warm B,0.5592986941337585,0.17192372679710388,0.5555555555555556,1.0,0.1892394870519638,0.4313105046749115,,cfg02_G2_D32,0.9929953520186245,cuda
evaluation,1785,1040,Warm C,0.5557617545127869,0.17235147953033447,0.5555555555555556,1.0,0.2720077335834503,0.5001867413520813,,cfg02_G2_D32,0.9929953520186245,cuda
evaluation,1788,1041,Cold,0.5541113615036011,0.1764468550682068,0.5802469135802469,1.0,0.0,0.0,,cfg02_G2_D32,0.9929953520186245,cuda
evaluation,1788,1041,Warm A,0.5471543669700623,0.1774182766675949,0.5061728395061729,1.0,0.2246050238609314,0.7162941098213196,,cfg02_G2_D32,0.9929953520186245,cuda
evaluation,1788,1041,Warm B,0.5457581877708435,0.17762690782546997,0.48148148148148145,1.0,0.32479989528656006,0.5906299948692322,,cfg02_G2_D32,0.9929953520186245,cuda
evaluation,1788,1041,Warm C,0.5501546263694763,0.17446832358837128,0.5061728395061729,1.0,0.3148411512374878,0.36504292488098145,,cfg02_G2_D32,0.9929953520186245,cuda
evaluation,1794,1043,Cold,0.552414059638977,0.17966844141483307,0.5555555555555556,1.0,0.0,0.0,,cfg02_G2_D32,0.9929953520186245,cuda
evaluation,1794,1043,Warm A,0.5485062599182129,0.18012987077236176,0.5308641975308642,1.0,0.17536604404449463,0.5741225481033325,,cfg02_G2_D32,0.9929953520186245,cuda
evaluation,1794,1043,Warm B,0.547042727470398,0.18328596651554108,0.5061728395061729,1.0,0.29191309213638306,0.7389395236968994,,cfg02_G2_D32,0.9929953520186245,cuda
evaluation,1794,1043,Warm C,0.5512385368347168,0.18101181089878082,0.5308641975308642,1.0,0.2149668037891388,0.5128624439239502,,cfg02_G2_D32,0.9929953520186245,cuda
evaluation,1797,1044,Cold,0.5506404638290405,0.1820574402809143,0.5308641975308642,1.0,0.0,0.0,,cfg02_G2_D32,0.9929953520186245,cuda
evaluation,1797,1044,Warm A,0.5470215678215027,0.1816459447145462,0.5061728395061729,1.0,0.22259917855262756,0.3463710844516754,,cfg02_G2_D32,0.9929953520186245,cuda
evaluation,1797,1044,Warm B,0.5466368198394775,0.18304938077926636,0.48148148148148145,1.0,0.18555018305778503,0.6584024429321289,,cfg02_G2_D32,0.9929953520186245,cuda
evaluation,1797,1044,Warm C,0.5476508736610413,0.1818808615207672,0.5061728395061729,1.0,0.25979113578796387,0.5672088861465454,,cfg02_G2_D32,0.9929953520186245,cuda
evaluation,1804,1047,Cold,0.5531805753707886,0.17785413563251495,0.5802469135802469,1.0,0.0,0.0,,cfg02_G2_D32,0.9929953520186245,cuda
evaluation,1804,1047,Warm A,0.553150475025177,0.18109829723834991,0.5308641975308642,1.0,0.2015186995267868,0.5903484225273132,,cfg02_G2_D32,0.9929953520186245,cuda
evaluation,1804,1047,Warm B,0.5626266002655029,0.17898136377334595,0.5555555555555556,1.0,0.2216804474592209,0.2924021780490875,,cfg02_G2_D32,0.9929953520186245,cuda
evaluation,1804,1047,Warm C,0.5666611194610596,0.1776309609413147,0.5802469135802469,1.0,0.3459848165512085,0.3819780945777893,,cfg02_G2_D32,0.9929953520186245,cuda
evaluation,1806,1049,Cold,0.550564169883728,0.17814983427524567,0.5308641975308642,1.0,0.0,0.0,,cfg02_G2_D32,0.9929953520186245,cuda
evaluation,1806,1049,Warm A,0.5536344051361084,0.17921219766139984,0.5555555555555556,1.0,0.20260284841060638,0.510041356086731,,cfg02_G2_D32,0.9929953520186245,cuda
evaluation,1806,1049,Warm B,0.5440458655357361,0.18042516708374023,0.48148148148148145,1.0,0.29888758063316345,0.7056768536567688,,cfg02_G2_D32,0.9929953520186245,cuda
evaluation,1806,1049,Warm C,0.5457114577293396,0.18255393207073212,0.5308641975308642,1.0,0.42549261450767517,0.5130160450935364,,cfg02_G2_D32,0.9929953520186245,cuda
evaluation,1816,1051,Cold,0.5522295832633972,0.17816706001758575,0.5308641975308642,1.0,0.0,0.0,,cfg02_G2_D32,0.9929953520186245,cuda
evaluation,1816,1051,Warm A,0.5501884818077087,0.18036937713623047,0.5308641975308642,1.0,0.21644163131713867,0.638132631778717,,cfg02_G2_D32,0.9929953520186245,cuda
evaluation,1816,1051,Warm B,0.5458820462226868,0.1797926276922226,0.5061728395061729,1.0,0.3238769769668579,0.5743108987808228,,cfg02_G2_D32,0.9929953520186245,cuda
evaluation,1816,1051,Warm C,0.5461417436599731,0.18288210034370422,0.5308641975308642,1.0,0.4519656002521515,0.653051495552063,,cfg02_G2_D32,0.9929953520186245,cuda
evaluation,1824,1053,Cold,0.5510340332984924,0.1806304007768631,0.5308641975308642,1.0,0.0,0.0,,cfg02_G2_D32,0.9929953520186245,cuda
evaluation,1824,1053,Warm A,0.5525000095367432,0.17821571230888367,0.5555555555555556,1.0,0.2334982454776764,0.48609867691993713,,cfg02_G2_D32,0.9929953520186245,cuda
evaluation,1824,1053,Warm B,0.554613471031189,0.17854908108711243,0.5555555555555556,1.0,0.3013482391834259,0.5024078488349915,,cfg02_G2_D32,0.9929953520186245,cuda
evaluation,1824,1053,Warm C,0.5478354692459106,0.1813589185476303,0.5308641975308642,1.0,0.24176931381225586,0.7261220216751099,,cfg02_G2_D32,0.9929953520186245,cuda
evaluation,1827,1054,Cold,0.5495688319206238,0.1807083934545517,0.5308641975308642,1.0,0.0,0.0,,cfg02_G2_D32,0.9929953520186245,cuda
evaluation,1827,1054,Warm A,0.5521622896194458,0.1780492514371872,0.5061728395061729,1.0,0.22070935368537903,0.45611023902893066,,cfg02_G2_D32,0.9929953520186245,cuda
evaluation,1827,1054,Warm B,0.5514385104179382,0.1788686364889145,0.5308641975308642,1.0,0.2655411660671234,0.49395638704299927,,cfg02_G2_D32,0.9929953520186245,cuda
evaluation,1827,1054,Warm C,0.5476579070091248,0.1818932294845581,0.48148148148148145,1.0,0.2245008498430252,0.6248635053634644,,cfg02_G2_D32,0.9929953520186245,cuda
evaluation,1836,1059,Cold,0.5546088218688965,0.18007801473140717,0.5555555555555556,1.0,0.0,0.0,,cfg02_G2_D32,0.9929953520186245,cuda
evaluation,1836,1059,Warm A,0.5619510412216187,0.17773687839508057,0.5802469135802469,1.0,0.2174040675163269,0.49295464158058167,,cfg02_G2_D32,0.9929953520186245,cuda
evaluation,1836,1059,Warm B,0.5542137026786804,0.1795874685049057,0.5555555555555556,1.0,0.09120802581310272,0.7210487723350525,,cfg02_G2_D32,0.9929953520186245,cuda
evaluation,1836,1059,Warm C,0.5489978790283203,0.18303006887435913,0.5308641975308642,1.0,0.2285449057817459,0.6029027104377747,,cfg02_G2_D32,0.9929953520186245,cuda
evaluation,1837,1060,Cold,0.5507907271385193,0.17956213653087616,0.5308641975308642,1.0,0.0,0.0,,cfg02_G2_D32,0.9929953520186245,cuda
evaluation,1837,1060,Warm A,0.5528601408004761,0.18167762458324432,0.5555555555555556,1.0,0.2267989218235016,0.5355141162872314,,cfg02_G2_D32,0.9929953520186245,cuda
evaluation,1837,1060,Warm B,0.557844340801239,0.18351143598556519,0.5555555555555556,1.0,0.3642061948776245,0.35349708795547485,,cfg02_G2_D32,0.9929953520186245,cuda
evaluation,1837,1060,Warm C,0.5562909245491028,0.1811118870973587,0.5555555555555556,1.0,0.2718451917171478,0.42675134539604187,,cfg02_G2_D32,0.9929953520186245,cuda
evaluation,1839,1061,Cold,0.548737108707428,0.1804279088973999,0.5308641975308642,1.0,0.0,0.0,,cfg02_G2_D32,0.9929953520186245,cuda
evaluation,1839,1061,Warm A,0.5479138493537903,0.18438038229942322,0.5308641975308642,1.0,0.22168035805225372,0.6294388175010681,,cfg02_G2_D32,0.9929953520186245,cuda
evaluation,1839,1061,Warm B,0.5496170520782471,0.1886841356754303,0.5308641975308642,1.0,0.4065834879875183,0.36562037467956543,,cfg02_G2_D32,0.9929953520186245,cuda
evaluation,1839,1061,Warm C,0.5549196600914001,0.19111177325248718,0.5555555555555556,1.0,0.569218635559082,0.1887352019548416,,cfg02_G2_D32,0.9929953520186245,cuda
evaluation,1840,1062,Cold,0.5534036755561829,0.17977896332740784,0.5555555555555556,1.0,0.0,0.0,,cfg02_G2_D32,0.9929953520186245,cuda
evaluation,1840,1062,Warm A,0.5505303740501404,0.18075981736183167,0.5308641975308642,1.0,0.20117907226085663,0.5468458533287048,,cfg02_G2_D32,0.9929953520186245,cuda
evaluation,1840,1062,Warm B,0.5480148196220398,0.18443280458450317,0.5061728395061729,1.0,0.2861900329589844,0.639633297920227,,cfg02_G2_D32,0.9929953520186245,cuda
evaluation,1840,1062,Warm C,0.5520161390304565,0.18430373072624207,0.5308641975308642,1.0,0.30665192008018494,0.5639653205871582,,cfg02_G2_D32,0.9929953520186245,cuda
evaluation,1841,1063,Cold,0.5532360672950745,0.17938025295734406,0.5802469135802469,1.0,0.0,0.0,,cfg02_G2_D32,0.9929953520186245,cuda
evaluation,1841,1063,Warm A,0.5569266676902771,0.18162763118743896,0.5555555555555556,1.0,0.20386570692062378,0.46180853247642517,,cfg02_G2_D32,0.9929953520186245,cuda
evaluation,1841,1063,Warm B,0.5578136444091797,0.1834821105003357,0.5802469135802469,1.0,0.35325494408607483,0.4991111755371094,,cfg02_G2_D32,0.9929953520186245,cuda
evaluation,1841,1063,Warm C,0.5519012808799744,0.18276874721050262,0.5555555555555556,1.0,0.4112420678138733,0.602571964263916,,cfg02_G2_D32,0.9929953520186245,cuda
evaluation,1848,1065,Cold,0.5507898926734924,0.1777559518814087,0.5308641975308642,1.0,0.0,0.0,,cfg02_G2_D32,0.9929953520186245,cuda
evaluation,1848,1065,Warm A,0.5435000061988831,0.1795847862958908,0.48148148148148145,1.0,0.22257272899150848,0.6558560132980347,,cfg02_G2_D32,0.9929953520186245,cuda
evaluation,1848,1065,Warm B,0.5474473834037781,0.18052862584590912,0.5308641975308642,1.0,0.19520114362239838,0.504582405090332,,cfg02_G2_D32,0.9929953520186245,cuda
evaluation,1848,1065,Warm C,0.552642285823822,0.1806541085243225,0.5802469135802469,1.0,0.21962814033031464,0.47605371475219727,,cfg02_G2_D32,0.9929953520186245,cuda
evaluation,1855,1066,Cold,0.5502011179924011,0.18188709020614624,0.5308641975308642,1.0,0.0,0.0,,cfg02_G2_D32,0.9929953520186245,cuda
evaluation,1855,1066,Warm A,0.5490281581878662,0.1852438747882843,0.5308641975308642,1.0,0.19384324550628662,0.5015628933906555,,cfg02_G2_D32,0.9929953520186245,cuda
evaluation,1855,1066,Warm B,0.5557093620300293,0.1861950010061264,0.5555555555555556,1.0,0.28918763995170593,0.2641462981700897,,cfg02_G2_D32,0.9929953520186245,cuda
evaluation,1855,1066,Warm C,0.5553727149963379,0.18210038542747498,0.5555555555555556,1.0,0.20513379573822021,0.26913943886756897,,cfg02_G2_D32,0.9929953520186245,cuda
evaluation,1856,1067,Cold,0.5507360100746155,0.17872029542922974,0.5308641975308642,1.0,0.0,0.0,,cfg02_G2_D32,0.9929953520186245,cuda
evaluation,1856,1067,Warm A,0.5438230037689209,0.18129603564739227,0.5061728395061729,1.0,0.2267315685749054,0.7127227783203125,,cfg02_G2_D32,0.9929953520186245,cuda
evaluation,1856,1067,Warm B,0.5490124821662903,0.18144941329956055,0.5308641975308642,1.0,0.25899434089660645,0.5264919400215149,,cfg02_G2_D32,0.9929953520186245,cuda
evaluation,1856,1067,Warm C,0.5440935492515564,0.1849825531244278,0.5061728395061729,1.0,0.4084368348121643,0.6669660806655884,,cfg02_G2_D32,0.9929953520186245,cuda
evaluation,1858,1068,Cold,0.5529332160949707,0.17705115675926208,0.5308641975308642,1.0,0.0,0.0,,cfg02_G2_D32,0.9929953520186245,cuda
evaluation,1858,1068,Warm A,0.5557635426521301,0.17623105645179749,0.5555555555555556,1.0,0.21012240648269653,0.5205454230308533,,cfg02_G2_D32,0.9929953520186245,cuda
evaluation,1858,1068,Warm B,0.559386670589447,0.17602546513080597,0.5308641975308642,1.0,0.35721516609191895,0.4537799060344696,,cfg02_G2_D32,0.9929953520186245,cuda
evaluation,1858,1068,Warm C,0.5500707030296326,0.1781202256679535,0.5308641975308642,1.0,0.30832406878471375,0.8020763397216797,,cfg02_G2_D32,0.9929953520186245,cuda
evaluation,1862,1069,Cold,0.5546703338623047,0.1717594414949417,0.5802469135802469,1.0,0.0,0.0,,cfg02_G2_D32,0.9929953520186245,cuda
evaluation,1862,1069,Warm A,0.5607888102531433,0.17157086730003357,0.5802469135802469,1.0,0.22965696454048157,0.21567218005657196,,cfg02_G2_D32,0.9929953520186245,cuda
evaluation,1862,1069,Warm B,0.5661394596099854,0.17034055292606354,0.6049382716049383,1.0,0.4190799593925476,0.23843632638454437,,cfg02_G2_D32,0.9929953520186245,cuda
evaluation,1862,1069,Warm C,0.5601058006286621,0.16982677578926086,0.6049382716049383,1.0,0.24821580946445465,0.3772555887699127,,cfg02_G2_D32,0.9929953520186245,cuda
evaluation,1863,1070,Cold,0.5498545169830322,0.18194715678691864,0.5308641975308642,1.0,0.0,0.0,,cfg02_G2_D32,0.9929953520186245,cuda
evaluation,1863,1070,Warm A,0.5518985986709595,0.18463657796382904,0.5555555555555556,1.0,0.22569021582603455,0.44315671920776367,,cfg02_G2_D32,0.9929953520186245,cuda
evaluation,1863,1070,Warm B,0.5571866631507874,0.18600603938102722,0.5802469135802469,1.0,0.3677767217159271,0.38030844926834106,,cfg02_G2_D32,0.9929953520186245,cuda
evaluation,1863,1070,Warm C,0.5601970553398132,0.18908964097499847,0.5802469135802469,1.0,0.5001093149185181,0.26386556029319763,,cfg02_G2_D32,0.9929953520186245,cuda
evaluation,1866,1071,Cold,0.5510169863700867,0.1787036657333374,0.5308641975308642,1.0,0.0,0.0,,cfg02_G2_D32,0.9929953520186245,cuda
evaluation,1866,1071,Warm A,0.552916944026947,0.18068182468414307,0.5308641975308642,1.0,0.2208084911108017,0.555245041847229,,cfg02_G2_D32,0.9929953520186245,cuda
evaluation,1866,1071,Warm B,0.5534273982048035,0.1821068674325943,0.5555555555555556,1.0,0.3767356872558594,0.6460450291633606,,cfg02_G2_D32,0.9929953520186245,cuda
evaluation,1866,1071,Warm C,0.5434809327125549,0.18433858454227448,0.5308641975308642,1.0,0.510768711566925,0.7292591333389282,,cfg02_G2_D32,0.9929953520186245,cuda
evaluation,1870,1072,Cold,0.5513592958450317,0.18190667033195496,0.5308641975308642,1.0,0.0,0.0,,cfg02_G2_D32,0.9929953520186245,cuda
evaluation,1870,1072,Warm A,0.5500779151916504,0.18214741349220276,0.5308641975308642,1.0,0.1985938996076584,0.6125231981277466,,cfg02_G2_D32,0.9929953520186245,cuda
evaluation,1870,1072,Warm B,0.551077663898468,0.184231236577034,0.5308641975308642,1.0,0.20115497708320618,0.5820484757423401,,cfg02_G2_D32,0.9929953520186245,cuda
evaluation,1870,1072,Warm C,0.5562490820884705,0.18359550833702087,0.5555555555555556,1.0,0.26484206318855286,0.5053859949111938,,cfg02_G2_D32,0.9929953520186245,cuda
evaluation,1875,1074,Cold,0.550410807132721,0.1819063276052475,0.5308641975308642,1.0,0.0,0.0,,cfg02_G2_D32,0.9929953520186245,cuda
evaluation,1875,1074,Warm A,0.5491881966590881,0.18542315065860748,0.5308641975308642,1.0,0.21810436248779297,0.6645597815513611,,cfg02_G2_D32,0.9929953520186245,cuda
evaluation,1875,1074,Warm B,0.5398136377334595,0.18732230365276337,0.5308641975308642,1.0,0.4167659282684326,0.7048631906509399,,cfg02_G2_D32,0.9929953520186245,cuda
evaluation,1875,1074,Warm C,0.5365735292434692,0.18660426139831543,0.5061728395061729,1.0,0.4836322069168091,0.6607512831687927,,cfg02_G2_D32,0.9929953520186245,cuda
evaluation,1881,1076,Cold,0.5506364107131958,0.17826123535633087,0.5308641975308642,1.0,0.0,0.0,,cfg02_G2_D32,0.9929953520186245,cuda
evaluation,1881,1076,Warm A,0.5493571758270264,0.18236985802650452,0.5308641975308642,1.0,0.23325593769550323,0.6386869549751282,,cfg02_G2_D32,0.9929953520186245,cuda
evaluation,1881,1076,Warm B,0.5488964319229126,0.18753811717033386,0.5308641975308642,1.0,0.44690629839897156,0.47368136048316956,,cfg02_G2_D32,0.9929953520186245,cuda
evaluation,1881,1076,Warm C,0.5443018078804016,0.1865096390247345,0.48148148148148145,1.0,0.46603870391845703,0.439166784286499,,cfg02_G2_D32,0.9929953520186245,cuda
evaluation,1897,1085,Cold,0.5515984296798706,0.17937074601650238,0.5802469135802469,1.0,0.0,0.0,,cfg02_G2_D32,0.9929953520186245,cuda
evaluation,1897,1085,Warm A,0.5489227175712585,0.1808391660451889,0.5308641975308642,1.0,0.19419711828231812,0.6084603667259216,,cfg02_G2_D32,0.9929953520186245,cuda
evaluation,1897,1085,Warm B,0.54936283826828,0.17771700024604797,0.5308641975308642,1.0,0.31539347767829895,0.5460681319236755,,cfg02_G2_D32,0.9929953520186245,cuda
evaluation,1897,1085,Warm C,0.5471470355987549,0.18075835704803467,0.5308641975308642,1.0,0.3482072353363037,0.7355157136917114,,cfg02_G2_D32,0.9929953520186245,cuda
evaluation,1900,1086,Cold,0.553906261920929,0.1805623471736908,0.5555555555555556,1.0,0.0,0.0,,cfg02_G2_D32,0.9929953520186245,cuda
evaluation,1900,1086,Warm A,0.5534581542015076,0.17870615422725677,0.5555555555555556,1.0,0.22477033734321594,0.5488662123680115,,cfg02_G2_D32,0.9929953520186245,cuda
evaluation,1900,1086,Warm B,0.5554122924804688,0.1782238930463791,0.5555555555555556,1.0,0.2103438377380371,0.4670967161655426,,cfg02_G2_D32,0.9929953520186245,cuda
evaluation,1900,1086,Warm C,0.5534457564353943,0.17765875160694122,0.5555555555555556,1.0,0.35199981927871704,0.4742722511291504,,cfg02_G2_D32,0.9929953520186245,cuda
evaluation,1904,1087,Cold,0.5508884191513062,0.1806238740682602,0.5308641975308642,1.0,0.0,0.0,,cfg02_G2_D32,0.9929953520186245,cuda
evaluation,1904,1087,Warm A,0.5481969714164734,0.18047866225242615,0.5061728395061729,1.0,0.2227262258529663,0.6308777332305908,,cfg02_G2_D32,0.9929953520186245,cuda
evaluation,1904,1087,Warm B,0.5440672636032104,0.1841718852519989,0.5061728395061729,1.0,0.3322833180427551,0.6981436610221863,,cfg02_G2_D32,0.9929953520186245,cuda
evaluation,1904,1087,Warm C,0.5443177819252014,0.18576057255268097,0.5308641975308642,1.0,0.3763420879840851,0.6669442653656006,,cfg02_G2_D32,0.9929953520186245,cuda
evaluation,1913,1092,Cold,0.5594050288200378,0.17626771330833435,0.5802469135802469,1.0,0.0,0.0,,cfg02_G2_D32,0.9929953520186245,cuda
evaluation,1913,1092,Warm A,0.5611903667449951,0.17428980767726898,0.5802469135802469,1.0,0.22496019303798676,0.39088305830955505,,cfg02_G2_D32,0.9929953520186245,cuda
evaluation,1913,1092,Warm B,0.5605157017707825,0.1760939508676529,0.5802469135802469,1.0,0.2261510044336319,0.46959564089775085,,cfg02_G2_D32,0.9929953520186245,cuda
evaluation,1913,1092,Warm C,0.5617091655731201,0.17765453457832336,0.5802469135802469,1.0,0.3123878240585327,0.5773760676383972,,cfg02_G2_D32,0.9929953520186245,cuda
evaluation,1919,1097,Cold,0.5499899983406067,0.17868205904960632,0.5308641975308642,1.0,0.0,0.0,,cfg02_G2_D32,0.9929953520186245,cuda
evaluation,1919,1097,Warm A,0.5557296872138977,0.17913170158863068,0.5802469135802469,1.0,0.21462483704090118,0.47300195693969727,,cfg02_G2_D32,0.9929953520186245,cuda
evaluation,1919,1097,Warm B,0.5503494739532471,0.17828647792339325,0.5308641975308642,1.0,0.2845516502857208,0.5929456949234009,,cfg02_G2_D32,0.9929953520186245,cuda
evaluation,1919,1097,Warm C,0.5515158176422119,0.18068380653858185,0.5308641975308642,1.0,0.3323999345302582,0.533195972442627,,cfg02_G2_D32,0.9929953520186245,cuda
evaluation,1929,1103,Cold,0.5656327605247498,0.19594570994377136,0.5061728395061729,1.0,0.0,0.0,,cfg02_G2_D32,0.9929953520186245,cuda
evaluation,1929,1103,Warm A,0.565152645111084,0.19479592144489288,0.5061728395061729,1.0,0.1984359622001648,0.4908389747142792,,cfg02_G2_D32,0.9929953520186245,cuda
evaluation,1929,1103,Warm B,0.5675419569015503,0.19381083548069,0.5061728395061729,1.0,0.3002372980117798,0.38519397377967834,,cfg02_G2_D32,0.9929953520186245,cuda
evaluation,1929,1103,Warm C,0.564285159111023,0.1946450173854828,0.5061728395061729,1.0,0.3125077188014984,0.6252805590629578,,cfg02_G2_D32,0.9929953520186245,cuda
evaluation,1934,1105,Cold,0.5640915036201477,0.18578174710273743,0.5061728395061729,1.0,0.0,0.0,,cfg02_G2_D32,0.9929953520186245,cuda
evaluation,1934,1105,Warm A,0.5598855018615723,0.1853313446044922,0.48148148148148145,1.0,0.22537565231323242,0.43412914872169495,,cfg02_G2_D32,0.9929953520186245,cuda
evaluation,1934,1105,Warm B,0.5589010715484619,0.1863829642534256,0.48148148148148145,1.0,0.32689717411994934,0.4383465349674225,,cfg02_G2_D32,0.9929953520186245,cuda
evaluation,1934,1105,Warm C,0.5588186383247375,0.1851675808429718,0.48148148148148145,1.0,0.37727102637290955,0.30353498458862305,,cfg02_G2_D32,0.9929953520186245,cuda
evaluation,1935,1106,Cold,0.5652443170547485,0.19002889096736908,0.5061728395061729,1.0,0.0,0.0,,cfg02_G2_D32,0.9929953520186245,cuda
evaluation,1935,1106,Warm A,0.5648511648178101,0.1897648721933365,0.5061728395061729,1.0,0.20057906210422516,0.4350864887237549,,cfg02_G2_D32,0.9929953520186245,cuda
evaluation,1935,1106,Warm B,0.5634328722953796,0.18883690237998962,0.5061728395061729,1.0,0.21043424308300018,0.37797242403030396,,cfg02_G2_D32,0.9929953520186245,cuda
evaluation,1935,1106,Warm C,0.5606270432472229,0.18837358057498932,0.48148148148148145,1.0,0.298508882522583,0.4405207335948944,,cfg02_G2_D32,0.9929953520186245,cuda
evaluation,1936,1107,Cold,0.5650169253349304,0.18753087520599365,0.5061728395061729,1.0,0.0,0.0,,cfg02_G2_D32,0.9929953520186245,cuda
evaluation,1936,1107,Warm A,0.5615509152412415,0.18802392482757568,0.5061728395061729,1.0,0.23958677053451538,0.6545109152793884,,cfg02_G2_D32,0.9929953520186245,cuda
evaluation,1936,1107,Warm B,0.5634053349494934,0.18631404638290405,0.5061728395061729,1.0,0.12205541878938675,0.3917125463485718,,cfg02_G2_D32,0.9929953520186245,cuda
evaluation,1936,1107,Warm C,0.5610887408256531,0.1872110217809677,0.48148148148148145,1.0,0.2682526111602783,0.4836843013763428,,cfg02_G2_D32,0.9929953520186245,cuda
evaluation,1937,1108,Cold,0.5628717541694641,0.18250592052936554,0.5061728395061729,1.0,0.0,0.0,,cfg02_G2_D32,0.9929953520186245,cuda
evaluation,1937,1108,Warm A,0.5654532313346863,0.18172629177570343,0.5061728395061729,1.0,0.2449379861354828,0.2579626739025116,,cfg02_G2_D32,0.9929953520186245,cuda
evaluation,1937,1108,Warm B,0.5640992522239685,0.18307092785835266,0.5061728395061729,1.0,0.13783495128154755,0.5431113243103027,,cfg02_G2_D32,0.9929953520186245,cuda
evaluation,1937,1108,Warm C,0.5636609792709351,0.18497110903263092,0.48148148148148145,1.0,0.27196112275123596,0.6303796172142029,,cfg02_G2_D32,0.9929953520186245,cuda
evaluation,1938,1109,Cold,0.5643095374107361,0.18770982325077057,0.5061728395061729,1.0,0.0,0.0,,cfg02_G2_D32,0.9929953520186245,cuda
evaluation,1938,1109,Warm A,0.5651630163192749,0.18880809843540192,0.5061728395061729,1.0,0.20430247485637665,0.5301842093467712,,cfg02_G2_D32,0.9929953520186245,cuda
evaluation,1938,1109,Warm B,0.56812584400177,0.19001254439353943,0.5061728395061729,1.0,0.31053972244262695,0.5361984372138977,,cfg02_G2_D32,0.9929953520186245,cuda
evaluation,1938,1109,Warm C,0.56661057472229,0.18928804993629456,0.5061728395061729,1.0,0.21934418380260468,0.45632967352867126,,cfg02_G2_D32,0.9929953520186245,cuda
evaluation,1940,1111,Cold,0.5656819343566895,0.18679021298885345,0.5061728395061729,1.0,0.0,0.0,,cfg02_G2_D32,0.9929953520186245,cuda
evaluation,1940,1111,Warm A,0.5686421990394592,0.18654294312000275,0.5061728395061729,1.0,0.2204105705022812,0.4027726352214813,,cfg02_G2_D32,0.9929953520186245,cuda
evaluation,1940,1111,Warm B,0.5644051432609558,0.18797928094863892,0.48148148148148145,1.0,0.23211228847503662,0.44723081588745117,,cfg02_G2_D32,0.9929953520186245,cuda
evaluation,1940,1111,Warm C,0.5622451305389404,0.18949569761753082,0.5061728395061729,1.0,0.2583125829696655,0.8123258948326111,,cfg02_G2_D32,0.9929953520186245,cuda
evaluation,1941,1112,Cold,0.5644902586936951,0.18492771685123444,0.5061728395061729,1.0,0.0,0.0,,cfg02_G2_D32,0.9929953520186245,cuda
evaluation,1941,1112,Warm A,0.5634593963623047,0.18463678658008575,0.5061728395061729,1.0,0.2128274142742157,0.43955928087234497,,cfg02_G2_D32,0.9929953520186245,cuda
evaluation,1941,1112,Warm B,0.5665844678878784,0.18455876410007477,0.5061728395061729,1.0,0.2945611774921417,0.39011842012405396,,cfg02_G2_D32,0.9929953520186245,cuda
evaluation,1941,1112,Warm C,0.5637643337249756,0.18571889400482178,0.5061728395061729,1.0,0.25947248935699463,0.5784819722175598,,cfg02_G2_D32,0.9929953520186245,cuda
evaluation,1942,1113,Cold,0.5647218227386475,0.18488676846027374,0.5061728395061729,1.0,0.0,0.0,,cfg02_G2_D32,0.9929953520186245,cuda
evaluation,1942,1113,Warm A,0.569429874420166,0.18393784761428833,0.5061728395061729,1.0,0.23894856870174408,0.31774717569351196,,cfg02_G2_D32,0.9929953520186245,cuda
evaluation,1942,1113,Warm B,0.570629358291626,0.18492072820663452,0.5061728395061729,1.0,0.22999641299247742,0.46046000719070435,,cfg02_G2_D32,0.9929953520186245,cuda
evaluation,1942,1113,Warm C,0.5723063349723816,0.18535323441028595,0.5061728395061729,1.0,0.38563305139541626,0.2502553164958954,,cfg02_G2_D32,0.9929953520186245,cuda
evaluation,1943,1114,Cold,0.5649704933166504,0.18441100418567657,0.5061728395061729,1.0,0.0,0.0,,cfg02_G2_D32,0.9929953520186245,cuda
evaluation,1943,1114,Warm A,0.5633562207221985,0.1860264390707016,0.5308641975308642,1.0,0.22254079580307007,0.6282646059989929,,cfg02_G2_D32,0.9929953520186245,cuda
evaluation,1943,1114,Warm B,0.5625765323638916,0.18820443749427795,0.5061728395061729,1.0,0.43243408203125,0.7169584631919861,,cfg02_G2_D32,0.9929953520186245,cuda
evaluation,1943,1114,Warm C,0.560562789440155,0.18754002451896667,0.5308641975308642,1.0,0.3831821084022522,0.5952171683311462,,cfg02_G2_D32,0.9929953520186245,cuda
evaluation,1948,1119,Cold,0.557184636592865,0.1777970790863037,0.5308641975308642,1.0,0.0,0.0,,cfg02_G2_D32,0.9929953520186245,cuda
evaluation,1948,1119,Warm A,0.559235692024231,0.1784980744123459,0.5555555555555556,1.0,0.22395609319210052,0.47798576951026917,,cfg02_G2_D32,0.9929953520186245,cuda
evaluation,1948,1119,Warm B,0.5590242743492126,0.17941389977931976,0.5802469135802469,1.0,0.23002596199512482,0.529595136642456,,cfg02_G2_D32,0.9929953520186245,cuda
evaluation,1948,1119,Warm C,0.5529851913452148,0.1820412278175354,0.5555555555555556,1.0,0.3029826581478119,0.7621699571609497,,cfg02_G2_D32,0.9929953520186245,cuda
evaluation,1966,1137,Cold,0.5522498488426208,0.17917755246162415,0.5555555555555556,1.0,0.0,0.0,,cfg02_G2_D32,0.9929953520186245,cuda
evaluation,1966,1137,Warm A,0.549588680267334,0.18111363053321838,0.5308641975308642,1.0,0.207638218998909,0.6598674654960632,,cfg02_G2_D32,0.9929953520186245,cuda
evaluation,1966,1137,Warm B,0.5517339110374451,0.17998377978801727,0.5308641975308642,1.0,0.28184249997138977,0.5868518352508545,,cfg02_G2_D32,0.9929953520186245,cuda
evaluation,1966,1137,Warm C,0.5548882484436035,0.17624783515930176,0.5802469135802469,1.0,0.30889302492141724,0.602820873260498,,cfg02_G2_D32,0.9929953520186245,cuda
evaluation,1975,1145,Cold,0.5573316216468811,0.16802933812141418,0.5802469135802469,1.0,0.0,0.0,,cfg02_G2_D32,0.9929953520186245,cuda
evaluation,1975,1145,Warm A,0.5639174580574036,0.16731895506381989,0.5802469135802469,1.0,0.19970856606960297,0.48399582505226135,,cfg02_G2_D32,0.9929953520186245,cuda
evaluation,1975,1145,Warm B,0.572498619556427,0.166763037443161,0.654320987654321,1.0,0.38407281041145325,0.279357373714447,,cfg02_G2_D32,0.9929953520186245,cuda
evaluation,1975,1145,Warm C,0.5782197713851929,0.16680707037448883,0.6790123456790124,1.0,0.5372690558433533,0.19623452425003052,,cfg02_G2_D32,0.9929953520186245,cuda
evaluation,1976,1146,Cold,0.5571344494819641,0.1685720980167389,0.5555555555555556,1.0,0.0,0.0,,cfg02_G2_D32,0.9929953520186245,cuda
evaluation,1976,1146,Warm A,0.5646516680717468,0.16770172119140625,0.5802469135802469,1.0,0.2103976607322693,0.31923288106918335,,cfg02_G2_D32,0.9929953520186245,cuda
evaluation,1976,1146,Warm B,0.5700852870941162,0.1675610989332199,0.6049382716049383,1.0,0.3983973562717438,0.2832690477371216,,cfg02_G2_D32,0.9929953520186245,cuda
evaluation,1976,1146,Warm C,0.575922966003418,0.16495200991630554,0.6049382716049383,1.0,0.5321614146232605,0.1527937650680542,,cfg02_G2_D32,0.9929953520186245,cuda
evaluation,1977,1147,Cold,0.5553971529006958,0.16913926601409912,0.5555555555555556,1.0,0.0,0.0,,cfg02_G2_D32,0.9929953520186245,cuda
evaluation,1977,1147,Warm A,0.5629777312278748,0.16799524426460266,0.5802469135802469,1.0,0.2191120982170105,0.3636857271194458,,cfg02_G2_D32,0.9929953520186245,cuda
evaluation,1977,1147,Warm B,0.5685952305793762,0.1674177050590515,0.6049382716049383,1.0,0.3721756935119629,0.30051228404045105,,cfg02_G2_D32,0.9929953520186245,cuda
evaluation,1977,1147,Warm C,0.5586897730827332,0.16954611241817474,0.5555555555555556,1.0,0.35814759135246277,0.5296105742454529,,cfg02_G2_D32,0.9929953520186245,cuda
evaluation,1978,1148,Cold,0.55438631772995,0.16933704912662506,0.5555555555555556,1.0,0.0,0.0,,cfg02_G2_D32,0.9929953520186245,cuda
evaluation,1978,1148,Warm A,0.5578055381774902,0.17010769248008728,0.5802469135802469,1.0,0.21563588082790375,0.5062333941459656,,cfg02_G2_D32,0.9929953520186245,cuda
evaluation,1978,1148,Warm B,0.5666607618331909,0.1675948053598404,0.5802469135802469,1.0,0.2486867904663086,0.34122422337532043,,cfg02_G2_D32,0.9929953520186245,cuda
evaluation,1978,1148,Warm C,0.572239339351654,0.1682436764240265,0.6296296296296297,1.0,0.40604156255722046,0.17759071290493011,,cfg02_G2_D32,0.9929953520186245,cuda
evaluation,1979,1149,Cold,0.5551101565361023,0.16905701160430908,0.5555555555555556,1.0,0.0,0.0,,cfg02_G2_D32,0.9929953520186245,cuda
evaluation,1979,1149,Warm A,0.562002956867218,0.16863271594047546,0.5802469135802469,1.0,0.22241148352622986,0.35766860842704773,,cfg02_G2_D32,0.9929953520186245,cuda
evaluation,1979,1149,Warm B,0.5707036852836609,0.16640953719615936,0.6049382716049383,1.0,0.3441062569618225,0.2812025249004364,,cfg02_G2_D32,0.9929953520186245,cuda
evaluation,1979,1149,Warm C,0.5748125910758972,0.16692347824573517,0.6296296296296297,1.0,0.4840746521949768,0.176117941737175,,cfg02_G2_D32,0.9929953520186245,cuda
evaluation,1980,1150,Cold,0.5538522005081177,0.1700335592031479,0.5555555555555556,1.0,0.0,0.0,,cfg02_G2_D32,0.9929953520186245,cuda
evaluation,1980,1150,Warm A,0.5614300966262817,0.16909320652484894,0.6049382716049383,1.0,0.2190311998128891,0.3322868049144745,,cfg02_G2_D32,0.9929953520186245,cuda
evaluation,1980,1150,Warm B,0.5690609812736511,0.1662825047969818,0.6296296296296297,1.0,0.36481842398643494,0.21871529519557953,,cfg02_G2_D32,0.9929953520186245,cuda
evaluation,1980,1150,Warm C,0.5725453495979309,0.16872218251228333,0.6296296296296297,1.0,0.4720666706562042,0.337197870016098,,cfg02_G2_D32,0.9929953520186245,cuda
evaluation,1981,1151,Cold,0.5528398752212524,0.17091324925422668,0.5308641975308642,1.0,0.0,0.0,,cfg02_G2_D32,0.9929953520186245,cuda
evaluation,1981,1151,Warm A,0.5598605871200562,0.17027804255485535,0.6049382716049383,1.0,0.21183377504348755,0.3126998841762543,,cfg02_G2_D32,0.9929953520186245,cuda
evaluation,1981,1151,Warm B,0.5681626796722412,0.16887125372886658,0.6296296296296297,1.0,0.4073812961578369,0.20360854268074036,,cfg02_G2_D32,0.9929953520186245,cuda
evaluation,1981,1151,Warm C,0.5725163817405701,0.16947512328624725,0.654320987654321,1.0,0.5592052340507507,0.23995128273963928,,cfg02_G2_D32,0.9929953520186245,cuda
evaluation,1983,1153,Cold,0.556722104549408,0.16683664917945862,0.5802469135802469,1.0,0.0,0.0,,cfg02_G2_D32,0.9929953520186245,cuda
evaluation,1983,1153,Warm A,0.5619226098060608,0.16632750630378723,0.5802469135802469,1.0,0.20012728869915009,0.47795572876930237,,cfg02_G2_D32,0.9929953520186245,cuda
evaluation,1983,1153,Warm B,0.5659573674201965,0.16476745903491974,0.5802469135802469,1.0,0.26545384526252747,0.3463631570339203,,cfg02_G2_D32,0.9929953520186245,cuda
evaluation,1983,1153,Warm C,0.5691846013069153,0.1636364907026291,0.6296296296296297,1.0,0.4071241021156311,0.446763813495636,,cfg02_G2_D32,0.9929953520186245,cuda
evaluation,1984,1154,Cold,0.5560187101364136,0.16913990676403046,0.5555555555555556,1.0,0.0,0.0,,cfg02_G2_D32,0.9929953520186245,cuda
evaluation,1984,1154,Warm A,0.5624771118164062,0.16818144917488098,0.5802469135802469,1.0,0.21195408701896667,0.45722752809524536,,cfg02_G2_D32,0.9929953520186245,cuda
evaluation,1984,1154,Warm B,0.5674142837524414,0.1685514897108078,0.6049382716049383,1.0,0.32136818766593933,0.4222981631755829,,cfg02_G2_D32,0.9929953520186245,cuda
evaluation,1984,1154,Warm C,0.5732514262199402,0.1692015528678894,0.6296296296296297,1.0,0.4682449996471405,0.1603294163942337,,cfg02_G2_D32,0.9929953520186245,cuda
evaluation,1985,1155,Cold,0.5540304183959961,0.1702164262533188,0.5555555555555556,1.0,0.0,0.0,,cfg02_G2_D32,0.9929953520186245,cuda
evaluation,1985,1155,Warm A,0.5627487897872925,0.16909725964069366,0.5802469135802469,1.0,0.21367405354976654,0.33956143260002136,,cfg02_G2_D32,0.9929953520186245,cuda
evaluation,1985,1155,Warm B,0.5666861534118652,0.17054405808448792,0.6296296296296297,1.0,0.3276611864566803,0.3694440424442291,,cfg02_G2_D32,0.9929953520186245,cuda
evaluation,1985,1155,Warm C,0.5636299252510071,0.16983598470687866,0.6049382716049383,1.0,0.28662845492362976,0.4129078984260559,,cfg02_G2_D32,0.9929953520186245,cuda
evaluation,1986,1156,Cold,0.5532537698745728,0.17079786956310272,0.5555555555555556,1.0,0.0,0.0,,cfg02_G2_D32,0.9929953520186245,cuda
evaluation,1986,1156,Warm A,0.5633494257926941,0.16882339119911194,0.6049382716049383,1.0,0.2197847217321396,0.2842561602592468,,cfg02_G2_D32,0.9929953520186245,cuda
evaluation,1986,1156,Warm B,0.5715858340263367,0.16866323351860046,0.6296296296296297,1.0,0.403289794921875,0.18840347230434418,,cfg02_G2_D32,0.9929953520186245,cuda
evaluation,1986,1156,Warm C,0.5716560482978821,0.16681143641471863,0.654320987654321,1.0,0.4382929503917694,0.15428762137889862,,cfg02_G2_D32,0.9929953520186245,cuda
evaluation,1987,1157,Cold,0.5556111335754395,0.1692730188369751,0.5802469135802469,1.0,0.0,0.0,,cfg02_G2_D32,0.9929953520186245,cuda
evaluation,1987,1157,Warm A,0.5589358806610107,0.17074061930179596,0.5555555555555556,1.0,0.22378148138523102,0.590188205242157,,cfg02_G2_D32,0.9929953520186245,cuda
evaluation,1987,1157,Warm B,0.5682225227355957,0.1701633185148239,0.5802469135802469,1.0,0.3126559853553772,0.2593872547149658,,cfg02_G2_D32,0.9929953520186245,cuda
evaluation,1987,1157,Warm C,0.5703319311141968,0.17093349993228912,0.6049382716049383,1.0,0.40228837728500366,0.2998542785644531,,cfg02_G2_D32,0.9929953520186245,cuda
evaluation,1992,1159,Cold,0.5562495589256287,0.17027060687541962,0.5802469135802469,1.0,0.0,0.0,,cfg02_G2_D32,0.9929953520186245,cuda
evaluation,1992,1159,Warm A,0.5648664236068726,0.16943761706352234,0.6296296296296297,1.0,0.23746223747730255,0.197452574968338,,cfg02_G2_D32,0.9929953520186245,cuda
evaluation,1992,1159,Warm B,0.5699023604393005,0.16789992153644562,0.6296296296296297,1.0,0.3718765377998352,0.3155977427959442,,cfg02_G2_D32,0.9929953520186245,cuda
evaluation,1992,1159,Warm C,0.5665844678878784,0.1677149385213852,0.6296296296296297,1.0,0.31635552644729614,0.17883804440498352,,cfg02_G2_D32,0.9929953520186245,cuda
evaluation,1993,1160,Cold,0.5557666420936584,0.1709749698638916,0.5802469135802469,1.0,0.0,0.0,,cfg02_G2_D32,0.9929953520186245,cuda
evaluation,1993,1160,Warm A,0.5649096369743347,0.17006418108940125,0.6296296296296297,1.0,0.22536440193653107,0.22226007282733917,,cfg02_G2_D32,0.9929953520186245,cuda
evaluation,1993,1160,Warm B,0.5689473748207092,0.16908137500286102,0.6049382716049383,1.0,0.3525577783584595,0.22518503665924072,,cfg02_G2_D32,0.9929953520186245,cuda
evaluation,1993,1160,Warm C,0.5652886629104614,0.16869769990444183,0.6296296296296297,1.0,0.28026825189590454,0.3385327160358429,,cfg02_G2_D32,0.9929953520186245,cuda
evaluation,1995,1162,Cold,0.5553017258644104,0.17212198674678802,0.5555555555555556,1.0,0.0,0.0,,cfg02_G2_D32,0.9929953520186245,cuda
evaluation,1995,1162,Warm A,0.5610129833221436,0.17238594591617584,0.5802469135802469,1.0,0.22017014026641846,0.4256543219089508,,cfg02_G2_D32,0.9929953520186245,cuda
evaluation,1995,1162,Warm B,0.5696151256561279,0.1718319207429886,0.6296296296296297,1.0,0.3670461177825928,0.11896634101867676,,cfg02_G2_D32,0.9929953520186245,cuda
evaluation,1995,1162,Warm C,0.5653148889541626,0.17263226211071014,0.6049382716049383,1.0,0.40071001648902893,0.45061179995536804,,cfg02_G2_D32,0.9929953520186245,cuda
evaluation,1996,1163,Cold,0.555816113948822,0.1722201704978943,0.5555555555555556,1.0,0.0,0.0,,cfg02_G2_D32,0.9929953520186245,cuda
evaluation,1996,1163,Warm A,0.5622907876968384,0.1723094880580902,0.5802469135802469,1.0,0.22964152693748474,0.26214882731437683,,cfg02_G2_D32,0.9929953520186245,cuda
evaluation,1996,1163,Warm B,0.5678886771202087,0.17363105714321136,0.6296296296296297,1.0,0.3981599509716034,0.2946072816848755,,cfg02_G2_D32,0.9929953520186245,cuda
evaluation,1996,1163,Warm C,0.5748491287231445,0.17112493515014648,0.6296296296296297,1.0,0.5247140526771545,0.17974571883678436,,cfg02_G2_D32,0.9929953520186245,cuda
evaluation,1998,1165,Cold,0.5564411878585815,0.168604776263237,0.5555555555555556,1.0,0.0,0.0,,cfg02_G2_D32,0.9929953520186245,cuda
evaluation,1998,1165,Warm A,0.5614287853240967,0.1691938042640686,0.5802469135802469,1.0,0.2142496258020401,0.42229801416397095,,cfg02_G2_D32,0.9929953520186245,cuda
evaluation,1998,1165,Warm B,0.567658543586731,0.17015676200389862,0.5802469135802469,1.0,0.4170113801956177,0.11510717868804932,,cfg02_G2_D32,0.9929953520186245,cuda
evaluation,1998,1165,Warm C,0.5667727589607239,0.17078430950641632,0.5802469135802469,1.0,0.4309515953063965,0.3206668794155121,,cfg02_G2_D32,0.9929953520186245,cuda
evaluation,1999,1166,Cold,0.5544228553771973,0.17061695456504822,0.5802469135802469,1.0,0.0,0.0,,cfg02_G2_D32,0.9929953520186245,cuda
evaluation,1999,1166,Warm A,0.5506294369697571,0.1708497703075409,0.5308641975308642,1.0,0.1901133805513382,0.5701726078987122,,cfg02_G2_D32,0.9929953520186245,cuda
evaluation,1999,1166,Warm B,0.5505563020706177,0.17263178527355194,0.5308641975308642,1.0,0.2666933536529541,0.6535356044769287,,cfg02_G2_D32,0.9929953520186245,cuda
evaluation,1999,1166,Warm C,0.5553261041641235,0.17128784954547882,0.5308641975308642,1.0,0.27528250217437744,0.4659464955329895,,cfg02_G2_D32,0.9929953520186245,cuda
evaluation,2007,1174,Cold,0.5498063564300537,0.18081434071063995,0.5308641975308642,1.0,0.0,0.0,,cfg02_G2_D32,0.9929953520186245,cuda
evaluation,2007,1174,Warm A,0.5488258600234985,0.18484744429588318,0.5308641975308642,1.0,0.20650310814380646,0.4909553527832031,,cfg02_G2_D32,0.9929953520186245,cuda
evaluation,2007,1174,Warm B,0.5547332167625427,0.18721073865890503,0.5555555555555556,1.0,0.3071587383747101,0.2909526526927948,,cfg02_G2_D32,0.9929953520186245,cuda
evaluation,2007,1174,Warm C,0.5512958765029907,0.18579022586345673,0.5308641975308642,1.0,0.2549303472042084,0.40115562081336975,,cfg02_G2_D32,0.9929953520186245,cuda
evaluation,2014,1180,Cold,0.5538322329521179,0.17313598096370697,0.5555555555555556,1.0,0.0,0.0,,cfg02_G2_D32,0.9929953520186245,cuda
evaluation,2014,1180,Warm A,0.5569140911102295,0.17438645660877228,0.5555555555555556,1.0,0.2312784492969513,0.6373074650764465,,cfg02_G2_D32,0.9929953520186245,cuda
evaluation,2014,1180,Warm B,0.5497490763664246,0.17616744339466095,0.5061728395061729,1.0,0.3468632698059082,0.7050390243530273,,cfg02_G2_D32,0.9929953520186245,cuda
evaluation,2014,1180,Warm C,0.5537633895874023,0.1770135760307312,0.5061728395061729,1.0,0.4748844802379608,0.5503178834915161,,cfg02_G2_D32,0.9929953520186245,cuda
evaluation,2016,1182,Cold,0.5550228953361511,0.173240527510643,0.5555555555555556,1.0,0.0,0.0,,cfg02_G2_D32,0.9929953520186245,cuda
evaluation,2016,1182,Warm A,0.5589919686317444,0.17419297993183136,0.5802469135802469,1.0,0.2292211949825287,0.566034734249115,,cfg02_G2_D32,0.9929953520186245,cuda
evaluation,2016,1182,Warm B,0.5651412010192871,0.1753418892621994,0.5802469135802469,1.0,0.4160034954547882,0.3301491439342499,,cfg02_G2_D32,0.9929953520186245,cuda
evaluation,2016,1182,Warm C,0.5679013133049011,0.17420049011707306,0.6049382716049383,1.0,0.34343552589416504,0.3476744592189789,,cfg02_G2_D32,0.9929953520186245,cuda
evaluation,2017,1183,Cold,0.5605673789978027,0.1733054220676422,0.48148148148148145,1.0,0.0,0.0,,cfg02_G2_D32,0.9929953520186245,cuda
evaluation,2017,1183,Warm A,0.5608794689178467,0.17473483085632324,0.5308641975308642,1.0,0.21564881503582,0.6290930509567261,,cfg02_G2_D32,0.9929953520186245,cuda
evaluation,2017,1183,Warm B,0.5658329129219055,0.17491377890110016,0.5555555555555556,1.0,0.32266074419021606,0.4363675117492676,,cfg02_G2_D32,0.9929953520186245,cuda
evaluation,2017,1183,Warm C,0.5659652352333069,0.17719630897045135,0.5802469135802469,1.0,0.46716389060020447,0.5487827658653259,,cfg02_G2_D32,0.9929953520186245,cuda
evaluation,2024,1190,Cold,0.554507851600647,0.1787160187959671,0.5555555555555556,1.0,0.0,0.0,,cfg02_G2_D32,0.9929953520186245,cuda
evaluation,2024,1190,Warm A,0.5563162565231323,0.17852813005447388,0.5555555555555556,1.0,0.19759932160377502,0.5594339370727539,,cfg02_G2_D32,0.9929953520186245,cuda
evaluation,2024,1190,Warm B,0.5531607866287231,0.1822989284992218,0.5555555555555556,1.0,0.188396155834198,0.6496286392211914,,cfg02_G2_D32,0.9929953520186245,cuda
evaluation,2024,1190,Warm C,0.5513996481895447,0.18540844321250916,0.5308641975308642,1.0,0.3502500057220459,0.622008740901947,,cfg02_G2_D32,0.9929953520186245,cuda
evaluation,2026,1192,Cold,0.5510979890823364,0.17717014253139496,0.5308641975308642,1.0,0.0,0.0,,cfg02_G2_D32,0.9929953520186245,cuda
evaluation,2026,1192,Warm A,0.5575809478759766,0.17585431039333344,0.5802469135802469,1.0,0.2237069010734558,0.43719205260276794,,cfg02_G2_D32,0.9929953520186245,cuda
evaluation,2026,1192,Warm B,0.5628772974014282,0.17784534394741058,0.6049382716049383,1.0,0.29873567819595337,0.36042866110801697,,cfg02_G2_D32,0.9929953520186245,cuda
evaluation,2026,1192,Warm C,0.5564916133880615,0.1770791858434677,0.5555555555555556,1.0,0.22876842319965363,0.45671701431274414,,cfg02_G2_D32,0.9929953520186245,cuda
evaluation,2027,1193,Cold,0.551800012588501,0.17910487949848175,0.5308641975308642,1.0,0.0,0.0,,cfg02_G2_D32,0.9929953520186245,cuda
evaluation,2027,1193,Warm A,0.5513445734977722,0.18290916085243225,0.5308641975308642,1.0,0.23146472871303558,0.6679277420043945,,cfg02_G2_D32,0.9929953520186245,cuda
evaluation,2027,1193,Warm B,0.556639552116394,0.18137140572071075,0.5802469135802469,1.0,0.23053143918514252,0.4293089509010315,,cfg02_G2_D32,0.9929953520186245,cuda
evaluation,2027,1193,Warm C,0.5602569580078125,0.18462564051151276,0.5555555555555556,1.0,0.42568281292915344,0.31290730834007263,,cfg02_G2_D32,0.9929953520186245,cuda
evaluation,2029,1195,Cold,0.5518301129341125,0.17992670834064484,0.5308641975308642,1.0,0.0,0.0,,cfg02_G2_D32,0.9929953520186245,cuda
evaluation,2029,1195,Warm A,0.5496944189071655,0.1794373244047165,0.5308641975308642,1.0,0.19248726963996887,0.5850033760070801,,cfg02_G2_D32,0.9929953520186245,cuda
evaluation,2029,1195,Warm B,0.5500413775444031,0.17763802409172058,0.5061728395061729,1.0,0.2609245181083679,0.6127172708511353,,cfg02_G2_D32,0.9929953520186245,cuda
evaluation,2029,1195,Warm C,0.5535414814949036,0.1767411082983017,0.5308641975308642,1.0,0.3013826906681061,0.5186365842819214,,cfg02_G2_D32,0.9929953520186245,cuda
evaluation,2036,1197,Cold,0.5507113337516785,0.17611154913902283,0.5308641975308642,1.0,0.0,0.0,,cfg02_G2_D32,0.9929953520186245,cuda
evaluation,2036,1197,Warm A,0.5540739297866821,0.17827625572681427,0.5555555555555556,1.0,0.21378663182258606,0.31286415457725525,,cfg02_G2_D32,0.9929953520186245,cuda
evaluation,2036,1197,Warm B,0.5575982332229614,0.1804281622171402,0.5555555555555556,1.0,0.36577141284942627,0.35244160890579224,,cfg02_G2_D32,0.9929953520186245,cuda
evaluation,2036,1197,Warm C,0.5648959875106812,0.17869268357753754,0.5802469135802469,1.0,0.4296422004699707,0.18092559278011322,,cfg02_G2_D32,0.9929953520186245,cuda
evaluation,2038,1198,Cold,0.557299792766571,0.17128650844097137,0.5802469135802469,1.0,0.0,0.0,,cfg02_G2_D32,0.9929953520186245,cuda
evaluation,2038,1198,Warm A,0.5622500777244568,0.17223051190376282,0.5802469135802469,1.0,0.22891680896282196,0.5073628425598145,,cfg02_G2_D32,0.9929953520186245,cuda
evaluation,2038,1198,Warm B,0.557061493396759,0.17139847576618195,0.5555555555555556,1.0,0.2043371945619583,0.6221415400505066,,cfg02_G2_D32,0.9929953520186245,cuda
evaluation,2038,1198,Warm C,0.5614409446716309,0.17206932604312897,0.5555555555555556,1.0,0.3052980899810791,0.528822124004364,,cfg02_G2_D32,0.9929953520186245,cuda
evaluation,2040,1199,Cold,0.5572967529296875,0.17429150640964508,0.5555555555555556,1.0,0.0,0.0,,cfg02_G2_D32,0.9929953520186245,cuda
evaluation,2040,1199,Warm A,0.5633909702301025,0.17457449436187744,0.5802469135802469,1.0,0.2274274379014969,0.485811322927475,,cfg02_G2_D32,0.9929953520186245,cuda
evaluation,2040,1199,Warm B,0.5666946172714233,0.17738837003707886,0.6049382716049383,1.0,0.32086098194122314,0.39735570549964905,,cfg02_G2_D32,0.9929953520186245,cuda
evaluation,2040,1199,Warm C,0.5719199180603027,0.17636644840240479,0.6296296296296297,1.0,0.39411741495132446,0.4007200300693512,,cfg02_G2_D32,0.9929953520186245,cuda
evaluation,2041,1200,Cold,0.554202139377594,0.17249399423599243,0.5555555555555556,1.0,0.0,0.0,,cfg02_G2_D32,0.9929953520186245,cuda
evaluation,2041,1200,Warm A,0.5548341274261475,0.17467625439167023,0.5555555555555556,1.0,0.22803428769111633,0.6779133081436157,,cfg02_G2_D32,0.9929953520186245,cuda
evaluation,2041,1200,Warm B,0.5571427345275879,0.176022469997406,0.5308641975308642,1.0,0.42364272475242615,0.5715563893318176,,cfg02_G2_D32,0.9929953520186245,cuda
evaluation,2041,1200,Warm C,0.5590426325798035,0.17889821529388428,0.5802469135802469,1.0,0.6187389492988586,0.46525517106056213,,cfg02_G2_D32,0.9929953520186245,cuda
evaluation,2042,1201,Cold,0.5519722104072571,0.1759711503982544,0.5308641975308642,1.0,0.0,0.0,,cfg02_G2_D32,0.9929953520186245,cuda
evaluation,2042,1201,Warm A,0.5611700415611267,0.17518958449363708,0.5802469135802469,1.0,0.22423836588859558,0.33945778012275696,,cfg02_G2_D32,0.9929953520186245,cuda
evaluation,2042,1201,Warm B,0.5538025498390198,0.1775357723236084,0.5802469135802469,1.0,0.1350908726453781,0.5017768740653992,,cfg02_G2_D32,0.9929953520186245,cuda
evaluation,2042,1201,Warm C,0.5609241724014282,0.17725355923175812,0.5802469135802469,1.0,0.281318724155426,0.3807963728904724,,cfg02_G2_D32,0.9929953520186245,cuda
evaluation,2043,1202,Cold,0.5607272982597351,0.17331023514270782,0.48148148148148145,1.0,0.0,0.0,,cfg02_G2_D32,0.9929953520186245,cuda
evaluation,2043,1202,Warm A,0.5638658404350281,0.1740747094154358,0.5308641975308642,1.0,0.22756873071193695,0.6041067838668823,,cfg02_G2_D32,0.9929953520186245,cuda
evaluation,2043,1202,Warm B,0.5674291253089905,0.17244677245616913,0.5802469135802469,1.0,0.227389395236969,0.4302310049533844,,cfg02_G2_D32,0.9929953520186245,cuda
evaluation,2043,1202,Warm C,0.5686697959899902,0.1734740436077118,0.5802469135802469,1.0,0.3581359088420868,0.6458266377449036,,cfg02_G2_D32,0.9929953520186245,cuda
evaluation,2048,1204,Cold,0.5531917214393616,0.17510908842086792,0.5308641975308642,1.0,0.0,0.0,,cfg02_G2_D32,0.9929953520186245,cuda
evaluation,2048,1204,Warm A,0.5584436058998108,0.17588013410568237,0.5555555555555556,1.0,0.20086991786956787,0.5306650400161743,,cfg02_G2_D32,0.9929953520186245,cuda
evaluation,2048,1204,Warm B,0.560472846031189,0.1732860654592514,0.5555555555555556,1.0,0.33740946650505066,0.3918227255344391,,cfg02_G2_D32,0.9929953520186245,cuda
evaluation,2048,1204,Warm C,0.5619245171546936,0.17522037029266357,0.6049382716049383,1.0,0.40642520785331726,0.5306774973869324,,cfg02_G2_D32,0.9929953520186245,cuda
evaluation,2050,1205,Cold,0.5560044646263123,0.17222699522972107,0.5555555555555556,1.0,0.0,0.0,,cfg02_G2_D32,0.9929953520186245,cuda
evaluation,2050,1205,Warm A,0.5614469051361084,0.17273323237895966,0.5802469135802469,1.0,0.22195199131965637,0.4496048390865326,,cfg02_G2_D32,0.9929953520186245,cuda
evaluation,2050,1205,Warm B,0.5690983533859253,0.17100679874420166,0.5802469135802469,1.0,0.3088948726654053,0.31309574842453003,,cfg02_G2_D32,0.9929953520186245,cuda
evaluation,2050,1205,Warm C,0.5761432647705078,0.17105405032634735,0.6049382716049383,1.0,0.470538854598999,0.3233012855052948,,cfg02_G2_D32,0.9929953520186245,cuda
evaluation,2051,1206,Cold,0.5561202168464661,0.17290085554122925,0.5555555555555556,1.0,0.0,0.0,,cfg02_G2_D32,0.9929953520186245,cuda
evaluation,2051,1206,Warm A,0.5634366869926453,0.17242757976055145,0.5802469135802469,1.0,0.21312235295772552,0.4060070216655731,,cfg02_G2_D32,0.9929953520186245,cuda
evaluation,2051,1206,Warm B,0.5690968632698059,0.17235273122787476,0.6049382716049383,1.0,0.3650457262992859,0.36586129665374756,,cfg02_G2_D32,0.9929953520186245,cuda
evaluation,2051,1206,Warm C,0.5695075392723083,0.17589497566223145,0.6049382716049383,1.0,0.41586068272590637,0.4351237416267395,,cfg02_G2_D32,0.9929953520186245,cuda
evaluation,2052,1207,Cold,0.5505387783050537,0.17729343473911285,0.5308641975308642,1.0,0.0,0.0,,cfg02_G2_D32,0.9929953520186245,cuda
evaluation,2052,1207,Warm A,0.5539005398750305,0.17905493080615997,0.5555555555555556,1.0,0.20716401934623718,0.4797487258911133,,cfg02_G2_D32,0.9929953520186245,cuda
evaluation,2052,1207,Warm B,0.5587360262870789,0.17778286337852478,0.6049382716049383,1.0,0.2746986448764801,0.27050143480300903,,cfg02_G2_D32,0.9929953520186245,cuda
evaluation,2052,1207,Warm C,0.5512669086456299,0.18001852929592133,0.5555555555555556,1.0,0.23186978697776794,0.5659882426261902,,cfg02_G2_D32,0.9929953520186245,cuda
evaluation,2057,1210,Cold,0.5588970184326172,0.17210642993450165,0.48148148148148145,1.0,0.0,0.0,,cfg02_G2_D32,0.9929953520186245,cuda
evaluation,2057,1210,Warm A,0.5605692267417908,0.17293693125247955,0.5308641975308642,1.0,0.2038838416337967,0.5998722314834595,,cfg02_G2_D32,0.9929953520186245,cuda
evaluation,2057,1210,Warm B,0.5539558529853821,0.1743623912334442,0.48148148148148145,1.0,0.3562917709350586,0.6794004440307617,,cfg02_G2_D32,0.9929953520186245,cuda
evaluation,2057,1210,Warm C,0.5554079413414001,0.17433975636959076,0.5061728395061729,1.0,0.3840197026729584,0.5136818885803223,,cfg02_G2_D32,0.9929953520186245,cuda
evaluation,2060,1213,Cold,0.5502766966819763,0.18196946382522583,0.5308641975308642,1.0,0.0,0.0,,cfg02_G2_D32,0.9929953520186245,cuda
evaluation,2060,1213,Warm A,0.5522109270095825,0.1838214248418808,0.5308641975308642,1.0,0.20163941383361816,0.5242192149162292,,cfg02_G2_D32,0.9929953520186245,cuda
evaluation,2060,1213,Warm B,0.5479549169540405,0.18337704241275787,0.5061728395061729,1.0,0.2723044157028198,0.6272159218788147,,cfg02_G2_D32,0.9929953520186245,cuda
evaluation,2060,1213,Warm C,0.5563080310821533,0.1823813021183014,0.5555555555555556,1.0,0.2202792465686798,0.4502745568752289,,cfg02_G2_D32,0.9929953520186245,cuda
evaluation,2062,1214,Cold,0.552584171295166,0.18033447861671448,0.5802469135802469,1.0,0.0,0.0,,cfg02_G2_D32,0.9929953520186245,cuda
evaluation,2062,1214,Warm A,0.5496004223823547,0.18424056470394135,0.5308641975308642,1.0,0.23732489347457886,0.6967599987983704,,cfg02_G2_D32,0.9929953520186245,cuda
evaluation,2062,1214,Warm B,0.5468866229057312,0.18401406705379486,0.5308641975308642,1.0,0.3028993010520935,0.6058366894721985,,cfg02_G2_D32,0.9929953520186245,cuda
evaluation,2062,1214,Warm C,0.5473517179489136,0.18684959411621094,0.5308641975308642,1.0,0.4556080102920532,0.5409480929374695,,cfg02_G2_D32,0.9929953520186245,cuda
evaluation,2066,1217,Cold,0.5647512078285217,0.18323178589344025,0.5061728395061729,1.0,0.0,0.0,,cfg02_G2_D32,0.9929953520186245,cuda
evaluation,2066,1217,Warm A,0.5618971586227417,0.18224583566188812,0.48148148148148145,1.0,0.22646860778331757,0.4743427336215973,,cfg02_G2_D32,0.9929953520186245,cuda
evaluation,2066,1217,Warm B,0.5619288086891174,0.18197140097618103,0.48148148148148145,1.0,0.33029019832611084,0.5047317743301392,,cfg02_G2_D32,0.9929953520186245,cuda
evaluation,2066,1217,Warm C,0.5608038306236267,0.18224158883094788,0.48148148148148145,1.0,0.45010173320770264,0.5718998908996582,,cfg02_G2_D32,0.9929953520186245,cuda
evaluation,2068,1219,Cold,0.557586133480072,0.1776251494884491,0.5555555555555556,1.0,0.0,0.0,,cfg02_G2_D32,0.9929953520186245,cuda
evaluation,2068,1219,Warm A,0.5589790940284729,0.17581236362457275,0.5802469135802469,1.0,0.22386136651039124,0.44002389907836914,,cfg02_G2_D32,0.9929953520186245,cuda
evaluation,2068,1219,Warm B,0.5540969967842102,0.17882011830806732,0.5555555555555556,1.0,0.12873628735542297,0.6543388366699219,,cfg02_G2_D32,0.9929953520186245,cuda
evaluation,2068,1219,Warm C,0.5586916208267212,0.17653197050094604,0.5555555555555556,1.0,0.22153149545192719,0.43984729051589966,,cfg02_G2_D32,0.9929953520186245,cuda
evaluation,2069,1220,Cold,0.5580689907073975,0.1783962845802307,0.5555555555555556,1.0,0.0,0.0,,cfg02_G2_D32,0.9929953520186245,cuda
evaluation,2069,1220,Warm A,0.5559636950492859,0.17955848574638367,0.5802469135802469,1.0,0.21425649523735046,0.6105421185493469,,cfg02_G2_D32,0.9929953520186245,cuda
evaluation,2069,1220,Warm B,0.5606033205986023,0.17744331061840057,0.5802469135802469,1.0,0.19289110600948334,0.4789741635322571,,cfg02_G2_D32,0.9929953520186245,cuda
evaluation,2069,1220,Warm C,0.5652385354042053,0.17757612466812134,0.6049382716049383,1.0,0.2589123547077179,0.48325061798095703,,cfg02_G2_D32,0.9929953520186245,cuda
evaluation,2071,1222,Cold,0.5551749467849731,0.17901483178138733,0.5555555555555556,1.0,0.0,0.0,,cfg02_G2_D32,0.9929953520186245,cuda
evaluation,2071,1222,Warm A,0.5576460361480713,0.17796331644058228,0.5555555555555556,1.0,0.21773703396320343,0.6008297801017761,,cfg02_G2_D32,0.9929953520186245,cuda
evaluation,2071,1222,Warm B,0.5629487037658691,0.176736980676651,0.5555555555555556,1.0,0.27809250354766846,0.5107084512710571,,cfg02_G2_D32,0.9929953520186245,cuda
evaluation,2071,1222,Warm C,0.5560705065727234,0.17924250662326813,0.5308641975308642,1.0,0.26758214831352234,0.6984187364578247,,cfg02_G2_D32,0.9929953520186245,cuda
evaluation,2073,1224,Cold,0.5534501075744629,0.17874449491500854,0.5555555555555556,1.0,0.0,0.0,,cfg02_G2_D32,0.9929953520186245,cuda
evaluation,2073,1224,Warm A,0.5568161606788635,0.1769774854183197,0.5555555555555556,1.0,0.2348875254392624,0.5158158540725708,,cfg02_G2_D32,0.9929953520186245,cuda
evaluation,2073,1224,Warm B,0.5574601292610168,0.17664355039596558,0.5555555555555556,1.0,0.3332173526287079,0.6203560829162598,,cfg02_G2_D32,0.9929953520186245,cuda
evaluation,2073,1224,Warm C,0.5578560829162598,0.1766214817762375,0.5308641975308642,1.0,0.4724223017692566,0.4525385797023773,,cfg02_G2_D32,0.9929953520186245,cuda
evaluation,2075,1225,Cold,0.5565487146377563,0.17630182206630707,0.5555555555555556,1.0,0.0,0.0,,cfg02_G2_D32,0.9929953520186245,cuda
evaluation,2075,1225,Warm A,0.5570266842842102,0.17523294687271118,0.5555555555555556,1.0,0.23517541587352753,0.30772700905799866,,cfg02_G2_D32,0.9929953520186245,cuda
evaluation,2075,1225,Warm B,0.5554711818695068,0.17761744558811188,0.5308641975308642,1.0,0.1648387312889099,0.7608283758163452,,cfg02_G2_D32,0.9929953520186245,cuda
evaluation,2075,1225,Warm C,0.5609208941459656,0.17717839777469635,0.5555555555555556,1.0,0.22658030688762665,0.38464316725730896,,cfg02_G2_D32,0.9929953520186245,cuda
evaluation,2077,1227,Cold,0.5539352297782898,0.1727989912033081,0.5555555555555556,1.0,0.0,0.0,,cfg02_G2_D32,0.9929953520186245,cuda
evaluation,2077,1227,Warm A,0.5555049777030945,0.17258162796497345,0.5308641975308642,1.0,0.2020537108182907,0.5649535655975342,,cfg02_G2_D32,0.9929953520186245,cuda
evaluation,2077,1227,Warm B,0.5496087670326233,0.1734251081943512,0.5061728395061729,1.0,0.31140172481536865,0.6196619272232056,,cfg02_G2_D32,0.9929953520186245,cuda
evaluation,2077,1227,Warm C,0.5530084371566772,0.17380987107753754,0.5308641975308642,1.0,0.24459223449230194,0.5624685883522034,,cfg02_G2_D32,0.9929953520186245,cuda
evaluation,2084,1233,Cold,0.5522887706756592,0.17392398416996002,0.5555555555555556,1.0,0.0,0.0,,cfg02_G2_D32,0.9929953520186245,cuda
evaluation,2084,1233,Warm A,0.5442250370979309,0.17599664628505707,0.48148148148148145,1.0,0.2089940905570984,0.632866382598877,,cfg02_G2_D32,0.9929953520186245,cuda
evaluation,2084,1233,Warm B,0.5492810606956482,0.17563171684741974,0.5308641975308642,1.0,0.3214569687843323,0.5567092895507812,,cfg02_G2_D32,0.9929953520186245,cuda
evaluation,2084,1233,Warm C,0.5482515692710876,0.17478500306606293,0.5308641975308642,1.0,0.269475519657135,0.5734567046165466,,cfg02_G2_D32,0.9929953520186245,cuda
evaluation,2091,1239,Cold,0.5571391582489014,0.16804039478302002,0.5802469135802469,1.0,0.0,0.0,,cfg02_G2_D32,0.9929953520186245,cuda
evaluation,2091,1239,Warm A,0.5608701109886169,0.16898071765899658,0.5802469135802469,1.0,0.2277747243642807,0.5063930153846741,,cfg02_G2_D32,0.9929953520186245,cuda
evaluation,2091,1239,Warm B,0.5580586791038513,0.16918325424194336,0.5555555555555556,1.0,0.2751425504684448,0.44680091738700867,,cfg02_G2_D32,0.9929953520186245,cuda
evaluation,2091,1239,Warm C,0.5612953305244446,0.16955843567848206,0.5555555555555556,1.0,0.39998582005500793,0.5276670455932617,,cfg02_G2_D32,0.9929953520186245,cuda
evaluation,2092,1240,Cold,0.5520995259284973,0.17608630657196045,0.5308641975308642,1.0,0.0,0.0,,cfg02_G2_D32,0.9929953520186245,cuda
evaluation,2092,1240,Warm A,0.5576806664466858,0.17656652629375458,0.5555555555555556,1.0,0.22564764320850372,0.4211150109767914,,cfg02_G2_D32,0.9929953520186245,cuda
evaluation,2092,1240,Warm B,0.561837911605835,0.17554330825805664,0.6049382716049383,1.0,0.3279363512992859,0.30220067501068115,,cfg02_G2_D32,0.9929953520186245,cuda
evaluation,2092,1240,Warm C,0.5671185255050659,0.17489080131053925,0.6049382716049383,1.0,0.41463205218315125,0.2963338792324066,,cfg02_G2_D32,0.9929953520186245,cuda
evaluation,2095,1243,Cold,0.5554407835006714,0.1740814447402954,0.5555555555555556,1.0,0.0,0.0,,cfg02_G2_D32,0.9929953520186245,cuda
evaluation,2095,1243,Warm A,0.5613953471183777,0.17455142736434937,0.5802469135802469,1.0,0.19880366325378418,0.4298735558986664,,cfg02_G2_D32,0.9929953520186245,cuda
evaluation,2095,1243,Warm B,0.560965359210968,0.17749609053134918,0.5802469135802469,1.0,0.35725486278533936,0.5507557988166809,,cfg02_G2_D32,0.9929953520186245,cuda
evaluation,2095,1243,Warm C,0.5597564578056335,0.17734818160533905,0.5802469135802469,1.0,0.29211869835853577,0.5259421467781067,,cfg02_G2_D32,0.9929953520186245,cuda
evaluation,2098,1246,Cold,0.5611491203308105,0.17355196177959442,0.5061728395061729,1.0,0.0,0.0,,cfg02_G2_D32,0.9929953520186245,cuda
evaluation,2098,1246,Warm A,0.5687395334243774,0.17271088063716888,0.5555555555555556,1.0,0.2343667447566986,0.3604982793331146,,cfg02_G2_D32,0.9929953520186245,cuda
evaluation,2098,1246,Warm B,0.5741760730743408,0.17434319853782654,0.5555555555555556,1.0,0.3893580734729767,0.40603214502334595,,cfg02_G2_D32,0.9929953520186245,cuda
evaluation,2098,1246,Warm C,0.5662356019020081,0.17445461452007294,0.5308641975308642,1.0,0.2302263379096985,0.6089475750923157,,cfg02_G2_D32,0.9929953520186245,cuda
evaluation,2102,1249,Cold,0.5640482306480408,0.18427586555480957,0.5061728395061729,1.0,0.0,0.0,,cfg02_G2_D32,0.9929953520186245,cuda
evaluation,2102,1249,Warm A,0.5636097192764282,0.1851595640182495,0.5061728395061729,1.0,0.2245797961950302,0.7373295426368713,,cfg02_G2_D32,0.9929953520186245,cuda
evaluation,2102,1249,Warm B,0.5649845004081726,0.18587377667427063,0.5308641975308642,1.0,0.40275540947914124,0.5828803181648254,,cfg02_G2_D32,0.9929953520186245,cuda
evaluation,2102,1249,Warm C,0.5642281174659729,0.18560543656349182,0.5061728395061729,1.0,0.2612430155277252,0.5018477439880371,,cfg02_G2_D32,0.9929953520186245,cuda
evaluation,2106,1251,Cold,0.5546470880508423,0.1780388504266739,0.5555555555555556,1.0,0.0,0.0,,cfg02_G2_D32,0.9929953520186245,cuda
evaluation,2106,1251,Warm A,0.5526032447814941,0.18130828440189362,0.5308641975308642,1.0,0.2168980836868286,0.7192701697349548,,cfg02_G2_D32,0.9929953520186245,cuda
evaluation,2106,1251,Warm B,0.5600907802581787,0.1783822625875473,0.5802469135802469,1.0,0.06795404106378555,0.468415230512619,,cfg02_G2_D32,0.9929953520186245,cuda
evaluation,2106,1251,Warm C,0.5619564056396484,0.17842313647270203,0.5555555555555556,1.0,0.18971379101276398,0.541893482208252,,cfg02_G2_D32,0.9929953520186245,cuda
evaluation,2107,1252,Cold,0.5510811805725098,0.1754184365272522,0.5308641975308642,1.0,0.0,0.0,,cfg02_G2_D32,0.9929953520186245,cuda
evaluation,2107,1252,Warm A,0.5570322275161743,0.17619441449642181,0.5802469135802469,1.0,0.22475586831569672,0.40322399139404297,,cfg02_G2_D32,0.9929953520186245,cuda
evaluation,2107,1252,Warm B,0.5612933039665222,0.17888930439949036,0.5802469135802469,1.0,0.3341407775878906,0.31437739729881287,,cfg02_G2_D32,0.9929953520186245,cuda
evaluation,2107,1252,Warm C,0.5540909767150879,0.17969323694705963,0.5308641975308642,1.0,0.27047455310821533,0.5630149245262146,,cfg02_G2_D32,0.9929953520186245,cuda
evaluation,2113,1258,Cold,0.553248941898346,0.17453965544700623,0.5555555555555556,1.0,0.0,0.0,,cfg02_G2_D32,0.9929953520186245,cuda
evaluation,2113,1258,Warm A,0.5580437779426575,0.1752600371837616,0.5802469135802469,1.0,0.22193288803100586,0.41487881541252136,,cfg02_G2_D32,0.9929953520186245,cuda
evaluation,2113,1258,Warm B,0.5584890842437744,0.17663325369358063,0.5555555555555556,1.0,0.40004026889801025,0.4642466604709625,,cfg02_G2_D32,0.9929953520186245,cuda
evaluation,2113,1258,Warm C,0.55891352891922,0.1795976310968399,0.5308641975308642,1.0,0.5773208737373352,0.33280378580093384,,cfg02_G2_D32,0.9929953520186245,cuda
evaluation,2119,1264,Cold,0.5538401007652283,0.17114214599132538,0.5555555555555556,1.0,0.0,0.0,,cfg02_G2_D32,0.9929953520186245,cuda
evaluation,2119,1264,Warm A,0.5583105683326721,0.17141252756118774,0.5802469135802469,1.0,0.2307092547416687,0.5806650519371033,,cfg02_G2_D32,0.9929953520186245,cuda
evaluation,2119,1264,Warm B,0.5645318031311035,0.17216721177101135,0.6049382716049383,1.0,0.4155037999153137,0.21045127511024475,,cfg02_G2_D32,0.9929953520186245,cuda
evaluation,2119,1264,Warm C,0.5651543736457825,0.1697920858860016,0.6049382716049383,1.0,0.3772927522659302,0.2138013392686844,,cfg02_G2_D32,0.9929953520186245,cuda
evaluation,2148,1289,Cold,0.5537648797035217,0.17223863303661346,0.5555555555555556,1.0,0.0,0.0,,cfg02_G2_D32,0.9929953520186245,cuda
evaluation,2148,1289,Warm A,0.5576504468917847,0.17243944108486176,0.5555555555555556,1.0,0.19771426916122437,0.5851772427558899,,cfg02_G2_D32,0.9929953520186245,cuda
evaluation,2148,1289,Warm B,0.5651351809501648,0.17191949486732483,0.5555555555555556,1.0,0.28333401679992676,0.3472077548503876,,cfg02_G2_D32,0.9929953520186245,cuda
evaluation,2148,1289,Warm C,0.5573383569717407,0.17284704744815826,0.5308641975308642,1.0,0.23255135118961334,0.6035322546958923,,cfg02_G2_D32,0.9929953520186245,cuda
evaluation,2149,1290,Cold,0.5534251928329468,0.17358699440956116,0.5555555555555556,1.0,0.0,0.0,,cfg02_G2_D32,0.9929953520186245,cuda
evaluation,2149,1290,Warm A,0.5585119128227234,0.17408394813537598,0.5802469135802469,1.0,0.22136078774929047,0.4338439106941223,,cfg02_G2_D32,0.9929953520186245,cuda
evaluation,2149,1290,Warm B,0.5661983489990234,0.17328020930290222,0.6049382716049383,1.0,0.3388136029243469,0.2395976036787033,,cfg02_G2_D32,0.9929953520186245,cuda
evaluation,2149,1290,Warm C,0.5720915794372559,0.17398102581501007,0.6296296296296297,1.0,0.5534695386886597,0.03552751615643501,,cfg02_G2_D32,0.9929953520186245,cuda
evaluation,2151,1292,Cold,0.5533277988433838,0.17731544375419617,0.5555555555555556,1.0,0.0,0.0,,cfg02_G2_D32,0.9929953520186245,cuda
evaluation,2151,1292,Warm A,0.5560008883476257,0.17978361248970032,0.5555555555555556,1.0,0.19328075647354126,0.5131030082702637,,cfg02_G2_D32,0.9929953520186245,cuda
evaluation,2151,1292,Warm B,0.5564554929733276,0.17781458795070648,0.5555555555555556,1.0,0.19663622975349426,0.5203625559806824,,cfg02_G2_D32,0.9929953520186245,cuda
evaluation,2151,1292,Warm C,0.5486814975738525,0.1798505187034607,0.5308641975308642,1.0,0.28722473978996277,0.7936267256736755,,cfg02_G2_D32,0.9929953520186245,cuda
evaluation,2152,1293,Cold,0.5505881309509277,0.1779606193304062,0.5308641975308642,1.0,0.0,0.0,,cfg02_G2_D32,0.9929953520186245,cuda
evaluation,2152,1293,Warm A,0.5568714737892151,0.17917299270629883,0.5802469135802469,1.0,0.1953851878643036,0.37365055084228516,,cfg02_G2_D32,0.9929953520186245,cuda
evaluation,2152,1293,Warm B,0.5635606050491333,0.17876778542995453,0.6049382716049383,1.0,0.36855319142341614,0.3214316666126251,,cfg02_G2_D32,0.9929953520186245,cuda
evaluation,2152,1293,Warm C,0.5663571357727051,0.18012000620365143,0.5802469135802469,1.0,0.5069541931152344,0.18905134499073029,,cfg02_G2_D32,0.9929953520186245,cuda
evaluation,2154,1295,Cold,0.5524701476097107,0.17964112758636475,0.5802469135802469,1.0,0.0,0.0,,cfg02_G2_D32,0.9929953520186245,cuda
evaluation,2154,1295,Warm A,0.5510468482971191,0.18318194150924683,0.5308641975308642,1.0,0.23213855922222137,0.7578427195549011,,cfg02_G2_D32,0.9929953520186245,cuda
evaluation,2154,1295,Warm B,0.5519097447395325,0.1832941472530365,0.5308641975308642,1.0,0.3347974717617035,0.5309655070304871,,cfg02_G2_D32,0.9929953520186245,cuda
evaluation,2154,1295,Warm C,0.5522673726081848,0.1880481243133545,0.5061728395061729,1.0,0.5341213345527649,0.49335741996765137,,cfg02_G2_D32,0.9929953520186245,cuda
evaluation,2162,1300,Cold,0.5529908537864685,0.1739191710948944,0.5308641975308642,1.0,0.0,0.0,,cfg02_G2_D32,0.9929953520186245,cuda
evaluation,2162,1300,Warm A,0.5591633915901184,0.17369206249713898,0.5802469135802469,1.0,0.20193712413311005,0.34803342819213867,,cfg02_G2_D32,0.9929953520186245,cuda
evaluation,2162,1300,Warm B,0.5665988922119141,0.17382365465164185,0.6049382716049383,1.0,0.3589158356189728,0.167078897356987,,cfg02_G2_D32,0.9929953520186245,cuda
evaluation,2162,1300,Warm C,0.5614535212516785,0.17708176374435425,0.5802469135802469,1.0,0.3175841271877289,0.5435927510261536,,cfg02_G2_D32,0.9929953520186245,cuda
evaluation,2165,1302,Cold,0.5534167885780334,0.17895595729351044,0.5555555555555556,1.0,0.0,0.0,,cfg02_G2_D32,0.9929953520186245,cuda
evaluation,2165,1302,Warm A,0.5492440462112427,0.18219372630119324,0.5061728395061729,1.0,0.2041691541671753,0.6229186058044434,,cfg02_G2_D32,0.9929953520186245,cuda
evaluation,2165,1302,Warm B,0.5443438291549683,0.18453121185302734,0.5061728395061729,1.0,0.33226585388183594,0.708324134349823,,cfg02_G2_D32,0.9929953520186245,cuda
evaluation,2165,1302,Warm C,0.5415235161781311,0.18725498020648956,0.5061728395061729,1.0,0.4439191520214081,0.6695529818534851,,cfg02_G2_D32,0.9929953520186245,cuda
evaluation,2166,1303,Cold,0.5531832575798035,0.17911790311336517,0.5802469135802469,1.0,0.0,0.0,,cfg02_G2_D32,0.9929953520186245,cuda
evaluation,2166,1303,Warm A,0.5511411428451538,0.18004561960697174,0.5555555555555556,1.0,0.22418451309204102,0.6472069621086121,,cfg02_G2_D32,0.9929953520186245,cuda
evaluation,2166,1303,Warm B,0.5453656911849976,0.18052145838737488,0.5061728395061729,1.0,0.3452308177947998,0.603923499584198,,cfg02_G2_D32,0.9929953520186245,cuda
evaluation,2166,1303,Warm C,0.546354353427887,0.18198370933532715,0.5061728395061729,1.0,0.4230312407016754,0.6041533350944519,,cfg02_G2_D32,0.9929953520186245,cuda
evaluation,2168,1305,Cold,0.5522446632385254,0.17942140996456146,0.5802469135802469,1.0,0.0,0.0,,cfg02_G2_D32,0.9929953520186245,cuda
evaluation,2168,1305,Warm A,0.5507617592811584,0.18263767659664154,0.5308641975308642,1.0,0.23147223889827728,0.710302472114563,,cfg02_G2_D32,0.9929953520186245,cuda
evaluation,2168,1305,Warm B,0.5525476336479187,0.18422088027000427,0.5308641975308642,1.0,0.32506275177001953,0.5252382755279541,,cfg02_G2_D32,0.9929953520186245,cuda
evaluation,2168,1305,Warm C,0.552503228187561,0.18205414712429047,0.5555555555555556,1.0,0.21273449063301086,0.5247856378555298,,cfg02_G2_D32,0.9929953520186245,cuda
evaluation,2169,1306,Cold,0.5509626865386963,0.18008282780647278,0.5308641975308642,1.0,0.0,0.0,,cfg02_G2_D32,0.9929953520186245,cuda
evaluation,2169,1306,Warm A,0.5580496191978455,0.17860198020935059,0.5555555555555556,1.0,0.2082987129688263,0.4881843030452728,,cfg02_G2_D32,0.9929953520186245,cuda
evaluation,2169,1306,Warm B,0.5609252452850342,0.17822372913360596,0.5802469135802469,1.0,0.2949255704879761,0.42484042048454285,,cfg02_G2_D32,0.9929953520186245,cuda
evaluation,2169,1306,Warm C,0.5515375733375549,0.17978578805923462,0.5308641975308642,1.0,0.3052973747253418,0.5972611904144287,,cfg02_G2_D32,0.9929953520186245,cuda
evaluation,2170,1307,Cold,0.5512498021125793,0.17979492247104645,0.5308641975308642,1.0,0.0,0.0,,cfg02_G2_D32,0.9929953520186245,cuda
evaluation,2170,1307,Warm A,0.5518539547920227,0.18244317173957825,0.5308641975308642,1.0,0.22857390344142914,0.5410059094429016,,cfg02_G2_D32,0.9929953520186245,cuda
evaluation,2170,1307,Warm B,0.5476424694061279,0.18295258283615112,0.5308641975308642,1.0,0.320153146982193,0.5815401673316956,,cfg02_G2_D32,0.9929953520186245,cuda
evaluation,2170,1307,Warm C,0.5527949333190918,0.18472974002361298,0.5308641975308642,1.0,0.38199853897094727,0.3609902560710907,,cfg02_G2_D32,0.9929953520186245,cuda
evaluation,2171,1308,Cold,0.5505639314651489,0.17991727590560913,0.5308641975308642,1.0,0.0,0.0,,cfg02_G2_D32,0.9929953520186245,cuda
evaluation,2171,1308,Warm A,0.5499191284179688,0.17861424386501312,0.5308641975308642,1.0,0.21854136884212494,0.48060837388038635,,cfg02_G2_D32,0.9929953520186245,cuda
evaluation,2171,1308,Warm B,0.5448147654533386,0.18249109387397766,0.5061728395061729,1.0,0.2330363243818283,0.6854278445243835,,cfg02_G2_D32,0.9929953520186245,cuda
evaluation,2171,1308,Warm C,0.5485126972198486,0.18016117811203003,0.5308641975308642,1.0,0.20282557606697083,0.5896216630935669,,cfg02_G2_D32,0.9929953520186245,cuda
evaluation,2173,1309,Cold,0.5528638958930969,0.17392010986804962,0.5308641975308642,1.0,0.0,0.0,,cfg02_G2_D32,0.9929953520186245,cuda
evaluation,2173,1309,Warm A,0.5578717589378357,0.17081743478775024,0.5555555555555556,1.0,0.2189972847700119,0.5166165828704834,,cfg02_G2_D32,0.9929953520186245,cuda
evaluation,2173,1309,Warm B,0.5547798275947571,0.16971464455127716,0.5555555555555556,1.0,0.31369808316230774,0.5703396201133728,,cfg02_G2_D32,0.9929953520186245,cuda
evaluation,2173,1309,Warm C,0.5539944767951965,0.1708599179983139,0.5308641975308642,1.0,0.37318918108940125,0.5704237818717957,,cfg02_G2_D32,0.9929953520186245,cuda
evaluation,2176,1311,Cold,0.5631688237190247,0.18039068579673767,0.5061728395061729,1.0,0.0,0.0,,cfg02_G2_D32,0.9929953520186245,cuda
evaluation,2176,1311,Warm A,0.5618160963058472,0.18107320368289948,0.5061728395061729,1.0,0.20775596797466278,0.6289097666740417,,cfg02_G2_D32,0.9929953520186245,cuda
evaluation,2176,1311,Warm B,0.5616118311882019,0.18229690194129944,0.48148148148148145,1.0,0.21694184839725494,0.47542834281921387,,cfg02_G2_D32,0.9929953520186245,cuda
evaluation,2176,1311,Warm C,0.5648479461669922,0.18320077657699585,0.5308641975308642,1.0,0.27739217877388,0.5149282813072205,,cfg02_G2_D32,0.9929953520186245,cuda
evaluation,2177,1312,Cold,0.5566303730010986,0.1752481907606125,0.5555555555555556,1.0,0.0,0.0,,cfg02_G2_D32,0.9929953520186245,cuda
evaluation,2177,1312,Warm A,0.5594549179077148,0.17605926096439362,0.5802469135802469,1.0,0.18650642037391663,0.544804036617279,,cfg02_G2_D32,0.9929953520186245,cuda
evaluation,2177,1312,Warm B,0.5627902746200562,0.17532101273536682,0.6049382716049383,1.0,0.31339892745018005,0.45106497406959534,,cfg02_G2_D32,0.9929953520186245,cuda
evaluation,2177,1312,Warm C,0.567240297794342,0.17631158232688904,0.6049382716049383,1.0,0.3560386002063751,0.45683032274246216,,cfg02_G2_D32,0.9929953520186245,cuda
evaluation,2178,1313,Cold,0.5567753314971924,0.17471469938755035,0.5555555555555556,1.0,0.0,0.0,,cfg02_G2_D32,0.9929953520186245,cuda
evaluation,2178,1313,Warm A,0.5595059990882874,0.17490914463996887,0.5555555555555556,1.0,0.2122352123260498,0.5688046216964722,,cfg02_G2_D32,0.9929953520186245,cuda
evaluation,2178,1313,Warm B,0.5534982681274414,0.17468956112861633,0.5308641975308642,1.0,0.280416339635849,0.5617969632148743,,cfg02_G2_D32,0.9929953520186245,cuda
evaluation,2178,1313,Warm C,0.5447245240211487,0.17606577277183533,0.48148148148148145,1.0,0.3988243043422699,0.6510969996452332,,cfg02_G2_D32,0.9929953520186245,cuda
evaluation,2181,1314,Cold,0.5597315430641174,0.17616525292396545,0.5308641975308642,1.0,0.0,0.0,,cfg02_G2_D32,0.9929953520186245,cuda
evaluation,2181,1314,Warm A,0.5611780285835266,0.17860399186611176,0.5802469135802469,1.0,0.21832209825515747,0.5974547266960144,,cfg02_G2_D32,0.9929953520186245,cuda
evaluation,2181,1314,Warm B,0.5625985264778137,0.17667216062545776,0.5308641975308642,1.0,0.21389494836330414,0.4965849816799164,,cfg02_G2_D32,0.9929953520186245,cuda
evaluation,2181,1314,Warm C,0.5583019256591797,0.17637069523334503,0.5061728395061729,1.0,0.23475119471549988,0.5459354519844055,,cfg02_G2_D32,0.9929953520186245,cuda
evaluation,2182,1315,Cold,0.5632981657981873,0.1802380084991455,0.5061728395061729,1.0,0.0,0.0,,cfg02_G2_D32,0.9929953520186245,cuda
evaluation,2182,1315,Warm A,0.5624897480010986,0.18257743120193481,0.5061728395061729,1.0,0.23611508309841156,0.8176580667495728,,cfg02_G2_D32,0.9929953520186245,cuda
evaluation,2182,1315,Warm B,0.5649244785308838,0.1802389919757843,0.5308641975308642,1.0,0.11199524253606796,0.33707791566848755,,cfg02_G2_D32,0.9929953520186245,cuda
evaluation,2182,1315,Warm C,0.5587122440338135,0.18061447143554688,0.48148148148148145,1.0,0.27960702776908875,0.5188671946525574,,cfg02_G2_D32,0.9929953520186245,cuda
evaluation,2183,1316,Cold,0.5630970001220703,0.1773155778646469,0.5061728395061729,1.0,0.0,0.0,,cfg02_G2_D32,0.9929953520186245,cuda
evaluation,2183,1316,Warm A,0.5664989948272705,0.17714357376098633,0.5308641975308642,1.0,0.2166164666414261,0.41447311639785767,,cfg02_G2_D32,0.9929953520186245,cuda
evaluation,2183,1316,Warm B,0.5595654845237732,0.1780449002981186,0.5061728395061729,1.0,0.16321974992752075,0.5442685484886169,,cfg02_G2_D32,0.9929953520186245,cuda
evaluation,2183,1316,Warm C,0.5597405433654785,0.1775837391614914,0.48148148148148145,1.0,0.23700015246868134,0.43484339118003845,,cfg02_G2_D32,0.9929953520186245,cuda
evaluation,2184,1317,Cold,0.5631415247917175,0.17791317403316498,0.5308641975308642,1.0,0.0,0.0,,cfg02_G2_D32,0.9929953520186245,cuda
evaluation,2184,1317,Warm A,0.5606092214584351,0.1797138750553131,0.5061728395061729,1.0,0.22660954296588898,0.6705913543701172,,cfg02_G2_D32,0.9929953520186245,cuda
evaluation,2184,1317,Warm B,0.5614877343177795,0.18130488693714142,0.5061728395061729,1.0,0.422872394323349,0.568626880645752,,cfg02_G2_D32,0.9929953520186245,cuda
evaluation,2184,1317,Warm C,0.5617696642875671,0.17916731536388397,0.5308641975308642,1.0,0.21967187523841858,0.3618803918361664,,cfg02_G2_D32,0.9929953520186245,cuda
evaluation,2195,1322,Cold,0.5507422685623169,0.18167942762374878,0.5308641975308642,1.0,0.0,0.0,,cfg02_G2_D32,0.9929953520186245,cuda
evaluation,2195,1322,Warm A,0.5486152768135071,0.18607382476329803,0.5308641975308642,1.0,0.22396382689476013,0.581401526927948,,cfg02_G2_D32,0.9929953520186245,cuda
evaluation,2195,1322,Warm B,0.5408075451850891,0.1876879334449768,0.5308641975308642,1.0,0.4198199510574341,0.7067274451255798,,cfg02_G2_D32,0.9929953520186245,cuda
evaluation,2195,1322,Warm C,0.549198567867279,0.1863335818052292,0.5308641975308642,1.0,0.27203047275543213,0.401886522769928,,cfg02_G2_D32,0.9929953520186245,cuda
evaluation,2204,1325,Cold,0.564318060874939,0.18375110626220703,0.5061728395061729,1.0,0.0,0.0,,cfg02_G2_D32,0.9929953520186245,cuda
evaluation,2204,1325,Warm A,0.5609975457191467,0.18512345850467682,0.48148148148148145,1.0,0.22583937644958496,0.4897266924381256,,cfg02_G2_D32,0.9929953520186245,cuda
evaluation,2204,1325,Warm B,0.5591075420379639,0.18635407090187073,0.48148148148148145,1.0,0.3801286518573761,0.5618455410003662,,cfg02_G2_D32,0.9929953520186245,cuda
evaluation,2204,1325,Warm C,0.5613821744918823,0.18554279208183289,0.48148148148148145,1.0,0.3274020552635193,0.45735517144203186,,cfg02_G2_D32,0.9929953520186245,cuda
evaluation,2206,1326,Cold,0.5645301342010498,0.18497803807258606,0.5061728395061729,1.0,0.0,0.0,,cfg02_G2_D32,0.9929953520186245,cuda
evaluation,2206,1326,Warm A,0.567624568939209,0.18497323989868164,0.5061728395061729,1.0,0.21895958483219147,0.34162840247154236,,cfg02_G2_D32,0.9929953520186245,cuda
evaluation,2206,1326,Warm B,0.5703331828117371,0.18701069056987762,0.5061728395061729,1.0,0.33652931451797485,0.3539212644100189,,cfg02_G2_D32,0.9929953520186245,cuda
evaluation,2206,1326,Warm C,0.5763100385665894,0.18604391813278198,0.5308641975308642,1.0,0.4896179139614105,0.3583918511867523,,cfg02_G2_D32,0.9929953520186245,cuda
evaluation,2208,1327,Cold,0.5647413730621338,0.18774136900901794,0.5061728395061729,1.0,0.0,0.0,,cfg02_G2_D32,0.9929953520186245,cuda
evaluation,2208,1327,Warm A,0.5604515671730042,0.18811723589897156,0.4567901234567901,1.0,0.20996689796447754,0.4200214445590973,,cfg02_G2_D32,0.9929953520186245,cuda
evaluation,2208,1327,Warm B,0.5605476498603821,0.18969163298606873,0.4567901234567901,1.0,0.316331684589386,0.38687628507614136,,cfg02_G2_D32,0.9929953520186245,cuda
evaluation,2208,1327,Warm C,0.5660353302955627,0.18798108398914337,0.4567901234567901,1.0,0.3632086515426636,0.1878354400396347,,cfg02_G2_D32,0.9929953520186245,cuda
evaluation,2212,1328,Cold,0.5656092166900635,0.18831020593643188,0.5061728395061729,1.0,0.0,0.0,,cfg02_G2_D32,0.9929953520186245,cuda
evaluation,2212,1328,Warm A,0.5644783973693848,0.18777182698249817,0.5061728395061729,1.0,0.22247979044914246,0.4566915035247803,,cfg02_G2_D32,0.9929953520186245,cuda
evaluation,2212,1328,Warm B,0.5660318732261658,0.18802011013031006,0.5061728395061729,1.0,0.3943379819393158,0.4294723570346832,,cfg02_G2_D32,0.9929953520186245,cuda
evaluation,2212,1328,Warm C,0.5658528208732605,0.18957509100437164,0.48148148148148145,1.0,0.36022812128067017,0.506270706653595,,cfg02_G2_D32,0.9929953520186245,cuda
evaluation,2238,1332,Cold,0.5565492510795593,0.1776707023382187,0.5555555555555556,1.0,0.0,0.0,,cfg02_G2_D32,0.9929953520186245,cuda
evaluation,2238,1332,Warm A,0.5539763569831848,0.17712050676345825,0.5308641975308642,1.0,0.21018053591251373,0.40192317962646484,,cfg02_G2_D32,0.9929953520186245,cuda
evaluation,2238,1332,Warm B,0.5541524291038513,0.17676407098770142,0.5802469135802469,1.0,0.32357683777809143,0.48057612776756287,,cfg02_G2_D32,0.9929953520186245,cuda
evaluation,2238,1332,Warm C,0.5549812912940979,0.17847898602485657,0.5555555555555556,1.0,0.3235185742378235,0.5740920901298523,,cfg02_G2_D32,0.9929953520186245,cuda
evaluation,2239,1333,Cold,0.5579623579978943,0.17812193930149078,0.5555555555555556,1.0,0.0,0.0,,cfg02_G2_D32,0.9929953520186245,cuda
evaluation,2239,1333,Warm A,0.5562815070152283,0.18056584894657135,0.5555555555555556,1.0,0.20015360414981842,0.584358811378479,,cfg02_G2_D32,0.9929953520186245,cuda
evaluation,2239,1333,Warm B,0.5512502193450928,0.17967604100704193,0.5555555555555556,1.0,0.27246421575546265,0.5531581044197083,,cfg02_G2_D32,0.9929953520186245,cuda
evaluation,2239,1333,Warm C,0.5544489622116089,0.17828600108623505,0.5802469135802469,1.0,0.2880461513996124,0.431243896484375,,cfg02_G2_D32,0.9929953520186245,cuda
evaluation,2241,1335,Cold,0.5541515350341797,0.17885129153728485,0.5555555555555556,1.0,0.0,0.0,,cfg02_G2_D32,0.9929953520186245,cuda
evaluation,2241,1335,Warm A,0.5568422675132751,0.18062013387680054,0.5555555555555556,1.0,0.2055305540561676,0.45917996764183044,,cfg02_G2_D32,0.9929953520186245,cuda
evaluation,2241,1335,Warm B,0.5565396547317505,0.184799462556839,0.5061728395061729,1.0,0.4087066054344177,0.5670161843299866,,cfg02_G2_D32,0.9929953520186245,cuda
evaluation,2241,1335,Warm C,0.5604421496391296,0.18750981986522675,0.5061728395061729,1.0,0.5170352458953857,0.24557510018348694,,cfg02_G2_D32,0.9929953520186245,cuda
evaluation,2250,1341,Cold,0.5556868314743042,0.17807920277118683,0.5555555555555556,1.0,0.0,0.0,,cfg02_G2_D32,0.9929953520186245,cuda
evaluation,2250,1341,Warm A,0.5586654543876648,0.17925439774990082,0.5555555555555556,1.0,0.19235171377658844,0.5723385810852051,,cfg02_G2_D32,0.9929953520186245,cuda
evaluation,2250,1341,Warm B,0.551716148853302,0.18093346059322357,0.5555555555555556,1.0,0.30654194951057434,0.7139868140220642,,cfg02_G2_D32,0.9929953520186245,cuda
evaluation,2250,1341,Warm C,0.5573074817657471,0.18141411244869232,0.5308641975308642,1.0,0.32233762741088867,0.4843232333660126,,cfg02_G2_D32,0.9929953520186245,cuda
evaluation,2252,1342,Cold,0.5543492436408997,0.1786300241947174,0.5555555555555556,1.0,0.0,0.0,,cfg02_G2_D32,0.9929953520186245,cuda
evaluation,2252,1342,Warm A,0.5549881458282471,0.18032324314117432,0.5308641975308642,1.0,0.21323361992835999,0.5870574116706848,,cfg02_G2_D32,0.9929953520186245,cuda
evaluation,2252,1342,Warm B,0.558311939239502,0.1773778796195984,0.6049382716049383,1.0,0.2507229447364807,0.5010353922843933,,cfg02_G2_D32,0.9929953520186245,cuda
evaluation,2252,1342,Warm C,0.566769003868103,0.1758643537759781,0.6049382716049383,1.0,0.3206288516521454,0.4231600761413574,,cfg02_G2_D32,0.9929953520186245,cuda
evaluation,2255,1344,Cold,0.5533591508865356,0.17754189670085907,0.5555555555555556,1.0,0.0,0.0,,cfg02_G2_D32,0.9929953520186245,cuda
evaluation,2255,1344,Warm A,0.5532099008560181,0.18069204688072205,0.5308641975308642,1.0,0.22874058783054352,0.7816982269287109,,cfg02_G2_D32,0.9929953520186245,cuda
evaluation,2255,1344,Warm B,0.5561031699180603,0.18252317607402802,0.5061728395061729,1.0,0.39063286781311035,0.5469866991043091,,cfg02_G2_D32,0.9929953520186245,cuda
evaluation,2255,1344,Warm C,0.5641830563545227,0.18255844712257385,0.5555555555555556,1.0,0.3257400393486023,0.29047733545303345,,cfg02_G2_D32,0.9929953520186245,cuda
evaluation,2261,1346,Cold,0.5539569854736328,0.17555704712867737,0.5555555555555556,1.0,0.0,0.0,,cfg02_G2_D32,0.9929953520186245,cuda
evaluation,2261,1346,Warm A,0.5630660057067871,0.1746675819158554,0.5802469135802469,1.0,0.21406136453151703,0.4269416034221649,,cfg02_G2_D32,0.9929953520186245,cuda
evaluation,2261,1346,Warm B,0.5601083040237427,0.17404520511627197,0.5555555555555556,1.0,0.3307826817035675,0.5812320709228516,,cfg02_G2_D32,0.9929953520186245,cuda
evaluation,2261,1346,Warm C,0.5658712387084961,0.17424198985099792,0.6049382716049383,1.0,0.5140640139579773,0.4578208029270172,,cfg02_G2_D32,0.9929953520186245,cuda
evaluation,2263,1348,Cold,0.5538453459739685,0.17601901292800903,0.5555555555555556,1.0,0.0,0.0,,cfg02_G2_D32,0.9929953520186245,cuda
evaluation,2263,1348,Warm A,0.5568797588348389,0.17697183787822723,0.5308641975308642,1.0,0.2213699072599411,0.5431020855903625,,cfg02_G2_D32,0.9929953520186245,cuda
evaluation,2263,1348,Warm B,0.5573310256004333,0.17483727633953094,0.5555555555555556,1.0,0.19370248913764954,0.49184131622314453,,cfg02_G2_D32,0.9929953520186245,cuda
evaluation,2263,1348,Warm C,0.5639411807060242,0.17453978955745697,0.5802469135802469,1.0,0.2901283800601959,0.32970377802848816,,cfg02_G2_D32,0.9929953520186245,cuda
evaluation,2264,1349,Cold,0.5551973581314087,0.17765775322914124,0.5555555555555556,1.0,0.0,0.0,,cfg02_G2_D32,0.9929953520186245,cuda
evaluation,2264,1349,Warm A,0.5539160370826721,0.1810263991355896,0.5308641975308642,1.0,0.23591339588165283,0.9619817137718201,,cfg02_G2_D32,0.9929953520186245,cuda
evaluation,2264,1349,Warm B,0.5593274831771851,0.182758629322052,0.5308641975308642,1.0,0.3030790388584137,0.36734434962272644,,cfg02_G2_D32,0.9929953520186245,cuda
evaluation,2264,1349,Warm C,0.5635038018226624,0.18493853509426117,0.5308641975308642,1.0,0.4558131694793701,0.2992495596408844,,cfg02_G2_D32,0.9929953520186245,cuda
evaluation,2265,1350,Cold,0.5523702502250671,0.1766766607761383,0.5308641975308642,1.0,0.0,0.0,,cfg02_G2_D32,0.9929953520186245,cuda
evaluation,2265,1350,Warm A,0.5570071935653687,0.1781166046857834,0.5308641975308642,1.0,0.21137522161006927,0.42352601885795593,,cfg02_G2_D32,0.9929953520186245,cuda
evaluation,2265,1350,Warm B,0.5622333288192749,0.18019577860832214,0.5802469135802469,1.0,0.3761727809906006,0.31707414984703064,,cfg02_G2_D32,0.9929953520186245,cuda
evaluation,2265,1350,Warm C,0.5700446963310242,0.17912612855434418,0.6296296296296297,1.0,0.4776027798652649,0.0718051940202713,,cfg02_G2_D32,0.9929953520186245,cuda
evaluation,2266,1351,Cold,0.5534859895706177,0.17835523188114166,0.5555555555555556,1.0,0.0,0.0,,cfg02_G2_D32,0.9929953520186245,cuda
evaluation,2266,1351,Warm A,0.5599744915962219,0.1792462319135666,0.5555555555555556,1.0,0.20903605222702026,0.3751819133758545,,cfg02_G2_D32,0.9929953520186245,cuda
evaluation,2266,1351,Warm B,0.563163697719574,0.18144209682941437,0.5802469135802469,1.0,0.33732283115386963,0.37720754742622375,,cfg02_G2_D32,0.9929953520186245,cuda
evaluation,2266,1351,Warm C,0.5561254620552063,0.17986857891082764,0.5308641975308642,1.0,0.2800321877002716,0.44556093215942383,,cfg02_G2_D32,0.9929953520186245,cuda
evaluation,2267,1352,Cold,0.5546064376831055,0.17635026574134827,0.5555555555555556,1.0,0.0,0.0,,cfg02_G2_D32,0.9929953520186245,cuda
evaluation,2267,1352,Warm A,0.5573042035102844,0.17647933959960938,0.5802469135802469,1.0,0.22199375927448273,0.5730907320976257,,cfg02_G2_D32,0.9929953520186245,cuda
evaluation,2267,1352,Warm B,0.5608515739440918,0.17886149883270264,0.6049382716049383,1.0,0.39753496646881104,0.3783450722694397,,cfg02_G2_D32,0.9929953520186245,cuda
evaluation,2267,1352,Warm C,0.5615969300270081,0.17772524058818817,0.6296296296296297,1.0,0.33133018016815186,0.4052490293979645,,cfg02_G2_D32,0.9929953520186245,cuda
evaluation,2271,1355,Cold,0.553859293460846,0.17949089407920837,0.5555555555555556,1.0,0.0,0.0,,cfg02_G2_D32,0.9929953520186245,cuda
evaluation,2271,1355,Warm A,0.5536344647407532,0.18259510397911072,0.5555555555555556,1.0,0.18467886745929718,0.5695812106132507,,cfg02_G2_D32,0.9929953520186245,cuda
evaluation,2271,1355,Warm B,0.5478647351264954,0.18218789994716644,0.5308641975308642,1.0,0.2808786928653717,0.658449649810791,,cfg02_G2_D32,0.9929953520186245,cuda
evaluation,2271,1355,Warm C,0.5496613383293152,0.18340851366519928,0.5308641975308642,1.0,0.37848109006881714,0.6068913340568542,,cfg02_G2_D32,0.9929953520186245,cuda
evaluation,2272,1356,Cold,0.5533456206321716,0.179290771484375,0.5555555555555556,1.0,0.0,0.0,,cfg02_G2_D32,0.9929953520186245,cuda
evaluation,2272,1356,Warm A,0.5539056062698364,0.1819920390844345,0.5555555555555556,1.0,0.18905647099018097,0.6373218894004822,,cfg02_G2_D32,0.9929953520186245,cuda
evaluation,2272,1356,Warm B,0.5523551106452942,0.18354956805706024,0.5555555555555556,1.0,0.34417930245399475,0.638052225112915,,cfg02_G2_D32,0.9929953520186245,cuda
evaluation,2272,1356,Warm C,0.5523625612258911,0.18077123165130615,0.5555555555555556,1.0,0.2667037844657898,0.4439767003059387,,cfg02_G2_D32,0.9929953520186245,cuda
evaluation,2275,1358,Cold,0.5506775379180908,0.1764848232269287,0.5308641975308642,1.0,0.0,0.0,,cfg02_G2_D32,0.9929953520186245,cuda
evaluation,2275,1358,Warm A,0.5446556210517883,0.17692437767982483,0.5061728395061729,1.0,0.22215589880943298,0.6807472109794617,,cfg02_G2_D32,0.9929953520186245,cuda
evaluation,2275,1358,Warm B,0.5434150099754333,0.18029099702835083,0.5308641975308642,1.0,0.3573003113269806,0.6254940032958984,,cfg02_G2_D32,0.9929953520186245,cuda
evaluation,2275,1358,Warm C,0.540198028087616,0.1840916872024536,0.5061728395061729,1.0,0.5127643346786499,0.6732589602470398,,cfg02_G2_D32,0.9929953520186245,cuda
evaluation,2276,1359,Cold,0.5536973476409912,0.17999494075775146,0.5555555555555556,1.0,0.0,0.0,,cfg02_G2_D32,0.9929953520186245,cuda
evaluation,2276,1359,Warm A,0.5528625845909119,0.18297913670539856,0.5308641975308642,1.0,0.17337864637374878,0.5659084320068359,,cfg02_G2_D32,0.9929953520186245,cuda
evaluation,2276,1359,Warm B,0.5567980408668518,0.18008197844028473,0.5555555555555556,1.0,0.24404549598693848,0.4557243883609772,,cfg02_G2_D32,0.9929953520186245,cuda
evaluation,2276,1359,Warm C,0.5525650382041931,0.18122783303260803,0.5308641975308642,1.0,0.22740772366523743,0.5755748152732849,,cfg02_G2_D32,0.9929953520186245,cuda
evaluation,2280,1362,Cold,0.5530860424041748,0.17676910758018494,0.5555555555555556,1.0,0.0,0.0,,cfg02_G2_D32,0.9929953520186245,cuda
evaluation,2280,1362,Warm A,0.5522605776786804,0.17690768837928772,0.5308641975308642,1.0,0.2120819389820099,0.6274014115333557,,cfg02_G2_D32,0.9929953520186245,cuda
evaluation,2280,1362,Warm B,0.5588505268096924,0.174212247133255,0.5802469135802469,1.0,0.2258223444223404,0.40992456674575806,,cfg02_G2_D32,0.9929953520186245,cuda
evaluation,2280,1362,Warm C,0.5512322187423706,0.17617014050483704,0.5555555555555556,1.0,0.2156163901090622,0.6438890695571899,,cfg02_G2_D32,0.9929953520186245,cuda
evaluation,2283,1364,Cold,0.5556688904762268,0.17952877283096313,0.5555555555555556,1.0,0.0,0.0,,cfg02_G2_D32,0.9929953520186245,cuda
evaluation,2283,1364,Warm A,0.5560252666473389,0.18180981278419495,0.5555555555555556,1.0,0.20501726865768433,0.6483255624771118,,cfg02_G2_D32,0.9929953520186245,cuda
evaluation,2283,1364,Warm B,0.5528092384338379,0.18529103696346283,0.5308641975308642,1.0,0.3997201919555664,0.6933693885803223,,cfg02_G2_D32,0.9929953520186245,cuda
evaluation,2283,1364,Warm C,0.5566927194595337,0.1849864274263382,0.5308641975308642,1.0,0.4836210012435913,0.47074705362319946,,cfg02_G2_D32,0.9929953520186245,cuda
evaluation,2290,1368,Cold,0.5561980605125427,0.1777818500995636,0.5555555555555556,1.0,0.0,0.0,,cfg02_G2_D32,0.9929953520186245,cuda
evaluation,2290,1368,Warm A,0.5570363998413086,0.18003112077713013,0.5555555555555556,1.0,0.21946650743484497,0.6712568402290344,,cfg02_G2_D32,0.9929953520186245,cuda
evaluation,2290,1368,Warm B,0.5485731363296509,0.1810663938522339,0.5061728395061729,1.0,0.4121879041194916,0.7384917140007019,,cfg02_G2_D32,0.9929953520186245,cuda
evaluation,2290,1368,Warm C,0.5462514758110046,0.18367479741573334,0.5061728395061729,1.0,0.5530644655227661,0.640820324420929,,cfg02_G2_D32,0.9929953520186245,cuda
evaluation,2295,1371,Cold,0.5501342415809631,0.1820860654115677,0.5308641975308642,1.0,0.0,0.0,,cfg02_G2_D32,0.9929953520186245,cuda
evaluation,2295,1371,Warm A,0.5428969860076904,0.18380172550678253,0.5308641975308642,1.0,0.22744472324848175,0.7348008751869202,,cfg02_G2_D32,0.9929953520186245,cuda
evaluation,2295,1371,Warm B,0.5398697853088379,0.18297329545021057,0.5061728395061729,1.0,0.3916904628276825,0.6510543823242188,,cfg02_G2_D32,0.9929953520186245,cuda
evaluation,2295,1371,Warm C,0.546021044254303,0.18071028590202332,0.5061728395061729,1.0,0.33282384276390076,0.484614759683609,,cfg02_G2_D32,0.9929953520186245,cuda
evaluation,2296,1372,Cold,0.5497743487358093,0.18128472566604614,0.5308641975308642,1.0,0.0,0.0,,cfg02_G2_D32,0.9929953520186245,cuda
evaluation,2296,1372,Warm A,0.5509698987007141,0.18414278328418732,0.5308641975308642,1.0,0.19702090322971344,0.455989271402359,,cfg02_G2_D32,0.9929953520186245,cuda
evaluation,2296,1372,Warm B,0.555259108543396,0.18567518889904022,0.5802469135802469,1.0,0.3131153881549835,0.45405131578445435,,cfg02_G2_D32,0.9929953520186245,cuda
evaluation,2296,1372,Warm C,0.5540123581886292,0.189162477850914,0.5802469135802469,1.0,0.47635775804519653,0.40364500880241394,,cfg02_G2_D32,0.9929953520186245,cuda
evaluation,2306,1378,Cold,0.5498893857002258,0.1802002340555191,0.5308641975308642,1.0,0.0,0.0,,cfg02_G2_D32,0.9929953520186245,cuda
evaluation,2306,1378,Warm A,0.5483700037002563,0.18415917456150055,0.5308641975308642,1.0,0.22624270617961884,0.652049720287323,,cfg02_G2_D32,0.9929953520186245,cuda
evaluation,2306,1378,Warm B,0.5499932765960693,0.187771737575531,0.5555555555555556,1.0,0.37625768780708313,0.43409377336502075,,cfg02_G2_D32,0.9929953520186245,cuda
evaluation,2306,1378,Warm C,0.5501649975776672,0.1834406703710556,0.5308641975308642,1.0,0.19497518241405487,0.3785991370677948,,cfg02_G2_D32,0.9929953520186245,cuda
evaluation,2310,1379,Cold,0.5544034838676453,0.17965379357337952,0.5555555555555556,1.0,0.0,0.0,,cfg02_G2_D32,0.9929953520186245,cuda
evaluation,2310,1379,Warm A,0.5576220154762268,0.17592312395572662,0.5555555555555556,1.0,0.2338617593050003,0.4207828938961029,,cfg02_G2_D32,0.9929953520186245,cuda
evaluation,2310,1379,Warm B,0.5559617280960083,0.17741495370864868,0.5555555555555556,1.0,0.1985364556312561,0.5250146985054016,,cfg02_G2_D32,0.9929953520186245,cuda
evaluation,2310,1379,Warm C,0.5498956441879272,0.18065892159938812,0.5555555555555556,1.0,0.20999804139137268,0.679014265537262,,cfg02_G2_D32,0.9929953520186245,cuda
evaluation,2314,1383,Cold,0.5537511706352234,0.17802071571350098,0.5555555555555556,1.0,0.0,0.0,,cfg02_G2_D32,0.9929953520186245,cuda
evaluation,2314,1383,Warm A,0.5471609234809875,0.18150165677070618,0.5061728395061729,1.0,0.21860529482364655,0.7027988433837891,,cfg02_G2_D32,0.9929953520186245,cuda
evaluation,2314,1383,Warm B,0.5451456904411316,0.18486495316028595,0.5061728395061729,1.0,0.40112853050231934,0.5936728715896606,,cfg02_G2_D32,0.9929953520186245,cuda
evaluation,2314,1383,Warm C,0.5436916351318359,0.18579542636871338,0.5061728395061729,1.0,0.5289246439933777,0.6675901412963867,,cfg02_G2_D32,0.9929953520186245,cuda
evaluation,2315,1384,Cold,0.5514906048774719,0.17595452070236206,0.5308641975308642,1.0,0.0,0.0,,cfg02_G2_D32,0.9929953520186245,cuda
evaluation,2315,1384,Warm A,0.5518416166305542,0.17912158370018005,0.5555555555555556,1.0,0.23871999979019165,0.5856484770774841,,cfg02_G2_D32,0.9929953520186245,cuda
evaluation,2315,1384,Warm B,0.5551638007164001,0.17851440608501434,0.5555555555555556,1.0,0.25797027349472046,0.44269806146621704,,cfg02_G2_D32,0.9929953520186245,cuda
evaluation,2315,1384,Warm C,0.5634709000587463,0.1765696108341217,0.5802469135802469,1.0,0.3285376727581024,0.26659998297691345,,cfg02_G2_D32,0.9929953520186245,cuda
evaluation,2320,1387,Cold,0.5524576306343079,0.18034063279628754,0.5555555555555556,1.0,0.0,0.0,,cfg02_G2_D32,0.9929953520186245,cuda
evaluation,2320,1387,Warm A,0.5504072904586792,0.18421459197998047,0.5308641975308642,1.0,0.2358924150466919,0.6763659715652466,,cfg02_G2_D32,0.9929953520186245,cuda
evaluation,2320,1387,Warm B,0.5430537462234497,0.18617545068264008,0.5061728395061729,1.0,0.4267507493495941,0.6228894591331482,,cfg02_G2_D32,0.9929953520186245,cuda
evaluation,2320,1387,Warm C,0.547014594078064,0.18797312676906586,0.48148148148148145,1.0,0.48918506503105164,0.49553772807121277,,cfg02_G2_D32,0.9929953520186245,cuda
evaluation,2325,1391,Cold,0.550410807132721,0.1819063276052475,0.5308641975308642,1.0,0.0,0.0,,cfg02_G2_D32,0.9929953520186245,cuda
evaluation,2325,1391,Warm A,0.5519213676452637,0.1834689825773239,0.5308641975308642,1.0,0.2215241938829422,0.5754562616348267,,cfg02_G2_D32,0.9929953520186245,cuda
evaluation,2325,1391,Warm B,0.5480127930641174,0.18154598772525787,0.48148148148148145,1.0,0.2853875160217285,0.5797982215881348,,cfg02_G2_D32,0.9929953520186245,cuda
evaluation,2325,1391,Warm C,0.5443957448005676,0.1847352385520935,0.5061728395061729,1.0,0.3700474202632904,0.6774291396141052,,cfg02_G2_D32,0.9929953520186245,cuda
evaluation,2327,1392,Cold,0.5531379580497742,0.17120806872844696,0.5308641975308642,1.0,0.0,0.0,,cfg02_G2_D32,0.9929953520186245,cuda
evaluation,2327,1392,Warm A,0.5645778179168701,0.16866138577461243,0.5802469135802469,1.0,0.23515863716602325,0.27471259236335754,,cfg02_G2_D32,0.9929953520186245,cuda
evaluation,2327,1392,Warm B,0.5539778470993042,0.17051121592521667,0.5555555555555556,1.0,0.1422521322965622,0.6302844882011414,,cfg02_G2_D32,0.9929953520186245,cuda
evaluation,2327,1392,Warm C,0.559002161026001,0.170528843998909,0.5555555555555556,1.0,0.21432645618915558,0.520927369594574,,cfg02_G2_D32,0.9929953520186245,cuda
evaluation,2328,1393,Cold,0.5511115193367004,0.174564391374588,0.5308641975308642,1.0,0.0,0.0,,cfg02_G2_D32,0.9929953520186245,cuda
evaluation,2328,1393,Warm A,0.5582213997840881,0.17316514253616333,0.5802469135802469,1.0,0.21403339505195618,0.4986332952976227,,cfg02_G2_D32,0.9929953520186245,cuda
evaluation,2328,1393,Warm B,0.5543758869171143,0.1751597374677658,0.5802469135802469,1.0,0.2383955717086792,0.5060132145881653,,cfg02_G2_D32,0.9929953520186245,cuda
evaluation,2328,1393,Warm C,0.562634289264679,0.17284199595451355,0.6049382716049383,1.0,0.36067548394203186,0.3597504198551178,,cfg02_G2_D32,0.9929953520186245,cuda
evaluation,2330,1395,Cold,0.5508440732955933,0.17923569679260254,0.5061728395061729,1.0,0.0,0.0,,cfg02_G2_D32,0.9929953520186245,cuda
evaluation,2330,1395,Warm A,0.5478568077087402,0.18037527799606323,0.48148148148148145,1.0,0.189481720328331,0.5270445346832275,,cfg02_G2_D32,0.9929953520186245,cuda
evaluation,2330,1395,Warm B,0.5441480278968811,0.18151234090328217,0.48148148148148145,1.0,0.2734643518924713,0.6080043911933899,,cfg02_G2_D32,0.9929953520186245,cuda
evaluation,2330,1395,Warm C,0.5438460111618042,0.18030622601509094,0.5061728395061729,1.0,0.36300668120384216,0.420377641916275,,cfg02_G2_D32,0.9929953520186245,cuda
evaluation,2331,1396,Cold,0.5497477054595947,0.17945683002471924,0.5308641975308642,1.0,0.0,0.0,,cfg02_G2_D32,0.9929953520186245,cuda
evaluation,2331,1396,Warm A,0.5456077456474304,0.18089061975479126,0.5308641975308642,1.0,0.19802765548229218,0.6197754144668579,,cfg02_G2_D32,0.9929953520186245,cuda
evaluation,2331,1396,Warm B,0.5442470908164978,0.18514972925186157,0.5308641975308642,1.0,0.35725733637809753,0.6298114657402039,,cfg02_G2_D32,0.9929953520186245,cuda
evaluation,2331,1396,Warm C,0.5409668684005737,0.18223311007022858,0.5308641975308642,1.0,0.3246329426765442,0.6141923069953918,,cfg02_G2_D32,0.9929953520186245,cuda
evaluation,2337,1401,Cold,0.5526800751686096,0.1790231317281723,0.5555555555555556,1.0,0.0,0.0,,cfg02_G2_D32,0.9929953520186245,cuda
evaluation,2337,1401,Warm A,0.5552866458892822,0.17976044118404388,0.5555555555555556,1.0,0.19887375831604004,0.6206333041191101,,cfg02_G2_D32,0.9929953520186245,cuda
evaluation,2337,1401,Warm B,0.5555235743522644,0.18200494349002838,0.5308641975308642,1.0,0.36493879556655884,0.6077406406402588,,cfg02_G2_D32,0.9929953520186245,cuda
evaluation,2337,1401,Warm C,0.552333652973175,0.18216396868228912,0.5061728395061729,1.0,0.32929274439811707,0.6407697200775146,,cfg02_G2_D32,0.9929953520186245,cuda
evaluation,2347,1406,Cold,0.5572734475135803,0.1725013554096222,0.5555555555555556,1.0,0.0,0.0,,cfg02_G2_D32,0.9929953520186245,cuda
evaluation,2347,1406,Warm A,0.5495790243148804,0.17416855692863464,0.48148148148148145,1.0,0.21034125983715057,0.5724787712097168,,cfg02_G2_D32,0.9929953520186245,cuda
evaluation,2347,1406,Warm B,0.5467234253883362,0.17406366765499115,0.4567901234567901,1.0,0.39453816413879395,0.49786242842674255,,cfg02_G2_D32,0.9929953520186245,cuda
evaluation,2347,1406,Warm C,0.5493528842926025,0.17415857315063477,0.48148148148148145,1.0,0.4198018014431,0.37074851989746094,,cfg02_G2_D32,0.9929953520186245,cuda
evaluation,2349,1408,Cold,0.5539396405220032,0.17780053615570068,0.5555555555555556,1.0,0.0,0.0,,cfg02_G2_D32,0.9929953520186245,cuda
evaluation,2349,1408,Warm A,0.55458664894104,0.17489120364189148,0.5555555555555556,1.0,0.20446144044399261,0.511847198009491,,cfg02_G2_D32,0.9929953520186245,cuda
evaluation,2349,1408,Warm B,0.5516542792320251,0.17792300879955292,0.5555555555555556,1.0,0.16771221160888672,0.6606889963150024,,cfg02_G2_D32,0.9929953520186245,cuda
evaluation,2349,1408,Warm C,0.5448574423789978,0.17896738648414612,0.5308641975308642,1.0,0.33334749937057495,0.6990110278129578,,cfg02_G2_D32,0.9929953520186245,cuda
evaluation,2351,1409,Cold,0.5631106495857239,0.1818033754825592,0.5061728395061729,1.0,0.0,0.0,,cfg02_G2_D32,0.9929953520186245,cuda
evaluation,2351,1409,Warm A,0.56046462059021,0.18291272222995758,0.48148148148148145,1.0,0.22998659312725067,0.4781774580478668,,cfg02_G2_D32,0.9929953520186245,cuda
evaluation,2351,1409,Warm B,0.5631899833679199,0.18383027613162994,0.5061728395061729,1.0,0.24621842801570892,0.4902508854866028,,cfg02_G2_D32,0.9929953520186245,cuda
evaluation,2351,1409,Warm C,0.5592234134674072,0.18526646494865417,0.48148148148148145,1.0,0.2870035171508789,0.4046637713909149,,cfg02_G2_D32,0.9929953520186245,cuda
evaluation,2354,1412,Cold,0.5503123998641968,0.1795891970396042,0.5308641975308642,1.0,0.0,0.0,,cfg02_G2_D32,0.9929953520186245,cuda
evaluation,2354,1412,Warm A,0.5537608861923218,0.1818312257528305,0.5555555555555556,1.0,0.22055906057357788,0.42950940132141113,,cfg02_G2_D32,0.9929953520186245,cuda
evaluation,2354,1412,Warm B,0.5430689454078674,0.1838444620370865,0.5061728395061729,1.0,0.34700822830200195,0.7359909415245056,,cfg02_G2_D32,0.9929953520186245,cuda
evaluation,2354,1412,Warm C,0.5404973030090332,0.18596097826957703,0.5308641975308642,1.0,0.49000176787376404,0.6165575385093689,,cfg02_G2_D32,0.9929953520186245,cuda
evaluation,2356,1414,Cold,0.5502766966819763,0.18196946382522583,0.5308641975308642,1.0,0.0,0.0,,cfg02_G2_D32,0.9929953520186245,cuda
evaluation,2356,1414,Warm A,0.5464951992034912,0.1847374439239502,0.5308641975308642,1.0,0.20764873921871185,0.586223304271698,,cfg02_G2_D32,0.9929953520186245,cuda
evaluation,2356,1414,Warm B,0.550629734992981,0.1876792162656784,0.5555555555555556,1.0,0.3010880947113037,0.41098329424858093,,cfg02_G2_D32,0.9929953520186245,cuda
evaluation,2356,1414,Warm C,0.5425425171852112,0.18956224620342255,0.5308641975308642,1.0,0.4139479100704193,0.6659993529319763,,cfg02_G2_D32,0.9929953520186245,cuda
evaluation,2360,1417,Cold,0.5535022616386414,0.18124757707118988,0.5555555555555556,1.0,0.0,0.0,,cfg02_G2_D32,0.9929953520186245,cuda
evaluation,2360,1417,Warm A,0.5569887757301331,0.17836807668209076,0.5555555555555556,1.0,0.24079279601573944,0.4915783107280731,,cfg02_G2_D32,0.9929953520186245,cuda
evaluation,2360,1417,Warm B,0.5560030937194824,0.17673315107822418,0.5555555555555556,1.0,0.3893524706363678,0.27596575021743774,,cfg02_G2_D32,0.9929953520186245,cuda
evaluation,2360,1417,Warm C,0.5527549982070923,0.17936928570270538,0.5555555555555556,1.0,0.46690282225608826,0.3264481723308563,,cfg02_G2_D32,0.9929953520186245,cuda
evaluation,2361,1418,Cold,0.5563263297080994,0.17555555701255798,0.5555555555555556,1.0,0.0,0.0,,cfg02_G2_D32,0.9929953520186245,cuda
evaluation,2361,1418,Warm A,0.5555586218833923,0.17752908170223236,0.5802469135802469,1.0,0.20367835462093353,0.6514121294021606,,cfg02_G2_D32,0.9929953520186245,cuda
evaluation,2361,1418,Warm B,0.5586939454078674,0.17695008218288422,0.5802469135802469,1.0,0.267039954662323,0.5769404768943787,,cfg02_G2_D32,0.9929953520186245,cuda
evaluation,2361,1418,Warm C,0.5515905618667603,0.17791257798671722,0.5308641975308642,1.0,0.36717888712882996,0.7019365429878235,,cfg02_G2_D32,0.9929953520186245,cuda
evaluation,2364,1420,Cold,0.5577673316001892,0.1691446453332901,0.5555555555555556,1.0,0.0,0.0,,cfg02_G2_D32,0.9929953520186245,cuda
evaluation,2364,1420,Warm A,0.5623248219490051,0.16878840327262878,0.5802469135802469,1.0,0.2297433763742447,0.49537307024002075,,cfg02_G2_D32,0.9929953520186245,cuda
evaluation,2364,1420,Warm B,0.5700103640556335,0.16654986143112183,0.654320987654321,1.0,0.39334535598754883,0.40075621008872986,,cfg02_G2_D32,0.9929953520186245,cuda
evaluation,2364,1420,Warm C,0.5700016021728516,0.16993725299835205,0.6049382716049383,1.0,0.4016144573688507,0.33752068877220154,,cfg02_G2_D32,0.9929953520186245,cuda
evaluation,2365,1421,Cold,0.5625240802764893,0.17172162234783173,0.5061728395061729,1.0,0.0,0.0,,cfg02_G2_D32,0.9929953520186245,cuda
evaluation,2365,1421,Warm A,0.5657700896263123,0.17257879674434662,0.5802469135802469,1.0,0.21720583736896515,0.6271563172340393,,cfg02_G2_D32,0.9929953520186245,cuda
evaluation,2365,1421,Warm B,0.5649728775024414,0.17129065096378326,0.5308641975308642,1.0,0.2198682576417923,0.542777955532074,,cfg02_G2_D32,0.9929953520186245,cuda
evaluation,2365,1421,Warm C,0.5687564611434937,0.172446608543396,0.6049382716049383,1.0,0.36422795057296753,0.48277661204338074,,cfg02_G2_D32,0.9929953520186245,cuda
evaluation,2370,1425,Cold,0.5560160279273987,0.17566555738449097,0.5555555555555556,1.0,0.0,0.0,,cfg02_G2_D32,0.9929953520186245,cuda
evaluation,2370,1425,Warm A,0.5485514998435974,0.17632220685482025,0.5061728395061729,1.0,0.22190918028354645,0.6690770983695984,,cfg02_G2_D32,0.9929953520186245,cuda
evaluation,2370,1425,Warm B,0.554941713809967,0.1747227907180786,0.5061728395061729,1.0,0.24205581843852997,0.5304112434387207,,cfg02_G2_D32,0.9929953520186245,cuda
evaluation,2370,1425,Warm C,0.5561052560806274,0.17467528581619263,0.5308641975308642,1.0,0.33895647525787354,0.6194918751716614,,cfg02_G2_D32,0.9929953520186245,cuda
evaluation,2373,1428,Cold,0.5549786686897278,0.17321398854255676,0.5555555555555556,1.0,0.0,0.0,,cfg02_G2_D32,0.9929953520186245,cuda
evaluation,2373,1428,Warm A,0.559258759021759,0.17406722903251648,0.5802469135802469,1.0,0.22819438576698303,0.42549797892570496,,cfg02_G2_D32,0.9929953520186245,cuda
evaluation,2373,1428,Warm B,0.5654749274253845,0.17231692373752594,0.6049382716049383,1.0,0.2894909381866455,0.34776604175567627,,cfg02_G2_D32,0.9929953520186245,cuda
evaluation,2373,1428,Warm C,0.5641568303108215,0.1712065190076828,0.6049382716049383,1.0,0.3074803650379181,0.3868052065372467,,cfg02_G2_D32,0.9929953520186245,cuda
evaluation,2377,1432,Cold,0.5546061396598816,0.17145128548145294,0.5555555555555556,1.0,0.0,0.0,,cfg02_G2_D32,0.9929953520186245,cuda
evaluation,2377,1432,Warm A,0.5586815476417542,0.17156963050365448,0.5555555555555556,1.0,0.2159452885389328,0.5785970091819763,,cfg02_G2_D32,0.9929953520186245,cuda
evaluation,2377,1432,Warm B,0.5551549196243286,0.16980063915252686,0.5308641975308642,1.0,0.24362169206142426,0.45037031173706055,,cfg02_G2_D32,0.9929953520186245,cuda
evaluation,2377,1432,Warm C,0.5577223896980286,0.16953985393047333,0.5555555555555556,1.0,0.36720311641693115,0.5256914496421814,,cfg02_G2_D32,0.9929953520186245,cuda
evaluation,2380,1435,Cold,0.554652988910675,0.1784002184867859,0.5555555555555556,1.0,0.0,0.0,,cfg02_G2_D32,0.9929953520186245,cuda
evaluation,2380,1435,Warm A,0.5588072538375854,0.1800967901945114,0.5802469135802469,1.0,0.2227749079465866,0.3606874644756317,,cfg02_G2_D32,0.9929953520186245,cuda
evaluation,2380,1435,Warm B,0.5627872943878174,0.1826125830411911,0.5802469135802469,1.0,0.40320485830307007,0.2765287756919861,,cfg02_G2_D32,0.9929953520186245,cuda
evaluation,2380,1435,Warm C,0.5679189562797546,0.18044860661029816,0.6049382716049383,1.0,0.40166234970092773,0.20029067993164062,,cfg02_G2_D32,0.9929953520186245,cuda
evaluation,2381,1436,Cold,0.5539737939834595,0.17871126532554626,0.5555555555555556,1.0,0.0,0.0,,cfg02_G2_D32,0.9929953520186245,cuda
evaluation,2381,1436,Warm A,0.5585169792175293,0.18019874393939972,0.5802469135802469,1.0,0.21351034939289093,0.3371662199497223,,cfg02_G2_D32,0.9929953520186245,cuda
evaluation,2381,1436,Warm B,0.563232958316803,0.18220151960849762,0.5802469135802469,1.0,0.40047043561935425,0.24763496220111847,,cfg02_G2_D32,0.9929953520186245,cuda
evaluation,2381,1436,Warm C,0.5703259706497192,0.18387269973754883,0.6049382716049383,1.0,0.47653815150260925,0.10916139930486679,,cfg02_G2_D32,0.9929953520186245,cuda
evaluation,2382,1437,Cold,0.5531761050224304,0.17894305288791656,0.5555555555555556,1.0,0.0,0.0,,cfg02_G2_D32,0.9929953520186245,cuda
evaluation,2382,1437,Warm A,0.5557417869567871,0.18125765025615692,0.5555555555555556,1.0,0.21634109318256378,0.45796194672584534,,cfg02_G2_D32,0.9929953520186245,cuda
evaluation,2382,1437,Warm B,0.5616720914840698,0.1831967681646347,0.5802469135802469,1.0,0.40987294912338257,0.34445875883102417,,cfg02_G2_D32,0.9929953520186245,cuda
evaluation,2382,1437,Warm C,0.5688210129737854,0.183801531791687,0.6049382716049383,1.0,0.5174940824508667,0.05478937551379204,,cfg02_G2_D32,0.9929953520186245,cuda
evaluation,2383,1438,Cold,0.5528141260147095,0.17897868156433105,0.5555555555555556,1.0,0.0,0.0,,cfg02_G2_D32,0.9929953520186245,cuda
evaluation,2383,1438,Warm A,0.5548841953277588,0.18138448894023895,0.5555555555555556,1.0,0.2247956097126007,0.45335355401039124,,cfg02_G2_D32,0.9929953520186245,cuda
evaluation,2383,1438,Warm B,0.5611891150474548,0.18289203941822052,0.5802469135802469,1.0,0.4180518686771393,0.2805550694465637,,cfg02_G2_D32,0.9929953520186245,cuda
evaluation,2383,1438,Warm C,0.5674340724945068,0.1840071827173233,0.6049382716049383,1.0,0.5491780042648315,0.059925854206085205,,cfg02_G2_D32,0.9929953520186245,cuda
evaluation,2385,1440,Cold,0.5507440567016602,0.18054263293743134,0.5308641975308642,1.0,0.0,0.0,,cfg02_G2_D32,0.9929953520186245,cuda
evaluation,2385,1440,Warm A,0.5531424880027771,0.18296438455581665,0.5555555555555556,1.0,0.21090669929981232,0.43835392594337463,,cfg02_G2_D32,0.9929953520186245,cuda
evaluation,2385,1440,Warm B,0.5603134632110596,0.18255095183849335,0.6049382716049383,1.0,0.3652571737766266,0.3021332323551178,,cfg02_G2_D32,0.9929953520186245,cuda
evaluation,2385,1440,Warm C,0.5573099255561829,0.18557797372341156,0.5555555555555556,1.0,0.45761990547180176,0.41157689690589905,,cfg02_G2_D32,0.9929953520186245,cuda
evaluation,2417,1467,Cold,0.5550721883773804,0.17835022509098053,0.5555555555555556,1.0,0.0,0.0,,cfg02_G2_D32,0.9929953520186245,cuda
evaluation,2417,1467,Warm A,0.5598645210266113,0.1788123995065689,0.5555555555555556,1.0,0.18067455291748047,0.5552553534507751,,cfg02_G2_D32,0.9929953520186245,cuda
evaluation,2417,1467,Warm B,0.5671873092651367,0.17945580184459686,0.6049382716049383,1.0,0.3106343746185303,0.2712852656841278,,cfg02_G2_D32,0.9929953520186245,cuda
evaluation,2417,1467,Warm C,0.5654228925704956,0.17717495560646057,0.6049382716049383,1.0,0.28065311908721924,0.5725314021110535,,cfg02_G2_D32,0.9929953520186245,cuda
evaluation,2418,1468,Cold,0.5533064603805542,0.17867335677146912,0.5555555555555556,1.0,0.0,0.0,,cfg02_G2_D32,0.9929953520186245,cuda
evaluation,2418,1468,Warm A,0.5478026270866394,0.18185916543006897,0.48148148148148145,1.0,0.21044807136058807,0.6624655723571777,,cfg02_G2_D32,0.9929953520186245,cuda
evaluation,2418,1468,Warm B,0.5502392053604126,0.18232034146785736,0.48148148148148145,1.0,0.3039889633655548,0.6099423766136169,,cfg02_G2_D32,0.9929953520186245,cuda
evaluation,2418,1468,Warm C,0.5539302825927734,0.18534931540489197,0.5061728395061729,1.0,0.3652092516422272,0.5018737316131592,,cfg02_G2_D32,0.9929953520186245,cuda
evaluation,2419,1469,Cold,0.5560628771781921,0.17729508876800537,0.5555555555555556,1.0,0.0,0.0,,cfg02_G2_D32,0.9929953520186245,cuda
evaluation,2419,1469,Warm A,0.5618270039558411,0.1768607646226883,0.5802469135802469,1.0,0.21407613158226013,0.47038230299949646,,cfg02_G2_D32,0.9929953520186245,cuda
evaluation,2419,1469,Warm B,0.5567959547042847,0.17839987576007843,0.5555555555555556,1.0,0.23759937286376953,0.5736099481582642,,cfg02_G2_D32,0.9929953520186245,cuda
evaluation,2419,1469,Warm C,0.5623661875724792,0.1795840561389923,0.5802469135802469,1.0,0.3122755289077759,0.3973003625869751,,cfg02_G2_D32,0.9929953520186245,cuda
evaluation,2429,1477,Cold,0.5513426661491394,0.17648309469223022,0.5308641975308642,1.0,0.0,0.0,,cfg02_G2_D32,0.9929953520186245,cuda
evaluation,2429,1477,Warm A,0.5533642172813416,0.17869117856025696,0.5308641975308642,1.0,0.19871845841407776,0.530366837978363,,cfg02_G2_D32,0.9929953520186245,cuda
evaluation,2429,1477,Warm B,0.5575699210166931,0.1798698753118515,0.5555555555555556,1.0,0.3625941276550293,0.2705519199371338,,cfg02_G2_D32,0.9929953520186245,cuda
evaluation,2429,1477,Warm C,0.5576678514480591,0.17669804394245148,0.5308641975308642,1.0,0.29615509510040283,0.2752189636230469,,cfg02_G2_D32,0.9929953520186245,cuda
evaluation,2430,1478,Cold,0.5619326233863831,0.17825545370578766,0.5061728395061729,1.0,0.0,0.0,,cfg02_G2_D32,0.9929953520186245,cuda
evaluation,2430,1478,Warm A,0.5599311590194702,0.18010903894901276,0.5061728395061729,1.0,0.22831308841705322,0.7384902834892273,,cfg02_G2_D32,0.9929953520186245,cuda
evaluation,2430,1478,Warm B,0.558954119682312,0.1815001517534256,0.5061728395061729,1.0,0.4238881468772888,0.5490278601646423,,cfg02_G2_D32,0.9929953520186245,cuda
evaluation,2430,1478,Warm C,0.5597363114356995,0.18027593195438385,0.5308641975308642,1.0,0.4123012125492096,0.5945730209350586,,cfg02_G2_D32,0.9929953520186245,cuda
evaluation,2432,1480,Cold,0.5538683533668518,0.18087047338485718,0.5555555555555556,1.0,0.0,0.0,,cfg02_G2_D32,0.9929953520186245,cuda
evaluation,2432,1480,Warm A,0.5565553903579712,0.1827506273984909,0.5555555555555556,1.0,0.19304490089416504,0.6068974137306213,,cfg02_G2_D32,0.9929953520186245,cuda
evaluation,2432,1480,Warm B,0.5588455200195312,0.1859891414642334,0.5555555555555556,1.0,0.33936548233032227,0.4273378551006317,,cfg02_G2_D32,0.9929953520186245,cuda
evaluation,2432,1480,Warm C,0.5637674927711487,0.18555104732513428,0.5555555555555556,1.0,0.47861921787261963,0.3387688994407654,,cfg02_G2_D32,0.9929953520186245,cuda
evaluation,2435,1482,Cold,0.5538683533668518,0.18087047338485718,0.5555555555555556,1.0,0.0,0.0,,cfg02_G2_D32,0.9929953520186245,cuda
evaluation,2435,1482,Warm A,0.5562238693237305,0.1829288750886917,0.5555555555555556,1.0,0.1914007067680359,0.5760604739189148,,cfg02_G2_D32,0.9929953520186245,cuda
evaluation,2435,1482,Warm B,0.5500079393386841,0.18524259328842163,0.5061728395061729,1.0,0.28433164954185486,0.6343429684638977,,cfg02_G2_D32,0.9929953520186245,cuda
evaluation,2435,1482,Warm C,0.5502114295959473,0.18491344153881073,0.5308641975308642,1.0,0.3087829649448395,0.521462082862854,,cfg02_G2_D32,0.9929953520186245,cuda
evaluation,2436,1483,Cold,0.5499008297920227,0.18233385682106018,0.5308641975308642,1.0,0.0,0.0,,cfg02_G2_D32,0.9929953520186245,cuda
evaluation,2436,1483,Warm A,0.550877034664154,0.18040308356285095,0.5555555555555556,1.0,0.22246521711349487,0.5379797220230103,,cfg02_G2_D32,0.9929953520186245,cuda
evaluation,2436,1483,Warm B,0.5498393177986145,0.18223823606967926,0.5308641975308642,1.0,0.17436525225639343,0.6458629965782166,,cfg02_G2_D32,0.9929953520186245,cuda
evaluation,2436,1483,Warm C,0.5526940226554871,0.1812947541475296,0.5308641975308642,1.0,0.22113347053527832,0.5556859970092773,,cfg02_G2_D32,0.9929953520186245,cuda
evaluation,2437,1484,Cold,0.5540412664413452,0.18088319897651672,0.5555555555555556,1.0,0.0,0.0,,cfg02_G2_D32,0.9929953520186245,cuda
evaluation,2437,1484,Warm A,0.5493079423904419,0.184358611702919,0.5308641975308642,1.0,0.2433958202600479,0.819976806640625,,cfg02_G2_D32,0.9929953520186245,cuda
evaluation,2437,1484,Warm B,0.5474842190742493,0.18226215243339539,0.5555555555555556,1.0,0.2555347979068756,0.5898538827896118,,cfg02_G2_D32,0.9929953520186245,cuda
evaluation,2437,1484,Warm C,0.5540287494659424,0.17923448979854584,0.5555555555555556,1.0,0.2121139019727707,0.45426973700523376,,cfg02_G2_D32,0.9929953520186245,cuda
evaluation,2439,1485,Cold,0.5540412664413452,0.18088319897651672,0.5555555555555556,1.0,0.0,0.0,,cfg02_G2_D32,0.9929953520186245,cuda
evaluation,2439,1485,Warm A,0.5468413233757019,0.18339969217777252,0.5061728395061729,1.0,0.227306067943573,0.7105624079704285,,cfg02_G2_D32,0.9929953520186245,cuda
evaluation,2439,1485,Warm B,0.5456172823905945,0.1867937594652176,0.5308641975308642,1.0,0.35928595066070557,0.6189842224121094,,cfg02_G2_D32,0.9929953520186245,cuda
evaluation,2439,1485,Warm C,0.5411580204963684,0.1873263716697693,0.5061728395061729,1.0,0.47662219405174255,0.6464637517929077,,cfg02_G2_D32,0.9929953520186245,cuda
evaluation,2442,1486,Cold,0.5536280870437622,0.17935334146022797,0.5555555555555556,1.0,0.0,0.0,,cfg02_G2_D32,0.9929953520186245,cuda
evaluation,2442,1486,Warm A,0.5560303926467896,0.1797948181629181,0.5308641975308642,1.0,0.20522825419902802,0.5422322154045105,,cfg02_G2_D32,0.9929953520186245,cuda
evaluation,2442,1486,Warm B,0.5605684518814087,0.17656981945037842,0.5555555555555556,1.0,0.3468199372291565,0.5129640698432922,,cfg02_G2_D32,0.9929953520186245,cuda
evaluation,2442,1486,Warm C,0.5543352961540222,0.17936508357524872,0.5308641975308642,1.0,0.2582879662513733,0.5528785586357117,,cfg02_G2_D32,0.9929953520186245,cuda
evaluation,2443,1487,Cold,0.5522814989089966,0.17896141111850739,0.5802469135802469,1.0,0.0,0.0,,cfg02_G2_D32,0.9929953520186245,cuda
evaluation,2443,1487,Warm A,0.5496824979782104,0.1816920042037964,0.5308641975308642,1.0,0.2187073528766632,0.7498876452445984,,cfg02_G2_D32,0.9929953520186245,cuda
evaluation,2443,1487,Warm B,0.5465208292007446,0.17930029332637787,0.5061728395061729,1.0,0.2712542712688446,0.5690041184425354,,cfg02_G2_D32,0.9929953520186245,cuda
evaluation,2443,1487,Warm C,0.5509893298149109,0.17733259499073029,0.5308641975308642,1.0,0.29149967432022095,0.5636464953422546,,cfg02_G2_D32,0.9929953520186245,cuda
evaluation,2445,1488,Cold,0.5536708235740662,0.17943143844604492,0.5555555555555556,1.0,0.0,0.0,,cfg02_G2_D32,0.9929953520186245,cuda
evaluation,2445,1488,Warm A,0.5491620302200317,0.18321311473846436,0.5555555555555556,1.0,0.22558574378490448,0.6858108639717102,,cfg02_G2_D32,0.9929953520186245,cuda
evaluation,2445,1488,Warm B,0.5509421229362488,0.18474674224853516,0.5308641975308642,1.0,0.30177992582321167,0.45736929774284363,,cfg02_G2_D32,0.9929953520186245,cuda
evaluation,2445,1488,Warm C,0.5576601624488831,0.18230877816677094,0.5308641975308642,1.0,0.35983821749687195,0.34280264377593994,,cfg02_G2_D32,0.9929953520186245,cuda
evaluation,2446,1489,Cold,0.5513198971748352,0.17854894697666168,0.5308641975308642,1.0,0.0,0.0,,cfg02_G2_D32,0.9929953520186245,cuda
evaluation,2446,1489,Warm A,0.5544434785842896,0.17981266975402832,0.5555555555555556,1.0,0.19090615212917328,0.3855026364326477,,cfg02_G2_D32,0.9929953520186245,cuda
evaluation,2446,1489,Warm B,0.5569367408752441,0.18267905712127686,0.5555555555555556,1.0,0.32510530948638916,0.419178307056427,,cfg02_G2_D32,0.9929953520186245,cuda
evaluation,2446,1489,Warm C,0.547856330871582,0.18318414688110352,0.5061728395061729,1.0,0.4353051781654358,0.4986964166164398,,cfg02_G2_D32,0.9929953520186245,cuda
evaluation,2448,1491,Cold,0.5510085225105286,0.17601977288722992,0.5308641975308642,1.0,0.0,0.0,,cfg02_G2_D32,0.9929953520186245,cuda
evaluation,2448,1491,Warm A,0.5592149496078491,0.17467854917049408,0.5802469135802469,1.0,0.2189471423625946,0.3899398744106293,,cfg02_G2_D32,0.9929953520186245,cuda
evaluation,2448,1491,Warm B,0.5606257319450378,0.17660821974277496,0.5802469135802469,1.0,0.28762805461883545,0.4189460873603821,,cfg02_G2_D32,0.9929953520186245,cuda
evaluation,2448,1491,Warm C,0.5662834048271179,0.1772521734237671,0.6049382716049383,1.0,0.45746055245399475,0.2959173619747162,,cfg02_G2_D32,0.9929953520186245,cuda
evaluation,2451,1493,Cold,0.5531531572341919,0.17116394639015198,0.5555555555555556,1.0,0.0,0.0,,cfg02_G2_D32,0.9929953520186245,cuda
evaluation,2451,1493,Warm A,0.559313952922821,0.1708439588546753,0.5802469135802469,1.0,0.2290475219488144,0.4992363154888153,,cfg02_G2_D32,0.9929953520186245,cuda
evaluation,2451,1493,Warm B,0.5618435740470886,0.17133969068527222,0.5802469135802469,1.0,0.3605705499649048,0.3751939535140991,,cfg02_G2_D32,0.9929953520186245,cuda
evaluation,2451,1493,Warm C,0.564430296421051,0.17346972227096558,0.5802469135802469,1.0,0.5267528295516968,0.3169195353984833,,cfg02_G2_D32,0.9929953520186245,cuda
evaluation,2453,1494,Cold,0.5562758445739746,0.17423246800899506,0.5555555555555556,1.0,0.0,0.0,,cfg02_G2_D32,0.9929953520186245,cuda
evaluation,2453,1494,Warm A,0.5533523559570312,0.1766124665737152,0.5308641975308642,1.0,0.20857089757919312,0.6207029223442078,,cfg02_G2_D32,0.9929953520186245,cuda
evaluation,2453,1494,Warm B,0.5536682605743408,0.17711526155471802,0.5061728395061729,1.0,0.3069345951080322,0.6379395127296448,,cfg02_G2_D32,0.9929953520186245,cuda
evaluation,2453,1494,Warm C,0.5543268322944641,0.18079335987567902,0.5061728395061729,1.0,0.44920605421066284,0.6058239936828613,,cfg02_G2_D32,0.9929953520186245,cuda
evaluation,2458,1499,Cold,0.5541141629219055,0.1749546080827713,0.5555555555555556,1.0,0.0,0.0,,cfg02_G2_D32,0.9929953520186245,cuda
evaluation,2458,1499,Warm A,0.5534502863883972,0.17800837755203247,0.5308641975308642,1.0,0.22626163065433502,0.7548394203186035,,cfg02_G2_D32,0.9929953520186245,cuda
evaluation,2458,1499,Warm B,0.5560429692268372,0.18068087100982666,0.5308641975308642,1.0,0.3466182053089142,0.4194135367870331,,cfg02_G2_D32,0.9929953520186245,cuda
evaluation,2458,1499,Warm C,0.5595740675926208,0.18288081884384155,0.5308641975308642,1.0,0.49774736166000366,0.4483916461467743,,cfg02_G2_D32,0.9929953520186245,cuda
evaluation,2460,1501,Cold,0.5550954341888428,0.17107757925987244,0.5555555555555556,1.0,0.0,0.0,,cfg02_G2_D32,0.9929953520186245,cuda
evaluation,2460,1501,Warm A,0.5586716532707214,0.17284801602363586,0.5555555555555556,1.0,0.23697030544281006,0.564639687538147,,cfg02_G2_D32,0.9929953520186245,cuda
evaluation,2460,1501,Warm B,0.5522598624229431,0.17315256595611572,0.5061728395061729,1.0,0.3319954574108124,0.5248434543609619,,cfg02_G2_D32,0.9929953520186245,cuda
evaluation,2460,1501,Warm C,0.5564491152763367,0.17393116652965546,0.5802469135802469,1.0,0.4926108121871948,0.45465269684791565,,cfg02_G2_D32,0.9929953520186245,cuda
evaluation,2461,1502,Cold,0.5538780093193054,0.1720607578754425,0.5555555555555556,1.0,0.0,0.0,,cfg02_G2_D32,0.9929953520186245,cuda
evaluation,2461,1502,Warm A,0.5607567429542542,0.17241007089614868,0.6049382716049383,1.0,0.23132365942001343,0.32356706261634827,,cfg02_G2_D32,0.9929953520186245,cuda
evaluation,2461,1502,Warm B,0.5680348873138428,0.17283087968826294,0.6296296296296297,1.0,0.41691872477531433,0.17062346637248993,,cfg02_G2_D32,0.9929953520186245,cuda
evaluation,2461,1502,Warm C,0.560306191444397,0.17499813437461853,0.6049382716049383,1.0,0.3773804306983948,0.39079248905181885,,cfg02_G2_D32,0.9929953520186245,cuda
evaluation,2472,1509,Cold,0.5537142753601074,0.17789997160434723,0.5555555555555556,1.0,0.0,0.0,,cfg02_G2_D32,0.9929953520186245,cuda
evaluation,2472,1509,Warm A,0.5555852055549622,0.18000715970993042,0.5555555555555556,1.0,0.21039195358753204,0.49174806475639343,,cfg02_G2_D32,0.9929953520186245,cuda
evaluation,2472,1509,Warm B,0.5574254989624023,0.18147066235542297,0.5555555555555556,1.0,0.38930872082710266,0.5031773447990417,,cfg02_G2_D32,0.9929953520186245,cuda
evaluation,2472,1509,Warm C,0.5652351975440979,0.18132804334163666,0.6049382716049383,1.0,0.3667171895503998,0.31948432326316833,,cfg02_G2_D32,0.9929953520186245,cuda
evaluation,2473,1510,Cold,0.554157555103302,0.1777152717113495,0.5555555555555556,1.0,0.0,0.0,,cfg02_G2_D32,0.9929953520186245,cuda
evaluation,2473,1510,Warm A,0.5596426725387573,0.17913509905338287,0.5802469135802469,1.0,0.21251018345355988,0.4121284484863281,,cfg02_G2_D32,0.9929953520186245,cuda
evaluation,2473,1510,Warm B,0.5661209225654602,0.18030282855033875,0.5802469135802469,1.0,0.37742969393730164,0.2213793843984604,,cfg02_G2_D32,0.9929953520186245,cuda
evaluation,2473,1510,Warm C,0.5646792650222778,0.17883048951625824,0.5802469135802469,1.0,0.2600997984409332,0.31922072172164917,,cfg02_G2_D32,0.9929953520186245,cuda
evaluation,2475,1512,Cold,0.5561455488204956,0.17515034973621368,0.5555555555555556,1.0,0.0,0.0,,cfg02_G2_D32,0.9929953520186245,cuda
evaluation,2475,1512,Warm A,0.5555202960968018,0.1750008910894394,0.5555555555555556,1.0,0.230061873793602,0.6491474509239197,,cfg02_G2_D32,0.9929953520186245,cuda
evaluation,2475,1512,Warm B,0.55817049741745,0.17487558722496033,0.5802469135802469,1.0,0.24321609735488892,0.4948473870754242,,cfg02_G2_D32,0.9929953520186245,cuda
evaluation,2475,1512,Warm C,0.5612437725067139,0.1752588152885437,0.5802469135802469,1.0,0.29881343245506287,0.44882628321647644,,cfg02_G2_D32,0.9929953520186245,cuda
evaluation,2488,1516,Cold,0.5611283183097839,0.17593710124492645,0.5061728395061729,1.0,0.0,0.0,,cfg02_G2_D32,0.9929953520186245,cuda
evaluation,2488,1516,Warm A,0.5609038472175598,0.17658141255378723,0.5308641975308642,1.0,0.19459018111228943,0.5189907550811768,,cfg02_G2_D32,0.9929953520186245,cuda
evaluation,2488,1516,Warm B,0.5596352219581604,0.17861661314964294,0.5061728395061729,1.0,0.23536285758018494,0.7499546408653259,,cfg02_G2_D32,0.9929953520186245,cuda
evaluation,2488,1516,Warm C,0.5531496405601501,0.1793293058872223,0.48148148148148145,1.0,0.3960685431957245,0.3536907136440277,,cfg02_G2_D32,0.9929953520186245,cuda
evaluation,2491,1518,Cold,0.5501875281333923,0.18181398510932922,0.5308641975308642,1.0,0.0,0.0,,cfg02_G2_D32,0.9929953520186245,cuda
evaluation,2491,1518,Warm A,0.5520668029785156,0.18310384452342987,0.5308641975308642,1.0,0.1679214984178543,0.5095529556274414,,cfg02_G2_D32,0.9929953520186245,cuda
evaluation,2491,1518,Warm B,0.5540260672569275,0.18475200235843658,0.5555555555555556,1.0,0.3357740640640259,0.39795300364494324,,cfg02_G2_D32,0.9929953520186245,cuda
evaluation,2491,1518,Warm C,0.5495299100875854,0.1829526573419571,0.5308641975308642,1.0,0.3000752031803131,0.4118666648864746,,cfg02_G2_D32,0.9929953520186245,cuda
evaluation,2492,1519,Cold,0.550693154335022,0.18063203990459442,0.5308641975308642,1.0,0.0,0.0,,cfg02_G2_D32,0.9929953520186245,cuda
evaluation,2492,1519,Warm A,0.5454056262969971,0.18380169570446014,0.5308641975308642,1.0,0.20757286250591278,0.6515820622444153,,cfg02_G2_D32,0.9929953520186245,cuda
evaluation,2492,1519,Warm B,0.544248104095459,0.18824851512908936,0.5061728395061729,1.0,0.3382720649242401,0.5435692667961121,,cfg02_G2_D32,0.9929953520186245,cuda
evaluation,2492,1519,Warm C,0.5456689596176147,0.189963236451149,0.5555555555555556,1.0,0.43597152829170227,0.5593039393424988,,cfg02_G2_D32,0.9929953520186245,cuda
evaluation,2495,1520,Cold,0.5583275556564331,0.17461492121219635,0.5555555555555556,1.0,0.0,0.0,,cfg02_G2_D32,0.9929953520186245,cuda
evaluation,2495,1520,Warm A,0.5632686614990234,0.1719147264957428,0.6049382716049383,1.0,0.23754766583442688,0.4773244559764862,,cfg02_G2_D32,0.9929953520186245,cuda
evaluation,2495,1520,Warm B,0.5553550124168396,0.17436328530311584,0.5555555555555556,1.0,0.11427489668130875,0.7315208315849304,,cfg02_G2_D32,0.9929953520186245,cuda
evaluation,2495,1520,Warm C,0.5529710054397583,0.17512239515781403,0.5308641975308642,1.0,0.22233043611049652,0.701985776424408,,cfg02_G2_D32,0.9929953520186245,cuda
evaluation,2497,1522,Cold,0.5493534207344055,0.17968252301216125,0.5308641975308642,1.0,0.0,0.0,,cfg02_G2_D32,0.9929953520186245,cuda
evaluation,2497,1522,Warm A,0.5497519373893738,0.18277212977409363,0.5308641975308642,1.0,0.1874600052833557,0.4545500874519348,,cfg02_G2_D32,0.9929953520186245,cuda
evaluation,2497,1522,Warm B,0.5502828359603882,0.18344132602214813,0.5308641975308642,1.0,0.32507604360580444,0.5134374499320984,,cfg02_G2_D32,0.9929953520186245,cuda
evaluation,2497,1522,Warm C,0.5493103861808777,0.18027523159980774,0.5061728395061729,1.0,0.2548274099826813,0.5445802807807922,,cfg02_G2_D32,0.9929953520186245,cuda
evaluation,2498,1523,Cold,0.5496759414672852,0.17823758721351624,0.5308641975308642,1.0,0.0,0.0,,cfg02_G2_D32,0.9929953520186245,cuda
evaluation,2498,1523,Warm A,0.5503114461898804,0.18206818401813507,0.5555555555555556,1.0,0.21066325902938843,0.5175670981407166,,cfg02_G2_D32,0.9929953520186245,cuda
evaluation,2498,1523,Warm B,0.5551866888999939,0.18378350138664246,0.5555555555555556,1.0,0.36555466055870056,0.29447799921035767,,cfg02_G2_D32,0.9929953520186245,cuda
evaluation,2498,1523,Warm C,0.5615201592445374,0.1821201890707016,0.6049382716049383,1.0,0.3239007890224457,0.24202227592468262,,cfg02_G2_D32,0.9929953520186245,cuda
evaluation,2500,1524,Cold,0.5498665571212769,0.18291935324668884,0.5308641975308642,1.0,0.0,0.0,,cfg02_G2_D32,0.9929953520186245,cuda
evaluation,2500,1524,Warm A,0.5505731105804443,0.18606501817703247,0.5308641975308642,1.0,0.20920971035957336,0.5540873408317566,,cfg02_G2_D32,0.9929953520186245,cuda
evaluation,2500,1524,Warm B,0.5491980314254761,0.19058267772197723,0.5308641975308642,1.0,0.3834161162376404,0.5651655197143555,,cfg02_G2_D32,0.9929953520186245,cuda
evaluation,2500,1524,Warm C,0.551318347454071,0.18651258945465088,0.5308641975308642,1.0,0.2654665410518646,0.4534866511821747,,cfg02_G2_D32,0.9929953520186245,cuda
evaluation,2504,1527,Cold,0.5512743592262268,0.18225450813770294,0.5308641975308642,1.0,0.0,0.0,,cfg02_G2_D32,0.9929953520186245,cuda
evaluation,2504,1527,Warm A,0.5532063841819763,0.18508468568325043,0.5308641975308642,1.0,0.19660668075084686,0.5701572299003601,,cfg02_G2_D32,0.9929953520186245,cuda
evaluation,2504,1527,Warm B,0.5494343042373657,0.1879103034734726,0.5308641975308642,1.0,0.35589954257011414,0.6184168457984924,,cfg02_G2_D32,0.9929953520186245,cuda
evaluation,2504,1527,Warm C,0.5505906343460083,0.18909209966659546,0.5308641975308642,1.0,0.41006219387054443,0.5684793591499329,,cfg02_G2_D32,0.9929953520186245,cuda
evaluation,2506,1529,Cold,0.552618682384491,0.18057964742183685,0.5308641975308642,1.0,0.0,0.0,,cfg02_G2_D32,0.9929953520186245,cuda
evaluation,2506,1529,Warm A,0.5572322607040405,0.17918279767036438,0.5802469135802469,1.0,0.2289021909236908,0.5637300610542297,,cfg02_G2_D32,0.9929953520186245,cuda
evaluation,2506,1529,Warm B,0.5654921531677246,0.17749300599098206,0.5802469135802469,1.0,0.3928331434726715,0.4001014828681946,,cfg02_G2_D32,0.9929953520186245,cuda
evaluation,2506,1529,Warm C,0.5611128807067871,0.17835822701454163,0.5802469135802469,1.0,0.37218496203422546,0.682608425617218,,cfg02_G2_D32,0.9929953520186245,cuda
evaluation,2511,1530,Cold,0.5596058964729309,0.17185382544994354,0.5802469135802469,1.0,0.0,0.0,,cfg02_G2_D32,0.9929953520186245,cuda
evaluation,2511,1530,Warm A,0.553375780582428,0.17360593378543854,0.5802469135802469,1.0,0.22181488573551178,0.5465800166130066,,cfg02_G2_D32,0.9929953520186245,cuda
evaluation,2511,1530,Warm B,0.5579075217247009,0.1711702048778534,0.5802469135802469,1.0,0.18355512619018555,0.4036543369293213,,cfg02_G2_D32,0.9929953520186245,cuda
evaluation,2511,1530,Warm C,0.5533818006515503,0.17367815971374512,0.5308641975308642,1.0,0.2639811635017395,0.4804205000400543,,cfg02_G2_D32,0.9929953520186245,cuda
evaluation,2514,1532,Cold,0.5551050305366516,0.17060448229312897,0.5802469135802469,1.0,0.0,0.0,,cfg02_G2_D32,0.9929953520186245,cuda
evaluation,2514,1532,Warm A,0.5571770668029785,0.17256984114646912,0.5802469135802469,1.0,0.2003130465745926,0.5342786908149719,,cfg02_G2_D32,0.9929953520186245,cuda
evaluation,2514,1532,Warm B,0.5619239211082458,0.1731238067150116,0.6049382716049383,1.0,0.3138920068740845,0.36771413683891296,,cfg02_G2_D32,0.9929953520186245,cuda
evaluation,2514,1532,Warm C,0.5703354477882385,0.17122969031333923,0.6049382716049383,1.0,0.42017662525177,0.12756848335266113,,cfg02_G2_D32,0.9929953520186245,cuda
evaluation,2519,1535,Cold,0.5628171563148499,0.17068886756896973,0.5308641975308642,1.0,0.0,0.0,,cfg02_G2_D32,0.9929953520186245,cuda
evaluation,2519,1535,Warm A,0.5666329860687256,0.1694193184375763,0.5555555555555556,1.0,0.21581651270389557,0.5809956192970276,,cfg02_G2_D32,0.9929953520186245,cuda
evaluation,2519,1535,Warm B,0.5589520931243896,0.16994161903858185,0.5061728395061729,1.0,0.16651372611522675,0.6790359616279602,,cfg02_G2_D32,0.9929953520186245,cuda
evaluation,2519,1535,Warm C,0.5633191466331482,0.16904059052467346,0.5555555555555556,1.0,0.23272940516471863,0.45345622301101685,,cfg02_G2_D32,0.9929953520186245,cuda
evaluation,2520,1536,Cold,0.5608546733856201,0.17847806215286255,0.5555555555555556,1.0,0.0,0.0,,cfg02_G2_D32,0.9929953520186245,cuda
evaluation,2520,1536,Warm A,0.558810830116272,0.18085773289203644,0.5802469135802469,1.0,0.23127475380897522,0.7842639088630676,,cfg02_G2_D32,0.9929953520186245,cuda
evaluation,2520,1536,Warm B,0.56327885389328,0.17889025807380676,0.5802469135802469,1.0,0.0822865217924118,0.538114070892334,,cfg02_G2_D32,0.9929953520186245,cuda
evaluation,2520,1536,Warm C,0.5647317171096802,0.18196971714496613,0.5802469135802469,1.0,0.26541557908058167,0.6355452537536621,,cfg02_G2_D32,0.9929953520186245,cuda
evaluation,2521,1537,Cold,0.557192325592041,0.17675921320915222,0.5802469135802469,1.0,0.0,0.0,,cfg02_G2_D32,0.9929953520186245,cuda
evaluation,2521,1537,Warm A,0.5546492338180542,0.1797824203968048,0.5802469135802469,1.0,0.23011285066604614,0.6669837832450867,,cfg02_G2_D32,0.9929953520186245,cuda
evaluation,2521,1537,Warm B,0.5547495484352112,0.18300911784172058,0.5555555555555556,1.0,0.4394378960132599,0.62339848279953,,cfg02_G2_D32,0.9929953520186245,cuda
evaluation,2521,1537,Warm C,0.5556713342666626,0.18415164947509766,0.5308641975308642,1.0,0.49282121658325195,0.49498429894447327,,cfg02_G2_D32,0.9929953520186245,cuda
evaluation,2522,1538,Cold,0.5575948357582092,0.17829035222530365,0.5555555555555556,1.0,0.0,0.0,,cfg02_G2_D32,0.9929953520186245,cuda
evaluation,2522,1538,Warm A,0.5557088255882263,0.18126223981380463,0.5555555555555556,1.0,0.2347087562084198,0.7828505635261536,,cfg02_G2_D32,0.9929953520186245,cuda
evaluation,2522,1538,Warm B,0.5549200773239136,0.18482846021652222,0.5308641975308642,1.0,0.44436612725257874,0.7176925539970398,,cfg02_G2_D32,0.9929953520186245,cuda
evaluation,2522,1538,Warm C,0.5555344820022583,0.18615038692951202,0.5308641975308642,1.0,0.5676002502441406,0.37376534938812256,,cfg02_G2_D32,0.9929953520186245,cuda
evaluation,2525,1540,Cold,0.5562360286712646,0.17045754194259644,0.5802469135802469,1.0,0.0,0.0,,cfg02_G2_D32,0.9929953520186245,cuda
evaluation,2525,1540,Warm A,0.5562711358070374,0.17309249937534332,0.5308641975308642,1.0,0.2239840179681778,0.6237996220588684,,cfg02_G2_D32,0.9929953520186245,cuda
evaluation,2525,1540,Warm B,0.5605161190032959,0.17590071260929108,0.5555555555555556,1.0,0.4211764633655548,0.4292040467262268,,cfg02_G2_D32,0.9929953520186245,cuda
evaluation,2525,1540,Warm C,0.5662831664085388,0.17486122250556946,0.5802469135802469,1.0,0.35313880443573,0.27204132080078125,,cfg02_G2_D32,0.9929953520186245,cuda
evaluation,2526,1541,Cold,0.5558101534843445,0.170228511095047,0.5802469135802469,1.0,0.0,0.0,,cfg02_G2_D32,0.9929953520186245,cuda
evaluation,2526,1541,Warm A,0.5590094327926636,0.17153964936733246,0.5555555555555556,1.0,0.22693628072738647,0.5916118025779724,,cfg02_G2_D32,0.9929953520186245,cuda
evaluation,2526,1541,Warm B,0.5641231536865234,0.17285273969173431,0.5802469135802469,1.0,0.3817574977874756,0.29101991653442383,,cfg02_G2_D32,0.9929953520186245,cuda
evaluation,2526,1541,Warm C,0.5668601989746094,0.17252862453460693,0.5802469135802469,1.0,0.2998453974723816,0.25474920868873596,,cfg02_G2_D32,0.9929953520186245,cuda
evaluation,2535,1549,Cold,0.5560970306396484,0.17209748923778534,0.5555555555555556,1.0,0.0,0.0,,cfg02_G2_D32,0.9929953520186245,cuda
evaluation,2535,1549,Warm A,0.5579205751419067,0.17385217547416687,0.5555555555555556,1.0,0.22959092259407043,0.6876328587532043,,cfg02_G2_D32,0.9929953520186245,cuda
evaluation,2535,1549,Warm B,0.564767062664032,0.17309732735157013,0.5555555555555556,1.0,0.2806788682937622,0.39847439527511597,,cfg02_G2_D32,0.9929953520186245,cuda
evaluation,2535,1549,Warm C,0.5687730312347412,0.1755496710538864,0.5802469135802469,1.0,0.4559146463871002,0.31574559211730957,,cfg02_G2_D32,0.9929953520186245,cuda
evaluation,2540,1551,Cold,0.5524140000343323,0.1790047585964203,0.5308641975308642,1.0,0.0,0.0,,cfg02_G2_D32,0.9929953520186245,cuda
evaluation,2540,1551,Warm A,0.5548734664916992,0.18030081689357758,0.5308641975308642,1.0,0.2136225402355194,0.51693195104599,,cfg02_G2_D32,0.9929953520186245,cuda
evaluation,2540,1551,Warm B,0.5608575344085693,0.17959053814411163,0.6049382716049383,1.0,0.34109818935394287,0.30024901032447815,,cfg02_G2_D32,0.9929953520186245,cuda
evaluation,2540,1551,Warm C,0.5581960678100586,0.17988340556621552,0.5308641975308642,1.0,0.36267465353012085,0.4003417193889618,,cfg02_G2_D32,0.9929953520186245,cuda
evaluation,2546,1554,Cold,0.5536165833473206,0.1803109049797058,0.5802469135802469,1.0,0.0,0.0,,cfg02_G2_D32,0.9929953520186245,cuda
evaluation,2546,1554,Warm A,0.556628406047821,0.18319515883922577,0.5802469135802469,1.0,0.20809385180473328,0.5129685401916504,,cfg02_G2_D32,0.9929953520186245,cuda
evaluation,2546,1554,Warm B,0.5572296977043152,0.1826135367155075,0.6049382716049383,1.0,0.24973249435424805,0.5923061370849609,,cfg02_G2_D32,0.9929953520186245,cuda
evaluation,2546,1554,Warm C,0.5601147413253784,0.1854064017534256,0.5802469135802469,1.0,0.4191324710845947,0.48328372836112976,,cfg02_G2_D32,0.9929953520186245,cuda
evaluation,2548,1555,Cold,0.5517401099205017,0.17421498894691467,0.5308641975308642,1.0,0.0,0.0,,cfg02_G2_D32,0.9929953520186245,cuda
evaluation,2548,1555,Warm A,0.553830623626709,0.17580100893974304,0.5802469135802469,1.0,0.2180672436952591,0.4409677982330322,,cfg02_G2_D32,0.9929953520186245,cuda
evaluation,2548,1555,Warm B,0.5624914765357971,0.1741490364074707,0.5802469135802469,1.0,0.3021770417690277,0.24750904738903046,,cfg02_G2_D32,0.9929953520186245,cuda
evaluation,2548,1555,Warm C,0.5692769885063171,0.17112456262111664,0.6049382716049383,1.0,0.46458369493484497,0.17751914262771606,,cfg02_G2_D32,0.9929953520186245,cuda
evaluation,2549,1556,Cold,0.5515941381454468,0.17742109298706055,0.5308641975308642,1.0,0.0,0.0,,cfg02_G2_D32,0.9929953520186245,cuda
evaluation,2549,1556,Warm A,0.5564941763877869,0.17873141169548035,0.5802469135802469,1.0,0.20628847181797028,0.3618679940700531,,cfg02_G2_D32,0.9929953520186245,cuda
evaluation,2549,1556,Warm B,0.5514013767242432,0.18156622350215912,0.5308641975308642,1.0,0.3161679208278656,0.5364385843276978,,cfg02_G2_D32,0.9929953520186245,cuda
evaluation,2549,1556,Warm C,0.5480756759643555,0.18206965923309326,0.5555555555555556,1.0,0.4687284827232361,0.5072874426841736,,cfg02_G2_D32,0.9929953520186245,cuda
evaluation,2550,1557,Cold,0.5609934329986572,0.1725262999534607,0.5061728395061729,1.0,0.0,0.0,,cfg02_G2_D32,0.9929953520186245,cuda
evaluation,2550,1557,Warm A,0.5648201704025269,0.17212453484535217,0.5308641975308642,1.0,0.23870736360549927,0.5199617743492126,,cfg02_G2_D32,0.9929953520186245,cuda
evaluation,2550,1557,Warm B,0.5696853995323181,0.17183995246887207,0.5308641975308642,1.0,0.37371140718460083,0.5256573557853699,,cfg02_G2_D32,0.9929953520186245,cuda
evaluation,2550,1557,Warm C,0.5673422813415527,0.17323049902915955,0.5308641975308642,1.0,0.3395286500453949,0.585667073726654,,cfg02_G2_D32,0.9929953520186245,cuda
evaluation,2551,1558,Cold,0.5544264316558838,0.17673969268798828,0.5555555555555556,1.0,0.0,0.0,,cfg02_G2_D32,0.9929953520186245,cuda
evaluation,2551,1558,Warm A,0.5539249181747437,0.17598353326320648,0.5555555555555556,1.0,0.21277247369289398,0.48648500442504883,,cfg02_G2_D32,0.9929953520186245,cuda
evaluation,2551,1558,Warm B,0.5516358613967896,0.17896805703639984,0.5555555555555556,1.0,0.2448626458644867,0.6598138213157654,,cfg02_G2_D32,0.9929953520186245,cuda
evaluation,2551,1558,Warm C,0.5555501580238342,0.17743061482906342,0.5308641975308642,1.0,0.33880776166915894,0.5887423753738403,,cfg02_G2_D32,0.9929953520186245,cuda
evaluation,2554,1560,Cold,0.5605945587158203,0.17234018445014954,0.5061728395061729,1.0,0.0,0.0,,cfg02_G2_D32,0.9929953520186245,cuda
evaluation,2554,1560,Warm A,0.565701425075531,0.17385277152061462,0.5555555555555556,1.0,0.2144852876663208,0.4821914732456207,,cfg02_G2_D32,0.9929953520186245,cuda
evaluation,2554,1560,Warm B,0.5665463209152222,0.1760650873184204,0.6049382716049383,1.0,0.2660887539386749,0.5490729808807373,,cfg02_G2_D32,0.9929953520186245,cuda
evaluation,2554,1560,Warm C,0.5617271661758423,0.17580625414848328,0.6049382716049383,1.0,0.2724146246910095,0.6504672169685364,,cfg02_G2_D32,0.9929953520186245,cuda
evaluation,2555,1561,Cold,0.5491749048233032,0.181390643119812,0.5308641975308642,1.0,0.0,0.0,,cfg02_G2_D32,0.9929953520186245,cuda
evaluation,2555,1561,Warm A,0.5472889542579651,0.1858089566230774,0.5308641975308642,1.0,0.22898134589195251,0.6803514361381531,,cfg02_G2_D32,0.9929953520186245,cuda
evaluation,2555,1561,Warm B,0.550625741481781,0.18931327760219574,0.5308641975308642,1.0,0.3949521481990814,0.33317503333091736,,cfg02_G2_D32,0.9929953520186245,cuda
evaluation,2555,1561,Warm C,0.5557234287261963,0.19253000617027283,0.5802469135802469,1.0,0.5754833221435547,0.14876233041286469,,cfg02_G2_D32,0.9929953520186245,cuda
evaluation,2560,1563,Cold,0.5519437193870544,0.177995964884758,0.5308641975308642,1.0,0.0,0.0,,cfg02_G2_D32,0.9929953520186245,cuda
evaluation,2560,1563,Warm A,0.551207423210144,0.18178342282772064,0.5555555555555556,1.0,0.22495627403259277,0.5745745897293091,,cfg02_G2_D32,0.9929953520186245,cuda
evaluation,2560,1563,Warm B,0.5488949418067932,0.1809670478105545,0.5555555555555556,1.0,0.309352308511734,0.561379611492157,,cfg02_G2_D32,0.9929953520186245,cuda
evaluation,2560,1563,Warm C,0.5517406463623047,0.18109041452407837,0.5802469135802469,1.0,0.32317250967025757,0.5299052596092224,,cfg02_G2_D32,0.9929953520186245,cuda
evaluation,2561,1564,Cold,0.5519980788230896,0.1779368370771408,0.5308641975308642,1.0,0.0,0.0,,cfg02_G2_D32,0.9929953520186245,cuda
evaluation,2561,1564,Warm A,0.5579157471656799,0.17510636150836945,0.5555555555555556,1.0,0.2241528332233429,0.47464972734451294,,cfg02_G2_D32,0.9929953520186245,cuda
evaluation,2561,1564,Warm B,0.5596311688423157,0.1773960292339325,0.5555555555555556,1.0,0.24169601500034332,0.38838648796081543,,cfg02_G2_D32,0.9929953520186245,cuda
evaluation,2561,1564,Warm C,0.5630087852478027,0.1791955530643463,0.6049382716049383,1.0,0.3604443371295929,0.32775378227233887,,cfg02_G2_D32,0.9929953520186245,cuda
evaluation,2570,1568,Cold,0.5521689653396606,0.17874011397361755,0.5555555555555556,1.0,0.0,0.0,,cfg02_G2_D32,0.9929953520186245,cuda
evaluation,2570,1568,Warm A,0.5544015765190125,0.1774740368127823,0.5802469135802469,1.0,0.20063616335391998,0.5431944727897644,,cfg02_G2_D32,0.9929953520186245,cuda
evaluation,2570,1568,Warm B,0.5504555702209473,0.17740733921527863,0.5061728395061729,1.0,0.32412734627723694,0.566815972328186,,cfg02_G2_D32,0.9929953520186245,cuda
evaluation,2570,1568,Warm C,0.5475708842277527,0.17950327694416046,0.5061728395061729,1.0,0.2860938608646393,0.6023711562156677,,cfg02_G2_D32,0.9929953520186245,cuda
evaluation,2574,1571,Cold,0.5495266318321228,0.1819095015525818,0.5308641975308642,1.0,0.0,0.0,,cfg02_G2_D32,0.9929953520186245,cuda
evaluation,2574,1571,Warm A,0.5476183295249939,0.1859254539012909,0.5308641975308642,1.0,0.22175544500350952,0.6266795992851257,,cfg02_G2_D32,0.9929953520186245,cuda
evaluation,2574,1571,Warm B,0.5512669682502747,0.18808895349502563,0.5555555555555556,1.0,0.2906108796596527,0.44850683212280273,,cfg02_G2_D32,0.9929953520186245,cuda
evaluation,2574,1571,Warm C,0.5533974766731262,0.18939650058746338,0.5555555555555556,1.0,0.39484915137290955,0.5113401412963867,,cfg02_G2_D32,0.9929953520186245,cuda
evaluation,2575,1572,Cold,0.5534592866897583,0.1805320531129837,0.5555555555555556,1.0,0.0,0.0,,cfg02_G2_D32,0.9929953520186245,cuda
evaluation,2575,1572,Warm A,0.5503804683685303,0.1825670599937439,0.5308641975308642,1.0,0.22373884916305542,0.5531086921691895,,cfg02_G2_D32,0.9929953520186245,cuda
evaluation,2575,1572,Warm B,0.5443625450134277,0.18560537695884705,0.5061728395061729,1.0,0.3417596220970154,0.6071066856384277,,cfg02_G2_D32,0.9929953520186245,cuda
evaluation,2575,1572,Warm C,0.5465067028999329,0.18283163011074066,0.5308641975308642,1.0,0.2777482867240906,0.4235905706882477,,cfg02_G2_D32,0.9929953520186245,cuda
evaluation,2582,1575,Cold,0.5519044399261475,0.17754006385803223,0.5308641975308642,1.0,0.0,0.0,,cfg02_G2_D32,0.9929953520186245,cuda
evaluation,2582,1575,Warm A,0.5522980690002441,0.18086199462413788,0.5308641975308642,1.0,0.22403724491596222,0.5554600954055786,,cfg02_G2_D32,0.9929953520186245,cuda
evaluation,2582,1575,Warm B,0.5476070642471313,0.17880593240261078,0.5308641975308642,1.0,0.2677803039550781,0.5315034985542297,,cfg02_G2_D32,0.9929953520186245,cuda
evaluation,2582,1575,Warm C,0.5521501302719116,0.17983411252498627,0.5061728395061729,1.0,0.2932682931423187,0.5073489546775818,,cfg02_G2_D32,0.9929953520186245,cuda
evaluation,2587,1577,Cold,0.5485336184501648,0.18259990215301514,0.5308641975308642,1.0,0.0,0.0,,cfg02_G2_D32,0.9929953520186245,cuda
evaluation,2587,1577,Warm A,0.5470510125160217,0.18651634454727173,0.5308641975308642,1.0,0.22091075778007507,0.574290931224823,,cfg02_G2_D32,0.9929953520186245,cuda
evaluation,2587,1577,Warm B,0.5490285754203796,0.19086678326129913,0.5308641975308642,1.0,0.38663509488105774,0.5776293873786926,,cfg02_G2_D32,0.9929953520186245,cuda
evaluation,2587,1577,Warm C,0.5558320879936218,0.189859077334404,0.5308641975308642,1.0,0.3690379858016968,0.2974611222743988,,cfg02_G2_D32,0.9929953520186245,cuda
evaluation,2589,1578,Cold,0.5513520240783691,0.18011455237865448,0.5308641975308642,1.0,0.0,0.0,,cfg02_G2_D32,0.9929953520186245,cuda
evaluation,2589,1578,Warm A,0.553092360496521,0.1830631047487259,0.5555555555555556,1.0,0.21009711921215057,0.47599372267723083,,cfg02_G2_D32,0.9929953520186245,cuda
evaluation,2589,1578,Warm B,0.5473772883415222,0.1849237084388733,0.5308641975308642,1.0,0.30712890625,0.6536638736724854,,cfg02_G2_D32,0.9929953520186245,cuda
evaluation,2589,1578,Warm C,0.5485901236534119,0.18576908111572266,0.48148148148148145,1.0,0.3801659941673279,0.5649552941322327,,cfg02_G2_D32,0.9929953520186245,cuda
evaluation,2594,1579,Cold,0.5522316694259644,0.1777665764093399,0.5555555555555556,1.0,0.0,0.0,,cfg02_G2_D32,0.9929953520186245,cuda
evaluation,2594,1579,Warm A,0.5443347692489624,0.1794602870941162,0.5061728395061729,1.0,0.21915389597415924,0.6578159332275391,,cfg02_G2_D32,0.9929953520186245,cuda
evaluation,2594,1579,Warm B,0.5499160289764404,0.17616307735443115,0.5061728395061729,1.0,0.1487085521221161,0.43974924087524414,,cfg02_G2_D32,0.9929953520186245,cuda
evaluation,2594,1579,Warm C,0.552902102470398,0.17324379086494446,0.5308641975308642,1.0,0.338672012090683,0.3004647195339203,,cfg02_G2_D32,0.9929953520186245,cuda
evaluation,2596,1580,Cold,0.5516422390937805,0.18161173164844513,0.5308641975308642,1.0,0.0,0.0,,cfg02_G2_D32,0.9929953520186245,cuda
evaluation,2596,1580,Warm A,0.5483415126800537,0.18139703571796417,0.5308641975308642,1.0,0.20203566551208496,0.5986202359199524,,cfg02_G2_D32,0.9929953520186245,cuda
evaluation,2596,1580,Warm B,0.5510269999504089,0.1814977377653122,0.5555555555555556,1.0,0.2553715705871582,0.5710515975952148,,cfg02_G2_D32,0.9929953520186245,cuda
evaluation,2596,1580,Warm C,0.5534367561340332,0.1820826679468155,0.5555555555555556,1.0,0.27187198400497437,0.5665055513381958,,cfg02_G2_D32,0.9929953520186245,cuda
evaluation,2597,1581,Cold,0.5494540929794312,0.18040484189987183,0.5308641975308642,1.0,0.0,0.0,,cfg02_G2_D32,0.9929953520186245,cuda
evaluation,2597,1581,Warm A,0.5519688725471497,0.18185855448246002,0.5308641975308642,1.0,0.18069063127040863,0.49476057291030884,,cfg02_G2_D32,0.9929953520186245,cuda
evaluation,2597,1581,Warm B,0.5596168637275696,0.18179680407047272,0.5802469135802469,1.0,0.2822687327861786,0.27004629373550415,,cfg02_G2_D32,0.9929953520186245,cuda
evaluation,2597,1581,Warm C,0.5572096109390259,0.18079763650894165,0.5555555555555556,1.0,0.2643868625164032,0.22572624683380127,,cfg02_G2_D32,0.9929953520186245,cuda
evaluation,2607,1587,Cold,0.5548305511474609,0.17828628420829773,0.5802469135802469,1.0,0.0,0.0,,cfg02_G2_D32,0.9929953520186245,cuda
evaluation,2607,1587,Warm A,0.5532822608947754,0.17662331461906433,0.5555555555555556,1.0,0.21961857378482819,0.6656374931335449,,cfg02_G2_D32,0.9929953520186245,cuda
evaluation,2607,1587,Warm B,0.5584279894828796,0.17322777211666107,0.5555555555555556,1.0,0.33983293175697327,0.21756084263324738,,cfg02_G2_D32,0.9929953520186245,cuda
evaluation,2607,1587,Warm C,0.5620352029800415,0.17334648966789246,0.6049382716049383,1.0,0.41177335381507874,0.4439285695552826,,cfg02_G2_D32,0.9929953520186245,cuda
evaluation,2609,1588,Cold,0.5541067123413086,0.18059098720550537,0.5555555555555556,1.0,0.0,0.0,,cfg02_G2_D32,0.9929953520186245,cuda
evaluation,2609,1588,Warm A,0.554902970790863,0.17872263491153717,0.5555555555555556,1.0,0.2137080579996109,0.33403483033180237,,cfg02_G2_D32,0.9929953520186245,cuda
evaluation,2609,1588,Warm B,0.5580862760543823,0.17617107927799225,0.5555555555555556,1.0,0.3189457356929779,0.41487741470336914,,cfg02_G2_D32,0.9929953520186245,cuda
evaluation,2609,1588,Warm C,0.5560463070869446,0.17596279084682465,0.5555555555555556,1.0,0.3543703854084015,0.38153597712516785,,cfg02_G2_D32,0.9929953520186245,cuda
evaluation,2611,1589,Cold,0.5537839531898499,0.18021968007087708,0.5555555555555556,1.0,0.0,0.0,,cfg02_G2_D32,0.9929953520186245,cuda
evaluation,2611,1589,Warm A,0.5554326176643372,0.17886899411678314,0.5802469135802469,1.0,0.24121735990047455,0.5837031602859497,,cfg02_G2_D32,0.9929953520186245,cuda
evaluation,2611,1589,Warm B,0.5557258725166321,0.1780453771352768,0.5308641975308642,1.0,0.4343976676464081,0.5311579704284668,,cfg02_G2_D32,0.9929953520186245,cuda
evaluation,2611,1589,Warm C,0.5523186326026917,0.17974607646465302,0.5308641975308642,1.0,0.43441522121429443,0.5303279757499695,,cfg02_G2_D32,0.9929953520186245,cuda
evaluation,2612,1590,Cold,0.5648908615112305,0.18771348893642426,0.5061728395061729,1.0,0.0,0.0,,cfg02_G2_D32,0.9929953520186245,cuda
evaluation,2612,1590,Warm A,0.5708317756652832,0.18730047345161438,0.5061728395061729,1.0,0.23482628166675568,0.35117796063423157,,cfg02_G2_D32,0.9929953520186245,cuda
evaluation,2612,1590,Warm B,0.5668511390686035,0.18827739357948303,0.5061728395061729,1.0,0.14698779582977295,0.5208100080490112,,cfg02_G2_D32,0.9929953520186245,cuda
evaluation,2612,1590,Warm C,0.5633755326271057,0.18699415028095245,0.5061728395061729,1.0,0.26204946637153625,0.5282651782035828,,cfg02_G2_D32,0.9929953520186245,cuda
evaluation,2615,1592,Cold,0.5547537207603455,0.1703183799982071,0.5555555555555556,1.0,0.0,0.0,,cfg02_G2_D32,0.9929953520186245,cuda
evaluation,2615,1592,Warm A,0.5642545223236084,0.16864840686321259,0.6049382716049383,1.0,0.21787391602993011,0.39413732290267944,,cfg02_G2_D32,0.9929953520186245,cuda
evaluation,2615,1592,Warm B,0.5571646094322205,0.17113174498081207,0.5555555555555556,1.0,0.1556166410446167,0.6933068633079529,,cfg02_G2_D32,0.9929953520186245,cuda
evaluation,2615,1592,Warm C,0.5548803806304932,0.17112629115581512,0.5308641975308642,1.0,0.2585478127002716,0.5771241188049316,,cfg02_G2_D32,0.9929953520186245,cuda
evaluation,2621,1595,Cold,0.5520485043525696,0.18056140840053558,0.5802469135802469,1.0,0.0,0.0,,cfg02_G2_D32,0.9929953520186245,cuda
evaluation,2621,1595,Warm A,0.5483370423316956,0.18002232909202576,0.5061728395061729,1.0,0.2359658181667328,0.6109391450881958,,cfg02_G2_D32,0.9929953520186245,cuda
evaluation,2621,1595,Warm B,0.5458078980445862,0.18303173780441284,0.48148148148148145,1.0,0.29801854491233826,0.5513833165168762,,cfg02_G2_D32,0.9929953520186245,cuda
evaluation,2621,1595,Warm C,0.5418683886528015,0.18636132776737213,0.48148148148148145,1.0,0.4832874536514282,0.6744095087051392,,cfg02_G2_D32,0.9929953520186245,cuda
evaluation,2624,1597,Cold,0.5527291297912598,0.17981527745723724,0.5555555555555556,1.0,0.0,0.0,,cfg02_G2_D32,0.9929953520186245,cuda
evaluation,2624,1597,Warm A,0.5539090037345886,0.1778506189584732,0.5555555555555556,1.0,0.23065228760242462,0.31926941871643066,,cfg02_G2_D32,0.9929953520186245,cuda
evaluation,2624,1597,Warm B,0.5467873215675354,0.1802993267774582,0.5308641975308642,1.0,0.21734711527824402,0.4182381331920624,,cfg02_G2_D32,0.9929953520186245,cuda
evaluation,2624,1597,Warm C,0.5517568588256836,0.17787204682826996,0.5308641975308642,1.0,0.24262014031410217,0.3928183615207672,,cfg02_G2_D32,0.9929953520186245,cuda
evaluation,2625,1598,Cold,0.5536498427391052,0.17540593445301056,0.5308641975308642,1.0,0.0,0.0,,cfg02_G2_D32,0.9929953520186245,cuda
evaluation,2625,1598,Warm A,0.5499778985977173,0.1764957308769226,0.5061728395061729,1.0,0.217071071267128,0.639009416103363,,cfg02_G2_D32,0.9929953520186245,cuda
evaluation,2625,1598,Warm B,0.5488766431808472,0.1797623634338379,0.5061728395061729,1.0,0.3840167820453644,0.5985350012779236,,cfg02_G2_D32,0.9929953520186245,cuda
evaluation,2625,1598,Warm C,0.5401484370231628,0.18053199350833893,0.48148148148148145,1.0,0.4927482306957245,0.6040472984313965,,cfg02_G2_D32,0.9929953520186245,cuda
evaluation,2629,1600,Cold,0.5496026277542114,0.18173696100711823,0.5308641975308642,1.0,0.0,0.0,,cfg02_G2_D32,0.9929953520186245,cuda
evaluation,2629,1600,Warm A,0.5505416989326477,0.1842803806066513,0.5308641975308642,1.0,0.21017971634864807,0.5867275595664978,,cfg02_G2_D32,0.9929953520186245,cuda
evaluation,2629,1600,Warm B,0.5518771409988403,0.1885729283094406,0.5308641975308642,1.0,0.35505181550979614,0.5165926814079285,,cfg02_G2_D32,0.9929953520186245,cuda
evaluation,2629,1600,Warm C,0.5472738146781921,0.18822002410888672,0.5308641975308642,1.0,0.3617612421512604,0.6244889497756958,,cfg02_G2_D32,0.9929953520186245,cuda
evaluation,2633,1601,Cold,0.5643143057823181,0.18769294023513794,0.5061728395061729,1.0,0.0,0.0,,cfg02_G2_D32,0.9929953520186245,cuda
evaluation,2633,1601,Warm A,0.562169075012207,0.18909481167793274,0.5061728395061729,1.0,0.23997192084789276,0.7368386387825012,,cfg02_G2_D32,0.9929953520186245,cuda
evaluation,2633,1601,Warm B,0.5637730956077576,0.18889273703098297,0.5061728395061729,1.0,0.3236630856990814,0.5984309315681458,,cfg02_G2_D32,0.9929953520186245,cuda
evaluation,2633,1601,Warm C,0.5635846257209778,0.19161896407604218,0.5308641975308642,1.0,0.43214136362075806,0.5611562728881836,,cfg02_G2_D32,0.9929953520186245,cuda
evaluation,2634,1602,Cold,0.5609658360481262,0.17072270810604095,0.5061728395061729,1.0,0.0,0.0,,cfg02_G2_D32,0.9929953520186245,cuda
evaluation,2634,1602,Warm A,0.5610982775688171,0.17199334502220154,0.5061728395061729,1.0,0.22524651885032654,0.6214003562927246,,cfg02_G2_D32,0.9929953520186245,cuda
evaluation,2634,1602,Warm B,0.5651412606239319,0.1728256493806839,0.5555555555555556,1.0,0.3269509971141815,0.5508580207824707,,cfg02_G2_D32,0.9929953520186245,cuda
evaluation,2634,1602,Warm C,0.5625013113021851,0.17155325412750244,0.5555555555555556,1.0,0.26762765645980835,0.41837072372436523,,cfg02_G2_D32,0.9929953520186245,cuda
evaluation,2639,1603,Cold,0.5570900440216064,0.17783978581428528,0.5555555555555556,1.0,0.0,0.0,,cfg02_G2_D32,0.9929953520186245,cuda
evaluation,2639,1603,Warm A,0.5557467341423035,0.18044684827327728,0.5555555555555556,1.0,0.2299170345067978,0.6771949529647827,,cfg02_G2_D32,0.9929953520186245,cuda
evaluation,2639,1603,Warm B,0.5602487921714783,0.1815391480922699,0.5555555555555556,1.0,0.3741755187511444,0.5845581293106079,,cfg02_G2_D32,0.9929953520186245,cuda
evaluation,2639,1603,Warm C,0.5588433742523193,0.17947840690612793,0.5555555555555556,1.0,0.29394158720970154,0.5310848951339722,,cfg02_G2_D32,0.9929953520186245,cuda
evaluation,2645,1609,Cold,0.5619729161262512,0.1705140769481659,0.5308641975308642,1.0,0.0,0.0,,cfg02_G2_D32,0.9929953520186245,cuda
evaluation,2645,1609,Warm A,0.5616402626037598,0.1718692034482956,0.5308641975308642,1.0,0.19512610137462616,0.6074914932250977,,cfg02_G2_D32,0.9929953520186245,cuda
evaluation,2645,1609,Warm B,0.5670064091682434,0.17249609529972076,0.5555555555555556,1.0,0.27203336358070374,0.4582531154155731,,cfg02_G2_D32,0.9929953520186245,cuda
evaluation,2645,1609,Warm C,0.5650766491889954,0.17267897725105286,0.5308641975308642,1.0,0.25208938121795654,0.5227827429771423,,cfg02_G2_D32,0.9929953520186245,cuda
evaluation,2649,1611,Cold,0.5644626617431641,0.1802329570055008,0.5061728395061729,1.0,0.0,0.0,,cfg02_G2_D32,0.9929953520186245,cuda
evaluation,2649,1611,Warm A,0.5671829581260681,0.17976877093315125,0.5308641975308642,1.0,0.23103371262550354,0.6991139054298401,,cfg02_G2_D32,0.9929953520186245,cuda
evaluation,2649,1611,Warm B,0.5646205544471741,0.18085406720638275,0.5308641975308642,1.0,0.34927505254745483,0.6616528630256653,,cfg02_G2_D32,0.9929953520186245,cuda
evaluation,2649,1611,Warm C,0.5596540570259094,0.18307071924209595,0.5308641975308642,1.0,0.516757607460022,0.6686541438102722,,cfg02_G2_D32,0.9929953520186245,cuda
evaluation,2651,1612,Cold,0.5636337399482727,0.17786875367164612,0.5061728395061729,1.0,0.0,0.0,,cfg02_G2_D32,0.9929953520186245,cuda
evaluation,2651,1612,Warm A,0.5631703734397888,0.17920637130737305,0.5308641975308642,1.0,0.21266216039657593,0.6255130767822266,,cfg02_G2_D32,0.9929953520186245,cuda
evaluation,2651,1612,Warm B,0.5651732087135315,0.1794687956571579,0.5061728395061729,1.0,0.22241206467151642,0.5175246596336365,,cfg02_G2_D32,0.9929953520186245,cuda
evaluation,2651,1612,Warm C,0.5659955143928528,0.18097913265228271,0.5308641975308642,1.0,0.33777064085006714,0.7256825566291809,,cfg02_G2_D32,0.9929953520186245,cuda
evaluation,2654,1613,Cold,0.5638728737831116,0.17883996665477753,0.5061728395061729,1.0,0.0,0.0,,cfg02_G2_D32,0.9929953520186245,cuda
evaluation,2654,1613,Warm A,0.5603780150413513,0.17927101254463196,0.5061728395061729,1.0,0.21630817651748657,0.6597327589988708,,cfg02_G2_D32,0.9929953520186245,cuda
evaluation,2654,1613,Warm B,0.5555093288421631,0.1807868480682373,0.4567901234567901,1.0,0.37357380986213684,0.6322880387306213,,cfg02_G2_D32,0.9929953520186245,cuda
evaluation,2654,1613,Warm C,0.5560692548751831,0.18183323740959167,0.4567901234567901,1.0,0.557478666305542,0.6848131418228149,,cfg02_G2_D32,0.9929953520186245,cuda
evaluation,2656,1614,Cold,0.5620365142822266,0.1729559600353241,0.5308641975308642,1.0,0.0,0.0,,cfg02_G2_D32,0.9929953520186245,cuda
evaluation,2656,1614,Warm A,0.5661600232124329,0.173390731215477,0.5308641975308642,1.0,0.22155475616455078,0.6017698645591736,,cfg02_G2_D32,0.9929953520186245,cuda
evaluation,2656,1614,Warm B,0.572256863117218,0.17526090145111084,0.5802469135802469,1.0,0.3830602467060089,0.5223965644836426,,cfg02_G2_D32,0.9929953520186245,cuda
evaluation,2656,1614,Warm C,0.5717916488647461,0.17589165270328522,0.5308641975308642,1.0,0.5237899422645569,0.5011553168296814,,cfg02_G2_D32,0.9929953520186245,cuda
evaluation,2660,1616,Cold,0.563046395778656,0.1732158213853836,0.5308641975308642,1.0,0.0,0.0,,cfg02_G2_D32,0.9929953520186245,cuda
evaluation,2660,1616,Warm A,0.561125636100769,0.17410877346992493,0.5308641975308642,1.0,0.1994280219078064,0.5831863880157471,,cfg02_G2_D32,0.9929953520186245,cuda
evaluation,2660,1616,Warm B,0.5579447150230408,0.1744680106639862,0.5061728395061729,1.0,0.29310208559036255,0.5264685750007629,,cfg02_G2_D32,0.9929953520186245,cuda
evaluation,2660,1616,Warm C,0.5545827746391296,0.17481032013893127,0.4567901234567901,1.0,0.4678746461868286,0.5720819234848022,,cfg02_G2_D32,0.9929953520186245,cuda
evaluation,2661,1617,Cold,0.5635457634925842,0.17314119637012482,0.5308641975308642,1.0,0.0,0.0,,cfg02_G2_D32,0.9929953520186245,cuda
evaluation,2661,1617,Warm A,0.564731240272522,0.17444582283496857,0.5061728395061729,1.0,0.22221225500106812,0.6894070506095886,,cfg02_G2_D32,0.9929953520186245,cuda
evaluation,2661,1617,Warm B,0.5642188787460327,0.17654018104076385,0.5308641975308642,1.0,0.4194256365299225,0.730927586555481,,cfg02_G2_D32,0.9929953520186245,cuda
evaluation,2661,1617,Warm C,0.5628592371940613,0.17494136095046997,0.48148148148148145,1.0,0.307279109954834,0.560113251209259,,cfg02_G2_D32,0.9929953520186245,cuda
evaluation,2665,1620,Cold,0.5625618696212769,0.17317335307598114,0.5061728395061729,1.0,0.0,0.0,,cfg02_G2_D32,0.9929953520186245,cuda
evaluation,2665,1620,Warm A,0.5620753169059753,0.17282389104366302,0.5061728395061729,1.0,0.19864924252033234,0.5389837622642517,,cfg02_G2_D32,0.9929953520186245,cuda
evaluation,2665,1620,Warm B,0.5639324188232422,0.1738184690475464,0.5555555555555556,1.0,0.309544175863266,0.6605782508850098,,cfg02_G2_D32,0.9929953520186245,cuda
evaluation,2665,1620,Warm C,0.558626651763916,0.17499858140945435,0.48148148148148145,1.0,0.36434412002563477,0.6082343459129333,,cfg02_G2_D32,0.9929953520186245,cuda
evaluation,2669,1622,Cold,0.5627062320709229,0.17958185076713562,0.5308641975308642,1.0,0.0,0.0,,cfg02_G2_D32,0.9929953520186245,cuda
evaluation,2669,1622,Warm A,0.566214919090271,0.17993640899658203,0.5308641975308642,1.0,0.22122444212436676,0.4902903735637665,,cfg02_G2_D32,0.9929953520186245,cuda
evaluation,2669,1622,Warm B,0.5700424909591675,0.18132160604000092,0.5555555555555556,1.0,0.2923111915588379,0.4806601107120514,,cfg02_G2_D32,0.9929953520186245,cuda
evaluation,2669,1622,Warm C,0.5661571025848389,0.1808362901210785,0.5555555555555556,1.0,0.19388321042060852,0.6598913669586182,,cfg02_G2_D32,0.9929953520186245,cuda
evaluation,2682,1628,Cold,0.55345219373703,0.18158812820911407,0.5802469135802469,1.0,0.0,0.0,,cfg02_G2_D32,0.9929953520186245,cuda
evaluation,2682,1628,Warm A,0.5503286719322205,0.1810619980096817,0.5061728395061729,1.0,0.2195955067873001,0.5380503535270691,,cfg02_G2_D32,0.9929953520186245,cuda
evaluation,2682,1628,Warm B,0.546678900718689,0.18192382156848907,0.5061728395061729,1.0,0.4101523160934448,0.5382028818130493,,cfg02_G2_D32,0.9929953520186245,cuda
evaluation,2682,1628,Warm C,0.5520886182785034,0.1786106675863266,0.5061728395061729,1.0,0.44201940298080444,0.2949123680591583,,cfg02_G2_D32,0.9929953520186245,cuda
evaluation,2696,1637,Cold,0.5495783686637878,0.1810874193906784,0.5308641975308642,1.0,0.0,0.0,,cfg02_G2_D32,0.9929953520186245,cuda
evaluation,2696,1637,Warm A,0.5525095462799072,0.17934244871139526,0.5061728395061729,1.0,0.2307257205247879,0.4679153561592102,,cfg02_G2_D32,0.9929953520186245,cuda
evaluation,2696,1637,Warm B,0.5452956557273865,0.1810135692358017,0.48148148148148145,1.0,0.2306099385023117,0.6305049061775208,,cfg02_G2_D32,0.9929953520186245,cuda
evaluation,2696,1637,Warm C,0.5512953400611877,0.17773853242397308,0.5308641975308642,1.0,0.3110809624195099,0.454251766204834,,cfg02_G2_D32,0.9929953520186245,cuda
evaluation,2714,1648,Cold,0.5534746050834656,0.17990437150001526,0.5802469135802469,1.0,0.0,0.0,,cfg02_G2_D32,0.9929953520186245,cuda
evaluation,2714,1648,Warm A,0.5519789457321167,0.1826135218143463,0.5308641975308642,1.0,0.22080625593662262,0.6061305403709412,,cfg02_G2_D32,0.9929953520186245,cuda
evaluation,2714,1648,Warm B,0.555389940738678,0.18256951868534088,0.5308641975308642,1.0,0.27385231852531433,0.5379648208618164,,cfg02_G2_D32,0.9929953520186245,cuda
evaluation,2714,1648,Warm C,0.5607603788375854,0.17940346896648407,0.5802469135802469,1.0,0.3782634139060974,0.5182229280471802,,cfg02_G2_D32,0.9929953520186245,cuda
evaluation,2721,1654,Cold,0.5512195229530334,0.1804760992527008,0.5308641975308642,1.0,0.0,0.0,,cfg02_G2_D32,0.9929953520186245,cuda
evaluation,2721,1654,Warm A,0.5496081709861755,0.18031716346740723,0.5308641975308642,1.0,0.20358097553253174,0.5664054751396179,,cfg02_G2_D32,0.9929953520186245,cuda
evaluation,2721,1654,Warm B,0.5514956116676331,0.18090032041072845,0.5555555555555556,1.0,0.27826833724975586,0.5615959167480469,,cfg02_G2_D32,0.9929953520186245,cuda
evaluation,2721,1654,Warm C,0.5574508309364319,0.17759959399700165,0.5555555555555556,1.0,0.4023704528808594,0.4542934000492096,,cfg02_G2_D32,0.9929953520186245,cuda
evaluation,2725,1658,Cold,0.5546873211860657,0.17836317420005798,0.5802469135802469,1.0,0.0,0.0,,cfg02_G2_D32,0.9929953520186245,cuda
evaluation,2725,1658,Warm A,0.546166718006134,0.18079686164855957,0.5061728395061729,1.0,0.23098932206630707,0.7228879928588867,,cfg02_G2_D32,0.9929953520186245,cuda
evaluation,2725,1658,Warm B,0.546383798122406,0.18037232756614685,0.5308641975308642,1.0,0.2905856668949127,0.6302071809768677,,cfg02_G2_D32,0.9929953520186245,cuda
evaluation,2725,1658,Warm C,0.5502259731292725,0.1777062863111496,0.5555555555555556,1.0,0.2521122694015503,0.5601751804351807,,cfg02_G2_D32,0.9929953520186245,cuda
evaluation,2726,1659,Cold,0.5624942779541016,0.17816424369812012,0.5061728395061729,1.0,0.0,0.0,,cfg02_G2_D32,0.9929953520186245,cuda
evaluation,2726,1659,Warm A,0.5658723711967468,0.17667318880558014,0.5061728395061729,1.0,0.22514759004116058,0.2597866952419281,,cfg02_G2_D32,0.9929953520186245,cuda
evaluation,2726,1659,Warm B,0.5650113821029663,0.17679908871650696,0.48148148148148145,1.0,0.3434019982814789,0.21391113102436066,,cfg02_G2_D32,0.9929953520186245,cuda
evaluation,2726,1659,Warm C,0.5624774098396301,0.17789040505886078,0.48148148148148145,1.0,0.1697961539030075,0.6569916009902954,,cfg02_G2_D32,0.9929953520186245,cuda
evaluation,2730,1662,Cold,0.5586050748825073,0.17773675918579102,0.5802469135802469,1.0,0.0,0.0,,cfg02_G2_D32,0.9929953520186245,cuda
evaluation,2730,1662,Warm A,0.5599671602249146,0.1795702576637268,0.5802469135802469,1.0,0.21016307175159454,0.6122915148735046,,cfg02_G2_D32,0.9929953520186245,cuda
evaluation,2730,1662,Warm B,0.559129536151886,0.18281860649585724,0.5802469135802469,1.0,0.41024497151374817,0.8116885423660278,,cfg02_G2_D32,0.9929953520186245,cuda
evaluation,2730,1662,Warm C,0.5533598065376282,0.18257801234722137,0.5555555555555556,1.0,0.4754214882850647,0.6709660291671753,,cfg02_G2_D32,0.9929953520186245,cuda
evaluation,2731,1663,Cold,0.5627548694610596,0.18178193271160126,0.5308641975308642,1.0,0.0,0.0,,cfg02_G2_D32,0.9929953520186245,cuda
evaluation,2731,1663,Warm A,0.567083477973938,0.18094909191131592,0.5308641975308642,1.0,0.23380854725837708,0.3806043863296509,,cfg02_G2_D32,0.9929953520186245,cuda
evaluation,2731,1663,Warm B,0.5703830718994141,0.18099577724933624,0.5555555555555556,1.0,0.43638360500335693,0.34351846575737,,cfg02_G2_D32,0.9929953520186245,cuda
evaluation,2731,1663,Warm C,0.5700855255126953,0.1804227977991104,0.5555555555555556,1.0,0.5989648103713989,0.2222275286912918,,cfg02_G2_D32,0.9929953520186245,cuda
evaluation,2732,1664,Cold,0.5623921751976013,0.18101292848587036,0.5308641975308642,1.0,0.0,0.0,,cfg02_G2_D32,0.9929953520186245,cuda
evaluation,2732,1664,Warm A,0.562682569026947,0.18307049572467804,0.5061728395061729,1.0,0.2152733951807022,0.5656452178955078,,cfg02_G2_D32,0.9929953520186245,cuda
evaluation,2732,1664,Warm B,0.5617974400520325,0.18429303169250488,0.5061728395061729,1.0,0.3428478240966797,0.6365393996238708,,cfg02_G2_D32,0.9929953520186245,cuda
evaluation,2732,1664,Warm C,0.5586991310119629,0.1839355230331421,0.48148148148148145,1.0,0.33664605021476746,0.4679546356201172,,cfg02_G2_D32,0.9929953520186245,cuda
evaluation,2738,1668,Cold,0.5551962852478027,0.17700517177581787,0.5555555555555556,1.0,0.0,0.0,,cfg02_G2_D32,0.9929953520186245,cuda
evaluation,2738,1668,Warm A,0.5595805048942566,0.17778797447681427,0.5802469135802469,1.0,0.20011165738105774,0.5240963697433472,,cfg02_G2_D32,0.9929953520186245,cuda
evaluation,2738,1668,Warm B,0.5643547773361206,0.17816178500652313,0.5555555555555556,1.0,0.3164362907409668,0.4128727614879608,,cfg02_G2_D32,0.9929953520186245,cuda
evaluation,2738,1668,Warm C,0.5637326836585999,0.17524224519729614,0.5802469135802469,1.0,0.4260505735874176,0.45634451508522034,,cfg02_G2_D32,0.9929953520186245,cuda
evaluation,2741,1670,Cold,0.5548103451728821,0.1736713945865631,0.5555555555555556,1.0,0.0,0.0,,cfg02_G2_D32,0.9929953520186245,cuda
evaluation,2741,1670,Warm A,0.5631483793258667,0.17230412364006042,0.5802469135802469,1.0,0.19818493723869324,0.31539759039878845,,cfg02_G2_D32,0.9929953520186245,cuda
evaluation,2741,1670,Warm B,0.5552379488945007,0.17351305484771729,0.5555555555555556,1.0,0.1818888634443283,0.6661002039909363,,cfg02_G2_D32,0.9929953520186245,cuda
evaluation,2741,1670,Warm C,0.5639815330505371,0.17275144159793854,0.5802469135802469,1.0,0.3000738024711609,0.39454323053359985,,cfg02_G2_D32,0.9929953520186245,cuda
evaluation,2748,1674,Cold,0.554602861404419,0.17297345399856567,0.5555555555555556,1.0,0.0,0.0,,cfg02_G2_D32,0.9929953520186245,cuda
evaluation,2748,1674,Warm A,0.5596534609794617,0.1735823005437851,0.5802469135802469,1.0,0.22861061990261078,0.32832562923431396,,cfg02_G2_D32,0.9929953520186245,cuda
evaluation,2748,1674,Warm B,0.5645198822021484,0.1748337745666504,0.5802469135802469,1.0,0.38586974143981934,0.323111355304718,,cfg02_G2_D32,0.9929953520186245,cuda
evaluation,2748,1674,Warm C,0.5686687231063843,0.17727673053741455,0.5802469135802469,1.0,0.5660308003425598,0.12072142213582993,,cfg02_G2_D32,0.9929953520186245,cuda
evaluation,2749,1675,Cold,0.5562276244163513,0.17727749049663544,0.5802469135802469,1.0,0.0,0.0,,cfg02_G2_D32,0.9929953520186245,cuda
evaluation,2749,1675,Warm A,0.5547248721122742,0.17961546778678894,0.5308641975308642,1.0,0.2220858484506607,0.6380904316902161,,cfg02_G2_D32,0.9929953520186245,cuda
evaluation,2749,1675,Warm B,0.5616720914840698,0.17681114375591278,0.5802469135802469,1.0,0.17387661337852478,0.5014568567276001,,cfg02_G2_D32,0.9929953520186245,cuda
evaluation,2749,1675,Warm C,0.5630792379379272,0.1799473911523819,0.5802469135802469,1.0,0.2922804057598114,0.4802984297275543,,cfg02_G2_D32,0.9929953520186245,cuda
evaluation,2752,1677,Cold,0.5530304908752441,0.1760813146829605,0.5555555555555556,1.0,0.0,0.0,,cfg02_G2_D32,0.9929953520186245,cuda
evaluation,2752,1677,Warm A,0.5524770021438599,0.17921046912670135,0.5308641975308642,1.0,0.22784526646137238,0.7579116225242615,,cfg02_G2_D32,0.9929953520186245,cuda
evaluation,2752,1677,Warm B,0.558803141117096,0.17846783995628357,0.5308641975308642,1.0,0.2429402768611908,0.4740009903907776,,cfg02_G2_D32,0.9929953520186245,cuda
evaluation,2752,1677,Warm C,0.5670125484466553,0.1777980774641037,0.6049382716049383,1.0,0.3459504544734955,0.3404155671596527,,cfg02_G2_D32,0.9929953520186245,cuda
evaluation,2757,1678,Cold,0.5577437877655029,0.17760203778743744,0.5555555555555556,1.0,0.0,0.0,,cfg02_G2_D32,0.9929953520186245,cuda
evaluation,2757,1678,Warm A,0.560475766658783,0.17491239309310913,0.5555555555555556,1.0,0.25076135993003845,0.2818099856376648,,cfg02_G2_D32,0.9929953520186245,cuda
evaluation,2757,1678,Warm B,0.5588263273239136,0.1767311692237854,0.5555555555555556,1.0,0.09817212074995041,0.5588234066963196,,cfg02_G2_D32,0.9929953520186245,cuda
evaluation,2757,1678,Warm C,0.5552726984024048,0.17797258496284485,0.5802469135802469,1.0,0.20495133101940155,0.5535112619400024,,cfg02_G2_D32,0.9929953520186245,cuda
evaluation,2769,1684,Cold,0.5524659156799316,0.17863701283931732,0.5308641975308642,1.0,0.0,0.0,,cfg02_G2_D32,0.9929953520186245,cuda
evaluation,2769,1684,Warm A,0.5473494529724121,0.18126259744167328,0.5308641975308642,1.0,0.2034481316804886,0.6109603047370911,,cfg02_G2_D32,0.9929953520186245,cuda
evaluation,2769,1684,Warm B,0.5492447018623352,0.1781948059797287,0.5061728395061729,1.0,0.17493683099746704,0.5069240927696228,,cfg02_G2_D32,0.9929953520186245,cuda
evaluation,2769,1684,Warm C,0.5479385852813721,0.18136785924434662,0.5308641975308642,1.0,0.29860249161720276,0.6742077469825745,,cfg02_G2_D32,0.9929953520186245,cuda
evaluation,2771,1686,Cold,0.5531424880027771,0.18178297579288483,0.5802469135802469,1.0,0.0,0.0,,cfg02_G2_D32,0.9929953520186245,cuda
evaluation,2771,1686,Warm A,0.5541447997093201,0.18441280722618103,0.5555555555555556,1.0,0.19650258123874664,0.5709295868873596,,cfg02_G2_D32,0.9929953520186245,cuda
evaluation,2771,1686,Warm B,0.5601767301559448,0.18474110960960388,0.5802469135802469,1.0,0.2895221412181854,0.5356281399726868,,cfg02_G2_D32,0.9929953520186245,cuda
evaluation,2771,1686,Warm C,0.5622311234474182,0.18286487460136414,0.6049382716049383,1.0,0.35748180747032166,0.3704499900341034,,cfg02_G2_D32,0.9929953520186245,cuda
evaluation,2774,1688,Cold,0.5496791005134583,0.18034188449382782,0.5308641975308642,1.0,0.0,0.0,,cfg02_G2_D32,0.9929953520186245,cuda
evaluation,2774,1688,Warm A,0.5449417233467102,0.17948226630687714,0.5061728395061729,1.0,0.231794074177742,0.6314029693603516,,cfg02_G2_D32,0.9929953520186245,cuda
evaluation,2774,1688,Warm B,0.5484576225280762,0.17843864858150482,0.5308641975308642,1.0,0.23785269260406494,0.5413802266120911,,cfg02_G2_D32,0.9929953520186245,cuda
evaluation,2774,1688,Warm C,0.5560671091079712,0.17673546075820923,0.5555555555555556,1.0,0.28324538469314575,0.42475247383117676,,cfg02_G2_D32,0.9929953520186245,cuda
evaluation,2780,1690,Cold,0.5587183833122253,0.17413930594921112,0.5061728395061729,1.0,0.0,0.0,,cfg02_G2_D32,0.9929953520186245,cuda
evaluation,2780,1690,Warm A,0.5623434782028198,0.17358987033367157,0.5308641975308642,1.0,0.22056494653224945,0.5675193667411804,,cfg02_G2_D32,0.9929953520186245,cuda
evaluation,2780,1690,Warm B,0.5675433278083801,0.17540153861045837,0.5308641975308642,1.0,0.3737967908382416,0.4229044020175934,,cfg02_G2_D32,0.9929953520186245,cuda
evaluation,2780,1690,Warm C,0.5705083608627319,0.1741476058959961,0.5555555555555556,1.0,0.41014915704727173,0.39554232358932495,,cfg02_G2_D32,0.9929953520186245,cuda
evaluation,2781,1691,Cold,0.5607377886772156,0.1713513731956482,0.5061728395061729,1.0,0.0,0.0,,cfg02_G2_D32,0.9929953520186245,cuda
evaluation,2781,1691,Warm A,0.5627611875534058,0.17270758748054504,0.5555555555555556,1.0,0.22341656684875488,0.6370435953140259,,cfg02_G2_D32,0.9929953520186245,cuda
evaluation,2781,1691,Warm B,0.5622376799583435,0.1734285205602646,0.5555555555555556,1.0,0.34410545229911804,0.5982277989387512,,cfg02_G2_D32,0.9929953520186245,cuda
evaluation,2781,1691,Warm C,0.562146782875061,0.17464667558670044,0.5555555555555556,1.0,0.5001776218414307,0.6155936121940613,,cfg02_G2_D32,0.9929953520186245,cuda
evaluation,2782,1692,Cold,0.5608759522438049,0.1700720489025116,0.5061728395061729,1.0,0.0,0.0,,cfg02_G2_D32,0.9929953520186245,cuda
evaluation,2782,1692,Warm A,0.565535843372345,0.16862447559833527,0.5555555555555556,1.0,0.23961780965328217,0.5005672574043274,,cfg02_G2_D32,0.9929953520186245,cuda
evaluation,2782,1692,Warm B,0.568744421005249,0.16853569447994232,0.5802469135802469,1.0,0.35921573638916016,0.539477527141571,,cfg02_G2_D32,0.9929953520186245,cuda
evaluation,2782,1692,Warm C,0.5699300765991211,0.16874749958515167,0.5555555555555556,1.0,0.4417692720890045,0.4833291172981262,,cfg02_G2_D32,0.9929953520186245,cuda
evaluation,2784,1693,Cold,0.5599413514137268,0.16996778547763824,0.5308641975308642,1.0,0.0,0.0,,cfg02_G2_D32,0.9929953520186245,cuda
evaluation,2784,1693,Warm A,0.5654879808425903,0.16944967210292816,0.5555555555555556,1.0,0.21865622699260712,0.5086933970451355,,cfg02_G2_D32,0.9929953520186245,cuda
evaluation,2784,1693,Warm B,0.5621675848960876,0.1701023131608963,0.5802469135802469,1.0,0.27452704310417175,0.6016192436218262,,cfg02_G2_D32,0.9929953520186245,cuda
evaluation,2784,1693,Warm C,0.5687863230705261,0.16806645691394806,0.6296296296296297,1.0,0.37181034684181213,0.45123884081840515,,cfg02_G2_D32,0.9929953520186245,cuda
evaluation,2786,1694,Cold,0.5562682151794434,0.1759594827890396,0.5555555555555556,1.0,0.0,0.0,,cfg02_G2_D32,0.9929953520186245,cuda
evaluation,2786,1694,Warm A,0.5619771480560303,0.17683084309101105,0.5802469135802469,1.0,0.20911137759685516,0.33563709259033203,,cfg02_G2_D32,0.9929953520186245,cuda
evaluation,2786,1694,Warm B,0.5672317147254944,0.1770690530538559,0.5802469135802469,1.0,0.3428015410900116,0.2862818241119385,,cfg02_G2_D32,0.9929953520186245,cuda
evaluation,2786,1694,Warm C,0.5604977607727051,0.1787930428981781,0.5555555555555556,1.0,0.37620311975479126,0.5443515181541443,,cfg02_G2_D32,0.9929953520186245,cuda
evaluation,2787,1695,Cold,0.5550878643989563,0.17008765041828156,0.5555555555555556,1.0,0.0,0.0,,cfg02_G2_D32,0.9929953520186245,cuda
evaluation,2787,1695,Warm A,0.554526686668396,0.17037701606750488,0.5555555555555556,1.0,0.19958604872226715,0.6030687689781189,,cfg02_G2_D32,0.9929953520186245,cuda
evaluation,2787,1695,Warm B,0.5647144317626953,0.16880710422992706,0.5802469135802469,1.0,0.2614469826221466,0.2792752683162689,,cfg02_G2_D32,0.9929953520186245,cuda
evaluation,2787,1695,Warm C,0.5579473376274109,0.16927938163280487,0.5802469135802469,1.0,0.23618705570697784,0.4698057174682617,,cfg02_G2_D32,0.9929953520186245,cuda
evaluation,2789,1697,Cold,0.5575675368309021,0.168167844414711,0.5555555555555556,1.0,0.0,0.0,,cfg02_G2_D32,0.9929953520186245,cuda
evaluation,2789,1697,Warm A,0.5646321773529053,0.1674422174692154,0.5802469135802469,1.0,0.21732878684997559,0.3639926612377167,,cfg02_G2_D32,0.9929953520186245,cuda
evaluation,2789,1697,Warm B,0.5691515207290649,0.16622497141361237,0.5802469135802469,1.0,0.36011210083961487,0.37960585951805115,,cfg02_G2_D32,0.9929953520186245,cuda
evaluation,2789,1697,Warm C,0.557415246963501,0.16796885430812836,0.5555555555555556,1.0,0.34615975618362427,0.8203754425048828,,cfg02_G2_D32,0.9929953520186245,cuda
evaluation,2790,1698,Cold,0.5552994608879089,0.16925683617591858,0.5555555555555556,1.0,0.0,0.0,,cfg02_G2_D32,0.9929953520186245,cuda
evaluation,2790,1698,Warm A,0.5605846643447876,0.1695745438337326,0.5802469135802469,1.0,0.22902074456214905,0.49254074692726135,,cfg02_G2_D32,0.9929953520186245,cuda
evaluation,2790,1698,Warm B,0.5633164644241333,0.1720498502254486,0.5555555555555556,1.0,0.40059229731559753,0.4225873053073883,,cfg02_G2_D32,0.9929953520186245,cuda
evaluation,2790,1698,Warm C,0.5610300898551941,0.17247502505779266,0.5802469135802469,1.0,0.37945133447647095,0.41470572352409363,,cfg02_G2_D32,0.9929953520186245,cuda
evaluation,2798,1706,Cold,0.5536729097366333,0.17885951697826385,0.5555555555555556,1.0,0.0,0.0,,cfg02_G2_D32,0.9929953520186245,cuda
evaluation,2798,1706,Warm A,0.5572081208229065,0.18117856979370117,0.5555555555555556,1.0,0.2119140625,0.3305843472480774,,cfg02_G2_D32,0.9929953520186245,cuda
evaluation,2798,1706,Warm B,0.5611331462860107,0.18429771065711975,0.5802469135802469,1.0,0.3947528302669525,0.30264750123023987,,cfg02_G2_D32,0.9929953520186245,cuda
evaluation,2798,1706,Warm C,0.5663986206054688,0.18247736990451813,0.5802469135802469,1.0,0.3560155928134918,0.16190661489963531,,cfg02_G2_D32,0.9929953520186245,cuda
evaluation,2799,1707,Cold,0.5546127557754517,0.17916104197502136,0.5555555555555556,1.0,0.0,0.0,,cfg02_G2_D32,0.9929953520186245,cuda
evaluation,2799,1707,Warm A,0.5580004453659058,0.18120773136615753,0.5802469135802469,1.0,0.2199680060148239,0.3904658257961273,,cfg02_G2_D32,0.9929953520186245,cuda
evaluation,2799,1707,Warm B,0.5652205944061279,0.18243850767612457,0.5802469135802469,1.0,0.35657283663749695,0.09896233677864075,,cfg02_G2_D32,0.9929953520186245,cuda
evaluation,2799,1707,Warm C,0.5706679821014404,0.17996449768543243,0.6296296296296297,1.0,0.43847206234931946,0.06512203067541122,,cfg02_G2_D32,0.9929953520186245,cuda
evaluation,2801,1708,Cold,0.5506952404975891,0.17957666516304016,0.5061728395061729,1.0,0.0,0.0,,cfg02_G2_D32,0.9929953520186245,cuda
evaluation,2801,1708,Warm A,0.549759030342102,0.18237949907779694,0.5308641975308642,1.0,0.19812838733196259,0.6489985585212708,,cfg02_G2_D32,0.9929953520186245,cuda
evaluation,2801,1708,Warm B,0.5462210178375244,0.18048641085624695,0.5061728395061729,1.0,0.26082050800323486,0.6218008399009705,,cfg02_G2_D32,0.9929953520186245,cuda
evaluation,2801,1708,Warm C,0.5441554188728333,0.1824396252632141,0.5061728395061729,1.0,0.39479994773864746,0.6503432393074036,,cfg02_G2_D32,0.9929953520186245,cuda
evaluation,2806,1713,Cold,0.5502707362174988,0.18068251013755798,0.5308641975308642,1.0,0.0,0.0,,cfg02_G2_D32,0.9929953520186245,cuda
evaluation,2806,1713,Warm A,0.553782045841217,0.18161219358444214,0.5555555555555556,1.0,0.19438986480236053,0.4976120591163635,,cfg02_G2_D32,0.9929953520186245,cuda
evaluation,2806,1713,Warm B,0.5544001460075378,0.18416431546211243,0.5308641975308642,1.0,0.30764517188072205,0.477985680103302,,cfg02_G2_D32,0.9929953520186245,cuda
evaluation,2806,1713,Warm C,0.5565447807312012,0.18443673849105835,0.5555555555555556,1.0,0.371229887008667,0.4281882345676422,,cfg02_G2_D32,0.9929953520186245,cuda
evaluation,2807,1714,Cold,0.551761269569397,0.17674227058887482,0.5308641975308642,1.0,0.0,0.0,,cfg02_G2_D32,0.9929953520186245,cuda
evaluation,2807,1714,Warm A,0.5540788173675537,0.17964474856853485,0.5802469135802469,1.0,0.2194710373878479,0.3288428485393524,,cfg02_G2_D32,0.9929953520186245,cuda
evaluation,2807,1714,Warm B,0.5603600740432739,0.18075786530971527,0.5802469135802469,1.0,0.40597546100616455,0.1734475940465927,,cfg02_G2_D32,0.9929953520186245,cuda
evaluation,2807,1714,Warm C,0.5663484930992126,0.18153135478496552,0.6049382716049383,1.0,0.5855480432510376,0.020388508215546608,,cfg02_G2_D32,0.9929953520186245,cuda
evaluation,2816,1717,Cold,0.5578197836875916,0.1748228818178177,0.5555555555555556,1.0,0.0,0.0,,cfg02_G2_D32,0.9929953520186245,cuda
evaluation,2816,1717,Warm A,0.5605039596557617,0.17684204876422882,0.5802469135802469,1.0,0.2260693609714508,0.5183972716331482,,cfg02_G2_D32,0.9929953520186245,cuda
evaluation,2816,1717,Warm B,0.5677605271339417,0.17772147059440613,0.6296296296296297,1.0,0.38465186953544617,0.2566550672054291,,cfg02_G2_D32,0.9929953520186245,cuda
evaluation,2816,1717,Warm C,0.5707569718360901,0.18163329362869263,0.6049382716049383,1.0,0.5624353289604187,0.24682369828224182,,cfg02_G2_D32,0.9929953520186245,cuda
evaluation,2817,1718,Cold,0.5565754175186157,0.1767614483833313,0.5802469135802469,1.0,0.0,0.0,,cfg02_G2_D32,0.9929953520186245,cuda
evaluation,2817,1718,Warm A,0.5607919692993164,0.17858970165252686,0.5802469135802469,1.0,0.23277273774147034,0.3052143156528473,,cfg02_G2_D32,0.9929953520186245,cuda
evaluation,2817,1718,Warm B,0.5651589632034302,0.17980989813804626,0.6049382716049383,1.0,0.43418174982070923,0.33382582664489746,,cfg02_G2_D32,0.9929953520186245,cuda
evaluation,2817,1718,Warm C,0.5702103972434998,0.18123231828212738,0.6049382716049383,1.0,0.5182692408561707,0.22405186295509338,,cfg02_G2_D32,0.9929953520186245,cuda
evaluation,2828,1723,Cold,0.5484179854393005,0.17882689833641052,0.5308641975308642,1.0,0.0,0.0,,cfg02_G2_D32,0.9929953520186245,cuda
evaluation,2828,1723,Warm A,0.5491176843643188,0.18250323832035065,0.5308641975308642,1.0,0.22463400661945343,0.5009138584136963,,cfg02_G2_D32,0.9929953520186245,cuda
evaluation,2828,1723,Warm B,0.5544277429580688,0.1844928115606308,0.5802469135802469,1.0,0.3954683840274811,0.29341569542884827,,cfg02_G2_D32,0.9929953520186245,cuda
evaluation,2828,1723,Warm C,0.5463605523109436,0.18700037896633148,0.5308641975308642,1.0,0.4971638023853302,0.4087161123752594,,cfg02_G2_D32,0.9929953520186245,cuda
evaluation,2829,1724,Cold,0.5514963865280151,0.18202148377895355,0.5308641975308642,1.0,0.0,0.0,,cfg02_G2_D32,0.9929953520186245,cuda
evaluation,2829,1724,Warm A,0.5471014380455017,0.18333280086517334,0.5308641975308642,1.0,0.2098439484834671,0.6664429903030396,,cfg02_G2_D32,0.9929953520186245,cuda
evaluation,2829,1724,Warm B,0.545836865901947,0.1872706264257431,0.5308641975308642,1.0,0.3799181580543518,0.6256674528121948,,cfg02_G2_D32,0.9929953520186245,cuda
evaluation,2829,1724,Warm C,0.5481060743331909,0.18978428840637207,0.5555555555555556,1.0,0.485892117023468,0.48329782485961914,,cfg02_G2_D32,0.9929953520186245,cuda
evaluation,2836,1725,Cold,0.5495867729187012,0.1831018328666687,0.5308641975308642,1.0,0.0,0.0,,cfg02_G2_D32,0.9929953520186245,cuda
evaluation,2836,1725,Warm A,0.5516130328178406,0.18612371385097504,0.5308641975308642,1.0,0.19860722124576569,0.49215641617774963,,cfg02_G2_D32,0.9929953520186245,cuda
evaluation,2836,1725,Warm B,0.5490131378173828,0.18283800780773163,0.5308641975308642,1.0,0.24851639568805695,0.5266000628471375,,cfg02_G2_D32,0.9929953520186245,cuda
evaluation,2836,1725,Warm C,0.548764705657959,0.18497374653816223,0.5308641975308642,1.0,0.32204845547676086,0.5999826192855835,,cfg02_G2_D32,0.9929953520186245,cuda
evaluation,2844,1728,Cold,0.5532001256942749,0.17995068430900574,0.5802469135802469,1.0,0.0,0.0,,cfg02_G2_D32,0.9929953520186245,cuda
evaluation,2844,1728,Warm A,0.5516311526298523,0.1830686330795288,0.5308641975308642,1.0,0.22218981385231018,0.66778165102005,,cfg02_G2_D32,0.9929953520186245,cuda
evaluation,2844,1728,Warm B,0.5454922914505005,0.18299680948257446,0.48148148148148145,1.0,0.2992227375507355,0.5780483484268188,,cfg02_G2_D32,0.9929953520186245,cuda
evaluation,2844,1728,Warm C,0.5504852533340454,0.18174894154071808,0.5555555555555556,1.0,0.2486778199672699,0.5091574192047119,,cfg02_G2_D32,0.9929953520186245,cuda
evaluation,2846,1729,Cold,0.5531529784202576,0.171609565615654,0.5555555555555556,1.0,0.0,0.0,,cfg02_G2_D32,0.9929953520186245,cuda
evaluation,2846,1729,Warm A,0.5477386116981506,0.17218822240829468,0.5061728395061729,1.0,0.19724173843860626,0.5677339434623718,,cfg02_G2_D32,0.9929953520186245,cuda
evaluation,2846,1729,Warm B,0.5483745336532593,0.17368881404399872,0.5555555555555556,1.0,0.3287205100059509,0.6315770149230957,,cfg02_G2_D32,0.9929953520186245,cuda
evaluation,2846,1729,Warm C,0.5425367951393127,0.17630535364151,0.48148148148148145,1.0,0.4546586573123932,0.6821423172950745,,cfg02_G2_D32,0.9929953520186245,cuda
evaluation,2851,1730,Cold,0.5589742660522461,0.17219558358192444,0.5802469135802469,1.0,0.0,0.0,,cfg02_G2_D32,0.9929953520186245,cuda
evaluation,2851,1730,Warm A,0.5638468265533447,0.1726701557636261,0.5802469135802469,1.0,0.2258097529411316,0.3925114572048187,,cfg02_G2_D32,0.9929953520186245,cuda
evaluation,2851,1730,Warm B,0.5701608657836914,0.1737804114818573,0.5802469135802469,1.0,0.4321315288543701,0.16028432548046112,,cfg02_G2_D32,0.9929953520186245,cuda
evaluation,2851,1730,Warm C,0.5610940456390381,0.1747494488954544,0.5802469135802469,1.0,0.47673699259757996,0.4724881649017334,,cfg02_G2_D32,0.9929953520186245,cuda
evaluation,2852,1731,Cold,0.5557409524917603,0.17751240730285645,0.5555555555555556,1.0,0.0,0.0,,cfg02_G2_D32,0.9929953520186245,cuda
evaluation,2852,1731,Warm A,0.5554025769233704,0.17721758782863617,0.5555555555555556,1.0,0.19893048703670502,0.6320024132728577,,cfg02_G2_D32,0.9929953520186245,cuda
evaluation,2852,1731,Warm B,0.5570772886276245,0.17942456901073456,0.5555555555555556,1.0,0.3851107954978943,0.6193792223930359,,cfg02_G2_D32,0.9929953520186245,cuda
evaluation,2852,1731,Warm C,0.5507582426071167,0.1796693652868271,0.5308641975308642,1.0,0.36533039808273315,0.5688027739524841,,cfg02_G2_D32,0.9929953520186245,cuda
evaluation,2856,1732,Cold,0.5622895956039429,0.1750115603208542,0.5308641975308642,1.0,0.0,0.0,,cfg02_G2_D32,0.9929953520186245,cuda
evaluation,2856,1732,Warm A,0.5643507242202759,0.1766756772994995,0.5555555555555556,1.0,0.23586656153202057,0.7494879961013794,,cfg02_G2_D32,0.9929953520186245,cuda
evaluation,2856,1732,Warm B,0.5721952319145203,0.17621898651123047,0.6049382716049383,1.0,0.2867411971092224,0.3759496212005615,,cfg02_G2_D32,0.9929953520186245,cuda
evaluation,2856,1732,Warm C,0.5719720125198364,0.1768498718738556,0.6049382716049383,1.0,0.3884033262729645,0.5654179453849792,,cfg02_G2_D32,0.9929953520186245,cuda
evaluation,2860,1736,Cold,0.5504262447357178,0.18188317120075226,0.5308641975308642,1.0,0.0,0.0,,cfg02_G2_D32,0.9929953520186245,cuda
evaluation,2860,1736,Warm A,0.550838053226471,0.1839739829301834,0.5555555555555556,1.0,0.21399196982383728,0.6756597757339478,,cfg02_G2_D32,0.9929953520186245,cuda
evaluation,2860,1736,Warm B,0.556370735168457,0.18323403596878052,0.5802469135802469,1.0,0.280597984790802,0.493173211812973,,cfg02_G2_D32,0.9929953520186245,cuda
evaluation,2860,1736,Warm C,0.559597909450531,0.1803751140832901,0.6296296296296297,1.0,0.3513225018978119,0.4993899464607239,,cfg02_G2_D32,0.9929953520186245,cuda
evaluation,2862,1738,Cold,0.558111846446991,0.17762474715709686,0.5555555555555556,1.0,0.0,0.0,,cfg02_G2_D32,0.9929953520186245,cuda
evaluation,2862,1738,Warm A,0.5569566488265991,0.18073700368404388,0.5555555555555556,1.0,0.23321372270584106,0.9687248468399048,,cfg02_G2_D32,0.9929953520186245,cuda
evaluation,2862,1738,Warm B,0.5557349324226379,0.18425939977169037,0.5555555555555556,1.0,0.41163232922554016,0.5833405256271362,,cfg02_G2_D32,0.9929953520186245,cuda
evaluation,2862,1738,Warm C,0.5584409832954407,0.18601003289222717,0.5308641975308642,1.0,0.5274391174316406,0.6329493522644043,,cfg02_G2_D32,0.9929953520186245,cuda
evaluation,2866,1740,Cold,0.5579803586006165,0.1782972663640976,0.5555555555555556,1.0,0.0,0.0,,cfg02_G2_D32,0.9929953520186245,cuda
evaluation,2866,1740,Warm A,0.5595732927322388,0.17969393730163574,0.5802469135802469,1.0,0.19411712884902954,0.5515490770339966,,cfg02_G2_D32,0.9929953520186245,cuda
evaluation,2866,1740,Warm B,0.5570449233055115,0.1811426281929016,0.5802469135802469,1.0,0.33562493324279785,0.5654392838478088,,cfg02_G2_D32,0.9929953520186245,cuda
evaluation,2866,1740,Warm C,0.5560000538825989,0.18054915964603424,0.5555555555555556,1.0,0.3947119414806366,0.5744671821594238,,cfg02_G2_D32,0.9929953520186245,cuda
evaluation,2868,1742,Cold,0.5553700923919678,0.1698870211839676,0.5555555555555556,1.0,0.0,0.0,,cfg02_G2_D32,0.9929953520186245,cuda
evaluation,2868,1742,Warm A,0.5629407167434692,0.16943839192390442,0.6296296296296297,1.0,0.23695030808448792,0.3134461045265198,,cfg02_G2_D32,0.9929953520186245,cuda
evaluation,2868,1742,Warm B,0.5657455325126648,0.17212265729904175,0.6049382716049383,1.0,0.39044389128685,0.3626350462436676,,cfg02_G2_D32,0.9929953520186245,cuda
evaluation,2868,1742,Warm C,0.5678853392601013,0.17095282673835754,0.6049382716049383,1.0,0.4777732491493225,0.25778132677078247,,cfg02_G2_D32,0.9929953520186245,cuda
evaluation,2870,1743,Cold,0.5577525496482849,0.17686840891838074,0.5802469135802469,1.0,0.0,0.0,,cfg02_G2_D32,0.9929953520186245,cuda
evaluation,2870,1743,Warm A,0.5645850896835327,0.17665867507457733,0.5555555555555556,1.0,0.2183419167995453,0.465975284576416,,cfg02_G2_D32,0.9929953520186245,cuda
evaluation,2870,1743,Warm B,0.55808424949646,0.17800502479076385,0.5061728395061729,1.0,0.21589812636375427,0.5935013294219971,,cfg02_G2_D32,0.9929953520186245,cuda
evaluation,2870,1743,Warm C,0.5605607032775879,0.1784968376159668,0.5308641975308642,1.0,0.2789386212825775,0.5703854560852051,,cfg02_G2_D32,0.9929953520186245,cuda
evaluation,2874,1746,Cold,0.559979259967804,0.17793405055999756,0.5061728395061729,1.0,0.0,0.0,,cfg02_G2_D32,0.9929953520186245,cuda
evaluation,2874,1746,Warm A,0.5615760684013367,0.17921771109104156,0.5308641975308642,1.0,0.21297019720077515,0.6558437347412109,,cfg02_G2_D32,0.9929953520186245,cuda
evaluation,2874,1746,Warm B,0.5561638474464417,0.18045534193515778,0.5308641975308642,1.0,0.3833535313606262,0.7947074770927429,,cfg02_G2_D32,0.9929953520186245,cuda
evaluation,2874,1746,Warm C,0.5586616396903992,0.18013916909694672,0.5061728395061729,1.0,0.3159848749637604,0.5057724118232727,,cfg02_G2_D32,0.9929953520186245,cuda
evaluation,2879,1749,Cold,0.5542572140693665,0.1758112907409668,0.5555555555555556,1.0,0.0,0.0,,cfg02_G2_D32,0.9929953520186245,cuda
evaluation,2879,1749,Warm A,0.5475687980651855,0.17903168499469757,0.5061728395061729,1.0,0.23665322363376617,0.6525599360466003,,cfg02_G2_D32,0.9929953520186245,cuda
evaluation,2879,1749,Warm B,0.5476393699645996,0.18170179426670074,0.5061728395061729,1.0,0.4053364396095276,0.710939884185791,,cfg02_G2_D32,0.9929953520186245,cuda
evaluation,2879,1749,Warm C,0.5485196709632874,0.18214790523052216,0.5061728395061729,1.0,0.42247912287712097,0.5650240778923035,,cfg02_G2_D32,0.9929953520186245,cuda
evaluation,2880,1750,Cold,0.5554110407829285,0.17567120492458344,0.5555555555555556,1.0,0.0,0.0,,cfg02_G2_D32,0.9929953520186245,cuda
evaluation,2880,1750,Warm A,0.5480031371116638,0.17720387876033783,0.5061728395061729,1.0,0.21327437460422516,0.6504800915718079,,cfg02_G2_D32,0.9929953520186245,cuda
evaluation,2880,1750,Warm B,0.5483337044715881,0.17835934460163116,0.5061728395061729,1.0,0.28772279620170593,0.6167584657669067,,cfg02_G2_D32,0.9929953520186245,cuda
evaluation,2880,1750,Warm C,0.5408405065536499,0.18066659569740295,0.4567901234567901,1.0,0.44565117359161377,0.729977011680603,,cfg02_G2_D32,0.9929953520186245,cuda
evaluation,2882,1752,Cold,0.5533471703529358,0.18118834495544434,0.5555555555555556,1.0,0.0,0.0,,cfg02_G2_D32,0.9929953520186245,cuda
evaluation,2882,1752,Warm A,0.5541514754295349,0.18384018540382385,0.5555555555555556,1.0,0.19436916708946228,0.5883085131645203,,cfg02_G2_D32,0.9929953520186245,cuda
evaluation,2882,1752,Warm B,0.5575374960899353,0.1856827288866043,0.5802469135802469,1.0,0.29090625047683716,0.5344142913818359,,cfg02_G2_D32,0.9929953520186245,cuda
evaluation,2882,1752,Warm C,0.5559044480323792,0.1813410073518753,0.5555555555555556,1.0,0.251007616519928,0.5525677800178528,,cfg02_G2_D32,0.9929953520186245,cuda
evaluation,2885,1754,Cold,0.5523020625114441,0.1809585988521576,0.5555555555555556,1.0,0.0,0.0,,cfg02_G2_D32,0.9929953520186245,cuda
evaluation,2885,1754,Warm A,0.5482598543167114,0.18385635316371918,0.5308641975308642,1.0,0.22632020711898804,0.6849146485328674,,cfg02_G2_D32,0.9929953520186245,cuda
evaluation,2885,1754,Warm B,0.5426096320152283,0.18494395911693573,0.48148148148148145,1.0,0.32890158891677856,0.5533487796783447,,cfg02_G2_D32,0.9929953520186245,cuda
evaluation,2885,1754,Warm C,0.5436482429504395,0.18520990014076233,0.5061728395061729,1.0,0.3344947397708893,0.4870772361755371,,cfg02_G2_D32,0.9929953520186245,cuda
evaluation,2888,1755,Cold,0.5498414039611816,0.17989960312843323,0.5308641975308642,1.0,0.0,0.0,,cfg02_G2_D32,0.9929953520186245,cuda
evaluation,2888,1755,Warm A,0.5478566288948059,0.1840692162513733,0.5308641975308642,1.0,0.23283390700817108,0.7252853512763977,,cfg02_G2_D32,0.9929953520186245,cuda
evaluation,2888,1755,Warm B,0.5486316680908203,0.18732035160064697,0.5308641975308642,1.0,0.41137903928756714,0.5529244542121887,,cfg02_G2_D32,0.9929953520186245,cuda
evaluation,2888,1755,Warm C,0.5478174090385437,0.18498282134532928,0.5308641975308642,1.0,0.32332754135131836,0.4469766616821289,,cfg02_G2_D32,0.9929953520186245,cuda
evaluation,2891,1758,Cold,0.5495867729187012,0.1831018328666687,0.5308641975308642,1.0,0.0,0.0,,cfg02_G2_D32,0.9929953520186245,cuda
evaluation,2891,1758,Warm A,0.5474973320960999,0.18257500231266022,0.5308641975308642,1.0,0.21591809391975403,0.5593676567077637,,cfg02_G2_D32,0.9929953520186245,cuda
evaluation,2891,1758,Warm B,0.5427684187889099,0.18598590791225433,0.5061728395061729,1.0,0.2809840440750122,0.7500776052474976,,cfg02_G2_D32,0.9929953520186245,cuda
evaluation,2891,1758,Warm C,0.5417732000350952,0.18546634912490845,0.5061728395061729,1.0,0.319923996925354,0.6561900973320007,,cfg02_G2_D32,0.9929953520186245,cuda
evaluation,2898,1759,Cold,0.5521066784858704,0.17496216297149658,0.5308641975308642,1.0,0.0,0.0,,cfg02_G2_D32,0.9929953520186245,cuda
evaluation,2898,1759,Warm A,0.5613848567008972,0.17373301088809967,0.5555555555555556,1.0,0.22257927060127258,0.33127138018608093,,cfg02_G2_D32,0.9929953520186245,cuda
evaluation,2898,1759,Warm B,0.5691509246826172,0.1734490692615509,0.6296296296296297,1.0,0.34517163038253784,0.3212827742099762,,cfg02_G2_D32,0.9929953520186245,cuda
evaluation,2898,1759,Warm C,0.5635645985603333,0.17444124817848206,0.5802469135802469,1.0,0.2419174313545227,0.3861088752746582,,cfg02_G2_D32,0.9929953520186245,cuda
evaluation,2899,1760,Cold,0.5647028088569641,0.1849028766155243,0.5061728395061729,1.0,0.0,0.0,,cfg02_G2_D32,0.9929953520186245,cuda
evaluation,2899,1760,Warm A,0.5704938173294067,0.18514278531074524,0.5308641975308642,1.0,0.21672865748405457,0.4939784109592438,,cfg02_G2_D32,0.9929953520186245,cuda
evaluation,2899,1760,Warm B,0.5668058395385742,0.18533727526664734,0.5308641975308642,1.0,0.21213580667972565,0.5358067750930786,,cfg02_G2_D32,0.9929953520186245,cuda
evaluation,2899,1760,Warm C,0.5627617835998535,0.1864524483680725,0.48148148148148145,1.0,0.30650293827056885,0.5257430672645569,,cfg02_G2_D32,0.9929953520186245,cuda
evaluation,2900,1761,Cold,0.5529572367668152,0.172193706035614,0.5061728395061729,1.0,0.0,0.0,,cfg02_G2_D32,0.9929953520186245,cuda
evaluation,2900,1761,Warm A,0.5573517680168152,0.17288634181022644,0.5802469135802469,1.0,0.23364442586898804,0.5306462645530701,,cfg02_G2_D32,0.9929953520186245,cuda
evaluation,2900,1761,Warm B,0.567268431186676,0.17085020244121552,0.5802469135802469,1.0,0.27493709325790405,0.23587189614772797,,cfg02_G2_D32,0.9929953520186245,cuda
evaluation,2900,1761,Warm C,0.5602468848228455,0.173040509223938,0.5802469135802469,1.0,0.21601270139217377,0.5464787483215332,,cfg02_G2_D32,0.9929953520186245,cuda
evaluation,2902,1763,Cold,0.5580451488494873,0.17068162560462952,0.5802469135802469,1.0,0.0,0.0,,cfg02_G2_D32,0.9929953520186245,cuda
evaluation,2902,1763,Warm A,0.5631613731384277,0.17039473354816437,0.5802469135802469,1.0,0.21713212132453918,0.4987221658229828,,cfg02_G2_D32,0.9929953520186245,cuda
evaluation,2902,1763,Warm B,0.5711890459060669,0.16873270273208618,0.6296296296296297,1.0,0.33439263701438904,0.25673791766166687,,cfg02_G2_D32,0.9929953520186245,cuda
evaluation,2902,1763,Warm C,0.5710774064064026,0.16942881047725677,0.6296296296296297,1.0,0.4123755693435669,0.28323495388031006,,cfg02_G2_D32,0.9929953520186245,cuda
evaluation,2903,1764,Cold,0.5575113296508789,0.1712319552898407,0.5555555555555556,1.0,0.0,0.0,,cfg02_G2_D32,0.9929953520186245,cuda
evaluation,2903,1764,Warm A,0.5632073283195496,0.17184211313724518,0.5802469135802469,1.0,0.18467830121517181,0.40713897347450256,,cfg02_G2_D32,0.9929953520186245,cuda
evaluation,2903,1764,Warm B,0.5703461170196533,0.1723015159368515,0.6296296296296297,1.0,0.3776879608631134,0.11746034771203995,,cfg02_G2_D32,0.9929953520186245,cuda
evaluation,2903,1764,Warm C,0.5701541304588318,0.1754419356584549,0.6049382716049383,1.0,0.5052067041397095,0.2183084934949875,,cfg02_G2_D32,0.9929953520186245,cuda
evaluation,2905,1765,Cold,0.5602889657020569,0.17360679805278778,0.5308641975308642,1.0,0.0,0.0,,cfg02_G2_D32,0.9929953520186245,cuda
evaluation,2905,1765,Warm A,0.5546768307685852,0.1735519915819168,0.5308641975308642,1.0,0.22175027430057526,0.3186357915401459,,cfg02_G2_D32,0.9929953520186245,cuda
evaluation,2905,1765,Warm B,0.556542694568634,0.17338640987873077,0.5308641975308642,1.0,0.37344956398010254,0.20859269797801971,,cfg02_G2_D32,0.9929953520186245,cuda
evaluation,2905,1765,Warm C,0.5564959645271301,0.1752210110425949,0.5308641975308642,1.0,0.5605397820472717,0.16117313504219055,,cfg02_G2_D32,0.9929953520186245,cuda
evaluation,2920,1775,Cold,0.5642821788787842,0.18559230864048004,0.5061728395061729,1.0,0.0,0.0,,cfg02_G2_D32,0.9929953520186245,cuda
evaluation,2920,1775,Warm A,0.5652787685394287,0.18526558578014374,0.5061728395061729,1.0,0.21739424765110016,0.3963717818260193,,cfg02_G2_D32,0.9929953520186245,cuda
evaluation,2920,1775,Warm B,0.5642675757408142,0.18533572554588318,0.48148148148148145,1.0,0.29783740639686584,0.31763970851898193,,cfg02_G2_D32,0.9929953520186245,cuda
evaluation,2920,1775,Warm C,0.5621591806411743,0.18669795989990234,0.48148148148148145,1.0,0.23665858805179596,0.40736666321754456,,cfg02_G2_D32,0.9929953520186245,cuda
evaluation,2924,1778,Cold,0.5577433109283447,0.17546121776103973,0.5802469135802469,1.0,0.0,0.0,,cfg02_G2_D32,0.9929953520186245,cuda
evaluation,2924,1778,Warm A,0.5512987375259399,0.17626328766345978,0.5061728395061729,1.0,0.21486644446849823,0.584079921245575,,cfg02_G2_D32,0.9929953520186245,cuda
evaluation,2924,1778,Warm B,0.5473987460136414,0.176164448261261,0.48148148148148145,1.0,0.40433114767074585,0.4486508071422577,,cfg02_G2_D32,0.9929953520186245,cuda
evaluation,2924,1778,Warm C,0.5497968792915344,0.17633207142353058,0.48148148148148145,1.0,0.3359353840351105,0.6414863467216492,,cfg02_G2_D32,0.9929953520186245,cuda
evaluation,2927,1780,Cold,0.5650149583816528,0.18548761308193207,0.5061728395061729,1.0,0.0,0.0,,cfg02_G2_D32,0.9929953520186245,cuda
evaluation,2927,1780,Warm A,0.5690977573394775,0.1855284571647644,0.5061728395061729,1.0,0.19879794120788574,0.41015487909317017,,cfg02_G2_D32,0.9929953520186245,cuda
evaluation,2927,1780,Warm B,0.5705947875976562,0.1843172013759613,0.5061728395061729,1.0,0.3658725917339325,0.3318438231945038,,cfg02_G2_D32,0.9929953520186245,cuda
evaluation,2927,1780,Warm C,0.5722418427467346,0.18581677973270416,0.5061728395061729,1.0,0.4318154752254486,0.3448377251625061,,cfg02_G2_D32,0.9929953520186245,cuda
evaluation,2928,1781,Cold,0.5573400855064392,0.17731168866157532,0.5555555555555556,1.0,0.0,0.0,,cfg02_G2_D32,0.9929953520186245,cuda
evaluation,2928,1781,Warm A,0.5568435788154602,0.18017278611660004,0.5555555555555556,1.0,0.22697530686855316,0.692436695098877,,cfg02_G2_D32,0.9929953520186245,cuda
evaluation,2928,1781,Warm B,0.5555421113967896,0.18058519065380096,0.5308641975308642,1.0,0.3558247685432434,0.6209236979484558,,cfg02_G2_D32,0.9929953520186245,cuda
evaluation,2928,1781,Warm C,0.5634104609489441,0.17912891507148743,0.5555555555555556,1.0,0.29170429706573486,0.4254239499568939,,cfg02_G2_D32,0.9929953520186245,cuda
evaluation,2932,1783,Cold,0.5604661703109741,0.17711693048477173,0.5802469135802469,1.0,0.0,0.0,,cfg02_G2_D32,0.9929953520186245,cuda
evaluation,2932,1783,Warm A,0.5615019798278809,0.17767706513404846,0.5802469135802469,1.0,0.19447867572307587,0.5805920958518982,,cfg02_G2_D32,0.9929953520186245,cuda
evaluation,2932,1783,Warm B,0.5658936500549316,0.17532958090305328,0.5802469135802469,1.0,0.2830996513366699,0.44004708528518677,,cfg02_G2_D32,0.9929953520186245,cuda
evaluation,2932,1783,Warm C,0.564703643321991,0.17465807497501373,0.5802469135802469,1.0,0.39773672819137573,0.3724183440208435,,cfg02_G2_D32,0.9929953520186245,cuda
evaluation,2935,1784,Cold,0.5641173124313354,0.18554265797138214,0.5061728395061729,1.0,0.0,0.0,,cfg02_G2_D32,0.9929953520186245,cuda
evaluation,2935,1784,Warm A,0.5655929446220398,0.18453533947467804,0.48148148148148145,1.0,0.24526594579219818,0.1681719273328781,,cfg02_G2_D32,0.9929953520186245,cuda
evaluation,2935,1784,Warm B,0.5700588822364807,0.18326228857040405,0.5061728395061729,1.0,0.3858826458454132,0.3193710148334503,,cfg02_G2_D32,0.9929953520186245,cuda
evaluation,2935,1784,Warm C,0.5720890164375305,0.18405868113040924,0.5061728395061729,1.0,0.41641494631767273,0.3762619197368622,,cfg02_G2_D32,0.9929953520186245,cuda
evaluation,2936,1785,Cold,0.563136637210846,0.18414446711540222,0.5061728395061729,1.0,0.0,0.0,,cfg02_G2_D32,0.9929953520186245,cuda
evaluation,2936,1785,Warm A,0.5686489343643188,0.18359990417957306,0.5308641975308642,1.0,0.23038245737552643,0.33422431349754333,,cfg02_G2_D32,0.9929953520186245,cuda
evaluation,2936,1785,Warm B,0.5632897615432739,0.18398341536521912,0.48148148148148145,1.0,0.24430988729000092,0.3732863664627075,,cfg02_G2_D32,0.9929953520186245,cuda
evaluation,2936,1785,Warm C,0.564734935760498,0.1856970340013504,0.5061728395061729,1.0,0.22825422883033752,0.3294210433959961,,cfg02_G2_D32,0.9929953520186245,cuda
evaluation,2937,1786,Cold,0.5631008148193359,0.183963805437088,0.5061728395061729,1.0,0.0,0.0,,cfg02_G2_D32,0.9929953520186245,cuda
evaluation,2937,1786,Warm A,0.5612607598304749,0.18341967463493347,0.5061728395061729,1.0,0.2161698192358017,0.47116538882255554,,cfg02_G2_D32,0.9929953520186245,cuda
evaluation,2937,1786,Warm B,0.558005154132843,0.18319901823997498,0.48148148148148145,1.0,0.34537309408187866,0.4062061011791229,,cfg02_G2_D32,0.9929953520186245,cuda
evaluation,2937,1786,Warm C,0.5624355673789978,0.18256862461566925,0.5061728395061729,1.0,0.33567366003990173,0.2504937946796417,,cfg02_G2_D32,0.9929953520186245,cuda
evaluation,2940,1787,Cold,0.5642213225364685,0.18420128524303436,0.5061728395061729,1.0,0.0,0.0,,cfg02_G2_D32,0.9929953520186245,cuda
evaluation,2940,1787,Warm A,0.5663114190101624,0.184157595038414,0.5061728395061729,1.0,0.22619062662124634,0.2971881031990051,,cfg02_G2_D32,0.9929953520186245,cuda
evaluation,2940,1787,Warm B,0.5657784938812256,0.1849231719970703,0.5061728395061729,1.0,0.23715436458587646,0.5543667078018188,,cfg02_G2_D32,0.9929953520186245,cuda
evaluation,2940,1787,Warm C,0.5630186200141907,0.1851036101579666,0.48148148148148145,1.0,0.26981422305107117,0.4851488769054413,,cfg02_G2_D32,0.9929953520186245,cuda
evaluation,2943,1790,Cold,0.5541881322860718,0.1792621612548828,0.5555555555555556,1.0,0.0,0.0,,cfg02_G2_D32,0.9929953520186245,cuda
evaluation,2943,1790,Warm A,0.5498319268226624,0.18241135776042938,0.5308641975308642,1.0,0.23721395432949066,0.6918555498123169,,cfg02_G2_D32,0.9929953520186245,cuda
evaluation,2943,1790,Warm B,0.5411005616188049,0.18309205770492554,0.48148148148148145,1.0,0.40661153197288513,0.7347702980041504,,cfg02_G2_D32,0.9929953520186245,cuda
evaluation,2943,1790,Warm C,0.5411748290061951,0.182355135679245,0.5061728395061729,1.0,0.35342180728912354,0.49998870491981506,,cfg02_G2_D32,0.9929953520186245,cuda
evaluation,2952,1798,Cold,0.5500141382217407,0.17656297981739044,0.5308641975308642,1.0,0.0,0.0,,cfg02_G2_D32,0.9929953520186245,cuda
evaluation,2952,1798,Warm A,0.5455080270767212,0.17749327421188354,0.5061728395061729,1.0,0.22314800322055817,0.5403461456298828,,cfg02_G2_D32,0.9929953520186245,cuda
evaluation,2952,1798,Warm B,0.5437874794006348,0.17889975011348724,0.5061728395061729,1.0,0.32801640033721924,0.4705233573913574,,cfg02_G2_D32,0.9929953520186245,cuda
evaluation,2952,1798,Warm C,0.5388514399528503,0.1821679323911667,0.5061728395061729,1.0,0.4373607337474823,0.5831913948059082,,cfg02_G2_D32,0.9929953520186245,cuda
evaluation,2956,1800,Cold,0.5542190074920654,0.17437784373760223,0.5555555555555556,1.0,0.0,0.0,,cfg02_G2_D32,0.9929953520186245,cuda
evaluation,2956,1800,Warm A,0.5572540163993835,0.17597326636314392,0.5802469135802469,1.0,0.20813612639904022,0.5257530212402344,,cfg02_G2_D32,0.9929953520186245,cuda
evaluation,2956,1800,Warm B,0.5553759932518005,0.1757725328207016,0.5308641975308642,1.0,0.22068271040916443,0.44700995087623596,,cfg02_G2_D32,0.9929953520186245,cuda
evaluation,2956,1800,Warm C,0.5587043762207031,0.1779078245162964,0.5308641975308642,1.0,0.32427215576171875,0.4440072178840637,,cfg02_G2_D32,0.9929953520186245,cuda
evaluation,2965,1803,Cold,0.5525017976760864,0.17713682353496552,0.5308641975308642,1.0,0.0,0.0,,cfg02_G2_D32,0.9929953520186245,cuda
evaluation,2965,1803,Warm A,0.5553162097930908,0.17948292195796967,0.5802469135802469,1.0,0.21388687193393707,0.2452683001756668,,cfg02_G2_D32,0.9929953520186245,cuda
evaluation,2965,1803,Warm B,0.5599799156188965,0.1822522133588791,0.6049382716049383,1.0,0.405933141708374,0.3738485276699066,,cfg02_G2_D32,0.9929953520186245,cuda
evaluation,2965,1803,Warm C,0.5576357245445251,0.18418163061141968,0.6049382716049383,1.0,0.5092146396636963,0.35465580224990845,,cfg02_G2_D32,0.9929953520186245,cuda
evaluation,2967,1805,Cold,0.5629870295524597,0.1797184944152832,0.5308641975308642,1.0,0.0,0.0,,cfg02_G2_D32,0.9929953520186245,cuda
evaluation,2967,1805,Warm A,0.5597995519638062,0.18156909942626953,0.5061728395061729,1.0,0.24097931385040283,0.6588426828384399,,cfg02_G2_D32,0.9929953520186245,cuda
evaluation,2967,1805,Warm B,0.5618575215339661,0.18011023104190826,0.5061728395061729,1.0,0.1621585637331009,0.5095449090003967,,cfg02_G2_D32,0.9929953520186245,cuda
evaluation,2967,1805,Warm C,0.566116452217102,0.18009281158447266,0.5061728395061729,1.0,0.19589388370513916,0.4320460855960846,,cfg02_G2_D32,0.9929953520186245,cuda
evaluation,2969,1807,Cold,0.559870183467865,0.17819911241531372,0.5061728395061729,1.0,0.0,0.0,,cfg02_G2_D32,0.9929953520186245,cuda
evaluation,2969,1807,Warm A,0.5642219185829163,0.17757895588874817,0.5308641975308642,1.0,0.23656508326530457,0.38200345635414124,,cfg02_G2_D32,0.9929953520186245,cuda
evaluation,2969,1807,Warm B,0.5649415850639343,0.1765551120042801,0.5555555555555556,1.0,0.4466409683227539,0.2503056526184082,,cfg02_G2_D32,0.9929953520186245,cuda
evaluation,2969,1807,Warm C,0.5619446039199829,0.1781669706106186,0.5308641975308642,1.0,0.2339797019958496,0.9220457077026367,,cfg02_G2_D32,0.9929953520186245,cuda
evaluation,2970,1808,Cold,0.5567266941070557,0.1748378425836563,0.5555555555555556,1.0,0.0,0.0,,cfg02_G2_D32,0.9929953520186245,cuda
evaluation,2970,1808,Warm A,0.5516684055328369,0.17505617439746857,0.5308641975308642,1.0,0.2280019074678421,0.5987173914909363,,cfg02_G2_D32,0.9929953520186245,cuda
evaluation,2970,1808,Warm B,0.5552722215652466,0.17384633421897888,0.5555555555555556,1.0,0.25148457288742065,0.40203118324279785,,cfg02_G2_D32,0.9929953520186245,cuda
evaluation,2970,1808,Warm C,0.5553314685821533,0.17363356053829193,0.5555555555555556,1.0,0.4161834418773651,0.28567346930503845,,cfg02_G2_D32,0.9929953520186245,cuda
evaluation,2972,1810,Cold,0.5552082061767578,0.17844578623771667,0.5555555555555556,1.0,0.0,0.0,,cfg02_G2_D32,0.9929953520186245,cuda
evaluation,2972,1810,Warm A,0.5511943697929382,0.1785426288843155,0.5308641975308642,1.0,0.22264891862869263,0.5439527630805969,,cfg02_G2_D32,0.9929953520186245,cuda
evaluation,2972,1810,Warm B,0.5526330471038818,0.17980599403381348,0.5555555555555556,1.0,0.24553008377552032,0.4594214856624603,,cfg02_G2_D32,0.9929953520186245,cuda
evaluation,2972,1810,Warm C,0.5532736778259277,0.17747949063777924,0.5802469135802469,1.0,0.2962338328361511,0.41083183884620667,,cfg02_G2_D32,0.9929953520186245,cuda
evaluation,2974,1812,Cold,0.5510104298591614,0.17777925729751587,0.5308641975308642,1.0,0.0,0.0,,cfg02_G2_D32,0.9929953520186245,cuda
evaluation,2974,1812,Warm A,0.5532612800598145,0.18011336028575897,0.5308641975308642,1.0,0.20757146179676056,0.3723970353603363,,cfg02_G2_D32,0.9929953520186245,cuda
evaluation,2974,1812,Warm B,0.5573659539222717,0.1816815733909607,0.5555555555555556,1.0,0.3695058822631836,0.3177221417427063,,cfg02_G2_D32,0.9929953520186245,cuda
evaluation,2974,1812,Warm C,0.5640427470207214,0.18005745112895966,0.6049382716049383,1.0,0.4378848671913147,0.1485462486743927,,cfg02_G2_D32,0.9929953520186245,cuda
evaluation,2975,1813,Cold,0.5533760786056519,0.18062753975391388,0.5555555555555556,1.0,0.0,0.0,,cfg02_G2_D32,0.9929953520186245,cuda
evaluation,2975,1813,Warm A,0.5514544248580933,0.18416669964790344,0.5555555555555556,1.0,0.22408469021320343,0.720529317855835,,cfg02_G2_D32,0.9929953520186245,cuda
evaluation,2975,1813,Warm B,0.5520215630531311,0.1886548548936844,0.5308641975308642,1.0,0.41516977548599243,0.5911048054695129,,cfg02_G2_D32,0.9929953520186245,cuda
evaluation,2975,1813,Warm C,0.5485528111457825,0.1890777349472046,0.5308641975308642,1.0,0.4448201358318329,0.574555516242981,,cfg02_G2_D32,0.9929953520186245,cuda
evaluation,2978,1815,Cold,0.5510530471801758,0.1800917088985443,0.5308641975308642,1.0,0.0,0.0,,cfg02_G2_D32,0.9929953520186245,cuda
evaluation,2978,1815,Warm A,0.5475516319274902,0.18405519425868988,0.5308641975308642,1.0,0.22282682359218597,0.6119243502616882,,cfg02_G2_D32,0.9929953520186245,cuda
evaluation,2978,1815,Warm B,0.5534466505050659,0.18190868198871613,0.5555555555555556,1.0,0.26553723216056824,0.5292730331420898,,cfg02_G2_D32,0.9929953520186245,cuda
evaluation,2978,1815,Warm C,0.5535001158714294,0.1820821464061737,0.5555555555555556,1.0,0.41682156920433044,0.45942291617393494,,cfg02_G2_D32,0.9929953520186245,cuda
evaluation,2983,1816,Cold,0.560339093208313,0.17643676698207855,0.5802469135802469,1.0,0.0,0.0,,cfg02_G2_D32,0.9929953520186245,cuda
evaluation,2983,1816,Warm A,0.5647576451301575,0.17484597861766815,0.5555555555555556,1.0,0.2036757469177246,0.4748748242855072,,cfg02_G2_D32,0.9929953520186245,cuda
evaluation,2983,1816,Warm B,0.561355710029602,0.17480334639549255,0.5555555555555556,1.0,0.2938290536403656,0.3573037087917328,,cfg02_G2_D32,0.9929953520186245,cuda
evaluation,2983,1816,Warm C,0.5584502220153809,0.17479850351810455,0.5061728395061729,1.0,0.30882975459098816,0.4219322204589844,,cfg02_G2_D32,0.9929953520186245,cuda
evaluation,2988,1820,Cold,0.5594050884246826,0.17736931145191193,0.5555555555555556,1.0,0.0,0.0,,cfg02_G2_D32,0.9929953520186245,cuda
evaluation,2988,1820,Warm A,0.554208517074585,0.18005919456481934,0.5555555555555556,1.0,0.222198948264122,0.6901946067810059,,cfg02_G2_D32,0.9929953520186245,cuda
evaluation,2988,1820,Warm B,0.557331383228302,0.17726582288742065,0.5555555555555556,1.0,0.1546231210231781,0.513073742389679,,cfg02_G2_D32,0.9929953520186245,cuda
evaluation,2988,1820,Warm C,0.5617111325263977,0.1763240545988083,0.5555555555555556,1.0,0.27090388536453247,0.5011622309684753,,cfg02_G2_D32,0.9929953520186245,cuda
evaluation,2996,1826,Cold,0.5538728833198547,0.17952807247638702,0.5802469135802469,1.0,0.0,0.0,,cfg02_G2_D32,0.9929953520186245,cuda
evaluation,2996,1826,Warm A,0.552151083946228,0.1829090416431427,0.5555555555555556,1.0,0.22196544706821442,0.7351962924003601,,cfg02_G2_D32,0.9929953520186245,cuda
evaluation,2996,1826,Warm B,0.5533432364463806,0.18010522425174713,0.5802469135802469,1.0,0.2155357301235199,0.5172421932220459,,cfg02_G2_D32,0.9929953520186245,cuda
evaluation,2996,1826,Warm C,0.5495999455451965,0.17956919968128204,0.5308641975308642,1.0,0.2917001247406006,0.5855748057365417,,cfg02_G2_D32,0.9929953520186245,cuda
evaluation,3011,1833,Cold,0.5606892108917236,0.1795848309993744,0.5555555555555556,1.0,0.0,0.0,,cfg02_G2_D32,0.9929953520186245,cuda
evaluation,3011,1833,Warm A,0.559292197227478,0.18179287016391754,0.5555555555555556,1.0,0.20957444608211517,0.617211103439331,,cfg02_G2_D32,0.9929953520186245,cuda
evaluation,3011,1833,Warm B,0.5608246922492981,0.1821545958518982,0.5555555555555556,1.0,0.33202409744262695,0.650753915309906,,cfg02_G2_D32,0.9929953520186245,cuda
evaluation,3011,1833,Warm C,0.5597721338272095,0.1807444989681244,0.5555555555555556,1.0,0.28236448764801025,0.5403580069541931,,cfg02_G2_D32,0.9929953520186245,cuda
evaluation,3013,1834,Cold,0.5528587102890015,0.1728634536266327,0.5555555555555556,1.0,0.0,0.0,,cfg02_G2_D32,0.9929953520186245,cuda
evaluation,3013,1834,Warm A,0.5478484630584717,0.17400754988193512,0.5061728395061729,1.0,0.21177758276462555,0.5934262275695801,,cfg02_G2_D32,0.9929953520186245,cuda
evaluation,3013,1834,Warm B,0.5544417500495911,0.17221583425998688,0.5308641975308642,1.0,0.2322486788034439,0.5247827768325806,,cfg02_G2_D32,0.9929953520186245,cuda
evaluation,3013,1834,Warm C,0.5561404824256897,0.17582501471042633,0.5555555555555556,1.0,0.220289409160614,0.5203418135643005,,cfg02_G2_D32,0.9929953520186245,cuda
evaluation,3015,1835,Cold,0.5565224885940552,0.17472019791603088,0.5555555555555556,1.0,0.0,0.0,,cfg02_G2_D32,0.9929953520186245,cuda
evaluation,3015,1835,Warm A,0.5599204897880554,0.1754111647605896,0.5555555555555556,1.0,0.21965909004211426,0.4847393035888672,,cfg02_G2_D32,0.9929953520186245,cuda
evaluation,3015,1835,Warm B,0.5583126544952393,0.17507781088352203,0.5061728395061729,1.0,0.26598435640335083,0.4716378152370453,,cfg02_G2_D32,0.9929953520186245,cuda
evaluation,3015,1835,Warm C,0.5561977028846741,0.17712584137916565,0.5061728395061729,1.0,0.3584144711494446,0.6331685781478882,,cfg02_G2_D32,0.9929953520186245,cuda
evaluation,3017,1837,Cold,0.5573605298995972,0.16961750388145447,0.5555555555555556,1.0,0.0,0.0,,cfg02_G2_D32,0.9929953520186245,cuda
evaluation,3017,1837,Warm A,0.5647557377815247,0.1675431728363037,0.6049382716049383,1.0,0.22342106699943542,0.3304905891418457,,cfg02_G2_D32,0.9929953520186245,cuda
evaluation,3017,1837,Warm B,0.5676831603050232,0.1665934920310974,0.6049382716049383,1.0,0.36352527141571045,0.35828396677970886,,cfg02_G2_D32,0.9929953520186245,cuda
evaluation,3017,1837,Warm C,0.5601181387901306,0.1682695597410202,0.5802469135802469,1.0,0.23307394981384277,0.5608559846878052,,cfg02_G2_D32,0.9929953520186245,cuda
evaluation,3024,1842,Cold,0.555971622467041,0.16942621767520905,0.5802469135802469,1.0,0.0,0.0,,cfg02_G2_D32,0.9929953520186245,cuda
evaluation,3024,1842,Warm A,0.558742105960846,0.17078982293605804,0.5555555555555556,1.0,0.2199420928955078,0.5600119829177856,,cfg02_G2_D32,0.9929953520186245,cuda
evaluation,3024,1842,Warm B,0.5625630021095276,0.17329053580760956,0.5802469135802469,1.0,0.40335020422935486,0.39972013235092163,,cfg02_G2_D32,0.9929953520186245,cuda
evaluation,3024,1842,Warm C,0.5696820616722107,0.17273880541324615,0.6049382716049383,1.0,0.3884572982788086,0.1965443640947342,,cfg02_G2_D32,0.9929953520186245,cuda
evaluation,3028,1843,Cold,0.5581043362617493,0.17725667357444763,0.5802469135802469,1.0,0.0,0.0,,cfg02_G2_D32,0.9929953520186245,cuda
evaluation,3028,1843,Warm A,0.5586254000663757,0.17639246582984924,0.5308641975308642,1.0,0.2272224724292755,0.4203909933567047,,cfg02_G2_D32,0.9929953520186245,cuda
evaluation,3028,1843,Warm B,0.5624173283576965,0.1773597002029419,0.5802469135802469,1.0,0.24029190838336945,0.5280871987342834,,cfg02_G2_D32,0.9929953520186245,cuda
evaluation,3028,1843,Warm C,0.5621402859687805,0.17840507626533508,0.5802469135802469,1.0,0.2194855809211731,0.6014480590820312,,cfg02_G2_D32,0.9929953520186245,cuda
evaluation,3029,1844,Cold,0.5564864873886108,0.17405299842357635,0.5802469135802469,1.0,0.0,0.0,,cfg02_G2_D32,0.9929953520186245,cuda
evaluation,3029,1844,Warm A,0.5584830045700073,0.1760314702987671,0.5555555555555556,1.0,0.2123088538646698,0.5830668807029724,,cfg02_G2_D32,0.9929953520186245,cuda
evaluation,3029,1844,Warm B,0.5628467202186584,0.17313534021377563,0.5802469135802469,1.0,0.18904724717140198,0.5197394490242004,,cfg02_G2_D32,0.9929953520186245,cuda
evaluation,3029,1844,Warm C,0.5650283694267273,0.1758563369512558,0.5555555555555556,1.0,0.2769724726676941,0.5050223469734192,,cfg02_G2_D32,0.9929953520186245,cuda
evaluation,3036,1850,Cold,0.556032121181488,0.17171385884284973,0.5555555555555556,1.0,0.0,0.0,,cfg02_G2_D32,0.9929953520186245,cuda
evaluation,3036,1850,Warm A,0.5494986772537231,0.17412424087524414,0.48148148148148145,1.0,0.21469183266162872,0.6446937918663025,,cfg02_G2_D32,0.9929953520186245,cuda
evaluation,3036,1850,Warm B,0.5467124581336975,0.17741204798221588,0.5061728395061729,1.0,0.4145549535751343,0.6726850867271423,,cfg02_G2_D32,0.9929953520186245,cuda
evaluation,3036,1850,Warm C,0.55149245262146,0.17505519092082977,0.5308641975308642,1.0,0.3845193088054657,0.47244834899902344,,cfg02_G2_D32,0.9929953520186245,cuda
evaluation,3038,1852,Cold,0.5627767443656921,0.18187710642814636,0.5061728395061729,1.0,0.0,0.0,,cfg02_G2_D32,0.9929953520186245,cuda
evaluation,3038,1852,Warm A,0.5653201341629028,0.18103553354740143,0.5061728395061729,1.0,0.23800894618034363,0.24573563039302826,,cfg02_G2_D32,0.9929953520186245,cuda
evaluation,3038,1852,Warm B,0.5622113347053528,0.18268266320228577,0.5061728395061729,1.0,0.12410413473844528,0.5665295720100403,,cfg02_G2_D32,0.9929953520186245,cuda
evaluation,3038,1852,Warm C,0.566611111164093,0.18095651268959045,0.5061728395061729,1.0,0.23630331456661224,0.286567747592926,,cfg02_G2_D32,0.9929953520186245,cuda
evaluation,3041,1855,Cold,0.5562748312950134,0.17569603025913239,0.5555555555555556,1.0,0.0,0.0,,cfg02_G2_D32,0.9929953520186245,cuda
evaluation,3041,1855,Warm A,0.5615230798721313,0.17650164663791656,0.5555555555555556,1.0,0.22214315831661224,0.3731796443462372,,cfg02_G2_D32,0.9929953520186245,cuda
evaluation,3041,1855,Warm B,0.5693853497505188,0.17729955911636353,0.6296296296296297,1.0,0.36071914434432983,0.12968473136425018,,cfg02_G2_D32,0.9929953520186245,cuda
evaluation,3041,1855,Warm C,0.5761949419975281,0.1774272620677948,0.654320987654321,1.0,0.5197084546089172,0.14466159045696259,,cfg02_G2_D32,0.9929953520186245,cuda
evaluation,3042,1856,Cold,0.5548847317695618,0.17825861275196075,0.5555555555555556,1.0,0.0,0.0,,cfg02_G2_D32,0.9929953520186245,cuda
evaluation,3042,1856,Warm A,0.557992696762085,0.1804191619157791,0.5802469135802469,1.0,0.2225053459405899,0.42462968826293945,,cfg02_G2_D32,0.9929953520186245,cuda
evaluation,3042,1856,Warm B,0.5615983605384827,0.18337178230285645,0.5802469135802469,1.0,0.42727646231651306,0.39636513590812683,,cfg02_G2_D32,0.9929953520186245,cuda
evaluation,3042,1856,Warm C,0.5678082704544067,0.18423160910606384,0.5802469135802469,1.0,0.5869305729866028,0.04971315339207649,,cfg02_G2_D32,0.9929953520186245,cuda
evaluation,3045,1858,Cold,0.5535816550254822,0.1787719875574112,0.5555555555555556,1.0,0.0,0.0,,cfg02_G2_D32,0.9929953520186245,cuda
evaluation,3045,1858,Warm A,0.559485137462616,0.1795077621936798,0.5308641975308642,1.0,0.2080211639404297,0.42638644576072693,,cfg02_G2_D32,0.9929953520186245,cuda
evaluation,3045,1858,Warm B,0.5603615641593933,0.18057827651500702,0.5802469135802469,1.0,0.214675635099411,0.5051652789115906,,cfg02_G2_D32,0.9929953520186245,cuda
evaluation,3045,1858,Warm C,0.5553169846534729,0.1794843226671219,0.5555555555555556,1.0,0.24432258307933807,0.5866603255271912,,cfg02_G2_D32,0.9929953520186245,cuda
evaluation,3046,1859,Cold,0.5514554381370544,0.17850059270858765,0.5308641975308642,1.0,0.0,0.0,,cfg02_G2_D32,0.9929953520186245,cuda
evaluation,3046,1859,Warm A,0.5512917041778564,0.17843592166900635,0.5555555555555556,1.0,0.189499169588089,0.6256499290466309,,cfg02_G2_D32,0.9929953520186245,cuda
evaluation,3046,1859,Warm B,0.5470485687255859,0.18074288964271545,0.5308641975308642,1.0,0.24964049458503723,0.7470566630363464,,cfg02_G2_D32,0.9929953520186245,cuda
evaluation,3046,1859,Warm C,0.5469508171081543,0.18428295850753784,0.5308641975308642,1.0,0.4186088442802429,0.6164130568504333,,cfg02_G2_D32,0.9929953520186245,cuda
evaluation,3048,1860,Cold,0.5541852116584778,0.17735308408737183,0.5555555555555556,1.0,0.0,0.0,,cfg02_G2_D32,0.9929953520186245,cuda
evaluation,3048,1860,Warm A,0.5551010966300964,0.17973582446575165,0.5555555555555556,1.0,0.21100080013275146,0.510800302028656,,cfg02_G2_D32,0.9929953520186245,cuda
evaluation,3048,1860,Warm B,0.5586636066436768,0.1822555959224701,0.5555555555555556,1.0,0.39382418990135193,0.2765595018863678,,cfg02_G2_D32,0.9929953520186245,cuda
evaluation,3048,1860,Warm C,0.5571297407150269,0.18378406763076782,0.5308641975308642,1.0,0.46542927622795105,0.3439192473888397,,cfg02_G2_D32,0.9929953520186245,cuda
evaluation,3051,1861,Cold,0.5530362129211426,0.1808561384677887,0.5555555555555556,1.0,0.0,0.0,,cfg02_G2_D32,0.9929953520186245,cuda
evaluation,3051,1861,Warm A,0.5503819584846497,0.18442784249782562,0.5308641975308642,1.0,0.21867738664150238,0.6557511687278748,,cfg02_G2_D32,0.9929953520186245,cuda
evaluation,3051,1861,Warm B,0.54972243309021,0.18707281351089478,0.5308641975308642,1.0,0.40091097354888916,0.6534016728401184,,cfg02_G2_D32,0.9929953520186245,cuda
evaluation,3051,1861,Warm C,0.5506192445755005,0.18609750270843506,0.5308641975308642,1.0,0.4530886113643646,0.5484344959259033,,cfg02_G2_D32,0.9929953520186245,cuda
evaluation,3054,1864,Cold,0.5505111813545227,0.17891037464141846,0.5308641975308642,1.0,0.0,0.0,,cfg02_G2_D32,0.9929953520186245,cuda
evaluation,3054,1864,Warm A,0.5526045560836792,0.18155363202095032,0.5555555555555556,1.0,0.2193325012922287,0.5178766250610352,,cfg02_G2_D32,0.9929953520186245,cuda
evaluation,3054,1864,Warm B,0.5583987832069397,0.18198052048683167,0.5802469135802469,1.0,0.3900648057460785,0.2501366138458252,,cfg02_G2_D32,0.9929953520186245,cuda
evaluation,3054,1864,Warm C,0.5644592642784119,0.1803315132856369,0.6049382716049383,1.0,0.4271906018257141,0.2036360502243042,,cfg02_G2_D32,0.9929953520186245,cuda
evaluation,3055,1865,Cold,0.5514689087867737,0.17899930477142334,0.5308641975308642,1.0,0.0,0.0,,cfg02_G2_D32,0.9929953520186245,cuda
evaluation,3055,1865,Warm A,0.5433772802352905,0.1801941692829132,0.48148148148148145,1.0,0.20885378122329712,0.6551653742790222,,cfg02_G2_D32,0.9929953520186245,cuda
evaluation,3055,1865,Warm B,0.5389484167098999,0.18384364247322083,0.48148148148148145,1.0,0.4276263415813446,0.8213065266609192,,cfg02_G2_D32,0.9929953520186245,cuda
evaluation,3055,1865,Warm C,0.5363393425941467,0.18699736893177032,0.48148148148148145,1.0,0.61055588722229,0.7339818477630615,,cfg02_G2_D32,0.9929953520186245,cuda
evaluation,3063,1869,Cold,0.5531758666038513,0.17841383814811707,0.5555555555555556,1.0,0.0,0.0,,cfg02_G2_D32,0.9929953520186245,cuda
evaluation,3063,1869,Warm A,0.5533050298690796,0.18152406811714172,0.5555555555555556,1.0,0.20090438425540924,0.5188749432563782,,cfg02_G2_D32,0.9929953520186245,cuda
evaluation,3063,1869,Warm B,0.5586115717887878,0.18051159381866455,0.5802469135802469,1.0,0.16152092814445496,0.2923718988895416,,cfg02_G2_D32,0.9929953520186245,cuda
evaluation,3063,1869,Warm C,0.5554633140563965,0.1824965924024582,0.5555555555555556,1.0,0.288051038980484,0.5477409362792969,,cfg02_G2_D32,0.9929953520186245,cuda
evaluation,3066,1870,Cold,0.5600176453590393,0.1776549518108368,0.5802469135802469,1.0,0.0,0.0,,cfg02_G2_D32,0.9929953520186245,cuda
evaluation,3066,1870,Warm A,0.5603485107421875,0.1801023632287979,0.5802469135802469,1.0,0.22315354645252228,0.644074022769928,,cfg02_G2_D32,0.9929953520186245,cuda
evaluation,3066,1870,Warm B,0.5562189221382141,0.18249854445457458,0.5555555555555556,1.0,0.43392717838287354,0.6614470481872559,,cfg02_G2_D32,0.9929953520186245,cuda
evaluation,3066,1870,Warm C,0.5578504204750061,0.18231265246868134,0.5555555555555556,1.0,0.4559113681316376,0.5810959935188293,,cfg02_G2_D32,0.9929953520186245,cuda
evaluation,3075,1877,Cold,0.560566246509552,0.17574764788150787,0.5308641975308642,1.0,0.0,0.0,,cfg02_G2_D32,0.9929953520186245,cuda
evaluation,3075,1877,Warm A,0.5577585697174072,0.17521044611930847,0.48148148148148145,1.0,0.19957204163074493,0.34630680084228516,,cfg02_G2_D32,0.9929953520186245,cuda
evaluation,3075,1877,Warm B,0.5616727471351624,0.1747145801782608,0.5061728395061729,1.0,0.28827744722366333,0.30380064249038696,,cfg02_G2_D32,0.9929953520186245,cuda
evaluation,3075,1877,Warm C,0.5557209253311157,0.1754634976387024,0.48148148148148145,1.0,0.1979423612356186,0.46357661485671997,,cfg02_G2_D32,0.9929953520186245,cuda
evaluation,3076,1878,Cold,0.5585038661956787,0.17801904678344727,0.5555555555555556,1.0,0.0,0.0,,cfg02_G2_D32,0.9929953520186245,cuda
evaluation,3076,1878,Warm A,0.5576186180114746,0.17800188064575195,0.5802469135802469,1.0,0.19821931421756744,0.5304664969444275,,cfg02_G2_D32,0.9929953520186245,cuda
evaluation,3076,1878,Warm B,0.5583004355430603,0.18013951182365417,0.5308641975308642,1.0,0.35208988189697266,0.5529710054397583,,cfg02_G2_D32,0.9929953520186245,cuda
evaluation,3076,1878,Warm C,0.5544047951698303,0.18034180998802185,0.5061728395061729,1.0,0.46244245767593384,0.62021803855896,,cfg02_G2_D32,0.9929953520186245,cuda
evaluation,3077,1879,Cold,0.5513048768043518,0.18113751709461212,0.5308641975308642,1.0,0.0,0.0,,cfg02_G2_D32,0.9929953520186245,cuda
evaluation,3077,1879,Warm A,0.5465112328529358,0.18189027905464172,0.5061728395061729,1.0,0.22764576971530914,0.5550330877304077,,cfg02_G2_D32,0.9929953520186245,cuda
evaluation,3077,1879,Warm B,0.5424047112464905,0.18324844539165497,0.5061728395061729,1.0,0.4317440092563629,0.5260106921195984,,cfg02_G2_D32,0.9929953520186245,cuda
evaluation,3077,1879,Warm C,0.5473722219467163,0.18133823573589325,0.5061728395061729,1.0,0.49614524841308594,0.26678037643432617,,cfg02_G2_D32,0.9929953520186245,cuda
evaluation,3078,1880,Cold,0.5531424880027771,0.18178297579288483,0.5802469135802469,1.0,0.0,0.0,,cfg02_G2_D32,0.9929953520186245,cuda
evaluation,3078,1880,Warm A,0.5485700368881226,0.18460896611213684,0.5061728395061729,1.0,0.23024192452430725,0.7161620259284973,,cfg02_G2_D32,0.9929953520186245,cuda
evaluation,3078,1880,Warm B,0.5464992523193359,0.18568867444992065,0.5308641975308642,1.0,0.3349032402038574,0.6120898127555847,,cfg02_G2_D32,0.9929953520186245,cuda
evaluation,3078,1880,Warm C,0.5504823327064514,0.18187865614891052,0.5308641975308642,1.0,0.28498005867004395,0.5163525938987732,,cfg02_G2_D32,0.9929953520186245,cuda
evaluation,3079,1881,Cold,0.5528663396835327,0.1812790185213089,0.5802469135802469,1.0,0.0,0.0,,cfg02_G2_D32,0.9929953520186245,cuda
evaluation,3079,1881,Warm A,0.5570895671844482,0.18071913719177246,0.5555555555555556,1.0,0.21238331496715546,0.5673667192459106,,cfg02_G2_D32,0.9929953520186245,cuda
evaluation,3079,1881,Warm B,0.5586292743682861,0.17755724489688873,0.5308641975308642,1.0,0.35035043954849243,0.4662400186061859,,cfg02_G2_D32,0.9929953520186245,cuda
evaluation,3079,1881,Warm C,0.5573120713233948,0.1772019863128662,0.5555555555555556,1.0,0.4381268322467804,0.43123647570610046,,cfg02_G2_D32,0.9929953520186245,cuda
evaluation,3086,1885,Cold,0.56294846534729,0.1880335807800293,0.5061728395061729,1.0,0.0,0.0,,cfg02_G2_D32,0.9929953520186245,cuda
evaluation,3086,1885,Warm A,0.5607448220252991,0.18809278309345245,0.48148148148148145,1.0,0.22081583738327026,0.5149669647216797,,cfg02_G2_D32,0.9929953520186245,cuda
evaluation,3086,1885,Warm B,0.560671329498291,0.18840144574642181,0.48148148148148145,1.0,0.3098152279853821,0.5920025110244751,,cfg02_G2_D32,0.9929953520186245,cuda
evaluation,3086,1885,Warm C,0.5618937015533447,0.18906356394290924,0.5308641975308642,1.0,0.45767942070961,0.6195434927940369,,cfg02_G2_D32,0.9929953520186245,cuda
evaluation,3090,1889,Cold,0.5557476282119751,0.178492933511734,0.5802469135802469,1.0,0.0,0.0,,cfg02_G2_D32,0.9929953520186245,cuda
evaluation,3090,1889,Warm A,0.5561141967773438,0.17673635482788086,0.5555555555555556,1.0,0.23713068664073944,0.3734317719936371,,cfg02_G2_D32,0.9929953520186245,cuda
evaluation,3090,1889,Warm B,0.5495511293411255,0.1791980117559433,0.5061728395061729,1.0,0.21872879564762115,0.5754297971725464,,cfg02_G2_D32,0.9929953520186245,cuda
evaluation,3090,1889,Warm C,0.5520329475402832,0.17786608636379242,0.5555555555555556,1.0,0.2865350842475891,0.345272958278656,,cfg02_G2_D32,0.9929953520186245,cuda
evaluation,3091,1890,Cold,0.557834267616272,0.17691531777381897,0.5555555555555556,1.0,0.0,0.0,,cfg02_G2_D32,0.9929953520186245,cuda
evaluation,3091,1890,Warm A,0.5584151744842529,0.1752362996339798,0.5308641975308642,1.0,0.2484322339296341,0.2033732682466507,,cfg02_G2_D32,0.9929953520186245,cuda
evaluation,3091,1890,Warm B,0.5589376091957092,0.17650999128818512,0.5308641975308642,1.0,0.3930296301841736,0.2744339108467102,,cfg02_G2_D32,0.9929953520186245,cuda
evaluation,3091,1890,Warm C,0.5584054589271545,0.17794007062911987,0.5555555555555556,1.0,0.5404961705207825,0.2702433466911316,,cfg02_G2_D32,0.9929953520186245,cuda
evaluation,3094,1892,Cold,0.5546382665634155,0.1776105761528015,0.5555555555555556,1.0,0.0,0.0,,cfg02_G2_D32,0.9929953520186245,cuda
evaluation,3094,1892,Warm A,0.5544271469116211,0.17639346420764923,0.5308641975308642,1.0,0.21524174511432648,0.5895302891731262,,cfg02_G2_D32,0.9929953520186245,cuda
evaluation,3094,1892,Warm B,0.5616908073425293,0.17409929633140564,0.5802469135802469,1.0,0.28678596019744873,0.43653494119644165,,cfg02_G2_D32,0.9929953520186245,cuda
evaluation,3094,1892,Warm C,0.5639875531196594,0.17494933307170868,0.5802469135802469,1.0,0.3559151291847229,0.4883687198162079,,cfg02_G2_D32,0.9929953520186245,cuda
evaluation,3096,1894,Cold,0.5607405304908752,0.1774921715259552,0.5061728395061729,1.0,0.0,0.0,,cfg02_G2_D32,0.9929953520186245,cuda
evaluation,3096,1894,Warm A,0.5573384165763855,0.17777733504772186,0.48148148148148145,1.0,0.23428575694561005,0.3563551604747772,,cfg02_G2_D32,0.9929953520186245,cuda
evaluation,3096,1894,Warm B,0.5593922138214111,0.17847493290901184,0.48148148148148145,1.0,0.19479478895664215,0.4660843312740326,,cfg02_G2_D32,0.9929953520186245,cuda
evaluation,3096,1894,Warm C,0.5601705312728882,0.1774330586194992,0.5061728395061729,1.0,0.28989288210868835,0.3935564458370209,,cfg02_G2_D32,0.9929953520186245,cuda
evaluation,3103,1901,Cold,0.5545459389686584,0.17856022715568542,0.5555555555555556,1.0,0.0,0.0,,cfg02_G2_D32,0.9929953520186245,cuda
evaluation,3103,1901,Warm A,0.5540875196456909,0.1818256676197052,0.5308641975308642,1.0,0.21938487887382507,0.5667504668235779,,cfg02_G2_D32,0.9929953520186245,cuda
evaluation,3103,1901,Warm B,0.5608913898468018,0.1819894015789032,0.5308641975308642,1.0,0.27101558446884155,0.39613333344459534,,cfg02_G2_D32,0.9929953520186245,cuda
evaluation,3103,1901,Warm C,0.5558229684829712,0.1820647269487381,0.5555555555555556,1.0,0.21972528100013733,0.48340892791748047,,cfg02_G2_D32,0.9929953520186245,cuda
evaluation,3109,1906,Cold,0.5574871301651001,0.17619343101978302,0.5555555555555556,1.0,0.0,0.0,,cfg02_G2_D32,0.9929953520186245,cuda
evaluation,3109,1906,Warm A,0.5579589009284973,0.17812472581863403,0.5555555555555556,1.0,0.21674852073192596,0.6153961420059204,,cfg02_G2_D32,0.9929953520186245,cuda
evaluation,3109,1906,Warm B,0.5648722052574158,0.17661695182323456,0.5802469135802469,1.0,0.1958855837583542,0.34204840660095215,,cfg02_G2_D32,0.9929953520186245,cuda
evaluation,3109,1906,Warm C,0.56557297706604,0.17954756319522858,0.5555555555555556,1.0,0.35806038975715637,0.4250911772251129,,cfg02_G2_D32,0.9929953520186245,cuda
evaluation,3112,1908,Cold,0.5565317273139954,0.1774808019399643,0.5555555555555556,1.0,0.0,0.0,,cfg02_G2_D32,0.9929953520186245,cuda
evaluation,3112,1908,Warm A,0.5625815391540527,0.17797695100307465,0.5802469135802469,1.0,0.20879818499088287,0.48525166511535645,,cfg02_G2_D32,0.9929953520186245,cuda
evaluation,3112,1908,Warm B,0.5628747344017029,0.1816505342721939,0.5802469135802469,1.0,0.30629992485046387,0.6350201964378357,,cfg02_G2_D32,0.9929953520186245,cuda
evaluation,3112,1908,Warm C,0.5581561326980591,0.18014347553253174,0.5555555555555556,1.0,0.252542108297348,0.6179782152175903,,cfg02_G2_D32,0.9929953520186245,cuda
evaluation,3115,1911,Cold,0.55345219373703,0.18158812820911407,0.5802469135802469,1.0,0.0,0.0,,cfg02_G2_D32,0.9929953520186245,cuda
evaluation,3115,1911,Warm A,0.5546212196350098,0.18355366587638855,0.5555555555555556,1.0,0.21856001019477844,0.5484709143638611,,cfg02_G2_D32,0.9929953520186245,cuda
evaluation,3115,1911,Warm B,0.5545510053634644,0.1862807720899582,0.5555555555555556,1.0,0.29077112674713135,0.634634792804718,,cfg02_G2_D32,0.9929953520186245,cuda
evaluation,3115,1911,Warm C,0.5511779189109802,0.18592283129692078,0.5308641975308642,1.0,0.3076382577419281,0.6140638589859009,,cfg02_G2_D32,0.9929953520186245,cuda
evaluation,3117,1912,Cold,0.5531017184257507,0.1794327050447464,0.5555555555555556,1.0,0.0,0.0,,cfg02_G2_D32,0.9929953520186245,cuda
evaluation,3117,1912,Warm A,0.55014967918396,0.18281574547290802,0.5308641975308642,1.0,0.2381020188331604,0.7380077242851257,,cfg02_G2_D32,0.9929953520186245,cuda
evaluation,3117,1912,Warm B,0.542651891708374,0.18456310033798218,0.5308641975308642,1.0,0.41012123227119446,0.7394507527351379,,cfg02_G2_D32,0.9929953520186245,cuda
evaluation,3117,1912,Warm C,0.5395376086235046,0.18941046297550201,0.5061728395061729,1.0,0.595757007598877,0.6914346218109131,,cfg02_G2_D32,0.9929953520186245,cuda
evaluation,3118,1913,Cold,0.5534519553184509,0.1815880984067917,0.5802469135802469,1.0,0.0,0.0,,cfg02_G2_D32,0.9929953520186245,cuda
evaluation,3118,1913,Warm A,0.5475966930389404,0.18444415926933289,0.5061728395061729,1.0,0.207366943359375,0.5979463458061218,,cfg02_G2_D32,0.9929953520186245,cuda
evaluation,3118,1913,Warm B,0.5510692000389099,0.1821344643831253,0.5308641975308642,1.0,0.19056323170661926,0.6020333170890808,,cfg02_G2_D32,0.9929953520186245,cuda
evaluation,3118,1913,Warm C,0.5457634329795837,0.18437470495700836,0.5308641975308642,1.0,0.33323201537132263,0.6945840120315552,,cfg02_G2_D32,0.9929953520186245,cuda
evaluation,3120,1914,Cold,0.5513135194778442,0.18077616393566132,0.5308641975308642,1.0,0.0,0.0,,cfg02_G2_D32,0.9929953520186245,cuda
evaluation,3120,1914,Warm A,0.5529006719589233,0.1836283951997757,0.5308641975308642,1.0,0.20893406867980957,0.4854147136211395,,cfg02_G2_D32,0.9929953520186245,cuda
evaluation,3120,1914,Warm B,0.560213565826416,0.18138378858566284,0.5555555555555556,1.0,0.20052289962768555,0.41451629996299744,,cfg02_G2_D32,0.9929953520186245,cuda
evaluation,3120,1914,Warm C,0.5629515647888184,0.17943988740444183,0.5802469135802469,1.0,0.32798096537590027,0.27887850999832153,,cfg02_G2_D32,0.9929953520186245,cuda
evaluation,3130,1916,Cold,0.5520779490470886,0.17962920665740967,0.5308641975308642,1.0,0.0,0.0,,cfg02_G2_D32,0.9929953520186245,cuda
evaluation,3130,1916,Warm A,0.5567120909690857,0.18060840666294098,0.5555555555555556,1.0,0.19843727350234985,0.3804275691509247,,cfg02_G2_D32,0.9929953520186245,cuda
evaluation,3130,1916,Warm B,0.5644869804382324,0.18080897629261017,0.5802469135802469,1.0,0.263863742351532,0.3590855598449707,,cfg02_G2_D32,0.9929953520186245,cuda
evaluation,3130,1916,Warm C,0.5685955286026001,0.17762570083141327,0.6296296296296297,1.0,0.38251587748527527,0.3159710466861725,,cfg02_G2_D32,0.9929953520186245,cuda
evaluation,3134,1917,Cold,0.5658273696899414,0.19158819317817688,0.5061728395061729,1.0,0.0,0.0,,cfg02_G2_D32,0.9929953520186245,cuda
evaluation,3134,1917,Warm A,0.5636041164398193,0.19141824543476105,0.5061728395061729,1.0,0.22230270504951477,0.5285327434539795,,cfg02_G2_D32,0.9929953520186245,cuda
evaluation,3134,1917,Warm B,0.5661655068397522,0.190720334649086,0.5061728395061729,1.0,0.19291746616363525,0.37556177377700806,,cfg02_G2_D32,0.9929953520186245,cuda
evaluation,3134,1917,Warm C,0.5655490159988403,0.1905592530965805,0.4567901234567901,1.0,0.3222951591014862,0.2234298288822174,,cfg02_G2_D32,0.9929953520186245,cuda
evaluation,3135,1918,Cold,0.5579800009727478,0.17790472507476807,0.5555555555555556,1.0,0.0,0.0,,cfg02_G2_D32,0.9929953520186245,cuda
evaluation,3135,1918,Warm A,0.554172694683075,0.1794990748167038,0.5555555555555556,1.0,0.21395501494407654,0.5422930121421814,,cfg02_G2_D32,0.9929953520186245,cuda
evaluation,3135,1918,Warm B,0.5569711327552795,0.17703290283679962,0.5802469135802469,1.0,0.3159720003604889,0.495972603559494,,cfg02_G2_D32,0.9929953520186245,cuda
evaluation,3135,1918,Warm C,0.5576700568199158,0.17545326054096222,0.6049382716049383,1.0,0.2993351221084595,0.40250760316848755,,cfg02_G2_D32,0.9929953520186245,cuda
evaluation,3138,1919,Cold,0.5557200312614441,0.17878396809101105,0.5555555555555556,1.0,0.0,0.0,,cfg02_G2_D32,0.9929953520186245,cuda
evaluation,3138,1919,Warm A,0.554243266582489,0.18150851130485535,0.5308641975308642,1.0,0.22848059237003326,0.7222880125045776,,cfg02_G2_D32,0.9929953520186245,cuda
evaluation,3138,1919,Warm B,0.5571023225784302,0.18451514840126038,0.5061728395061729,1.0,0.41132646799087524,0.5125210881233215,,cfg02_G2_D32,0.9929953520186245,cuda
evaluation,3138,1919,Warm C,0.5548392534255981,0.181884303689003,0.5308641975308642,1.0,0.288412481546402,0.48196864128112793,,cfg02_G2_D32,0.9929953520186245,cuda
evaluation,3141,1920,Cold,0.5557503700256348,0.17876438796520233,0.5555555555555556,1.0,0.0,0.0,,cfg02_G2_D32,0.9929953520186245,cuda
evaluation,3141,1920,Warm A,0.5535987615585327,0.1821383833885193,0.5555555555555556,1.0,0.2261020690202713,0.678801953792572,,cfg02_G2_D32,0.9929953520186245,cuda
evaluation,3141,1920,Warm B,0.5618844628334045,0.1817808449268341,0.5308641975308642,1.0,0.22699052095413208,0.38070279359817505,,cfg02_G2_D32,0.9929953520186245,cuda
evaluation,3141,1920,Warm C,0.5591050386428833,0.18495841324329376,0.5308641975308642,1.0,0.34177184104919434,0.5724347233772278,,cfg02_G2_D32,0.9929953520186245,cuda
evaluation,3142,1921,Cold,0.5530125498771667,0.1759011596441269,0.5555555555555556,1.0,0.0,0.0,,cfg02_G2_D32,0.9929953520186245,cuda
evaluation,3142,1921,Warm A,0.5509585738182068,0.17848196625709534,0.5061728395061729,1.0,0.22482311725616455,0.723834216594696,,cfg02_G2_D32,0.9929953520186245,cuda
evaluation,3142,1921,Warm B,0.5574164390563965,0.17851662635803223,0.5061728395061729,1.0,0.26924532651901245,0.527437686920166,,cfg02_G2_D32,0.9929953520186245,cuda
evaluation,3142,1921,Warm C,0.5483682751655579,0.1797618865966797,0.5308641975308642,1.0,0.3571118414402008,0.6939201951026917,,cfg02_G2_D32,0.9929953520186245,cuda
evaluation,3165,1934,Cold,0.5539205074310303,0.17751426994800568,0.5555555555555556,1.0,0.0,0.0,,cfg02_G2_D32,0.9929953520186245,cuda
evaluation,3165,1934,Warm A,0.5549777746200562,0.18054497241973877,0.5555555555555556,1.0,0.22044099867343903,0.46437475085258484,,cfg02_G2_D32,0.9929953520186245,cuda
evaluation,3165,1934,Warm B,0.5589553713798523,0.1831369549036026,0.5555555555555556,1.0,0.365103542804718,0.43048548698425293,,cfg02_G2_D32,0.9929953520186245,cuda
evaluation,3165,1934,Warm C,0.5587103366851807,0.18757231533527374,0.5555555555555556,1.0,0.5465397834777832,0.36429363489151,,cfg02_G2_D32,0.9929953520186245,cuda
evaluation,3167,1935,Cold,0.5602511167526245,0.17883026599884033,0.5802469135802469,1.0,0.0,0.0,,cfg02_G2_D32,0.9929953520186245,cuda
evaluation,3167,1935,Warm A,0.5611981749534607,0.18034003674983978,0.5555555555555556,1.0,0.20613634586334229,0.534635603427887,,cfg02_G2_D32,0.9929953520186245,cuda
evaluation,3167,1935,Warm B,0.5658642053604126,0.18147911131381989,0.5802469135802469,1.0,0.3661566376686096,0.4914604127407074,,cfg02_G2_D32,0.9929953520186245,cuda
evaluation,3167,1935,Warm C,0.5611593723297119,0.1808522492647171,0.5802469135802469,1.0,0.35791173577308655,0.5327191352844238,,cfg02_G2_D32,0.9929953520186245,cuda
evaluation,3177,1942,Cold,0.5496458411216736,0.1819593608379364,0.5308641975308642,1.0,0.0,0.0,,cfg02_G2_D32,0.9929953520186245,cuda
evaluation,3177,1942,Warm A,0.5478023886680603,0.1864253431558609,0.5308641975308642,1.0,0.2228730320930481,0.5457853078842163,,cfg02_G2_D32,0.9929953520186245,cuda
evaluation,3177,1942,Warm B,0.5414784550666809,0.18891023099422455,0.5555555555555556,1.0,0.42958855628967285,0.6726502180099487,,cfg02_G2_D32,0.9929953520186245,cuda
evaluation,3177,1942,Warm C,0.5416577458381653,0.19258257746696472,0.5555555555555556,1.0,0.5282692909240723,0.4929518699645996,,cfg02_G2_D32,0.9929953520186245,cuda
evaluation,3180,1945,Cold,0.5521425604820251,0.18057838082313538,0.5308641975308642,1.0,0.0,0.0,,cfg02_G2_D32,0.9929953520186245,cuda
evaluation,3180,1945,Warm A,0.5522167086601257,0.1840716451406479,0.5308641975308642,1.0,0.2111988514661789,0.4982929229736328,,cfg02_G2_D32,0.9929953520186245,cuda
evaluation,3180,1945,Warm B,0.5562852621078491,0.18711425364017487,0.5555555555555556,1.0,0.4076289236545563,0.2740947902202606,,cfg02_G2_D32,0.9929953520186245,cuda
evaluation,3180,1945,Warm C,0.5567443370819092,0.1900942623615265,0.5555555555555556,1.0,0.584693431854248,0.32738783955574036,,cfg02_G2_D32,0.9929953520186245,cuda
evaluation,3181,1946,Cold,0.5534522533416748,0.18158814311027527,0.5802469135802469,1.0,0.0,0.0,,cfg02_G2_D32,0.9929953520186245,cuda
evaluation,3181,1946,Warm A,0.547767698764801,0.18271343410015106,0.5061728395061729,1.0,0.2256893515586853,0.6314437985420227,,cfg02_G2_D32,0.9929953520186245,cuda
evaluation,3181,1946,Warm B,0.5439923405647278,0.18447734415531158,0.5308641975308642,1.0,0.29621219635009766,0.5945221185684204,,cfg02_G2_D32,0.9929953520186245,cuda
evaluation,3181,1946,Warm C,0.5423135757446289,0.18602359294891357,0.5061728395061729,1.0,0.4437694549560547,0.6010039448738098,,cfg02_G2_D32,0.9929953520186245,cuda
evaluation,3182,1947,Cold,0.55116206407547,0.18067343533039093,0.5308641975308642,1.0,0.0,0.0,,cfg02_G2_D32,0.9929953520186245,cuda
evaluation,3182,1947,Warm A,0.5473621487617493,0.18076060712337494,0.5061728395061729,1.0,0.22573810815811157,0.5016292929649353,,cfg02_G2_D32,0.9929953520186245,cuda
evaluation,3182,1947,Warm B,0.5474904179573059,0.1833934336900711,0.5061728395061729,1.0,0.24535365402698517,0.6530747413635254,,cfg02_G2_D32,0.9929953520186245,cuda
evaluation,3182,1947,Warm C,0.5456364750862122,0.18248431384563446,0.5308641975308642,1.0,0.3885859549045563,0.5714337229728699,,cfg02_G2_D32,0.9929953520186245,cuda
evaluation,3190,1951,Cold,0.5510571599006653,0.17684882879257202,0.5308641975308642,1.0,0.0,0.0,,cfg02_G2_D32,0.9929953520186245,cuda
evaluation,3190,1951,Warm A,0.555246114730835,0.17813684046268463,0.5802469135802469,1.0,0.22653235495090485,0.3442975580692291,,cfg02_G2_D32,0.9929953520186245,cuda
evaluation,3190,1951,Warm B,0.5612468719482422,0.1762399673461914,0.6049382716049383,1.0,0.3221575915813446,0.3956208825111389,,cfg02_G2_D32,0.9929953520186245,cuda
evaluation,3190,1951,Warm C,0.556666910648346,0.17919638752937317,0.6049382716049383,1.0,0.3368239104747772,0.5713793635368347,,cfg02_G2_D32,0.9929953520186245,cuda
evaluation,3199,1956,Cold,0.561087429523468,0.17685677111148834,0.5308641975308642,1.0,0.0,0.0,,cfg02_G2_D32,0.9929953520186245,cuda
evaluation,3199,1956,Warm A,0.5624482035636902,0.1780649721622467,0.5308641975308642,1.0,0.21090072393417358,0.5640124678611755,,cfg02_G2_D32,0.9929953520186245,cuda
evaluation,3199,1956,Warm B,0.5678583383560181,0.17717862129211426,0.5308641975308642,1.0,0.26362794637680054,0.43688103556632996,,cfg02_G2_D32,0.9929953520186245,cuda
evaluation,3199,1956,Warm C,0.5717231631278992,0.17687085270881653,0.5555555555555556,1.0,0.40658873319625854,0.5153415203094482,,cfg02_G2_D32,0.9929953520186245,cuda
evaluation,3200,1957,Cold,0.5588703155517578,0.1765211969614029,0.5802469135802469,1.0,0.0,0.0,,cfg02_G2_D32,0.9929953520186245,cuda
evaluation,3200,1957,Warm A,0.5641182065010071,0.17392241954803467,0.5802469135802469,1.0,0.24283626675605774,0.33355602622032166,,cfg02_G2_D32,0.9929953520186245,cuda
evaluation,3200,1957,Warm B,0.5673524737358093,0.17422105371952057,0.5802469135802469,1.0,0.42813625931739807,0.42228880524635315,,cfg02_G2_D32,0.9929953520186245,cuda
evaluation,3200,1957,Warm C,0.5588764548301697,0.17544546723365784,0.5802469135802469,1.0,0.24286408722400665,0.6064682006835938,,cfg02_G2_D32,0.9929953520186245,cuda
evaluation,3206,1961,Cold,0.5558024644851685,0.17582382261753082,0.5802469135802469,1.0,0.0,0.0,,cfg02_G2_D32,0.9929953520186245,cuda
evaluation,3206,1961,Warm A,0.560244083404541,0.1757408082485199,0.5802469135802469,1.0,0.2134585827589035,0.48113855719566345,,cfg02_G2_D32,0.9929953520186245,cuda
evaluation,3206,1961,Warm B,0.5538987517356873,0.17678123712539673,0.5308641975308642,1.0,0.27323654294013977,0.6042472720146179,,cfg02_G2_D32,0.9929953520186245,cuda
evaluation,3206,1961,Warm C,0.5533284544944763,0.17575575411319733,0.5308641975308642,1.0,0.3265165686607361,0.5960471034049988,,cfg02_G2_D32,0.9929953520186245,cuda
evaluation,3211,1964,Cold,0.5548018217086792,0.17833618819713593,0.5308641975308642,1.0,0.0,0.0,,cfg02_G2_D32,0.9929953520186245,cuda
evaluation,3211,1964,Warm A,0.5545734167098999,0.1808370053768158,0.5555555555555556,1.0,0.21463938057422638,0.5689707398414612,,cfg02_G2_D32,0.9929953520186245,cuda
evaluation,3211,1964,Warm B,0.5482165217399597,0.18403267860412598,0.5061728395061729,1.0,0.3709358274936676,0.6138221621513367,,cfg02_G2_D32,0.9929953520186245,cuda
evaluation,3211,1964,Warm C,0.5488694310188293,0.18288928270339966,0.5061728395061729,1.0,0.3172451853752136,0.5830934047698975,,cfg02_G2_D32,0.9929953520186245,cuda
evaluation,3214,1966,Cold,0.5567440986633301,0.17924752831459045,0.5802469135802469,1.0,0.0,0.0,,cfg02_G2_D32,0.9929953520186245,cuda
evaluation,3214,1966,Warm A,0.5553779006004333,0.18139997124671936,0.5308641975308642,1.0,0.20575034618377686,0.6430944800376892,,cfg02_G2_D32,0.9929953520186245,cuda
evaluation,3214,1966,Warm B,0.5533645749092102,0.1846398264169693,0.5061728395061729,1.0,0.41070953011512756,0.6463407278060913,,cfg02_G2_D32,0.9929953520186245,cuda
evaluation,3214,1966,Warm C,0.5534219741821289,0.18379051983356476,0.5061728395061729,1.0,0.4641066789627075,0.6401640176773071,,cfg02_G2_D32,0.9929953520186245,cuda
evaluation,3217,1967,Cold,0.5642818808555603,0.19150011241436005,0.5061728395061729,1.0,0.0,0.0,,cfg02_G2_D32,0.9929953520186245,cuda
evaluation,3217,1967,Warm A,0.5620573163032532,0.19283069670200348,0.5061728395061729,1.0,0.23569460213184357,0.8775140643119812,,cfg02_G2_D32,0.9929953520186245,cuda
evaluation,3217,1967,Warm B,0.5627431273460388,0.19369401037693024,0.5061728395061729,1.0,0.4192284941673279,0.5975866317749023,,cfg02_G2_D32,0.9929953520186245,cuda
evaluation,3217,1967,Warm C,0.5658667087554932,0.1939379721879959,0.5061728395061729,1.0,0.38433346152305603,0.5408859252929688,,cfg02_G2_D32,0.9929953520186245,cuda
evaluation,3224,1969,Cold,0.5618007183074951,0.1801915317773819,0.5308641975308642,1.0,0.0,0.0,,cfg02_G2_D32,0.9929953520186245,cuda
evaluation,3224,1969,Warm A,0.5584825277328491,0.1820334494113922,0.5061728395061729,1.0,0.221727654337883,0.6104499697685242,,cfg02_G2_D32,0.9929953520186245,cuda
evaluation,3224,1969,Warm B,0.5557145476341248,0.18102213740348816,0.48148148148148145,1.0,0.2525285482406616,0.4780302941799164,,cfg02_G2_D32,0.9929953520186245,cuda
evaluation,3224,1969,Warm C,0.5529640913009644,0.1818467229604721,0.48148148148148145,1.0,0.335409551858902,0.27392062544822693,,cfg02_G2_D32,0.9929953520186245,cuda
evaluation,3225,1970,Cold,0.550925612449646,0.17960891127586365,0.5308641975308642,1.0,0.0,0.0,,cfg02_G2_D32,0.9929953520186245,cuda
evaluation,3225,1970,Warm A,0.558431088924408,0.17917174100875854,0.5555555555555556,1.0,0.22222214937210083,0.40324273705482483,,cfg02_G2_D32,0.9929953520186245,cuda
evaluation,3225,1970,Warm B,0.5578146576881409,0.17780934274196625,0.5802469135802469,1.0,0.34073004126548767,0.5108122825622559,,cfg02_G2_D32,0.9929953520186245,cuda
evaluation,3225,1970,Warm C,0.5577372908592224,0.1811150759458542,0.5555555555555556,1.0,0.23551268875598907,0.6096662878990173,,cfg02_G2_D32,0.9929953520186245,cuda
evaluation,3230,1971,Cold,0.5565921068191528,0.1757606565952301,0.5555555555555556,1.0,0.0,0.0,,cfg02_G2_D32,0.9929953520186245,cuda
evaluation,3230,1971,Warm A,0.5491990447044373,0.17798937857151031,0.5308641975308642,1.0,0.2415870875120163,0.7555837035179138,,cfg02_G2_D32,0.9929953520186245,cuda
evaluation,3230,1971,Warm B,0.5540274381637573,0.17572011053562164,0.5555555555555556,1.0,0.13665124773979187,0.3695167601108551,,cfg02_G2_D32,0.9929953520186245,cuda
evaluation,3230,1971,Warm C,0.5578569769859314,0.17311392724514008,0.5555555555555556,1.0,0.2422233670949936,0.3478970229625702,,cfg02_G2_D32,0.9929953520186245,cuda
evaluation,3235,1972,Cold,0.5545839071273804,0.1766233742237091,0.5555555555555556,1.0,0.0,0.0,,cfg02_G2_D32,0.9929953520186245,cuda
evaluation,3235,1972,Warm A,0.5555397272109985,0.17841199040412903,0.5555555555555556,1.0,0.2176831215620041,0.6332733035087585,,cfg02_G2_D32,0.9929953520186245,cuda
evaluation,3235,1972,Warm B,0.557492733001709,0.18084894120693207,0.5308641975308642,1.0,0.40865853428840637,0.522659957408905,,cfg02_G2_D32,0.9929953520186245,cuda
evaluation,3235,1972,Warm C,0.5483924150466919,0.1805434226989746,0.5061728395061729,1.0,0.5189129710197449,0.6341976523399353,,cfg02_G2_D32,0.9929953520186245,cuda
evaluation,3262,1992,Cold,0.5546159148216248,0.1775081306695938,0.5555555555555556,1.0,0.0,0.0,,cfg02_G2_D32,0.9929953520186245,cuda
evaluation,3262,1992,Warm A,0.5541292428970337,0.17919346690177917,0.5308641975308642,1.0,0.2110949456691742,0.6700977683067322,,cfg02_G2_D32,0.9929953520186245,cuda
evaluation,3262,1992,Warm B,0.5510807633399963,0.1785595566034317,0.5555555555555556,1.0,0.20291858911514282,0.5722545981407166,,cfg02_G2_D32,0.9929953520186245,cuda
evaluation,3262,1992,Warm C,0.551447868347168,0.18152305483818054,0.5308641975308642,1.0,0.2651676535606384,0.6084911823272705,,cfg02_G2_D32,0.9929953520186245,cuda
evaluation,3266,1996,Cold,0.554122805595398,0.17665407061576843,0.5555555555555556,1.0,0.0,0.0,,cfg02_G2_D32,0.9929953520186245,cuda
evaluation,3266,1996,Warm A,0.5490183234214783,0.17625507712364197,0.5061728395061729,1.0,0.22778284549713135,0.5830057263374329,,cfg02_G2_D32,0.9929953520186245,cuda
evaluation,3266,1996,Warm B,0.5529532432556152,0.17389127612113953,0.5555555555555556,1.0,0.3401380479335785,0.40445399284362793,,cfg02_G2_D32,0.9929953520186245,cuda
evaluation,3266,1996,Warm C,0.5516537427902222,0.17543503642082214,0.5555555555555556,1.0,0.2279636561870575,0.6163773536682129,,cfg02_G2_D32,0.9929953520186245,cuda
evaluation,3268,1998,Cold,0.5522998571395874,0.17583604156970978,0.5308641975308642,1.0,0.0,0.0,,cfg02_G2_D32,0.9929953520186245,cuda
evaluation,3268,1998,Warm A,0.5530971884727478,0.17922791838645935,0.5308641975308642,1.0,0.2257903814315796,0.603949248790741,,cfg02_G2_D32,0.9929953520186245,cuda
evaluation,3268,1998,Warm B,0.5621732473373413,0.17762356996536255,0.6049382716049383,1.0,0.2707195580005646,0.2455153912305832,,cfg02_G2_D32,0.9929953520186245,cuda
evaluation,3268,1998,Warm C,0.5665398836135864,0.18073129653930664,0.6049382716049383,1.0,0.4759170413017273,0.1022576317191124,,cfg02_G2_D32,0.9929953520186245,cuda
evaluation,3272,2001,Cold,0.5553062558174133,0.17611181735992432,0.5555555555555556,1.0,0.0,0.0,,cfg02_G2_D32,0.9929953520186245,cuda
evaluation,3272,2001,Warm A,0.5622394680976868,0.1752060502767563,0.5802469135802469,1.0,0.21445633471012115,0.4818800985813141,,cfg02_G2_D32,0.9929953520186245,cuda
evaluation,3272,2001,Warm B,0.5566349625587463,0.17760561406612396,0.5308641975308642,1.0,0.1803596168756485,0.7774690985679626,,cfg02_G2_D32,0.9929953520186245,cuda
evaluation,3272,2001,Warm C,0.5610142350196838,0.17562024295330048,0.5555555555555556,1.0,0.2785797119140625,0.4976084232330322,,cfg02_G2_D32,0.9929953520186245,cuda
evaluation,3275,2004,Cold,0.5508489012718201,0.18044184148311615,0.5308641975308642,1.0,0.0,0.0,,cfg02_G2_D32,0.9929953520186245,cuda
evaluation,3275,2004,Warm A,0.5437113642692566,0.1820669025182724,0.5061728395061729,1.0,0.21007423102855682,0.6186492443084717,,cfg02_G2_D32,0.9929953520186245,cuda
evaluation,3275,2004,Warm B,0.5434877872467041,0.1809539794921875,0.5061728395061729,1.0,0.29794999957084656,0.5317549109458923,,cfg02_G2_D32,0.9929953520186245,cuda
evaluation,3275,2004,Warm C,0.5393345355987549,0.18450850248336792,0.48148148148148145,1.0,0.43888288736343384,0.7216171026229858,,cfg02_G2_D32,0.9929953520186245,cuda
evaluation,3286,2006,Cold,0.549728512763977,0.18142420053482056,0.5308641975308642,1.0,0.0,0.0,,cfg02_G2_D32,0.9929953520186245,cuda
evaluation,3286,2006,Warm A,0.548704206943512,0.18546746671199799,0.5308641975308642,1.0,0.21319392323493958,0.5602421760559082,,cfg02_G2_D32,0.9929953520186245,cuda
evaluation,3286,2006,Warm B,0.5537433624267578,0.1860789954662323,0.5308641975308642,1.0,0.334730863571167,0.37269076704978943,,cfg02_G2_D32,0.9929953520186245,cuda
evaluation,3286,2006,Warm C,0.5552551746368408,0.18831738829612732,0.5555555555555556,1.0,0.4451676905155182,0.3300124406814575,,cfg02_G2_D32,0.9929953520186245,cuda
evaluation,3287,2007,Cold,0.5498479008674622,0.179435595870018,0.5308641975308642,1.0,0.0,0.0,,cfg02_G2_D32,0.9929953520186245,cuda
evaluation,3287,2007,Warm A,0.5506247282028198,0.18212491273880005,0.5555555555555556,1.0,0.20049680769443512,0.4914807379245758,,cfg02_G2_D32,0.9929953520186245,cuda
evaluation,3287,2007,Warm B,0.5477433204650879,0.18414664268493652,0.5308641975308642,1.0,0.380709171295166,0.517185628414154,,cfg02_G2_D32,0.9929953520186245,cuda
evaluation,3287,2007,Warm C,0.5376419425010681,0.18652810156345367,0.48148148148148145,1.0,0.5583499670028687,0.6806653141975403,,cfg02_G2_D32,0.9929953520186245,cuda
evaluation,3299,2010,Cold,0.5520405769348145,0.18068519234657288,0.5308641975308642,1.0,0.0,0.0,,cfg02_G2_D32,0.9929953520186245,cuda
evaluation,3299,2010,Warm A,0.5558762550354004,0.18299971520900726,0.5555555555555556,1.0,0.2087746262550354,0.4594270884990692,,cfg02_G2_D32,0.9929953520186245,cuda
evaluation,3299,2010,Warm B,0.5566810369491577,0.18667197227478027,0.5555555555555556,1.0,0.3677220344543457,0.5006721019744873,,cfg02_G2_D32,0.9929953520186245,cuda
evaluation,3299,2010,Warm C,0.5645211935043335,0.18534843623638153,0.6049382716049383,1.0,0.4163009524345398,0.303469181060791,,cfg02_G2_D32,0.9929953520186245,cuda
evaluation,3310,2015,Cold,0.5675404667854309,0.19451303780078888,0.5061728395061729,1.0,0.0,0.0,,cfg02_G2_D32,0.9929953520186245,cuda
evaluation,3310,2015,Warm A,0.5666033029556274,0.1953347772359848,0.48148148148148145,1.0,0.1761772632598877,0.43549057841300964,,cfg02_G2_D32,0.9929953520186245,cuda
evaluation,3310,2015,Warm B,0.565454363822937,0.196307972073555,0.48148148148148145,1.0,0.28701210021972656,0.44914475083351135,,cfg02_G2_D32,0.9929953520186245,cuda
evaluation,3310,2015,Warm C,0.56245356798172,0.1967170089483261,0.5061728395061729,1.0,0.3807101547718048,0.6282291412353516,,cfg02_G2_D32,0.9929953520186245,cuda
evaluation,3324,2018,Cold,0.5493590831756592,0.18288299441337585,0.5308641975308642,1.0,0.0,0.0,,cfg02_G2_D32,0.9929953520186245,cuda
evaluation,3324,2018,Warm A,0.5475929379463196,0.18671680986881256,0.5308641975308642,1.0,0.22800108790397644,0.6760088205337524,,cfg02_G2_D32,0.9929953520186245,cuda
evaluation,3324,2018,Warm B,0.5444191098213196,0.19124175608158112,0.5308641975308642,1.0,0.41854146122932434,0.5515031814575195,,cfg02_G2_D32,0.9929953520186245,cuda
evaluation,3324,2018,Warm C,0.5513826608657837,0.18899275362491608,0.5555555555555556,1.0,0.2856048047542572,0.44947004318237305,,cfg02_G2_D32,0.9929953520186245,cuda
evaluation,3325,2019,Cold,0.5508309602737427,0.18133248388767242,0.5308641975308642,1.0,0.0,0.0,,cfg02_G2_D32,0.9929953520186245,cuda
evaluation,3325,2019,Warm A,0.5501976013183594,0.18461549282073975,0.5308641975308642,1.0,0.20223428308963776,0.5630939602851868,,cfg02_G2_D32,0.9929953520186245,cuda
evaluation,3325,2019,Warm B,0.5560474991798401,0.18442776799201965,0.5802469135802469,1.0,0.2873707711696625,0.34720537066459656,,cfg02_G2_D32,0.9929953520186245,cuda
evaluation,3325,2019,Warm C,0.5565887093544006,0.1883615404367447,0.5555555555555556,1.0,0.4202043116092682,0.45597848296165466,,cfg02_G2_D32,0.9929953520186245,cuda
evaluation,3326,2020,Cold,0.551506519317627,0.17631065845489502,0.5308641975308642,1.0,0.0,0.0,,cfg02_G2_D32,0.9929953520186245,cuda
evaluation,3326,2020,Warm A,0.555797815322876,0.17751377820968628,0.5802469135802469,1.0,0.2313385307788849,0.5326714515686035,,cfg02_G2_D32,0.9929953520186245,cuda
evaluation,3326,2020,Warm B,0.5608018636703491,0.17737548053264618,0.5802469135802469,1.0,0.32051315903663635,0.5665851831436157,,cfg02_G2_D32,0.9929953520186245,cuda
evaluation,3326,2020,Warm C,0.5626365542411804,0.1752399057149887,0.6049382716049383,1.0,0.4402032196521759,0.49735984206199646,,cfg02_G2_D32,0.9929953520186245,cuda
evaluation,3327,2021,Cold,0.5503861308097839,0.1818346530199051,0.5308641975308642,1.0,0.0,0.0,,cfg02_G2_D32,0.9929953520186245,cuda
evaluation,3327,2021,Warm A,0.5459117293357849,0.1831197589635849,0.5061728395061729,1.0,0.21885332465171814,0.6449058651924133,,cfg02_G2_D32,0.9929953520186245,cuda
evaluation,3327,2021,Warm B,0.5496094226837158,0.1800500750541687,0.5555555555555556,1.0,0.2547438144683838,0.5715608596801758,,cfg02_G2_D32,0.9929953520186245,cuda
evaluation,3327,2021,Warm C,0.5493524074554443,0.18113766610622406,0.5802469135802469,1.0,0.22841402888298035,0.6311420798301697,,cfg02_G2_D32,0.9929953520186245,cuda
evaluation,3330,2023,Cold,0.5627945065498352,0.18126806616783142,0.5308641975308642,1.0,0.0,0.0,,cfg02_G2_D32,0.9929953520186245,cuda
evaluation,3330,2023,Warm A,0.565811038017273,0.18180686235427856,0.5308641975308642,1.0,0.20668242871761322,0.5370782613754272,,cfg02_G2_D32,0.9929953520186245,cuda
evaluation,3330,2023,Warm B,0.5689012408256531,0.18084047734737396,0.5308641975308642,1.0,0.33572152256965637,0.4970627725124359,,cfg02_G2_D32,0.9929953520186245,cuda
evaluation,3330,2023,Warm C,0.5622165203094482,0.18100078403949738,0.5308641975308642,1.0,0.3071622848510742,0.6565896272659302,,cfg02_G2_D32,0.9929953520186245,cuda
evaluation,3340,2025,Cold,0.5616404414176941,0.17229381203651428,0.5061728395061729,1.0,0.0,0.0,,cfg02_G2_D32,0.9929953520186245,cuda
evaluation,3340,2025,Warm A,0.5635755062103271,0.1732027381658554,0.5308641975308642,1.0,0.22088296711444855,0.6041530966758728,,cfg02_G2_D32,0.9929953520186245,cuda
evaluation,3340,2025,Warm B,0.561007559299469,0.1736164540052414,0.48148148148148145,1.0,0.20019438862800598,0.5429356098175049,,cfg02_G2_D32,0.9929953520186245,cuda
evaluation,3340,2025,Warm C,0.5656347274780273,0.17392390966415405,0.5061728395061729,1.0,0.30862540006637573,0.530479371547699,,cfg02_G2_D32,0.9929953520186245,cuda
evaluation,3341,2026,Cold,0.5623407363891602,0.17938561737537384,0.5308641975308642,1.0,0.0,0.0,,cfg02_G2_D32,0.9929953520186245,cuda
evaluation,3341,2026,Warm A,0.5658262372016907,0.17797110974788666,0.5308641975308642,1.0,0.23917824029922485,0.36019083857536316,,cfg02_G2_D32,0.9929953520186245,cuda
evaluation,3341,2026,Warm B,0.5680503249168396,0.17802737653255463,0.5308641975308642,1.0,0.2642475962638855,0.510928213596344,,cfg02_G2_D32,0.9929953520186245,cuda
evaluation,3341,2026,Warm C,0.5692166090011597,0.17682184278964996,0.5308641975308642,1.0,0.4241368770599365,0.3332626223564148,,cfg02_G2_D32,0.9929953520186245,cuda
evaluation,3350,2029,Cold,0.5619948506355286,0.1811295598745346,0.5308641975308642,1.0,0.0,0.0,,cfg02_G2_D32,0.9929953520186245,cuda
evaluation,3350,2029,Warm A,0.5641835331916809,0.1797177940607071,0.5308641975308642,1.0,0.22784623503684998,0.3296096622943878,,cfg02_G2_D32,0.9929953520186245,cuda
evaluation,3350,2029,Warm B,0.5627610683441162,0.17956885695457458,0.5308641975308642,1.0,0.2318129986524582,0.4694286286830902,,cfg02_G2_D32,0.9929953520186245,cuda
evaluation,3350,2029,Warm C,0.567528247833252,0.17826157808303833,0.5308641975308642,1.0,0.38131314516067505,0.33714500069618225,,cfg02_G2_D32,0.9929953520186245,cuda
evaluation,3357,2032,Cold,0.5524462461471558,0.18044979870319366,0.5802469135802469,1.0,0.0,0.0,,cfg02_G2_D32,0.9929953520186245,cuda
evaluation,3357,2032,Warm A,0.5539224147796631,0.17791272699832916,0.5308641975308642,1.0,0.21057826280593872,0.45371103286743164,,cfg02_G2_D32,0.9929953520186245,cuda
evaluation,3357,2032,Warm B,0.552920937538147,0.18041382730007172,0.5308641975308642,1.0,0.20581035315990448,0.564348578453064,,cfg02_G2_D32,0.9929953520186245,cuda
evaluation,3357,2032,Warm C,0.5506963729858398,0.1793941855430603,0.5308641975308642,1.0,0.3288203477859497,0.48846015334129333,,cfg02_G2_D32,0.9929953520186245,cuda
evaluation,3364,2039,Cold,0.5649009346961975,0.18031036853790283,0.5061728395061729,1.0,0.0,0.0,,cfg02_G2_D32,0.9929953520186245,cuda
evaluation,3364,2039,Warm A,0.5619713664054871,0.1808403879404068,0.5308641975308642,1.0,0.23351618647575378,0.6633111238479614,,cfg02_G2_D32,0.9929953520186245,cuda
evaluation,3364,2039,Warm B,0.5628005266189575,0.180620476603508,0.5061728395061729,1.0,0.32700735330581665,0.5689679980278015,,cfg02_G2_D32,0.9929953520186245,cuda
evaluation,3364,2039,Warm C,0.5608510971069336,0.18056266009807587,0.5061728395061729,1.0,0.4651555120944977,0.6502184271812439,,cfg02_G2_D32,0.9929953520186245,cuda
evaluation,3368,2042,Cold,0.5618705153465271,0.17490984499454498,0.5308641975308642,1.0,0.0,0.0,,cfg02_G2_D32,0.9929953520186245,cuda
evaluation,3368,2042,Warm A,0.5656218528747559,0.1737404465675354,0.5308641975308642,1.0,0.2411760538816452,0.35209059715270996,,cfg02_G2_D32,0.9929953520186245,cuda
evaluation,3368,2042,Warm B,0.5653600692749023,0.174168199300766,0.5308641975308642,1.0,0.29196324944496155,0.5354354977607727,,cfg02_G2_D32,0.9929953520186245,cuda
evaluation,3368,2042,Warm C,0.5685206055641174,0.17310146987438202,0.5308641975308642,1.0,0.4096311330795288,0.38645219802856445,,cfg02_G2_D32,0.9929953520186245,cuda
evaluation,3370,2043,Cold,0.554538905620575,0.1776689738035202,0.5555555555555556,1.0,0.0,0.0,,cfg02_G2_D32,0.9929953520186245,cuda
evaluation,3370,2043,Warm A,0.5648725032806396,0.1759013682603836,0.5802469135802469,1.0,0.2329515963792801,0.3787291944026947,,cfg02_G2_D32,0.9929953520186245,cuda
evaluation,3370,2043,Warm B,0.5596259236335754,0.17865312099456787,0.5308641975308642,1.0,0.10087021440267563,0.611242413520813,,cfg02_G2_D32,0.9929953520186245,cuda
evaluation,3370,2043,Warm C,0.5621803998947144,0.17539413273334503,0.5802469135802469,1.0,0.2451743334531784,0.38877925276756287,,cfg02_G2_D32,0.9929953520186245,cuda
evaluation,3375,2044,Cold,0.5633453726768494,0.17435063421726227,0.5308641975308642,1.0,0.0,0.0,,cfg02_G2_D32,0.9929953520186245,cuda
evaluation,3375,2044,Warm A,0.5667614340782166,0.1738819032907486,0.5308641975308642,1.0,0.21326613426208496,0.5084666609764099,,cfg02_G2_D32,0.9929953520186245,cuda
evaluation,3375,2044,Warm B,0.5649399161338806,0.1746535748243332,0.5555555555555556,1.0,0.3034409284591675,0.6819035410881042,,cfg02_G2_D32,0.9929953520186245,cuda
evaluation,3375,2044,Warm C,0.5642696619033813,0.17560893297195435,0.5308641975308642,1.0,0.4296015799045563,0.6875471472740173,,cfg02_G2_D32,0.9929953520186245,cuda
evaluation,3379,2045,Cold,0.5649955868721008,0.18085338175296783,0.5061728395061729,1.0,0.0,0.0,,cfg02_G2_D32,0.9929953520186245,cuda
evaluation,3379,2045,Warm A,0.5639541745185852,0.18078233301639557,0.5308641975308642,1.0,0.190092071890831,0.534185528755188,,cfg02_G2_D32,0.9929953520186245,cuda
evaluation,3379,2045,Warm B,0.5608429908752441,0.18224529922008514,0.5308641975308642,1.0,0.34862077236175537,0.6555581092834473,,cfg02_G2_D32,0.9929953520186245,cuda
evaluation,3379,2045,Warm C,0.5590513944625854,0.18179836869239807,0.48148148148148145,1.0,0.4376680254936218,0.6197139024734497,,cfg02_G2_D32,0.9929953520186245,cuda
evaluation,3385,2047,Cold,0.5534501075744629,0.17874449491500854,0.5555555555555556,1.0,0.0,0.0,,cfg02_G2_D32,0.9929953520186245,cuda
evaluation,3385,2047,Warm A,0.5545182824134827,0.18134379386901855,0.5555555555555556,1.0,0.22217707335948944,0.5774836540222168,,cfg02_G2_D32,0.9929953520186245,cuda
evaluation,3385,2047,Warm B,0.5630903244018555,0.1820680797100067,0.5802469135802469,1.0,0.23477676510810852,0.35420286655426025,,cfg02_G2_D32,0.9929953520186245,cuda
evaluation,3385,2047,Warm C,0.5641459822654724,0.1818132847547531,0.5802469135802469,1.0,0.3896487355232239,0.4852848947048187,,cfg02_G2_D32,0.9929953520186245,cuda
evaluation,3387,2049,Cold,0.5519930720329285,0.17766758799552917,0.5308641975308642,1.0,0.0,0.0,,cfg02_G2_D32,0.9929953520186245,cuda
evaluation,3387,2049,Warm A,0.5573194622993469,0.17831425368785858,0.5555555555555556,1.0,0.18576353788375854,0.43630099296569824,,cfg02_G2_D32,0.9929953520186245,cuda
evaluation,3387,2049,Warm B,0.5630420446395874,0.17959098517894745,0.5555555555555556,1.0,0.29260286688804626,0.37501293420791626,,cfg02_G2_D32,0.9929953520186245,cuda
evaluation,3387,2049,Warm C,0.5649908781051636,0.18047520518302917,0.5802469135802469,1.0,0.4432193636894226,0.38639163970947266,,cfg02_G2_D32,0.9929953520186245,cuda
evaluation,3391,2051,Cold,0.5540319681167603,0.17695456743240356,0.5555555555555556,1.0,0.0,0.0,,cfg02_G2_D32,0.9929953520186245,cuda
evaluation,3391,2051,Warm A,0.5585893988609314,0.17851068079471588,0.5555555555555556,1.0,0.21533268690109253,0.4607568681240082,,cfg02_G2_D32,0.9929953520186245,cuda
evaluation,3391,2051,Warm B,0.5630103349685669,0.1815778911113739,0.5802469135802469,1.0,0.40231412649154663,0.2922309339046478,,cfg02_G2_D32,0.9929953520186245,cuda
evaluation,3391,2051,Warm C,0.5667869448661804,0.1828836351633072,0.5802469135802469,1.0,0.5955994129180908,0.38203883171081543,,cfg02_G2_D32,0.9929953520186245,cuda
evaluation,3392,2052,Cold,0.5545107126235962,0.17715716361999512,0.5555555555555556,1.0,0.0,0.0,,cfg02_G2_D32,0.9929953520186245,cuda
evaluation,3392,2052,Warm A,0.5604830980300903,0.17806677520275116,0.5802469135802469,1.0,0.22087709605693817,0.28794172406196594,,cfg02_G2_D32,0.9929953520186245,cuda
evaluation,3392,2052,Warm B,0.5680992007255554,0.17767879366874695,0.5802469135802469,1.0,0.35742539167404175,0.244077667593956,,cfg02_G2_D32,0.9929953520186245,cuda
evaluation,3392,2052,Warm C,0.5751228928565979,0.17837733030319214,0.6296296296296297,1.0,0.5105541348457336,0.05113501101732254,,cfg02_G2_D32,0.9929953520186245,cuda
evaluation,3399,2057,Cold,0.5537031888961792,0.17536208033561707,0.5555555555555556,1.0,0.0,0.0,,cfg02_G2_D32,0.9929953520186245,cuda
evaluation,3399,2057,Warm A,0.55983567237854,0.17376597225666046,0.5555555555555556,1.0,0.22582478821277618,0.43844014406204224,,cfg02_G2_D32,0.9929953520186245,cuda
evaluation,3399,2057,Warm B,0.5668439269065857,0.17326922714710236,0.5802469135802469,1.0,0.3820943534374237,0.3657895028591156,,cfg02_G2_D32,0.9929953520186245,cuda
evaluation,3399,2057,Warm C,0.5596599578857422,0.1736924946308136,0.5802469135802469,1.0,0.26930853724479675,0.515582263469696,,cfg02_G2_D32,0.9929953520186245,cuda
evaluation,3401,2058,Cold,0.5550236105918884,0.17119528353214264,0.5555555555555556,1.0,0.0,0.0,,cfg02_G2_D32,0.9929953520186245,cuda
evaluation,3401,2058,Warm A,0.5594726800918579,0.17242856323719025,0.5555555555555556,1.0,0.21952244639396667,0.39840564131736755,,cfg02_G2_D32,0.9929953520186245,cuda
evaluation,3401,2058,Warm B,0.5663103461265564,0.17270120978355408,0.5802469135802469,1.0,0.404242604970932,0.11219527572393417,,cfg02_G2_D32,0.9929953520186245,cuda
evaluation,3401,2058,Warm C,0.5702944397926331,0.16980963945388794,0.6049382716049383,1.0,0.41431623697280884,0.21214456856250763,,cfg02_G2_D32,0.9929953520186245,cuda
evaluation,3405,2060,Cold,0.5630937218666077,0.1770881861448288,0.5308641975308642,1.0,0.0,0.0,,cfg02_G2_D32,0.9929953520186245,cuda
evaluation,3405,2060,Warm A,0.5597160458564758,0.17931081354618073,0.5061728395061729,1.0,0.20100243389606476,0.5805647373199463,,cfg02_G2_D32,0.9929953520186245,cuda
evaluation,3405,2060,Warm B,0.5610783100128174,0.1804060935974121,0.5308641975308642,1.0,0.3383167088031769,0.5551064610481262,,cfg02_G2_D32,0.9929953520186245,cuda
evaluation,3405,2060,Warm C,0.5627238154411316,0.18054291605949402,0.5308641975308642,1.0,0.4531025290489197,0.5864735841751099,,cfg02_G2_D32,0.9929953520186245,cuda
evaluation,3406,2061,Cold,0.5633209347724915,0.17866837978363037,0.5308641975308642,1.0,0.0,0.0,,cfg02_G2_D32,0.9929953520186245,cuda
evaluation,3406,2061,Warm A,0.567595899105072,0.17798779904842377,0.5308641975308642,1.0,0.23584295809268951,0.4231562614440918,,cfg02_G2_D32,0.9929953520186245,cuda
evaluation,3406,2061,Warm B,0.565493643283844,0.1773388832807541,0.5308641975308642,1.0,0.32656437158584595,0.5359078645706177,,cfg02_G2_D32,0.9929953520186245,cuda
evaluation,3406,2061,Warm C,0.5623472929000854,0.1794322282075882,0.5061728395061729,1.0,0.34697818756103516,0.7370776534080505,,cfg02_G2_D32,0.9929953520186245,cuda
evaluation,3412,2064,Cold,0.5567201972007751,0.17306265234947205,0.5555555555555556,1.0,0.0,0.0,,cfg02_G2_D32,0.9929953520186245,cuda
evaluation,3412,2064,Warm A,0.5465091466903687,0.17535750567913055,0.48148148148148145,1.0,0.22516204416751862,0.7789748311042786,,cfg02_G2_D32,0.9929953520186245,cuda
evaluation,3412,2064,Warm B,0.5497441291809082,0.17428672313690186,0.5061728395061729,1.0,0.25576022267341614,0.5835468173027039,,cfg02_G2_D32,0.9929953520186245,cuda
evaluation,3412,2064,Warm C,0.5499539971351624,0.17381657660007477,0.5061728395061729,1.0,0.2115408480167389,0.510959804058075,,cfg02_G2_D32,0.9929953520186245,cuda
evaluation,3417,2065,Cold,0.562034010887146,0.176288902759552,0.5308641975308642,1.0,0.0,0.0,,cfg02_G2_D32,0.9929953520186245,cuda
evaluation,3417,2065,Warm A,0.5603119134902954,0.1787448674440384,0.5061728395061729,1.0,0.23729656636714935,0.7809548377990723,,cfg02_G2_D32,0.9929953520186245,cuda
evaluation,3417,2065,Warm B,0.5601692795753479,0.1788398176431656,0.5061728395061729,1.0,0.3793405592441559,0.6674157381057739,,cfg02_G2_D32,0.9929953520186245,cuda
evaluation,3417,2065,Warm C,0.5583733916282654,0.1778809279203415,0.4567901234567901,1.0,0.2985498607158661,0.4087754189968109,,cfg02_G2_D32,0.9929953520186245,cuda
evaluation,3420,2067,Cold,0.558265209197998,0.1761014759540558,0.5555555555555556,1.0,0.0,0.0,,cfg02_G2_D32,0.9929953520186245,cuda
evaluation,3420,2067,Warm A,0.5569877624511719,0.17628630995750427,0.5555555555555556,1.0,0.21307717263698578,0.5074925422668457,,cfg02_G2_D32,0.9929953520186245,cuda
evaluation,3420,2067,Warm B,0.5557719469070435,0.17884686589241028,0.5308641975308642,1.0,0.28020063042640686,0.6380512714385986,,cfg02_G2_D32,0.9929953520186245,cuda
evaluation,3420,2067,Warm C,0.556555449962616,0.1801176220178604,0.5555555555555556,1.0,0.39225369691848755,0.6096339225769043,,cfg02_G2_D32,0.9929953520186245,cuda
evaluation,3423,2070,Cold,0.5570225715637207,0.17812314629554749,0.5802469135802469,1.0,0.0,0.0,,cfg02_G2_D32,0.9929953520186245,cuda
evaluation,3423,2070,Warm A,0.5563315153121948,0.18093885481357574,0.5555555555555556,1.0,0.22346459329128265,0.7703172564506531,,cfg02_G2_D32,0.9929953520186245,cuda
evaluation,3423,2070,Warm B,0.5589596033096313,0.18406879901885986,0.5308641975308642,1.0,0.3574758470058441,0.4560759663581848,,cfg02_G2_D32,0.9929953520186245,cuda
evaluation,3423,2070,Warm C,0.5551930069923401,0.18156805634498596,0.5308641975308642,1.0,0.2493806779384613,0.40071916580200195,,cfg02_G2_D32,0.9929953520186245,cuda
evaluation,3425,2072,Cold,0.555865466594696,0.1787417083978653,0.5555555555555556,1.0,0.0,0.0,,cfg02_G2_D32,0.9929953520186245,cuda
evaluation,3425,2072,Warm A,0.5512375235557556,0.18221957981586456,0.5308641975308642,1.0,0.22866572439670563,0.680097222328186,,cfg02_G2_D32,0.9929953520186245,cuda
evaluation,3425,2072,Warm B,0.5504210591316223,0.183607816696167,0.5555555555555556,1.0,0.33498114347457886,0.5784174203872681,,cfg02_G2_D32,0.9929953520186245,cuda
evaluation,3425,2072,Warm C,0.5565837621688843,0.18130792677402496,0.5308641975308642,1.0,0.2088080644607544,0.39680108428001404,,cfg02_G2_D32,0.9929953520186245,cuda
evaluation,3427,2074,Cold,0.5608680248260498,0.17315621674060822,0.5555555555555556,1.0,0.0,0.0,,cfg02_G2_D32,0.9929953520186245,cuda
evaluation,3427,2074,Warm A,0.560518741607666,0.17590752243995667,0.5802469135802469,1.0,0.23245255649089813,0.6451023817062378,,cfg02_G2_D32,0.9929953520186245,cuda
evaluation,3427,2074,Warm B,0.5616223216056824,0.17507968842983246,0.5308641975308642,1.0,0.24281197786331177,0.5348412394523621,,cfg02_G2_D32,0.9929953520186245,cuda
evaluation,3427,2074,Warm C,0.5659184455871582,0.1754329800605774,0.5555555555555556,1.0,0.2972823679447174,0.5480562448501587,,cfg02_G2_D32,0.9929953520186245,cuda
evaluation,3431,2077,Cold,0.561526358127594,0.17307204008102417,0.5802469135802469,1.0,0.0,0.0,,cfg02_G2_D32,0.9929953520186245,cuda
evaluation,3431,2077,Warm A,0.5657113194465637,0.1742556095123291,0.5802469135802469,1.0,0.21677766740322113,0.35063108801841736,,cfg02_G2_D32,0.9929953520186245,cuda
evaluation,3431,2077,Warm B,0.5635476112365723,0.1728842705488205,0.5802469135802469,1.0,0.1590862274169922,0.4042263627052307,,cfg02_G2_D32,0.9929953520186245,cuda
evaluation,3431,2077,Warm C,0.569067656993866,0.17319247126579285,0.6296296296296297,1.0,0.2797211706638336,0.4147758483886719,,cfg02_G2_D32,0.9929953520186245,cuda
evaluation,3432,2078,Cold,0.561218798160553,0.17423267662525177,0.5802469135802469,1.0,0.0,0.0,,cfg02_G2_D32,0.9929953520186245,cuda
evaluation,3432,2078,Warm A,0.5702465772628784,0.17337502539157867,0.6049382716049383,1.0,0.22598114609718323,0.2485017627477646,,cfg02_G2_D32,0.9929953520186245,cuda
evaluation,3432,2078,Warm B,0.571992039680481,0.17552843689918518,0.6296296296296297,1.0,0.28179052472114563,0.4164031445980072,,cfg02_G2_D32,0.9929953520186245,cuda
evaluation,3432,2078,Warm C,0.5775015354156494,0.17376674711704254,0.6790123456790124,1.0,0.40776848793029785,0.14363835752010345,,cfg02_G2_D32,0.9929953520186245,cuda
evaluation,3436,2080,Cold,0.5534213781356812,0.1781761795282364,0.5555555555555556,1.0,0.0,0.0,,cfg02_G2_D32,0.9929953520186245,cuda
evaluation,3436,2080,Warm A,0.553758442401886,0.1804288625717163,0.5555555555555556,1.0,0.20430953800678253,0.5785690546035767,,cfg02_G2_D32,0.9929953520186245,cuda
evaluation,3436,2080,Warm B,0.5608812570571899,0.18018659949302673,0.5308641975308642,1.0,0.3010120987892151,0.2880745828151703,,cfg02_G2_D32,0.9929953520186245,cuda
evaluation,3436,2080,Warm C,0.5574162602424622,0.18340906500816345,0.5308641975308642,1.0,0.41307201981544495,0.6062325835227966,,cfg02_G2_D32,0.9929953520186245,cuda
evaluation,3440,2083,Cold,0.5571758151054382,0.17252586781978607,0.5802469135802469,1.0,0.0,0.0,,cfg02_G2_D32,0.9929953520186245,cuda
evaluation,3440,2083,Warm A,0.5632819533348083,0.17281930148601532,0.6049382716049383,1.0,0.2095816433429718,0.20597653090953827,,cfg02_G2_D32,0.9929953520186245,cuda
evaluation,3440,2083,Warm B,0.5655279159545898,0.17176565527915955,0.6049382716049383,1.0,0.3038583993911743,0.11441212147474289,,cfg02_G2_D32,0.9929953520186245,cuda
evaluation,3440,2083,Warm C,0.5734175443649292,0.1707637757062912,0.6296296296296297,1.0,0.47636908292770386,0.11750147491693497,,cfg02_G2_D32,0.9929953520186245,cuda
evaluation,3445,2086,Cold,0.5588226914405823,0.17428149282932281,0.5555555555555556,1.0,0.0,0.0,,cfg02_G2_D32,0.9929953520186245,cuda
evaluation,3445,2086,Warm A,0.5662268400192261,0.17487898468971252,0.5802469135802469,1.0,0.20883740484714508,0.48670336604118347,,cfg02_G2_D32,0.9929953520186245,cuda
evaluation,3445,2086,Warm B,0.5678038597106934,0.17568106949329376,0.5802469135802469,1.0,0.33247119188308716,0.4834425151348114,,cfg02_G2_D32,0.9929953520186245,cuda
evaluation,3445,2086,Warm C,0.5623688697814941,0.17896728217601776,0.5555555555555556,1.0,0.331844300031662,0.634087324142456,,cfg02_G2_D32,0.9929953520186245,cuda
evaluation,3447,2087,Cold,0.567007839679718,0.1936912089586258,0.5061728395061729,1.0,0.0,0.0,,cfg02_G2_D32,0.9929953520186245,cuda
evaluation,3447,2087,Warm A,0.5627529621124268,0.19362400472164154,0.5061728395061729,1.0,0.22128580510616302,0.6276182532310486,,cfg02_G2_D32,0.9929953520186245,cuda
evaluation,3447,2087,Warm B,0.5620895028114319,0.19393117725849152,0.5061728395061729,1.0,0.2810617685317993,0.4478897750377655,,cfg02_G2_D32,0.9929953520186245,cuda
evaluation,3447,2087,Warm C,0.5627572536468506,0.19298577308654785,0.5061728395061729,1.0,0.35129401087760925,0.5709826350212097,,cfg02_G2_D32,0.9929953520186245,cuda
evaluation,3453,2092,Cold,0.5539793968200684,0.17862436175346375,0.5802469135802469,1.0,0.0,0.0,,cfg02_G2_D32,0.9929953520186245,cuda
evaluation,3453,2092,Warm A,0.5565361976623535,0.18012474477291107,0.5802469135802469,1.0,0.21788069605827332,0.42191219329833984,,cfg02_G2_D32,0.9929953520186245,cuda
evaluation,3453,2092,Warm B,0.5614451169967651,0.17732246220111847,0.6049382716049383,1.0,0.2573655843734741,0.31860944628715515,,cfg02_G2_D32,0.9929953520186245,cuda
evaluation,3453,2092,Warm C,0.5607743859291077,0.17864668369293213,0.6049382716049383,1.0,0.33212369680404663,0.43637847900390625,,cfg02_G2_D32,0.9929953520186245,cuda
evaluation,3456,2093,Cold,0.553015410900116,0.18073780834674835,0.5802469135802469,1.0,0.0,0.0,,cfg02_G2_D32,0.9929953520186245,cuda
evaluation,3456,2093,Warm A,0.557714581489563,0.17684003710746765,0.5802469135802469,1.0,0.23402297496795654,0.48290786147117615,,cfg02_G2_D32,0.9929953520186245,cuda
evaluation,3456,2093,Warm B,0.5536208748817444,0.17906628549098969,0.5308641975308642,1.0,0.29676684737205505,0.5616068243980408,,cfg02_G2_D32,0.9929953520186245,cuda
evaluation,3456,2093,Warm C,0.5602495074272156,0.17775191366672516,0.5802469135802469,1.0,0.3147518038749695,0.5112367868423462,,cfg02_G2_D32,0.9929953520186245,cuda
evaluation,3457,2094,Cold,0.5527279376983643,0.17947348952293396,0.5555555555555556,1.0,0.0,0.0,,cfg02_G2_D32,0.9929953520186245,cuda
evaluation,3457,2094,Warm A,0.5492570400238037,0.18360787630081177,0.5308641975308642,1.0,0.2227233499288559,0.6445054411888123,,cfg02_G2_D32,0.9929953520186245,cuda
evaluation,3457,2094,Warm B,0.5465276837348938,0.1868245005607605,0.5061728395061729,1.0,0.38412779569625854,0.6770775318145752,,cfg02_G2_D32,0.9929953520186245,cuda
evaluation,3457,2094,Warm C,0.5449857115745544,0.18858642876148224,0.5061728395061729,1.0,0.5117954015731812,0.6415846943855286,,cfg02_G2_D32,0.9929953520186245,cuda
evaluation,3459,2095,Cold,0.5554726719856262,0.17423850297927856,0.5555555555555556,1.0,0.0,0.0,,cfg02_G2_D32,0.9929953520186245,cuda
evaluation,3459,2095,Warm A,0.5558727383613586,0.17674951255321503,0.5555555555555556,1.0,0.21158283948898315,0.600600004196167,,cfg02_G2_D32,0.9929953520186245,cuda
evaluation,3459,2095,Warm B,0.5503864288330078,0.17912857234477997,0.5061728395061729,1.0,0.4328260123729706,0.6826671957969666,,cfg02_G2_D32,0.9929953520186245,cuda
evaluation,3459,2095,Warm C,0.5444469451904297,0.17873956263065338,0.48148148148148145,1.0,0.5180996060371399,0.6352846622467041,,cfg02_G2_D32,0.9929953520186245,cuda
evaluation,3470,2102,Cold,0.5567984580993652,0.17551948130130768,0.5555555555555556,1.0,0.0,0.0,,cfg02_G2_D32,0.9929953520186245,cuda
evaluation,3470,2102,Warm A,0.5612744688987732,0.17286066710948944,0.5802469135802469,1.0,0.2485777586698532,0.2641095221042633,,cfg02_G2_D32,0.9929953520186245,cuda
evaluation,3470,2102,Warm B,0.5564177632331848,0.17365799844264984,0.5555555555555556,1.0,0.29946550726890564,0.3760368824005127,,cfg02_G2_D32,0.9929953520186245,cuda
evaluation,3470,2102,Warm C,0.5553649067878723,0.1725660264492035,0.5555555555555556,1.0,0.4300884008407593,0.25344520807266235,,cfg02_G2_D32,0.9929953520186245,cuda
evaluation,3475,2104,Cold,0.5629228353500366,0.18308550119400024,0.5061728395061729,1.0,0.0,0.0,,cfg02_G2_D32,0.9929953520186245,cuda
evaluation,3475,2104,Warm A,0.5646135807037354,0.1825561374425888,0.5061728395061729,1.0,0.20229928195476532,0.42622238397598267,,cfg02_G2_D32,0.9929953520186245,cuda
evaluation,3475,2104,Warm B,0.5637273192405701,0.18382064998149872,0.5308641975308642,1.0,0.21014560759067535,0.6617223024368286,,cfg02_G2_D32,0.9929953520186245,cuda
evaluation,3475,2104,Warm C,0.5566262602806091,0.18372534215450287,0.4567901234567901,1.0,0.27705416083335876,0.6058658361434937,,cfg02_G2_D32,0.9929953520186245,cuda
evaluation,3480,2109,Cold,0.5569557547569275,0.1785474270582199,0.5802469135802469,1.0,0.0,0.0,,cfg02_G2_D32,0.9929953520186245,cuda
evaluation,3480,2109,Warm A,0.5608664751052856,0.1793145090341568,0.5555555555555556,1.0,0.20519337058067322,0.5682682991027832,,cfg02_G2_D32,0.9929953520186245,cuda
evaluation,3480,2109,Warm B,0.5654172301292419,0.17623351514339447,0.6296296296296297,1.0,0.3104860484600067,0.4434020221233368,,cfg02_G2_D32,0.9929953520186245,cuda
evaluation,3480,2109,Warm C,0.5700365304946899,0.17697787284851074,0.6296296296296297,1.0,0.4333202540874481,0.5066890120506287,,cfg02_G2_D32,0.9929953520186245,cuda
evaluation,3483,2111,Cold,0.5503898859024048,0.17940999567508698,0.5308641975308642,1.0,0.0,0.0,,cfg02_G2_D32,0.9929953520186245,cuda
evaluation,3483,2111,Warm A,0.5477527379989624,0.1826237291097641,0.5308641975308642,1.0,0.22116269171237946,0.7091019749641418,,cfg02_G2_D32,0.9929953520186245,cuda
evaluation,3483,2111,Warm B,0.5429642796516418,0.18382078409194946,0.48148148148148145,1.0,0.3781052231788635,0.5755828022956848,,cfg02_G2_D32,0.9929953520186245,cuda
evaluation,3483,2111,Warm C,0.5385279655456543,0.1852598339319229,0.48148148148148145,1.0,0.5139011144638062,0.6007415056228638,,cfg02_G2_D32,0.9929953520186245,cuda
evaluation,3487,2113,Cold,0.5588514804840088,0.170487642288208,0.5061728395061729,1.0,0.0,0.0,,cfg02_G2_D32,0.9929953520186245,cuda
evaluation,3487,2113,Warm A,0.5584195852279663,0.17083658277988434,0.5061728395061729,1.0,0.2176191806793213,0.536554753780365,,cfg02_G2_D32,0.9929953520186245,cuda
evaluation,3487,2113,Warm B,0.5534698963165283,0.1719483882188797,0.4567901234567901,1.0,0.31389090418815613,0.4954462945461273,,cfg02_G2_D32,0.9929953520186245,cuda
evaluation,3487,2113,Warm C,0.5531919598579407,0.17361392080783844,0.4567901234567901,1.0,0.4049086570739746,0.5326766967773438,,cfg02_G2_D32,0.9929953520186245,cuda
evaluation,3491,2115,Cold,0.5528988838195801,0.17764413356781006,0.5555555555555556,1.0,0.0,0.0,,cfg02_G2_D32,0.9929953520186245,cuda
evaluation,3491,2115,Warm A,0.553706705570221,0.18019609153270721,0.5308641975308642,1.0,0.22099806368350983,0.5974221229553223,,cfg02_G2_D32,0.9929953520186245,cuda
evaluation,3491,2115,Warm B,0.5557345151901245,0.18394452333450317,0.5308641975308642,1.0,0.4257678687572479,0.585624635219574,,cfg02_G2_D32,0.9929953520186245,cuda
evaluation,3491,2115,Warm C,0.5553432106971741,0.18240217864513397,0.5061728395061729,1.0,0.3679305613040924,0.46118995547294617,,cfg02_G2_D32,0.9929953520186245,cuda
evaluation,3497,2117,Cold,0.5540189146995544,0.17840422689914703,0.5555555555555556,1.0,0.0,0.0,,cfg02_G2_D32,0.9929953520186245,cuda
evaluation,3497,2117,Warm A,0.5545832514762878,0.18091784417629242,0.5308641975308642,1.0,0.20822249352931976,0.5898551344871521,,cfg02_G2_D32,0.9929953520186245,cuda
evaluation,3497,2117,Warm B,0.5601370334625244,0.18297745287418365,0.5555555555555556,1.0,0.38134676218032837,0.3329465985298157,,cfg02_G2_D32,0.9929953520186245,cuda
evaluation,3497,2117,Warm C,0.5567493438720703,0.18053507804870605,0.5802469135802469,1.0,0.23241634666919708,0.6165674328804016,,cfg02_G2_D32,0.9929953520186245,cuda
evaluation,3500,2120,Cold,0.5536620020866394,0.17893847823143005,0.5555555555555556,1.0,0.0,0.0,,cfg02_G2_D32,0.9929953520186245,cuda
evaluation,3500,2120,Warm A,0.5553151965141296,0.18138417601585388,0.5308641975308642,1.0,0.20737332105636597,0.4934501647949219,,cfg02_G2_D32,0.9929953520186245,cuda
evaluation,3500,2120,Warm B,0.5606240034103394,0.1835879534482956,0.5555555555555556,1.0,0.3486841320991516,0.4585760235786438,,cfg02_G2_D32,0.9929953520186245,cuda
evaluation,3500,2120,Warm C,0.5579028725624084,0.18572233617305756,0.5308641975308642,1.0,0.4031480550765991,0.44378453493118286,,cfg02_G2_D32,0.9929953520186245,cuda
evaluation,3502,2122,Cold,0.5534151792526245,0.17857730388641357,0.5555555555555556,1.0,0.0,0.0,,cfg02_G2_D32,0.9929953520186245,cuda
evaluation,3502,2122,Warm A,0.5510649681091309,0.18277394771575928,0.5061728395061729,1.0,0.23097530007362366,0.7019594311714172,,cfg02_G2_D32,0.9929953520186245,cuda
evaluation,3502,2122,Warm B,0.5551791787147522,0.18296588957309723,0.5061728395061729,1.0,0.2939269244670868,0.5122174024581909,,cfg02_G2_D32,0.9929953520186245,cuda
evaluation,3502,2122,Warm C,0.5567717552185059,0.179056778550148,0.5061728395061729,1.0,0.2468247264623642,0.5923001170158386,,cfg02_G2_D32,0.9929953520186245,cuda
evaluation,3503,2123,Cold,0.5580577850341797,0.17413803935050964,0.5802469135802469,1.0,0.0,0.0,,cfg02_G2_D32,0.9929953520186245,cuda
evaluation,3503,2123,Warm A,0.5551069378852844,0.17484000325202942,0.5555555555555556,1.0,0.2244979292154312,0.7042204737663269,,cfg02_G2_D32,0.9929953520186245,cuda
evaluation,3503,2123,Warm B,0.5554218292236328,0.1745336353778839,0.5555555555555556,1.0,0.20768636465072632,0.5335685610771179,,cfg02_G2_D32,0.9929953520186245,cuda
evaluation,3503,2123,Warm C,0.5569726228713989,0.17314201593399048,0.5308641975308642,1.0,0.2647355794906616,0.5330563187599182,,cfg02_G2_D32,0.9929953520186245,cuda
evaluation,3506,2126,Cold,0.5552889704704285,0.17697688937187195,0.5555555555555556,1.0,0.0,0.0,,cfg02_G2_D32,0.9929953520186245,cuda
evaluation,3506,2126,Warm A,0.5546753406524658,0.17975583672523499,0.5555555555555556,1.0,0.22726081311702728,0.7052255868911743,,cfg02_G2_D32,0.9929953520186245,cuda
evaluation,3506,2126,Warm B,0.5549934506416321,0.182430699467659,0.5061728395061729,1.0,0.41706758737564087,0.6087713837623596,,cfg02_G2_D32,0.9929953520186245,cuda
evaluation,3506,2126,Warm C,0.5501014590263367,0.18233934044837952,0.5308641975308642,1.0,0.46577325463294983,0.6256644129753113,,cfg02_G2_D32,0.9929953520186245,cuda
evaluation,3509,2129,Cold,0.5540207624435425,0.17870457470417023,0.5802469135802469,1.0,0.0,0.0,,cfg02_G2_D32,0.9929953520186245,cuda
evaluation,3509,2129,Warm A,0.5491951107978821,0.1821148842573166,0.5308641975308642,1.0,0.22937503457069397,0.6613859534263611,,cfg02_G2_D32,0.9929953520186245,cuda
evaluation,3509,2129,Warm B,0.5540395379066467,0.1838226020336151,0.5555555555555556,1.0,0.28573110699653625,0.4364400804042816,,cfg02_G2_D32,0.9929953520186245,cuda
evaluation,3509,2129,Warm C,0.5572695732116699,0.18715418875217438,0.5308641975308642,1.0,0.43470194935798645,0.42435216903686523,,cfg02_G2_D32,0.9929953520186245,cuda
evaluation,3511,2131,Cold,0.5500299334526062,0.18105897307395935,0.5308641975308642,1.0,0.0,0.0,,cfg02_G2_D32,0.9929953520186245,cuda
evaluation,3511,2131,Warm A,0.5531862378120422,0.18363149464130402,0.5555555555555556,1.0,0.2241513729095459,0.5225793719291687,,cfg02_G2_D32,0.9929953520186245,cuda
evaluation,3511,2131,Warm B,0.5527743101119995,0.18584097921848297,0.5555555555555556,1.0,0.3801146447658539,0.5760772824287415,,cfg02_G2_D32,0.9929953520186245,cuda
evaluation,3511,2131,Warm C,0.5522791743278503,0.18941275775432587,0.5555555555555556,1.0,0.5189061164855957,0.42026519775390625,,cfg02_G2_D32,0.9929953520186245,cuda
evaluation,3514,2134,Cold,0.5532258749008179,0.1805080622434616,0.5802469135802469,1.0,0.0,0.0,,cfg02_G2_D32,0.9929953520186245,cuda
evaluation,3514,2134,Warm A,0.5502018332481384,0.18410103023052216,0.5308641975308642,1.0,0.2362041175365448,0.703234076499939,,cfg02_G2_D32,0.9929953520186245,cuda
evaluation,3514,2134,Warm B,0.5489850640296936,0.1820775866508484,0.5555555555555556,1.0,0.2410661280155182,0.4864184558391571,,cfg02_G2_D32,0.9929953520186245,cuda
evaluation,3514,2134,Warm C,0.5535379648208618,0.18209199607372284,0.5555555555555556,1.0,0.2055361270904541,0.5733091831207275,,cfg02_G2_D32,0.9929953520186245,cuda
evaluation,3515,2135,Cold,0.5503200888633728,0.18079783022403717,0.5308641975308642,1.0,0.0,0.0,,cfg02_G2_D32,0.9929953520186245,cuda
evaluation,3515,2135,Warm A,0.5533242225646973,0.1827532798051834,0.5555555555555556,1.0,0.21135260164737701,0.5367714166641235,,cfg02_G2_D32,0.9929953520186245,cuda
evaluation,3515,2135,Warm B,0.5490766763687134,0.18316088616847992,0.5555555555555556,1.0,0.18847492337226868,0.5611912608146667,,cfg02_G2_D32,0.9929953520186245,cuda
evaluation,3515,2135,Warm C,0.5514920353889465,0.18335789442062378,0.5308641975308642,1.0,0.27038758993148804,0.6077130436897278,,cfg02_G2_D32,0.9929953520186245,cuda
evaluation,3519,2137,Cold,0.5587184429168701,0.17253988981246948,0.5555555555555556,1.0,0.0,0.0,,cfg02_G2_D32,0.9929953520186245,cuda
evaluation,3519,2137,Warm A,0.5571209192276001,0.17196525633335114,0.5802469135802469,1.0,0.2355601042509079,0.5979337096214294,,cfg02_G2_D32,0.9929953520186245,cuda
evaluation,3519,2137,Warm B,0.5601096153259277,0.17251162230968475,0.5802469135802469,1.0,0.2958804666996002,0.479862779378891,,cfg02_G2_D32,0.9929953520186245,cuda
evaluation,3519,2137,Warm C,0.5609570145606995,0.17275437712669373,0.5802469135802469,1.0,0.4438127875328064,0.5860489010810852,,cfg02_G2_D32,0.9929953520186245,cuda
evaluation,3521,2138,Cold,0.553892970085144,0.17559821903705597,0.5555555555555556,1.0,0.0,0.0,,cfg02_G2_D32,0.9929953520186245,cuda
evaluation,3521,2138,Warm A,0.5467166900634766,0.17772558331489563,0.5061728395061729,1.0,0.23173817992210388,0.7569523453712463,,cfg02_G2_D32,0.9929953520186245,cuda
evaluation,3521,2138,Warm B,0.548940122127533,0.1757170557975769,0.5308641975308642,1.0,0.26418793201446533,0.5704028010368347,,cfg02_G2_D32,0.9929953520186245,cuda
evaluation,3521,2138,Warm C,0.5475466847419739,0.17793069779872894,0.5308641975308642,1.0,0.26900190114974976,0.48520898818969727,,cfg02_G2_D32,0.9929953520186245,cuda
evaluation,3529,2144,Cold,0.5568417906761169,0.1735946089029312,0.5555555555555556,1.0,0.0,0.0,,cfg02_G2_D32,0.9929953520186245,cuda
evaluation,3529,2144,Warm A,0.5555672645568848,0.17487041652202606,0.5308641975308642,1.0,0.22361698746681213,0.591090738773346,,cfg02_G2_D32,0.9929953520186245,cuda
evaluation,3529,2144,Warm B,0.560119092464447,0.17219188809394836,0.6049382716049383,1.0,0.2576787769794464,0.4680229127407074,,cfg02_G2_D32,0.9929953520186245,cuda
evaluation,3529,2144,Warm C,0.5646892786026001,0.17150430381298065,0.5802469135802469,1.0,0.33782124519348145,0.4614754617214203,,cfg02_G2_D32,0.9929953520186245,cuda
evaluation,3538,2148,Cold,0.5489211082458496,0.18239405751228333,0.5308641975308642,1.0,0.0,0.0,,cfg02_G2_D32,0.9929953520186245,cuda
evaluation,3538,2148,Warm A,0.5523462891578674,0.1796155869960785,0.5555555555555556,1.0,0.23243388533592224,0.5117013454437256,,cfg02_G2_D32,0.9929953520186245,cuda
evaluation,3538,2148,Warm B,0.5501683354377747,0.1823045015335083,0.5308641975308642,1.0,0.13686124980449677,0.6198765635490417,,cfg02_G2_D32,0.9929953520186245,cuda
evaluation,3538,2148,Warm C,0.5508964657783508,0.1793026179075241,0.5061728395061729,1.0,0.2863565683364868,0.5520049333572388,,cfg02_G2_D32,0.9929953520186245,cuda
evaluation,3544,2150,Cold,0.5514217615127563,0.18025533854961395,0.5061728395061729,1.0,0.0,0.0,,cfg02_G2_D32,0.9929953520186245,cuda
evaluation,3544,2150,Warm A,0.5516785383224487,0.1829204112291336,0.5308641975308642,1.0,0.2053283303976059,0.630843997001648,,cfg02_G2_D32,0.9929953520186245,cuda
evaluation,3544,2150,Warm B,0.5454740524291992,0.18391573429107666,0.5308641975308642,1.0,0.31753700971603394,0.577314555644989,,cfg02_G2_D32,0.9929953520186245,cuda
evaluation,3544,2150,Warm C,0.5447449684143066,0.1859339028596878,0.5061728395061729,1.0,0.3574143946170807,0.6295478343963623,,cfg02_G2_D32,0.9929953520186245,cuda
evaluation,3547,2153,Cold,0.5564480423927307,0.17796123027801514,0.5802469135802469,1.0,0.0,0.0,,cfg02_G2_D32,0.9929953520186245,cuda
evaluation,3547,2153,Warm A,0.5548992156982422,0.17644234001636505,0.5308641975308642,1.0,0.22447140514850616,0.4742318093776703,,cfg02_G2_D32,0.9929953520186245,cuda
evaluation,3547,2153,Warm B,0.551220178604126,0.1782654970884323,0.5555555555555556,1.0,0.27315205335617065,0.5321866869926453,,cfg02_G2_D32,0.9929953520186245,cuda
evaluation,3547,2153,Warm C,0.5518198013305664,0.17886163294315338,0.5555555555555556,1.0,0.2454146146774292,0.5165414214134216,,cfg02_G2_D32,0.9929953520186245,cuda
evaluation,3550,2156,Cold,0.5549933910369873,0.17092452943325043,0.5555555555555556,1.0,0.0,0.0,,cfg02_G2_D32,0.9929953520186245,cuda
evaluation,3550,2156,Warm A,0.5517547726631165,0.1716216504573822,0.5308641975308642,1.0,0.20125235617160797,0.5340806245803833,,cfg02_G2_D32,0.9929953520186245,cuda
evaluation,3550,2156,Warm B,0.551898717880249,0.1728786826133728,0.5555555555555556,1.0,0.21932165324687958,0.6228923797607422,,cfg02_G2_D32,0.9929953520186245,cuda
evaluation,3550,2156,Warm C,0.5581769347190857,0.17248444259166718,0.5802469135802469,1.0,0.26054009795188904,0.4204026162624359,,cfg02_G2_D32,0.9929953520186245,cuda
evaluation,3553,2159,Cold,0.5521232485771179,0.18024396896362305,0.5308641975308642,1.0,0.0,0.0,,cfg02_G2_D32,0.9929953520186245,cuda
evaluation,3553,2159,Warm A,0.5531184077262878,0.18300120532512665,0.5308641975308642,1.0,0.18964529037475586,0.527127206325531,,cfg02_G2_D32,0.9929953520186245,cuda
evaluation,3553,2159,Warm B,0.5532497763633728,0.18773263692855835,0.5555555555555556,1.0,0.3784925937652588,0.5404505133628845,,cfg02_G2_D32,0.9929953520186245,cuda
evaluation,3553,2159,Warm C,0.5560405850410461,0.18678294122219086,0.5555555555555556,1.0,0.26551151275634766,0.30875179171562195,,cfg02_G2_D32,0.9929953520186245,cuda
evaluation,3554,2160,Cold,0.5510184168815613,0.18007774651050568,0.5308641975308642,1.0,0.0,0.0,,cfg02_G2_D32,0.9929953520186245,cuda
evaluation,3554,2160,Warm A,0.5533206462860107,0.1807536482810974,0.5308641975308642,1.0,0.21574828028678894,0.6056796312332153,,cfg02_G2_D32,0.9929953520186245,cuda
evaluation,3554,2160,Warm B,0.5494863986968994,0.18077526986598969,0.5308641975308642,1.0,0.3257976472377777,0.6646931767463684,,cfg02_G2_D32,0.9929953520186245,cuda
evaluation,3554,2160,Warm C,0.5504705905914307,0.1817777454853058,0.5308641975308642,1.0,0.3426801860332489,0.5879100561141968,,cfg02_G2_D32,0.9929953520186245,cuda
evaluation,3557,2163,Cold,0.5531758666038513,0.17841383814811707,0.5555555555555556,1.0,0.0,0.0,,cfg02_G2_D32,0.9929953520186245,cuda
evaluation,3557,2163,Warm A,0.5564900040626526,0.17954383790493011,0.5555555555555556,1.0,0.21328094601631165,0.4840412735939026,,cfg02_G2_D32,0.9929953520186245,cuda
evaluation,3557,2163,Warm B,0.5531455874443054,0.17928701639175415,0.5802469135802469,1.0,0.28254827857017517,0.43048009276390076,,cfg02_G2_D32,0.9929953520186245,cuda
evaluation,3557,2163,Warm C,0.5536360740661621,0.18200165033340454,0.5308641975308642,1.0,0.3923165202140808,0.5473886728286743,,cfg02_G2_D32,0.9929953520186245,cuda
evaluation,3564,2164,Cold,0.5503437519073486,0.1782340407371521,0.5308641975308642,1.0,0.0,0.0,,cfg02_G2_D32,0.9929953520186245,cuda
evaluation,3564,2164,Warm A,0.5554544925689697,0.1791735291481018,0.5802469135802469,1.0,0.22297392785549164,0.3181264102458954,,cfg02_G2_D32,0.9929953520186245,cuda
evaluation,3564,2164,Warm B,0.5636957287788391,0.17845122516155243,0.5802469135802469,1.0,0.41730934381484985,0.04927506670355797,,cfg02_G2_D32,0.9929953520186245,cuda
evaluation,3564,2164,Warm C,0.5603607296943665,0.1801609843969345,0.5802469135802469,1.0,0.46051090955734253,0.17327070236206055,,cfg02_G2_D32,0.9929953520186245,cuda
evaluation,3571,2167,Cold,0.5532532334327698,0.18055804073810577,0.5802469135802469,1.0,0.0,0.0,,cfg02_G2_D32,0.9929953520186245,cuda
evaluation,3571,2167,Warm A,0.5498470067977905,0.18010617792606354,0.5308641975308642,1.0,0.21316632628440857,0.5629886984825134,,cfg02_G2_D32,0.9929953520186245,cuda
evaluation,3571,2167,Warm B,0.549892783164978,0.17918342351913452,0.5061728395061729,1.0,0.34556543827056885,0.5757350921630859,,cfg02_G2_D32,0.9929953520186245,cuda
evaluation,3571,2167,Warm C,0.5444934964179993,0.18281055986881256,0.5308641975308642,1.0,0.36728471517562866,0.6903279423713684,,cfg02_G2_D32,0.9929953520186245,cuda
evaluation,3572,2168,Cold,0.5520725250244141,0.17304636538028717,0.5308641975308642,1.0,0.0,0.0,,cfg02_G2_D32,0.9929953520186245,cuda
evaluation,3572,2168,Warm A,0.5551686882972717,0.17542220652103424,0.5555555555555556,1.0,0.22143985331058502,0.4234415590763092,,cfg02_G2_D32,0.9929953520186245,cuda
evaluation,3572,2168,Warm B,0.5624507665634155,0.17660386860370636,0.5802469135802469,1.0,0.396787166595459,0.21644258499145508,,cfg02_G2_D32,0.9929953520186245,cuda
evaluation,3572,2168,Warm C,0.5693849921226501,0.17703337967395782,0.6296296296296297,1.0,0.5811012983322144,0.030560363084077835,,cfg02_G2_D32,0.9929953520186245,cuda
evaluation,3579,2171,Cold,0.5535635948181152,0.18031612038612366,0.5802469135802469,1.0,0.0,0.0,,cfg02_G2_D32,0.9929953520186245,cuda
evaluation,3579,2171,Warm A,0.5516773462295532,0.18416406214237213,0.5308641975308642,1.0,0.22739212214946747,0.687884509563446,,cfg02_G2_D32,0.9929953520186245,cuda
evaluation,3579,2171,Warm B,0.5515572428703308,0.18538899719715118,0.5308641975308642,1.0,0.2899720072746277,0.5393497943878174,,cfg02_G2_D32,0.9929953520186245,cuda
evaluation,3579,2171,Warm C,0.553164005279541,0.18918906152248383,0.5555555555555556,1.0,0.4381229877471924,0.4467219412326813,,cfg02_G2_D32,0.9929953520186245,cuda
evaluation,3584,2172,Cold,0.5567215085029602,0.17669306695461273,0.5555555555555556,1.0,0.0,0.0,,cfg02_G2_D32,0.9929953520186245,cuda
evaluation,3584,2172,Warm A,0.5584419965744019,0.17868635058403015,0.5555555555555556,1.0,0.21258635818958282,0.5454980731010437,,cfg02_G2_D32,0.9929953520186245,cuda
evaluation,3584,2172,Warm B,0.5653426647186279,0.17869751155376434,0.6049382716049383,1.0,0.24394790828227997,0.24181051552295685,,cfg02_G2_D32,0.9929953520186245,cuda
evaluation,3584,2172,Warm C,0.5708441138267517,0.18012231588363647,0.6049382716049383,1.0,0.3944658935070038,0.1434577852487564,,cfg02_G2_D32,0.9929953520186245,cuda
evaluation,3590,2173,Cold,0.5553320646286011,0.17728467285633087,0.5555555555555556,1.0,0.0,0.0,,cfg02_G2_D32,0.9929953520186245,cuda
evaluation,3590,2173,Warm A,0.558146059513092,0.17867180705070496,0.5555555555555556,1.0,0.194613978266716,0.5139061212539673,,cfg02_G2_D32,0.9929953520186245,cuda
evaluation,3590,2173,Warm B,0.5598612427711487,0.18249967694282532,0.5308641975308642,1.0,0.373224139213562,0.49286147952079773,,cfg02_G2_D32,0.9929953520186245,cuda
evaluation,3590,2173,Warm C,0.561255156993866,0.18373873829841614,0.5308641975308642,1.0,0.4902556836605072,0.4982268512248993,,cfg02_G2_D32,0.9929953520186245,cuda
evaluation,3594,2176,Cold,0.5528767704963684,0.18148870766162872,0.5802469135802469,1.0,0.0,0.0,,cfg02_G2_D32,0.9929953520186245,cuda
evaluation,3594,2176,Warm A,0.555139422416687,0.18335096538066864,0.5555555555555556,1.0,0.2018287032842636,0.5531740784645081,,cfg02_G2_D32,0.9929953520186245,cuda
evaluation,3594,2176,Warm B,0.5614689588546753,0.18340587615966797,0.5802469135802469,1.0,0.35206732153892517,0.4882340133190155,,cfg02_G2_D32,0.9929953520186245,cuda
evaluation,3594,2176,Warm C,0.5552896857261658,0.1834392249584198,0.5555555555555556,1.0,0.2722353935241699,0.7134058475494385,,cfg02_G2_D32,0.9929953520186245,cuda
evaluation,3598,2177,Cold,0.5532902479171753,0.18020589649677277,0.5802469135802469,1.0,0.0,0.0,,cfg02_G2_D32,0.9929953520186245,cuda
evaluation,3598,2177,Warm A,0.5520000457763672,0.18164382874965668,0.5555555555555556,1.0,0.2020670771598816,0.5701231360435486,,cfg02_G2_D32,0.9929953520186245,cuda
evaluation,3598,2177,Warm B,0.5565438270568848,0.18091879785060883,0.5802469135802469,1.0,0.29614049196243286,0.5501330494880676,,cfg02_G2_D32,0.9929953520186245,cuda
evaluation,3598,2177,Warm C,0.5573685169219971,0.1824207454919815,0.6049382716049383,1.0,0.37621352076530457,0.5896329283714294,,cfg02_G2_D32,0.9929953520186245,cuda
evaluation,3599,2178,Cold,0.5630542039871216,0.18127283453941345,0.5061728395061729,1.0,0.0,0.0,,cfg02_G2_D32,0.9929953520186245,cuda
evaluation,3599,2178,Warm A,0.560513436794281,0.1825532615184784,0.5061728395061729,1.0,0.22377589344978333,0.6423651576042175,,cfg02_G2_D32,0.9929953520186245,cuda
evaluation,3599,2178,Warm B,0.5619128942489624,0.18119727075099945,0.48148148148148145,1.0,0.1699453592300415,0.540562093257904,,cfg02_G2_D32,0.9929953520186245,cuda
evaluation,3599,2178,Warm C,0.5611534714698792,0.18193157017230988,0.5061728395061729,1.0,0.30859193205833435,0.6953790783882141,,cfg02_G2_D32,0.9929953520186245,cuda
evaluation,3600,2179,Cold,0.5612955093383789,0.17474649846553802,0.5061728395061729,1.0,0.0,0.0,,cfg02_G2_D32,0.9929953520186245,cuda
evaluation,3600,2179,Warm A,0.5624316930770874,0.1768846958875656,0.5308641975308642,1.0,0.2295982390642166,0.7352757453918457,,cfg02_G2_D32,0.9929953520186245,cuda
evaluation,3600,2179,Warm B,0.5661348104476929,0.17823445796966553,0.6049382716049383,1.0,0.3977883458137512,0.5623626112937927,,cfg02_G2_D32,0.9929953520186245,cuda
evaluation,3600,2179,Warm C,0.5710210204124451,0.17757588624954224,0.6049382716049383,1.0,0.3866957426071167,0.413849413394928,,cfg02_G2_D32,0.9929953520186245,cuda
evaluation,3604,2180,Cold,0.560348629951477,0.1731298416852951,0.5308641975308642,1.0,0.0,0.0,,cfg02_G2_D32,0.9929953520186245,cuda
evaluation,3604,2180,Warm A,0.5622039437294006,0.1718224734067917,0.5555555555555556,1.0,0.232847198843956,0.5257560610771179,,cfg02_G2_D32,0.9929953520186245,cuda
evaluation,3604,2180,Warm B,0.5605353116989136,0.17287585139274597,0.5308641975308642,1.0,0.27913957834243774,0.740454912185669,,cfg02_G2_D32,0.9929953520186245,cuda
evaluation,3604,2180,Warm C,0.5621009469032288,0.17213420569896698,0.5555555555555556,1.0,0.36088982224464417,0.6384070515632629,,cfg02_G2_D32,0.9929953520186245,cuda
evaluation,3606,2181,Cold,0.5629742741584778,0.17768815159797668,0.5061728395061729,1.0,0.0,0.0,,cfg02_G2_D32,0.9929953520186245,cuda
evaluation,3606,2181,Warm A,0.5619208812713623,0.17774169147014618,0.48148148148148145,1.0,0.22633692622184753,0.44514331221580505,,cfg02_G2_D32,0.9929953520186245,cuda
evaluation,3606,2181,Warm B,0.5594091415405273,0.17951691150665283,0.48148148148148145,1.0,0.2805040180683136,0.5150225758552551,,cfg02_G2_D32,0.9929953520186245,cuda
evaluation,3606,2181,Warm C,0.5606465935707092,0.18133412301540375,0.5061728395061729,1.0,0.24348579347133636,0.4722621440887451,,cfg02_G2_D32,0.9929953520186245,cuda
evaluation,3613,2183,Cold,0.5529419779777527,0.1780102550983429,0.5555555555555556,1.0,0.0,0.0,,cfg02_G2_D32,0.9929953520186245,cuda
evaluation,3613,2183,Warm A,0.5539147853851318,0.17586788535118103,0.5802469135802469,1.0,0.21138909459114075,0.5477074980735779,,cfg02_G2_D32,0.9929953520186245,cuda
evaluation,3613,2183,Warm B,0.5559170246124268,0.17443177103996277,0.5555555555555556,1.0,0.32460078597068787,0.4714341163635254,,cfg02_G2_D32,0.9929953520186245,cuda
evaluation,3613,2183,Warm C,0.5534175038337708,0.17668524384498596,0.5555555555555556,1.0,0.28150591254234314,0.5712308287620544,,cfg02_G2_D32,0.9929953520186245,cuda
evaluation,3616,2186,Cold,0.5502340793609619,0.1811353713274002,0.5308641975308642,1.0,0.0,0.0,,cfg02_G2_D32,0.9929953520186245,cuda
evaluation,3616,2186,Warm A,0.5478067398071289,0.18488162755966187,0.5308641975308642,1.0,0.22233286499977112,0.4999326765537262,,cfg02_G2_D32,0.9929953520186245,cuda
evaluation,3616,2186,Warm B,0.5491472482681274,0.1881161779165268,0.5555555555555556,1.0,0.4010329842567444,0.5906434059143066,,cfg02_G2_D32,0.9929953520186245,cuda
evaluation,3616,2186,Warm C,0.5521959066390991,0.1850120574235916,0.5555555555555556,1.0,0.2650880813598633,0.41449400782585144,,cfg02_G2_D32,0.9929953520186245,cuda
evaluation,3619,2189,Cold,0.5545168519020081,0.17778706550598145,0.5555555555555556,1.0,0.0,0.0,,cfg02_G2_D32,0.9929953520186245,cuda
evaluation,3619,2189,Warm A,0.5507972240447998,0.18004482984542847,0.5308641975308642,1.0,0.22330360114574432,0.6896523833274841,,cfg02_G2_D32,0.9929953520186245,cuda
evaluation,3619,2189,Warm B,0.5452457070350647,0.18292783200740814,0.5061728395061729,1.0,0.44101807475090027,0.7362772226333618,,cfg02_G2_D32,0.9929953520186245,cuda
evaluation,3619,2189,Warm C,0.5471363067626953,0.18506166338920593,0.5061728395061729,1.0,0.5758447647094727,0.5424763560295105,,cfg02_G2_D32,0.9929953520186245,cuda
evaluation,3622,2190,Cold,0.5568578243255615,0.17660441994667053,0.5555555555555556,1.0,0.0,0.0,,cfg02_G2_D32,0.9929953520186245,cuda
evaluation,3622,2190,Warm A,0.5555665493011475,0.17643491923809052,0.48148148148148145,1.0,0.23242175579071045,0.4465712606906891,,cfg02_G2_D32,0.9929953520186245,cuda
evaluation,3622,2190,Warm B,0.5540591478347778,0.1787416785955429,0.48148148148148145,1.0,0.2629920244216919,0.8086161613464355,,cfg02_G2_D32,0.9929953520186245,cuda
evaluation,3622,2190,Warm C,0.5567435622215271,0.17633070051670074,0.5061728395061729,1.0,0.23864346742630005,0.4049919545650482,,cfg02_G2_D32,0.9929953520186245,cuda
evaluation,3627,2193,Cold,0.5605705976486206,0.17323921620845795,0.5061728395061729,1.0,0.0,0.0,,cfg02_G2_D32,0.9929953520186245,cuda
evaluation,3627,2193,Warm A,0.5576950907707214,0.17528684437274933,0.5308641975308642,1.0,0.20618097484111786,0.6372450590133667,,cfg02_G2_D32,0.9929953520186245,cuda
evaluation,3627,2193,Warm B,0.5541335344314575,0.1747814267873764,0.4567901234567901,1.0,0.34985169768333435,0.6320968270301819,,cfg02_G2_D32,0.9929953520186245,cuda
evaluation,3627,2193,Warm C,0.5532951951026917,0.17662838101387024,0.5061728395061729,1.0,0.4863821268081665,0.6200688481330872,,cfg02_G2_D32,0.9929953520186245,cuda
evaluation,3628,2194,Cold,0.5650847554206848,0.1854802817106247,0.5061728395061729,1.0,0.0,0.0,,cfg02_G2_D32,0.9929953520186245,cuda
evaluation,3628,2194,Warm A,0.5636975169181824,0.18708907067775726,0.5061728395061729,1.0,0.24119344353675842,0.8916358351707458,,cfg02_G2_D32,0.9929953520186245,cuda
evaluation,3628,2194,Warm B,0.5685527324676514,0.18715937435626984,0.5308641975308642,1.0,0.3078065514564514,0.5737164616584778,,cfg02_G2_D32,0.9929953520186245,cuda
evaluation,3628,2194,Warm C,0.5664896368980408,0.18570654094219208,0.5061728395061729,1.0,0.23698550462722778,0.43169957399368286,,cfg02_G2_D32,0.9929953520186245,cuda
evaluation,3634,2197,Cold,0.5609980225563049,0.17616760730743408,0.5061728395061729,1.0,0.0,0.0,,cfg02_G2_D32,0.9929953520186245,cuda
evaluation,3634,2197,Warm A,0.5550752282142639,0.17607711255550385,0.48148148148148145,1.0,0.2267208993434906,0.41008803248405457,,cfg02_G2_D32,0.9929953520186245,cuda
evaluation,3634,2197,Warm B,0.5516650080680847,0.1764279454946518,0.48148148148148145,1.0,0.3157539665699005,0.42403823137283325,,cfg02_G2_D32,0.9929953520186245,cuda
evaluation,3634,2197,Warm C,0.5558964014053345,0.17510518431663513,0.5061728395061729,1.0,0.3425408899784088,0.27163955569267273,,cfg02_G2_D32,0.9929953520186245,cuda
evaluation,3643,2201,Cold,0.5648424029350281,0.18456289172172546,0.5061728395061729,1.0,0.0,0.0,,cfg02_G2_D32,0.9929953520186245,cuda
evaluation,3643,2201,Warm A,0.5625114440917969,0.18588587641716003,0.5061728395061729,1.0,0.22958728671073914,0.6282864212989807,,cfg02_G2_D32,0.9929953520186245,cuda
evaluation,3643,2201,Warm B,0.5649325251579285,0.18710678815841675,0.5308641975308642,1.0,0.3875950574874878,0.6724402904510498,,cfg02_G2_D32,0.9929953520186245,cuda
evaluation,3643,2201,Warm C,0.5644615292549133,0.1885537952184677,0.5308641975308642,1.0,0.4163886606693268,0.6219512224197388,,cfg02_G2_D32,0.9929953520186245,cuda
evaluation,3646,2202,Cold,0.5493751764297485,0.18085145950317383,0.5308641975308642,1.0,0.0,0.0,,cfg02_G2_D32,0.9929953520186245,cuda
evaluation,3646,2202,Warm A,0.5465158224105835,0.18460947275161743,0.5308641975308642,1.0,0.22571280598640442,0.6733103394508362,,cfg02_G2_D32,0.9929953520186245,cuda
evaluation,3646,2202,Warm B,0.5484968423843384,0.18863050639629364,0.5555555555555556,1.0,0.3832695484161377,0.3968038260936737,,cfg02_G2_D32,0.9929953520186245,cuda
evaluation,3646,2202,Warm C,0.554178774356842,0.18799757957458496,0.5555555555555556,1.0,0.4026149809360504,0.28334489464759827,,cfg02_G2_D32,0.9929953520186245,cuda
evaluation,3653,2204,Cold,0.5598897933959961,0.17791669070720673,0.5308641975308642,1.0,0.0,0.0,,cfg02_G2_D32,0.9929953520186245,cuda
evaluation,3653,2204,Warm A,0.5597162842750549,0.1795273721218109,0.5802469135802469,1.0,0.20071038603782654,0.56716388463974,,cfg02_G2_D32,0.9929953520186245,cuda
evaluation,3653,2204,Warm B,0.5554409027099609,0.179077610373497,0.4567901234567901,1.0,0.3161761164665222,0.62639981508255,,cfg02_G2_D32,0.9929953520186245,cuda
evaluation,3653,2204,Warm C,0.5575557947158813,0.17830626666545868,0.5061728395061729,1.0,0.30909472703933716,0.450641930103302,,cfg02_G2_D32,0.9929953520186245,cuda
evaluation,3658,2206,Cold,0.5596612691879272,0.1698232889175415,0.5802469135802469,1.0,0.0,0.0,,cfg02_G2_D32,0.9929953520186245,cuda
evaluation,3658,2206,Warm A,0.5554191470146179,0.1707453727722168,0.5802469135802469,1.0,0.20947827398777008,0.5962374806404114,,cfg02_G2_D32,0.9929953520186245,cuda
evaluation,3658,2206,Warm B,0.5590646266937256,0.1690407246351242,0.5802469135802469,1.0,0.266292929649353,0.43433114886283875,,cfg02_G2_D32,0.9929953520186245,cuda
evaluation,3658,2206,Warm C,0.5616211891174316,0.16987958550453186,0.5555555555555556,1.0,0.26502320170402527,0.591031014919281,,cfg02_G2_D32,0.9929953520186245,cuda
evaluation,3660,2207,Cold,0.5561622977256775,0.1744944006204605,0.5555555555555556,1.0,0.0,0.0,,cfg02_G2_D32,0.9929953520186245,cuda
evaluation,3660,2207,Warm A,0.5520692467689514,0.17623251676559448,0.5308641975308642,1.0,0.20908382534980774,0.601820170879364,,cfg02_G2_D32,0.9929953520186245,cuda
evaluation,3660,2207,Warm B,0.5537674427032471,0.1770433932542801,0.5555555555555556,1.0,0.31547874212265015,0.5885607600212097,,cfg02_G2_D32,0.9929953520186245,cuda
evaluation,3660,2207,Warm C,0.555990993976593,0.17759384214878082,0.5802469135802469,1.0,0.35551226139068604,0.4516194462776184,,cfg02_G2_D32,0.9929953520186245,cuda
evaluation,3661,2208,Cold,0.5572124719619751,0.17310293018817902,0.5802469135802469,1.0,0.0,0.0,,cfg02_G2_D32,0.9929953520186245,cuda
evaluation,3661,2208,Warm A,0.5567169189453125,0.17534947395324707,0.6049382716049383,1.0,0.2226230800151825,0.6169129014015198,,cfg02_G2_D32,0.9929953520186245,cuda
evaluation,3661,2208,Warm B,0.5601966977119446,0.17485500872135162,0.5802469135802469,1.0,0.34465721249580383,0.3529238700866699,,cfg02_G2_D32,0.9929953520186245,cuda
evaluation,3661,2208,Warm C,0.5648981928825378,0.175288587808609,0.5802469135802469,1.0,0.3767436742782593,0.23013900220394135,,cfg02_G2_D32,0.9929953520186245,cuda
evaluation,3662,2209,Cold,0.555400013923645,0.1737515777349472,0.5802469135802469,1.0,0.0,0.0,,cfg02_G2_D32,0.9929953520186245,cuda
evaluation,3662,2209,Warm A,0.562785804271698,0.17318515479564667,0.6049382716049383,1.0,0.22854331135749817,0.3728799521923065,,cfg02_G2_D32,0.9929953520186245,cuda
evaluation,3662,2209,Warm B,0.5680445432662964,0.17405903339385986,0.6296296296296297,1.0,0.42971476912498474,0.31835636496543884,,cfg02_G2_D32,0.9929953520186245,cuda
evaluation,3662,2209,Warm C,0.5632259249687195,0.17341990768909454,0.6049382716049383,1.0,0.2595815360546112,0.3099360466003418,,cfg02_G2_D32,0.9929953520186245,cuda
evaluation,3669,2211,Cold,0.5512705445289612,0.18081605434417725,0.5308641975308642,1.0,0.0,0.0,,cfg02_G2_D32,0.9929953520186245,cuda
evaluation,3669,2211,Warm A,0.5504763722419739,0.18451181054115295,0.5308641975308642,1.0,0.21936863660812378,0.6201692819595337,,cfg02_G2_D32,0.9929953520186245,cuda
evaluation,3669,2211,Warm B,0.5573137998580933,0.18480311334133148,0.5308641975308642,1.0,0.3013335168361664,0.25929656624794006,,cfg02_G2_D32,0.9929953520186245,cuda
evaluation,3669,2211,Warm C,0.5554794669151306,0.18626415729522705,0.5555555555555556,1.0,0.41374659538269043,0.3057969808578491,,cfg02_G2_D32,0.9929953520186245,cuda
evaluation,3672,2213,Cold,0.5540018081665039,0.17148977518081665,0.5308641975308642,1.0,0.0,0.0,,cfg02_G2_D32,0.9929953520186245,cuda
evaluation,3672,2213,Warm A,0.5574509501457214,0.17313873767852783,0.5555555555555556,1.0,0.23280613124370575,0.6344895362854004,,cfg02_G2_D32,0.9929953520186245,cuda
evaluation,3672,2213,Warm B,0.5576673746109009,0.17475461959838867,0.5555555555555556,1.0,0.3601355254650116,0.5911805033683777,,cfg02_G2_D32,0.9929953520186245,cuda
evaluation,3672,2213,Warm C,0.5657621622085571,0.1749182641506195,0.5802469135802469,1.0,0.40386509895324707,0.2546376883983612,,cfg02_G2_D32,0.9929953520186245,cuda
evaluation,3676,2215,Cold,0.5555978417396545,0.1730467528104782,0.5555555555555556,1.0,0.0,0.0,,cfg02_G2_D32,0.9929953520186245,cuda
evaluation,3676,2215,Warm A,0.5588445663452148,0.17497842013835907,0.5555555555555556,1.0,0.19928769767284393,0.6011508703231812,,cfg02_G2_D32,0.9929953520186245,cuda
evaluation,3676,2215,Warm B,0.5583261847496033,0.17526875436306,0.5308641975308642,1.0,0.29826176166534424,0.5815076231956482,,cfg02_G2_D32,0.9929953520186245,cuda
evaluation,3676,2215,Warm C,0.5515950322151184,0.17806361615657806,0.48148148148148145,1.0,0.39128220081329346,0.8037258386611938,,cfg02_G2_D32,0.9929953520186245,cuda
evaluation,3678,2216,Cold,0.5647507905960083,0.18284572660923004,0.5061728395061729,1.0,0.0,0.0,,cfg02_G2_D32,0.9929953520186245,cuda
evaluation,3678,2216,Warm A,0.5661296844482422,0.18307311832904816,0.5308641975308642,1.0,0.18838921189308167,0.5516851544380188,,cfg02_G2_D32,0.9929953520186245,cuda
evaluation,3678,2216,Warm B,0.5691479444503784,0.1823890060186386,0.5061728395061729,1.0,0.25225400924682617,0.4243233799934387,,cfg02_G2_D32,0.9929953520186245,cuda
evaluation,3678,2216,Warm C,0.5645438432693481,0.18383671343326569,0.5308641975308642,1.0,0.293656587600708,0.6674807667732239,,cfg02_G2_D32,0.9929953520186245,cuda
evaluation,3679,2217,Cold,0.5549487471580505,0.1782982051372528,0.5555555555555556,1.0,0.0,0.0,,cfg02_G2_D32,0.9929953520186245,cuda
evaluation,3679,2217,Warm A,0.5496048927307129,0.1796213984489441,0.5061728395061729,1.0,0.22358129918575287,0.5754877328872681,,cfg02_G2_D32,0.9929953520186245,cuda
evaluation,3679,2217,Warm B,0.5516621470451355,0.17736630141735077,0.5061728395061729,1.0,0.1983167827129364,0.2797323763370514,,cfg02_G2_D32,0.9929953520186245,cuda
evaluation,3679,2217,Warm C,0.5556498765945435,0.17716604471206665,0.5061728395061729,1.0,0.24486197531223297,0.3658428490161896,,cfg02_G2_D32,0.9929953520186245,cuda
evaluation,3689,2225,Cold,0.5558288097381592,0.17754119634628296,0.5555555555555556,1.0,0.0,0.0,,cfg02_G2_D32,0.9929953520186245,cuda
evaluation,3689,2225,Warm A,0.5571195483207703,0.17990310490131378,0.5555555555555556,1.0,0.23383228480815887,0.7417828440666199,,cfg02_G2_D32,0.9929953520186245,cuda
evaluation,3689,2225,Warm B,0.5630547404289246,0.1820193976163864,0.5802469135802469,1.0,0.3749687075614929,0.23118744790554047,,cfg02_G2_D32,0.9929953520186245,cuda
evaluation,3689,2225,Warm C,0.568277895450592,0.17890994250774384,0.6049382716049383,1.0,0.36520785093307495,0.17991207540035248,,cfg02_G2_D32,0.9929953520186245,cuda
evaluation,3690,2226,Cold,0.555759072303772,0.17680558562278748,0.5555555555555556,1.0,0.0,0.0,,cfg02_G2_D32,0.9929953520186245,cuda
evaluation,3690,2226,Warm A,0.5569552779197693,0.17924994230270386,0.5555555555555556,1.0,0.23761288821697235,0.6991332769393921,,cfg02_G2_D32,0.9929953520186245,cuda
evaluation,3690,2226,Warm B,0.5633137226104736,0.17939049005508423,0.5802469135802469,1.0,0.3155301511287689,0.35831645131111145,,cfg02_G2_D32,0.9929953520186245,cuda
evaluation,3690,2226,Warm C,0.5724917054176331,0.17887325584888458,0.6049382716049383,1.0,0.39544734358787537,0.1128556951880455,,cfg02_G2_D32,0.9929953520186245,cuda
evaluation,3693,2227,Cold,0.5537049770355225,0.17499838769435883,0.5555555555555556,1.0,0.0,0.0,,cfg02_G2_D32,0.9929953520186245,cuda
evaluation,3693,2227,Warm A,0.5531155467033386,0.17622345685958862,0.5308641975308642,1.0,0.2114940583705902,0.6210623979568481,,cfg02_G2_D32,0.9929953520186245,cuda
evaluation,3693,2227,Warm B,0.5565296411514282,0.1780199408531189,0.5308641975308642,1.0,0.2818375825881958,0.6160473823547363,,cfg02_G2_D32,0.9929953520186245,cuda
evaluation,3693,2227,Warm C,0.5616583824157715,0.18052178621292114,0.5802469135802469,1.0,0.4293268322944641,0.367359459400177,,cfg02_G2_D32,0.9929953520186245,cuda
evaluation,3694,2228,Cold,0.5542801022529602,0.1746150255203247,0.5555555555555556,1.0,0.0,0.0,,cfg02_G2_D32,0.9929953520186245,cuda
evaluation,3694,2228,Warm A,0.5592924356460571,0.1760057508945465,0.5802469135802469,1.0,0.2224346250295639,0.41312289237976074,,cfg02_G2_D32,0.9929953520186245,cuda
evaluation,3694,2228,Warm B,0.5637158155441284,0.17767170071601868,0.6049382716049383,1.0,0.4267283082008362,0.42378589510917664,,cfg02_G2_D32,0.9929953520186245,cuda
evaluation,3694,2228,Warm C,0.5637109279632568,0.18002863228321075,0.6049382716049383,1.0,0.5824965238571167,0.31007012724876404,,cfg02_G2_D32,0.9929953520186245,cuda
evaluation,3696,2229,Cold,0.5541884899139404,0.17347140610218048,0.5555555555555556,1.0,0.0,0.0,,cfg02_G2_D32,0.9929953520186245,cuda
evaluation,3696,2229,Warm A,0.5606910586357117,0.17383843660354614,0.5802469135802469,1.0,0.21894501149654388,0.37227174639701843,,cfg02_G2_D32,0.9929953520186245,cuda
evaluation,3696,2229,Warm B,0.5684847235679626,0.17285355925559998,0.6049382716049383,1.0,0.38181814551353455,0.23612146079540253,,cfg02_G2_D32,0.9929953520186245,cuda
evaluation,3696,2229,Warm C,0.559588611125946,0.1734820157289505,0.5802469135802469,1.0,0.258706271648407,0.791826069355011,,cfg02_G2_D32,0.9929953520186245,cuda
evaluation,3709,2242,Cold,0.5524489879608154,0.1728779673576355,0.5308641975308642,1.0,0.0,0.0,,cfg02_G2_D32,0.9929953520186245,cuda
evaluation,3709,2242,Warm A,0.5574783682823181,0.1742563247680664,0.5802469135802469,1.0,0.22809572517871857,0.3490009009838104,,cfg02_G2_D32,0.9929953520186245,cuda
evaluation,3709,2242,Warm B,0.5640829205513,0.17456625401973724,0.5802469135802469,1.0,0.4317445755004883,0.2753809094429016,,cfg02_G2_D32,0.9929953520186245,cuda
evaluation,3709,2242,Warm C,0.5579448938369751,0.17301160097122192,0.5802469135802469,1.0,0.2484024465084076,0.34698686003685,,cfg02_G2_D32,0.9929953520186245,cuda
evaluation,3710,2243,Cold,0.5558552145957947,0.17551517486572266,0.5555555555555556,1.0,0.0,0.0,,cfg02_G2_D32,0.9929953520186245,cuda
evaluation,3710,2243,Warm A,0.5608904957771301,0.1765231192111969,0.5802469135802469,1.0,0.2211409956216812,0.3684966564178467,,cfg02_G2_D32,0.9929953520186245,cuda
evaluation,3710,2243,Warm B,0.5683642029762268,0.17736142873764038,0.6049382716049383,1.0,0.4153018593788147,0.1663334220647812,,cfg02_G2_D32,0.9929953520186245,cuda
evaluation,3710,2243,Warm C,0.574347198009491,0.1766389012336731,0.6049382716049383,1.0,0.5456271171569824,0.12484557926654816,,cfg02_G2_D32,0.9929953520186245,cuda
evaluation,3713,2245,Cold,0.5559837222099304,0.17773333191871643,0.5555555555555556,1.0,0.0,0.0,,cfg02_G2_D32,0.9929953520186245,cuda
evaluation,3713,2245,Warm A,0.5545740723609924,0.17656058073043823,0.5555555555555556,1.0,0.21737544238567352,0.6161312460899353,,cfg02_G2_D32,0.9929953520186245,cuda
evaluation,3713,2245,Warm B,0.5552644729614258,0.17832493782043457,0.5555555555555556,1.0,0.23978352546691895,0.6022006273269653,,cfg02_G2_D32,0.9929953520186245,cuda
evaluation,3713,2245,Warm C,0.5590085387229919,0.17753706872463226,0.6049382716049383,1.0,0.3049084544181824,0.5449370741844177,,cfg02_G2_D32,0.9929953520186245,cuda
evaluation,3714,2246,Cold,0.5567711591720581,0.17774364352226257,0.5802469135802469,1.0,0.0,0.0,,cfg02_G2_D32,0.9929953520186245,cuda
evaluation,3714,2246,Warm A,0.5612368583679199,0.17812158167362213,0.5802469135802469,1.0,0.2005285918712616,0.5654381513595581,,cfg02_G2_D32,0.9929953520186245,cuda
evaluation,3714,2246,Warm B,0.5647232532501221,0.18054917454719543,0.5555555555555556,1.0,0.3114039897918701,0.49656352400779724,,cfg02_G2_D32,0.9929953520186245,cuda
evaluation,3714,2246,Warm C,0.5584954023361206,0.17988239228725433,0.5555555555555556,1.0,0.2905079424381256,0.6214290857315063,,cfg02_G2_D32,0.9929953520186245,cuda
evaluation,3715,2247,Cold,0.5520172715187073,0.17852455377578735,0.5555555555555556,1.0,0.0,0.0,,cfg02_G2_D32,0.9929953520186245,cuda
evaluation,3715,2247,Warm A,0.552358090877533,0.18144407868385315,0.5555555555555556,1.0,0.22013069689273834,0.5985437631607056,,cfg02_G2_D32,0.9929953520186245,cuda
evaluation,3715,2247,Warm B,0.5580039024353027,0.1830867975950241,0.5308641975308642,1.0,0.3479497730731964,0.2937503755092621,,cfg02_G2_D32,0.9929953520186245,cuda
evaluation,3715,2247,Warm C,0.5538536310195923,0.1824638694524765,0.5308641975308642,1.0,0.36433717608451843,0.5355075597763062,,cfg02_G2_D32,0.9929953520186245,cuda
evaluation,3716,2248,Cold,0.5547077655792236,0.17182156443595886,0.5555555555555556,1.0,0.0,0.0,,cfg02_G2_D32,0.9929953520186245,cuda
evaluation,3716,2248,Warm A,0.5572658777236938,0.17354315519332886,0.5802469135802469,1.0,0.2201589047908783,0.5750705599784851,,cfg02_G2_D32,0.9929953520186245,cuda
evaluation,3716,2248,Warm B,0.5612015724182129,0.17588354647159576,0.5308641975308642,1.0,0.41801387071609497,0.355881929397583,,cfg02_G2_D32,0.9929953520186245,cuda
evaluation,3716,2248,Warm C,0.568527102470398,0.17594078183174133,0.5802469135802469,1.0,0.41668474674224854,0.1919156163930893,,cfg02_G2_D32,0.9929953520186245,cuda
evaluation,3718,2250,Cold,0.5498149394989014,0.1830853819847107,0.5308641975308642,1.0,0.0,0.0,,cfg02_G2_D32,0.9929953520186245,cuda
evaluation,3718,2250,Warm A,0.5453566312789917,0.18703822791576385,0.5308641975308642,1.0,0.2157125622034073,0.6735444664955139,,cfg02_G2_D32,0.9929953520186245,cuda
evaluation,3718,2250,Warm B,0.5427893996238708,0.18609172105789185,0.5061728395061729,1.0,0.28752732276916504,0.6052029132843018,,cfg02_G2_D32,0.9929953520186245,cuda
evaluation,3718,2250,Warm C,0.5398734211921692,0.18866518139839172,0.5061728395061729,1.0,0.4654185175895691,0.7035501599311829,,cfg02_G2_D32,0.9929953520186245,cuda
evaluation,3720,2251,Cold,0.55345219373703,0.18158812820911407,0.5802469135802469,1.0,0.0,0.0,,cfg02_G2_D32,0.9929953520186245,cuda
evaluation,3720,2251,Warm A,0.5605290532112122,0.17805685102939606,0.5802469135802469,1.0,0.2465623915195465,0.45320209860801697,,cfg02_G2_D32,0.9929953520186245,cuda
evaluation,3720,2251,Warm B,0.5563268065452576,0.18101447820663452,0.5802469135802469,1.0,0.09476401656866074,0.6756778955459595,,cfg02_G2_D32,0.9929953520186245,cuda
evaluation,3720,2251,Warm C,0.5503754615783691,0.1808544099330902,0.5555555555555556,1.0,0.2071373015642166,0.5159713625907898,,cfg02_G2_D32,0.9929953520186245,cuda
evaluation,3724,2253,Cold,0.5582749843597412,0.17588014900684357,0.5555555555555556,1.0,0.0,0.0,,cfg02_G2_D32,0.9929953520186245,cuda
evaluation,3724,2253,Warm A,0.559710681438446,0.17598406970500946,0.5308641975308642,1.0,0.20643052458763123,0.5115335583686829,,cfg02_G2_D32,0.9929953520186245,cuda
evaluation,3724,2253,Warm B,0.5631064176559448,0.1762419044971466,0.5555555555555556,1.0,0.28436675667762756,0.5080533623695374,,cfg02_G2_D32,0.9929953520186245,cuda
evaluation,3724,2253,Warm C,0.5583658218383789,0.17583473026752472,0.5308641975308642,1.0,0.312252402305603,0.6225235462188721,,cfg02_G2_D32,0.9929953520186245,cuda
evaluation,3725,2254,Cold,0.5547724366188049,0.17564590275287628,0.5555555555555556,1.0,0.0,0.0,,cfg02_G2_D32,0.9929953520186245,cuda
evaluation,3725,2254,Warm A,0.5552622675895691,0.1778077781200409,0.5555555555555556,1.0,0.2313692420721054,0.7541913390159607,,cfg02_G2_D32,0.9929953520186245,cuda
evaluation,3725,2254,Warm B,0.5559531450271606,0.17836764454841614,0.5308641975308642,1.0,0.2634753882884979,0.5196364521980286,,cfg02_G2_D32,0.9929953520186245,cuda
evaluation,3725,2254,Warm C,0.5529952645301819,0.17895808815956116,0.5061728395061729,1.0,0.30790990591049194,0.608314037322998,,cfg02_G2_D32,0.9929953520186245,cuda
evaluation,3726,2255,Cold,0.5578112006187439,0.17331671714782715,0.5555555555555556,1.0,0.0,0.0,,cfg02_G2_D32,0.9929953520186245,cuda
evaluation,3726,2255,Warm A,0.5598779320716858,0.1728505790233612,0.5555555555555556,1.0,0.2178686112165451,0.4943677484989166,,cfg02_G2_D32,0.9929953520186245,cuda
evaluation,3726,2255,Warm B,0.556475043296814,0.17299166321754456,0.5061728395061729,1.0,0.2705179750919342,0.5724735260009766,,cfg02_G2_D32,0.9929953520186245,cuda
evaluation,3726,2255,Warm C,0.5563121438026428,0.17489193379878998,0.5061728395061729,1.0,0.30758026242256165,0.47016993165016174,,cfg02_G2_D32,0.9929953520186245,cuda
evaluation,3727,2256,Cold,0.5520155429840088,0.1743396371603012,0.5308641975308642,1.0,0.0,0.0,,cfg02_G2_D32,0.9929953520186245,cuda
evaluation,3727,2256,Warm A,0.5480164289474487,0.17559093236923218,0.48148148148148145,1.0,0.20429939031600952,0.5269326567649841,,cfg02_G2_D32,0.9929953520186245,cuda
evaluation,3727,2256,Warm B,0.549838662147522,0.17451010644435883,0.4567901234567901,1.0,0.2977459728717804,0.5395745635032654,,cfg02_G2_D32,0.9929953520186245,cuda
evaluation,3727,2256,Warm C,0.5522260069847107,0.1725478619337082,0.48148148148148145,1.0,0.4303543269634247,0.5311145782470703,,cfg02_G2_D32,0.9929953520186245,cuda
evaluation,3728,2257,Cold,0.55259770154953,0.17767661809921265,0.5555555555555556,1.0,0.0,0.0,,cfg02_G2_D32,0.9929953520186245,cuda
evaluation,3728,2257,Warm A,0.54909747838974,0.17740146815776825,0.5061728395061729,1.0,0.21501293778419495,0.4551929533481598,,cfg02_G2_D32,0.9929953520186245,cuda
evaluation,3728,2257,Warm B,0.5448315739631653,0.17884127795696259,0.48148148148148145,1.0,0.28480619192123413,0.5268157124519348,,cfg02_G2_D32,0.9929953520186245,cuda
evaluation,3728,2257,Warm C,0.5476433634757996,0.1775950789451599,0.5061728395061729,1.0,0.3382105529308319,0.46881601214408875,,cfg02_G2_D32,0.9929953520186245,cuda
evaluation,3732,2260,Cold,0.5558856129646301,0.16937731206417084,0.5555555555555556,1.0,0.0,0.0,,cfg02_G2_D32,0.9929953520186245,cuda
evaluation,3732,2260,Warm A,0.5554466843605042,0.17117442190647125,0.5802469135802469,1.0,0.2064046859741211,0.5460938811302185,,cfg02_G2_D32,0.9929953520186245,cuda
evaluation,3732,2260,Warm B,0.5534672737121582,0.17286808788776398,0.5555555555555556,1.0,0.3769385516643524,0.5736207365989685,,cfg02_G2_D32,0.9929953520186245,cuda
evaluation,3732,2260,Warm C,0.5557085871696472,0.17121921479701996,0.5802469135802469,1.0,0.2606499493122101,0.42387762665748596,,cfg02_G2_D32,0.9929953520186245,cuda
evaluation,3738,2263,Cold,0.5587677359580994,0.17764154076576233,0.5802469135802469,1.0,0.0,0.0,,cfg02_G2_D32,0.9929953520186245,cuda
evaluation,3738,2263,Warm A,0.5567592978477478,0.18007516860961914,0.5802469135802469,1.0,0.228683739900589,0.6485380530357361,,cfg02_G2_D32,0.9929953520186245,cuda
evaluation,3738,2263,Warm B,0.5568690299987793,0.18169645965099335,0.5555555555555556,1.0,0.31366434693336487,0.560429036617279,,cfg02_G2_D32,0.9929953520186245,cuda
evaluation,3738,2263,Warm C,0.5590620040893555,0.182825967669487,0.5802469135802469,1.0,0.38737237453460693,0.577934205532074,,cfg02_G2_D32,0.9929953520186245,cuda
evaluation,3743,2267,Cold,0.5505678057670593,0.1782250553369522,0.5308641975308642,1.0,0.0,0.0,,cfg02_G2_D32,0.9929953520186245,cuda
evaluation,3743,2267,Warm A,0.5527594089508057,0.18073731660842896,0.5555555555555556,1.0,0.18498441576957703,0.3754221498966217,,cfg02_G2_D32,0.9929953520186245,cuda
evaluation,3743,2267,Warm B,0.5556132197380066,0.1820070594549179,0.5555555555555556,1.0,0.22776482999324799,0.45279866456985474,,cfg02_G2_D32,0.9929953520186245,cuda
evaluation,3743,2267,Warm C,0.5591618418693542,0.18489354848861694,0.5555555555555556,1.0,0.3682442307472229,0.4050544798374176,,cfg02_G2_D32,0.9929953520186245,cuda
evaluation,3746,2270,Cold,0.5512186288833618,0.18012897670269012,0.5308641975308642,1.0,0.0,0.0,,cfg02_G2_D32,0.9929953520186245,cuda
evaluation,3746,2270,Warm A,0.5469632148742676,0.18186300992965698,0.5308641975308642,1.0,0.2170742154121399,0.5949583053588867,,cfg02_G2_D32,0.9929953520186245,cuda
evaluation,3746,2270,Warm B,0.553939700126648,0.17843851447105408,0.5555555555555556,1.0,0.18358448147773743,0.29900965094566345,,cfg02_G2_D32,0.9929953520186245,cuda
evaluation,3746,2270,Warm C,0.556503415107727,0.17895591259002686,0.5802469135802469,1.0,0.22154703736305237,0.47028064727783203,,cfg02_G2_D32,0.9929953520186245,cuda
evaluation,3747,2271,Cold,0.5543074607849121,0.18020091950893402,0.5802469135802469,1.0,0.0,0.0,,cfg02_G2_D32,0.9929953520186245,cuda
evaluation,3747,2271,Warm A,0.5460336208343506,0.18133795261383057,0.5061728395061729,1.0,0.2275177389383316,0.7507588267326355,,cfg02_G2_D32,0.9929953520186245,cuda
evaluation,3747,2271,Warm B,0.5413721799850464,0.1846451312303543,0.48148148148148145,1.0,0.34727415442466736,0.5486258268356323,,cfg02_G2_D32,0.9929953520186245,cuda
evaluation,3747,2271,Warm C,0.5353729128837585,0.18735365569591522,0.48148148148148145,1.0,0.5485256314277649,0.7451602220535278,,cfg02_G2_D32,0.9929953520186245,cuda
evaluation,3758,2277,Cold,0.5542098879814148,0.17684635519981384,0.5555555555555556,1.0,0.0,0.0,,cfg02_G2_D32,0.9929953520186245,cuda
evaluation,3758,2277,Warm A,0.5523637533187866,0.17959538102149963,0.5308641975308642,1.0,0.24417296051979065,0.7227293848991394,,cfg02_G2_D32,0.9929953520186245,cuda
evaluation,3758,2277,Warm B,0.5529382824897766,0.18304163217544556,0.5555555555555556,1.0,0.43306228518486023,0.5490095615386963,,cfg02_G2_D32,0.9929953520186245,cuda
evaluation,3758,2277,Warm C,0.5533525943756104,0.17898835241794586,0.5061728395061729,1.0,0.27507248520851135,0.35224348306655884,,cfg02_G2_D32,0.9929953520186245,cuda
evaluation,3766,2281,Cold,0.5586031675338745,0.17354539036750793,0.5802469135802469,1.0,0.0,0.0,,cfg02_G2_D32,0.9929953520186245,cuda
evaluation,3766,2281,Warm A,0.5647116899490356,0.17317931354045868,0.6049382716049383,1.0,0.21987804770469666,0.3808494508266449,,cfg02_G2_D32,0.9929953520186245,cuda
evaluation,3766,2281,Warm B,0.5624153017997742,0.1735139638185501,0.5802469135802469,1.0,0.23532484471797943,0.35936182737350464,,cfg02_G2_D32,0.9929953520186245,cuda
evaluation,3766,2281,Warm C,0.5681923031806946,0.17584916949272156,0.6296296296296297,1.0,0.36465662717819214,0.25239047408103943,,cfg02_G2_D32,0.9929953520186245,cuda
evaluation,3767,2282,Cold,0.5586546659469604,0.17508858442306519,0.5802469135802469,1.0,0.0,0.0,,cfg02_G2_D32,0.9929953520186245,cuda
evaluation,3767,2282,Warm A,0.5603519678115845,0.1778736114501953,0.5802469135802469,1.0,0.22567659616470337,0.42009297013282776,,cfg02_G2_D32,0.9929953520186245,cuda
evaluation,3767,2282,Warm B,0.5672652721405029,0.1771911084651947,0.5802469135802469,1.0,0.2759180963039398,0.3061453104019165,,cfg02_G2_D32,0.9929953520186245,cuda
evaluation,3767,2282,Warm C,0.5710806846618652,0.1754808872938156,0.6296296296296297,1.0,0.39553022384643555,0.2746085226535797,,cfg02_G2_D32,0.9929953520186245,cuda
evaluation,3768,2283,Cold,0.5578768253326416,0.17521938681602478,0.5555555555555556,1.0,0.0,0.0,,cfg02_G2_D32,0.9929953520186245,cuda
evaluation,3768,2283,Warm A,0.5593266487121582,0.17812027037143707,0.5555555555555556,1.0,0.23006457090377808,0.5048448443412781,,cfg02_G2_D32,0.9929953520186245,cuda
evaluation,3768,2283,Warm B,0.5626587867736816,0.18046210706233978,0.5802469135802469,1.0,0.4062013328075409,0.2870635688304901,,cfg02_G2_D32,0.9929953520186245,cuda
evaluation,3768,2283,Warm C,0.566482424736023,0.17699261009693146,0.6049382716049383,1.0,0.36410561203956604,0.215382918715477,,cfg02_G2_D32,0.9929953520186245,cuda
evaluation,3769,2284,Cold,0.5573495626449585,0.1719413697719574,0.5555555555555556,1.0,0.0,0.0,,cfg02_G2_D32,0.9929953520186245,cuda
evaluation,3769,2284,Warm A,0.5525987148284912,0.1728096604347229,0.5061728395061729,1.0,0.20462320744991302,0.6239777207374573,,cfg02_G2_D32,0.9929953520186245,cuda
evaluation,3769,2284,Warm B,0.5519948601722717,0.17425067722797394,0.5555555555555556,1.0,0.3206608295440674,0.6313010454177856,,cfg02_G2_D32,0.9929953520186245,cuda
evaluation,3769,2284,Warm C,0.5518043637275696,0.17374776303768158,0.5555555555555556,1.0,0.326699435710907,0.5644612908363342,,cfg02_G2_D32,0.9929953520186245,cuda
evaluation,3771,2286,Cold,0.5579741597175598,0.1712244302034378,0.5555555555555556,1.0,0.0,0.0,,cfg02_G2_D32,0.9929953520186245,cuda
evaluation,3771,2286,Warm A,0.5597601532936096,0.17299754917621613,0.5802469135802469,1.0,0.21006816625595093,0.5480589270591736,,cfg02_G2_D32,0.9929953520186245,cuda
evaluation,3771,2286,Warm B,0.5528821349143982,0.17368271946907043,0.5555555555555556,1.0,0.30125871300697327,0.6647661328315735,,cfg02_G2_D32,0.9929953520186245,cuda
evaluation,3771,2286,Warm C,0.5530396699905396,0.17537376284599304,0.5555555555555556,1.0,0.3595860004425049,0.5555442571640015,,cfg02_G2_D32,0.9929953520186245,cuda
evaluation,3773,2287,Cold,0.5519554018974304,0.17810586094856262,0.5308641975308642,1.0,0.0,0.0,,cfg02_G2_D32,0.9929953520186245,cuda
evaluation,3773,2287,Warm A,0.5517940521240234,0.1813545823097229,0.5308641975308642,1.0,0.2246377319097519,0.5986127257347107,,cfg02_G2_D32,0.9929953520186245,cuda
evaluation,3773,2287,Warm B,0.5548129677772522,0.18528886139392853,0.5308641975308642,1.0,0.42347976565361023,0.3955821692943573,,cfg02_G2_D32,0.9929953520186245,cuda
evaluation,3773,2287,Warm C,0.56022047996521,0.18724608421325684,0.5802469135802469,1.0,0.5300441980361938,0.2281976044178009,,cfg02_G2_D32,0.9929953520186245,cuda
evaluation,3774,2288,Cold,0.5533314347267151,0.17856773734092712,0.5555555555555556,1.0,0.0,0.0,,cfg02_G2_D32,0.9929953520186245,cuda
evaluation,3774,2288,Warm A,0.5550850629806519,0.1811726838350296,0.5555555555555556,1.0,0.22459036111831665,0.4310653805732727,,cfg02_G2_D32,0.9929953520186245,cuda
evaluation,3774,2288,Warm B,0.5599575042724609,0.1837282031774521,0.5802469135802469,1.0,0.41060784459114075,0.2612217962741852,,cfg02_G2_D32,0.9929953520186245,cuda
evaluation,3774,2288,Warm C,0.5680793523788452,0.18124841153621674,0.6049382716049383,1.0,0.4029525816440582,0.1563742607831955,,cfg02_G2_D32,0.9929953520186245,cuda
evaluation,3784,2290,Cold,0.5516507029533386,0.1809677630662918,0.5308641975308642,1.0,0.0,0.0,,cfg02_G2_D32,0.9929953520186245,cuda
evaluation,3784,2290,Warm A,0.5576484799385071,0.18087320029735565,0.5555555555555556,1.0,0.20527353882789612,0.48321637511253357,,cfg02_G2_D32,0.9929953520186245,cuda
evaluation,3784,2290,Warm B,0.5522127747535706,0.18233302235603333,0.5555555555555556,1.0,0.26727497577667236,0.6722031235694885,,cfg02_G2_D32,0.9929953520186245,cuda
evaluation,3784,2290,Warm C,0.548017144203186,0.1817139834165573,0.5308641975308642,1.0,0.24199989438056946,0.6517605781555176,,cfg02_G2_D32,0.9929953520186245,cuda
evaluation,3786,2292,Cold,0.5490267872810364,0.18172739446163177,0.5308641975308642,1.0,0.0,0.0,,cfg02_G2_D32,0.9929953520186245,cuda
evaluation,3786,2292,Warm A,0.5425333380699158,0.18401090800762177,0.48148148148148145,1.0,0.2121049016714096,0.6762118935585022,,cfg02_G2_D32,0.9929953520186245,cuda
evaluation,3786,2292,Warm B,0.5439737439155579,0.1836521327495575,0.5061728395061729,1.0,0.32522544264793396,0.7007500529289246,,cfg02_G2_D32,0.9929953520186245,cuda
evaluation,3786,2292,Warm C,0.5430392026901245,0.1867256462574005,0.5061728395061729,1.0,0.47002437710762024,0.577921986579895,,cfg02_G2_D32,0.9929953520186245,cuda
evaluation,3787,2293,Cold,0.5495867729187012,0.1831018328666687,0.5308641975308642,1.0,0.0,0.0,,cfg02_G2_D32,0.9929953520186245,cuda
evaluation,3787,2293,Warm A,0.5445858240127563,0.18385016918182373,0.5061728395061729,1.0,0.22365283966064453,0.6283429265022278,,cfg02_G2_D32,0.9929953520186245,cuda
evaluation,3787,2293,Warm B,0.5421674847602844,0.18456876277923584,0.48148148148148145,1.0,0.3509182333946228,0.6388875246047974,,cfg02_G2_D32,0.9929953520186245,cuda
evaluation,3787,2293,Warm C,0.5470758676528931,0.18088215589523315,0.5061728395061729,1.0,0.2511037588119507,0.28988659381866455,,cfg02_G2_D32,0.9929953520186245,cuda
evaluation,3789,2295,Cold,0.562219500541687,0.1799023300409317,0.5308641975308642,1.0,0.0,0.0,,cfg02_G2_D32,0.9929953520186245,cuda
evaluation,3789,2295,Warm A,0.5644060969352722,0.17822077870368958,0.5555555555555556,1.0,0.23854410648345947,0.33141613006591797,,cfg02_G2_D32,0.9929953520186245,cuda
evaluation,3789,2295,Warm B,0.5651340484619141,0.17781895399093628,0.5555555555555556,1.0,0.4400063455104828,0.18275681138038635,,cfg02_G2_D32,0.9929953520186245,cuda
evaluation,3789,2295,Warm C,0.5644171237945557,0.17691722512245178,0.5555555555555556,1.0,0.36537447571754456,0.2941446006298065,,cfg02_G2_D32,0.9929953520186245,cuda
evaluation,3792,2297,Cold,0.5634863376617432,0.17868182063102722,0.5061728395061729,1.0,0.0,0.0,,cfg02_G2_D32,0.9929953520186245,cuda
evaluation,3792,2297,Warm A,0.5623361468315125,0.17968472838401794,0.5061728395061729,1.0,0.21734005212783813,0.634127140045166,,cfg02_G2_D32,0.9929953520186245,cuda
evaluation,3792,2297,Warm B,0.5671148300170898,0.18040135502815247,0.5308641975308642,1.0,0.28966543078422546,0.5208299160003662,,cfg02_G2_D32,0.9929953520186245,cuda
evaluation,3792,2297,Warm C,0.5673307776451111,0.18127590417861938,0.5308641975308642,1.0,0.4573533535003662,0.6399329304695129,,cfg02_G2_D32,0.9929953520186245,cuda
evaluation,3794,2299,Cold,0.5510416626930237,0.18199984729290009,0.5308641975308642,1.0,0.0,0.0,,cfg02_G2_D32,0.9929953520186245,cuda
evaluation,3794,2299,Warm A,0.5455479621887207,0.18564657866954803,0.5308641975308642,1.0,0.221737340092659,0.6513619422912598,,cfg02_G2_D32,0.9929953520186245,cuda
evaluation,3794,2299,Warm B,0.5399832725524902,0.18744727969169617,0.5061728395061729,1.0,0.3899214267730713,0.722723662853241,,cfg02_G2_D32,0.9929953520186245,cuda
evaluation,3794,2299,Warm C,0.540887713432312,0.1851969063282013,0.5308641975308642,1.0,0.37622326612472534,0.6212731599807739,,cfg02_G2_D32,0.9929953520186245,cuda
evaluation,3795,2300,Cold,0.5532189011573792,0.18081656098365784,0.5802469135802469,1.0,0.0,0.0,,cfg02_G2_D32,0.9929953520186245,cuda
evaluation,3795,2300,Warm A,0.5519371628761292,0.18411016464233398,0.5308641975308642,1.0,0.202933207154274,0.589699387550354,,cfg02_G2_D32,0.9929953520186245,cuda
evaluation,3795,2300,Warm B,0.5506334900856018,0.1850098967552185,0.5555555555555556,1.0,0.25059983134269714,0.6479083299636841,,cfg02_G2_D32,0.9929953520186245,cuda
evaluation,3795,2300,Warm C,0.5455354452133179,0.18802738189697266,0.5061728395061729,1.0,0.4200669825077057,0.7485316395759583,,cfg02_G2_D32,0.9929953520186245,cuda
evaluation,3799,2302,Cold,0.549875020980835,0.17965324223041534,0.5308641975308642,1.0,0.0,0.0,,cfg02_G2_D32,0.9929953520186245,cuda
evaluation,3799,2302,Warm A,0.5495498776435852,0.1832031011581421,0.5308641975308642,1.0,0.20185092091560364,0.4807722270488739,,cfg02_G2_D32,0.9929953520186245,cuda
evaluation,3799,2302,Warm B,0.558811604976654,0.18185314536094666,0.5802469135802469,1.0,0.22963112592697144,0.14418204128742218,,cfg02_G2_D32,0.9929953520186245,cuda
evaluation,3799,2302,Warm C,0.5498088598251343,0.1827220916748047,0.5308641975308642,1.0,0.2841204106807709,0.4048636555671692,,cfg02_G2_D32,0.9929953520186245,cuda
evaluation,3801,2303,Cold,0.5624314546585083,0.17972317337989807,0.5308641975308642,1.0,0.0,0.0,,cfg02_G2_D32,0.9929953520186245,cuda
evaluation,3801,2303,Warm A,0.5600318312644958,0.18007060885429382,0.5061728395061729,1.0,0.2193256914615631,0.4735768437385559,,cfg02_G2_D32,0.9929953520186245,cuda
evaluation,3801,2303,Warm B,0.5592396259307861,0.1794832944869995,0.5061728395061729,1.0,0.341945618391037,0.3032020032405853,,cfg02_G2_D32,0.9929953520186245,cuda
evaluation,3801,2303,Warm C,0.5628658533096313,0.17839474976062775,0.5308641975308642,1.0,0.4110199809074402,0.2413972169160843,,cfg02_G2_D32,0.9929953520186245,cuda
evaluation,3807,2305,Cold,0.5572522282600403,0.1720193326473236,0.5555555555555556,1.0,0.0,0.0,,cfg02_G2_D32,0.9929953520186245,cuda
evaluation,3807,2305,Warm A,0.5547122955322266,0.17546023428440094,0.5308641975308642,1.0,0.2029554843902588,0.5405463576316833,,cfg02_G2_D32,0.9929953520186245,cuda
evaluation,3807,2305,Warm B,0.5533620715141296,0.1750687211751938,0.48148148148148145,1.0,0.2759067118167877,0.5459023714065552,,cfg02_G2_D32,0.9929953520186245,cuda
evaluation,3807,2305,Warm C,0.5545644760131836,0.17564348876476288,0.5061728395061729,1.0,0.25070756673812866,0.5856083035469055,,cfg02_G2_D32,0.9929953520186245,cuda
evaluation,3810,2307,Cold,0.554858922958374,0.17796000838279724,0.5555555555555556,1.0,0.0,0.0,,cfg02_G2_D32,0.9929953520186245,cuda
evaluation,3810,2307,Warm A,0.5597507953643799,0.1782696545124054,0.5555555555555556,1.0,0.21609759330749512,0.5347434878349304,,cfg02_G2_D32,0.9929953520186245,cuda
evaluation,3810,2307,Warm B,0.5590038299560547,0.18030421435832977,0.5802469135802469,1.0,0.3520452678203583,0.6743736267089844,,cfg02_G2_D32,0.9929953520186245,cuda
evaluation,3810,2307,Warm C,0.555749773979187,0.17947442829608917,0.5308641975308642,1.0,0.3680989444255829,0.6232939958572388,,cfg02_G2_D32,0.9929953520186245,cuda
evaluation,3813,2310,Cold,0.5583552718162537,0.17743340134620667,0.5555555555555556,1.0,0.0,0.0,,cfg02_G2_D32,0.9929953520186245,cuda
evaluation,3813,2310,Warm A,0.5564300417900085,0.18015773594379425,0.5555555555555556,1.0,0.2361876368522644,0.6967903971672058,,cfg02_G2_D32,0.9929953520186245,cuda
evaluation,3813,2310,Warm B,0.5558652281761169,0.18385499715805054,0.5308641975308642,1.0,0.42950543761253357,0.6082963943481445,,cfg02_G2_D32,0.9929953520186245,cuda
evaluation,3813,2310,Warm C,0.5564466118812561,0.18093639612197876,0.5555555555555556,1.0,0.24324823915958405,0.5315395593643188,,cfg02_G2_D32,0.9929953520186245,cuda
evaluation,3822,2314,Cold,0.5523957014083862,0.17972852289676666,0.5802469135802469,1.0,0.0,0.0,,cfg02_G2_D32,0.9929953520186245,cuda
evaluation,3822,2314,Warm A,0.5453113317489624,0.18150760233402252,0.5061728395061729,1.0,0.22316844761371613,0.677116870880127,,cfg02_G2_D32,0.9929953520186245,cuda
evaluation,3822,2314,Warm B,0.5488553047180176,0.179232656955719,0.5061728395061729,1.0,0.18920955061912537,0.44569069147109985,,cfg02_G2_D32,0.9929953520186245,cuda
evaluation,3822,2314,Warm C,0.5444306135177612,0.1827576905488968,0.5061728395061729,1.0,0.2389305680990219,0.6701909899711609,,cfg02_G2_D32,0.9929953520186245,cuda
evaluation,3823,2315,Cold,0.5545325875282288,0.18017713725566864,0.5802469135802469,1.0,0.0,0.0,,cfg02_G2_D32,0.9929953520186245,cuda
evaluation,3823,2315,Warm A,0.5580875873565674,0.17800524830818176,0.5555555555555556,1.0,0.23820067942142487,0.4554131031036377,,cfg02_G2_D32,0.9929953520186245,cuda
evaluation,3823,2315,Warm B,0.5540640354156494,0.18119104206562042,0.5555555555555556,1.0,0.20293810963630676,0.5983882546424866,,cfg02_G2_D32,0.9929953520186245,cuda
evaluation,3823,2315,Warm C,0.5562262535095215,0.18028147518634796,0.5555555555555556,1.0,0.27373647689819336,0.5200050473213196,,cfg02_G2_D32,0.9929953520186245,cuda
evaluation,3824,2316,Cold,0.5525640845298767,0.17861241102218628,0.5555555555555556,1.0,0.0,0.0,,cfg02_G2_D32,0.9929953520186245,cuda
evaluation,3824,2316,Warm A,0.554000735282898,0.18111242353916168,0.5555555555555556,1.0,0.19343243539333344,0.5034311413764954,,cfg02_G2_D32,0.9929953520186245,cuda
evaluation,3824,2316,Warm B,0.5568341612815857,0.18409767746925354,0.5555555555555556,1.0,0.33852991461753845,0.4821615219116211,,cfg02_G2_D32,0.9929953520186245,cuda
evaluation,3824,2316,Warm C,0.5593940019607544,0.1861407458782196,0.5555555555555556,1.0,0.4548746943473816,0.3624475598335266,,cfg02_G2_D32,0.9929953520186245,cuda
evaluation,3831,2320,Cold,0.5483859777450562,0.182753786444664,0.5308641975308642,1.0,0.0,0.0,,cfg02_G2_D32,0.9929953520186245,cuda
evaluation,3831,2320,Warm A,0.553207278251648,0.18129205703735352,0.5308641975308642,1.0,0.23341496288776398,0.4507180154323578,,cfg02_G2_D32,0.9929953520186245,cuda
evaluation,3831,2320,Warm B,0.555508017539978,0.1775292009115219,0.5308641975308642,1.0,0.41239190101623535,0.23121224343776703,,cfg02_G2_D32,0.9929953520186245,cuda
evaluation,3831,2320,Warm C,0.5533900260925293,0.17944180965423584,0.5308641975308642,1.0,0.3330879211425781,0.5656363368034363,,cfg02_G2_D32,0.9929953520186245,cuda
evaluation,3834,2321,Cold,0.5577663779258728,0.17514845728874207,0.5555555555555556,1.0,0.0,0.0,,cfg02_G2_D32,0.9929953520186245,cuda
evaluation,3834,2321,Warm A,0.5595287680625916,0.1765228509902954,0.5555555555555556,1.0,0.20391051471233368,0.5368442535400391,,cfg02_G2_D32,0.9929953520186245,cuda
evaluation,3834,2321,Warm B,0.5601167678833008,0.18018858134746552,0.5308641975308642,1.0,0.38771897554397583,0.5581527352333069,,cfg02_G2_D32,0.9929953520186245,cuda
evaluation,3834,2321,Warm C,0.5608072280883789,0.18218737840652466,0.5308641975308642,1.0,0.4588269889354706,0.48520803451538086,,cfg02_G2_D32,0.9929953520186245,cuda
evaluation,3835,2322,Cold,0.552834689617157,0.1779814511537552,0.5555555555555556,1.0,0.0,0.0,,cfg02_G2_D32,0.9929953520186245,cuda
evaluation,3835,2322,Warm A,0.5573869347572327,0.17877860367298126,0.5555555555555556,1.0,0.19945669174194336,0.3532284200191498,,cfg02_G2_D32,0.9929953520186245,cuda
evaluation,3835,2322,Warm B,0.5611858367919922,0.1751619577407837,0.5802469135802469,1.0,0.29048076272010803,0.4191841185092926,,cfg02_G2_D32,0.9929953520186245,cuda
evaluation,3835,2322,Warm C,0.5684145092964172,0.17275448143482208,0.6049382716049383,1.0,0.4909416735172272,0.38314399123191833,,cfg02_G2_D32,0.9929953520186245,cuda
evaluation,3837,2324,Cold,0.5561720132827759,0.16928942501544952,0.5555555555555556,1.0,0.0,0.0,,cfg02_G2_D32,0.9929953520186245,cuda
evaluation,3837,2324,Warm A,0.5635588765144348,0.1679050326347351,0.6296296296296297,1.0,0.20619413256645203,0.44777917861938477,,cfg02_G2_D32,0.9929953520186245,cuda
evaluation,3837,2324,Warm B,0.5665663480758667,0.16736499965190887,0.5802469135802469,1.0,0.382362425327301,0.32615038752555847,,cfg02_G2_D32,0.9929953520186245,cuda
evaluation,3837,2324,Warm C,0.5568348169326782,0.16951042413711548,0.5555555555555556,1.0,0.2702752351760864,0.7467382550239563,,cfg02_G2_D32,0.9929953520186245,cuda
evaluation,3840,2325,Cold,0.552618145942688,0.17124418914318085,0.5061728395061729,1.0,0.0,0.0,,cfg02_G2_D32,0.9929953520186245,cuda
evaluation,3840,2325,Warm A,0.5581485629081726,0.17156699299812317,0.5802469135802469,1.0,0.2293270379304886,0.4787539541721344,,cfg02_G2_D32,0.9929953520186245,cuda
evaluation,3840,2325,Warm B,0.557823657989502,0.17404066026210785,0.5802469135802469,1.0,0.38948357105255127,0.5680937170982361,,cfg02_G2_D32,0.9929953520186245,cuda
evaluation,3840,2325,Warm C,0.5545862317085266,0.17590737342834473,0.5555555555555556,1.0,0.5714103579521179,0.45475220680236816,,cfg02_G2_D32,0.9929953520186245,cuda
evaluation,3846,2328,Cold,0.5553721785545349,0.17633667588233948,0.5555555555555556,1.0,0.0,0.0,,cfg02_G2_D32,0.9929953520186245,cuda
evaluation,3846,2328,Warm A,0.557890772819519,0.17774417996406555,0.5555555555555556,1.0,0.21247610449790955,0.5612476468086243,,cfg02_G2_D32,0.9929953520186245,cuda
evaluation,3846,2328,Warm B,0.5635101795196533,0.17922915518283844,0.5555555555555556,1.0,0.3581222891807556,0.36938607692718506,,cfg02_G2_D32,0.9929953520186245,cuda
evaluation,3846,2328,Warm C,0.5531024932861328,0.17943555116653442,0.5308641975308642,1.0,0.3871036767959595,0.6947957873344421,,cfg02_G2_D32,0.9929953520186245,cuda
evaluation,3858,2330,Cold,0.549232006072998,0.18311807513237,0.5308641975308642,1.0,0.0,0.0,,cfg02_G2_D32,0.9929953520186245,cuda
evaluation,3858,2330,Warm A,0.5480865836143494,0.1850450187921524,0.5555555555555556,1.0,0.21082904934883118,0.5675731897354126,,cfg02_G2_D32,0.9929953520186245,cuda
evaluation,3858,2330,Warm B,0.5507729649543762,0.18302839994430542,0.5555555555555556,1.0,0.2675953507423401,0.5729462504386902,,cfg02_G2_D32,0.9929953520186245,cuda
evaluation,3858,2330,Warm C,0.5536032915115356,0.18369843065738678,0.5802469135802469,1.0,0.29320669174194336,0.5469617247581482,,cfg02_G2_D32,0.9929953520186245,cuda
evaluation,3859,2331,Cold,0.5501945614814758,0.1819731891155243,0.5308641975308642,1.0,0.0,0.0,,cfg02_G2_D32,0.9929953520186245,cuda
evaluation,3859,2331,Warm A,0.5461198091506958,0.18140268325805664,0.5061728395061729,1.0,0.21876320242881775,0.5006656050682068,,cfg02_G2_D32,0.9929953520186245,cuda
evaluation,3859,2331,Warm B,0.5501456260681152,0.18072561919689178,0.5061728395061729,1.0,0.15299716591835022,0.4703361690044403,,cfg02_G2_D32,0.9929953520186245,cuda
evaluation,3859,2331,Warm C,0.5483129024505615,0.1801866739988327,0.5061728395061729,1.0,0.2904910147190094,0.5740024447441101,,cfg02_G2_D32,0.9929953520186245,cuda
evaluation,3864,2334,Cold,0.5522360801696777,0.1762181967496872,0.5308641975308642,1.0,0.0,0.0,,cfg02_G2_D32,0.9929953520186245,cuda
evaluation,3864,2334,Warm A,0.5426559448242188,0.178735613822937,0.5061728395061729,1.0,0.23901253938674927,0.8266555666923523,,cfg02_G2_D32,0.9929953520186245,cuda
evaluation,3864,2334,Warm B,0.542791485786438,0.18174177408218384,0.48148148148148145,1.0,0.35057687759399414,0.5274240374565125,,cfg02_G2_D32,0.9929953520186245,cuda
evaluation,3864,2334,Warm C,0.5380935668945312,0.18612335622310638,0.5061728395061729,1.0,0.49241775274276733,0.6585261225700378,,cfg02_G2_D32,0.9929953520186245,cuda
evaluation,3865,2335,Cold,0.5493087768554688,0.18214698135852814,0.5308641975308642,1.0,0.0,0.0,,cfg02_G2_D32,0.9929953520186245,cuda
evaluation,3865,2335,Warm A,0.5503208041191101,0.18500077724456787,0.5555555555555556,1.0,0.22495441138744354,0.6705279350280762,,cfg02_G2_D32,0.9929953520186245,cuda
evaluation,3865,2335,Warm B,0.5434398055076599,0.18572330474853516,0.5061728395061729,1.0,0.3435934782028198,0.7085914611816406,,cfg02_G2_D32,0.9929953520186245,cuda
evaluation,3865,2335,Warm C,0.5398737192153931,0.18724499642848969,0.5061728395061729,1.0,0.5168753266334534,0.6511167883872986,,cfg02_G2_D32,0.9929953520186245,cuda
evaluation,3872,2339,Cold,0.5645624995231628,0.18005065619945526,0.5061728395061729,1.0,0.0,0.0,,cfg02_G2_D32,0.9929953520186245,cuda
evaluation,3872,2339,Warm A,0.5641173124313354,0.18150994181632996,0.5308641975308642,1.0,0.22712691128253937,0.607175350189209,,cfg02_G2_D32,0.9929953520186245,cuda
evaluation,3872,2339,Warm B,0.5602779388427734,0.18268363177776337,0.5308641975308642,1.0,0.37326595187187195,0.6113617420196533,,cfg02_G2_D32,0.9929953520186245,cuda
evaluation,3872,2339,Warm C,0.5614762306213379,0.18201453983783722,0.5308641975308642,1.0,0.36132296919822693,0.4496452808380127,,cfg02_G2_D32,0.9929953520186245,cuda
evaluation,3877,2341,Cold,0.5551249384880066,0.171804741024971,0.5308641975308642,1.0,0.0,0.0,,cfg02_G2_D32,0.9929953520186245,cuda
evaluation,3877,2341,Warm A,0.5590721368789673,0.17302019894123077,0.5555555555555556,1.0,0.21568413078784943,0.41155749559402466,,cfg02_G2_D32,0.9929953520186245,cuda
evaluation,3877,2341,Warm B,0.5653342008590698,0.17424340546131134,0.5802469135802469,1.0,0.39845865964889526,0.12373538315296173,,cfg02_G2_D32,0.9929953520186245,cuda
evaluation,3877,2341,Warm C,0.5705486536026001,0.17622381448745728,0.6296296296296297,1.0,0.6193154454231262,0.0653633400797844,,cfg02_G2_D32,0.9929953520186245,cuda
evaluation,3879,2342,Cold,0.553022027015686,0.17696146667003632,0.5555555555555556,1.0,0.0,0.0,,cfg02_G2_D32,0.9929953520186245,cuda
evaluation,3879,2342,Warm A,0.5513874292373657,0.17544138431549072,0.5308641975308642,1.0,0.22057053446769714,0.5292679667472839,,cfg02_G2_D32,0.9929953520186245,cuda
evaluation,3879,2342,Warm B,0.5512338280677795,0.1789177805185318,0.5555555555555556,1.0,0.24448162317276,0.5907341837882996,,cfg02_G2_D32,0.9929953520186245,cuda
evaluation,3879,2342,Warm C,0.5501471161842346,0.18218393623828888,0.5308641975308642,1.0,0.37762436270713806,0.5046149492263794,,cfg02_G2_D32,0.9929953520186245,cuda
evaluation,3889,2344,Cold,0.5504825711250305,0.1770736128091812,0.5308641975308642,1.0,0.0,0.0,,cfg02_G2_D32,0.9929953520186245,cuda
evaluation,3889,2344,Warm A,0.5505495071411133,0.18066948652267456,0.5555555555555556,1.0,0.22828474640846252,0.6621420979499817,,cfg02_G2_D32,0.9929953520186245,cuda
evaluation,3889,2344,Warm B,0.5519232749938965,0.1795542687177658,0.5308641975308642,1.0,0.3249080777168274,0.5253278613090515,,cfg02_G2_D32,0.9929953520186245,cuda
evaluation,3889,2344,Warm C,0.5556619763374329,0.18161161243915558,0.5802469135802469,1.0,0.4808047115802765,0.3464375436306,,cfg02_G2_D32,0.9929953520186245,cuda
evaluation,3895,2346,Cold,0.5518572926521301,0.17843210697174072,0.5308641975308642,1.0,0.0,0.0,,cfg02_G2_D32,0.9929953520186245,cuda
evaluation,3895,2346,Warm A,0.5535510778427124,0.18094763159751892,0.5555555555555556,1.0,0.215922549366951,0.6127801537513733,,cfg02_G2_D32,0.9929953520186245,cuda
evaluation,3895,2346,Warm B,0.5564734935760498,0.1823107749223709,0.5555555555555556,1.0,0.3928810656070709,0.2818603217601776,,cfg02_G2_D32,0.9929953520186245,cuda
evaluation,3895,2346,Warm C,0.5604929327964783,0.18404071033000946,0.5555555555555556,1.0,0.5638541579246521,0.1358455866575241,,cfg02_G2_D32,0.9929953520186245,cuda
evaluation,3896,2347,Cold,0.552270770072937,0.17717868089675903,0.5308641975308642,1.0,0.0,0.0,,cfg02_G2_D32,0.9929953520186245,cuda
evaluation,3896,2347,Warm A,0.5457906723022461,0.17833800613880157,0.5308641975308642,1.0,0.22145706415176392,0.6767846941947937,,cfg02_G2_D32,0.9929953520186245,cuda
evaluation,3896,2347,Warm B,0.5423752069473267,0.18179544806480408,0.48148148148148145,1.0,0.4056417942047119,0.857979953289032,,cfg02_G2_D32,0.9929953520186245,cuda
evaluation,3896,2347,Warm C,0.5402231812477112,0.1820046305656433,0.5061728395061729,1.0,0.42279762029647827,0.5529963970184326,,cfg02_G2_D32,0.9929953520186245,cuda
evaluation,3901,2349,Cold,0.5513402223587036,0.18154174089431763,0.5308641975308642,1.0,0.0,0.0,,cfg02_G2_D32,0.9929953520186245,cuda
evaluation,3901,2349,Warm A,0.5560327172279358,0.1823687106370926,0.5802469135802469,1.0,0.21519219875335693,0.4270380139350891,,cfg02_G2_D32,0.9929953520186245,cuda
evaluation,3901,2349,Warm B,0.5594990849494934,0.18539336323738098,0.5802469135802469,1.0,0.29700419306755066,0.4485689103603363,,cfg02_G2_D32,0.9929953520186245,cuda
evaluation,3901,2349,Warm C,0.5572681427001953,0.18608681857585907,0.5555555555555556,1.0,0.3699835240840912,0.4179055392742157,,cfg02_G2_D32,0.9929953520186245,cuda
evaluation,3908,2350,Cold,0.5519171357154846,0.17381718754768372,0.5308641975308642,1.0,0.0,0.0,,cfg02_G2_D32,0.9929953520186245,cuda
evaluation,3908,2350,Warm A,0.5601861476898193,0.17238803207874298,0.6049382716049383,1.0,0.2259076088666916,0.21748147904872894,,cfg02_G2_D32,0.9929953520186245,cuda
evaluation,3908,2350,Warm B,0.5603315234184265,0.17272518575191498,0.5802469135802469,1.0,0.32454609870910645,0.33568811416625977,,cfg02_G2_D32,0.9929953520186245,cuda
evaluation,3908,2350,Warm C,0.5592219829559326,0.17442314326763153,0.5555555555555556,1.0,0.3376689553260803,0.4748566746711731,,cfg02_G2_D32,0.9929953520186245,cuda
evaluation,3909,2351,Cold,0.5509952306747437,0.1801612228155136,0.5308641975308642,1.0,0.0,0.0,,cfg02_G2_D32,0.9929953520186245,cuda
evaluation,3909,2351,Warm A,0.553627610206604,0.18219317495822906,0.5555555555555556,1.0,0.19614125788211823,0.335220068693161,,cfg02_G2_D32,0.9929953520186245,cuda
evaluation,3909,2351,Warm B,0.5506638288497925,0.18485216796398163,0.5555555555555556,1.0,0.2786991596221924,0.4644610583782196,,cfg02_G2_D32,0.9929953520186245,cuda
evaluation,3909,2351,Warm C,0.5499002933502197,0.1882893443107605,0.5308641975308642,1.0,0.42194682359695435,0.517004668712616,,cfg02_G2_D32,0.9929953520186245,cuda
evaluation,3914,2353,Cold,0.5549501776695251,0.17979168891906738,0.5802469135802469,1.0,0.0,0.0,,cfg02_G2_D32,0.9929953520186245,cuda
evaluation,3914,2353,Warm A,0.5491980910301208,0.18092957139015198,0.5308641975308642,1.0,0.21912109851837158,0.6400479674339294,,cfg02_G2_D32,0.9929953520186245,cuda
evaluation,3914,2353,Warm B,0.5490476489067078,0.18319572508335114,0.5308641975308642,1.0,0.288347989320755,0.6080464124679565,,cfg02_G2_D32,0.9929953520186245,cuda
evaluation,3914,2353,Warm C,0.5505959987640381,0.18143510818481445,0.5308641975308642,1.0,0.3188318908214569,0.5871464610099792,,cfg02_G2_D32,0.9929953520186245,cuda
evaluation,3915,2354,Cold,0.5531842708587646,0.18102553486824036,0.5802469135802469,1.0,0.0,0.0,,cfg02_G2_D32,0.9929953520186245,cuda
evaluation,3915,2354,Warm A,0.5539246797561646,0.1812276393175125,0.5308641975308642,1.0,0.19175274670124054,0.5835000872612,,cfg02_G2_D32,0.9929953520186245,cuda
evaluation,3915,2354,Warm B,0.5486871004104614,0.18287937343120575,0.5555555555555556,1.0,0.261071115732193,0.6987792253494263,,cfg02_G2_D32,0.9929953520186245,cuda
evaluation,3915,2354,Warm C,0.5517870187759399,0.18134932219982147,0.5555555555555556,1.0,0.28325092792510986,0.4573368728160858,,cfg02_G2_D32,0.9929953520186245,cuda
evaluation,3918,2357,Cold,0.5549476742744446,0.16994938254356384,0.5802469135802469,1.0,0.0,0.0,,cfg02_G2_D32,0.9929953520186245,cuda
evaluation,3918,2357,Warm A,0.5575304627418518,0.17082539200782776,0.5308641975308642,1.0,0.20345884561538696,0.5092479586601257,,cfg02_G2_D32,0.9929953520186245,cuda
evaluation,3918,2357,Warm B,0.55049729347229,0.1728842407464981,0.5308641975308642,1.0,0.26281997561454773,0.5580894947052002,,cfg02_G2_D32,0.9929953520186245,cuda
evaluation,3918,2357,Warm C,0.5480172634124756,0.17472591996192932,0.5061728395061729,1.0,0.4241876006126404,0.6202602386474609,,cfg02_G2_D32,0.9929953520186245,cuda
evaluation,3919,2358,Cold,0.5552051067352295,0.17140968143939972,0.5802469135802469,1.0,0.0,0.0,,cfg02_G2_D32,0.9929953520186245,cuda
evaluation,3919,2358,Warm A,0.5590695738792419,0.172161266207695,0.6049382716049383,1.0,0.21789053082466125,0.42914867401123047,,cfg02_G2_D32,0.9929953520186245,cuda
evaluation,3919,2358,Warm B,0.5616378784179688,0.1726377010345459,0.6049382716049383,1.0,0.28318968415260315,0.2215525358915329,,cfg02_G2_D32,0.9929953520186245,cuda
evaluation,3919,2358,Warm C,0.5712317824363708,0.17023666203022003,0.6296296296296297,1.0,0.39973193407058716,0.0899844542145729,,cfg02_G2_D32,0.9929953520186245,cuda
evaluation,3920,2359,Cold,0.552466094493866,0.1772749423980713,0.5308641975308642,1.0,0.0,0.0,,cfg02_G2_D32,0.9929953520186245,cuda
evaluation,3920,2359,Warm A,0.5479873418807983,0.1793501079082489,0.5061728395061729,1.0,0.2002009004354477,0.601222038269043,,cfg02_G2_D32,0.9929953520186245,cuda
evaluation,3920,2359,Warm B,0.5457823276519775,0.18190132081508636,0.5061728395061729,1.0,0.3241838216781616,0.6533131003379822,,cfg02_G2_D32,0.9929953520186245,cuda
evaluation,3920,2359,Warm C,0.5412656664848328,0.18270017206668854,0.48148148148148145,1.0,0.47296127676963806,0.7043054103851318,,cfg02_G2_D32,0.9929953520186245,cuda
evaluation,3923,2360,Cold,0.5617029070854187,0.17124179005622864,0.5061728395061729,1.0,0.0,0.0,,cfg02_G2_D32,0.9929953520186245,cuda
evaluation,3923,2360,Warm A,0.5662997364997864,0.17170672118663788,0.5802469135802469,1.0,0.2223413586616516,0.5317215323448181,,cfg02_G2_D32,0.9929953520186245,cuda
evaluation,3923,2360,Warm B,0.571299135684967,0.17244818806648254,0.6296296296296297,1.0,0.40435531735420227,0.4807954728603363,,cfg02_G2_D32,0.9929953520186245,cuda
evaluation,3923,2360,Warm C,0.5730019807815552,0.17063365876674652,0.6049382716049383,1.0,0.37059858441352844,0.4119855463504791,,cfg02_G2_D32,0.9929953520186245,cuda
evaluation,3925,2361,Cold,0.5531564950942993,0.17803242802619934,0.5555555555555556,1.0,0.0,0.0,,cfg02_G2_D32,0.9929953520186245,cuda
evaluation,3925,2361,Warm A,0.5485881567001343,0.17694605886936188,0.48148148148148145,1.0,0.22001568973064423,0.4604470431804657,,cfg02_G2_D32,0.9929953520186245,cuda
evaluation,3925,2361,Warm B,0.5467718839645386,0.1767175793647766,0.4567901234567901,1.0,0.3967971205711365,0.41795530915260315,,cfg02_G2_D32,0.9929953520186245,cuda
evaluation,3925,2361,Warm C,0.5433364510536194,0.17929792404174805,0.4567901234567901,1.0,0.4403872787952423,0.8806962370872498,,cfg02_G2_D32,0.9929953520186245,cuda
evaluation,3926,2362,Cold,0.5613892078399658,0.17221911251544952,0.5061728395061729,1.0,0.0,0.0,,cfg02_G2_D32,0.9929953520186245,cuda
evaluation,3926,2362,Warm A,0.5627824664115906,0.17388580739498138,0.5555555555555556,1.0,0.21969130635261536,0.6759994626045227,,cfg02_G2_D32,0.9929953520186245,cuda
evaluation,3926,2362,Warm B,0.5620613694190979,0.17528848350048065,0.5802469135802469,1.0,0.3751724660396576,0.688579797744751,,cfg02_G2_D32,0.9929953520186245,cuda
evaluation,3926,2362,Warm C,0.5611398816108704,0.17385032773017883,0.5308641975308642,1.0,0.2524053454399109,0.591253399848938,,cfg02_G2_D32,0.9929953520186245,cuda
evaluation,3929,2365,Cold,0.5635733008384705,0.18529953062534332,0.5061728395061729,1.0,0.0,0.0,,cfg02_G2_D32,0.9929953520186245,cuda
evaluation,3929,2365,Warm A,0.566739022731781,0.18544085323810577,0.5061728395061729,1.0,0.23523513972759247,0.39283037185668945,,cfg02_G2_D32,0.9929953520186245,cuda
evaluation,3929,2365,Warm B,0.5652284026145935,0.1854756623506546,0.5061728395061729,1.0,0.40311551094055176,0.3818703591823578,,cfg02_G2_D32,0.9929953520186245,cuda
evaluation,3929,2365,Warm C,0.5625155568122864,0.18635518848896027,0.5061728395061729,1.0,0.3245565593242645,0.6007066965103149,,cfg02_G2_D32,0.9929953520186245,cuda
evaluation,3936,2368,Cold,0.5652475357055664,0.18607689440250397,0.5061728395061729,1.0,0.0,0.0,,cfg02_G2_D32,0.9929953520186245,cuda
evaluation,3936,2368,Warm A,0.5673434138298035,0.18671070039272308,0.5061728395061729,1.0,0.21326860785484314,0.4526682496070862,,cfg02_G2_D32,0.9929953520186245,cuda
evaluation,3936,2368,Warm B,0.5656859874725342,0.18800902366638184,0.5061728395061729,1.0,0.27924659848213196,0.49195417761802673,,cfg02_G2_D32,0.9929953520186245,cuda
evaluation,3936,2368,Warm C,0.5661182403564453,0.18973535299301147,0.5308641975308642,1.0,0.3999537527561188,0.6551989912986755,,cfg02_G2_D32,0.9929953520186245,cuda
evaluation,3937,2369,Cold,0.5563610792160034,0.16937823593616486,0.5308641975308642,1.0,0.0,0.0,,cfg02_G2_D32,0.9929953520186245,cuda
evaluation,3937,2369,Warm A,0.5602827072143555,0.16961513459682465,0.5802469135802469,1.0,0.2256726771593094,0.49702802300453186,,cfg02_G2_D32,0.9929953520186245,cuda
evaluation,3937,2369,Warm B,0.5632373690605164,0.17151664197444916,0.5802469135802469,1.0,0.4045501947402954,0.46258217096328735,,cfg02_G2_D32,0.9929953520186245,cuda
evaluation,3937,2369,Warm C,0.557044267654419,0.1715926229953766,0.5555555555555556,1.0,0.3666035234928131,0.5915983319282532,,cfg02_G2_D32,0.9929953520186245,cuda
evaluation,3943,2370,Cold,0.5496357083320618,0.18241870403289795,0.5308641975308642,1.0,0.0,0.0,,cfg02_G2_D32,0.9929953520186245,cuda
evaluation,3943,2370,Warm A,0.5493859052658081,0.18332046270370483,0.5308641975308642,1.0,0.2150786966085434,0.6127619743347168,,cfg02_G2_D32,0.9929953520186245,cuda
evaluation,3943,2370,Warm B,0.5410615801811218,0.18585966527462006,0.5308641975308642,1.0,0.3963462710380554,0.6943399310112,,cfg02_G2_D32,0.9929953520186245,cuda
evaluation,3943,2370,Warm C,0.5362747311592102,0.18656672537326813,0.48148148148148145,1.0,0.515245795249939,0.6341463327407837,,cfg02_G2_D32,0.9929953520186245,cuda
evaluation,3946,2371,Cold,0.5524178147315979,0.1779264658689499,0.5308641975308642,1.0,0.0,0.0,,cfg02_G2_D32,0.9929953520186245,cuda
evaluation,3946,2371,Warm A,0.5517804622650146,0.18172600865364075,0.5308641975308642,1.0,0.2201050966978073,0.5945137143135071,,cfg02_G2_D32,0.9929953520186245,cuda
evaluation,3946,2371,Warm B,0.5593917965888977,0.1816086620092392,0.5802469135802469,1.0,0.20238544046878815,0.27460917830467224,,cfg02_G2_D32,0.9929953520186245,cuda
evaluation,3946,2371,Warm C,0.5501952767372131,0.18296150863170624,0.5555555555555556,1.0,0.32455873489379883,0.6459506750106812,,cfg02_G2_D32,0.9929953520186245,cuda
