split,item_id,item_idx,phase,graph_mean,graph_std,graph_density_gt_0_5,graph_diag_mean,local_delta_norm,last_warm_loss,config_name,selected_config_name,final_training_seconds,device
validation,1,0,Cold,0.5573112368583679,0.18323864042758942,0.5555555555555556,1.0,0.0,0.0,cfg02_G2_D32,cfg02_G2_D32,0.9769684569910169,cuda
validation,1,0,Warm A,0.5578153729438782,0.18155118823051453,0.5308641975308642,1.0,0.22939367592334747,0.41389772295951843,cfg02_G2_D32,cfg02_G2_D32,0.9769684569910169,cuda
validation,1,0,Warm B,0.5555434226989746,0.18258526921272278,0.5802469135802469,1.0,0.3529108464717865,0.35206881165504456,cfg02_G2_D32,cfg02_G2_D32,0.9769684569910169,cuda
validation,1,0,Warm C,0.5576066374778748,0.18222808837890625,0.5555555555555556,1.0,0.2433421015739441,0.5223509669303894,cfg02_G2_D32,cfg02_G2_D32,0.9769684569910169,cuda
validation,5,4,Cold,0.557381808757782,0.1899958848953247,0.5555555555555556,1.0,0.0,0.0,cfg02_G2_D32,cfg02_G2_D32,0.9769684569910169,cuda
validation,5,4,Warm A,0.564428985118866,0.18963250517845154,0.5555555555555556,1.0,0.21557071805000305,0.4378226399421692,cfg02_G2_D32,cfg02_G2_D32,0.9769684569910169,cuda
validation,5,4,Warm B,0.5726521611213684,0.18667377531528473,0.5802469135802469,1.0,0.3741035461425781,0.4814629554748535,cfg02_G2_D32,cfg02_G2_D32,0.9769684569910169,cuda
validation,5,4,Warm C,0.5714141130447388,0.1867169737815857,0.5555555555555556,1.0,0.46923935413360596,0.44958239793777466,cfg02_G2_D32,cfg02_G2_D32,0.9769684569910169,cuda
validation,7,6,Cold,0.5588690042495728,0.18401163816452026,0.5555555555555556,1.0,0.0,0.0,cfg02_G2_D32,cfg02_G2_D32,0.9769684569910169,cuda
validation,7,6,Warm A,0.550189733505249,0.18673911690711975,0.5308641975308642,1.0,0.1831936538219452,0.639451801776886,cfg02_G2_D32,cfg02_G2_D32,0.9769684569910169,cuda
validation,7,6,Warm B,0.554022490978241,0.18570347130298615,0.5555555555555556,1.0,0.22309942543506622,0.5817908644676208,cfg02_G2_D32,cfg02_G2_D32,0.9769684569910169,cuda
validation,7,6,Warm C,0.5573949217796326,0.18485265970230103,0.5555555555555556,1.0,0.3079988658428192,0.5936118364334106,cfg02_G2_D32,cfg02_G2_D32,0.9769684569910169,cuda
validation,11,10,Cold,0.5593600869178772,0.18296295404434204,0.5555555555555556,1.0,0.0,0.0,cfg02_G2_D32,cfg02_G2_D32,0.9769684569910169,cuda
validation,11,10,Warm A,0.5562410950660706,0.18449479341506958,0.5802469135802469,1.0,0.22000652551651,0.4831230342388153,cfg02_G2_D32,cfg02_G2_D32,0.9769684569910169,cuda
validation,11,10,Warm B,0.5560739636421204,0.1868903785943985,0.5555555555555556,1.0,0.20948581397533417,0.5843704342842102,cfg02_G2_D32,cfg02_G2_D32,0.9769684569910169,cuda
validation,11,10,Warm C,0.5603100061416626,0.18576675653457642,0.6049382716049383,1.0,0.3100982904434204,0.47148019075393677,cfg02_G2_D32,cfg02_G2_D32,0.9769684569910169,cuda
validation,17,16,Cold,0.560002863407135,0.17943160235881805,0.5555555555555556,1.0,0.0,0.0,cfg02_G2_D32,cfg02_G2_D32,0.9769684569910169,cuda
validation,17,16,Warm A,0.5559408068656921,0.1807066798210144,0.5555555555555556,1.0,0.2255297601222992,0.4405283033847809,cfg02_G2_D32,cfg02_G2_D32,0.9769684569910169,cuda
validation,17,16,Warm B,0.5613343715667725,0.17717427015304565,0.6049382716049383,1.0,0.3374795913696289,0.24696381390094757,cfg02_G2_D32,cfg02_G2_D32,0.9769684569910169,cuda
validation,17,16,Warm C,0.5595185160636902,0.17823313176631927,0.5061728395061729,1.0,0.35075467824935913,0.29568102955818176,cfg02_G2_D32,cfg02_G2_D32,0.9769684569910169,cuda
validation,41,36,Cold,0.5642473101615906,0.1797928661108017,0.5555555555555556,1.0,0.0,0.0,cfg02_G2_D32,cfg02_G2_D32,0.9769684569910169,cuda
validation,41,36,Warm A,0.557873010635376,0.1806529015302658,0.5555555555555556,1.0,0.22598697245121002,0.5881368517875671,cfg02_G2_D32,cfg02_G2_D32,0.9769684569910169,cuda
validation,41,36,Warm B,0.5592576265335083,0.17960096895694733,0.5308641975308642,1.0,0.3853006660938263,0.36660322546958923,cfg02_G2_D32,cfg02_G2_D32,0.9769684569910169,cuda
validation,41,36,Warm C,0.5523566007614136,0.1837536245584488,0.5061728395061729,1.0,0.46713748574256897,0.6555066108703613,cfg02_G2_D32,cfg02_G2_D32,0.9769684569910169,cuda
validation,104,76,Cold,0.5563032627105713,0.18942759931087494,0.5555555555555556,1.0,0.0,0.0,cfg02_G2_D32,cfg02_G2_D32,0.9769684569910169,cuda
validation,104,76,Warm A,0.5557761192321777,0.18750372529029846,0.5555555555555556,1.0,0.23291945457458496,0.6262245178222656,cfg02_G2_D32,cfg02_G2_D32,0.9769684569910169,cuda
validation,104,76,Warm B,0.5544449687004089,0.1888652890920639,0.5555555555555556,1.0,0.2737271189689636,0.5746760368347168,cfg02_G2_D32,cfg02_G2_D32,0.9769684569910169,cuda
validation,104,76,Warm C,0.5583491325378418,0.18685173988342285,0.5555555555555556,1.0,0.30152249336242676,0.5724648833274841,cfg02_G2_D32,cfg02_G2_D32,0.9769684569910169,cuda
validation,107,78,Cold,0.557741641998291,0.1820448637008667,0.5555555555555556,1.0,0.0,0.0,cfg02_G2_D32,cfg02_G2_D32,0.9769684569910169,cuda
validation,107,78,Warm A,0.5571695566177368,0.1821630299091339,0.5308641975308642,1.0,0.2138088494539261,0.6520875096321106,cfg02_G2_D32,cfg02_G2_D32,0.9769684569910169,cuda
validation,107,78,Warm B,0.5551444292068481,0.1842345893383026,0.5308641975308642,1.0,0.28053489327430725,0.5568472743034363,cfg02_G2_D32,cfg02_G2_D32,0.9769684569910169,cuda
validation,107,78,Warm C,0.5558359622955322,0.1865997165441513,0.5061728395061729,1.0,0.3491203188896179,0.6292409300804138,cfg02_G2_D32,cfg02_G2_D32,0.9769684569910169,cuda
validation,110,79,Cold,0.5611624121665955,0.18120819330215454,0.5555555555555556,1.0,0.0,0.0,cfg02_G2_D32,cfg02_G2_D32,0.9769684569910169,cuda
validation,110,79,Warm A,0.5558257102966309,0.1814497858285904,0.5308641975308642,1.0,0.21358060836791992,0.43022656440734863,cfg02_G2_D32,cfg02_G2_D32,0.9769684569910169,cuda
validation,110,79,Warm B,0.5650635957717896,0.17824873328208923,0.5802469135802469,1.0,0.35248807072639465,0.3737757205963135,cfg02_G2_D32,cfg02_G2_D32,0.9769684569910169,cuda
validation,110,79,Warm C,0.5672092437744141,0.17865777015686035,0.5802469135802469,1.0,0.3609793484210968,0.44234877824783325,cfg02_G2_D32,cfg02_G2_D32,0.9769684569910169,cuda
validation,111,80,Cold,0.573357105255127,0.17052434384822845,0.5555555555555556,1.0,0.0,0.0,cfg02_G2_D32,cfg02_G2_D32,0.9769684569910169,cuda
validation,111,80,Warm A,0.5635004043579102,0.17319931089878082,0.5308641975308642,1.0,0.234737366437912,0.6974229216575623,cfg02_G2_D32,cfg02_G2_D32,0.9769684569910169,cuda
validation,111,80,Warm B,0.5674219727516174,0.17163927853107452,0.5802469135802469,1.0,0.1287589967250824,0.24885129928588867,cfg02_G2_D32,cfg02_G2_D32,0.9769684569910169,cuda
validation,111,80,Warm C,0.5622822642326355,0.17322464287281036,0.5308641975308642,1.0,0.2240419238805771,0.31114813685417175,cfg02_G2_D32,cfg02_G2_D32,0.9769684569910169,cuda
validation,158,103,Cold,0.5610010623931885,0.18000414967536926,0.5555555555555556,1.0,0.0,0.0,cfg02_G2_D32,cfg02_G2_D32,0.9769684569910169,cuda
validation,158,103,Warm A,0.5697134733200073,0.17791222035884857,0.5802469135802469,1.0,0.2391783893108368,0.34203100204467773,cfg02_G2_D32,cfg02_G2_D32,0.9769684569910169,cuda
validation,158,103,Warm B,0.5745276808738708,0.17747151851654053,0.6049382716049383,1.0,0.36739200353622437,0.4010688364505768,cfg02_G2_D32,cfg02_G2_D32,0.9769684569910169,cuda
validation,158,103,Warm C,0.5720155239105225,0.1773843616247177,0.5802469135802469,1.0,0.295448899269104,0.5039770007133484,cfg02_G2_D32,cfg02_G2_D32,0.9769684569910169,cuda
validation,160,105,Cold,0.5608646273612976,0.1817932277917862,0.5555555555555556,1.0,0.0,0.0,cfg02_G2_D32,cfg02_G2_D32,0.9769684569910169,cuda
validation,160,105,Warm A,0.5683425068855286,0.18151797354221344,0.5802469135802469,1.0,0.22374029457569122,0.40408068895339966,cfg02_G2_D32,cfg02_G2_D32,0.9769684569910169,cuda
validation,160,105,Warm B,0.5765305757522583,0.17969344556331635,0.6296296296296297,1.0,0.39025670289993286,0.2859097123146057,cfg02_G2_D32,cfg02_G2_D32,0.9769684569910169,cuda
validation,160,105,Warm C,0.5756620168685913,0.17875775694847107,0.6049382716049383,1.0,0.3568759262561798,0.26941409707069397,cfg02_G2_D32,cfg02_G2_D32,0.9769684569910169,cuda
validation,163,108,Cold,0.5620471239089966,0.18038614094257355,0.5555555555555556,1.0,0.0,0.0,cfg02_G2_D32,cfg02_G2_D32,0.9769684569910169,cuda
validation,163,108,Warm A,0.5625844597816467,0.18020448088645935,0.5802469135802469,1.0,0.2331797033548355,0.6634343266487122,cfg02_G2_D32,cfg02_G2_D32,0.9769684569910169,cuda
validation,163,108,Warm B,0.5633987784385681,0.1776328831911087,0.5555555555555556,1.0,0.17591756582260132,0.49732181429862976,cfg02_G2_D32,cfg02_G2_D32,0.9769684569910169,cuda
validation,163,108,Warm C,0.5575827360153198,0.1791984885931015,0.5555555555555556,1.0,0.23258370161056519,0.5983061790466309,cfg02_G2_D32,cfg02_G2_D32,0.9769684569910169,cuda
validation,173,117,Cold,0.5606890320777893,0.18150565028190613,0.5555555555555556,1.0,0.0,0.0,cfg02_G2_D32,cfg02_G2_D32,0.9769684569910169,cuda
validation,173,117,Warm A,0.5690678954124451,0.18070414662361145,0.5802469135802469,1.0,0.22368809580802917,0.3072029650211334,cfg02_G2_D32,cfg02_G2_D32,0.9769684569910169,cuda
validation,173,117,Warm B,0.5783535242080688,0.17753231525421143,0.6296296296296297,1.0,0.38060298562049866,0.25386175513267517,cfg02_G2_D32,cfg02_G2_D32,0.9769684569910169,cuda
validation,173,117,Warm C,0.5851311087608337,0.1776963621377945,0.654320987654321,1.0,0.5383157134056091,0.1968875676393509,cfg02_G2_D32,cfg02_G2_D32,0.9769684569910169,cuda
validation,186,125,Cold,0.5578566789627075,0.18840499222278595,0.5555555555555556,1.0,0.0,0.0,cfg02_G2_D32,cfg02_G2_D32,0.9769684569910169,cuda
validation,186,125,Warm A,0.5672944784164429,0.18671035766601562,0.5802469135802469,1.0,0.19798386096954346,0.44422778487205505,cfg02_G2_D32,cfg02_G2_D32,0.9769684569910169,cuda
validation,186,125,Warm B,0.577004611492157,0.18433260917663574,0.6049382716049383,1.0,0.384329229593277,0.314989298582077,cfg02_G2_D32,cfg02_G2_D32,0.9769684569910169,cuda
validation,186,125,Warm C,0.5754287838935852,0.18637420237064362,0.6049382716049383,1.0,0.4222674071788788,0.2519821226596832,cfg02_G2_D32,cfg02_G2_D32,0.9769684569910169,cuda
validation,193,130,Cold,0.5627283453941345,0.18074412643909454,0.5555555555555556,1.0,0.0,0.0,cfg02_G2_D32,cfg02_G2_D32,0.9769684569910169,cuda
validation,193,130,Warm A,0.5638630390167236,0.1829783320426941,0.5555555555555556,1.0,0.227614164352417,0.6016536355018616,cfg02_G2_D32,cfg02_G2_D32,0.9769684569910169,cuda
validation,193,130,Warm B,0.5691675543785095,0.18364641070365906,0.5555555555555556,1.0,0.4359147548675537,0.4328886568546295,cfg02_G2_D32,cfg02_G2_D32,0.9769684569910169,cuda
validation,193,130,Warm C,0.5767659544944763,0.1832168996334076,0.6049382716049383,1.0,0.48659130930900574,0.3627552390098572,cfg02_G2_D32,cfg02_G2_D32,0.9769684569910169,cuda
validation,194,131,Cold,0.5616870522499084,0.17969493567943573,0.5555555555555556,1.0,0.0,0.0,cfg02_G2_D32,cfg02_G2_D32,0.9769684569910169,cuda
validation,194,131,Warm A,0.5588096976280212,0.17859357595443726,0.5308641975308642,1.0,0.2134736031293869,0.5728139281272888,cfg02_G2_D32,cfg02_G2_D32,0.9769684569910169,cuda
validation,194,131,Warm B,0.5594176054000854,0.18072645366191864,0.5555555555555556,1.0,0.24192790687084198,0.511898934841156,cfg02_G2_D32,cfg02_G2_D32,0.9769684569910169,cuda
validation,194,131,Warm C,0.5540779232978821,0.183706134557724,0.5308641975308642,1.0,0.3806360363960266,0.7057593464851379,cfg02_G2_D32,cfg02_G2_D32,0.9769684569910169,cuda
validation,198,134,Cold,0.5624358654022217,0.18048986792564392,0.5555555555555556,1.0,0.0,0.0,cfg02_G2_D32,cfg02_G2_D32,0.9769684569910169,cuda
validation,198,134,Warm A,0.5526279211044312,0.18219482898712158,0.5555555555555556,1.0,0.22188423573970795,0.6462459564208984,cfg02_G2_D32,cfg02_G2_D32,0.9769684569910169,cuda
validation,198,134,Warm B,0.5561567544937134,0.18207193911075592,0.5061728395061729,1.0,0.26548972725868225,0.6448835730552673,cfg02_G2_D32,cfg02_G2_D32,0.9769684569910169,cuda
validation,198,134,Warm C,0.5616191625595093,0.18254715204238892,0.5308641975308642,1.0,0.3090437352657318,0.5132082104682922,cfg02_G2_D32,cfg02_G2_D32,0.9769684569910169,cuda
validation,231,154,Cold,0.5566241145133972,0.1873297393321991,0.5555555555555556,1.0,0.0,0.0,cfg02_G2_D32,cfg02_G2_D32,0.9769684569910169,cuda
validation,231,154,Warm A,0.5565581917762756,0.18908898532390594,0.5555555555555556,1.0,0.22636020183563232,0.6569915413856506,cfg02_G2_D32,cfg02_G2_D32,0.9769684569910169,cuda
validation,231,154,Warm B,0.5482297539710999,0.19125957787036896,0.5061728395061729,1.0,0.41306546330451965,0.6882758140563965,cfg02_G2_D32,cfg02_G2_D32,0.9769684569910169,cuda
validation,231,154,Warm C,0.5491195321083069,0.1930311620235443,0.5061728395061729,1.0,0.4604246914386749,0.6207298636436462,cfg02_G2_D32,cfg02_G2_D32,0.9769684569910169,cuda
validation,236,159,Cold,0.5588934421539307,0.182945117354393,0.5555555555555556,1.0,0.0,0.0,cfg02_G2_D32,cfg02_G2_D32,0.9769684569910169,cuda
validation,236,159,Warm A,0.562743604183197,0.1801905483007431,0.5555555555555556,1.0,0.21792225539684296,0.42405644059181213,cfg02_G2_D32,cfg02_G2_D32,0.9769684569910169,cuda
validation,236,159,Warm B,0.5717251896858215,0.1764838993549347,0.6049382716049383,1.0,0.42295560240745544,0.3942972421646118,cfg02_G2_D32,cfg02_G2_D32,0.9769684569910169,cuda
validation,236,159,Warm C,0.5742179751396179,0.17802253365516663,0.6049382716049383,1.0,0.4656519889831543,0.5473712682723999,cfg02_G2_D32,cfg02_G2_D32,0.9769684569910169,cuda
validation,237,160,Cold,0.5588458776473999,0.18301646411418915,0.5555555555555556,1.0,0.0,0.0,cfg02_G2_D32,cfg02_G2_D32,0.9769684569910169,cuda
validation,237,160,Warm A,0.566469132900238,0.18151965737342834,0.5802469135802469,1.0,0.2305203229188919,0.5006646513938904,cfg02_G2_D32,cfg02_G2_D32,0.9769684569910169,cuda
validation,237,160,Warm B,0.5727380514144897,0.1800592988729477,0.6049382716049383,1.0,0.42910903692245483,0.4011048376560211,cfg02_G2_D32,cfg02_G2_D32,0.9769684569910169,cuda
validation,237,160,Warm C,0.5680897831916809,0.17949189245700836,0.6049382716049383,1.0,0.4401901364326477,0.4959228038787842,cfg02_G2_D32,cfg02_G2_D32,0.9769684569910169,cuda
validation,246,163,Cold,0.5564097762107849,0.1782018542289734,0.5555555555555556,1.0,0.0,0.0,cfg02_G2_D32,cfg02_G2_D32,0.9769684569910169,cuda
validation,246,163,Warm A,0.550466001033783,0.1799468845129013,0.5802469135802469,1.0,0.22738969326019287,0.6485733985900879,cfg02_G2_D32,cfg02_G2_D32,0.9769684569910169,cuda
validation,246,163,Warm B,0.5544629096984863,0.17811401188373566,0.5802469135802469,1.0,0.3043273985385895,0.19497989118099213,cfg02_G2_D32,cfg02_G2_D32,0.9769684569910169,cuda
validation,246,163,Warm C,0.5503950715065002,0.1791234016418457,0.5555555555555556,1.0,0.23636353015899658,0.4653928279876709,cfg02_G2_D32,cfg02_G2_D32,0.9769684569910169,cuda
validation,252,167,Cold,0.5597600936889648,0.1824834644794464,0.5555555555555556,1.0,0.0,0.0,cfg02_G2_D32,cfg02_G2_D32,0.9769684569910169,cuda
validation,252,167,Warm A,0.5705289244651794,0.17998452484607697,0.6049382716049383,1.0,0.23373235762119293,0.4254060685634613,cfg02_G2_D32,cfg02_G2_D32,0.9769684569910169,cuda
validation,252,167,Warm B,0.576632559299469,0.17886097729206085,0.6049382716049383,1.0,0.3701401948928833,0.42536258697509766,cfg02_G2_D32,cfg02_G2_D32,0.9769684569910169,cuda
validation,252,167,Warm C,0.5693789124488831,0.18128566443920135,0.5802469135802469,1.0,0.3271768093109131,0.5106479525566101,cfg02_G2_D32,cfg02_G2_D32,0.9769684569910169,cuda
validation,276,185,Cold,0.5600410103797913,0.18181636929512024,0.5555555555555556,1.0,0.0,0.0,cfg02_G2_D32,cfg02_G2_D32,0.9769684569910169,cuda
validation,276,185,Warm A,0.5711128115653992,0.17881028354167938,0.6049382716049383,1.0,0.2283104807138443,0.3446458876132965,cfg02_G2_D32,cfg02_G2_D32,0.9769684569910169,cuda
validation,276,185,Warm B,0.5784637331962585,0.17516633868217468,0.6296296296296297,1.0,0.3612028658390045,0.4022572636604309,cfg02_G2_D32,cfg02_G2_D32,0.9769684569910169,cuda
validation,276,185,Warm C,0.5751122236251831,0.17788784205913544,0.6049382716049383,1.0,0.3985406458377838,0.4210115373134613,cfg02_G2_D32,cfg02_G2_D32,0.9769684569910169,cuda
validation,281,188,Cold,0.5624563694000244,0.17928707599639893,0.5555555555555556,1.0,0.0,0.0,cfg02_G2_D32,cfg02_G2_D32,0.9769684569910169,cuda
validation,281,188,Warm A,0.5609244704246521,0.18056988716125488,0.5555555555555556,1.0,0.21908752620220184,0.5008150339126587,cfg02_G2_D32,cfg02_G2_D32,0.9769684569910169,cuda
validation,281,188,Warm B,0.5565780997276306,0.18311692774295807,0.5308641975308642,1.0,0.2238735407590866,0.6238402724266052,cfg02_G2_D32,cfg02_G2_D32,0.9769684569910169,cuda
validation,281,188,Warm C,0.5602191090583801,0.18169854581356049,0.5802469135802469,1.0,0.308666467666626,0.5378419160842896,cfg02_G2_D32,cfg02_G2_D32,0.9769684569910169,cuda
validation,300,197,Cold,0.561455488204956,0.17913499474525452,0.5555555555555556,1.0,0.0,0.0,cfg02_G2_D32,cfg02_G2_D32,0.9769684569910169,cuda
validation,300,197,Warm A,0.5652523040771484,0.17585735023021698,0.5555555555555556,1.0,0.1973150372505188,0.5188632011413574,cfg02_G2_D32,cfg02_G2_D32,0.9769684569910169,cuda
validation,300,197,Warm B,0.5680121183395386,0.17534728348255157,0.5802469135802469,1.0,0.2681758999824524,0.46209821105003357,cfg02_G2_D32,cfg02_G2_D32,0.9769684569910169,cuda
validation,300,197,Warm C,0.5610434412956238,0.17626728117465973,0.5555555555555556,1.0,0.2679966390132904,0.49791908264160156,cfg02_G2_D32,cfg02_G2_D32,0.9769684569910169,cuda
validation,306,201,Cold,0.560104489326477,0.17949502170085907,0.5555555555555556,1.0,0.0,0.0,cfg02_G2_D32,cfg02_G2_D32,0.9769684569910169,cuda
validation,306,201,Warm A,0.5591263175010681,0.1800401210784912,0.5308641975308642,1.0,0.23115316033363342,0.41785651445388794,cfg02_G2_D32,cfg02_G2_D32,0.9769684569910169,cuda
validation,306,201,Warm B,0.5637692213058472,0.1768188327550888,0.5802469135802469,1.0,0.391184002161026,0.29213210940361023,cfg02_G2_D32,cfg02_G2_D32,0.9769684569910169,cuda
validation,306,201,Warm C,0.5581465363502502,0.17981110513210297,0.5555555555555556,1.0,0.3099134862422943,0.44056302309036255,cfg02_G2_D32,cfg02_G2_D32,0.9769684569910169,cuda
validation,322,212,Cold,0.5596128106117249,0.1844468116760254,0.5555555555555556,1.0,0.0,0.0,cfg02_G2_D32,cfg02_G2_D32,0.9769684569910169,cuda
validation,322,212,Warm A,0.5541267395019531,0.18456625938415527,0.5802469135802469,1.0,0.22565332055091858,0.5608440637588501,cfg02_G2_D32,cfg02_G2_D32,0.9769684569910169,cuda
validation,322,212,Warm B,0.5572352409362793,0.18394407629966736,0.5802469135802469,1.0,0.25153854489326477,0.5010251402854919,cfg02_G2_D32,cfg02_G2_D32,0.9769684569910169,cuda
validation,322,212,Warm C,0.5597169399261475,0.18398886919021606,0.5308641975308642,1.0,0.22224663197994232,0.5399620532989502,cfg02_G2_D32,cfg02_G2_D32,0.9769684569910169,cuda
validation,349,230,Cold,0.5616281032562256,0.1801101416349411,0.5555555555555556,1.0,0.0,0.0,cfg02_G2_D32,cfg02_G2_D32,0.9769684569910169,cuda
validation,349,230,Warm A,0.5701759457588196,0.17821957170963287,0.6049382716049383,1.0,0.22410647571086884,0.43142205476760864,cfg02_G2_D32,cfg02_G2_D32,0.9769684569910169,cuda
validation,349,230,Warm B,0.5626925230026245,0.18024161458015442,0.5555555555555556,1.0,0.23176732659339905,0.556603729724884,cfg02_G2_D32,cfg02_G2_D32,0.9769684569910169,cuda
validation,349,230,Warm C,0.5688660740852356,0.17719627916812897,0.5802469135802469,1.0,0.3303351104259491,0.5200700163841248,cfg02_G2_D32,cfg02_G2_D32,0.9769684569910169,cuda
validation,350,231,Cold,0.5611608624458313,0.18103092908859253,0.5555555555555556,1.0,0.0,0.0,cfg02_G2_D32,cfg02_G2_D32,0.9769684569910169,cuda
validation,350,231,Warm A,0.5698068737983704,0.17932340502738953,0.5802469135802469,1.0,0.21773545444011688,0.49783822894096375,cfg02_G2_D32,cfg02_G2_D32,0.9769684569910169,cuda
validation,350,231,Warm B,0.5792311429977417,0.17729835212230682,0.6049382716049383,1.0,0.402721643447876,0.40457841753959656,cfg02_G2_D32,cfg02_G2_D32,0.9769684569910169,cuda
validation,350,231,Warm C,0.5723046660423279,0.1792885661125183,0.6049382716049383,1.0,0.27779483795166016,0.6699697375297546,cfg02_G2_D32,cfg02_G2_D32,0.9769684569910169,cuda
validation,362,242,Cold,0.5607967376708984,0.17878220975399017,0.5555555555555556,1.0,0.0,0.0,cfg02_G2_D32,cfg02_G2_D32,0.9769684569910169,cuda
validation,362,242,Warm A,0.5660790205001831,0.17704561352729797,0.5555555555555556,1.0,0.2210167944431305,0.5771719217300415,cfg02_G2_D32,cfg02_G2_D32,0.9769684569910169,cuda
validation,362,242,Warm B,0.5684730410575867,0.17744547128677368,0.5802469135802469,1.0,0.26913586258888245,0.6186084151268005,cfg02_G2_D32,cfg02_G2_D32,0.9769684569910169,cuda
validation,362,242,Warm C,0.5725961327552795,0.17567288875579834,0.6049382716049383,1.0,0.3371124565601349,0.4227719306945801,cfg02_G2_D32,cfg02_G2_D32,0.9769684569910169,cuda
validation,364,244,Cold,0.5606603026390076,0.17866745591163635,0.5555555555555556,1.0,0.0,0.0,cfg02_G2_D32,cfg02_G2_D32,0.9769684569910169,cuda
validation,364,244,Warm A,0.5685053467750549,0.17586947977542877,0.6049382716049383,1.0,0.24611377716064453,0.5025178790092468,cfg02_G2_D32,cfg02_G2_D32,0.9769684569910169,cuda
validation,364,244,Warm B,0.5653795003890991,0.17547671496868134,0.5555555555555556,1.0,0.32526275515556335,0.49931296706199646,cfg02_G2_D32,cfg02_G2_D32,0.9769684569910169,cuda
validation,364,244,Warm C,0.5749979615211487,0.17185230553150177,0.6049382716049383,1.0,0.5403685569763184,0.3541378676891327,cfg02_G2_D32,cfg02_G2_D32,0.9769684569910169,cuda
validation,366,246,Cold,0.5605517029762268,0.18409518897533417,0.5555555555555556,1.0,0.0,0.0,cfg02_G2_D32,cfg02_G2_D32,0.9769684569910169,cuda
validation,366,246,Warm A,0.5631463527679443,0.1827324479818344,0.5802469135802469,1.0,0.2071102261543274,0.5678895115852356,cfg02_G2_D32,cfg02_G2_D32,0.9769684569910169,cuda
validation,366,246,Warm B,0.567373514175415,0.18162116408348083,0.5555555555555556,1.0,0.4193389415740967,0.5419828295707703,cfg02_G2_D32,cfg02_G2_D32,0.9769684569910169,cuda
validation,366,246,Warm C,0.5636788010597229,0.1840287446975708,0.5555555555555556,1.0,0.35390332341194153,0.5702701807022095,cfg02_G2_D32,cfg02_G2_D32,0.9769684569910169,cuda
validation,379,257,Cold,0.560198187828064,0.18041254580020905,0.5555555555555556,1.0,0.0,0.0,cfg02_G2_D32,cfg02_G2_D32,0.9769684569910169,cuda
validation,379,257,Warm A,0.5707719326019287,0.17742951214313507,0.6296296296296297,1.0,0.2231576144695282,0.38304996490478516,cfg02_G2_D32,cfg02_G2_D32,0.9769684569910169,cuda
validation,379,257,Warm B,0.5809326171875,0.17509128153324127,0.654320987654321,1.0,0.4047766923904419,0.32919585704803467,cfg02_G2_D32,cfg02_G2_D32,0.9769684569910169,cuda
validation,379,257,Warm C,0.5764105319976807,0.17648693919181824,0.6296296296296297,1.0,0.38721850514411926,0.4412374496459961,cfg02_G2_D32,cfg02_G2_D32,0.9769684569910169,cuda
validation,381,259,Cold,0.5626594424247742,0.1806483119726181,0.5555555555555556,1.0,0.0,0.0,cfg02_G2_D32,cfg02_G2_D32,0.9769684569910169,cuda
validation,381,259,Warm A,0.5621799230575562,0.18371424078941345,0.5555555555555556,1.0,0.22995625436306,0.7870019674301147,cfg02_G2_D32,cfg02_G2_D32,0.9769684569910169,cuda
validation,381,259,Warm B,0.560015082359314,0.18596842885017395,0.5308641975308642,1.0,0.3244101405143738,0.6062158942222595,cfg02_G2_D32,cfg02_G2_D32,0.9769684569910169,cuda
validation,381,259,Warm C,0.5627570152282715,0.1835757941007614,0.5308641975308642,1.0,0.277422159910202,0.5647278428077698,cfg02_G2_D32,cfg02_G2_D32,0.9769684569910169,cuda
validation,413,270,Cold,0.55649334192276,0.18747490644454956,0.5555555555555556,1.0,0.0,0.0,cfg02_G2_D32,cfg02_G2_D32,0.9769684569910169,cuda
validation,413,270,Warm A,0.566219687461853,0.1858011782169342,0.5555555555555556,1.0,0.23313748836517334,0.29715830087661743,cfg02_G2_D32,cfg02_G2_D32,0.9769684569910169,cuda
validation,413,270,Warm B,0.57479327917099,0.18550364673137665,0.6049382716049383,1.0,0.4018181562423706,0.2811810076236725,cfg02_G2_D32,cfg02_G2_D32,0.9769684569910169,cuda
validation,413,270,Warm C,0.5729982256889343,0.18416327238082886,0.6049382716049383,1.0,0.42978015542030334,0.37644997239112854,cfg02_G2_D32,cfg02_G2_D32,0.9769684569910169,cuda
validation,423,278,Cold,0.5624859929084778,0.18048450350761414,0.5555555555555556,1.0,0.0,0.0,cfg02_G2_D32,cfg02_G2_D32,0.9769684569910169,cuda
validation,423,278,Warm A,0.5696737170219421,0.1781417280435562,0.5802469135802469,1.0,0.2119067907333374,0.45797988772392273,cfg02_G2_D32,cfg02_G2_D32,0.9769684569910169,cuda
validation,423,278,Warm B,0.5697343349456787,0.17995423078536987,0.5555555555555556,1.0,0.2781830132007599,0.6078643798828125,cfg02_G2_D32,cfg02_G2_D32,0.9769684569910169,cuda
validation,423,278,Warm C,0.5785651803016663,0.1765611171722412,0.5555555555555556,1.0,0.3570946753025055,0.4236178398132324,cfg02_G2_D32,cfg02_G2_D32,0.9769684569910169,cuda
validation,432,286,Cold,0.5590307712554932,0.1834169179201126,0.5555555555555556,1.0,0.0,0.0,cfg02_G2_D32,cfg02_G2_D32,0.9769684569910169,cuda
validation,432,286,Warm A,0.5699778199195862,0.18110397458076477,0.6049382716049383,1.0,0.21602241694927216,0.3364684283733368,cfg02_G2_D32,cfg02_G2_D32,0.9769684569910169,cuda
validation,432,286,Warm B,0.563208281993866,0.18380922079086304,0.5308641975308642,1.0,0.19539207220077515,0.4985721707344055,cfg02_G2_D32,cfg02_G2_D32,0.9769684569910169,cuda
validation,432,286,Warm C,0.5627619624137878,0.184914693236351,0.5555555555555556,1.0,0.2918887138366699,0.49737873673439026,cfg02_G2_D32,cfg02_G2_D32,0.9769684569910169,cuda
validation,441,293,Cold,0.5579653382301331,0.18755872547626495,0.5555555555555556,1.0,0.0,0.0,cfg02_G2_D32,cfg02_G2_D32,0.9769684569910169,cuda
validation,441,293,Warm A,0.5532931685447693,0.18892990052700043,0.5555555555555556,1.0,0.20197391510009766,0.6148622035980225,cfg02_G2_D32,cfg02_G2_D32,0.9769684569910169,cuda
validation,441,293,Warm B,0.5545241832733154,0.1888308823108673,0.5308641975308642,1.0,0.2490200251340866,0.5585684180259705,cfg02_G2_D32,cfg02_G2_D32,0.9769684569910169,cuda
validation,441,293,Warm C,0.550121545791626,0.19120261073112488,0.5061728395061729,1.0,0.3383958041667938,0.43262019753456116,cfg02_G2_D32,cfg02_G2_D32,0.9769684569910169,cuda
validation,442,294,Cold,0.5635228753089905,0.1815342754125595,0.5555555555555556,1.0,0.0,0.0,cfg02_G2_D32,cfg02_G2_D32,0.9769684569910169,cuda
validation,442,294,Warm A,0.5724078416824341,0.1808299720287323,0.6296296296296297,1.0,0.2164994180202484,0.38357552886009216,cfg02_G2_D32,cfg02_G2_D32,0.9769684569910169,cuda
validation,442,294,Warm B,0.5803073644638062,0.1783856451511383,0.654320987654321,1.0,0.42458221316337585,0.3244646191596985,cfg02_G2_D32,cfg02_G2_D32,0.9769684569910169,cuda
validation,442,294,Warm C,0.5766416192054749,0.1801060289144516,0.654320987654321,1.0,0.38021019101142883,0.4630222022533417,cfg02_G2_D32,cfg02_G2_D32,0.9769684569910169,cuda
validation,448,298,Cold,0.5642388463020325,0.17950420081615448,0.5555555555555556,1.0,0.0,0.0,cfg02_G2_D32,cfg02_G2_D32,0.9769684569910169,cuda
validation,448,298,Warm A,0.5573227405548096,0.18107545375823975,0.5555555555555556,1.0,0.19070807099342346,0.5817612409591675,cfg02_G2_D32,cfg02_G2_D32,0.9769684569910169,cuda
validation,448,298,Warm B,0.5607178211212158,0.18135470151901245,0.5802469135802469,1.0,0.20302563905715942,0.5471156239509583,cfg02_G2_D32,cfg02_G2_D32,0.9769684569910169,cuda
validation,448,298,Warm C,0.5607661604881287,0.17942088842391968,0.5802469135802469,1.0,0.2836744487285614,0.6607564687728882,cfg02_G2_D32,cfg02_G2_D32,0.9769684569910169,cuda
validation,464,310,Cold,0.5632370114326477,0.1798560619354248,0.5555555555555556,1.0,0.0,0.0,cfg02_G2_D32,cfg02_G2_D32,0.9769684569910169,cuda
validation,464,310,Warm A,0.570404052734375,0.1787719875574112,0.5555555555555556,1.0,0.20804426074028015,0.45134153962135315,cfg02_G2_D32,cfg02_G2_D32,0.9769684569910169,cuda
validation,464,310,Warm B,0.5638549327850342,0.18343351781368256,0.5308641975308642,1.0,0.3524616062641144,0.5269410014152527,cfg02_G2_D32,cfg02_G2_D32,0.9769684569910169,cuda
validation,464,310,Warm C,0.5599725246429443,0.18548843264579773,0.5308641975308642,1.0,0.3475188910961151,0.5151211619377136,cfg02_G2_D32,cfg02_G2_D32,0.9769684569910169,cuda
validation,468,313,Cold,0.5589225888252258,0.182533398270607,0.5555555555555556,1.0,0.0,0.0,cfg02_G2_D32,cfg02_G2_D32,0.9769684569910169,cuda
validation,468,313,Warm A,0.5558077692985535,0.18401487171649933,0.5061728395061729,1.0,0.22304195165634155,0.6121419668197632,cfg02_G2_D32,cfg02_G2_D32,0.9769684569910169,cuda
validation,468,313,Warm B,0.5645279288291931,0.1804284304380417,0.5555555555555556,1.0,0.22871644794940948,0.42069435119628906,cfg02_G2_D32,cfg02_G2_D32,0.9769684569910169,cuda
validation,468,313,Warm C,0.5711253881454468,0.17850778996944427,0.5802469135802469,1.0,0.3587833046913147,0.4338698089122772,cfg02_G2_D32,cfg02_G2_D32,0.9769684569910169,cuda
validation,474,317,Cold,0.5635994672775269,0.18021191656589508,0.5555555555555556,1.0,0.0,0.0,cfg02_G2_D32,cfg02_G2_D32,0.9769684569910169,cuda
validation,474,317,Warm A,0.5553150177001953,0.18204571306705475,0.5061728395061729,1.0,0.22412973642349243,0.5461159944534302,cfg02_G2_D32,cfg02_G2_D32,0.9769684569910169,cuda
validation,474,317,Warm B,0.5541737675666809,0.18243643641471863,0.5308641975308642,1.0,0.359097957611084,0.4305552542209625,cfg02_G2_D32,cfg02_G2_D32,0.9769684569910169,cuda
validation,474,317,Warm C,0.5556660294532776,0.18193970620632172,0.5308641975308642,1.0,0.41003891825675964,0.611611545085907,cfg02_G2_D32,cfg02_G2_D32,0.9769684569910169,cuda
validation,497,334,Cold,0.5594555735588074,0.18147985637187958,0.5555555555555556,1.0,0.0,0.0,cfg02_G2_D32,cfg02_G2_D32,0.9769684569910169,cuda
validation,497,334,Warm A,0.5524408221244812,0.18335691094398499,0.5061728395061729,1.0,0.193858802318573,0.5866792798042297,cfg02_G2_D32,cfg02_G2_D32,0.9769684569910169,cuda
validation,497,334,Warm B,0.5587426424026489,0.18022289872169495,0.5308641975308642,1.0,0.23921482264995575,0.40225812792778015,cfg02_G2_D32,cfg02_G2_D32,0.9769684569910169,cuda
validation,497,334,Warm C,0.5656827092170715,0.17765532433986664,0.5308641975308642,1.0,0.30450108647346497,0.36877715587615967,cfg02_G2_D32,cfg02_G2_D32,0.9769684569910169,cuda
validation,517,350,Cold,0.5647602081298828,0.1797904223203659,0.5555555555555556,1.0,0.0,0.0,cfg02_G2_D32,cfg02_G2_D32,0.9769684569910169,cuda
validation,517,350,Warm A,0.5723880529403687,0.17842237651348114,0.6049382716049383,1.0,0.2209034115076065,0.5090407729148865,cfg02_G2_D32,cfg02_G2_D32,0.9769684569910169,cuda
validation,517,350,Warm B,0.5760600566864014,0.17756478488445282,0.5802469135802469,1.0,0.2515532672405243,0.3653685450553894,cfg02_G2_D32,cfg02_G2_D32,0.9769684569910169,cuda
validation,517,350,Warm C,0.5734683871269226,0.17671218514442444,0.5308641975308642,1.0,0.34256330132484436,0.4604921042919159,cfg02_G2_D32,cfg02_G2_D32,0.9769684569910169,cuda
validation,532,362,Cold,0.5597603917121887,0.18318568170070648,0.5555555555555556,1.0,0.0,0.0,cfg02_G2_D32,cfg02_G2_D32,0.9769684569910169,cuda
validation,532,362,Warm A,0.5498350262641907,0.1858154535293579,0.5308641975308642,1.0,0.22801046073436737,0.7412436604499817,cfg02_G2_D32,cfg02_G2_D32,0.9769684569910169,cuda
validation,532,362,Warm B,0.5489458441734314,0.18707135319709778,0.5061728395061729,1.0,0.42296576499938965,0.7380765676498413,cfg02_G2_D32,cfg02_G2_D32,0.9769684569910169,cuda
validation,532,362,Warm C,0.5545765161514282,0.18584544956684113,0.5308641975308642,1.0,0.2958378195762634,0.5983105897903442,cfg02_G2_D32,cfg02_G2_D32,0.9769684569910169,cuda
validation,538,367,Cold,0.5635719895362854,0.1786012500524521,0.5555555555555556,1.0,0.0,0.0,cfg02_G2_D32,cfg02_G2_D32,0.9769684569910169,cuda
validation,538,367,Warm A,0.5663226842880249,0.17958004772663116,0.5802469135802469,1.0,0.1972280591726303,0.5522777438163757,cfg02_G2_D32,cfg02_G2_D32,0.9769684569910169,cuda
validation,538,367,Warm B,0.5607962608337402,0.18015123903751373,0.5308641975308642,1.0,0.25217169523239136,0.621107280254364,cfg02_G2_D32,cfg02_G2_D32,0.9769684569910169,cuda
validation,538,367,Warm C,0.5556603670120239,0.18249762058258057,0.5308641975308642,1.0,0.28252872824668884,0.65627121925354,cfg02_G2_D32,cfg02_G2_D32,0.9769684569910169,cuda
validation,541,370,Cold,0.565929651260376,0.17079025506973267,0.5802469135802469,1.0,0.0,0.0,cfg02_G2_D32,cfg02_G2_D32,0.9769684569910169,cuda
validation,541,370,Warm A,0.5652608871459961,0.17160223424434662,0.5555555555555556,1.0,0.23188483715057373,0.32720518112182617,cfg02_G2_D32,cfg02_G2_D32,0.9769684569910169,cuda
validation,541,370,Warm B,0.5689776539802551,0.16950993239879608,0.5802469135802469,1.0,0.3721717298030853,0.4069521129131317,cfg02_G2_D32,cfg02_G2_D32,0.9769684569910169,cuda
validation,541,370,Warm C,0.5710556507110596,0.1698124259710312,0.5802469135802469,1.0,0.42647314071655273,0.3940214514732361,cfg02_G2_D32,cfg02_G2_D32,0.9769684569910169,cuda
validation,587,394,Cold,0.5610219240188599,0.17914576828479767,0.5555555555555556,1.0,0.0,0.0,cfg02_G2_D32,cfg02_G2_D32,0.9769684569910169,cuda
validation,587,394,Warm A,0.5634834170341492,0.1806408315896988,0.5555555555555556,1.0,0.22526295483112335,0.5560050010681152,cfg02_G2_D32,cfg02_G2_D32,0.9769684569910169,cuda
validation,587,394,Warm B,0.5550521612167358,0.18330168724060059,0.5555555555555556,1.0,0.2891005873680115,0.6777759194374084,cfg02_G2_D32,cfg02_G2_D32,0.9769684569910169,cuda
validation,587,394,Warm C,0.5630440711975098,0.1810867041349411,0.5555555555555556,1.0,0.323330283164978,0.5414507985115051,cfg02_G2_D32,cfg02_G2_D32,0.9769684569910169,cuda
validation,588,395,Cold,0.5639144778251648,0.17905737459659576,0.5555555555555556,1.0,0.0,0.0,cfg02_G2_D32,cfg02_G2_D32,0.9769684569910169,cuda
validation,588,395,Warm A,0.5607784986495972,0.18084542453289032,0.5061728395061729,1.0,0.21244940161705017,0.5465253591537476,cfg02_G2_D32,cfg02_G2_D32,0.9769684569910169,cuda
validation,588,395,Warm B,0.5543901324272156,0.18302461504936218,0.5061728395061729,1.0,0.34837666153907776,0.4147341847419739,cfg02_G2_D32,cfg02_G2_D32,0.9769684569910169,cuda
validation,588,395,Warm C,0.5598887801170349,0.18182604014873505,0.5061728395061729,1.0,0.30582118034362793,0.566872239112854,cfg02_G2_D32,cfg02_G2_D32,0.9769684569910169,cuda
validation,592,398,Cold,0.5673629641532898,0.17632463574409485,0.5555555555555556,1.0,0.0,0.0,cfg02_G2_D32,cfg02_G2_D32,0.9769684569910169,cuda
validation,592,398,Warm A,0.5701493620872498,0.17499852180480957,0.5555555555555556,1.0,0.2118690311908722,0.5774529576301575,cfg02_G2_D32,cfg02_G2_D32,0.9769684569910169,cuda
validation,592,398,Warm B,0.5701032280921936,0.1766848862171173,0.5802469135802469,1.0,0.2118883728981018,0.5551439523696899,cfg02_G2_D32,cfg02_G2_D32,0.9769684569910169,cuda
validation,592,398,Warm C,0.5604709982872009,0.1777753233909607,0.5555555555555556,1.0,0.3425869643688202,0.6093694567680359,cfg02_G2_D32,cfg02_G2_D32,0.9769684569910169,cuda
validation,599,404,Cold,0.5764216780662537,0.16823004186153412,0.5802469135802469,1.0,0.0,0.0,cfg02_G2_D32,cfg02_G2_D32,0.9769684569910169,cuda
validation,599,404,Warm A,0.5729878544807434,0.16916891932487488,0.6049382716049383,1.0,0.23059123754501343,0.4812021851539612,cfg02_G2_D32,cfg02_G2_D32,0.9769684569910169,cuda
validation,599,404,Warm B,0.5723021030426025,0.16952422261238098,0.6296296296296297,1.0,0.41246849298477173,0.34567609429359436,cfg02_G2_D32,cfg02_G2_D32,0.9769684569910169,cuda
validation,599,404,Warm C,0.5668590068817139,0.17207619547843933,0.5555555555555556,1.0,0.42402344942092896,0.5677019953727722,cfg02_G2_D32,cfg02_G2_D32,0.9769684569910169,cuda
validation,661,426,Cold,0.5588849186897278,0.18008247017860413,0.5555555555555556,1.0,0.0,0.0,cfg02_G2_D32,cfg02_G2_D32,0.9769684569910169,cuda
validation,661,426,Warm A,0.5551729202270508,0.18114601075649261,0.5555555555555556,1.0,0.21291279792785645,0.6763923764228821,cfg02_G2_D32,cfg02_G2_D32,0.9769684569910169,cuda
validation,661,426,Warm B,0.5506858229637146,0.18436598777770996,0.5308641975308642,1.0,0.35703223943710327,0.6861965656280518,cfg02_G2_D32,cfg02_G2_D32,0.9769684569910169,cuda
validation,661,426,Warm C,0.5482598543167114,0.1832415610551834,0.5308641975308642,1.0,0.4239102900028229,0.6501042246818542,cfg02_G2_D32,cfg02_G2_D32,0.9769684569910169,cuda
validation,750,460,Cold,0.577781081199646,0.16973918676376343,0.6049382716049383,1.0,0.0,0.0,cfg02_G2_D32,cfg02_G2_D32,0.9769684569910169,cuda
validation,750,460,Warm A,0.5811089277267456,0.16924019157886505,0.6296296296296297,1.0,0.2350614368915558,0.23642487823963165,cfg02_G2_D32,cfg02_G2_D32,0.9769684569910169,cuda
validation,750,460,Warm B,0.5811847448348999,0.1698133945465088,0.6049382716049383,1.0,0.28060048818588257,0.44378772377967834,cfg02_G2_D32,cfg02_G2_D32,0.9769684569910169,cuda
validation,750,460,Warm C,0.58274906873703,0.16875353455543518,0.6296296296296297,1.0,0.3991607129573822,0.2082807570695877,cfg02_G2_D32,cfg02_G2_D32,0.9769684569910169,cuda
validation,800,477,Cold,0.560080349445343,0.1821354329586029,0.5555555555555556,1.0,0.0,0.0,cfg02_G2_D32,cfg02_G2_D32,0.9769684569910169,cuda
validation,800,477,Warm A,0.5558062195777893,0.18437665700912476,0.5802469135802469,1.0,0.2280680537223816,0.49349671602249146,cfg02_G2_D32,cfg02_G2_D32,0.9769684569910169,cuda
validation,800,477,Warm B,0.5625759363174438,0.18279647827148438,0.5802469135802469,1.0,0.2436099648475647,0.43340858817100525,cfg02_G2_D32,cfg02_G2_D32,0.9769684569910169,cuda
validation,800,477,Warm C,0.5624487400054932,0.1809876561164856,0.5802469135802469,1.0,0.4283290207386017,0.2198456972837448,cfg02_G2_D32,cfg02_G2_D32,0.9769684569910169,cuda
validation,830,486,Cold,0.5564640164375305,0.18939641118049622,0.5555555555555556,1.0,0.0,0.0,cfg02_G2_D32,cfg02_G2_D32,0.9769684569910169,cuda
validation,830,486,Warm A,0.5647933483123779,0.18763788044452667,0.5555555555555556,1.0,0.2163645625114441,0.5242342948913574,cfg02_G2_D32,cfg02_G2_D32,0.9769684569910169,cuda
validation,830,486,Warm B,0.5668224096298218,0.18765486776828766,0.5802469135802469,1.0,0.30396708846092224,0.4763649106025696,cfg02_G2_D32,cfg02_G2_D32,0.9769684569910169,cuda
validation,830,486,Warm C,0.56715327501297,0.18573443591594696,0.5802469135802469,1.0,0.40087056159973145,0.4586465060710907,cfg02_G2_D32,cfg02_G2_D32,0.9769684569910169,cuda
validation,837,491,Cold,0.5584911704063416,0.1843246966600418,0.5555555555555556,1.0,0.0,0.0,cfg02_G2_D32,cfg02_G2_D32,0.9769684569910169,cuda
validation,837,491,Warm A,0.5638794898986816,0.1826522946357727,0.5802469135802469,1.0,0.2068025767803192,0.5367803573608398,cfg02_G2_D32,cfg02_G2_D32,0.9769684569910169,cuda
validation,837,491,Warm B,0.5554540157318115,0.1835309863090515,0.5555555555555556,1.0,0.19253140687942505,0.6500824689865112,cfg02_G2_D32,cfg02_G2_D32,0.9769684569910169,cuda
validation,837,491,Warm C,0.5565357804298401,0.1829858273267746,0.5802469135802469,1.0,0.29389408230781555,0.5612413883209229,cfg02_G2_D32,cfg02_G2_D32,0.9769684569910169,cuda
validation,852,498,Cold,0.558899462223053,0.1829754114151001,0.5555555555555556,1.0,0.0,0.0,cfg02_G2_D32,cfg02_G2_D32,0.9769684569910169,cuda
validation,852,498,Warm A,0.5657427906990051,0.18280279636383057,0.5802469135802469,1.0,0.23116007447242737,0.3624531924724579,cfg02_G2_D32,cfg02_G2_D32,0.9769684569910169,cuda
validation,852,498,Warm B,0.5546534061431885,0.18630878627300262,0.5308641975308642,1.0,0.2660829722881317,0.6120771765708923,cfg02_G2_D32,cfg02_G2_D32,0.9769684569910169,cuda
validation,852,498,Warm C,0.5603408813476562,0.18407994508743286,0.5555555555555556,1.0,0.3635927438735962,0.45502811670303345,cfg02_G2_D32,cfg02_G2_D32,0.9769684569910169,cuda
validation,880,503,Cold,0.5607266426086426,0.18250824511051178,0.5555555555555556,1.0,0.0,0.0,cfg02_G2_D32,cfg02_G2_D32,0.9769684569910169,cuda
validation,880,503,Warm A,0.5670478940010071,0.1818581521511078,0.5802469135802469,1.0,0.21944069862365723,0.4096626341342926,cfg02_G2_D32,cfg02_G2_D32,0.9769684569910169,cuda
validation,880,503,Warm B,0.572738766670227,0.18273146450519562,0.6049382716049383,1.0,0.3967970907688141,0.40130797028541565,cfg02_G2_D32,cfg02_G2_D32,0.9769684569910169,cuda
validation,880,503,Warm C,0.5781752467155457,0.18328005075454712,0.5802469135802469,1.0,0.606024444103241,0.16338054835796356,cfg02_G2_D32,cfg02_G2_D32,0.9769684569910169,cuda
validation,902,514,Cold,0.5798519849777222,0.1700674444437027,0.5802469135802469,1.0,0.0,0.0,cfg02_G2_D32,cfg02_G2_D32,0.9769684569910169,cuda
validation,902,514,Warm A,0.5853921175003052,0.17004314064979553,0.6296296296296297,1.0,0.2292710244655609,0.40063008666038513,cfg02_G2_D32,cfg02_G2_D32,0.9769684569910169,cuda
validation,902,514,Warm B,0.5913039445877075,0.16975507140159607,0.6296296296296297,1.0,0.4156540334224701,0.4252847731113434,cfg02_G2_D32,cfg02_G2_D32,0.9769684569910169,cuda
validation,902,514,Warm C,0.5866979956626892,0.1686454862356186,0.6296296296296297,1.0,0.3297414779663086,0.6221830248832703,cfg02_G2_D32,cfg02_G2_D32,0.9769684569910169,cuda
validation,904,516,Cold,0.5830053687095642,0.1727488487958908,0.5802469135802469,1.0,0.0,0.0,cfg02_G2_D32,cfg02_G2_D32,0.9769684569910169,cuda
validation,904,516,Warm A,0.5868948698043823,0.1718066781759262,0.6049382716049383,1.0,0.24345141649246216,0.2151208370923996,cfg02_G2_D32,cfg02_G2_D32,0.9769684569910169,cuda
validation,904,516,Warm B,0.5920271277427673,0.17160552740097046,0.6296296296296297,1.0,0.47814545035362244,0.14079804718494415,cfg02_G2_D32,cfg02_G2_D32,0.9769684569910169,cuda
validation,904,516,Warm C,0.5902780890464783,0.17333069443702698,0.6049382716049383,1.0,0.41621100902557373,0.2115822583436966,cfg02_G2_D32,cfg02_G2_D32,0.9769684569910169,cuda
validation,914,526,Cold,0.5780134797096252,0.1681085228919983,0.5802469135802469,1.0,0.0,0.0,cfg02_G2_D32,cfg02_G2_D32,0.9769684569910169,cuda
validation,914,526,Warm A,0.5804154276847839,0.16781771183013916,0.6049382716049383,1.0,0.21213790774345398,0.5699083209037781,cfg02_G2_D32,cfg02_G2_D32,0.9769684569910169,cuda
validation,914,526,Warm B,0.5814077258110046,0.1672181934118271,0.5555555555555556,1.0,0.2541674077510834,0.3746050000190735,cfg02_G2_D32,cfg02_G2_D32,0.9769684569910169,cuda
validation,914,526,Warm C,0.584541380405426,0.16505387425422668,0.6049382716049383,1.0,0.3752043545246124,0.3802154064178467,cfg02_G2_D32,cfg02_G2_D32,0.9769684569910169,cuda
validation,920,532,Cold,0.5872753262519836,0.17920461297035217,0.5555555555555556,1.0,0.0,0.0,cfg02_G2_D32,cfg02_G2_D32,0.9769684569910169,cuda
validation,920,532,Warm A,0.5825617909431458,0.1802179515361786,0.5308641975308642,1.0,0.22400687634944916,0.6780809164047241,cfg02_G2_D32,cfg02_G2_D32,0.9769684569910169,cuda
validation,920,532,Warm B,0.5831305384635925,0.1808013767004013,0.5308641975308642,1.0,0.3340124487876892,0.5832251906394958,cfg02_G2_D32,cfg02_G2_D32,0.9769684569910169,cuda
validation,920,532,Warm C,0.5842635631561279,0.18104366958141327,0.5555555555555556,1.0,0.24383337795734406,0.37737661600112915,cfg02_G2_D32,cfg02_G2_D32,0.9769684569910169,cuda
validation,922,534,Cold,0.5819193720817566,0.1722661256790161,0.5555555555555556,1.0,0.0,0.0,cfg02_G2_D32,cfg02_G2_D32,0.9769684569910169,cuda
validation,922,534,Warm A,0.5831369757652283,0.17231963574886322,0.5555555555555556,1.0,0.15941017866134644,0.2946404814720154,cfg02_G2_D32,cfg02_G2_D32,0.9769684569910169,cuda
validation,922,534,Warm B,0.5864614248275757,0.17124789953231812,0.6049382716049383,1.0,0.2631252706050873,0.1983886957168579,cfg02_G2_D32,cfg02_G2_D32,0.9769684569910169,cuda
validation,922,534,Warm C,0.591635525226593,0.17008019983768463,0.654320987654321,1.0,0.45565804839134216,0.036459702998399734,cfg02_G2_D32,cfg02_G2_D32,0.9769684569910169,cuda
validation,923,535,Cold,0.5877572298049927,0.17974141240119934,0.5555555555555556,1.0,0.0,0.0,cfg02_G2_D32,cfg02_G2_D32,0.9769684569910169,cuda
validation,923,535,Warm A,0.5853568911552429,0.18082982301712036,0.5802469135802469,1.0,0.19228294491767883,0.5716480016708374,cfg02_G2_D32,cfg02_G2_D32,0.9769684569910169,cuda
validation,923,535,Warm B,0.5876474380493164,0.17990213632583618,0.5802469135802469,1.0,0.2113727629184723,0.32263436913490295,cfg02_G2_D32,cfg02_G2_D32,0.9769684569910169,cuda
validation,923,535,Warm C,0.592504620552063,0.1794978529214859,0.6049382716049383,1.0,0.3473757803440094,0.31062355637550354,cfg02_G2_D32,cfg02_G2_D32,0.9769684569910169,cuda
validation,924,536,Cold,0.575991690158844,0.1702328473329544,0.5802469135802469,1.0,0.0,0.0,cfg02_G2_D32,cfg02_G2_D32,0.9769684569910169,cuda
validation,924,536,Warm A,0.5778079628944397,0.16964711248874664,0.6296296296296297,1.0,0.2324395477771759,0.3955483138561249,cfg02_G2_D32,cfg02_G2_D32,0.9769684569910169,cuda
validation,924,536,Warm B,0.5708323121070862,0.1725095808506012,0.5555555555555556,1.0,0.24721921980381012,0.5796480774879456,cfg02_G2_D32,cfg02_G2_D32,0.9769684569910169,cuda
validation,924,536,Warm C,0.5744639039039612,0.17223431169986725,0.6049382716049383,1.0,0.2463376671075821,0.45177289843559265,cfg02_G2_D32,cfg02_G2_D32,0.9769684569910169,cuda
validation,934,545,Cold,0.5824417471885681,0.17672887444496155,0.5802469135802469,1.0,0.0,0.0,cfg02_G2_D32,cfg02_G2_D32,0.9769684569910169,cuda
validation,934,545,Warm A,0.5781006217002869,0.17836783826351166,0.5308641975308642,1.0,0.22333590686321259,0.6136563420295715,cfg02_G2_D32,cfg02_G2_D32,0.9769684569910169,cuda
validation,934,545,Warm B,0.5774198174476624,0.17800036072731018,0.5802469135802469,1.0,0.3242625594139099,0.6364688873291016,cfg02_G2_D32,cfg02_G2_D32,0.9769684569910169,cuda
validation,934,545,Warm C,0.5763902068138123,0.17756099998950958,0.5308641975308642,1.0,0.38985729217529297,0.6029717326164246,cfg02_G2_D32,cfg02_G2_D32,0.9769684569910169,cuda
validation,942,551,Cold,0.5853265523910522,0.17586739361286163,0.5802469135802469,1.0,0.0,0.0,cfg02_G2_D32,cfg02_G2_D32,0.9769684569910169,cuda
validation,942,551,Warm A,0.5859472155570984,0.1761145293712616,0.5802469135802469,1.0,0.2145089954137802,0.3400692939758301,cfg02_G2_D32,cfg02_G2_D32,0.9769684569910169,cuda
validation,942,551,Warm B,0.5881689786911011,0.17641285061836243,0.6049382716049383,1.0,0.27993133664131165,0.29594698548316956,cfg02_G2_D32,cfg02_G2_D32,0.9769684569910169,cuda
validation,942,551,Warm C,0.5819635987281799,0.17707514762878418,0.5308641975308642,1.0,0.27975428104400635,0.5125265717506409,cfg02_G2_D32,cfg02_G2_D32,0.9769684569910169,cuda
validation,949,558,Cold,0.5833063721656799,0.17273566126823425,0.5802469135802469,1.0,0.0,0.0,cfg02_G2_D32,cfg02_G2_D32,0.9769684569910169,cuda
validation,949,558,Warm A,0.5863953828811646,0.1728181689977646,0.6296296296296297,1.0,0.20122021436691284,0.4758709967136383,cfg02_G2_D32,cfg02_G2_D32,0.9769684569910169,cuda
validation,949,558,Warm B,0.5897273421287537,0.1722991168498993,0.6296296296296297,1.0,0.3011760711669922,0.2692217230796814,cfg02_G2_D32,cfg02_G2_D32,0.9769684569910169,cuda
validation,949,558,Warm C,0.5847971439361572,0.17327699065208435,0.6049382716049383,1.0,0.2406608611345291,0.5871300101280212,cfg02_G2_D32,cfg02_G2_D32,0.9769684569910169,cuda
validation,953,562,Cold,0.5864232182502747,0.17789499461650848,0.5555555555555556,1.0,0.0,0.0,cfg02_G2_D32,cfg02_G2_D32,0.9769684569910169,cuda
validation,953,562,Warm A,0.5840138792991638,0.1787332147359848,0.5555555555555556,1.0,0.2089296281337738,0.4488533139228821,cfg02_G2_D32,cfg02_G2_D32,0.9769684569910169,cuda
validation,953,562,Warm B,0.5844288468360901,0.17984171211719513,0.5555555555555556,1.0,0.2754800319671631,0.3997827172279358,cfg02_G2_D32,cfg02_G2_D32,0.9769684569910169,cuda
validation,953,562,Warm C,0.580702543258667,0.18139256536960602,0.5308641975308642,1.0,0.4161180257797241,0.5421431660652161,cfg02_G2_D32,cfg02_G2_D32,0.9769684569910169,cuda
validation,965,565,Cold,0.5897679328918457,0.18307723104953766,0.5555555555555556,1.0,0.0,0.0,cfg02_G2_D32,cfg02_G2_D32,0.9769684569910169,cuda
validation,965,565,Warm A,0.5914067625999451,0.18479569256305695,0.6049382716049383,1.0,0.2030772864818573,0.3611166179180145,cfg02_G2_D32,cfg02_G2_D32,0.9769684569910169,cuda
validation,965,565,Warm B,0.5938037633895874,0.18437187373638153,0.6049382716049383,1.0,0.2731592357158661,0.2517651319503784,cfg02_G2_D32,cfg02_G2_D32,0.9769684569910169,cuda
validation,965,565,Warm C,0.5901387929916382,0.18560399115085602,0.6049382716049383,1.0,0.28381913900375366,0.568752110004425,cfg02_G2_D32,cfg02_G2_D32,0.9769684569910169,cuda
validation,1007,583,Cold,0.5701048970222473,0.17209669947624207,0.5308641975308642,1.0,0.0,0.0,cfg02_G2_D32,cfg02_G2_D32,0.9769684569910169,cuda
validation,1007,583,Warm A,0.5711410641670227,0.17275705933570862,0.5308641975308642,1.0,0.23511210083961487,0.7124422192573547,cfg02_G2_D32,cfg02_G2_D32,0.9769684569910169,cuda
validation,1007,583,Warm B,0.5777420401573181,0.17298129200935364,0.5308641975308642,1.0,0.3313629925251007,0.42900705337524414,cfg02_G2_D32,cfg02_G2_D32,0.9769684569910169,cuda
validation,1007,583,Warm C,0.5822478532791138,0.17410096526145935,0.5802469135802469,1.0,0.43156304955482483,0.27142706513404846,cfg02_G2_D32,cfg02_G2_D32,0.9769684569910169,cuda
validation,1021,597,Cold,0.5584896206855774,0.183097243309021,0.5555555555555556,1.0,0.0,0.0,cfg02_G2_D32,cfg02_G2_D32,0.9769684569910169,cuda
validation,1021,597,Warm A,0.5625200867652893,0.1826610267162323,0.5802469135802469,1.0,0.19709981977939606,0.565789520740509,cfg02_G2_D32,cfg02_G2_D32,0.9769684569910169,cuda
validation,1021,597,Warm B,0.5686345100402832,0.18266120553016663,0.6049382716049383,1.0,0.3614863455295563,0.40445205569267273,cfg02_G2_D32,cfg02_G2_D32,0.9769684569910169,cuda
validation,1021,597,Warm C,0.56169193983078,0.1824491173028946,0.5802469135802469,1.0,0.22520266473293304,0.5524981617927551,cfg02_G2_D32,cfg02_G2_D32,0.9769684569910169,cuda
validation,1025,601,Cold,0.577549159526825,0.16976772248744965,0.5802469135802469,1.0,0.0,0.0,cfg02_G2_D32,cfg02_G2_D32,0.9769684569910169,cuda
validation,1025,601,Warm A,0.5749509334564209,0.1709323525428772,0.5802469135802469,1.0,0.22789821028709412,0.8792207837104797,cfg02_G2_D32,cfg02_G2_D32,0.9769684569910169,cuda
validation,1025,601,Warm B,0.5762245059013367,0.17077407240867615,0.5802469135802469,1.0,0.24325838685035706,0.5371503233909607,cfg02_G2_D32,cfg02_G2_D32,0.9769684569910169,cuda
validation,1025,601,Warm C,0.5785325765609741,0.17277321219444275,0.5308641975308642,1.0,0.3535453677177429,0.42400264739990234,cfg02_G2_D32,cfg02_G2_D32,0.9769684569910169,cuda
validation,1049,618,Cold,0.5587882995605469,0.18419046700000763,0.5555555555555556,1.0,0.0,0.0,cfg02_G2_D32,cfg02_G2_D32,0.9769684569910169,cuda
validation,1049,618,Warm A,0.5614668130874634,0.18444021046161652,0.5308641975308642,1.0,0.22588513791561127,0.6440321207046509,cfg02_G2_D32,cfg02_G2_D32,0.9769684569910169,cuda
validation,1049,618,Warm B,0.5550003051757812,0.18610116839408875,0.5555555555555556,1.0,0.29673638939857483,0.6447149515151978,cfg02_G2_D32,cfg02_G2_D32,0.9769684569910169,cuda
validation,1049,618,Warm C,0.5621442198753357,0.18464121222496033,0.5555555555555556,1.0,0.2459276020526886,0.48040270805358887,cfg02_G2_D32,cfg02_G2_D32,0.9769684569910169,cuda
validation,1057,622,Cold,0.5601548552513123,0.18206560611724854,0.5555555555555556,1.0,0.0,0.0,cfg02_G2_D32,cfg02_G2_D32,0.9769684569910169,cuda
validation,1057,622,Warm A,0.5503020882606506,0.18378673493862152,0.5308641975308642,1.0,0.2230442315340042,0.7238766551017761,cfg02_G2_D32,cfg02_G2_D32,0.9769684569910169,cuda
validation,1057,622,Warm B,0.5451147556304932,0.1861833930015564,0.5061728395061729,1.0,0.35821837186813354,0.6067163348197937,cfg02_G2_D32,cfg02_G2_D32,0.9769684569910169,cuda
validation,1057,622,Warm C,0.5459862351417542,0.18489211797714233,0.5061728395061729,1.0,0.36648133397102356,0.4680893123149872,cfg02_G2_D32,cfg02_G2_D32,0.9769684569910169,cuda
validation,1061,625,Cold,0.5605316162109375,0.18161407113075256,0.5555555555555556,1.0,0.0,0.0,cfg02_G2_D32,cfg02_G2_D32,0.9769684569910169,cuda
validation,1061,625,Warm A,0.5638825297355652,0.18178465962409973,0.5308641975308642,1.0,0.2204188108444214,0.5930460691452026,cfg02_G2_D32,cfg02_G2_D32,0.9769684569910169,cuda
validation,1061,625,Warm B,0.5683637261390686,0.17930500209331512,0.5555555555555556,1.0,0.2539176344871521,0.43429476022720337,cfg02_G2_D32,cfg02_G2_D32,0.9769684569910169,cuda
validation,1061,625,Warm C,0.568902313709259,0.17569401860237122,0.5802469135802469,1.0,0.3694855570793152,0.5069471597671509,cfg02_G2_D32,cfg02_G2_D32,0.9769684569910169,cuda
validation,1088,640,Cold,0.5661638975143433,0.1728612631559372,0.5802469135802469,1.0,0.0,0.0,cfg02_G2_D32,cfg02_G2_D32,0.9769684569910169,cuda
validation,1088,640,Warm A,0.5767401456832886,0.17065271735191345,0.6296296296296297,1.0,0.23371081054210663,0.4338306486606598,cfg02_G2_D32,cfg02_G2_D32,0.9769684569910169,cuda
validation,1088,640,Warm B,0.5804781317710876,0.16808171570301056,0.6790123456790124,1.0,0.322309672832489,0.5685699582099915,cfg02_G2_D32,cfg02_G2_D32,0.9769684569910169,cuda
validation,1088,640,Warm C,0.5848469734191895,0.1666393280029297,0.6790123456790124,1.0,0.49903929233551025,0.4365876317024231,cfg02_G2_D32,cfg02_G2_D32,0.9769684569910169,cuda
validation,1091,643,Cold,0.5602600574493408,0.18450967967510223,0.5308641975308642,1.0,0.0,0.0,cfg02_G2_D32,cfg02_G2_D32,0.9769684569910169,cuda
validation,1091,643,Warm A,0.5621634721755981,0.1855146735906601,0.5308641975308642,1.0,0.22497867047786713,0.5527960062026978,cfg02_G2_D32,cfg02_G2_D32,0.9769684569910169,cuda
validation,1091,643,Warm B,0.5717402100563049,0.18371818959712982,0.6049382716049383,1.0,0.3345244824886322,0.26223233342170715,cfg02_G2_D32,cfg02_G2_D32,0.9769684569910169,cuda
validation,1091,643,Warm C,0.5658364295959473,0.18477655947208405,0.5555555555555556,1.0,0.2289346605539322,0.5226917266845703,cfg02_G2_D32,cfg02_G2_D32,0.9769684569910169,cuda
validation,1148,669,Cold,0.5587524771690369,0.18468472361564636,0.5555555555555556,1.0,0.0,0.0,cfg02_G2_D32,cfg02_G2_D32,0.9769684569910169,cuda
validation,1148,669,Warm A,0.5521023869514465,0.18628515303134918,0.5555555555555556,1.0,0.230213925242424,0.5167534947395325,cfg02_G2_D32,cfg02_G2_D32,0.9769684569910169,cuda
validation,1148,669,Warm B,0.5555858612060547,0.18321366608142853,0.5308641975308642,1.0,0.36292892694473267,0.17627401649951935,cfg02_G2_D32,cfg02_G2_D32,0.9769684569910169,cuda
validation,1148,669,Warm C,0.5608008503913879,0.18102014064788818,0.5802469135802469,1.0,0.5436047315597534,0.1536177396774292,cfg02_G2_D32,cfg02_G2_D32,0.9769684569910169,cuda
validation,1172,675,Cold,0.5631636381149292,0.17792415618896484,0.5308641975308642,1.0,0.0,0.0,cfg02_G2_D32,cfg02_G2_D32,0.9769684569910169,cuda
validation,1172,675,Warm A,0.5583874583244324,0.17900462448596954,0.5061728395061729,1.0,0.2182900458574295,0.46007806062698364,cfg02_G2_D32,cfg02_G2_D32,0.9769684569910169,cuda
validation,1172,675,Warm B,0.5563995242118835,0.17873448133468628,0.5061728395061729,1.0,0.4000794589519501,0.3414822518825531,cfg02_G2_D32,cfg02_G2_D32,0.9769684569910169,cuda
validation,1172,675,Warm C,0.5551201105117798,0.1795579493045807,0.5061728395061729,1.0,0.3773193657398224,0.42666158080101013,cfg02_G2_D32,cfg02_G2_D32,0.9769684569910169,cuda
validation,1175,677,Cold,0.5598610043525696,0.1819959580898285,0.5555555555555556,1.0,0.0,0.0,cfg02_G2_D32,cfg02_G2_D32,0.9769684569910169,cuda
validation,1175,677,Warm A,0.5505462288856506,0.18437427282333374,0.5061728395061729,1.0,0.22933535277843475,0.6524061560630798,cfg02_G2_D32,cfg02_G2_D32,0.9769684569910169,cuda
validation,1175,677,Warm B,0.5497655272483826,0.18725697696208954,0.5308641975308642,1.0,0.28393957018852234,0.5495664477348328,cfg02_G2_D32,cfg02_G2_D32,0.9769684569910169,cuda
validation,1175,677,Warm C,0.5497882962226868,0.1878010332584381,0.5308641975308642,1.0,0.36122527718544006,0.4354587495326996,cfg02_G2_D32,cfg02_G2_D32,0.9769684569910169,cuda
validation,1178,680,Cold,0.580040693283081,0.17056435346603394,0.5802469135802469,1.0,0.0,0.0,cfg02_G2_D32,cfg02_G2_D32,0.9769684569910169,cuda
validation,1178,680,Warm A,0.5846107602119446,0.1697099506855011,0.5802469135802469,1.0,0.241099551320076,0.20485782623291016,cfg02_G2_D32,cfg02_G2_D32,0.9769684569910169,cuda
validation,1178,680,Warm B,0.5834710597991943,0.16969679296016693,0.6049382716049383,1.0,0.27055859565734863,0.23509347438812256,cfg02_G2_D32,cfg02_G2_D32,0.9769684569910169,cuda
validation,1178,680,Warm C,0.5842701196670532,0.16971836984157562,0.6049382716049383,1.0,0.3902052640914917,0.16824385523796082,cfg02_G2_D32,cfg02_G2_D32,0.9769684569910169,cuda
validation,1183,682,Cold,0.5591804385185242,0.18104371428489685,0.5555555555555556,1.0,0.0,0.0,cfg02_G2_D32,cfg02_G2_D32,0.9769684569910169,cuda
validation,1183,682,Warm A,0.5596315264701843,0.18323922157287598,0.5802469135802469,1.0,0.21551613509655,0.5307437777519226,cfg02_G2_D32,cfg02_G2_D32,0.9769684569910169,cuda
validation,1183,682,Warm B,0.5529133081436157,0.18444620072841644,0.5555555555555556,1.0,0.28566911816596985,0.5955273509025574,cfg02_G2_D32,cfg02_G2_D32,0.9769684569910169,cuda
validation,1183,682,Warm C,0.5470238327980042,0.1873021423816681,0.5308641975308642,1.0,0.4228130578994751,0.6372818946838379,cfg02_G2_D32,cfg02_G2_D32,0.9769684569910169,cuda
validation,1185,684,Cold,0.5660735964775085,0.17576545476913452,0.5802469135802469,1.0,0.0,0.0,cfg02_G2_D32,cfg02_G2_D32,0.9769684569910169,cuda
validation,1185,684,Warm A,0.5664964318275452,0.17495667934417725,0.5802469135802469,1.0,0.22228547930717468,0.29085156321525574,cfg02_G2_D32,cfg02_G2_D32,0.9769684569910169,cuda
validation,1185,684,Warm B,0.561358630657196,0.17773747444152832,0.5308641975308642,1.0,0.2563652992248535,0.5036882162094116,cfg02_G2_D32,cfg02_G2_D32,0.9769684569910169,cuda
validation,1185,684,Warm C,0.5690034627914429,0.1747056543827057,0.6049382716049383,1.0,0.308605819940567,0.34433719515800476,cfg02_G2_D32,cfg02_G2_D32,0.9769684569910169,cuda
validation,1193,692,Cold,0.5732801556587219,0.1712324321269989,0.5308641975308642,1.0,0.0,0.0,cfg02_G2_D32,cfg02_G2_D32,0.9769684569910169,cuda
validation,1193,692,Warm A,0.5793888568878174,0.16877266764640808,0.6296296296296297,1.0,0.24188947677612305,0.38735881447792053,cfg02_G2_D32,cfg02_G2_D32,0.9769684569910169,cuda
validation,1193,692,Warm B,0.5824009776115417,0.16772329807281494,0.654320987654321,1.0,0.47321462631225586,0.19704006612300873,cfg02_G2_D32,cfg02_G2_D32,0.9769684569910169,cuda
validation,1193,692,Warm C,0.5876327157020569,0.16641820967197418,0.7283950617283951,1.0,0.6944878697395325,0.09233744442462921,cfg02_G2_D32,cfg02_G2_D32,0.9769684569910169,cuda
validation,1194,693,Cold,0.5670002698898315,0.17772789299488068,0.5308641975308642,1.0,0.0,0.0,cfg02_G2_D32,cfg02_G2_D32,0.9769684569910169,cuda
validation,1194,693,Warm A,0.5689651370048523,0.17820362746715546,0.5555555555555556,1.0,0.21983171999454498,0.5142437815666199,cfg02_G2_D32,cfg02_G2_D32,0.9769684569910169,cuda
validation,1194,693,Warm B,0.5664868950843811,0.18070919811725616,0.5308641975308642,1.0,0.267382949590683,0.7037479877471924,cfg02_G2_D32,cfg02_G2_D32,0.9769684569910169,cuda
validation,1194,693,Warm C,0.5655145049095154,0.1798507273197174,0.5555555555555556,1.0,0.32999154925346375,0.6121888160705566,cfg02_G2_D32,cfg02_G2_D32,0.9769684569910169,cuda
validation,1198,696,Cold,0.5690330266952515,0.17443299293518066,0.5802469135802469,1.0,0.0,0.0,cfg02_G2_D32,cfg02_G2_D32,0.9769684569910169,cuda
validation,1198,696,Warm A,0.5616414546966553,0.17598356306552887,0.5308641975308642,1.0,0.2206818014383316,0.5597447156906128,cfg02_G2_D32,cfg02_G2_D32,0.9769684569910169,cuda
validation,1198,696,Warm B,0.5652000904083252,0.1744004786014557,0.5308641975308642,1.0,0.29166582226753235,0.3159331977367401,cfg02_G2_D32,cfg02_G2_D32,0.9769684569910169,cuda
validation,1198,696,Warm C,0.5683342218399048,0.173394575715065,0.5555555555555556,1.0,0.24272312223911285,0.42173537611961365,cfg02_G2_D32,cfg02_G2_D32,0.9769684569910169,cuda
validation,1199,697,Cold,0.5659218430519104,0.17273065447807312,0.5802469135802469,1.0,0.0,0.0,cfg02_G2_D32,cfg02_G2_D32,0.9769684569910169,cuda
validation,1199,697,Warm A,0.5559265613555908,0.175581693649292,0.48148148148148145,1.0,0.22549790143966675,0.6723341941833496,cfg02_G2_D32,cfg02_G2_D32,0.9769684569910169,cuda
validation,1199,697,Warm B,0.5531578063964844,0.17714136838912964,0.5061728395061729,1.0,0.39517220854759216,0.39985889196395874,cfg02_G2_D32,cfg02_G2_D32,0.9769684569910169,cuda
validation,1199,697,Warm C,0.5481429100036621,0.18038393557071686,0.4567901234567901,1.0,0.5915356278419495,0.4046975076198578,cfg02_G2_D32,cfg02_G2_D32,0.9769684569910169,cuda
validation,1210,708,Cold,0.5651780366897583,0.17434874176979065,0.5802469135802469,1.0,0.0,0.0,cfg02_G2_D32,cfg02_G2_D32,0.9769684569910169,cuda
validation,1210,708,Warm A,0.5649027228355408,0.17493359744548798,0.5555555555555556,1.0,0.2238600105047226,0.6201326251029968,cfg02_G2_D32,cfg02_G2_D32,0.9769684569910169,cuda
validation,1210,708,Warm B,0.5628424882888794,0.17673005163669586,0.5555555555555556,1.0,0.30367353558540344,0.46418139338493347,cfg02_G2_D32,cfg02_G2_D32,0.9769684569910169,cuda
validation,1210,708,Warm C,0.5595646500587463,0.17684520781040192,0.5308641975308642,1.0,0.3402560353279114,0.6693213582038879,cfg02_G2_D32,cfg02_G2_D32,0.9769684569910169,cuda
validation,1222,720,Cold,0.5653867125511169,0.17544494569301605,0.5802469135802469,1.0,0.0,0.0,cfg02_G2_D32,cfg02_G2_D32,0.9769684569910169,cuda
validation,1222,720,Warm A,0.5596176981925964,0.17671668529510498,0.5308641975308642,1.0,0.21562182903289795,0.5360473990440369,cfg02_G2_D32,cfg02_G2_D32,0.9769684569910169,cuda
validation,1222,720,Warm B,0.5595418810844421,0.1768372356891632,0.5308641975308642,1.0,0.3449196517467499,0.35131701827049255,cfg02_G2_D32,cfg02_G2_D32,0.9769684569910169,cuda
validation,1222,720,Warm C,0.5610072612762451,0.1772814840078354,0.5555555555555556,1.0,0.3103663921356201,0.3573349416255951,cfg02_G2_D32,cfg02_G2_D32,0.9769684569910169,cuda
validation,1226,724,Cold,0.5820465683937073,0.17419452965259552,0.5802469135802469,1.0,0.0,0.0,cfg02_G2_D32,cfg02_G2_D32,0.9769684569910169,cuda
validation,1226,724,Warm A,0.5870558619499207,0.17337588965892792,0.5802469135802469,1.0,0.21763136982917786,0.395069420337677,cfg02_G2_D32,cfg02_G2_D32,0.9769684569910169,cuda
validation,1226,724,Warm B,0.5899062752723694,0.17416679859161377,0.6049382716049383,1.0,0.3245347738265991,0.36930879950523376,cfg02_G2_D32,cfg02_G2_D32,0.9769684569910169,cuda
validation,1226,724,Warm C,0.5875240564346313,0.17352929711341858,0.6049382716049383,1.0,0.3364160656929016,0.36809849739074707,cfg02_G2_D32,cfg02_G2_D32,0.9769684569910169,cuda
validation,1228,726,Cold,0.5726485252380371,0.17266763746738434,0.5802469135802469,1.0,0.0,0.0,cfg02_G2_D32,cfg02_G2_D32,0.9769684569910169,cuda
validation,1228,726,Warm A,0.5696720480918884,0.1730462908744812,0.5555555555555556,1.0,0.22154851257801056,0.36343830823898315,cfg02_G2_D32,cfg02_G2_D32,0.9769684569910169,cuda
validation,1228,726,Warm B,0.5747246742248535,0.17094863951206207,0.6296296296296297,1.0,0.3106437027454376,0.301640123128891,cfg02_G2_D32,cfg02_G2_D32,0.9769684569910169,cuda
validation,1228,726,Warm C,0.5657801628112793,0.17486903071403503,0.5555555555555556,1.0,0.2581210136413574,0.6741009950637817,cfg02_G2_D32,cfg02_G2_D32,0.9769684569910169,cuda
validation,1233,729,Cold,0.5681618452072144,0.17356158792972565,0.5802469135802469,1.0,0.0,0.0,cfg02_G2_D32,cfg02_G2_D32,0.9769684569910169,cuda
validation,1233,729,Warm A,0.5646306872367859,0.17510740458965302,0.5555555555555556,1.0,0.22548380494117737,0.36129871010780334,cfg02_G2_D32,cfg02_G2_D32,0.9769684569910169,cuda
validation,1233,729,Warm B,0.5623335838317871,0.175207257270813,0.5555555555555556,1.0,0.4014281630516052,0.3778420388698578,cfg02_G2_D32,cfg02_G2_D32,0.9769684569910169,cuda
validation,1233,729,Warm C,0.5664274096488953,0.17300498485565186,0.5802469135802469,1.0,0.2581550180912018,0.37207797169685364,cfg02_G2_D32,cfg02_G2_D32,0.9769684569910169,cuda
validation,1251,746,Cold,0.5815025568008423,0.17064924538135529,0.6296296296296297,1.0,0.0,0.0,cfg02_G2_D32,cfg02_G2_D32,0.9769684569910169,cuda
validation,1251,746,Warm A,0.585349977016449,0.17020772397518158,0.654320987654321,1.0,0.2201680839061737,0.400669664144516,cfg02_G2_D32,cfg02_G2_D32,0.9769684569910169,cuda
validation,1251,746,Warm B,0.5897083878517151,0.16898375749588013,0.654320987654321,1.0,0.3855744004249573,0.39799270033836365,cfg02_G2_D32,cfg02_G2_D32,0.9769684569910169,cuda
validation,1251,746,Warm C,0.5863423943519592,0.16893921792507172,0.6296296296296297,1.0,0.3603665232658386,0.4572560787200928,cfg02_G2_D32,cfg02_G2_D32,0.9769684569910169,cuda
validation,1260,754,Cold,0.589820921421051,0.18377532064914703,0.5802469135802469,1.0,0.0,0.0,cfg02_G2_D32,cfg02_G2_D32,0.9769684569910169,cuda
validation,1260,754,Warm A,0.5953801870346069,0.18266813457012177,0.6049382716049383,1.0,0.24245327711105347,0.14359150826931,cfg02_G2_D32,cfg02_G2_D32,0.9769684569910169,cuda
validation,1260,754,Warm B,0.5946335792541504,0.18426576256752014,0.6049382716049383,1.0,0.3078167140483856,0.22604723274707794,cfg02_G2_D32,cfg02_G2_D32,0.9769684569910169,cuda
validation,1260,754,Warm C,0.592066764831543,0.1840953230857849,0.6049382716049383,1.0,0.2623729109764099,0.369219571352005,cfg02_G2_D32,cfg02_G2_D32,0.9769684569910169,cuda
validation,1263,757,Cold,0.5697200894355774,0.17139238119125366,0.5308641975308642,1.0,0.0,0.0,cfg02_G2_D32,cfg02_G2_D32,0.9769684569910169,cuda
validation,1263,757,Warm A,0.5663163661956787,0.17102381587028503,0.5308641975308642,1.0,0.19876307249069214,0.5184028744697571,cfg02_G2_D32,cfg02_G2_D32,0.9769684569910169,cuda
validation,1263,757,Warm B,0.5706973671913147,0.16988018155097961,0.5802469135802469,1.0,0.273039847612381,0.23227380216121674,cfg02_G2_D32,cfg02_G2_D32,0.9769684569910169,cuda
validation,1263,757,Warm C,0.5700466632843018,0.17046676576137543,0.6049382716049383,1.0,0.3976214826107025,0.28613218665122986,cfg02_G2_D32,cfg02_G2_D32,0.9769684569910169,cuda
validation,1266,760,Cold,0.5634852051734924,0.176676407456398,0.5555555555555556,1.0,0.0,0.0,cfg02_G2_D32,cfg02_G2_D32,0.9769684569910169,cuda
validation,1266,760,Warm A,0.561059832572937,0.17579951882362366,0.5555555555555556,1.0,0.19423392415046692,0.46716785430908203,cfg02_G2_D32,cfg02_G2_D32,0.9769684569910169,cuda
validation,1266,760,Warm B,0.5620513558387756,0.17509204149246216,0.5802469135802469,1.0,0.39046719670295715,0.2555291950702667,cfg02_G2_D32,cfg02_G2_D32,0.9769684569910169,cuda
validation,1266,760,Warm C,0.5564876794815063,0.17889845371246338,0.5308641975308642,1.0,0.4297066330909729,0.4860921800136566,cfg02_G2_D32,cfg02_G2_D32,0.9769684569910169,cuda
validation,1274,768,Cold,0.5639520287513733,0.1774439662694931,0.5555555555555556,1.0,0.0,0.0,cfg02_G2_D32,cfg02_G2_D32,0.9769684569910169,cuda
validation,1274,768,Warm A,0.5567152500152588,0.1781873106956482,0.5061728395061729,1.0,0.20046019554138184,0.5358972549438477,cfg02_G2_D32,cfg02_G2_D32,0.9769684569910169,cuda
validation,1274,768,Warm B,0.5541919469833374,0.17974571883678436,0.5061728395061729,1.0,0.3471296727657318,0.6055512428283691,cfg02_G2_D32,cfg02_G2_D32,0.9769684569910169,cuda
validation,1274,768,Warm C,0.5561383962631226,0.17722760140895844,0.5555555555555556,1.0,0.34640783071517944,0.54691481590271,cfg02_G2_D32,cfg02_G2_D32,0.9769684569910169,cuda
validation,1275,769,Cold,0.5702165365219116,0.1767127811908722,0.5802469135802469,1.0,0.0,0.0,cfg02_G2_D32,cfg02_G2_D32,0.9769684569910169,cuda
validation,1275,769,Warm A,0.564075231552124,0.1780109703540802,0.5308641975308642,1.0,0.21910510957241058,0.5842328071594238,cfg02_G2_D32,cfg02_G2_D32,0.9769684569910169,cuda
validation,1275,769,Warm B,0.564615786075592,0.17768141627311707,0.5555555555555556,1.0,0.19214683771133423,0.7184672355651855,cfg02_G2_D32,cfg02_G2_D32,0.9769684569910169,cuda
validation,1275,769,Warm C,0.5547221899032593,0.18155299127101898,0.5061728395061729,1.0,0.3681027889251709,0.7141926884651184,cfg02_G2_D32,cfg02_G2_D32,0.9769684569910169,cuda
validation,1277,771,Cold,0.5633489489555359,0.17716455459594727,0.5308641975308642,1.0,0.0,0.0,cfg02_G2_D32,cfg02_G2_D32,0.9769684569910169,cuda
validation,1277,771,Warm A,0.5553684830665588,0.17877736687660217,0.5061728395061729,1.0,0.2191644161939621,0.5405682325363159,cfg02_G2_D32,cfg02_G2_D32,0.9769684569910169,cuda
validation,1277,771,Warm B,0.5539448857307434,0.17871063947677612,0.5308641975308642,1.0,0.3302209675312042,0.5446169972419739,cfg02_G2_D32,cfg02_G2_D32,0.9769684569910169,cuda
validation,1277,771,Warm C,0.5510658025741577,0.1815999150276184,0.5308641975308642,1.0,0.3368605971336365,0.5341128706932068,cfg02_G2_D32,cfg02_G2_D32,0.9769684569910169,cuda
validation,1284,778,Cold,0.5846673250198364,0.17561690509319305,0.5555555555555556,1.0,0.0,0.0,cfg02_G2_D32,cfg02_G2_D32,0.9769684569910169,cuda
validation,1284,778,Warm A,0.5898025035858154,0.17418090999126434,0.6049382716049383,1.0,0.2492636889219284,0.07935426384210587,cfg02_G2_D32,cfg02_G2_D32,0.9769684569910169,cuda
validation,1284,778,Warm B,0.5863804221153259,0.17706380784511566,0.5555555555555556,1.0,0.1486126333475113,0.27127939462661743,cfg02_G2_D32,cfg02_G2_D32,0.9769684569910169,cuda
validation,1284,778,Warm C,0.5832314491271973,0.1784004420042038,0.5308641975308642,1.0,0.20128342509269714,0.46643194556236267,cfg02_G2_D32,cfg02_G2_D32,0.9769684569910169,cuda
validation,1294,788,Cold,0.5721435546875,0.17307467758655548,0.5308641975308642,1.0,0.0,0.0,cfg02_G2_D32,cfg02_G2_D32,0.9769684569910169,cuda
validation,1294,788,Warm A,0.5686308145523071,0.17433206737041473,0.5802469135802469,1.0,0.24148795008659363,0.4551010727882385,cfg02_G2_D32,cfg02_G2_D32,0.9769684569910169,cuda
validation,1294,788,Warm B,0.5683550834655762,0.1730010062456131,0.5802469135802469,1.0,0.3529755473136902,0.4464692175388336,cfg02_G2_D32,cfg02_G2_D32,0.9769684569910169,cuda
validation,1294,788,Warm C,0.5689060091972351,0.17431345582008362,0.5308641975308642,1.0,0.29866304993629456,0.502112865447998,cfg02_G2_D32,cfg02_G2_D32,0.9769684569910169,cuda
validation,1296,790,Cold,0.5660918951034546,0.17394410073757172,0.5802469135802469,1.0,0.0,0.0,cfg02_G2_D32,cfg02_G2_D32,0.9769684569910169,cuda
validation,1296,790,Warm A,0.5595093965530396,0.17601639032363892,0.5308641975308642,1.0,0.23253223299980164,0.5088194608688354,cfg02_G2_D32,cfg02_G2_D32,0.9769684569910169,cuda
validation,1296,790,Warm B,0.5626063942909241,0.17458660900592804,0.5555555555555556,1.0,0.34134429693222046,0.3703642189502716,cfg02_G2_D32,cfg02_G2_D32,0.9769684569910169,cuda
validation,1296,790,Warm C,0.5631121397018433,0.17298433184623718,0.5555555555555556,1.0,0.4442623257637024,0.4426698386669159,cfg02_G2_D32,cfg02_G2_D32,0.9769684569910169,cuda
validation,1303,797,Cold,0.5716316103935242,0.17172525823116302,0.5308641975308642,1.0,0.0,0.0,cfg02_G2_D32,cfg02_G2_D32,0.9769684569910169,cuda
validation,1303,797,Warm A,0.5638971328735352,0.17389684915542603,0.5555555555555556,1.0,0.22159990668296814,0.6625029444694519,cfg02_G2_D32,cfg02_G2_D32,0.9769684569910169,cuda
validation,1303,797,Warm B,0.5643819570541382,0.1743600070476532,0.5555555555555556,1.0,0.30277252197265625,0.3017079830169678,cfg02_G2_D32,cfg02_G2_D32,0.9769684569910169,cuda
validation,1303,797,Warm C,0.5704452395439148,0.17174305021762848,0.5802469135802469,1.0,0.4157732129096985,0.34099942445755005,cfg02_G2_D32,cfg02_G2_D32,0.9769684569910169,cuda
validation,1321,803,Cold,0.5689083337783813,0.17582474648952484,0.5802469135802469,1.0,0.0,0.0,cfg02_G2_D32,cfg02_G2_D32,0.9769684569910169,cuda
validation,1321,803,Warm A,0.5639795660972595,0.17730718851089478,0.5308641975308642,1.0,0.22449654340744019,0.506793200969696,cfg02_G2_D32,cfg02_G2_D32,0.9769684569910169,cuda
validation,1321,803,Warm B,0.5625947713851929,0.1764097362756729,0.5308641975308642,1.0,0.3524125814437866,0.5894565582275391,cfg02_G2_D32,cfg02_G2_D32,0.9769684569910169,cuda
validation,1321,803,Warm C,0.5686144232749939,0.17485912144184113,0.5555555555555556,1.0,0.33907246589660645,0.4940341114997864,cfg02_G2_D32,cfg02_G2_D32,0.9769684569910169,cuda
validation,1334,808,Cold,0.5794180035591125,0.1717737317085266,0.6049382716049383,1.0,0.0,0.0,cfg02_G2_D32,cfg02_G2_D32,0.9769684569910169,cuda
validation,1334,808,Warm A,0.5839977264404297,0.1719997525215149,0.6049382716049383,1.0,0.22311802208423615,0.4892863929271698,cfg02_G2_D32,cfg02_G2_D32,0.9769684569910169,cuda
validation,1334,808,Warm B,0.5879825353622437,0.17233197391033173,0.6049382716049383,1.0,0.4009663462638855,0.39234575629234314,cfg02_G2_D32,cfg02_G2_D32,0.9769684569910169,cuda
validation,1334,808,Warm C,0.5857330560684204,0.17180486023426056,0.6296296296296297,1.0,0.3655097782611847,0.5107484459877014,cfg02_G2_D32,cfg02_G2_D32,0.9769684569910169,cuda
validation,1344,814,Cold,0.5779048800468445,0.1682039201259613,0.5802469135802469,1.0,0.0,0.0,cfg02_G2_D32,cfg02_G2_D32,0.9769684569910169,cuda
validation,1344,814,Warm A,0.5740349292755127,0.17034830152988434,0.6049382716049383,1.0,0.22395507991313934,0.6292963027954102,cfg02_G2_D32,cfg02_G2_D32,0.9769684569910169,cuda
validation,1344,814,Warm B,0.5719242095947266,0.16953681409358978,0.5308641975308642,1.0,0.31421002745628357,0.5142893195152283,cfg02_G2_D32,cfg02_G2_D32,0.9769684569910169,cuda
validation,1344,814,Warm C,0.5697464346885681,0.17100833356380463,0.5308641975308642,1.0,0.41466644406318665,0.6032773852348328,cfg02_G2_D32,cfg02_G2_D32,0.9769684569910169,cuda
validation,1348,818,Cold,0.5931588411331177,0.18965795636177063,0.5802469135802469,1.0,0.0,0.0,cfg02_G2_D32,cfg02_G2_D32,0.9769684569910169,cuda
validation,1348,818,Warm A,0.596451461315155,0.18875350058078766,0.5802469135802469,1.0,0.21523241698741913,0.4684673249721527,cfg02_G2_D32,cfg02_G2_D32,0.9769684569910169,cuda
validation,1348,818,Warm B,0.590494692325592,0.18930584192276,0.5802469135802469,1.0,0.2047119289636612,0.8202071189880371,cfg02_G2_D32,cfg02_G2_D32,0.9769684569910169,cuda
validation,1348,818,Warm C,0.591381311416626,0.1888834685087204,0.5802469135802469,1.0,0.23248019814491272,0.6199676394462585,cfg02_G2_D32,cfg02_G2_D32,0.9769684569910169,cuda
validation,1354,822,Cold,0.5615801215171814,0.18224318325519562,0.5555555555555556,1.0,0.0,0.0,cfg02_G2_D32,cfg02_G2_D32,0.9769684569910169,cuda
validation,1354,822,Warm A,0.5539427995681763,0.18414801359176636,0.5555555555555556,1.0,0.22966864705085754,0.555578887462616,cfg02_G2_D32,cfg02_G2_D32,0.9769684569910169,cuda
validation,1354,822,Warm B,0.5594905614852905,0.18151648342609406,0.5802469135802469,1.0,0.27690640091896057,0.3279303014278412,cfg02_G2_D32,cfg02_G2_D32,0.9769684569910169,cuda
validation,1354,822,Warm C,0.5576807856559753,0.1835453063249588,0.5555555555555556,1.0,0.22888745367527008,0.6336899399757385,cfg02_G2_D32,cfg02_G2_D32,0.9769684569910169,cuda
validation,1357,825,Cold,0.5606710910797119,0.17996852099895477,0.5555555555555556,1.0,0.0,0.0,cfg02_G2_D32,cfg02_G2_D32,0.9769684569910169,cuda
validation,1357,825,Warm A,0.5610184669494629,0.17974057793617249,0.5308641975308642,1.0,0.206061452627182,0.5215649604797363,cfg02_G2_D32,cfg02_G2_D32,0.9769684569910169,cuda
validation,1357,825,Warm B,0.5649105310440063,0.17796868085861206,0.5802469135802469,1.0,0.2956576347351074,0.3389677107334137,cfg02_G2_D32,cfg02_G2_D32,0.9769684569910169,cuda
validation,1357,825,Warm C,0.5662050843238831,0.17863178253173828,0.5802469135802469,1.0,0.3087545335292816,0.485399454832077,cfg02_G2_D32,cfg02_G2_D32,0.9769684569910169,cuda
validation,1358,826,Cold,0.5599271655082703,0.18052752315998077,0.5555555555555556,1.0,0.0,0.0,cfg02_G2_D32,cfg02_G2_D32,0.9769684569910169,cuda
validation,1358,826,Warm A,0.5568217039108276,0.1806720495223999,0.5555555555555556,1.0,0.21847394108772278,0.4862987697124481,cfg02_G2_D32,cfg02_G2_D32,0.9769684569910169,cuda
validation,1358,826,Warm B,0.5551236867904663,0.18137948215007782,0.5555555555555556,1.0,0.32509109377861023,0.38273951411247253,cfg02_G2_D32,cfg02_G2_D32,0.9769684569910169,cuda
validation,1358,826,Warm C,0.5536763668060303,0.18356873095035553,0.5308641975308642,1.0,0.2942850887775421,0.5242442488670349,cfg02_G2_D32,cfg02_G2_D32,0.9769684569910169,cuda
validation,1370,833,Cold,0.5672330856323242,0.17905442416667938,0.5802469135802469,1.0,0.0,0.0,cfg02_G2_D32,cfg02_G2_D32,0.9769684569910169,cuda
validation,1370,833,Warm A,0.5752742290496826,0.17737650871276855,0.5802469135802469,1.0,0.22814679145812988,0.4579598009586334,cfg02_G2_D32,cfg02_G2_D32,0.9769684569910169,cuda
validation,1370,833,Warm B,0.5739595890045166,0.17845289409160614,0.5802469135802469,1.0,0.3420991599559784,0.5160291790962219,cfg02_G2_D32,cfg02_G2_D32,0.9769684569910169,cuda
validation,1370,833,Warm C,0.5817148685455322,0.17743346095085144,0.6296296296296297,1.0,0.4868699014186859,0.4445279538631439,cfg02_G2_D32,cfg02_G2_D32,0.9769684569910169,cuda
validation,1373,836,Cold,0.5642866492271423,0.17861028015613556,0.5555555555555556,1.0,0.0,0.0,cfg02_G2_D32,cfg02_G2_D32,0.9769684569910169,cuda
validation,1373,836,Warm A,0.5699681639671326,0.17759796977043152,0.6049382716049383,1.0,0.22184428572654724,0.4725220799446106,cfg02_G2_D32,cfg02_G2_D32,0.9769684569910169,cuda
validation,1373,836,Warm B,0.5785596966743469,0.17368468642234802,0.6296296296296297,1.0,0.28068479895591736,0.22939088940620422,cfg02_G2_D32,cfg02_G2_D32,0.9769684569910169,cuda
validation,1373,836,Warm C,0.578409731388092,0.1746181696653366,0.654320987654321,1.0,0.29608190059661865,0.4620094299316406,cfg02_G2_D32,cfg02_G2_D32,0.9769684569910169,cuda
validation,1377,840,Cold,0.5640630125999451,0.1801709681749344,0.5555555555555556,1.0,0.0,0.0,cfg02_G2_D32,cfg02_G2_D32,0.9769684569910169,cuda
validation,1377,840,Warm A,0.571041464805603,0.17792567610740662,0.6296296296296297,1.0,0.21808667480945587,0.4211288392543793,cfg02_G2_D32,cfg02_G2_D32,0.9769684569910169,cuda
validation,1377,840,Warm B,0.5816992521286011,0.1751408576965332,0.654320987654321,1.0,0.42239910364151,0.2736557126045227,cfg02_G2_D32,cfg02_G2_D32,0.9769684569910169,cuda
validation,1377,840,Warm C,0.5896760821342468,0.1715743988752365,0.6790123456790124,1.0,0.6174007654190063,0.19975173473358154,cfg02_G2_D32,cfg02_G2_D32,0.9769684569910169,cuda
validation,1379,842,Cold,0.5643550753593445,0.18034625053405762,0.5555555555555556,1.0,0.0,0.0,cfg02_G2_D32,cfg02_G2_D32,0.9769684569910169,cuda
validation,1379,842,Warm A,0.5715535879135132,0.1796475052833557,0.6296296296296297,1.0,0.2157556265592575,0.49015697836875916,cfg02_G2_D32,cfg02_G2_D32,0.9769684569910169,cuda
validation,1379,842,Warm B,0.5672112703323364,0.17951299250125885,0.6049382716049383,1.0,0.21433080732822418,0.4732643663883209,cfg02_G2_D32,cfg02_G2_D32,0.9769684569910169,cuda
validation,1379,842,Warm C,0.5758941769599915,0.1771700382232666,0.654320987654321,1.0,0.3612090051174164,0.5110968947410583,cfg02_G2_D32,cfg02_G2_D32,0.9769684569910169,cuda
validation,1394,854,Cold,0.5615131855010986,0.1831425130367279,0.5308641975308642,1.0,0.0,0.0,cfg02_G2_D32,cfg02_G2_D32,0.9769684569910169,cuda
validation,1394,854,Warm A,0.5508359670639038,0.18622879683971405,0.48148148148148145,1.0,0.24200981855392456,0.766330897808075,cfg02_G2_D32,cfg02_G2_D32,0.9769684569910169,cuda
validation,1394,854,Warm B,0.5541650056838989,0.18410079181194305,0.5061728395061729,1.0,0.1192837506532669,0.4696389138698578,cfg02_G2_D32,cfg02_G2_D32,0.9769684569910169,cuda
validation,1394,854,Warm C,0.5548103451728821,0.1829376220703125,0.5061728395061729,1.0,0.2249285727739334,0.518983781337738,cfg02_G2_D32,cfg02_G2_D32,0.9769684569910169,cuda
validation,1408,864,Cold,0.5622045397758484,0.179125115275383,0.5555555555555556,1.0,0.0,0.0,cfg02_G2_D32,cfg02_G2_D32,0.9769684569910169,cuda
validation,1408,864,Warm A,0.5651131272315979,0.17895165085792542,0.5802469135802469,1.0,0.22160300612449646,0.4376998841762543,cfg02_G2_D32,cfg02_G2_D32,0.9769684569910169,cuda
validation,1408,864,Warm B,0.559447705745697,0.1824127584695816,0.5308641975308642,1.0,0.2929266691207886,0.5418329238891602,cfg02_G2_D32,cfg02_G2_D32,0.9769684569910169,cuda
validation,1408,864,Warm C,0.5523873567581177,0.1858496516942978,0.5061728395061729,1.0,0.4151269197463989,0.46513834595680237,cfg02_G2_D32,cfg02_G2_D32,0.9769684569910169,cuda
validation,1416,869,Cold,0.5617449879646301,0.18010270595550537,0.5555555555555556,1.0,0.0,0.0,cfg02_G2_D32,cfg02_G2_D32,0.9769684569910169,cuda
validation,1416,869,Warm A,0.5692983865737915,0.1788443922996521,0.5802469135802469,1.0,0.21063677966594696,0.4960760176181793,cfg02_G2_D32,cfg02_G2_D32,0.9769684569910169,cuda
validation,1416,869,Warm B,0.5656986236572266,0.1808294653892517,0.5308641975308642,1.0,0.290819376707077,0.6814349293708801,cfg02_G2_D32,cfg02_G2_D32,0.9769684569910169,cuda
validation,1416,869,Warm C,0.5617223381996155,0.1826980710029602,0.5555555555555556,1.0,0.30075278878211975,0.6588772535324097,cfg02_G2_D32,cfg02_G2_D32,0.9769684569910169,cuda
validation,1488,904,Cold,0.5614548921585083,0.18343384563922882,0.5555555555555556,1.0,0.0,0.0,cfg02_G2_D32,cfg02_G2_D32,0.9769684569910169,cuda
validation,1488,904,Warm A,0.5717909336090088,0.18122737109661102,0.5802469135802469,1.0,0.21417926251888275,0.3966914713382721,cfg02_G2_D32,cfg02_G2_D32,0.9769684569910169,cuda
validation,1488,904,Warm B,0.5648488402366638,0.18460845947265625,0.5308641975308642,1.0,0.19652797281742096,0.624567449092865,cfg02_G2_D32,cfg02_G2_D32,0.9769684569910169,cuda
validation,1488,904,Warm C,0.56601881980896,0.18530194461345673,0.5802469135802469,1.0,0.20699959993362427,0.5315295457839966,cfg02_G2_D32,cfg02_G2_D32,0.9769684569910169,cuda
validation,1527,914,Cold,0.5596375465393066,0.18421456217765808,0.5555555555555556,1.0,0.0,0.0,cfg02_G2_D32,cfg02_G2_D32,0.9769684569910169,cuda
validation,1527,914,Warm A,0.5523560047149658,0.18689076602458954,0.5555555555555556,1.0,0.2225998193025589,0.5998339653015137,cfg02_G2_D32,cfg02_G2_D32,0.9769684569910169,cuda
validation,1527,914,Warm B,0.5458291172981262,0.19038128852844238,0.5308641975308642,1.0,0.39112332463264465,0.5673298835754395,cfg02_G2_D32,cfg02_G2_D32,0.9769684569910169,cuda
validation,1527,914,Warm C,0.5429313778877258,0.1921979933977127,0.5308641975308642,1.0,0.5195289254188538,0.7499397397041321,cfg02_G2_D32,cfg02_G2_D32,0.9769684569910169,cuda
validation,1537,916,Cold,0.5558528900146484,0.18836656212806702,0.5555555555555556,1.0,0.0,0.0,cfg02_G2_D32,cfg02_G2_D32,0.9769684569910169,cuda
validation,1537,916,Warm A,0.5483009219169617,0.189362570643425,0.5802469135802469,1.0,0.20898029208183289,0.539588451385498,cfg02_G2_D32,cfg02_G2_D32,0.9769684569910169,cuda
validation,1537,916,Warm B,0.5478644371032715,0.18892398476600647,0.5555555555555556,1.0,0.32958441972732544,0.4579489827156067,cfg02_G2_D32,cfg02_G2_D32,0.9769684569910169,cuda
validation,1537,916,Warm C,0.5513843894004822,0.1863313764333725,0.5555555555555556,1.0,0.4285351037979126,0.17179913818836212,cfg02_G2_D32,cfg02_G2_D32,0.9769684569910169,cuda
validation,1541,917,Cold,0.5585002899169922,0.18456968665122986,0.5555555555555556,1.0,0.0,0.0,cfg02_G2_D32,cfg02_G2_D32,0.9769684569910169,cuda
validation,1541,917,Warm A,0.5636959075927734,0.1833408921957016,0.5802469135802469,1.0,0.21136176586151123,0.5048930048942566,cfg02_G2_D32,cfg02_G2_D32,0.9769684569910169,cuda
validation,1541,917,Warm B,0.5681360960006714,0.18338759243488312,0.5555555555555556,1.0,0.3955928385257721,0.4462440013885498,cfg02_G2_D32,cfg02_G2_D32,0.9769684569910169,cuda
validation,1541,917,Warm C,0.5594786405563354,0.1845618486404419,0.5802469135802469,1.0,0.27862244844436646,0.5075637102127075,cfg02_G2_D32,cfg02_G2_D32,0.9769684569910169,cuda
validation,1566,926,Cold,0.5595369935035706,0.18314801156520844,0.5555555555555556,1.0,0.0,0.0,cfg02_G2_D32,cfg02_G2_D32,0.9769684569910169,cuda
validation,1566,926,Warm A,0.5565904974937439,0.1848343014717102,0.5555555555555556,1.0,0.20241591334342957,0.5749771595001221,cfg02_G2_D32,cfg02_G2_D32,0.9769684569910169,cuda
validation,1566,926,Warm B,0.5524746775627136,0.1876990795135498,0.5802469135802469,1.0,0.2739185690879822,0.7336069941520691,cfg02_G2_D32,cfg02_G2_D32,0.9769684569910169,cuda
validation,1566,926,Warm C,0.5612186193466187,0.1850980818271637,0.5802469135802469,1.0,0.24485604465007782,0.49158793687820435,cfg02_G2_D32,cfg02_G2_D32,0.9769684569910169,cuda
validation,1573,928,Cold,0.5604868531227112,0.1813964992761612,0.5555555555555556,1.0,0.0,0.0,cfg02_G2_D32,cfg02_G2_D32,0.9769684569910169,cuda
validation,1573,928,Warm A,0.5632349848747253,0.1792905181646347,0.5555555555555556,1.0,0.2184714376926422,0.48759108781814575,cfg02_G2_D32,cfg02_G2_D32,0.9769684569910169,cuda
validation,1573,928,Warm B,0.5649549961090088,0.17894625663757324,0.5802469135802469,1.0,0.40346759557724,0.439455509185791,cfg02_G2_D32,cfg02_G2_D32,0.9769684569910169,cuda
validation,1573,928,Warm C,0.5695973038673401,0.1784556359052658,0.6049382716049383,1.0,0.39995479583740234,0.5569381713867188,cfg02_G2_D32,cfg02_G2_D32,0.9769684569910169,cuda
validation,1584,930,Cold,0.5601790547370911,0.18316935002803802,0.5555555555555556,1.0,0.0,0.0,cfg02_G2_D32,cfg02_G2_D32,0.9769684569910169,cuda
validation,1584,930,Warm A,0.5537981986999512,0.1860818713903427,0.5555555555555556,1.0,0.21935592591762543,0.7044636011123657,cfg02_G2_D32,cfg02_G2_D32,0.9769684569910169,cuda
validation,1584,930,Warm B,0.5480476021766663,0.18765157461166382,0.5061728395061729,1.0,0.3658316433429718,0.6174899935722351,cfg02_G2_D32,cfg02_G2_D32,0.9769684569910169,cuda
validation,1584,930,Warm C,0.5474833846092224,0.18555107712745667,0.5308641975308642,1.0,0.3384423553943634,0.39961254596710205,cfg02_G2_D32,cfg02_G2_D32,0.9769684569910169,cuda
validation,1590,935,Cold,0.5606582760810852,0.18259026110172272,0.5555555555555556,1.0,0.0,0.0,cfg02_G2_D32,cfg02_G2_D32,0.9769684569910169,cuda
validation,1590,935,Warm A,0.568462610244751,0.18186050653457642,0.5802469135802469,1.0,0.211647167801857,0.4657306671142578,cfg02_G2_D32,cfg02_G2_D32,0.9769684569910169,cuda
validation,1590,935,Warm B,0.5722291469573975,0.1828332245349884,0.5802469135802469,1.0,0.3125157356262207,0.4484727084636688,cfg02_G2_D32,cfg02_G2_D32,0.9769684569910169,cuda
validation,1590,935,Warm C,0.5646367073059082,0.18561221659183502,0.5555555555555556,1.0,0.3769117295742035,0.5087867975234985,cfg02_G2_D32,cfg02_G2_D32,0.9769684569910169,cuda
validation,1594,939,Cold,0.5610312819480896,0.1822861135005951,0.5555555555555556,1.0,0.0,0.0,cfg02_G2_D32,cfg02_G2_D32,0.9769684569910169,cuda
validation,1594,939,Warm A,0.5540894865989685,0.18476170301437378,0.5802469135802469,1.0,0.23110398650169373,0.6673612594604492,cfg02_G2_D32,cfg02_G2_D32,0.9769684569910169,cuda
validation,1594,939,Warm B,0.5488070845603943,0.1869806945323944,0.5555555555555556,1.0,0.34710729122161865,0.6035819053649902,cfg02_G2_D32,cfg02_G2_D32,0.9769684569910169,cuda
validation,1594,939,Warm C,0.5496597290039062,0.18644645810127258,0.5555555555555556,1.0,0.36541056632995605,0.6065611839294434,cfg02_G2_D32,cfg02_G2_D32,0.9769684569910169,cuda
validation,1627,963,Cold,0.5602037906646729,0.18307152390480042,0.5555555555555556,1.0,0.0,0.0,cfg02_G2_D32,cfg02_G2_D32,0.9769684569910169,cuda
validation,1627,963,Warm A,0.5556466579437256,0.18768322467803955,0.5555555555555556,1.0,0.23002271354198456,0.7028666734695435,cfg02_G2_D32,cfg02_G2_D32,0.9769684569910169,cuda
validation,1627,963,Warm B,0.5548446178436279,0.18841606378555298,0.5555555555555556,1.0,0.21046915650367737,0.5233039855957031,cfg02_G2_D32,cfg02_G2_D32,0.9769684569910169,cuda
validation,1627,963,Warm C,0.550894558429718,0.1901295781135559,0.5555555555555556,1.0,0.3626633882522583,0.7016100287437439,cfg02_G2_D32,cfg02_G2_D32,0.9769684569910169,cuda
validation,1644,972,Cold,0.5652355551719666,0.18354004621505737,0.5555555555555556,1.0,0.0,0.0,cfg02_G2_D32,cfg02_G2_D32,0.9769684569910169,cuda
validation,1644,972,Warm A,0.5687761902809143,0.18228891491889954,0.5802469135802469,1.0,0.2011362612247467,0.537942111492157,cfg02_G2_D32,cfg02_G2_D32,0.9769684569910169,cuda
validation,1644,972,Warm B,0.57759690284729,0.1791631579399109,0.6296296296296297,1.0,0.35807615518569946,0.3629061281681061,cfg02_G2_D32,cfg02_G2_D32,0.9769684569910169,cuda
validation,1644,972,Warm C,0.5835832953453064,0.17880640923976898,0.654320987654321,1.0,0.5119410753250122,0.21169881522655487,cfg02_G2_D32,cfg02_G2_D32,0.9769684569910169,cuda
validation,1672,987,Cold,0.5612025260925293,0.18349739909172058,0.5555555555555556,1.0,0.0,0.0,cfg02_G2_D32,cfg02_G2_D32,0.9769684569910169,cuda
validation,1672,987,Warm A,0.5611644983291626,0.18568822741508484,0.5555555555555556,1.0,0.2334962636232376,0.6955955028533936,cfg02_G2_D32,cfg02_G2_D32,0.9769684569910169,cuda
validation,1672,987,Warm B,0.564079225063324,0.18544696271419525,0.5802469135802469,1.0,0.18198929727077484,0.5886309742927551,cfg02_G2_D32,cfg02_G2_D32,0.9769684569910169,cuda
validation,1672,987,Warm C,0.564039945602417,0.18439602851867676,0.5802469135802469,1.0,0.2044500857591629,0.6007912158966064,cfg02_G2_D32,cfg02_G2_D32,0.9769684569910169,cuda
validation,1701,1004,Cold,0.5587606430053711,0.1851431280374527,0.5555555555555556,1.0,0.0,0.0,cfg02_G2_D32,cfg02_G2_D32,0.9769684569910169,cuda
validation,1701,1004,Warm A,0.556246817111969,0.18647950887680054,0.5802469135802469,1.0,0.2033616304397583,0.47961121797561646,cfg02_G2_D32,cfg02_G2_D32,0.9769684569910169,cuda
validation,1701,1004,Warm B,0.5534948110580444,0.1896401196718216,0.5308641975308642,1.0,0.2750755846500397,0.6525895595550537,cfg02_G2_D32,cfg02_G2_D32,0.9769684569910169,cuda
validation,1701,1004,Warm C,0.558961808681488,0.18723122775554657,0.5802469135802469,1.0,0.3018626570701599,0.5202480554580688,cfg02_G2_D32,cfg02_G2_D32,0.9769684569910169,cuda
validation,1769,1034,Cold,0.56067955493927,0.18490628898143768,0.5555555555555556,1.0,0.0,0.0,cfg02_G2_D32,cfg02_G2_D32,0.9769684569910169,cuda
validation,1769,1034,Warm A,0.5650301575660706,0.18309365212917328,0.5802469135802469,1.0,0.21695378422737122,0.47705909609794617,cfg02_G2_D32,cfg02_G2_D32,0.9769684569910169,cuda
validation,1769,1034,Warm B,0.5664445757865906,0.18305547535419464,0.5308641975308642,1.0,0.3114836513996124,0.4958576261997223,cfg02_G2_D32,cfg02_G2_D32,0.9769684569910169,cuda
validation,1769,1034,Warm C,0.5602734684944153,0.18519636988639832,0.5555555555555556,1.0,0.37755346298217773,0.5500486493110657,cfg02_G2_D32,cfg02_G2_D32,0.9769684569910169,cuda
validation,1772,1035,Cold,0.5563392043113708,0.1878385841846466,0.5555555555555556,1.0,0.0,0.0,cfg02_G2_D32,cfg02_G2_D32,0.9769684569910169,cuda
validation,1772,1035,Warm A,0.5600718855857849,0.18860813975334167,0.5308641975308642,1.0,0.23133666813373566,0.5175069570541382,cfg02_G2_D32,cfg02_G2_D32,0.9769684569910169,cuda
validation,1772,1035,Warm B,0.5685228705406189,0.18691346049308777,0.5555555555555556,1.0,0.33572614192962646,0.44592490792274475,cfg02_G2_D32,cfg02_G2_D32,0.9769684569910169,cuda
validation,1772,1035,Warm C,0.5659100413322449,0.1867881864309311,0.5308641975308642,1.0,0.32769548892974854,0.5291109085083008,cfg02_G2_D32,cfg02_G2_D32,0.9769684569910169,cuda
validation,1777,1036,Cold,0.5562523007392883,0.18598781526088715,0.5555555555555556,1.0,0.0,0.0,cfg02_G2_D32,cfg02_G2_D32,0.9769684569910169,cuda
validation,1777,1036,Warm A,0.5498819351196289,0.18817871809005737,0.5555555555555556,1.0,0.20491710305213928,0.604435920715332,cfg02_G2_D32,cfg02_G2_D32,0.9769684569910169,cuda
validation,1777,1036,Warm B,0.5471952557563782,0.19041483104228973,0.5555555555555556,1.0,0.30536821484565735,0.5753133893013,cfg02_G2_D32,cfg02_G2_D32,0.9769684569910169,cuda
validation,1777,1036,Warm C,0.5544915795326233,0.1869402974843979,0.5308641975308642,1.0,0.2915607690811157,0.478459894657135,cfg02_G2_D32,cfg02_G2_D32,0.9769684569910169,cuda
validation,1783,1038,Cold,0.5596568584442139,0.1821291744709015,0.5555555555555556,1.0,0.0,0.0,cfg02_G2_D32,cfg02_G2_D32,0.9769684569910169,cuda
validation,1783,1038,Warm A,0.5644941926002502,0.18243323266506195,0.5555555555555556,1.0,0.21083992719650269,0.4331941604614258,cfg02_G2_D32,cfg02_G2_D32,0.9769684569910169,cuda
validation,1783,1038,Warm B,0.5691161155700684,0.18034684658050537,0.5802469135802469,1.0,0.3144594430923462,0.48827943205833435,cfg02_G2_D32,cfg02_G2_D32,0.9769684569910169,cuda
validation,1783,1038,Warm C,0.5644539594650269,0.18059322237968445,0.5308641975308642,1.0,0.43248969316482544,0.5389756560325623,cfg02_G2_D32,cfg02_G2_D32,0.9769684569910169,cuda
validation,1799,1045,Cold,0.5591116547584534,0.1820373684167862,0.5555555555555556,1.0,0.0,0.0,cfg02_G2_D32,cfg02_G2_D32,0.9769684569910169,cuda
validation,1799,1045,Warm A,0.5562142133712769,0.18447673320770264,0.5555555555555556,1.0,0.20517505705356598,0.6279349327087402,cfg02_G2_D32,cfg02_G2_D32,0.9769684569910169,cuda
validation,1799,1045,Warm B,0.5605483055114746,0.1834818571805954,0.5308641975308642,1.0,0.3577643632888794,0.6173040866851807,cfg02_G2_D32,cfg02_G2_D32,0.9769684569910169,cuda
validation,1799,1045,Warm C,0.5537987351417542,0.18625880777835846,0.5061728395061729,1.0,0.44447794556617737,0.7464373707771301,cfg02_G2_D32,cfg02_G2_D32,0.9769684569910169,cuda
validation,1834,1057,Cold,0.5616060495376587,0.1829400360584259,0.5555555555555556,1.0,0.0,0.0,cfg02_G2_D32,cfg02_G2_D32,0.9769684569910169,cuda
validation,1834,1057,Warm A,0.5565268397331238,0.18404477834701538,0.5802469135802469,1.0,0.2248140424489975,0.6134250164031982,cfg02_G2_D32,cfg02_G2_D32,0.9769684569910169,cuda
validation,1834,1057,Warm B,0.5523372888565063,0.18573971092700958,0.5308641975308642,1.0,0.3621467053890228,0.580852210521698,cfg02_G2_D32,cfg02_G2_D32,0.9769684569910169,cuda
validation,1834,1057,Warm C,0.5578969717025757,0.18378429114818573,0.6049382716049383,1.0,0.36296015977859497,0.3899785578250885,cfg02_G2_D32,cfg02_G2_D32,0.9769684569910169,cuda
validation,1894,1083,Cold,0.556955099105835,0.1842799186706543,0.5555555555555556,1.0,0.0,0.0,cfg02_G2_D32,cfg02_G2_D32,0.9769684569910169,cuda
validation,1894,1083,Warm A,0.5566082000732422,0.18571680784225464,0.5555555555555556,1.0,0.22595171630382538,0.6245436072349548,cfg02_G2_D32,cfg02_G2_D32,0.9769684569910169,cuda
validation,1894,1083,Warm B,0.5659497380256653,0.18411743640899658,0.5555555555555556,1.0,0.2752230763435364,0.3349018096923828,cfg02_G2_D32,cfg02_G2_D32,0.9769684569910169,cuda
validation,1894,1083,Warm C,0.5728330016136169,0.18161708116531372,0.5802469135802469,1.0,0.36577096581459045,0.36636602878570557,cfg02_G2_D32,cfg02_G2_D32,0.9769684569910169,cuda
validation,1907,1088,Cold,0.5585592985153198,0.18207059800624847,0.5555555555555556,1.0,0.0,0.0,cfg02_G2_D32,cfg02_G2_D32,0.9769684569910169,cuda
validation,1907,1088,Warm A,0.5508397221565247,0.18405120074748993,0.5555555555555556,1.0,0.22397936880588531,0.5832433104515076,cfg02_G2_D32,cfg02_G2_D32,0.9769684569910169,cuda
validation,1907,1088,Warm B,0.5481343269348145,0.18686270713806152,0.5802469135802469,1.0,0.37371477484703064,0.7422559857368469,cfg02_G2_D32,cfg02_G2_D32,0.9769684569910169,cuda
validation,1907,1088,Warm C,0.5493202209472656,0.18639856576919556,0.5555555555555556,1.0,0.2987521290779114,0.4847373962402344,cfg02_G2_D32,cfg02_G2_D32,0.9769684569910169,cuda
validation,1918,1096,Cold,0.5616063475608826,0.18477322161197662,0.5555555555555556,1.0,0.0,0.0,cfg02_G2_D32,cfg02_G2_D32,0.9769684569910169,cuda
validation,1918,1096,Warm A,0.5698065161705017,0.18075022101402283,0.5802469135802469,1.0,0.2510184347629547,0.33903446793556213,cfg02_G2_D32,cfg02_G2_D32,0.9769684569910169,cuda
validation,1918,1096,Warm B,0.5685845017433167,0.18304696679115295,0.5802469135802469,1.0,0.27728989720344543,0.5985898375511169,cfg02_G2_D32,cfg02_G2_D32,0.9769684569910169,cuda
validation,1918,1096,Warm C,0.5642696022987366,0.18298864364624023,0.5802469135802469,1.0,0.3101198375225067,0.5434077382087708,cfg02_G2_D32,cfg02_G2_D32,0.9769684569910169,cuda
validation,1945,1116,Cold,0.5829628109931946,0.17275378108024597,0.5802469135802469,1.0,0.0,0.0,cfg02_G2_D32,cfg02_G2_D32,0.9769684569910169,cuda
validation,1945,1116,Warm A,0.5833118557929993,0.17221251130104065,0.6049382716049383,1.0,0.21088100969791412,0.3946048319339752,cfg02_G2_D32,cfg02_G2_D32,0.9769684569910169,cuda
validation,1945,1116,Warm B,0.5890106558799744,0.17140190303325653,0.6296296296296297,1.0,0.3471240997314453,0.33947405219078064,cfg02_G2_D32,cfg02_G2_D32,0.9769684569910169,cuda
validation,1945,1116,Warm C,0.5936945676803589,0.17072437703609467,0.654320987654321,1.0,0.4932265877723694,0.21095553040504456,cfg02_G2_D32,cfg02_G2_D32,0.9769684569910169,cuda
validation,1956,1127,Cold,0.5735310912132263,0.17218101024627686,0.5802469135802469,1.0,0.0,0.0,cfg02_G2_D32,cfg02_G2_D32,0.9769684569910169,cuda
validation,1956,1127,Warm A,0.5771512389183044,0.17144443094730377,0.5802469135802469,1.0,0.21698987483978271,0.45479997992515564,cfg02_G2_D32,cfg02_G2_D32,0.9769684569910169,cuda
validation,1956,1127,Warm B,0.5693915486335754,0.1729583591222763,0.5555555555555556,1.0,0.22664648294448853,0.5771016478538513,cfg02_G2_D32,cfg02_G2_D32,0.9769684569910169,cuda
validation,1956,1127,Warm C,0.5655567646026611,0.176139697432518,0.5308641975308642,1.0,0.2535240948200226,0.5785046815872192,cfg02_G2_D32,cfg02_G2_D32,0.9769684569910169,cuda
validation,1961,1132,Cold,0.5689803957939148,0.1784633845090866,0.5802469135802469,1.0,0.0,0.0,cfg02_G2_D32,cfg02_G2_D32,0.9769684569910169,cuda
validation,1961,1132,Warm A,0.5612015128135681,0.17986087501049042,0.5061728395061729,1.0,0.2300408035516739,0.506123960018158,cfg02_G2_D32,cfg02_G2_D32,0.9769684569910169,cuda
validation,1961,1132,Warm B,0.5675803422927856,0.17752908170223236,0.5802469135802469,1.0,0.2824781835079193,0.37192094326019287,cfg02_G2_D32,cfg02_G2_D32,0.9769684569910169,cuda
validation,1961,1132,Warm C,0.5714507699012756,0.17732080817222595,0.5802469135802469,1.0,0.38333138823509216,0.3771153390407562,cfg02_G2_D32,cfg02_G2_D32,0.9769684569910169,cuda
validation,1963,1134,Cold,0.5719151496887207,0.1756523847579956,0.5308641975308642,1.0,0.0,0.0,cfg02_G2_D32,cfg02_G2_D32,0.9769684569910169,cuda
validation,1963,1134,Warm A,0.573687732219696,0.17377205193042755,0.5802469135802469,1.0,0.22517262399196625,0.4500208795070648,cfg02_G2_D32,cfg02_G2_D32,0.9769684569910169,cuda
validation,1963,1134,Warm B,0.5761430263519287,0.17351454496383667,0.6296296296296297,1.0,0.43073517084121704,0.33835089206695557,cfg02_G2_D32,cfg02_G2_D32,0.9769684569910169,cuda
validation,1963,1134,Warm C,0.5830457806587219,0.17086611688137054,0.654320987654321,1.0,0.5974288582801819,0.28022271394729614,cfg02_G2_D32,cfg02_G2_D32,0.9769684569910169,cuda
validation,2006,1173,Cold,0.5601633191108704,0.18288998305797577,0.5555555555555556,1.0,0.0,0.0,cfg02_G2_D32,cfg02_G2_D32,0.9769684569910169,cuda
validation,2006,1173,Warm A,0.552969217300415,0.1854119896888733,0.5308641975308642,1.0,0.20741227269172668,0.6295804977416992,cfg02_G2_D32,cfg02_G2_D32,0.9769684569910169,cuda
validation,2006,1173,Warm B,0.5566926002502441,0.18445295095443726,0.5308641975308642,1.0,0.27228906750679016,0.6050877571105957,cfg02_G2_D32,cfg02_G2_D32,0.9769684569910169,cuda
validation,2006,1173,Warm C,0.5538848042488098,0.18223626911640167,0.5061728395061729,1.0,0.3584638237953186,0.6019043922424316,cfg02_G2_D32,cfg02_G2_D32,0.9769684569910169,cuda
validation,2013,1179,Cold,0.5725581049919128,0.1714632362127304,0.5308641975308642,1.0,0.0,0.0,cfg02_G2_D32,cfg02_G2_D32,0.9769684569910169,cuda
validation,2013,1179,Warm A,0.5739850401878357,0.17249064147472382,0.5308641975308642,1.0,0.2206093668937683,0.6003560423851013,cfg02_G2_D32,cfg02_G2_D32,0.9769684569910169,cuda
validation,2013,1179,Warm B,0.569333016872406,0.17327851057052612,0.5308641975308642,1.0,0.34116676449775696,0.7281239628791809,cfg02_G2_D32,cfg02_G2_D32,0.9769684569910169,cuda
validation,2013,1179,Warm C,0.5643497705459595,0.1741497814655304,0.5555555555555556,1.0,0.4775511920452118,0.6563291549682617,cfg02_G2_D32,cfg02_G2_D32,0.9769684569910169,cuda
validation,2021,1187,Cold,0.565427303314209,0.17534002661705017,0.5802469135802469,1.0,0.0,0.0,cfg02_G2_D32,cfg02_G2_D32,0.9769684569910169,cuda
validation,2021,1187,Warm A,0.5715228915214539,0.17240308225154877,0.5802469135802469,1.0,0.24062815308570862,0.48786115646362305,cfg02_G2_D32,cfg02_G2_D32,0.9769684569910169,cuda
validation,2021,1187,Warm B,0.5687652230262756,0.1734088957309723,0.6049382716049383,1.0,0.30522653460502625,0.5668792724609375,cfg02_G2_D32,cfg02_G2_D32,0.9769684569910169,cuda
validation,2021,1187,Warm C,0.566264271736145,0.17429964244365692,0.5802469135802469,1.0,0.36809173226356506,0.565172016620636,cfg02_G2_D32,cfg02_G2_D32,0.9769684569910169,cuda
validation,2054,1209,Cold,0.5645343661308289,0.17792560160160065,0.5308641975308642,1.0,0.0,0.0,cfg02_G2_D32,cfg02_G2_D32,0.9769684569910169,cuda
validation,2054,1209,Warm A,0.5749633312225342,0.17594686150550842,0.6296296296296297,1.0,0.22643710672855377,0.32639655470848083,cfg02_G2_D32,cfg02_G2_D32,0.9769684569910169,cuda
validation,2054,1209,Warm B,0.5699257850646973,0.1763325035572052,0.5555555555555556,1.0,0.23975780606269836,0.39182573556900024,cfg02_G2_D32,cfg02_G2_D32,0.9769684569910169,cuda
validation,2054,1209,Warm C,0.5776368379592896,0.17551037669181824,0.654320987654321,1.0,0.3004358112812042,0.2896994650363922,cfg02_G2_D32,cfg02_G2_D32,0.9769684569910169,cuda
validation,2078,1228,Cold,0.5756675601005554,0.17029592394828796,0.5802469135802469,1.0,0.0,0.0,cfg02_G2_D32,cfg02_G2_D32,0.9769684569910169,cuda
validation,2078,1228,Warm A,0.5774306058883667,0.1698717325925827,0.5555555555555556,1.0,0.2136479765176773,0.5767568945884705,cfg02_G2_D32,cfg02_G2_D32,0.9769684569910169,cuda
validation,2078,1228,Warm B,0.573183536529541,0.17081911861896515,0.5061728395061729,1.0,0.33091866970062256,0.6188583374023438,cfg02_G2_D32,cfg02_G2_D32,0.9769684569910169,cuda
validation,2078,1228,Warm C,0.5716471076011658,0.17154742777347565,0.5061728395061729,1.0,0.4067569971084595,0.6719279289245605,cfg02_G2_D32,cfg02_G2_D32,0.9769684569910169,cuda
validation,2081,1230,Cold,0.5625407099723816,0.17776384949684143,0.5308641975308642,1.0,0.0,0.0,cfg02_G2_D32,cfg02_G2_D32,0.9769684569910169,cuda
validation,2081,1230,Warm A,0.565436840057373,0.17586764693260193,0.5802469135802469,1.0,0.2094869613647461,0.45834919810295105,cfg02_G2_D32,cfg02_G2_D32,0.9769684569910169,cuda
validation,2081,1230,Warm B,0.5668324828147888,0.17540013790130615,0.5555555555555556,1.0,0.3279331624507904,0.3889717757701874,cfg02_G2_D32,cfg02_G2_D32,0.9769684569910169,cuda
validation,2081,1230,Warm C,0.5679447650909424,0.17515218257904053,0.5555555555555556,1.0,0.3677566349506378,0.40547868609428406,cfg02_G2_D32,cfg02_G2_D32,0.9769684569910169,cuda
validation,2087,1235,Cold,0.5826117396354675,0.1720900982618332,0.5555555555555556,1.0,0.0,0.0,cfg02_G2_D32,cfg02_G2_D32,0.9769684569910169,cuda
validation,2087,1235,Warm A,0.5797960162162781,0.17255382239818573,0.5308641975308642,1.0,0.2129283994436264,0.6446399688720703,cfg02_G2_D32,cfg02_G2_D32,0.9769684569910169,cuda
validation,2087,1235,Warm B,0.5810520648956299,0.17271101474761963,0.5061728395061729,1.0,0.20609864592552185,0.4752865433692932,cfg02_G2_D32,cfg02_G2_D32,0.9769684569910169,cuda
validation,2087,1235,Warm C,0.5841822624206543,0.17208896577358246,0.5802469135802469,1.0,0.23628832399845123,0.5360321402549744,cfg02_G2_D32,cfg02_G2_D32,0.9769684569910169,cuda
validation,2112,1257,Cold,0.5613954067230225,0.17762838304042816,0.5308641975308642,1.0,0.0,0.0,cfg02_G2_D32,cfg02_G2_D32,0.9769684569910169,cuda
validation,2112,1257,Warm A,0.5648961067199707,0.17913995683193207,0.5555555555555556,1.0,0.19835413992404938,0.5408732891082764,cfg02_G2_D32,cfg02_G2_D32,0.9769684569910169,cuda
validation,2112,1257,Warm B,0.5686380863189697,0.1812170445919037,0.5555555555555556,1.0,0.348084032535553,0.542371928691864,cfg02_G2_D32,cfg02_G2_D32,0.9769684569910169,cuda
validation,2112,1257,Warm C,0.5675243139266968,0.17978115379810333,0.5555555555555556,1.0,0.273069828748703,0.4814874231815338,cfg02_G2_D32,cfg02_G2_D32,0.9769684569910169,cuda
validation,2120,1265,Cold,0.5635576844215393,0.18114930391311646,0.5555555555555556,1.0,0.0,0.0,cfg02_G2_D32,cfg02_G2_D32,0.9769684569910169,cuda
validation,2120,1265,Warm A,0.575866162776947,0.17802545428276062,0.6296296296296297,1.0,0.23801212012767792,0.3800179064273834,cfg02_G2_D32,cfg02_G2_D32,0.9769684569910169,cuda
validation,2120,1265,Warm B,0.5751538872718811,0.17742908000946045,0.6049382716049383,1.0,0.29034289717674255,0.49786946177482605,cfg02_G2_D32,cfg02_G2_D32,0.9769684569910169,cuda
validation,2120,1265,Warm C,0.5805970430374146,0.17488634586334229,0.6296296296296297,1.0,0.4341597557067871,0.41225185990333557,cfg02_G2_D32,cfg02_G2_D32,0.9769684569910169,cuda
validation,2130,1272,Cold,0.569811224937439,0.172222301363945,0.5802469135802469,1.0,0.0,0.0,cfg02_G2_D32,cfg02_G2_D32,0.9769684569910169,cuda
validation,2130,1272,Warm A,0.5734689831733704,0.1704234480857849,0.5802469135802469,1.0,0.216955304145813,0.4786738455295563,cfg02_G2_D32,cfg02_G2_D32,0.9769684569910169,cuda
validation,2130,1272,Warm B,0.5716663002967834,0.17052346467971802,0.5802469135802469,1.0,0.3209892213344574,0.3629949688911438,cfg02_G2_D32,cfg02_G2_D32,0.9769684569910169,cuda
validation,2130,1272,Warm C,0.5731416940689087,0.17122910916805267,0.6049382716049383,1.0,0.38489437103271484,0.4884445369243622,cfg02_G2_D32,cfg02_G2_D32,0.9769684569910169,cuda
validation,2138,1279,Cold,0.5699347853660583,0.1705060601234436,0.5308641975308642,1.0,0.0,0.0,cfg02_G2_D32,cfg02_G2_D32,0.9769684569910169,cuda
validation,2138,1279,Warm A,0.5728588104248047,0.1688283234834671,0.5555555555555556,1.0,0.24975699186325073,0.32216864824295044,cfg02_G2_D32,cfg02_G2_D32,0.9769684569910169,cuda
validation,2138,1279,Warm B,0.5734807848930359,0.16845443844795227,0.5802469135802469,1.0,0.2032974511384964,0.6333487033843994,cfg02_G2_D32,cfg02_G2_D32,0.9769684569910169,cuda
validation,2138,1279,Warm C,0.5662044882774353,0.17033854126930237,0.5555555555555556,1.0,0.2667173743247986,0.5352947115898132,cfg02_G2_D32,cfg02_G2_D32,0.9769684569910169,cuda
validation,2145,1286,Cold,0.5644786357879639,0.1766223907470703,0.5555555555555556,1.0,0.0,0.0,cfg02_G2_D32,cfg02_G2_D32,0.9769684569910169,cuda
validation,2145,1286,Warm A,0.569190502166748,0.17742303013801575,0.6049382716049383,1.0,0.21686503291130066,0.5051476359367371,cfg02_G2_D32,cfg02_G2_D32,0.9769684569910169,cuda
validation,2145,1286,Warm B,0.5735437273979187,0.17709872126579285,0.6049382716049383,1.0,0.29361602663993835,0.48068830370903015,cfg02_G2_D32,cfg02_G2_D32,0.9769684569910169,cuda
validation,2145,1286,Warm C,0.562294065952301,0.18004797399044037,0.5555555555555556,1.0,0.3491630256175995,0.673359215259552,cfg02_G2_D32,cfg02_G2_D32,0.9769684569910169,cuda
validation,2146,1287,Cold,0.5674554109573364,0.1723526269197464,0.5802469135802469,1.0,0.0,0.0,cfg02_G2_D32,cfg02_G2_D32,0.9769684569910169,cuda
validation,2146,1287,Warm A,0.5727645754814148,0.17161455750465393,0.6049382716049383,1.0,0.20107729732990265,0.43057742714881897,cfg02_G2_D32,cfg02_G2_D32,0.9769684569910169,cuda
validation,2146,1287,Warm B,0.5745323896408081,0.17316044867038727,0.6049382716049383,1.0,0.3385966420173645,0.41040918231010437,cfg02_G2_D32,cfg02_G2_D32,0.9769684569910169,cuda
validation,2146,1287,Warm C,0.5661678314208984,0.1752951741218567,0.5555555555555556,1.0,0.4582339823246002,0.6359909176826477,cfg02_G2_D32,cfg02_G2_D32,0.9769684569910169,cuda
validation,2161,1299,Cold,0.5655564069747925,0.1749071329832077,0.5802469135802469,1.0,0.0,0.0,cfg02_G2_D32,cfg02_G2_D32,0.9769684569910169,cuda
validation,2161,1299,Warm A,0.5633490085601807,0.17568644881248474,0.5555555555555556,1.0,0.21791857481002808,0.5592992901802063,cfg02_G2_D32,cfg02_G2_D32,0.9769684569910169,cuda
validation,2161,1299,Warm B,0.559818685054779,0.17708821594715118,0.5308641975308642,1.0,0.2354612946510315,0.7621194124221802,cfg02_G2_D32,cfg02_G2_D32,0.9769684569910169,cuda
validation,2161,1299,Warm C,0.5586093664169312,0.17775297164916992,0.5061728395061729,1.0,0.38419339060783386,0.593805193901062,cfg02_G2_D32,cfg02_G2_D32,0.9769684569910169,cuda
validation,2232,1330,Cold,0.5612592697143555,0.18291312456130981,0.5555555555555556,1.0,0.0,0.0,cfg02_G2_D32,cfg02_G2_D32,0.9769684569910169,cuda
validation,2232,1330,Warm A,0.5601944923400879,0.18373194336891174,0.5555555555555556,1.0,0.22303417325019836,0.6085430979728699,cfg02_G2_D32,cfg02_G2_D32,0.9769684569910169,cuda
validation,2232,1330,Warm B,0.549837589263916,0.18723297119140625,0.5308641975308642,1.0,0.32924339175224304,0.6920143961906433,cfg02_G2_D32,cfg02_G2_D32,0.9769684569910169,cuda
validation,2232,1330,Warm C,0.5531404614448547,0.18845006823539734,0.5308641975308642,1.0,0.42913341522216797,0.6295746564865112,cfg02_G2_D32,cfg02_G2_D32,0.9769684569910169,cuda
validation,2247,1338,Cold,0.5611785054206848,0.185916930437088,0.5308641975308642,1.0,0.0,0.0,cfg02_G2_D32,cfg02_G2_D32,0.9769684569910169,cuda
validation,2247,1338,Warm A,0.5642504692077637,0.1859637349843979,0.5308641975308642,1.0,0.20778918266296387,0.48298120498657227,cfg02_G2_D32,cfg02_G2_D32,0.9769684569910169,cuda
validation,2247,1338,Warm B,0.5600253939628601,0.18862244486808777,0.5061728395061729,1.0,0.2004307359457016,0.6241447329521179,cfg02_G2_D32,cfg02_G2_D32,0.9769684569910169,cuda
validation,2247,1338,Warm C,0.5504681468009949,0.19124963879585266,0.5061728395061729,1.0,0.3592573404312134,0.695487380027771,cfg02_G2_D32,cfg02_G2_D32,0.9769684569910169,cuda
validation,2278,1360,Cold,0.5600608587265015,0.18371374905109406,0.5555555555555556,1.0,0.0,0.0,cfg02_G2_D32,cfg02_G2_D32,0.9769684569910169,cuda
validation,2278,1360,Warm A,0.5539942979812622,0.18544501066207886,0.5555555555555556,1.0,0.2221386581659317,0.6930303573608398,cfg02_G2_D32,cfg02_G2_D32,0.9769684569910169,cuda
validation,2278,1360,Warm B,0.5561856627464294,0.18440835177898407,0.5555555555555556,1.0,0.2327326387166977,0.49302610754966736,cfg02_G2_D32,cfg02_G2_D32,0.9769684569910169,cuda
validation,2278,1360,Warm C,0.5570482015609741,0.1834925264120102,0.5555555555555556,1.0,0.36661216616630554,0.46447229385375977,cfg02_G2_D32,cfg02_G2_D32,0.9769684569910169,cuda
validation,2294,1370,Cold,0.5585592985153198,0.18207059800624847,0.5555555555555556,1.0,0.0,0.0,cfg02_G2_D32,cfg02_G2_D32,0.9769684569910169,cuda
validation,2294,1370,Warm A,0.5481359362602234,0.18531456589698792,0.5555555555555556,1.0,0.2330164909362793,0.6799338459968567,cfg02_G2_D32,cfg02_G2_D32,0.9769684569910169,cuda
validation,2294,1370,Warm B,0.5480049848556519,0.18585923314094543,0.5555555555555556,1.0,0.3333991765975952,0.6072311997413635,cfg02_G2_D32,cfg02_G2_D32,0.9769684569910169,cuda
validation,2294,1370,Warm C,0.5498805046081543,0.18538321554660797,0.5555555555555556,1.0,0.3342781364917755,0.5830890536308289,cfg02_G2_D32,cfg02_G2_D32,0.9769684569910169,cuda
validation,2297,1373,Cold,0.5593944191932678,0.18062709271907806,0.5555555555555556,1.0,0.0,0.0,cfg02_G2_D32,cfg02_G2_D32,0.9769684569910169,cuda
validation,2297,1373,Warm A,0.5611105561256409,0.18244048953056335,0.5555555555555556,1.0,0.2273300290107727,0.5890827178955078,cfg02_G2_D32,cfg02_G2_D32,0.9769684569910169,cuda
validation,2297,1373,Warm B,0.5656512975692749,0.1798897236585617,0.5555555555555556,1.0,0.25821033120155334,0.4158962368965149,cfg02_G2_D32,cfg02_G2_D32,0.9769684569910169,cuda
validation,2297,1373,Warm C,0.5674675703048706,0.18085426092147827,0.5308641975308642,1.0,0.3980312943458557,0.508525013923645,cfg02_G2_D32,cfg02_G2_D32,0.9769684569910169,cuda
validation,2301,1375,Cold,0.5650990605354309,0.1816471368074417,0.5555555555555556,1.0,0.0,0.0,cfg02_G2_D32,cfg02_G2_D32,0.9769684569910169,cuda
validation,2301,1375,Warm A,0.5623560547828674,0.1835586577653885,0.5308641975308642,1.0,0.22514046728610992,0.7219940423965454,cfg02_G2_D32,cfg02_G2_D32,0.9769684569910169,cuda
validation,2301,1375,Warm B,0.5570181608200073,0.18393293023109436,0.5308641975308642,1.0,0.28103339672088623,0.5633718371391296,cfg02_G2_D32,cfg02_G2_D32,0.9769684569910169,cuda
validation,2301,1375,Warm C,0.555206835269928,0.18578588962554932,0.5308641975308642,1.0,0.3442015051841736,0.6286677718162537,cfg02_G2_D32,cfg02_G2_D32,0.9769684569910169,cuda
validation,2312,1381,Cold,0.5667288303375244,0.17507559061050415,0.5802469135802469,1.0,0.0,0.0,cfg02_G2_D32,cfg02_G2_D32,0.9769684569910169,cuda
validation,2312,1381,Warm A,0.5729184746742249,0.17369695007801056,0.5802469135802469,1.0,0.21202699840068817,0.4865190088748932,cfg02_G2_D32,cfg02_G2_D32,0.9769684569910169,cuda
validation,2312,1381,Warm B,0.5760483145713806,0.17134545743465424,0.6049382716049383,1.0,0.4081365764141083,0.3888988196849823,cfg02_G2_D32,cfg02_G2_D32,0.9769684569910169,cuda
validation,2312,1381,Warm C,0.5854597687721252,0.16738948225975037,0.6296296296296297,1.0,0.608527421951294,0.26256462931632996,cfg02_G2_D32,cfg02_G2_D32,0.9769684569910169,cuda
validation,2313,1382,Cold,0.5727352499961853,0.17448075115680695,0.5802469135802469,1.0,0.0,0.0,cfg02_G2_D32,cfg02_G2_D32,0.9769684569910169,cuda
validation,2313,1382,Warm A,0.5670586824417114,0.17491906881332397,0.5308641975308642,1.0,0.22698083519935608,0.4710254371166229,cfg02_G2_D32,cfg02_G2_D32,0.9769684569910169,cuda
validation,2313,1382,Warm B,0.5710382461547852,0.17511485517024994,0.5802469135802469,1.0,0.32972007989883423,0.5225538015365601,cfg02_G2_D32,cfg02_G2_D32,0.9769684569910169,cuda
validation,2313,1382,Warm C,0.566483199596405,0.17711412906646729,0.5555555555555556,1.0,0.30566832423210144,0.6268105506896973,cfg02_G2_D32,cfg02_G2_D32,0.9769684569910169,cuda
validation,2318,1386,Cold,0.555368185043335,0.1915278136730194,0.5555555555555556,1.0,0.0,0.0,cfg02_G2_D32,cfg02_G2_D32,0.9769684569910169,cuda
validation,2318,1386,Warm A,0.5477102994918823,0.19224876165390015,0.5555555555555556,1.0,0.21099969744682312,0.5532146096229553,cfg02_G2_D32,cfg02_G2_D32,0.9769684569910169,cuda
validation,2318,1386,Warm B,0.5486665964126587,0.19095301628112793,0.5555555555555556,1.0,0.33768028020858765,0.5443455576896667,cfg02_G2_D32,cfg02_G2_D32,0.9769684569910169,cuda
validation,2318,1386,Warm C,0.5536074042320251,0.1882508546113968,0.5802469135802469,1.0,0.4645843207836151,0.4292737543582916,cfg02_G2_D32,cfg02_G2_D32,0.9769684569910169,cuda
validation,2321,1388,Cold,0.555368185043335,0.1915278136730194,0.5555555555555556,1.0,0.0,0.0,cfg02_G2_D32,cfg02_G2_D32,0.9769684569910169,cuda
validation,2321,1388,Warm A,0.5473743677139282,0.1920495182275772,0.5555555555555556,1.0,0.20470678806304932,0.6105610132217407,cfg02_G2_D32,cfg02_G2_D32,0.9769684569910169,cuda
validation,2321,1388,Warm B,0.5475606918334961,0.19140703976154327,0.5308641975308642,1.0,0.24786560237407684,0.5812298059463501,cfg02_G2_D32,cfg02_G2_D32,0.9769684569910169,cuda
validation,2321,1388,Warm C,0.5545275807380676,0.18966667354106903,0.5555555555555556,1.0,0.2470243126153946,0.48615217208862305,cfg02_G2_D32,cfg02_G2_D32,0.9769684569910169,cuda
validation,2322,1389,Cold,0.5593053698539734,0.18379788100719452,0.5555555555555556,1.0,0.0,0.0,cfg02_G2_D32,cfg02_G2_D32,0.9769684569910169,cuda
validation,2322,1389,Warm A,0.5653917193412781,0.18145573139190674,0.5802469135802469,1.0,0.24578309059143066,0.4726625084877014,cfg02_G2_D32,cfg02_G2_D32,0.9769684569910169,cuda
validation,2322,1389,Warm B,0.5626586079597473,0.18264824151992798,0.5555555555555556,1.0,0.14547720551490784,0.764251172542572,cfg02_G2_D32,cfg02_G2_D32,0.9769684569910169,cuda
validation,2322,1389,Warm C,0.5670239329338074,0.18300041556358337,0.5802469135802469,1.0,0.31249886751174927,0.4409821033477783,cfg02_G2_D32,cfg02_G2_D32,0.9769684569910169,cuda
validation,2336,1400,Cold,0.5606939792633057,0.1829095482826233,0.5555555555555556,1.0,0.0,0.0,cfg02_G2_D32,cfg02_G2_D32,0.9769684569910169,cuda
validation,2336,1400,Warm A,0.5593413710594177,0.18176314234733582,0.5308641975308642,1.0,0.20625309646129608,0.48154813051223755,cfg02_G2_D32,cfg02_G2_D32,0.9769684569910169,cuda
validation,2336,1400,Warm B,0.5546942949295044,0.18453145027160645,0.5308641975308642,1.0,0.2673097252845764,0.5016438364982605,cfg02_G2_D32,cfg02_G2_D32,0.9769684569910169,cuda
validation,2336,1400,Warm C,0.5613030195236206,0.18058963119983673,0.5308641975308642,1.0,0.26244303584098816,0.2811272144317627,cfg02_G2_D32,cfg02_G2_D32,0.9769684569910169,cuda
validation,2340,1403,Cold,0.5583314895629883,0.17982298135757446,0.5555555555555556,1.0,0.0,0.0,cfg02_G2_D32,cfg02_G2_D32,0.9769684569910169,cuda
validation,2340,1403,Warm A,0.5608194470405579,0.1800452321767807,0.5555555555555556,1.0,0.21825852990150452,0.5941476821899414,cfg02_G2_D32,cfg02_G2_D32,0.9769684569910169,cuda
validation,2340,1403,Warm B,0.5561468005180359,0.18084114789962769,0.5555555555555556,1.0,0.274606317281723,0.6104806661605835,cfg02_G2_D32,cfg02_G2_D32,0.9769684569910169,cuda
validation,2340,1403,Warm C,0.5547031164169312,0.1831473559141159,0.5308641975308642,1.0,0.3899293839931488,0.6735448241233826,cfg02_G2_D32,cfg02_G2_D32,0.9769684569910169,cuda
validation,2374,1429,Cold,0.5643758773803711,0.17832349240779877,0.5555555555555556,1.0,0.0,0.0,cfg02_G2_D32,cfg02_G2_D32,0.9769684569910169,cuda
validation,2374,1429,Warm A,0.5660194158554077,0.17874599993228912,0.5555555555555556,1.0,0.22975364327430725,0.7416485548019409,cfg02_G2_D32,cfg02_G2_D32,0.9769684569910169,cuda
validation,2374,1429,Warm B,0.5710119605064392,0.17900966107845306,0.5555555555555556,1.0,0.37088441848754883,0.4455767273902893,cfg02_G2_D32,cfg02_G2_D32,0.9769684569910169,cuda
validation,2374,1429,Warm C,0.5788345336914062,0.17593000829219818,0.5802469135802469,1.0,0.3639797866344452,0.35757896304130554,cfg02_G2_D32,cfg02_G2_D32,0.9769684569910169,cuda
validation,2378,1433,Cold,0.5614269971847534,0.183577299118042,0.5308641975308642,1.0,0.0,0.0,cfg02_G2_D32,cfg02_G2_D32,0.9769684569910169,cuda
validation,2378,1433,Warm A,0.56324702501297,0.18388494849205017,0.5061728395061729,1.0,0.2184557020664215,0.6026048064231873,cfg02_G2_D32,cfg02_G2_D32,0.9769684569910169,cuda
validation,2378,1433,Warm B,0.5657405853271484,0.18489676713943481,0.5555555555555556,1.0,0.19353502988815308,0.49393340945243835,cfg02_G2_D32,cfg02_G2_D32,0.9769684569910169,cuda
validation,2378,1433,Warm C,0.5713900923728943,0.1845039427280426,0.5802469135802469,1.0,0.2641935348510742,0.46550390124320984,cfg02_G2_D32,cfg02_G2_D32,0.9769684569910169,cuda
validation,2379,1434,Cold,0.5626356601715088,0.1824663281440735,0.5308641975308642,1.0,0.0,0.0,cfg02_G2_D32,cfg02_G2_D32,0.9769684569910169,cuda
validation,2379,1434,Warm A,0.5665327310562134,0.1820588856935501,0.5802469135802469,1.0,0.2071639746427536,0.5025633573532104,cfg02_G2_D32,cfg02_G2_D32,0.9769684569910169,cuda
validation,2379,1434,Warm B,0.5775659084320068,0.17937421798706055,0.6049382716049383,1.0,0.268618643283844,0.26391279697418213,cfg02_G2_D32,cfg02_G2_D32,0.9769684569910169,cuda
validation,2379,1434,Warm C,0.5810092091560364,0.18181942403316498,0.6296296296296297,1.0,0.42583200335502625,0.18828895688056946,cfg02_G2_D32,cfg02_G2_D32,0.9769684569910169,cuda
validation,2387,1441,Cold,0.5571876764297485,0.18775968253612518,0.5555555555555556,1.0,0.0,0.0,cfg02_G2_D32,cfg02_G2_D32,0.9769684569910169,cuda
validation,2387,1441,Warm A,0.5628994703292847,0.18777866661548615,0.5555555555555556,1.0,0.23220770061016083,0.5052847266197205,cfg02_G2_D32,cfg02_G2_D32,0.9769684569910169,cuda
validation,2387,1441,Warm B,0.5507820248603821,0.1911456286907196,0.5061728395061729,1.0,0.38732296228408813,0.7204593420028687,cfg02_G2_D32,cfg02_G2_D32,0.9769684569910169,cuda
validation,2387,1441,Warm C,0.5598432421684265,0.18782798945903778,0.5308641975308642,1.0,0.38022884726524353,0.4829108417034149,cfg02_G2_D32,cfg02_G2_D32,0.9769684569910169,cuda
validation,2389,1442,Cold,0.557878851890564,0.18468213081359863,0.5555555555555556,1.0,0.0,0.0,cfg02_G2_D32,cfg02_G2_D32,0.9769684569910169,cuda
validation,2389,1442,Warm A,0.5652011036872864,0.18308626115322113,0.5308641975308642,1.0,0.2143017202615738,0.5123726725578308,cfg02_G2_D32,cfg02_G2_D32,0.9769684569910169,cuda
validation,2389,1442,Warm B,0.5585633516311646,0.1867002546787262,0.5555555555555556,1.0,0.2857036888599396,0.6879168748855591,cfg02_G2_D32,cfg02_G2_D32,0.9769684569910169,cuda
validation,2389,1442,Warm C,0.5684532523155212,0.18452487885951996,0.5308641975308642,1.0,0.3314756453037262,0.4523572623729706,cfg02_G2_D32,cfg02_G2_D32,0.9769684569910169,cuda
validation,2399,1451,Cold,0.5651124715805054,0.1748117059469223,0.5555555555555556,1.0,0.0,0.0,cfg02_G2_D32,cfg02_G2_D32,0.9769684569910169,cuda
validation,2399,1451,Warm A,0.5721504092216492,0.17414173483848572,0.5555555555555556,1.0,0.21677923202514648,0.3894928991794586,cfg02_G2_D32,cfg02_G2_D32,0.9769684569910169,cuda
validation,2399,1451,Warm B,0.5752511024475098,0.17403075098991394,0.5802469135802469,1.0,0.26446178555488586,0.44460248947143555,cfg02_G2_D32,cfg02_G2_D32,0.9769684569910169,cuda
validation,2399,1451,Warm C,0.5703985691070557,0.17586728930473328,0.5802469135802469,1.0,0.339537650346756,0.5333518385887146,cfg02_G2_D32,cfg02_G2_D32,0.9769684569910169,cuda
validation,2405,1456,Cold,0.564385712146759,0.17693448066711426,0.5555555555555556,1.0,0.0,0.0,cfg02_G2_D32,cfg02_G2_D32,0.9769684569910169,cuda
validation,2405,1456,Warm A,0.5693778395652771,0.17446987330913544,0.5555555555555556,1.0,0.19366440176963806,0.5441424250602722,cfg02_G2_D32,cfg02_G2_D32,0.9769684569910169,cuda
validation,2405,1456,Warm B,0.5784623622894287,0.17316997051239014,0.6049382716049383,1.0,0.3245736360549927,0.3594307601451874,cfg02_G2_D32,cfg02_G2_D32,0.9769684569910169,cuda
validation,2405,1456,Warm C,0.5827826261520386,0.17130021750926971,0.6296296296296297,1.0,0.47153156995773315,0.41454195976257324,cfg02_G2_D32,cfg02_G2_D32,0.9769684569910169,cuda
validation,2408,1459,Cold,0.5617560744285583,0.1821896731853485,0.5308641975308642,1.0,0.0,0.0,cfg02_G2_D32,cfg02_G2_D32,0.9769684569910169,cuda
validation,2408,1459,Warm A,0.5678569674491882,0.18126825988292694,0.6049382716049383,1.0,0.22415190935134888,0.4682977795600891,cfg02_G2_D32,cfg02_G2_D32,0.9769684569910169,cuda
validation,2408,1459,Warm B,0.5730747580528259,0.1832667589187622,0.6049382716049383,1.0,0.4304870665073395,0.32492679357528687,cfg02_G2_D32,cfg02_G2_D32,0.9769684569910169,cuda
validation,2408,1459,Warm C,0.5731713175773621,0.1850518137216568,0.6049382716049383,1.0,0.6095685958862305,0.39885345101356506,cfg02_G2_D32,cfg02_G2_D32,0.9769684569910169,cuda
validation,2411,1462,Cold,0.5691313147544861,0.17569583654403687,0.5802469135802469,1.0,0.0,0.0,cfg02_G2_D32,cfg02_G2_D32,0.9769684569910169,cuda
validation,2411,1462,Warm A,0.5726779699325562,0.17548881471157074,0.5802469135802469,1.0,0.2225775569677353,0.5514581799507141,cfg02_G2_D32,cfg02_G2_D32,0.9769684569910169,cuda
validation,2411,1462,Warm B,0.5733652710914612,0.17823117971420288,0.5802469135802469,1.0,0.40678298473358154,0.5294854044914246,cfg02_G2_D32,cfg02_G2_D32,0.9769684569910169,cuda
validation,2411,1462,Warm C,0.5755290985107422,0.17892639338970184,0.6049382716049383,1.0,0.5943914651870728,0.353202223777771,cfg02_G2_D32,cfg02_G2_D32,0.9769684569910169,cuda
validation,2420,1470,Cold,0.5731217265129089,0.17451602220535278,0.5802469135802469,1.0,0.0,0.0,cfg02_G2_D32,cfg02_G2_D32,0.9769684569910169,cuda
validation,2420,1470,Warm A,0.5765693783760071,0.17516188323497772,0.6049382716049383,1.0,0.20078854262828827,0.49202823638916016,cfg02_G2_D32,cfg02_G2_D32,0.9769684569910169,cuda
validation,2420,1470,Warm B,0.5688409209251404,0.1778138428926468,0.5555555555555556,1.0,0.26696768403053284,0.6173362135887146,cfg02_G2_D32,cfg02_G2_D32,0.9769684569910169,cuda
validation,2420,1470,Warm C,0.5747073292732239,0.17683134973049164,0.6296296296296297,1.0,0.2804093658924103,0.49113234877586365,cfg02_G2_D32,cfg02_G2_D32,0.9769684569910169,cuda
validation,2421,1471,Cold,0.5701770782470703,0.17560526728630066,0.5802469135802469,1.0,0.0,0.0,cfg02_G2_D32,cfg02_G2_D32,0.9769684569910169,cuda
validation,2421,1471,Warm A,0.5729509592056274,0.1769154667854309,0.5802469135802469,1.0,0.22065982222557068,0.49670591950416565,cfg02_G2_D32,cfg02_G2_D32,0.9769684569910169,cuda
validation,2421,1471,Warm B,0.5724002122879028,0.18103457987308502,0.5802469135802469,1.0,0.4080785810947418,0.4973190426826477,cfg02_G2_D32,cfg02_G2_D32,0.9769684569910169,cuda
validation,2421,1471,Warm C,0.5765859484672546,0.18034444749355316,0.6049382716049383,1.0,0.4057879149913788,0.36003097891807556,cfg02_G2_D32,cfg02_G2_D32,0.9769684569910169,cuda
validation,2456,1497,Cold,0.5634782314300537,0.18047833442687988,0.5308641975308642,1.0,0.0,0.0,cfg02_G2_D32,cfg02_G2_D32,0.9769684569910169,cuda
validation,2456,1497,Warm A,0.5706577897071838,0.1786133199930191,0.6296296296296297,1.0,0.21551276743412018,0.29206353425979614,cfg02_G2_D32,cfg02_G2_D32,0.9769684569910169,cuda
validation,2456,1497,Warm B,0.5801411271095276,0.1774582713842392,0.6296296296296297,1.0,0.3413333296775818,0.30716270208358765,cfg02_G2_D32,cfg02_G2_D32,0.9769684569910169,cuda
validation,2456,1497,Warm C,0.5741204619407654,0.179033100605011,0.6296296296296297,1.0,0.2893979847431183,0.44404497742652893,cfg02_G2_D32,cfg02_G2_D32,0.9769684569910169,cuda
validation,2459,1500,Cold,0.5707551836967468,0.17399129271507263,0.5308641975308642,1.0,0.0,0.0,cfg02_G2_D32,cfg02_G2_D32,0.9769684569910169,cuda
validation,2459,1500,Warm A,0.573178768157959,0.17368268966674805,0.5555555555555556,1.0,0.21861441433429718,0.614604651927948,cfg02_G2_D32,cfg02_G2_D32,0.9769684569910169,cuda
validation,2459,1500,Warm B,0.5657716989517212,0.17525215446949005,0.5308641975308642,1.0,0.34342649579048157,0.696886420249939,cfg02_G2_D32,cfg02_G2_D32,0.9769684569910169,cuda
validation,2459,1500,Warm C,0.5654956698417664,0.1748960167169571,0.5308641975308642,1.0,0.4981098771095276,0.6342452168464661,cfg02_G2_D32,cfg02_G2_D32,0.9769684569910169,cuda
validation,2471,1508,Cold,0.5642407536506653,0.18167956173419952,0.5308641975308642,1.0,0.0,0.0,cfg02_G2_D32,cfg02_G2_D32,0.9769684569910169,cuda
validation,2471,1508,Warm A,0.5732014775276184,0.17927509546279907,0.6049382716049383,1.0,0.22510293126106262,0.3635070025920868,cfg02_G2_D32,cfg02_G2_D32,0.9769684569910169,cuda
validation,2471,1508,Warm B,0.5758110284805298,0.17720872163772583,0.6296296296296297,1.0,0.32697245478630066,0.34831520915031433,cfg02_G2_D32,cfg02_G2_D32,0.9769684569910169,cuda
validation,2471,1508,Warm C,0.5804745554924011,0.17695875465869904,0.6296296296296297,1.0,0.3884170353412628,0.40391436219215393,cfg02_G2_D32,cfg02_G2_D32,0.9769684569910169,cuda
validation,2478,1514,Cold,0.5623934268951416,0.17854604125022888,0.5308641975308642,1.0,0.0,0.0,cfg02_G2_D32,cfg02_G2_D32,0.9769684569910169,cuda
validation,2478,1514,Warm A,0.5649012923240662,0.1785416305065155,0.5308641975308642,1.0,0.21215403079986572,0.5803267359733582,cfg02_G2_D32,cfg02_G2_D32,0.9769684569910169,cuda
validation,2478,1514,Warm B,0.5556475520133972,0.18187689781188965,0.48148148148148145,1.0,0.3549768626689911,0.6387225985527039,cfg02_G2_D32,cfg02_G2_D32,0.9769684569910169,cuda
validation,2478,1514,Warm C,0.5612341165542603,0.17868925631046295,0.5308641975308642,1.0,0.3924274742603302,0.6245840191841125,cfg02_G2_D32,cfg02_G2_D32,0.9769684569910169,cuda
validation,2501,1525,Cold,0.5581473708152771,0.184072807431221,0.5555555555555556,1.0,0.0,0.0,cfg02_G2_D32,cfg02_G2_D32,0.9769684569910169,cuda
validation,2501,1525,Warm A,0.5598812103271484,0.18231168389320374,0.5802469135802469,1.0,0.222347229719162,0.3773694634437561,cfg02_G2_D32,cfg02_G2_D32,0.9769684569910169,cuda
validation,2501,1525,Warm B,0.5588545799255371,0.18337076902389526,0.5308641975308642,1.0,0.28941258788108826,0.38639596104621887,cfg02_G2_D32,cfg02_G2_D32,0.9769684569910169,cuda
validation,2501,1525,Warm C,0.5631608366966248,0.18090175092220306,0.5555555555555556,1.0,0.35839152336120605,0.24870634078979492,cfg02_G2_D32,cfg02_G2_D32,0.9769684569910169,cuda
validation,2518,1534,Cold,0.5648999214172363,0.17969371378421783,0.5555555555555556,1.0,0.0,0.0,cfg02_G2_D32,cfg02_G2_D32,0.9769684569910169,cuda
validation,2518,1534,Warm A,0.5665525197982788,0.1793663650751114,0.5308641975308642,1.0,0.20578144490718842,0.5901777148246765,cfg02_G2_D32,cfg02_G2_D32,0.9769684569910169,cuda
validation,2518,1534,Warm B,0.5695082545280457,0.17968110740184784,0.5308641975308642,1.0,0.23836375772953033,0.542592465877533,cfg02_G2_D32,cfg02_G2_D32,0.9769684569910169,cuda
validation,2518,1534,Warm C,0.567141056060791,0.17803801596164703,0.5308641975308642,1.0,0.2700076103210449,0.60122150182724,cfg02_G2_D32,cfg02_G2_D32,0.9769684569910169,cuda
validation,2532,1547,Cold,0.5730334520339966,0.17100992798805237,0.5308641975308642,1.0,0.0,0.0,cfg02_G2_D32,cfg02_G2_D32,0.9769684569910169,cuda
validation,2532,1547,Warm A,0.5800926089286804,0.17030198872089386,0.5555555555555556,1.0,0.22626377642154694,0.46460410952568054,cfg02_G2_D32,cfg02_G2_D32,0.9769684569910169,cuda
validation,2532,1547,Warm B,0.5856337547302246,0.1706283837556839,0.5555555555555556,1.0,0.4064900577068329,0.41819342970848083,cfg02_G2_D32,cfg02_G2_D32,0.9769684569910169,cuda
validation,2532,1547,Warm C,0.5806221961975098,0.16906315088272095,0.5555555555555556,1.0,0.281222939491272,0.49029454588890076,cfg02_G2_D32,cfg02_G2_D32,0.9769684569910169,cuda
validation,2533,1548,Cold,0.5738781690597534,0.1711495965719223,0.5308641975308642,1.0,0.0,0.0,cfg02_G2_D32,cfg02_G2_D32,0.9769684569910169,cuda
validation,2533,1548,Warm A,0.5780081748962402,0.17061574757099152,0.5555555555555556,1.0,0.21843856573104858,0.5836524367332458,cfg02_G2_D32,cfg02_G2_D32,0.9769684569910169,cuda
validation,2533,1548,Warm B,0.5844181180000305,0.1698567122220993,0.5802469135802469,1.0,0.354858934879303,0.39297589659690857,cfg02_G2_D32,cfg02_G2_D32,0.9769684569910169,cuda
validation,2533,1548,Warm C,0.5810304880142212,0.16964155435562134,0.5802469135802469,1.0,0.21623967587947845,0.5210583806037903,cfg02_G2_D32,cfg02_G2_D32,0.9769684569910169,cuda
validation,2541,1552,Cold,0.5597999691963196,0.18373017013072968,0.5555555555555556,1.0,0.0,0.0,cfg02_G2_D32,cfg02_G2_D32,0.9769684569910169,cuda
validation,2541,1552,Warm A,0.5622115135192871,0.18466255068778992,0.5555555555555556,1.0,0.2267260104417801,0.5651878714561462,cfg02_G2_D32,cfg02_G2_D32,0.9769684569910169,cuda
validation,2541,1552,Warm B,0.5615249276161194,0.1850966513156891,0.5308641975308642,1.0,0.3288017213344574,0.6402344703674316,cfg02_G2_D32,cfg02_G2_D32,0.9769684569910169,cuda
validation,2541,1552,Warm C,0.5617635250091553,0.18792282044887543,0.5308641975308642,1.0,0.4531218707561493,0.616792619228363,cfg02_G2_D32,cfg02_G2_D32,0.9769684569910169,cuda
validation,2542,1553,Cold,0.5585831999778748,0.18494150042533875,0.5555555555555556,1.0,0.0,0.0,cfg02_G2_D32,cfg02_G2_D32,0.9769684569910169,cuda
validation,2542,1553,Warm A,0.5493083596229553,0.18671877682209015,0.5802469135802469,1.0,0.21753104031085968,0.6254405379295349,cfg02_G2_D32,cfg02_G2_D32,0.9769684569910169,cuda
validation,2542,1553,Warm B,0.5520209670066833,0.1867590695619583,0.5802469135802469,1.0,0.22079625725746155,0.41889357566833496,cfg02_G2_D32,cfg02_G2_D32,0.9769684569910169,cuda
validation,2542,1553,Warm C,0.5545848608016968,0.1858609914779663,0.5555555555555556,1.0,0.36315301060676575,0.4019220769405365,cfg02_G2_D32,cfg02_G2_D32,0.9769684569910169,cuda
validation,2565,1565,Cold,0.5823561549186707,0.17165052890777588,0.5802469135802469,1.0,0.0,0.0,cfg02_G2_D32,cfg02_G2_D32,0.9769684569910169,cuda
validation,2565,1565,Warm A,0.582232654094696,0.17111942172050476,0.5802469135802469,1.0,0.2117038369178772,0.6046954393386841,cfg02_G2_D32,cfg02_G2_D32,0.9769684569910169,cuda
validation,2565,1565,Warm B,0.5828183889389038,0.17049731314182281,0.5555555555555556,1.0,0.2306271344423294,0.450726717710495,cfg02_G2_D32,cfg02_G2_D32,0.9769684569910169,cuda
validation,2565,1565,Warm C,0.5844417810440063,0.1699323058128357,0.5802469135802469,1.0,0.27838706970214844,0.46891871094703674,cfg02_G2_D32,cfg02_G2_D32,0.9769684569910169,cuda
validation,2567,1566,Cold,0.5547012686729431,0.19335876405239105,0.5555555555555556,1.0,0.0,0.0,cfg02_G2_D32,cfg02_G2_D32,0.9769684569910169,cuda
validation,2567,1566,Warm A,0.5525798797607422,0.19563959538936615,0.5555555555555556,1.0,0.19305084645748138,0.5734049081802368,cfg02_G2_D32,cfg02_G2_D32,0.9769684569910169,cuda
validation,2567,1566,Warm B,0.5569989681243896,0.19580398499965668,0.5308641975308642,1.0,0.28112152218818665,0.5351991057395935,cfg02_G2_D32,cfg02_G2_D32,0.9769684569910169,cuda
validation,2567,1566,Warm C,0.5538992881774902,0.1957649141550064,0.5308641975308642,1.0,0.3311150372028351,0.581222653388977,cfg02_G2_D32,cfg02_G2_D32,0.9769684569910169,cuda
validation,2580,1573,Cold,0.5598233342170715,0.1857234388589859,0.5802469135802469,1.0,0.0,0.0,cfg02_G2_D32,cfg02_G2_D32,0.9769684569910169,cuda
validation,2580,1573,Warm A,0.554006814956665,0.18649350106716156,0.5802469135802469,1.0,0.23391757905483246,0.5155126452445984,cfg02_G2_D32,cfg02_G2_D32,0.9769684569910169,cuda
validation,2580,1573,Warm B,0.5498613119125366,0.19072747230529785,0.5555555555555556,1.0,0.3371199369430542,0.7632630467414856,cfg02_G2_D32,cfg02_G2_D32,0.9769684569910169,cuda
validation,2580,1573,Warm C,0.5462779998779297,0.1931637078523636,0.5802469135802469,1.0,0.46912088990211487,0.6571753025054932,cfg02_G2_D32,cfg02_G2_D32,0.9769684569910169,cuda
validation,2599,1583,Cold,0.5547012686729431,0.19335877895355225,0.5555555555555556,1.0,0.0,0.0,cfg02_G2_D32,cfg02_G2_D32,0.9769684569910169,cuda
validation,2599,1583,Warm A,0.5446487069129944,0.19558927416801453,0.5555555555555556,1.0,0.21415117383003235,0.6646924018859863,cfg02_G2_D32,cfg02_G2_D32,0.9769684569910169,cuda
validation,2599,1583,Warm B,0.5469974875450134,0.19285182654857635,0.5802469135802469,1.0,0.25602221488952637,0.5505736470222473,cfg02_G2_D32,cfg02_G2_D32,0.9769684569910169,cuda
validation,2599,1583,Warm C,0.5458627343177795,0.19407004117965698,0.5802469135802469,1.0,0.4029787480831146,0.5148431062698364,cfg02_G2_D32,cfg02_G2_D32,0.9769684569910169,cuda
validation,2616,1593,Cold,0.5632543563842773,0.17830674350261688,0.5555555555555556,1.0,0.0,0.0,cfg02_G2_D32,cfg02_G2_D32,0.9769684569910169,cuda
validation,2616,1593,Warm A,0.5668405890464783,0.17824161052703857,0.5802469135802469,1.0,0.23332840204238892,0.5937539935112,cfg02_G2_D32,cfg02_G2_D32,0.9769684569910169,cuda
validation,2616,1593,Warm B,0.5733078122138977,0.17710642516613007,0.6296296296296297,1.0,0.3881688416004181,0.28052330017089844,cfg02_G2_D32,cfg02_G2_D32,0.9769684569910169,cuda
validation,2616,1593,Warm C,0.565974771976471,0.17886991798877716,0.5802469135802469,1.0,0.3460415005683899,0.5852295756340027,cfg02_G2_D32,cfg02_G2_D32,0.9769684569910169,cuda
validation,2641,1605,Cold,0.5728861093521118,0.17368748784065247,0.5802469135802469,1.0,0.0,0.0,cfg02_G2_D32,cfg02_G2_D32,0.9769684569910169,cuda
validation,2641,1605,Warm A,0.5748117566108704,0.17422956228256226,0.5802469135802469,1.0,0.21539755165576935,0.4530218243598938,cfg02_G2_D32,cfg02_G2_D32,0.9769684569910169,cuda
validation,2641,1605,Warm B,0.5639750361442566,0.17722637951374054,0.5802469135802469,1.0,0.34997135400772095,0.6500805616378784,cfg02_G2_D32,cfg02_G2_D32,0.9769684569910169,cuda
validation,2641,1605,Warm C,0.5548453330993652,0.17974242568016052,0.5061728395061729,1.0,0.5404595136642456,0.7602429389953613,cfg02_G2_D32,cfg02_G2_D32,0.9769684569910169,cuda
validation,2668,1621,Cold,0.5663408637046814,0.17513668537139893,0.5802469135802469,1.0,0.0,0.0,cfg02_G2_D32,cfg02_G2_D32,0.9769684569910169,cuda
validation,2668,1621,Warm A,0.5729694366455078,0.17362439632415771,0.5802469135802469,1.0,0.2230287790298462,0.4972570538520813,cfg02_G2_D32,cfg02_G2_D32,0.9769684569910169,cuda
validation,2668,1621,Warm B,0.5785726308822632,0.1748276650905609,0.6049382716049383,1.0,0.4129883944988251,0.36661338806152344,cfg02_G2_D32,cfg02_G2_D32,0.9769684569910169,cuda
validation,2668,1621,Warm C,0.5833514928817749,0.17675821483135223,0.6296296296296297,1.0,0.6403523087501526,0.08753673732280731,cfg02_G2_D32,cfg02_G2_D32,0.9769684569910169,cuda
validation,2671,1624,Cold,0.5579167604446411,0.1862231194972992,0.5555555555555556,1.0,0.0,0.0,cfg02_G2_D32,cfg02_G2_D32,0.9769684569910169,cuda
validation,2671,1624,Warm A,0.5577411651611328,0.18696048855781555,0.5802469135802469,1.0,0.21168969571590424,0.5962395668029785,cfg02_G2_D32,cfg02_G2_D32,0.9769684569910169,cuda
validation,2671,1624,Warm B,0.549532949924469,0.18805217742919922,0.48148148148148145,1.0,0.3943330943584442,0.6569883227348328,cfg02_G2_D32,cfg02_G2_D32,0.9769684569910169,cuda
validation,2671,1624,Warm C,0.5468332767486572,0.1893468052148819,0.5061728395061729,1.0,0.4291163682937622,0.676835834980011,cfg02_G2_D32,cfg02_G2_D32,0.9769684569910169,cuda
validation,2677,1627,Cold,0.5542776584625244,0.181651771068573,0.5802469135802469,1.0,0.0,0.0,cfg02_G2_D32,cfg02_G2_D32,0.9769684569910169,cuda
validation,2677,1627,Warm A,0.5527166128158569,0.18093173205852509,0.5802469135802469,1.0,0.20354053378105164,0.460956871509552,cfg02_G2_D32,cfg02_G2_D32,0.9769684569910169,cuda
validation,2677,1627,Warm B,0.5449577569961548,0.18316106498241425,0.5308641975308642,1.0,0.2886536121368408,0.738715410232544,cfg02_G2_D32,cfg02_G2_D32,0.9769684569910169,cuda
validation,2677,1627,Warm C,0.5425585508346558,0.18688738346099854,0.5308641975308642,1.0,0.38432633876800537,0.5089624524116516,cfg02_G2_D32,cfg02_G2_D32,0.9769684569910169,cuda
validation,2706,1642,Cold,0.5548216104507446,0.19222837686538696,0.5555555555555556,1.0,0.0,0.0,cfg02_G2_D32,cfg02_G2_D32,0.9769684569910169,cuda
validation,2706,1642,Warm A,0.5534705519676208,0.19167819619178772,0.5802469135802469,1.0,0.22843453288078308,0.5009157657623291,cfg02_G2_D32,cfg02_G2_D32,0.9769684569910169,cuda
validation,2706,1642,Warm B,0.55134117603302,0.19131141901016235,0.5555555555555556,1.0,0.27496230602264404,0.6485806107521057,cfg02_G2_D32,cfg02_G2_D32,0.9769684569910169,cuda
validation,2706,1642,Warm C,0.5466055870056152,0.19282636046409607,0.5555555555555556,1.0,0.38977986574172974,0.5972101092338562,cfg02_G2_D32,cfg02_G2_D32,0.9769684569910169,cuda
validation,2723,1656,Cold,0.5554279088973999,0.18806897103786469,0.5555555555555556,1.0,0.0,0.0,cfg02_G2_D32,cfg02_G2_D32,0.9769684569910169,cuda
validation,2723,1656,Warm A,0.5570558309555054,0.18790610134601593,0.5555555555555556,1.0,0.1964568793773651,0.6413828134536743,cfg02_G2_D32,cfg02_G2_D32,0.9769684569910169,cuda
validation,2723,1656,Warm B,0.5579094886779785,0.1897388994693756,0.5308641975308642,1.0,0.3463522493839264,0.6431142687797546,cfg02_G2_D32,cfg02_G2_D32,0.9769684569910169,cuda
validation,2723,1656,Warm C,0.5507268309593201,0.1924891322851181,0.5061728395061729,1.0,0.44609758257865906,0.6822681427001953,cfg02_G2_D32,cfg02_G2_D32,0.9769684569910169,cuda
validation,2739,1669,Cold,0.5686913728713989,0.1757974624633789,0.5802469135802469,1.0,0.0,0.0,cfg02_G2_D32,cfg02_G2_D32,0.9769684569910169,cuda
validation,2739,1669,Warm A,0.5741979479789734,0.17406655848026276,0.5802469135802469,1.0,0.23408250510692596,0.5151515603065491,cfg02_G2_D32,cfg02_G2_D32,0.9769684569910169,cuda
validation,2739,1669,Warm B,0.5689351558685303,0.1760944128036499,0.5802469135802469,1.0,0.26890161633491516,0.6904255747795105,cfg02_G2_D32,cfg02_G2_D32,0.9769684569910169,cuda
validation,2739,1669,Warm C,0.5637364387512207,0.17806638777256012,0.5802469135802469,1.0,0.28032830357551575,0.6196638941764832,cfg02_G2_D32,cfg02_G2_D32,0.9769684569910169,cuda
validation,2759,1679,Cold,0.5547012686729431,0.19335876405239105,0.5555555555555556,1.0,0.0,0.0,cfg02_G2_D32,cfg02_G2_D32,0.9769684569910169,cuda
validation,2759,1679,Warm A,0.5599707365036011,0.19133993983268738,0.5802469135802469,1.0,0.19504176080226898,0.5490763783454895,cfg02_G2_D32,cfg02_G2_D32,0.9769684569910169,cuda
validation,2759,1679,Warm B,0.5522306561470032,0.19056549668312073,0.5802469135802469,1.0,0.307054340839386,0.7059441804885864,cfg02_G2_D32,cfg02_G2_D32,0.9769684569910169,cuda
validation,2759,1679,Warm C,0.5468264818191528,0.19251075387001038,0.5061728395061729,1.0,0.3979227840900421,0.6163983345031738,cfg02_G2_D32,cfg02_G2_D32,0.9769684569910169,cuda
validation,2791,1699,Cold,0.5675371885299683,0.18040192127227783,0.5802469135802469,1.0,0.0,0.0,cfg02_G2_D32,cfg02_G2_D32,0.9769684569910169,cuda
validation,2791,1699,Warm A,0.5613260865211487,0.18416163325309753,0.5308641975308642,1.0,0.2069779336452484,0.6413359045982361,cfg02_G2_D32,cfg02_G2_D32,0.9769684569910169,cuda
validation,2791,1699,Warm B,0.566831111907959,0.18222284317016602,0.5555555555555556,1.0,0.25594261288642883,0.5654163360595703,cfg02_G2_D32,cfg02_G2_D32,0.9769684569910169,cuda
validation,2791,1699,Warm C,0.5713764429092407,0.1812998205423355,0.6296296296296297,1.0,0.4272533059120178,0.3115738034248352,cfg02_G2_D32,cfg02_G2_D32,0.9769684569910169,cuda
validation,2792,1700,Cold,0.5644205212593079,0.18151606619358063,0.5555555555555556,1.0,0.0,0.0,cfg02_G2_D32,cfg02_G2_D32,0.9769684569910169,cuda
validation,2792,1700,Warm A,0.5649698376655579,0.1830424666404724,0.5555555555555556,1.0,0.21149152517318726,0.6571469902992249,cfg02_G2_D32,cfg02_G2_D32,0.9769684569910169,cuda
validation,2792,1700,Warm B,0.5649967193603516,0.18515290319919586,0.5555555555555556,1.0,0.3039475381374359,0.4836370050907135,cfg02_G2_D32,cfg02_G2_D32,0.9769684569910169,cuda
validation,2792,1700,Warm C,0.5617465376853943,0.18839293718338013,0.5555555555555556,1.0,0.47349315881729126,0.6171339154243469,cfg02_G2_D32,cfg02_G2_D32,0.9769684569910169,cuda
validation,2797,1705,Cold,0.5604680180549622,0.1808914989233017,0.5308641975308642,1.0,0.0,0.0,cfg02_G2_D32,cfg02_G2_D32,0.9769684569910169,cuda
validation,2797,1705,Warm A,0.5606182813644409,0.18001480400562286,0.5308641975308642,1.0,0.2147742658853531,0.5076383948326111,cfg02_G2_D32,cfg02_G2_D32,0.9769684569910169,cuda
validation,2797,1705,Warm B,0.5663290619850159,0.17731928825378418,0.5802469135802469,1.0,0.3220129907131195,0.5429079532623291,cfg02_G2_D32,cfg02_G2_D32,0.9769684569910169,cuda
validation,2797,1705,Warm C,0.5639617443084717,0.18036574125289917,0.5555555555555556,1.0,0.25167346000671387,0.648223340511322,cfg02_G2_D32,cfg02_G2_D32,0.9769684569910169,cuda
validation,2804,1711,Cold,0.5660994648933411,0.1783059537410736,0.5802469135802469,1.0,0.0,0.0,cfg02_G2_D32,cfg02_G2_D32,0.9769684569910169,cuda
validation,2804,1711,Warm A,0.5633344054222107,0.1792411506175995,0.5802469135802469,1.0,0.23184825479984283,0.4723874628543854,cfg02_G2_D32,cfg02_G2_D32,0.9769684569910169,cuda
validation,2804,1711,Warm B,0.567845344543457,0.1766057163476944,0.5802469135802469,1.0,0.4023461937904358,0.3711247146129608,cfg02_G2_D32,cfg02_G2_D32,0.9769684569910169,cuda
validation,2804,1711,Warm C,0.5615077614784241,0.17992742359638214,0.5308641975308642,1.0,0.2739306092262268,0.5194796919822693,cfg02_G2_D32,cfg02_G2_D32,0.9769684569910169,cuda
validation,2808,1715,Cold,0.563058614730835,0.17906177043914795,0.5555555555555556,1.0,0.0,0.0,cfg02_G2_D32,cfg02_G2_D32,0.9769684569910169,cuda
validation,2808,1715,Warm A,0.5699354410171509,0.17821794748306274,0.6296296296296297,1.0,0.22638611495494843,0.3901456892490387,cfg02_G2_D32,cfg02_G2_D32,0.9769684569910169,cuda
validation,2808,1715,Warm B,0.5783542394638062,0.17779046297073364,0.654320987654321,1.0,0.391147255897522,0.3374372124671936,cfg02_G2_D32,cfg02_G2_D32,0.9769684569910169,cuda
validation,2808,1715,Warm C,0.5742368102073669,0.17892108857631683,0.6296296296296297,1.0,0.2643248438835144,0.2747926414012909,cfg02_G2_D32,cfg02_G2_D32,0.9769684569910169,cuda
validation,2815,1716,Cold,0.5633507370948792,0.174502432346344,0.5555555555555556,1.0,0.0,0.0,cfg02_G2_D32,cfg02_G2_D32,0.9769684569910169,cuda
validation,2815,1716,Warm A,0.5646616816520691,0.1749708205461502,0.5308641975308642,1.0,0.211430624127388,0.5784031748771667,cfg02_G2_D32,cfg02_G2_D32,0.9769684569910169,cuda
validation,2815,1716,Warm B,0.5720898509025574,0.17489618062973022,0.5802469135802469,1.0,0.3437483012676239,0.2908356189727783,cfg02_G2_D32,cfg02_G2_D32,0.9769684569910169,cuda
validation,2815,1716,Warm C,0.5755721926689148,0.17722845077514648,0.5802469135802469,1.0,0.55762779712677,0.14173249900341034,cfg02_G2_D32,cfg02_G2_D32,0.9769684569910169,cuda
validation,2841,1727,Cold,0.5610889196395874,0.1836441457271576,0.5555555555555556,1.0,0.0,0.0,cfg02_G2_D32,cfg02_G2_D32,0.9769684569910169,cuda
validation,2841,1727,Warm A,0.5564929842948914,0.18634368479251862,0.5555555555555556,1.0,0.20301051437854767,0.6035947799682617,cfg02_G2_D32,cfg02_G2_D32,0.9769684569910169,cuda
validation,2841,1727,Warm B,0.5599834322929382,0.18508031964302063,0.5308641975308642,1.0,0.2407221645116806,0.5564632415771484,cfg02_G2_D32,cfg02_G2_D32,0.9769684569910169,cuda
validation,2841,1727,Warm C,0.551792562007904,0.18843136727809906,0.5308641975308642,1.0,0.36435678601264954,0.5790722966194153,cfg02_G2_D32,cfg02_G2_D32,0.9769684569910169,cuda
validation,2857,1733,Cold,0.5753747224807739,0.16844457387924194,0.5802469135802469,1.0,0.0,0.0,cfg02_G2_D32,cfg02_G2_D32,0.9769684569910169,cuda
validation,2857,1733,Warm A,0.5704835653305054,0.16992038488388062,0.5308641975308642,1.0,0.2239031195640564,0.7164881229400635,cfg02_G2_D32,cfg02_G2_D32,0.9769684569910169,cuda
validation,2857,1733,Warm B,0.5742744207382202,0.17039881646633148,0.5308641975308642,1.0,0.3339909613132477,0.5564138293266296,cfg02_G2_D32,cfg02_G2_D32,0.9769684569910169,cuda
validation,2857,1733,Warm C,0.5766341686248779,0.17044268548488617,0.5555555555555556,1.0,0.38217464089393616,0.5561199188232422,cfg02_G2_D32,cfg02_G2_D32,0.9769684569910169,cuda
validation,2858,1734,Cold,0.557293176651001,0.18789251148700714,0.5555555555555556,1.0,0.0,0.0,cfg02_G2_D32,cfg02_G2_D32,0.9769684569910169,cuda
validation,2858,1734,Warm A,0.5496017932891846,0.18998168408870697,0.5802469135802469,1.0,0.2205430418252945,0.5431801676750183,cfg02_G2_D32,cfg02_G2_D32,0.9769684569910169,cuda
validation,2858,1734,Warm B,0.5560953617095947,0.18538513779640198,0.5802469135802469,1.0,0.2432834357023239,0.37132206559181213,cfg02_G2_D32,cfg02_G2_D32,0.9769684569910169,cuda
validation,2858,1734,Warm C,0.5574285984039307,0.18372224271297455,0.5555555555555556,1.0,0.417000412940979,0.2538789212703705,cfg02_G2_D32,cfg02_G2_D32,0.9769684569910169,cuda
validation,2863,1739,Cold,0.5769183039665222,0.17214667797088623,0.5802469135802469,1.0,0.0,0.0,cfg02_G2_D32,cfg02_G2_D32,0.9769684569910169,cuda
validation,2863,1739,Warm A,0.5747457146644592,0.173656165599823,0.5308641975308642,1.0,0.21133624017238617,0.5937761664390564,cfg02_G2_D32,cfg02_G2_D32,0.9769684569910169,cuda
validation,2863,1739,Warm B,0.5732860565185547,0.17555147409439087,0.5555555555555556,1.0,0.38837435841560364,0.5984799861907959,cfg02_G2_D32,cfg02_G2_D32,0.9769684569910169,cuda
validation,2863,1739,Warm C,0.5810336470603943,0.1740807741880417,0.5555555555555556,1.0,0.4233173131942749,0.48194757103919983,cfg02_G2_D32,cfg02_G2_D32,0.9769684569910169,cuda
validation,2877,1748,Cold,0.5724982023239136,0.1708775907754898,0.5308641975308642,1.0,0.0,0.0,cfg02_G2_D32,cfg02_G2_D32,0.9769684569910169,cuda
validation,2877,1748,Warm A,0.5692715048789978,0.1729467213153839,0.5308641975308642,1.0,0.22794243693351746,0.7019200325012207,cfg02_G2_D32,cfg02_G2_D32,0.9769684569910169,cuda
validation,2877,1748,Warm B,0.5701357126235962,0.1725652515888214,0.5308641975308642,1.0,0.3453782796859741,0.5725342631340027,cfg02_G2_D32,cfg02_G2_D32,0.9769684569910169,cuda
validation,2877,1748,Warm C,0.5705772638320923,0.17377184331417084,0.5555555555555556,1.0,0.4043468236923218,0.5658512115478516,cfg02_G2_D32,cfg02_G2_D32,0.9769684569910169,cuda
validation,2883,1753,Cold,0.5547012686729431,0.19335876405239105,0.5555555555555556,1.0,0.0,0.0,cfg02_G2_D32,cfg02_G2_D32,0.9769684569910169,cuda
validation,2883,1753,Warm A,0.5510749220848083,0.1924498826265335,0.5802469135802469,1.0,0.21153418719768524,0.5419023633003235,cfg02_G2_D32,cfg02_G2_D32,0.9769684569910169,cuda
validation,2883,1753,Warm B,0.5478018522262573,0.19689449667930603,0.5802469135802469,1.0,0.2664300501346588,0.6375924944877625,cfg02_G2_D32,cfg02_G2_D32,0.9769684569910169,cuda
validation,2883,1753,Warm C,0.5481715202331543,0.19696614146232605,0.5555555555555556,1.0,0.3677058815956116,0.6181478500366211,cfg02_G2_D32,cfg02_G2_D32,0.9769684569910169,cuda
validation,2926,1779,Cold,0.5631759762763977,0.18084454536437988,0.5308641975308642,1.0,0.0,0.0,cfg02_G2_D32,cfg02_G2_D32,0.9769684569910169,cuda
validation,2926,1779,Warm A,0.5536659359931946,0.1845819652080536,0.5308641975308642,1.0,0.2290123701095581,0.7566580772399902,cfg02_G2_D32,cfg02_G2_D32,0.9769684569910169,cuda
validation,2926,1779,Warm B,0.5538315773010254,0.18645693361759186,0.5061728395061729,1.0,0.4077860414981842,0.6058225631713867,cfg02_G2_D32,cfg02_G2_D32,0.9769684569910169,cuda
validation,2926,1779,Warm C,0.5566884875297546,0.1859937608242035,0.5308641975308642,1.0,0.43159788846969604,0.5912407040596008,cfg02_G2_D32,cfg02_G2_D32,0.9769684569910169,cuda
validation,2929,1782,Cold,0.5704346895217896,0.17290203273296356,0.5802469135802469,1.0,0.0,0.0,cfg02_G2_D32,cfg02_G2_D32,0.9769684569910169,cuda
validation,2929,1782,Warm A,0.567868709564209,0.17414860427379608,0.5555555555555556,1.0,0.22050565481185913,0.6335382461547852,cfg02_G2_D32,cfg02_G2_D32,0.9769684569910169,cuda
validation,2929,1782,Warm B,0.5610707402229309,0.1771596521139145,0.5555555555555556,1.0,0.31807199120521545,0.6624523401260376,cfg02_G2_D32,cfg02_G2_D32,0.9769684569910169,cuda
validation,2929,1782,Warm C,0.5570172667503357,0.1777443140745163,0.5308641975308642,1.0,0.4452466368675232,0.5839496850967407,cfg02_G2_D32,cfg02_G2_D32,0.9769684569910169,cuda
validation,2948,1794,Cold,0.5787231922149658,0.17112590372562408,0.6049382716049383,1.0,0.0,0.0,cfg02_G2_D32,cfg02_G2_D32,0.9769684569910169,cuda
validation,2948,1794,Warm A,0.5813316702842712,0.17178966104984283,0.6049382716049383,1.0,0.1957426816225052,0.5184816718101501,cfg02_G2_D32,cfg02_G2_D32,0.9769684569910169,cuda
validation,2948,1794,Warm B,0.5789754390716553,0.1718859225511551,0.6049382716049383,1.0,0.3296368420124054,0.46226921677589417,cfg02_G2_D32,cfg02_G2_D32,0.9769684569910169,cuda
validation,2948,1794,Warm C,0.5793344974517822,0.17149902880191803,0.5802469135802469,1.0,0.3530113399028778,0.4537481963634491,cfg02_G2_D32,cfg02_G2_D32,0.9769684569910169,cuda
validation,2985,1817,Cold,0.570880115032196,0.17349562048912048,0.5802469135802469,1.0,0.0,0.0,cfg02_G2_D32,cfg02_G2_D32,0.9769684569910169,cuda
validation,2985,1817,Warm A,0.5709945559501648,0.17298409342765808,0.6049382716049383,1.0,0.2139626145362854,0.48835259675979614,cfg02_G2_D32,cfg02_G2_D32,0.9769684569910169,cuda
validation,2985,1817,Warm B,0.5610862970352173,0.1763777732849121,0.5308641975308642,1.0,0.36371779441833496,0.7262827754020691,cfg02_G2_D32,cfg02_G2_D32,0.9769684569910169,cuda
validation,2985,1817,Warm C,0.5552700757980347,0.17791062593460083,0.5061728395061729,1.0,0.49340173602104187,0.6500633358955383,cfg02_G2_D32,cfg02_G2_D32,0.9769684569910169,cuda
validation,2987,1819,Cold,0.5627750158309937,0.17480264604091644,0.5308641975308642,1.0,0.0,0.0,cfg02_G2_D32,cfg02_G2_D32,0.9769684569910169,cuda
validation,2987,1819,Warm A,0.5665176510810852,0.17418262362480164,0.5802469135802469,1.0,0.22044740617275238,0.6266905665397644,cfg02_G2_D32,cfg02_G2_D32,0.9769684569910169,cuda
validation,2987,1819,Warm B,0.5649042725563049,0.17362023890018463,0.5555555555555556,1.0,0.20123900473117828,0.5678331851959229,cfg02_G2_D32,cfg02_G2_D32,0.9769684569910169,cuda
validation,2987,1819,Warm C,0.5638632774353027,0.173420250415802,0.6049382716049383,1.0,0.27414262294769287,0.3536745607852936,cfg02_G2_D32,cfg02_G2_D32,0.9769684569910169,cuda
validation,3005,1830,Cold,0.5607049465179443,0.18509036302566528,0.5555555555555556,1.0,0.0,0.0,cfg02_G2_D32,cfg02_G2_D32,0.9769684569910169,cuda
validation,3005,1830,Warm A,0.5681621432304382,0.18519623577594757,0.5802469135802469,1.0,0.21032215654850006,0.5268198251724243,cfg02_G2_D32,cfg02_G2_D32,0.9769684569910169,cuda
validation,3005,1830,Warm B,0.571780264377594,0.18259119987487793,0.6049382716049383,1.0,0.35439905524253845,0.5654913783073425,cfg02_G2_D32,cfg02_G2_D32,0.9769684569910169,cuda
validation,3005,1830,Warm C,0.5743277072906494,0.18297190964221954,0.6049382716049383,1.0,0.45729243755340576,0.5123475193977356,cfg02_G2_D32,cfg02_G2_D32,0.9769684569910169,cuda
validation,3022,1841,Cold,0.5914503335952759,0.18808495998382568,0.5555555555555556,1.0,0.0,0.0,cfg02_G2_D32,cfg02_G2_D32,0.9769684569910169,cuda
validation,3022,1841,Warm A,0.589880645275116,0.18701080977916718,0.5308641975308642,1.0,0.2062387317419052,0.40161076188087463,cfg02_G2_D32,cfg02_G2_D32,0.9769684569910169,cuda
validation,3022,1841,Warm B,0.5954392552375793,0.18552808463573456,0.5802469135802469,1.0,0.31740644574165344,0.12602129578590393,cfg02_G2_D32,cfg02_G2_D32,0.9769684569910169,cuda
validation,3022,1841,Warm C,0.595454216003418,0.18731337785720825,0.5802469135802469,1.0,0.3291425406932831,0.23158907890319824,cfg02_G2_D32,cfg02_G2_D32,0.9769684569910169,cuda
validation,3037,1851,Cold,0.575320303440094,0.1717727780342102,0.5555555555555556,1.0,0.0,0.0,cfg02_G2_D32,cfg02_G2_D32,0.9769684569910169,cuda
validation,3037,1851,Warm A,0.5719623565673828,0.1728133261203766,0.6049382716049383,1.0,0.2142018973827362,0.4554935097694397,cfg02_G2_D32,cfg02_G2_D32,0.9769684569910169,cuda
validation,3037,1851,Warm B,0.5735057592391968,0.17239584028720856,0.5802469135802469,1.0,0.2412424087524414,0.3776450455188751,cfg02_G2_D32,cfg02_G2_D32,0.9769684569910169,cuda
validation,3037,1851,Warm C,0.5746011734008789,0.17232804000377655,0.6049382716049383,1.0,0.41367706656455994,0.24957206845283508,cfg02_G2_D32,cfg02_G2_D32,0.9769684569910169,cuda
validation,3040,1854,Cold,0.5648047924041748,0.18038253486156464,0.5802469135802469,1.0,0.0,0.0,cfg02_G2_D32,cfg02_G2_D32,0.9769684569910169,cuda
validation,3040,1854,Warm A,0.5707482695579529,0.17883272469043732,0.5555555555555556,1.0,0.20005206763744354,0.4705817401409149,cfg02_G2_D32,cfg02_G2_D32,0.9769684569910169,cuda
validation,3040,1854,Warm B,0.5762509107589722,0.1778140664100647,0.5555555555555556,1.0,0.3493730127811432,0.4339728355407715,cfg02_G2_D32,cfg02_G2_D32,0.9769684569910169,cuda
validation,3040,1854,Warm C,0.5716741681098938,0.17739474773406982,0.5555555555555556,1.0,0.2861071825027466,0.5841137170791626,cfg02_G2_D32,cfg02_G2_D32,0.9769684569910169,cuda
validation,3062,1868,Cold,0.5775826573371887,0.17103025317192078,0.5802469135802469,1.0,0.0,0.0,cfg02_G2_D32,cfg02_G2_D32,0.9769684569910169,cuda
validation,3062,1868,Warm A,0.5719207525253296,0.17234326899051666,0.5555555555555556,1.0,0.23985251784324646,0.6797863245010376,cfg02_G2_D32,cfg02_G2_D32,0.9769684569910169,cuda
validation,3062,1868,Warm B,0.5718345046043396,0.17259709537029266,0.5061728395061729,1.0,0.2577759623527527,0.43607884645462036,cfg02_G2_D32,cfg02_G2_D32,0.9769684569910169,cuda
validation,3062,1868,Warm C,0.57603520154953,0.17207148671150208,0.5555555555555556,1.0,0.22113317251205444,0.4238252639770508,cfg02_G2_D32,cfg02_G2_D32,0.9769684569910169,cuda
validation,3072,1875,Cold,0.5618715882301331,0.18337692320346832,0.5308641975308642,1.0,0.0,0.0,cfg02_G2_D32,cfg02_G2_D32,0.9769684569910169,cuda
validation,3072,1875,Warm A,0.5595488548278809,0.18288390338420868,0.5308641975308642,1.0,0.18718472123146057,0.5620653033256531,cfg02_G2_D32,cfg02_G2_D32,0.9769684569910169,cuda
validation,3072,1875,Warm B,0.5577894449234009,0.18387481570243835,0.5555555555555556,1.0,0.326243132352829,0.479196161031723,cfg02_G2_D32,cfg02_G2_D32,0.9769684569910169,cuda
validation,3072,1875,Warm C,0.5590313673019409,0.1844875067472458,0.5061728395061729,1.0,0.30764174461364746,0.464736670255661,cfg02_G2_D32,cfg02_G2_D32,0.9769684569910169,cuda
validation,3081,1882,Cold,0.5589995980262756,0.18517309427261353,0.5555555555555556,1.0,0.0,0.0,cfg02_G2_D32,cfg02_G2_D32,0.9769684569910169,cuda
validation,3081,1882,Warm A,0.547044575214386,0.1886749565601349,0.5555555555555556,1.0,0.22050955891609192,0.7256345152854919,cfg02_G2_D32,cfg02_G2_D32,0.9769684569910169,cuda
validation,3081,1882,Warm B,0.5470787286758423,0.18704767525196075,0.5308641975308642,1.0,0.2925736904144287,0.5996111631393433,cfg02_G2_D32,cfg02_G2_D32,0.9769684569910169,cuda
validation,3081,1882,Warm C,0.5436126589775085,0.18701086938381195,0.5555555555555556,1.0,0.4368670880794525,0.621475875377655,cfg02_G2_D32,cfg02_G2_D32,0.9769684569910169,cuda
validation,3088,1887,Cold,0.5827547907829285,0.17616963386535645,0.5802469135802469,1.0,0.0,0.0,cfg02_G2_D32,cfg02_G2_D32,0.9769684569910169,cuda
validation,3088,1887,Warm A,0.5862066745758057,0.17504101991653442,0.5802469135802469,1.0,0.2322409451007843,0.42374515533447266,cfg02_G2_D32,cfg02_G2_D32,0.9769684569910169,cuda
validation,3088,1887,Warm B,0.5926820039749146,0.174644336104393,0.6296296296296297,1.0,0.4330581724643707,0.3289293348789215,cfg02_G2_D32,cfg02_G2_D32,0.9769684569910169,cuda
validation,3088,1887,Warm C,0.5867833495140076,0.17598804831504822,0.5802469135802469,1.0,0.33241796493530273,0.6044795513153076,cfg02_G2_D32,cfg02_G2_D32,0.9769684569910169,cuda
validation,3089,1888,Cold,0.5856565833091736,0.17627878487110138,0.5555555555555556,1.0,0.0,0.0,cfg02_G2_D32,cfg02_G2_D32,0.9769684569910169,cuda
validation,3089,1888,Warm A,0.5876657962799072,0.1737789511680603,0.6049382716049383,1.0,0.23302869498729706,0.3085606098175049,cfg02_G2_D32,cfg02_G2_D32,0.9769684569910169,cuda
validation,3089,1888,Warm B,0.5824857950210571,0.17570874094963074,0.5555555555555556,1.0,0.2130565196275711,0.5524213910102844,cfg02_G2_D32,cfg02_G2_D32,0.9769684569910169,cuda
validation,3089,1888,Warm C,0.5800637006759644,0.17538420855998993,0.5802469135802469,1.0,0.39086827635765076,0.5186861753463745,cfg02_G2_D32,cfg02_G2_D32,0.9769684569910169,cuda
validation,3100,1898,Cold,0.5643834471702576,0.17826850712299347,0.5308641975308642,1.0,0.0,0.0,cfg02_G2_D32,cfg02_G2_D32,0.9769684569910169,cuda
validation,3100,1898,Warm A,0.5689089894294739,0.177066832780838,0.5802469135802469,1.0,0.21624547243118286,0.4840106964111328,cfg02_G2_D32,cfg02_G2_D32,0.9769684569910169,cuda
validation,3100,1898,Warm B,0.5608640313148499,0.17945916950702667,0.5308641975308642,1.0,0.18255089223384857,0.575687825679779,cfg02_G2_D32,cfg02_G2_D32,0.9769684569910169,cuda
validation,3100,1898,Warm C,0.5643292665481567,0.18056084215641022,0.5555555555555556,1.0,0.3120933175086975,0.5221810340881348,cfg02_G2_D32,cfg02_G2_D32,0.9769684569910169,cuda
validation,3145,1922,Cold,0.5598409175872803,0.18522977828979492,0.5555555555555556,1.0,0.0,0.0,cfg02_G2_D32,cfg02_G2_D32,0.9769684569910169,cuda
validation,3145,1922,Warm A,0.556186318397522,0.18934467434883118,0.5555555555555556,1.0,0.23142817616462708,0.7612807154655457,cfg02_G2_D32,cfg02_G2_D32,0.9769684569910169,cuda
validation,3145,1922,Warm B,0.5482362508773804,0.19362519681453705,0.5061728395061729,1.0,0.4113936424255371,0.7564536333084106,cfg02_G2_D32,cfg02_G2_D32,0.9769684569910169,cuda
validation,3145,1922,Warm C,0.5477160811424255,0.19214636087417603,0.5555555555555556,1.0,0.36900845170021057,0.5670918822288513,cfg02_G2_D32,cfg02_G2_D32,0.9769684569910169,cuda
validation,3146,1923,Cold,0.5559396147727966,0.19185343384742737,0.5555555555555556,1.0,0.0,0.0,cfg02_G2_D32,cfg02_G2_D32,0.9769684569910169,cuda
validation,3146,1923,Warm A,0.5603288412094116,0.19313965737819672,0.5802469135802469,1.0,0.2359074205160141,0.45819899439811707,cfg02_G2_D32,cfg02_G2_D32,0.9769684569910169,cuda
validation,3146,1923,Warm B,0.5565207004547119,0.19715382158756256,0.5308641975308642,1.0,0.35360002517700195,0.548340916633606,cfg02_G2_D32,cfg02_G2_D32,0.9769684569910169,cuda
validation,3146,1923,Warm C,0.5545835494995117,0.20029042661190033,0.5308641975308642,1.0,0.5460988283157349,0.46508461236953735,cfg02_G2_D32,cfg02_G2_D32,0.9769684569910169,cuda
validation,3156,1929,Cold,0.5587366223335266,0.1883792281150818,0.5555555555555556,1.0,0.0,0.0,cfg02_G2_D32,cfg02_G2_D32,0.9769684569910169,cuda
validation,3156,1929,Warm A,0.564728319644928,0.18833766877651215,0.5802469135802469,1.0,0.21845743060112,0.4483066201210022,cfg02_G2_D32,cfg02_G2_D32,0.9769684569910169,cuda
validation,3156,1929,Warm B,0.5720576643943787,0.1880117952823639,0.5802469135802469,1.0,0.3509710729122162,0.4067971408367157,cfg02_G2_D32,cfg02_G2_D32,0.9769684569910169,cuda
validation,3156,1929,Warm C,0.5685228109359741,0.1911402940750122,0.5802469135802469,1.0,0.362661212682724,0.42075464129447937,cfg02_G2_D32,cfg02_G2_D32,0.9769684569910169,cuda
validation,3157,1930,Cold,0.5567408800125122,0.18730852007865906,0.5555555555555556,1.0,0.0,0.0,cfg02_G2_D32,cfg02_G2_D32,0.9769684569910169,cuda
validation,3157,1930,Warm A,0.5505549311637878,0.18829697370529175,0.5308641975308642,1.0,0.22803142666816711,0.6808048486709595,cfg02_G2_D32,cfg02_G2_D32,0.9769684569910169,cuda
validation,3157,1930,Warm B,0.5526070594787598,0.18825936317443848,0.5555555555555556,1.0,0.3347199857234955,0.6214469075202942,cfg02_G2_D32,cfg02_G2_D32,0.9769684569910169,cuda
validation,3157,1930,Warm C,0.5418360233306885,0.19191063940525055,0.5308641975308642,1.0,0.4950157403945923,0.7726088762283325,cfg02_G2_D32,cfg02_G2_D32,0.9769684569910169,cuda
validation,3169,1937,Cold,0.5679845213890076,0.17599034309387207,0.5802469135802469,1.0,0.0,0.0,cfg02_G2_D32,cfg02_G2_D32,0.9769684569910169,cuda
validation,3169,1937,Warm A,0.5675013065338135,0.17765429615974426,0.5555555555555556,1.0,0.2167244851589203,0.5968367457389832,cfg02_G2_D32,cfg02_G2_D32,0.9769684569910169,cuda
validation,3169,1937,Warm B,0.5725011825561523,0.17832696437835693,0.5802469135802469,1.0,0.2709808349609375,0.48526105284690857,cfg02_G2_D32,cfg02_G2_D32,0.9769684569910169,cuda
validation,3169,1937,Warm C,0.5742088556289673,0.17499476671218872,0.5555555555555556,1.0,0.1966383308172226,0.491603285074234,cfg02_G2_D32,cfg02_G2_D32,0.9769684569910169,cuda
validation,3203,1959,Cold,0.5660147666931152,0.17651879787445068,0.5555555555555556,1.0,0.0,0.0,cfg02_G2_D32,cfg02_G2_D32,0.9769684569910169,cuda
validation,3203,1959,Warm A,0.5598078370094299,0.18078359961509705,0.5308641975308642,1.0,0.23101811110973358,0.6510095596313477,cfg02_G2_D32,cfg02_G2_D32,0.9769684569910169,cuda
validation,3203,1959,Warm B,0.5618108510971069,0.1798883080482483,0.5308641975308642,1.0,0.09342020750045776,0.45021605491638184,cfg02_G2_D32,cfg02_G2_D32,0.9769684569910169,cuda
validation,3203,1959,Warm C,0.5643549561500549,0.17906200885772705,0.5802469135802469,1.0,0.25540196895599365,0.5514172911643982,cfg02_G2_D32,cfg02_G2_D32,0.9769684569910169,cuda
validation,3213,1965,Cold,0.563360333442688,0.17826354503631592,0.5555555555555556,1.0,0.0,0.0,cfg02_G2_D32,cfg02_G2_D32,0.9769684569910169,cuda
validation,3213,1965,Warm A,0.5563686490058899,0.17920011281967163,0.5555555555555556,1.0,0.2185829132795334,0.612527072429657,cfg02_G2_D32,cfg02_G2_D32,0.9769684569910169,cuda
validation,3213,1965,Warm B,0.5574187636375427,0.18002595007419586,0.5555555555555556,1.0,0.25570446252822876,0.628362774848938,cfg02_G2_D32,cfg02_G2_D32,0.9769684569910169,cuda
validation,3213,1965,Warm C,0.5550828576087952,0.18210597336292267,0.5555555555555556,1.0,0.39475101232528687,0.6210083961486816,cfg02_G2_D32,cfg02_G2_D32,0.9769684569910169,cuda
validation,3219,1968,Cold,0.5668620467185974,0.17760014533996582,0.5802469135802469,1.0,0.0,0.0,cfg02_G2_D32,cfg02_G2_D32,0.9769684569910169,cuda
validation,3219,1968,Warm A,0.5749444961547852,0.17538152635097504,0.5802469135802469,1.0,0.20212575793266296,0.471217542886734,cfg02_G2_D32,cfg02_G2_D32,0.9769684569910169,cuda
validation,3219,1968,Warm B,0.574300229549408,0.17439664900302887,0.6049382716049383,1.0,0.34998270869255066,0.6068911552429199,cfg02_G2_D32,cfg02_G2_D32,0.9769684569910169,cuda
validation,3219,1968,Warm C,0.5731537342071533,0.1756609082221985,0.5555555555555556,1.0,0.42774084210395813,0.5890289545059204,cfg02_G2_D32,cfg02_G2_D32,0.9769684569910169,cuda
validation,3238,1973,Cold,0.5608035922050476,0.18450318276882172,0.5555555555555556,1.0,0.0,0.0,cfg02_G2_D32,cfg02_G2_D32,0.9769684569910169,cuda
validation,3238,1973,Warm A,0.5603787302970886,0.18694069981575012,0.5555555555555556,1.0,0.21759115159511566,0.6268541216850281,cfg02_G2_D32,cfg02_G2_D32,0.9769684569910169,cuda
validation,3238,1973,Warm B,0.5669718384742737,0.1859196573495865,0.5308641975308642,1.0,0.3587687909603119,0.38965731859207153,cfg02_G2_D32,cfg02_G2_D32,0.9769684569910169,cuda
validation,3238,1973,Warm C,0.5613213777542114,0.18870101869106293,0.5308641975308642,1.0,0.515300989151001,0.4449351727962494,cfg02_G2_D32,cfg02_G2_D32,0.9769684569910169,cuda
validation,3246,1976,Cold,0.5633801817893982,0.17839446663856506,0.5555555555555556,1.0,0.0,0.0,cfg02_G2_D32,cfg02_G2_D32,0.9769684569910169,cuda
validation,3246,1976,Warm A,0.560027539730072,0.18027129769325256,0.5308641975308642,1.0,0.20552441477775574,0.5467826128005981,cfg02_G2_D32,cfg02_G2_D32,0.9769684569910169,cuda
validation,3246,1976,Warm B,0.5605915784835815,0.18217885494232178,0.5308641975308642,1.0,0.3278171718120575,0.525047779083252,cfg02_G2_D32,cfg02_G2_D32,0.9769684569910169,cuda
validation,3246,1976,Warm C,0.5557834506034851,0.18477173149585724,0.5308641975308642,1.0,0.4201894700527191,0.7263867855072021,cfg02_G2_D32,cfg02_G2_D32,0.9769684569910169,cuda
validation,3255,1985,Cold,0.5614573955535889,0.18222594261169434,0.5555555555555556,1.0,0.0,0.0,cfg02_G2_D32,cfg02_G2_D32,0.9769684569910169,cuda
validation,3255,1985,Warm A,0.5651715397834778,0.1799730360507965,0.5555555555555556,1.0,0.2395348697900772,0.418319433927536,cfg02_G2_D32,cfg02_G2_D32,0.9769684569910169,cuda
validation,3255,1985,Warm B,0.568314254283905,0.17956465482711792,0.5555555555555556,1.0,0.2681029140949249,0.5822802782058716,cfg02_G2_D32,cfg02_G2_D32,0.9769684569910169,cuda
validation,3255,1985,Warm C,0.5749281644821167,0.1795034259557724,0.5802469135802469,1.0,0.43329063057899475,0.4871518313884735,cfg02_G2_D32,cfg02_G2_D32,0.9769684569910169,cuda
validation,3257,1987,Cold,0.5656896233558655,0.17965953052043915,0.5555555555555556,1.0,0.0,0.0,cfg02_G2_D32,cfg02_G2_D32,0.9769684569910169,cuda
validation,3257,1987,Warm A,0.5752618312835693,0.17694443464279175,0.6296296296296297,1.0,0.2166351079940796,0.40083980560302734,cfg02_G2_D32,cfg02_G2_D32,0.9769684569910169,cuda
validation,3257,1987,Warm B,0.5813409090042114,0.17590463161468506,0.654320987654321,1.0,0.3820885121822357,0.3426177203655243,cfg02_G2_D32,cfg02_G2_D32,0.9769684569910169,cuda
validation,3257,1987,Warm C,0.580560564994812,0.17714442312717438,0.6296296296296297,1.0,0.37543028593063354,0.5098848342895508,cfg02_G2_D32,cfg02_G2_D32,0.9769684569910169,cuda
validation,3260,1990,Cold,0.5673229098320007,0.1779334545135498,0.5802469135802469,1.0,0.0,0.0,cfg02_G2_D32,cfg02_G2_D32,0.9769684569910169,cuda
validation,3260,1990,Warm A,0.5679730772972107,0.17621873319149017,0.5802469135802469,1.0,0.20157982409000397,0.4668094217777252,cfg02_G2_D32,cfg02_G2_D32,0.9769684569910169,cuda
validation,3260,1990,Warm B,0.5617609620094299,0.17756745219230652,0.5308641975308642,1.0,0.2946782112121582,0.5587210655212402,cfg02_G2_D32,cfg02_G2_D32,0.9769684569910169,cuda
validation,3260,1990,Warm C,0.5702103972434998,0.17482507228851318,0.5802469135802469,1.0,0.2493634670972824,0.3852247893810272,cfg02_G2_D32,cfg02_G2_D32,0.9769684569910169,cuda
validation,3273,2002,Cold,0.559208333492279,0.18772120773792267,0.5555555555555556,1.0,0.0,0.0,cfg02_G2_D32,cfg02_G2_D32,0.9769684569910169,cuda
validation,3273,2002,Warm A,0.5568432807922363,0.1914919763803482,0.5802469135802469,1.0,0.21995754539966583,0.654485821723938,cfg02_G2_D32,cfg02_G2_D32,0.9769684569910169,cuda
validation,3273,2002,Warm B,0.5607538819313049,0.19174011051654816,0.5308641975308642,1.0,0.32409918308258057,0.542693555355072,cfg02_G2_D32,cfg02_G2_D32,0.9769684569910169,cuda
validation,3273,2002,Warm C,0.5714200139045715,0.18889234960079193,0.5555555555555556,1.0,0.40644127130508423,0.27144351601600647,cfg02_G2_D32,cfg02_G2_D32,0.9769684569910169,cuda
validation,3301,2012,Cold,0.5550913214683533,0.18972383439540863,0.5802469135802469,1.0,0.0,0.0,cfg02_G2_D32,cfg02_G2_D32,0.9769684569910169,cuda
validation,3301,2012,Warm A,0.5591254234313965,0.18947750329971313,0.5802469135802469,1.0,0.20284859836101532,0.5318228602409363,cfg02_G2_D32,cfg02_G2_D32,0.9769684569910169,cuda
validation,3301,2012,Warm B,0.5639665722846985,0.18787206709384918,0.5802469135802469,1.0,0.3075834810733795,0.5327275991439819,cfg02_G2_D32,cfg02_G2_D32,0.9769684569910169,cuda
validation,3301,2012,Warm C,0.55832839012146,0.18773558735847473,0.5802469135802469,1.0,0.3231101334095001,0.6060581207275391,cfg02_G2_D32,cfg02_G2_D32,0.9769684569910169,cuda
validation,3316,2016,Cold,0.5586101412773132,0.18713942170143127,0.5555555555555556,1.0,0.0,0.0,cfg02_G2_D32,cfg02_G2_D32,0.9769684569910169,cuda
validation,3316,2016,Warm A,0.5636563897132874,0.1875503957271576,0.5308641975308642,1.0,0.21724383533000946,0.35670459270477295,cfg02_G2_D32,cfg02_G2_D32,0.9769684569910169,cuda
validation,3316,2016,Warm B,0.5583913326263428,0.1876133233308792,0.5555555555555556,1.0,0.21353302896022797,0.5454381704330444,cfg02_G2_D32,cfg02_G2_D32,0.9769684569910169,cuda
validation,3316,2016,Warm C,0.5614408254623413,0.18663358688354492,0.5308641975308642,1.0,0.36107027530670166,0.5977110266685486,cfg02_G2_D32,cfg02_G2_D32,0.9769684569910169,cuda
validation,3342,2027,Cold,0.5670250058174133,0.1750621497631073,0.5802469135802469,1.0,0.0,0.0,cfg02_G2_D32,cfg02_G2_D32,0.9769684569910169,cuda
validation,3342,2027,Warm A,0.5621969699859619,0.17720511555671692,0.5308641975308642,1.0,0.2280038595199585,0.6857783794403076,cfg02_G2_D32,cfg02_G2_D32,0.9769684569910169,cuda
validation,3342,2027,Warm B,0.5571829676628113,0.17851342260837555,0.48148148148148145,1.0,0.4056113064289093,0.6590036749839783,cfg02_G2_D32,cfg02_G2_D32,0.9769684569910169,cuda
validation,3342,2027,Warm C,0.5610458850860596,0.17492185533046722,0.5308641975308642,1.0,0.22776095569133759,0.34829726815223694,cfg02_G2_D32,cfg02_G2_D32,0.9769684569910169,cuda
validation,3355,2031,Cold,0.5594202876091003,0.18633431196212769,0.5555555555555556,1.0,0.0,0.0,cfg02_G2_D32,cfg02_G2_D32,0.9769684569910169,cuda
validation,3355,2031,Warm A,0.564255952835083,0.18549801409244537,0.5555555555555556,1.0,0.22126911580562592,0.5962557196617126,cfg02_G2_D32,cfg02_G2_D32,0.9769684569910169,cuda
validation,3355,2031,Warm B,0.5692363381385803,0.1871861219406128,0.5555555555555556,1.0,0.40613308548927307,0.3600919842720032,cfg02_G2_D32,cfg02_G2_D32,0.9769684569910169,cuda
validation,3355,2031,Warm C,0.5624223351478577,0.18855150043964386,0.5308641975308642,1.0,0.4903184473514557,0.6396072506904602,cfg02_G2_D32,cfg02_G2_D32,0.9769684569910169,cuda
validation,3361,2036,Cold,0.5602566003799438,0.1843760460615158,0.5308641975308642,1.0,0.0,0.0,cfg02_G2_D32,cfg02_G2_D32,0.9769684569910169,cuda
validation,3361,2036,Warm A,0.5560486316680908,0.18711715936660767,0.5061728395061729,1.0,0.21096184849739075,0.6244156956672668,cfg02_G2_D32,cfg02_G2_D32,0.9769684569910169,cuda
validation,3361,2036,Warm B,0.5543593168258667,0.18703870475292206,0.5308641975308642,1.0,0.2765083611011505,0.582429826259613,cfg02_G2_D32,cfg02_G2_D32,0.9769684569910169,cuda
validation,3361,2036,Warm C,0.5604199767112732,0.1849481761455536,0.5308641975308642,1.0,0.30464407801628113,0.40595826506614685,cfg02_G2_D32,cfg02_G2_D32,0.9769684569910169,cuda
validation,3362,2037,Cold,0.5692678093910217,0.17399562895298004,0.5308641975308642,1.0,0.0,0.0,cfg02_G2_D32,cfg02_G2_D32,0.9769684569910169,cuda
validation,3362,2037,Warm A,0.5672364830970764,0.17560887336730957,0.5308641975308642,1.0,0.19256524741649628,0.5787571668624878,cfg02_G2_D32,cfg02_G2_D32,0.9769684569910169,cuda
validation,3362,2037,Warm B,0.56838059425354,0.17394939064979553,0.5555555555555556,1.0,0.11772668361663818,0.31077513098716736,cfg02_G2_D32,cfg02_G2_D32,0.9769684569910169,cuda
validation,3362,2037,Warm C,0.5637412667274475,0.17524409294128418,0.5308641975308642,1.0,0.17918407917022705,0.4647190272808075,cfg02_G2_D32,cfg02_G2_D32,0.9769684569910169,cuda
validation,3408,2062,Cold,0.5583028793334961,0.18516403436660767,0.5555555555555556,1.0,0.0,0.0,cfg02_G2_D32,cfg02_G2_D32,0.9769684569910169,cuda
validation,3408,2062,Warm A,0.5606702566146851,0.18186436593532562,0.5802469135802469,1.0,0.24222296476364136,0.28089508414268494,cfg02_G2_D32,cfg02_G2_D32,0.9769684569910169,cuda
validation,3408,2062,Warm B,0.5591228008270264,0.18302033841609955,0.5555555555555556,1.0,0.15527521073818207,0.5674824118614197,cfg02_G2_D32,cfg02_G2_D32,0.9769684569910169,cuda
validation,3408,2062,Warm C,0.559411883354187,0.18363924324512482,0.5555555555555556,1.0,0.2728205919265747,0.5477957129478455,cfg02_G2_D32,cfg02_G2_D32,0.9769684569910169,cuda
validation,3409,2063,Cold,0.561078667640686,0.18574894964694977,0.5555555555555556,1.0,0.0,0.0,cfg02_G2_D32,cfg02_G2_D32,0.9769684569910169,cuda
validation,3409,2063,Warm A,0.5623503923416138,0.1864238977432251,0.5555555555555556,1.0,0.21006618440151215,0.5953904986381531,cfg02_G2_D32,cfg02_G2_D32,0.9769684569910169,cuda
validation,3409,2063,Warm B,0.5664452910423279,0.1828264743089676,0.5555555555555556,1.0,0.2853083610534668,0.3814391791820526,cfg02_G2_D32,cfg02_G2_D32,0.9769684569910169,cuda
validation,3409,2063,Warm C,0.5719491243362427,0.18393641710281372,0.6049382716049383,1.0,0.4124600291252136,0.4076767861843109,cfg02_G2_D32,cfg02_G2_D32,0.9769684569910169,cuda
validation,3438,2081,Cold,0.5690253973007202,0.17660608887672424,0.6049382716049383,1.0,0.0,0.0,cfg02_G2_D32,cfg02_G2_D32,0.9769684569910169,cuda
validation,3438,2081,Warm A,0.5662555694580078,0.17602302134037018,0.5555555555555556,1.0,0.17055882513523102,0.5121976733207703,cfg02_G2_D32,cfg02_G2_D32,0.9769684569910169,cuda
validation,3438,2081,Warm B,0.575645923614502,0.17269456386566162,0.6049382716049383,1.0,0.25524094700813293,0.27658727765083313,cfg02_G2_D32,cfg02_G2_D32,0.9769684569910169,cuda
validation,3438,2081,Warm C,0.5735008120536804,0.17547456920146942,0.6296296296296297,1.0,0.2746094763278961,0.31017524003982544,cfg02_G2_D32,cfg02_G2_D32,0.9769684569910169,cuda
validation,3448,2088,Cold,0.5634874701499939,0.17781111598014832,0.5555555555555556,1.0,0.0,0.0,cfg02_G2_D32,cfg02_G2_D32,0.9769684569910169,cuda
validation,3448,2088,Warm A,0.5692967772483826,0.17652274668216705,0.5802469135802469,1.0,0.20827436447143555,0.52867192029953,cfg02_G2_D32,cfg02_G2_D32,0.9769684569910169,cuda
validation,3448,2088,Warm B,0.5701637268066406,0.1743563413619995,0.5555555555555556,1.0,0.28850069642066956,0.4342137277126312,cfg02_G2_D32,cfg02_G2_D32,0.9769684569910169,cuda
validation,3448,2088,Warm C,0.5696219205856323,0.17336811125278473,0.5555555555555556,1.0,0.3854086399078369,0.48392197489738464,cfg02_G2_D32,cfg02_G2_D32,0.9769684569910169,cuda
validation,3450,2089,Cold,0.5581168532371521,0.1872418224811554,0.5555555555555556,1.0,0.0,0.0,cfg02_G2_D32,cfg02_G2_D32,0.9769684569910169,cuda
validation,3450,2089,Warm A,0.5599609613418579,0.1886618435382843,0.5555555555555556,1.0,0.23754611611366272,0.6301910281181335,cfg02_G2_D32,cfg02_G2_D32,0.9769684569910169,cuda
validation,3450,2089,Warm B,0.5550152659416199,0.18936435878276825,0.5555555555555556,1.0,0.19859199225902557,0.5704688429832458,cfg02_G2_D32,cfg02_G2_D32,0.9769684569910169,cuda
validation,3450,2089,Warm C,0.5584538578987122,0.18808355927467346,0.5308641975308642,1.0,0.24506902694702148,0.476406067609787,cfg02_G2_D32,cfg02_G2_D32,0.9769684569910169,cuda
validation,3462,2097,Cold,0.5875781774520874,0.1825021654367447,0.5555555555555556,1.0,0.0,0.0,cfg02_G2_D32,cfg02_G2_D32,0.9769684569910169,cuda
validation,3462,2097,Warm A,0.5838879942893982,0.183403879404068,0.5555555555555556,1.0,0.22917786240577698,0.6294488310813904,cfg02_G2_D32,cfg02_G2_D32,0.9769684569910169,cuda
validation,3462,2097,Warm B,0.5888906121253967,0.18237566947937012,0.5555555555555556,1.0,0.12513530254364014,0.3884858191013336,cfg02_G2_D32,cfg02_G2_D32,0.9769684569910169,cuda
validation,3462,2097,Warm C,0.5897817015647888,0.18229328095912933,0.5802469135802469,1.0,0.24398116767406464,0.23612968623638153,cfg02_G2_D32,cfg02_G2_D32,0.9769684569910169,cuda
validation,3468,2100,Cold,0.5807186365127563,0.17189551889896393,0.5802469135802469,1.0,0.0,0.0,cfg02_G2_D32,cfg02_G2_D32,0.9769684569910169,cuda
validation,3468,2100,Warm A,0.5843929052352905,0.17139515280723572,0.6049382716049383,1.0,0.22383546829223633,0.4116188585758209,cfg02_G2_D32,cfg02_G2_D32,0.9769684569910169,cuda
validation,3468,2100,Warm B,0.5875603556632996,0.17000176012516022,0.6296296296296297,1.0,0.38394737243652344,0.2927449345588684,cfg02_G2_D32,cfg02_G2_D32,0.9769684569910169,cuda
validation,3468,2100,Warm C,0.5898341536521912,0.16900116205215454,0.654320987654321,1.0,0.4295112192630768,0.2874926030635834,cfg02_G2_D32,cfg02_G2_D32,0.9769684569910169,cuda
validation,3476,2105,Cold,0.5640392303466797,0.17909954488277435,0.5555555555555556,1.0,0.0,0.0,cfg02_G2_D32,cfg02_G2_D32,0.9769684569910169,cuda
validation,3476,2105,Warm A,0.5539049506187439,0.1818496286869049,0.48148148148148145,1.0,0.225253626704216,0.659569501876831,cfg02_G2_D32,cfg02_G2_D32,0.9769684569910169,cuda
validation,3476,2105,Warm B,0.5513185858726501,0.18296141922473907,0.5061728395061729,1.0,0.3526896834373474,0.5762178897857666,cfg02_G2_D32,cfg02_G2_D32,0.9769684569910169,cuda
validation,3476,2105,Warm C,0.5504195094108582,0.1837267130613327,0.5061728395061729,1.0,0.4557986557483673,0.6563897132873535,cfg02_G2_D32,cfg02_G2_D32,0.9769684569910169,cuda
validation,3477,2106,Cold,0.5580779314041138,0.18477670848369598,0.5555555555555556,1.0,0.0,0.0,cfg02_G2_D32,cfg02_G2_D32,0.9769684569910169,cuda
validation,3477,2106,Warm A,0.5610761642456055,0.18671450018882751,0.5308641975308642,1.0,0.2193657010793686,0.6042831540107727,cfg02_G2_D32,cfg02_G2_D32,0.9769684569910169,cuda
validation,3477,2106,Warm B,0.5508296489715576,0.18861545622348785,0.5555555555555556,1.0,0.35316309332847595,0.7270207405090332,cfg02_G2_D32,cfg02_G2_D32,0.9769684569910169,cuda
validation,3477,2106,Warm C,0.5582725405693054,0.1854161024093628,0.5802469135802469,1.0,0.22345395386219025,0.49880000948905945,cfg02_G2_D32,cfg02_G2_D32,0.9769684569910169,cuda
validation,3501,2121,Cold,0.5628876090049744,0.17676445841789246,0.5308641975308642,1.0,0.0,0.0,cfg02_G2_D32,cfg02_G2_D32,0.9769684569910169,cuda
validation,3501,2121,Warm A,0.5674506425857544,0.17542026937007904,0.5555555555555556,1.0,0.22343945503234863,0.4917953610420227,cfg02_G2_D32,cfg02_G2_D32,0.9769684569910169,cuda
validation,3501,2121,Warm B,0.5687538385391235,0.174396812915802,0.5555555555555556,1.0,0.2784369885921478,0.5073774456977844,cfg02_G2_D32,cfg02_G2_D32,0.9769684569910169,cuda
validation,3501,2121,Warm C,0.574374794960022,0.17252548038959503,0.5802469135802469,1.0,0.42342203855514526,0.4365588128566742,cfg02_G2_D32,cfg02_G2_D32,0.9769684569910169,cuda
validation,3513,2133,Cold,0.5590708255767822,0.18505114316940308,0.5555555555555556,1.0,0.0,0.0,cfg02_G2_D32,cfg02_G2_D32,0.9769684569910169,cuda
validation,3513,2133,Warm A,0.5610330700874329,0.18667149543762207,0.5308641975308642,1.0,0.2136254906654358,0.5323181748390198,cfg02_G2_D32,cfg02_G2_D32,0.9769684569910169,cuda
validation,3513,2133,Warm B,0.5656126737594604,0.18603697419166565,0.5555555555555556,1.0,0.2685304880142212,0.6137571334838867,cfg02_G2_D32,cfg02_G2_D32,0.9769684569910169,cuda
validation,3513,2133,Warm C,0.5588688850402832,0.19012072682380676,0.5308641975308642,1.0,0.3816628158092499,0.6610974669456482,cfg02_G2_D32,cfg02_G2_D32,0.9769684569910169,cuda
validation,3525,2140,Cold,0.5644832849502563,0.18217375874519348,0.5555555555555556,1.0,0.0,0.0,cfg02_G2_D32,cfg02_G2_D32,0.9769684569910169,cuda
validation,3525,2140,Warm A,0.5636236667633057,0.18475481867790222,0.5061728395061729,1.0,0.22034168243408203,0.6111568212509155,cfg02_G2_D32,cfg02_G2_D32,0.9769684569910169,cuda
validation,3525,2140,Warm B,0.5712699294090271,0.1835661381483078,0.5802469135802469,1.0,0.3266732394695282,0.45248672366142273,cfg02_G2_D32,cfg02_G2_D32,0.9769684569910169,cuda
validation,3525,2140,Warm C,0.5603560209274292,0.186737060546875,0.5061728395061729,1.0,0.3998543322086334,0.6540565490722656,cfg02_G2_D32,cfg02_G2_D32,0.9769684569910169,cuda
validation,3527,2142,Cold,0.5689694285392761,0.17662763595581055,0.5802469135802469,1.0,0.0,0.0,cfg02_G2_D32,cfg02_G2_D32,0.9769684569910169,cuda
validation,3527,2142,Warm A,0.5685022473335266,0.1786840707063675,0.5802469135802469,1.0,0.20906877517700195,0.5827191472053528,cfg02_G2_D32,cfg02_G2_D32,0.9769684569910169,cuda
validation,3527,2142,Warm B,0.5673387050628662,0.18108411133289337,0.5555555555555556,1.0,0.27660971879959106,0.5045452117919922,cfg02_G2_D32,cfg02_G2_D32,0.9769684569910169,cuda
validation,3527,2142,Warm C,0.5576763153076172,0.185109943151474,0.5308641975308642,1.0,0.38543248176574707,0.6547809839248657,cfg02_G2_D32,cfg02_G2_D32,0.9769684569910169,cuda
validation,3556,2162,Cold,0.5568602085113525,0.1889817863702774,0.5555555555555556,1.0,0.0,0.0,cfg02_G2_D32,cfg02_G2_D32,0.9769684569910169,cuda
validation,3556,2162,Warm A,0.5508174896240234,0.1889123022556305,0.5802469135802469,1.0,0.21805493533611298,0.6263551115989685,cfg02_G2_D32,cfg02_G2_D32,0.9769684569910169,cuda
validation,3556,2162,Warm B,0.548225998878479,0.1913760006427765,0.5308641975308642,1.0,0.36333584785461426,0.63848876953125,cfg02_G2_D32,cfg02_G2_D32,0.9769684569910169,cuda
validation,3556,2162,Warm C,0.5441895723342896,0.1941388100385666,0.5308641975308642,1.0,0.4642956256866455,0.7059971690177917,cfg02_G2_D32,cfg02_G2_D32,0.9769684569910169,cuda
validation,3576,2169,Cold,0.5646743178367615,0.17892196774482727,0.5308641975308642,1.0,0.0,0.0,cfg02_G2_D32,cfg02_G2_D32,0.9769684569910169,cuda
validation,3576,2169,Warm A,0.5548810362815857,0.18054936826229095,0.48148148148148145,1.0,0.22271457314491272,0.7394685745239258,cfg02_G2_D32,cfg02_G2_D32,0.9769684569910169,cuda
validation,3576,2169,Warm B,0.5474074482917786,0.18500494956970215,0.5061728395061729,1.0,0.4411661922931671,0.8070076107978821,cfg02_G2_D32,cfg02_G2_D32,0.9769684569910169,cuda
validation,3576,2169,Warm C,0.5505430102348328,0.183715358376503,0.5061728395061729,1.0,0.4150206744670868,0.5398139953613281,cfg02_G2_D32,cfg02_G2_D32,0.9769684569910169,cuda
validation,3618,2188,Cold,0.554361879825592,0.19324789941310883,0.5555555555555556,1.0,0.0,0.0,cfg02_G2_D32,cfg02_G2_D32,0.9769684569910169,cuda
validation,3618,2188,Warm A,0.5503892302513123,0.19449147582054138,0.5061728395061729,1.0,0.23047637939453125,0.6570515036582947,cfg02_G2_D32,cfg02_G2_D32,0.9769684569910169,cuda
validation,3618,2188,Warm B,0.5509151220321655,0.19547301530838013,0.5061728395061729,1.0,0.2814021706581116,0.5858286023139954,cfg02_G2_D32,cfg02_G2_D32,0.9769684569910169,cuda
validation,3618,2188,Warm C,0.5515130162239075,0.1937885880470276,0.5061728395061729,1.0,0.3692811131477356,0.5780579447746277,cfg02_G2_D32,cfg02_G2_D32,0.9769684569910169,cuda
validation,3629,2195,Cold,0.591166615486145,0.18824371695518494,0.5555555555555556,1.0,0.0,0.0,cfg02_G2_D32,cfg02_G2_D32,0.9769684569910169,cuda
validation,3629,2195,Warm A,0.589022159576416,0.18965516984462738,0.5308641975308642,1.0,0.24014155566692352,0.5126745104789734,cfg02_G2_D32,cfg02_G2_D32,0.9769684569910169,cuda
validation,3629,2195,Warm B,0.5867143273353577,0.1907297968864441,0.5555555555555556,1.0,0.3130713999271393,0.543350875377655,cfg02_G2_D32,cfg02_G2_D32,0.9769684569910169,cuda
validation,3629,2195,Warm C,0.5856702923774719,0.18979832530021667,0.5555555555555556,1.0,0.361358642578125,0.45757433772087097,cfg02_G2_D32,cfg02_G2_D32,0.9769684569910169,cuda
validation,3702,2235,Cold,0.5695999264717102,0.1726672500371933,0.5802469135802469,1.0,0.0,0.0,cfg02_G2_D32,cfg02_G2_D32,0.9769684569910169,cuda
validation,3702,2235,Warm A,0.5636539459228516,0.17438969016075134,0.5802469135802469,1.0,0.20577041804790497,0.5992705225944519,cfg02_G2_D32,cfg02_G2_D32,0.9769684569910169,cuda
validation,3702,2235,Warm B,0.5633052587509155,0.17430895566940308,0.5555555555555556,1.0,0.28586649894714355,0.48458757996559143,cfg02_G2_D32,cfg02_G2_D32,0.9769684569910169,cuda
validation,3702,2235,Warm C,0.5628111362457275,0.17471328377723694,0.5555555555555556,1.0,0.32281890511512756,0.6320183873176575,cfg02_G2_D32,cfg02_G2_D32,0.9769684569910169,cuda
validation,3705,2238,Cold,0.5650247931480408,0.17772413790225983,0.5555555555555556,1.0,0.0,0.0,cfg02_G2_D32,cfg02_G2_D32,0.9769684569910169,cuda
validation,3705,2238,Warm A,0.5728994607925415,0.1760537028312683,0.6296296296296297,1.0,0.21599294245243073,0.34440743923187256,cfg02_G2_D32,cfg02_G2_D32,0.9769684569910169,cuda
validation,3705,2238,Warm B,0.5764750242233276,0.1769993156194687,0.5802469135802469,1.0,0.32927680015563965,0.45733100175857544,cfg02_G2_D32,cfg02_G2_D32,0.9769684569910169,cuda
validation,3705,2238,Warm C,0.5708056688308716,0.17751117050647736,0.6049382716049383,1.0,0.3348093330860138,0.4520309567451477,cfg02_G2_D32,cfg02_G2_D32,0.9769684569910169,cuda
validation,3729,2258,Cold,0.5724283456802368,0.1695529669523239,0.5308641975308642,1.0,0.0,0.0,cfg02_G2_D32,cfg02_G2_D32,0.9769684569910169,cuda
validation,3729,2258,Warm A,0.5712685585021973,0.1708402931690216,0.5308641975308642,1.0,0.22485794126987457,0.74226975440979,cfg02_G2_D32,cfg02_G2_D32,0.9769684569910169,cuda
validation,3729,2258,Warm B,0.5662412047386169,0.17437644302845,0.5308641975308642,1.0,0.43866559863090515,0.7844130396842957,cfg02_G2_D32,cfg02_G2_D32,0.9769684569910169,cuda
validation,3729,2258,Warm C,0.5652285814285278,0.1753903031349182,0.5308641975308642,1.0,0.4502643644809723,0.6081196665763855,cfg02_G2_D32,cfg02_G2_D32,0.9769684569910169,cuda
validation,3733,2261,Cold,0.575130045413971,0.17115353047847748,0.5555555555555556,1.0,0.0,0.0,cfg02_G2_D32,cfg02_G2_D32,0.9769684569910169,cuda
validation,3733,2261,Warm A,0.5825673937797546,0.16926944255828857,0.6790123456790124,1.0,0.22624890506267548,0.2565910518169403,cfg02_G2_D32,cfg02_G2_D32,0.9769684569910169,cuda
validation,3733,2261,Warm B,0.5851104259490967,0.16784487664699554,0.7037037037037037,1.0,0.4042041003704071,0.3301766812801361,cfg02_G2_D32,cfg02_G2_D32,0.9769684569910169,cuda
validation,3733,2261,Warm C,0.5835908651351929,0.16917042434215546,0.6790123456790124,1.0,0.356653094291687,0.5887402892112732,cfg02_G2_D32,cfg02_G2_D32,0.9769684569910169,cuda
validation,3735,2262,Cold,0.5726439952850342,0.1703532487154007,0.5308641975308642,1.0,0.0,0.0,cfg02_G2_D32,cfg02_G2_D32,0.9769684569910169,cuda
validation,3735,2262,Warm A,0.5778602361679077,0.16861984133720398,0.6296296296296297,1.0,0.24778534471988678,0.27303221821784973,cfg02_G2_D32,cfg02_G2_D32,0.9769684569910169,cuda
validation,3735,2262,Warm B,0.5813013315200806,0.16735702753067017,0.654320987654321,1.0,0.4535976052284241,0.32189270853996277,cfg02_G2_D32,cfg02_G2_D32,0.9769684569910169,cuda
validation,3735,2262,Warm C,0.5814148783683777,0.16723297536373138,0.654320987654321,1.0,0.4967282712459564,0.30731233954429626,cfg02_G2_D32,cfg02_G2_D32,0.9769684569910169,cuda
validation,3744,2268,Cold,0.5563112497329712,0.18755187094211578,0.5555555555555556,1.0,0.0,0.0,cfg02_G2_D32,cfg02_G2_D32,0.9769684569910169,cuda
validation,3744,2268,Warm A,0.5599575042724609,0.18516643345355988,0.5802469135802469,1.0,0.2292613685131073,0.3918097913265228,cfg02_G2_D32,cfg02_G2_D32,0.9769684569910169,cuda
validation,3744,2268,Warm B,0.5687090754508972,0.18154026567935944,0.5802469135802469,1.0,0.4378207325935364,0.4731132686138153,cfg02_G2_D32,cfg02_G2_D32,0.9769684569910169,cuda
validation,3744,2268,Warm C,0.5692111253738403,0.1826770007610321,0.5802469135802469,1.0,0.3287919759750366,0.6481481790542603,cfg02_G2_D32,cfg02_G2_D32,0.9769684569910169,cuda
validation,3760,2278,Cold,0.56632000207901,0.1791752129793167,0.5308641975308642,1.0,0.0,0.0,cfg02_G2_D32,cfg02_G2_D32,0.9769684569910169,cuda
validation,3760,2278,Warm A,0.5691279172897339,0.17836014926433563,0.5308641975308642,1.0,0.18715348839759827,0.5943147540092468,cfg02_G2_D32,cfg02_G2_D32,0.9769684569910169,cuda
validation,3760,2278,Warm B,0.5719889402389526,0.17736811935901642,0.5308641975308642,1.0,0.2148085981607437,0.48537206649780273,cfg02_G2_D32,cfg02_G2_D32,0.9769684569910169,cuda
validation,3760,2278,Warm C,0.5714478492736816,0.17820896208286285,0.5308641975308642,1.0,0.2810152471065521,0.6096240878105164,cfg02_G2_D32,cfg02_G2_D32,0.9769684569910169,cuda
validation,3841,2326,Cold,0.5625561475753784,0.18292376399040222,0.5555555555555556,1.0,0.0,0.0,cfg02_G2_D32,cfg02_G2_D32,0.9769684569910169,cuda
validation,3841,2326,Warm A,0.5725280046463013,0.18138030171394348,0.6296296296296297,1.0,0.22346651554107666,0.3488095700740814,cfg02_G2_D32,cfg02_G2_D32,0.9769684569910169,cuda
validation,3841,2326,Warm B,0.5760586857795715,0.18205028772354126,0.6296296296296297,1.0,0.3558040261268616,0.38485652208328247,cfg02_G2_D32,cfg02_G2_D32,0.9769684569910169,cuda
validation,3841,2326,Warm C,0.5686331391334534,0.18288634717464447,0.6049382716049383,1.0,0.291546106338501,0.5762839913368225,cfg02_G2_D32,cfg02_G2_D32,0.9769684569910169,cuda
validation,3861,2332,Cold,0.5529793500900269,0.19580909609794617,0.5555555555555556,1.0,0.0,0.0,cfg02_G2_D32,cfg02_G2_D32,0.9769684569910169,cuda
validation,3861,2332,Warm A,0.553490161895752,0.19822219014167786,0.5555555555555556,1.0,0.2191004455089569,0.7114516496658325,cfg02_G2_D32,cfg02_G2_D32,0.9769684569910169,cuda
validation,3861,2332,Warm B,0.5487818121910095,0.20078596472740173,0.5061728395061729,1.0,0.41688045859336853,0.7519950270652771,cfg02_G2_D32,cfg02_G2_D32,0.9769684569910169,cuda
validation,3861,2332,Warm C,0.5441730618476868,0.20212332904338837,0.5061728395061729,1.0,0.5377652645111084,0.6515985727310181,cfg02_G2_D32,cfg02_G2_D32,0.9769684569910169,cuda
validation,3882,2343,Cold,0.5545815229415894,0.19319097697734833,0.5802469135802469,1.0,0.0,0.0,cfg02_G2_D32,cfg02_G2_D32,0.9769684569910169,cuda
validation,3882,2343,Warm A,0.5611812472343445,0.19173148274421692,0.5555555555555556,1.0,0.23623941838741302,0.5868794322013855,cfg02_G2_D32,cfg02_G2_D32,0.9769684569910169,cuda
validation,3882,2343,Warm B,0.551045298576355,0.19455371797084808,0.5308641975308642,1.0,0.23281432688236237,0.7593945860862732,cfg02_G2_D32,cfg02_G2_D32,0.9769684569910169,cuda
validation,3882,2343,Warm C,0.550966203212738,0.19409142434597015,0.5061728395061729,1.0,0.3788970112800598,0.6936966180801392,cfg02_G2_D32,cfg02_G2_D32,0.9769684569910169,cuda
validation,3927,2363,Cold,0.5745193362236023,0.16908812522888184,0.5555555555555556,1.0,0.0,0.0,cfg02_G2_D32,cfg02_G2_D32,0.9769684569910169,cuda
validation,3927,2363,Warm A,0.5798159837722778,0.16715595126152039,0.6296296296296297,1.0,0.1895321160554886,0.41703006625175476,cfg02_G2_D32,cfg02_G2_D32,0.9769684569910169,cuda
validation,3927,2363,Warm B,0.5800989270210266,0.16631737351417542,0.6296296296296297,1.0,0.2879561483860016,0.5282238125801086,cfg02_G2_D32,cfg02_G2_D32,0.9769684569910169,cuda
validation,3927,2363,Warm C,0.5798114538192749,0.16712769865989685,0.6049382716049383,1.0,0.31618624925613403,0.6599205136299133,cfg02_G2_D32,cfg02_G2_D32,0.9769684569910169,cuda
validation,3928,2364,Cold,0.5837523937225342,0.17683346569538116,0.5802469135802469,1.0,0.0,0.0,cfg02_G2_D32,cfg02_G2_D32,0.9769684569910169,cuda
validation,3928,2364,Warm A,0.5801244378089905,0.17778965830802917,0.5308641975308642,1.0,0.22491399943828583,0.6888600587844849,cfg02_G2_D32,cfg02_G2_D32,0.9769684569910169,cuda
validation,3928,2364,Warm B,0.5814340710639954,0.17779234051704407,0.5555555555555556,1.0,0.23817449808120728,0.5970162749290466,cfg02_G2_D32,cfg02_G2_D32,0.9769684569910169,cuda
validation,3928,2364,Warm C,0.5827491879463196,0.1796431839466095,0.5555555555555556,1.0,0.3105633556842804,0.5744801759719849,cfg02_G2_D32,cfg02_G2_D32,0.9769684569910169,cuda
validation,3930,2366,Cold,0.5827220678329468,0.17428845167160034,0.5802469135802469,1.0,0.0,0.0,cfg02_G2_D32,cfg02_G2_D32,0.9769684569910169,cuda
validation,3930,2366,Warm A,0.5814588665962219,0.17457954585552216,0.6049382716049383,1.0,0.22574782371520996,0.6017576456069946,cfg02_G2_D32,cfg02_G2_D32,0.9769684569910169,cuda
validation,3930,2366,Warm B,0.5825249552726746,0.17595763504505157,0.5802469135802469,1.0,0.3063676953315735,0.5574562549591064,cfg02_G2_D32,cfg02_G2_D32,0.9769684569910169,cuda
validation,3930,2366,Warm C,0.5798981189727783,0.17770902812480927,0.6049382716049383,1.0,0.4475993514060974,0.6542207598686218,cfg02_G2_D32,cfg02_G2_D32,0.9769684569910169,cuda
evaluation,4,3,Cold,0.5534049272537231,0.17780038714408875,0.5061728395061729,1.0,0.0,0.0,,cfg02_G2_D32,0.9769684569910169,cuda
evaluation,4,3,Warm A,0.5601767897605896,0.17907503247261047,0.48148148148148145,1.0,0.22173196077346802,0.5031198859214783,,cfg02_G2_D32,0.9769684569910169,cuda
evaluation,4,3,Warm B,0.5679680109024048,0.18034812808036804,0.5061728395061729,1.0,0.34656792879104614,0.4564168453216553,,cfg02_G2_D32,0.9769684569910169,cuda
evaluation,4,3,Warm C,0.5641778111457825,0.1771203577518463,0.5061728395061729,1.0,0.34949827194213867,0.42681431770324707,,cfg02_G2_D32,0.9769684569910169,cuda
evaluation,8,7,Cold,0.5532559156417847,0.17238204181194305,0.5061728395061729,1.0,0.0,0.0,,cfg02_G2_D32,0.9769684569910169,cuda
evaluation,8,7,Warm A,0.5639839768409729,0.1698669195175171,0.5308641975308642,1.0,0.2362404316663742,0.33138611912727356,,cfg02_G2_D32,0.9769684569910169,cuda
evaluation,8,7,Warm B,0.5694711208343506,0.16795231401920319,0.5555555555555556,1.0,0.4546354413032532,0.3448468744754791,,cfg02_G2_D32,0.9769684569910169,cuda
evaluation,8,7,Warm C,0.563724935054779,0.16808302700519562,0.5308641975308642,1.0,0.3790486752986908,0.6035059690475464,,cfg02_G2_D32,0.9769684569910169,cuda
evaluation,9,8,Cold,0.5557449460029602,0.17541156709194183,0.5061728395061729,1.0,0.0,0.0,,cfg02_G2_D32,0.9769684569910169,cuda
evaluation,9,8,Warm A,0.5644016861915588,0.1757994145154953,0.5555555555555556,1.0,0.23214033246040344,0.3801397383213043,,cfg02_G2_D32,0.9769684569910169,cuda
evaluation,9,8,Warm B,0.5686793327331543,0.17627324163913727,0.5308641975308642,1.0,0.3183206617832184,0.3954058587551117,,cfg02_G2_D32,0.9769684569910169,cuda
evaluation,9,8,Warm C,0.5617185235023499,0.1750173717737198,0.5061728395061729,1.0,0.368729829788208,0.40012049674987793,,cfg02_G2_D32,0.9769684569910169,cuda
evaluation,12,11,Cold,0.5525220632553101,0.17690852284431458,0.5061728395061729,1.0,0.0,0.0,,cfg02_G2_D32,0.9769684569910169,cuda
evaluation,12,11,Warm A,0.5626888871192932,0.17667178809642792,0.5061728395061729,1.0,0.2307499647140503,0.41684016585350037,,cfg02_G2_D32,0.9769684569910169,cuda
evaluation,12,11,Warm B,0.5738564729690552,0.1755770593881607,0.5308641975308642,1.0,0.3771561086177826,0.2432040274143219,,cfg02_G2_D32,0.9769684569910169,cuda
evaluation,12,11,Warm C,0.5748307108879089,0.17918312549591064,0.5308641975308642,1.0,0.3473697900772095,0.35933858156204224,,cfg02_G2_D32,0.9769684569910169,cuda
evaluation,13,12,Cold,0.5545680522918701,0.17335809767246246,0.5061728395061729,1.0,0.0,0.0,,cfg02_G2_D32,0.9769684569910169,cuda
evaluation,13,12,Warm A,0.5541064143180847,0.17562797665596008,0.48148148148148145,1.0,0.21549274027347565,0.5839235782623291,,cfg02_G2_D32,0.9769684569910169,cuda
evaluation,13,12,Warm B,0.5454044342041016,0.17655079066753387,0.48148148148148145,1.0,0.37196028232574463,0.6257907152175903,,cfg02_G2_D32,0.9769684569910169,cuda
evaluation,13,12,Warm C,0.5487663149833679,0.17610064148902893,0.48148148148148145,1.0,0.4283238649368286,0.5830544829368591,,cfg02_G2_D32,0.9769684569910169,cuda
evaluation,14,13,Cold,0.5576639175415039,0.17783573269844055,0.5061728395061729,1.0,0.0,0.0,,cfg02_G2_D32,0.9769684569910169,cuda
evaluation,14,13,Warm A,0.5541055798530579,0.17915822565555573,0.5061728395061729,1.0,0.21289029717445374,0.6565471887588501,,cfg02_G2_D32,0.9769684569910169,cuda
evaluation,14,13,Warm B,0.5607247948646545,0.17928965389728546,0.5061728395061729,1.0,0.33881765604019165,0.6203454732894897,,cfg02_G2_D32,0.9769684569910169,cuda
evaluation,14,13,Warm C,0.5551058650016785,0.1794588416814804,0.48148148148148145,1.0,0.3995296359062195,0.7164828181266785,,cfg02_G2_D32,0.9769684569910169,cuda
evaluation,15,14,Cold,0.5546448826789856,0.17507976293563843,0.5061728395061729,1.0,0.0,0.0,,cfg02_G2_D32,0.9769684569910169,cuda
evaluation,15,14,Warm A,0.5629004240036011,0.17329852283000946,0.5308641975308642,1.0,0.20339670777320862,0.4877670407295227,,cfg02_G2_D32,0.9769684569910169,cuda
evaluation,15,14,Warm B,0.5650930404663086,0.17455007135868073,0.5308641975308642,1.0,0.25501397252082825,0.5428218245506287,,cfg02_G2_D32,0.9769684569910169,cuda
evaluation,15,14,Warm C,0.5608927607536316,0.1722589135169983,0.5061728395061729,1.0,0.29334768652915955,0.3647550046443939,,cfg02_G2_D32,0.9769684569910169,cuda
evaluation,18,17,Cold,0.5573842525482178,0.1748143583536148,0.5061728395061729,1.0,0.0,0.0,,cfg02_G2_D32,0.9769684569910169,cuda
evaluation,18,17,Warm A,0.5656226873397827,0.17258143424987793,0.5555555555555556,1.0,0.24862754344940186,0.43988028168678284,,cfg02_G2_D32,0.9769684569910169,cuda
evaluation,18,17,Warm B,0.5706170797348022,0.1703980714082718,0.6049382716049383,1.0,0.45588403940200806,0.4663551449775696,,cfg02_G2_D32,0.9769684569910169,cuda
evaluation,18,17,Warm C,0.5710721611976624,0.16946204006671906,0.5802469135802469,1.0,0.5875333547592163,0.4943945109844208,,cfg02_G2_D32,0.9769684569910169,cuda
evaluation,20,19,Cold,0.5563636422157288,0.17357341945171356,0.5061728395061729,1.0,0.0,0.0,,cfg02_G2_D32,0.9769684569910169,cuda
evaluation,20,19,Warm A,0.5631293058395386,0.1748846024274826,0.5802469135802469,1.0,0.23670616745948792,0.5347756743431091,,cfg02_G2_D32,0.9769684569910169,cuda
evaluation,20,19,Warm B,0.5701027512550354,0.1749764382839203,0.5802469135802469,1.0,0.3010762333869934,0.2687346339225769,,cfg02_G2_D32,0.9769684569910169,cuda
evaluation,20,19,Warm C,0.5657819509506226,0.17737461626529694,0.5555555555555556,1.0,0.3494550883769989,0.3907727897167206,,cfg02_G2_D32,0.9769684569910169,cuda
evaluation,23,22,Cold,0.5578728914260864,0.17727544903755188,0.5061728395061729,1.0,0.0,0.0,,cfg02_G2_D32,0.9769684569910169,cuda
evaluation,23,22,Warm A,0.5594045519828796,0.18025708198547363,0.48148148148148145,1.0,0.2188931703567505,0.5990323424339294,,cfg02_G2_D32,0.9769684569910169,cuda
evaluation,23,22,Warm B,0.5661857724189758,0.1795191615819931,0.5061728395061729,1.0,0.17815731465816498,0.4905655086040497,,cfg02_G2_D32,0.9769684569910169,cuda
evaluation,23,22,Warm C,0.5702193975448608,0.1789417564868927,0.5308641975308642,1.0,0.25896763801574707,0.4100615680217743,,cfg02_G2_D32,0.9769684569910169,cuda
evaluation,26,25,Cold,0.5576639175415039,0.17783573269844055,0.5061728395061729,1.0,0.0,0.0,,cfg02_G2_D32,0.9769684569910169,cuda
evaluation,26,25,Warm A,0.5565975904464722,0.1761091649532318,0.5061728395061729,1.0,0.20763933658599854,0.5031726956367493,,cfg02_G2_D32,0.9769684569910169,cuda
evaluation,26,25,Warm B,0.5612687468528748,0.1765410453081131,0.5308641975308642,1.0,0.23436221480369568,0.7021304965019226,,cfg02_G2_D32,0.9769684569910169,cuda
evaluation,26,25,Warm C,0.5524173378944397,0.17640896141529083,0.4567901234567901,1.0,0.2513462007045746,0.4947151243686676,,cfg02_G2_D32,0.9769684569910169,cuda
evaluation,27,26,Cold,0.5557305812835693,0.17647109925746918,0.5061728395061729,1.0,0.0,0.0,,cfg02_G2_D32,0.9769684569910169,cuda
evaluation,27,26,Warm A,0.5612913370132446,0.1783723533153534,0.5308641975308642,1.0,0.22753755748271942,0.6011533141136169,,cfg02_G2_D32,0.9769684569910169,cuda
evaluation,27,26,Warm B,0.5667025446891785,0.18099921941757202,0.5061728395061729,1.0,0.3704535663127899,0.4941655695438385,,cfg02_G2_D32,0.9769684569910169,cuda
evaluation,27,26,Warm C,0.567408561706543,0.18265461921691895,0.5061728395061729,1.0,0.5207393169403076,0.5454373359680176,,cfg02_G2_D32,0.9769684569910169,cuda
evaluation,28,27,Cold,0.5568730235099792,0.1738421618938446,0.5061728395061729,1.0,0.0,0.0,,cfg02_G2_D32,0.9769684569910169,cuda
evaluation,28,27,Warm A,0.5475401878356934,0.1752069890499115,0.48148148148148145,1.0,0.2177940011024475,0.5416778326034546,,cfg02_G2_D32,0.9769684569910169,cuda
evaluation,28,27,Warm B,0.5468708276748657,0.17627741396427155,0.5061728395061729,1.0,0.3683667778968811,0.3687295615673065,,cfg02_G2_D32,0.9769684569910169,cuda
evaluation,28,27,Warm C,0.5460865497589111,0.17588037252426147,0.4567901234567901,1.0,0.30795279145240784,0.594831109046936,,cfg02_G2_D32,0.9769684569910169,cuda
evaluation,30,29,Cold,0.5552904009819031,0.1786843091249466,0.5061728395061729,1.0,0.0,0.0,,cfg02_G2_D32,0.9769684569910169,cuda
evaluation,30,29,Warm A,0.5623116493225098,0.18025264143943787,0.5061728395061729,1.0,0.21709439158439636,0.5424318313598633,,cfg02_G2_D32,0.9769684569910169,cuda
evaluation,30,29,Warm B,0.55329829454422,0.17961223423480988,0.5061728395061729,1.0,0.1623259335756302,0.6474915742874146,,cfg02_G2_D32,0.9769684569910169,cuda
evaluation,30,29,Warm C,0.5593098998069763,0.17767587304115295,0.5061728395061729,1.0,0.26134175062179565,0.555889904499054,,cfg02_G2_D32,0.9769684569910169,cuda
evaluation,31,30,Cold,0.5565223097801208,0.17634758353233337,0.5061728395061729,1.0,0.0,0.0,,cfg02_G2_D32,0.9769684569910169,cuda
evaluation,31,30,Warm A,0.5592896938323975,0.17788875102996826,0.5308641975308642,1.0,0.21782273054122925,0.5837830901145935,,cfg02_G2_D32,0.9769684569910169,cuda
evaluation,31,30,Warm B,0.5670400857925415,0.18008145689964294,0.5061728395061729,1.0,0.36005568504333496,0.4984215795993805,,cfg02_G2_D32,0.9769684569910169,cuda
evaluation,31,30,Warm C,0.5682054758071899,0.17844463884830475,0.5061728395061729,1.0,0.43251603841781616,0.46918898820877075,,cfg02_G2_D32,0.9769684569910169,cuda
evaluation,35,33,Cold,0.5571686625480652,0.17576193809509277,0.5061728395061729,1.0,0.0,0.0,,cfg02_G2_D32,0.9769684569910169,cuda
evaluation,35,33,Warm A,0.5607956647872925,0.17355988919734955,0.5308641975308642,1.0,0.21725806593894958,0.4913671910762787,,cfg02_G2_D32,0.9769684569910169,cuda
evaluation,35,33,Warm B,0.5627391338348389,0.17401307821273804,0.5061728395061729,1.0,0.19469521939754486,0.664535641670227,,cfg02_G2_D32,0.9769684569910169,cuda
evaluation,35,33,Warm C,0.5594754219055176,0.17393186688423157,0.5061728395061729,1.0,0.31125926971435547,0.5716375708580017,,cfg02_G2_D32,0.9769684569910169,cuda
evaluation,43,38,Cold,0.5576639175415039,0.17783573269844055,0.5061728395061729,1.0,0.0,0.0,,cfg02_G2_D32,0.9769684569910169,cuda
evaluation,43,38,Warm A,0.5595446228981018,0.17953404784202576,0.5061728395061729,1.0,0.22602377831935883,0.7266786694526672,,cfg02_G2_D32,0.9769684569910169,cuda
evaluation,43,38,Warm B,0.5583324432373047,0.17798851430416107,0.48148148148148145,1.0,0.2618383765220642,0.5649968981742859,,cfg02_G2_D32,0.9769684569910169,cuda
evaluation,43,38,Warm C,0.559771716594696,0.17941781878471375,0.48148148148148145,1.0,0.3981521427631378,0.6537012457847595,,cfg02_G2_D32,0.9769684569910169,cuda
evaluation,46,41,Cold,0.5568099617958069,0.1753797084093094,0.5061728395061729,1.0,0.0,0.0,,cfg02_G2_D32,0.9769684569910169,cuda
evaluation,46,41,Warm A,0.5654496550559998,0.1769358366727829,0.5061728395061729,1.0,0.21378469467163086,0.47280988097190857,,cfg02_G2_D32,0.9769684569910169,cuda
evaluation,46,41,Warm B,0.571758508682251,0.17514432966709137,0.5308641975308642,1.0,0.3355938494205475,0.4611777365207672,,cfg02_G2_D32,0.9769684569910169,cuda
evaluation,46,41,Warm C,0.5685329437255859,0.17520245909690857,0.5555555555555556,1.0,0.29444363713264465,0.5400320887565613,,cfg02_G2_D32,0.9769684569910169,cuda
evaluation,57,46,Cold,0.5571675896644592,0.1770966798067093,0.5061728395061729,1.0,0.0,0.0,,cfg02_G2_D32,0.9769684569910169,cuda
evaluation,57,46,Warm A,0.5617671012878418,0.17749670147895813,0.5308641975308642,1.0,0.21928194165229797,0.5219470858573914,,cfg02_G2_D32,0.9769684569910169,cuda
evaluation,57,46,Warm B,0.5663682222366333,0.17793498933315277,0.5061728395061729,1.0,0.383022278547287,0.44959211349487305,,cfg02_G2_D32,0.9769684569910169,cuda
evaluation,57,46,Warm C,0.5692728161811829,0.17939496040344238,0.5061728395061729,1.0,0.39395368099212646,0.5903507471084595,,cfg02_G2_D32,0.9769684569910169,cuda
evaluation,61,49,Cold,0.5570696592330933,0.1767350733280182,0.5061728395061729,1.0,0.0,0.0,,cfg02_G2_D32,0.9769684569910169,cuda
evaluation,61,49,Warm A,0.5602934956550598,0.17909899353981018,0.48148148148148145,1.0,0.1988898664712906,0.5616741180419922,,cfg02_G2_D32,0.9769684569910169,cuda
evaluation,61,49,Warm B,0.5660637617111206,0.1780204474925995,0.5308641975308642,1.0,0.15420964360237122,0.4684670567512512,,cfg02_G2_D32,0.9769684569910169,cuda
evaluation,61,49,Warm C,0.5733028650283813,0.17917324602603912,0.5555555555555556,1.0,0.28131288290023804,0.3826473355293274,,cfg02_G2_D32,0.9769684569910169,cuda
evaluation,63,51,Cold,0.5496228337287903,0.1788238137960434,0.5061728395061729,1.0,0.0,0.0,,cfg02_G2_D32,0.9769684569910169,cuda
evaluation,63,51,Warm A,0.557593822479248,0.18102090060710907,0.48148148148148145,1.0,0.21994994580745697,0.4597628712654114,,cfg02_G2_D32,0.9769684569910169,cuda
evaluation,63,51,Warm B,0.5566219091415405,0.17990240454673767,0.5061728395061729,1.0,0.24015577137470245,0.5492393374443054,,cfg02_G2_D32,0.9769684569910169,cuda
evaluation,63,51,Warm C,0.5649086236953735,0.1808827817440033,0.5308641975308642,1.0,0.38558509945869446,0.45379239320755005,,cfg02_G2_D32,0.9769684569910169,cuda
evaluation,64,52,Cold,0.5530475974082947,0.1755216121673584,0.5061728395061729,1.0,0.0,0.0,,cfg02_G2_D32,0.9769684569910169,cuda
evaluation,64,52,Warm A,0.5613229870796204,0.17623671889305115,0.5308641975308642,1.0,0.22336843609809875,0.4069235026836395,,cfg02_G2_D32,0.9769684569910169,cuda
evaluation,64,52,Warm B,0.5676456093788147,0.17981792986392975,0.5308641975308642,1.0,0.4031028747558594,0.3294106125831604,,cfg02_G2_D32,0.9769684569910169,cuda
evaluation,64,52,Warm C,0.5709684491157532,0.1769675761461258,0.5802469135802469,1.0,0.36989936232566833,0.22571209073066711,,cfg02_G2_D32,0.9769684569910169,cuda
evaluation,65,53,Cold,0.550687313079834,0.18099042773246765,0.5061728395061729,1.0,0.0,0.0,,cfg02_G2_D32,0.9769684569910169,cuda
evaluation,65,53,Warm A,0.5585575103759766,0.1818733960390091,0.5061728395061729,1.0,0.20934446156024933,0.4268433749675751,,cfg02_G2_D32,0.9769684569910169,cuda
evaluation,65,53,Warm B,0.5704355239868164,0.18050886690616608,0.5308641975308642,1.0,0.28992563486099243,0.3013184070587158,,cfg02_G2_D32,0.9769684569910169,cuda
evaluation,65,53,Warm C,0.5741421580314636,0.18034730851650238,0.5802469135802469,1.0,0.4314355254173279,0.3243384063243866,,cfg02_G2_D32,0.9769684569910169,cuda
evaluation,66,54,Cold,0.5574142932891846,0.17414911091327667,0.5061728395061729,1.0,0.0,0.0,,cfg02_G2_D32,0.9769684569910169,cuda
evaluation,66,54,Warm A,0.564224123954773,0.1759387105703354,0.5802469135802469,1.0,0.2305610030889511,0.40775299072265625,,cfg02_G2_D32,0.9769684569910169,cuda
evaluation,66,54,Warm B,0.5729967951774597,0.1766054481267929,0.5802469135802469,1.0,0.37292131781578064,0.191697359085083,,cfg02_G2_D32,0.9769684569910169,cuda
evaluation,66,54,Warm C,0.5835824012756348,0.17684900760650635,0.6049382716049383,1.0,0.4933324158191681,0.01760922744870186,,cfg02_G2_D32,0.9769684569910169,cuda
evaluation,71,57,Cold,0.5535531044006348,0.175161674618721,0.5061728395061729,1.0,0.0,0.0,,cfg02_G2_D32,0.9769684569910169,cuda
evaluation,71,57,Warm A,0.5638934969902039,0.1743493229150772,0.5308641975308642,1.0,0.215002179145813,0.3273453712463379,,cfg02_G2_D32,0.9769684569910169,cuda
evaluation,71,57,Warm B,0.5729061365127563,0.1746877282857895,0.5308641975308642,1.0,0.3807375729084015,0.17281349003314972,,cfg02_G2_D32,0.9769684569910169,cuda
evaluation,71,57,Warm C,0.5799646377563477,0.17359523475170135,0.5555555555555556,1.0,0.5706537961959839,0.11970432847738266,,cfg02_G2_D32,0.9769684569910169,cuda
evaluation,72,58,Cold,0.553703784942627,0.17899243533611298,0.5061728395061729,1.0,0.0,0.0,,cfg02_G2_D32,0.9769684569910169,cuda
evaluation,72,58,Warm A,0.5521838068962097,0.17907750606536865,0.5061728395061729,1.0,0.22080883383750916,0.6550803184509277,,cfg02_G2_D32,0.9769684569910169,cuda
evaluation,72,58,Warm B,0.5482223033905029,0.17866238951683044,0.5555555555555556,1.0,0.30057811737060547,0.6091193556785583,,cfg02_G2_D32,0.9769684569910169,cuda
evaluation,72,58,Warm C,0.5488861203193665,0.1789410412311554,0.5061728395061729,1.0,0.34077373147010803,0.6094998717308044,,cfg02_G2_D32,0.9769684569910169,cuda
evaluation,74,60,Cold,0.5560545921325684,0.17484281957149506,0.5061728395061729,1.0,0.0,0.0,,cfg02_G2_D32,0.9769684569910169,cuda
evaluation,74,60,Warm A,0.5663791298866272,0.17522121965885162,0.5308641975308642,1.0,0.22358326613903046,0.4661034643650055,,cfg02_G2_D32,0.9769684569910169,cuda
evaluation,74,60,Warm B,0.5681870579719543,0.17719002068042755,0.5308641975308642,1.0,0.34394699335098267,0.5225859880447388,,cfg02_G2_D32,0.9769684569910169,cuda
evaluation,74,60,Warm C,0.570573091506958,0.17812924087047577,0.5308641975308642,1.0,0.394534170627594,0.47221216559410095,,cfg02_G2_D32,0.9769684569910169,cuda
evaluation,76,61,Cold,0.5558785200119019,0.17606742680072784,0.5061728395061729,1.0,0.0,0.0,,cfg02_G2_D32,0.9769684569910169,cuda
evaluation,76,61,Warm A,0.5608277320861816,0.1789371818304062,0.5061728395061729,1.0,0.21351277828216553,0.5243405699729919,,cfg02_G2_D32,0.9769684569910169,cuda
evaluation,76,61,Warm B,0.5658640265464783,0.17715565860271454,0.5555555555555556,1.0,0.15201812982559204,0.3357985019683838,,cfg02_G2_D32,0.9769684569910169,cuda
evaluation,76,61,Warm C,0.5609973073005676,0.17620648443698883,0.5308641975308642,1.0,0.21636325120925903,0.5386598706245422,,cfg02_G2_D32,0.9769684569910169,cuda
evaluation,79,62,Cold,0.5564490556716919,0.1778852790594101,0.5061728395061729,1.0,0.0,0.0,,cfg02_G2_D32,0.9769684569910169,cuda
evaluation,79,62,Warm A,0.5619003176689148,0.18028108775615692,0.5061728395061729,1.0,0.2204759269952774,0.5750781297683716,,cfg02_G2_D32,0.9769684569910169,cuda
evaluation,79,62,Warm B,0.5667640566825867,0.18291904032230377,0.5061728395061729,1.0,0.39297422766685486,0.4181423783302307,,cfg02_G2_D32,0.9769684569910169,cuda
evaluation,79,62,Warm C,0.5740620493888855,0.18470697104930878,0.5308641975308642,1.0,0.48786628246307373,0.22903473675251007,,cfg02_G2_D32,0.9769684569910169,cuda
evaluation,81,63,Cold,0.556671679019928,0.17347100377082825,0.5061728395061729,1.0,0.0,0.0,,cfg02_G2_D32,0.9769684569910169,cuda
evaluation,81,63,Warm A,0.5555008053779602,0.17551541328430176,0.48148148148148145,1.0,0.22513258457183838,0.704960286617279,,cfg02_G2_D32,0.9769684569910169,cuda
evaluation,81,63,Warm B,0.550022304058075,0.17523522675037384,0.5061728395061729,1.0,0.3241881728172302,0.6222649812698364,,cfg02_G2_D32,0.9769684569910169,cuda
evaluation,81,63,Warm C,0.5566369295120239,0.17589257657527924,0.48148148148148145,1.0,0.30544158816337585,0.5796446204185486,,cfg02_G2_D32,0.9769684569910169,cuda
evaluation,82,64,Cold,0.5565109252929688,0.17675596475601196,0.5061728395061729,1.0,0.0,0.0,,cfg02_G2_D32,0.9769684569910169,cuda
evaluation,82,64,Warm A,0.5561395287513733,0.1781202107667923,0.5061728395061729,1.0,0.21249213814735413,0.6570559144020081,,cfg02_G2_D32,0.9769684569910169,cuda
evaluation,82,64,Warm B,0.5574792623519897,0.17650778591632843,0.5061728395061729,1.0,0.24208474159240723,0.5275788307189941,,cfg02_G2_D32,0.9769684569910169,cuda
evaluation,82,64,Warm C,0.561297595500946,0.1759585738182068,0.5308641975308642,1.0,0.3486453890800476,0.4643360674381256,,cfg02_G2_D32,0.9769684569910169,cuda
evaluation,85,65,Cold,0.5575664043426514,0.1748567819595337,0.5061728395061729,1.0,0.0,0.0,,cfg02_G2_D32,0.9769684569910169,cuda
evaluation,85,65,Warm A,0.5520443320274353,0.17526648938655853,0.48148148148148145,1.0,0.205318421125412,0.5608245730400085,,cfg02_G2_D32,0.9769684569910169,cuda
evaluation,85,65,Warm B,0.5563837885856628,0.17590737342834473,0.5061728395061729,1.0,0.22559323906898499,0.7195004820823669,,cfg02_G2_D32,0.9769684569910169,cuda
evaluation,85,65,Warm C,0.5549890995025635,0.1769360899925232,0.5061728395061729,1.0,0.34319865703582764,0.6179190278053284,,cfg02_G2_D32,0.9769684569910169,cuda
evaluation,87,67,Cold,0.5522139072418213,0.1751130372285843,0.5061728395061729,1.0,0.0,0.0,,cfg02_G2_D32,0.9769684569910169,cuda
evaluation,87,67,Warm A,0.5597039461135864,0.17604325711727142,0.5061728395061729,1.0,0.23029668629169464,0.4446910321712494,,cfg02_G2_D32,0.9769684569910169,cuda
evaluation,87,67,Warm B,0.5621083378791809,0.17829661071300507,0.5061728395061729,1.0,0.3771366477012634,0.41197824478149414,,cfg02_G2_D32,0.9769684569910169,cuda
evaluation,87,67,Warm C,0.5708054900169373,0.17936739325523376,0.5802469135802469,1.0,0.5343504548072815,0.09127061814069748,,cfg02_G2_D32,0.9769684569910169,cuda
evaluation,88,68,Cold,0.5504860877990723,0.17892883718013763,0.5061728395061729,1.0,0.0,0.0,,cfg02_G2_D32,0.9769684569910169,cuda
evaluation,88,68,Warm A,0.5599583983421326,0.1786859780550003,0.5061728395061729,1.0,0.20265181362628937,0.41907739639282227,,cfg02_G2_D32,0.9769684569910169,cuda
evaluation,88,68,Warm B,0.5684720277786255,0.18126747012138367,0.5308641975308642,1.0,0.34835317730903625,0.37486353516578674,,cfg02_G2_D32,0.9769684569910169,cuda
evaluation,88,68,Warm C,0.5604384541511536,0.1796455681324005,0.5061728395061729,1.0,0.3555716574192047,0.5886818766593933,,cfg02_G2_D32,0.9769684569910169,cuda
evaluation,92,70,Cold,0.5566338300704956,0.17707975208759308,0.5061728395061729,1.0,0.0,0.0,,cfg02_G2_D32,0.9769684569910169,cuda
evaluation,92,70,Warm A,0.5638179779052734,0.1786191761493683,0.5061728395061729,1.0,0.21937155723571777,0.536503791809082,,cfg02_G2_D32,0.9769684569910169,cuda
evaluation,92,70,Warm B,0.565076470375061,0.18227672576904297,0.5061728395061729,1.0,0.3816450536251068,0.474663645029068,,cfg02_G2_D32,0.9769684569910169,cuda
evaluation,92,70,Warm C,0.5615678429603577,0.18419340252876282,0.5061728395061729,1.0,0.5377460718154907,0.4792684018611908,,cfg02_G2_D32,0.9769684569910169,cuda
evaluation,93,71,Cold,0.5545548796653748,0.1752633899450302,0.5061728395061729,1.0,0.0,0.0,,cfg02_G2_D32,0.9769684569910169,cuda
evaluation,93,71,Warm A,0.5638833045959473,0.17501527070999146,0.5555555555555556,1.0,0.2140181064605713,0.35736969113349915,,cfg02_G2_D32,0.9769684569910169,cuda
evaluation,93,71,Warm B,0.5725128054618835,0.17635372281074524,0.5555555555555556,1.0,0.3218984603881836,0.3476932942867279,,cfg02_G2_D32,0.9769684569910169,cuda
evaluation,93,71,Warm C,0.5820279121398926,0.17658135294914246,0.6049382716049383,1.0,0.44280973076820374,0.1745765656232834,,cfg02_G2_D32,0.9769684569910169,cuda
evaluation,94,72,Cold,0.5574377179145813,0.17500200867652893,0.5061728395061729,1.0,0.0,0.0,,cfg02_G2_D32,0.9769684569910169,cuda
evaluation,94,72,Warm A,0.5614750385284424,0.1757248342037201,0.5061728395061729,1.0,0.2122698426246643,0.5523631572723389,,cfg02_G2_D32,0.9769684569910169,cuda
evaluation,94,72,Warm B,0.5625354051589966,0.1748904138803482,0.5061728395061729,1.0,0.27262336015701294,0.525526225566864,,cfg02_G2_D32,0.9769684569910169,cuda
evaluation,94,72,Warm C,0.55733323097229,0.17683574557304382,0.4567901234567901,1.0,0.35447582602500916,0.5880805253982544,,cfg02_G2_D32,0.9769684569910169,cuda
evaluation,100,74,Cold,0.5541097521781921,0.1747681200504303,0.5061728395061729,1.0,0.0,0.0,,cfg02_G2_D32,0.9769684569910169,cuda
evaluation,100,74,Warm A,0.56062912940979,0.17577065527439117,0.5061728395061729,1.0,0.2193547934293747,0.5781794786453247,,cfg02_G2_D32,0.9769684569910169,cuda
evaluation,100,74,Warm B,0.5692547559738159,0.17419591546058655,0.5308641975308642,1.0,0.33228451013565063,0.45900246500968933,,cfg02_G2_D32,0.9769684569910169,cuda
evaluation,100,74,Warm C,0.5747376084327698,0.1772279143333435,0.5308641975308642,1.0,0.4742383658885956,0.3937276005744934,,cfg02_G2_D32,0.9769684569910169,cuda
evaluation,117,82,Cold,0.5531936287879944,0.17526410520076752,0.5061728395061729,1.0,0.0,0.0,,cfg02_G2_D32,0.9769684569910169,cuda
evaluation,117,82,Warm A,0.557165801525116,0.17711831629276276,0.48148148148148145,1.0,0.2255999594926834,0.7250365614891052,,cfg02_G2_D32,0.9769684569910169,cuda
evaluation,117,82,Warm B,0.5477899312973022,0.17731478810310364,0.5308641975308642,1.0,0.3544783592224121,0.7631255388259888,,cfg02_G2_D32,0.9769684569910169,cuda
evaluation,117,82,Warm C,0.5421739816665649,0.1794748306274414,0.48148148148148145,1.0,0.5138704180717468,0.6036889553070068,,cfg02_G2_D32,0.9769684569910169,cuda
evaluation,118,83,Cold,0.5529916286468506,0.17777813971042633,0.5061728395061729,1.0,0.0,0.0,,cfg02_G2_D32,0.9769684569910169,cuda
evaluation,118,83,Warm A,0.559058427810669,0.17895810306072235,0.5308641975308642,1.0,0.2152731716632843,0.5046806931495667,,cfg02_G2_D32,0.9769684569910169,cuda
evaluation,118,83,Warm B,0.5521050095558167,0.1782311201095581,0.5308641975308642,1.0,0.29486602544784546,0.6345853805541992,,cfg02_G2_D32,0.9769684569910169,cuda
evaluation,118,83,Warm C,0.5551378130912781,0.17925386130809784,0.5308641975308642,1.0,0.2670404016971588,0.5534478425979614,,cfg02_G2_D32,0.9769684569910169,cuda
evaluation,122,84,Cold,0.5547347068786621,0.1758599430322647,0.5061728395061729,1.0,0.0,0.0,,cfg02_G2_D32,0.9769684569910169,cuda
evaluation,122,84,Warm A,0.5607321262359619,0.17803852260112762,0.5308641975308642,1.0,0.2020709365606308,0.5444701910018921,,cfg02_G2_D32,0.9769684569910169,cuda
evaluation,122,84,Warm B,0.566794753074646,0.17555853724479675,0.5308641975308642,1.0,0.2098371684551239,0.4481242299079895,,cfg02_G2_D32,0.9769684569910169,cuda
evaluation,122,84,Warm C,0.5729179978370667,0.17336516082286835,0.5802469135802469,1.0,0.39223960041999817,0.4401185214519501,,cfg02_G2_D32,0.9769684569910169,cuda
evaluation,123,85,Cold,0.556620180606842,0.17323364317417145,0.5061728395061729,1.0,0.0,0.0,,cfg02_G2_D32,0.9769684569910169,cuda
evaluation,123,85,Warm A,0.548766016960144,0.17326733469963074,0.5308641975308642,1.0,0.2369488626718521,0.5975642204284668,,cfg02_G2_D32,0.9769684569910169,cuda
evaluation,123,85,Warm B,0.5442517995834351,0.1754981428384781,0.5308641975308642,1.0,0.4487244486808777,0.5895331501960754,,cfg02_G2_D32,0.9769684569910169,cuda
evaluation,123,85,Warm C,0.54286128282547,0.17663253843784332,0.5061728395061729,1.0,0.5404450297355652,0.5307287573814392,,cfg02_G2_D32,0.9769684569910169,cuda
evaluation,126,87,Cold,0.5549088716506958,0.17162185907363892,0.5061728395061729,1.0,0.0,0.0,,cfg02_G2_D32,0.9769684569910169,cuda
evaluation,126,87,Warm A,0.5613416433334351,0.17302735149860382,0.5308641975308642,1.0,0.233682319521904,0.5695344805717468,,cfg02_G2_D32,0.9769684569910169,cuda
evaluation,126,87,Warm B,0.5674611926078796,0.17442984879016876,0.5555555555555556,1.0,0.41267988085746765,0.46644243597984314,,cfg02_G2_D32,0.9769684569910169,cuda
evaluation,126,87,Warm C,0.5580424666404724,0.17599496245384216,0.5061728395061729,1.0,0.527180552482605,0.4941025674343109,,cfg02_G2_D32,0.9769684569910169,cuda
evaluation,132,88,Cold,0.5578728914260864,0.17727544903755188,0.5061728395061729,1.0,0.0,0.0,,cfg02_G2_D32,0.9769684569910169,cuda
evaluation,132,88,Warm A,0.5641443133354187,0.17949384450912476,0.5308641975308642,1.0,0.20505042374134064,0.46066567301750183,,cfg02_G2_D32,0.9769684569910169,cuda
evaluation,132,88,Warm B,0.5735549926757812,0.17926505208015442,0.5555555555555556,1.0,0.28028038144111633,0.2533336877822876,,cfg02_G2_D32,0.9769684569910169,cuda
evaluation,132,88,Warm C,0.5825598239898682,0.18035416305065155,0.654320987654321,1.0,0.43009480834007263,0.08214189857244492,,cfg02_G2_D32,0.9769684569910169,cuda
evaluation,135,89,Cold,0.5510497093200684,0.18013253808021545,0.5061728395061729,1.0,0.0,0.0,,cfg02_G2_D32,0.9769684569910169,cuda
evaluation,135,89,Warm A,0.5624867081642151,0.1794223040342331,0.5555555555555556,1.0,0.2229115217924118,0.32255038619041443,,cfg02_G2_D32,0.9769684569910169,cuda
evaluation,135,89,Warm B,0.5705364346504211,0.17768797278404236,0.5555555555555556,1.0,0.4427296817302704,0.3551488518714905,,cfg02_G2_D32,0.9769684569910169,cuda
evaluation,135,89,Warm C,0.5720961689949036,0.1758011281490326,0.5308641975308642,1.0,0.5354515910148621,0.5012673735618591,,cfg02_G2_D32,0.9769684569910169,cuda
evaluation,140,90,Cold,0.5564885139465332,0.17439326643943787,0.5061728395061729,1.0,0.0,0.0,,cfg02_G2_D32,0.9769684569910169,cuda
evaluation,140,90,Warm A,0.5659978985786438,0.17503491044044495,0.5061728395061729,1.0,0.220765620470047,0.5198794007301331,,cfg02_G2_D32,0.9769684569910169,cuda
evaluation,140,90,Warm B,0.5600675940513611,0.175540030002594,0.5061728395061729,1.0,0.27537083625793457,0.6158444285392761,,cfg02_G2_D32,0.9769684569910169,cuda
evaluation,140,90,Warm C,0.5637040138244629,0.17848233878612518,0.5061728395061729,1.0,0.3698209226131439,0.5585771799087524,,cfg02_G2_D32,0.9769684569910169,cuda
evaluation,147,94,Cold,0.5569972395896912,0.17845772206783295,0.5061728395061729,1.0,0.0,0.0,,cfg02_G2_D32,0.9769684569910169,cuda
evaluation,147,94,Warm A,0.5619315505027771,0.17675253748893738,0.5555555555555556,1.0,0.23260389268398285,0.46825432777404785,,cfg02_G2_D32,0.9769684569910169,cuda
evaluation,147,94,Warm B,0.5586284399032593,0.17921219766139984,0.5308641975308642,1.0,0.1714084893465042,0.6708976626396179,,cfg02_G2_D32,0.9769684569910169,cuda
evaluation,147,94,Warm C,0.5638937950134277,0.17929357290267944,0.5061728395061729,1.0,0.28236332535743713,0.5368511080741882,,cfg02_G2_D32,0.9769684569910169,cuda
evaluation,152,97,Cold,0.5539891123771667,0.17703555524349213,0.5061728395061729,1.0,0.0,0.0,,cfg02_G2_D32,0.9769684569910169,cuda
evaluation,152,97,Warm A,0.555206298828125,0.17743518948554993,0.5308641975308642,1.0,0.22055311501026154,0.5627641081809998,,cfg02_G2_D32,0.9769684569910169,cuda
evaluation,152,97,Warm B,0.5609033107757568,0.17913173139095306,0.5061728395061729,1.0,0.38304781913757324,0.49758586287498474,,cfg02_G2_D32,0.9769684569910169,cuda
evaluation,152,97,Warm C,0.5490583181381226,0.1789986789226532,0.48148148148148145,1.0,0.45947155356407166,0.6578888297080994,,cfg02_G2_D32,0.9769684569910169,cuda
evaluation,154,99,Cold,0.5682405829429626,0.17865929007530212,0.5061728395061729,1.0,0.0,0.0,,cfg02_G2_D32,0.9769684569910169,cuda
evaluation,154,99,Warm A,0.5672240257263184,0.18242734670639038,0.48148148148148145,1.0,0.24018219113349915,0.8168819546699524,,cfg02_G2_D32,0.9769684569910169,cuda
evaluation,154,99,Warm B,0.5667023062705994,0.1797017902135849,0.5061728395061729,1.0,0.2529899775981903,0.5533076524734497,,cfg02_G2_D32,0.9769684569910169,cuda
evaluation,154,99,Warm C,0.5698110461235046,0.17779457569122314,0.5555555555555556,1.0,0.26289528608322144,0.5315086245536804,,cfg02_G2_D32,0.9769684569910169,cuda
evaluation,155,100,Cold,0.5565440058708191,0.17552298307418823,0.5061728395061729,1.0,0.0,0.0,,cfg02_G2_D32,0.9769684569910169,cuda
evaluation,155,100,Warm A,0.557759702205658,0.17699122428894043,0.48148148148148145,1.0,0.2114964723587036,0.652187705039978,,cfg02_G2_D32,0.9769684569910169,cuda
evaluation,155,100,Warm B,0.5495604276657104,0.17699261009693146,0.48148148148148145,1.0,0.31657299399375916,0.5773319602012634,,cfg02_G2_D32,0.9769684569910169,cuda
evaluation,155,100,Warm C,0.5524396300315857,0.17938363552093506,0.4567901234567901,1.0,0.442630410194397,0.6574239134788513,,cfg02_G2_D32,0.9769684569910169,cuda
evaluation,156,101,Cold,0.5519307255744934,0.17841841280460358,0.5061728395061729,1.0,0.0,0.0,,cfg02_G2_D32,0.9769684569910169,cuda
evaluation,156,101,Warm A,0.5504715442657471,0.1775684803724289,0.48148148148148145,1.0,0.19603541493415833,0.56353759765625,,cfg02_G2_D32,0.9769684569910169,cuda
evaluation,156,101,Warm B,0.5529566407203674,0.17933008074760437,0.5061728395061729,1.0,0.30063220858573914,0.5758981704711914,,cfg02_G2_D32,0.9769684569910169,cuda
evaluation,156,101,Warm C,0.5544320940971375,0.18000008165836334,0.48148148148148145,1.0,0.27141425013542175,0.6880288124084473,,cfg02_G2_D32,0.9769684569910169,cuda
evaluation,157,102,Cold,0.5531759858131409,0.17736192047595978,0.5061728395061729,1.0,0.0,0.0,,cfg02_G2_D32,0.9769684569910169,cuda
evaluation,157,102,Warm A,0.5628005862236023,0.17829902470111847,0.48148148148148145,1.0,0.2087172418832779,0.5328201055526733,,cfg02_G2_D32,0.9769684569910169,cuda
evaluation,157,102,Warm B,0.5625998377799988,0.17935681343078613,0.48148148148148145,1.0,0.26519331336021423,0.5075365900993347,,cfg02_G2_D32,0.9769684569910169,cuda
evaluation,157,102,Warm C,0.5723426342010498,0.1796155869960785,0.5555555555555556,1.0,0.40551257133483887,0.37857070565223694,,cfg02_G2_D32,0.9769684569910169,cuda
evaluation,159,104,Cold,0.5576639175415039,0.17783573269844055,0.5061728395061729,1.0,0.0,0.0,,cfg02_G2_D32,0.9769684569910169,cuda
evaluation,159,104,Warm A,0.558844804763794,0.17673780024051666,0.5061728395061729,1.0,0.18780450522899628,0.628766655921936,,cfg02_G2_D32,0.9769684569910169,cuda
evaluation,159,104,Warm B,0.5648448467254639,0.17839202284812927,0.5308641975308642,1.0,0.32605984807014465,0.5201348662376404,,cfg02_G2_D32,0.9769684569910169,cuda
evaluation,159,104,Warm C,0.5630435347557068,0.17639988660812378,0.5555555555555556,1.0,0.38936305046081543,0.4884067177772522,,cfg02_G2_D32,0.9769684569910169,cuda
evaluation,166,111,Cold,0.5543193221092224,0.17866526544094086,0.5061728395061729,1.0,0.0,0.0,,cfg02_G2_D32,0.9769684569910169,cuda
evaluation,166,111,Warm A,0.5588032007217407,0.18145902454853058,0.5061728395061729,1.0,0.21664942800998688,0.6003971099853516,,cfg02_G2_D32,0.9769684569910169,cuda
evaluation,166,111,Warm B,0.5469511151313782,0.1829739362001419,0.48148148148148145,1.0,0.4238259196281433,0.6952217221260071,,cfg02_G2_D32,0.9769684569910169,cuda
evaluation,166,111,Warm C,0.5504679679870605,0.18470294773578644,0.48148148148148145,1.0,0.5624682903289795,0.5893761515617371,,cfg02_G2_D32,0.9769684569910169,cuda
evaluation,169,113,Cold,0.5562398433685303,0.17163795232772827,0.5061728395061729,1.0,0.0,0.0,,cfg02_G2_D32,0.9769684569910169,cuda
evaluation,169,113,Warm A,0.5656225085258484,0.17198346555233002,0.5802469135802469,1.0,0.22275401651859283,0.3747835159301758,,cfg02_G2_D32,0.9769684569910169,cuda
evaluation,169,113,Warm B,0.5730006098747253,0.17277488112449646,0.5802469135802469,1.0,0.3380005955696106,0.3826407194137573,,cfg02_G2_D32,0.9769684569910169,cuda
evaluation,169,113,Warm C,0.5816192030906677,0.17428304255008698,0.6296296296296297,1.0,0.529021680355072,0.10346479713916779,,cfg02_G2_D32,0.9769684569910169,cuda
evaluation,171,115,Cold,0.5518701672554016,0.180552139878273,0.5061728395061729,1.0,0.0,0.0,,cfg02_G2_D32,0.9769684569910169,cuda
evaluation,171,115,Warm A,0.5497809052467346,0.17964594066143036,0.48148148148148145,1.0,0.22292640805244446,0.5692252516746521,,cfg02_G2_D32,0.9769684569910169,cuda
evaluation,171,115,Warm B,0.549920380115509,0.1798020601272583,0.5555555555555556,1.0,0.2816852331161499,0.5910336375236511,,cfg02_G2_D32,0.9769684569910169,cuda
evaluation,171,115,Warm C,0.5495159029960632,0.17858421802520752,0.5308641975308642,1.0,0.33722957968711853,0.5230293273925781,,cfg02_G2_D32,0.9769684569910169,cuda
evaluation,174,118,Cold,0.551383912563324,0.1809997707605362,0.5061728395061729,1.0,0.0,0.0,,cfg02_G2_D32,0.9769684569910169,cuda
evaluation,174,118,Warm A,0.557572066783905,0.1807238757610321,0.5061728395061729,1.0,0.2072279155254364,0.5520803332328796,,cfg02_G2_D32,0.9769684569910169,cuda
evaluation,174,118,Warm B,0.5685385465621948,0.18073409795761108,0.5308641975308642,1.0,0.34930673241615295,0.31993746757507324,,cfg02_G2_D32,0.9769684569910169,cuda
evaluation,174,118,Warm C,0.5741713047027588,0.18294160068035126,0.5308641975308642,1.0,0.4594622552394867,0.3100396394729614,,cfg02_G2_D32,0.9769684569910169,cuda
evaluation,177,121,Cold,0.5549721717834473,0.17440402507781982,0.5061728395061729,1.0,0.0,0.0,,cfg02_G2_D32,0.9769684569910169,cuda
evaluation,177,121,Warm A,0.5569190382957458,0.17241600155830383,0.48148148148148145,1.0,0.2236807942390442,0.518072247505188,,cfg02_G2_D32,0.9769684569910169,cuda
evaluation,177,121,Warm B,0.5619593262672424,0.17203128337860107,0.5308641975308642,1.0,0.28313732147216797,0.4758222699165344,,cfg02_G2_D32,0.9769684569910169,cuda
evaluation,177,121,Warm C,0.5696506500244141,0.173163041472435,0.5308641975308642,1.0,0.35152554512023926,0.3920750916004181,,cfg02_G2_D32,0.9769684569910169,cuda
evaluation,181,123,Cold,0.5539352893829346,0.17282094061374664,0.5061728395061729,1.0,0.0,0.0,,cfg02_G2_D32,0.9769684569910169,cuda
evaluation,181,123,Warm A,0.5668060183525085,0.17164479196071625,0.5555555555555556,1.0,0.24081124365329742,0.17545141279697418,,cfg02_G2_D32,0.9769684569910169,cuda
evaluation,181,123,Warm B,0.5740984678268433,0.17339268326759338,0.5308641975308642,1.0,0.384059339761734,0.22023768723011017,,cfg02_G2_D32,0.9769684569910169,cuda
evaluation,181,123,Warm C,0.5783805251121521,0.17072230577468872,0.6049382716049383,1.0,0.49869006872177124,0.17367546260356903,,cfg02_G2_D32,0.9769684569910169,cuda
evaluation,187,126,Cold,0.5526654124259949,0.17910552024841309,0.5061728395061729,1.0,0.0,0.0,,cfg02_G2_D32,0.9769684569910169,cuda
evaluation,187,126,Warm A,0.5610713362693787,0.1773356944322586,0.5308641975308642,1.0,0.2039727121591568,0.49087390303611755,,cfg02_G2_D32,0.9769684569910169,cuda
evaluation,187,126,Warm B,0.562462568283081,0.17754413187503815,0.5308641975308642,1.0,0.2630436420440674,0.5245174765586853,,cfg02_G2_D32,0.9769684569910169,cuda
evaluation,187,126,Warm C,0.554500937461853,0.17720729112625122,0.48148148148148145,1.0,0.2515927255153656,0.6349155902862549,,cfg02_G2_D32,0.9769684569910169,cuda
evaluation,188,127,Cold,0.553989052772522,0.17703554034233093,0.5061728395061729,1.0,0.0,0.0,,cfg02_G2_D32,0.9769684569910169,cuda
evaluation,188,127,Warm A,0.5559377670288086,0.178542822599411,0.5308641975308642,1.0,0.21960826218128204,0.53526371717453,,cfg02_G2_D32,0.9769684569910169,cuda
evaluation,188,127,Warm B,0.5614502429962158,0.1788446307182312,0.5061728395061729,1.0,0.2785505950450897,0.4554596543312073,,cfg02_G2_D32,0.9769684569910169,cuda
evaluation,188,127,Warm C,0.5505578517913818,0.18000859022140503,0.5061728395061729,1.0,0.3468016982078552,0.7350184321403503,,cfg02_G2_D32,0.9769684569910169,cuda
evaluation,190,128,Cold,0.5578728914260864,0.17727544903755188,0.5061728395061729,1.0,0.0,0.0,,cfg02_G2_D32,0.9769684569910169,cuda
evaluation,190,128,Warm A,0.5507464408874512,0.1785758137702942,0.5308641975308642,1.0,0.19808803498744965,0.626234769821167,,cfg02_G2_D32,0.9769684569910169,cuda
evaluation,190,128,Warm B,0.5423763990402222,0.18035823106765747,0.43209876543209874,1.0,0.389371782541275,0.7131123542785645,,cfg02_G2_D32,0.9769684569910169,cuda
evaluation,190,128,Warm C,0.5340830087661743,0.18330898880958557,0.4074074074074074,1.0,0.5930007696151733,0.6959939002990723,,cfg02_G2_D32,0.9769684569910169,cuda
evaluation,191,129,Cold,0.5569972991943359,0.17845772206783295,0.5061728395061729,1.0,0.0,0.0,,cfg02_G2_D32,0.9769684569910169,cuda
evaluation,191,129,Warm A,0.5588819980621338,0.17974820733070374,0.5061728395061729,1.0,0.216928169131279,0.6127216219902039,,cfg02_G2_D32,0.9769684569910169,cuda
evaluation,191,129,Warm B,0.5673891305923462,0.1812060922384262,0.5061728395061729,1.0,0.3663884997367859,0.46584177017211914,,cfg02_G2_D32,0.9769684569910169,cuda
evaluation,191,129,Warm C,0.5776539444923401,0.18353469669818878,0.5308641975308642,1.0,0.48271140456199646,0.16341665387153625,,cfg02_G2_D32,0.9769684569910169,cuda
evaluation,195,132,Cold,0.5545613765716553,0.1761348843574524,0.5061728395061729,1.0,0.0,0.0,,cfg02_G2_D32,0.9769684569910169,cuda
evaluation,195,132,Warm A,0.5636889338493347,0.17755326628684998,0.5061728395061729,1.0,0.221567302942276,0.3621596395969391,,cfg02_G2_D32,0.9769684569910169,cuda
evaluation,195,132,Warm B,0.5675138235092163,0.1781555861234665,0.5061728395061729,1.0,0.2672111392021179,0.5234401822090149,,cfg02_G2_D32,0.9769684569910169,cuda
evaluation,195,132,Warm C,0.569977343082428,0.182836651802063,0.5061728395061729,1.0,0.4225921630859375,0.43068012595176697,,cfg02_G2_D32,0.9769684569910169,cuda
evaluation,199,135,Cold,0.5687381029129028,0.17435061931610107,0.5061728395061729,1.0,0.0,0.0,,cfg02_G2_D32,0.9769684569910169,cuda
evaluation,199,135,Warm A,0.5738643407821655,0.17357893288135529,0.5555555555555556,1.0,0.2181846797466278,0.47402364015579224,,cfg02_G2_D32,0.9769684569910169,cuda
evaluation,199,135,Warm B,0.5695631504058838,0.1727161854505539,0.5061728395061729,1.0,0.26918062567710876,0.45774394273757935,,cfg02_G2_D32,0.9769684569910169,cuda
evaluation,199,135,Warm C,0.5761870741844177,0.1721082478761673,0.5308641975308642,1.0,0.4192259609699249,0.369015097618103,,cfg02_G2_D32,0.9769684569910169,cuda
evaluation,205,138,Cold,0.5543746948242188,0.17822393774986267,0.5061728395061729,1.0,0.0,0.0,,cfg02_G2_D32,0.9769684569910169,cuda
evaluation,205,138,Warm A,0.5545815229415894,0.17608870565891266,0.5555555555555556,1.0,0.2426978498697281,0.398276150226593,,cfg02_G2_D32,0.9769684569910169,cuda
evaluation,205,138,Warm B,0.5547523498535156,0.17796148359775543,0.5061728395061729,1.0,0.07112697511911392,0.8023391962051392,,cfg02_G2_D32,0.9769684569910169,cuda
evaluation,205,138,Warm C,0.5593163967132568,0.17768806219100952,0.5308641975308642,1.0,0.21364371478557587,0.5470800995826721,,cfg02_G2_D32,0.9769684569910169,cuda
evaluation,206,139,Cold,0.5563127398490906,0.1757359653711319,0.5061728395061729,1.0,0.0,0.0,,cfg02_G2_D32,0.9769684569910169,cuda
evaluation,206,139,Warm A,0.5537450313568115,0.17719554901123047,0.5308641975308642,1.0,0.21847358345985413,0.5626586079597473,,cfg02_G2_D32,0.9769684569910169,cuda
evaluation,206,139,Warm B,0.5558993220329285,0.17632217705249786,0.5308641975308642,1.0,0.300645112991333,0.42455607652664185,,cfg02_G2_D32,0.9769684569910169,cuda
evaluation,206,139,Warm C,0.5551309585571289,0.17934241890907288,0.5061728395061729,1.0,0.2982006072998047,0.6789634823799133,,cfg02_G2_D32,0.9769684569910169,cuda
evaluation,213,142,Cold,0.5564361810684204,0.17765921354293823,0.5061728395061729,1.0,0.0,0.0,,cfg02_G2_D32,0.9769684569910169,cuda
evaluation,213,142,Warm A,0.5555452704429626,0.17519335448741913,0.5308641975308642,1.0,0.20311667025089264,0.5416573286056519,,cfg02_G2_D32,0.9769684569910169,cuda
evaluation,213,142,Warm B,0.5539652705192566,0.17490775883197784,0.5308641975308642,1.0,0.33564749360084534,0.3843148648738861,,cfg02_G2_D32,0.9769684569910169,cuda
evaluation,213,142,Warm C,0.5528411865234375,0.17483465373516083,0.5308641975308642,1.0,0.31040334701538086,0.3676310181617737,,cfg02_G2_D32,0.9769684569910169,cuda
evaluation,215,143,Cold,0.5573078393936157,0.17324981093406677,0.5061728395061729,1.0,0.0,0.0,,cfg02_G2_D32,0.9769684569910169,cuda
evaluation,215,143,Warm A,0.5553241968154907,0.1723940223455429,0.5061728395061729,1.0,0.22712774574756622,0.45856475830078125,,cfg02_G2_D32,0.9769684569910169,cuda
evaluation,215,143,Warm B,0.5576404333114624,0.17317995429039001,0.5061728395061729,1.0,0.1717536300420761,0.6213908195495605,,cfg02_G2_D32,0.9769684569910169,cuda
evaluation,215,143,Warm C,0.5501795411109924,0.1739053875207901,0.5061728395061729,1.0,0.23890356719493866,0.627107560634613,,cfg02_G2_D32,0.9769684569910169,cuda
evaluation,217,145,Cold,0.557200014591217,0.1779472380876541,0.5061728395061729,1.0,0.0,0.0,,cfg02_G2_D32,0.9769684569910169,cuda
evaluation,217,145,Warm A,0.5578849911689758,0.18015031516551971,0.5061728395061729,1.0,0.22192202508449554,0.644805908203125,,cfg02_G2_D32,0.9769684569910169,cuda
evaluation,217,145,Warm B,0.5671899914741516,0.1812971979379654,0.5061728395061729,1.0,0.29721516370773315,0.370487242937088,,cfg02_G2_D32,0.9769684569910169,cuda
evaluation,217,145,Warm C,0.5694475769996643,0.1854928731918335,0.5061728395061729,1.0,0.4545151889324188,0.368895024061203,,cfg02_G2_D32,0.9769684569910169,cuda
evaluation,218,146,Cold,0.5539955496788025,0.17726163566112518,0.5061728395061729,1.0,0.0,0.0,,cfg02_G2_D32,0.9769684569910169,cuda
evaluation,218,146,Warm A,0.5627330541610718,0.17820626497268677,0.5061728395061729,1.0,0.22021043300628662,0.4667520523071289,,cfg02_G2_D32,0.9769684569910169,cuda
evaluation,218,146,Warm B,0.564599335193634,0.1819649487733841,0.5061728395061729,1.0,0.36013978719711304,0.6211643218994141,,cfg02_G2_D32,0.9769684569910169,cuda
evaluation,218,146,Warm C,0.560937762260437,0.17804381251335144,0.5061728395061729,1.0,0.38352254033088684,0.5070648193359375,,cfg02_G2_D32,0.9769684569910169,cuda
evaluation,227,151,Cold,0.5571826696395874,0.17137272655963898,0.5061728395061729,1.0,0.0,0.0,,cfg02_G2_D32,0.9769684569910169,cuda
evaluation,227,151,Warm A,0.5685580968856812,0.17099381983280182,0.5802469135802469,1.0,0.22248201072216034,0.22841210663318634,,cfg02_G2_D32,0.9769684569910169,cuda
evaluation,227,151,Warm B,0.5624196529388428,0.16962341964244843,0.5061728395061729,1.0,0.2611241042613983,0.3535372316837311,,cfg02_G2_D32,0.9769684569910169,cuda
evaluation,227,151,Warm C,0.571211040019989,0.17020785808563232,0.5802469135802469,1.0,0.3109876215457916,0.30738165974617004,,cfg02_G2_D32,0.9769684569910169,cuda
evaluation,229,152,Cold,0.5579277276992798,0.17580513656139374,0.5061728395061729,1.0,0.0,0.0,,cfg02_G2_D32,0.9769684569910169,cuda
evaluation,229,152,Warm A,0.5608378648757935,0.1770869940519333,0.5555555555555556,1.0,0.21359984576702118,0.5698564052581787,,cfg02_G2_D32,0.9769684569910169,cuda
evaluation,229,152,Warm B,0.5567090511322021,0.1773936152458191,0.5308641975308642,1.0,0.30136317014694214,0.605810821056366,,cfg02_G2_D32,0.9769684569910169,cuda
evaluation,229,152,Warm C,0.5494377017021179,0.17887450754642487,0.5061728395061729,1.0,0.3367953598499298,0.5837828516960144,,cfg02_G2_D32,0.9769684569910169,cuda
evaluation,234,157,Cold,0.5522840619087219,0.17923538386821747,0.5061728395061729,1.0,0.0,0.0,,cfg02_G2_D32,0.9769684569910169,cuda
evaluation,234,157,Warm A,0.55979323387146,0.1810692697763443,0.5308641975308642,1.0,0.22468769550323486,0.43255120515823364,,cfg02_G2_D32,0.9769684569910169,cuda
evaluation,234,157,Warm B,0.5689464807510376,0.18197423219680786,0.5555555555555556,1.0,0.35851216316223145,0.32809481024742126,,cfg02_G2_D32,0.9769684569910169,cuda
evaluation,234,157,Warm C,0.5704073309898376,0.18550291657447815,0.5555555555555556,1.0,0.479536771774292,0.31412628293037415,,cfg02_G2_D32,0.9769684569910169,cuda
evaluation,239,161,Cold,0.5527934432029724,0.17465059459209442,0.5061728395061729,1.0,0.0,0.0,,cfg02_G2_D32,0.9769684569910169,cuda
evaluation,239,161,Warm A,0.559196412563324,0.17646941542625427,0.5061728395061729,1.0,0.211983323097229,0.5406655669212341,,cfg02_G2_D32,0.9769684569910169,cuda
evaluation,239,161,Warm B,0.5606861114501953,0.17752966284751892,0.5061728395061729,1.0,0.38602229952812195,0.5425326228141785,,cfg02_G2_D32,0.9769684569910169,cuda
evaluation,239,161,Warm C,0.5515207648277283,0.17899802327156067,0.5061728395061729,1.0,0.5488288998603821,0.6307584643363953,,cfg02_G2_D32,0.9769684569910169,cuda
evaluation,242,162,Cold,0.5556557774543762,0.17301206290721893,0.5061728395061729,1.0,0.0,0.0,,cfg02_G2_D32,0.9769684569910169,cuda
evaluation,242,162,Warm A,0.5640664100646973,0.17279140651226044,0.5308641975308642,1.0,0.19770857691764832,0.5526632070541382,,cfg02_G2_D32,0.9769684569910169,cuda
evaluation,242,162,Warm B,0.5628233551979065,0.16993294656276703,0.5308641975308642,1.0,0.319068968296051,0.5331195592880249,,cfg02_G2_D32,0.9769684569910169,cuda
evaluation,242,162,Warm C,0.5693786144256592,0.171245738863945,0.5308641975308642,1.0,0.3567883372306824,0.6096684336662292,,cfg02_G2_D32,0.9769684569910169,cuda
evaluation,248,165,Cold,0.5517810583114624,0.17826801538467407,0.5061728395061729,1.0,0.0,0.0,,cfg02_G2_D32,0.9769684569910169,cuda
evaluation,248,165,Warm A,0.5562893152236938,0.18003447353839874,0.5061728395061729,1.0,0.21207568049430847,0.545922040939331,,cfg02_G2_D32,0.9769684569910169,cuda
evaluation,248,165,Warm B,0.568219006061554,0.17859584093093872,0.5308641975308642,1.0,0.22782093286514282,0.3869060277938843,,cfg02_G2_D32,0.9769684569910169,cuda
evaluation,248,165,Warm C,0.5657118558883667,0.17599144577980042,0.5555555555555556,1.0,0.33073481917381287,0.45980310440063477,,cfg02_G2_D32,0.9769684569910169,cuda
evaluation,255,169,Cold,0.5509750843048096,0.17908358573913574,0.5061728395061729,1.0,0.0,0.0,,cfg02_G2_D32,0.9769684569910169,cuda
evaluation,255,169,Warm A,0.5557936429977417,0.18130934238433838,0.48148148148148145,1.0,0.21741890907287598,0.552370011806488,,cfg02_G2_D32,0.9769684569910169,cuda
evaluation,255,169,Warm B,0.5637497305870056,0.18354898691177368,0.5308641975308642,1.0,0.3338870108127594,0.3105281889438629,,cfg02_G2_D32,0.9769684569910169,cuda
evaluation,255,169,Warm C,0.5670616626739502,0.18588335812091827,0.5308641975308642,1.0,0.4348985552787781,0.3034168779850006,,cfg02_G2_D32,0.9769684569910169,cuda
evaluation,257,171,Cold,0.558433473110199,0.1749410778284073,0.5061728395061729,1.0,0.0,0.0,,cfg02_G2_D32,0.9769684569910169,cuda
evaluation,257,171,Warm A,0.569929838180542,0.1753789335489273,0.5555555555555556,1.0,0.20951756834983826,0.38969460129737854,,cfg02_G2_D32,0.9769684569910169,cuda
evaluation,257,171,Warm B,0.5606743693351746,0.17590861022472382,0.5061728395061729,1.0,0.16862238943576813,0.5906102061271667,,cfg02_G2_D32,0.9769684569910169,cuda
evaluation,257,171,Warm C,0.5605902075767517,0.17683130502700806,0.5308641975308642,1.0,0.27305907011032104,0.5735269784927368,,cfg02_G2_D32,0.9769684569910169,cuda
evaluation,258,172,Cold,0.5546050071716309,0.17247001826763153,0.5061728395061729,1.0,0.0,0.0,,cfg02_G2_D32,0.9769684569910169,cuda
evaluation,258,172,Warm A,0.5623826384544373,0.17340360581874847,0.5308641975308642,1.0,0.2154604196548462,0.5377599000930786,,cfg02_G2_D32,0.9769684569910169,cuda
evaluation,258,172,Warm B,0.5707311630249023,0.1719883680343628,0.5308641975308642,1.0,0.2831350564956665,0.3479967713356018,,cfg02_G2_D32,0.9769684569910169,cuda
evaluation,258,172,Warm C,0.5771538615226746,0.1700417697429657,0.654320987654321,1.0,0.4478115737438202,0.2963317334651947,,cfg02_G2_D32,0.9769684569910169,cuda
evaluation,259,173,Cold,0.5583663582801819,0.17317403852939606,0.5061728395061729,1.0,0.0,0.0,,cfg02_G2_D32,0.9769684569910169,cuda
evaluation,259,173,Warm A,0.567744791507721,0.1735253781080246,0.5802469135802469,1.0,0.22034120559692383,0.48646870255470276,,cfg02_G2_D32,0.9769684569910169,cuda
evaluation,259,173,Warm B,0.5718292593955994,0.17594914138317108,0.5555555555555556,1.0,0.32433316111564636,0.47983837127685547,,cfg02_G2_D32,0.9769684569910169,cuda
evaluation,259,173,Warm C,0.5660568475723267,0.17223727703094482,0.5555555555555556,1.0,0.3003206253051758,0.5451557040214539,,cfg02_G2_D32,0.9769684569910169,cuda
evaluation,262,176,Cold,0.5526646971702576,0.1724921315908432,0.5061728395061729,1.0,0.0,0.0,,cfg02_G2_D32,0.9769684569910169,cuda
evaluation,262,176,Warm A,0.5464805364608765,0.17341111600399017,0.5061728395061729,1.0,0.21852107346057892,0.5725170969963074,,cfg02_G2_D32,0.9769684569910169,cuda
evaluation,262,176,Warm B,0.5445687770843506,0.1742422729730606,0.4567901234567901,1.0,0.25562140345573425,0.5525493025779724,,cfg02_G2_D32,0.9769684569910169,cuda
evaluation,262,176,Warm C,0.5519229173660278,0.17264601588249207,0.5308641975308642,1.0,0.2533941864967346,0.5445649027824402,,cfg02_G2_D32,0.9769684569910169,cuda
evaluation,267,179,Cold,0.5514340996742249,0.1794126033782959,0.5061728395061729,1.0,0.0,0.0,,cfg02_G2_D32,0.9769684569910169,cuda
evaluation,267,179,Warm A,0.556329071521759,0.18173658847808838,0.5061728395061729,1.0,0.22401216626167297,0.5621848106384277,,cfg02_G2_D32,0.9769684569910169,cuda
evaluation,267,179,Warm B,0.5556287169456482,0.18348093330860138,0.5061728395061729,1.0,0.426338255405426,0.6792473793029785,,cfg02_G2_D32,0.9769684569910169,cuda
evaluation,267,179,Warm C,0.5601181983947754,0.1832652986049652,0.5061728395061729,1.0,0.31201353669166565,0.5055238008499146,,cfg02_G2_D32,0.9769684569910169,cuda
evaluation,270,180,Cold,0.5571306943893433,0.17192663252353668,0.5061728395061729,1.0,0.0,0.0,,cfg02_G2_D32,0.9769684569910169,cuda
evaluation,270,180,Warm A,0.5654488801956177,0.17341496050357819,0.5308641975308642,1.0,0.2214074432849884,0.4780643582344055,,cfg02_G2_D32,0.9769684569910169,cuda
evaluation,270,180,Warm B,0.5617357492446899,0.173948273062706,0.5061728395061729,1.0,0.2713950574398041,0.6422860026359558,,cfg02_G2_D32,0.9769684569910169,cuda
evaluation,270,180,Warm C,0.5611793398857117,0.17256763577461243,0.48148148148148145,1.0,0.23309947550296783,0.5676197409629822,,cfg02_G2_D32,0.9769684569910169,cuda
evaluation,271,181,Cold,0.5571611523628235,0.17825676500797272,0.5061728395061729,1.0,0.0,0.0,,cfg02_G2_D32,0.9769684569910169,cuda
evaluation,271,181,Warm A,0.5642378330230713,0.18019680678844452,0.5308641975308642,1.0,0.2243548184633255,0.568604052066803,,cfg02_G2_D32,0.9769684569910169,cuda
evaluation,271,181,Warm B,0.5647593140602112,0.1787019968032837,0.5308641975308642,1.0,0.2651793956756592,0.5671431422233582,,cfg02_G2_D32,0.9769684569910169,cuda
evaluation,271,181,Warm C,0.5691806077957153,0.17693060636520386,0.5555555555555556,1.0,0.37990602850914,0.5256554484367371,,cfg02_G2_D32,0.9769684569910169,cuda
evaluation,275,184,Cold,0.5514340996742249,0.1794126033782959,0.5061728395061729,1.0,0.0,0.0,,cfg02_G2_D32,0.9769684569910169,cuda
evaluation,275,184,Warm A,0.5621475577354431,0.17966312170028687,0.5061728395061729,1.0,0.2168368548154831,0.34278711676597595,,cfg02_G2_D32,0.9769684569910169,cuda
evaluation,275,184,Warm B,0.5712838172912598,0.18125827610492706,0.5555555555555556,1.0,0.31409916281700134,0.28513455390930176,,cfg02_G2_D32,0.9769684569910169,cuda
evaluation,275,184,Warm C,0.5588305592536926,0.18216589093208313,0.5061728395061729,1.0,0.28257250785827637,0.5921133756637573,,cfg02_G2_D32,0.9769684569910169,cuda
evaluation,277,186,Cold,0.5586519837379456,0.17384164035320282,0.5061728395061729,1.0,0.0,0.0,,cfg02_G2_D32,0.9769684569910169,cuda
evaluation,277,186,Warm A,0.5644669532775879,0.17658701539039612,0.5061728395061729,1.0,0.2172987163066864,0.6497565507888794,,cfg02_G2_D32,0.9769684569910169,cuda
evaluation,277,186,Warm B,0.5700406432151794,0.17682495713233948,0.5555555555555556,1.0,0.30574268102645874,0.43255096673965454,,cfg02_G2_D32,0.9769684569910169,cuda
evaluation,277,186,Warm C,0.5702096223831177,0.18190692365169525,0.5061728395061729,1.0,0.4056384265422821,0.561520516872406,,cfg02_G2_D32,0.9769684569910169,cuda
evaluation,289,191,Cold,0.5554586052894592,0.17468732595443726,0.5061728395061729,1.0,0.0,0.0,,cfg02_G2_D32,0.9769684569910169,cuda
evaluation,289,191,Warm A,0.5653378367424011,0.1732230931520462,0.5555555555555556,1.0,0.22752384841442108,0.4475625157356262,,cfg02_G2_D32,0.9769684569910169,cuda
evaluation,289,191,Warm B,0.5718151330947876,0.17562508583068848,0.5555555555555556,1.0,0.34410688281059265,0.44757696986198425,,cfg02_G2_D32,0.9769684569910169,cuda
evaluation,289,191,Warm C,0.5583395957946777,0.1765894591808319,0.5061728395061729,1.0,0.21005050837993622,0.7695314884185791,,cfg02_G2_D32,0.9769684569910169,cuda
evaluation,290,192,Cold,0.5567150115966797,0.17276400327682495,0.5061728395061729,1.0,0.0,0.0,,cfg02_G2_D32,0.9769684569910169,cuda
evaluation,290,192,Warm A,0.5529278516769409,0.17197179794311523,0.5308641975308642,1.0,0.2196977287530899,0.5158958435058594,,cfg02_G2_D32,0.9769684569910169,cuda
evaluation,290,192,Warm B,0.5527371168136597,0.17198829352855682,0.5061728395061729,1.0,0.3518487513065338,0.4533963203430176,,cfg02_G2_D32,0.9769684569910169,cuda
evaluation,290,192,Warm C,0.5552137494087219,0.17180192470550537,0.5061728395061729,1.0,0.26767855882644653,0.5587397813796997,,cfg02_G2_D32,0.9769684569910169,cuda
evaluation,299,196,Cold,0.5576600432395935,0.1755637675523758,0.5061728395061729,1.0,0.0,0.0,,cfg02_G2_D32,0.9769684569910169,cuda
evaluation,299,196,Warm A,0.5548714399337769,0.17417865991592407,0.5555555555555556,1.0,0.2054082453250885,0.5885618329048157,,cfg02_G2_D32,0.9769684569910169,cuda
evaluation,299,196,Warm B,0.5561410188674927,0.17549680173397064,0.5061728395061729,1.0,0.19807924330234528,0.5905382037162781,,cfg02_G2_D32,0.9769684569910169,cuda
evaluation,299,196,Warm C,0.5586302876472473,0.1766064465045929,0.5061728395061729,1.0,0.30256760120391846,0.6681404113769531,,cfg02_G2_D32,0.9769684569910169,cuda
evaluation,302,198,Cold,0.5563017129898071,0.17424575984477997,0.5061728395061729,1.0,0.0,0.0,,cfg02_G2_D32,0.9769684569910169,cuda
evaluation,302,198,Warm A,0.5608515739440918,0.17259711027145386,0.5555555555555556,1.0,0.22501930594444275,0.5734796524047852,,cfg02_G2_D32,0.9769684569910169,cuda
evaluation,302,198,Warm B,0.5656158924102783,0.17158952355384827,0.5308641975308642,1.0,0.3975197672843933,0.531850278377533,,cfg02_G2_D32,0.9769684569910169,cuda
evaluation,302,198,Warm C,0.5602068305015564,0.1721542626619339,0.5555555555555556,1.0,0.4415836036205292,0.5012902617454529,,cfg02_G2_D32,0.9769684569910169,cuda
evaluation,305,200,Cold,0.5514679551124573,0.17921754717826843,0.5061728395061729,1.0,0.0,0.0,,cfg02_G2_D32,0.9769684569910169,cuda
evaluation,305,200,Warm A,0.5627878308296204,0.17905792593955994,0.5061728395061729,1.0,0.21708901226520538,0.4088013768196106,,cfg02_G2_D32,0.9769684569910169,cuda
evaluation,305,200,Warm B,0.5734832882881165,0.18012291193008423,0.5802469135802469,1.0,0.39782142639160156,0.25408896803855896,,cfg02_G2_D32,0.9769684569910169,cuda
evaluation,305,200,Warm C,0.5798074007034302,0.1831730306148529,0.6049382716049383,1.0,0.4847118854522705,0.14245270192623138,,cfg02_G2_D32,0.9769684569910169,cuda
evaluation,312,204,Cold,0.5515708923339844,0.17989280819892883,0.5061728395061729,1.0,0.0,0.0,,cfg02_G2_D32,0.9769684569910169,cuda
evaluation,312,204,Warm A,0.5616042613983154,0.18120567500591278,0.5061728395061729,1.0,0.21142326295375824,0.3482234477996826,,cfg02_G2_D32,0.9769684569910169,cuda
evaluation,312,204,Warm B,0.5677511692047119,0.18487201631069183,0.5061728395061729,1.0,0.3468768894672394,0.40134620666503906,,cfg02_G2_D32,0.9769684569910169,cuda
evaluation,312,204,Warm C,0.5550264716148376,0.18551276624202728,0.48148148148148145,1.0,0.449542373418808,0.7164772748947144,,cfg02_G2_D32,0.9769684569910169,cuda
evaluation,315,206,Cold,0.5542615056037903,0.17535601556301117,0.5061728395061729,1.0,0.0,0.0,,cfg02_G2_D32,0.9769684569910169,cuda
evaluation,315,206,Warm A,0.5651118755340576,0.17331434786319733,0.5555555555555556,1.0,0.23440125584602356,0.3554210662841797,,cfg02_G2_D32,0.9769684569910169,cuda
evaluation,315,206,Warm B,0.5701857209205627,0.1733517348766327,0.5802469135802469,1.0,0.37508147954940796,0.39758172631263733,,cfg02_G2_D32,0.9769684569910169,cuda
evaluation,315,206,Warm C,0.580099880695343,0.17235028743743896,0.6049382716049383,1.0,0.5551713705062866,0.2756979465484619,,cfg02_G2_D32,0.9769684569910169,cuda
evaluation,321,211,Cold,0.5567291378974915,0.17679360508918762,0.5061728395061729,1.0,0.0,0.0,,cfg02_G2_D32,0.9769684569910169,cuda
evaluation,321,211,Warm A,0.556658923625946,0.17531757056713104,0.5555555555555556,1.0,0.2232341766357422,0.5294723510742188,,cfg02_G2_D32,0.9769684569910169,cuda
evaluation,321,211,Warm B,0.5538403391838074,0.17742463946342468,0.5061728395061729,1.0,0.21044084429740906,0.7412298321723938,,cfg02_G2_D32,0.9769684569910169,cuda
evaluation,321,211,Warm C,0.5539013147354126,0.17629185318946838,0.5308641975308642,1.0,0.20613417029380798,0.5839401483535767,,cfg02_G2_D32,0.9769684569910169,cuda
evaluation,326,213,Cold,0.5593075156211853,0.17547917366027832,0.5061728395061729,1.0,0.0,0.0,,cfg02_G2_D32,0.9769684569910169,cuda
evaluation,326,213,Warm A,0.5499532222747803,0.17588113248348236,0.48148148148148145,1.0,0.22717873752117157,0.48592492938041687,,cfg02_G2_D32,0.9769684569910169,cuda
evaluation,326,213,Warm B,0.5506510734558105,0.17567802965641022,0.48148148148148145,1.0,0.3505084812641144,0.3165184557437897,,cfg02_G2_D32,0.9769684569910169,cuda
evaluation,326,213,Warm C,0.5569937229156494,0.17353665828704834,0.5061728395061729,1.0,0.4156457781791687,0.305294007062912,,cfg02_G2_D32,0.9769684569910169,cuda
evaluation,328,215,Cold,0.554417073726654,0.1763196736574173,0.5061728395061729,1.0,0.0,0.0,,cfg02_G2_D32,0.9769684569910169,cuda
evaluation,328,215,Warm A,0.5510692596435547,0.17584769427776337,0.5061728395061729,1.0,0.21736565232276917,0.5387588739395142,,cfg02_G2_D32,0.9769684569910169,cuda
evaluation,328,215,Warm B,0.5508856177330017,0.177477166056633,0.5061728395061729,1.0,0.21226052939891815,0.7243415713310242,,cfg02_G2_D32,0.9769684569910169,cuda
evaluation,328,215,Warm C,0.559964656829834,0.17690344154834747,0.5308641975308642,1.0,0.2692013382911682,0.4449771046638489,,cfg02_G2_D32,0.9769684569910169,cuda
evaluation,330,217,Cold,0.553198516368866,0.1772872805595398,0.5061728395061729,1.0,0.0,0.0,,cfg02_G2_D32,0.9769684569910169,cuda
evaluation,330,217,Warm A,0.5644552707672119,0.17616385221481323,0.5061728395061729,1.0,0.24166247248649597,0.45077601075172424,,cfg02_G2_D32,0.9769684569910169,cuda
evaluation,330,217,Warm B,0.5748803615570068,0.17577597498893738,0.5802469135802469,1.0,0.3990114629268646,0.3174457252025604,,cfg02_G2_D32,0.9769684569910169,cuda
evaluation,330,217,Warm C,0.5702838897705078,0.17372561991214752,0.5802469135802469,1.0,0.4552152752876282,0.3325078785419464,,cfg02_G2_D32,0.9769684569910169,cuda
evaluation,332,218,Cold,0.5547858476638794,0.1729978770017624,0.5061728395061729,1.0,0.0,0.0,,cfg02_G2_D32,0.9769684569910169,cuda
evaluation,332,218,Warm A,0.5680410265922546,0.17170953750610352,0.5802469135802469,1.0,0.23740004003047943,0.3691015839576721,,cfg02_G2_D32,0.9769684569910169,cuda
evaluation,332,218,Warm B,0.5674605965614319,0.1714436113834381,0.5308641975308642,1.0,0.36925044655799866,0.4207761883735657,,cfg02_G2_D32,0.9769684569910169,cuda
evaluation,332,218,Warm C,0.5720592141151428,0.17244262993335724,0.5555555555555556,1.0,0.3717363178730011,0.4381645619869232,,cfg02_G2_D32,0.9769684569910169,cuda
evaluation,334,220,Cold,0.5581773519515991,0.17519544064998627,0.5061728395061729,1.0,0.0,0.0,,cfg02_G2_D32,0.9769684569910169,cuda
evaluation,334,220,Warm A,0.5558251142501831,0.17368461191654205,0.5061728395061729,1.0,0.21155406534671783,0.5415810346603394,,cfg02_G2_D32,0.9769684569910169,cuda
evaluation,334,220,Warm B,0.5491231083869934,0.17592990398406982,0.48148148148148145,1.0,0.22226306796073914,0.7046785354614258,,cfg02_G2_D32,0.9769684569910169,cuda
evaluation,334,220,Warm C,0.5452283024787903,0.17763300240039825,0.4567901234567901,1.0,0.37774938344955444,0.6555982828140259,,cfg02_G2_D32,0.9769684569910169,cuda
evaluation,340,224,Cold,0.5559797286987305,0.17318706214427948,0.5061728395061729,1.0,0.0,0.0,,cfg02_G2_D32,0.9769684569910169,cuda
evaluation,340,224,Warm A,0.5515335202217102,0.17601579427719116,0.48148148148148145,1.0,0.24311307072639465,0.7097892761230469,,cfg02_G2_D32,0.9769684569910169,cuda
evaluation,340,224,Warm B,0.5630843639373779,0.17628315091133118,0.5061728395061729,1.0,0.21695490181446075,0.41202765703201294,,cfg02_G2_D32,0.9769684569910169,cuda
evaluation,340,224,Warm C,0.5544987320899963,0.17653514444828033,0.48148148148148145,1.0,0.3482784628868103,0.6447383165359497,,cfg02_G2_D32,0.9769684569910169,cuda
evaluation,346,228,Cold,0.5566503405570984,0.1737491935491562,0.5061728395061729,1.0,0.0,0.0,,cfg02_G2_D32,0.9769684569910169,cuda
evaluation,346,228,Warm A,0.5601323246955872,0.1727147102355957,0.5308641975308642,1.0,0.21823318302631378,0.5667310953140259,,cfg02_G2_D32,0.9769684569910169,cuda
evaluation,346,228,Warm B,0.564785361289978,0.17258809506893158,0.5308641975308642,1.0,0.20079340040683746,0.621547520160675,,cfg02_G2_D32,0.9769684569910169,cuda
evaluation,346,228,Warm C,0.5561332106590271,0.1727006584405899,0.48148148148148145,1.0,0.2225215584039688,0.5843414068222046,,cfg02_G2_D32,0.9769684569910169,cuda
evaluation,352,233,Cold,0.5517810583114624,0.17826801538467407,0.5061728395061729,1.0,0.0,0.0,,cfg02_G2_D32,0.9769684569910169,cuda
evaluation,352,233,Warm A,0.5572933554649353,0.17836081981658936,0.48148148148148145,1.0,0.21068806946277618,0.6007459759712219,,cfg02_G2_D32,0.9769684569910169,cuda
evaluation,352,233,Warm B,0.5529303550720215,0.18098866939544678,0.48148148148148145,1.0,0.3413730561733246,0.632161557674408,,cfg02_G2_D32,0.9769684569910169,cuda
evaluation,352,233,Warm C,0.5403712391853333,0.18259474635124207,0.48148148148148145,1.0,0.5298299193382263,0.7190655469894409,,cfg02_G2_D32,0.9769684569910169,cuda
evaluation,354,235,Cold,0.5576600432395935,0.1755637675523758,0.5061728395061729,1.0,0.0,0.0,,cfg02_G2_D32,0.9769684569910169,cuda
evaluation,354,235,Warm A,0.5678876638412476,0.17580094933509827,0.5308641975308642,1.0,0.23110930621623993,0.5051959156990051,,cfg02_G2_D32,0.9769684569910169,cuda
evaluation,354,235,Warm B,0.5627137422561646,0.17725493013858795,0.5061728395061729,1.0,0.24945297837257385,0.5647804141044617,,cfg02_G2_D32,0.9769684569910169,cuda
evaluation,354,235,Warm C,0.5601375102996826,0.1791466325521469,0.5061728395061729,1.0,0.35323506593704224,0.7213293313980103,,cfg02_G2_D32,0.9769684569910169,cuda
evaluation,358,239,Cold,0.5571612119674683,0.17825675010681152,0.5061728395061729,1.0,0.0,0.0,,cfg02_G2_D32,0.9769684569910169,cuda
evaluation,358,239,Warm A,0.5595148205757141,0.17752715945243835,0.5308641975308642,1.0,0.20895901322364807,0.5501880049705505,,cfg02_G2_D32,0.9769684569910169,cuda
evaluation,358,239,Warm B,0.5611379742622375,0.18028034269809723,0.5061728395061729,1.0,0.235377699136734,0.6248995065689087,,cfg02_G2_D32,0.9769684569910169,cuda
evaluation,358,239,Warm C,0.556343138217926,0.1812954694032669,0.5308641975308642,1.0,0.3375226855278015,0.6818587779998779,,cfg02_G2_D32,0.9769684569910169,cuda
evaluation,360,240,Cold,0.5534847974777222,0.17565196752548218,0.5061728395061729,1.0,0.0,0.0,,cfg02_G2_D32,0.9769684569910169,cuda
evaluation,360,240,Warm A,0.5613963603973389,0.17793995141983032,0.5061728395061729,1.0,0.21475356817245483,0.3637453615665436,,cfg02_G2_D32,0.9769684569910169,cuda
evaluation,360,240,Warm B,0.5711140632629395,0.1770973652601242,0.5308641975308642,1.0,0.31831181049346924,0.2579133212566376,,cfg02_G2_D32,0.9769684569910169,cuda
evaluation,360,240,Warm C,0.567304253578186,0.17553049325942993,0.5308641975308642,1.0,0.3053012192249298,0.38355687260627747,,cfg02_G2_D32,0.9769684569910169,cuda
evaluation,363,243,Cold,0.5554131269454956,0.17448291182518005,0.5061728395061729,1.0,0.0,0.0,,cfg02_G2_D32,0.9769684569910169,cuda
evaluation,363,243,Warm A,0.5559726357460022,0.17237363755702972,0.5802469135802469,1.0,0.24539394676685333,0.3259313106536865,,cfg02_G2_D32,0.9769684569910169,cuda
evaluation,363,243,Warm B,0.5535958409309387,0.17304562032222748,0.5555555555555556,1.0,0.3036181330680847,0.38983356952667236,,cfg02_G2_D32,0.9769684569910169,cuda
evaluation,363,243,Warm C,0.5518196821212769,0.17531581223011017,0.5061728395061729,1.0,0.2244638353586197,0.32736361026763916,,cfg02_G2_D32,0.9769684569910169,cuda
evaluation,365,245,Cold,0.5579020977020264,0.17580431699752808,0.5061728395061729,1.0,0.0,0.0,,cfg02_G2_D32,0.9769684569910169,cuda
evaluation,365,245,Warm A,0.5625050067901611,0.177744522690773,0.5061728395061729,1.0,0.21490444242954254,0.6597017645835876,,cfg02_G2_D32,0.9769684569910169,cuda
evaluation,365,245,Warm B,0.551272451877594,0.17826220393180847,0.48148148148148145,1.0,0.3567297160625458,0.6612178683280945,,cfg02_G2_D32,0.9769684569910169,cuda
evaluation,365,245,Warm C,0.5587164163589478,0.17860879004001617,0.5061728395061729,1.0,0.3744707405567169,0.5151000618934631,,cfg02_G2_D32,0.9769684569910169,cuda
evaluation,374,253,Cold,0.5525853633880615,0.1745808720588684,0.5061728395061729,1.0,0.0,0.0,,cfg02_G2_D32,0.9769684569910169,cuda
evaluation,374,253,Warm A,0.5622764229774475,0.17452062666416168,0.5061728395061729,1.0,0.2183588445186615,0.36091718077659607,,cfg02_G2_D32,0.9769684569910169,cuda
evaluation,374,253,Warm B,0.5736297965049744,0.1732359528541565,0.5308641975308642,1.0,0.3347243666648865,0.26875174045562744,,cfg02_G2_D32,0.9769684569910169,cuda
evaluation,374,253,Warm C,0.5824454426765442,0.17498095333576202,0.6049382716049383,1.0,0.4927031099796295,0.12135758250951767,,cfg02_G2_D32,0.9769684569910169,cuda
evaluation,378,256,Cold,0.5542426109313965,0.1749068647623062,0.5061728395061729,1.0,0.0,0.0,,cfg02_G2_D32,0.9769684569910169,cuda
evaluation,378,256,Warm A,0.5648322105407715,0.1745527982711792,0.5308641975308642,1.0,0.20135335624217987,0.4327773153781891,,cfg02_G2_D32,0.9769684569910169,cuda
evaluation,378,256,Warm B,0.5702142119407654,0.17506030201911926,0.5555555555555556,1.0,0.3185078501701355,0.48563870787620544,,cfg02_G2_D32,0.9769684569910169,cuda
evaluation,378,256,Warm C,0.5583704113960266,0.17570549249649048,0.5061728395061729,1.0,0.2884775698184967,0.6675307750701904,,cfg02_G2_D32,0.9769684569910169,cuda
evaluation,387,262,Cold,0.552487850189209,0.17681217193603516,0.5061728395061729,1.0,0.0,0.0,,cfg02_G2_D32,0.9769684569910169,cuda
evaluation,387,262,Warm A,0.5655485391616821,0.17664532363414764,0.5555555555555556,1.0,0.2289344072341919,0.3192591369152069,,cfg02_G2_D32,0.9769684569910169,cuda
evaluation,387,262,Warm B,0.5747396945953369,0.17479221522808075,0.5555555555555556,1.0,0.42310675978660583,0.34540921449661255,,cfg02_G2_D32,0.9769684569910169,cuda
evaluation,387,262,Warm C,0.5632545948028564,0.17653512954711914,0.5061728395061729,1.0,0.2231551557779312,0.6375210881233215,,cfg02_G2_D32,0.9769684569910169,cuda
evaluation,388,263,Cold,0.5553679466247559,0.17553791403770447,0.5061728395061729,1.0,0.0,0.0,,cfg02_G2_D32,0.9769684569910169,cuda
evaluation,388,263,Warm A,0.5594790577888489,0.17602689564228058,0.5308641975308642,1.0,0.22006267309188843,0.618512749671936,,cfg02_G2_D32,0.9769684569910169,cuda
evaluation,388,263,Warm B,0.5590955018997192,0.17628173530101776,0.5308641975308642,1.0,0.2601397931575775,0.5595211982727051,,cfg02_G2_D32,0.9769684569910169,cuda
evaluation,388,263,Warm C,0.5609009265899658,0.1741950958967209,0.5061728395061729,1.0,0.3228289783000946,0.4152669608592987,,cfg02_G2_D32,0.9769684569910169,cuda
evaluation,393,264,Cold,0.5551621317863464,0.17371749877929688,0.5061728395061729,1.0,0.0,0.0,,cfg02_G2_D32,0.9769684569910169,cuda
evaluation,393,264,Warm A,0.5638331174850464,0.1744600087404251,0.5802469135802469,1.0,0.23477625846862793,0.291415274143219,,cfg02_G2_D32,0.9769684569910169,cuda
evaluation,393,264,Warm B,0.5720802545547485,0.1752404123544693,0.6049382716049383,1.0,0.42205217480659485,0.24934342503547668,,cfg02_G2_D32,0.9769684569910169,cuda
evaluation,393,264,Warm C,0.5796087980270386,0.17795783281326294,0.6296296296296297,1.0,0.6420190334320068,0.03028290905058384,,cfg02_G2_D32,0.9769684569910169,cuda
evaluation,407,266,Cold,0.5556740760803223,0.1752014309167862,0.5061728395061729,1.0,0.0,0.0,,cfg02_G2_D32,0.9769684569910169,cuda
evaluation,407,266,Warm A,0.5660809278488159,0.17591527104377747,0.5308641975308642,1.0,0.21236108243465424,0.4014608860015869,,cfg02_G2_D32,0.9769684569910169,cuda
evaluation,407,266,Warm B,0.5578013062477112,0.1765044778585434,0.5061728395061729,1.0,0.3041689991950989,0.5997130274772644,,cfg02_G2_D32,0.9769684569910169,cuda
evaluation,407,266,Warm C,0.5587677955627441,0.18036364018917084,0.5061728395061729,1.0,0.3934582769870758,0.6137477159500122,,cfg02_G2_D32,0.9769684569910169,cuda
evaluation,408,267,Cold,0.5591625571250916,0.17517447471618652,0.5061728395061729,1.0,0.0,0.0,,cfg02_G2_D32,0.9769684569910169,cuda
evaluation,408,267,Warm A,0.5674644112586975,0.17670652270317078,0.5061728395061729,1.0,0.22061707079410553,0.5475463271141052,,cfg02_G2_D32,0.9769684569910169,cuda
evaluation,408,267,Warm B,0.5701162219047546,0.17469558119773865,0.5308641975308642,1.0,0.3467743992805481,0.6011501550674438,,cfg02_G2_D32,0.9769684569910169,cuda
evaluation,408,267,Warm C,0.5722888708114624,0.1752530038356781,0.5308641975308642,1.0,0.42971745133399963,0.5081807971000671,,cfg02_G2_D32,0.9769684569910169,cuda
evaluation,414,271,Cold,0.5526369214057922,0.17800937592983246,0.5061728395061729,1.0,0.0,0.0,,cfg02_G2_D32,0.9769684569910169,cuda
evaluation,414,271,Warm A,0.5630527138710022,0.1785774827003479,0.5308641975308642,1.0,0.22324547171592712,0.43327122926712036,,cfg02_G2_D32,0.9769684569910169,cuda
evaluation,414,271,Warm B,0.5709314942359924,0.1811979115009308,0.5802469135802469,1.0,0.3647288978099823,0.4227428436279297,,cfg02_G2_D32,0.9769684569910169,cuda
evaluation,414,271,Warm C,0.5629377961158752,0.17875796556472778,0.5555555555555556,1.0,0.3009699583053589,0.5344535112380981,,cfg02_G2_D32,0.9769684569910169,cuda
evaluation,415,272,Cold,0.5541829466819763,0.17717428505420685,0.5061728395061729,1.0,0.0,0.0,,cfg02_G2_D32,0.9769684569910169,cuda
evaluation,415,272,Warm A,0.5631293654441833,0.17789459228515625,0.5308641975308642,1.0,0.21055881679058075,0.36193832755088806,,cfg02_G2_D32,0.9769684569910169,cuda
evaluation,415,272,Warm B,0.5712698698043823,0.1792776733636856,0.5308641975308642,1.0,0.35682082176208496,0.29903265833854675,,cfg02_G2_D32,0.9769684569910169,cuda
evaluation,415,272,Warm C,0.5771387219429016,0.1830858737230301,0.5802469135802469,1.0,0.502041220664978,0.21572768688201904,,cfg02_G2_D32,0.9769684569910169,cuda
evaluation,416,273,Cold,0.5563380122184753,0.1727103888988495,0.5061728395061729,1.0,0.0,0.0,,cfg02_G2_D32,0.9769684569910169,cuda
evaluation,416,273,Warm A,0.5621317028999329,0.17405058443546295,0.5555555555555556,1.0,0.22103004157543182,0.5576192736625671,,cfg02_G2_D32,0.9769684569910169,cuda
evaluation,416,273,Warm B,0.5718774199485779,0.17314551770687103,0.5802469135802469,1.0,0.29802626371383667,0.33417007327079773,,cfg02_G2_D32,0.9769684569910169,cuda
evaluation,416,273,Warm C,0.5723862051963806,0.1706317961215973,0.6049382716049383,1.0,0.3238966166973114,0.25594496726989746,,cfg02_G2_D32,0.9769684569910169,cuda
evaluation,419,275,Cold,0.5530203580856323,0.17930643260478973,0.5061728395061729,1.0,0.0,0.0,,cfg02_G2_D32,0.9769684569910169,cuda
evaluation,419,275,Warm A,0.5584015250205994,0.18172165751457214,0.5061728395061729,1.0,0.21527445316314697,0.4995834529399872,,cfg02_G2_D32,0.9769684569910169,cuda
evaluation,419,275,Warm B,0.5710580348968506,0.181768998503685,0.5308641975308642,1.0,0.20724570751190186,0.17259541153907776,,cfg02_G2_D32,0.9769684569910169,cuda
evaluation,419,275,Warm C,0.5677183270454407,0.1807677447795868,0.5308641975308642,1.0,0.21980667114257812,0.43618258833885193,,cfg02_G2_D32,0.9769684569910169,cuda
evaluation,421,277,Cold,0.552039384841919,0.16899064183235168,0.5061728395061729,1.0,0.0,0.0,,cfg02_G2_D32,0.9769684569910169,cuda
evaluation,421,277,Warm A,0.5573042035102844,0.16732579469680786,0.5061728395061729,1.0,0.23258961737155914,0.47406885027885437,,cfg02_G2_D32,0.9769684569910169,cuda
evaluation,421,277,Warm B,0.5594807267189026,0.16719181835651398,0.5555555555555556,1.0,0.3750011622905731,0.5239092111587524,,cfg02_G2_D32,0.9769684569910169,cuda
evaluation,421,277,Warm C,0.5623771548271179,0.16850729286670685,0.5555555555555556,1.0,0.3390260636806488,0.6373814940452576,,cfg02_G2_D32,0.9769684569910169,cuda
evaluation,424,279,Cold,0.5581506490707397,0.1749238222837448,0.5061728395061729,1.0,0.0,0.0,,cfg02_G2_D32,0.9769684569910169,cuda
evaluation,424,279,Warm A,0.5591225028038025,0.17758677899837494,0.5061728395061729,1.0,0.21798665821552277,0.6510902047157288,,cfg02_G2_D32,0.9769684569910169,cuda
evaluation,424,279,Warm B,0.5685824155807495,0.17859075963497162,0.5061728395061729,1.0,0.23690684139728546,0.3471054136753082,,cfg02_G2_D32,0.9769684569910169,cuda
evaluation,424,279,Warm C,0.5701811909675598,0.1769896149635315,0.5555555555555556,1.0,0.2644044756889343,0.4229358732700348,,cfg02_G2_D32,0.9769684569910169,cuda
evaluation,425,280,Cold,0.5576490163803101,0.17294423282146454,0.5061728395061729,1.0,0.0,0.0,,cfg02_G2_D32,0.9769684569910169,cuda
evaluation,425,280,Warm A,0.5600706338882446,0.17088118195533752,0.5308641975308642,1.0,0.22301118075847626,0.5694722533226013,,cfg02_G2_D32,0.9769684569910169,cuda
evaluation,425,280,Warm B,0.561184287071228,0.16972817480564117,0.5308641975308642,1.0,0.39814069867134094,0.4733130633831024,,cfg02_G2_D32,0.9769684569910169,cuda
evaluation,425,280,Warm C,0.5652694702148438,0.17122304439544678,0.5308641975308642,1.0,0.258586585521698,0.5977060198783875,,cfg02_G2_D32,0.9769684569910169,cuda
evaluation,427,282,Cold,0.5568822026252747,0.1756962537765503,0.5061728395061729,1.0,0.0,0.0,,cfg02_G2_D32,0.9769684569910169,cuda
evaluation,427,282,Warm A,0.5636679530143738,0.17816853523254395,0.5308641975308642,1.0,0.20759142935276031,0.48871561884880066,,cfg02_G2_D32,0.9769684569910169,cuda
evaluation,427,282,Warm B,0.5681962370872498,0.1797686517238617,0.5061728395061729,1.0,0.2718796730041504,0.4128870964050293,,cfg02_G2_D32,0.9769684569910169,cuda
evaluation,427,282,Warm C,0.5721888542175293,0.18413126468658447,0.5061728395061729,1.0,0.45073726773262024,0.27487513422966003,,cfg02_G2_D32,0.9769684569910169,cuda
evaluation,429,284,Cold,0.5512903928756714,0.1778874695301056,0.5061728395061729,1.0,0.0,0.0,,cfg02_G2_D32,0.9769684569910169,cuda
evaluation,429,284,Warm A,0.5598130822181702,0.17803071439266205,0.5061728395061729,1.0,0.21754112839698792,0.4183812141418457,,cfg02_G2_D32,0.9769684569910169,cuda
evaluation,429,284,Warm B,0.5647761225700378,0.1819908767938614,0.5308641975308642,1.0,0.3460805118083954,0.48701778054237366,,cfg02_G2_D32,0.9769684569910169,cuda
evaluation,429,284,Warm C,0.5560861825942993,0.18263982236385345,0.5061728395061729,1.0,0.46758270263671875,0.5113233923912048,,cfg02_G2_D32,0.9769684569910169,cuda
evaluation,436,289,Cold,0.5580400824546814,0.17340704798698425,0.5061728395061729,1.0,0.0,0.0,,cfg02_G2_D32,0.9769684569910169,cuda
evaluation,436,289,Warm A,0.5620319843292236,0.17653371393680573,0.5308641975308642,1.0,0.21863308548927307,0.6374337077140808,,cfg02_G2_D32,0.9769684569910169,cuda
evaluation,436,289,Warm B,0.5706282258033752,0.17803910374641418,0.5061728395061729,1.0,0.2673335075378418,0.3124871850013733,,cfg02_G2_D32,0.9769684569910169,cuda
evaluation,436,289,Warm C,0.5669790506362915,0.17845775187015533,0.5061728395061729,1.0,0.28426554799079895,0.4617924690246582,,cfg02_G2_D32,0.9769684569910169,cuda
evaluation,437,290,Cold,0.5512093901634216,0.17921887338161469,0.5061728395061729,1.0,0.0,0.0,,cfg02_G2_D32,0.9769684569910169,cuda
evaluation,437,290,Warm A,0.5586614608764648,0.18019810318946838,0.48148148148148145,1.0,0.2198527306318283,0.49683666229248047,,cfg02_G2_D32,0.9769684569910169,cuda
evaluation,437,290,Warm B,0.5675175786018372,0.18225255608558655,0.5308641975308642,1.0,0.3566952049732208,0.2815750539302826,,cfg02_G2_D32,0.9769684569910169,cuda
evaluation,437,290,Warm C,0.5791614651679993,0.1820145696401596,0.5802469135802469,1.0,0.4233444333076477,0.14046408236026764,,cfg02_G2_D32,0.9769684569910169,cuda
evaluation,438,291,Cold,0.5534181594848633,0.1754683554172516,0.5061728395061729,1.0,0.0,0.0,,cfg02_G2_D32,0.9769684569910169,cuda
evaluation,438,291,Warm A,0.5577452182769775,0.17688725888729095,0.5061728395061729,1.0,0.22196978330612183,0.47634539008140564,,cfg02_G2_D32,0.9769684569910169,cuda
evaluation,438,291,Warm B,0.5606304407119751,0.17561779916286469,0.5061728395061729,1.0,0.20257338881492615,0.540244996547699,,cfg02_G2_D32,0.9769684569910169,cuda
evaluation,438,291,Warm C,0.5681001543998718,0.17780672013759613,0.5308641975308642,1.0,0.3560131788253784,0.344259113073349,,cfg02_G2_D32,0.9769684569910169,cuda
evaluation,444,295,Cold,0.5543017983436584,0.17658250033855438,0.5061728395061729,1.0,0.0,0.0,,cfg02_G2_D32,0.9769684569910169,cuda
evaluation,444,295,Warm A,0.5627806782722473,0.1770566701889038,0.5308641975308642,1.0,0.20008864998817444,0.4420851171016693,,cfg02_G2_D32,0.9769684569910169,cuda
evaluation,444,295,Warm B,0.5694801211357117,0.1798904985189438,0.5308641975308642,1.0,0.34624922275543213,0.326036661863327,,cfg02_G2_D32,0.9769684569910169,cuda
evaluation,444,295,Warm C,0.5633763074874878,0.1761442869901657,0.5555555555555556,1.0,0.2897033095359802,0.4557720124721527,,cfg02_G2_D32,0.9769684569910169,cuda
evaluation,445,296,Cold,0.5532857775688171,0.17726977169513702,0.5061728395061729,1.0,0.0,0.0,,cfg02_G2_D32,0.9769684569910169,cuda
evaluation,445,296,Warm A,0.5621007084846497,0.1779506504535675,0.5308641975308642,1.0,0.20922671258449554,0.449273020029068,,cfg02_G2_D32,0.9769684569910169,cuda
evaluation,445,296,Warm B,0.562821626663208,0.17890174686908722,0.5308641975308642,1.0,0.36646947264671326,0.4748952090740204,,cfg02_G2_D32,0.9769684569910169,cuda
evaluation,445,296,Warm C,0.565313994884491,0.1778283417224884,0.5308641975308642,1.0,0.4844585359096527,0.46170273423194885,,cfg02_G2_D32,0.9769684569910169,cuda
evaluation,449,299,Cold,0.5507664084434509,0.1775732785463333,0.5061728395061729,1.0,0.0,0.0,,cfg02_G2_D32,0.9769684569910169,cuda
evaluation,449,299,Warm A,0.548266589641571,0.17749862372875214,0.5308641975308642,1.0,0.234191432595253,0.4345761239528656,,cfg02_G2_D32,0.9769684569910169,cuda
evaluation,449,299,Warm B,0.5533432364463806,0.1767473667860031,0.48148148148148145,1.0,0.23144356906414032,0.5926060676574707,,cfg02_G2_D32,0.9769684569910169,cuda
evaluation,449,299,Warm C,0.5529441237449646,0.17801634967327118,0.5061728395061729,1.0,0.25287145376205444,0.6517100930213928,,cfg02_G2_D32,0.9769684569910169,cuda
evaluation,451,301,Cold,0.5567112565040588,0.17534130811691284,0.5061728395061729,1.0,0.0,0.0,,cfg02_G2_D32,0.9769684569910169,cuda
evaluation,451,301,Warm A,0.5610243082046509,0.17864887416362762,0.5061728395061729,1.0,0.22213295102119446,0.6492118239402771,,cfg02_G2_D32,0.9769684569910169,cuda
evaluation,451,301,Warm B,0.5507077574729919,0.17852763831615448,0.5061728395061729,1.0,0.3876281976699829,0.7337613105773926,,cfg02_G2_D32,0.9769684569910169,cuda
evaluation,451,301,Warm C,0.5518187880516052,0.1817275583744049,0.48148148148148145,1.0,0.5744882822036743,0.6969218254089355,,cfg02_G2_D32,0.9769684569910169,cuda
evaluation,453,302,Cold,0.5523573160171509,0.17763292789459229,0.5061728395061729,1.0,0.0,0.0,,cfg02_G2_D32,0.9769684569910169,cuda
evaluation,453,302,Warm A,0.5616686940193176,0.17814388871192932,0.5061728395061729,1.0,0.21390517055988312,0.41180291771888733,,cfg02_G2_D32,0.9769684569910169,cuda
evaluation,453,302,Warm B,0.5592672228813171,0.17581287026405334,0.5061728395061729,1.0,0.33028361201286316,0.5438546538352966,,cfg02_G2_D32,0.9769684569910169,cuda
evaluation,453,302,Warm C,0.5707098841667175,0.17576944828033447,0.5308641975308642,1.0,0.5035644173622131,0.29629310965538025,,cfg02_G2_D32,0.9769684569910169,cuda
evaluation,456,305,Cold,0.5576600432395935,0.1755637675523758,0.5061728395061729,1.0,0.0,0.0,,cfg02_G2_D32,0.9769684569910169,cuda
evaluation,456,305,Warm A,0.5541983842849731,0.17616645991802216,0.5061728395061729,1.0,0.16522663831710815,0.6157110333442688,,cfg02_G2_D32,0.9769684569910169,cuda
evaluation,456,305,Warm B,0.5516055226325989,0.17571903765201569,0.5308641975308642,1.0,0.2819763720035553,0.4888589084148407,,cfg02_G2_D32,0.9769684569910169,cuda
evaluation,456,305,Warm C,0.5569251179695129,0.17419205605983734,0.5555555555555556,1.0,0.38039907813072205,0.21481218934059143,,cfg02_G2_D32,0.9769684569910169,cuda
evaluation,458,307,Cold,0.556706964969635,0.17544518411159515,0.5061728395061729,1.0,0.0,0.0,,cfg02_G2_D32,0.9769684569910169,cuda
evaluation,458,307,Warm A,0.5660005807876587,0.17325779795646667,0.5555555555555556,1.0,0.23258014023303986,0.38870397210121155,,cfg02_G2_D32,0.9769684569910169,cuda
evaluation,458,307,Warm B,0.5699823498725891,0.17538784444332123,0.5802469135802469,1.0,0.25367501378059387,0.49745044112205505,,cfg02_G2_D32,0.9769684569910169,cuda
evaluation,458,307,Warm C,0.5638434290885925,0.17367464303970337,0.5555555555555556,1.0,0.23713847994804382,0.5496720671653748,,cfg02_G2_D32,0.9769684569910169,cuda
evaluation,459,308,Cold,0.5542615056037903,0.17535601556301117,0.5061728395061729,1.0,0.0,0.0,,cfg02_G2_D32,0.9769684569910169,cuda
evaluation,459,308,Warm A,0.5596655607223511,0.17557229101657867,0.5061728395061729,1.0,0.19024166464805603,0.5080634951591492,,cfg02_G2_D32,0.9769684569910169,cuda
evaluation,459,308,Warm B,0.5624045133590698,0.17908936738967896,0.5308641975308642,1.0,0.2992689609527588,0.5015703439712524,,cfg02_G2_D32,0.9769684569910169,cuda
evaluation,459,308,Warm C,0.5572332143783569,0.1766371876001358,0.5061728395061729,1.0,0.23286041617393494,0.47885844111442566,,cfg02_G2_D32,0.9769684569910169,cuda
evaluation,461,309,Cold,0.5566495060920715,0.17289841175079346,0.5061728395061729,1.0,0.0,0.0,,cfg02_G2_D32,0.9769684569910169,cuda
evaluation,461,309,Warm A,0.5616641640663147,0.17156624794006348,0.5061728395061729,1.0,0.22421406209468842,0.521237850189209,,cfg02_G2_D32,0.9769684569910169,cuda
evaluation,461,309,Warm B,0.5529760718345642,0.17144541442394257,0.5308641975308642,1.0,0.24899858236312866,0.7324169278144836,,cfg02_G2_D32,0.9769684569910169,cuda
evaluation,461,309,Warm C,0.5539776086807251,0.17344507575035095,0.48148148148148145,1.0,0.26880550384521484,0.645666778087616,,cfg02_G2_D32,0.9769684569910169,cuda
evaluation,465,311,Cold,0.5584104657173157,0.17401792109012604,0.5061728395061729,1.0,0.0,0.0,,cfg02_G2_D32,0.9769684569910169,cuda
evaluation,465,311,Warm A,0.5562762022018433,0.17698292434215546,0.48148148148148145,1.0,0.23265749216079712,0.631758987903595,,cfg02_G2_D32,0.9769684569910169,cuda
evaluation,465,311,Warm B,0.5442001223564148,0.17878317832946777,0.48148148148148145,1.0,0.43318596482276917,0.7676275968551636,,cfg02_G2_D32,0.9769684569910169,cuda
evaluation,465,311,Warm C,0.5486105680465698,0.1795748621225357,0.48148148148148145,1.0,0.4326978623867035,0.5242392420768738,,cfg02_G2_D32,0.9769684569910169,cuda
evaluation,469,314,Cold,0.5567996501922607,0.1753160059452057,0.5061728395061729,1.0,0.0,0.0,,cfg02_G2_D32,0.9769684569910169,cuda
evaluation,469,314,Warm A,0.5630384087562561,0.1758621335029602,0.5308641975308642,1.0,0.19991230964660645,0.5675929188728333,,cfg02_G2_D32,0.9769684569910169,cuda
evaluation,469,314,Warm B,0.5697973966598511,0.1772226244211197,0.5555555555555556,1.0,0.25831303000450134,0.47883373498916626,,cfg02_G2_D32,0.9769684569910169,cuda
evaluation,469,314,Warm C,0.5736697912216187,0.17965954542160034,0.5308641975308642,1.0,0.36650198698043823,0.385711133480072,,cfg02_G2_D32,0.9769684569910169,cuda
evaluation,473,316,Cold,0.5514513850212097,0.17588454484939575,0.5061728395061729,1.0,0.0,0.0,,cfg02_G2_D32,0.9769684569910169,cuda
evaluation,473,316,Warm A,0.5551785826683044,0.17838837206363678,0.48148148148148145,1.0,0.2290988564491272,0.7611928582191467,,cfg02_G2_D32,0.9769684569910169,cuda
evaluation,473,316,Warm B,0.5605177879333496,0.18132659792900085,0.5061728395061729,1.0,0.41035565733909607,0.46745237708091736,,cfg02_G2_D32,0.9769684569910169,cuda
evaluation,473,316,Warm C,0.5675743818283081,0.18156053125858307,0.5061728395061729,1.0,0.4419500529766083,0.3490016460418701,,cfg02_G2_D32,0.9769684569910169,cuda
evaluation,477,319,Cold,0.5591842532157898,0.17460526525974274,0.5061728395061729,1.0,0.0,0.0,,cfg02_G2_D32,0.9769684569910169,cuda
evaluation,477,319,Warm A,0.5658912062644958,0.17486514151096344,0.5308641975308642,1.0,0.2134145200252533,0.5831509828567505,,cfg02_G2_D32,0.9769684569910169,cuda
evaluation,477,319,Warm B,0.5679255723953247,0.17530399560928345,0.5061728395061729,1.0,0.3052021563053131,0.6455831527709961,,cfg02_G2_D32,0.9769684569910169,cuda
evaluation,477,319,Warm C,0.5584425926208496,0.17490167915821075,0.5061728395061729,1.0,0.2397608608007431,0.6968433260917664,,cfg02_G2_D32,0.9769684569910169,cuda
evaluation,479,320,Cold,0.553356945514679,0.1746072769165039,0.5061728395061729,1.0,0.0,0.0,,cfg02_G2_D32,0.9769684569910169,cuda
evaluation,479,320,Warm A,0.5618242621421814,0.17537787556648254,0.5308641975308642,1.0,0.21400107443332672,0.4120806157588959,,cfg02_G2_D32,0.9769684569910169,cuda
evaluation,479,320,Warm B,0.5683327913284302,0.17757754027843475,0.5308641975308642,1.0,0.3569270372390747,0.23655958473682404,,cfg02_G2_D32,0.9769684569910169,cuda
evaluation,479,320,Warm C,0.5602079629898071,0.17590312659740448,0.5308641975308642,1.0,0.2923351526260376,0.45410871505737305,,cfg02_G2_D32,0.9769684569910169,cuda
evaluation,482,323,Cold,0.5580075979232788,0.17461936175823212,0.5061728395061729,1.0,0.0,0.0,,cfg02_G2_D32,0.9769684569910169,cuda
evaluation,482,323,Warm A,0.5471643805503845,0.17681631445884705,0.48148148148148145,1.0,0.24671855568885803,0.8283531069755554,,cfg02_G2_D32,0.9769684569910169,cuda
evaluation,482,323,Warm B,0.5436038374900818,0.17667140066623688,0.48148148148148145,1.0,0.30270424485206604,0.553877055644989,,cfg02_G2_D32,0.9769684569910169,cuda
evaluation,482,323,Warm C,0.5420826077461243,0.17908574640750885,0.48148148148148145,1.0,0.5167198181152344,0.7126676440238953,,cfg02_G2_D32,0.9769684569910169,cuda
evaluation,483,324,Cold,0.5584477782249451,0.17571674287319183,0.5308641975308642,1.0,0.0,0.0,,cfg02_G2_D32,0.9769684569910169,cuda
evaluation,483,324,Warm A,0.5659694075584412,0.17491962015628815,0.5308641975308642,1.0,0.2169177234172821,0.462617963552475,,cfg02_G2_D32,0.9769684569910169,cuda
evaluation,483,324,Warm B,0.5555692315101624,0.1754273921251297,0.48148148148148145,1.0,0.14322996139526367,0.689521312713623,,cfg02_G2_D32,0.9769684569910169,cuda
evaluation,483,324,Warm C,0.5616116523742676,0.17612199485301971,0.5061728395061729,1.0,0.20621614158153534,0.47682544589042664,,cfg02_G2_D32,0.9769684569910169,cuda
evaluation,486,326,Cold,0.5507487654685974,0.17811323702335358,0.5061728395061729,1.0,0.0,0.0,,cfg02_G2_D32,0.9769684569910169,cuda
evaluation,486,326,Warm A,0.5587520599365234,0.17852181196212769,0.48148148148148145,1.0,0.20952558517456055,0.4852457046508789,,cfg02_G2_D32,0.9769684569910169,cuda
evaluation,486,326,Warm B,0.5672368407249451,0.17741037905216217,0.5308641975308642,1.0,0.3195277750492096,0.35426026582717896,,cfg02_G2_D32,0.9769684569910169,cuda
evaluation,486,326,Warm C,0.5646044015884399,0.1790345460176468,0.5061728395061729,1.0,0.3271512985229492,0.5073999762535095,,cfg02_G2_D32,0.9769684569910169,cuda
evaluation,487,327,Cold,0.5560354590415955,0.17465871572494507,0.5061728395061729,1.0,0.0,0.0,,cfg02_G2_D32,0.9769684569910169,cuda
evaluation,487,327,Warm A,0.5663013458251953,0.17534184455871582,0.5802469135802469,1.0,0.2125014364719391,0.4797677993774414,,cfg02_G2_D32,0.9769684569910169,cuda
evaluation,487,327,Warm B,0.5656332969665527,0.17609642446041107,0.5308641975308642,1.0,0.35858485102653503,0.5376226305961609,,cfg02_G2_D32,0.9769684569910169,cuda
evaluation,487,327,Warm C,0.5665873289108276,0.17946407198905945,0.5308641975308642,1.0,0.516069233417511,0.49799248576164246,,cfg02_G2_D32,0.9769684569910169,cuda
evaluation,489,328,Cold,0.5536138415336609,0.1780472993850708,0.5061728395061729,1.0,0.0,0.0,,cfg02_G2_D32,0.9769684569910169,cuda
evaluation,489,328,Warm A,0.5613806247711182,0.17967288196086884,0.5555555555555556,1.0,0.22090688347816467,0.42352771759033203,,cfg02_G2_D32,0.9769684569910169,cuda
evaluation,489,328,Warm B,0.5664061307907104,0.1821003556251526,0.5802469135802469,1.0,0.4193589687347412,0.44028177857398987,,cfg02_G2_D32,0.9769684569910169,cuda
evaluation,489,328,Warm C,0.5718966126441956,0.1852295845746994,0.5802469135802469,1.0,0.5709832310676575,0.2932179868221283,,cfg02_G2_D32,0.9769684569910169,cuda
evaluation,490,329,Cold,0.557687520980835,0.17711593210697174,0.5061728395061729,1.0,0.0,0.0,,cfg02_G2_D32,0.9769684569910169,cuda
evaluation,490,329,Warm A,0.5621424913406372,0.17829756438732147,0.5061728395061729,1.0,0.20755673944950104,0.5373026728630066,,cfg02_G2_D32,0.9769684569910169,cuda
evaluation,490,329,Warm B,0.561209499835968,0.17578022181987762,0.5061728395061729,1.0,0.2832464575767517,0.4471138119697571,,cfg02_G2_D32,0.9769684569910169,cuda
evaluation,490,329,Warm C,0.5622080564498901,0.17591001093387604,0.5308641975308642,1.0,0.3617696464061737,0.5958116054534912,,cfg02_G2_D32,0.9769684569910169,cuda
evaluation,501,336,Cold,0.5585539937019348,0.17529554665088654,0.5308641975308642,1.0,0.0,0.0,,cfg02_G2_D32,0.9769684569910169,cuda
evaluation,501,336,Warm A,0.5578715801239014,0.1775004118680954,0.48148148148148145,1.0,0.22897018492221832,0.782419741153717,,cfg02_G2_D32,0.9769684569910169,cuda
evaluation,501,336,Warm B,0.5495175719261169,0.17751948535442352,0.48148148148148145,1.0,0.33137989044189453,0.6310559511184692,,cfg02_G2_D32,0.9769684569910169,cuda
evaluation,501,336,Warm C,0.546795666217804,0.17930206656455994,0.4567901234567901,1.0,0.4995739758014679,0.6261210441589355,,cfg02_G2_D32,0.9769684569910169,cuda
evaluation,502,337,Cold,0.5571165680885315,0.1709635704755783,0.5061728395061729,1.0,0.0,0.0,,cfg02_G2_D32,0.9769684569910169,cuda
evaluation,502,337,Warm A,0.5676659941673279,0.1712033748626709,0.5802469135802469,1.0,0.21948294341564178,0.18617534637451172,,cfg02_G2_D32,0.9769684569910169,cuda
evaluation,502,337,Warm B,0.5758527517318726,0.17088140547275543,0.5802469135802469,1.0,0.3789917230606079,0.20168542861938477,,cfg02_G2_D32,0.9769684569910169,cuda
evaluation,502,337,Warm C,0.5852278470993042,0.1705860048532486,0.654320987654321,1.0,0.5882753729820251,0.07667619735002518,,cfg02_G2_D32,0.9769684569910169,cuda
evaluation,504,338,Cold,0.5550241470336914,0.17195791006088257,0.5061728395061729,1.0,0.0,0.0,,cfg02_G2_D32,0.9769684569910169,cuda
evaluation,504,338,Warm A,0.5643870234489441,0.17086631059646606,0.5555555555555556,1.0,0.2156178504228592,0.4463987350463867,,cfg02_G2_D32,0.9769684569910169,cuda
evaluation,504,338,Warm B,0.5649282336235046,0.1725345104932785,0.5308641975308642,1.0,0.2312508374452591,0.4696742594242096,,cfg02_G2_D32,0.9769684569910169,cuda
evaluation,504,338,Warm C,0.5598497986793518,0.17258217930793762,0.5061728395061729,1.0,0.3170710504055023,0.4665844142436981,,cfg02_G2_D32,0.9769684569910169,cuda
evaluation,505,339,Cold,0.5505468845367432,0.17735224962234497,0.5061728395061729,1.0,0.0,0.0,,cfg02_G2_D32,0.9769684569910169,cuda
evaluation,505,339,Warm A,0.5574313402175903,0.17843367159366608,0.48148148148148145,1.0,0.2148628979921341,0.4900859296321869,,cfg02_G2_D32,0.9769684569910169,cuda
evaluation,505,339,Warm B,0.5614463686943054,0.18220676481723785,0.5061728395061729,1.0,0.3740408420562744,0.525993824005127,,cfg02_G2_D32,0.9769684569910169,cuda
evaluation,505,339,Warm C,0.568056046962738,0.18380004167556763,0.5308641975308642,1.0,0.4380500316619873,0.34502798318862915,,cfg02_G2_D32,0.9769684569910169,cuda
evaluation,506,340,Cold,0.557735800743103,0.17774590849876404,0.5061728395061729,1.0,0.0,0.0,,cfg02_G2_D32,0.9769684569910169,cuda
evaluation,506,340,Warm A,0.5570387840270996,0.17831791937351227,0.5061728395061729,1.0,0.19717471301555634,0.5575105547904968,,cfg02_G2_D32,0.9769684569910169,cuda
evaluation,506,340,Warm B,0.5565118193626404,0.1801028698682785,0.5061728395061729,1.0,0.2916722297668457,0.6755366325378418,,cfg02_G2_D32,0.9769684569910169,cuda
evaluation,506,340,Warm C,0.560204803943634,0.1780577003955841,0.48148148148148145,1.0,0.20612892508506775,0.4802190959453583,,cfg02_G2_D32,0.9769684569910169,cuda
evaluation,511,344,Cold,0.5555230379104614,0.17728930711746216,0.5061728395061729,1.0,0.0,0.0,,cfg02_G2_D32,0.9769684569910169,cuda
evaluation,511,344,Warm A,0.5602652430534363,0.17981679737567902,0.48148148148148145,1.0,0.21230678260326385,0.5721985101699829,,cfg02_G2_D32,0.9769684569910169,cuda
evaluation,511,344,Warm B,0.5677851438522339,0.17822974920272827,0.5555555555555556,1.0,0.1806979924440384,0.4127015173435211,,cfg02_G2_D32,0.9769684569910169,cuda
evaluation,511,344,Warm C,0.562359094619751,0.17836037278175354,0.5308641975308642,1.0,0.24251145124435425,0.6482451558113098,,cfg02_G2_D32,0.9769684569910169,cuda
evaluation,512,345,Cold,0.553030252456665,0.17532190680503845,0.5061728395061729,1.0,0.0,0.0,,cfg02_G2_D32,0.9769684569910169,cuda
evaluation,512,345,Warm A,0.5571498274803162,0.17737935483455658,0.5061728395061729,1.0,0.23664745688438416,0.6353343725204468,,cfg02_G2_D32,0.9769684569910169,cuda
evaluation,512,345,Warm B,0.5476882457733154,0.17969286441802979,0.5061728395061729,1.0,0.43279680609703064,0.7504050135612488,,cfg02_G2_D32,0.9769684569910169,cuda
evaluation,512,345,Warm C,0.5505657196044922,0.17835275828838348,0.48148148148148145,1.0,0.2881028950214386,0.45716866850852966,,cfg02_G2_D32,0.9769684569910169,cuda
evaluation,513,346,Cold,0.5547542572021484,0.17540164291858673,0.5061728395061729,1.0,0.0,0.0,,cfg02_G2_D32,0.9769684569910169,cuda
evaluation,513,346,Warm A,0.5618947148323059,0.17696471512317657,0.5061728395061729,1.0,0.2120652049779892,0.4852726459503174,,cfg02_G2_D32,0.9769684569910169,cuda
evaluation,513,346,Warm B,0.5492602586746216,0.17797276377677917,0.5061728395061729,1.0,0.34651273488998413,0.688053548336029,,cfg02_G2_D32,0.9769684569910169,cuda
evaluation,513,346,Warm C,0.5580609440803528,0.1754663735628128,0.5061728395061729,1.0,0.22797030210494995,0.4620853364467621,,cfg02_G2_D32,0.9769684569910169,cuda
evaluation,518,351,Cold,0.5525659918785095,0.17893148958683014,0.5061728395061729,1.0,0.0,0.0,,cfg02_G2_D32,0.9769684569910169,cuda
evaluation,518,351,Warm A,0.5640863180160522,0.17879851162433624,0.5555555555555556,1.0,0.2295779138803482,0.41729530692100525,,cfg02_G2_D32,0.9769684569910169,cuda
evaluation,518,351,Warm B,0.5757763981819153,0.17842306196689606,0.5802469135802469,1.0,0.4472329020500183,0.21806971728801727,,cfg02_G2_D32,0.9769684569910169,cuda
evaluation,518,351,Warm C,0.5804150700569153,0.17789268493652344,0.5802469135802469,1.0,0.6028984189033508,0.3298535645008087,,cfg02_G2_D32,0.9769684569910169,cuda
evaluation,521,354,Cold,0.5558176636695862,0.17540043592453003,0.5061728395061729,1.0,0.0,0.0,,cfg02_G2_D32,0.9769684569910169,cuda
evaluation,521,354,Warm A,0.5581691265106201,0.1772662103176117,0.48148148148148145,1.0,0.21946370601654053,0.6067807674407959,,cfg02_G2_D32,0.9769684569910169,cuda
evaluation,521,354,Warm B,0.5486523509025574,0.17686711251735687,0.5061728395061729,1.0,0.2997494339942932,0.6239063143730164,,cfg02_G2_D32,0.9769684569910169,cuda
evaluation,521,354,Warm C,0.5513579845428467,0.17545415461063385,0.5308641975308642,1.0,0.30661872029304504,0.5302771925926208,,cfg02_G2_D32,0.9769684569910169,cuda
evaluation,522,355,Cold,0.5560303926467896,0.1765727549791336,0.5061728395061729,1.0,0.0,0.0,,cfg02_G2_D32,0.9769684569910169,cuda
evaluation,522,355,Warm A,0.5467477440834045,0.17696808278560638,0.4567901234567901,1.0,0.20901836454868317,0.6090590357780457,,cfg02_G2_D32,0.9769684569910169,cuda
evaluation,522,355,Warm B,0.5554367899894714,0.17542411386966705,0.5308641975308642,1.0,0.17042778432369232,0.41486653685569763,,cfg02_G2_D32,0.9769684569910169,cuda
evaluation,522,355,Warm C,0.5452382564544678,0.17787349224090576,0.5061728395061729,1.0,0.2879197299480438,0.7973629236221313,,cfg02_G2_D32,0.9769684569910169,cuda
evaluation,523,356,Cold,0.557990550994873,0.17713147401809692,0.5061728395061729,1.0,0.0,0.0,,cfg02_G2_D32,0.9769684569910169,cuda
evaluation,523,356,Warm A,0.5533550977706909,0.17760330438613892,0.5308641975308642,1.0,0.21120932698249817,0.6018805503845215,,cfg02_G2_D32,0.9769684569910169,cuda
evaluation,523,356,Warm B,0.5519095659255981,0.17993417382240295,0.5061728395061729,1.0,0.33871594071388245,0.7885304689407349,,cfg02_G2_D32,0.9769684569910169,cuda
evaluation,523,356,Warm C,0.5555159449577332,0.18075892329216003,0.48148148148148145,1.0,0.4442690312862396,0.6458901166915894,,cfg02_G2_D32,0.9769684569910169,cuda
evaluation,528,359,Cold,0.5574339032173157,0.1766904592514038,0.5061728395061729,1.0,0.0,0.0,,cfg02_G2_D32,0.9769684569910169,cuda
evaluation,528,359,Warm A,0.5653066635131836,0.1785040944814682,0.5308641975308642,1.0,0.22323517501354218,0.4617503583431244,,cfg02_G2_D32,0.9769684569910169,cuda
evaluation,528,359,Warm B,0.5679585337638855,0.1830156147480011,0.5061728395061729,1.0,0.33516931533813477,0.5763640403747559,,cfg02_G2_D32,0.9769684569910169,cuda
evaluation,528,359,Warm C,0.5721686482429504,0.1876959502696991,0.5061728395061729,1.0,0.4815088212490082,0.3774450421333313,,cfg02_G2_D32,0.9769684569910169,cuda
evaluation,540,369,Cold,0.557687520980835,0.17711593210697174,0.5061728395061729,1.0,0.0,0.0,,cfg02_G2_D32,0.9769684569910169,cuda
evaluation,540,369,Warm A,0.560899019241333,0.17991355061531067,0.5061728395061729,1.0,0.2241269052028656,0.6219596862792969,,cfg02_G2_D32,0.9769684569910169,cuda
evaluation,540,369,Warm B,0.5673748850822449,0.18371976912021637,0.5308641975308642,1.0,0.36078184843063354,0.28613442182540894,,cfg02_G2_D32,0.9769684569910169,cuda
evaluation,540,369,Warm C,0.5706777572631836,0.1883765459060669,0.5061728395061729,1.0,0.5784397721290588,0.23864327371120453,,cfg02_G2_D32,0.9769684569910169,cuda
evaluation,544,373,Cold,0.5541980862617493,0.1766114979982376,0.5061728395061729,1.0,0.0,0.0,,cfg02_G2_D32,0.9769684569910169,cuda
evaluation,544,373,Warm A,0.5655211210250854,0.17590664327144623,0.5308641975308642,1.0,0.21597348153591156,0.26697230339050293,,cfg02_G2_D32,0.9769684569910169,cuda
evaluation,544,373,Warm B,0.5710397362709045,0.17743223905563354,0.5308641975308642,1.0,0.3543257713317871,0.38617298007011414,,cfg02_G2_D32,0.9769684569910169,cuda
evaluation,544,373,Warm C,0.5789141058921814,0.1763245016336441,0.5555555555555556,1.0,0.48731669783592224,0.20060406625270844,,cfg02_G2_D32,0.9769684569910169,cuda
evaluation,547,375,Cold,0.5544425249099731,0.1739451289176941,0.5061728395061729,1.0,0.0,0.0,,cfg02_G2_D32,0.9769684569910169,cuda
evaluation,547,375,Warm A,0.5572330355644226,0.17658744752407074,0.5061728395061729,1.0,0.23291048407554626,0.7116443514823914,,cfg02_G2_D32,0.9769684569910169,cuda
evaluation,547,375,Warm B,0.5580503940582275,0.1778067797422409,0.5061728395061729,1.0,0.29325687885284424,0.5098749995231628,,cfg02_G2_D32,0.9769684569910169,cuda
evaluation,547,375,Warm C,0.5637437105178833,0.1781112551689148,0.5308641975308642,1.0,0.30626213550567627,0.3565325438976288,,cfg02_G2_D32,0.9769684569910169,cuda
evaluation,548,376,Cold,0.5542333722114563,0.17536801099777222,0.5061728395061729,1.0,0.0,0.0,,cfg02_G2_D32,0.9769684569910169,cuda
evaluation,548,376,Warm A,0.5664418339729309,0.17392732203006744,0.5802469135802469,1.0,0.23217740654945374,0.29734334349632263,,cfg02_G2_D32,0.9769684569910169,cuda
evaluation,548,376,Warm B,0.5753542184829712,0.17343923449516296,0.5802469135802469,1.0,0.4059444069862366,0.21420292556285858,,cfg02_G2_D32,0.9769684569910169,cuda
evaluation,548,376,Warm C,0.5734245181083679,0.17168915271759033,0.6049382716049383,1.0,0.48194217681884766,0.29336127638816833,,cfg02_G2_D32,0.9769684569910169,cuda
evaluation,549,377,Cold,0.5556640625,0.17528334259986877,0.5061728395061729,1.0,0.0,0.0,,cfg02_G2_D32,0.9769684569910169,cuda
evaluation,549,377,Warm A,0.5544314980506897,0.17836454510688782,0.48148148148148145,1.0,0.21657660603523254,0.640053391456604,,cfg02_G2_D32,0.9769684569910169,cuda
evaluation,549,377,Warm B,0.5492731332778931,0.17714153230190277,0.48148148148148145,1.0,0.2380761355161667,0.4863247871398926,,cfg02_G2_D32,0.9769684569910169,cuda
evaluation,549,377,Warm C,0.5469111800193787,0.17924602329730988,0.4567901234567901,1.0,0.3865720331668854,0.6302000284194946,,cfg02_G2_D32,0.9769684569910169,cuda
evaluation,550,378,Cold,0.5542425513267517,0.1749068647623062,0.5061728395061729,1.0,0.0,0.0,,cfg02_G2_D32,0.9769684569910169,cuda
evaluation,550,378,Warm A,0.5646985173225403,0.1743885725736618,0.5308641975308642,1.0,0.22164133191108704,0.46561288833618164,,cfg02_G2_D32,0.9769684569910169,cuda
evaluation,550,378,Warm B,0.563651978969574,0.17617763578891754,0.5308641975308642,1.0,0.2755028307437897,0.5728932619094849,,cfg02_G2_D32,0.9769684569910169,cuda
evaluation,550,378,Warm C,0.5612374544143677,0.1781492829322815,0.5308641975308642,1.0,0.38911616802215576,0.5550462007522583,,cfg02_G2_D32,0.9769684569910169,cuda
evaluation,556,383,Cold,0.5569495558738708,0.17390407621860504,0.5061728395061729,1.0,0.0,0.0,,cfg02_G2_D32,0.9769684569910169,cuda
evaluation,556,383,Warm A,0.5542889833450317,0.17184695601463318,0.5802469135802469,1.0,0.2380998134613037,0.28537243604660034,,cfg02_G2_D32,0.9769684569910169,cuda
evaluation,556,383,Warm B,0.5605757236480713,0.17053769528865814,0.5802469135802469,1.0,0.38239654898643494,0.352429062128067,,cfg02_G2_D32,0.9769684569910169,cuda
evaluation,556,383,Warm C,0.5559343695640564,0.1708284467458725,0.5555555555555556,1.0,0.43348559737205505,0.38236695528030396,,cfg02_G2_D32,0.9769684569910169,cuda
evaluation,558,384,Cold,0.5539091229438782,0.1734047681093216,0.5061728395061729,1.0,0.0,0.0,,cfg02_G2_D32,0.9769684569910169,cuda
evaluation,558,384,Warm A,0.553006649017334,0.17555786669254303,0.5061728395061729,1.0,0.23152324557304382,0.6512568593025208,,cfg02_G2_D32,0.9769684569910169,cuda
evaluation,558,384,Warm B,0.5620924234390259,0.17399629950523376,0.5061728395061729,1.0,0.2340056151151657,0.40200528502464294,,cfg02_G2_D32,0.9769684569910169,cuda
evaluation,558,384,Warm C,0.566049337387085,0.17589859664440155,0.5555555555555556,1.0,0.3935031592845917,0.5487622618675232,,cfg02_G2_D32,0.9769684569910169,cuda
evaluation,565,386,Cold,0.5547436475753784,0.17532122135162354,0.5061728395061729,1.0,0.0,0.0,,cfg02_G2_D32,0.9769684569910169,cuda
evaluation,565,386,Warm A,0.5487728714942932,0.17701491713523865,0.48148148148148145,1.0,0.218425914645195,0.6629889607429504,,cfg02_G2_D32,0.9769684569910169,cuda
evaluation,565,386,Warm B,0.5574200749397278,0.17582499980926514,0.5061728395061729,1.0,0.17747129499912262,0.5070816874504089,,cfg02_G2_D32,0.9769684569910169,cuda
evaluation,565,386,Warm C,0.5494345426559448,0.1743685007095337,0.48148148148148145,1.0,0.27042001485824585,0.6443769335746765,,cfg02_G2_D32,0.9769684569910169,cuda
evaluation,569,387,Cold,0.5524603128433228,0.17286238074302673,0.5061728395061729,1.0,0.0,0.0,,cfg02_G2_D32,0.9769684569910169,cuda
evaluation,569,387,Warm A,0.5634748935699463,0.17118653655052185,0.5061728395061729,1.0,0.23493723571300507,0.4041929841041565,,cfg02_G2_D32,0.9769684569910169,cuda
evaluation,569,387,Warm B,0.5727282762527466,0.17016391456127167,0.5308641975308642,1.0,0.4011242389678955,0.4220942556858063,,cfg02_G2_D32,0.9769684569910169,cuda
evaluation,569,387,Warm C,0.5755004286766052,0.1710846871137619,0.5802469135802469,1.0,0.5067786574363708,0.4040240943431854,,cfg02_G2_D32,0.9769684569910169,cuda
evaluation,574,388,Cold,0.5539839267730713,0.17856864631175995,0.5061728395061729,1.0,0.0,0.0,,cfg02_G2_D32,0.9769684569910169,cuda
evaluation,574,388,Warm A,0.5514043569564819,0.18104985356330872,0.5308641975308642,1.0,0.22737249732017517,0.6569598317146301,,cfg02_G2_D32,0.9769684569910169,cuda
evaluation,574,388,Warm B,0.554080605506897,0.18215297162532806,0.5061728395061729,1.0,0.30900606513023376,0.6283559203147888,,cfg02_G2_D32,0.9769684569910169,cuda
evaluation,574,388,Warm C,0.5457651615142822,0.1835862249135971,0.4567901234567901,1.0,0.4371908903121948,0.664650559425354,,cfg02_G2_D32,0.9769684569910169,cuda
evaluation,575,389,Cold,0.5527282953262329,0.1734837144613266,0.5061728395061729,1.0,0.0,0.0,,cfg02_G2_D32,0.9769684569910169,cuda
evaluation,575,389,Warm A,0.5632083415985107,0.1736702173948288,0.5308641975308642,1.0,0.21677112579345703,0.4033675193786621,,cfg02_G2_D32,0.9769684569910169,cuda
evaluation,575,389,Warm B,0.5538192987442017,0.1754433959722519,0.5061728395061729,1.0,0.24999631941318512,0.5818210244178772,,cfg02_G2_D32,0.9769684569910169,cuda
evaluation,575,389,Warm C,0.5572084784507751,0.174343541264534,0.5061728395061729,1.0,0.2395685613155365,0.47333747148513794,,cfg02_G2_D32,0.9769684569910169,cuda
evaluation,580,390,Cold,0.5555022358894348,0.17591692507266998,0.5061728395061729,1.0,0.0,0.0,,cfg02_G2_D32,0.9769684569910169,cuda
evaluation,580,390,Warm A,0.5598081350326538,0.17702992260456085,0.5061728395061729,1.0,0.21205739676952362,0.5408431887626648,,cfg02_G2_D32,0.9769684569910169,cuda
evaluation,580,390,Warm B,0.5596107244491577,0.18000662326812744,0.5061728395061729,1.0,0.30337390303611755,0.6700782179832458,,cfg02_G2_D32,0.9769684569910169,cuda
evaluation,580,390,Warm C,0.5604835748672485,0.18015851080417633,0.5061728395061729,1.0,0.39520999789237976,0.5739884972572327,,cfg02_G2_D32,0.9769684569910169,cuda
evaluation,581,391,Cold,0.5556591749191284,0.1763550490140915,0.5061728395061729,1.0,0.0,0.0,,cfg02_G2_D32,0.9769684569910169,cuda
evaluation,581,391,Warm A,0.557016134262085,0.17400451004505157,0.5802469135802469,1.0,0.24003267288208008,0.29447564482688904,,cfg02_G2_D32,0.9769684569910169,cuda
evaluation,581,391,Warm B,0.5567554235458374,0.1734568476676941,0.5802469135802469,1.0,0.40062040090560913,0.2717665135860443,,cfg02_G2_D32,0.9769684569910169,cuda
evaluation,581,391,Warm C,0.5579744577407837,0.17449796199798584,0.5802469135802469,1.0,0.22299914062023163,0.6879515051841736,,cfg02_G2_D32,0.9769684569910169,cuda
evaluation,606,406,Cold,0.5539217591285706,0.17536206543445587,0.5061728395061729,1.0,0.0,0.0,,cfg02_G2_D32,0.9769684569910169,cuda
evaluation,606,406,Warm A,0.5637792944908142,0.17442753911018372,0.5061728395061729,1.0,0.214157372713089,0.39401718974113464,,cfg02_G2_D32,0.9769684569910169,cuda
evaluation,606,406,Warm B,0.5709972381591797,0.1753026247024536,0.5555555555555556,1.0,0.3498610258102417,0.36372050642967224,,cfg02_G2_D32,0.9769684569910169,cuda
evaluation,606,406,Warm C,0.5783404111862183,0.1748572289943695,0.6049382716049383,1.0,0.4757162034511566,0.15231142938137054,,cfg02_G2_D32,0.9769684569910169,cuda
evaluation,609,408,Cold,0.5533689260482788,0.17129641771316528,0.5061728395061729,1.0,0.0,0.0,,cfg02_G2_D32,0.9769684569910169,cuda
evaluation,609,408,Warm A,0.5593818426132202,0.17273195087909698,0.5061728395061729,1.0,0.23053193092346191,0.6219655275344849,,cfg02_G2_D32,0.9769684569910169,cuda
evaluation,609,408,Warm B,0.5643336176872253,0.1697564423084259,0.5061728395061729,1.0,0.21559087932109833,0.3265286087989807,,cfg02_G2_D32,0.9769684569910169,cuda
evaluation,609,408,Warm C,0.5539209246635437,0.1720372587442398,0.5061728395061729,1.0,0.2167816013097763,0.6550368666648865,,cfg02_G2_D32,0.9769684569910169,cuda
evaluation,612,411,Cold,0.5507482886314392,0.18097515404224396,0.5061728395061729,1.0,0.0,0.0,,cfg02_G2_D32,0.9769684569910169,cuda
evaluation,612,411,Warm A,0.5551719069480896,0.1833323985338211,0.5061728395061729,1.0,0.22946469485759735,0.6099681854248047,,cfg02_G2_D32,0.9769684569910169,cuda
evaluation,612,411,Warm B,0.564831554889679,0.182834193110466,0.5308641975308642,1.0,0.24569152295589447,0.3769814074039459,,cfg02_G2_D32,0.9769684569910169,cuda
evaluation,612,411,Warm C,0.5677561163902283,0.1835198700428009,0.5308641975308642,1.0,0.33302614092826843,0.28521934151649475,,cfg02_G2_D32,0.9769684569910169,cuda
evaluation,613,412,Cold,0.5570644736289978,0.17398668825626373,0.5061728395061729,1.0,0.0,0.0,,cfg02_G2_D32,0.9769684569910169,cuda
evaluation,613,412,Warm A,0.55302494764328,0.1735057830810547,0.5555555555555556,1.0,0.22415569424629211,0.5001886487007141,,cfg02_G2_D32,0.9769684569910169,cuda
evaluation,613,412,Warm B,0.5543164610862732,0.1761612743139267,0.5061728395061729,1.0,0.21959957480430603,0.6231869459152222,,cfg02_G2_D32,0.9769684569910169,cuda
evaluation,613,412,Warm C,0.556289792060852,0.17436198890209198,0.5308641975308642,1.0,0.2598985731601715,0.4035191535949707,,cfg02_G2_D32,0.9769684569910169,cuda
evaluation,615,413,Cold,0.5662194490432739,0.17700648307800293,0.5308641975308642,1.0,0.0,0.0,,cfg02_G2_D32,0.9769684569910169,cuda
evaluation,615,413,Warm A,0.5633041858673096,0.1766711324453354,0.48148148148148145,1.0,0.2366544008255005,0.44555482268333435,,cfg02_G2_D32,0.9769684569910169,cuda
evaluation,615,413,Warm B,0.5661563873291016,0.1761520504951477,0.48148148148148145,1.0,0.40056613087654114,0.42788800597190857,,cfg02_G2_D32,0.9769684569910169,cuda
evaluation,615,413,Warm C,0.5699537992477417,0.17476068437099457,0.5061728395061729,1.0,0.5116036534309387,0.2788435220718384,,cfg02_G2_D32,0.9769684569910169,cuda
evaluation,627,415,Cold,0.5578280687332153,0.17702116072177887,0.5061728395061729,1.0,0.0,0.0,,cfg02_G2_D32,0.9769684569910169,cuda
evaluation,627,415,Warm A,0.5570026636123657,0.1771930307149887,0.5308641975308642,1.0,0.2059939205646515,0.502173125743866,,cfg02_G2_D32,0.9769684569910169,cuda
evaluation,627,415,Warm B,0.557674765586853,0.17733098566532135,0.5061728395061729,1.0,0.32281455397605896,0.5671550631523132,,cfg02_G2_D32,0.9769684569910169,cuda
evaluation,627,415,Warm C,0.5552852153778076,0.1762276291847229,0.5061728395061729,1.0,0.2931225597858429,0.46922120451927185,,cfg02_G2_D32,0.9769684569910169,cuda
evaluation,631,417,Cold,0.5557703375816345,0.17054525017738342,0.5061728395061729,1.0,0.0,0.0,,cfg02_G2_D32,0.9769684569910169,cuda
evaluation,631,417,Warm A,0.5613190531730652,0.17186591029167175,0.5308641975308642,1.0,0.2266370952129364,0.5115751624107361,,cfg02_G2_D32,0.9769684569910169,cuda
evaluation,631,417,Warm B,0.5673010349273682,0.172498881816864,0.5308641975308642,1.0,0.31408992409706116,0.3516736924648285,,cfg02_G2_D32,0.9769684569910169,cuda
evaluation,631,417,Warm C,0.5742588639259338,0.17333953082561493,0.6049382716049383,1.0,0.46497830748558044,0.1533757895231247,,cfg02_G2_D32,0.9769684569910169,cuda
evaluation,635,418,Cold,0.5532097816467285,0.17724724113941193,0.5061728395061729,1.0,0.0,0.0,,cfg02_G2_D32,0.9769684569910169,cuda
evaluation,635,418,Warm A,0.5596280097961426,0.17731337249279022,0.48148148148148145,1.0,0.21087664365768433,0.5714232325553894,,cfg02_G2_D32,0.9769684569910169,cuda
evaluation,635,418,Warm B,0.5541650056838989,0.17523327469825745,0.5061728395061729,1.0,0.30072739720344543,0.5393140316009521,,cfg02_G2_D32,0.9769684569910169,cuda
evaluation,635,418,Warm C,0.5577707290649414,0.17680004239082336,0.48148148148148145,1.0,0.27335163950920105,0.6060415506362915,,cfg02_G2_D32,0.9769684569910169,cuda
evaluation,637,419,Cold,0.550687313079834,0.18099042773246765,0.5061728395061729,1.0,0.0,0.0,,cfg02_G2_D32,0.9769684569910169,cuda
evaluation,637,419,Warm A,0.5570442080497742,0.18248260021209717,0.5061728395061729,1.0,0.21338866651058197,0.479171484708786,,cfg02_G2_D32,0.9769684569910169,cuda
evaluation,637,419,Warm B,0.562848687171936,0.184658944606781,0.5061728395061729,1.0,0.393178254365921,0.3563738763332367,,cfg02_G2_D32,0.9769684569910169,cuda
evaluation,637,419,Warm C,0.5573557019233704,0.182214617729187,0.5061728395061729,1.0,0.22348414361476898,0.470363587141037,,cfg02_G2_D32,0.9769684569910169,cuda
evaluation,639,420,Cold,0.5519638061523438,0.17909705638885498,0.5061728395061729,1.0,0.0,0.0,,cfg02_G2_D32,0.9769684569910169,cuda
evaluation,639,420,Warm A,0.5598101019859314,0.17951780557632446,0.5061728395061729,1.0,0.2230374962091446,0.4992391765117645,,cfg02_G2_D32,0.9769684569910169,cuda
evaluation,639,420,Warm B,0.5514633655548096,0.1818414181470871,0.5061728395061729,1.0,0.2914750277996063,0.695889949798584,,cfg02_G2_D32,0.9769684569910169,cuda
evaluation,639,420,Warm C,0.5620585680007935,0.18019814789295197,0.5061728395061729,1.0,0.22943119704723358,0.4249391555786133,,cfg02_G2_D32,0.9769684569910169,cuda
evaluation,640,421,Cold,0.5567200183868408,0.17739859223365784,0.5061728395061729,1.0,0.0,0.0,,cfg02_G2_D32,0.9769684569910169,cuda
evaluation,640,421,Warm A,0.5661779046058655,0.17829129099845886,0.5061728395061729,1.0,0.2203512191772461,0.36286768317222595,,cfg02_G2_D32,0.9769684569910169,cuda
evaluation,640,421,Warm B,0.5720748901367188,0.18224266171455383,0.5061728395061729,1.0,0.36896374821662903,0.28855475783348083,,cfg02_G2_D32,0.9769684569910169,cuda
evaluation,640,421,Warm C,0.5678845643997192,0.1829461008310318,0.5061728395061729,1.0,0.42018094658851624,0.42962518334388733,,cfg02_G2_D32,0.9769684569910169,cuda
evaluation,650,424,Cold,0.5563995242118835,0.17817896604537964,0.5061728395061729,1.0,0.0,0.0,,cfg02_G2_D32,0.9769684569910169,cuda
evaluation,650,424,Warm A,0.5585029721260071,0.17872504889965057,0.5308641975308642,1.0,0.2011384814977646,0.5641841888427734,,cfg02_G2_D32,0.9769684569910169,cuda
evaluation,650,424,Warm B,0.5563278198242188,0.18133234977722168,0.5061728395061729,1.0,0.2666369676589966,0.76027911901474,,cfg02_G2_D32,0.9769684569910169,cuda
evaluation,650,424,Warm C,0.5566742420196533,0.17927135527133942,0.5061728395061729,1.0,0.31369826197624207,0.5899820327758789,,cfg02_G2_D32,0.9769684569910169,cuda
evaluation,662,427,Cold,0.5580192804336548,0.17408634722232819,0.5061728395061729,1.0,0.0,0.0,,cfg02_G2_D32,0.9769684569910169,cuda
evaluation,662,427,Warm A,0.5529168844223022,0.17583678662776947,0.48148148148148145,1.0,0.23726670444011688,0.7019242644309998,,cfg02_G2_D32,0.9769684569910169,cuda
evaluation,662,427,Warm B,0.561683177947998,0.17790904641151428,0.5061728395061729,1.0,0.31797724962234497,0.47288599610328674,,cfg02_G2_D32,0.9769684569910169,cuda
evaluation,662,427,Warm C,0.5687056183815002,0.17569668591022491,0.5061728395061729,1.0,0.23674049973487854,0.36169153451919556,,cfg02_G2_D32,0.9769684569910169,cuda
evaluation,680,433,Cold,0.5667916536331177,0.17243416607379913,0.5061728395061729,1.0,0.0,0.0,,cfg02_G2_D32,0.9769684569910169,cuda
evaluation,680,433,Warm A,0.5620272755622864,0.17311766743659973,0.48148148148148145,1.0,0.19145482778549194,0.5998779535293579,,cfg02_G2_D32,0.9769684569910169,cuda
evaluation,680,433,Warm B,0.5619099736213684,0.17564530670642853,0.4567901234567901,1.0,0.34471017122268677,0.8180105090141296,,cfg02_G2_D32,0.9769684569910169,cuda
evaluation,680,433,Warm C,0.5541865825653076,0.17681394517421722,0.4074074074074074,1.0,0.544780433177948,0.9042173624038696,,cfg02_G2_D32,0.9769684569910169,cuda
evaluation,691,435,Cold,0.5529575347900391,0.1760214865207672,0.5061728395061729,1.0,0.0,0.0,,cfg02_G2_D32,0.9769684569910169,cuda
evaluation,691,435,Warm A,0.5636018514633179,0.17528201639652252,0.5061728395061729,1.0,0.2269798219203949,0.4917038083076477,,cfg02_G2_D32,0.9769684569910169,cuda
evaluation,691,435,Warm B,0.5710422992706299,0.17352338135242462,0.5308641975308642,1.0,0.43427518010139465,0.40157729387283325,,cfg02_G2_D32,0.9769684569910169,cuda
evaluation,691,435,Warm C,0.5639102458953857,0.17403681576251984,0.5061728395061729,1.0,0.4012056589126587,0.5546847581863403,,cfg02_G2_D32,0.9769684569910169,cuda
evaluation,692,436,Cold,0.5545506477355957,0.1761077344417572,0.5061728395061729,1.0,0.0,0.0,,cfg02_G2_D32,0.9769684569910169,cuda
evaluation,692,436,Warm A,0.5594849586486816,0.17853760719299316,0.5061728395061729,1.0,0.2297988086938858,0.5409806370735168,,cfg02_G2_D32,0.9769684569910169,cuda
evaluation,692,436,Warm B,0.5669239163398743,0.18111316859722137,0.5308641975308642,1.0,0.34084054827690125,0.35041895508766174,,cfg02_G2_D32,0.9769684569910169,cuda
evaluation,692,436,Warm C,0.5741535425186157,0.18336188793182373,0.5802469135802469,1.0,0.5087790489196777,0.13103680312633514,,cfg02_G2_D32,0.9769684569910169,cuda
evaluation,694,437,Cold,0.5534711480140686,0.176871657371521,0.5061728395061729,1.0,0.0,0.0,,cfg02_G2_D32,0.9769684569910169,cuda
evaluation,694,437,Warm A,0.5599085092544556,0.17832857370376587,0.5061728395061729,1.0,0.22749559581279755,0.4620633125305176,,cfg02_G2_D32,0.9769684569910169,cuda
evaluation,694,437,Warm B,0.567095160484314,0.17585118114948273,0.5061728395061729,1.0,0.3124503791332245,0.23383581638336182,,cfg02_G2_D32,0.9769684569910169,cuda
evaluation,694,437,Warm C,0.5694699883460999,0.1758660227060318,0.5308641975308642,1.0,0.3804169297218323,0.3516760766506195,,cfg02_G2_D32,0.9769684569910169,cuda
evaluation,695,438,Cold,0.5564493536949158,0.17500878870487213,0.5061728395061729,1.0,0.0,0.0,,cfg02_G2_D32,0.9769684569910169,cuda
evaluation,695,438,Warm A,0.5509167909622192,0.17631174623966217,0.48148148148148145,1.0,0.20502498745918274,0.6235780119895935,,cfg02_G2_D32,0.9769684569910169,cuda
evaluation,695,438,Warm B,0.557288646697998,0.1778719127178192,0.48148148148148145,1.0,0.2440563142299652,0.4778037667274475,,cfg02_G2_D32,0.9769684569910169,cuda
evaluation,695,438,Warm C,0.5673927664756775,0.17792633175849915,0.5308641975308642,1.0,0.2632746994495392,0.48074522614479065,,cfg02_G2_D32,0.9769684569910169,cuda
evaluation,697,439,Cold,0.5559157133102417,0.176132932305336,0.5061728395061729,1.0,0.0,0.0,,cfg02_G2_D32,0.9769684569910169,cuda
evaluation,697,439,Warm A,0.5645495653152466,0.17713768780231476,0.5061728395061729,1.0,0.21860776841640472,0.45061561465263367,,cfg02_G2_D32,0.9769684569910169,cuda
evaluation,697,439,Warm B,0.5648586750030518,0.17956119775772095,0.5061728395061729,1.0,0.2835437059402466,0.5377076864242554,,cfg02_G2_D32,0.9769684569910169,cuda
evaluation,697,439,Warm C,0.5713304877281189,0.18245872855186462,0.5061728395061729,1.0,0.4391801655292511,0.2600294351577759,,cfg02_G2_D32,0.9769684569910169,cuda
evaluation,700,440,Cold,0.5518701672554016,0.180552139878273,0.5061728395061729,1.0,0.0,0.0,,cfg02_G2_D32,0.9769684569910169,cuda
evaluation,700,440,Warm A,0.5524057745933533,0.18083395063877106,0.5061728395061729,1.0,0.20983996987342834,0.6189942359924316,,cfg02_G2_D32,0.9769684569910169,cuda
evaluation,700,440,Warm B,0.5620160698890686,0.18025365471839905,0.5061728395061729,1.0,0.2841884195804596,0.5294432044029236,,cfg02_G2_D32,0.9769684569910169,cuda
evaluation,700,440,Warm C,0.5565758347511292,0.1779061257839203,0.5061728395061729,1.0,0.3850318193435669,0.5666553378105164,,cfg02_G2_D32,0.9769684569910169,cuda
evaluation,709,443,Cold,0.5559593439102173,0.17132270336151123,0.5061728395061729,1.0,0.0,0.0,,cfg02_G2_D32,0.9769684569910169,cuda
evaluation,709,443,Warm A,0.5651224851608276,0.1718025654554367,0.5308641975308642,1.0,0.19951970875263214,0.504079282283783,,cfg02_G2_D32,0.9769684569910169,cuda
evaluation,709,443,Warm B,0.5696972012519836,0.17619791626930237,0.5308641975308642,1.0,0.32217273116111755,0.353844553232193,,cfg02_G2_D32,0.9769684569910169,cuda
evaluation,709,443,Warm C,0.5592371225357056,0.17618487775325775,0.5061728395061729,1.0,0.3821868300437927,0.6349585056304932,,cfg02_G2_D32,0.9769684569910169,cuda
evaluation,711,444,Cold,0.5531687140464783,0.17241714894771576,0.5061728395061729,1.0,0.0,0.0,,cfg02_G2_D32,0.9769684569910169,cuda
evaluation,711,444,Warm A,0.5615617632865906,0.17278186976909637,0.5061728395061729,1.0,0.221613347530365,0.33504852652549744,,cfg02_G2_D32,0.9769684569910169,cuda
evaluation,711,444,Warm B,0.5705071687698364,0.17144392430782318,0.5555555555555556,1.0,0.3275158107280731,0.25679415464401245,,cfg02_G2_D32,0.9769684569910169,cuda
evaluation,711,444,Warm C,0.5736783146858215,0.1739518940448761,0.5308641975308642,1.0,0.40421101450920105,0.3933713138103485,,cfg02_G2_D32,0.9769684569910169,cuda
evaluation,714,445,Cold,0.555498480796814,0.17537496984004974,0.5061728395061729,1.0,0.0,0.0,,cfg02_G2_D32,0.9769684569910169,cuda
evaluation,714,445,Warm A,0.5452688336372375,0.17701411247253418,0.48148148148148145,1.0,0.21245525777339935,0.5428717732429504,,cfg02_G2_D32,0.9769684569910169,cuda
evaluation,714,445,Warm B,0.5453499555587769,0.1773606240749359,0.5061728395061729,1.0,0.2970926761627197,0.5255447030067444,,cfg02_G2_D32,0.9769684569910169,cuda
evaluation,714,445,Warm C,0.5367745161056519,0.18000884354114532,0.43209876543209874,1.0,0.4269551932811737,0.6949374079704285,,cfg02_G2_D32,0.9769684569910169,cuda
evaluation,725,449,Cold,0.5504831671714783,0.1794986128807068,0.5061728395061729,1.0,0.0,0.0,,cfg02_G2_D32,0.9769684569910169,cuda
evaluation,725,449,Warm A,0.5558082461357117,0.1820346862077713,0.48148148148148145,1.0,0.22199200093746185,0.48236799240112305,,cfg02_G2_D32,0.9769684569910169,cuda
evaluation,725,449,Warm B,0.5542839169502258,0.1841869354248047,0.48148148148148145,1.0,0.40384456515312195,0.553382396697998,,cfg02_G2_D32,0.9769684569910169,cuda
evaluation,725,449,Warm C,0.5485625267028809,0.1861845701932907,0.48148148148148145,1.0,0.5837239623069763,0.6038064956665039,,cfg02_G2_D32,0.9769684569910169,cuda
evaluation,735,452,Cold,0.5530955195426941,0.1780616044998169,0.5061728395061729,1.0,0.0,0.0,,cfg02_G2_D32,0.9769684569910169,cuda
evaluation,735,452,Warm A,0.5544922351837158,0.1787300556898117,0.48148148148148145,1.0,0.20206961035728455,0.5472009778022766,,cfg02_G2_D32,0.9769684569910169,cuda
evaluation,735,452,Warm B,0.5506011247634888,0.18130066990852356,0.48148148148148145,1.0,0.2882678806781769,0.7365064024925232,,cfg02_G2_D32,0.9769684569910169,cuda
evaluation,735,452,Warm C,0.5415990352630615,0.1827523559331894,0.4567901234567901,1.0,0.42611488699913025,0.635259747505188,,cfg02_G2_D32,0.9769684569910169,cuda
evaluation,742,456,Cold,0.5551940202713013,0.17679880559444427,0.5061728395061729,1.0,0.0,0.0,,cfg02_G2_D32,0.9769684569910169,cuda
evaluation,742,456,Warm A,0.5616319179534912,0.17858187854290009,0.5061728395061729,1.0,0.19297242164611816,0.49701330065727234,,cfg02_G2_D32,0.9769684569910169,cuda
evaluation,742,456,Warm B,0.5698116421699524,0.18124224245548248,0.5308641975308642,1.0,0.37591782212257385,0.22889438271522522,,cfg02_G2_D32,0.9769684569910169,cuda
evaluation,742,456,Warm C,0.560576319694519,0.18210187554359436,0.5308641975308642,1.0,0.3656785786151886,0.45448756217956543,,cfg02_G2_D32,0.9769684569910169,cuda
evaluation,743,457,Cold,0.5515046715736389,0.17934353649616241,0.5061728395061729,1.0,0.0,0.0,,cfg02_G2_D32,0.9769684569910169,cuda
evaluation,743,457,Warm A,0.5595171451568604,0.18033364415168762,0.5061728395061729,1.0,0.21652568876743317,0.4367229640483856,,cfg02_G2_D32,0.9769684569910169,cuda
evaluation,743,457,Warm B,0.5671741962432861,0.17888343334197998,0.5308641975308642,1.0,0.3039049506187439,0.4581412374973297,,cfg02_G2_D32,0.9769684569910169,cuda
evaluation,743,457,Warm C,0.5715504288673401,0.1775941550731659,0.5802469135802469,1.0,0.4253631830215454,0.3863013684749603,,cfg02_G2_D32,0.9769684569910169,cuda
evaluation,761,461,Cold,0.5530678033828735,0.17301541566848755,0.5061728395061729,1.0,0.0,0.0,,cfg02_G2_D32,0.9769684569910169,cuda
evaluation,761,461,Warm A,0.5581176280975342,0.17261779308319092,0.5061728395061729,1.0,0.2214948683977127,0.4645051956176758,,cfg02_G2_D32,0.9769684569910169,cuda
evaluation,761,461,Warm B,0.5608673691749573,0.17494763433933258,0.5061728395061729,1.0,0.2802598774433136,0.6248916983604431,,cfg02_G2_D32,0.9769684569910169,cuda
evaluation,761,461,Warm C,0.5661264061927795,0.17674562335014343,0.5308641975308642,1.0,0.4123557209968567,0.255118191242218,,cfg02_G2_D32,0.9769684569910169,cuda
evaluation,764,463,Cold,0.5587332248687744,0.17262427508831024,0.5061728395061729,1.0,0.0,0.0,,cfg02_G2_D32,0.9769684569910169,cuda
evaluation,764,463,Warm A,0.5676792860031128,0.17206570506095886,0.5802469135802469,1.0,0.21471381187438965,0.5531831979751587,,cfg02_G2_D32,0.9769684569910169,cuda
evaluation,764,463,Warm B,0.5649065375328064,0.17447921633720398,0.5555555555555556,1.0,0.2197805792093277,0.6631578803062439,,cfg02_G2_D32,0.9769684569910169,cuda
evaluation,764,463,Warm C,0.5619568228721619,0.17425797879695892,0.5308641975308642,1.0,0.22679254412651062,0.5619840621948242,,cfg02_G2_D32,0.9769684569910169,cuda
evaluation,765,464,Cold,0.55863356590271,0.17484861612319946,0.5061728395061729,1.0,0.0,0.0,,cfg02_G2_D32,0.9769684569910169,cuda
evaluation,765,464,Warm A,0.5667814016342163,0.1747473180294037,0.5802469135802469,1.0,0.19124624133110046,0.5125176906585693,,cfg02_G2_D32,0.9769684569910169,cuda
evaluation,765,464,Warm B,0.5738599896430969,0.177820086479187,0.5555555555555556,1.0,0.3397650122642517,0.3518071174621582,,cfg02_G2_D32,0.9769684569910169,cuda
evaluation,765,464,Warm C,0.5694313645362854,0.17803236842155457,0.5555555555555556,1.0,0.31991490721702576,0.441176176071167,,cfg02_G2_D32,0.9769684569910169,cuda
evaluation,766,465,Cold,0.5569438338279724,0.17782868444919586,0.5061728395061729,1.0,0.0,0.0,,cfg02_G2_D32,0.9769684569910169,cuda
evaluation,766,465,Warm A,0.5635098218917847,0.1781957447528839,0.5308641975308642,1.0,0.2058083564043045,0.5596244931221008,,cfg02_G2_D32,0.9769684569910169,cuda
evaluation,766,465,Warm B,0.5526376366615295,0.17816944420337677,0.5061728395061729,1.0,0.21103379130363464,0.7925329208374023,,cfg02_G2_D32,0.9769684569910169,cuda
evaluation,766,465,Warm C,0.5594668388366699,0.17837144434452057,0.5061728395061729,1.0,0.3107800781726837,0.5417052507400513,,cfg02_G2_D32,0.9769684569910169,cuda
evaluation,781,468,Cold,0.5550411939620972,0.17694593966007233,0.5061728395061729,1.0,0.0,0.0,,cfg02_G2_D32,0.9769684569910169,cuda
evaluation,781,468,Warm A,0.5614098310470581,0.1765608936548233,0.5061728395061729,1.0,0.21851536631584167,0.4597127139568329,,cfg02_G2_D32,0.9769684569910169,cuda
evaluation,781,468,Warm B,0.5672515034675598,0.17892470955848694,0.5061728395061729,1.0,0.3021191954612732,0.5611092448234558,,cfg02_G2_D32,0.9769684569910169,cuda
evaluation,781,468,Warm C,0.561334490776062,0.179274782538414,0.5061728395061729,1.0,0.32662707567214966,0.6370855569839478,,cfg02_G2_D32,0.9769684569910169,cuda
evaluation,782,469,Cold,0.5566887855529785,0.17762739956378937,0.5061728395061729,1.0,0.0,0.0,,cfg02_G2_D32,0.9769684569910169,cuda
evaluation,782,469,Warm A,0.5629622340202332,0.17883718013763428,0.5061728395061729,1.0,0.21710041165351868,0.4619203507900238,,cfg02_G2_D32,0.9769684569910169,cuda
evaluation,782,469,Warm B,0.5703102946281433,0.17967307567596436,0.5308641975308642,1.0,0.37661102414131165,0.2666883170604706,,cfg02_G2_D32,0.9769684569910169,cuda
evaluation,782,469,Warm C,0.5672886967658997,0.17544710636138916,0.5308641975308642,1.0,0.34538617730140686,0.2694520950317383,,cfg02_G2_D32,0.9769684569910169,cuda
evaluation,801,478,Cold,0.5519721508026123,0.17533881962299347,0.5061728395061729,1.0,0.0,0.0,,cfg02_G2_D32,0.9769684569910169,cuda
evaluation,801,478,Warm A,0.5573362112045288,0.17637604475021362,0.5308641975308642,1.0,0.22504188120365143,0.5766682028770447,,cfg02_G2_D32,0.9769684569910169,cuda
evaluation,801,478,Warm B,0.5532862544059753,0.1753557026386261,0.5061728395061729,1.0,0.23722010850906372,0.4856202304363251,,cfg02_G2_D32,0.9769684569910169,cuda
evaluation,801,478,Warm C,0.5575740933418274,0.17715422809123993,0.5061728395061729,1.0,0.28944048285484314,0.6054059863090515,,cfg02_G2_D32,0.9769684569910169,cuda
evaluation,809,482,Cold,0.5533767938613892,0.1750333458185196,0.5061728395061729,1.0,0.0,0.0,,cfg02_G2_D32,0.9769684569910169,cuda
evaluation,809,482,Warm A,0.5595704317092896,0.17630068957805634,0.5061728395061729,1.0,0.23287451267242432,0.42464837431907654,,cfg02_G2_D32,0.9769684569910169,cuda
evaluation,809,482,Warm B,0.5559656620025635,0.1750813126564026,0.5308641975308642,1.0,0.18196596205234528,0.48456040024757385,,cfg02_G2_D32,0.9769684569910169,cuda
evaluation,809,482,Warm C,0.5677275657653809,0.17490197718143463,0.5555555555555556,1.0,0.273473858833313,0.35150107741355896,,cfg02_G2_D32,0.9769684569910169,cuda
evaluation,810,483,Cold,0.5524648427963257,0.17552746832370758,0.5061728395061729,1.0,0.0,0.0,,cfg02_G2_D32,0.9769684569910169,cuda
evaluation,810,483,Warm A,0.5575953722000122,0.17704443633556366,0.5061728395061729,1.0,0.2183152437210083,0.4733021855354309,,cfg02_G2_D32,0.9769684569910169,cuda
evaluation,810,483,Warm B,0.5667098164558411,0.1776542216539383,0.5308641975308642,1.0,0.3856565058231354,0.2094086855649948,,cfg02_G2_D32,0.9769684569910169,cuda
evaluation,810,483,Warm C,0.5743007063865662,0.18044033646583557,0.6049382716049383,1.0,0.6044125556945801,0.10194410383701324,,cfg02_G2_D32,0.9769684569910169,cuda
evaluation,818,484,Cold,0.5504716634750366,0.18011078238487244,0.5061728395061729,1.0,0.0,0.0,,cfg02_G2_D32,0.9769684569910169,cuda
evaluation,818,484,Warm A,0.5526160001754761,0.18223439157009125,0.5061728395061729,1.0,0.22348220646381378,0.7026740312576294,,cfg02_G2_D32,0.9769684569910169,cuda
evaluation,818,484,Warm B,0.5512698888778687,0.18492640554904938,0.5061728395061729,1.0,0.4518774747848511,0.7093620300292969,,cfg02_G2_D32,0.9769684569910169,cuda
evaluation,818,484,Warm C,0.5522807836532593,0.1877630650997162,0.5061728395061729,1.0,0.6226282119750977,0.5409952402114868,,cfg02_G2_D32,0.9769684569910169,cuda
evaluation,829,485,Cold,0.5532649755477905,0.17341667413711548,0.5061728395061729,1.0,0.0,0.0,,cfg02_G2_D32,0.9769684569910169,cuda
evaluation,829,485,Warm A,0.5594756603240967,0.17479538917541504,0.5061728395061729,1.0,0.21838992834091187,0.48712894320487976,,cfg02_G2_D32,0.9769684569910169,cuda
evaluation,829,485,Warm B,0.5651053190231323,0.17584040760993958,0.5308641975308642,1.0,0.29492974281311035,0.38235414028167725,,cfg02_G2_D32,0.9769684569910169,cuda
evaluation,829,485,Warm C,0.5692134499549866,0.17942407727241516,0.5308641975308642,1.0,0.4381454288959503,0.3997421860694885,,cfg02_G2_D32,0.9769684569910169,cuda
evaluation,833,488,Cold,0.5501553416252136,0.1785571128129959,0.5061728395061729,1.0,0.0,0.0,,cfg02_G2_D32,0.9769684569910169,cuda
evaluation,833,488,Warm A,0.5555434226989746,0.18074153363704681,0.48148148148148145,1.0,0.2161475419998169,0.5252532958984375,,cfg02_G2_D32,0.9769684569910169,cuda
evaluation,833,488,Warm B,0.5636987686157227,0.18377242982387543,0.5308641975308642,1.0,0.3407314121723175,0.3490206301212311,,cfg02_G2_D32,0.9769684569910169,cuda
evaluation,833,488,Warm C,0.5677782297134399,0.1872839629650116,0.5308641975308642,1.0,0.49898964166641235,0.33845779299736023,,cfg02_G2_D32,0.9769684569910169,cuda
evaluation,835,489,Cold,0.5567499399185181,0.17768509685993195,0.5061728395061729,1.0,0.0,0.0,,cfg02_G2_D32,0.9769684569910169,cuda
evaluation,835,489,Warm A,0.5660538673400879,0.17851434648036957,0.5555555555555556,1.0,0.22168593108654022,0.4875437915325165,,cfg02_G2_D32,0.9769684569910169,cuda
evaluation,835,489,Warm B,0.571763813495636,0.18217472732067108,0.5308641975308642,1.0,0.3474726974964142,0.47895631194114685,,cfg02_G2_D32,0.9769684569910169,cuda
evaluation,835,489,Warm C,0.5643543004989624,0.18123465776443481,0.5308641975308642,1.0,0.25099843740463257,0.635604202747345,,cfg02_G2_D32,0.9769684569910169,cuda
evaluation,839,493,Cold,0.5555196404457092,0.17468580603599548,0.5061728395061729,1.0,0.0,0.0,,cfg02_G2_D32,0.9769684569910169,cuda
evaluation,839,493,Warm A,0.5605846643447876,0.17712964117527008,0.5061728395061729,1.0,0.2087782323360443,0.3904058635234833,,cfg02_G2_D32,0.9769684569910169,cuda
evaluation,839,493,Warm B,0.5653183460235596,0.17975202202796936,0.5308641975308642,1.0,0.40232786536216736,0.3656514585018158,,cfg02_G2_D32,0.9769684569910169,cuda
evaluation,839,493,Warm C,0.5591070652008057,0.18047718703746796,0.5308641975308642,1.0,0.46619299054145813,0.4761788845062256,,cfg02_G2_D32,0.9769684569910169,cuda
evaluation,842,494,Cold,0.5532113909721375,0.17639966309070587,0.5061728395061729,1.0,0.0,0.0,,cfg02_G2_D32,0.9769684569910169,cuda
evaluation,842,494,Warm A,0.5613202452659607,0.17698873579502106,0.5061728395061729,1.0,0.2151506543159485,0.44713640213012695,,cfg02_G2_D32,0.9769684569910169,cuda
evaluation,842,494,Warm B,0.5550554990768433,0.1793723702430725,0.5061728395061729,1.0,0.2529911696910858,0.490633100271225,,cfg02_G2_D32,0.9769684569910169,cuda
evaluation,842,494,Warm C,0.5638794898986816,0.17837925255298615,0.5061728395061729,1.0,0.32687908411026,0.40866920351982117,,cfg02_G2_D32,0.9769684569910169,cuda
evaluation,848,495,Cold,0.5563117861747742,0.1784154772758484,0.5061728395061729,1.0,0.0,0.0,,cfg02_G2_D32,0.9769684569910169,cuda
evaluation,848,495,Warm A,0.5629233121871948,0.17899754643440247,0.5308641975308642,1.0,0.22102664411067963,0.5638858079910278,,cfg02_G2_D32,0.9769684569910169,cuda
evaluation,848,495,Warm B,0.5562067627906799,0.17912657558918,0.5061728395061729,1.0,0.2554096579551697,0.6331426501274109,,cfg02_G2_D32,0.9769684569910169,cuda
evaluation,848,495,Warm C,0.5646870136260986,0.18061764538288116,0.5308641975308642,1.0,0.3688322603702545,0.4763699471950531,,cfg02_G2_D32,0.9769684569910169,cuda
evaluation,851,497,Cold,0.5567499399185181,0.17768508195877075,0.5061728395061729,1.0,0.0,0.0,,cfg02_G2_D32,0.9769684569910169,cuda
evaluation,851,497,Warm A,0.5609576106071472,0.17584064602851868,0.5308641975308642,1.0,0.2338222712278366,0.49211636185646057,,cfg02_G2_D32,0.9769684569910169,cuda
evaluation,851,497,Warm B,0.5651493668556213,0.17672820389270782,0.5308641975308642,1.0,0.28589239716529846,0.676459789276123,,cfg02_G2_D32,0.9769684569910169,cuda
evaluation,851,497,Warm C,0.5600389838218689,0.17732951045036316,0.5061728395061729,1.0,0.21000021696090698,0.7903420329093933,,cfg02_G2_D32,0.9769684569910169,cuda
evaluation,881,504,Cold,0.5560160875320435,0.17256122827529907,0.5061728395061729,1.0,0.0,0.0,,cfg02_G2_D32,0.9769684569910169,cuda
evaluation,881,504,Warm A,0.563519299030304,0.17085786163806915,0.5061728395061729,1.0,0.22852090001106262,0.402895987033844,,cfg02_G2_D32,0.9769684569910169,cuda
evaluation,881,504,Warm B,0.5728839039802551,0.17159467935562134,0.5802469135802469,1.0,0.35838767886161804,0.19934144616127014,,cfg02_G2_D32,0.9769684569910169,cuda
evaluation,881,504,Warm C,0.5665814280509949,0.17032967507839203,0.5555555555555556,1.0,0.35067087411880493,0.29867023229599,,cfg02_G2_D32,0.9769684569910169,cuda
evaluation,886,505,Cold,0.5537462830543518,0.17638500034809113,0.5061728395061729,1.0,0.0,0.0,,cfg02_G2_D32,0.9769684569910169,cuda
evaluation,886,505,Warm A,0.5587868094444275,0.17788176238536835,0.5061728395061729,1.0,0.23032301664352417,0.5306939482688904,,cfg02_G2_D32,0.9769684569910169,cuda
evaluation,886,505,Warm B,0.5533897876739502,0.17895489931106567,0.5061728395061729,1.0,0.32966604828834534,0.5459417104721069,,cfg02_G2_D32,0.9769684569910169,cuda
evaluation,886,505,Warm C,0.5605451464653015,0.17921879887580872,0.5061728395061729,1.0,0.3287152647972107,0.44514474272727966,,cfg02_G2_D32,0.9769684569910169,cuda
evaluation,891,506,Cold,0.5556567907333374,0.17604395747184753,0.5061728395061729,1.0,0.0,0.0,,cfg02_G2_D32,0.9769684569910169,cuda
evaluation,891,506,Warm A,0.566961944103241,0.1752709448337555,0.5308641975308642,1.0,0.22352610528469086,0.3826144337654114,,cfg02_G2_D32,0.9769684569910169,cuda
evaluation,891,506,Warm B,0.5584041476249695,0.17732203006744385,0.5061728395061729,1.0,0.18776638805866241,0.6233254671096802,,cfg02_G2_D32,0.9769684569910169,cuda
evaluation,891,506,Warm C,0.5707423686981201,0.1767764836549759,0.5308641975308642,1.0,0.29657065868377686,0.2565106749534607,,cfg02_G2_D32,0.9769684569910169,cuda
evaluation,892,507,Cold,0.5544866919517517,0.1759922057390213,0.5061728395061729,1.0,0.0,0.0,,cfg02_G2_D32,0.9769684569910169,cuda
evaluation,892,507,Warm A,0.5532705187797546,0.17544005811214447,0.5308641975308642,1.0,0.2112143635749817,0.5334308743476868,,cfg02_G2_D32,0.9769684569910169,cuda
evaluation,892,507,Warm B,0.554672360420227,0.17474597692489624,0.5555555555555556,1.0,0.408989816904068,0.40977153182029724,,cfg02_G2_D32,0.9769684569910169,cuda
evaluation,892,507,Warm C,0.5626789331436157,0.17316246032714844,0.5802469135802469,1.0,0.5317001342773438,0.38573065400123596,,cfg02_G2_D32,0.9769684569910169,cuda
evaluation,893,508,Cold,0.5565921068191528,0.17487582564353943,0.5061728395061729,1.0,0.0,0.0,,cfg02_G2_D32,0.9769684569910169,cuda
evaluation,893,508,Warm A,0.5571218132972717,0.1759856939315796,0.5061728395061729,1.0,0.15397027134895325,0.6287232637405396,,cfg02_G2_D32,0.9769684569910169,cuda
evaluation,893,508,Warm B,0.5559051632881165,0.17524607479572296,0.5061728395061729,1.0,0.30052658915519714,0.580935001373291,,cfg02_G2_D32,0.9769684569910169,cuda
evaluation,893,508,Warm C,0.5521316528320312,0.17458292841911316,0.48148148148148145,1.0,0.2625105679035187,0.5356599688529968,,cfg02_G2_D32,0.9769684569910169,cuda
evaluation,897,509,Cold,0.5753195285797119,0.1809147298336029,0.5308641975308642,1.0,0.0,0.0,,cfg02_G2_D32,0.9769684569910169,cuda
evaluation,897,509,Warm A,0.5743557810783386,0.1839277148246765,0.5555555555555556,1.0,0.21998046338558197,0.5379953980445862,,cfg02_G2_D32,0.9769684569910169,cuda
evaluation,897,509,Warm B,0.5739938020706177,0.18242526054382324,0.5308641975308642,1.0,0.183492511510849,0.53851717710495,,cfg02_G2_D32,0.9769684569910169,cuda
evaluation,897,509,Warm C,0.5702196955680847,0.18066221475601196,0.5061728395061729,1.0,0.2669573128223419,0.4145444333553314,,cfg02_G2_D32,0.9769684569910169,cuda
evaluation,901,513,Cold,0.570614755153656,0.1739693135023117,0.48148148148148145,1.0,0.0,0.0,,cfg02_G2_D32,0.9769684569910169,cuda
evaluation,901,513,Warm A,0.5757191777229309,0.17439137399196625,0.5555555555555556,1.0,0.21876947581768036,0.43853649497032166,,cfg02_G2_D32,0.9769684569910169,cuda
evaluation,901,513,Warm B,0.5745349526405334,0.1718541383743286,0.5308641975308642,1.0,0.3163672983646393,0.576545238494873,,cfg02_G2_D32,0.9769684569910169,cuda
evaluation,901,513,Warm C,0.5799627304077148,0.17414864897727966,0.5555555555555556,1.0,0.4739922881126404,0.5362673401832581,,cfg02_G2_D32,0.9769684569910169,cuda
evaluation,906,518,Cold,0.5762892961502075,0.18306368589401245,0.5308641975308642,1.0,0.0,0.0,,cfg02_G2_D32,0.9769684569910169,cuda
evaluation,906,518,Warm A,0.5743178129196167,0.18182195723056793,0.5308641975308642,1.0,0.175069198012352,0.48391517996788025,,cfg02_G2_D32,0.9769684569910169,cuda
evaluation,906,518,Warm B,0.5740407109260559,0.18113578855991364,0.5061728395061729,1.0,0.2020273506641388,0.32475244998931885,,cfg02_G2_D32,0.9769684569910169,cuda
evaluation,906,518,Warm C,0.5764248967170715,0.18446409702301025,0.5308641975308642,1.0,0.24555622041225433,0.4007452130317688,,cfg02_G2_D32,0.9769684569910169,cuda
evaluation,907,519,Cold,0.5776432156562805,0.18515637516975403,0.5308641975308642,1.0,0.0,0.0,,cfg02_G2_D32,0.9769684569910169,cuda
evaluation,907,519,Warm A,0.5717806220054626,0.18413294851779938,0.5061728395061729,1.0,0.2200615406036377,0.4507347047328949,,cfg02_G2_D32,0.9769684569910169,cuda
evaluation,907,519,Warm B,0.572622537612915,0.1849314123392105,0.5308641975308642,1.0,0.2392779439687729,0.47859594225883484,,cfg02_G2_D32,0.9769684569910169,cuda
evaluation,907,519,Warm C,0.5707019567489624,0.1883988231420517,0.5308641975308642,1.0,0.4001847207546234,0.5766600966453552,,cfg02_G2_D32,0.9769684569910169,cuda
evaluation,917,529,Cold,0.5761690735816956,0.18145522475242615,0.5308641975308642,1.0,0.0,0.0,,cfg02_G2_D32,0.9769684569910169,cuda
evaluation,917,529,Warm A,0.5753380060195923,0.18439503014087677,0.5555555555555556,1.0,0.2223830670118332,0.5686323046684265,,cfg02_G2_D32,0.9769684569910169,cuda
evaluation,917,529,Warm B,0.5729793310165405,0.18457889556884766,0.5061728395061729,1.0,0.2922382354736328,0.5917760729789734,,cfg02_G2_D32,0.9769684569910169,cuda
evaluation,917,529,Warm C,0.5710191130638123,0.18434788286685944,0.4567901234567901,1.0,0.39821264147758484,0.5088197588920593,,cfg02_G2_D32,0.9769684569910169,cuda
evaluation,918,530,Cold,0.575008749961853,0.17673222720623016,0.5308641975308642,1.0,0.0,0.0,,cfg02_G2_D32,0.9769684569910169,cuda
evaluation,918,530,Warm A,0.5806795954704285,0.17567631602287292,0.5308641975308642,1.0,0.23392988741397858,0.42003947496414185,,cfg02_G2_D32,0.9769684569910169,cuda
evaluation,918,530,Warm B,0.5794649124145508,0.17453435063362122,0.5308641975308642,1.0,0.32132336497306824,0.4687020480632782,,cfg02_G2_D32,0.9769684569910169,cuda
evaluation,918,530,Warm C,0.5788460373878479,0.17399024963378906,0.5308641975308642,1.0,0.3284895122051239,0.45203596353530884,,cfg02_G2_D32,0.9769684569910169,cuda
evaluation,927,538,Cold,0.5757700800895691,0.18492013216018677,0.5308641975308642,1.0,0.0,0.0,,cfg02_G2_D32,0.9769684569910169,cuda
evaluation,927,538,Warm A,0.5768213272094727,0.18690282106399536,0.5308641975308642,1.0,0.21550939977169037,0.49429893493652344,,cfg02_G2_D32,0.9769684569910169,cuda
evaluation,927,538,Warm B,0.5749306678771973,0.18405212461948395,0.5308641975308642,1.0,0.22801761329174042,0.4938485324382782,,cfg02_G2_D32,0.9769684569910169,cuda
evaluation,927,538,Warm C,0.5717195272445679,0.1854623258113861,0.5308641975308642,1.0,0.3550789952278137,0.4236011505126953,,cfg02_G2_D32,0.9769684569910169,cuda
evaluation,929,540,Cold,0.5777283906936646,0.18505311012268066,0.5308641975308642,1.0,0.0,0.0,,cfg02_G2_D32,0.9769684569910169,cuda
evaluation,929,540,Warm A,0.5786978006362915,0.188123881816864,0.5555555555555556,1.0,0.19024647772312164,0.4829971492290497,,cfg02_G2_D32,0.9769684569910169,cuda
evaluation,929,540,Warm B,0.5766474604606628,0.18411831557750702,0.5308641975308642,1.0,0.2149127721786499,0.5131141543388367,,cfg02_G2_D32,0.9769684569910169,cuda
evaluation,929,540,Warm C,0.5774456858634949,0.1860380917787552,0.5308641975308642,1.0,0.34287580847740173,0.47784480452537537,,cfg02_G2_D32,0.9769684569910169,cuda
evaluation,932,543,Cold,0.5722141861915588,0.17508433759212494,0.5061728395061729,1.0,0.0,0.0,,cfg02_G2_D32,0.9769684569910169,cuda
evaluation,932,543,Warm A,0.5712474584579468,0.1744052916765213,0.48148148148148145,1.0,0.2328219711780548,0.42058345675468445,,cfg02_G2_D32,0.9769684569910169,cuda
evaluation,932,543,Warm B,0.5724161267280579,0.1769876480102539,0.48148148148148145,1.0,0.2238573282957077,0.48175737261772156,,cfg02_G2_D32,0.9769684569910169,cuda
evaluation,932,543,Warm C,0.5691043138504028,0.17818816006183624,0.48148148148148145,1.0,0.3146030008792877,0.6203028559684753,,cfg02_G2_D32,0.9769684569910169,cuda
evaluation,935,546,Cold,0.5714716911315918,0.17737077176570892,0.48148148148148145,1.0,0.0,0.0,,cfg02_G2_D32,0.9769684569910169,cuda
evaluation,935,546,Warm A,0.5686901807785034,0.17723388969898224,0.5555555555555556,1.0,0.22421813011169434,0.6000367403030396,,cfg02_G2_D32,0.9769684569910169,cuda
evaluation,935,546,Warm B,0.5692893862724304,0.1769920140504837,0.5555555555555556,1.0,0.3354167938232422,0.5402738451957703,,cfg02_G2_D32,0.9769684569910169,cuda
evaluation,935,546,Warm C,0.5634863376617432,0.1770944446325302,0.5061728395061729,1.0,0.3530462086200714,0.6378247141838074,,cfg02_G2_D32,0.9769684569910169,cuda
evaluation,936,547,Cold,0.5766549110412598,0.1833036094903946,0.5308641975308642,1.0,0.0,0.0,,cfg02_G2_D32,0.9769684569910169,cuda
evaluation,936,547,Warm A,0.5773226022720337,0.18318749964237213,0.5061728395061729,1.0,0.21728283166885376,0.5098094344139099,,cfg02_G2_D32,0.9769684569910169,cuda
evaluation,936,547,Warm B,0.5762163400650024,0.18115921318531036,0.5308641975308642,1.0,0.25215446949005127,0.1557764858007431,,cfg02_G2_D32,0.9769684569910169,cuda
evaluation,936,547,Warm C,0.5763967633247375,0.18289700150489807,0.5061728395061729,1.0,0.24046313762664795,0.3705873191356659,,cfg02_G2_D32,0.9769684569910169,cuda
evaluation,938,548,Cold,0.5713293552398682,0.17039650678634644,0.5061728395061729,1.0,0.0,0.0,,cfg02_G2_D32,0.9769684569910169,cuda
evaluation,938,548,Warm A,0.5721035003662109,0.16921164095401764,0.5555555555555556,1.0,0.21586047112941742,0.6464446187019348,,cfg02_G2_D32,0.9769684569910169,cuda
evaluation,938,548,Warm B,0.5773168206214905,0.17047351598739624,0.5555555555555556,1.0,0.3032389283180237,0.516342043876648,,cfg02_G2_D32,0.9769684569910169,cuda
evaluation,938,548,Warm C,0.5723477005958557,0.16905279457569122,0.5308641975308642,1.0,0.2571672201156616,0.5694479942321777,,cfg02_G2_D32,0.9769684569910169,cuda
evaluation,941,550,Cold,0.5749812126159668,0.17955853044986725,0.5308641975308642,1.0,0.0,0.0,,cfg02_G2_D32,0.9769684569910169,cuda
evaluation,941,550,Warm A,0.573715329170227,0.18114368617534637,0.5308641975308642,1.0,0.23756791651248932,0.6659594178199768,,cfg02_G2_D32,0.9769684569910169,cuda
evaluation,941,550,Warm B,0.5687757730484009,0.18056198954582214,0.5308641975308642,1.0,0.331277996301651,0.4577670097351074,,cfg02_G2_D32,0.9769684569910169,cuda
evaluation,941,550,Warm C,0.5712115168571472,0.18109431862831116,0.5555555555555556,1.0,0.35455623269081116,0.5159736275672913,,cfg02_G2_D32,0.9769684569910169,cuda
evaluation,943,552,Cold,0.5756598711013794,0.18086212873458862,0.5308641975308642,1.0,0.0,0.0,,cfg02_G2_D32,0.9769684569910169,cuda
evaluation,943,552,Warm A,0.5755467414855957,0.18616771697998047,0.5061728395061729,1.0,0.21945030987262726,0.6528420448303223,,cfg02_G2_D32,0.9769684569910169,cuda
evaluation,943,552,Warm B,0.5695357918739319,0.18504123389720917,0.4567901234567901,1.0,0.37392422556877136,0.6442267298698425,,cfg02_G2_D32,0.9769684569910169,cuda
evaluation,943,552,Warm C,0.5744901895523071,0.18348437547683716,0.5061728395061729,1.0,0.2576225697994232,0.38121530413627625,,cfg02_G2_D32,0.9769684569910169,cuda
evaluation,944,553,Cold,0.5786581635475159,0.1882980614900589,0.5308641975308642,1.0,0.0,0.0,,cfg02_G2_D32,0.9769684569910169,cuda
evaluation,944,553,Warm A,0.5811952948570251,0.18972566723823547,0.5555555555555556,1.0,0.20294404029846191,0.43933793902397156,,cfg02_G2_D32,0.9769684569910169,cuda
evaluation,944,553,Warm B,0.5809829235076904,0.1878451555967331,0.5308641975308642,1.0,0.2578299343585968,0.511197030544281,,cfg02_G2_D32,0.9769684569910169,cuda
evaluation,944,553,Warm C,0.5836189389228821,0.18578897416591644,0.5555555555555556,1.0,0.41859954595565796,0.17294690012931824,,cfg02_G2_D32,0.9769684569910169,cuda
evaluation,946,555,Cold,0.5757353901863098,0.18354113399982452,0.5308641975308642,1.0,0.0,0.0,,cfg02_G2_D32,0.9769684569910169,cuda
evaluation,946,555,Warm A,0.5813814997673035,0.18483933806419373,0.5061728395061729,1.0,0.23721620440483093,0.3365572392940521,,cfg02_G2_D32,0.9769684569910169,cuda
evaluation,946,555,Warm B,0.5838716626167297,0.187090203166008,0.5308641975308642,1.0,0.36694613099098206,0.4921107292175293,,cfg02_G2_D32,0.9769684569910169,cuda
evaluation,946,555,Warm C,0.5814654231071472,0.1858290731906891,0.5308641975308642,1.0,0.3274504542350769,0.5386876463890076,,cfg02_G2_D32,0.9769684569910169,cuda
evaluation,947,556,Cold,0.5757660269737244,0.18755148351192474,0.5308641975308642,1.0,0.0,0.0,,cfg02_G2_D32,0.9769684569910169,cuda
evaluation,947,556,Warm A,0.5784220099449158,0.18696549534797668,0.48148148148148145,1.0,0.24713093042373657,0.3187013566493988,,cfg02_G2_D32,0.9769684569910169,cuda
evaluation,947,556,Warm B,0.582345724105835,0.18552693724632263,0.5061728395061729,1.0,0.3799748122692108,0.19153188169002533,,cfg02_G2_D32,0.9769684569910169,cuda
evaluation,947,556,Warm C,0.5799604654312134,0.18781492114067078,0.5061728395061729,1.0,0.21935735642910004,0.35996273159980774,,cfg02_G2_D32,0.9769684569910169,cuda
evaluation,948,557,Cold,0.5713741183280945,0.1794806569814682,0.5061728395061729,1.0,0.0,0.0,,cfg02_G2_D32,0.9769684569910169,cuda
evaluation,948,557,Warm A,0.568075954914093,0.18252533674240112,0.4567901234567901,1.0,0.233005553483963,0.6334588527679443,,cfg02_G2_D32,0.9769684569910169,cuda
evaluation,948,557,Warm B,0.5719801783561707,0.18247884511947632,0.48148148148148145,1.0,0.23166945576667786,0.5163427591323853,,cfg02_G2_D32,0.9769684569910169,cuda
evaluation,948,557,Warm C,0.5696823000907898,0.18228407204151154,0.4567901234567901,1.0,0.24179892241954803,0.5506424307823181,,cfg02_G2_D32,0.9769684569910169,cuda
evaluation,973,569,Cold,0.5771717429161072,0.1850358098745346,0.5308641975308642,1.0,0.0,0.0,,cfg02_G2_D32,0.9769684569910169,cuda
evaluation,973,569,Warm A,0.5738524198532104,0.18818245828151703,0.5308641975308642,1.0,0.23036447167396545,0.6450751423835754,,cfg02_G2_D32,0.9769684569910169,cuda
evaluation,973,569,Warm B,0.5742757320404053,0.1871136575937271,0.5061728395061729,1.0,0.25727617740631104,0.45005035400390625,,cfg02_G2_D32,0.9769684569910169,cuda
evaluation,973,569,Warm C,0.5712304711341858,0.18963530659675598,0.5061728395061729,1.0,0.41797977685928345,0.6021398305892944,,cfg02_G2_D32,0.9769684569910169,cuda
evaluation,978,570,Cold,0.5802959203720093,0.19112923741340637,0.5308641975308642,1.0,0.0,0.0,,cfg02_G2_D32,0.9769684569910169,cuda
evaluation,978,570,Warm A,0.5817574262619019,0.19235409796237946,0.5308641975308642,1.0,0.20365610718727112,0.41923314332962036,,cfg02_G2_D32,0.9769684569910169,cuda
evaluation,978,570,Warm B,0.5761947631835938,0.19062675535678864,0.5308641975308642,1.0,0.2078775316476822,0.515762984752655,,cfg02_G2_D32,0.9769684569910169,cuda
evaluation,978,570,Warm C,0.5716745853424072,0.19039428234100342,0.5308641975308642,1.0,0.3423822224140167,0.5181159973144531,,cfg02_G2_D32,0.9769684569910169,cuda
evaluation,982,571,Cold,0.5746001601219177,0.1817602962255478,0.5061728395061729,1.0,0.0,0.0,,cfg02_G2_D32,0.9769684569910169,cuda
evaluation,982,571,Warm A,0.5782650709152222,0.18256397545337677,0.5555555555555556,1.0,0.22236531972885132,0.4364365041255951,,cfg02_G2_D32,0.9769684569910169,cuda
evaluation,982,571,Warm B,0.5818206667900085,0.18204069137573242,0.5802469135802469,1.0,0.3430100679397583,0.38125038146972656,,cfg02_G2_D32,0.9769684569910169,cuda
evaluation,982,571,Warm C,0.5863006114959717,0.18279215693473816,0.6049382716049383,1.0,0.4542037546634674,0.39974895119667053,,cfg02_G2_D32,0.9769684569910169,cuda
evaluation,988,573,Cold,0.5538804531097412,0.17699909210205078,0.5061728395061729,1.0,0.0,0.0,,cfg02_G2_D32,0.9769684569910169,cuda
evaluation,988,573,Warm A,0.5583905577659607,0.1791151762008667,0.48148148148148145,1.0,0.22740674018859863,0.6504909992218018,,cfg02_G2_D32,0.9769684569910169,cuda
evaluation,988,573,Warm B,0.5516834259033203,0.1787743866443634,0.5061728395061729,1.0,0.2666856348514557,0.6120250821113586,,cfg02_G2_D32,0.9769684569910169,cuda
evaluation,988,573,Warm C,0.5571581125259399,0.1779857575893402,0.5061728395061729,1.0,0.3178321123123169,0.5457292199134827,,cfg02_G2_D32,0.9769684569910169,cuda
evaluation,991,574,Cold,0.5567336678504944,0.17647585272789001,0.5061728395061729,1.0,0.0,0.0,,cfg02_G2_D32,0.9769684569910169,cuda
evaluation,991,574,Warm A,0.5603702664375305,0.17727534472942352,0.5061728395061729,1.0,0.1954784095287323,0.5795001983642578,,cfg02_G2_D32,0.9769684569910169,cuda
evaluation,991,574,Warm B,0.5577828884124756,0.1782054454088211,0.5061728395061729,1.0,0.23484505712985992,0.620907723903656,,cfg02_G2_D32,0.9769684569910169,cuda
evaluation,991,574,Warm C,0.5503519177436829,0.17816750705242157,0.48148148148148145,1.0,0.28714925050735474,0.5364989638328552,,cfg02_G2_D32,0.9769684569910169,cuda
evaluation,998,577,Cold,0.5522239804267883,0.17558544874191284,0.5061728395061729,1.0,0.0,0.0,,cfg02_G2_D32,0.9769684569910169,cuda
evaluation,998,577,Warm A,0.5561906695365906,0.17543110251426697,0.48148148148148145,1.0,0.21267911791801453,0.5123394131660461,,cfg02_G2_D32,0.9769684569910169,cuda
evaluation,998,577,Warm B,0.5591111779212952,0.1784324198961258,0.5061728395061729,1.0,0.3419066071510315,0.5658870935440063,,cfg02_G2_D32,0.9769684569910169,cuda
evaluation,998,577,Warm C,0.5548689961433411,0.1774900108575821,0.48148148148148145,1.0,0.2830982208251953,0.5995156168937683,,cfg02_G2_D32,0.9769684569910169,cuda
evaluation,1003,579,Cold,0.5563759803771973,0.17789798974990845,0.5061728395061729,1.0,0.0,0.0,,cfg02_G2_D32,0.9769684569910169,cuda
evaluation,1003,579,Warm A,0.5593030452728271,0.18021312355995178,0.48148148148148145,1.0,0.22132553160190582,0.6055057644844055,,cfg02_G2_D32,0.9769684569910169,cuda
evaluation,1003,579,Warm B,0.5683056116104126,0.1816786527633667,0.5061728395061729,1.0,0.30771374702453613,0.31585273146629333,,cfg02_G2_D32,0.9769684569910169,cuda
evaluation,1003,579,Warm C,0.5644185543060303,0.18109583854675293,0.5061728395061729,1.0,0.303414523601532,0.5276477932929993,,cfg02_G2_D32,0.9769684569910169,cuda
evaluation,1004,580,Cold,0.5557342767715454,0.17709706723690033,0.5061728395061729,1.0,0.0,0.0,,cfg02_G2_D32,0.9769684569910169,cuda
evaluation,1004,580,Warm A,0.5675572752952576,0.17633934319019318,0.5555555555555556,1.0,0.22987182438373566,0.310679167509079,,cfg02_G2_D32,0.9769684569910169,cuda
evaluation,1004,580,Warm B,0.5735363364219666,0.17421922087669373,0.5802469135802469,1.0,0.43101513385772705,0.34701409935951233,,cfg02_G2_D32,0.9769684569910169,cuda
evaluation,1004,580,Warm C,0.5771815776824951,0.17782315611839294,0.5555555555555556,1.0,0.3413839042186737,0.43129101395606995,,cfg02_G2_D32,0.9769684569910169,cuda
evaluation,1005,581,Cold,0.5526328682899475,0.174251988530159,0.5061728395061729,1.0,0.0,0.0,,cfg02_G2_D32,0.9769684569910169,cuda
evaluation,1005,581,Warm A,0.5658898949623108,0.17262187600135803,0.5308641975308642,1.0,0.24764038622379303,0.3118080198764801,,cfg02_G2_D32,0.9769684569910169,cuda
evaluation,1005,581,Warm B,0.5683377385139465,0.1711682230234146,0.5555555555555556,1.0,0.41382721066474915,0.43419191241264343,,cfg02_G2_D32,0.9769684569910169,cuda
evaluation,1005,581,Warm C,0.578602135181427,0.17275919020175934,0.5802469135802469,1.0,0.5306022763252258,0.10007631778717041,,cfg02_G2_D32,0.9769684569910169,cuda
evaluation,1006,582,Cold,0.5565159916877747,0.1781638115644455,0.5061728395061729,1.0,0.0,0.0,,cfg02_G2_D32,0.9769684569910169,cuda
evaluation,1006,582,Warm A,0.5622467994689941,0.17994731664657593,0.5308641975308642,1.0,0.21399743854999542,0.6161363124847412,,cfg02_G2_D32,0.9769684569910169,cuda
evaluation,1006,582,Warm B,0.5657674670219421,0.17906057834625244,0.5555555555555556,1.0,0.29953089356422424,0.5611743927001953,,cfg02_G2_D32,0.9769684569910169,cuda
evaluation,1006,582,Warm C,0.569559633731842,0.18231892585754395,0.5308641975308642,1.0,0.4181004762649536,0.5330469012260437,,cfg02_G2_D32,0.9769684569910169,cuda
evaluation,1008,584,Cold,0.5718362331390381,0.1776321977376938,0.48148148148148145,1.0,0.0,0.0,,cfg02_G2_D32,0.9769684569910169,cuda
evaluation,1008,584,Warm A,0.5697516798973083,0.1807207465171814,0.48148148148148145,1.0,0.22703911364078522,0.6951140761375427,,cfg02_G2_D32,0.9769684569910169,cuda
evaluation,1008,584,Warm B,0.5721451640129089,0.1818535178899765,0.48148148148148145,1.0,0.30085739493370056,0.5340617299079895,,cfg02_G2_D32,0.9769684569910169,cuda
evaluation,1008,584,Warm C,0.5709699988365173,0.1844930648803711,0.48148148148148145,1.0,0.4186231791973114,0.5917664170265198,,cfg02_G2_D32,0.9769684569910169,cuda
evaluation,1011,587,Cold,0.5592847466468811,0.1738075315952301,0.48148148148148145,1.0,0.0,0.0,,cfg02_G2_D32,0.9769684569910169,cuda
evaluation,1011,587,Warm A,0.5632489323616028,0.17643703520298004,0.48148148148148145,1.0,0.22778598964214325,0.6960141658782959,,cfg02_G2_D32,0.9769684569910169,cuda
evaluation,1011,587,Warm B,0.5718875527381897,0.17752131819725037,0.5308641975308642,1.0,0.29136309027671814,0.21145322918891907,,cfg02_G2_D32,0.9769684569910169,cuda
evaluation,1011,587,Warm C,0.5751290917396545,0.17565950751304626,0.5555555555555556,1.0,0.32689395546913147,0.41108036041259766,,cfg02_G2_D32,0.9769684569910169,cuda
evaluation,1014,590,Cold,0.5677847266197205,0.17664939165115356,0.5061728395061729,1.0,0.0,0.0,,cfg02_G2_D32,0.9769684569910169,cuda
evaluation,1014,590,Warm A,0.568267822265625,0.1799003779888153,0.5061728395061729,1.0,0.22002652287483215,0.6414088606834412,,cfg02_G2_D32,0.9769684569910169,cuda
evaluation,1014,590,Warm B,0.572512149810791,0.18115441501140594,0.5061728395061729,1.0,0.22499224543571472,0.493992418050766,,cfg02_G2_D32,0.9769684569910169,cuda
evaluation,1014,590,Warm C,0.5739588737487793,0.18549567461013794,0.4567901234567901,1.0,0.41707950830459595,0.5209748148918152,,cfg02_G2_D32,0.9769684569910169,cuda
evaluation,1016,592,Cold,0.5668660998344421,0.1758188158273697,0.48148148148148145,1.0,0.0,0.0,,cfg02_G2_D32,0.9769684569910169,cuda
evaluation,1016,592,Warm A,0.5733948945999146,0.17682406306266785,0.5308641975308642,1.0,0.21643561124801636,0.399765282869339,,cfg02_G2_D32,0.9769684569910169,cuda
evaluation,1016,592,Warm B,0.5795501470565796,0.17540372908115387,0.5308641975308642,1.0,0.3614156246185303,0.31316694617271423,,cfg02_G2_D32,0.9769684569910169,cuda
evaluation,1016,592,Warm C,0.5805178880691528,0.178928405046463,0.5308641975308642,1.0,0.3526224195957184,0.46002197265625,,cfg02_G2_D32,0.9769684569910169,cuda
evaluation,1018,594,Cold,0.568418025970459,0.17312397062778473,0.5308641975308642,1.0,0.0,0.0,,cfg02_G2_D32,0.9769684569910169,cuda
evaluation,1018,594,Warm A,0.5657026767730713,0.17538750171661377,0.48148148148148145,1.0,0.21186412870883942,0.6533390879631042,,cfg02_G2_D32,0.9769684569910169,cuda
evaluation,1018,594,Warm B,0.5730396509170532,0.17636121809482574,0.5308641975308642,1.0,0.20250467956066132,0.4784334599971771,,cfg02_G2_D32,0.9769684569910169,cuda
evaluation,1018,594,Warm C,0.5698089003562927,0.1775416135787964,0.5061728395061729,1.0,0.33003541827201843,0.6630096435546875,,cfg02_G2_D32,0.9769684569910169,cuda
evaluation,1024,600,Cold,0.5741809606552124,0.17727550864219666,0.5308641975308642,1.0,0.0,0.0,,cfg02_G2_D32,0.9769684569910169,cuda
evaluation,1024,600,Warm A,0.5742839574813843,0.17969223856925964,0.5555555555555556,1.0,0.21652692556381226,0.6325350999832153,,cfg02_G2_D32,0.9769684569910169,cuda
evaluation,1024,600,Warm B,0.5791050791740417,0.18180927634239197,0.5555555555555556,1.0,0.32489651441574097,0.4108646512031555,,cfg02_G2_D32,0.9769684569910169,cuda
evaluation,1024,600,Warm C,0.5776060819625854,0.18299420177936554,0.5802469135802469,1.0,0.37475672364234924,0.5678744316101074,,cfg02_G2_D32,0.9769684569910169,cuda
evaluation,1034,609,Cold,0.5527775287628174,0.17590424418449402,0.5061728395061729,1.0,0.0,0.0,,cfg02_G2_D32,0.9769684569910169,cuda
evaluation,1034,609,Warm A,0.5537286400794983,0.17736899852752686,0.48148148148148145,1.0,0.20021919906139374,0.6363443732261658,,cfg02_G2_D32,0.9769684569910169,cuda
evaluation,1034,609,Warm B,0.5473236441612244,0.178732767701149,0.48148148148148145,1.0,0.30626702308654785,0.6517227292060852,,cfg02_G2_D32,0.9769684569910169,cuda
evaluation,1034,609,Warm C,0.5458888411521912,0.17799848318099976,0.5061728395061729,1.0,0.3057725727558136,0.4962206780910492,,cfg02_G2_D32,0.9769684569910169,cuda
evaluation,1043,615,Cold,0.5571569800376892,0.17468981444835663,0.5061728395061729,1.0,0.0,0.0,,cfg02_G2_D32,0.9769684569910169,cuda
evaluation,1043,615,Warm A,0.5653806924819946,0.1769542247056961,0.5061728395061729,1.0,0.22790761291980743,0.4839356541633606,,cfg02_G2_D32,0.9769684569910169,cuda
evaluation,1043,615,Warm B,0.5572724342346191,0.17801617085933685,0.5061728395061729,1.0,0.339857816696167,0.6408904194831848,,cfg02_G2_D32,0.9769684569910169,cuda
evaluation,1043,615,Warm C,0.5559819936752319,0.18070605397224426,0.5061728395061729,1.0,0.46498990058898926,0.6128393411636353,,cfg02_G2_D32,0.9769684569910169,cuda
evaluation,1046,616,Cold,0.555777907371521,0.17306114733219147,0.5061728395061729,1.0,0.0,0.0,,cfg02_G2_D32,0.9769684569910169,cuda
evaluation,1046,616,Warm A,0.5526712536811829,0.1722760945558548,0.5555555555555556,1.0,0.2226695418357849,0.46752166748046875,,cfg02_G2_D32,0.9769684569910169,cuda
evaluation,1046,616,Warm B,0.5525534152984619,0.1728234738111496,0.5308641975308642,1.0,0.364660382270813,0.428068608045578,,cfg02_G2_D32,0.9769684569910169,cuda
evaluation,1046,616,Warm C,0.5494000315666199,0.17379219830036163,0.5308641975308642,1.0,0.3210535943508148,0.45500704646110535,,cfg02_G2_D32,0.9769684569910169,cuda
evaluation,1050,619,Cold,0.5561490654945374,0.17633725702762604,0.5061728395061729,1.0,0.0,0.0,,cfg02_G2_D32,0.9769684569910169,cuda
evaluation,1050,619,Warm A,0.5606032013893127,0.17761877179145813,0.48148148148148145,1.0,0.21704743802547455,0.567466139793396,,cfg02_G2_D32,0.9769684569910169,cuda
evaluation,1050,619,Warm B,0.5508834719657898,0.17772483825683594,0.48148148148148145,1.0,0.2357090264558792,0.6458654999732971,,cfg02_G2_D32,0.9769684569910169,cuda
evaluation,1050,619,Warm C,0.5476034283638,0.17768248915672302,0.48148148148148145,1.0,0.26475757360458374,0.5124498009681702,,cfg02_G2_D32,0.9769684569910169,cuda
evaluation,1051,620,Cold,0.5563995242118835,0.17817896604537964,0.5061728395061729,1.0,0.0,0.0,,cfg02_G2_D32,0.9769684569910169,cuda
evaluation,1051,620,Warm A,0.5612948536872864,0.17984725534915924,0.5061728395061729,1.0,0.17705976963043213,0.6204717755317688,,cfg02_G2_D32,0.9769684569910169,cuda
evaluation,1051,620,Warm B,0.5526843667030334,0.1784011870622635,0.5061728395061729,1.0,0.1873684674501419,0.5184385180473328,,cfg02_G2_D32,0.9769684569910169,cuda
evaluation,1051,620,Warm C,0.5498056411743164,0.18013553321361542,0.5061728395061729,1.0,0.28385257720947266,0.7324318289756775,,cfg02_G2_D32,0.9769684569910169,cuda
evaluation,1054,621,Cold,0.5569968223571777,0.1763678640127182,0.5061728395061729,1.0,0.0,0.0,,cfg02_G2_D32,0.9769684569910169,cuda
evaluation,1054,621,Warm A,0.560379147529602,0.1743585616350174,0.5308641975308642,1.0,0.22872976958751678,0.5702933073043823,,cfg02_G2_D32,0.9769684569910169,cuda
evaluation,1054,621,Warm B,0.5665513277053833,0.17538237571716309,0.5555555555555556,1.0,0.24192175269126892,0.4966290593147278,,cfg02_G2_D32,0.9769684569910169,cuda
evaluation,1054,621,Warm C,0.5668633580207825,0.17577657103538513,0.5802469135802469,1.0,0.3070594072341919,0.4987650513648987,,cfg02_G2_D32,0.9769684569910169,cuda
evaluation,1066,627,Cold,0.576594889163971,0.1820780634880066,0.5308641975308642,1.0,0.0,0.0,,cfg02_G2_D32,0.9769684569910169,cuda
evaluation,1066,627,Warm A,0.57695072889328,0.18133312463760376,0.5061728395061729,1.0,0.23772363364696503,0.2808796465396881,,cfg02_G2_D32,0.9769684569910169,cuda
evaluation,1066,627,Warm B,0.5766283869743347,0.182037353515625,0.5061728395061729,1.0,0.41379278898239136,0.3364337980747223,,cfg02_G2_D32,0.9769684569910169,cuda
evaluation,1066,627,Warm C,0.5785151720046997,0.18261855840682983,0.5308641975308642,1.0,0.3503170311450958,0.36400100588798523,,cfg02_G2_D32,0.9769684569910169,cuda
evaluation,1069,628,Cold,0.5761012434959412,0.18348249793052673,0.5308641975308642,1.0,0.0,0.0,,cfg02_G2_D32,0.9769684569910169,cuda
evaluation,1069,628,Warm A,0.5751135349273682,0.18592175841331482,0.5061728395061729,1.0,0.21715252101421356,0.5634039044380188,,cfg02_G2_D32,0.9769684569910169,cuda
evaluation,1069,628,Warm B,0.5757524371147156,0.18356992304325104,0.5308641975308642,1.0,0.19336314499378204,0.4365389347076416,,cfg02_G2_D32,0.9769684569910169,cuda
evaluation,1069,628,Warm C,0.5681544542312622,0.18493439257144928,0.48148148148148145,1.0,0.33534133434295654,0.6883432269096375,,cfg02_G2_D32,0.9769684569910169,cuda
evaluation,1082,635,Cold,0.5665202140808105,0.17616550624370575,0.5061728395061729,1.0,0.0,0.0,,cfg02_G2_D32,0.9769684569910169,cuda
evaluation,1082,635,Warm A,0.568112313747406,0.176890566945076,0.5061728395061729,1.0,0.218149796128273,0.5018149614334106,,cfg02_G2_D32,0.9769684569910169,cuda
evaluation,1082,635,Warm B,0.5738371014595032,0.17938567698001862,0.5061728395061729,1.0,0.4124620854854584,0.45690083503723145,,cfg02_G2_D32,0.9769684569910169,cuda
evaluation,1082,635,Warm C,0.5723156332969666,0.18204323947429657,0.48148148148148145,1.0,0.5008964538574219,0.6438319087028503,,cfg02_G2_D32,0.9769684569910169,cuda
evaluation,1083,636,Cold,0.5660885572433472,0.17394842207431793,0.5061728395061729,1.0,0.0,0.0,,cfg02_G2_D32,0.9769684569910169,cuda
evaluation,1083,636,Warm A,0.5670163035392761,0.17723782360553741,0.48148148148148145,1.0,0.21879442036151886,0.6185889840126038,,cfg02_G2_D32,0.9769684569910169,cuda
evaluation,1083,636,Warm B,0.5645153522491455,0.17485322058200836,0.48148148148148145,1.0,0.2717289924621582,0.535998523235321,,cfg02_G2_D32,0.9769684569910169,cuda
evaluation,1083,636,Warm C,0.5672880411148071,0.1759815365076065,0.48148148148148145,1.0,0.34103479981422424,0.50824373960495,,cfg02_G2_D32,0.9769684569910169,cuda
evaluation,1085,638,Cold,0.5717725157737732,0.17594845592975616,0.48148148148148145,1.0,0.0,0.0,,cfg02_G2_D32,0.9769684569910169,cuda
evaluation,1085,638,Warm A,0.5774489641189575,0.17524641752243042,0.5802469135802469,1.0,0.23565582931041718,0.446686714887619,,cfg02_G2_D32,0.9769684569910169,cuda
evaluation,1085,638,Warm B,0.5760042071342468,0.17758813500404358,0.5555555555555556,1.0,0.20491182804107666,0.6016517877578735,,cfg02_G2_D32,0.9769684569910169,cuda
evaluation,1085,638,Warm C,0.5767868161201477,0.17635884881019592,0.5061728395061729,1.0,0.2983577251434326,0.5301082730293274,,cfg02_G2_D32,0.9769684569910169,cuda
evaluation,1099,650,Cold,0.5772824883460999,0.186846062541008,0.5308641975308642,1.0,0.0,0.0,,cfg02_G2_D32,0.9769684569910169,cuda
evaluation,1099,650,Warm A,0.5753673911094666,0.18774864077568054,0.5308641975308642,1.0,0.2114688903093338,0.4027099311351776,,cfg02_G2_D32,0.9769684569910169,cuda
evaluation,1099,650,Warm B,0.5717107653617859,0.19038140773773193,0.48148148148148145,1.0,0.34614554047584534,0.7631440758705139,,cfg02_G2_D32,0.9769684569910169,cuda
evaluation,1099,650,Warm C,0.5732082724571228,0.1879267394542694,0.48148148148148145,1.0,0.32122647762298584,0.24117325246334076,,cfg02_G2_D32,0.9769684569910169,cuda
evaluation,1111,655,Cold,0.5542087554931641,0.17548894882202148,0.5061728395061729,1.0,0.0,0.0,,cfg02_G2_D32,0.9769684569910169,cuda
evaluation,1111,655,Warm A,0.5550609827041626,0.17385776340961456,0.5802469135802469,1.0,0.2341325283050537,0.455606073141098,,cfg02_G2_D32,0.9769684569910169,cuda
evaluation,1111,655,Warm B,0.5527091026306152,0.17447753250598907,0.5555555555555556,1.0,0.3948655128479004,0.23704896867275238,,cfg02_G2_D32,0.9769684569910169,cuda
evaluation,1111,655,Warm C,0.5563653707504272,0.17349398136138916,0.5802469135802469,1.0,0.27789559960365295,0.46400222182273865,,cfg02_G2_D32,0.9769684569910169,cuda
evaluation,1128,661,Cold,0.5593318939208984,0.17634649574756622,0.5061728395061729,1.0,0.0,0.0,,cfg02_G2_D32,0.9769684569910169,cuda
evaluation,1128,661,Warm A,0.5703139305114746,0.1753871887922287,0.5555555555555556,1.0,0.21935336291790009,0.40323615074157715,,cfg02_G2_D32,0.9769684569910169,cuda
evaluation,1128,661,Warm B,0.5602011680603027,0.17694641649723053,0.5061728395061729,1.0,0.14375492930412292,0.7374336123466492,,cfg02_G2_D32,0.9769684569910169,cuda
evaluation,1128,661,Warm C,0.5625548362731934,0.17892131209373474,0.5308641975308642,1.0,0.2758443355560303,0.6793345808982849,,cfg02_G2_D32,0.9769684569910169,cuda
evaluation,1150,670,Cold,0.5624080896377563,0.17738503217697144,0.5308641975308642,1.0,0.0,0.0,,cfg02_G2_D32,0.9769684569910169,cuda
evaluation,1150,670,Warm A,0.5647182464599609,0.17704619467258453,0.5555555555555556,1.0,0.2384161502122879,0.5294596552848816,,cfg02_G2_D32,0.9769684569910169,cuda
evaluation,1150,670,Warm B,0.5657872557640076,0.17558951675891876,0.5555555555555556,1.0,0.40501731634140015,0.3864642381668091,,cfg02_G2_D32,0.9769684569910169,cuda
evaluation,1150,670,Warm C,0.5656889081001282,0.1782604604959488,0.5308641975308642,1.0,0.32083362340927124,0.39119085669517517,,cfg02_G2_D32,0.9769684569910169,cuda
evaluation,1161,671,Cold,0.5639079213142395,0.17704585194587708,0.5308641975308642,1.0,0.0,0.0,,cfg02_G2_D32,0.9769684569910169,cuda
evaluation,1161,671,Warm A,0.564767599105835,0.17516930401325226,0.5308641975308642,1.0,0.24005378782749176,0.35583552718162537,,cfg02_G2_D32,0.9769684569910169,cuda
evaluation,1161,671,Warm B,0.5715100169181824,0.17553696036338806,0.5802469135802469,1.0,0.3683323562145233,0.35608962178230286,,cfg02_G2_D32,0.9769684569910169,cuda
evaluation,1161,671,Warm C,0.5674794316291809,0.17780767381191254,0.5308641975308642,1.0,0.19652749598026276,0.6821681261062622,,cfg02_G2_D32,0.9769684569910169,cuda
evaluation,1162,672,Cold,0.5601508021354675,0.1795244663953781,0.5061728395061729,1.0,0.0,0.0,,cfg02_G2_D32,0.9769684569910169,cuda
evaluation,1162,672,Warm A,0.5576865077018738,0.17967252433300018,0.48148148148148145,1.0,0.24489179253578186,0.2442605048418045,,cfg02_G2_D32,0.9769684569910169,cuda
evaluation,1162,672,Warm B,0.5599988102912903,0.17980347573757172,0.48148148148148145,1.0,0.06025960296392441,0.5531678199768066,,cfg02_G2_D32,0.9769684569910169,cuda
evaluation,1162,672,Warm C,0.5574644804000854,0.1820228397846222,0.43209876543209874,1.0,0.2346542775630951,0.6985369324684143,,cfg02_G2_D32,0.9769684569910169,cuda
evaluation,1167,673,Cold,0.551068902015686,0.1793142855167389,0.5061728395061729,1.0,0.0,0.0,,cfg02_G2_D32,0.9769684569910169,cuda
evaluation,1167,673,Warm A,0.5575878024101257,0.1811206340789795,0.5308641975308642,1.0,0.22318288683891296,0.5542587637901306,,cfg02_G2_D32,0.9769684569910169,cuda
evaluation,1167,673,Warm B,0.5666059851646423,0.18206562101840973,0.5308641975308642,1.0,0.2696720063686371,0.4593603312969208,,cfg02_G2_D32,0.9769684569910169,cuda
evaluation,1167,673,Warm C,0.5596626996994019,0.18159353733062744,0.5061728395061729,1.0,0.26654282212257385,0.54498690366745,,cfg02_G2_D32,0.9769684569910169,cuda
evaluation,1173,676,Cold,0.5604284405708313,0.1769992709159851,0.5308641975308642,1.0,0.0,0.0,,cfg02_G2_D32,0.9769684569910169,cuda
evaluation,1173,676,Warm A,0.558240532875061,0.179279625415802,0.48148148148148145,1.0,0.21961037814617157,0.6964690089225769,,cfg02_G2_D32,0.9769684569910169,cuda
evaluation,1173,676,Warm B,0.5563921332359314,0.1819845288991928,0.4567901234567901,1.0,0.4012003540992737,0.6605624556541443,,cfg02_G2_D32,0.9769684569910169,cuda
evaluation,1173,676,Warm C,0.5487993955612183,0.18041285872459412,0.43209876543209874,1.0,0.4392109513282776,0.5983598828315735,,cfg02_G2_D32,0.9769684569910169,cuda
evaluation,1176,678,Cold,0.5580232739448547,0.17550452053546906,0.5308641975308642,1.0,0.0,0.0,,cfg02_G2_D32,0.9769684569910169,cuda
evaluation,1176,678,Warm A,0.556033730506897,0.17454829812049866,0.5061728395061729,1.0,0.2401915192604065,0.26703378558158875,,cfg02_G2_D32,0.9769684569910169,cuda
evaluation,1176,678,Warm B,0.5520099401473999,0.1760580688714981,0.5061728395061729,1.0,0.2611207664012909,0.5182247161865234,,cfg02_G2_D32,0.9769684569910169,cuda
evaluation,1176,678,Warm C,0.5522364974021912,0.17563971877098083,0.4567901234567901,1.0,0.19677992165088654,0.5920717716217041,,cfg02_G2_D32,0.9769684569910169,cuda
evaluation,1177,679,Cold,0.5582747459411621,0.17808713018894196,0.5061728395061729,1.0,0.0,0.0,,cfg02_G2_D32,0.9769684569910169,cuda
evaluation,1177,679,Warm A,0.5550485253334045,0.17910103499889374,0.5061728395061729,1.0,0.1989990919828415,0.4692811965942383,,cfg02_G2_D32,0.9769684569910169,cuda
evaluation,1177,679,Warm B,0.5556424856185913,0.17929473519325256,0.5061728395061729,1.0,0.20558500289916992,0.5709744691848755,,cfg02_G2_D32,0.9769684569910169,cuda
evaluation,1177,679,Warm C,0.5533378720283508,0.17881962656974792,0.5061728395061729,1.0,0.24733898043632507,0.39624762535095215,,cfg02_G2_D32,0.9769684569910169,cuda
evaluation,1184,683,Cold,0.5540128946304321,0.17821675539016724,0.5061728395061729,1.0,0.0,0.0,,cfg02_G2_D32,0.9769684569910169,cuda
evaluation,1184,683,Warm A,0.5468913316726685,0.17978936433792114,0.5061728395061729,1.0,0.22031719982624054,0.49790239334106445,,cfg02_G2_D32,0.9769684569910169,cuda
evaluation,1184,683,Warm B,0.5493106842041016,0.17937003076076508,0.5308641975308642,1.0,0.30782827734947205,0.5091773867607117,,cfg02_G2_D32,0.9769684569910169,cuda
evaluation,1184,683,Warm C,0.5471745133399963,0.1809449940919876,0.5308641975308642,1.0,0.3103921115398407,0.6050910353660583,,cfg02_G2_D32,0.9769684569910169,cuda
evaluation,1187,686,Cold,0.5574994683265686,0.17670629918575287,0.5061728395061729,1.0,0.0,0.0,,cfg02_G2_D32,0.9769684569910169,cuda
evaluation,1187,686,Warm A,0.560468852519989,0.1781225949525833,0.48148148148148145,1.0,0.20916219055652618,0.6611708998680115,,cfg02_G2_D32,0.9769684569910169,cuda
evaluation,1187,686,Warm B,0.5567076802253723,0.17851179838180542,0.5061728395061729,1.0,0.2583558261394501,0.5959319472312927,,cfg02_G2_D32,0.9769684569910169,cuda
evaluation,1187,686,Warm C,0.556926965713501,0.1788792759180069,0.5061728395061729,1.0,0.38428595662117004,0.6327900886535645,,cfg02_G2_D32,0.9769684569910169,cuda
evaluation,1190,689,Cold,0.5595652461051941,0.17627501487731934,0.5308641975308642,1.0,0.0,0.0,,cfg02_G2_D32,0.9769684569910169,cuda
evaluation,1190,689,Warm A,0.5523305535316467,0.17739462852478027,0.4567901234567901,1.0,0.22784967720508575,0.6675339341163635,,cfg02_G2_D32,0.9769684569910169,cuda
evaluation,1190,689,Warm B,0.5523423552513123,0.17876531183719635,0.48148148148148145,1.0,0.3515581786632538,0.6355384588241577,,cfg02_G2_D32,0.9769684569910169,cuda
evaluation,1190,689,Warm C,0.5479927659034729,0.1802033931016922,0.48148148148148145,1.0,0.5221014022827148,0.6760573983192444,,cfg02_G2_D32,0.9769684569910169,cuda
evaluation,1192,691,Cold,0.5589110851287842,0.17307622730731964,0.5061728395061729,1.0,0.0,0.0,,cfg02_G2_D32,0.9769684569910169,cuda
evaluation,1192,691,Warm A,0.558182418346405,0.1718652844429016,0.5061728395061729,1.0,0.21430835127830505,0.47770586609840393,,cfg02_G2_D32,0.9769684569910169,cuda
evaluation,1192,691,Warm B,0.5650730729103088,0.16995514929294586,0.5555555555555556,1.0,0.41277241706848145,0.3936692178249359,,cfg02_G2_D32,0.9769684569910169,cuda
evaluation,1192,691,Warm C,0.5612656474113464,0.169444277882576,0.5555555555555556,1.0,0.4957757592201233,0.4176729619503021,,cfg02_G2_D32,0.9769684569910169,cuda
evaluation,1202,700,Cold,0.5541617274284363,0.17900896072387695,0.48148148148148145,1.0,0.0,0.0,,cfg02_G2_D32,0.9769684569910169,cuda
evaluation,1202,700,Warm A,0.5579469203948975,0.17797553539276123,0.5308641975308642,1.0,0.22471846640110016,0.5339661240577698,,cfg02_G2_D32,0.9769684569910169,cuda
evaluation,1202,700,Warm B,0.5511195659637451,0.1783684492111206,0.5061728395061729,1.0,0.22095650434494019,0.5804876685142517,,cfg02_G2_D32,0.9769684569910169,cuda
evaluation,1202,700,Warm C,0.5487166047096252,0.18023934960365295,0.48148148148148145,1.0,0.21782930195331573,0.7541335225105286,,cfg02_G2_D32,0.9769684569910169,cuda
evaluation,1209,707,Cold,0.5653887391090393,0.17406858503818512,0.5308641975308642,1.0,0.0,0.0,,cfg02_G2_D32,0.9769684569910169,cuda
evaluation,1209,707,Warm A,0.5658002495765686,0.17201893031597137,0.5061728395061729,1.0,0.23465746641159058,0.4415840804576874,,cfg02_G2_D32,0.9769684569910169,cuda
evaluation,1209,707,Warm B,0.5706605911254883,0.170017272233963,0.5555555555555556,1.0,0.46094027161598206,0.32771027088165283,,cfg02_G2_D32,0.9769684569910169,cuda
evaluation,1209,707,Warm C,0.5667051672935486,0.17214435338974,0.5308641975308642,1.0,0.236832395195961,0.6240311861038208,,cfg02_G2_D32,0.9769684569910169,cuda
evaluation,1216,714,Cold,0.5568301677703857,0.1719147264957428,0.5061728395061729,1.0,0.0,0.0,,cfg02_G2_D32,0.9769684569910169,cuda
evaluation,1216,714,Warm A,0.554473340511322,0.1733228713274002,0.48148148148148145,1.0,0.19313348829746246,0.6244375109672546,,cfg02_G2_D32,0.9769684569910169,cuda
evaluation,1216,714,Warm B,0.5504827499389648,0.17268869280815125,0.4567901234567901,1.0,0.2241089791059494,0.5227938294410706,,cfg02_G2_D32,0.9769684569910169,cuda
evaluation,1216,714,Warm C,0.5566204786300659,0.17200396955013275,0.48148148148148145,1.0,0.2488493174314499,0.5453683733940125,,cfg02_G2_D32,0.9769684569910169,cuda
evaluation,1236,732,Cold,0.5563266277313232,0.1774713695049286,0.5061728395061729,1.0,0.0,0.0,,cfg02_G2_D32,0.9769684569910169,cuda
evaluation,1236,732,Warm A,0.5485584139823914,0.17768749594688416,0.5061728395061729,1.0,0.23405273258686066,0.6512077450752258,,cfg02_G2_D32,0.9769684569910169,cuda
evaluation,1236,732,Warm B,0.5444812774658203,0.17913693189620972,0.5308641975308642,1.0,0.4313108026981354,0.3707798421382904,,cfg02_G2_D32,0.9769684569910169,cuda
evaluation,1236,732,Warm C,0.5481536388397217,0.17899705469608307,0.5308641975308642,1.0,0.5705890655517578,0.2400798797607422,,cfg02_G2_D32,0.9769684569910169,cuda
evaluation,1241,736,Cold,0.5534615516662598,0.17723360657691956,0.5061728395061729,1.0,0.0,0.0,,cfg02_G2_D32,0.9769684569910169,cuda
evaluation,1241,736,Warm A,0.5461487174034119,0.17720773816108704,0.5308641975308642,1.0,0.21034041047096252,0.5867339968681335,,cfg02_G2_D32,0.9769684569910169,cuda
evaluation,1241,736,Warm B,0.5508579015731812,0.1767204999923706,0.5802469135802469,1.0,0.3109729588031769,0.5422698259353638,,cfg02_G2_D32,0.9769684569910169,cuda
evaluation,1241,736,Warm C,0.5482946634292603,0.17693184316158295,0.5061728395061729,1.0,0.432826966047287,0.5498843789100647,,cfg02_G2_D32,0.9769684569910169,cuda
evaluation,1273,767,Cold,0.5579413771629333,0.17568303644657135,0.5061728395061729,1.0,0.0,0.0,,cfg02_G2_D32,0.9769684569910169,cuda
evaluation,1273,767,Warm A,0.5517518520355225,0.1751943975687027,0.5061728395061729,1.0,0.23806260526180267,0.4644467532634735,,cfg02_G2_D32,0.9769684569910169,cuda
evaluation,1273,767,Warm B,0.5486684441566467,0.1775127500295639,0.43209876543209874,1.0,0.29080426692962646,0.6437582969665527,,cfg02_G2_D32,0.9769684569910169,cuda
evaluation,1273,767,Warm C,0.5444344282150269,0.1791919618844986,0.4567901234567901,1.0,0.47065043449401855,0.6666064262390137,,cfg02_G2_D32,0.9769684569910169,cuda
evaluation,1279,773,Cold,0.557641863822937,0.17540526390075684,0.5061728395061729,1.0,0.0,0.0,,cfg02_G2_D32,0.9769684569910169,cuda
evaluation,1279,773,Warm A,0.5487841367721558,0.17602881789207458,0.48148148148148145,1.0,0.22940953075885773,0.5670768022537231,,cfg02_G2_D32,0.9769684569910169,cuda
evaluation,1279,773,Warm B,0.5419849157333374,0.17842955887317657,0.48148148148148145,1.0,0.41082140803337097,0.5800657272338867,,cfg02_G2_D32,0.9769684569910169,cuda
evaluation,1279,773,Warm C,0.5441360473632812,0.17810676991939545,0.48148148148148145,1.0,0.38096749782562256,0.6166797876358032,,cfg02_G2_D32,0.9769684569910169,cuda
evaluation,1289,783,Cold,0.5626614093780518,0.17421352863311768,0.5555555555555556,1.0,0.0,0.0,,cfg02_G2_D32,0.9769684569910169,cuda
evaluation,1289,783,Warm A,0.556891143321991,0.17517445981502533,0.48148148148148145,1.0,0.21383589506149292,0.5284475684165955,,cfg02_G2_D32,0.9769684569910169,cuda
evaluation,1289,783,Warm B,0.5539693236351013,0.17399899661540985,0.48148148148148145,1.0,0.3427187204360962,0.4385903775691986,,cfg02_G2_D32,0.9769684569910169,cuda
evaluation,1289,783,Warm C,0.550632119178772,0.17614628374576569,0.48148148148148145,1.0,0.40848594903945923,0.5237160325050354,,cfg02_G2_D32,0.9769684569910169,cuda
evaluation,1305,799,Cold,0.5637750625610352,0.1757032871246338,0.5555555555555556,1.0,0.0,0.0,,cfg02_G2_D32,0.9769684569910169,cuda
evaluation,1305,799,Warm A,0.5649140477180481,0.17443117499351501,0.5308641975308642,1.0,0.20300167798995972,0.6391817331314087,,cfg02_G2_D32,0.9769684569910169,cuda
evaluation,1305,799,Warm B,0.5584679841995239,0.17420083284378052,0.5061728395061729,1.0,0.3007892072200775,0.5468417406082153,,cfg02_G2_D32,0.9769684569910169,cuda
evaluation,1305,799,Warm C,0.5612888336181641,0.17477643489837646,0.48148148148148145,1.0,0.30044567584991455,0.5501762628555298,,cfg02_G2_D32,0.9769684569910169,cuda
evaluation,1306,800,Cold,0.5569612383842468,0.17526134848594666,0.5061728395061729,1.0,0.0,0.0,,cfg02_G2_D32,0.9769684569910169,cuda
evaluation,1306,800,Warm A,0.5566625595092773,0.17502136528491974,0.5308641975308642,1.0,0.18915456533432007,0.5942379236221313,,cfg02_G2_D32,0.9769684569910169,cuda
evaluation,1306,800,Warm B,0.5545563697814941,0.17408695816993713,0.5555555555555556,1.0,0.2693111002445221,0.5927681922912598,,cfg02_G2_D32,0.9769684569910169,cuda
evaluation,1306,800,Warm C,0.5537669658660889,0.17637939751148224,0.5308641975308642,1.0,0.2973601222038269,0.7168692946434021,,cfg02_G2_D32,0.9769684569910169,cuda
evaluation,1330,805,Cold,0.5552111268043518,0.17701371014118195,0.5061728395061729,1.0,0.0,0.0,,cfg02_G2_D32,0.9769684569910169,cuda
evaluation,1330,805,Warm A,0.5605002045631409,0.1773906946182251,0.5061728395061729,1.0,0.20917272567749023,0.5826550126075745,,cfg02_G2_D32,0.9769684569910169,cuda
evaluation,1330,805,Warm B,0.5669649839401245,0.17492085695266724,0.5308641975308642,1.0,0.2958078384399414,0.4680899679660797,,cfg02_G2_D32,0.9769684569910169,cuda
evaluation,1330,805,Warm C,0.5717853307723999,0.17426134645938873,0.5061728395061729,1.0,0.41898295283317566,0.46149858832359314,,cfg02_G2_D32,0.9769684569910169,cuda
evaluation,1332,806,Cold,0.5573764443397522,0.1770474761724472,0.5061728395061729,1.0,0.0,0.0,,cfg02_G2_D32,0.9769684569910169,cuda
evaluation,1332,806,Warm A,0.5627053380012512,0.17873211205005646,0.5308641975308642,1.0,0.2098226547241211,0.5224883556365967,,cfg02_G2_D32,0.9769684569910169,cuda
evaluation,1332,806,Warm B,0.5701571702957153,0.17925962805747986,0.5308641975308642,1.0,0.2908575236797333,0.4192265570163727,,cfg02_G2_D32,0.9769684569910169,cuda
evaluation,1332,806,Warm C,0.577160120010376,0.1799950897693634,0.5308641975308642,1.0,0.4532296359539032,0.3059319853782654,,cfg02_G2_D32,0.9769684569910169,cuda
evaluation,1337,809,Cold,0.5741916298866272,0.1799122840166092,0.5308641975308642,1.0,0.0,0.0,,cfg02_G2_D32,0.9769684569910169,cuda
evaluation,1337,809,Warm A,0.5782961249351501,0.18140508234500885,0.5308641975308642,1.0,0.17719122767448425,0.5465375781059265,,cfg02_G2_D32,0.9769684569910169,cuda
evaluation,1337,809,Warm B,0.5722571015357971,0.18154126405715942,0.5061728395061729,1.0,0.19909827411174774,0.6245338320732117,,cfg02_G2_D32,0.9769684569910169,cuda
evaluation,1337,809,Warm C,0.5721511840820312,0.18387706577777863,0.5555555555555556,1.0,0.33501559495925903,0.577844500541687,,cfg02_G2_D32,0.9769684569910169,cuda
evaluation,1346,816,Cold,0.5598102807998657,0.17268702387809753,0.5061728395061729,1.0,0.0,0.0,,cfg02_G2_D32,0.9769684569910169,cuda
evaluation,1346,816,Warm A,0.5610146522521973,0.17430758476257324,0.5061728395061729,1.0,0.20332728326320648,0.5921446681022644,,cfg02_G2_D32,0.9769684569910169,cuda
evaluation,1346,816,Warm B,0.5640915036201477,0.17240692675113678,0.5061728395061729,1.0,0.21761135756969452,0.4380195736885071,,cfg02_G2_D32,0.9769684569910169,cuda
evaluation,1346,816,Warm C,0.5737341642379761,0.17186705768108368,0.5802469135802469,1.0,0.3497574031352997,0.2723561227321625,,cfg02_G2_D32,0.9769684569910169,cuda
evaluation,1352,820,Cold,0.5545056462287903,0.17698176205158234,0.5061728395061729,1.0,0.0,0.0,,cfg02_G2_D32,0.9769684569910169,cuda
evaluation,1352,820,Warm A,0.5632926821708679,0.17843320965766907,0.5061728395061729,1.0,0.22818617522716522,0.41187071800231934,,cfg02_G2_D32,0.9769684569910169,cuda
evaluation,1352,820,Warm B,0.5650595426559448,0.17798109352588654,0.5308641975308642,1.0,0.3650977313518524,0.4653702676296234,,cfg02_G2_D32,0.9769684569910169,cuda
evaluation,1352,820,Warm C,0.5683611631393433,0.180329367518425,0.5555555555555556,1.0,0.39367377758026123,0.4155001640319824,,cfg02_G2_D32,0.9769684569910169,cuda
evaluation,1353,821,Cold,0.5528900027275085,0.17757119238376617,0.5061728395061729,1.0,0.0,0.0,,cfg02_G2_D32,0.9769684569910169,cuda
evaluation,1353,821,Warm A,0.5576614737510681,0.18000119924545288,0.5061728395061729,1.0,0.2185424566268921,0.5938927531242371,,cfg02_G2_D32,0.9769684569910169,cuda
evaluation,1353,821,Warm B,0.5590471625328064,0.17800244688987732,0.5061728395061729,1.0,0.15538290143013,0.46668529510498047,,cfg02_G2_D32,0.9769684569910169,cuda
evaluation,1353,821,Warm C,0.5644587874412537,0.17668940126895905,0.5061728395061729,1.0,0.2786197364330292,0.5275545716285706,,cfg02_G2_D32,0.9769684569910169,cuda
evaluation,1355,823,Cold,0.5546263456344604,0.17729689180850983,0.5061728395061729,1.0,0.0,0.0,,cfg02_G2_D32,0.9769684569910169,cuda
evaluation,1355,823,Warm A,0.5616358518600464,0.17652535438537598,0.5061728395061729,1.0,0.2193424105644226,0.47869154810905457,,cfg02_G2_D32,0.9769684569910169,cuda
evaluation,1355,823,Warm B,0.5521183609962463,0.1785874366760254,0.5061728395061729,1.0,0.21234525740146637,0.6570343971252441,,cfg02_G2_D32,0.9769684569910169,cuda
evaluation,1355,823,Warm C,0.5588176846504211,0.17832447588443756,0.5061728395061729,1.0,0.2796304225921631,0.5486752390861511,,cfg02_G2_D32,0.9769684569910169,cuda
evaluation,1361,828,Cold,0.5572248697280884,0.1743028163909912,0.5061728395061729,1.0,0.0,0.0,,cfg02_G2_D32,0.9769684569910169,cuda
evaluation,1361,828,Warm A,0.5498742461204529,0.17496564984321594,0.5061728395061729,1.0,0.21861977875232697,0.4990086555480957,,cfg02_G2_D32,0.9769684569910169,cuda
evaluation,1361,828,Warm B,0.5570389628410339,0.17248046398162842,0.5308641975308642,1.0,0.29132628440856934,0.298231840133667,,cfg02_G2_D32,0.9769684569910169,cuda
evaluation,1361,828,Warm C,0.5542330145835876,0.17272073030471802,0.5308641975308642,1.0,0.27300629019737244,0.42889949679374695,,cfg02_G2_D32,0.9769684569910169,cuda
evaluation,1362,829,Cold,0.5681914687156677,0.17836172878742218,0.5308641975308642,1.0,0.0,0.0,,cfg02_G2_D32,0.9769684569910169,cuda
evaluation,1362,829,Warm A,0.570044219493866,0.17606954276561737,0.5061728395061729,1.0,0.24623534083366394,0.2817654311656952,,cfg02_G2_D32,0.9769684569910169,cuda
evaluation,1362,829,Warm B,0.5709049701690674,0.17680004239082336,0.5308641975308642,1.0,0.20498673617839813,0.5078492164611816,,cfg02_G2_D32,0.9769684569910169,cuda
evaluation,1362,829,Warm C,0.576168417930603,0.17466647922992706,0.5308641975308642,1.0,0.3871707022190094,0.2789798974990845,,cfg02_G2_D32,0.9769684569910169,cuda
evaluation,1363,830,Cold,0.5579882860183716,0.1763482540845871,0.5061728395061729,1.0,0.0,0.0,,cfg02_G2_D32,0.9769684569910169,cuda
evaluation,1363,830,Warm A,0.5634505748748779,0.17767256498336792,0.5308641975308642,1.0,0.20401190221309662,0.6136026382446289,,cfg02_G2_D32,0.9769684569910169,cuda
evaluation,1363,830,Warm B,0.5582677721977234,0.17913027107715607,0.5061728395061729,1.0,0.34672093391418457,0.5963020324707031,,cfg02_G2_D32,0.9769684569910169,cuda
evaluation,1363,830,Warm C,0.5609294176101685,0.18353861570358276,0.5308641975308642,1.0,0.5477696657180786,0.6312760710716248,,cfg02_G2_D32,0.9769684569910169,cuda
evaluation,1366,831,Cold,0.5565159916877747,0.1781638115644455,0.5061728395061729,1.0,0.0,0.0,,cfg02_G2_D32,0.9769684569910169,cuda
evaluation,1366,831,Warm A,0.5542157888412476,0.1807781159877777,0.5061728395061729,1.0,0.23739838600158691,0.7270342707633972,,cfg02_G2_D32,0.9769684569910169,cuda
evaluation,1366,831,Warm B,0.5530140399932861,0.18283993005752563,0.4567901234567901,1.0,0.36833158135414124,0.642637312412262,,cfg02_G2_D32,0.9769684569910169,cuda
evaluation,1366,831,Warm C,0.5572031736373901,0.1840280294418335,0.5061728395061729,1.0,0.4355880618095398,0.5654801726341248,,cfg02_G2_D32,0.9769684569910169,cuda
evaluation,1382,845,Cold,0.5587109923362732,0.17454320192337036,0.5061728395061729,1.0,0.0,0.0,,cfg02_G2_D32,0.9769684569910169,cuda
evaluation,1382,845,Warm A,0.565332293510437,0.17609910666942596,0.5308641975308642,1.0,0.2165621668100357,0.48464736342430115,,cfg02_G2_D32,0.9769684569910169,cuda
evaluation,1382,845,Warm B,0.5717123746871948,0.17611555755138397,0.5555555555555556,1.0,0.2508466839790344,0.37997978925704956,,cfg02_G2_D32,0.9769684569910169,cuda
evaluation,1382,845,Warm C,0.5736644268035889,0.17705446481704712,0.5555555555555556,1.0,0.3256652355194092,0.45091038942337036,,cfg02_G2_D32,0.9769684569910169,cuda
evaluation,1390,850,Cold,0.5502684712409973,0.18102538585662842,0.5061728395061729,1.0,0.0,0.0,,cfg02_G2_D32,0.9769684569910169,cuda
evaluation,1390,850,Warm A,0.5598529577255249,0.18043817579746246,0.5061728395061729,1.0,0.20239530503749847,0.5046631097793579,,cfg02_G2_D32,0.9769684569910169,cuda
evaluation,1390,850,Warm B,0.5537429451942444,0.18027910590171814,0.5061728395061729,1.0,0.22744782269001007,0.5909122824668884,,cfg02_G2_D32,0.9769684569910169,cuda
evaluation,1390,850,Warm C,0.5630295872688293,0.18157486617565155,0.5308641975308642,1.0,0.30665650963783264,0.3898666799068451,,cfg02_G2_D32,0.9769684569910169,cuda
evaluation,1397,857,Cold,0.5561659932136536,0.17592254281044006,0.5061728395061729,1.0,0.0,0.0,,cfg02_G2_D32,0.9769684569910169,cuda
evaluation,1397,857,Warm A,0.5504647493362427,0.17611782252788544,0.5061728395061729,1.0,0.21787437796592712,0.5207033157348633,,cfg02_G2_D32,0.9769684569910169,cuda
evaluation,1397,857,Warm B,0.5501807332038879,0.17727859318256378,0.5061728395061729,1.0,0.2478509098291397,0.6835954785346985,,cfg02_G2_D32,0.9769684569910169,cuda
evaluation,1397,857,Warm C,0.5451083779335022,0.17809240520000458,0.4567901234567901,1.0,0.4072343707084656,0.6268185973167419,,cfg02_G2_D32,0.9769684569910169,cuda
evaluation,1398,858,Cold,0.5553192496299744,0.17286255955696106,0.5061728395061729,1.0,0.0,0.0,,cfg02_G2_D32,0.9769684569910169,cuda
evaluation,1398,858,Warm A,0.5593011975288391,0.1746312975883484,0.48148148148148145,1.0,0.2149723321199417,0.6597121953964233,,cfg02_G2_D32,0.9769684569910169,cuda
evaluation,1398,858,Warm B,0.5587825179100037,0.17434130609035492,0.48148148148148145,1.0,0.24578218162059784,0.5110325217247009,,cfg02_G2_D32,0.9769684569910169,cuda
evaluation,1398,858,Warm C,0.5673214793205261,0.17666153609752655,0.5308641975308642,1.0,0.3668923079967499,0.4388499855995178,,cfg02_G2_D32,0.9769684569910169,cuda
evaluation,1399,859,Cold,0.5568445324897766,0.17574776709079742,0.5061728395061729,1.0,0.0,0.0,,cfg02_G2_D32,0.9769684569910169,cuda
evaluation,1399,859,Warm A,0.5652574896812439,0.17737361788749695,0.5308641975308642,1.0,0.22179445624351501,0.5034884810447693,,cfg02_G2_D32,0.9769684569910169,cuda
evaluation,1399,859,Warm B,0.5676637291908264,0.18034400045871735,0.5061728395061729,1.0,0.28719058632850647,0.4915507435798645,,cfg02_G2_D32,0.9769684569910169,cuda
evaluation,1399,859,Warm C,0.5656229257583618,0.18406178057193756,0.5061728395061729,1.0,0.33717450499534607,0.8985421061515808,,cfg02_G2_D32,0.9769684569910169,cuda
evaluation,1401,860,Cold,0.5565201640129089,0.17684374749660492,0.5061728395061729,1.0,0.0,0.0,,cfg02_G2_D32,0.9769684569910169,cuda
evaluation,1401,860,Warm A,0.5572066307067871,0.179144486784935,0.5061728395061729,1.0,0.21241295337677002,0.6729880571365356,,cfg02_G2_D32,0.9769684569910169,cuda
evaluation,1401,860,Warm B,0.5573285222053528,0.17732945084571838,0.5061728395061729,1.0,0.2282780110836029,0.5916582942008972,,cfg02_G2_D32,0.9769684569910169,cuda
evaluation,1401,860,Warm C,0.5606185793876648,0.17821013927459717,0.5308641975308642,1.0,0.2881297767162323,0.6958100199699402,,cfg02_G2_D32,0.9769684569910169,cuda
evaluation,1404,861,Cold,0.5549196600914001,0.1742343008518219,0.5061728395061729,1.0,0.0,0.0,,cfg02_G2_D32,0.9769684569910169,cuda
evaluation,1404,861,Warm A,0.5658900141716003,0.1744774878025055,0.5308641975308642,1.0,0.2281457930803299,0.48097726702690125,,cfg02_G2_D32,0.9769684569910169,cuda
evaluation,1404,861,Warm B,0.5576877593994141,0.17412538826465607,0.5308641975308642,1.0,0.15777648985385895,0.5786232352256775,,cfg02_G2_D32,0.9769684569910169,cuda
evaluation,1404,861,Warm C,0.5670605897903442,0.17497719824314117,0.5555555555555556,1.0,0.2811068892478943,0.5299585461616516,,cfg02_G2_D32,0.9769684569910169,cuda
evaluation,1410,866,Cold,0.5521920323371887,0.179795041680336,0.5061728395061729,1.0,0.0,0.0,,cfg02_G2_D32,0.9769684569910169,cuda
evaluation,1410,866,Warm A,0.5571238398551941,0.18144875764846802,0.48148148148148145,1.0,0.21772421896457672,0.6591739058494568,,cfg02_G2_D32,0.9769684569910169,cuda
evaluation,1410,866,Warm B,0.5634225010871887,0.18330340087413788,0.5061728395061729,1.0,0.3817952275276184,0.5124456286430359,,cfg02_G2_D32,0.9769684569910169,cuda
evaluation,1410,866,Warm C,0.5674073100090027,0.1882384717464447,0.5061728395061729,1.0,0.5679352879524231,0.4624797999858856,,cfg02_G2_D32,0.9769684569910169,cuda
evaluation,1414,868,Cold,0.5504531860351562,0.17806290090084076,0.5061728395061729,1.0,0.0,0.0,,cfg02_G2_D32,0.9769684569910169,cuda
evaluation,1414,868,Warm A,0.5565430521965027,0.1769992709159851,0.48148148148148145,1.0,0.20637749135494232,0.5479840040206909,,cfg02_G2_D32,0.9769684569910169,cuda
evaluation,1414,868,Warm B,0.5543990135192871,0.17501741647720337,0.5308641975308642,1.0,0.38545769453048706,0.5113815665245056,,cfg02_G2_D32,0.9769684569910169,cuda
evaluation,1414,868,Warm C,0.5536627173423767,0.17606623470783234,0.5061728395061729,1.0,0.3099367916584015,0.5979887247085571,,cfg02_G2_D32,0.9769684569910169,cuda
evaluation,1419,870,Cold,0.5671523809432983,0.17727217078208923,0.5308641975308642,1.0,0.0,0.0,,cfg02_G2_D32,0.9769684569910169,cuda
evaluation,1419,870,Warm A,0.564932107925415,0.17788419127464294,0.5061728395061729,1.0,0.2278444766998291,0.5091938376426697,,cfg02_G2_D32,0.9769684569910169,cuda
evaluation,1419,870,Warm B,0.5709142088890076,0.17928189039230347,0.5308641975308642,1.0,0.20892085134983063,0.4254937171936035,,cfg02_G2_D32,0.9769684569910169,cuda
evaluation,1419,870,Warm C,0.5730355381965637,0.18039646744728088,0.5308641975308642,1.0,0.33400654792785645,0.4568603038787842,,cfg02_G2_D32,0.9769684569910169,cuda
evaluation,1425,872,Cold,0.5495938658714294,0.18001975119113922,0.5061728395061729,1.0,0.0,0.0,,cfg02_G2_D32,0.9769684569910169,cuda
evaluation,1425,872,Warm A,0.5505062937736511,0.17972728610038757,0.5308641975308642,1.0,0.2155986726284027,0.635793149471283,,cfg02_G2_D32,0.9769684569910169,cuda
evaluation,1425,872,Warm B,0.5559998750686646,0.18221737444400787,0.5061728395061729,1.0,0.27127981185913086,0.5752076506614685,,cfg02_G2_D32,0.9769684569910169,cuda
evaluation,1425,872,Warm C,0.5482342839241028,0.18176765739917755,0.5061728395061729,1.0,0.22862544655799866,0.6179910898208618,,cfg02_G2_D32,0.9769684569910169,cuda
evaluation,1432,875,Cold,0.5531784296035767,0.17688238620758057,0.5061728395061729,1.0,0.0,0.0,,cfg02_G2_D32,0.9769684569910169,cuda
evaluation,1432,875,Warm A,0.5604666471481323,0.1767204999923706,0.5555555555555556,1.0,0.19670341908931732,0.40923091769218445,,cfg02_G2_D32,0.9769684569910169,cuda
evaluation,1432,875,Warm B,0.5682803392410278,0.17771875858306885,0.5802469135802469,1.0,0.32126760482788086,0.3056156635284424,,cfg02_G2_D32,0.9769684569910169,cuda
evaluation,1432,875,Warm C,0.5591447353363037,0.17613112926483154,0.5555555555555556,1.0,0.2504936158657074,0.5464417338371277,,cfg02_G2_D32,0.9769684569910169,cuda
evaluation,1440,877,Cold,0.5514469146728516,0.18071295320987701,0.5061728395061729,1.0,0.0,0.0,,cfg02_G2_D32,0.9769684569910169,cuda
evaluation,1440,877,Warm A,0.5555546879768372,0.18321546912193298,0.48148148148148145,1.0,0.20886991918087006,0.5348078012466431,,cfg02_G2_D32,0.9769684569910169,cuda
evaluation,1440,877,Warm B,0.5600936412811279,0.18338122963905334,0.5061728395061729,1.0,0.31408458948135376,0.5211468935012817,,cfg02_G2_D32,0.9769684569910169,cuda
evaluation,1440,877,Warm C,0.5703157186508179,0.18210746347904205,0.5308641975308642,1.0,0.3551103174686432,0.3211594223976135,,cfg02_G2_D32,0.9769684569910169,cuda
evaluation,1442,879,Cold,0.5559729337692261,0.17808568477630615,0.5061728395061729,1.0,0.0,0.0,,cfg02_G2_D32,0.9769684569910169,cuda
evaluation,1442,879,Warm A,0.5595081448554993,0.18106892704963684,0.5061728395061729,1.0,0.2162548154592514,0.5768974423408508,,cfg02_G2_D32,0.9769684569910169,cuda
evaluation,1442,879,Warm B,0.5503634214401245,0.18109163641929626,0.48148148148148145,1.0,0.3577888011932373,0.6406211256980896,,cfg02_G2_D32,0.9769684569910169,cuda
evaluation,1442,879,Warm C,0.5561305284500122,0.18107664585113525,0.48148148148148145,1.0,0.28988662362098694,0.4982452988624573,,cfg02_G2_D32,0.9769684569910169,cuda
evaluation,1445,880,Cold,0.5522871613502502,0.17808401584625244,0.5061728395061729,1.0,0.0,0.0,,cfg02_G2_D32,0.9769684569910169,cuda
evaluation,1445,880,Warm A,0.5606195330619812,0.1788715273141861,0.5061728395061729,1.0,0.22650396823883057,0.4822709262371063,,cfg02_G2_D32,0.9769684569910169,cuda
evaluation,1445,880,Warm B,0.5710971355438232,0.17973025143146515,0.5555555555555556,1.0,0.3542519509792328,0.29631587862968445,,cfg02_G2_D32,0.9769684569910169,cuda
evaluation,1445,880,Warm C,0.5793110132217407,0.1798831969499588,0.6296296296296297,1.0,0.5119787454605103,0.25896868109703064,,cfg02_G2_D32,0.9769684569910169,cuda
evaluation,1446,881,Cold,0.5509853363037109,0.1804644912481308,0.5061728395061729,1.0,0.0,0.0,,cfg02_G2_D32,0.9769684569910169,cuda
evaluation,1446,881,Warm A,0.542261004447937,0.18126849830150604,0.4567901234567901,1.0,0.2330596148967743,0.579766035079956,,cfg02_G2_D32,0.9769684569910169,cuda
evaluation,1446,881,Warm B,0.5460683703422546,0.1801694929599762,0.5061728395061729,1.0,0.2613244652748108,0.4411848187446594,,cfg02_G2_D32,0.9769684569910169,cuda
evaluation,1446,881,Warm C,0.5460847616195679,0.1801871806383133,0.5061728395061729,1.0,0.31082919239997864,0.41949811577796936,,cfg02_G2_D32,0.9769684569910169,cuda
evaluation,1453,883,Cold,0.5522352457046509,0.17700274288654327,0.5061728395061729,1.0,0.0,0.0,,cfg02_G2_D32,0.9769684569910169,cuda
evaluation,1453,883,Warm A,0.5576298236846924,0.1791854202747345,0.5061728395061729,1.0,0.22493694722652435,0.6045867204666138,,cfg02_G2_D32,0.9769684569910169,cuda
evaluation,1453,883,Warm B,0.5634528994560242,0.180670365691185,0.5061728395061729,1.0,0.370153546333313,0.40801796317100525,,cfg02_G2_D32,0.9769684569910169,cuda
evaluation,1453,883,Warm C,0.5654759407043457,0.1783396452665329,0.5061728395061729,1.0,0.32319360971450806,0.31636887788772583,,cfg02_G2_D32,0.9769684569910169,cuda
evaluation,1454,884,Cold,0.5504717826843262,0.1810169667005539,0.5061728395061729,1.0,0.0,0.0,,cfg02_G2_D32,0.9769684569910169,cuda
evaluation,1454,884,Warm A,0.5589935779571533,0.1796359270811081,0.5308641975308642,1.0,0.22840672731399536,0.48019930720329285,,cfg02_G2_D32,0.9769684569910169,cuda
evaluation,1454,884,Warm B,0.5670264363288879,0.17957209050655365,0.5308641975308642,1.0,0.37612858414649963,0.4740147292613983,,cfg02_G2_D32,0.9769684569910169,cuda
evaluation,1454,884,Warm C,0.5537251830101013,0.18052728474140167,0.48148148148148145,1.0,0.23704755306243896,0.7264695167541504,,cfg02_G2_D32,0.9769684569910169,cuda
evaluation,1456,885,Cold,0.5503419041633606,0.1813955157995224,0.5061728395061729,1.0,0.0,0.0,,cfg02_G2_D32,0.9769684569910169,cuda
evaluation,1456,885,Warm A,0.5535879135131836,0.1840524524450302,0.48148148148148145,1.0,0.22520245611667633,0.6561011672019958,,cfg02_G2_D32,0.9769684569910169,cuda
evaluation,1456,885,Warm B,0.5568909645080566,0.18672943115234375,0.5061728395061729,1.0,0.4144497513771057,0.6112009882926941,,cfg02_G2_D32,0.9769684569910169,cuda
evaluation,1456,885,Warm C,0.5657999515533447,0.18741393089294434,0.5308641975308642,1.0,0.48815351724624634,0.31078141927719116,,cfg02_G2_D32,0.9769684569910169,cuda
evaluation,1460,888,Cold,0.5543820261955261,0.17378847301006317,0.5061728395061729,1.0,0.0,0.0,,cfg02_G2_D32,0.9769684569910169,cuda
evaluation,1460,888,Warm A,0.5580205321311951,0.17476454377174377,0.5061728395061729,1.0,0.2160414606332779,0.5655851364135742,,cfg02_G2_D32,0.9769684569910169,cuda
evaluation,1460,888,Warm B,0.5656813979148865,0.17585043609142303,0.5308641975308642,1.0,0.32594406604766846,0.5317865610122681,,cfg02_G2_D32,0.9769684569910169,cuda
evaluation,1460,888,Warm C,0.5720551013946533,0.17693422734737396,0.5555555555555556,1.0,0.387167364358902,0.3895384967327118,,cfg02_G2_D32,0.9769684569910169,cuda
evaluation,1464,890,Cold,0.5547405481338501,0.1759895533323288,0.5061728395061729,1.0,0.0,0.0,,cfg02_G2_D32,0.9769684569910169,cuda
evaluation,1464,890,Warm A,0.5474841594696045,0.176384836435318,0.5061728395061729,1.0,0.23368880152702332,0.6623684763908386,,cfg02_G2_D32,0.9769684569910169,cuda
evaluation,1464,890,Warm B,0.5475717186927795,0.1783386468887329,0.5061728395061729,1.0,0.3322639763355255,0.6725889444351196,,cfg02_G2_D32,0.9769684569910169,cuda
evaluation,1464,890,Warm C,0.545706570148468,0.17919884622097015,0.4567901234567901,1.0,0.44611650705337524,0.646405041217804,,cfg02_G2_D32,0.9769684569910169,cuda
evaluation,1465,891,Cold,0.5559729337692261,0.17808569967746735,0.5061728395061729,1.0,0.0,0.0,,cfg02_G2_D32,0.9769684569910169,cuda
evaluation,1465,891,Warm A,0.5561888813972473,0.17889174818992615,0.5061728395061729,1.0,0.19717706739902496,0.6077117323875427,,cfg02_G2_D32,0.9769684569910169,cuda
evaluation,1465,891,Warm B,0.5659019947052002,0.17814034223556519,0.5061728395061729,1.0,0.3370784521102905,0.3735613226890564,,cfg02_G2_D32,0.9769684569910169,cuda
evaluation,1465,891,Warm C,0.5740258693695068,0.17881333827972412,0.5308641975308642,1.0,0.46092626452445984,0.44415196776390076,,cfg02_G2_D32,0.9769684569910169,cuda
evaluation,1468,893,Cold,0.5516975522041321,0.17673394083976746,0.5061728395061729,1.0,0.0,0.0,,cfg02_G2_D32,0.9769684569910169,cuda
evaluation,1468,893,Warm A,0.5549952387809753,0.17851416766643524,0.48148148148148145,1.0,0.23119257390499115,0.658092200756073,,cfg02_G2_D32,0.9769684569910169,cuda
evaluation,1468,893,Warm B,0.5534317493438721,0.18095189332962036,0.48148148148148145,1.0,0.4309978783130646,0.5759297013282776,,cfg02_G2_D32,0.9769684569910169,cuda
evaluation,1468,893,Warm C,0.5559394955635071,0.1797412484884262,0.48148148148148145,1.0,0.34870776534080505,0.4945831298828125,,cfg02_G2_D32,0.9769684569910169,cuda
evaluation,1474,894,Cold,0.5514766573905945,0.17430391907691956,0.5061728395061729,1.0,0.0,0.0,,cfg02_G2_D32,0.9769684569910169,cuda
evaluation,1474,894,Warm A,0.561438262462616,0.17398932576179504,0.5061728395061729,1.0,0.22917833924293518,0.3658734858036041,,cfg02_G2_D32,0.9769684569910169,cuda
evaluation,1474,894,Warm B,0.5623533725738525,0.17540132999420166,0.5308641975308642,1.0,0.3189396560192108,0.4190884530544281,,cfg02_G2_D32,0.9769684569910169,cuda
evaluation,1474,894,Warm C,0.5745564103126526,0.17467404901981354,0.5308641975308642,1.0,0.4145445227622986,0.1324569284915924,,cfg02_G2_D32,0.9769684569910169,cuda
evaluation,1475,895,Cold,0.5548134446144104,0.17304809391498566,0.5061728395061729,1.0,0.0,0.0,,cfg02_G2_D32,0.9769684569910169,cuda
evaluation,1475,895,Warm A,0.5578333735466003,0.17495097219944,0.5061728395061729,1.0,0.22623950242996216,0.6810696721076965,,cfg02_G2_D32,0.9769684569910169,cuda
evaluation,1475,895,Warm B,0.5571391582489014,0.17327001690864563,0.5061728395061729,1.0,0.15933139622211456,0.4233095347881317,,cfg02_G2_D32,0.9769684569910169,cuda
evaluation,1475,895,Warm C,0.5546383857727051,0.17406904697418213,0.5061728395061729,1.0,0.2815592586994171,0.6002897620201111,,cfg02_G2_D32,0.9769684569910169,cuda
evaluation,1482,899,Cold,0.5533643364906311,0.1794990450143814,0.5061728395061729,1.0,0.0,0.0,,cfg02_G2_D32,0.9769684569910169,cuda
evaluation,1482,899,Warm A,0.5596985220909119,0.1799154430627823,0.5061728395061729,1.0,0.1974281370639801,0.4982350468635559,,cfg02_G2_D32,0.9769684569910169,cuda
evaluation,1482,899,Warm B,0.5614628791809082,0.17836163938045502,0.5061728395061729,1.0,0.30247700214385986,0.5215588212013245,,cfg02_G2_D32,0.9769684569910169,cuda
evaluation,1482,899,Warm C,0.5664640069007874,0.17832353711128235,0.5308641975308642,1.0,0.48570749163627625,0.4202370345592499,,cfg02_G2_D32,0.9769684569910169,cuda
evaluation,1483,900,Cold,0.5567200779914856,0.17739857733249664,0.5061728395061729,1.0,0.0,0.0,,cfg02_G2_D32,0.9769684569910169,cuda
evaluation,1483,900,Warm A,0.5617432594299316,0.17901240289211273,0.5061728395061729,1.0,0.212945818901062,0.5554355978965759,,cfg02_G2_D32,0.9769684569910169,cuda
evaluation,1483,900,Warm B,0.5658698678016663,0.18002645671367645,0.5061728395061729,1.0,0.35620251297950745,0.4658362567424774,,cfg02_G2_D32,0.9769684569910169,cuda
evaluation,1483,900,Warm C,0.5663096308708191,0.17882855236530304,0.5061728395061729,1.0,0.3085208833217621,0.519909679889679,,cfg02_G2_D32,0.9769684569910169,cuda
evaluation,1484,901,Cold,0.5558728575706482,0.1756841242313385,0.5061728395061729,1.0,0.0,0.0,,cfg02_G2_D32,0.9769684569910169,cuda
evaluation,1484,901,Warm A,0.554935872554779,0.17395445704460144,0.5308641975308642,1.0,0.20941968262195587,0.47622987627983093,,cfg02_G2_D32,0.9769684569910169,cuda
evaluation,1484,901,Warm B,0.5623478889465332,0.17166830599308014,0.5555555555555556,1.0,0.40531712770462036,0.520187258720398,,cfg02_G2_D32,0.9769684569910169,cuda
evaluation,1484,901,Warm C,0.5629857182502747,0.17341303825378418,0.5061728395061729,1.0,0.24620264768600464,0.6345041990280151,,cfg02_G2_D32,0.9769684569910169,cuda
evaluation,1487,903,Cold,0.5551478862762451,0.17422369122505188,0.5061728395061729,1.0,0.0,0.0,,cfg02_G2_D32,0.9769684569910169,cuda
evaluation,1487,903,Warm A,0.5583809614181519,0.1762084662914276,0.5061728395061729,1.0,0.19016575813293457,0.6220947504043579,,cfg02_G2_D32,0.9769684569910169,cuda
evaluation,1487,903,Warm B,0.5567216277122498,0.17443454265594482,0.5061728395061729,1.0,0.17933501303195953,0.5219421982765198,,cfg02_G2_D32,0.9769684569910169,cuda
evaluation,1487,903,Warm C,0.5664322376251221,0.1738320142030716,0.5555555555555556,1.0,0.31010931730270386,0.46443843841552734,,cfg02_G2_D32,0.9769684569910169,cuda
evaluation,1498,905,Cold,0.5552777647972107,0.17662909626960754,0.5061728395061729,1.0,0.0,0.0,,cfg02_G2_D32,0.9769684569910169,cuda
evaluation,1498,905,Warm A,0.5638970136642456,0.17761196196079254,0.5308641975308642,1.0,0.2055792659521103,0.5129896998405457,,cfg02_G2_D32,0.9769684569910169,cuda
evaluation,1498,905,Warm B,0.5638490319252014,0.1758064180612564,0.5061728395061729,1.0,0.2943045496940613,0.49870213866233826,,cfg02_G2_D32,0.9769684569910169,cuda
evaluation,1498,905,Warm C,0.5693599581718445,0.1779089719057083,0.5308641975308642,1.0,0.2901950478553772,0.46250948309898376,,cfg02_G2_D32,0.9769684569910169,cuda
evaluation,1503,908,Cold,0.5496647953987122,0.18093346059322357,0.5061728395061729,1.0,0.0,0.0,,cfg02_G2_D32,0.9769684569910169,cuda
evaluation,1503,908,Warm A,0.5547078251838684,0.18306979537010193,0.5061728395061729,1.0,0.23075591027736664,0.5259606838226318,,cfg02_G2_D32,0.9769684569910169,cuda
evaluation,1503,908,Warm B,0.5607395172119141,0.1857655644416809,0.5061728395061729,1.0,0.42130064964294434,0.3586115539073944,,cfg02_G2_D32,0.9769684569910169,cuda
evaluation,1503,908,Warm C,0.5611138343811035,0.18436482548713684,0.5061728395061729,1.0,0.34443801641464233,0.40484005212783813,,cfg02_G2_D32,0.9769684569910169,cuda
evaluation,1515,910,Cold,0.5560240745544434,0.17782850563526154,0.5061728395061729,1.0,0.0,0.0,,cfg02_G2_D32,0.9769684569910169,cuda
evaluation,1515,910,Warm A,0.5585764646530151,0.18069010972976685,0.48148148148148145,1.0,0.21919402480125427,0.6215094923973083,,cfg02_G2_D32,0.9769684569910169,cuda
evaluation,1515,910,Warm B,0.5684027671813965,0.18154343962669373,0.5061728395061729,1.0,0.2632356286048889,0.25066062808036804,,cfg02_G2_D32,0.9769684569910169,cuda
evaluation,1515,910,Warm C,0.5702022314071655,0.17856717109680176,0.5555555555555556,1.0,0.24394629895687103,0.2575986385345459,,cfg02_G2_D32,0.9769684569910169,cuda
evaluation,1526,913,Cold,0.549552857875824,0.18105049431324005,0.5061728395061729,1.0,0.0,0.0,,cfg02_G2_D32,0.9769684569910169,cuda
evaluation,1526,913,Warm A,0.5571830868721008,0.1822429597377777,0.48148148148148145,1.0,0.22381247580051422,0.49014267325401306,,cfg02_G2_D32,0.9769684569910169,cuda
evaluation,1526,913,Warm B,0.5660695433616638,0.18245944380760193,0.5308641975308642,1.0,0.3563329577445984,0.46274471282958984,,cfg02_G2_D32,0.9769684569910169,cuda
evaluation,1526,913,Warm C,0.5694323182106018,0.1852458417415619,0.5555555555555556,1.0,0.4610291123390198,0.33088254928588867,,cfg02_G2_D32,0.9769684569910169,cuda
evaluation,1535,915,Cold,0.5549647808074951,0.17573873698711395,0.5061728395061729,1.0,0.0,0.0,,cfg02_G2_D32,0.9769684569910169,cuda
evaluation,1535,915,Warm A,0.555510938167572,0.17594778537750244,0.5308641975308642,1.0,0.20476670563220978,0.579596221446991,,cfg02_G2_D32,0.9769684569910169,cuda
evaluation,1535,915,Warm B,0.5491385459899902,0.1761605441570282,0.5061728395061729,1.0,0.18834277987480164,0.6431331038475037,,cfg02_G2_D32,0.9769684569910169,cuda
evaluation,1535,915,Warm C,0.5518286228179932,0.17559421062469482,0.5061728395061729,1.0,0.31117451190948486,0.5744980573654175,,cfg02_G2_D32,0.9769684569910169,cuda
evaluation,1545,920,Cold,0.5567499399185181,0.17768509685993195,0.5061728395061729,1.0,0.0,0.0,,cfg02_G2_D32,0.9769684569910169,cuda
evaluation,1545,920,Warm A,0.5526363253593445,0.1764812022447586,0.5308641975308642,1.0,0.21067799627780914,0.5148717164993286,,cfg02_G2_D32,0.9769684569910169,cuda
evaluation,1545,920,Warm B,0.5571673512458801,0.1753523200750351,0.5308641975308642,1.0,0.37276265025138855,0.3944181501865387,,cfg02_G2_D32,0.9769684569910169,cuda
evaluation,1545,920,Warm C,0.5513964891433716,0.17748002707958221,0.4567901234567901,1.0,0.2831176221370697,0.6018741726875305,,cfg02_G2_D32,0.9769684569910169,cuda
evaluation,1550,921,Cold,0.5524910092353821,0.17734718322753906,0.5061728395061729,1.0,0.0,0.0,,cfg02_G2_D32,0.9769684569910169,cuda
evaluation,1550,921,Warm A,0.5567008852958679,0.17989543080329895,0.5061728395061729,1.0,0.2294364720582962,0.5541849732398987,,cfg02_G2_D32,0.9769684569910169,cuda
evaluation,1550,921,Warm B,0.5592650771141052,0.18011268973350525,0.5061728395061729,1.0,0.31489837169647217,0.4410395324230194,,cfg02_G2_D32,0.9769684569910169,cuda
evaluation,1550,921,Warm C,0.5679460763931274,0.1806143969297409,0.5308641975308642,1.0,0.3794363737106323,0.3133312463760376,,cfg02_G2_D32,0.9769684569910169,cuda
evaluation,1554,923,Cold,0.5577051043510437,0.1742447018623352,0.5061728395061729,1.0,0.0,0.0,,cfg02_G2_D32,0.9769684569910169,cuda
evaluation,1554,923,Warm A,0.5545876026153564,0.17503613233566284,0.5308641975308642,1.0,0.18670301139354706,0.5948304533958435,,cfg02_G2_D32,0.9769684569910169,cuda
evaluation,1554,923,Warm B,0.5607172250747681,0.17383123934268951,0.5308641975308642,1.0,0.30771374702453613,0.5013340711593628,,cfg02_G2_D32,0.9769684569910169,cuda
evaluation,1554,923,Warm C,0.5648520588874817,0.1715420037508011,0.5802469135802469,1.0,0.5151417255401611,0.4431515634059906,,cfg02_G2_D32,0.9769684569910169,cuda
evaluation,1592,937,Cold,0.5524211525917053,0.17556872963905334,0.5061728395061729,1.0,0.0,0.0,,cfg02_G2_D32,0.9769684569910169,cuda
evaluation,1592,937,Warm A,0.555344820022583,0.17786024510860443,0.5061728395061729,1.0,0.21913716197013855,0.5572780966758728,,cfg02_G2_D32,0.9769684569910169,cuda
evaluation,1592,937,Warm B,0.5630534887313843,0.17935100197792053,0.5061728395061729,1.0,0.4032311737537384,0.3135976195335388,,cfg02_G2_D32,0.9769684569910169,cuda
evaluation,1592,937,Warm C,0.5623409152030945,0.1807093769311905,0.5061728395061729,1.0,0.49292850494384766,0.40990138053894043,,cfg02_G2_D32,0.9769684569910169,cuda
evaluation,1593,938,Cold,0.5554060935974121,0.17348942160606384,0.5061728395061729,1.0,0.0,0.0,,cfg02_G2_D32,0.9769684569910169,cuda
evaluation,1593,938,Warm A,0.5665034651756287,0.1733544021844864,0.5802469135802469,1.0,0.21578389406204224,0.46642324328422546,,cfg02_G2_D32,0.9769684569910169,cuda
evaluation,1593,938,Warm B,0.5665075778961182,0.17495594918727875,0.5555555555555556,1.0,0.32900455594062805,0.504443347454071,,cfg02_G2_D32,0.9769684569910169,cuda
evaluation,1593,938,Warm C,0.5676935315132141,0.17770040035247803,0.5555555555555556,1.0,0.4011194705963135,0.4496411979198456,,cfg02_G2_D32,0.9769684569910169,cuda
evaluation,1595,940,Cold,0.556134819984436,0.1725769340991974,0.5061728395061729,1.0,0.0,0.0,,cfg02_G2_D32,0.9769684569910169,cuda
evaluation,1595,940,Warm A,0.5664647221565247,0.17270998656749725,0.5802469135802469,1.0,0.22938907146453857,0.3082570731639862,,cfg02_G2_D32,0.9769684569910169,cuda
evaluation,1595,940,Warm B,0.5744341015815735,0.17487171292304993,0.5802469135802469,1.0,0.41920045018196106,0.15593872964382172,,cfg02_G2_D32,0.9769684569910169,cuda
evaluation,1595,940,Warm C,0.5776489973068237,0.1790953129529953,0.6049382716049383,1.0,0.56687331199646,0.19312350451946259,,cfg02_G2_D32,0.9769684569910169,cuda
evaluation,1598,942,Cold,0.5545544624328613,0.17714226245880127,0.5061728395061729,1.0,0.0,0.0,,cfg02_G2_D32,0.9769684569910169,cuda
evaluation,1598,942,Warm A,0.5586240887641907,0.1799072027206421,0.48148148148148145,1.0,0.22250641882419586,0.58381587266922,,cfg02_G2_D32,0.9769684569910169,cuda
evaluation,1598,942,Warm B,0.5661346912384033,0.18234695494174957,0.5061728395061729,1.0,0.3722988963127136,0.29828691482543945,,cfg02_G2_D32,0.9769684569910169,cuda
evaluation,1598,942,Warm C,0.5741105079650879,0.18048344552516937,0.6049382716049383,1.0,0.38130801916122437,0.3197037875652313,,cfg02_G2_D32,0.9769684569910169,cuda
evaluation,1599,943,Cold,0.5559774041175842,0.17406365275382996,0.5061728395061729,1.0,0.0,0.0,,cfg02_G2_D32,0.9769684569910169,cuda
evaluation,1599,943,Warm A,0.5653774738311768,0.17391520738601685,0.5555555555555556,1.0,0.22467027604579926,0.22707973420619965,,cfg02_G2_D32,0.9769684569910169,cuda
evaluation,1599,943,Warm B,0.572497546672821,0.17587542533874512,0.5802469135802469,1.0,0.4246763288974762,0.25323647260665894,,cfg02_G2_D32,0.9769684569910169,cuda
evaluation,1599,943,Warm C,0.5699951648712158,0.17500247061252594,0.6049382716049383,1.0,0.3178422749042511,0.2192447930574417,,cfg02_G2_D32,0.9769684569910169,cuda
evaluation,1600,944,Cold,0.5577117800712585,0.17363359034061432,0.5061728395061729,1.0,0.0,0.0,,cfg02_G2_D32,0.9769684569910169,cuda
evaluation,1600,944,Warm A,0.5628676414489746,0.17350123822689056,0.5308641975308642,1.0,0.2122984379529953,0.6116799116134644,,cfg02_G2_D32,0.9769684569910169,cuda
evaluation,1600,944,Warm B,0.5538482666015625,0.17435549199581146,0.48148148148148145,1.0,0.37324100732803345,0.6884341239929199,,cfg02_G2_D32,0.9769684569910169,cuda
evaluation,1600,944,Warm C,0.5523126721382141,0.1756247580051422,0.48148148148148145,1.0,0.32825586199760437,0.5431171655654907,,cfg02_G2_D32,0.9769684569910169,cuda
evaluation,1601,945,Cold,0.554314911365509,0.17720845341682434,0.5061728395061729,1.0,0.0,0.0,,cfg02_G2_D32,0.9769684569910169,cuda
evaluation,1601,945,Warm A,0.5615164637565613,0.17875975370407104,0.48148148148148145,1.0,0.2146736979484558,0.4958704113960266,,cfg02_G2_D32,0.9769684569910169,cuda
evaluation,1601,945,Warm B,0.5685602426528931,0.1820346862077713,0.5061728395061729,1.0,0.39500105381011963,0.40805330872535706,,cfg02_G2_D32,0.9769684569910169,cuda
evaluation,1601,945,Warm C,0.5676605105400085,0.18475602567195892,0.5061728395061729,1.0,0.451174795627594,0.322842538356781,,cfg02_G2_D32,0.9769684569910169,cuda
evaluation,1604,947,Cold,0.5533551573753357,0.1772637963294983,0.5061728395061729,1.0,0.0,0.0,,cfg02_G2_D32,0.9769684569910169,cuda
evaluation,1604,947,Warm A,0.5639933943748474,0.1749785989522934,0.5308641975308642,1.0,0.24250583350658417,0.2590859830379486,,cfg02_G2_D32,0.9769684569910169,cuda
evaluation,1604,947,Warm B,0.5681666731834412,0.17277106642723083,0.5555555555555556,1.0,0.46126413345336914,0.3473764955997467,,cfg02_G2_D32,0.9769684569910169,cuda
evaluation,1604,947,Warm C,0.5805001854896545,0.17211613059043884,0.6049382716049383,1.0,0.6506838798522949,0.19516420364379883,,cfg02_G2_D32,0.9769684569910169,cuda
evaluation,1605,948,Cold,0.5537161827087402,0.17458193004131317,0.5061728395061729,1.0,0.0,0.0,,cfg02_G2_D32,0.9769684569910169,cuda
evaluation,1605,948,Warm A,0.5605786442756653,0.17511625587940216,0.5061728395061729,1.0,0.22469447553157806,0.5462848544120789,,cfg02_G2_D32,0.9769684569910169,cuda
evaluation,1605,948,Warm B,0.5712451934814453,0.1752818375825882,0.5308641975308642,1.0,0.3251793384552002,0.3361186683177948,,cfg02_G2_D32,0.9769684569910169,cuda
evaluation,1605,948,Warm C,0.5596737265586853,0.17635464668273926,0.5061728395061729,1.0,0.33783766627311707,0.6558915376663208,,cfg02_G2_D32,0.9769684569910169,cuda
evaluation,1606,949,Cold,0.5524967908859253,0.17608146369457245,0.5061728395061729,1.0,0.0,0.0,,cfg02_G2_D32,0.9769684569910169,cuda
evaluation,1606,949,Warm A,0.560853898525238,0.17741887271404266,0.5061728395061729,1.0,0.22927944362163544,0.28677135705947876,,cfg02_G2_D32,0.9769684569910169,cuda
evaluation,1606,949,Warm B,0.5598161220550537,0.17913764715194702,0.5061728395061729,1.0,0.3286425471305847,0.3874532878398895,,cfg02_G2_D32,0.9769684569910169,cuda
evaluation,1606,949,Warm C,0.5667467713356018,0.1810225248336792,0.5308641975308642,1.0,0.46640780568122864,0.4131075441837311,,cfg02_G2_D32,0.9769684569910169,cuda
evaluation,1621,959,Cold,0.555737316608429,0.1784752607345581,0.5061728395061729,1.0,0.0,0.0,,cfg02_G2_D32,0.9769684569910169,cuda
evaluation,1621,959,Warm A,0.5582032203674316,0.17629355192184448,0.5555555555555556,1.0,0.23935353755950928,0.4605746269226074,,cfg02_G2_D32,0.9769684569910169,cuda
evaluation,1621,959,Warm B,0.5618615746498108,0.17835521697998047,0.5061728395061729,1.0,0.14095473289489746,0.8088893890380859,,cfg02_G2_D32,0.9769684569910169,cuda
evaluation,1621,959,Warm C,0.5633217096328735,0.17704573273658752,0.5308641975308642,1.0,0.2441256195306778,0.5324588418006897,,cfg02_G2_D32,0.9769684569910169,cuda
evaluation,1623,960,Cold,0.5529854893684387,0.1770748496055603,0.5061728395061729,1.0,0.0,0.0,,cfg02_G2_D32,0.9769684569910169,cuda
evaluation,1623,960,Warm A,0.5621769428253174,0.17666904628276825,0.5061728395061729,1.0,0.22587217390537262,0.4204421043395996,,cfg02_G2_D32,0.9769684569910169,cuda
evaluation,1623,960,Warm B,0.5705865025520325,0.17791502177715302,0.5308641975308642,1.0,0.4062163233757019,0.22901979088783264,,cfg02_G2_D32,0.9769684569910169,cuda
evaluation,1623,960,Warm C,0.5712133049964905,0.17697373032569885,0.5555555555555556,1.0,0.500807523727417,0.2584337890148163,,cfg02_G2_D32,0.9769684569910169,cuda
evaluation,1626,962,Cold,0.5559839606285095,0.17594468593597412,0.5061728395061729,1.0,0.0,0.0,,cfg02_G2_D32,0.9769684569910169,cuda
evaluation,1626,962,Warm A,0.5602896809577942,0.17856204509735107,0.5308641975308642,1.0,0.21469487249851227,0.5594223737716675,,cfg02_G2_D32,0.9769684569910169,cuda
evaluation,1626,962,Warm B,0.56990647315979,0.1781708002090454,0.5802469135802469,1.0,0.2113949954509735,0.29492518305778503,,cfg02_G2_D32,0.9769684569910169,cuda
evaluation,1626,962,Warm C,0.5780269503593445,0.17724297940731049,0.5802469135802469,1.0,0.36391207575798035,0.23546631634235382,,cfg02_G2_D32,0.9769684569910169,cuda
evaluation,1629,964,Cold,0.5527158975601196,0.1778952032327652,0.5061728395061729,1.0,0.0,0.0,,cfg02_G2_D32,0.9769684569910169,cuda
evaluation,1629,964,Warm A,0.5587502121925354,0.17952530086040497,0.5061728395061729,1.0,0.20733937621116638,0.5660521984100342,,cfg02_G2_D32,0.9769684569910169,cuda
evaluation,1629,964,Warm B,0.5613230466842651,0.18033143877983093,0.5061728395061729,1.0,0.3004213869571686,0.5102043151855469,,cfg02_G2_D32,0.9769684569910169,cuda
evaluation,1629,964,Warm C,0.567215085029602,0.17905980348587036,0.5061728395061729,1.0,0.3526824116706848,0.35066473484039307,,cfg02_G2_D32,0.9769684569910169,cuda
evaluation,1640,968,Cold,0.5489291548728943,0.1796274483203888,0.5061728395061729,1.0,0.0,0.0,,cfg02_G2_D32,0.9769684569910169,cuda
evaluation,1640,968,Warm A,0.5537230372428894,0.1818363070487976,0.5061728395061729,1.0,0.2177983671426773,0.5533608794212341,,cfg02_G2_D32,0.9769684569910169,cuda
evaluation,1640,968,Warm B,0.5611698627471924,0.18443644046783447,0.5061728395061729,1.0,0.4071823060512543,0.2748720049858093,,cfg02_G2_D32,0.9769684569910169,cuda
evaluation,1640,968,Warm C,0.5604680180549622,0.18426842987537384,0.5061728395061729,1.0,0.40042024850845337,0.40766191482543945,,cfg02_G2_D32,0.9769684569910169,cuda
evaluation,1642,970,Cold,0.5529870390892029,0.17736653983592987,0.5061728395061729,1.0,0.0,0.0,,cfg02_G2_D32,0.9769684569910169,cuda
evaluation,1642,970,Warm A,0.557974100112915,0.17963875830173492,0.48148148148148145,1.0,0.21276915073394775,0.5723109245300293,,cfg02_G2_D32,0.9769684569910169,cuda
evaluation,1642,970,Warm B,0.5666560530662537,0.1783619225025177,0.5061728395061729,1.0,0.23695653676986694,0.351770281791687,,cfg02_G2_D32,0.9769684569910169,cuda
evaluation,1642,970,Warm C,0.5727813243865967,0.17937374114990234,0.5061728395061729,1.0,0.3892933428287506,0.35493385791778564,,cfg02_G2_D32,0.9769684569910169,cuda
evaluation,1646,974,Cold,0.5497666597366333,0.1806325614452362,0.5061728395061729,1.0,0.0,0.0,,cfg02_G2_D32,0.9769684569910169,cuda
evaluation,1646,974,Warm A,0.5579635500907898,0.18113458156585693,0.5061728395061729,1.0,0.21719567477703094,0.5019153356552124,,cfg02_G2_D32,0.9769684569910169,cuda
evaluation,1646,974,Warm B,0.5616961717605591,0.18205994367599487,0.5061728395061729,1.0,0.3240804970264435,0.5311610102653503,,cfg02_G2_D32,0.9769684569910169,cuda
evaluation,1646,974,Warm C,0.5543742179870605,0.1827586144208908,0.5061728395061729,1.0,0.38776928186416626,0.5934845209121704,,cfg02_G2_D32,0.9769684569910169,cuda
evaluation,1647,975,Cold,0.5544091463088989,0.17573988437652588,0.5061728395061729,1.0,0.0,0.0,,cfg02_G2_D32,0.9769684569910169,cuda
evaluation,1647,975,Warm A,0.5644600987434387,0.17646752297878265,0.5061728395061729,1.0,0.2253113090991974,0.38485026359558105,,cfg02_G2_D32,0.9769684569910169,cuda
evaluation,1647,975,Warm B,0.5693748593330383,0.17382390797138214,0.5308641975308642,1.0,0.3553369343280792,0.3714071214199066,,cfg02_G2_D32,0.9769684569910169,cuda
evaluation,1647,975,Warm C,0.5753678679466248,0.17774945497512817,0.5555555555555556,1.0,0.4009303152561188,0.28708845376968384,,cfg02_G2_D32,0.9769684569910169,cuda
evaluation,1648,976,Cold,0.553534746170044,0.17812316119670868,0.5061728395061729,1.0,0.0,0.0,,cfg02_G2_D32,0.9769684569910169,cuda
evaluation,1648,976,Warm A,0.561678946018219,0.1791946440935135,0.5061728395061729,1.0,0.2188323736190796,0.55035400390625,,cfg02_G2_D32,0.9769684569910169,cuda
evaluation,1648,976,Warm B,0.5540242791175842,0.1778889298439026,0.5061728395061729,1.0,0.16591598093509674,0.575302004814148,,cfg02_G2_D32,0.9769684569910169,cuda
evaluation,1648,976,Warm C,0.5502317547798157,0.17759829759597778,0.5555555555555556,1.0,0.23463374376296997,0.5642648339271545,,cfg02_G2_D32,0.9769684569910169,cuda
evaluation,1649,977,Cold,0.5562677383422852,0.17284110188484192,0.5061728395061729,1.0,0.0,0.0,,cfg02_G2_D32,0.9769684569910169,cuda
evaluation,1649,977,Warm A,0.5618991255760193,0.17173993587493896,0.5555555555555556,1.0,0.2098115086555481,0.5320119261741638,,cfg02_G2_D32,0.9769684569910169,cuda
evaluation,1649,977,Warm B,0.556519091129303,0.1717369109392166,0.5555555555555556,1.0,0.3421892523765564,0.34403643012046814,,cfg02_G2_D32,0.9769684569910169,cuda
evaluation,1649,977,Warm C,0.5525005459785461,0.1737688183784485,0.5061728395061729,1.0,0.22334927320480347,0.67186039686203,,cfg02_G2_D32,0.9769684569910169,cuda
evaluation,1654,979,Cold,0.5515992045402527,0.17410200834274292,0.5061728395061729,1.0,0.0,0.0,,cfg02_G2_D32,0.9769684569910169,cuda
evaluation,1654,979,Warm A,0.5617750883102417,0.1720760613679886,0.5061728395061729,1.0,0.22977513074874878,0.42488956451416016,,cfg02_G2_D32,0.9769684569910169,cuda
evaluation,1654,979,Warm B,0.5519130229949951,0.17359286546707153,0.5061728395061729,1.0,0.19257116317749023,0.6434382796287537,,cfg02_G2_D32,0.9769684569910169,cuda
evaluation,1654,979,Warm C,0.5568268299102783,0.17488139867782593,0.5061728395061729,1.0,0.22293975949287415,0.5920432806015015,,cfg02_G2_D32,0.9769684569910169,cuda
evaluation,1655,980,Cold,0.5533820986747742,0.17622466385364532,0.5061728395061729,1.0,0.0,0.0,,cfg02_G2_D32,0.9769684569910169,cuda
evaluation,1655,980,Warm A,0.5560897588729858,0.17700964212417603,0.5308641975308642,1.0,0.20327629148960114,0.49635443091392517,,cfg02_G2_D32,0.9769684569910169,cuda
evaluation,1655,980,Warm B,0.565218985080719,0.17513374984264374,0.5308641975308642,1.0,0.3045504093170166,0.4080604016780853,,cfg02_G2_D32,0.9769684569910169,cuda
evaluation,1655,980,Warm C,0.5676330924034119,0.1730949729681015,0.5555555555555556,1.0,0.45453470945358276,0.29823610186576843,,cfg02_G2_D32,0.9769684569910169,cuda
evaluation,1658,981,Cold,0.5536248683929443,0.17541486024856567,0.5061728395061729,1.0,0.0,0.0,,cfg02_G2_D32,0.9769684569910169,cuda
evaluation,1658,981,Warm A,0.5557240843772888,0.1737878918647766,0.5555555555555556,1.0,0.22644418478012085,0.5521818399429321,,cfg02_G2_D32,0.9769684569910169,cuda
evaluation,1658,981,Warm B,0.5569239258766174,0.1757097989320755,0.5308641975308642,1.0,0.15608282387256622,0.7273551821708679,,cfg02_G2_D32,0.9769684569910169,cuda
evaluation,1658,981,Warm C,0.559317409992218,0.17497147619724274,0.5308641975308642,1.0,0.25278976559638977,0.5164363384246826,,cfg02_G2_D32,0.9769684569910169,cuda
evaluation,1660,982,Cold,0.5554562211036682,0.17677505314350128,0.5061728395061729,1.0,0.0,0.0,,cfg02_G2_D32,0.9769684569910169,cuda
evaluation,1660,982,Warm A,0.5513104200363159,0.17784836888313293,0.5061728395061729,1.0,0.19428661465644836,0.6014914512634277,,cfg02_G2_D32,0.9769684569910169,cuda
evaluation,1660,982,Warm B,0.5514052510261536,0.18075257539749146,0.48148148148148145,1.0,0.3743288218975067,0.6921576857566833,,cfg02_G2_D32,0.9769684569910169,cuda
evaluation,1660,982,Warm C,0.5493673086166382,0.17944706976413727,0.48148148148148145,1.0,0.3881497085094452,0.5927404761314392,,cfg02_G2_D32,0.9769684569910169,cuda
evaluation,1661,983,Cold,0.5563696026802063,0.1776316612958908,0.5061728395061729,1.0,0.0,0.0,,cfg02_G2_D32,0.9769684569910169,cuda
evaluation,1661,983,Warm A,0.5628790855407715,0.17987461388111115,0.5308641975308642,1.0,0.19266901910305023,0.5060532689094543,,cfg02_G2_D32,0.9769684569910169,cuda
evaluation,1661,983,Warm B,0.5665993690490723,0.18123827874660492,0.5555555555555556,1.0,0.2656818926334381,0.42443427443504333,,cfg02_G2_D32,0.9769684569910169,cuda
evaluation,1661,983,Warm C,0.5694227814674377,0.18024171888828278,0.5555555555555556,1.0,0.2736497223377228,0.5160925984382629,,cfg02_G2_D32,0.9769684569910169,cuda
evaluation,1667,985,Cold,0.5534229278564453,0.1742645800113678,0.5061728395061729,1.0,0.0,0.0,,cfg02_G2_D32,0.9769684569910169,cuda
evaluation,1667,985,Warm A,0.5566807389259338,0.17583003640174866,0.48148148148148145,1.0,0.19764867424964905,0.6356204152107239,,cfg02_G2_D32,0.9769684569910169,cuda
evaluation,1667,985,Warm B,0.5629763007164001,0.17807099223136902,0.5061728395061729,1.0,0.3620304465293884,0.3544206917285919,,cfg02_G2_D32,0.9769684569910169,cuda
evaluation,1667,985,Warm C,0.5542778968811035,0.17939043045043945,0.48148148148148145,1.0,0.49512648582458496,0.650807797908783,,cfg02_G2_D32,0.9769684569910169,cuda
evaluation,1670,986,Cold,0.555005669593811,0.17575789988040924,0.5061728395061729,1.0,0.0,0.0,,cfg02_G2_D32,0.9769684569910169,cuda
evaluation,1670,986,Warm A,0.5524082183837891,0.17576344311237335,0.5555555555555556,1.0,0.20935207605361938,0.561790943145752,,cfg02_G2_D32,0.9769684569910169,cuda
evaluation,1670,986,Warm B,0.5526289939880371,0.17725014686584473,0.5061728395061729,1.0,0.25380414724349976,0.6837918758392334,,cfg02_G2_D32,0.9769684569910169,cuda
evaluation,1670,986,Warm C,0.5535961985588074,0.17589449882507324,0.5061728395061729,1.0,0.2907389998435974,0.5402194857597351,,cfg02_G2_D32,0.9769684569910169,cuda
evaluation,1681,993,Cold,0.5538793206214905,0.17411218583583832,0.5061728395061729,1.0,0.0,0.0,,cfg02_G2_D32,0.9769684569910169,cuda
evaluation,1681,993,Warm A,0.5607403516769409,0.17459508776664734,0.5555555555555556,1.0,0.22783741354942322,0.4479743540287018,,cfg02_G2_D32,0.9769684569910169,cuda
evaluation,1681,993,Warm B,0.5724121928215027,0.1734439581632614,0.5802469135802469,1.0,0.35136091709136963,0.15888594090938568,,cfg02_G2_D32,0.9769684569910169,cuda
evaluation,1681,993,Warm C,0.5729392170906067,0.17533861100673676,0.6049382716049383,1.0,0.4704941511154175,0.3028129041194916,,cfg02_G2_D32,0.9769684569910169,cuda
evaluation,1686,996,Cold,0.553756833076477,0.1740991324186325,0.5061728395061729,1.0,0.0,0.0,,cfg02_G2_D32,0.9769684569910169,cuda
evaluation,1686,996,Warm A,0.5592588186264038,0.17633433640003204,0.48148148148148145,1.0,0.2259330451488495,0.5959395170211792,,cfg02_G2_D32,0.9769684569910169,cuda
evaluation,1686,996,Warm B,0.5682055354118347,0.17755815386772156,0.5308641975308642,1.0,0.3118327260017395,0.38893571496009827,,cfg02_G2_D32,0.9769684569910169,cuda
evaluation,1686,996,Warm C,0.560338020324707,0.17585040628910065,0.5061728395061729,1.0,0.2629557251930237,0.6510517597198486,,cfg02_G2_D32,0.9769684569910169,cuda
evaluation,1699,1003,Cold,0.5555356740951538,0.17706750333309174,0.5061728395061729,1.0,0.0,0.0,,cfg02_G2_D32,0.9769684569910169,cuda
evaluation,1699,1003,Warm A,0.5528476238250732,0.17782652378082275,0.5061728395061729,1.0,0.2045290619134903,0.6139817237854004,,cfg02_G2_D32,0.9769684569910169,cuda
evaluation,1699,1003,Warm B,0.5451468825340271,0.178651824593544,0.48148148148148145,1.0,0.3801236152648926,0.6828746199607849,,cfg02_G2_D32,0.9769684569910169,cuda
evaluation,1699,1003,Warm C,0.5491135120391846,0.17867673933506012,0.48148148148148145,1.0,0.32305043935775757,0.5717926025390625,,cfg02_G2_D32,0.9769684569910169,cuda
evaluation,1703,1006,Cold,0.5502271056175232,0.18021084368228912,0.5061728395061729,1.0,0.0,0.0,,cfg02_G2_D32,0.9769684569910169,cuda
evaluation,1703,1006,Warm A,0.5610547661781311,0.18032291531562805,0.5061728395061729,1.0,0.2131137102842331,0.46209201216697693,,cfg02_G2_D32,0.9769684569910169,cuda
evaluation,1703,1006,Warm B,0.5671120882034302,0.1786925047636032,0.5308641975308642,1.0,0.3793657720088959,0.493192195892334,,cfg02_G2_D32,0.9769684569910169,cuda
evaluation,1703,1006,Warm C,0.5753530859947205,0.17682895064353943,0.5802469135802469,1.0,0.5691355466842651,0.3357750475406647,,cfg02_G2_D32,0.9769684569910169,cuda
evaluation,1707,1008,Cold,0.5545725226402283,0.17335426807403564,0.5061728395061729,1.0,0.0,0.0,,cfg02_G2_D32,0.9769684569910169,cuda
evaluation,1707,1008,Warm A,0.5662723779678345,0.17266234755516052,0.5802469135802469,1.0,0.22260534763336182,0.2672702372074127,,cfg02_G2_D32,0.9769684569910169,cuda
evaluation,1707,1008,Warm B,0.5685609579086304,0.17302751541137695,0.5802469135802469,1.0,0.320965439081192,0.4926729202270508,,cfg02_G2_D32,0.9769684569910169,cuda
evaluation,1707,1008,Warm C,0.5765523314476013,0.1753586381673813,0.6049382716049383,1.0,0.5195022225379944,0.11366096884012222,,cfg02_G2_D32,0.9769684569910169,cuda
evaluation,1726,1015,Cold,0.5556064248085022,0.17757003009319305,0.5061728395061729,1.0,0.0,0.0,,cfg02_G2_D32,0.9769684569910169,cuda
evaluation,1726,1015,Warm A,0.5623500943183899,0.17894653975963593,0.5308641975308642,1.0,0.22427338361740112,0.6282870173454285,,cfg02_G2_D32,0.9769684569910169,cuda
evaluation,1726,1015,Warm B,0.5656627416610718,0.18078157305717468,0.5308641975308642,1.0,0.3198532462120056,0.5448083281517029,,cfg02_G2_D32,0.9769684569910169,cuda
evaluation,1726,1015,Warm C,0.5667958855628967,0.18009422719478607,0.5061728395061729,1.0,0.36987990140914917,0.512823224067688,,cfg02_G2_D32,0.9769684569910169,cuda
evaluation,1730,1018,Cold,0.5559729337692261,0.17808568477630615,0.5061728395061729,1.0,0.0,0.0,,cfg02_G2_D32,0.9769684569910169,cuda
evaluation,1730,1018,Warm A,0.5550500154495239,0.17654049396514893,0.5308641975308642,1.0,0.2061525136232376,0.4981682002544403,,cfg02_G2_D32,0.9769684569910169,cuda
evaluation,1730,1018,Warm B,0.5595541000366211,0.17638662457466125,0.5308641975308642,1.0,0.3183988928794861,0.43741169571876526,,cfg02_G2_D32,0.9769684569910169,cuda
evaluation,1730,1018,Warm C,0.5548717975616455,0.17764000594615936,0.5308641975308642,1.0,0.2560798227787018,0.6167755126953125,,cfg02_G2_D32,0.9769684569910169,cuda
evaluation,1731,1019,Cold,0.5513477325439453,0.18006832897663116,0.5061728395061729,1.0,0.0,0.0,,cfg02_G2_D32,0.9769684569910169,cuda
evaluation,1731,1019,Warm A,0.5587877035140991,0.18099045753479004,0.5061728395061729,1.0,0.21523824334144592,0.43157193064689636,,cfg02_G2_D32,0.9769684569910169,cuda
evaluation,1731,1019,Warm B,0.5647900700569153,0.18449541926383972,0.5061728395061729,1.0,0.38417133688926697,0.354523628950119,,cfg02_G2_D32,0.9769684569910169,cuda
evaluation,1731,1019,Warm C,0.5655794739723206,0.185958132147789,0.5308641975308642,1.0,0.4146970510482788,0.37498682737350464,,cfg02_G2_D32,0.9769684569910169,cuda
evaluation,1733,1021,Cold,0.5555724501609802,0.1760588139295578,0.5061728395061729,1.0,0.0,0.0,,cfg02_G2_D32,0.9769684569910169,cuda
evaluation,1733,1021,Warm A,0.5607408285140991,0.17838557064533234,0.5061728395061729,1.0,0.2189263105392456,0.6282572150230408,,cfg02_G2_D32,0.9769684569910169,cuda
evaluation,1733,1021,Warm B,0.5623379945755005,0.18099772930145264,0.5308641975308642,1.0,0.3836408257484436,0.49089154601097107,,cfg02_G2_D32,0.9769684569910169,cuda
evaluation,1733,1021,Warm C,0.5606892704963684,0.17984478175640106,0.5061728395061729,1.0,0.40988612174987793,0.44141361117362976,,cfg02_G2_D32,0.9769684569910169,cuda
evaluation,1744,1024,Cold,0.5544044971466064,0.17533347010612488,0.5061728395061729,1.0,0.0,0.0,,cfg02_G2_D32,0.9769684569910169,cuda
evaluation,1744,1024,Warm A,0.5684792399406433,0.17385746538639069,0.5802469135802469,1.0,0.24369260668754578,0.2898487448692322,,cfg02_G2_D32,0.9769684569910169,cuda
evaluation,1744,1024,Warm B,0.5725594758987427,0.17289534211158752,0.5802469135802469,1.0,0.4697569012641907,0.308013379573822,,cfg02_G2_D32,0.9769684569910169,cuda
evaluation,1744,1024,Warm C,0.5826922059059143,0.1712060272693634,0.6049382716049383,1.0,0.7090639472007751,0.1786470264196396,,cfg02_G2_D32,0.9769684569910169,cuda
evaluation,1750,1027,Cold,0.5539417266845703,0.17224162817001343,0.5061728395061729,1.0,0.0,0.0,,cfg02_G2_D32,0.9769684569910169,cuda
evaluation,1750,1027,Warm A,0.562031090259552,0.1731225699186325,0.5555555555555556,1.0,0.20769232511520386,0.5399959683418274,,cfg02_G2_D32,0.9769684569910169,cuda
evaluation,1750,1027,Warm B,0.5703438520431519,0.17406806349754333,0.5802469135802469,1.0,0.3869740664958954,0.2512226402759552,,cfg02_G2_D32,0.9769684569910169,cuda
evaluation,1750,1027,Warm C,0.5724373459815979,0.1724398136138916,0.6049382716049383,1.0,0.4047089219093323,0.19443278014659882,,cfg02_G2_D32,0.9769684569910169,cuda
evaluation,1753,1029,Cold,0.5503864288330078,0.18086256086826324,0.5061728395061729,1.0,0.0,0.0,,cfg02_G2_D32,0.9769684569910169,cuda
evaluation,1753,1029,Warm A,0.5577837228775024,0.17903035879135132,0.5308641975308642,1.0,0.23559415340423584,0.4666305482387543,,cfg02_G2_D32,0.9769684569910169,cuda
evaluation,1753,1029,Warm B,0.5523075461387634,0.1771215796470642,0.5308641975308642,1.0,0.32046929001808167,0.587395966053009,,cfg02_G2_D32,0.9769684569910169,cuda
evaluation,1753,1029,Warm C,0.5531395077705383,0.17718538641929626,0.5555555555555556,1.0,0.4593956470489502,0.5625486373901367,,cfg02_G2_D32,0.9769684569910169,cuda
evaluation,1758,1031,Cold,0.5537562370300293,0.17487333714962006,0.5061728395061729,1.0,0.0,0.0,,cfg02_G2_D32,0.9769684569910169,cuda
evaluation,1758,1031,Warm A,0.5552178025245667,0.17493584752082825,0.5061728395061729,1.0,0.20366477966308594,0.6344107985496521,,cfg02_G2_D32,0.9769684569910169,cuda
evaluation,1758,1031,Warm B,0.560030460357666,0.17711389064788818,0.5061728395061729,1.0,0.3531562387943268,0.591427743434906,,cfg02_G2_D32,0.9769684569910169,cuda
evaluation,1758,1031,Warm C,0.5611993074417114,0.18072625994682312,0.5061728395061729,1.0,0.49852997064590454,0.6520051956176758,,cfg02_G2_D32,0.9769684569910169,cuda
evaluation,1760,1032,Cold,0.5530123114585876,0.17502473294734955,0.5061728395061729,1.0,0.0,0.0,,cfg02_G2_D32,0.9769684569910169,cuda
evaluation,1760,1032,Warm A,0.5594099164009094,0.17692191898822784,0.5061728395061729,1.0,0.22430934011936188,0.49219581484794617,,cfg02_G2_D32,0.9769684569910169,cuda
evaluation,1760,1032,Warm B,0.5685379505157471,0.178075909614563,0.5308641975308642,1.0,0.3734152615070343,0.20773525536060333,,cfg02_G2_D32,0.9769684569910169,cuda
evaluation,1760,1032,Warm C,0.5733767151832581,0.18168796598911285,0.5555555555555556,1.0,0.5729968547821045,0.24700622260570526,,cfg02_G2_D32,0.9769684569910169,cuda
evaluation,1785,1040,Cold,0.5555122494697571,0.1726960390806198,0.5061728395061729,1.0,0.0,0.0,,cfg02_G2_D32,0.9769684569910169,cuda
evaluation,1785,1040,Warm A,0.5526909828186035,0.17326578497886658,0.5308641975308642,1.0,0.22343389689922333,0.6423927545547485,,cfg02_G2_D32,0.9769684569910169,cuda
evaluation,1785,1040,Warm B,0.5530198812484741,0.17361894249916077,0.5061728395061729,1.0,0.22516082227230072,0.5124408006668091,,cfg02_G2_D32,0.9769684569910169,cuda
evaluation,1785,1040,Warm C,0.5534011721611023,0.1734938621520996,0.5061728395061729,1.0,0.3158678710460663,0.5001177787780762,,cfg02_G2_D32,0.9769684569910169,cuda
evaluation,1788,1041,Cold,0.554979145526886,0.1741916388273239,0.5061728395061729,1.0,0.0,0.0,,cfg02_G2_D32,0.9769684569910169,cuda
evaluation,1788,1041,Warm A,0.5458797812461853,0.17501269280910492,0.5061728395061729,1.0,0.22858783602714539,0.5658589005470276,,cfg02_G2_D32,0.9769684569910169,cuda
evaluation,1788,1041,Warm B,0.547319769859314,0.17392627894878387,0.5061728395061729,1.0,0.2680586278438568,0.623559296131134,,cfg02_G2_D32,0.9769684569910169,cuda
evaluation,1788,1041,Warm C,0.5468930006027222,0.1732758730649948,0.5555555555555556,1.0,0.3035063147544861,0.39511239528656006,,cfg02_G2_D32,0.9769684569910169,cuda
evaluation,1794,1043,Cold,0.5539372563362122,0.17704160511493683,0.5061728395061729,1.0,0.0,0.0,,cfg02_G2_D32,0.9769684569910169,cuda
evaluation,1794,1043,Warm A,0.5493752956390381,0.17672578990459442,0.5308641975308642,1.0,0.18474425375461578,0.5812466740608215,,cfg02_G2_D32,0.9769684569910169,cuda
evaluation,1794,1043,Warm B,0.5498142242431641,0.17853806912899017,0.5061728395061729,1.0,0.23582272231578827,0.7701838612556458,,cfg02_G2_D32,0.9769684569910169,cuda
evaluation,1794,1043,Warm C,0.5547506213188171,0.17593398690223694,0.5061728395061729,1.0,0.18787330389022827,0.5155782699584961,,cfg02_G2_D32,0.9769684569910169,cuda
evaluation,1797,1044,Cold,0.5550075769424438,0.17519743740558624,0.5061728395061729,1.0,0.0,0.0,,cfg02_G2_D32,0.9769684569910169,cuda
evaluation,1797,1044,Warm A,0.5508987307548523,0.1739330142736435,0.5555555555555556,1.0,0.21994498372077942,0.328243225812912,,cfg02_G2_D32,0.9769684569910169,cuda
evaluation,1797,1044,Warm B,0.5542111992835999,0.17447195947170258,0.5308641975308642,1.0,0.23257282376289368,0.6458865404129028,,cfg02_G2_D32,0.9769684569910169,cuda
evaluation,1797,1044,Warm C,0.5577336549758911,0.1729184240102768,0.5308641975308642,1.0,0.39252275228500366,0.5223196744918823,,cfg02_G2_D32,0.9769684569910169,cuda
evaluation,1804,1047,Cold,0.5532878041267395,0.17645587027072906,0.5061728395061729,1.0,0.0,0.0,,cfg02_G2_D32,0.9769684569910169,cuda
evaluation,1804,1047,Warm A,0.5578340291976929,0.17837679386138916,0.5061728395061729,1.0,0.2221110612154007,0.6086681485176086,,cfg02_G2_D32,0.9769684569910169,cuda
evaluation,1804,1047,Warm B,0.567319393157959,0.1786404401063919,0.5061728395061729,1.0,0.3314580023288727,0.33259260654449463,,cfg02_G2_D32,0.9769684569910169,cuda
evaluation,1804,1047,Warm C,0.5715059638023376,0.17607060074806213,0.5308641975308642,1.0,0.41975435614585876,0.4201377034187317,,cfg02_G2_D32,0.9769684569910169,cuda
evaluation,1806,1049,Cold,0.5523147583007812,0.1746588945388794,0.5061728395061729,1.0,0.0,0.0,,cfg02_G2_D32,0.9769684569910169,cuda
evaluation,1806,1049,Warm A,0.5617051720619202,0.17391782999038696,0.5308641975308642,1.0,0.20924019813537598,0.4865140914916992,,cfg02_G2_D32,0.9769684569910169,cuda
evaluation,1806,1049,Warm B,0.5495615005493164,0.17559371888637543,0.5061728395061729,1.0,0.21576447784900665,0.7193265557289124,,cfg02_G2_D32,0.9769684569910169,cuda
evaluation,1806,1049,Warm C,0.5554913878440857,0.1763722002506256,0.5061728395061729,1.0,0.39066386222839355,0.5564982295036316,,cfg02_G2_D32,0.9769684569910169,cuda
evaluation,1816,1051,Cold,0.5532364845275879,0.17763617634773254,0.5061728395061729,1.0,0.0,0.0,,cfg02_G2_D32,0.9769684569910169,cuda
evaluation,1816,1051,Warm A,0.5605058670043945,0.17885734140872955,0.5061728395061729,1.0,0.2018328309059143,0.5364760756492615,,cfg02_G2_D32,0.9769684569910169,cuda
evaluation,1816,1051,Warm B,0.5533753037452698,0.17983299493789673,0.5308641975308642,1.0,0.2578810751438141,0.5667819976806641,,cfg02_G2_D32,0.9769684569910169,cuda
evaluation,1816,1051,Warm C,0.554532527923584,0.18240730464458466,0.48148148148148145,1.0,0.40761828422546387,0.6600496172904968,,cfg02_G2_D32,0.9769684569910169,cuda
evaluation,1824,1053,Cold,0.5537137389183044,0.1783827841281891,0.5061728395061729,1.0,0.0,0.0,,cfg02_G2_D32,0.9769684569910169,cuda
evaluation,1824,1053,Warm A,0.5519877076148987,0.17678135633468628,0.5308641975308642,1.0,0.2077823430299759,0.48459967970848083,,cfg02_G2_D32,0.9769684569910169,cuda
evaluation,1824,1053,Warm B,0.5583840012550354,0.17588621377944946,0.5308641975308642,1.0,0.26419728994369507,0.5182047486305237,,cfg02_G2_D32,0.9769684569910169,cuda
evaluation,1824,1053,Warm C,0.5537453293800354,0.1781841218471527,0.5308641975308642,1.0,0.23110270500183105,0.7191175222396851,,cfg02_G2_D32,0.9769684569910169,cuda
evaluation,1827,1054,Cold,0.5519607663154602,0.17774562537670135,0.5061728395061729,1.0,0.0,0.0,,cfg02_G2_D32,0.9769684569910169,cuda
evaluation,1827,1054,Warm A,0.5509534478187561,0.17566083371639252,0.5308641975308642,1.0,0.22866486012935638,0.4891376495361328,,cfg02_G2_D32,0.9769684569910169,cuda
evaluation,1827,1054,Warm B,0.553399384021759,0.17468947172164917,0.5555555555555556,1.0,0.3770274817943573,0.4687957763671875,,cfg02_G2_D32,0.9769684569910169,cuda
evaluation,1827,1054,Warm C,0.5507481098175049,0.17676761746406555,0.5308641975308642,1.0,0.22650042176246643,0.6504015326499939,,cfg02_G2_D32,0.9769684569910169,cuda
evaluation,1836,1059,Cold,0.5572537183761597,0.1755955070257187,0.5061728395061729,1.0,0.0,0.0,,cfg02_G2_D32,0.9769684569910169,cuda
evaluation,1836,1059,Warm A,0.5580741763114929,0.17499512434005737,0.5061728395061729,1.0,0.20184138417243958,0.6016009449958801,,cfg02_G2_D32,0.9769684569910169,cuda
evaluation,1836,1059,Warm B,0.5531247854232788,0.17555588483810425,0.5061728395061729,1.0,0.2554779350757599,0.5966449975967407,,cfg02_G2_D32,0.9769684569910169,cuda
evaluation,1836,1059,Warm C,0.5547531247138977,0.1774764060974121,0.5308641975308642,1.0,0.3218919634819031,0.6245755553245544,,cfg02_G2_D32,0.9769684569910169,cuda
evaluation,1837,1060,Cold,0.5510128140449524,0.178994819521904,0.5061728395061729,1.0,0.0,0.0,,cfg02_G2_D32,0.9769684569910169,cuda
evaluation,1837,1060,Warm A,0.5559226870536804,0.18131335079669952,0.5061728395061729,1.0,0.22008450329303741,0.5617091059684753,,cfg02_G2_D32,0.9769684569910169,cuda
evaluation,1837,1060,Warm B,0.5674033164978027,0.1811608374118805,0.5308641975308642,1.0,0.27732688188552856,0.38236451148986816,,cfg02_G2_D32,0.9769684569910169,cuda
evaluation,1837,1060,Warm C,0.5630137324333191,0.17926445603370667,0.5308641975308642,1.0,0.27068275213241577,0.49378928542137146,,cfg02_G2_D32,0.9769684569910169,cuda
evaluation,1839,1061,Cold,0.5490270256996155,0.17986182868480682,0.5061728395061729,1.0,0.0,0.0,,cfg02_G2_D32,0.9769684569910169,cuda
evaluation,1839,1061,Warm A,0.5508443713188171,0.18211574852466583,0.48148148148148145,1.0,0.22975970804691315,0.6412283778190613,,cfg02_G2_D32,0.9769684569910169,cuda
evaluation,1839,1061,Warm B,0.5563853979110718,0.18405088782310486,0.5061728395061729,1.0,0.3938307464122772,0.38670313358306885,,cfg02_G2_D32,0.9769684569910169,cuda
evaluation,1839,1061,Warm C,0.5650006532669067,0.18536165356636047,0.5308641975308642,1.0,0.519374668598175,0.21109071373939514,,cfg02_G2_D32,0.9769684569910169,cuda
evaluation,1840,1062,Cold,0.5559114813804626,0.1758919358253479,0.5061728395061729,1.0,0.0,0.0,,cfg02_G2_D32,0.9769684569910169,cuda
evaluation,1840,1062,Warm A,0.5501241683959961,0.17589877545833588,0.5308641975308642,1.0,0.22453176975250244,0.5717067122459412,,cfg02_G2_D32,0.9769684569910169,cuda
evaluation,1840,1062,Warm B,0.5538402795791626,0.17614680528640747,0.5061728395061729,1.0,0.23160994052886963,0.6516898274421692,,cfg02_G2_D32,0.9769684569910169,cuda
evaluation,1840,1062,Warm C,0.5608505606651306,0.1775118112564087,0.5555555555555556,1.0,0.27562347054481506,0.5675040483474731,,cfg02_G2_D32,0.9769684569910169,cuda
evaluation,1841,1063,Cold,0.5565218329429626,0.17764011025428772,0.5061728395061729,1.0,0.0,0.0,,cfg02_G2_D32,0.9769684569910169,cuda
evaluation,1841,1063,Warm A,0.5615266561508179,0.17985497415065765,0.5061728395061729,1.0,0.21939726173877716,0.5544425845146179,,cfg02_G2_D32,0.9769684569910169,cuda
evaluation,1841,1063,Warm B,0.5658836960792542,0.18363256752490997,0.5061728395061729,1.0,0.40095391869544983,0.48461684584617615,,cfg02_G2_D32,0.9769684569910169,cuda
evaluation,1841,1063,Warm C,0.5561598539352417,0.18318593502044678,0.48148148148148145,1.0,0.5216375589370728,0.62913978099823,,cfg02_G2_D32,0.9769684569910169,cuda
evaluation,1848,1065,Cold,0.551933765411377,0.1759561151266098,0.5061728395061729,1.0,0.0,0.0,,cfg02_G2_D32,0.9769684569910169,cuda
evaluation,1848,1065,Warm A,0.54164719581604,0.1784767061471939,0.43209876543209874,1.0,0.22249019145965576,0.6464816331863403,,cfg02_G2_D32,0.9769684569910169,cuda
evaluation,1848,1065,Warm B,0.5495092272758484,0.1777820587158203,0.5061728395061729,1.0,0.22022251784801483,0.5132100582122803,,cfg02_G2_D32,0.9769684569910169,cuda
evaluation,1848,1065,Warm C,0.5590841770172119,0.17786665260791779,0.5308641975308642,1.0,0.2547834515571594,0.45745354890823364,,cfg02_G2_D32,0.9769684569910169,cuda
evaluation,1855,1066,Cold,0.5506701469421387,0.17984353005886078,0.5061728395061729,1.0,0.0,0.0,,cfg02_G2_D32,0.9769684569910169,cuda
evaluation,1855,1066,Warm A,0.5574131608009338,0.1805558204650879,0.5308641975308642,1.0,0.2211305797100067,0.45262518525123596,,cfg02_G2_D32,0.9769684569910169,cuda
evaluation,1855,1066,Warm B,0.5658787488937378,0.18224994838237762,0.5308641975308642,1.0,0.3710814416408539,0.2564266622066498,,cfg02_G2_D32,0.9769684569910169,cuda
evaluation,1855,1066,Warm C,0.5637300610542297,0.17893698811531067,0.5308641975308642,1.0,0.3859192132949829,0.24897395074367523,,cfg02_G2_D32,0.9769684569910169,cuda
evaluation,1856,1067,Cold,0.5544323325157166,0.17314131557941437,0.5061728395061729,1.0,0.0,0.0,,cfg02_G2_D32,0.9769684569910169,cuda
evaluation,1856,1067,Warm A,0.5479625463485718,0.1749521940946579,0.5061728395061729,1.0,0.2269335836172104,0.6961411833763123,,cfg02_G2_D32,0.9769684569910169,cuda
evaluation,1856,1067,Warm B,0.5572913289070129,0.17474982142448425,0.48148148148148145,1.0,0.2365119308233261,0.45826730132102966,,cfg02_G2_D32,0.9769684569910169,cuda
evaluation,1856,1067,Warm C,0.5514732599258423,0.17693975567817688,0.48148148148148145,1.0,0.36466559767723083,0.6483990550041199,,cfg02_G2_D32,0.9769684569910169,cuda
evaluation,1858,1068,Cold,0.5535079836845398,0.17758899927139282,0.5061728395061729,1.0,0.0,0.0,,cfg02_G2_D32,0.9769684569910169,cuda
evaluation,1858,1068,Warm A,0.552456259727478,0.1773289144039154,0.5061728395061729,1.0,0.2191953957080841,0.5288957953453064,,cfg02_G2_D32,0.9769684569910169,cuda
evaluation,1858,1068,Warm B,0.5594784021377563,0.17735159397125244,0.5061728395061729,1.0,0.3755035698413849,0.4636019766330719,,cfg02_G2_D32,0.9769684569910169,cuda
evaluation,1858,1068,Warm C,0.5491966605186462,0.17889410257339478,0.48148148148148145,1.0,0.3609901964664459,0.7804626822471619,,cfg02_G2_D32,0.9769684569910169,cuda
evaluation,1862,1069,Cold,0.5567070245742798,0.17285148799419403,0.5308641975308642,1.0,0.0,0.0,,cfg02_G2_D32,0.9769684569910169,cuda
evaluation,1862,1069,Warm A,0.5662968158721924,0.1735413521528244,0.5802469135802469,1.0,0.2294352799654007,0.26090899109840393,,cfg02_G2_D32,0.9769684569910169,cuda
evaluation,1862,1069,Warm B,0.5749329924583435,0.17277343571186066,0.6049382716049383,1.0,0.3942054510116577,0.2392386943101883,,cfg02_G2_D32,0.9769684569910169,cuda
evaluation,1862,1069,Warm C,0.5660148859024048,0.17225435376167297,0.5555555555555556,1.0,0.24714525043964386,0.3821110427379608,,cfg02_G2_D32,0.9769684569910169,cuda
evaluation,1863,1070,Cold,0.5504240393638611,0.1810714602470398,0.5061728395061729,1.0,0.0,0.0,,cfg02_G2_D32,0.9769684569910169,cuda
evaluation,1863,1070,Warm A,0.5558599829673767,0.18312980234622955,0.5061728395061729,1.0,0.22393596172332764,0.41477155685424805,,cfg02_G2_D32,0.9769684569910169,cuda
evaluation,1863,1070,Warm B,0.5650292038917542,0.18327535688877106,0.5061728395061729,1.0,0.33875662088394165,0.3638210594654083,,cfg02_G2_D32,0.9769684569910169,cuda
evaluation,1863,1070,Warm C,0.5719020366668701,0.18651467561721802,0.5802469135802469,1.0,0.4978242814540863,0.24573414027690887,,cfg02_G2_D32,0.9769684569910169,cuda
evaluation,1866,1071,Cold,0.5513048768043518,0.17842353880405426,0.5061728395061729,1.0,0.0,0.0,,cfg02_G2_D32,0.9769684569910169,cuda
evaluation,1866,1071,Warm A,0.5568374991416931,0.18066708743572235,0.5061728395061729,1.0,0.22484181821346283,0.5509299635887146,,cfg02_G2_D32,0.9769684569910169,cuda
evaluation,1866,1071,Warm B,0.5579096078872681,0.18219158053398132,0.5061728395061729,1.0,0.37267982959747314,0.6186643838882446,,cfg02_G2_D32,0.9769684569910169,cuda
evaluation,1866,1071,Warm C,0.545908510684967,0.18347342312335968,0.5061728395061729,1.0,0.5392064452171326,0.7396592497825623,,cfg02_G2_D32,0.9769684569910169,cuda
evaluation,1870,1072,Cold,0.5525039434432983,0.17988945543766022,0.5061728395061729,1.0,0.0,0.0,,cfg02_G2_D32,0.9769684569910169,cuda
evaluation,1870,1072,Warm A,0.5473474860191345,0.18160738050937653,0.5308641975308642,1.0,0.22431856393814087,0.6310680508613586,,cfg02_G2_D32,0.9769684569910169,cuda
evaluation,1870,1072,Warm B,0.5495860576629639,0.18035003542900085,0.5308641975308642,1.0,0.27523452043533325,0.545942485332489,,cfg02_G2_D32,0.9769684569910169,cuda
evaluation,1870,1072,Warm C,0.5579915046691895,0.17948365211486816,0.5308641975308642,1.0,0.3278416693210602,0.49845176935195923,,cfg02_G2_D32,0.9769684569910169,cuda
evaluation,1875,1074,Cold,0.5504717826843262,0.1810169517993927,0.5061728395061729,1.0,0.0,0.0,,cfg02_G2_D32,0.9769684569910169,cuda
evaluation,1875,1074,Warm A,0.5544888377189636,0.18299415707588196,0.5061728395061729,1.0,0.21963411569595337,0.6693294644355774,,cfg02_G2_D32,0.9769684569910169,cuda
evaluation,1875,1074,Warm B,0.5452775955200195,0.18429531157016754,0.48148148148148145,1.0,0.3609910011291504,0.6969141364097595,,cfg02_G2_D32,0.9769684569910169,cuda
evaluation,1875,1074,Warm C,0.5373120903968811,0.1857813149690628,0.43209876543209874,1.0,0.534637451171875,0.6953972578048706,,cfg02_G2_D32,0.9769684569910169,cuda
evaluation,1881,1076,Cold,0.5533452033996582,0.1724981814622879,0.5061728395061729,1.0,0.0,0.0,,cfg02_G2_D32,0.9769684569910169,cuda
evaluation,1881,1076,Warm A,0.5579084157943726,0.17435823380947113,0.5061728395061729,1.0,0.22330515086650848,0.5866592526435852,,cfg02_G2_D32,0.9769684569910169,cuda
evaluation,1881,1076,Warm B,0.5644686818122864,0.17701725661754608,0.5308641975308642,1.0,0.42735132575035095,0.42103123664855957,,cfg02_G2_D32,0.9769684569910169,cuda
evaluation,1881,1076,Warm C,0.556370198726654,0.1761893630027771,0.5061728395061729,1.0,0.35835838317871094,0.5162131190299988,,cfg02_G2_D32,0.9769684569910169,cuda
evaluation,1897,1085,Cold,0.5543546676635742,0.17513708770275116,0.5061728395061729,1.0,0.0,0.0,,cfg02_G2_D32,0.9769684569910169,cuda
evaluation,1897,1085,Warm A,0.548967719078064,0.1764342486858368,0.5308641975308642,1.0,0.1921675056219101,0.6353217363357544,,cfg02_G2_D32,0.9769684569910169,cuda
evaluation,1897,1085,Warm B,0.5502449870109558,0.1749347448348999,0.5802469135802469,1.0,0.24380715191364288,0.5240086913108826,,cfg02_G2_D32,0.9769684569910169,cuda
evaluation,1897,1085,Warm C,0.5481851100921631,0.1763690859079361,0.5308641975308642,1.0,0.22856676578521729,0.7560504078865051,,cfg02_G2_D32,0.9769684569910169,cuda
evaluation,1900,1086,Cold,0.5558525323867798,0.17726664245128632,0.5061728395061729,1.0,0.0,0.0,,cfg02_G2_D32,0.9769684569910169,cuda
evaluation,1900,1086,Warm A,0.5479349493980408,0.17791981995105743,0.48148148148148145,1.0,0.20916785299777985,0.5480937957763672,,cfg02_G2_D32,0.9769684569910169,cuda
evaluation,1900,1086,Warm B,0.5539513826370239,0.17637181282043457,0.5308641975308642,1.0,0.16119685769081116,0.46915683150291443,,cfg02_G2_D32,0.9769684569910169,cuda
evaluation,1900,1086,Warm C,0.549017608165741,0.1765858680009842,0.5061728395061729,1.0,0.2820529043674469,0.5201733112335205,,cfg02_G2_D32,0.9769684569910169,cuda
evaluation,1904,1087,Cold,0.5520886182785034,0.17939160764217377,0.5061728395061729,1.0,0.0,0.0,,cfg02_G2_D32,0.9769684569910169,cuda
evaluation,1904,1087,Warm A,0.5464164018630981,0.17899233102798462,0.5061728395061729,1.0,0.2366933822631836,0.6555590033531189,,cfg02_G2_D32,0.9769684569910169,cuda
evaluation,1904,1087,Warm B,0.5435988903045654,0.18096181750297546,0.48148148148148145,1.0,0.3360021710395813,0.7114725112915039,,cfg02_G2_D32,0.9769684569910169,cuda
evaluation,1904,1087,Warm C,0.5397524237632751,0.18270239233970642,0.4567901234567901,1.0,0.5149357318878174,0.7311434149742126,,cfg02_G2_D32,0.9769684569910169,cuda
evaluation,1913,1092,Cold,0.5664169788360596,0.17543303966522217,0.5308641975308642,1.0,0.0,0.0,,cfg02_G2_D32,0.9769684569910169,cuda
evaluation,1913,1092,Warm A,0.5624923706054688,0.1750345677137375,0.48148148148148145,1.0,0.2215091437101364,0.40182724595069885,,cfg02_G2_D32,0.9769684569910169,cuda
evaluation,1913,1092,Warm B,0.568347156047821,0.17556996643543243,0.5308641975308642,1.0,0.2656119167804718,0.42819395661354065,,cfg02_G2_D32,0.9769684569910169,cuda
evaluation,1913,1092,Warm C,0.5659176707267761,0.17608191072940826,0.5555555555555556,1.0,0.30680960416793823,0.5828642845153809,,cfg02_G2_D32,0.9769684569910169,cuda
evaluation,1919,1097,Cold,0.5520341396331787,0.17528745532035828,0.5061728395061729,1.0,0.0,0.0,,cfg02_G2_D32,0.9769684569910169,cuda
evaluation,1919,1097,Warm A,0.5594508051872253,0.17443813383579254,0.5308641975308642,1.0,0.22796858847141266,0.47477492690086365,,cfg02_G2_D32,0.9769684569910169,cuda
evaluation,1919,1097,Warm B,0.5485554337501526,0.17527422308921814,0.5308641975308642,1.0,0.26502543687820435,0.6546952128410339,,cfg02_G2_D32,0.9769684569910169,cuda
evaluation,1919,1097,Warm C,0.553295373916626,0.17683649063110352,0.5308641975308642,1.0,0.30487319827079773,0.5859033465385437,,cfg02_G2_D32,0.9769684569910169,cuda
evaluation,1929,1103,Cold,0.5795238018035889,0.19135944545269012,0.5308641975308642,1.0,0.0,0.0,,cfg02_G2_D32,0.9769684569910169,cuda
evaluation,1929,1103,Warm A,0.5772925615310669,0.19187402725219727,0.5308641975308642,1.0,0.21699535846710205,0.5504708290100098,,cfg02_G2_D32,0.9769684569910169,cuda
evaluation,1929,1103,Warm B,0.5816136002540588,0.19037854671478271,0.5308641975308642,1.0,0.21713222563266754,0.40221235156059265,,cfg02_G2_D32,0.9769684569910169,cuda
evaluation,1929,1103,Warm C,0.5783173441886902,0.1900094747543335,0.5555555555555556,1.0,0.23132392764091492,0.5897566080093384,,cfg02_G2_D32,0.9769684569910169,cuda
evaluation,1934,1105,Cold,0.5758032202720642,0.18491289019584656,0.5308641975308642,1.0,0.0,0.0,,cfg02_G2_D32,0.9769684569910169,cuda
evaluation,1934,1105,Warm A,0.570305347442627,0.18434938788414001,0.4567901234567901,1.0,0.21483086049556732,0.5116167664527893,,cfg02_G2_D32,0.9769684569910169,cuda
evaluation,1934,1105,Warm B,0.5664956569671631,0.18715256452560425,0.48148148148148145,1.0,0.3816983997821808,0.4371584951877594,,cfg02_G2_D32,0.9769684569910169,cuda
evaluation,1934,1105,Warm C,0.5656508207321167,0.1868649572134018,0.48148148148148145,1.0,0.4369239807128906,0.28705137968063354,,cfg02_G2_D32,0.9769684569910169,cuda
evaluation,1935,1106,Cold,0.5777769684791565,0.18636581301689148,0.5308641975308642,1.0,0.0,0.0,,cfg02_G2_D32,0.9769684569910169,cuda
evaluation,1935,1106,Warm A,0.5776712894439697,0.1851535588502884,0.5308641975308642,1.0,0.20114506781101227,0.4703918397426605,,cfg02_G2_D32,0.9769684569910169,cuda
evaluation,1935,1106,Warm B,0.5802769660949707,0.18237324059009552,0.5308641975308642,1.0,0.29583486914634705,0.29227134585380554,,cfg02_G2_D32,0.9769684569910169,cuda
evaluation,1935,1106,Warm C,0.5769381523132324,0.1842581331729889,0.5308641975308642,1.0,0.2598499357700348,0.4288700222969055,,cfg02_G2_D32,0.9769684569910169,cuda
evaluation,1936,1107,Cold,0.5764681100845337,0.18387632071971893,0.5308641975308642,1.0,0.0,0.0,,cfg02_G2_D32,0.9769684569910169,cuda
evaluation,1936,1107,Warm A,0.5725107192993164,0.18592175841331482,0.5308641975308642,1.0,0.23345741629600525,0.6671262979507446,,cfg02_G2_D32,0.9769684569910169,cuda
evaluation,1936,1107,Warm B,0.5733754634857178,0.18403810262680054,0.48148148148148145,1.0,0.22076119482517242,0.4420262277126312,,cfg02_G2_D32,0.9769684569910169,cuda
evaluation,1936,1107,Warm C,0.5731581449508667,0.18497398495674133,0.5061728395061729,1.0,0.2508903443813324,0.4703449308872223,,cfg02_G2_D32,0.9769684569910169,cuda
evaluation,1937,1108,Cold,0.5733675360679626,0.1838231384754181,0.48148148148148145,1.0,0.0,0.0,,cfg02_G2_D32,0.9769684569910169,cuda
evaluation,1937,1108,Warm A,0.576897144317627,0.18349209427833557,0.48148148148148145,1.0,0.24519133567810059,0.23617863655090332,,cfg02_G2_D32,0.9769684569910169,cuda
evaluation,1937,1108,Warm B,0.5741209983825684,0.18583907186985016,0.48148148148148145,1.0,0.21789681911468506,0.5597083568572998,,cfg02_G2_D32,0.9769684569910169,cuda
evaluation,1937,1108,Warm C,0.5706478953361511,0.18605303764343262,0.4567901234567901,1.0,0.20077167451381683,0.574779212474823,,cfg02_G2_D32,0.9769684569910169,cuda
evaluation,1938,1109,Cold,0.5763410329818726,0.1854846328496933,0.5308641975308642,1.0,0.0,0.0,,cfg02_G2_D32,0.9769684569910169,cuda
evaluation,1938,1109,Warm A,0.578734815120697,0.18840453028678894,0.5308641975308642,1.0,0.2146904617547989,0.4664385914802551,,cfg02_G2_D32,0.9769684569910169,cuda
evaluation,1938,1109,Warm B,0.5776955485343933,0.19014106690883636,0.48148148148148145,1.0,0.3054720461368561,0.5482960939407349,,cfg02_G2_D32,0.9769684569910169,cuda
evaluation,1938,1109,Warm C,0.5796626806259155,0.18703047931194305,0.5308641975308642,1.0,0.37782391905784607,0.4347658157348633,,cfg02_G2_D32,0.9769684569910169,cuda
evaluation,1940,1111,Cold,0.5763658881187439,0.18341997265815735,0.5308641975308642,1.0,0.0,0.0,,cfg02_G2_D32,0.9769684569910169,cuda
evaluation,1940,1111,Warm A,0.5798652172088623,0.18249477446079254,0.5061728395061729,1.0,0.2331998199224472,0.4253098666667938,,cfg02_G2_D32,0.9769684569910169,cuda
evaluation,1940,1111,Warm B,0.5783205628395081,0.18048332631587982,0.5555555555555556,1.0,0.29069268703460693,0.39358779788017273,,cfg02_G2_D32,0.9769684569910169,cuda
evaluation,1940,1111,Warm C,0.5750672817230225,0.18375059962272644,0.48148148148148145,1.0,0.2328091263771057,0.841977596282959,,cfg02_G2_D32,0.9769684569910169,cuda
evaluation,1941,1112,Cold,0.5746050477027893,0.1810557097196579,0.5308641975308642,1.0,0.0,0.0,,cfg02_G2_D32,0.9769684569910169,cuda
evaluation,1941,1112,Warm A,0.5780279040336609,0.17866620421409607,0.5308641975308642,1.0,0.24123388528823853,0.3549377918243408,,cfg02_G2_D32,0.9769684569910169,cuda
evaluation,1941,1112,Warm B,0.5794199109077454,0.17859028279781342,0.5555555555555556,1.0,0.33044561743736267,0.4042421281337738,,cfg02_G2_D32,0.9769684569910169,cuda
evaluation,1941,1112,Warm C,0.5753076672554016,0.18103325366973877,0.5308641975308642,1.0,0.17741136252880096,0.6363539695739746,,cfg02_G2_D32,0.9769684569910169,cuda
evaluation,1942,1113,Cold,0.5752103924751282,0.18197692930698395,0.5308641975308642,1.0,0.0,0.0,,cfg02_G2_D32,0.9769684569910169,cuda
evaluation,1942,1113,Warm A,0.5804818272590637,0.18090185523033142,0.5061728395061729,1.0,0.23678956925868988,0.3102692663669586,,cfg02_G2_D32,0.9769684569910169,cuda
evaluation,1942,1113,Warm B,0.579712450504303,0.1850270926952362,0.5308641975308642,1.0,0.2089657336473465,0.447732537984848,,cfg02_G2_D32,0.9769684569910169,cuda
evaluation,1942,1113,Warm C,0.5803438425064087,0.18374520540237427,0.48148148148148145,1.0,0.3420202136039734,0.2972353398799896,,cfg02_G2_D32,0.9769684569910169,cuda
evaluation,1943,1114,Cold,0.5745937824249268,0.18178290128707886,0.5061728395061729,1.0,0.0,0.0,,cfg02_G2_D32,0.9769684569910169,cuda
evaluation,1943,1114,Warm A,0.5724849104881287,0.18492427468299866,0.5308641975308642,1.0,0.22445455193519592,0.6776465773582458,,cfg02_G2_D32,0.9769684569910169,cuda
evaluation,1943,1114,Warm B,0.5700082778930664,0.1871885508298874,0.48148148148148145,1.0,0.43383780121803284,0.6932787895202637,,cfg02_G2_D32,0.9769684569910169,cuda
evaluation,1943,1114,Warm C,0.567855715751648,0.18471691012382507,0.5061728395061729,1.0,0.43217340111732483,0.5874943137168884,,cfg02_G2_D32,0.9769684569910169,cuda
evaluation,1948,1119,Cold,0.5642289519309998,0.17981821298599243,0.48148148148148145,1.0,0.0,0.0,,cfg02_G2_D32,0.9769684569910169,cuda
evaluation,1948,1119,Warm A,0.5683484077453613,0.18092258274555206,0.48148148148148145,1.0,0.19335809350013733,0.47973376512527466,,cfg02_G2_D32,0.9769684569910169,cuda
evaluation,1948,1119,Warm B,0.5668160915374756,0.1803288608789444,0.5061728395061729,1.0,0.2994353473186493,0.5616406798362732,,cfg02_G2_D32,0.9769684569910169,cuda
evaluation,1948,1119,Warm C,0.559004545211792,0.18114593625068665,0.5061728395061729,1.0,0.30750933289527893,0.7625672817230225,,cfg02_G2_D32,0.9769684569910169,cuda
evaluation,1966,1137,Cold,0.5533827543258667,0.1787261813879013,0.5061728395061729,1.0,0.0,0.0,,cfg02_G2_D32,0.9769684569910169,cuda
evaluation,1966,1137,Warm A,0.5510089993476868,0.1797870695590973,0.5308641975308642,1.0,0.21593716740608215,0.6666571497917175,,cfg02_G2_D32,0.9769684569910169,cuda
evaluation,1966,1137,Warm B,0.5511153936386108,0.17985743284225464,0.5061728395061729,1.0,0.32066476345062256,0.6864894032478333,,cfg02_G2_D32,0.9769684569910169,cuda
evaluation,1966,1137,Warm C,0.5479381084442139,0.17845501005649567,0.5061728395061729,1.0,0.307720422744751,0.6072263717651367,,cfg02_G2_D32,0.9769684569910169,cuda
evaluation,1975,1145,Cold,0.5613008141517639,0.17339417338371277,0.5555555555555556,1.0,0.0,0.0,,cfg02_G2_D32,0.9769684569910169,cuda
evaluation,1975,1145,Warm A,0.5662229657173157,0.1720011979341507,0.5555555555555556,1.0,0.2077433317899704,0.5379493236541748,,cfg02_G2_D32,0.9769684569910169,cuda
evaluation,1975,1145,Warm B,0.5764074325561523,0.17104563117027283,0.5802469135802469,1.0,0.3804757297039032,0.3063488006591797,,cfg02_G2_D32,0.9769684569910169,cuda
evaluation,1975,1145,Warm C,0.580482542514801,0.17370127141475677,0.6049382716049383,1.0,0.5046964883804321,0.22008077800273895,,cfg02_G2_D32,0.9769684569910169,cuda
evaluation,1976,1146,Cold,0.5609980225563049,0.174067884683609,0.5308641975308642,1.0,0.0,0.0,,cfg02_G2_D32,0.9769684569910169,cuda
evaluation,1976,1146,Warm A,0.5694854855537415,0.17496880888938904,0.5555555555555556,1.0,0.21313528716564178,0.34920597076416016,,cfg02_G2_D32,0.9769684569910169,cuda
evaluation,1976,1146,Warm B,0.576587438583374,0.17774535715579987,0.5802469135802469,1.0,0.4267476201057434,0.2889236509799957,,cfg02_G2_D32,0.9769684569910169,cuda
evaluation,1976,1146,Warm C,0.5785328149795532,0.17518112063407898,0.6049382716049383,1.0,0.4971499741077423,0.22521615028381348,,cfg02_G2_D32,0.9769684569910169,cuda
evaluation,1977,1147,Cold,0.5595782995223999,0.17429381608963013,0.5061728395061729,1.0,0.0,0.0,,cfg02_G2_D32,0.9769684569910169,cuda
evaluation,1977,1147,Warm A,0.5697700381278992,0.17316985130310059,0.5555555555555556,1.0,0.2231719046831131,0.3554421365261078,,cfg02_G2_D32,0.9769684569910169,cuda
evaluation,1977,1147,Warm B,0.5749338865280151,0.17457781732082367,0.5555555555555556,1.0,0.36342236399650574,0.33134517073631287,,cfg02_G2_D32,0.9769684569910169,cuda
evaluation,1977,1147,Warm C,0.5649998784065247,0.1741969734430313,0.5555555555555556,1.0,0.3779872953891754,0.4987733066082001,,cfg02_G2_D32,0.9769684569910169,cuda
evaluation,1978,1148,Cold,0.5576769709587097,0.17494811117649078,0.5061728395061729,1.0,0.0,0.0,,cfg02_G2_D32,0.9769684569910169,cuda
evaluation,1978,1148,Warm A,0.5642237663269043,0.17695391178131104,0.5308641975308642,1.0,0.22460316121578217,0.4537489116191864,,cfg02_G2_D32,0.9769684569910169,cuda
evaluation,1978,1148,Warm B,0.5696167945861816,0.17679262161254883,0.5555555555555556,1.0,0.31154054403305054,0.3947961628437042,,cfg02_G2_D32,0.9769684569910169,cuda
evaluation,1978,1148,Warm C,0.5781748294830322,0.17842811346054077,0.6049382716049383,1.0,0.4514344334602356,0.16422949731349945,,cfg02_G2_D32,0.9769684569910169,cuda
evaluation,1979,1149,Cold,0.5584967136383057,0.17451275885105133,0.5061728395061729,1.0,0.0,0.0,,cfg02_G2_D32,0.9769684569910169,cuda
evaluation,1979,1149,Warm A,0.5673627257347107,0.1755884289741516,0.5308641975308642,1.0,0.21720226109027863,0.3783181607723236,,cfg02_G2_D32,0.9769684569910169,cuda
evaluation,1979,1149,Warm B,0.5745182037353516,0.17467814683914185,0.5555555555555556,1.0,0.3576764166355133,0.34660738706588745,,cfg02_G2_D32,0.9769684569910169,cuda
evaluation,1979,1149,Warm C,0.581848680973053,0.17598839104175568,0.6049382716049383,1.0,0.4958568811416626,0.1828216165304184,,cfg02_G2_D32,0.9769684569910169,cuda
evaluation,1980,1150,Cold,0.5567287802696228,0.17505353689193726,0.5061728395061729,1.0,0.0,0.0,,cfg02_G2_D32,0.9769684569910169,cuda
evaluation,1980,1150,Warm A,0.5640260577201843,0.1768786460161209,0.5308641975308642,1.0,0.21968552470207214,0.40425798296928406,,cfg02_G2_D32,0.9769684569910169,cuda
evaluation,1980,1150,Warm B,0.5705004334449768,0.17500171065330505,0.5555555555555556,1.0,0.2645418345928192,0.2525330185890198,,cfg02_G2_D32,0.9769684569910169,cuda
evaluation,1980,1150,Warm C,0.5777209401130676,0.17682558298110962,0.5555555555555556,1.0,0.42930302023887634,0.32728061079978943,,cfg02_G2_D32,0.9769684569910169,cuda
evaluation,1981,1151,Cold,0.5559830069541931,0.17546406388282776,0.5061728395061729,1.0,0.0,0.0,,cfg02_G2_D32,0.9769684569910169,cuda
evaluation,1981,1151,Warm A,0.5671506524085999,0.1752592772245407,0.5308641975308642,1.0,0.20641010999679565,0.32964110374450684,,cfg02_G2_D32,0.9769684569910169,cuda
evaluation,1981,1151,Warm B,0.5773203372955322,0.17389513552188873,0.5555555555555556,1.0,0.3826461434364319,0.24974747002124786,,cfg02_G2_D32,0.9769684569910169,cuda
evaluation,1981,1151,Warm C,0.5825721621513367,0.17513981461524963,0.5555555555555556,1.0,0.4634268283843994,0.2764187455177307,,cfg02_G2_D32,0.9769684569910169,cuda
evaluation,1983,1153,Cold,0.5604581236839294,0.17276452481746674,0.5061728395061729,1.0,0.0,0.0,,cfg02_G2_D32,0.9769684569910169,cuda
evaluation,1983,1153,Warm A,0.5661539435386658,0.17284826934337616,0.5555555555555556,1.0,0.21962027251720428,0.5247211456298828,,cfg02_G2_D32,0.9769684569910169,cuda
evaluation,1983,1153,Warm B,0.5667515993118286,0.17276765406131744,0.5555555555555556,1.0,0.3045627772808075,0.38382941484451294,,cfg02_G2_D32,0.9769684569910169,cuda
evaluation,1983,1153,Warm C,0.5670524835586548,0.17350777983665466,0.5802469135802469,1.0,0.3995501399040222,0.5058650374412537,,cfg02_G2_D32,0.9769684569910169,cuda
evaluation,1984,1154,Cold,0.560088574886322,0.17314115166664124,0.5308641975308642,1.0,0.0,0.0,,cfg02_G2_D32,0.9769684569910169,cuda
evaluation,1984,1154,Warm A,0.5625473856925964,0.1744382232427597,0.5308641975308642,1.0,0.20963746309280396,0.5207125544548035,,cfg02_G2_D32,0.9769684569910169,cuda
evaluation,1984,1154,Warm B,0.5657051801681519,0.17586928606033325,0.5308641975308642,1.0,0.3860727846622467,0.48243075609207153,,cfg02_G2_D32,0.9769684569910169,cuda
evaluation,1984,1154,Warm C,0.5703716278076172,0.17817796766757965,0.5308641975308642,1.0,0.5310521721839905,0.21111388504505157,,cfg02_G2_D32,0.9769684569910169,cuda
evaluation,1985,1155,Cold,0.5575682520866394,0.17427995800971985,0.5061728395061729,1.0,0.0,0.0,,cfg02_G2_D32,0.9769684569910169,cuda
evaluation,1985,1155,Warm A,0.5665565729141235,0.17463429272174835,0.5802469135802469,1.0,0.20570620894432068,0.40107032656669617,,cfg02_G2_D32,0.9769684569910169,cuda
evaluation,1985,1155,Warm B,0.5702540874481201,0.17706027626991272,0.5802469135802469,1.0,0.3532143235206604,0.4037611186504364,,cfg02_G2_D32,0.9769684569910169,cuda
evaluation,1985,1155,Warm C,0.5646814703941345,0.17497238516807556,0.6049382716049383,1.0,0.30145972967147827,0.4152465760707855,,cfg02_G2_D32,0.9769684569910169,cuda
evaluation,1986,1156,Cold,0.5557236671447754,0.17515945434570312,0.5061728395061729,1.0,0.0,0.0,,cfg02_G2_D32,0.9769684569910169,cuda
evaluation,1986,1156,Warm A,0.5677466988563538,0.17472174763679504,0.5308641975308642,1.0,0.212119922041893,0.2955953776836395,,cfg02_G2_D32,0.9769684569910169,cuda
evaluation,1986,1156,Warm B,0.5758746266365051,0.17678964138031006,0.5308641975308642,1.0,0.35487326979637146,0.23271451890468597,,cfg02_G2_D32,0.9769684569910169,cuda
evaluation,1986,1156,Warm C,0.5813889503479004,0.17483210563659668,0.6049382716049383,1.0,0.487090528011322,0.14333130419254303,,cfg02_G2_D32,0.9769684569910169,cuda
evaluation,1987,1157,Cold,0.5597105026245117,0.1746295839548111,0.5061728395061729,1.0,0.0,0.0,,cfg02_G2_D32,0.9769684569910169,cuda
evaluation,1987,1157,Warm A,0.5651916861534119,0.1766890287399292,0.5308641975308642,1.0,0.22999198734760284,0.5241702198982239,,cfg02_G2_D32,0.9769684569910169,cuda
evaluation,1987,1157,Warm B,0.5731509327888489,0.17756840586662292,0.5308641975308642,1.0,0.3541727364063263,0.26529818773269653,,cfg02_G2_D32,0.9769684569910169,cuda
evaluation,1987,1157,Warm C,0.5807862281799316,0.1772749423980713,0.5802469135802469,1.0,0.3872701823711395,0.22898069024085999,,cfg02_G2_D32,0.9769684569910169,cuda
evaluation,1992,1159,Cold,0.5593258738517761,0.17197710275650024,0.5061728395061729,1.0,0.0,0.0,,cfg02_G2_D32,0.9769684569910169,cuda
evaluation,1992,1159,Warm A,0.5691738128662109,0.17150209844112396,0.5802469135802469,1.0,0.22802290320396423,0.2550639510154724,,cfg02_G2_D32,0.9769684569910169,cuda
evaluation,1992,1159,Warm B,0.5765470862388611,0.1703386902809143,0.6049382716049383,1.0,0.37448394298553467,0.33455440402030945,,cfg02_G2_D32,0.9769684569910169,cuda
evaluation,1992,1159,Warm C,0.5832868814468384,0.16899672150611877,0.6049382716049383,1.0,0.5593307614326477,0.19210249185562134,,cfg02_G2_D32,0.9769684569910169,cuda
evaluation,1993,1160,Cold,0.5591429471969604,0.17209099233150482,0.5061728395061729,1.0,0.0,0.0,,cfg02_G2_D32,0.9769684569910169,cuda
evaluation,1993,1160,Warm A,0.5707319974899292,0.17164312303066254,0.5802469135802469,1.0,0.23418518900871277,0.2791246473789215,,cfg02_G2_D32,0.9769684569910169,cuda
evaluation,1993,1160,Warm B,0.5769288539886475,0.17261919379234314,0.6049382716049383,1.0,0.4176773130893707,0.26328715682029724,,cfg02_G2_D32,0.9769684569910169,cuda
evaluation,1993,1160,Warm C,0.5709939002990723,0.17063726484775543,0.6049382716049383,1.0,0.3301721215248108,0.34521394968032837,,cfg02_G2_D32,0.9769684569910169,cuda
evaluation,1995,1162,Cold,0.55954909324646,0.17502416670322418,0.5061728395061729,1.0,0.0,0.0,,cfg02_G2_D32,0.9769684569910169,cuda
evaluation,1995,1162,Warm A,0.567017674446106,0.17627465724945068,0.5308641975308642,1.0,0.22815783321857452,0.48465844988822937,,cfg02_G2_D32,0.9769684569910169,cuda
evaluation,1995,1162,Warm B,0.5732946395874023,0.17955663800239563,0.5555555555555556,1.0,0.3717006742954254,0.2087361365556717,,cfg02_G2_D32,0.9769684569910169,cuda
evaluation,1995,1162,Warm C,0.570528507232666,0.18105852603912354,0.5308641975308642,1.0,0.41520828008651733,0.4399564266204834,,cfg02_G2_D32,0.9769684569910169,cuda
evaluation,1996,1163,Cold,0.5606667399406433,0.17304033041000366,0.5308641975308642,1.0,0.0,0.0,,cfg02_G2_D32,0.9769684569910169,cuda
evaluation,1996,1163,Warm A,0.5673266053199768,0.17523139715194702,0.5802469135802469,1.0,0.2315201461315155,0.39731594920158386,,cfg02_G2_D32,0.9769684569910169,cuda
evaluation,1996,1163,Warm B,0.5727378129959106,0.17707891762256622,0.5802469135802469,1.0,0.39128342270851135,0.33563682436943054,,cfg02_G2_D32,0.9769684569910169,cuda
evaluation,1996,1163,Warm C,0.575060248374939,0.1788817197084427,0.5802469135802469,1.0,0.5402910709381104,0.25081783533096313,,cfg02_G2_D32,0.9769684569910169,cuda
evaluation,1998,1165,Cold,0.5608347058296204,0.17512580752372742,0.5308641975308642,1.0,0.0,0.0,,cfg02_G2_D32,0.9769684569910169,cuda
evaluation,1998,1165,Warm A,0.5666056275367737,0.17744594812393188,0.5308641975308642,1.0,0.22804208099842072,0.47606563568115234,,cfg02_G2_D32,0.9769684569910169,cuda
evaluation,1998,1165,Warm B,0.572543740272522,0.17998246848583221,0.5555555555555556,1.0,0.4220634698867798,0.14026279747486115,,cfg02_G2_D32,0.9769684569910169,cuda
evaluation,1998,1165,Warm C,0.573200523853302,0.17805597186088562,0.5555555555555556,1.0,0.4434925317764282,0.2761644124984741,,cfg02_G2_D32,0.9769684569910169,cuda
evaluation,1999,1166,Cold,0.556859016418457,0.1742953360080719,0.5061728395061729,1.0,0.0,0.0,,cfg02_G2_D32,0.9769684569910169,cuda
evaluation,1999,1166,Warm A,0.5568332672119141,0.17280258238315582,0.5061728395061729,1.0,0.19487817585468292,0.5517644286155701,,cfg02_G2_D32,0.9769684569910169,cuda
evaluation,1999,1166,Warm B,0.5556979775428772,0.1744844913482666,0.5061728395061729,1.0,0.2843354642391205,0.6550068259239197,,cfg02_G2_D32,0.9769684569910169,cuda
evaluation,1999,1166,Warm C,0.5601039528846741,0.173280268907547,0.5061728395061729,1.0,0.2895512580871582,0.506338894367218,,cfg02_G2_D32,0.9769684569910169,cuda
evaluation,2007,1174,Cold,0.550134539604187,0.18003498017787933,0.5061728395061729,1.0,0.0,0.0,,cfg02_G2_D32,0.9769684569910169,cuda
evaluation,2007,1174,Warm A,0.5582109689712524,0.1803252398967743,0.5061728395061729,1.0,0.2256799191236496,0.4426175653934479,,cfg02_G2_D32,0.9769684569910169,cuda
evaluation,2007,1174,Warm B,0.5668069124221802,0.1817350834608078,0.5308641975308642,1.0,0.375165194272995,0.29957425594329834,,cfg02_G2_D32,0.9769684569910169,cuda
evaluation,2007,1174,Warm C,0.5599898099899292,0.18048781156539917,0.5308641975308642,1.0,0.3129078149795532,0.3878944516181946,,cfg02_G2_D32,0.9769684569910169,cuda
evaluation,2014,1180,Cold,0.558953583240509,0.1737736165523529,0.4567901234567901,1.0,0.0,0.0,,cfg02_G2_D32,0.9769684569910169,cuda
evaluation,2014,1180,Warm A,0.5628463625907898,0.1757379025220871,0.5061728395061729,1.0,0.21891026198863983,0.6812734603881836,,cfg02_G2_D32,0.9769684569910169,cuda
evaluation,2014,1180,Warm B,0.5558216571807861,0.17745140194892883,0.48148148148148145,1.0,0.392238050699234,0.6888996362686157,,cfg02_G2_D32,0.9769684569910169,cuda
evaluation,2014,1180,Warm C,0.5645608901977539,0.17806868255138397,0.5061728395061729,1.0,0.3645341694355011,0.47583967447280884,,cfg02_G2_D32,0.9769684569910169,cuda
evaluation,2016,1182,Cold,0.5582025051116943,0.17546412348747253,0.48148148148148145,1.0,0.0,0.0,,cfg02_G2_D32,0.9769684569910169,cuda
evaluation,2016,1182,Warm A,0.5613096356391907,0.17837996780872345,0.5061728395061729,1.0,0.21557091176509857,0.6327534914016724,,cfg02_G2_D32,0.9769684569910169,cuda
evaluation,2016,1182,Warm B,0.5667212009429932,0.18165220320224762,0.5061728395061729,1.0,0.39522987604141235,0.39454832673072815,,cfg02_G2_D32,0.9769684569910169,cuda
evaluation,2016,1182,Warm C,0.5730338096618652,0.17918790876865387,0.5061728395061729,1.0,0.3194016218185425,0.3221023976802826,,cfg02_G2_D32,0.9769684569910169,cuda
evaluation,2017,1183,Cold,0.5685980319976807,0.1724868267774582,0.48148148148148145,1.0,0.0,0.0,,cfg02_G2_D32,0.9769684569910169,cuda
evaluation,2017,1183,Warm A,0.5695111155509949,0.17436136305332184,0.5555555555555556,1.0,0.22505691647529602,0.5999862551689148,,cfg02_G2_D32,0.9769684569910169,cuda
evaluation,2017,1183,Warm B,0.5731889605522156,0.17599087953567505,0.5061728395061729,1.0,0.3769316077232361,0.4534292221069336,,cfg02_G2_D32,0.9769684569910169,cuda
evaluation,2017,1183,Warm C,0.5725153684616089,0.17738211154937744,0.48148148148148145,1.0,0.4917111396789551,0.5461423993110657,,cfg02_G2_D32,0.9769684569910169,cuda
evaluation,2024,1190,Cold,0.5578847527503967,0.17674674093723297,0.5061728395061729,1.0,0.0,0.0,,cfg02_G2_D32,0.9769684569910169,cuda
evaluation,2024,1190,Warm A,0.5618340969085693,0.17480763792991638,0.5308641975308642,1.0,0.23047173023223877,0.5396141409873962,,cfg02_G2_D32,0.9769684569910169,cuda
evaluation,2024,1190,Warm B,0.5628686547279358,0.1780790090560913,0.5308641975308642,1.0,0.214997336268425,0.6572365164756775,,cfg02_G2_D32,0.9769684569910169,cuda
evaluation,2024,1190,Warm C,0.5591124892234802,0.17886419594287872,0.48148148148148145,1.0,0.30668944120407104,0.6485088467597961,,cfg02_G2_D32,0.9769684569910169,cuda
evaluation,2026,1192,Cold,0.5545521378517151,0.1771460920572281,0.5061728395061729,1.0,0.0,0.0,,cfg02_G2_D32,0.9769684569910169,cuda
evaluation,2026,1192,Warm A,0.5632917881011963,0.1755637377500534,0.5308641975308642,1.0,0.2352321296930313,0.47049233317375183,,cfg02_G2_D32,0.9769684569910169,cuda
evaluation,2026,1192,Warm B,0.5707520842552185,0.17704683542251587,0.5555555555555556,1.0,0.31346121430397034,0.3842800557613373,,cfg02_G2_D32,0.9769684569910169,cuda
evaluation,2026,1192,Warm C,0.5650854110717773,0.17522752285003662,0.5308641975308642,1.0,0.28380894660949707,0.4642530381679535,,cfg02_G2_D32,0.9769684569910169,cuda
evaluation,2027,1193,Cold,0.5516958236694336,0.17779818177223206,0.5061728395061729,1.0,0.0,0.0,,cfg02_G2_D32,0.9769684569910169,cuda
evaluation,2027,1193,Warm A,0.5560938715934753,0.17976437509059906,0.48148148148148145,1.0,0.2168748676776886,0.5875014662742615,,cfg02_G2_D32,0.9769684569910169,cuda
evaluation,2027,1193,Warm B,0.5620954036712646,0.17758852243423462,0.5308641975308642,1.0,0.29243889451026917,0.44537973403930664,,cfg02_G2_D32,0.9769684569910169,cuda
evaluation,2027,1193,Warm C,0.5680423974990845,0.17980815470218658,0.6049382716049383,1.0,0.4672032296657562,0.3174847662448883,,cfg02_G2_D32,0.9769684569910169,cuda
evaluation,2029,1195,Cold,0.5538586378097534,0.17557910084724426,0.5061728395061729,1.0,0.0,0.0,,cfg02_G2_D32,0.9769684569910169,cuda
evaluation,2029,1195,Warm A,0.5484268665313721,0.17565152049064636,0.4567901234567901,1.0,0.18748019635677338,0.5984331965446472,,cfg02_G2_D32,0.9769684569910169,cuda
evaluation,2029,1195,Warm B,0.5431669354438782,0.17771753668785095,0.4567901234567901,1.0,0.3060896098613739,0.6723685264587402,,cfg02_G2_D32,0.9769684569910169,cuda
evaluation,2029,1195,Warm C,0.5498700737953186,0.1747000515460968,0.4567901234567901,1.0,0.32719048857688904,0.5018739104270935,,cfg02_G2_D32,0.9769684569910169,cuda
evaluation,2036,1197,Cold,0.5517277717590332,0.17346423864364624,0.5061728395061729,1.0,0.0,0.0,,cfg02_G2_D32,0.9769684569910169,cuda
evaluation,2036,1197,Warm A,0.5622420907020569,0.17230306565761566,0.5061728395061729,1.0,0.23369166254997253,0.3887005150318146,,cfg02_G2_D32,0.9769684569910169,cuda
evaluation,2036,1197,Warm B,0.5715499520301819,0.1731109768152237,0.5308641975308642,1.0,0.37771928310394287,0.3363325595855713,,cfg02_G2_D32,0.9769684569910169,cuda
evaluation,2036,1197,Warm C,0.5794869065284729,0.17133554816246033,0.6049382716049383,1.0,0.5517559051513672,0.2021172046661377,,cfg02_G2_D32,0.9769684569910169,cuda
evaluation,2038,1198,Cold,0.5609073042869568,0.17210829257965088,0.5061728395061729,1.0,0.0,0.0,,cfg02_G2_D32,0.9769684569910169,cuda
evaluation,2038,1198,Warm A,0.5678849220275879,0.17314153909683228,0.5061728395061729,1.0,0.21627946197986603,0.5484176278114319,,cfg02_G2_D32,0.9769684569910169,cuda
evaluation,2038,1198,Warm B,0.5636141896247864,0.17243589460849762,0.5061728395061729,1.0,0.24860826134681702,0.6243298649787903,,cfg02_G2_D32,0.9769684569910169,cuda
evaluation,2038,1198,Warm C,0.5722406506538391,0.17160671949386597,0.5308641975308642,1.0,0.28365132212638855,0.40909358859062195,,cfg02_G2_D32,0.9769684569910169,cuda
evaluation,2040,1199,Cold,0.5629118084907532,0.17543640732765198,0.5308641975308642,1.0,0.0,0.0,,cfg02_G2_D32,0.9769684569910169,cuda
evaluation,2040,1199,Warm A,0.571307361125946,0.17696985602378845,0.5061728395061729,1.0,0.2208787202835083,0.46133431792259216,,cfg02_G2_D32,0.9769684569910169,cuda
evaluation,2040,1199,Warm B,0.5789456963539124,0.17871922254562378,0.5555555555555556,1.0,0.36704152822494507,0.4073338508605957,,cfg02_G2_D32,0.9769684569910169,cuda
evaluation,2040,1199,Warm C,0.579154372215271,0.17705591022968292,0.5555555555555556,1.0,0.4254611134529114,0.37444832921028137,,cfg02_G2_D32,0.9769684569910169,cuda
evaluation,2041,1200,Cold,0.5572508573532104,0.1732076108455658,0.5061728395061729,1.0,0.0,0.0,,cfg02_G2_D32,0.9769684569910169,cuda
evaluation,2041,1200,Warm A,0.5589076280593872,0.17592598497867584,0.5061728395061729,1.0,0.23235847055912018,0.6914083361625671,,cfg02_G2_D32,0.9769684569910169,cuda
evaluation,2041,1200,Warm B,0.5602970719337463,0.17874348163604736,0.5061728395061729,1.0,0.4252088665962219,0.5964673161506653,,cfg02_G2_D32,0.9769684569910169,cuda
evaluation,2041,1200,Warm C,0.5623927712440491,0.18216754496097565,0.5061728395061729,1.0,0.6161073446273804,0.44867783784866333,,cfg02_G2_D32,0.9769684569910169,cuda
evaluation,2042,1201,Cold,0.5533532500267029,0.17327885329723358,0.5061728395061729,1.0,0.0,0.0,,cfg02_G2_D32,0.9769684569910169,cuda
evaluation,2042,1201,Warm A,0.5663403272628784,0.17203783988952637,0.5555555555555556,1.0,0.23697993159294128,0.32426854968070984,,cfg02_G2_D32,0.9769684569910169,cuda
evaluation,2042,1201,Warm B,0.5588125586509705,0.17336450517177582,0.5061728395061729,1.0,0.12946060299873352,0.553203284740448,,cfg02_G2_D32,0.9769684569910169,cuda
evaluation,2042,1201,Warm C,0.5696419477462769,0.17353928089141846,0.5308641975308642,1.0,0.2717081904411316,0.39278241991996765,,cfg02_G2_D32,0.9769684569910169,cuda
evaluation,2043,1202,Cold,0.5683857202529907,0.17356207966804504,0.48148148148148145,1.0,0.0,0.0,,cfg02_G2_D32,0.9769684569910169,cuda
evaluation,2043,1202,Warm A,0.5706339478492737,0.17548741400241852,0.5555555555555556,1.0,0.2219122052192688,0.5400474667549133,,cfg02_G2_D32,0.9769684569910169,cuda
evaluation,2043,1202,Warm B,0.5711233615875244,0.1726999431848526,0.5308641975308642,1.0,0.162864550948143,0.45198655128479004,,cfg02_G2_D32,0.9769684569910169,cuda
evaluation,2043,1202,Warm C,0.5712898373603821,0.175021693110466,0.5555555555555556,1.0,0.24555298686027527,0.6556682586669922,,cfg02_G2_D32,0.9769684569910169,cuda
evaluation,2048,1204,Cold,0.557633101940155,0.17119695246219635,0.5061728395061729,1.0,0.0,0.0,,cfg02_G2_D32,0.9769684569910169,cuda
evaluation,2048,1204,Warm A,0.5645110607147217,0.17244037985801697,0.5061728395061729,1.0,0.22088207304477692,0.5475616455078125,,cfg02_G2_D32,0.9769684569910169,cuda
evaluation,2048,1204,Warm B,0.5647414326667786,0.1704927533864975,0.5308641975308642,1.0,0.3524704575538635,0.3562602698802948,,cfg02_G2_D32,0.9769684569910169,cuda
evaluation,2048,1204,Warm C,0.5684939622879028,0.1712731420993805,0.5308641975308642,1.0,0.4658808708190918,0.4650323987007141,,cfg02_G2_D32,0.9769684569910169,cuda
evaluation,2050,1205,Cold,0.560011625289917,0.17298045754432678,0.48148148148148145,1.0,0.0,0.0,,cfg02_G2_D32,0.9769684569910169,cuda
evaluation,2050,1205,Warm A,0.5658574104309082,0.17375923693180084,0.5061728395061729,1.0,0.22650687396526337,0.5353834629058838,,cfg02_G2_D32,0.9769684569910169,cuda
evaluation,2050,1205,Warm B,0.5731309652328491,0.17239812016487122,0.5555555555555556,1.0,0.26236486434936523,0.366593599319458,,cfg02_G2_D32,0.9769684569910169,cuda
evaluation,2050,1205,Warm C,0.5811956524848938,0.17286816239356995,0.6296296296296297,1.0,0.410359650850296,0.31443390250205994,,cfg02_G2_D32,0.9769684569910169,cuda
evaluation,2051,1206,Cold,0.5606426000595093,0.17382854223251343,0.5061728395061729,1.0,0.0,0.0,,cfg02_G2_D32,0.9769684569910169,cuda
evaluation,2051,1206,Warm A,0.5695461630821228,0.17422471940517426,0.5308641975308642,1.0,0.22438333928585052,0.4533992409706116,,cfg02_G2_D32,0.9769684569910169,cuda
evaluation,2051,1206,Warm B,0.5794193744659424,0.17374394834041595,0.6049382716049383,1.0,0.4108172357082367,0.29359865188598633,,cfg02_G2_D32,0.9769684569910169,cuda
evaluation,2051,1206,Warm C,0.5819752812385559,0.17613022029399872,0.6296296296296297,1.0,0.4412759840488434,0.4027653634548187,,cfg02_G2_D32,0.9769684569910169,cuda
evaluation,2052,1207,Cold,0.5525742769241333,0.17579685151576996,0.5061728395061729,1.0,0.0,0.0,,cfg02_G2_D32,0.9769684569910169,cuda
evaluation,2052,1207,Warm A,0.561115026473999,0.17599567770957947,0.5061728395061729,1.0,0.21590569615364075,0.4766148626804352,,cfg02_G2_D32,0.9769684569910169,cuda
evaluation,2052,1207,Warm B,0.5691421627998352,0.1741544008255005,0.5308641975308642,1.0,0.3589867353439331,0.3072603642940521,,cfg02_G2_D32,0.9769684569910169,cuda
evaluation,2052,1207,Warm C,0.5582587122917175,0.17538189888000488,0.5308641975308642,1.0,0.21186894178390503,0.5754709243774414,,cfg02_G2_D32,0.9769684569910169,cuda
evaluation,2057,1210,Cold,0.5674287676811218,0.17086367309093475,0.48148148148148145,1.0,0.0,0.0,,cfg02_G2_D32,0.9769684569910169,cuda
evaluation,2057,1210,Warm A,0.5693172812461853,0.1728074997663498,0.5555555555555556,1.0,0.21530121564865112,0.653192937374115,,cfg02_G2_D32,0.9769684569910169,cuda
evaluation,2057,1210,Warm B,0.5619437098503113,0.17235662043094635,0.4074074074074074,1.0,0.35964614152908325,0.675484299659729,,cfg02_G2_D32,0.9769684569910169,cuda
evaluation,2057,1210,Warm C,0.5676136016845703,0.1724693924188614,0.5061728395061729,1.0,0.3581494390964508,0.46142932772636414,,cfg02_G2_D32,0.9769684569910169,cuda
evaluation,2060,1213,Cold,0.5508556365966797,0.1801232248544693,0.5061728395061729,1.0,0.0,0.0,,cfg02_G2_D32,0.9769684569910169,cuda
evaluation,2060,1213,Warm A,0.5607742667198181,0.17921780049800873,0.5061728395061729,1.0,0.21413423120975494,0.4895598888397217,,cfg02_G2_D32,0.9769684569910169,cuda
evaluation,2060,1213,Warm B,0.5561930537223816,0.17917215824127197,0.5555555555555556,1.0,0.22271336615085602,0.5939314365386963,,cfg02_G2_D32,0.9769684569910169,cuda
evaluation,2060,1213,Warm C,0.564409613609314,0.17823979258537292,0.5555555555555556,1.0,0.3591742515563965,0.47033509612083435,,cfg02_G2_D32,0.9769684569910169,cuda
evaluation,2062,1214,Cold,0.5554969310760498,0.17588426172733307,0.5061728395061729,1.0,0.0,0.0,,cfg02_G2_D32,0.9769684569910169,cuda
evaluation,2062,1214,Warm A,0.5558903813362122,0.17862103879451752,0.5061728395061729,1.0,0.22612658143043518,0.6474496126174927,,cfg02_G2_D32,0.9769684569910169,cuda
evaluation,2062,1214,Warm B,0.5531693696975708,0.17616334557533264,0.5061728395061729,1.0,0.19409191608428955,0.5867787599563599,,cfg02_G2_D32,0.9769684569910169,cuda
evaluation,2062,1214,Warm C,0.5571151375770569,0.17714975774288177,0.5061728395061729,1.0,0.33457639813423157,0.5489307641983032,,cfg02_G2_D32,0.9769684569910169,cuda
evaluation,2066,1217,Cold,0.5753493905067444,0.18093007802963257,0.5308641975308642,1.0,0.0,0.0,,cfg02_G2_D32,0.9769684569910169,cuda
evaluation,2066,1217,Warm A,0.5734943151473999,0.1796947419643402,0.5061728395061729,1.0,0.2268773317337036,0.46453943848609924,,cfg02_G2_D32,0.9769684569910169,cuda
evaluation,2066,1217,Warm B,0.5732467174530029,0.17970141768455505,0.5061728395061729,1.0,0.30299198627471924,0.5010615587234497,,cfg02_G2_D32,0.9769684569910169,cuda
evaluation,2066,1217,Warm C,0.5719077587127686,0.1788073182106018,0.5555555555555556,1.0,0.37680530548095703,0.5261092782020569,,cfg02_G2_D32,0.9769684569910169,cuda
evaluation,2068,1219,Cold,0.562050998210907,0.17730675637722015,0.5308641975308642,1.0,0.0,0.0,,cfg02_G2_D32,0.9769684569910169,cuda
evaluation,2068,1219,Warm A,0.5604863166809082,0.17593035101890564,0.5061728395061729,1.0,0.23116888105869293,0.43942394852638245,,cfg02_G2_D32,0.9769684569910169,cuda
evaluation,2068,1219,Warm B,0.5598576664924622,0.1779303103685379,0.48148148148148145,1.0,0.2152547538280487,0.6686034202575684,,cfg02_G2_D32,0.9769684569910169,cuda
evaluation,2068,1219,Warm C,0.5599551200866699,0.1777053326368332,0.48148148148148145,1.0,0.26496240496635437,0.43590623140335083,,cfg02_G2_D32,0.9769684569910169,cuda
evaluation,2069,1220,Cold,0.5627292394638062,0.17637309432029724,0.5555555555555556,1.0,0.0,0.0,,cfg02_G2_D32,0.9769684569910169,cuda
evaluation,2069,1220,Warm A,0.5620484352111816,0.17724493145942688,0.5308641975308642,1.0,0.2123211771249771,0.5960273742675781,,cfg02_G2_D32,0.9769684569910169,cuda
evaluation,2069,1220,Warm B,0.5650929808616638,0.17487047612667084,0.5555555555555556,1.0,0.24746164679527283,0.43785056471824646,,cfg02_G2_D32,0.9769684569910169,cuda
evaluation,2069,1220,Warm C,0.5721806883811951,0.17556722462177277,0.5802469135802469,1.0,0.29114818572998047,0.481736958026886,,cfg02_G2_D32,0.9769684569910169,cuda
evaluation,2071,1222,Cold,0.5578650832176208,0.17686955630779266,0.5061728395061729,1.0,0.0,0.0,,cfg02_G2_D32,0.9769684569910169,cuda
evaluation,2071,1222,Warm A,0.5555967092514038,0.17676514387130737,0.5308641975308642,1.0,0.22499588131904602,0.6633700728416443,,cfg02_G2_D32,0.9769684569910169,cuda
evaluation,2071,1222,Warm B,0.5494551658630371,0.17747414112091064,0.48148148148148145,1.0,0.3218850791454315,0.5763671398162842,,cfg02_G2_D32,0.9769684569910169,cuda
evaluation,2071,1222,Warm C,0.5458193421363831,0.17961826920509338,0.4567901234567901,1.0,0.4707547128200531,0.7390915751457214,,cfg02_G2_D32,0.9769684569910169,cuda
evaluation,2073,1224,Cold,0.5544397830963135,0.17916083335876465,0.48148148148148145,1.0,0.0,0.0,,cfg02_G2_D32,0.9769684569910169,cuda
evaluation,2073,1224,Warm A,0.5612047910690308,0.17704086005687714,0.5061728395061729,1.0,0.24100661277770996,0.5185672044754028,,cfg02_G2_D32,0.9769684569910169,cuda
evaluation,2073,1224,Warm B,0.554295539855957,0.17675821483135223,0.48148148148148145,1.0,0.19115164875984192,0.6604346632957458,,cfg02_G2_D32,0.9769684569910169,cuda
evaluation,2073,1224,Warm C,0.5530081987380981,0.17872820794582367,0.48148148148148145,1.0,0.15662969648838043,0.5162089467048645,,cfg02_G2_D32,0.9769684569910169,cuda
evaluation,2075,1225,Cold,0.5611554384231567,0.17543956637382507,0.5308641975308642,1.0,0.0,0.0,,cfg02_G2_D32,0.9769684569910169,cuda
evaluation,2075,1225,Warm A,0.5606430172920227,0.17375656962394714,0.5061728395061729,1.0,0.23962992429733276,0.26619797945022583,,cfg02_G2_D32,0.9769684569910169,cuda
evaluation,2075,1225,Warm B,0.5626356601715088,0.17447298765182495,0.5308641975308642,1.0,0.11342684924602509,0.7398161292076111,,cfg02_G2_D32,0.9769684569910169,cuda
evaluation,2075,1225,Warm C,0.568070113658905,0.1738036870956421,0.5308641975308642,1.0,0.2619486451148987,0.41329631209373474,,cfg02_G2_D32,0.9769684569910169,cuda
evaluation,2077,1227,Cold,0.5570477843284607,0.1702292412519455,0.5061728395061729,1.0,0.0,0.0,,cfg02_G2_D32,0.9769684569910169,cuda
evaluation,2077,1227,Warm A,0.5614327192306519,0.17007604241371155,0.5061728395061729,1.0,0.21664316952228546,0.5171343088150024,,cfg02_G2_D32,0.9769684569910169,cuda
evaluation,2077,1227,Warm B,0.5602078437805176,0.1697414368391037,0.5308641975308642,1.0,0.3330039978027344,0.5828402042388916,,cfg02_G2_D32,0.9769684569910169,cuda
evaluation,2077,1227,Warm C,0.5688157081604004,0.16741813719272614,0.5802469135802469,1.0,0.5092461109161377,0.47334393858909607,,cfg02_G2_D32,0.9769684569910169,cuda
evaluation,2084,1233,Cold,0.5554540157318115,0.16966234147548676,0.5061728395061729,1.0,0.0,0.0,,cfg02_G2_D32,0.9769684569910169,cuda
evaluation,2084,1233,Warm A,0.5554652810096741,0.17067952454090118,0.5308641975308642,1.0,0.22079095244407654,0.6082596182823181,,cfg02_G2_D32,0.9769684569910169,cuda
evaluation,2084,1233,Warm B,0.5531217455863953,0.1721573770046234,0.5555555555555556,1.0,0.35463571548461914,0.5335297584533691,,cfg02_G2_D32,0.9769684569910169,cuda
evaluation,2084,1233,Warm C,0.5528863072395325,0.17276827991008759,0.5308641975308642,1.0,0.4464915692806244,0.5682433247566223,,cfg02_G2_D32,0.9769684569910169,cuda
evaluation,2091,1239,Cold,0.5620816349983215,0.16890931129455566,0.5061728395061729,1.0,0.0,0.0,,cfg02_G2_D32,0.9769684569910169,cuda
evaluation,2091,1239,Warm A,0.5663312673568726,0.16892299056053162,0.5308641975308642,1.0,0.217609241604805,0.49891015887260437,,cfg02_G2_D32,0.9769684569910169,cuda
evaluation,2091,1239,Warm B,0.5669039487838745,0.16714692115783691,0.5555555555555556,1.0,0.28026050329208374,0.41562357544898987,,cfg02_G2_D32,0.9769684569910169,cuda
evaluation,2091,1239,Warm C,0.5724771022796631,0.16770122945308685,0.6049382716049383,1.0,0.37027743458747864,0.47950202226638794,,cfg02_G2_D32,0.9769684569910169,cuda
evaluation,2092,1240,Cold,0.5556859970092773,0.171293705701828,0.5061728395061729,1.0,0.0,0.0,,cfg02_G2_D32,0.9769684569910169,cuda
evaluation,2092,1240,Warm A,0.5621593594551086,0.172921821475029,0.5308641975308642,1.0,0.21727506816387177,0.4631075859069824,,cfg02_G2_D32,0.9769684569910169,cuda
evaluation,2092,1240,Warm B,0.5732821226119995,0.17229385673999786,0.5308641975308642,1.0,0.2800465524196625,0.2424917221069336,,cfg02_G2_D32,0.9769684569910169,cuda
evaluation,2092,1240,Warm C,0.5774670839309692,0.1703430861234665,0.6049382716049383,1.0,0.36883848905563354,0.27150923013687134,,cfg02_G2_D32,0.9769684569910169,cuda
evaluation,2095,1243,Cold,0.5605124235153198,0.17350052297115326,0.5061728395061729,1.0,0.0,0.0,,cfg02_G2_D32,0.9769684569910169,cuda
evaluation,2095,1243,Warm A,0.5680350065231323,0.1740829050540924,0.5061728395061729,1.0,0.21748146414756775,0.5242519378662109,,cfg02_G2_D32,0.9769684569910169,cuda
evaluation,2095,1243,Warm B,0.5737496614456177,0.17564497888088226,0.5308641975308642,1.0,0.3161015510559082,0.4748089015483856,,cfg02_G2_D32,0.9769684569910169,cuda
evaluation,2095,1243,Warm C,0.5686193108558655,0.17410129308700562,0.5555555555555556,1.0,0.2007947862148285,0.5321196913719177,,cfg02_G2_D32,0.9769684569910169,cuda
evaluation,2098,1246,Cold,0.5689355134963989,0.17279180884361267,0.5061728395061729,1.0,0.0,0.0,,cfg02_G2_D32,0.9769684569910169,cuda
evaluation,2098,1246,Warm A,0.5766496062278748,0.17433401942253113,0.5308641975308642,1.0,0.222993403673172,0.3534502387046814,,cfg02_G2_D32,0.9769684569910169,cuda
evaluation,2098,1246,Warm B,0.5813457369804382,0.17714793980121613,0.5555555555555556,1.0,0.4019536077976227,0.4374487102031708,,cfg02_G2_D32,0.9769684569910169,cuda
evaluation,2098,1246,Warm C,0.5753792524337769,0.17486438155174255,0.5555555555555556,1.0,0.21947740018367767,0.6075212359428406,,cfg02_G2_D32,0.9769684569910169,cuda
evaluation,2102,1249,Cold,0.5756168961524963,0.181064635515213,0.5308641975308642,1.0,0.0,0.0,,cfg02_G2_D32,0.9769684569910169,cuda
evaluation,2102,1249,Warm A,0.5725962519645691,0.18462009727954865,0.5061728395061729,1.0,0.23689018189907074,0.7856889963150024,,cfg02_G2_D32,0.9769684569910169,cuda
evaluation,2102,1249,Warm B,0.5733744502067566,0.1877659261226654,0.5555555555555556,1.0,0.418272465467453,0.5681830644607544,,cfg02_G2_D32,0.9769684569910169,cuda
evaluation,2102,1249,Warm C,0.5716668367385864,0.18631619215011597,0.4567901234567901,1.0,0.3734903037548065,0.5815518498420715,,cfg02_G2_D32,0.9769684569910169,cuda
evaluation,2106,1251,Cold,0.5575205683708191,0.17510363459587097,0.5061728395061729,1.0,0.0,0.0,,cfg02_G2_D32,0.9769684569910169,cuda
evaluation,2106,1251,Warm A,0.5606365203857422,0.1777174472808838,0.5061728395061729,1.0,0.230115607380867,0.730006217956543,,cfg02_G2_D32,0.9769684569910169,cuda
evaluation,2106,1251,Warm B,0.5688717365264893,0.17790912091732025,0.5061728395061729,1.0,0.17217671871185303,0.5119470357894897,,cfg02_G2_D32,0.9769684569910169,cuda
evaluation,2106,1251,Warm C,0.5690796971321106,0.1777343600988388,0.5308641975308642,1.0,0.23889821767807007,0.57271808385849,,cfg02_G2_D32,0.9769684569910169,cuda
evaluation,2107,1252,Cold,0.5540955066680908,0.1761639267206192,0.5061728395061729,1.0,0.0,0.0,,cfg02_G2_D32,0.9769684569910169,cuda
evaluation,2107,1252,Warm A,0.5664463639259338,0.1751268357038498,0.5308641975308642,1.0,0.24093513190746307,0.3809279203414917,,cfg02_G2_D32,0.9769684569910169,cuda
evaluation,2107,1252,Warm B,0.5760318040847778,0.17556336522102356,0.5308641975308642,1.0,0.37440505623817444,0.3093515634536743,,cfg02_G2_D32,0.9769684569910169,cuda
evaluation,2107,1252,Warm C,0.5663118362426758,0.17603783309459686,0.5061728395061729,1.0,0.24846108257770538,0.5870787501335144,,cfg02_G2_D32,0.9769684569910169,cuda
evaluation,2113,1258,Cold,0.5572859048843384,0.17602653801441193,0.5061728395061729,1.0,0.0,0.0,,cfg02_G2_D32,0.9769684569910169,cuda
evaluation,2113,1258,Warm A,0.5637726783752441,0.17806003987789154,0.5308641975308642,1.0,0.21781720221042633,0.45642590522766113,,cfg02_G2_D32,0.9769684569910169,cuda
evaluation,2113,1258,Warm B,0.5666168332099915,0.18171466886997223,0.5308641975308642,1.0,0.38815173506736755,0.5013605952262878,,cfg02_G2_D32,0.9769684569910169,cuda
evaluation,2113,1258,Warm C,0.5716120600700378,0.18498016893863678,0.5308641975308642,1.0,0.4743932783603668,0.3175683617591858,,cfg02_G2_D32,0.9769684569910169,cuda
evaluation,2119,1264,Cold,0.5567919015884399,0.17594848573207855,0.5061728395061729,1.0,0.0,0.0,,cfg02_G2_D32,0.9769684569910169,cuda
evaluation,2119,1264,Warm A,0.5623959302902222,0.1777949333190918,0.5308641975308642,1.0,0.22295397520065308,0.6412245035171509,,cfg02_G2_D32,0.9769684569910169,cuda
evaluation,2119,1264,Warm B,0.5703966021537781,0.1787165105342865,0.5555555555555556,1.0,0.35394322872161865,0.24038973450660706,,cfg02_G2_D32,0.9769684569910169,cuda
evaluation,2119,1264,Warm C,0.5726527571678162,0.17629866302013397,0.5555555555555556,1.0,0.2894664704799652,0.27810749411582947,,cfg02_G2_D32,0.9769684569910169,cuda
evaluation,2148,1289,Cold,0.5549400448799133,0.17700497806072235,0.5061728395061729,1.0,0.0,0.0,,cfg02_G2_D32,0.9769684569910169,cuda
evaluation,2148,1289,Warm A,0.5623457431793213,0.17627663910388947,0.5308641975308642,1.0,0.2168816775083542,0.5850449204444885,,cfg02_G2_D32,0.9769684569910169,cuda
evaluation,2148,1289,Warm B,0.5725465416908264,0.17486043274402618,0.5308641975308642,1.0,0.312084436416626,0.3038625121116638,,cfg02_G2_D32,0.9769684569910169,cuda
evaluation,2148,1289,Warm C,0.5602790117263794,0.1760786473751068,0.5061728395061729,1.0,0.22503216564655304,0.6542448997497559,,cfg02_G2_D32,0.9769684569910169,cuda
evaluation,2149,1290,Cold,0.555209219455719,0.17744192481040955,0.5061728395061729,1.0,0.0,0.0,,cfg02_G2_D32,0.9769684569910169,cuda
evaluation,2149,1290,Warm A,0.5604578852653503,0.18000830709934235,0.5061728395061729,1.0,0.21039168536663055,0.4735615849494934,,cfg02_G2_D32,0.9769684569910169,cuda
evaluation,2149,1290,Warm B,0.570247232913971,0.179981991648674,0.5308641975308642,1.0,0.26260849833488464,0.29396888613700867,,cfg02_G2_D32,0.9769684569910169,cuda
evaluation,2149,1290,Warm C,0.578250527381897,0.18114392459392548,0.6049382716049383,1.0,0.42405056953430176,0.07918235659599304,,cfg02_G2_D32,0.9769684569910169,cuda
evaluation,2151,1292,Cold,0.5535380244255066,0.17781595885753632,0.48148148148148145,1.0,0.0,0.0,,cfg02_G2_D32,0.9769684569910169,cuda
evaluation,2151,1292,Warm A,0.5567078590393066,0.18065865337848663,0.48148148148148145,1.0,0.21131537854671478,0.5757519602775574,,cfg02_G2_D32,0.9769684569910169,cuda
evaluation,2151,1292,Warm B,0.5596700310707092,0.1808442771434784,0.48148148148148145,1.0,0.2597104609012604,0.5418243408203125,,cfg02_G2_D32,0.9769684569910169,cuda
evaluation,2151,1292,Warm C,0.5518177151679993,0.18232475221157074,0.48148148148148145,1.0,0.3659566044807434,0.7483245134353638,,cfg02_G2_D32,0.9769684569910169,cuda
evaluation,2152,1293,Cold,0.552895724773407,0.1747501641511917,0.5061728395061729,1.0,0.0,0.0,,cfg02_G2_D32,0.9769684569910169,cuda
evaluation,2152,1293,Warm A,0.5627301335334778,0.17445315420627594,0.5308641975308642,1.0,0.21281559765338898,0.413222074508667,,cfg02_G2_D32,0.9769684569910169,cuda
evaluation,2152,1293,Warm B,0.571655809879303,0.17413906753063202,0.5802469135802469,1.0,0.3884419798851013,0.31033000349998474,,cfg02_G2_D32,0.9769684569910169,cuda
evaluation,2152,1293,Warm C,0.5743359923362732,0.17331086099147797,0.6049382716049383,1.0,0.4302726089954376,0.24120168387889862,,cfg02_G2_D32,0.9769684569910169,cuda
evaluation,2154,1295,Cold,0.5557535886764526,0.17534954845905304,0.5061728395061729,1.0,0.0,0.0,,cfg02_G2_D32,0.9769684569910169,cuda
evaluation,2154,1295,Warm A,0.5594927072525024,0.1774849146604538,0.5061728395061729,1.0,0.22791287302970886,0.6532365679740906,,cfg02_G2_D32,0.9769684569910169,cuda
evaluation,2154,1295,Warm B,0.5616357326507568,0.1781987100839615,0.48148148148148145,1.0,0.3253145217895508,0.5023713111877441,,cfg02_G2_D32,0.9769684569910169,cuda
evaluation,2154,1295,Warm C,0.5663617849349976,0.1811942756175995,0.5555555555555556,1.0,0.48115891218185425,0.4251358211040497,,cfg02_G2_D32,0.9769684569910169,cuda
evaluation,2162,1300,Cold,0.5553944706916809,0.1725652664899826,0.5061728395061729,1.0,0.0,0.0,,cfg02_G2_D32,0.9769684569910169,cuda
evaluation,2162,1300,Warm A,0.5660518407821655,0.1720479130744934,0.5308641975308642,1.0,0.21043990552425385,0.37986990809440613,,cfg02_G2_D32,0.9769684569910169,cuda
evaluation,2162,1300,Warm B,0.5740854740142822,0.1746276617050171,0.5308641975308642,1.0,0.3931700587272644,0.18861380219459534,,cfg02_G2_D32,0.9769684569910169,cuda
evaluation,2162,1300,Warm C,0.5654453039169312,0.17607027292251587,0.5308641975308642,1.0,0.4047238230705261,0.5883203744888306,,cfg02_G2_D32,0.9769684569910169,cuda
evaluation,2165,1302,Cold,0.5555400848388672,0.17605364322662354,0.5061728395061729,1.0,0.0,0.0,,cfg02_G2_D32,0.9769684569910169,cuda
evaluation,2165,1302,Warm A,0.5589674115180969,0.1770484894514084,0.5061728395061729,1.0,0.20604640245437622,0.6561750173568726,,cfg02_G2_D32,0.9769684569910169,cuda
evaluation,2165,1302,Warm B,0.5485140681266785,0.17756596207618713,0.5308641975308642,1.0,0.31316208839416504,0.7281419634819031,,cfg02_G2_D32,0.9769684569910169,cuda
evaluation,2165,1302,Warm C,0.5493522882461548,0.17929032444953918,0.5061728395061729,1.0,0.4681309759616852,0.6886674165725708,,cfg02_G2_D32,0.9769684569910169,cuda
evaluation,2166,1303,Cold,0.5573448538780212,0.174989715218544,0.5061728395061729,1.0,0.0,0.0,,cfg02_G2_D32,0.9769684569910169,cuda
evaluation,2166,1303,Warm A,0.5554834008216858,0.17442016303539276,0.5061728395061729,1.0,0.2101820856332779,0.6350745558738708,,cfg02_G2_D32,0.9769684569910169,cuda
evaluation,2166,1303,Warm B,0.5493052005767822,0.17450249195098877,0.48148148148148145,1.0,0.2604752480983734,0.5747466087341309,,cfg02_G2_D32,0.9769684569910169,cuda
evaluation,2166,1303,Warm C,0.5517003536224365,0.17559871077537537,0.5308641975308642,1.0,0.30849647521972656,0.5816196203231812,,cfg02_G2_D32,0.9769684569910169,cuda
evaluation,2168,1305,Cold,0.5553881525993347,0.17403796315193176,0.5061728395061729,1.0,0.0,0.0,,cfg02_G2_D32,0.9769684569910169,cuda
evaluation,2168,1305,Warm A,0.5582491755485535,0.1765495091676712,0.5061728395061729,1.0,0.2234853357076645,0.6500204801559448,,cfg02_G2_D32,0.9769684569910169,cuda
evaluation,2168,1305,Warm B,0.564029335975647,0.17797459661960602,0.5308641975308642,1.0,0.3456608057022095,0.5342249274253845,,cfg02_G2_D32,0.9769684569910169,cuda
evaluation,2168,1305,Warm C,0.5604891180992126,0.17559698224067688,0.5061728395061729,1.0,0.24917487800121307,0.5548510551452637,,cfg02_G2_D32,0.9769684569910169,cuda
evaluation,2169,1306,Cold,0.5513709783554077,0.1789974421262741,0.5061728395061729,1.0,0.0,0.0,,cfg02_G2_D32,0.9769684569910169,cuda
evaluation,2169,1306,Warm A,0.5608528852462769,0.1777091771364212,0.5308641975308642,1.0,0.20537041127681732,0.5011739730834961,,cfg02_G2_D32,0.9769684569910169,cuda
evaluation,2169,1306,Warm B,0.5643099546432495,0.17671602964401245,0.5308641975308642,1.0,0.3562799096107483,0.43539324402809143,,cfg02_G2_D32,0.9769684569910169,cuda
evaluation,2169,1306,Warm C,0.556795597076416,0.17841674387454987,0.5308641975308642,1.0,0.33642250299453735,0.5302269458770752,,cfg02_G2_D32,0.9769684569910169,cuda
evaluation,2170,1307,Cold,0.551661491394043,0.17876878380775452,0.5061728395061729,1.0,0.0,0.0,,cfg02_G2_D32,0.9769684569910169,cuda
evaluation,2170,1307,Warm A,0.5576855540275574,0.18113088607788086,0.5061728395061729,1.0,0.22235530614852905,0.4916463792324066,,cfg02_G2_D32,0.9769684569910169,cuda
evaluation,2170,1307,Warm B,0.5516709089279175,0.1811259388923645,0.5061728395061729,1.0,0.26068735122680664,0.5586597323417664,,cfg02_G2_D32,0.9769684569910169,cuda
evaluation,2170,1307,Warm C,0.5604787468910217,0.1812768578529358,0.5061728395061729,1.0,0.31335437297821045,0.3481040596961975,,cfg02_G2_D32,0.9769684569910169,cuda
evaluation,2171,1308,Cold,0.5528838634490967,0.17725807428359985,0.5061728395061729,1.0,0.0,0.0,,cfg02_G2_D32,0.9769684569910169,cuda
evaluation,2171,1308,Warm A,0.5479598045349121,0.1774689257144928,0.48148148148148145,1.0,0.20928114652633667,0.5073766112327576,,cfg02_G2_D32,0.9769684569910169,cuda
evaluation,2171,1308,Warm B,0.5486368536949158,0.178392693400383,0.5061728395061729,1.0,0.22213101387023926,0.6687019467353821,,cfg02_G2_D32,0.9769684569910169,cuda
evaluation,2171,1308,Warm C,0.5472503900527954,0.17748478055000305,0.5555555555555556,1.0,0.2972699701786041,0.5829238891601562,,cfg02_G2_D32,0.9769684569910169,cuda
evaluation,2173,1309,Cold,0.5545503497123718,0.17376971244812012,0.5061728395061729,1.0,0.0,0.0,,cfg02_G2_D32,0.9769684569910169,cuda
evaluation,2173,1309,Warm A,0.5561874508857727,0.1742236167192459,0.5061728395061729,1.0,0.19907918572425842,0.5701088309288025,,cfg02_G2_D32,0.9769684569910169,cuda
evaluation,2173,1309,Warm B,0.5576575994491577,0.17316414415836334,0.48148148148148145,1.0,0.2602364420890808,0.5031352043151855,,cfg02_G2_D32,0.9769684569910169,cuda
evaluation,2173,1309,Warm C,0.5529513955116272,0.17475683987140656,0.48148148148148145,1.0,0.22145600616931915,0.5763841867446899,,cfg02_G2_D32,0.9769684569910169,cuda
evaluation,2176,1311,Cold,0.5749421715736389,0.18080204725265503,0.5308641975308642,1.0,0.0,0.0,,cfg02_G2_D32,0.9769684569910169,cuda
evaluation,2176,1311,Warm A,0.5701919198036194,0.18257549405097961,0.4567901234567901,1.0,0.23870337009429932,0.7497233748435974,,cfg02_G2_D32,0.9769684569910169,cuda
evaluation,2176,1311,Warm B,0.5710541009902954,0.18130026757717133,0.48148148148148145,1.0,0.2517535984516144,0.5042619705200195,,cfg02_G2_D32,0.9769684569910169,cuda
evaluation,2176,1311,Warm C,0.5744767189025879,0.18220221996307373,0.5061728395061729,1.0,0.3409002125263214,0.5282353758811951,,cfg02_G2_D32,0.9769684569910169,cuda
evaluation,2177,1312,Cold,0.5625213980674744,0.1767456978559494,0.5308641975308642,1.0,0.0,0.0,,cfg02_G2_D32,0.9769684569910169,cuda
evaluation,2177,1312,Warm A,0.5630635619163513,0.17883285880088806,0.48148148148148145,1.0,0.19870057702064514,0.6031097769737244,,cfg02_G2_D32,0.9769684569910169,cuda
evaluation,2177,1312,Warm B,0.5649081468582153,0.17669175565242767,0.5308641975308642,1.0,0.15683674812316895,0.49581146240234375,,cfg02_G2_D32,0.9769684569910169,cuda
evaluation,2177,1312,Warm C,0.5703477263450623,0.17830219864845276,0.5061728395061729,1.0,0.29205477237701416,0.45358163118362427,,cfg02_G2_D32,0.9769684569910169,cuda
evaluation,2178,1313,Cold,0.5656988620758057,0.17557667195796967,0.5555555555555556,1.0,0.0,0.0,,cfg02_G2_D32,0.9769684569910169,cuda
evaluation,2178,1313,Warm A,0.5670098662376404,0.1767524927854538,0.5308641975308642,1.0,0.20679251849651337,0.5921531915664673,,cfg02_G2_D32,0.9769684569910169,cuda
evaluation,2178,1313,Warm B,0.5603497624397278,0.17453445494174957,0.5061728395061729,1.0,0.2654150128364563,0.5840233564376831,,cfg02_G2_D32,0.9769684569910169,cuda
evaluation,2178,1313,Warm C,0.5517793297767639,0.1754443496465683,0.48148148148148145,1.0,0.4113207459449768,0.6090645790100098,,cfg02_G2_D32,0.9769684569910169,cuda
evaluation,2181,1314,Cold,0.5691937804222107,0.17774558067321777,0.5308641975308642,1.0,0.0,0.0,,cfg02_G2_D32,0.9769684569910169,cuda
evaluation,2181,1314,Warm A,0.5703263878822327,0.179911270737648,0.48148148148148145,1.0,0.22750768065452576,0.642359733581543,,cfg02_G2_D32,0.9769684569910169,cuda
evaluation,2181,1314,Warm B,0.5730533599853516,0.17729517817497253,0.5555555555555556,1.0,0.22905905544757843,0.46575137972831726,,cfg02_G2_D32,0.9769684569910169,cuda
evaluation,2181,1314,Warm C,0.5672768354415894,0.1754002869129181,0.5061728395061729,1.0,0.22965388000011444,0.5795803070068359,,cfg02_G2_D32,0.9769684569910169,cuda
evaluation,2182,1315,Cold,0.5730881690979004,0.1809854507446289,0.48148148148148145,1.0,0.0,0.0,,cfg02_G2_D32,0.9769684569910169,cuda
evaluation,2182,1315,Warm A,0.5706759691238403,0.18387165665626526,0.4567901234567901,1.0,0.23584449291229248,0.9496831893920898,,cfg02_G2_D32,0.9769684569910169,cuda
evaluation,2182,1315,Warm B,0.5720381736755371,0.18165549635887146,0.5308641975308642,1.0,0.2461872696876526,0.41063982248306274,,cfg02_G2_D32,0.9769684569910169,cuda
evaluation,2182,1315,Warm C,0.5718643069267273,0.17996396124362946,0.48148148148148145,1.0,0.3076542913913727,0.46814748644828796,,cfg02_G2_D32,0.9769684569910169,cuda
evaluation,2183,1316,Cold,0.5737070441246033,0.17899422347545624,0.48148148148148145,1.0,0.0,0.0,,cfg02_G2_D32,0.9769684569910169,cuda
evaluation,2183,1316,Warm A,0.5797463059425354,0.17744503915309906,0.5555555555555556,1.0,0.2355600893497467,0.4077804982662201,,cfg02_G2_D32,0.9769684569910169,cuda
evaluation,2183,1316,Warm B,0.5805988907814026,0.17506960034370422,0.5308641975308642,1.0,0.386665016412735,0.40918800234794617,,cfg02_G2_D32,0.9769684569910169,cuda
evaluation,2183,1316,Warm C,0.5811741948127747,0.17463243007659912,0.5802469135802469,1.0,0.46910008788108826,0.3670271635055542,,cfg02_G2_D32,0.9769684569910169,cuda
evaluation,2184,1317,Cold,0.5734776854515076,0.17782588303089142,0.5061728395061729,1.0,0.0,0.0,,cfg02_G2_D32,0.9769684569910169,cuda
evaluation,2184,1317,Warm A,0.5731151700019836,0.18283775448799133,0.5308641975308642,1.0,0.23072005808353424,0.6750952005386353,,cfg02_G2_D32,0.9769684569910169,cuda
evaluation,2184,1317,Warm B,0.5736769437789917,0.18565747141838074,0.5061728395061729,1.0,0.38154518604278564,0.5431410670280457,,cfg02_G2_D32,0.9769684569910169,cuda
evaluation,2184,1317,Warm C,0.5738083720207214,0.1813478171825409,0.5308641975308642,1.0,0.20732051134109497,0.40223178267478943,,cfg02_G2_D32,0.9769684569910169,cuda
evaluation,2195,1322,Cold,0.5516489148139954,0.17870908975601196,0.5061728395061729,1.0,0.0,0.0,,cfg02_G2_D32,0.9769684569910169,cuda
evaluation,2195,1322,Warm A,0.5597587823867798,0.17943361401557922,0.5555555555555556,1.0,0.21292254328727722,0.5151095390319824,,cfg02_G2_D32,0.9769684569910169,cuda
evaluation,2195,1322,Warm B,0.5514611601829529,0.18091212213039398,0.5308641975308642,1.0,0.2561916708946228,0.6648308634757996,,cfg02_G2_D32,0.9769684569910169,cuda
evaluation,2195,1322,Warm C,0.5608575940132141,0.17977389693260193,0.5555555555555556,1.0,0.2860012352466583,0.3833733797073364,,cfg02_G2_D32,0.9769684569910169,cuda
evaluation,2204,1325,Cold,0.5772712826728821,0.18399786949157715,0.5308641975308642,1.0,0.0,0.0,,cfg02_G2_D32,0.9769684569910169,cuda
evaluation,2204,1325,Warm A,0.5741231441497803,0.18665927648544312,0.5061728395061729,1.0,0.21779769659042358,0.5156375169754028,,cfg02_G2_D32,0.9769684569910169,cuda
evaluation,2204,1325,Warm B,0.5733350515365601,0.19022998213768005,0.5061728395061729,1.0,0.3448965847492218,0.5685234069824219,,cfg02_G2_D32,0.9769684569910169,cuda
evaluation,2204,1325,Warm C,0.5728683471679688,0.18717442452907562,0.48148148148148145,1.0,0.32633307576179504,0.45637962222099304,,cfg02_G2_D32,0.9769684569910169,cuda
evaluation,2206,1326,Cold,0.5770547389984131,0.18328623473644257,0.5308641975308642,1.0,0.0,0.0,,cfg02_G2_D32,0.9769684569910169,cuda
evaluation,2206,1326,Warm A,0.5819596648216248,0.18259374797344208,0.5061728395061729,1.0,0.23712240159511566,0.35303226113319397,,cfg02_G2_D32,0.9769684569910169,cuda
evaluation,2206,1326,Warm B,0.5867229700088501,0.18180371820926666,0.5061728395061729,1.0,0.43746790289878845,0.2789650857448578,,cfg02_G2_D32,0.9769684569910169,cuda
evaluation,2206,1326,Warm C,0.5878880023956299,0.1797320544719696,0.5555555555555556,1.0,0.5388311743736267,0.28940272331237793,,cfg02_G2_D32,0.9769684569910169,cuda
evaluation,2208,1327,Cold,0.5775870084762573,0.18517880141735077,0.5308641975308642,1.0,0.0,0.0,,cfg02_G2_D32,0.9769684569910169,cuda
evaluation,2208,1327,Warm A,0.577491819858551,0.1827135980129242,0.5061728395061729,1.0,0.20612335205078125,0.41374513506889343,,cfg02_G2_D32,0.9769684569910169,cuda
evaluation,2208,1327,Warm B,0.58186274766922,0.18204745650291443,0.6049382716049383,1.0,0.28720182180404663,0.2907971143722534,,cfg02_G2_D32,0.9769684569910169,cuda
evaluation,2208,1327,Warm C,0.584293782711029,0.1801871359348297,0.5555555555555556,1.0,0.4705509841442108,0.24705861508846283,,cfg02_G2_D32,0.9769684569910169,cuda
evaluation,2212,1328,Cold,0.5799256563186646,0.18778888881206512,0.5308641975308642,1.0,0.0,0.0,,cfg02_G2_D32,0.9769684569910169,cuda
evaluation,2212,1328,Warm A,0.580195963382721,0.18858832120895386,0.5308641975308642,1.0,0.18781842291355133,0.40420934557914734,,cfg02_G2_D32,0.9769684569910169,cuda
evaluation,2212,1328,Warm B,0.5821858048439026,0.1892223209142685,0.5308641975308642,1.0,0.29184064269065857,0.4349656105041504,,cfg02_G2_D32,0.9769684569910169,cuda
evaluation,2212,1328,Warm C,0.5805553197860718,0.18700769543647766,0.5061728395061729,1.0,0.33352527022361755,0.49472299218177795,,cfg02_G2_D32,0.9769684569910169,cuda
evaluation,2238,1332,Cold,0.5616592764854431,0.17822904884815216,0.5308641975308642,1.0,0.0,0.0,,cfg02_G2_D32,0.9769684569910169,cuda
evaluation,2238,1332,Warm A,0.5571041703224182,0.17711590230464935,0.48148148148148145,1.0,0.23399792611598969,0.4506164491176605,,cfg02_G2_D32,0.9769684569910169,cuda
evaluation,2238,1332,Warm B,0.5586322546005249,0.17733779549598694,0.4567901234567901,1.0,0.24677738547325134,0.47648197412490845,,cfg02_G2_D32,0.9769684569910169,cuda
evaluation,2238,1332,Warm C,0.5625993013381958,0.18016164004802704,0.48148148148148145,1.0,0.2516539990901947,0.559428870677948,,cfg02_G2_D32,0.9769684569910169,cuda
evaluation,2239,1333,Cold,0.5631018877029419,0.17876307666301727,0.5308641975308642,1.0,0.0,0.0,,cfg02_G2_D32,0.9769684569910169,cuda
evaluation,2239,1333,Warm A,0.5622108578681946,0.18100202083587646,0.5061728395061729,1.0,0.21619369089603424,0.6472023129463196,,cfg02_G2_D32,0.9769684569910169,cuda
evaluation,2239,1333,Warm B,0.5580139756202698,0.1803033947944641,0.48148148148148145,1.0,0.271156370639801,0.5314586758613586,,cfg02_G2_D32,0.9769684569910169,cuda
evaluation,2239,1333,Warm C,0.556732714176178,0.18039941787719727,0.4567901234567901,1.0,0.3495331406593323,0.4749622046947479,,cfg02_G2_D32,0.9769684569910169,cuda
evaluation,2241,1335,Cold,0.557896077632904,0.17823395133018494,0.48148148148148145,1.0,0.0,0.0,,cfg02_G2_D32,0.9769684569910169,cuda
evaluation,2241,1335,Warm A,0.5663009285926819,0.17895033955574036,0.5308641975308642,1.0,0.2129688262939453,0.369411438703537,,cfg02_G2_D32,0.9769684569910169,cuda
evaluation,2241,1335,Warm B,0.5702461004257202,0.1815575361251831,0.5308641975308642,1.0,0.32088905572891235,0.48104363679885864,,cfg02_G2_D32,0.9769684569910169,cuda
evaluation,2241,1335,Warm C,0.5756328105926514,0.18436618149280548,0.5555555555555556,1.0,0.4460875689983368,0.3090847432613373,,cfg02_G2_D32,0.9769684569910169,cuda
evaluation,2250,1341,Cold,0.5585401058197021,0.17586028575897217,0.5308641975308642,1.0,0.0,0.0,,cfg02_G2_D32,0.9769684569910169,cuda
evaluation,2250,1341,Warm A,0.5646693110466003,0.17759296298027039,0.5308641975308642,1.0,0.2147689312696457,0.5798535943031311,,cfg02_G2_D32,0.9769684569910169,cuda
evaluation,2250,1341,Warm B,0.5547829866409302,0.1779642403125763,0.48148148148148145,1.0,0.3164164423942566,0.7476930022239685,,cfg02_G2_D32,0.9769684569910169,cuda
evaluation,2250,1341,Warm C,0.5618138313293457,0.17826463282108307,0.5308641975308642,1.0,0.299895703792572,0.46823498606681824,,cfg02_G2_D32,0.9769684569910169,cuda
evaluation,2252,1342,Cold,0.5559776425361633,0.17584270238876343,0.5061728395061729,1.0,0.0,0.0,,cfg02_G2_D32,0.9769684569910169,cuda
evaluation,2252,1342,Warm A,0.5635433197021484,0.1775050163269043,0.5061728395061729,1.0,0.2125643491744995,0.5496401190757751,,cfg02_G2_D32,0.9769684569910169,cuda
evaluation,2252,1342,Warm B,0.5645982027053833,0.1740526407957077,0.5555555555555556,1.0,0.23147711157798767,0.50677490234375,,cfg02_G2_D32,0.9769684569910169,cuda
evaluation,2252,1342,Warm C,0.5725469589233398,0.17574402689933777,0.5061728395061729,1.0,0.3669585585594177,0.4712400436401367,,cfg02_G2_D32,0.9769684569910169,cuda
evaluation,2255,1344,Cold,0.5560370087623596,0.17776165902614594,0.48148148148148145,1.0,0.0,0.0,,cfg02_G2_D32,0.9769684569910169,cuda
evaluation,2255,1344,Warm A,0.5592887997627258,0.1804865151643753,0.5061728395061729,1.0,0.22682063281536102,0.7527090907096863,,cfg02_G2_D32,0.9769684569910169,cuda
evaluation,2255,1344,Warm B,0.5619344711303711,0.1845446527004242,0.5061728395061729,1.0,0.44022756814956665,0.49336716532707214,,cfg02_G2_D32,0.9769684569910169,cuda
evaluation,2255,1344,Warm C,0.5707234740257263,0.1841292828321457,0.5061728395061729,1.0,0.28581711649894714,0.3171040713787079,,cfg02_G2_D32,0.9769684569910169,cuda
evaluation,2261,1346,Cold,0.5565134882926941,0.17594096064567566,0.5061728395061729,1.0,0.0,0.0,,cfg02_G2_D32,0.9769684569910169,cuda
evaluation,2261,1346,Warm A,0.566979706287384,0.17622902989387512,0.5308641975308642,1.0,0.2119542509317398,0.4323238432407379,,cfg02_G2_D32,0.9769684569910169,cuda
evaluation,2261,1346,Warm B,0.5575147867202759,0.1769518405199051,0.5061728395061729,1.0,0.25152939558029175,0.6355025768280029,,cfg02_G2_D32,0.9769684569910169,cuda
evaluation,2261,1346,Warm C,0.5658572316169739,0.17556869983673096,0.5308641975308642,1.0,0.32763412594795227,0.47897839546203613,,cfg02_G2_D32,0.9769684569910169,cuda
evaluation,2263,1348,Cold,0.5590246915817261,0.1761997491121292,0.5308641975308642,1.0,0.0,0.0,,cfg02_G2_D32,0.9769684569910169,cuda
evaluation,2263,1348,Warm A,0.5664958953857422,0.1779361516237259,0.5061728395061729,1.0,0.21265514194965363,0.5143171548843384,,cfg02_G2_D32,0.9769684569910169,cuda
evaluation,2263,1348,Warm B,0.5642068982124329,0.1749093383550644,0.5308641975308642,1.0,0.2909511923789978,0.46345242857933044,,cfg02_G2_D32,0.9769684569910169,cuda
evaluation,2263,1348,Warm C,0.570138156414032,0.177353173494339,0.5061728395061729,1.0,0.3641800284385681,0.40047359466552734,,cfg02_G2_D32,0.9769684569910169,cuda
evaluation,2264,1349,Cold,0.5595039129257202,0.17581622302532196,0.5308641975308642,1.0,0.0,0.0,,cfg02_G2_D32,0.9769684569910169,cuda
evaluation,2264,1349,Warm A,0.560601532459259,0.17855997383594513,0.5061728395061729,1.0,0.22792986035346985,0.8078852891921997,,cfg02_G2_D32,0.9769684569910169,cuda
evaluation,2264,1349,Warm B,0.5684754848480225,0.18116380274295807,0.5061728395061729,1.0,0.280845582485199,0.3525558412075043,,cfg02_G2_D32,0.9769684569910169,cuda
evaluation,2264,1349,Warm C,0.570355236530304,0.18451467156410217,0.5061728395061729,1.0,0.4383353292942047,0.3412035405635834,,cfg02_G2_D32,0.9769684569910169,cuda
evaluation,2265,1350,Cold,0.553152859210968,0.1768530309200287,0.5061728395061729,1.0,0.0,0.0,,cfg02_G2_D32,0.9769684569910169,cuda
evaluation,2265,1350,Warm A,0.5597397685050964,0.17823202908039093,0.5061728395061729,1.0,0.2198869287967682,0.4379027485847473,,cfg02_G2_D32,0.9769684569910169,cuda
evaluation,2265,1350,Warm B,0.569936990737915,0.18022871017456055,0.5555555555555556,1.0,0.32212090492248535,0.296846479177475,,cfg02_G2_D32,0.9769684569910169,cuda
evaluation,2265,1350,Warm C,0.5803654789924622,0.17960846424102783,0.5555555555555556,1.0,0.4582902491092682,0.09426140785217285,,cfg02_G2_D32,0.9769684569910169,cuda
evaluation,2266,1351,Cold,0.5563709735870361,0.17533516883850098,0.5061728395061729,1.0,0.0,0.0,,cfg02_G2_D32,0.9769684569910169,cuda
evaluation,2266,1351,Warm A,0.5645710229873657,0.1773090809583664,0.5555555555555556,1.0,0.21706660091876984,0.4247969686985016,,cfg02_G2_D32,0.9769684569910169,cuda
evaluation,2266,1351,Warm B,0.5710787773132324,0.17952921986579895,0.5555555555555556,1.0,0.3792467415332794,0.38455045223236084,,cfg02_G2_D32,0.9769684569910169,cuda
evaluation,2266,1351,Warm C,0.5631908178329468,0.1770825982093811,0.5061728395061729,1.0,0.2503611445426941,0.4732716679573059,,cfg02_G2_D32,0.9769684569910169,cuda
evaluation,2267,1352,Cold,0.5591086149215698,0.1749996542930603,0.5061728395061729,1.0,0.0,0.0,,cfg02_G2_D32,0.9769684569910169,cuda
evaluation,2267,1352,Warm A,0.5613052248954773,0.17564865946769714,0.5308641975308642,1.0,0.2081783413887024,0.6221677660942078,,cfg02_G2_D32,0.9769684569910169,cuda
evaluation,2267,1352,Warm B,0.5680522918701172,0.1794579178094864,0.5308641975308642,1.0,0.35460364818573,0.3909173905849457,,cfg02_G2_D32,0.9769684569910169,cuda
evaluation,2267,1352,Warm C,0.562296450138092,0.17883063852787018,0.5308641975308642,1.0,0.44337499141693115,0.4822814166545868,,cfg02_G2_D32,0.9769684569910169,cuda
evaluation,2271,1355,Cold,0.5554900765419006,0.17619936168193817,0.5061728395061729,1.0,0.0,0.0,,cfg02_G2_D32,0.9769684569910169,cuda
evaluation,2271,1355,Warm A,0.5586041808128357,0.1770392209291458,0.5061728395061729,1.0,0.19637459516525269,0.589871346950531,,cfg02_G2_D32,0.9769684569910169,cuda
evaluation,2271,1355,Warm B,0.5488783717155457,0.17707385122776031,0.5061728395061729,1.0,0.2948665916919708,0.6856585144996643,,cfg02_G2_D32,0.9769684569910169,cuda
evaluation,2271,1355,Warm C,0.5544543266296387,0.17793887853622437,0.5061728395061729,1.0,0.37959346175193787,0.6124043464660645,,cfg02_G2_D32,0.9769684569910169,cuda
evaluation,2272,1356,Cold,0.5553671717643738,0.17526768147945404,0.5061728395061729,1.0,0.0,0.0,,cfg02_G2_D32,0.9769684569910169,cuda
evaluation,2272,1356,Warm A,0.5615897178649902,0.1770607978105545,0.5308641975308642,1.0,0.2007952332496643,0.6561056971549988,,cfg02_G2_D32,0.9769684569910169,cuda
evaluation,2272,1356,Warm B,0.5627008080482483,0.17790824174880981,0.5555555555555556,1.0,0.3126837909221649,0.6137469410896301,,cfg02_G2_D32,0.9769684569910169,cuda
evaluation,2272,1356,Warm C,0.5611593127250671,0.17506849765777588,0.5308641975308642,1.0,0.23667076230049133,0.5159096121788025,,cfg02_G2_D32,0.9769684569910169,cuda
evaluation,2275,1358,Cold,0.5517215728759766,0.1751028150320053,0.5308641975308642,1.0,0.0,0.0,,cfg02_G2_D32,0.9769684569910169,cuda
evaluation,2275,1358,Warm A,0.5411842465400696,0.17743857204914093,0.4567901234567901,1.0,0.24006584286689758,0.6614300608634949,,cfg02_G2_D32,0.9769684569910169,cuda
evaluation,2275,1358,Warm B,0.5448398590087891,0.17806321382522583,0.5308641975308642,1.0,0.35564497113227844,0.6326325535774231,,cfg02_G2_D32,0.9769684569910169,cuda
evaluation,2275,1358,Warm C,0.5402169227600098,0.1793108433485031,0.4074074074074074,1.0,0.4814751446247101,0.6803095936775208,,cfg02_G2_D32,0.9769684569910169,cuda
evaluation,2276,1359,Cold,0.5563684105873108,0.17591136693954468,0.5061728395061729,1.0,0.0,0.0,,cfg02_G2_D32,0.9769684569910169,cuda
evaluation,2276,1359,Warm A,0.5552190542221069,0.17733456194400787,0.5308641975308642,1.0,0.22441120445728302,0.6269134879112244,,cfg02_G2_D32,0.9769684569910169,cuda
evaluation,2276,1359,Warm B,0.5534906983375549,0.17534266412258148,0.5061728395061729,1.0,0.21342550218105316,0.49755221605300903,,cfg02_G2_D32,0.9769684569910169,cuda
evaluation,2276,1359,Warm C,0.5478359460830688,0.17517903447151184,0.48148148148148145,1.0,0.2694958448410034,0.5956756472587585,,cfg02_G2_D32,0.9769684569910169,cuda
evaluation,2280,1362,Cold,0.5521340370178223,0.17627377808094025,0.5308641975308642,1.0,0.0,0.0,,cfg02_G2_D32,0.9769684569910169,cuda
evaluation,2280,1362,Warm A,0.5550639033317566,0.1749243140220642,0.5061728395061729,1.0,0.19695895910263062,0.5582367777824402,,cfg02_G2_D32,0.9769684569910169,cuda
evaluation,2280,1362,Warm B,0.5624005198478699,0.17231550812721252,0.5308641975308642,1.0,0.3968091905117035,0.3702939748764038,,cfg02_G2_D32,0.9769684569910169,cuda
evaluation,2280,1362,Warm C,0.559779703617096,0.17262086272239685,0.5308641975308642,1.0,0.44319629669189453,0.5768935680389404,,cfg02_G2_D32,0.9769684569910169,cuda
evaluation,2283,1364,Cold,0.5591298937797546,0.1775595247745514,0.5308641975308642,1.0,0.0,0.0,,cfg02_G2_D32,0.9769684569910169,cuda
evaluation,2283,1364,Warm A,0.5645571351051331,0.17969191074371338,0.5308641975308642,1.0,0.2139117270708084,0.5999175310134888,,cfg02_G2_D32,0.9769684569910169,cuda
evaluation,2283,1364,Warm B,0.5604295134544373,0.18336446583271027,0.5061728395061729,1.0,0.3829647898674011,0.7213494181632996,,cfg02_G2_D32,0.9769684569910169,cuda
evaluation,2283,1364,Warm C,0.5657402276992798,0.18378573656082153,0.5308641975308642,1.0,0.37677958607673645,0.4218876361846924,,cfg02_G2_D32,0.9769684569910169,cuda
evaluation,2290,1368,Cold,0.5601235032081604,0.17923510074615479,0.5061728395061729,1.0,0.0,0.0,,cfg02_G2_D32,0.9769684569910169,cuda
evaluation,2290,1368,Warm A,0.5618104338645935,0.18191927671432495,0.5061728395061729,1.0,0.2123662531375885,0.6663829684257507,,cfg02_G2_D32,0.9769684569910169,cuda
evaluation,2290,1368,Warm B,0.551472544670105,0.1824391931295395,0.4567901234567901,1.0,0.40034085512161255,0.7113186120986938,,cfg02_G2_D32,0.9769684569910169,cuda
evaluation,2290,1368,Warm C,0.5484027862548828,0.1826023906469345,0.4567901234567901,1.0,0.542137086391449,0.6452118754386902,,cfg02_G2_D32,0.9769684569910169,cuda
evaluation,2295,1371,Cold,0.5505189299583435,0.1808554083108902,0.5061728395061729,1.0,0.0,0.0,,cfg02_G2_D32,0.9769684569910169,cuda
evaluation,2295,1371,Warm A,0.5434275269508362,0.18160980939865112,0.4567901234567901,1.0,0.2270493060350418,0.6850631833076477,,cfg02_G2_D32,0.9769684569910169,cuda
evaluation,2295,1371,Warm B,0.5426701307296753,0.1811082512140274,0.43209876543209874,1.0,0.34389638900756836,0.6267702579498291,,cfg02_G2_D32,0.9769684569910169,cuda
evaluation,2295,1371,Warm C,0.5464261174201965,0.1804751306772232,0.4567901234567901,1.0,0.4324914515018463,0.46683502197265625,,cfg02_G2_D32,0.9769684569910169,cuda
evaluation,2296,1372,Cold,0.5507452487945557,0.17931467294692993,0.5061728395061729,1.0,0.0,0.0,,cfg02_G2_D32,0.9769684569910169,cuda
evaluation,2296,1372,Warm A,0.559558093547821,0.180009126663208,0.5061728395061729,1.0,0.21950668096542358,0.4284585416316986,,cfg02_G2_D32,0.9769684569910169,cuda
evaluation,2296,1372,Warm B,0.5677245259284973,0.17903126776218414,0.5308641975308642,1.0,0.3641800880432129,0.3989282548427582,,cfg02_G2_D32,0.9769684569910169,cuda
evaluation,2296,1372,Warm C,0.572735607624054,0.18162105977535248,0.5555555555555556,1.0,0.49686360359191895,0.29287493228912354,,cfg02_G2_D32,0.9769684569910169,cuda
evaluation,2306,1378,Cold,0.5506126880645752,0.17960014939308167,0.5061728395061729,1.0,0.0,0.0,,cfg02_G2_D32,0.9769684569910169,cuda
evaluation,2306,1378,Warm A,0.556414783000946,0.1818968653678894,0.5061728395061729,1.0,0.22620117664337158,0.5821223258972168,,cfg02_G2_D32,0.9769684569910169,cuda
evaluation,2306,1378,Warm B,0.5622999668121338,0.18408693373203278,0.5061728395061729,1.0,0.3731653392314911,0.3653901219367981,,cfg02_G2_D32,0.9769684569910169,cuda
evaluation,2306,1378,Warm C,0.5570378303527832,0.181393101811409,0.5308641975308642,1.0,0.195112407207489,0.3826858699321747,,cfg02_G2_D32,0.9769684569910169,cuda
evaluation,2310,1379,Cold,0.5558321475982666,0.17630010843276978,0.5061728395061729,1.0,0.0,0.0,,cfg02_G2_D32,0.9769684569910169,cuda
evaluation,2310,1379,Warm A,0.5552589297294617,0.17528896033763885,0.5555555555555556,1.0,0.2367541342973709,0.47202616930007935,,cfg02_G2_D32,0.9769684569910169,cuda
evaluation,2310,1379,Warm B,0.5567736029624939,0.175278440117836,0.5308641975308642,1.0,0.2972544729709625,0.5516691207885742,,cfg02_G2_D32,0.9769684569910169,cuda
evaluation,2310,1379,Warm C,0.5572257041931152,0.1759704202413559,0.5061728395061729,1.0,0.30017438530921936,0.6437494158744812,,cfg02_G2_D32,0.9769684569910169,cuda
evaluation,2314,1383,Cold,0.5552327036857605,0.17615628242492676,0.5061728395061729,1.0,0.0,0.0,,cfg02_G2_D32,0.9769684569910169,cuda
evaluation,2314,1383,Warm A,0.55110102891922,0.17833003401756287,0.5061728395061729,1.0,0.22282887995243073,0.7143104076385498,,cfg02_G2_D32,0.9769684569910169,cuda
evaluation,2314,1383,Warm B,0.5519764423370361,0.1800418198108673,0.5061728395061729,1.0,0.3949790298938751,0.616557776927948,,cfg02_G2_D32,0.9769684569910169,cuda
evaluation,2314,1383,Warm C,0.5527569055557251,0.18227577209472656,0.48148148148148145,1.0,0.5204290747642517,0.6772125959396362,,cfg02_G2_D32,0.9769684569910169,cuda
evaluation,2315,1384,Cold,0.5546282529830933,0.17555727064609528,0.5061728395061729,1.0,0.0,0.0,,cfg02_G2_D32,0.9769684569910169,cuda
evaluation,2315,1384,Warm A,0.5575931072235107,0.17724968492984772,0.5061728395061729,1.0,0.23264972865581512,0.5673341751098633,,cfg02_G2_D32,0.9769684569910169,cuda
evaluation,2315,1384,Warm B,0.5625975728034973,0.17841722071170807,0.5308641975308642,1.0,0.3402897119522095,0.4905640780925751,,cfg02_G2_D32,0.9769684569910169,cuda
evaluation,2315,1384,Warm C,0.5708056092262268,0.17707329988479614,0.5308641975308642,1.0,0.33440911769866943,0.24553023278713226,,cfg02_G2_D32,0.9769684569910169,cuda
evaluation,2320,1387,Cold,0.5558661222457886,0.17765122652053833,0.5061728395061729,1.0,0.0,0.0,,cfg02_G2_D32,0.9769684569910169,cuda
evaluation,2320,1387,Warm A,0.5594562292098999,0.17932137846946716,0.5061728395061729,1.0,0.21908952295780182,0.6030418276786804,,cfg02_G2_D32,0.9769684569910169,cuda
evaluation,2320,1387,Warm B,0.5536203384399414,0.18088525533676147,0.5061728395061729,1.0,0.3433871865272522,0.587071418762207,,cfg02_G2_D32,0.9769684569910169,cuda
evaluation,2320,1387,Warm C,0.5631821155548096,0.18058066070079803,0.5061728395061729,1.0,0.32698023319244385,0.431383341550827,,cfg02_G2_D32,0.9769684569910169,cuda
evaluation,2325,1391,Cold,0.5504717826843262,0.1810169517993927,0.5061728395061729,1.0,0.0,0.0,,cfg02_G2_D32,0.9769684569910169,cuda
evaluation,2325,1391,Warm A,0.5599152445793152,0.18104708194732666,0.5061728395061729,1.0,0.20341956615447998,0.550784707069397,,cfg02_G2_D32,0.9769684569910169,cuda
evaluation,2325,1391,Warm B,0.5518500208854675,0.17983654141426086,0.5308641975308642,1.0,0.2842575013637543,0.5792242884635925,,cfg02_G2_D32,0.9769684569910169,cuda
evaluation,2325,1391,Warm C,0.5503361821174622,0.1801430732011795,0.5061728395061729,1.0,0.31883174180984497,0.6139245629310608,,cfg02_G2_D32,0.9769684569910169,cuda
evaluation,2327,1392,Cold,0.555649995803833,0.1754997819662094,0.5061728395061729,1.0,0.0,0.0,,cfg02_G2_D32,0.9769684569910169,cuda
evaluation,2327,1392,Warm A,0.5676983594894409,0.1750127077102661,0.5308641975308642,1.0,0.22985181212425232,0.3518993556499481,,cfg02_G2_D32,0.9769684569910169,cuda
evaluation,2327,1392,Warm B,0.5616398453712463,0.17538727819919586,0.5061728395061729,1.0,0.3027411103248596,0.5905548334121704,,cfg02_G2_D32,0.9769684569910169,cuda
evaluation,2327,1392,Warm C,0.5693712830543518,0.17519183456897736,0.5308641975308642,1.0,0.3766387701034546,0.5322985649108887,,cfg02_G2_D32,0.9769684569910169,cuda
evaluation,2328,1393,Cold,0.5533820986747742,0.17622466385364532,0.5061728395061729,1.0,0.0,0.0,,cfg02_G2_D32,0.9769684569910169,cuda
evaluation,2328,1393,Warm A,0.5584790110588074,0.1772179752588272,0.5308641975308642,1.0,0.21762050688266754,0.5100700259208679,,cfg02_G2_D32,0.9769684569910169,cuda
evaluation,2328,1393,Warm B,0.5601620078086853,0.17798928916454315,0.5061728395061729,1.0,0.34454116225242615,0.47270098328590393,,cfg02_G2_D32,0.9769684569910169,cuda
evaluation,2328,1393,Warm C,0.5679516196250916,0.17601817846298218,0.5555555555555556,1.0,0.4214060604572296,0.3432295322418213,,cfg02_G2_D32,0.9769684569910169,cuda
evaluation,2330,1395,Cold,0.5551774501800537,0.17377863824367523,0.5061728395061729,1.0,0.0,0.0,,cfg02_G2_D32,0.9769684569910169,cuda
evaluation,2330,1395,Warm A,0.5521941184997559,0.17505896091461182,0.5555555555555556,1.0,0.19620642066001892,0.5439950823783875,,cfg02_G2_D32,0.9769684569910169,cuda
evaluation,2330,1395,Warm B,0.5504376888275146,0.1753823459148407,0.5308641975308642,1.0,0.26845255494117737,0.5988187193870544,,cfg02_G2_D32,0.9769684569910169,cuda
evaluation,2330,1395,Warm C,0.5497168302536011,0.1746184229850769,0.5802469135802469,1.0,0.39186355471611023,0.39929842948913574,,cfg02_G2_D32,0.9769684569910169,cuda
evaluation,2331,1396,Cold,0.5514076352119446,0.17534150183200836,0.5061728395061729,1.0,0.0,0.0,,cfg02_G2_D32,0.9769684569910169,cuda
evaluation,2331,1396,Warm A,0.5455152988433838,0.1764393299818039,0.5061728395061729,1.0,0.19844655692577362,0.6575251221656799,,cfg02_G2_D32,0.9769684569910169,cuda
evaluation,2331,1396,Warm B,0.5467829704284668,0.17877323925495148,0.48148148148148145,1.0,0.3797072470188141,0.6540939807891846,,cfg02_G2_D32,0.9769684569910169,cuda
evaluation,2331,1396,Warm C,0.5446528792381287,0.1773953139781952,0.48148148148148145,1.0,0.3193431794643402,0.5736070871353149,,cfg02_G2_D32,0.9769684569910169,cuda
evaluation,2337,1401,Cold,0.5555339455604553,0.17587114870548248,0.5061728395061729,1.0,0.0,0.0,,cfg02_G2_D32,0.9769684569910169,cuda
evaluation,2337,1401,Warm A,0.5603556036949158,0.17693203687667847,0.5061728395061729,1.0,0.2121538519859314,0.5835472941398621,,cfg02_G2_D32,0.9769684569910169,cuda
evaluation,2337,1401,Warm B,0.5667847990989685,0.1789558380842209,0.5308641975308642,1.0,0.35430410504341125,0.5744770169258118,,cfg02_G2_D32,0.9769684569910169,cuda
evaluation,2337,1401,Warm C,0.5580480694770813,0.17932641506195068,0.5061728395061729,1.0,0.32789745926856995,0.6619800329208374,,cfg02_G2_D32,0.9769684569910169,cuda
evaluation,2347,1406,Cold,0.5583301186561584,0.17433638870716095,0.5061728395061729,1.0,0.0,0.0,,cfg02_G2_D32,0.9769684569910169,cuda
evaluation,2347,1406,Warm A,0.5516679286956787,0.17403022944927216,0.48148148148148145,1.0,0.20042245090007782,0.5182822346687317,,cfg02_G2_D32,0.9769684569910169,cuda
evaluation,2347,1406,Warm B,0.5486260652542114,0.17476852238178253,0.48148148148148145,1.0,0.32339030504226685,0.46348944306373596,,cfg02_G2_D32,0.9769684569910169,cuda
evaluation,2347,1406,Warm C,0.5509674549102783,0.17478308081626892,0.48148148148148145,1.0,0.3642207980155945,0.47040772438049316,,cfg02_G2_D32,0.9769684569910169,cuda
evaluation,2349,1408,Cold,0.5573683381080627,0.17835848033428192,0.5061728395061729,1.0,0.0,0.0,,cfg02_G2_D32,0.9769684569910169,cuda
evaluation,2349,1408,Warm A,0.5563217401504517,0.17609645426273346,0.5555555555555556,1.0,0.21487292647361755,0.522368848323822,,cfg02_G2_D32,0.9769684569910169,cuda
evaluation,2349,1408,Warm B,0.5570787191390991,0.17799808084964752,0.5061728395061729,1.0,0.18681557476520538,0.6410084366798401,,cfg02_G2_D32,0.9769684569910169,cuda
evaluation,2349,1408,Warm C,0.5470399260520935,0.17916032671928406,0.43209876543209874,1.0,0.27255794405937195,0.7286511659622192,,cfg02_G2_D32,0.9769684569910169,cuda
evaluation,2351,1409,Cold,0.5727057456970215,0.1803942322731018,0.5061728395061729,1.0,0.0,0.0,,cfg02_G2_D32,0.9769684569910169,cuda
evaluation,2351,1409,Warm A,0.5705163478851318,0.17824813723564148,0.5308641975308642,1.0,0.22858445346355438,0.4412018954753876,,cfg02_G2_D32,0.9769684569910169,cuda
evaluation,2351,1409,Warm B,0.5734965801239014,0.17978806793689728,0.5308641975308642,1.0,0.19549356400966644,0.5033969283103943,,cfg02_G2_D32,0.9769684569910169,cuda
evaluation,2351,1409,Warm C,0.572422981262207,0.17805862426757812,0.5308641975308642,1.0,0.2594086825847626,0.4008301794528961,,cfg02_G2_D32,0.9769684569910169,cuda
evaluation,2354,1412,Cold,0.5521509647369385,0.17542368173599243,0.5061728395061729,1.0,0.0,0.0,,cfg02_G2_D32,0.9769684569910169,cuda
evaluation,2354,1412,Warm A,0.5596271753311157,0.1765357255935669,0.5061728395061729,1.0,0.2206934541463852,0.487323522567749,,cfg02_G2_D32,0.9769684569910169,cuda
evaluation,2354,1412,Warm B,0.5512049794197083,0.17738457024097443,0.5061728395061729,1.0,0.31026217341423035,0.6408887505531311,,cfg02_G2_D32,0.9769684569910169,cuda
evaluation,2354,1412,Warm C,0.5500413775444031,0.17950454354286194,0.48148148148148145,1.0,0.3730406165122986,0.5513259172439575,,cfg02_G2_D32,0.9769684569910169,cuda
evaluation,2356,1414,Cold,0.5508556365966797,0.1801232248544693,0.5061728395061729,1.0,0.0,0.0,,cfg02_G2_D32,0.9769684569910169,cuda
evaluation,2356,1414,Warm A,0.551007866859436,0.18171408772468567,0.5061728395061729,1.0,0.21438395977020264,0.5387691259384155,,cfg02_G2_D32,0.9769684569910169,cuda
evaluation,2356,1414,Warm B,0.5611222386360168,0.18203063309192657,0.5061728395061729,1.0,0.3178129494190216,0.3375794589519501,,cfg02_G2_D32,0.9769684569910169,cuda
evaluation,2356,1414,Warm C,0.5506396889686584,0.18404684960842133,0.5061728395061729,1.0,0.3274649977684021,0.7385303378105164,,cfg02_G2_D32,0.9769684569910169,cuda
evaluation,2360,1417,Cold,0.555618941783905,0.17823432385921478,0.5061728395061729,1.0,0.0,0.0,,cfg02_G2_D32,0.9769684569910169,cuda
evaluation,2360,1417,Warm A,0.5552705526351929,0.17652690410614014,0.5555555555555556,1.0,0.22589640319347382,0.49010369181632996,,cfg02_G2_D32,0.9769684569910169,cuda
evaluation,2360,1417,Warm B,0.5537386536598206,0.17622581124305725,0.5802469135802469,1.0,0.4122408628463745,0.2558882236480713,,cfg02_G2_D32,0.9769684569910169,cuda
evaluation,2360,1417,Warm C,0.5528866648674011,0.17741172015666962,0.5308641975308642,1.0,0.5769467353820801,0.31746959686279297,,cfg02_G2_D32,0.9769684569910169,cuda
evaluation,2361,1418,Cold,0.5607783794403076,0.17756454646587372,0.5308641975308642,1.0,0.0,0.0,,cfg02_G2_D32,0.9769684569910169,cuda
evaluation,2361,1418,Warm A,0.5631412267684937,0.17874839901924133,0.48148148148148145,1.0,0.20681391656398773,0.6718972325325012,,cfg02_G2_D32,0.9769684569910169,cuda
evaluation,2361,1418,Warm B,0.561592161655426,0.17925119400024414,0.48148148148148145,1.0,0.3441712260246277,0.6250945925712585,,cfg02_G2_D32,0.9769684569910169,cuda
evaluation,2361,1418,Warm C,0.5535328388214111,0.17895860970020294,0.4074074074074074,1.0,0.4387674629688263,0.7016801238059998,,cfg02_G2_D32,0.9769684569910169,cuda
evaluation,2364,1420,Cold,0.5595524907112122,0.17255650460720062,0.5061728395061729,1.0,0.0,0.0,,cfg02_G2_D32,0.9769684569910169,cuda
evaluation,2364,1420,Warm A,0.5647087693214417,0.17215125262737274,0.5802469135802469,1.0,0.2280171811580658,0.5186541080474854,,cfg02_G2_D32,0.9769684569910169,cuda
evaluation,2364,1420,Warm B,0.5686506032943726,0.17058302462100983,0.5555555555555556,1.0,0.33780190348625183,0.42853012681007385,,cfg02_G2_D32,0.9769684569910169,cuda
evaluation,2364,1420,Warm C,0.572094202041626,0.17193293571472168,0.5802469135802469,1.0,0.4325394630432129,0.37495940923690796,,cfg02_G2_D32,0.9769684569910169,cuda
evaluation,2365,1421,Cold,0.5682427883148193,0.17395032942295074,0.5061728395061729,1.0,0.0,0.0,,cfg02_G2_D32,0.9769684569910169,cuda
evaluation,2365,1421,Warm A,0.5700806975364685,0.17630086839199066,0.48148148148148145,1.0,0.23933939635753632,0.6132726073265076,,cfg02_G2_D32,0.9769684569910169,cuda
evaluation,2365,1421,Warm B,0.5657315850257874,0.1750345081090927,0.5061728395061729,1.0,0.21085166931152344,0.5723621249198914,,cfg02_G2_D32,0.9769684569910169,cuda
evaluation,2365,1421,Warm C,0.5672875046730042,0.17652645707130432,0.5061728395061729,1.0,0.3668648600578308,0.5102423429489136,,cfg02_G2_D32,0.9769684569910169,cuda
evaluation,2370,1425,Cold,0.5579559803009033,0.17555205523967743,0.5061728395061729,1.0,0.0,0.0,,cfg02_G2_D32,0.9769684569910169,cuda
evaluation,2370,1425,Warm A,0.5510156750679016,0.176143616437912,0.4567901234567901,1.0,0.22961977124214172,0.6633273959159851,,cfg02_G2_D32,0.9769684569910169,cuda
evaluation,2370,1425,Warm B,0.5570635795593262,0.1780673861503601,0.5061728395061729,1.0,0.28432589769363403,0.5287876129150391,,cfg02_G2_D32,0.9769684569910169,cuda
evaluation,2370,1425,Warm C,0.5503637194633484,0.17728093266487122,0.48148148148148145,1.0,0.3474266529083252,0.6239646077156067,,cfg02_G2_D32,0.9769684569910169,cuda
evaluation,2373,1428,Cold,0.5566689968109131,0.17267806828022003,0.5061728395061729,1.0,0.0,0.0,,cfg02_G2_D32,0.9769684569910169,cuda
evaluation,2373,1428,Warm A,0.5629978179931641,0.17427119612693787,0.5308641975308642,1.0,0.2237386703491211,0.4616606831550598,,cfg02_G2_D32,0.9769684569910169,cuda
evaluation,2373,1428,Warm B,0.5645744800567627,0.17446431517601013,0.5308641975308642,1.0,0.3349371552467346,0.4749794602394104,,cfg02_G2_D32,0.9769684569910169,cuda
evaluation,2373,1428,Warm C,0.5665406584739685,0.17199838161468506,0.5555555555555556,1.0,0.29879963397979736,0.39642295241355896,,cfg02_G2_D32,0.9769684569910169,cuda
evaluation,2377,1432,Cold,0.5565502047538757,0.1743304431438446,0.5061728395061729,1.0,0.0,0.0,,cfg02_G2_D32,0.9769684569910169,cuda
evaluation,2377,1432,Warm A,0.5622375011444092,0.1752651035785675,0.5308641975308642,1.0,0.22059723734855652,0.5713255405426025,,cfg02_G2_D32,0.9769684569910169,cuda
evaluation,2377,1432,Warm B,0.5612414479255676,0.17284272611141205,0.5061728395061729,1.0,0.19066669046878815,0.4288819432258606,,cfg02_G2_D32,0.9769684569910169,cuda
evaluation,2377,1432,Warm C,0.5612239241600037,0.17378734052181244,0.5308641975308642,1.0,0.27273431420326233,0.537237286567688,,cfg02_G2_D32,0.9769684569910169,cuda
evaluation,2380,1435,Cold,0.556736409664154,0.17791126668453217,0.48148148148148145,1.0,0.0,0.0,,cfg02_G2_D32,0.9769684569910169,cuda
evaluation,2380,1435,Warm A,0.5650749206542969,0.17836841940879822,0.5555555555555556,1.0,0.19949431717395782,0.3353419005870819,,cfg02_G2_D32,0.9769684569910169,cuda
evaluation,2380,1435,Warm B,0.5708552002906799,0.18185797333717346,0.5555555555555556,1.0,0.3713262379169464,0.2780327796936035,,cfg02_G2_D32,0.9769684569910169,cuda
evaluation,2380,1435,Warm C,0.5765842795372009,0.18025021255016327,0.5555555555555556,1.0,0.40081095695495605,0.2205522060394287,,cfg02_G2_D32,0.9769684569910169,cuda
evaluation,2381,1436,Cold,0.5554527044296265,0.17814034223556519,0.5061728395061729,1.0,0.0,0.0,,cfg02_G2_D32,0.9769684569910169,cuda
evaluation,2381,1436,Warm A,0.5620921850204468,0.17920847237110138,0.5061728395061729,1.0,0.20689964294433594,0.35016894340515137,,cfg02_G2_D32,0.9769684569910169,cuda
evaluation,2381,1436,Warm B,0.56846022605896,0.18218517303466797,0.5308641975308642,1.0,0.37810954451560974,0.27640601992607117,,cfg02_G2_D32,0.9769684569910169,cuda
evaluation,2381,1436,Warm C,0.5795163512229919,0.18205195665359497,0.5802469135802469,1.0,0.4031137526035309,0.12905675172805786,,cfg02_G2_D32,0.9769684569910169,cuda
evaluation,2382,1437,Cold,0.5548215508460999,0.17866751551628113,0.5061728395061729,1.0,0.0,0.0,,cfg02_G2_D32,0.9769684569910169,cuda
evaluation,2382,1437,Warm A,0.5593388676643372,0.18106196820735931,0.48148148148148145,1.0,0.2170913964509964,0.46059152483940125,,cfg02_G2_D32,0.9769684569910169,cuda
evaluation,2382,1437,Warm B,0.5657649040222168,0.18468596041202545,0.5308641975308642,1.0,0.4108150005340576,0.33630886673927307,,cfg02_G2_D32,0.9769684569910169,cuda
evaluation,2382,1437,Warm C,0.5774502158164978,0.18485791981220245,0.5555555555555556,1.0,0.36507654190063477,0.0707169696688652,,cfg02_G2_D32,0.9769684569910169,cuda
evaluation,2383,1438,Cold,0.5544235110282898,0.17790624499320984,0.5061728395061729,1.0,0.0,0.0,,cfg02_G2_D32,0.9769684569910169,cuda
evaluation,2383,1438,Warm A,0.560533881187439,0.1794281154870987,0.48148148148148145,1.0,0.20974287390708923,0.4468097686767578,,cfg02_G2_D32,0.9769684569910169,cuda
evaluation,2383,1438,Warm B,0.5668075084686279,0.18292862176895142,0.5555555555555556,1.0,0.3912191390991211,0.30340370535850525,,cfg02_G2_D32,0.9769684569910169,cuda
evaluation,2383,1438,Warm C,0.5752811431884766,0.18485860526561737,0.5555555555555556,1.0,0.5215363502502441,0.09738283604383469,,cfg02_G2_D32,0.9769684569910169,cuda
evaluation,2385,1440,Cold,0.5525423884391785,0.17634518444538116,0.5061728395061729,1.0,0.0,0.0,,cfg02_G2_D32,0.9769684569910169,cuda
evaluation,2385,1440,Warm A,0.5611253976821899,0.17683033645153046,0.5061728395061729,1.0,0.21981298923492432,0.4727376401424408,,cfg02_G2_D32,0.9769684569910169,cuda
evaluation,2385,1440,Warm B,0.5721337795257568,0.17638131976127625,0.5308641975308642,1.0,0.3526284098625183,0.29034510254859924,,cfg02_G2_D32,0.9769684569910169,cuda
evaluation,2385,1440,Warm C,0.576339602470398,0.18088112771511078,0.5802469135802469,1.0,0.47783347964286804,0.33391109108924866,,cfg02_G2_D32,0.9769684569910169,cuda
evaluation,2417,1467,Cold,0.5575960874557495,0.17813944816589355,0.5061728395061729,1.0,0.0,0.0,,cfg02_G2_D32,0.9769684569910169,cuda
evaluation,2417,1467,Warm A,0.5630860924720764,0.18063923716545105,0.5061728395061729,1.0,0.21612320840358734,0.5450842380523682,,cfg02_G2_D32,0.9769684569910169,cuda
evaluation,2417,1467,Warm B,0.5724355578422546,0.1809501200914383,0.5061728395061729,1.0,0.3237771689891815,0.3478989601135254,,cfg02_G2_D32,0.9769684569910169,cuda
evaluation,2417,1467,Warm C,0.5705327987670898,0.17817869782447815,0.5061728395061729,1.0,0.37965089082717896,0.514906108379364,,cfg02_G2_D32,0.9769684569910169,cuda
evaluation,2418,1468,Cold,0.554747998714447,0.17894582450389862,0.48148148148148145,1.0,0.0,0.0,,cfg02_G2_D32,0.9769684569910169,cuda
evaluation,2418,1468,Warm A,0.5517828464508057,0.1810496300458908,0.48148148148148145,1.0,0.2194017916917801,0.6841946840286255,,cfg02_G2_D32,0.9769684569910169,cuda
evaluation,2418,1468,Warm B,0.5574008226394653,0.18107503652572632,0.5061728395061729,1.0,0.2722468078136444,0.5839204788208008,,cfg02_G2_D32,0.9769684569910169,cuda
evaluation,2418,1468,Warm C,0.5612921118736267,0.18406707048416138,0.5308641975308642,1.0,0.3858809173107147,0.4726586937904358,,cfg02_G2_D32,0.9769684569910169,cuda
evaluation,2419,1469,Cold,0.5607942938804626,0.17668835818767548,0.5308641975308642,1.0,0.0,0.0,,cfg02_G2_D32,0.9769684569910169,cuda
evaluation,2419,1469,Warm A,0.5685974955558777,0.17935751378536224,0.5061728395061729,1.0,0.2109968513250351,0.46456393599510193,,cfg02_G2_D32,0.9769684569910169,cuda
evaluation,2419,1469,Warm B,0.5656906366348267,0.17883814871311188,0.5308641975308642,1.0,0.2564311921596527,0.5650767683982849,,cfg02_G2_D32,0.9769684569910169,cuda
evaluation,2419,1469,Warm C,0.5723860263824463,0.18130432069301605,0.5061728395061729,1.0,0.3658033311367035,0.4049703776836395,,cfg02_G2_D32,0.9769684569910169,cuda
evaluation,2429,1477,Cold,0.5534526705741882,0.17260956764221191,0.5061728395061729,1.0,0.0,0.0,,cfg02_G2_D32,0.9769684569910169,cuda
evaluation,2429,1477,Warm A,0.5593211650848389,0.17409087717533112,0.5061728395061729,1.0,0.22219692170619965,0.5479483008384705,,cfg02_G2_D32,0.9769684569910169,cuda
evaluation,2429,1477,Warm B,0.5684769153594971,0.17513523995876312,0.5308641975308642,1.0,0.36545321345329285,0.27749353647232056,,cfg02_G2_D32,0.9769684569910169,cuda
evaluation,2429,1477,Warm C,0.5686678886413574,0.172132208943367,0.6049382716049383,1.0,0.3853369355201721,0.319797158241272,,cfg02_G2_D32,0.9769684569910169,cuda
evaluation,2430,1478,Cold,0.5728206634521484,0.1771007627248764,0.5308641975308642,1.0,0.0,0.0,,cfg02_G2_D32,0.9769684569910169,cuda
evaluation,2430,1478,Warm A,0.5701571702957153,0.18008552491664886,0.48148148148148145,1.0,0.22953706979751587,0.8095653653144836,,cfg02_G2_D32,0.9769684569910169,cuda
evaluation,2430,1478,Warm B,0.5714033842086792,0.1822729855775833,0.5308641975308642,1.0,0.33425939083099365,0.5063914656639099,,cfg02_G2_D32,0.9769684569910169,cuda
evaluation,2430,1478,Warm C,0.5718229413032532,0.18067382276058197,0.5061728395061729,1.0,0.24896596372127533,0.5204865336418152,,cfg02_G2_D32,0.9769684569910169,cuda
evaluation,2432,1480,Cold,0.5562572479248047,0.1771560162305832,0.5061728395061729,1.0,0.0,0.0,,cfg02_G2_D32,0.9769684569910169,cuda
evaluation,2432,1480,Warm A,0.5656684637069702,0.1782745122909546,0.5308641975308642,1.0,0.22578728199005127,0.5510508418083191,,cfg02_G2_D32,0.9769684569910169,cuda
evaluation,2432,1480,Warm B,0.5716471076011658,0.18183863162994385,0.5308641975308642,1.0,0.3654642403125763,0.48668408393859863,,cfg02_G2_D32,0.9769684569910169,cuda
evaluation,2432,1480,Warm C,0.5759620070457458,0.17948997020721436,0.6049382716049383,1.0,0.46536126732826233,0.3131033480167389,,cfg02_G2_D32,0.9769684569910169,cuda
evaluation,2435,1482,Cold,0.5562572479248047,0.1771560162305832,0.5061728395061729,1.0,0.0,0.0,,cfg02_G2_D32,0.9769684569910169,cuda
evaluation,2435,1482,Warm A,0.5630044341087341,0.1787470579147339,0.5308641975308642,1.0,0.21423935890197754,0.5862335562705994,,cfg02_G2_D32,0.9769684569910169,cuda
evaluation,2435,1482,Warm B,0.5555546879768372,0.17825199663639069,0.5061728395061729,1.0,0.21269306540489197,0.6516609191894531,,cfg02_G2_D32,0.9769684569910169,cuda
evaluation,2435,1482,Warm C,0.5582994222640991,0.17861825227737427,0.5308641975308642,1.0,0.3059283196926117,0.5515605807304382,,cfg02_G2_D32,0.9769684569910169,cuda
evaluation,2436,1483,Cold,0.5497352480888367,0.17983676493167877,0.5308641975308642,1.0,0.0,0.0,,cfg02_G2_D32,0.9769684569910169,cuda
evaluation,2436,1483,Warm A,0.5465201735496521,0.179820254445076,0.48148148148148145,1.0,0.20396919548511505,0.5930525064468384,,cfg02_G2_D32,0.9769684569910169,cuda
evaluation,2436,1483,Warm B,0.550139844417572,0.1809079796075821,0.5061728395061729,1.0,0.20405635237693787,0.5585594773292542,,cfg02_G2_D32,0.9769684569910169,cuda
evaluation,2436,1483,Warm C,0.5517787337303162,0.17951573431491852,0.5061728395061729,1.0,0.3072037398815155,0.6024457812309265,,cfg02_G2_D32,0.9769684569910169,cuda
evaluation,2437,1484,Cold,0.5559729337692261,0.17808566987514496,0.5061728395061729,1.0,0.0,0.0,,cfg02_G2_D32,0.9769684569910169,cuda
evaluation,2437,1484,Warm A,0.5582953691482544,0.1785360723733902,0.5308641975308642,1.0,0.19987143576145172,0.6398059129714966,,cfg02_G2_D32,0.9769684569910169,cuda
evaluation,2437,1484,Warm B,0.5556418895721436,0.17790211737155914,0.5061728395061729,1.0,0.23228208720684052,0.619661271572113,,cfg02_G2_D32,0.9769684569910169,cuda
evaluation,2437,1484,Warm C,0.552902102470398,0.17722868919372559,0.5061728395061729,1.0,0.30589306354522705,0.4741611182689667,,cfg02_G2_D32,0.9769684569910169,cuda
evaluation,2439,1485,Cold,0.5559729337692261,0.17808566987514496,0.5061728395061729,1.0,0.0,0.0,,cfg02_G2_D32,0.9769684569910169,cuda
evaluation,2439,1485,Warm A,0.5501570105552673,0.17915141582489014,0.5061728395061729,1.0,0.22775718569755554,0.6882706880569458,,cfg02_G2_D32,0.9769684569910169,cuda
evaluation,2439,1485,Warm B,0.5521410703659058,0.17986038327217102,0.5061728395061729,1.0,0.22821125388145447,0.6253922581672668,,cfg02_G2_D32,0.9769684569910169,cuda
evaluation,2439,1485,Warm C,0.5537356734275818,0.17797055840492249,0.5555555555555556,1.0,0.24939267337322235,0.5435168147087097,,cfg02_G2_D32,0.9769684569910169,cuda
evaluation,2442,1486,Cold,0.5553414821624756,0.17562857270240784,0.5061728395061729,1.0,0.0,0.0,,cfg02_G2_D32,0.9769684569910169,cuda
evaluation,2442,1486,Warm A,0.5592448115348816,0.17542819678783417,0.5061728395061729,1.0,0.22253839671611786,0.5830140709877014,,cfg02_G2_D32,0.9769684569910169,cuda
evaluation,2442,1486,Warm B,0.553588330745697,0.17536500096321106,0.5061728395061729,1.0,0.22227832674980164,0.5428929328918457,,cfg02_G2_D32,0.9769684569910169,cuda
evaluation,2442,1486,Warm C,0.5577094554901123,0.17666156589984894,0.5061728395061729,1.0,0.25687938928604126,0.577765941619873,,cfg02_G2_D32,0.9769684569910169,cuda
evaluation,2443,1487,Cold,0.5552542209625244,0.17391349375247955,0.5061728395061729,1.0,0.0,0.0,,cfg02_G2_D32,0.9769684569910169,cuda
evaluation,2443,1487,Warm A,0.5574731826782227,0.17577147483825684,0.5308641975308642,1.0,0.21662668883800507,0.6994067430496216,,cfg02_G2_D32,0.9769684569910169,cuda
evaluation,2443,1487,Warm B,0.5567077994346619,0.17353011667728424,0.5308641975308642,1.0,0.2409036010503769,0.5674014091491699,,cfg02_G2_D32,0.9769684569910169,cuda
evaluation,2443,1487,Warm C,0.5548243522644043,0.17509160935878754,0.5308641975308642,1.0,0.30919530987739563,0.6006762981414795,,cfg02_G2_D32,0.9769684569910169,cuda
evaluation,2445,1488,Cold,0.5566676259040833,0.17496474087238312,0.5061728395061729,1.0,0.0,0.0,,cfg02_G2_D32,0.9769684569910169,cuda
evaluation,2445,1488,Warm A,0.5593133568763733,0.176595076918602,0.5061728395061729,1.0,0.20077568292617798,0.592310905456543,,cfg02_G2_D32,0.9769684569910169,cuda
evaluation,2445,1488,Warm B,0.5683960318565369,0.17720547318458557,0.5061728395061729,1.0,0.32524168491363525,0.3884771168231964,,cfg02_G2_D32,0.9769684569910169,cuda
evaluation,2445,1488,Warm C,0.5781235694885254,0.17864662408828735,0.5308641975308642,1.0,0.46237459778785706,0.289954274892807,,cfg02_G2_D32,0.9769684569910169,cuda
evaluation,2446,1489,Cold,0.5550998449325562,0.1747887283563614,0.5061728395061729,1.0,0.0,0.0,,cfg02_G2_D32,0.9769684569910169,cuda
evaluation,2446,1489,Warm A,0.5617779493331909,0.1762731522321701,0.5308641975308642,1.0,0.2162456214427948,0.39400458335876465,,cfg02_G2_D32,0.9769684569910169,cuda
evaluation,2446,1489,Warm B,0.5671675205230713,0.1802368015050888,0.5061728395061729,1.0,0.3502848446369171,0.41596588492393494,,cfg02_G2_D32,0.9769684569910169,cuda
evaluation,2446,1489,Warm C,0.5587062835693359,0.17957793176174164,0.5061728395061729,1.0,0.44725754857063293,0.4666820168495178,,cfg02_G2_D32,0.9769684569910169,cuda
evaluation,2448,1491,Cold,0.5516717433929443,0.17606011033058167,0.5308641975308642,1.0,0.0,0.0,,cfg02_G2_D32,0.9769684569910169,cuda
evaluation,2448,1491,Warm A,0.5618658661842346,0.1758209764957428,0.5061728395061729,1.0,0.2221086621284485,0.46203532814979553,,cfg02_G2_D32,0.9769684569910169,cuda
evaluation,2448,1491,Warm B,0.5717369318008423,0.1745561808347702,0.5308641975308642,1.0,0.377488911151886,0.36767902970314026,,cfg02_G2_D32,0.9769684569910169,cuda
evaluation,2448,1491,Warm C,0.580350399017334,0.1757582575082779,0.5802469135802469,1.0,0.5340605974197388,0.21847732365131378,,cfg02_G2_D32,0.9769684569910169,cuda
evaluation,2451,1493,Cold,0.5555980205535889,0.17663662135601044,0.5061728395061729,1.0,0.0,0.0,,cfg02_G2_D32,0.9769684569910169,cuda
evaluation,2451,1493,Warm A,0.5617721676826477,0.17726537585258484,0.5308641975308642,1.0,0.20992499589920044,0.5057059526443481,,cfg02_G2_D32,0.9769684569910169,cuda
evaluation,2451,1493,Warm B,0.5701283812522888,0.1769067794084549,0.5555555555555556,1.0,0.3208656907081604,0.3961029052734375,,cfg02_G2_D32,0.9769684569910169,cuda
evaluation,2451,1493,Warm C,0.5763171911239624,0.1770401895046234,0.5555555555555556,1.0,0.4440625309944153,0.3800671398639679,,cfg02_G2_D32,0.9769684569910169,cuda
evaluation,2453,1494,Cold,0.5596401691436768,0.17347341775894165,0.5308641975308642,1.0,0.0,0.0,,cfg02_G2_D32,0.9769684569910169,cuda
evaluation,2453,1494,Warm A,0.5640058517456055,0.17273175716400146,0.5308641975308642,1.0,0.21210819482803345,0.5383830070495605,,cfg02_G2_D32,0.9769684569910169,cuda
evaluation,2453,1494,Warm B,0.554667055606842,0.17456553876399994,0.4567901234567901,1.0,0.2932475209236145,0.6880800127983093,,cfg02_G2_D32,0.9769684569910169,cuda
evaluation,2453,1494,Warm C,0.5628230571746826,0.17540884017944336,0.5061728395061729,1.0,0.31660622358322144,0.5480939745903015,,cfg02_G2_D32,0.9769684569910169,cuda
evaluation,2458,1499,Cold,0.5547046661376953,0.175730362534523,0.5061728395061729,1.0,0.0,0.0,,cfg02_G2_D32,0.9769684569910169,cuda
evaluation,2458,1499,Warm A,0.5574808716773987,0.17830725014209747,0.48148148148148145,1.0,0.22526289522647858,0.7604636549949646,,cfg02_G2_D32,0.9769684569910169,cuda
evaluation,2458,1499,Warm B,0.5631241798400879,0.1803746521472931,0.5061728395061729,1.0,0.35814908146858215,0.42054253816604614,,cfg02_G2_D32,0.9769684569910169,cuda
evaluation,2458,1499,Warm C,0.5650684833526611,0.18265341222286224,0.5061728395061729,1.0,0.5169739127159119,0.4091172218322754,,cfg02_G2_D32,0.9769684569910169,cuda
evaluation,2460,1501,Cold,0.5578621029853821,0.17577482759952545,0.5061728395061729,1.0,0.0,0.0,,cfg02_G2_D32,0.9769684569910169,cuda
evaluation,2460,1501,Warm A,0.5607655048370361,0.1772056370973587,0.5061728395061729,1.0,0.23197892308235168,0.510468602180481,,cfg02_G2_D32,0.9769684569910169,cuda
evaluation,2460,1501,Warm B,0.5603663921356201,0.17484235763549805,0.5308641975308642,1.0,0.17600151896476746,0.49215981364250183,,cfg02_G2_D32,0.9769684569910169,cuda
evaluation,2460,1501,Warm C,0.5668192505836487,0.17666874825954437,0.5308641975308642,1.0,0.32934698462486267,0.4284612238407135,,cfg02_G2_D32,0.9769684569910169,cuda
evaluation,2461,1502,Cold,0.556805431842804,0.17550860345363617,0.5061728395061729,1.0,0.0,0.0,,cfg02_G2_D32,0.9769684569910169,cuda
evaluation,2461,1502,Warm A,0.5631841421127319,0.17666204273700714,0.5555555555555556,1.0,0.22668279707431793,0.3609965741634369,,cfg02_G2_D32,0.9769684569910169,cuda
evaluation,2461,1502,Warm B,0.5726643204689026,0.17738077044487,0.5802469135802469,1.0,0.4152497351169586,0.237325057387352,,cfg02_G2_D32,0.9769684569910169,cuda
evaluation,2461,1502,Warm C,0.5652718544006348,0.1792413741350174,0.5802469135802469,1.0,0.4358639419078827,0.4073972702026367,,cfg02_G2_D32,0.9769684569910169,cuda
evaluation,2472,1509,Cold,0.5544203519821167,0.17884014546871185,0.5061728395061729,1.0,0.0,0.0,,cfg02_G2_D32,0.9769684569910169,cuda
evaluation,2472,1509,Warm A,0.5584143400192261,0.1817009598016739,0.5061728395061729,1.0,0.20088042318820953,0.49624690413475037,,cfg02_G2_D32,0.9769684569910169,cuda
evaluation,2472,1509,Warm B,0.5627362728118896,0.1834704875946045,0.5061728395061729,1.0,0.32931673526763916,0.45301514863967896,,cfg02_G2_D32,0.9769684569910169,cuda
evaluation,2472,1509,Warm C,0.5721145272254944,0.1833253800868988,0.5308641975308642,1.0,0.3530605435371399,0.27246037125587463,,cfg02_G2_D32,0.9769684569910169,cuda
evaluation,2473,1510,Cold,0.5554070472717285,0.17942093312740326,0.48148148148148145,1.0,0.0,0.0,,cfg02_G2_D32,0.9769684569910169,cuda
evaluation,2473,1510,Warm A,0.5618079304695129,0.18069590628147125,0.5061728395061729,1.0,0.2080499678850174,0.44030332565307617,,cfg02_G2_D32,0.9769684569910169,cuda
evaluation,2473,1510,Warm B,0.5703500509262085,0.1829873025417328,0.5308641975308642,1.0,0.3233032822608948,0.25901347398757935,,cfg02_G2_D32,0.9769684569910169,cuda
evaluation,2473,1510,Warm C,0.5736621618270874,0.18127411603927612,0.5308641975308642,1.0,0.3373640179634094,0.3297206461429596,,cfg02_G2_D32,0.9769684569910169,cuda
evaluation,2475,1512,Cold,0.5605359077453613,0.17473849654197693,0.5061728395061729,1.0,0.0,0.0,,cfg02_G2_D32,0.9769684569910169,cuda
evaluation,2475,1512,Warm A,0.5624889135360718,0.1769547462463379,0.5308641975308642,1.0,0.21366940438747406,0.59800785779953,,cfg02_G2_D32,0.9769684569910169,cuda
evaluation,2475,1512,Warm B,0.5586499571800232,0.17711685597896576,0.5308641975308642,1.0,0.2389666885137558,0.5297300219535828,,cfg02_G2_D32,0.9769684569910169,cuda
evaluation,2475,1512,Warm C,0.5658803582191467,0.17505420744419098,0.5555555555555556,1.0,0.20312660932540894,0.41331982612609863,,cfg02_G2_D32,0.9769684569910169,cuda
evaluation,2488,1516,Cold,0.5698912143707275,0.17862853407859802,0.5061728395061729,1.0,0.0,0.0,,cfg02_G2_D32,0.9769684569910169,cuda
evaluation,2488,1516,Warm A,0.569266676902771,0.17957282066345215,0.48148148148148145,1.0,0.2176419347524643,0.5097035765647888,,cfg02_G2_D32,0.9769684569910169,cuda
evaluation,2488,1516,Warm B,0.5692381858825684,0.18179938197135925,0.5308641975308642,1.0,0.2704375088214874,0.6362043619155884,,cfg02_G2_D32,0.9769684569910169,cuda
evaluation,2488,1516,Warm C,0.5684707760810852,0.17975594103336334,0.5061728395061729,1.0,0.24117466807365417,0.32800576090812683,,cfg02_G2_D32,0.9769684569910169,cuda
evaluation,2491,1518,Cold,0.5517169833183289,0.17784050107002258,0.5061728395061729,1.0,0.0,0.0,,cfg02_G2_D32,0.9769684569910169,cuda
evaluation,2491,1518,Warm A,0.561072051525116,0.17716850340366364,0.5061728395061729,1.0,0.2226046621799469,0.4118685722351074,,cfg02_G2_D32,0.9769684569910169,cuda
evaluation,2491,1518,Warm B,0.5665302872657776,0.17970240116119385,0.5308641975308642,1.0,0.32928717136383057,0.40449920296669006,,cfg02_G2_D32,0.9769684569910169,cuda
evaluation,2491,1518,Warm C,0.5611517429351807,0.17956478893756866,0.5061728395061729,1.0,0.3650926649570465,0.45870304107666016,,cfg02_G2_D32,0.9769684569910169,cuda
evaluation,2492,1519,Cold,0.5511093139648438,0.17857933044433594,0.5061728395061729,1.0,0.0,0.0,,cfg02_G2_D32,0.9769684569910169,cuda
evaluation,2492,1519,Warm A,0.5441527366638184,0.18031612038612366,0.5061728395061729,1.0,0.21734941005706787,0.7046038508415222,,cfg02_G2_D32,0.9769684569910169,cuda
evaluation,2492,1519,Warm B,0.547626256942749,0.18238039314746857,0.5061728395061729,1.0,0.36758238077163696,0.5520006418228149,,cfg02_G2_D32,0.9769684569910169,cuda
evaluation,2492,1519,Warm C,0.5498273968696594,0.18432819843292236,0.5061728395061729,1.0,0.45637568831443787,0.5619153380393982,,cfg02_G2_D32,0.9769684569910169,cuda
evaluation,2495,1520,Cold,0.5638008713722229,0.17292124032974243,0.5308641975308642,1.0,0.0,0.0,,cfg02_G2_D32,0.9769684569910169,cuda
evaluation,2495,1520,Warm A,0.5674808621406555,0.17105738818645477,0.5308641975308642,1.0,0.21938499808311462,0.49812886118888855,,cfg02_G2_D32,0.9769684569910169,cuda
evaluation,2495,1520,Warm B,0.5592176914215088,0.17368701100349426,0.5061728395061729,1.0,0.23387591540813446,0.778008759021759,,cfg02_G2_D32,0.9769684569910169,cuda
evaluation,2495,1520,Warm C,0.5546122193336487,0.1752503663301468,0.4567901234567901,1.0,0.3898202180862427,0.7497225403785706,,cfg02_G2_D32,0.9769684569910169,cuda
evaluation,2497,1522,Cold,0.5531259179115295,0.17330089211463928,0.5061728395061729,1.0,0.0,0.0,,cfg02_G2_D32,0.9769684569910169,cuda
evaluation,2497,1522,Warm A,0.5622640252113342,0.1739131212234497,0.5061728395061729,1.0,0.21102745831012726,0.45879897475242615,,cfg02_G2_D32,0.9769684569910169,cuda
evaluation,2497,1522,Warm B,0.567840576171875,0.1769576370716095,0.5308641975308642,1.0,0.3688489496707916,0.558431088924408,,cfg02_G2_D32,0.9769684569910169,cuda
evaluation,2497,1522,Warm C,0.562793493270874,0.17440448701381683,0.5308641975308642,1.0,0.2654820382595062,0.5768395662307739,,cfg02_G2_D32,0.9769684569910169,cuda
evaluation,2498,1523,Cold,0.5506133437156677,0.17769978940486908,0.5308641975308642,1.0,0.0,0.0,,cfg02_G2_D32,0.9769684569910169,cuda
evaluation,2498,1523,Warm A,0.5567267537117004,0.17954976856708527,0.5061728395061729,1.0,0.21598313748836517,0.4846831262111664,,cfg02_G2_D32,0.9769684569910169,cuda
evaluation,2498,1523,Warm B,0.5657361745834351,0.1815173476934433,0.5308641975308642,1.0,0.3957976996898651,0.34429875016212463,,cfg02_G2_D32,0.9769684569910169,cuda
evaluation,2498,1523,Warm C,0.5674638152122498,0.18019068241119385,0.6049382716049383,1.0,0.41513168811798096,0.27462559938430786,,cfg02_G2_D32,0.9769684569910169,cuda
evaluation,2500,1524,Cold,0.549529492855072,0.1807178109884262,0.5308641975308642,1.0,0.0,0.0,,cfg02_G2_D32,0.9769684569910169,cuda
evaluation,2500,1524,Warm A,0.5550122261047363,0.18295523524284363,0.5061728395061729,1.0,0.20356722176074982,0.5471811294555664,,cfg02_G2_D32,0.9769684569910169,cuda
evaluation,2500,1524,Warm B,0.5566413998603821,0.18642368912696838,0.48148148148148145,1.0,0.40482136607170105,0.5795424580574036,,cfg02_G2_D32,0.9769684569910169,cuda
evaluation,2500,1524,Warm C,0.5558681488037109,0.18321524560451508,0.5061728395061729,1.0,0.26489540934562683,0.40933114290237427,,cfg02_G2_D32,0.9769684569910169,cuda
evaluation,2504,1527,Cold,0.5517497062683105,0.17971284687519073,0.5061728395061729,1.0,0.0,0.0,,cfg02_G2_D32,0.9769684569910169,cuda
evaluation,2504,1527,Warm A,0.558311402797699,0.1807156503200531,0.48148148148148145,1.0,0.21268747746944427,0.5423879623413086,,cfg02_G2_D32,0.9769684569910169,cuda
evaluation,2504,1527,Warm B,0.5594385266304016,0.18275566399097443,0.48148148148148145,1.0,0.3752020597457886,0.6428470611572266,,cfg02_G2_D32,0.9769684569910169,cuda
evaluation,2504,1527,Warm C,0.5625134706497192,0.1834271252155304,0.5061728395061729,1.0,0.3940489888191223,0.5470515489578247,,cfg02_G2_D32,0.9769684569910169,cuda
evaluation,2506,1529,Cold,0.5540682077407837,0.17660336196422577,0.5061728395061729,1.0,0.0,0.0,,cfg02_G2_D32,0.9769684569910169,cuda
evaluation,2506,1529,Warm A,0.5576401352882385,0.17841380834579468,0.5308641975308642,1.0,0.2260664850473404,0.6122766137123108,,cfg02_G2_D32,0.9769684569910169,cuda
evaluation,2506,1529,Warm B,0.5672491788864136,0.17736028134822845,0.5308641975308642,1.0,0.3399811089038849,0.4366258680820465,,cfg02_G2_D32,0.9769684569910169,cuda
evaluation,2506,1529,Warm C,0.5565972924232483,0.17859376966953278,0.5555555555555556,1.0,0.31547775864601135,0.693305492401123,,cfg02_G2_D32,0.9769684569910169,cuda
evaluation,2511,1530,Cold,0.5632822513580322,0.1726280003786087,0.5308641975308642,1.0,0.0,0.0,,cfg02_G2_D32,0.9769684569910169,cuda
evaluation,2511,1530,Warm A,0.5580160021781921,0.17330047488212585,0.48148148148148145,1.0,0.21644911170005798,0.5859859585762024,,cfg02_G2_D32,0.9769684569910169,cuda
evaluation,2511,1530,Warm B,0.5604895949363708,0.17216777801513672,0.48148148148148145,1.0,0.12675444781780243,0.4378166198730469,,cfg02_G2_D32,0.9769684569910169,cuda
evaluation,2511,1530,Warm C,0.5533735752105713,0.1727752685546875,0.48148148148148145,1.0,0.22213584184646606,0.4899793565273285,,cfg02_G2_D32,0.9769684569910169,cuda
evaluation,2514,1532,Cold,0.5574873089790344,0.1734647899866104,0.5061728395061729,1.0,0.0,0.0,,cfg02_G2_D32,0.9769684569910169,cuda
evaluation,2514,1532,Warm A,0.5634014010429382,0.17492027580738068,0.5555555555555556,1.0,0.1981513649225235,0.5374729037284851,,cfg02_G2_D32,0.9769684569910169,cuda
evaluation,2514,1532,Warm B,0.5708020329475403,0.17523632943630219,0.5802469135802469,1.0,0.32956141233444214,0.37556299567222595,,cfg02_G2_D32,0.9769684569910169,cuda
evaluation,2514,1532,Warm C,0.5790417790412903,0.17386394739151,0.5802469135802469,1.0,0.4925190508365631,0.14452600479125977,,cfg02_G2_D32,0.9769684569910169,cuda
evaluation,2519,1535,Cold,0.5713497996330261,0.17506542801856995,0.4567901234567901,1.0,0.0,0.0,,cfg02_G2_D32,0.9769684569910169,cuda
evaluation,2519,1535,Warm A,0.5704612135887146,0.17635086178779602,0.5308641975308642,1.0,0.20723536610603333,0.6181894540786743,,cfg02_G2_D32,0.9769684569910169,cuda
evaluation,2519,1535,Warm B,0.5628876686096191,0.17703072726726532,0.4567901234567901,1.0,0.31507179141044617,0.7288351058959961,,cfg02_G2_D32,0.9769684569910169,cuda
evaluation,2519,1535,Warm C,0.5642377138137817,0.17790649831295013,0.4567901234567901,1.0,0.38088443875312805,0.5183863043785095,,cfg02_G2_D32,0.9769684569910169,cuda
evaluation,2520,1536,Cold,0.5685448050498962,0.17804577946662903,0.5308641975308642,1.0,0.0,0.0,,cfg02_G2_D32,0.9769684569910169,cuda
evaluation,2520,1536,Warm A,0.5671840906143188,0.18071693181991577,0.48148148148148145,1.0,0.2284347265958786,0.8351816534996033,,cfg02_G2_D32,0.9769684569910169,cuda
evaluation,2520,1536,Warm B,0.5701934099197388,0.17883184552192688,0.5308641975308642,1.0,0.18473070859909058,0.5724366307258606,,cfg02_G2_D32,0.9769684569910169,cuda
evaluation,2520,1536,Warm C,0.5720024704933167,0.18298541009426117,0.48148148148148145,1.0,0.3090740442276001,0.5828458070755005,,cfg02_G2_D32,0.9769684569910169,cuda
evaluation,2521,1537,Cold,0.5648777484893799,0.17660488188266754,0.5061728395061729,1.0,0.0,0.0,,cfg02_G2_D32,0.9769684569910169,cuda
evaluation,2521,1537,Warm A,0.5657183527946472,0.17882008850574493,0.5061728395061729,1.0,0.22418007254600525,0.6141231656074524,,cfg02_G2_D32,0.9769684569910169,cuda
evaluation,2521,1537,Warm B,0.567668080329895,0.18165223300457,0.48148148148148145,1.0,0.39083436131477356,0.4483572542667389,,cfg02_G2_D32,0.9769684569910169,cuda
evaluation,2521,1537,Warm C,0.5656701326370239,0.18343093991279602,0.5061728395061729,1.0,0.5787678956985474,0.5170173645019531,,cfg02_G2_D32,0.9769684569910169,cuda
evaluation,2522,1538,Cold,0.5640807151794434,0.17816928029060364,0.5308641975308642,1.0,0.0,0.0,,cfg02_G2_D32,0.9769684569910169,cuda
evaluation,2522,1538,Warm A,0.566026508808136,0.18011145293712616,0.5061728395061729,1.0,0.22388485074043274,0.6357417106628418,,cfg02_G2_D32,0.9769684569910169,cuda
evaluation,2522,1538,Warm B,0.5671125650405884,0.18357273936271667,0.48148148148148145,1.0,0.4165465235710144,0.5604111552238464,,cfg02_G2_D32,0.9769684569910169,cuda
evaluation,2522,1538,Warm C,0.5737879276275635,0.18396338820457458,0.5061728395061729,1.0,0.4081455171108246,0.20414510369300842,,cfg02_G2_D32,0.9769684569910169,cuda
evaluation,2525,1540,Cold,0.5591022968292236,0.1753259152173996,0.5061728395061729,1.0,0.0,0.0,,cfg02_G2_D32,0.9769684569910169,cuda
evaluation,2525,1540,Warm A,0.5623434782028198,0.17742402851581573,0.5308641975308642,1.0,0.22773775458335876,0.5898598432540894,,cfg02_G2_D32,0.9769684569910169,cuda
evaluation,2525,1540,Warm B,0.5669952034950256,0.1807357221841812,0.5308641975308642,1.0,0.44057565927505493,0.3770730495452881,,cfg02_G2_D32,0.9769684569910169,cuda
evaluation,2525,1540,Warm C,0.5657116174697876,0.18048782646656036,0.5308641975308642,1.0,0.45968982577323914,0.3296373188495636,,cfg02_G2_D32,0.9769684569910169,cuda
evaluation,2526,1541,Cold,0.5579761266708374,0.17406409978866577,0.48148148148148145,1.0,0.0,0.0,,cfg02_G2_D32,0.9769684569910169,cuda
evaluation,2526,1541,Warm A,0.5623904466629028,0.17486107349395752,0.5308641975308642,1.0,0.2305900752544403,0.6181754469871521,,cfg02_G2_D32,0.9769684569910169,cuda
evaluation,2526,1541,Warm B,0.5688625574111938,0.17746049165725708,0.5308641975308642,1.0,0.40911993384361267,0.2595299780368805,,cfg02_G2_D32,0.9769684569910169,cuda
evaluation,2526,1541,Warm C,0.5720129013061523,0.17528584599494934,0.5555555555555556,1.0,0.3349778950214386,0.2958585321903229,,cfg02_G2_D32,0.9769684569910169,cuda
evaluation,2535,1549,Cold,0.5598874688148499,0.17529532313346863,0.5061728395061729,1.0,0.0,0.0,,cfg02_G2_D32,0.9769684569910169,cuda
evaluation,2535,1549,Warm A,0.5596156120300293,0.17761434614658356,0.48148148148148145,1.0,0.228511244058609,0.7622396349906921,,cfg02_G2_D32,0.9769684569910169,cuda
evaluation,2535,1549,Warm B,0.5680496096611023,0.17897048592567444,0.5061728395061729,1.0,0.27064090967178345,0.42506733536720276,,cfg02_G2_D32,0.9769684569910169,cuda
evaluation,2535,1549,Warm C,0.5716136693954468,0.18163564801216125,0.5061728395061729,1.0,0.4365108907222748,0.3235854208469391,,cfg02_G2_D32,0.9769684569910169,cuda
evaluation,2540,1551,Cold,0.5530362725257874,0.1774059534072876,0.5061728395061729,1.0,0.0,0.0,,cfg02_G2_D32,0.9769684569910169,cuda
evaluation,2540,1551,Warm A,0.5580236911773682,0.17883792519569397,0.5061728395061729,1.0,0.20581209659576416,0.6005334854125977,,cfg02_G2_D32,0.9769684569910169,cuda
evaluation,2540,1551,Warm B,0.5678229331970215,0.18029773235321045,0.5308641975308642,1.0,0.30415838956832886,0.33900392055511475,,cfg02_G2_D32,0.9769684569910169,cuda
evaluation,2540,1551,Warm C,0.5665838122367859,0.1774483025074005,0.5308641975308642,1.0,0.27395668625831604,0.43581247329711914,,cfg02_G2_D32,0.9769684569910169,cuda
evaluation,2546,1554,Cold,0.5561482906341553,0.17632213234901428,0.5061728395061729,1.0,0.0,0.0,,cfg02_G2_D32,0.9769684569910169,cuda
evaluation,2546,1554,Warm A,0.5643267631530762,0.17756877839565277,0.5308641975308642,1.0,0.23651400208473206,0.531745433807373,,cfg02_G2_D32,0.9769684569910169,cuda
evaluation,2546,1554,Warm B,0.5650474429130554,0.17776542901992798,0.5308641975308642,1.0,0.4156580865383148,0.5817289352416992,,cfg02_G2_D32,0.9769684569910169,cuda
evaluation,2546,1554,Warm C,0.5718085169792175,0.18095271289348602,0.5802469135802469,1.0,0.6020588278770447,0.44921642541885376,,cfg02_G2_D32,0.9769684569910169,cuda
evaluation,2548,1555,Cold,0.5536572337150574,0.17565986514091492,0.5061728395061729,1.0,0.0,0.0,,cfg02_G2_D32,0.9769684569910169,cuda
evaluation,2548,1555,Warm A,0.5597779154777527,0.1772553026676178,0.5061728395061729,1.0,0.23155999183654785,0.4559426009654999,,cfg02_G2_D32,0.9769684569910169,cuda
evaluation,2548,1555,Warm B,0.56980299949646,0.17577920854091644,0.5555555555555556,1.0,0.28322118520736694,0.2659725844860077,,cfg02_G2_D32,0.9769684569910169,cuda
evaluation,2548,1555,Warm C,0.5773382186889648,0.1740151047706604,0.5802469135802469,1.0,0.4546472430229187,0.2344387024641037,,cfg02_G2_D32,0.9769684569910169,cuda
evaluation,2549,1556,Cold,0.5516741871833801,0.176552414894104,0.5308641975308642,1.0,0.0,0.0,,cfg02_G2_D32,0.9769684569910169,cuda
evaluation,2549,1556,Warm A,0.560715913772583,0.1774052381515503,0.5061728395061729,1.0,0.20976689457893372,0.38518771529197693,,cfg02_G2_D32,0.9769684569910169,cuda
evaluation,2549,1556,Warm B,0.5548245310783386,0.17954407632350922,0.5061728395061729,1.0,0.2907545864582062,0.5225526690483093,,cfg02_G2_D32,0.9769684569910169,cuda
evaluation,2549,1556,Warm C,0.5594373345375061,0.18172526359558105,0.5061728395061729,1.0,0.49168065190315247,0.47846537828445435,,cfg02_G2_D32,0.9769684569910169,cuda
evaluation,2550,1557,Cold,0.570641815662384,0.176428884267807,0.5308641975308642,1.0,0.0,0.0,,cfg02_G2_D32,0.9769684569910169,cuda
evaluation,2550,1557,Warm A,0.5673165917396545,0.17627856135368347,0.48148148148148145,1.0,0.21556735038757324,0.5547014474868774,,cfg02_G2_D32,0.9769684569910169,cuda
evaluation,2550,1557,Warm B,0.5706861615180969,0.175389364361763,0.48148148148148145,1.0,0.2511213421821594,0.574088454246521,,cfg02_G2_D32,0.9769684569910169,cuda
evaluation,2550,1557,Warm C,0.5699816942214966,0.1771824061870575,0.4567901234567901,1.0,0.3616088926792145,0.6484628319740295,,cfg02_G2_D32,0.9769684569910169,cuda
evaluation,2551,1558,Cold,0.5598018169403076,0.1758815348148346,0.5308641975308642,1.0,0.0,0.0,,cfg02_G2_D32,0.9769684569910169,cuda
evaluation,2551,1558,Warm A,0.5620499849319458,0.17425408959388733,0.5555555555555556,1.0,0.2206224948167801,0.4613057076931,,cfg02_G2_D32,0.9769684569910169,cuda
evaluation,2551,1558,Warm B,0.5612418055534363,0.17634934186935425,0.5061728395061729,1.0,0.10753390192985535,0.6346008777618408,,cfg02_G2_D32,0.9769684569910169,cuda
evaluation,2551,1558,Warm C,0.5607651472091675,0.17721563577651978,0.5061728395061729,1.0,0.2623918354511261,0.6553336381912231,,cfg02_G2_D32,0.9769684569910169,cuda
evaluation,2554,1560,Cold,0.5689260363578796,0.174420565366745,0.5308641975308642,1.0,0.0,0.0,,cfg02_G2_D32,0.9769684569910169,cuda
evaluation,2554,1560,Warm A,0.5724964141845703,0.17584474384784698,0.5308641975308642,1.0,0.22973960638046265,0.5087267756462097,,cfg02_G2_D32,0.9769684569910169,cuda
evaluation,2554,1560,Warm B,0.5708208680152893,0.17737916111946106,0.5061728395061729,1.0,0.3098489046096802,0.5552520155906677,,cfg02_G2_D32,0.9769684569910169,cuda
evaluation,2554,1560,Warm C,0.5664438009262085,0.17542429268360138,0.5308641975308642,1.0,0.28721460700035095,0.6214596629142761,,cfg02_G2_D32,0.9769684569910169,cuda
evaluation,2555,1561,Cold,0.5492915511131287,0.18016958236694336,0.5308641975308642,1.0,0.0,0.0,,cfg02_G2_D32,0.9769684569910169,cuda
evaluation,2555,1561,Warm A,0.5513342618942261,0.18234844505786896,0.48148148148148145,1.0,0.21970587968826294,0.6693117022514343,,cfg02_G2_D32,0.9769684569910169,cuda
evaluation,2555,1561,Warm B,0.5578774213790894,0.1844702810049057,0.5061728395061729,1.0,0.387174129486084,0.3813420534133911,,cfg02_G2_D32,0.9769684569910169,cuda
evaluation,2555,1561,Warm C,0.5650088787078857,0.18676161766052246,0.5555555555555556,1.0,0.55515056848526,0.17085056006908417,,cfg02_G2_D32,0.9769684569910169,cuda
evaluation,2560,1563,Cold,0.5530902147293091,0.17717207968235016,0.5061728395061729,1.0,0.0,0.0,,cfg02_G2_D32,0.9769684569910169,cuda
evaluation,2560,1563,Warm A,0.5563572645187378,0.1798350065946579,0.5061728395061729,1.0,0.22088606655597687,0.6086603999137878,,cfg02_G2_D32,0.9769684569910169,cuda
evaluation,2560,1563,Warm B,0.5502865314483643,0.1805940419435501,0.5061728395061729,1.0,0.4081522524356842,0.6460376977920532,,cfg02_G2_D32,0.9769684569910169,cuda
evaluation,2560,1563,Warm C,0.5531794428825378,0.18021456897258759,0.5308641975308642,1.0,0.3594837188720703,0.532799243927002,,cfg02_G2_D32,0.9769684569910169,cuda
evaluation,2561,1564,Cold,0.5525294542312622,0.1756289005279541,0.5308641975308642,1.0,0.0,0.0,,cfg02_G2_D32,0.9769684569910169,cuda
evaluation,2561,1564,Warm A,0.5609636902809143,0.1752544790506363,0.5061728395061729,1.0,0.20818348228931427,0.4814625382423401,,cfg02_G2_D32,0.9769684569910169,cuda
evaluation,2561,1564,Warm B,0.5699295997619629,0.17593373358249664,0.5308641975308642,1.0,0.40185171365737915,0.33285191655158997,,cfg02_G2_D32,0.9769684569910169,cuda
evaluation,2561,1564,Warm C,0.5732970833778381,0.17913073301315308,0.5555555555555556,1.0,0.48618781566619873,0.32549819350242615,,cfg02_G2_D32,0.9769684569910169,cuda
evaluation,2570,1568,Cold,0.5542990565299988,0.17504900693893433,0.5061728395061729,1.0,0.0,0.0,,cfg02_G2_D32,0.9769684569910169,cuda
evaluation,2570,1568,Warm A,0.5525171160697937,0.1752348095178604,0.5555555555555556,1.0,0.21152904629707336,0.57026207447052,,cfg02_G2_D32,0.9769684569910169,cuda
evaluation,2570,1568,Warm B,0.5506305694580078,0.17546220123767853,0.5308641975308642,1.0,0.3464395999908447,0.5272963643074036,,cfg02_G2_D32,0.9769684569910169,cuda
evaluation,2570,1568,Warm C,0.5487753748893738,0.17643964290618896,0.5308641975308642,1.0,0.3141357898712158,0.625289261341095,,cfg02_G2_D32,0.9769684569910169,cuda
evaluation,2574,1571,Cold,0.5495718121528625,0.17914515733718872,0.5061728395061729,1.0,0.0,0.0,,cfg02_G2_D32,0.9769684569910169,cuda
evaluation,2574,1571,Warm A,0.5521113276481628,0.18107613921165466,0.5061728395061729,1.0,0.22174376249313354,0.6432823538780212,,cfg02_G2_D32,0.9769684569910169,cuda
evaluation,2574,1571,Warm B,0.559005618095398,0.1837242990732193,0.5061728395061729,1.0,0.41500502824783325,0.47281724214553833,,cfg02_G2_D32,0.9769684569910169,cuda
evaluation,2574,1571,Warm C,0.5651176571846008,0.1839328557252884,0.5061728395061729,1.0,0.5227901935577393,0.4757753014564514,,cfg02_G2_D32,0.9769684569910169,cuda
evaluation,2575,1572,Cold,0.5559508800506592,0.17691347002983093,0.5061728395061729,1.0,0.0,0.0,,cfg02_G2_D32,0.9769684569910169,cuda
evaluation,2575,1572,Warm A,0.5500556826591492,0.1771969199180603,0.5061728395061729,1.0,0.2076929211616516,0.5261475443840027,,cfg02_G2_D32,0.9769684569910169,cuda
evaluation,2575,1572,Warm B,0.5468644499778748,0.17911140620708466,0.4567901234567901,1.0,0.2947881519794464,0.6113774180412292,,cfg02_G2_D32,0.9769684569910169,cuda
evaluation,2575,1572,Warm C,0.5458072423934937,0.17770111560821533,0.5061728395061729,1.0,0.32522791624069214,0.43725377321243286,,cfg02_G2_D32,0.9769684569910169,cuda
evaluation,2582,1575,Cold,0.5532275438308716,0.17724570631980896,0.5061728395061729,1.0,0.0,0.0,,cfg02_G2_D32,0.9769684569910169,cuda
evaluation,2582,1575,Warm A,0.5582387447357178,0.17919743061065674,0.5061728395061729,1.0,0.21944695711135864,0.5700061917304993,,cfg02_G2_D32,0.9769684569910169,cuda
evaluation,2582,1575,Warm B,0.5510398745536804,0.17756709456443787,0.5061728395061729,1.0,0.20289719104766846,0.5162320137023926,,cfg02_G2_D32,0.9769684569910169,cuda
evaluation,2582,1575,Warm C,0.5591000914573669,0.1792822778224945,0.5061728395061729,1.0,0.28160157799720764,0.4690849483013153,,cfg02_G2_D32,0.9769684569910169,cuda
evaluation,2587,1577,Cold,0.5478986501693726,0.17857365310192108,0.5061728395061729,1.0,0.0,0.0,,cfg02_G2_D32,0.9769684569910169,cuda
evaluation,2587,1577,Warm A,0.5533711314201355,0.17976170778274536,0.5061728395061729,1.0,0.22130651772022247,0.5437523722648621,,cfg02_G2_D32,0.9769684569910169,cuda
evaluation,2587,1577,Warm B,0.5602670311927795,0.18192166090011597,0.5061728395061729,1.0,0.3883616328239441,0.5306321978569031,,cfg02_G2_D32,0.9769684569910169,cuda
evaluation,2587,1577,Warm C,0.5671688318252563,0.1839243322610855,0.5802469135802469,1.0,0.4999890625476837,0.2527395784854889,,cfg02_G2_D32,0.9769684569910169,cuda
evaluation,2589,1578,Cold,0.5529032349586487,0.17602096498012543,0.5061728395061729,1.0,0.0,0.0,,cfg02_G2_D32,0.9769684569910169,cuda
evaluation,2589,1578,Warm A,0.5583699941635132,0.17815865576267242,0.5061728395061729,1.0,0.20856623351573944,0.5779892206192017,,cfg02_G2_D32,0.9769684569910169,cuda
evaluation,2589,1578,Warm B,0.5509011149406433,0.18019349873065948,0.48148148148148145,1.0,0.3787716031074524,0.6305616497993469,,cfg02_G2_D32,0.9769684569910169,cuda
evaluation,2589,1578,Warm C,0.5451408624649048,0.18214090168476105,0.48148148148148145,1.0,0.5562941431999207,0.6204109787940979,,cfg02_G2_D32,0.9769684569910169,cuda
evaluation,2594,1579,Cold,0.5546958446502686,0.17554856836795807,0.5061728395061729,1.0,0.0,0.0,,cfg02_G2_D32,0.9769684569910169,cuda
evaluation,2594,1579,Warm A,0.543212890625,0.17735500633716583,0.4567901234567901,1.0,0.21632730960845947,0.7034539580345154,,cfg02_G2_D32,0.9769684569910169,cuda
evaluation,2594,1579,Warm B,0.5446485280990601,0.1762087345123291,0.48148148148148145,1.0,0.1383262425661087,0.46228906512260437,,cfg02_G2_D32,0.9769684569910169,cuda
evaluation,2594,1579,Warm C,0.5483614206314087,0.17504918575286865,0.5308641975308642,1.0,0.3082975447177887,0.2527167499065399,,cfg02_G2_D32,0.9769684569910169,cuda
evaluation,2596,1580,Cold,0.5528796911239624,0.17929798364639282,0.5061728395061729,1.0,0.0,0.0,,cfg02_G2_D32,0.9769684569910169,cuda
evaluation,2596,1580,Warm A,0.5504170060157776,0.17760205268859863,0.5308641975308642,1.0,0.2158428579568863,0.5883851051330566,,cfg02_G2_D32,0.9769684569910169,cuda
evaluation,2596,1580,Warm B,0.5518615245819092,0.1789570152759552,0.5061728395061729,1.0,0.2269645482301712,0.6154627799987793,,cfg02_G2_D32,0.9769684569910169,cuda
evaluation,2596,1580,Warm C,0.552605390548706,0.1810966432094574,0.5061728395061729,1.0,0.31335607171058655,0.5899985432624817,,cfg02_G2_D32,0.9769684569910169,cuda
evaluation,2597,1581,Cold,0.5512369275093079,0.177773579955101,0.5061728395061729,1.0,0.0,0.0,,cfg02_G2_D32,0.9769684569910169,cuda
evaluation,2597,1581,Warm A,0.5567765235900879,0.17908766865730286,0.5061728395061729,1.0,0.21406476199626923,0.586065948009491,,cfg02_G2_D32,0.9769684569910169,cuda
evaluation,2597,1581,Warm B,0.5648880004882812,0.1807151585817337,0.5308641975308642,1.0,0.3520413935184479,0.3058476150035858,,cfg02_G2_D32,0.9769684569910169,cuda
evaluation,2597,1581,Warm C,0.5666784644126892,0.18029265105724335,0.5555555555555556,1.0,0.40671712160110474,0.2653476893901825,,cfg02_G2_D32,0.9769684569910169,cuda
evaluation,2607,1587,Cold,0.5563191175460815,0.17479835450649261,0.5061728395061729,1.0,0.0,0.0,,cfg02_G2_D32,0.9769684569910169,cuda
evaluation,2607,1587,Warm A,0.5559348464012146,0.17306655645370483,0.5061728395061729,1.0,0.19974569976329803,0.5780768394470215,,cfg02_G2_D32,0.9769684569910169,cuda
evaluation,2607,1587,Warm B,0.558148205280304,0.17060522735118866,0.5555555555555556,1.0,0.38572362065315247,0.21144597232341766,,cfg02_G2_D32,0.9769684569910169,cuda
evaluation,2607,1587,Warm C,0.5619879961013794,0.1710463911294937,0.5061728395061729,1.0,0.3375628888607025,0.48431864380836487,,cfg02_G2_D32,0.9769684569910169,cuda
evaluation,2609,1588,Cold,0.5564971566200256,0.17711736261844635,0.5061728395061729,1.0,0.0,0.0,,cfg02_G2_D32,0.9769684569910169,cuda
evaluation,2609,1588,Warm A,0.5507127642631531,0.1770041435956955,0.5308641975308642,1.0,0.22447872161865234,0.39594778418540955,,cfg02_G2_D32,0.9769684569910169,cuda
evaluation,2609,1588,Warm B,0.5571346282958984,0.1749209314584732,0.5555555555555556,1.0,0.37825149297714233,0.326445072889328,,cfg02_G2_D32,0.9769684569910169,cuda
evaluation,2609,1588,Warm C,0.5545764565467834,0.17648349702358246,0.5061728395061729,1.0,0.3344458341598511,0.383792906999588,,cfg02_G2_D32,0.9769684569910169,cuda
evaluation,2611,1589,Cold,0.5555356740951538,0.17706750333309174,0.5061728395061729,1.0,0.0,0.0,,cfg02_G2_D32,0.9769684569910169,cuda
evaluation,2611,1589,Warm A,0.5507021546363831,0.17821529507637024,0.5308641975308642,1.0,0.22639794647693634,0.5794936418533325,,cfg02_G2_D32,0.9769684569910169,cuda
evaluation,2611,1589,Warm B,0.551567018032074,0.17865736782550812,0.5061728395061729,1.0,0.3511873483657837,0.5594936013221741,,cfg02_G2_D32,0.9769684569910169,cuda
evaluation,2611,1589,Warm C,0.5502533316612244,0.17813459038734436,0.5061728395061729,1.0,0.2522695064544678,0.5245568752288818,,cfg02_G2_D32,0.9769684569910169,cuda
evaluation,2612,1590,Cold,0.576505184173584,0.18492522835731506,0.5308641975308642,1.0,0.0,0.0,,cfg02_G2_D32,0.9769684569910169,cuda
evaluation,2612,1590,Warm A,0.5828751921653748,0.183338925242424,0.5308641975308642,1.0,0.24682682752609253,0.3133140206336975,,cfg02_G2_D32,0.9769684569910169,cuda
evaluation,2612,1590,Warm B,0.5848052501678467,0.18582092225551605,0.5555555555555556,1.0,0.3616364598274231,0.38078975677490234,,cfg02_G2_D32,0.9769684569910169,cuda
evaluation,2612,1590,Warm C,0.5768669247627258,0.18667376041412354,0.5061728395061729,1.0,0.23822028934955597,0.6057727336883545,,cfg02_G2_D32,0.9769684569910169,cuda
evaluation,2615,1592,Cold,0.55611252784729,0.17102444171905518,0.5061728395061729,1.0,0.0,0.0,,cfg02_G2_D32,0.9769684569910169,cuda
evaluation,2615,1592,Warm A,0.5654780268669128,0.17042917013168335,0.5308641975308642,1.0,0.2154826670885086,0.3911571204662323,,cfg02_G2_D32,0.9769684569910169,cuda
evaluation,2615,1592,Warm B,0.5587458610534668,0.17274925112724304,0.5061728395061729,1.0,0.21618081629276276,0.6237188577651978,,cfg02_G2_D32,0.9769684569910169,cuda
evaluation,2615,1592,Warm C,0.5580653548240662,0.17271631956100464,0.5061728395061729,1.0,0.1958630234003067,0.5741448998451233,,cfg02_G2_D32,0.9769684569910169,cuda
evaluation,2621,1595,Cold,0.5551158785820007,0.1763426810503006,0.5061728395061729,1.0,0.0,0.0,,cfg02_G2_D32,0.9769684569910169,cuda
evaluation,2621,1595,Warm A,0.5479243993759155,0.17689655721187592,0.5308641975308642,1.0,0.22655047476291656,0.6189404726028442,,cfg02_G2_D32,0.9769684569910169,cuda
evaluation,2621,1595,Warm B,0.5515953898429871,0.17682993412017822,0.5308641975308642,1.0,0.17113418877124786,0.5201220512390137,,cfg02_G2_D32,0.9769684569910169,cuda
evaluation,2621,1595,Warm C,0.5520229339599609,0.1786908358335495,0.5308641975308642,1.0,0.2547488808631897,0.6228524446487427,,cfg02_G2_D32,0.9769684569910169,cuda
evaluation,2624,1597,Cold,0.5556718111038208,0.17451560497283936,0.5061728395061729,1.0,0.0,0.0,,cfg02_G2_D32,0.9769684569910169,cuda
evaluation,2624,1597,Warm A,0.549664318561554,0.17484158277511597,0.5061728395061729,1.0,0.21949946880340576,0.4172643721103668,,cfg02_G2_D32,0.9769684569910169,cuda
evaluation,2624,1597,Warm B,0.5465230941772461,0.17577265202999115,0.48148148148148145,1.0,0.3332151174545288,0.44482359290122986,,cfg02_G2_D32,0.9769684569910169,cuda
evaluation,2624,1597,Warm C,0.5465450286865234,0.17549091577529907,0.5308641975308642,1.0,0.24849437177181244,0.44969508051872253,,cfg02_G2_D32,0.9769684569910169,cuda
evaluation,2625,1598,Cold,0.5536807179450989,0.17481017112731934,0.5061728395061729,1.0,0.0,0.0,,cfg02_G2_D32,0.9769684569910169,cuda
evaluation,2625,1598,Warm A,0.5521093010902405,0.17630283534526825,0.5061728395061729,1.0,0.2123677134513855,0.6006679534912109,,cfg02_G2_D32,0.9769684569910169,cuda
evaluation,2625,1598,Warm B,0.5551343560218811,0.17804037034511566,0.5061728395061729,1.0,0.3527897894382477,0.5966912508010864,,cfg02_G2_D32,0.9769684569910169,cuda
evaluation,2625,1598,Warm C,0.543670117855072,0.17935743927955627,0.48148148148148145,1.0,0.5080075263977051,0.6165646910667419,,cfg02_G2_D32,0.9769684569910169,cuda
evaluation,2629,1600,Cold,0.5514641404151917,0.17721165716648102,0.5061728395061729,1.0,0.0,0.0,,cfg02_G2_D32,0.9769684569910169,cuda
evaluation,2629,1600,Warm A,0.5580259561538696,0.1769605427980423,0.5061728395061729,1.0,0.20124419033527374,0.5954709053039551,,cfg02_G2_D32,0.9769684569910169,cuda
evaluation,2629,1600,Warm B,0.5622653961181641,0.1794057935476303,0.5061728395061729,1.0,0.36826038360595703,0.5154443979263306,,cfg02_G2_D32,0.9769684569910169,cuda
evaluation,2629,1600,Warm C,0.5503893494606018,0.17902915179729462,0.5061728395061729,1.0,0.43352439999580383,0.6603869795799255,,cfg02_G2_D32,0.9769684569910169,cuda
evaluation,2633,1601,Cold,0.5784188508987427,0.18626703321933746,0.5308641975308642,1.0,0.0,0.0,,cfg02_G2_D32,0.9769684569910169,cuda
evaluation,2633,1601,Warm A,0.5748209357261658,0.18858617544174194,0.5061728395061729,1.0,0.24812734127044678,0.7963724136352539,,cfg02_G2_D32,0.9769684569910169,cuda
evaluation,2633,1601,Warm B,0.5763536691665649,0.19134725630283356,0.5061728395061729,1.0,0.3480277359485626,0.587251603603363,,cfg02_G2_D32,0.9769684569910169,cuda
evaluation,2633,1601,Warm C,0.580560028553009,0.19400765001773834,0.5308641975308642,1.0,0.39560553431510925,0.4913986325263977,,cfg02_G2_D32,0.9769684569910169,cuda
evaluation,2634,1602,Cold,0.5688187479972839,0.17668166756629944,0.5061728395061729,1.0,0.0,0.0,,cfg02_G2_D32,0.9769684569910169,cuda
evaluation,2634,1602,Warm A,0.5691037774085999,0.1776801347732544,0.5555555555555556,1.0,0.22256962954998016,0.6521537899971008,,cfg02_G2_D32,0.9769684569910169,cuda
evaluation,2634,1602,Warm B,0.5764793157577515,0.18016333878040314,0.5802469135802469,1.0,0.267263263463974,0.4928554594516754,,cfg02_G2_D32,0.9769684569910169,cuda
evaluation,2634,1602,Warm C,0.5723774433135986,0.17822064459323883,0.5061728395061729,1.0,0.22703887522220612,0.5004653334617615,,cfg02_G2_D32,0.9769684569910169,cuda
evaluation,2639,1603,Cold,0.562507152557373,0.17715980112552643,0.5308641975308642,1.0,0.0,0.0,,cfg02_G2_D32,0.9769684569910169,cuda
evaluation,2639,1603,Warm A,0.5639697909355164,0.1803949922323227,0.5308641975308642,1.0,0.21820317208766937,0.7004906535148621,,cfg02_G2_D32,0.9769684569910169,cuda
evaluation,2639,1603,Warm B,0.5683072805404663,0.18260352313518524,0.5061728395061729,1.0,0.37344327569007874,0.5965758562088013,,cfg02_G2_D32,0.9769684569910169,cuda
evaluation,2639,1603,Warm C,0.5674249529838562,0.17891515791416168,0.5555555555555556,1.0,0.2097691148519516,0.47583436965942383,,cfg02_G2_D32,0.9769684569910169,cuda
evaluation,2645,1609,Cold,0.5705609917640686,0.1734492927789688,0.4567901234567901,1.0,0.0,0.0,,cfg02_G2_D32,0.9769684569910169,cuda
evaluation,2645,1609,Warm A,0.5651960968971252,0.174830362200737,0.4567901234567901,1.0,0.2103087306022644,0.6399287581443787,,cfg02_G2_D32,0.9769684569910169,cuda
evaluation,2645,1609,Warm B,0.5716692805290222,0.17448535561561584,0.5061728395061729,1.0,0.18992280960083008,0.4232926070690155,,cfg02_G2_D32,0.9769684569910169,cuda
evaluation,2645,1609,Warm C,0.567407488822937,0.17416998744010925,0.4567901234567901,1.0,0.2710801362991333,0.5614427924156189,,cfg02_G2_D32,0.9769684569910169,cuda
evaluation,2649,1611,Cold,0.5765950679779053,0.1807239055633545,0.5308641975308642,1.0,0.0,0.0,,cfg02_G2_D32,0.9769684569910169,cuda
evaluation,2649,1611,Warm A,0.5765944123268127,0.18277496099472046,0.5061728395061729,1.0,0.23031733930110931,0.7263303995132446,,cfg02_G2_D32,0.9769684569910169,cuda
evaluation,2649,1611,Warm B,0.5754274129867554,0.18263696134090424,0.5555555555555556,1.0,0.39531874656677246,0.5819186568260193,,cfg02_G2_D32,0.9769684569910169,cuda
evaluation,2649,1611,Warm C,0.5762085914611816,0.18406103551387787,0.5308641975308642,1.0,0.5050106048583984,0.6416087746620178,,cfg02_G2_D32,0.9769684569910169,cuda
evaluation,2651,1612,Cold,0.5750501751899719,0.18085232377052307,0.5308641975308642,1.0,0.0,0.0,,cfg02_G2_D32,0.9769684569910169,cuda
evaluation,2651,1612,Warm A,0.5764573812484741,0.18407803773880005,0.5308641975308642,1.0,0.21036849915981293,0.5575584769248962,,cfg02_G2_D32,0.9769684569910169,cuda
evaluation,2651,1612,Warm B,0.5739517211914062,0.18305189907550812,0.5555555555555556,1.0,0.23606255650520325,0.5254712104797363,,cfg02_G2_D32,0.9769684569910169,cuda
evaluation,2651,1612,Warm C,0.5738937258720398,0.18485474586486816,0.5061728395061729,1.0,0.38167545199394226,0.624993622303009,,cfg02_G2_D32,0.9769684569910169,cuda
evaluation,2654,1613,Cold,0.5762289762496948,0.18134810030460358,0.5308641975308642,1.0,0.0,0.0,,cfg02_G2_D32,0.9769684569910169,cuda
evaluation,2654,1613,Warm A,0.5733742713928223,0.1816917061805725,0.5061728395061729,1.0,0.21914835274219513,0.6589847207069397,,cfg02_G2_D32,0.9769684569910169,cuda
evaluation,2654,1613,Warm B,0.5696095824241638,0.18089789152145386,0.5061728395061729,1.0,0.2778187692165375,0.5634509921073914,,cfg02_G2_D32,0.9769684569910169,cuda
evaluation,2654,1613,Warm C,0.5653760433197021,0.18168038129806519,0.5061728395061729,1.0,0.4340011775493622,0.7508353590965271,,cfg02_G2_D32,0.9769684569910169,cuda
evaluation,2656,1614,Cold,0.5717234015464783,0.17629727721214294,0.4567901234567901,1.0,0.0,0.0,,cfg02_G2_D32,0.9769684569910169,cuda
evaluation,2656,1614,Warm A,0.5769021511077881,0.17749233543872833,0.5308641975308642,1.0,0.22138601541519165,0.4709900915622711,,cfg02_G2_D32,0.9769684569910169,cuda
evaluation,2656,1614,Warm B,0.5797377228736877,0.17892523109912872,0.5308641975308642,1.0,0.37538185715675354,0.577000617980957,,cfg02_G2_D32,0.9769684569910169,cuda
evaluation,2656,1614,Warm C,0.5826010704040527,0.18274511396884918,0.5308641975308642,1.0,0.5123373866081238,0.48121020197868347,,cfg02_G2_D32,0.9769684569910169,cuda
evaluation,2660,1616,Cold,0.5716549158096313,0.1747227907180786,0.4567901234567901,1.0,0.0,0.0,,cfg02_G2_D32,0.9769684569910169,cuda
evaluation,2660,1616,Warm A,0.5721829533576965,0.17381709814071655,0.48148148148148145,1.0,0.21826836466789246,0.4673025608062744,,cfg02_G2_D32,0.9769684569910169,cuda
evaluation,2660,1616,Warm B,0.5688620805740356,0.17447485029697418,0.5061728395061729,1.0,0.3334803581237793,0.5156621336936951,,cfg02_G2_D32,0.9769684569910169,cuda
evaluation,2660,1616,Warm C,0.5670871734619141,0.17630119621753693,0.4567901234567901,1.0,0.44283273816108704,0.5897043943405151,,cfg02_G2_D32,0.9769684569910169,cuda
evaluation,2661,1617,Cold,0.5719012022018433,0.17444443702697754,0.4567901234567901,1.0,0.0,0.0,,cfg02_G2_D32,0.9769684569910169,cuda
evaluation,2661,1617,Warm A,0.5720350742340088,0.17735692858695984,0.5308641975308642,1.0,0.23118911683559418,0.639593780040741,,cfg02_G2_D32,0.9769684569910169,cuda
evaluation,2661,1617,Warm B,0.5738306045532227,0.17995823919773102,0.5308641975308642,1.0,0.36739417910575867,0.682581901550293,,cfg02_G2_D32,0.9769684569910169,cuda
evaluation,2661,1617,Warm C,0.5726267099380493,0.17824800312519073,0.5308641975308642,1.0,0.29631897807121277,0.5681478977203369,,cfg02_G2_D32,0.9769684569910169,cuda
evaluation,2665,1620,Cold,0.5701223015785217,0.17547258734703064,0.4567901234567901,1.0,0.0,0.0,,cfg02_G2_D32,0.9769684569910169,cuda
evaluation,2665,1620,Warm A,0.5680454969406128,0.17769482731819153,0.48148148148148145,1.0,0.2098534107208252,0.5946391224861145,,cfg02_G2_D32,0.9769684569910169,cuda
evaluation,2665,1620,Warm B,0.5699602961540222,0.17791648209095,0.5061728395061729,1.0,0.2764245569705963,0.623733401298523,,cfg02_G2_D32,0.9769684569910169,cuda
evaluation,2665,1620,Warm C,0.5666661858558655,0.17680391669273376,0.48148148148148145,1.0,0.2934008538722992,0.5729352831840515,,cfg02_G2_D32,0.9769684569910169,cuda
evaluation,2669,1622,Cold,0.5702719688415527,0.17832571268081665,0.5061728395061729,1.0,0.0,0.0,,cfg02_G2_D32,0.9769684569910169,cuda
evaluation,2669,1622,Warm A,0.570218563079834,0.18079611659049988,0.5308641975308642,1.0,0.22819174826145172,0.5726087689399719,,cfg02_G2_D32,0.9769684569910169,cuda
evaluation,2669,1622,Warm B,0.572048544883728,0.1820630431175232,0.5308641975308642,1.0,0.388577401638031,0.5545260310173035,,cfg02_G2_D32,0.9769684569910169,cuda
evaluation,2669,1622,Warm C,0.5705475211143494,0.17957578599452972,0.5308641975308642,1.0,0.2857954204082489,0.5794095396995544,,cfg02_G2_D32,0.9769684569910169,cuda
evaluation,2682,1628,Cold,0.5546237230300903,0.17762982845306396,0.5061728395061729,1.0,0.0,0.0,,cfg02_G2_D32,0.9769684569910169,cuda
evaluation,2682,1628,Warm A,0.5504981279373169,0.1782951056957245,0.5061728395061729,1.0,0.2155867964029312,0.4958460330963135,,cfg02_G2_D32,0.9769684569910169,cuda
evaluation,2682,1628,Warm B,0.551157534122467,0.1777152717113495,0.5308641975308642,1.0,0.22796930372714996,0.5053264498710632,,cfg02_G2_D32,0.9769684569910169,cuda
evaluation,2682,1628,Warm C,0.5535711646080017,0.17641007900238037,0.5308641975308642,1.0,0.3917684853076935,0.31202778220176697,,cfg02_G2_D32,0.9769684569910169,cuda
evaluation,2696,1637,Cold,0.5501042008399963,0.17936980724334717,0.5061728395061729,1.0,0.0,0.0,,cfg02_G2_D32,0.9769684569910169,cuda
evaluation,2696,1637,Warm A,0.5533681511878967,0.1774994432926178,0.5308641975308642,1.0,0.23536503314971924,0.449436753988266,,cfg02_G2_D32,0.9769684569910169,cuda
evaluation,2696,1637,Warm B,0.5475572347640991,0.17849788069725037,0.48148148148148145,1.0,0.2558152973651886,0.6166238188743591,,cfg02_G2_D32,0.9769684569910169,cuda
evaluation,2696,1637,Warm C,0.5519266128540039,0.17716209590435028,0.48148148148148145,1.0,0.3578467071056366,0.502214252948761,,cfg02_G2_D32,0.9769684569910169,cuda
evaluation,2714,1648,Cold,0.5543537139892578,0.1761404126882553,0.5061728395061729,1.0,0.0,0.0,,cfg02_G2_D32,0.9769684569910169,cuda
evaluation,2714,1648,Warm A,0.5569885969161987,0.17843851447105408,0.5061728395061729,1.0,0.22754713892936707,0.6721428036689758,,cfg02_G2_D32,0.9769684569910169,cuda
evaluation,2714,1648,Warm B,0.5643430352210999,0.17985959351062775,0.5061728395061729,1.0,0.35075274109840393,0.5989033579826355,,cfg02_G2_D32,0.9769684569910169,cuda
evaluation,2714,1648,Warm C,0.564291775226593,0.17856265604496002,0.5308641975308642,1.0,0.41493871808052063,0.5095083117485046,,cfg02_G2_D32,0.9769684569910169,cuda
evaluation,2721,1654,Cold,0.5542908906936646,0.17401738464832306,0.5061728395061729,1.0,0.0,0.0,,cfg02_G2_D32,0.9769684569910169,cuda
evaluation,2721,1654,Warm A,0.5465627908706665,0.17419980466365814,0.5061728395061729,1.0,0.19802476465702057,0.5686901211738586,,cfg02_G2_D32,0.9769684569910169,cuda
evaluation,2721,1654,Warm B,0.5511139035224915,0.1726914942264557,0.5555555555555556,1.0,0.298588365316391,0.5006872415542603,,cfg02_G2_D32,0.9769684569910169,cuda
evaluation,2721,1654,Warm C,0.5550002455711365,0.17110055685043335,0.5308641975308642,1.0,0.4384653568267822,0.41614118218421936,,cfg02_G2_D32,0.9769684569910169,cuda
evaluation,2725,1658,Cold,0.5566781163215637,0.17598967254161835,0.5061728395061729,1.0,0.0,0.0,,cfg02_G2_D32,0.9769684569910169,cuda
evaluation,2725,1658,Warm A,0.5507250428199768,0.1766960620880127,0.48148148148148145,1.0,0.20399576425552368,0.6757466197013855,,cfg02_G2_D32,0.9769684569910169,cuda
evaluation,2725,1658,Warm B,0.5456780195236206,0.17775081098079681,0.48148148148148145,1.0,0.35753509402275085,0.6129245758056641,,cfg02_G2_D32,0.9769684569910169,cuda
evaluation,2725,1658,Warm C,0.5473723411560059,0.17738066613674164,0.48148148148148145,1.0,0.3053312599658966,0.6167632937431335,,cfg02_G2_D32,0.9769684569910169,cuda
evaluation,2726,1659,Cold,0.5714030265808105,0.17820116877555847,0.5061728395061729,1.0,0.0,0.0,,cfg02_G2_D32,0.9769684569910169,cuda
evaluation,2726,1659,Warm A,0.5743651390075684,0.1771806925535202,0.5308641975308642,1.0,0.2098264843225479,0.24109330773353577,,cfg02_G2_D32,0.9769684569910169,cuda
evaluation,2726,1659,Warm B,0.5731863975524902,0.17591498792171478,0.5061728395061729,1.0,0.2993074953556061,0.17857098579406738,,cfg02_G2_D32,0.9769684569910169,cuda
evaluation,2726,1659,Warm C,0.5722417235374451,0.17707404494285583,0.5308641975308642,1.0,0.20041221380233765,0.563959002494812,,cfg02_G2_D32,0.9769684569910169,cuda
evaluation,2730,1662,Cold,0.5655716061592102,0.177498921751976,0.5308641975308642,1.0,0.0,0.0,,cfg02_G2_D32,0.9769684569910169,cuda
evaluation,2730,1662,Warm A,0.5639075636863708,0.1814742386341095,0.48148148148148145,1.0,0.21371816098690033,0.626786470413208,,cfg02_G2_D32,0.9769684569910169,cuda
evaluation,2730,1662,Warm B,0.5625966191291809,0.18514105677604675,0.4567901234567901,1.0,0.4354902505874634,0.8241793513298035,,cfg02_G2_D32,0.9769684569910169,cuda
evaluation,2730,1662,Warm C,0.555740475654602,0.1830039620399475,0.48148148148148145,1.0,0.5246004462242126,0.6544697880744934,,cfg02_G2_D32,0.9769684569910169,cuda
evaluation,2731,1663,Cold,0.5717231035232544,0.1810537427663803,0.5061728395061729,1.0,0.0,0.0,,cfg02_G2_D32,0.9769684569910169,cuda
evaluation,2731,1663,Warm A,0.5731109976768494,0.1774703413248062,0.5061728395061729,1.0,0.2346014380455017,0.3509523272514343,,cfg02_G2_D32,0.9769684569910169,cuda
evaluation,2731,1663,Warm B,0.5775691270828247,0.17854709923267365,0.5061728395061729,1.0,0.38557371497154236,0.39690789580345154,,cfg02_G2_D32,0.9769684569910169,cuda
evaluation,2731,1663,Warm C,0.5793843269348145,0.17630819976329803,0.5061728395061729,1.0,0.6056736707687378,0.19624556601047516,,cfg02_G2_D32,0.9769684569910169,cuda
evaluation,2732,1664,Cold,0.5711159706115723,0.18088138103485107,0.5061728395061729,1.0,0.0,0.0,,cfg02_G2_D32,0.9769684569910169,cuda
evaluation,2732,1664,Warm A,0.57349693775177,0.1817624270915985,0.5555555555555556,1.0,0.21124345064163208,0.5560927987098694,,cfg02_G2_D32,0.9769684569910169,cuda
evaluation,2732,1664,Warm B,0.5746539235115051,0.18578363955020905,0.5308641975308642,1.0,0.3276401460170746,0.6266331076622009,,cfg02_G2_D32,0.9769684569910169,cuda
evaluation,2732,1664,Warm C,0.5717406868934631,0.18342836201190948,0.5555555555555556,1.0,0.24790507555007935,0.5682567358016968,,cfg02_G2_D32,0.9769684569910169,cuda
evaluation,2738,1668,Cold,0.5574893951416016,0.17608119547367096,0.5061728395061729,1.0,0.0,0.0,,cfg02_G2_D32,0.9769684569910169,cuda
evaluation,2738,1668,Warm A,0.5642398595809937,0.17677535116672516,0.5061728395061729,1.0,0.21419963240623474,0.5268722772598267,,cfg02_G2_D32,0.9769684569910169,cuda
evaluation,2738,1668,Warm B,0.5677003264427185,0.17745299637317657,0.5061728395061729,1.0,0.3584049940109253,0.4666265547275543,,cfg02_G2_D32,0.9769684569910169,cuda
evaluation,2738,1668,Warm C,0.567288875579834,0.17416687309741974,0.5308641975308642,1.0,0.47885969281196594,0.3776952922344208,,cfg02_G2_D32,0.9769684569910169,cuda
evaluation,2741,1670,Cold,0.5586669445037842,0.17554165422916412,0.5061728395061729,1.0,0.0,0.0,,cfg02_G2_D32,0.9769684569910169,cuda
evaluation,2741,1670,Warm A,0.5703054070472717,0.17510294914245605,0.5308641975308642,1.0,0.2246997058391571,0.3431049585342407,,cfg02_G2_D32,0.9769684569910169,cuda
evaluation,2741,1670,Warm B,0.5650383234024048,0.17514772713184357,0.5308641975308642,1.0,0.24445998668670654,0.5961081385612488,,cfg02_G2_D32,0.9769684569910169,cuda
evaluation,2741,1670,Warm C,0.5730301737785339,0.17280513048171997,0.5308641975308642,1.0,0.36642777919769287,0.40767866373062134,,cfg02_G2_D32,0.9769684569910169,cuda
evaluation,2748,1674,Cold,0.5555873513221741,0.17310425639152527,0.5061728395061729,1.0,0.0,0.0,,cfg02_G2_D32,0.9769684569910169,cuda
evaluation,2748,1674,Warm A,0.5621597766876221,0.17410816252231598,0.5308641975308642,1.0,0.21087491512298584,0.39559659361839294,,cfg02_G2_D32,0.9769684569910169,cuda
evaluation,2748,1674,Warm B,0.56818026304245,0.17600113153457642,0.5308641975308642,1.0,0.3867020606994629,0.355995237827301,,cfg02_G2_D32,0.9769684569910169,cuda
evaluation,2748,1674,Warm C,0.575667679309845,0.17778156697750092,0.5555555555555556,1.0,0.5497533082962036,0.18822577595710754,,cfg02_G2_D32,0.9769684569910169,cuda
evaluation,2749,1675,Cold,0.5612264275550842,0.17517758905887604,0.5308641975308642,1.0,0.0,0.0,,cfg02_G2_D32,0.9769684569910169,cuda
evaluation,2749,1675,Warm A,0.5644851922988892,0.1775851547718048,0.5061728395061729,1.0,0.2139032781124115,0.6420044302940369,,cfg02_G2_D32,0.9769684569910169,cuda
evaluation,2749,1675,Warm B,0.5722862482070923,0.1769298017024994,0.5555555555555556,1.0,0.16966530680656433,0.48921170830726624,,cfg02_G2_D32,0.9769684569910169,cuda
evaluation,2749,1675,Warm C,0.5699589252471924,0.18000715970993042,0.5061728395061729,1.0,0.258952796459198,0.5950876474380493,,cfg02_G2_D32,0.9769684569910169,cuda
evaluation,2752,1677,Cold,0.5545503497123718,0.17662598192691803,0.5061728395061729,1.0,0.0,0.0,,cfg02_G2_D32,0.9769684569910169,cuda
evaluation,2752,1677,Warm A,0.556305468082428,0.17896668612957,0.48148148148148145,1.0,0.22952593863010406,0.7199779152870178,,cfg02_G2_D32,0.9769684569910169,cuda
evaluation,2752,1677,Warm B,0.5660554766654968,0.17933721840381622,0.5061728395061729,1.0,0.20216427743434906,0.4355190396308899,,cfg02_G2_D32,0.9769684569910169,cuda
evaluation,2752,1677,Warm C,0.5749646425247192,0.17910099029541016,0.5061728395061729,1.0,0.3130813539028168,0.33315643668174744,,cfg02_G2_D32,0.9769684569910169,cuda
evaluation,2757,1678,Cold,0.5618152022361755,0.17732127010822296,0.5308641975308642,1.0,0.0,0.0,,cfg02_G2_D32,0.9769684569910169,cuda
evaluation,2757,1678,Warm A,0.5627556443214417,0.17528566718101501,0.5555555555555556,1.0,0.25178277492523193,0.25253233313560486,,cfg02_G2_D32,0.9769684569910169,cuda
evaluation,2757,1678,Warm B,0.5631493330001831,0.17792317271232605,0.5555555555555556,1.0,0.007626487873494625,0.6390230655670166,,cfg02_G2_D32,0.9769684569910169,cuda
evaluation,2757,1678,Warm C,0.559023916721344,0.17794565856456757,0.48148148148148145,1.0,0.21073506772518158,0.5890816450119019,,cfg02_G2_D32,0.9769684569910169,cuda
evaluation,2769,1684,Cold,0.5526691675186157,0.17626924812793732,0.5308641975308642,1.0,0.0,0.0,,cfg02_G2_D32,0.9769684569910169,cuda
evaluation,2769,1684,Warm A,0.5593335628509521,0.17616981267929077,0.5061728395061729,1.0,0.19153887033462524,0.5708500742912292,,cfg02_G2_D32,0.9769684569910169,cuda
evaluation,2769,1684,Warm B,0.552642822265625,0.17553666234016418,0.5308641975308642,1.0,0.1529669165611267,0.5425100326538086,,cfg02_G2_D32,0.9769684569910169,cuda
evaluation,2769,1684,Warm C,0.5525099039077759,0.17813286185264587,0.48148148148148145,1.0,0.2669251263141632,0.6932997107505798,,cfg02_G2_D32,0.9769684569910169,cuda
evaluation,2771,1686,Cold,0.5545518398284912,0.17822791635990143,0.5061728395061729,1.0,0.0,0.0,,cfg02_G2_D32,0.9769684569910169,cuda
evaluation,2771,1686,Warm A,0.5599617958068848,0.1807820051908493,0.5061728395061729,1.0,0.2033739686012268,0.5720053911209106,,cfg02_G2_D32,0.9769684569910169,cuda
evaluation,2771,1686,Warm B,0.5669487118721008,0.183441624045372,0.5061728395061729,1.0,0.3352985978126526,0.5017492175102234,,cfg02_G2_D32,0.9769684569910169,cuda
evaluation,2771,1686,Warm C,0.5694701671600342,0.18667073547840118,0.5308641975308642,1.0,0.4900906980037689,0.36997222900390625,,cfg02_G2_D32,0.9769684569910169,cuda
evaluation,2774,1688,Cold,0.550674557685852,0.1767141968011856,0.5061728395061729,1.0,0.0,0.0,,cfg02_G2_D32,0.9769684569910169,cuda
evaluation,2774,1688,Warm A,0.5456116199493408,0.17681944370269775,0.48148148148148145,1.0,0.2316502183675766,0.598881721496582,,cfg02_G2_D32,0.9769684569910169,cuda
evaluation,2774,1688,Warm B,0.5485870242118835,0.1762022078037262,0.48148148148148145,1.0,0.19923532009124756,0.5244417190551758,,cfg02_G2_D32,0.9769684569910169,cuda
evaluation,2774,1688,Warm C,0.5559300780296326,0.1753753125667572,0.5061728395061729,1.0,0.23441290855407715,0.5155041217803955,,cfg02_G2_D32,0.9769684569910169,cuda
evaluation,2780,1690,Cold,0.5662558078765869,0.1789141297340393,0.5308641975308642,1.0,0.0,0.0,,cfg02_G2_D32,0.9769684569910169,cuda
evaluation,2780,1690,Warm A,0.5721271634101868,0.1802344024181366,0.5061728395061729,1.0,0.21651692688465118,0.519859790802002,,cfg02_G2_D32,0.9769684569910169,cuda
evaluation,2780,1690,Warm B,0.576217770576477,0.18313223123550415,0.5308641975308642,1.0,0.3737644553184509,0.5363042950630188,,cfg02_G2_D32,0.9769684569910169,cuda
evaluation,2780,1690,Warm C,0.5769308805465698,0.1822998970746994,0.5308641975308642,1.0,0.3906211853027344,0.484348863363266,,cfg02_G2_D32,0.9769684569910169,cuda
evaluation,2781,1691,Cold,0.5682926177978516,0.1777249574661255,0.5061728395061729,1.0,0.0,0.0,,cfg02_G2_D32,0.9769684569910169,cuda
evaluation,2781,1691,Warm A,0.570127546787262,0.17961178719997406,0.5308641975308642,1.0,0.22999437153339386,0.6119368672370911,,cfg02_G2_D32,0.9769684569910169,cuda
evaluation,2781,1691,Warm B,0.5697137117385864,0.17955005168914795,0.5308641975308642,1.0,0.25996482372283936,0.5474016070365906,,cfg02_G2_D32,0.9769684569910169,cuda
evaluation,2781,1691,Warm C,0.5725985765457153,0.18103976547718048,0.5802469135802469,1.0,0.3797125220298767,0.48830386996269226,,cfg02_G2_D32,0.9769684569910169,cuda
evaluation,2782,1692,Cold,0.5689218640327454,0.1759628802537918,0.5308641975308642,1.0,0.0,0.0,,cfg02_G2_D32,0.9769684569910169,cuda
evaluation,2782,1692,Warm A,0.572417676448822,0.17541980743408203,0.5308641975308642,1.0,0.22258321940898895,0.4915095269680023,,cfg02_G2_D32,0.9769684569910169,cuda
evaluation,2782,1692,Warm B,0.5720728039741516,0.17578627169132233,0.5308641975308642,1.0,0.2328002005815506,0.5605983138084412,,cfg02_G2_D32,0.9769684569910169,cuda
evaluation,2782,1692,Warm C,0.5777553915977478,0.1746167540550232,0.5555555555555556,1.0,0.38731515407562256,0.4740212559700012,,cfg02_G2_D32,0.9769684569910169,cuda
evaluation,2784,1693,Cold,0.567215085029602,0.17515768110752106,0.5308641975308642,1.0,0.0,0.0,,cfg02_G2_D32,0.9769684569910169,cuda
evaluation,2784,1693,Warm A,0.5725422501564026,0.17638252675533295,0.5061728395061729,1.0,0.21400576829910278,0.48180732131004333,,cfg02_G2_D32,0.9769684569910169,cuda
evaluation,2784,1693,Warm B,0.569746732711792,0.177778959274292,0.5555555555555556,1.0,0.22177371382713318,0.6060360074043274,,cfg02_G2_D32,0.9769684569910169,cuda
evaluation,2784,1693,Warm C,0.5719039440155029,0.17671352624893188,0.5555555555555556,1.0,0.2978432774543762,0.5240126848220825,,cfg02_G2_D32,0.9769684569910169,cuda
evaluation,2786,1694,Cold,0.558474063873291,0.17628729343414307,0.5061728395061729,1.0,0.0,0.0,,cfg02_G2_D32,0.9769684569910169,cuda
evaluation,2786,1694,Warm A,0.5643698573112488,0.1783020943403244,0.5555555555555556,1.0,0.21426039934158325,0.395801842212677,,cfg02_G2_D32,0.9769684569910169,cuda
evaluation,2786,1694,Warm B,0.5699591636657715,0.1809546798467636,0.5555555555555556,1.0,0.39007437229156494,0.3302377760410309,,cfg02_G2_D32,0.9769684569910169,cuda
evaluation,2786,1694,Warm C,0.5614742040634155,0.1816745102405548,0.5555555555555556,1.0,0.47898152470588684,0.5168658494949341,,cfg02_G2_D32,0.9769684569910169,cuda
evaluation,2787,1695,Cold,0.5582823753356934,0.17311562597751617,0.5061728395061729,1.0,0.0,0.0,,cfg02_G2_D32,0.9769684569910169,cuda
evaluation,2787,1695,Warm A,0.5604758858680725,0.1742950975894928,0.5061728395061729,1.0,0.21426932513713837,0.5731316208839417,,cfg02_G2_D32,0.9769684569910169,cuda
evaluation,2787,1695,Warm B,0.5718775391578674,0.17328648269176483,0.5555555555555556,1.0,0.26156094670295715,0.2776472568511963,,cfg02_G2_D32,0.9769684569910169,cuda
evaluation,2787,1695,Warm C,0.5625417232513428,0.17438219487667084,0.5308641975308642,1.0,0.20658110082149506,0.5681490302085876,,cfg02_G2_D32,0.9769684569910169,cuda
evaluation,2789,1697,Cold,0.561797559261322,0.17334267497062683,0.5308641975308642,1.0,0.0,0.0,,cfg02_G2_D32,0.9769684569910169,cuda
evaluation,2789,1697,Warm A,0.571847677230835,0.17331795394420624,0.5555555555555556,1.0,0.2161836326122284,0.35492420196533203,,cfg02_G2_D32,0.9769684569910169,cuda
evaluation,2789,1697,Warm B,0.5777427554130554,0.17247265577316284,0.5555555555555556,1.0,0.42167285084724426,0.36575284600257874,,cfg02_G2_D32,0.9769684569910169,cuda
evaluation,2789,1697,Warm C,0.5656881332397461,0.1725231260061264,0.5308641975308642,1.0,0.32519060373306274,0.701796293258667,,cfg02_G2_D32,0.9769684569910169,cuda
evaluation,2790,1698,Cold,0.5592139363288879,0.17407011985778809,0.5308641975308642,1.0,0.0,0.0,,cfg02_G2_D32,0.9769684569910169,cuda
evaluation,2790,1698,Warm A,0.5640275478363037,0.17583823204040527,0.5308641975308642,1.0,0.2311568260192871,0.517875075340271,,cfg02_G2_D32,0.9769684569910169,cuda
evaluation,2790,1698,Warm B,0.5704251527786255,0.17906410992145538,0.5308641975308642,1.0,0.4095172584056854,0.38950201869010925,,cfg02_G2_D32,0.9769684569910169,cuda
evaluation,2790,1698,Warm C,0.5677943229675293,0.17770184576511383,0.5308641975308642,1.0,0.3888155519962311,0.4349440634250641,,cfg02_G2_D32,0.9769684569910169,cuda
evaluation,2798,1706,Cold,0.5550201535224915,0.17755238711833954,0.5061728395061729,1.0,0.0,0.0,,cfg02_G2_D32,0.9769684569910169,cuda
evaluation,2798,1706,Warm A,0.5638166666030884,0.1785060614347458,0.5308641975308642,1.0,0.20630504190921783,0.3319316804409027,,cfg02_G2_D32,0.9769684569910169,cuda
evaluation,2798,1706,Warm B,0.5699735283851624,0.18132109940052032,0.5802469135802469,1.0,0.394314706325531,0.3174045979976654,,cfg02_G2_D32,0.9769684569910169,cuda
evaluation,2798,1706,Warm C,0.5761405825614929,0.17954052984714508,0.5802469135802469,1.0,0.4298873841762543,0.168680340051651,,cfg02_G2_D32,0.9769684569910169,cuda
evaluation,2799,1707,Cold,0.5553870797157288,0.17808961868286133,0.5061728395061729,1.0,0.0,0.0,,cfg02_G2_D32,0.9769684569910169,cuda
evaluation,2799,1707,Warm A,0.562890887260437,0.1793726235628128,0.5308641975308642,1.0,0.22424432635307312,0.41022616624832153,,cfg02_G2_D32,0.9769684569910169,cuda
evaluation,2799,1707,Warm B,0.5737206935882568,0.1794293075799942,0.5802469135802469,1.0,0.33530673384666443,0.13476233184337616,,cfg02_G2_D32,0.9769684569910169,cuda
evaluation,2799,1707,Warm C,0.5831815004348755,0.1782405823469162,0.6296296296296297,1.0,0.49770790338516235,0.05621672421693802,,cfg02_G2_D32,0.9769684569910169,cuda
evaluation,2801,1708,Cold,0.5531617999076843,0.1763685643672943,0.5061728395061729,1.0,0.0,0.0,,cfg02_G2_D32,0.9769684569910169,cuda
evaluation,2801,1708,Warm A,0.5559287071228027,0.17644579708576202,0.48148148148148145,1.0,0.20771870017051697,0.649407684803009,,cfg02_G2_D32,0.9769684569910169,cuda
evaluation,2801,1708,Warm B,0.5481728315353394,0.1749577671289444,0.5061728395061729,1.0,0.22849267721176147,0.5696817636489868,,cfg02_G2_D32,0.9769684569910169,cuda
evaluation,2801,1708,Warm C,0.549637496471405,0.1772066354751587,0.5061728395061729,1.0,0.3620503544807434,0.6942024230957031,,cfg02_G2_D32,0.9769684569910169,cuda
evaluation,2806,1713,Cold,0.5519209504127502,0.1786489188671112,0.5308641975308642,1.0,0.0,0.0,,cfg02_G2_D32,0.9769684569910169,cuda
evaluation,2806,1713,Warm A,0.5619034767150879,0.17957459390163422,0.5061728395061729,1.0,0.1826338917016983,0.46582087874412537,,cfg02_G2_D32,0.9769684569910169,cuda
evaluation,2806,1713,Warm B,0.5676431655883789,0.18292267620563507,0.5308641975308642,1.0,0.32101914286613464,0.491282194852829,,cfg02_G2_D32,0.9769684569910169,cuda
evaluation,2806,1713,Warm C,0.5717405080795288,0.1807064712047577,0.5555555555555556,1.0,0.3420400619506836,0.3575388491153717,,cfg02_G2_D32,0.9769684569910169,cuda
evaluation,2807,1714,Cold,0.5525120496749878,0.17650644481182098,0.5308641975308642,1.0,0.0,0.0,,cfg02_G2_D32,0.9769684569910169,cuda
evaluation,2807,1714,Warm A,0.559079647064209,0.1779346764087677,0.5061728395061729,1.0,0.22841526567935944,0.3275960683822632,,cfg02_G2_D32,0.9769684569910169,cuda
evaluation,2807,1714,Warm B,0.5679926872253418,0.1789473295211792,0.5308641975308642,1.0,0.4100044071674347,0.1925332397222519,,cfg02_G2_D32,0.9769684569910169,cuda
evaluation,2807,1714,Warm C,0.5775595903396606,0.1799306422472,0.5802469135802469,1.0,0.5743259191513062,0.028216589242219925,,cfg02_G2_D32,0.9769684569910169,cuda
evaluation,2816,1717,Cold,0.5594504475593567,0.1742258071899414,0.5061728395061729,1.0,0.0,0.0,,cfg02_G2_D32,0.9769684569910169,cuda
evaluation,2816,1717,Warm A,0.5640748739242554,0.17675182223320007,0.5555555555555556,1.0,0.23087964951992035,0.5788244009017944,,cfg02_G2_D32,0.9769684569910169,cuda
evaluation,2816,1717,Warm B,0.5696061849594116,0.1799314171075821,0.5802469135802469,1.0,0.42620062828063965,0.2584410309791565,,cfg02_G2_D32,0.9769684569910169,cuda
evaluation,2816,1717,Warm C,0.5765317678451538,0.18211248517036438,0.5802469135802469,1.0,0.47005701065063477,0.22430939972400665,,cfg02_G2_D32,0.9769684569910169,cuda
evaluation,2817,1718,Cold,0.5577517747879028,0.17482075095176697,0.5061728395061729,1.0,0.0,0.0,,cfg02_G2_D32,0.9769684569910169,cuda
evaluation,2817,1718,Warm A,0.5668413043022156,0.17523996531963348,0.5802469135802469,1.0,0.22065918147563934,0.28063616156578064,,cfg02_G2_D32,0.9769684569910169,cuda
evaluation,2817,1718,Warm B,0.5710015892982483,0.1780930459499359,0.5802469135802469,1.0,0.38598522543907166,0.34010183811187744,,cfg02_G2_D32,0.9769684569910169,cuda
evaluation,2817,1718,Warm C,0.5794914364814758,0.177769735455513,0.6049382716049383,1.0,0.4241686165332794,0.21668477356433868,,cfg02_G2_D32,0.9769684569910169,cuda
evaluation,2828,1723,Cold,0.5503458380699158,0.174735426902771,0.5061728395061729,1.0,0.0,0.0,,cfg02_G2_D32,0.9769684569910169,cuda
evaluation,2828,1723,Warm A,0.5577723383903503,0.1755455732345581,0.5061728395061729,1.0,0.2332269549369812,0.4520109295845032,,cfg02_G2_D32,0.9769684569910169,cuda
evaluation,2828,1723,Warm B,0.5650755763053894,0.1777329444885254,0.5061728395061729,1.0,0.43366944789886475,0.325435608625412,,cfg02_G2_D32,0.9769684569910169,cuda
evaluation,2828,1723,Warm C,0.5575422644615173,0.17938803136348724,0.5061728395061729,1.0,0.5008836984634399,0.41344553232192993,,cfg02_G2_D32,0.9769684569910169,cuda
evaluation,2829,1724,Cold,0.5518102049827576,0.17968551814556122,0.5061728395061729,1.0,0.0,0.0,,cfg02_G2_D32,0.9769684569910169,cuda
evaluation,2829,1724,Warm A,0.5514392852783203,0.17906442284584045,0.5308641975308642,1.0,0.1966421902179718,0.6242770552635193,,cfg02_G2_D32,0.9769684569910169,cuda
evaluation,2829,1724,Warm B,0.5515493750572205,0.18195503950119019,0.5061728395061729,1.0,0.30402976274490356,0.6960837841033936,,cfg02_G2_D32,0.9769684569910169,cuda
evaluation,2829,1724,Warm C,0.5544489622116089,0.18353937566280365,0.48148148148148145,1.0,0.4937306344509125,0.5462307929992676,,cfg02_G2_D32,0.9769684569910169,cuda
evaluation,2836,1725,Cold,0.5494048595428467,0.18131865561008453,0.5308641975308642,1.0,0.0,0.0,,cfg02_G2_D32,0.9769684569910169,cuda
evaluation,2836,1725,Warm A,0.5599246621131897,0.18118813633918762,0.5061728395061729,1.0,0.21981969475746155,0.432521253824234,,cfg02_G2_D32,0.9769684569910169,cuda
evaluation,2836,1725,Warm B,0.5571162104606628,0.1783895045518875,0.5555555555555556,1.0,0.3455545902252197,0.4709646701812744,,cfg02_G2_D32,0.9769684569910169,cuda
evaluation,2836,1725,Warm C,0.5550528168678284,0.1800113022327423,0.5308641975308642,1.0,0.2980121374130249,0.6042675971984863,,cfg02_G2_D32,0.9769684569910169,cuda
evaluation,2844,1728,Cold,0.5551564693450928,0.1769593507051468,0.5061728395061729,1.0,0.0,0.0,,cfg02_G2_D32,0.9769684569910169,cuda
evaluation,2844,1728,Warm A,0.5557119846343994,0.17972826957702637,0.48148148148148145,1.0,0.23121918737888336,0.7556968927383423,,cfg02_G2_D32,0.9769684569910169,cuda
evaluation,2844,1728,Warm B,0.5572014451026917,0.17739400267601013,0.48148148148148145,1.0,0.11177027225494385,0.5589889287948608,,cfg02_G2_D32,0.9769684569910169,cuda
evaluation,2844,1728,Warm C,0.5513691902160645,0.1773417890071869,0.5308641975308642,1.0,0.22128905355930328,0.6025378108024597,,cfg02_G2_D32,0.9769684569910169,cuda
evaluation,2846,1729,Cold,0.5567218065261841,0.16924747824668884,0.5061728395061729,1.0,0.0,0.0,,cfg02_G2_D32,0.9769684569910169,cuda
evaluation,2846,1729,Warm A,0.5523634552955627,0.1684069186449051,0.48148148148148145,1.0,0.22362832725048065,0.575832188129425,,cfg02_G2_D32,0.9769684569910169,cuda
evaluation,2846,1729,Warm B,0.5548197627067566,0.16894549131393433,0.5061728395061729,1.0,0.20370349287986755,0.6074263453483582,,cfg02_G2_D32,0.9769684569910169,cuda
evaluation,2846,1729,Warm C,0.545802652835846,0.17053821682929993,0.4074074074074074,1.0,0.35684090852737427,0.7117730975151062,,cfg02_G2_D32,0.9769684569910169,cuda
evaluation,2851,1730,Cold,0.5635941624641418,0.17335928976535797,0.5555555555555556,1.0,0.0,0.0,,cfg02_G2_D32,0.9769684569910169,cuda
evaluation,2851,1730,Warm A,0.570098876953125,0.1751171499490738,0.5308641975308642,1.0,0.21486490964889526,0.4578045904636383,,cfg02_G2_D32,0.9769684569910169,cuda
evaluation,2851,1730,Warm B,0.5765262842178345,0.17801789939403534,0.5802469135802469,1.0,0.4193808436393738,0.1979520320892334,,cfg02_G2_D32,0.9769684569910169,cuda
evaluation,2851,1730,Warm C,0.5689968466758728,0.17773573100566864,0.5555555555555556,1.0,0.363935261964798,0.3795313537120819,,cfg02_G2_D32,0.9769684569910169,cuda
evaluation,2852,1731,Cold,0.5606890916824341,0.17624755203723907,0.5308641975308642,1.0,0.0,0.0,,cfg02_G2_D32,0.9769684569910169,cuda
evaluation,2852,1731,Warm A,0.5626967549324036,0.17656348645687103,0.48148148148148145,1.0,0.18607112765312195,0.6426212191581726,,cfg02_G2_D32,0.9769684569910169,cuda
evaluation,2852,1731,Warm B,0.5666365623474121,0.1794864982366562,0.5061728395061729,1.0,0.30415552854537964,0.6059271693229675,,cfg02_G2_D32,0.9769684569910169,cuda
evaluation,2852,1731,Warm C,0.5574998259544373,0.1780395209789276,0.5061728395061729,1.0,0.3308159410953522,0.6523556113243103,,cfg02_G2_D32,0.9769684569910169,cuda
evaluation,2856,1732,Cold,0.5719645023345947,0.1767776906490326,0.5308641975308642,1.0,0.0,0.0,,cfg02_G2_D32,0.9769684569910169,cuda
evaluation,2856,1732,Warm A,0.5711371302604675,0.18049529194831848,0.48148148148148145,1.0,0.22922645509243011,0.7809388041496277,,cfg02_G2_D32,0.9769684569910169,cuda
evaluation,2856,1732,Warm B,0.577471137046814,0.1831214874982834,0.5308641975308642,1.0,0.28745192289352417,0.4502508342266083,,cfg02_G2_D32,0.9769684569910169,cuda
evaluation,2856,1732,Warm C,0.5752519369125366,0.18520966172218323,0.5061728395061729,1.0,0.4710218906402588,0.5535295605659485,,cfg02_G2_D32,0.9769684569910169,cuda
evaluation,2860,1736,Cold,0.5502516031265259,0.17945082485675812,0.5308641975308642,1.0,0.0,0.0,,cfg02_G2_D32,0.9769684569910169,cuda
evaluation,2860,1736,Warm A,0.5545657873153687,0.18092657625675201,0.5061728395061729,1.0,0.19763533771038055,0.6063469052314758,,cfg02_G2_D32,0.9769684569910169,cuda
evaluation,2860,1736,Warm B,0.5607283115386963,0.17889109253883362,0.5308641975308642,1.0,0.1905241310596466,0.45801588892936707,,cfg02_G2_D32,0.9769684569910169,cuda
evaluation,2860,1736,Warm C,0.5674466490745544,0.17674869298934937,0.5555555555555556,1.0,0.37174633145332336,0.44377970695495605,,cfg02_G2_D32,0.9769684569910169,cuda
evaluation,2862,1738,Cold,0.5635097026824951,0.17805597186088562,0.5308641975308642,1.0,0.0,0.0,,cfg02_G2_D32,0.9769684569910169,cuda
evaluation,2862,1738,Warm A,0.563178300857544,0.18134412169456482,0.5061728395061729,1.0,0.23482385277748108,0.9804489016532898,,cfg02_G2_D32,0.9769684569910169,cuda
evaluation,2862,1738,Warm B,0.5624386668205261,0.18162132799625397,0.5308641975308642,1.0,0.3501024842262268,0.5888515114784241,,cfg02_G2_D32,0.9769684569910169,cuda
evaluation,2862,1738,Warm C,0.558918833732605,0.18341954052448273,0.4567901234567901,1.0,0.49687737226486206,0.6823577880859375,,cfg02_G2_D32,0.9769684569910169,cuda
evaluation,2866,1740,Cold,0.5639722943305969,0.17788776755332947,0.5308641975308642,1.0,0.0,0.0,,cfg02_G2_D32,0.9769684569910169,cuda
evaluation,2866,1740,Warm A,0.5649850368499756,0.1817297786474228,0.5061728395061729,1.0,0.21336083114147186,0.5570774078369141,,cfg02_G2_D32,0.9769684569910169,cuda
evaluation,2866,1740,Warm B,0.5634315609931946,0.18077555298805237,0.5308641975308642,1.0,0.24647994339466095,0.5680045485496521,,cfg02_G2_D32,0.9769684569910169,cuda
evaluation,2866,1740,Warm C,0.5658377408981323,0.18077349662780762,0.48148148148148145,1.0,0.3628416359424591,0.49670085310935974,,cfg02_G2_D32,0.9769684569910169,cuda
evaluation,2868,1742,Cold,0.5579079389572144,0.17360921204090118,0.5061728395061729,1.0,0.0,0.0,,cfg02_G2_D32,0.9769684569910169,cuda
evaluation,2868,1742,Warm A,0.5637490749359131,0.17436890304088593,0.5802469135802469,1.0,0.2305905520915985,0.4071598947048187,,cfg02_G2_D32,0.9769684569910169,cuda
evaluation,2868,1742,Warm B,0.5699662566184998,0.17720846831798553,0.5802469135802469,1.0,0.43627268075942993,0.4085666239261627,,cfg02_G2_D32,0.9769684569910169,cuda
evaluation,2868,1742,Warm C,0.5767297744750977,0.17567765712738037,0.5802469135802469,1.0,0.4804871678352356,0.2519608438014984,,cfg02_G2_D32,0.9769684569910169,cuda
evaluation,2870,1743,Cold,0.5634526610374451,0.17867973446846008,0.5061728395061729,1.0,0.0,0.0,,cfg02_G2_D32,0.9769684569910169,cuda
evaluation,2870,1743,Warm A,0.5700099468231201,0.18008026480674744,0.48148148148148145,1.0,0.19945399463176727,0.47875848412513733,,cfg02_G2_D32,0.9769684569910169,cuda
evaluation,2870,1743,Warm B,0.5673918724060059,0.1789204627275467,0.5061728395061729,1.0,0.2047051191329956,0.5681160688400269,,cfg02_G2_D32,0.9769684569910169,cuda
evaluation,2870,1743,Warm C,0.5712698101997375,0.18112793564796448,0.5061728395061729,1.0,0.30037951469421387,0.5931392908096313,,cfg02_G2_D32,0.9769684569910169,cuda
evaluation,2874,1746,Cold,0.5671378970146179,0.1804674118757248,0.5061728395061729,1.0,0.0,0.0,,cfg02_G2_D32,0.9769684569910169,cuda
evaluation,2874,1746,Warm A,0.5709845423698425,0.18205520510673523,0.5061728395061729,1.0,0.22676797211170197,0.619414210319519,,cfg02_G2_D32,0.9769684569910169,cuda
evaluation,2874,1746,Warm B,0.5681618452072144,0.18406713008880615,0.48148148148148145,1.0,0.3713250756263733,0.7832140326499939,,cfg02_G2_D32,0.9769684569910169,cuda
evaluation,2874,1746,Warm C,0.5678686499595642,0.182753324508667,0.48148148148148145,1.0,0.268353670835495,0.5172961354255676,,cfg02_G2_D32,0.9769684569910169,cuda
evaluation,2879,1749,Cold,0.5553978085517883,0.17462994158267975,0.5061728395061729,1.0,0.0,0.0,,cfg02_G2_D32,0.9769684569910169,cuda
evaluation,2879,1749,Warm A,0.5500532388687134,0.1772095263004303,0.48148148148148145,1.0,0.22997397184371948,0.6495691537857056,,cfg02_G2_D32,0.9769684569910169,cuda
evaluation,2879,1749,Warm B,0.5511679649353027,0.17991426587104797,0.5061728395061729,1.0,0.3989284932613373,0.6791353225708008,,cfg02_G2_D32,0.9769684569910169,cuda
evaluation,2879,1749,Warm C,0.5571272969245911,0.17941030859947205,0.5061728395061729,1.0,0.37282878160476685,0.6113206148147583,,cfg02_G2_D32,0.9769684569910169,cuda
evaluation,2880,1750,Cold,0.5563910603523254,0.17435689270496368,0.5061728395061729,1.0,0.0,0.0,,cfg02_G2_D32,0.9769684569910169,cuda
evaluation,2880,1750,Warm A,0.5467439889907837,0.17557765543460846,0.43209876543209874,1.0,0.21349842846393585,0.6173063516616821,,cfg02_G2_D32,0.9769684569910169,cuda
evaluation,2880,1750,Warm B,0.5493180155754089,0.177022323012352,0.48148148148148145,1.0,0.32919245958328247,0.6576693654060364,,cfg02_G2_D32,0.9769684569910169,cuda
evaluation,2880,1750,Warm C,0.5386667251586914,0.17920038104057312,0.43209876543209874,1.0,0.530290424823761,0.7531924843788147,,cfg02_G2_D32,0.9769684569910169,cuda
evaluation,2882,1752,Cold,0.5553863048553467,0.1776387244462967,0.5061728395061729,1.0,0.0,0.0,,cfg02_G2_D32,0.9769684569910169,cuda
evaluation,2882,1752,Warm A,0.5639593601226807,0.17852357029914856,0.5308641975308642,1.0,0.22255095839500427,0.5185784101486206,,cfg02_G2_D32,0.9769684569910169,cuda
evaluation,2882,1752,Warm B,0.56781005859375,0.18257640302181244,0.5061728395061729,1.0,0.34110674262046814,0.5495323538780212,,cfg02_G2_D32,0.9769684569910169,cuda
evaluation,2882,1752,Warm C,0.5630599856376648,0.1836128681898117,0.48148148148148145,1.0,0.37313026189804077,0.5819679498672485,,cfg02_G2_D32,0.9769684569910169,cuda
evaluation,2885,1754,Cold,0.5543742179870605,0.17575973272323608,0.5061728395061729,1.0,0.0,0.0,,cfg02_G2_D32,0.9769684569910169,cuda
evaluation,2885,1754,Warm A,0.5561254024505615,0.17861682176589966,0.5061728395061729,1.0,0.23027798533439636,0.6765839457511902,,cfg02_G2_D32,0.9769684569910169,cuda
evaluation,2885,1754,Warm B,0.5536599159240723,0.17670726776123047,0.5061728395061729,1.0,0.18679121136665344,0.5571566224098206,,cfg02_G2_D32,0.9769684569910169,cuda
evaluation,2885,1754,Warm C,0.5549524426460266,0.17556452751159668,0.5555555555555556,1.0,0.30369696021080017,0.5143160820007324,,cfg02_G2_D32,0.9769684569910169,cuda
evaluation,2888,1755,Cold,0.5513954758644104,0.17636531591415405,0.5061728395061729,1.0,0.0,0.0,,cfg02_G2_D32,0.9769684569910169,cuda
evaluation,2888,1755,Warm A,0.5538920760154724,0.17854584753513336,0.5061728395061729,1.0,0.22922596335411072,0.7741347551345825,,cfg02_G2_D32,0.9769684569910169,cuda
evaluation,2888,1755,Warm B,0.5569553375244141,0.1806209236383438,0.5061728395061729,1.0,0.40886881947517395,0.5534242987632751,,cfg02_G2_D32,0.9769684569910169,cuda
evaluation,2888,1755,Warm C,0.5646659135818481,0.1801074594259262,0.5308641975308642,1.0,0.34014979004859924,0.4372795522212982,,cfg02_G2_D32,0.9769684569910169,cuda
evaluation,2891,1758,Cold,0.5494048595428467,0.18131867051124573,0.5308641975308642,1.0,0.0,0.0,,cfg02_G2_D32,0.9769684569910169,cuda
evaluation,2891,1758,Warm A,0.5476869344711304,0.18190409243106842,0.5308641975308642,1.0,0.20198781788349152,0.5783395767211914,,cfg02_G2_D32,0.9769684569910169,cuda
evaluation,2891,1758,Warm B,0.5476441383361816,0.18372462689876556,0.5061728395061729,1.0,0.2545628547668457,0.7335427403450012,,cfg02_G2_D32,0.9769684569910169,cuda
evaluation,2891,1758,Warm C,0.5433013439178467,0.18257668614387512,0.4567901234567901,1.0,0.3266468942165375,0.6691373586654663,,cfg02_G2_D32,0.9769684569910169,cuda
evaluation,2898,1759,Cold,0.5550621747970581,0.17492446303367615,0.5061728395061729,1.0,0.0,0.0,,cfg02_G2_D32,0.9769684569910169,cuda
evaluation,2898,1759,Warm A,0.5668145418167114,0.17398500442504883,0.5308641975308642,1.0,0.22971351444721222,0.32204100489616394,,cfg02_G2_D32,0.9769684569910169,cuda
evaluation,2898,1759,Warm B,0.5742393732070923,0.17555122077465057,0.5308641975308642,1.0,0.33433499932289124,0.3661482334136963,,cfg02_G2_D32,0.9769684569910169,cuda
evaluation,2898,1759,Warm C,0.5673553943634033,0.17642731964588165,0.5308641975308642,1.0,0.2741040885448456,0.4260810315608978,,cfg02_G2_D32,0.9769684569910169,cuda
evaluation,2899,1760,Cold,0.5761221647262573,0.1804618090391159,0.5308641975308642,1.0,0.0,0.0,,cfg02_G2_D32,0.9769684569910169,cuda
evaluation,2899,1760,Warm A,0.5797679424285889,0.18182434141635895,0.5308641975308642,1.0,0.17659229040145874,0.41927090287208557,,cfg02_G2_D32,0.9769684569910169,cuda
evaluation,2899,1760,Warm B,0.5745214819908142,0.1802404373884201,0.48148148148148145,1.0,0.31561657786369324,0.594886839389801,,cfg02_G2_D32,0.9769684569910169,cuda
evaluation,2899,1760,Warm C,0.5750076174736023,0.17891357839107513,0.48148148148148145,1.0,0.41121071577072144,0.5197340846061707,,cfg02_G2_D32,0.9769684569910169,cuda
evaluation,2900,1761,Cold,0.5554717183113098,0.1749546080827713,0.5061728395061729,1.0,0.0,0.0,,cfg02_G2_D32,0.9769684569910169,cuda
evaluation,2900,1761,Warm A,0.5616946816444397,0.17676234245300293,0.5061728395061729,1.0,0.206952303647995,0.48128658533096313,,cfg02_G2_D32,0.9769684569910169,cuda
evaluation,2900,1761,Warm B,0.5718616247177124,0.1750245988368988,0.5308641975308642,1.0,0.25605809688568115,0.2654663026332855,,cfg02_G2_D32,0.9769684569910169,cuda
evaluation,2900,1761,Warm C,0.5627691745758057,0.17597118020057678,0.5061728395061729,1.0,0.21490690112113953,0.5813979506492615,,cfg02_G2_D32,0.9769684569910169,cuda
evaluation,2902,1763,Cold,0.5635495781898499,0.17321105301380157,0.5555555555555556,1.0,0.0,0.0,,cfg02_G2_D32,0.9769684569910169,cuda
evaluation,2902,1763,Warm A,0.5693297386169434,0.17334900796413422,0.5555555555555556,1.0,0.2257247269153595,0.48410946130752563,,cfg02_G2_D32,0.9769684569910169,cuda
evaluation,2902,1763,Warm B,0.5768895149230957,0.17531923949718475,0.5802469135802469,1.0,0.40834081172943115,0.25258776545524597,,cfg02_G2_D32,0.9769684569910169,cuda
evaluation,2902,1763,Warm C,0.5827532410621643,0.17360572516918182,0.6296296296296297,1.0,0.4906545579433441,0.24050037562847137,,cfg02_G2_D32,0.9769684569910169,cuda
evaluation,2903,1764,Cold,0.5614529848098755,0.17361871898174286,0.5061728395061729,1.0,0.0,0.0,,cfg02_G2_D32,0.9769684569910169,cuda
evaluation,2903,1764,Warm A,0.5684370994567871,0.175095796585083,0.5555555555555556,1.0,0.2169792652130127,0.4660932719707489,,cfg02_G2_D32,0.9769684569910169,cuda
evaluation,2903,1764,Warm B,0.5760384798049927,0.17679168283939362,0.5802469135802469,1.0,0.38723334670066833,0.12187081575393677,,cfg02_G2_D32,0.9769684569910169,cuda
evaluation,2903,1764,Warm C,0.5783434510231018,0.18056829273700714,0.5802469135802469,1.0,0.551161527633667,0.22848200798034668,,cfg02_G2_D32,0.9769684569910169,cuda
evaluation,2905,1765,Cold,0.5669392943382263,0.17498651146888733,0.5061728395061729,1.0,0.0,0.0,,cfg02_G2_D32,0.9769684569910169,cuda
evaluation,2905,1765,Warm A,0.5594829320907593,0.1744190752506256,0.4567901234567901,1.0,0.2325998693704605,0.29123353958129883,,cfg02_G2_D32,0.9769684569910169,cuda
evaluation,2905,1765,Warm B,0.5594701766967773,0.17548951506614685,0.4567901234567901,1.0,0.40066781640052795,0.1660829335451126,,cfg02_G2_D32,0.9769684569910169,cuda
evaluation,2905,1765,Warm C,0.5615700483322144,0.17596851289272308,0.5061728395061729,1.0,0.5938683152198792,0.12764285504817963,,cfg02_G2_D32,0.9769684569910169,cuda
evaluation,2920,1775,Cold,0.5759332776069641,0.18174955248832703,0.5308641975308642,1.0,0.0,0.0,,cfg02_G2_D32,0.9769684569910169,cuda
evaluation,2920,1775,Warm A,0.5742541551589966,0.17978113889694214,0.48148148148148145,1.0,0.22004561126232147,0.44998034834861755,,cfg02_G2_D32,0.9769684569910169,cuda
evaluation,2920,1775,Warm B,0.5743358135223389,0.17935729026794434,0.5061728395061729,1.0,0.36136898398399353,0.31642958521842957,,cfg02_G2_D32,0.9769684569910169,cuda
evaluation,2920,1775,Warm C,0.5701470375061035,0.18204250931739807,0.48148148148148145,1.0,0.35995739698410034,0.4334840476512909,,cfg02_G2_D32,0.9769684569910169,cuda
evaluation,2924,1778,Cold,0.5595324635505676,0.17713013291358948,0.48148148148148145,1.0,0.0,0.0,,cfg02_G2_D32,0.9769684569910169,cuda
evaluation,2924,1778,Warm A,0.549914538860321,0.1781439483165741,0.43209876543209874,1.0,0.20798753201961517,0.5542222857475281,,cfg02_G2_D32,0.9769684569910169,cuda
evaluation,2924,1778,Warm B,0.5449678301811218,0.1791308969259262,0.4567901234567901,1.0,0.38820183277130127,0.36445915699005127,,cfg02_G2_D32,0.9769684569910169,cuda
evaluation,2924,1778,Warm C,0.5454340577125549,0.17981235682964325,0.43209876543209874,1.0,0.40730011463165283,0.7194356918334961,,cfg02_G2_D32,0.9769684569910169,cuda
evaluation,2927,1780,Cold,0.5764855146408081,0.18179985880851746,0.5308641975308642,1.0,0.0,0.0,,cfg02_G2_D32,0.9769684569910169,cuda
evaluation,2927,1780,Warm A,0.5749934911727905,0.1809474229812622,0.5308641975308642,1.0,0.1913258135318756,0.5388205647468567,,cfg02_G2_D32,0.9769684569910169,cuda
evaluation,2927,1780,Warm B,0.5771216154098511,0.1790662407875061,0.5308641975308642,1.0,0.26248806715011597,0.32949504256248474,,cfg02_G2_D32,0.9769684569910169,cuda
evaluation,2927,1780,Warm C,0.5793720483779907,0.1794649213552475,0.5061728395061729,1.0,0.358890175819397,0.3605000972747803,,cfg02_G2_D32,0.9769684569910169,cuda
evaluation,2928,1781,Cold,0.5621495842933655,0.17676489055156708,0.5555555555555556,1.0,0.0,0.0,,cfg02_G2_D32,0.9769684569910169,cuda
evaluation,2928,1781,Warm A,0.5645610690116882,0.17909373342990875,0.5061728395061729,1.0,0.2048579752445221,0.6131493449211121,,cfg02_G2_D32,0.9769684569910169,cuda
evaluation,2928,1781,Warm B,0.5641673803329468,0.1774466633796692,0.5061728395061729,1.0,0.3765629231929779,0.5878853797912598,,cfg02_G2_D32,0.9769684569910169,cuda
evaluation,2928,1781,Warm C,0.570186972618103,0.1782938688993454,0.5061728395061729,1.0,0.3773082196712494,0.4529329836368561,,cfg02_G2_D32,0.9769684569910169,cuda
evaluation,2932,1783,Cold,0.5665789246559143,0.17394152283668518,0.5308641975308642,1.0,0.0,0.0,,cfg02_G2_D32,0.9769684569910169,cuda
evaluation,2932,1783,Warm A,0.5660766959190369,0.17480285465717316,0.5308641975308642,1.0,0.2321544587612152,0.6569663882255554,,cfg02_G2_D32,0.9769684569910169,cuda
evaluation,2932,1783,Warm B,0.5681420564651489,0.17234058678150177,0.5555555555555556,1.0,0.2552289664745331,0.5276097655296326,,cfg02_G2_D32,0.9769684569910169,cuda
evaluation,2932,1783,Warm C,0.5650516152381897,0.17135602235794067,0.5061728395061729,1.0,0.41385364532470703,0.36750754714012146,,cfg02_G2_D32,0.9769684569910169,cuda
evaluation,2935,1784,Cold,0.5756051540374756,0.18237237632274628,0.5308641975308642,1.0,0.0,0.0,,cfg02_G2_D32,0.9769684569910169,cuda
evaluation,2935,1784,Warm A,0.578421413898468,0.1796095371246338,0.5308641975308642,1.0,0.24834634363651276,0.1269465684890747,,cfg02_G2_D32,0.9769684569910169,cuda
evaluation,2935,1784,Warm B,0.5782696604728699,0.1806963086128235,0.5555555555555556,1.0,0.2753020226955414,0.3731112480163574,,cfg02_G2_D32,0.9769684569910169,cuda
evaluation,2935,1784,Warm C,0.5767753720283508,0.18384316563606262,0.5555555555555556,1.0,0.2625904083251953,0.43793097138404846,,cfg02_G2_D32,0.9769684569910169,cuda
evaluation,2936,1785,Cold,0.5737918615341187,0.18350200355052948,0.5061728395061729,1.0,0.0,0.0,,cfg02_G2_D32,0.9769684569910169,cuda
evaluation,2936,1785,Warm A,0.5781079530715942,0.18578371405601501,0.5308641975308642,1.0,0.21945157647132874,0.3488132059574127,,cfg02_G2_D32,0.9769684569910169,cuda
evaluation,2936,1785,Warm B,0.5741161108016968,0.183151975274086,0.5061728395061729,1.0,0.1834469735622406,0.4045253396034241,,cfg02_G2_D32,0.9769684569910169,cuda
evaluation,2936,1785,Warm C,0.577795684337616,0.18267250061035156,0.5308641975308642,1.0,0.33151960372924805,0.3343481719493866,,cfg02_G2_D32,0.9769684569910169,cuda
evaluation,2937,1786,Cold,0.5740873217582703,0.18363520503044128,0.5308641975308642,1.0,0.0,0.0,,cfg02_G2_D32,0.9769684569910169,cuda
evaluation,2937,1786,Warm A,0.5704703330993652,0.18518054485321045,0.48148148148148145,1.0,0.221588134765625,0.5279353260993958,,cfg02_G2_D32,0.9769684569910169,cuda
evaluation,2937,1786,Warm B,0.5710036754608154,0.183345764875412,0.5061728395061729,1.0,0.2683524191379547,0.3788396120071411,,cfg02_G2_D32,0.9769684569910169,cuda
evaluation,2937,1786,Warm C,0.5769640803337097,0.1843678057193756,0.5308641975308642,1.0,0.32626214623451233,0.24589590728282928,,cfg02_G2_D32,0.9769684569910169,cuda
evaluation,2940,1787,Cold,0.5755044221878052,0.1834585964679718,0.5308641975308642,1.0,0.0,0.0,,cfg02_G2_D32,0.9769684569910169,cuda
evaluation,2940,1787,Warm A,0.5767833590507507,0.18016360700130463,0.5308641975308642,1.0,0.2151094228029251,0.3185301721096039,,cfg02_G2_D32,0.9769684569910169,cuda
evaluation,2940,1787,Warm B,0.5780306458473206,0.18264874815940857,0.5802469135802469,1.0,0.2801026701927185,0.5210198760032654,,cfg02_G2_D32,0.9769684569910169,cuda
evaluation,2940,1787,Warm C,0.5750897526741028,0.1810847520828247,0.5308641975308642,1.0,0.2399471551179886,0.515575647354126,,cfg02_G2_D32,0.9769684569910169,cuda
evaluation,2943,1790,Cold,0.5578148365020752,0.17462895810604095,0.5061728395061729,1.0,0.0,0.0,,cfg02_G2_D32,0.9769684569910169,cuda
evaluation,2943,1790,Warm A,0.5572993755340576,0.17639151215553284,0.48148148148148145,1.0,0.21902184188365936,0.6604132056236267,,cfg02_G2_D32,0.9769684569910169,cuda
evaluation,2943,1790,Warm B,0.5463899970054626,0.17642857134342194,0.4567901234567901,1.0,0.36225223541259766,0.7103605270385742,,cfg02_G2_D32,0.9769684569910169,cuda
evaluation,2943,1790,Warm C,0.5444453954696655,0.17590339481830597,0.48148148148148145,1.0,0.3277266025543213,0.5272209048271179,,cfg02_G2_D32,0.9769684569910169,cuda
evaluation,2952,1798,Cold,0.5512133836746216,0.17712955176830292,0.5061728395061729,1.0,0.0,0.0,,cfg02_G2_D32,0.9769684569910169,cuda
evaluation,2952,1798,Warm A,0.5449857115745544,0.1787146031856537,0.48148148148148145,1.0,0.22519704699516296,0.6016870737075806,,cfg02_G2_D32,0.9769684569910169,cuda
evaluation,2952,1798,Warm B,0.5431728959083557,0.17873471975326538,0.48148148148148145,1.0,0.30788084864616394,0.5383386015892029,,cfg02_G2_D32,0.9769684569910169,cuda
evaluation,2952,1798,Warm C,0.5395216941833496,0.18000133335590363,0.4567901234567901,1.0,0.4259214997291565,0.5825136303901672,,cfg02_G2_D32,0.9769684569910169,cuda
evaluation,2956,1800,Cold,0.5566217303276062,0.1756686568260193,0.5061728395061729,1.0,0.0,0.0,,cfg02_G2_D32,0.9769684569910169,cuda
evaluation,2956,1800,Warm A,0.5599161982536316,0.17759670317173004,0.48148148148148145,1.0,0.20909547805786133,0.5640807747840881,,cfg02_G2_D32,0.9769684569910169,cuda
evaluation,2956,1800,Warm B,0.5630727410316467,0.17792095243930817,0.5061728395061729,1.0,0.257770836353302,0.4089939296245575,,cfg02_G2_D32,0.9769684569910169,cuda
evaluation,2956,1800,Warm C,0.5645899772644043,0.17923504114151,0.5061728395061729,1.0,0.3529849648475647,0.5364809036254883,,cfg02_G2_D32,0.9769684569910169,cuda
evaluation,2965,1803,Cold,0.5525050163269043,0.17651216685771942,0.5061728395061729,1.0,0.0,0.0,,cfg02_G2_D32,0.9769684569910169,cuda
evaluation,2965,1803,Warm A,0.5603335499763489,0.1776353120803833,0.5061728395061729,1.0,0.22085924446582794,0.26439017057418823,,cfg02_G2_D32,0.9769684569910169,cuda
evaluation,2965,1803,Warm B,0.5677210688591003,0.179758682847023,0.5308641975308642,1.0,0.41890227794647217,0.33936259150505066,,cfg02_G2_D32,0.9769684569910169,cuda
evaluation,2965,1803,Warm C,0.5666952729225159,0.18020430207252502,0.5308641975308642,1.0,0.44357219338417053,0.31705203652381897,,cfg02_G2_D32,0.9769684569910169,cuda
evaluation,2967,1805,Cold,0.57301926612854,0.18023985624313354,0.48148148148148145,1.0,0.0,0.0,,cfg02_G2_D32,0.9769684569910169,cuda
evaluation,2967,1805,Warm A,0.5705657005310059,0.18429920077323914,0.4567901234567901,1.0,0.24177078902721405,0.7394933104515076,,cfg02_G2_D32,0.9769684569910169,cuda
evaluation,2967,1805,Warm B,0.5704582929611206,0.18165116012096405,0.5061728395061729,1.0,0.21537554264068604,0.5200701355934143,,cfg02_G2_D32,0.9769684569910169,cuda
evaluation,2967,1805,Warm C,0.5701289176940918,0.1832015961408615,0.48148148148148145,1.0,0.3420310318470001,0.5364372134208679,,cfg02_G2_D32,0.9769684569910169,cuda
evaluation,2969,1807,Cold,0.5683048367500305,0.17668332159519196,0.5061728395061729,1.0,0.0,0.0,,cfg02_G2_D32,0.9769684569910169,cuda
evaluation,2969,1807,Warm A,0.5694698691368103,0.17600829899311066,0.5308641975308642,1.0,0.20481520891189575,0.4060446321964264,,cfg02_G2_D32,0.9769684569910169,cuda
evaluation,2969,1807,Warm B,0.5680974125862122,0.1721329689025879,0.5061728395061729,1.0,0.3029821515083313,0.32832071185112,,cfg02_G2_D32,0.9769684569910169,cuda
evaluation,2969,1807,Warm C,0.5658220052719116,0.17432543635368347,0.5061728395061729,1.0,0.22442013025283813,0.9060184359550476,,cfg02_G2_D32,0.9769684569910169,cuda
evaluation,2970,1808,Cold,0.559390664100647,0.17480860650539398,0.5061728395061729,1.0,0.0,0.0,,cfg02_G2_D32,0.9769684569910169,cuda
evaluation,2970,1808,Warm A,0.5525720119476318,0.17447763681411743,0.48148148148148145,1.0,0.22352856397628784,0.5179776549339294,,cfg02_G2_D32,0.9769684569910169,cuda
evaluation,2970,1808,Warm B,0.5586370825767517,0.1716301590204239,0.5308641975308642,1.0,0.30087849497795105,0.35745498538017273,,cfg02_G2_D32,0.9769684569910169,cuda
evaluation,2970,1808,Warm C,0.5559446811676025,0.1726943403482437,0.5555555555555556,1.0,0.4954431653022766,0.32082781195640564,,cfg02_G2_D32,0.9769684569910169,cuda
evaluation,2972,1810,Cold,0.5586046576499939,0.17683181166648865,0.5308641975308642,1.0,0.0,0.0,,cfg02_G2_D32,0.9769684569910169,cuda
evaluation,2972,1810,Warm A,0.5537970066070557,0.17705079913139343,0.5061728395061729,1.0,0.2161642462015152,0.5522091388702393,,cfg02_G2_D32,0.9769684569910169,cuda
evaluation,2972,1810,Warm B,0.5592727065086365,0.17660918831825256,0.5308641975308642,1.0,0.22085705399513245,0.4572489261627197,,cfg02_G2_D32,0.9769684569910169,cuda
evaluation,2972,1810,Warm C,0.5580152273178101,0.1747189164161682,0.5308641975308642,1.0,0.3193760812282562,0.35023388266563416,,cfg02_G2_D32,0.9769684569910169,cuda
evaluation,2974,1812,Cold,0.5534646511077881,0.17699648439884186,0.5308641975308642,1.0,0.0,0.0,,cfg02_G2_D32,0.9769684569910169,cuda
evaluation,2974,1812,Warm A,0.5599936842918396,0.1785885989665985,0.5061728395061729,1.0,0.20745159685611725,0.4442322850227356,,cfg02_G2_D32,0.9769684569910169,cuda
evaluation,2974,1812,Warm B,0.5671147704124451,0.1812766194343567,0.5308641975308642,1.0,0.3820258378982544,0.321451336145401,,cfg02_G2_D32,0.9769684569910169,cuda
evaluation,2974,1812,Warm C,0.5768957138061523,0.18216285109519958,0.5555555555555556,1.0,0.4350312352180481,0.10660742968320847,,cfg02_G2_D32,0.9769684569910169,cuda
evaluation,2975,1813,Cold,0.5544777512550354,0.17758335173130035,0.5061728395061729,1.0,0.0,0.0,,cfg02_G2_D32,0.9769684569910169,cuda
evaluation,2975,1813,Warm A,0.5579747557640076,0.18046781420707703,0.5061728395061729,1.0,0.23311251401901245,0.7945273518562317,,cfg02_G2_D32,0.9769684569910169,cuda
evaluation,2975,1813,Warm B,0.5611602663993835,0.18491055071353912,0.5061728395061729,1.0,0.4291495978832245,0.6121933460235596,,cfg02_G2_D32,0.9769684569910169,cuda
evaluation,2975,1813,Warm C,0.5565546154975891,0.1831025779247284,0.5061728395061729,1.0,0.40386900305747986,0.5868800282478333,,cfg02_G2_D32,0.9769684569910169,cuda
evaluation,2978,1815,Cold,0.5523996353149414,0.17670126259326935,0.5061728395061729,1.0,0.0,0.0,,cfg02_G2_D32,0.9769684569910169,cuda
evaluation,2978,1815,Warm A,0.5548698306083679,0.17863421142101288,0.5061728395061729,1.0,0.23274551331996918,0.6402179598808289,,cfg02_G2_D32,0.9769684569910169,cuda
evaluation,2978,1815,Warm B,0.5591351389884949,0.17740334570407867,0.5308641975308642,1.0,0.22215473651885986,0.5246872901916504,,cfg02_G2_D32,0.9769684569910169,cuda
evaluation,2978,1815,Warm C,0.5661225318908691,0.17662622034549713,0.5308641975308642,1.0,0.3410719037055969,0.42295342683792114,,cfg02_G2_D32,0.9769684569910169,cuda
evaluation,2983,1816,Cold,0.5699532628059387,0.17789168655872345,0.5308641975308642,1.0,0.0,0.0,,cfg02_G2_D32,0.9769684569910169,cuda
evaluation,2983,1816,Warm A,0.5737965703010559,0.1807732731103897,0.5061728395061729,1.0,0.2028380036354065,0.47383156418800354,,cfg02_G2_D32,0.9769684569910169,cuda
evaluation,2983,1816,Warm B,0.5711338520050049,0.1787874549627304,0.5061728395061729,1.0,0.25665342807769775,0.38050222396850586,,cfg02_G2_D32,0.9769684569910169,cuda
evaluation,2983,1816,Warm C,0.5704479217529297,0.1771097481250763,0.5308641975308642,1.0,0.3788364827632904,0.3815603256225586,,cfg02_G2_D32,0.9769684569910169,cuda
evaluation,2988,1820,Cold,0.5654693245887756,0.17628569900989532,0.5555555555555556,1.0,0.0,0.0,,cfg02_G2_D32,0.9769684569910169,cuda
evaluation,2988,1820,Warm A,0.5633038878440857,0.17807944118976593,0.5308641975308642,1.0,0.2029171735048294,0.6624693274497986,,cfg02_G2_D32,0.9769684569910169,cuda
evaluation,2988,1820,Warm B,0.5667843222618103,0.1754133105278015,0.5308641975308642,1.0,0.18460607528686523,0.5663536190986633,,cfg02_G2_D32,0.9769684569910169,cuda
evaluation,2988,1820,Warm C,0.5734812021255493,0.1766592413187027,0.5308641975308642,1.0,0.30225110054016113,0.4472412168979645,,cfg02_G2_D32,0.9769684569910169,cuda
evaluation,2996,1826,Cold,0.5559656620025635,0.17449328303337097,0.5061728395061729,1.0,0.0,0.0,,cfg02_G2_D32,0.9769684569910169,cuda
evaluation,2996,1826,Warm A,0.5562307834625244,0.17608651518821716,0.5308641975308642,1.0,0.19611011445522308,0.6421988606452942,,cfg02_G2_D32,0.9769684569910169,cuda
evaluation,2996,1826,Warm B,0.5562052130699158,0.17463839054107666,0.5061728395061729,1.0,0.18606071174144745,0.5572419762611389,,cfg02_G2_D32,0.9769684569910169,cuda
evaluation,2996,1826,Warm C,0.5559632778167725,0.17414085566997528,0.5308641975308642,1.0,0.277602881193161,0.5500046610832214,,cfg02_G2_D32,0.9769684569910169,cuda
evaluation,3011,1833,Cold,0.568042516708374,0.17868375778198242,0.5061728395061729,1.0,0.0,0.0,,cfg02_G2_D32,0.9769684569910169,cuda
evaluation,3011,1833,Warm A,0.5708091855049133,0.18130841851234436,0.48148148148148145,1.0,0.22848479449748993,0.6299869418144226,,cfg02_G2_D32,0.9769684569910169,cuda
evaluation,3011,1833,Warm B,0.5698187947273254,0.18437562882900238,0.48148148148148145,1.0,0.3840649425983429,0.6617189645767212,,cfg02_G2_D32,0.9769684569910169,cuda
evaluation,3011,1833,Warm C,0.5694318413734436,0.18043221533298492,0.5308641975308642,1.0,0.25041085481643677,0.5241208672523499,,cfg02_G2_D32,0.9769684569910169,cuda
evaluation,3013,1834,Cold,0.5543712377548218,0.17510733008384705,0.5061728395061729,1.0,0.0,0.0,,cfg02_G2_D32,0.9769684569910169,cuda
evaluation,3013,1834,Warm A,0.5445734858512878,0.1773620992898941,0.43209876543209874,1.0,0.22408519685268402,0.6574544906616211,,cfg02_G2_D32,0.9769684569910169,cuda
evaluation,3013,1834,Warm B,0.5533982515335083,0.17603695392608643,0.5061728395061729,1.0,0.2199629247188568,0.5095450282096863,,cfg02_G2_D32,0.9769684569910169,cuda
evaluation,3013,1834,Warm C,0.5586794018745422,0.17928041517734528,0.5308641975308642,1.0,0.34205520153045654,0.530785083770752,,cfg02_G2_D32,0.9769684569910169,cuda
evaluation,3015,1835,Cold,0.564069390296936,0.17653711140155792,0.5308641975308642,1.0,0.0,0.0,,cfg02_G2_D32,0.9769684569910169,cuda
evaluation,3015,1835,Warm A,0.569200873374939,0.17879550158977509,0.5061728395061729,1.0,0.2193862944841385,0.5011024475097656,,cfg02_G2_D32,0.9769684569910169,cuda
evaluation,3015,1835,Warm B,0.5695186257362366,0.1765454262495041,0.5555555555555556,1.0,0.3174848258495331,0.4781827926635742,,cfg02_G2_D32,0.9769684569910169,cuda
evaluation,3015,1835,Warm C,0.5644944310188293,0.17794840037822723,0.5061728395061729,1.0,0.32402780652046204,0.6823485493659973,,cfg02_G2_D32,0.9769684569910169,cuda
evaluation,3017,1837,Cold,0.5597543120384216,0.1739160269498825,0.5061728395061729,1.0,0.0,0.0,,cfg02_G2_D32,0.9769684569910169,cuda
evaluation,3017,1837,Warm A,0.5699009299278259,0.17256881296634674,0.5802469135802469,1.0,0.2283044457435608,0.36356520652770996,,cfg02_G2_D32,0.9769684569910169,cuda
evaluation,3017,1837,Warm B,0.5712298154830933,0.1717977374792099,0.5802469135802469,1.0,0.3356471061706543,0.3895697295665741,,cfg02_G2_D32,0.9769684569910169,cuda
evaluation,3017,1837,Warm C,0.5650333762168884,0.17299805581569672,0.5802469135802469,1.0,0.31611549854278564,0.49727413058280945,,cfg02_G2_D32,0.9769684569910169,cuda
evaluation,3024,1842,Cold,0.5598471760749817,0.17437927424907684,0.5061728395061729,1.0,0.0,0.0,,cfg02_G2_D32,0.9769684569910169,cuda
evaluation,3024,1842,Warm A,0.5661764144897461,0.17422102391719818,0.5308641975308642,1.0,0.22909311950206757,0.5241312384605408,,cfg02_G2_D32,0.9769684569910169,cuda
evaluation,3024,1842,Warm B,0.5713165402412415,0.17721758782863617,0.5308641975308642,1.0,0.4042603373527527,0.35088735818862915,,cfg02_G2_D32,0.9769684569910169,cuda
evaluation,3024,1842,Warm C,0.5765753984451294,0.1779555082321167,0.5802469135802469,1.0,0.4978293478488922,0.24106548726558685,,cfg02_G2_D32,0.9769684569910169,cuda
evaluation,3028,1843,Cold,0.5633869767189026,0.1797061264514923,0.5308641975308642,1.0,0.0,0.0,,cfg02_G2_D32,0.9769684569910169,cuda
evaluation,3028,1843,Warm A,0.564961850643158,0.17876604199409485,0.5061728395061729,1.0,0.22718310356140137,0.43235287070274353,,cfg02_G2_D32,0.9769684569910169,cuda
evaluation,3028,1843,Warm B,0.5704173445701599,0.18077068030834198,0.5061728395061729,1.0,0.238519549369812,0.4900680482387543,,cfg02_G2_D32,0.9769684569910169,cuda
evaluation,3028,1843,Warm C,0.5694490075111389,0.18333542346954346,0.5061728395061729,1.0,0.2683431804180145,0.610602855682373,,cfg02_G2_D32,0.9769684569910169,cuda
evaluation,3029,1844,Cold,0.5601403713226318,0.17518509924411774,0.5308641975308642,1.0,0.0,0.0,,cfg02_G2_D32,0.9769684569910169,cuda
evaluation,3029,1844,Warm A,0.5630576014518738,0.17762577533721924,0.5061728395061729,1.0,0.21878372132778168,0.6292498111724854,,cfg02_G2_D32,0.9769684569910169,cuda
evaluation,3029,1844,Warm B,0.5670327544212341,0.17549678683280945,0.5308641975308642,1.0,0.23945854604244232,0.49861451983451843,,cfg02_G2_D32,0.9769684569910169,cuda
evaluation,3029,1844,Warm C,0.5743018388748169,0.17590424418449402,0.5308641975308642,1.0,0.37662339210510254,0.5036818385124207,,cfg02_G2_D32,0.9769684569910169,cuda
evaluation,3036,1850,Cold,0.5598688125610352,0.16947819292545319,0.5061728395061729,1.0,0.0,0.0,,cfg02_G2_D32,0.9769684569910169,cuda
evaluation,3036,1850,Warm A,0.5545623302459717,0.17158977687358856,0.43209876543209874,1.0,0.23153150081634521,0.6962032318115234,,cfg02_G2_D32,0.9769684569910169,cuda
evaluation,3036,1850,Warm B,0.5491567254066467,0.1740926057100296,0.43209876543209874,1.0,0.43505486845970154,0.6745255589485168,,cfg02_G2_D32,0.9769684569910169,cuda
evaluation,3036,1850,Warm C,0.5581395626068115,0.17325884103775024,0.48148148148148145,1.0,0.3290843069553375,0.5186545848846436,,cfg02_G2_D32,0.9769684569910169,cuda
evaluation,3038,1852,Cold,0.5722663998603821,0.18062825500965118,0.5061728395061729,1.0,0.0,0.0,,cfg02_G2_D32,0.9769684569910169,cuda
evaluation,3038,1852,Warm A,0.5729197859764099,0.17828261852264404,0.48148148148148145,1.0,0.23374123871326447,0.2183384895324707,,cfg02_G2_D32,0.9769684569910169,cuda
evaluation,3038,1852,Warm B,0.5688726902008057,0.17883305251598358,0.48148148148148145,1.0,0.13030514121055603,0.503018319606781,,cfg02_G2_D32,0.9769684569910169,cuda
evaluation,3038,1852,Warm C,0.5697814226150513,0.17880432307720184,0.4567901234567901,1.0,0.2793196439743042,0.3566265404224396,,cfg02_G2_D32,0.9769684569910169,cuda
evaluation,3041,1855,Cold,0.5583327412605286,0.1782849133014679,0.48148148148148145,1.0,0.0,0.0,,cfg02_G2_D32,0.9769684569910169,cuda
evaluation,3041,1855,Warm A,0.5638546347618103,0.18062421679496765,0.5555555555555556,1.0,0.2270771861076355,0.4308316707611084,,cfg02_G2_D32,0.9769684569910169,cuda
evaluation,3041,1855,Warm B,0.5734487771987915,0.18165172636508942,0.5555555555555556,1.0,0.3367389440536499,0.16366910934448242,,cfg02_G2_D32,0.9769684569910169,cuda
evaluation,3041,1855,Warm C,0.5819218754768372,0.18178176879882812,0.5555555555555556,1.0,0.46725523471832275,0.17484524846076965,,cfg02_G2_D32,0.9769684569910169,cuda
evaluation,3042,1856,Cold,0.5563440322875977,0.1786089390516281,0.5061728395061729,1.0,0.0,0.0,,cfg02_G2_D32,0.9769684569910169,cuda
evaluation,3042,1856,Warm A,0.5620890259742737,0.1810705065727234,0.5555555555555556,1.0,0.22797930240631104,0.4187232553958893,,cfg02_G2_D32,0.9769684569910169,cuda
evaluation,3042,1856,Warm B,0.5657241344451904,0.18409043550491333,0.5555555555555556,1.0,0.4241555333137512,0.40626564621925354,,cfg02_G2_D32,0.9769684569910169,cuda
evaluation,3042,1856,Warm C,0.572736382484436,0.18611420691013336,0.5802469135802469,1.0,0.5761811137199402,0.08459410816431046,,cfg02_G2_D32,0.9769684569910169,cuda
evaluation,3045,1858,Cold,0.5554311871528625,0.17621855437755585,0.5061728395061729,1.0,0.0,0.0,,cfg02_G2_D32,0.9769684569910169,cuda
evaluation,3045,1858,Warm A,0.5650507211685181,0.17701579630374908,0.5061728395061729,1.0,0.22121159732341766,0.44402143359184265,,cfg02_G2_D32,0.9769684569910169,cuda
evaluation,3045,1858,Warm B,0.5677297115325928,0.1776357740163803,0.5061728395061729,1.0,0.33224156498908997,0.4419998228549957,,cfg02_G2_D32,0.9769684569910169,cuda
evaluation,3045,1858,Warm C,0.5604562759399414,0.1758749783039093,0.48148148148148145,1.0,0.3261462450027466,0.5943848490715027,,cfg02_G2_D32,0.9769684569910169,cuda
evaluation,3046,1859,Cold,0.5537208318710327,0.17437072098255157,0.5061728395061729,1.0,0.0,0.0,,cfg02_G2_D32,0.9769684569910169,cuda
evaluation,3046,1859,Warm A,0.5527804493904114,0.1738799512386322,0.5061728395061729,1.0,0.18813170492649078,0.613660991191864,,cfg02_G2_D32,0.9769684569910169,cuda
evaluation,3046,1859,Warm B,0.554228663444519,0.1753058135509491,0.5308641975308642,1.0,0.205033078789711,0.6562725901603699,,cfg02_G2_D32,0.9769684569910169,cuda
evaluation,3046,1859,Warm C,0.5586289167404175,0.17365145683288574,0.5308641975308642,1.0,0.2660968005657196,0.5351467132568359,,cfg02_G2_D32,0.9769684569910169,cuda
evaluation,3048,1860,Cold,0.5571740865707397,0.17852364480495453,0.5061728395061729,1.0,0.0,0.0,,cfg02_G2_D32,0.9769684569910169,cuda
evaluation,3048,1860,Warm A,0.5618854761123657,0.18056762218475342,0.5061728395061729,1.0,0.2237677425146103,0.5137562155723572,,cfg02_G2_D32,0.9769684569910169,cuda
evaluation,3048,1860,Warm B,0.5690562129020691,0.18360714614391327,0.5061728395061729,1.0,0.3818366825580597,0.3182717561721802,,cfg02_G2_D32,0.9769684569910169,cuda
evaluation,3048,1860,Warm C,0.5757054686546326,0.1819753646850586,0.5308641975308642,1.0,0.38773640990257263,0.3376680612564087,,cfg02_G2_D32,0.9769684569910169,cuda
evaluation,3051,1861,Cold,0.5546963214874268,0.1772330403327942,0.5061728395061729,1.0,0.0,0.0,,cfg02_G2_D32,0.9769684569910169,cuda
evaluation,3051,1861,Warm A,0.5577258467674255,0.17955325543880463,0.5061728395061729,1.0,0.21569420397281647,0.6831795573234558,,cfg02_G2_D32,0.9769684569910169,cuda
evaluation,3051,1861,Warm B,0.5623616576194763,0.18112441897392273,0.48148148148148145,1.0,0.32326290011405945,0.626945436000824,,cfg02_G2_D32,0.9769684569910169,cuda
evaluation,3051,1861,Warm C,0.5656355619430542,0.18024758994579315,0.5061728395061729,1.0,0.32593363523483276,0.5574097037315369,,cfg02_G2_D32,0.9769684569910169,cuda
evaluation,3054,1864,Cold,0.5532893538475037,0.1732662469148636,0.5061728395061729,1.0,0.0,0.0,,cfg02_G2_D32,0.9769684569910169,cuda
evaluation,3054,1864,Warm A,0.5607513189315796,0.1741609275341034,0.5061728395061729,1.0,0.21628397703170776,0.5165743231773376,,cfg02_G2_D32,0.9769684569910169,cuda
evaluation,3054,1864,Warm B,0.5731391310691833,0.17424806952476501,0.5308641975308642,1.0,0.3133560121059418,0.19076678156852722,,cfg02_G2_D32,0.9769684569910169,cuda
evaluation,3054,1864,Warm C,0.5762572288513184,0.17318010330200195,0.5802469135802469,1.0,0.43715617060661316,0.21853208541870117,,cfg02_G2_D32,0.9769684569910169,cuda
evaluation,3055,1865,Cold,0.5561715364456177,0.17511184513568878,0.5061728395061729,1.0,0.0,0.0,,cfg02_G2_D32,0.9769684569910169,cuda
evaluation,3055,1865,Warm A,0.5535774827003479,0.17299184203147888,0.5308641975308642,1.0,0.21642470359802246,0.6287544369697571,,cfg02_G2_D32,0.9769684569910169,cuda
evaluation,3055,1865,Warm B,0.5552079677581787,0.17474937438964844,0.5308641975308642,1.0,0.2997753620147705,0.7190977334976196,,cfg02_G2_D32,0.9769684569910169,cuda
evaluation,3055,1865,Warm C,0.5450820922851562,0.17686431109905243,0.5308641975308642,1.0,0.47211557626724243,0.8832071423530579,,cfg02_G2_D32,0.9769684569910169,cuda
evaluation,3063,1869,Cold,0.5580459833145142,0.17679664492607117,0.5061728395061729,1.0,0.0,0.0,,cfg02_G2_D32,0.9769684569910169,cuda
evaluation,3063,1869,Warm A,0.5589438676834106,0.17943379282951355,0.48148148148148145,1.0,0.215361550450325,0.6218950748443604,,cfg02_G2_D32,0.9769684569910169,cuda
evaluation,3063,1869,Warm B,0.5671795606613159,0.17949144542217255,0.5308641975308642,1.0,0.20700190961360931,0.37060973048210144,,cfg02_G2_D32,0.9769684569910169,cuda
evaluation,3063,1869,Warm C,0.566440761089325,0.182773157954216,0.5061728395061729,1.0,0.3413873016834259,0.5402259230613708,,cfg02_G2_D32,0.9769684569910169,cuda
evaluation,3066,1870,Cold,0.5660623908042908,0.1766112744808197,0.5308641975308642,1.0,0.0,0.0,,cfg02_G2_D32,0.9769684569910169,cuda
evaluation,3066,1870,Warm A,0.568044900894165,0.1807892918586731,0.5061728395061729,1.0,0.23168061673641205,0.7219060659408569,,cfg02_G2_D32,0.9769684569910169,cuda
evaluation,3066,1870,Warm B,0.5677174925804138,0.18342138826847076,0.48148148148148145,1.0,0.41800740361213684,0.7181209921836853,,cfg02_G2_D32,0.9769684569910169,cuda
evaluation,3066,1870,Warm C,0.5667018890380859,0.18201066553592682,0.48148148148148145,1.0,0.39280903339385986,0.5520535707473755,,cfg02_G2_D32,0.9769684569910169,cuda
evaluation,3075,1877,Cold,0.5704551339149475,0.17644453048706055,0.5308641975308642,1.0,0.0,0.0,,cfg02_G2_D32,0.9769684569910169,cuda
evaluation,3075,1877,Warm A,0.5673844218254089,0.17389896512031555,0.5061728395061729,1.0,0.21615096926689148,0.3320680558681488,,cfg02_G2_D32,0.9769684569910169,cuda
evaluation,3075,1877,Warm B,0.5746849179267883,0.17245416343212128,0.5061728395061729,1.0,0.4039088487625122,0.2846207320690155,,cfg02_G2_D32,0.9769684569910169,cuda
evaluation,3075,1877,Warm C,0.5698121786117554,0.1734880954027176,0.5308641975308642,1.0,0.461434543132782,0.3957846760749817,,cfg02_G2_D32,0.9769684569910169,cuda
evaluation,3076,1878,Cold,0.5651661157608032,0.1796869933605194,0.48148148148148145,1.0,0.0,0.0,,cfg02_G2_D32,0.9769684569910169,cuda
evaluation,3076,1878,Warm A,0.5649571418762207,0.17970088124275208,0.48148148148148145,1.0,0.2024448961019516,0.5208658576011658,,cfg02_G2_D32,0.9769684569910169,cuda
evaluation,3076,1878,Warm B,0.5649855732917786,0.18288126587867737,0.48148148148148145,1.0,0.3385363519191742,0.6285950541496277,,cfg02_G2_D32,0.9769684569910169,cuda
evaluation,3076,1878,Warm C,0.5601780414581299,0.18317170441150665,0.48148148148148145,1.0,0.45780277252197266,0.619827926158905,,cfg02_G2_D32,0.9769684569910169,cuda
evaluation,3077,1879,Cold,0.5566887259483337,0.17402416467666626,0.5061728395061729,1.0,0.0,0.0,,cfg02_G2_D32,0.9769684569910169,cuda
evaluation,3077,1879,Warm A,0.5556222200393677,0.17294952273368835,0.5555555555555556,1.0,0.20086520910263062,0.4853365123271942,,cfg02_G2_D32,0.9769684569910169,cuda
evaluation,3077,1879,Warm B,0.5525121092796326,0.1741356998682022,0.5308641975308642,1.0,0.34931278228759766,0.4834481179714203,,cfg02_G2_D32,0.9769684569910169,cuda
evaluation,3077,1879,Warm C,0.5582444667816162,0.17160680890083313,0.5308641975308642,1.0,0.48982465267181396,0.2768588960170746,,cfg02_G2_D32,0.9769684569910169,cuda
evaluation,3078,1880,Cold,0.5545518398284912,0.17822791635990143,0.5061728395061729,1.0,0.0,0.0,,cfg02_G2_D32,0.9769684569910169,cuda
evaluation,3078,1880,Warm A,0.5537477731704712,0.1807517409324646,0.5061728395061729,1.0,0.1969989836215973,0.5974087119102478,,cfg02_G2_D32,0.9769684569910169,cuda
evaluation,3078,1880,Warm B,0.5497133135795593,0.18306033313274384,0.5061728395061729,1.0,0.38013070821762085,0.6627579927444458,,cfg02_G2_D32,0.9769684569910169,cuda
evaluation,3078,1880,Warm C,0.5495768189430237,0.18051345646381378,0.48148148148148145,1.0,0.24474786221981049,0.5541142225265503,,cfg02_G2_D32,0.9769684569910169,cuda
evaluation,3079,1881,Cold,0.5541843175888062,0.17660346627235413,0.5061728395061729,1.0,0.0,0.0,,cfg02_G2_D32,0.9769684569910169,cuda
evaluation,3079,1881,Warm A,0.5586243867874146,0.17670083045959473,0.5308641975308642,1.0,0.21727468073368073,0.5871413350105286,,cfg02_G2_D32,0.9769684569910169,cuda
evaluation,3079,1881,Warm B,0.5645310282707214,0.17493976652622223,0.5555555555555556,1.0,0.34315168857574463,0.45785412192344666,,cfg02_G2_D32,0.9769684569910169,cuda
evaluation,3079,1881,Warm C,0.560093104839325,0.17491815984249115,0.5555555555555556,1.0,0.4491545855998993,0.46241337060928345,,cfg02_G2_D32,0.9769684569910169,cuda
evaluation,3086,1885,Cold,0.5754597187042236,0.1871466338634491,0.5308641975308642,1.0,0.0,0.0,,cfg02_G2_D32,0.9769684569910169,cuda
evaluation,3086,1885,Warm A,0.5731502771377563,0.18805350363254547,0.5555555555555556,1.0,0.20608973503112793,0.505744218826294,,cfg02_G2_D32,0.9769684569910169,cuda
evaluation,3086,1885,Warm B,0.5741373896598816,0.18851840496063232,0.5308641975308642,1.0,0.3281843364238739,0.5707447528839111,,cfg02_G2_D32,0.9769684569910169,cuda
evaluation,3086,1885,Warm C,0.573046863079071,0.1906866580247879,0.5308641975308642,1.0,0.4757192134857178,0.6591567397117615,,cfg02_G2_D32,0.9769684569910169,cuda
evaluation,3090,1889,Cold,0.5592465996742249,0.17798876762390137,0.5308641975308642,1.0,0.0,0.0,,cfg02_G2_D32,0.9769684569910169,cuda
evaluation,3090,1889,Warm A,0.556822657585144,0.177550807595253,0.5061728395061729,1.0,0.23158927261829376,0.39810505509376526,,cfg02_G2_D32,0.9769684569910169,cuda
evaluation,3090,1889,Warm B,0.5507579445838928,0.18013811111450195,0.48148148148148145,1.0,0.3200577199459076,0.5689091682434082,,cfg02_G2_D32,0.9769684569910169,cuda
evaluation,3090,1889,Warm C,0.5509291291236877,0.1802389919757843,0.5061728395061729,1.0,0.4632174074649811,0.361995667219162,,cfg02_G2_D32,0.9769684569910169,cuda
evaluation,3091,1890,Cold,0.5623264908790588,0.17712175846099854,0.5555555555555556,1.0,0.0,0.0,,cfg02_G2_D32,0.9769684569910169,cuda
evaluation,3091,1890,Warm A,0.5586565732955933,0.17649759352207184,0.5061728395061729,1.0,0.24153774976730347,0.20968341827392578,,cfg02_G2_D32,0.9769684569910169,cuda
evaluation,3091,1890,Warm B,0.5577972531318665,0.1789899468421936,0.5308641975308642,1.0,0.32746046781539917,0.3107724189758301,,cfg02_G2_D32,0.9769684569910169,cuda
evaluation,3091,1890,Warm C,0.5569393634796143,0.179623544216156,0.5308641975308642,1.0,0.4980960786342621,0.2797762453556061,,cfg02_G2_D32,0.9769684569910169,cuda
evaluation,3094,1892,Cold,0.5587107539176941,0.17583154141902924,0.5061728395061729,1.0,0.0,0.0,,cfg02_G2_D32,0.9769684569910169,cuda
evaluation,3094,1892,Warm A,0.5599881410598755,0.17628933489322662,0.5061728395061729,1.0,0.20795601606369019,0.5430324077606201,,cfg02_G2_D32,0.9769684569910169,cuda
evaluation,3094,1892,Warm B,0.5669180750846863,0.17489847540855408,0.5308641975308642,1.0,0.3498067259788513,0.4601599872112274,,cfg02_G2_D32,0.9769684569910169,cuda
evaluation,3094,1892,Warm C,0.5750574469566345,0.17410002648830414,0.5802469135802469,1.0,0.543600857257843,0.4105031192302704,,cfg02_G2_D32,0.9769684569910169,cuda
evaluation,3096,1894,Cold,0.567979097366333,0.1815662384033203,0.48148148148148145,1.0,0.0,0.0,,cfg02_G2_D32,0.9769684569910169,cuda
evaluation,3096,1894,Warm A,0.5686277151107788,0.18141277134418488,0.5061728395061729,1.0,0.2446565479040146,0.2385849505662918,,cfg02_G2_D32,0.9769684569910169,cuda
evaluation,3096,1894,Warm B,0.5719910860061646,0.18232446908950806,0.5061728395061729,1.0,0.1709699034690857,0.45414382219314575,,cfg02_G2_D32,0.9769684569910169,cuda
evaluation,3096,1894,Warm C,0.5719547271728516,0.17983636260032654,0.5061728395061729,1.0,0.33468320965766907,0.359036386013031,,cfg02_G2_D32,0.9769684569910169,cuda
evaluation,3103,1901,Cold,0.5586897134780884,0.17503365874290466,0.5061728395061729,1.0,0.0,0.0,,cfg02_G2_D32,0.9769684569910169,cuda
evaluation,3103,1901,Warm A,0.5648834109306335,0.17615610361099243,0.5308641975308642,1.0,0.20200401544570923,0.5068702101707458,,cfg02_G2_D32,0.9769684569910169,cuda
evaluation,3103,1901,Warm B,0.5738500952720642,0.1779080629348755,0.5308641975308642,1.0,0.3401380777359009,0.3603648841381073,,cfg02_G2_D32,0.9769684569910169,cuda
evaluation,3103,1901,Warm C,0.5720425248146057,0.1740691065788269,0.5308641975308642,1.0,0.3991498649120331,0.4075942635536194,,cfg02_G2_D32,0.9769684569910169,cuda
evaluation,3109,1906,Cold,0.5619693398475647,0.17716559767723083,0.5555555555555556,1.0,0.0,0.0,,cfg02_G2_D32,0.9769684569910169,cuda
evaluation,3109,1906,Warm A,0.5643231272697449,0.1795543134212494,0.5061728395061729,1.0,0.21257561445236206,0.6403780579566956,,cfg02_G2_D32,0.9769684569910169,cuda
evaluation,3109,1906,Warm B,0.5707281827926636,0.17938180267810822,0.5308641975308642,1.0,0.24364839494228363,0.3894476890563965,,cfg02_G2_D32,0.9769684569910169,cuda
evaluation,3109,1906,Warm C,0.5742532014846802,0.1825423240661621,0.5308641975308642,1.0,0.4064636528491974,0.36916640400886536,,cfg02_G2_D32,0.9769684569910169,cuda
evaluation,3112,1908,Cold,0.5609970092773438,0.1743532121181488,0.5308641975308642,1.0,0.0,0.0,,cfg02_G2_D32,0.9769684569910169,cuda
evaluation,3112,1908,Warm A,0.5682020783424377,0.17581526935100555,0.5555555555555556,1.0,0.205574169754982,0.5158542990684509,,cfg02_G2_D32,0.9769684569910169,cuda
evaluation,3112,1908,Warm B,0.5701598525047302,0.1783875674009323,0.5061728395061729,1.0,0.27389460802078247,0.6274647116661072,,cfg02_G2_D32,0.9769684569910169,cuda
evaluation,3112,1908,Warm C,0.5651233792304993,0.17564921081066132,0.5308641975308642,1.0,0.20729582011699677,0.6029540300369263,,cfg02_G2_D32,0.9769684569910169,cuda
evaluation,3115,1911,Cold,0.5546237230300903,0.17762982845306396,0.5061728395061729,1.0,0.0,0.0,,cfg02_G2_D32,0.9769684569910169,cuda
evaluation,3115,1911,Warm A,0.5614302158355713,0.17805859446525574,0.5061728395061729,1.0,0.20390112698078156,0.48549824953079224,,cfg02_G2_D32,0.9769684569910169,cuda
evaluation,3115,1911,Warm B,0.5635040402412415,0.18101657927036285,0.5061728395061729,1.0,0.29511597752571106,0.6382139921188354,,cfg02_G2_D32,0.9769684569910169,cuda
evaluation,3115,1911,Warm C,0.5600073337554932,0.1780226081609726,0.5061728395061729,1.0,0.20779821276664734,0.5366683006286621,,cfg02_G2_D32,0.9769684569910169,cuda
evaluation,3117,1912,Cold,0.5548813343048096,0.17462486028671265,0.5061728395061729,1.0,0.0,0.0,,cfg02_G2_D32,0.9769684569910169,cuda
evaluation,3117,1912,Warm A,0.5614981651306152,0.1753852218389511,0.5061728395061729,1.0,0.21985140442848206,0.618241012096405,,cfg02_G2_D32,0.9769684569910169,cuda
evaluation,3117,1912,Warm B,0.5493956208229065,0.176297128200531,0.48148148148148145,1.0,0.3152245581150055,0.7625190615653992,,cfg02_G2_D32,0.9769684569910169,cuda
evaluation,3117,1912,Warm C,0.5497525930404663,0.17869339883327484,0.48148148148148145,1.0,0.49889981746673584,0.7056400775909424,,cfg02_G2_D32,0.9769684569910169,cuda
evaluation,3118,1913,Cold,0.5546237230300903,0.17762982845306396,0.5061728395061729,1.0,0.0,0.0,,cfg02_G2_D32,0.9769684569910169,cuda
evaluation,3118,1913,Warm A,0.5578710436820984,0.17833435535430908,0.5061728395061729,1.0,0.19179019331932068,0.5597080588340759,,cfg02_G2_D32,0.9769684569910169,cuda
evaluation,3118,1913,Warm B,0.5527060627937317,0.17928546667099,0.48148148148148145,1.0,0.2509124279022217,0.6462281942367554,,cfg02_G2_D32,0.9769684569910169,cuda
evaluation,3118,1913,Warm C,0.5564712285995483,0.1791071593761444,0.5061728395061729,1.0,0.32041382789611816,0.5363670587539673,,cfg02_G2_D32,0.9769684569910169,cuda
evaluation,3120,1914,Cold,0.5518959164619446,0.18034416437149048,0.5061728395061729,1.0,0.0,0.0,,cfg02_G2_D32,0.9769684569910169,cuda
evaluation,3120,1914,Warm A,0.5568446516990662,0.18338990211486816,0.48148148148148145,1.0,0.21480022370815277,0.5267565846443176,,cfg02_G2_D32,0.9769684569910169,cuda
evaluation,3120,1914,Warm B,0.5663063526153564,0.18265952169895172,0.5308641975308642,1.0,0.17885944247245789,0.4111436903476715,,cfg02_G2_D32,0.9769684569910169,cuda
evaluation,3120,1914,Warm C,0.5745790600776672,0.1812533438205719,0.5555555555555556,1.0,0.31439176201820374,0.25258952379226685,,cfg02_G2_D32,0.9769684569910169,cuda
evaluation,3130,1916,Cold,0.5529736876487732,0.1789930909872055,0.5061728395061729,1.0,0.0,0.0,,cfg02_G2_D32,0.9769684569910169,cuda
evaluation,3130,1916,Warm A,0.5610031485557556,0.1800030916929245,0.5061728395061729,1.0,0.20842044055461884,0.38899651169776917,,cfg02_G2_D32,0.9769684569910169,cuda
evaluation,3130,1916,Warm B,0.5699950456619263,0.18398906290531158,0.5555555555555556,1.0,0.3128673732280731,0.37360063195228577,,cfg02_G2_D32,0.9769684569910169,cuda
evaluation,3130,1916,Warm C,0.5724475979804993,0.18043267726898193,0.5555555555555556,1.0,0.36863812804222107,0.3257209360599518,,cfg02_G2_D32,0.9769684569910169,cuda
evaluation,3134,1917,Cold,0.578046977519989,0.18637816607952118,0.5308641975308642,1.0,0.0,0.0,,cfg02_G2_D32,0.9769684569910169,cuda
evaluation,3134,1917,Warm A,0.5791254043579102,0.1856684684753418,0.5555555555555556,1.0,0.18461135029792786,0.4520237147808075,,cfg02_G2_D32,0.9769684569910169,cuda
evaluation,3134,1917,Warm B,0.5785350203514099,0.18342658877372742,0.5555555555555556,1.0,0.222639262676239,0.44496509432792664,,cfg02_G2_D32,0.9769684569910169,cuda
evaluation,3134,1917,Warm C,0.578748345375061,0.18178200721740723,0.5555555555555556,1.0,0.3724832832813263,0.20840893685817719,,cfg02_G2_D32,0.9769684569910169,cuda
evaluation,3135,1918,Cold,0.562923014163971,0.17748840153217316,0.5308641975308642,1.0,0.0,0.0,,cfg02_G2_D32,0.9769684569910169,cuda
evaluation,3135,1918,Warm A,0.563676118850708,0.17709313333034515,0.5061728395061729,1.0,0.2281353920698166,0.4677811563014984,,cfg02_G2_D32,0.9769684569910169,cuda
evaluation,3135,1918,Warm B,0.557968258857727,0.17664194107055664,0.48148148148148145,1.0,0.33579590916633606,0.5211837887763977,,cfg02_G2_D32,0.9769684569910169,cuda
evaluation,3135,1918,Warm C,0.5567797422409058,0.17620711028575897,0.4567901234567901,1.0,0.34935036301612854,0.42087116837501526,,cfg02_G2_D32,0.9769684569910169,cuda
evaluation,3138,1919,Cold,0.5594629645347595,0.17635290324687958,0.5308641975308642,1.0,0.0,0.0,,cfg02_G2_D32,0.9769684569910169,cuda
evaluation,3138,1919,Warm A,0.5604061484336853,0.17912332713603973,0.5308641975308642,1.0,0.22711090743541718,0.6999205350875854,,cfg02_G2_D32,0.9769684569910169,cuda
evaluation,3138,1919,Warm B,0.5634137392044067,0.18304570019245148,0.5061728395061729,1.0,0.40406912565231323,0.44751787185668945,,cfg02_G2_D32,0.9769684569910169,cuda
evaluation,3138,1919,Warm C,0.5636615753173828,0.17912107706069946,0.5308641975308642,1.0,0.19112537801265717,0.4339895248413086,,cfg02_G2_D32,0.9769684569910169,cuda
evaluation,3141,1920,Cold,0.5591068863868713,0.17680341005325317,0.5308641975308642,1.0,0.0,0.0,,cfg02_G2_D32,0.9769684569910169,cuda
evaluation,3141,1920,Warm A,0.5614374279975891,0.17921768128871918,0.5308641975308642,1.0,0.2152632474899292,0.682052731513977,,cfg02_G2_D32,0.9769684569910169,cuda
evaluation,3141,1920,Warm B,0.5707252621650696,0.18095986545085907,0.5061728395061729,1.0,0.22574055194854736,0.39296799898147583,,cfg02_G2_D32,0.9769684569910169,cuda
evaluation,3141,1920,Warm C,0.5666462182998657,0.1843360811471939,0.5061728395061729,1.0,0.36803358793258667,0.5554248690605164,,cfg02_G2_D32,0.9769684569910169,cuda
evaluation,3142,1921,Cold,0.5577417016029358,0.17226430773735046,0.5061728395061729,1.0,0.0,0.0,,cfg02_G2_D32,0.9769684569910169,cuda
evaluation,3142,1921,Warm A,0.5590280890464783,0.17493252456188202,0.5061728395061729,1.0,0.2325116991996765,0.7205519080162048,,cfg02_G2_D32,0.9769684569910169,cuda
evaluation,3142,1921,Warm B,0.5676540732383728,0.17576970160007477,0.5061728395061729,1.0,0.2353495955467224,0.4826970100402832,,cfg02_G2_D32,0.9769684569910169,cuda
evaluation,3142,1921,Warm C,0.5590195655822754,0.17590638995170593,0.48148148148148145,1.0,0.3369535505771637,0.7085192799568176,,cfg02_G2_D32,0.9769684569910169,cuda
evaluation,3165,1934,Cold,0.5554644465446472,0.17729534208774567,0.5061728395061729,1.0,0.0,0.0,,cfg02_G2_D32,0.9769684569910169,cuda
evaluation,3165,1934,Warm A,0.5625863671302795,0.17903488874435425,0.5061728395061729,1.0,0.2157367467880249,0.45686617493629456,,cfg02_G2_D32,0.9769684569910169,cuda
evaluation,3165,1934,Warm B,0.5641940832138062,0.18293146789073944,0.5061728395061729,1.0,0.384186327457428,0.43401381373405457,,cfg02_G2_D32,0.9769684569910169,cuda
evaluation,3165,1934,Warm C,0.5632124543190002,0.18716710805892944,0.5061728395061729,1.0,0.5841564536094666,0.40543580055236816,,cfg02_G2_D32,0.9769684569910169,cuda
evaluation,3167,1935,Cold,0.5671858787536621,0.17806828022003174,0.5308641975308642,1.0,0.0,0.0,,cfg02_G2_D32,0.9769684569910169,cuda
evaluation,3167,1935,Warm A,0.5719352960586548,0.18056808412075043,0.5061728395061729,1.0,0.19591258466243744,0.4763171374797821,,cfg02_G2_D32,0.9769684569910169,cuda
evaluation,3167,1935,Warm B,0.5739304423332214,0.18194051086902618,0.5555555555555556,1.0,0.3601769208908081,0.5436872839927673,,cfg02_G2_D32,0.9769684569910169,cuda
evaluation,3167,1935,Warm C,0.5703070163726807,0.17910414934158325,0.5308641975308642,1.0,0.2804636061191559,0.5103304386138916,,cfg02_G2_D32,0.9769684569910169,cuda
evaluation,3177,1942,Cold,0.549812376499176,0.18006299436092377,0.5308641975308642,1.0,0.0,0.0,,cfg02_G2_D32,0.9769684569910169,cuda
evaluation,3177,1942,Warm A,0.5549508333206177,0.18207517266273499,0.5061728395061729,1.0,0.21397754549980164,0.496708482503891,,cfg02_G2_D32,0.9769684569910169,cuda
evaluation,3177,1942,Warm B,0.5505222082138062,0.1838856190443039,0.5061728395061729,1.0,0.3797008991241455,0.6764991283416748,,cfg02_G2_D32,0.9769684569910169,cuda
evaluation,3177,1942,Warm C,0.5567024350166321,0.18621301651000977,0.5061728395061729,1.0,0.5112216472625732,0.5117335319519043,,cfg02_G2_D32,0.9769684569910169,cuda
evaluation,3180,1945,Cold,0.5533152222633362,0.17785197496414185,0.5061728395061729,1.0,0.0,0.0,,cfg02_G2_D32,0.9769684569910169,cuda
evaluation,3180,1945,Warm A,0.5595654845237732,0.1796918362379074,0.48148148148148145,1.0,0.22474773228168488,0.5310546159744263,,cfg02_G2_D32,0.9769684569910169,cuda
evaluation,3180,1945,Warm B,0.5657904148101807,0.18256105482578278,0.5061728395061729,1.0,0.4028662145137787,0.24719034135341644,,cfg02_G2_D32,0.9769684569910169,cuda
evaluation,3180,1945,Warm C,0.5694704651832581,0.18614941835403442,0.5555555555555556,1.0,0.6122844815254211,0.31084075570106506,,cfg02_G2_D32,0.9769684569910169,cuda
evaluation,3181,1946,Cold,0.5546237230300903,0.17762982845306396,0.5061728395061729,1.0,0.0,0.0,,cfg02_G2_D32,0.9769684569910169,cuda
evaluation,3181,1946,Warm A,0.5514640212059021,0.17738346755504608,0.5555555555555556,1.0,0.22952857613563538,0.5616227984428406,,cfg02_G2_D32,0.9769684569910169,cuda
evaluation,3181,1946,Warm B,0.554137647151947,0.17698316276073456,0.5308641975308642,1.0,0.20688307285308838,0.5929244160652161,,cfg02_G2_D32,0.9769684569910169,cuda
evaluation,3181,1946,Warm C,0.5573722720146179,0.174262136220932,0.5555555555555556,1.0,0.3340241611003876,0.5716045498847961,,cfg02_G2_D32,0.9769684569910169,cuda
evaluation,3182,1947,Cold,0.5560373067855835,0.17351827025413513,0.5061728395061729,1.0,0.0,0.0,,cfg02_G2_D32,0.9769684569910169,cuda
evaluation,3182,1947,Warm A,0.5485880374908447,0.1750539094209671,0.5061728395061729,1.0,0.21895678341388702,0.48412320017814636,,cfg02_G2_D32,0.9769684569910169,cuda
evaluation,3182,1947,Warm B,0.5471115112304688,0.1763140708208084,0.5061728395061729,1.0,0.30126553773880005,0.7178699374198914,,cfg02_G2_D32,0.9769684569910169,cuda
evaluation,3182,1947,Warm C,0.5406720042228699,0.17744505405426025,0.4567901234567901,1.0,0.43998777866363525,0.6042010188102722,,cfg02_G2_D32,0.9769684569910169,cuda
evaluation,3190,1951,Cold,0.5512727499008179,0.17636440694332123,0.5308641975308642,1.0,0.0,0.0,,cfg02_G2_D32,0.9769684569910169,cuda
evaluation,3190,1951,Warm A,0.5577517151832581,0.1775319129228592,0.5061728395061729,1.0,0.23534120619297028,0.4350923001766205,,cfg02_G2_D32,0.9769684569910169,cuda
evaluation,3190,1951,Warm B,0.5665181279182434,0.17782148718833923,0.5061728395061729,1.0,0.3583577275276184,0.3867463767528534,,cfg02_G2_D32,0.9769684569910169,cuda
evaluation,3190,1951,Warm C,0.5607268810272217,0.17942297458648682,0.5061728395061729,1.0,0.43021783232688904,0.5039687156677246,,cfg02_G2_D32,0.9769684569910169,cuda
evaluation,3199,1956,Cold,0.5701591372489929,0.17681193351745605,0.48148148148148145,1.0,0.0,0.0,,cfg02_G2_D32,0.9769684569910169,cuda
evaluation,3199,1956,Warm A,0.5695981383323669,0.17828024923801422,0.5061728395061729,1.0,0.23366467654705048,0.7044198513031006,,cfg02_G2_D32,0.9769684569910169,cuda
evaluation,3199,1956,Warm B,0.5737141966819763,0.17871573567390442,0.5308641975308642,1.0,0.27090948820114136,0.4098406732082367,,cfg02_G2_D32,0.9769684569910169,cuda
evaluation,3199,1956,Warm C,0.5745463371276855,0.1792466640472412,0.5308641975308642,1.0,0.3213478922843933,0.5650503635406494,,cfg02_G2_D32,0.9769684569910169,cuda
evaluation,3200,1957,Cold,0.5642911195755005,0.17750057578086853,0.5308641975308642,1.0,0.0,0.0,,cfg02_G2_D32,0.9769684569910169,cuda
evaluation,3200,1957,Warm A,0.5716567039489746,0.17604166269302368,0.5555555555555556,1.0,0.2481381595134735,0.31950804591178894,,cfg02_G2_D32,0.9769684569910169,cuda
evaluation,3200,1957,Warm B,0.5757848024368286,0.17646656930446625,0.5802469135802469,1.0,0.42341750860214233,0.48229727149009705,,cfg02_G2_D32,0.9769684569910169,cuda
evaluation,3200,1957,Warm C,0.5656530857086182,0.17623846232891083,0.5555555555555556,1.0,0.2511473596096039,0.6632696986198425,,cfg02_G2_D32,0.9769684569910169,cuda
evaluation,3206,1961,Cold,0.5609129667282104,0.17272882163524628,0.5061728395061729,1.0,0.0,0.0,,cfg02_G2_D32,0.9769684569910169,cuda
evaluation,3206,1961,Warm A,0.56355881690979,0.17574012279510498,0.5061728395061729,1.0,0.21094462275505066,0.589138925075531,,cfg02_G2_D32,0.9769684569910169,cuda
evaluation,3206,1961,Warm B,0.5571258068084717,0.17691093683242798,0.5061728395061729,1.0,0.35815271735191345,0.6036269664764404,,cfg02_G2_D32,0.9769684569910169,cuda
evaluation,3206,1961,Warm C,0.5608424544334412,0.17847642302513123,0.5308641975308642,1.0,0.40386590361595154,0.5761603713035583,,cfg02_G2_D32,0.9769684569910169,cuda
evaluation,3211,1964,Cold,0.55869060754776,0.1754831075668335,0.5308641975308642,1.0,0.0,0.0,,cfg02_G2_D32,0.9769684569910169,cuda
evaluation,3211,1964,Warm A,0.560185968875885,0.17612384259700775,0.5308641975308642,1.0,0.19415681064128876,0.5463477969169617,,cfg02_G2_D32,0.9769684569910169,cuda
evaluation,3211,1964,Warm B,0.5603847503662109,0.17840975522994995,0.5308641975308642,1.0,0.3172830641269684,0.5862898826599121,,cfg02_G2_D32,0.9769684569910169,cuda
evaluation,3211,1964,Warm C,0.5593820214271545,0.17756079137325287,0.5308641975308642,1.0,0.31096163392066956,0.6249420046806335,,cfg02_G2_D32,0.9769684569910169,cuda
evaluation,3214,1966,Cold,0.5602407455444336,0.17661501467227936,0.5308641975308642,1.0,0.0,0.0,,cfg02_G2_D32,0.9769684569910169,cuda
evaluation,3214,1966,Warm A,0.5613956451416016,0.17952893674373627,0.5308641975308642,1.0,0.22097046673297882,0.7008017301559448,,cfg02_G2_D32,0.9769684569910169,cuda
evaluation,3214,1966,Warm B,0.5624576807022095,0.18225450813770294,0.5061728395061729,1.0,0.3810594379901886,0.5459896326065063,,cfg02_G2_D32,0.9769684569910169,cuda
evaluation,3214,1966,Warm C,0.5616667866706848,0.1832866370677948,0.5061728395061729,1.0,0.44125884771347046,0.6072203516960144,,cfg02_G2_D32,0.9769684569910169,cuda
evaluation,3217,1967,Cold,0.5776943564414978,0.18671244382858276,0.5308641975308642,1.0,0.0,0.0,,cfg02_G2_D32,0.9769684569910169,cuda
evaluation,3217,1967,Warm A,0.576052725315094,0.18958362936973572,0.5555555555555556,1.0,0.23141279816627502,0.741856575012207,,cfg02_G2_D32,0.9769684569910169,cuda
evaluation,3217,1967,Warm B,0.5759361982345581,0.19159166514873505,0.5802469135802469,1.0,0.44066962599754333,0.5599528551101685,,cfg02_G2_D32,0.9769684569910169,cuda
evaluation,3217,1967,Warm C,0.5759579539299011,0.1901078075170517,0.5555555555555556,1.0,0.3143724501132965,0.555905818939209,,cfg02_G2_D32,0.9769684569910169,cuda
evaluation,3224,1969,Cold,0.5703548192977905,0.17944306135177612,0.5061728395061729,1.0,0.0,0.0,,cfg02_G2_D32,0.9769684569910169,cuda
evaluation,3224,1969,Warm A,0.5679813027381897,0.1800379753112793,0.5308641975308642,1.0,0.20959220826625824,0.5793058276176453,,cfg02_G2_D32,0.9769684569910169,cuda
evaluation,3224,1969,Warm B,0.5632656812667847,0.1793108731508255,0.48148148148148145,1.0,0.29694443941116333,0.5874379873275757,,cfg02_G2_D32,0.9769684569910169,cuda
evaluation,3224,1969,Warm C,0.5601861476898193,0.1786738634109497,0.48148148148148145,1.0,0.4258624017238617,0.3056025207042694,,cfg02_G2_D32,0.9769684569910169,cuda
evaluation,3225,1970,Cold,0.5535911917686462,0.17683669924736023,0.5061728395061729,1.0,0.0,0.0,,cfg02_G2_D32,0.9769684569910169,cuda
evaluation,3225,1970,Warm A,0.5633103847503662,0.17703044414520264,0.5555555555555556,1.0,0.18422295153141022,0.4638077914714813,,cfg02_G2_D32,0.9769684569910169,cuda
evaluation,3225,1970,Warm B,0.5577024817466736,0.1777825802564621,0.5308641975308642,1.0,0.19205434620380402,0.5274707674980164,,cfg02_G2_D32,0.9769684569910169,cuda
evaluation,3225,1970,Warm C,0.56509929895401,0.17990747094154358,0.5802469135802469,1.0,0.250874787569046,0.5334163904190063,,cfg02_G2_D32,0.9769684569910169,cuda
evaluation,3230,1971,Cold,0.5647623538970947,0.17751577496528625,0.5555555555555556,1.0,0.0,0.0,,cfg02_G2_D32,0.9769684569910169,cuda
evaluation,3230,1971,Warm A,0.5607115030288696,0.18020130693912506,0.5061728395061729,1.0,0.2372443526983261,0.8147552609443665,,cfg02_G2_D32,0.9769684569910169,cuda
evaluation,3230,1971,Warm B,0.5650377869606018,0.17767153680324554,0.5061728395061729,1.0,0.18545153737068176,0.4142926335334778,,cfg02_G2_D32,0.9769684569910169,cuda
evaluation,3230,1971,Warm C,0.5673026442527771,0.17576871812343597,0.5555555555555556,1.0,0.2811937928199768,0.3879531919956207,,cfg02_G2_D32,0.9769684569910169,cuda
evaluation,3235,1972,Cold,0.5572248697280884,0.17804297804832458,0.48148148148148145,1.0,0.0,0.0,,cfg02_G2_D32,0.9769684569910169,cuda
evaluation,3235,1972,Warm A,0.5593966245651245,0.18140891194343567,0.5061728395061729,1.0,0.23350711166858673,0.7200652956962585,,cfg02_G2_D32,0.9769684569910169,cuda
evaluation,3235,1972,Warm B,0.5610389709472656,0.18487538397312164,0.5061728395061729,1.0,0.43592509627342224,0.5689451098442078,,cfg02_G2_D32,0.9769684569910169,cuda
evaluation,3235,1972,Warm C,0.5491845607757568,0.18451915681362152,0.48148148148148145,1.0,0.6062738299369812,0.6632581949234009,,cfg02_G2_D32,0.9769684569910169,cuda
evaluation,3262,1992,Cold,0.5586013197898865,0.17448757588863373,0.5061728395061729,1.0,0.0,0.0,,cfg02_G2_D32,0.9769684569910169,cuda
evaluation,3262,1992,Warm A,0.5659568905830383,0.1756686419248581,0.5308641975308642,1.0,0.2115611433982849,0.5390385389328003,,cfg02_G2_D32,0.9769684569910169,cuda
evaluation,3262,1992,Warm B,0.5573914051055908,0.17566180229187012,0.48148148148148145,1.0,0.22504404187202454,0.6163042783737183,,cfg02_G2_D32,0.9769684569910169,cuda
evaluation,3262,1992,Warm C,0.5630431771278381,0.17797544598579407,0.5308641975308642,1.0,0.35900038480758667,0.5719479918479919,,cfg02_G2_D32,0.9769684569910169,cuda
evaluation,3266,1996,Cold,0.5549957752227783,0.17656172811985016,0.5061728395061729,1.0,0.0,0.0,,cfg02_G2_D32,0.9769684569910169,cuda
evaluation,3266,1996,Warm A,0.5487450957298279,0.17670202255249023,0.5308641975308642,1.0,0.22678983211517334,0.4808947741985321,,cfg02_G2_D32,0.9769684569910169,cuda
evaluation,3266,1996,Warm B,0.553683876991272,0.1748426854610443,0.5555555555555556,1.0,0.34189507365226746,0.3419622778892517,,cfg02_G2_D32,0.9769684569910169,cuda
evaluation,3266,1996,Warm C,0.5563949942588806,0.1768389493227005,0.5308641975308642,1.0,0.2190753072500229,0.6096454858779907,,cfg02_G2_D32,0.9769684569910169,cuda
evaluation,3268,1998,Cold,0.5518209934234619,0.1771056056022644,0.5061728395061729,1.0,0.0,0.0,,cfg02_G2_D32,0.9769684569910169,cuda
evaluation,3268,1998,Warm A,0.555419921875,0.1794673204421997,0.5061728395061729,1.0,0.23315957188606262,0.6638882756233215,,cfg02_G2_D32,0.9769684569910169,cuda
evaluation,3268,1998,Warm B,0.5648602247238159,0.18004751205444336,0.5308641975308642,1.0,0.3238496482372284,0.30173370242118835,,cfg02_G2_D32,0.9769684569910169,cuda
evaluation,3268,1998,Warm C,0.571127712726593,0.18305863440036774,0.5308641975308642,1.0,0.5273870825767517,0.12235768884420395,,cfg02_G2_D32,0.9769684569910169,cuda
evaluation,3272,2001,Cold,0.5565323233604431,0.1749630570411682,0.5061728395061729,1.0,0.0,0.0,,cfg02_G2_D32,0.9769684569910169,cuda
evaluation,3272,2001,Warm A,0.5653154253959656,0.1765192151069641,0.5308641975308642,1.0,0.2113235592842102,0.5262601971626282,,cfg02_G2_D32,0.9769684569910169,cuda
evaluation,3272,2001,Warm B,0.5553240180015564,0.17784610390663147,0.48148148148148145,1.0,0.2739948034286499,0.8104496002197266,,cfg02_G2_D32,0.9769684569910169,cuda
evaluation,3272,2001,Warm C,0.5646511912345886,0.1780763417482376,0.5308641975308642,1.0,0.3256329894065857,0.5326821208000183,,cfg02_G2_D32,0.9769684569910169,cuda
evaluation,3275,2004,Cold,0.5506397485733032,0.179502934217453,0.5308641975308642,1.0,0.0,0.0,,cfg02_G2_D32,0.9769684569910169,cuda
evaluation,3275,2004,Warm A,0.5409224629402161,0.18184486031532288,0.48148148148148145,1.0,0.22557573020458221,0.6634047627449036,,cfg02_G2_D32,0.9769684569910169,cuda
evaluation,3275,2004,Warm B,0.5378196835517883,0.18300147354602814,0.48148148148148145,1.0,0.3146097958087921,0.5110394954681396,,cfg02_G2_D32,0.9769684569910169,cuda
evaluation,3275,2004,Warm C,0.5354799032211304,0.1851005256175995,0.43209876543209874,1.0,0.5075697898864746,0.7370817065238953,,cfg02_G2_D32,0.9769684569910169,cuda
evaluation,3286,2006,Cold,0.549596905708313,0.17936159670352936,0.5061728395061729,1.0,0.0,0.0,,cfg02_G2_D32,0.9769684569910169,cuda
evaluation,3286,2006,Warm A,0.5543586015701294,0.1813308745622635,0.5061728395061729,1.0,0.22193939983844757,0.5295774340629578,,cfg02_G2_D32,0.9769684569910169,cuda
evaluation,3286,2006,Warm B,0.5637462139129639,0.18227922916412354,0.5308641975308642,1.0,0.36650732159614563,0.3311018943786621,,cfg02_G2_D32,0.9769684569910169,cuda
evaluation,3286,2006,Warm C,0.5659689903259277,0.18636147677898407,0.5555555555555556,1.0,0.5202771425247192,0.39002376794815063,,cfg02_G2_D32,0.9769684569910169,cuda
evaluation,3287,2007,Cold,0.5518079996109009,0.17443113029003143,0.5061728395061729,1.0,0.0,0.0,,cfg02_G2_D32,0.9769684569910169,cuda
evaluation,3287,2007,Warm A,0.5565779209136963,0.17623819410800934,0.5061728395061729,1.0,0.19359105825424194,0.5105764269828796,,cfg02_G2_D32,0.9769684569910169,cuda
evaluation,3287,2007,Warm B,0.5552008152008057,0.17848193645477295,0.5061728395061729,1.0,0.33003103733062744,0.5579470992088318,,cfg02_G2_D32,0.9769684569910169,cuda
evaluation,3287,2007,Warm C,0.5463434457778931,0.17894016206264496,0.48148148148148145,1.0,0.4050654172897339,0.5871307253837585,,cfg02_G2_D32,0.9769684569910169,cuda
evaluation,3299,2010,Cold,0.5534593462944031,0.17900995910167694,0.5061728395061729,1.0,0.0,0.0,,cfg02_G2_D32,0.9769684569910169,cuda
evaluation,3299,2010,Warm A,0.5587426424026489,0.18040618300437927,0.48148148148148145,1.0,0.2211770862340927,0.49921712279319763,,cfg02_G2_D32,0.9769684569910169,cuda
evaluation,3299,2010,Warm B,0.5644667744636536,0.18196749687194824,0.5061728395061729,1.0,0.38766902685165405,0.45467671751976013,,cfg02_G2_D32,0.9769684569910169,cuda
evaluation,3299,2010,Warm C,0.5727107524871826,0.18158507347106934,0.6049382716049383,1.0,0.4524199962615967,0.296726256608963,,cfg02_G2_D32,0.9769684569910169,cuda
evaluation,3310,2015,Cold,0.580987274646759,0.19176937639713287,0.5555555555555556,1.0,0.0,0.0,,cfg02_G2_D32,0.9769684569910169,cuda
evaluation,3310,2015,Warm A,0.577471137046814,0.1915905773639679,0.5555555555555556,1.0,0.22968357801437378,0.487081915140152,,cfg02_G2_D32,0.9769684569910169,cuda
evaluation,3310,2015,Warm B,0.578215479850769,0.19112271070480347,0.5308641975308642,1.0,0.3022782504558563,0.4214182496070862,,cfg02_G2_D32,0.9769684569910169,cuda
evaluation,3310,2015,Warm C,0.5788629055023193,0.19153665006160736,0.5555555555555556,1.0,0.4516656696796417,0.5442269444465637,,cfg02_G2_D32,0.9769684569910169,cuda
evaluation,3324,2018,Cold,0.5491248369216919,0.18259486556053162,0.5308641975308642,1.0,0.0,0.0,,cfg02_G2_D32,0.9769684569910169,cuda
evaluation,3324,2018,Warm A,0.5537119507789612,0.18455959856510162,0.5061728395061729,1.0,0.23057307302951813,0.6072859168052673,,cfg02_G2_D32,0.9769684569910169,cuda
evaluation,3324,2018,Warm B,0.5539659261703491,0.18688488006591797,0.5061728395061729,1.0,0.4212687313556671,0.5561921000480652,,cfg02_G2_D32,0.9769684569910169,cuda
evaluation,3324,2018,Warm C,0.5635371208190918,0.18600165843963623,0.5555555555555556,1.0,0.39092469215393066,0.3990781009197235,,cfg02_G2_D32,0.9769684569910169,cuda
evaluation,3325,2019,Cold,0.5508449077606201,0.17968244850635529,0.5061728395061729,1.0,0.0,0.0,,cfg02_G2_D32,0.9769684569910169,cuda
evaluation,3325,2019,Warm A,0.5588277578353882,0.18026043474674225,0.48148148148148145,1.0,0.2208796739578247,0.5024491548538208,,cfg02_G2_D32,0.9769684569910169,cuda
evaluation,3325,2019,Warm B,0.567072868347168,0.1813824325799942,0.5061728395061729,1.0,0.3962775468826294,0.40815097093582153,,cfg02_G2_D32,0.9769684569910169,cuda
evaluation,3325,2019,Warm C,0.5697456002235413,0.18297332525253296,0.5308641975308642,1.0,0.5025714635848999,0.44207897782325745,,cfg02_G2_D32,0.9769684569910169,cuda
evaluation,3326,2020,Cold,0.5519495606422424,0.1763564795255661,0.5308641975308642,1.0,0.0,0.0,,cfg02_G2_D32,0.9769684569910169,cuda
evaluation,3326,2020,Warm A,0.5589390397071838,0.17408646643161774,0.5308641975308642,1.0,0.2291373908519745,0.5398074984550476,,cfg02_G2_D32,0.9769684569910169,cuda
evaluation,3326,2020,Warm B,0.5636928677558899,0.1739281564950943,0.5555555555555556,1.0,0.2808065712451935,0.6083770990371704,,cfg02_G2_D32,0.9769684569910169,cuda
evaluation,3326,2020,Warm C,0.5686043500900269,0.1721477061510086,0.5555555555555556,1.0,0.44158801436424255,0.4042728841304779,,cfg02_G2_D32,0.9769684569910169,cuda
evaluation,3327,2021,Cold,0.5533802509307861,0.17602717876434326,0.5061728395061729,1.0,0.0,0.0,,cfg02_G2_D32,0.9769684569910169,cuda
evaluation,3327,2021,Warm A,0.5480939149856567,0.17693519592285156,0.5555555555555556,1.0,0.22367802262306213,0.6431394815444946,,cfg02_G2_D32,0.9769684569910169,cuda
evaluation,3327,2021,Warm B,0.5487024784088135,0.17733672261238098,0.5555555555555556,1.0,0.23629184067249298,0.5374547243118286,,cfg02_G2_D32,0.9769684569910169,cuda
evaluation,3327,2021,Warm C,0.5482890605926514,0.1790543794631958,0.5061728395061729,1.0,0.2716124653816223,0.67006915807724,,cfg02_G2_D32,0.9769684569910169,cuda
evaluation,3330,2023,Cold,0.5715076327323914,0.18042905628681183,0.5061728395061729,1.0,0.0,0.0,,cfg02_G2_D32,0.9769684569910169,cuda
evaluation,3330,2023,Warm A,0.5700253248214722,0.18199770152568817,0.5061728395061729,1.0,0.2101510614156723,0.5942689180374146,,cfg02_G2_D32,0.9769684569910169,cuda
evaluation,3330,2023,Warm B,0.5721441507339478,0.18114113807678223,0.5061728395061729,1.0,0.2646809220314026,0.549015462398529,,cfg02_G2_D32,0.9769684569910169,cuda
evaluation,3330,2023,Warm C,0.5656659603118896,0.18105535209178925,0.48148148148148145,1.0,0.3260658085346222,0.713878333568573,,cfg02_G2_D32,0.9769684569910169,cuda
evaluation,3340,2025,Cold,0.5699530243873596,0.17569397389888763,0.4567901234567901,1.0,0.0,0.0,,cfg02_G2_D32,0.9769684569910169,cuda
evaluation,3340,2025,Warm A,0.5740112066268921,0.17759336531162262,0.5308641975308642,1.0,0.2328089326620102,0.5166679620742798,,cfg02_G2_D32,0.9769684569910169,cuda
evaluation,3340,2025,Warm B,0.5685622096061707,0.17611384391784668,0.5061728395061729,1.0,0.18043309450149536,0.5770815014839172,,cfg02_G2_D32,0.9769684569910169,cuda
evaluation,3340,2025,Warm C,0.5710468888282776,0.17685431241989136,0.5308641975308642,1.0,0.28694412112236023,0.5057047605514526,,cfg02_G2_D32,0.9769684569910169,cuda
evaluation,3341,2026,Cold,0.5708985328674316,0.1792958378791809,0.48148148148148145,1.0,0.0,0.0,,cfg02_G2_D32,0.9769684569910169,cuda
evaluation,3341,2026,Warm A,0.5770735740661621,0.1789214313030243,0.5061728395061729,1.0,0.23846563696861267,0.30536794662475586,,cfg02_G2_D32,0.9769684569910169,cuda
evaluation,3341,2026,Warm B,0.576312780380249,0.18312738835811615,0.5061728395061729,1.0,0.21278120577335358,0.6083956360816956,,cfg02_G2_D32,0.9769684569910169,cuda
evaluation,3341,2026,Warm C,0.5730329155921936,0.18007144331932068,0.4567901234567901,1.0,0.21773448586463928,0.36687174439430237,,cfg02_G2_D32,0.9769684569910169,cuda
evaluation,3350,2029,Cold,0.5709627270698547,0.1802658587694168,0.5061728395061729,1.0,0.0,0.0,,cfg02_G2_D32,0.9769684569910169,cuda
evaluation,3350,2029,Warm A,0.5745994448661804,0.17710359394550323,0.5308641975308642,1.0,0.23208138346672058,0.3128337860107422,,cfg02_G2_D32,0.9769684569910169,cuda
evaluation,3350,2029,Warm B,0.5772479176521301,0.17839929461479187,0.5555555555555556,1.0,0.29897695779800415,0.4158821702003479,,cfg02_G2_D32,0.9769684569910169,cuda
evaluation,3350,2029,Warm C,0.5768184661865234,0.17660172283649445,0.5555555555555556,1.0,0.38128113746643066,0.33585548400878906,,cfg02_G2_D32,0.9769684569910169,cuda
evaluation,3357,2032,Cold,0.5551143884658813,0.17606204748153687,0.5061728395061729,1.0,0.0,0.0,,cfg02_G2_D32,0.9769684569910169,cuda
evaluation,3357,2032,Warm A,0.5501813888549805,0.17559032142162323,0.5555555555555556,1.0,0.19981649518013,0.49873071908950806,,cfg02_G2_D32,0.9769684569910169,cuda
evaluation,3357,2032,Warm B,0.551422655582428,0.17546707391738892,0.5061728395061729,1.0,0.2656228244304657,0.5738603472709656,,cfg02_G2_D32,0.9769684569910169,cuda
evaluation,3357,2032,Warm C,0.5540361404418945,0.17334149777889252,0.5555555555555556,1.0,0.3769133985042572,0.4455578923225403,,cfg02_G2_D32,0.9769684569910169,cuda
evaluation,3364,2039,Cold,0.5741963386535645,0.17932233214378357,0.5308641975308642,1.0,0.0,0.0,,cfg02_G2_D32,0.9769684569910169,cuda
evaluation,3364,2039,Warm A,0.5723176002502441,0.1834327131509781,0.5061728395061729,1.0,0.2263505756855011,0.6871580481529236,,cfg02_G2_D32,0.9769684569910169,cuda
evaluation,3364,2039,Warm B,0.5724811553955078,0.18252699077129364,0.5061728395061729,1.0,0.21266527473926544,0.5323479175567627,,cfg02_G2_D32,0.9769684569910169,cuda
evaluation,3364,2039,Warm C,0.5702818632125854,0.18370455503463745,0.5308641975308642,1.0,0.32088297605514526,0.6416594982147217,,cfg02_G2_D32,0.9769684569910169,cuda
evaluation,3368,2042,Cold,0.5709810853004456,0.1749868392944336,0.48148148148148145,1.0,0.0,0.0,,cfg02_G2_D32,0.9769684569910169,cuda
evaluation,3368,2042,Warm A,0.5749990940093994,0.1717529296875,0.5061728395061729,1.0,0.24352602660655975,0.30808448791503906,,cfg02_G2_D32,0.9769684569910169,cuda
evaluation,3368,2042,Warm B,0.5722818970680237,0.17353938519954681,0.5308641975308642,1.0,0.15265996754169464,0.5481393933296204,,cfg02_G2_D32,0.9769684569910169,cuda
evaluation,3368,2042,Warm C,0.5751613974571228,0.17255817353725433,0.5308641975308642,1.0,0.24796347320079803,0.4267675578594208,,cfg02_G2_D32,0.9769684569910169,cuda
evaluation,3370,2043,Cold,0.5597286224365234,0.1763981133699417,0.5308641975308642,1.0,0.0,0.0,,cfg02_G2_D32,0.9769684569910169,cuda
evaluation,3370,2043,Warm A,0.5691019892692566,0.17612598836421967,0.5555555555555556,1.0,0.2175268828868866,0.39237111806869507,,cfg02_G2_D32,0.9769684569910169,cuda
evaluation,3370,2043,Warm B,0.5634990930557251,0.17806115746498108,0.5308641975308642,1.0,0.17392012476921082,0.5829793214797974,,cfg02_G2_D32,0.9769684569910169,cuda
evaluation,3370,2043,Warm C,0.5646490454673767,0.17505507171154022,0.5802469135802469,1.0,0.2201988846063614,0.3934568166732788,,cfg02_G2_D32,0.9769684569910169,cuda
evaluation,3375,2044,Cold,0.5715786218643188,0.17536661028862,0.4567901234567901,1.0,0.0,0.0,,cfg02_G2_D32,0.9769684569910169,cuda
evaluation,3375,2044,Warm A,0.5696371793746948,0.17753659188747406,0.48148148148148145,1.0,0.2193206399679184,0.6166651844978333,,cfg02_G2_D32,0.9769684569910169,cuda
evaluation,3375,2044,Warm B,0.5655765533447266,0.18041425943374634,0.4567901234567901,1.0,0.43660277128219604,0.7221990823745728,,cfg02_G2_D32,0.9769684569910169,cuda
evaluation,3375,2044,Warm C,0.5639681816101074,0.18322065472602844,0.4074074074074074,1.0,0.6069122552871704,0.6884511113166809,,cfg02_G2_D32,0.9769684569910169,cuda
evaluation,3379,2045,Cold,0.5729718804359436,0.17899665236473083,0.5308641975308642,1.0,0.0,0.0,,cfg02_G2_D32,0.9769684569910169,cuda
evaluation,3379,2045,Warm A,0.5732540488243103,0.17827147245407104,0.5555555555555556,1.0,0.20060887932777405,0.5419220924377441,,cfg02_G2_D32,0.9769684569910169,cuda
evaluation,3379,2045,Warm B,0.5668900012969971,0.1781221628189087,0.48148148148148145,1.0,0.31896767020225525,0.6475697159767151,,cfg02_G2_D32,0.9769684569910169,cuda
evaluation,3379,2045,Warm C,0.5614295601844788,0.17797061800956726,0.4567901234567901,1.0,0.48812437057495117,0.6006126999855042,,cfg02_G2_D32,0.9769684569910169,cuda
evaluation,3385,2047,Cold,0.5544397830963135,0.17916083335876465,0.48148148148148145,1.0,0.0,0.0,,cfg02_G2_D32,0.9769684569910169,cuda
evaluation,3385,2047,Warm A,0.5574221014976501,0.1823555827140808,0.48148148148148145,1.0,0.21630841493606567,0.5820292234420776,,cfg02_G2_D32,0.9769684569910169,cuda
evaluation,3385,2047,Warm B,0.5674486756324768,0.18167315423488617,0.5061728395061729,1.0,0.11377811431884766,0.31913480162620544,,cfg02_G2_D32,0.9769684569910169,cuda
evaluation,3385,2047,Warm C,0.5695958733558655,0.18590974807739258,0.5061728395061729,1.0,0.305735319852829,0.4812749922275543,,cfg02_G2_D32,0.9769684569910169,cuda
evaluation,3387,2049,Cold,0.5526651740074158,0.17720282077789307,0.5061728395061729,1.0,0.0,0.0,,cfg02_G2_D32,0.9769684569910169,cuda
evaluation,3387,2049,Warm A,0.5603854060173035,0.17823825776576996,0.5061728395061729,1.0,0.20777912437915802,0.4965425431728363,,cfg02_G2_D32,0.9769684569910169,cuda
evaluation,3387,2049,Warm B,0.5654149651527405,0.18137836456298828,0.5308641975308642,1.0,0.33869674801826477,0.4381680190563202,,cfg02_G2_D32,0.9769684569910169,cuda
evaluation,3387,2049,Warm C,0.5726242065429688,0.17946705222129822,0.5308641975308642,1.0,0.3668079972267151,0.3940996527671814,,cfg02_G2_D32,0.9769684569910169,cuda
evaluation,3391,2051,Cold,0.5551325678825378,0.1766829937696457,0.5061728395061729,1.0,0.0,0.0,,cfg02_G2_D32,0.9769684569910169,cuda
evaluation,3391,2051,Warm A,0.5605176091194153,0.1782538890838623,0.48148148148148145,1.0,0.21211843192577362,0.5251734852790833,,cfg02_G2_D32,0.9769684569910169,cuda
evaluation,3391,2051,Warm B,0.5683469176292419,0.1800304502248764,0.5555555555555556,1.0,0.28518223762512207,0.34706544876098633,,cfg02_G2_D32,0.9769684569910169,cuda
evaluation,3391,2051,Warm C,0.5703211426734924,0.18311624228954315,0.5308641975308642,1.0,0.46845775842666626,0.4133419096469879,,cfg02_G2_D32,0.9769684569910169,cuda
evaluation,3392,2052,Cold,0.5563111305236816,0.17709265649318695,0.5061728395061729,1.0,0.0,0.0,,cfg02_G2_D32,0.9769684569910169,cuda
evaluation,3392,2052,Warm A,0.5652778148651123,0.17774070799350739,0.5555555555555556,1.0,0.21149718761444092,0.30215921998023987,,cfg02_G2_D32,0.9769684569910169,cuda
evaluation,3392,2052,Warm B,0.5754777193069458,0.17778930068016052,0.5555555555555556,1.0,0.36797598004341125,0.303534597158432,,cfg02_G2_D32,0.9769684569910169,cuda
evaluation,3392,2052,Warm C,0.5845614075660706,0.17920534312725067,0.5802469135802469,1.0,0.5132718682289124,0.10337787121534348,,cfg02_G2_D32,0.9769684569910169,cuda
evaluation,3399,2057,Cold,0.556326687335968,0.1742260605096817,0.5061728395061729,1.0,0.0,0.0,,cfg02_G2_D32,0.9769684569910169,cuda
evaluation,3399,2057,Warm A,0.5670758485794067,0.17252343893051147,0.5555555555555556,1.0,0.23780414462089539,0.4609028995037079,,cfg02_G2_D32,0.9769684569910169,cuda
evaluation,3399,2057,Warm B,0.5754780769348145,0.16979505121707916,0.6049382716049383,1.0,0.4871988296508789,0.34977370500564575,,cfg02_G2_D32,0.9769684569910169,cuda
evaluation,3399,2057,Warm C,0.5695287585258484,0.16995956003665924,0.5555555555555556,1.0,0.3380275368690491,0.6415228843688965,,cfg02_G2_D32,0.9769684569910169,cuda
evaluation,3401,2058,Cold,0.5571284294128418,0.17153418064117432,0.5061728395061729,1.0,0.0,0.0,,cfg02_G2_D32,0.9769684569910169,cuda
evaluation,3401,2058,Warm A,0.5633366107940674,0.17362698912620544,0.5308641975308642,1.0,0.22491967678070068,0.4862595498561859,,cfg02_G2_D32,0.9769684569910169,cuda
evaluation,3401,2058,Warm B,0.5733145475387573,0.17360790073871613,0.5555555555555556,1.0,0.31490418314933777,0.12009294331073761,,cfg02_G2_D32,0.9769684569910169,cuda
evaluation,3401,2058,Warm C,0.5780848860740662,0.17202876508235931,0.5802469135802469,1.0,0.37720999121665955,0.23265857994556427,,cfg02_G2_D32,0.9769684569910169,cuda
evaluation,3405,2060,Cold,0.5708811283111572,0.17649444937705994,0.48148148148148145,1.0,0.0,0.0,,cfg02_G2_D32,0.9769684569910169,cuda
evaluation,3405,2060,Warm A,0.568374514579773,0.17990738153457642,0.4567901234567901,1.0,0.22156722843647003,0.6109917759895325,,cfg02_G2_D32,0.9769684569910169,cuda
evaluation,3405,2060,Warm B,0.5713737607002258,0.18173415958881378,0.5308641975308642,1.0,0.2688160538673401,0.532594621181488,,cfg02_G2_D32,0.9769684569910169,cuda
evaluation,3405,2060,Warm C,0.5725923776626587,0.18167272210121155,0.5555555555555556,1.0,0.34420621395111084,0.5727757811546326,,cfg02_G2_D32,0.9769684569910169,cuda
evaluation,3406,2061,Cold,0.571794331073761,0.17887791991233826,0.48148148148148145,1.0,0.0,0.0,,cfg02_G2_D32,0.9769684569910169,cuda
evaluation,3406,2061,Warm A,0.5734564661979675,0.18010951578617096,0.5308641975308642,1.0,0.20178623497486115,0.46164464950561523,,cfg02_G2_D32,0.9769684569910169,cuda
evaluation,3406,2061,Warm B,0.5689267516136169,0.1787659227848053,0.48148148148148145,1.0,0.2315324991941452,0.560908317565918,,cfg02_G2_D32,0.9769684569910169,cuda
evaluation,3406,2061,Warm C,0.567144513130188,0.18064728379249573,0.48148148148148145,1.0,0.34723058342933655,0.6539172530174255,,cfg02_G2_D32,0.9769684569910169,cuda
evaluation,3412,2064,Cold,0.55904221534729,0.17032651603221893,0.5061728395061729,1.0,0.0,0.0,,cfg02_G2_D32,0.9769684569910169,cuda
evaluation,3412,2064,Warm A,0.5475684404373169,0.17247095704078674,0.43209876543209874,1.0,0.22065214812755585,0.6850862503051758,,cfg02_G2_D32,0.9769684569910169,cuda
evaluation,3412,2064,Warm B,0.5547425746917725,0.17073312401771545,0.5061728395061729,1.0,0.15405401587486267,0.5718469023704529,,cfg02_G2_D32,0.9769684569910169,cuda
evaluation,3412,2064,Warm C,0.5554598569869995,0.16988955438137054,0.5555555555555556,1.0,0.18708282709121704,0.5279471278190613,,cfg02_G2_D32,0.9769684569910169,cuda
evaluation,3417,2065,Cold,0.5706620216369629,0.17780309915542603,0.48148148148148145,1.0,0.0,0.0,,cfg02_G2_D32,0.9769684569910169,cuda
evaluation,3417,2065,Warm A,0.568261444568634,0.18014517426490784,0.48148148148148145,1.0,0.2341136932373047,0.8394742012023926,,cfg02_G2_D32,0.9769684569910169,cuda
evaluation,3417,2065,Warm B,0.564871072769165,0.18167200684547424,0.43209876543209874,1.0,0.41976088285446167,0.7378200888633728,,cfg02_G2_D32,0.9769684569910169,cuda
evaluation,3417,2065,Warm C,0.5666390657424927,0.1793314516544342,0.4567901234567901,1.0,0.3416227400302887,0.4639730453491211,,cfg02_G2_D32,0.9769684569910169,cuda
evaluation,3420,2067,Cold,0.5638783574104309,0.17583441734313965,0.5555555555555556,1.0,0.0,0.0,,cfg02_G2_D32,0.9769684569910169,cuda
evaluation,3420,2067,Warm A,0.5598897933959961,0.17654256522655487,0.5061728395061729,1.0,0.21522198617458344,0.5351452827453613,,cfg02_G2_D32,0.9769684569910169,cuda
evaluation,3420,2067,Warm B,0.5600829124450684,0.17968271672725677,0.5061728395061729,1.0,0.35544341802597046,0.629201352596283,,cfg02_G2_D32,0.9769684569910169,cuda
evaluation,3420,2067,Warm C,0.5562390089035034,0.17973847687244415,0.4567901234567901,1.0,0.4884212911128998,0.6412035822868347,,cfg02_G2_D32,0.9769684569910169,cuda
evaluation,3423,2070,Cold,0.5612782835960388,0.17554140090942383,0.5308641975308642,1.0,0.0,0.0,,cfg02_G2_D32,0.9769684569910169,cuda
evaluation,3423,2070,Warm A,0.567215621471405,0.17705583572387695,0.5061728395061729,1.0,0.22521384060382843,0.6625184416770935,,cfg02_G2_D32,0.9769684569910169,cuda
evaluation,3423,2070,Warm B,0.5745328664779663,0.17791831493377686,0.5308641975308642,1.0,0.2835134267807007,0.421307235956192,,cfg02_G2_D32,0.9769684569910169,cuda
evaluation,3423,2070,Warm C,0.5713391304016113,0.17368122935295105,0.5555555555555556,1.0,0.3352012634277344,0.37251585721969604,,cfg02_G2_D32,0.9769684569910169,cuda
evaluation,3425,2072,Cold,0.5589325428009033,0.1764574944972992,0.5308641975308642,1.0,0.0,0.0,,cfg02_G2_D32,0.9769684569910169,cuda
evaluation,3425,2072,Warm A,0.5561352968215942,0.17826339602470398,0.5061728395061729,1.0,0.19589024782180786,0.6299914717674255,,cfg02_G2_D32,0.9769684569910169,cuda
evaluation,3425,2072,Warm B,0.5605154037475586,0.1756579875946045,0.5061728395061729,1.0,0.2150784730911255,0.5591597557067871,,cfg02_G2_D32,0.9769684569910169,cuda
evaluation,3425,2072,Warm C,0.5707837343215942,0.17577365040779114,0.5555555555555556,1.0,0.30876556038856506,0.3513070046901703,,cfg02_G2_D32,0.9769684569910169,cuda
evaluation,3427,2074,Cold,0.5645225644111633,0.17408762872219086,0.5308641975308642,1.0,0.0,0.0,,cfg02_G2_D32,0.9769684569910169,cuda
evaluation,3427,2074,Warm A,0.5649694204330444,0.17726117372512817,0.48148148148148145,1.0,0.22652576863765717,0.6988213658332825,,cfg02_G2_D32,0.9769684569910169,cuda
evaluation,3427,2074,Warm B,0.5680509209632874,0.17564719915390015,0.5308641975308642,1.0,0.20376114547252655,0.5310792922973633,,cfg02_G2_D32,0.9769684569910169,cuda
evaluation,3427,2074,Warm C,0.5722091794013977,0.1790326088666916,0.5061728395061729,1.0,0.3364222049713135,0.5661839246749878,,cfg02_G2_D32,0.9769684569910169,cuda
evaluation,3431,2077,Cold,0.5642171502113342,0.1735033094882965,0.5555555555555556,1.0,0.0,0.0,,cfg02_G2_D32,0.9769684569910169,cuda
evaluation,3431,2077,Warm A,0.5679494738578796,0.1758771538734436,0.5308641975308642,1.0,0.21313577890396118,0.4030897617340088,,cfg02_G2_D32,0.9769684569910169,cuda
evaluation,3431,2077,Warm B,0.5718374252319336,0.17356570065021515,0.5555555555555556,1.0,0.1827959269285202,0.37425798177719116,,cfg02_G2_D32,0.9769684569910169,cuda
evaluation,3431,2077,Warm C,0.5771756768226624,0.17544130980968475,0.5555555555555556,1.0,0.29750293493270874,0.43864893913269043,,cfg02_G2_D32,0.9769684569910169,cuda
evaluation,3432,2078,Cold,0.5639362931251526,0.17334499955177307,0.5555555555555556,1.0,0.0,0.0,,cfg02_G2_D32,0.9769684569910169,cuda
evaluation,3432,2078,Warm A,0.5715453624725342,0.17532962560653687,0.5308641975308642,1.0,0.20946572721004486,0.33481237292289734,,cfg02_G2_D32,0.9769684569910169,cuda
evaluation,3432,2078,Warm B,0.5742192268371582,0.1787828654050827,0.5555555555555556,1.0,0.35566145181655884,0.44436559081077576,,cfg02_G2_D32,0.9769684569910169,cuda
evaluation,3432,2078,Warm C,0.5819333791732788,0.17804598808288574,0.5555555555555556,1.0,0.4143931567668915,0.15591877698898315,,cfg02_G2_D32,0.9769684569910169,cuda
evaluation,3436,2080,Cold,0.5581186413764954,0.17460906505584717,0.5061728395061729,1.0,0.0,0.0,,cfg02_G2_D32,0.9769684569910169,cuda
evaluation,3436,2080,Warm A,0.565303385257721,0.1761481612920761,0.5061728395061729,1.0,0.2243311107158661,0.4748596251010895,,cfg02_G2_D32,0.9769684569910169,cuda
evaluation,3436,2080,Warm B,0.5742623805999756,0.17801876366138458,0.5061728395061729,1.0,0.3753701150417328,0.25153788924217224,,cfg02_G2_D32,0.9769684569910169,cuda
evaluation,3436,2080,Warm C,0.568566620349884,0.1795555055141449,0.5061728395061729,1.0,0.39373889565467834,0.5361096262931824,,cfg02_G2_D32,0.9769684569910169,cuda
evaluation,3440,2083,Cold,0.5580763816833496,0.17125293612480164,0.5061728395061729,1.0,0.0,0.0,,cfg02_G2_D32,0.9769684569910169,cuda
evaluation,3440,2083,Warm A,0.5683419108390808,0.17184706032276154,0.5802469135802469,1.0,0.2220517247915268,0.2956688106060028,,cfg02_G2_D32,0.9769684569910169,cuda
evaluation,3440,2083,Warm B,0.576849639415741,0.17053143680095673,0.5802469135802469,1.0,0.3740079700946808,0.12105865776538849,,cfg02_G2_D32,0.9769684569910169,cuda
evaluation,3440,2083,Warm C,0.5843323469161987,0.16924917697906494,0.6296296296296297,1.0,0.5780601501464844,0.10699164867401123,,cfg02_G2_D32,0.9769684569910169,cuda
evaluation,3445,2086,Cold,0.5655562281608582,0.173264279961586,0.5308641975308642,1.0,0.0,0.0,,cfg02_G2_D32,0.9769684569910169,cuda
evaluation,3445,2086,Warm A,0.5702813267707825,0.17609193921089172,0.5061728395061729,1.0,0.1906655728816986,0.5364643931388855,,cfg02_G2_D32,0.9769684569910169,cuda
evaluation,3445,2086,Warm B,0.5740516781806946,0.1753869652748108,0.5308641975308642,1.0,0.320443719625473,0.4588455259799957,,cfg02_G2_D32,0.9769684569910169,cuda
evaluation,3445,2086,Warm C,0.572140097618103,0.1794312298297882,0.5061728395061729,1.0,0.2709617614746094,0.5919163227081299,,cfg02_G2_D32,0.9769684569910169,cuda
evaluation,3447,2087,Cold,0.5793717503547668,0.18831412494182587,0.5308641975308642,1.0,0.0,0.0,,cfg02_G2_D32,0.9769684569910169,cuda
evaluation,3447,2087,Warm A,0.576324462890625,0.19112862646579742,0.5555555555555556,1.0,0.23079167306423187,0.6737520098686218,,cfg02_G2_D32,0.9769684569910169,cuda
evaluation,3447,2087,Warm B,0.5786612033843994,0.1911608874797821,0.5308641975308642,1.0,0.2491193562746048,0.4319377839565277,,cfg02_G2_D32,0.9769684569910169,cuda
evaluation,3447,2087,Warm C,0.5787891149520874,0.19318346679210663,0.5555555555555556,1.0,0.28141871094703674,0.5226268172264099,,cfg02_G2_D32,0.9769684569910169,cuda
evaluation,3453,2092,Cold,0.5562772154808044,0.17347830533981323,0.5061728395061729,1.0,0.0,0.0,,cfg02_G2_D32,0.9769684569910169,cuda
evaluation,3453,2092,Warm A,0.5644431710243225,0.1749759465456009,0.5802469135802469,1.0,0.22367139160633087,0.4808468818664551,,cfg02_G2_D32,0.9769684569910169,cuda
evaluation,3453,2092,Warm B,0.5715262293815613,0.17492631077766418,0.5555555555555556,1.0,0.34773993492126465,0.3730950951576233,,cfg02_G2_D32,0.9769684569910169,cuda
evaluation,3453,2092,Warm C,0.5658895969390869,0.176661416888237,0.5555555555555556,1.0,0.34992337226867676,0.4391311705112457,,cfg02_G2_D32,0.9769684569910169,cuda
evaluation,3456,2093,Cold,0.5548032522201538,0.1773718148469925,0.5061728395061729,1.0,0.0,0.0,,cfg02_G2_D32,0.9769684569910169,cuda
evaluation,3456,2093,Warm A,0.5562276840209961,0.17489975690841675,0.5802469135802469,1.0,0.2256120890378952,0.5052563548088074,,cfg02_G2_D32,0.9769684569910169,cuda
evaluation,3456,2093,Warm B,0.5469422936439514,0.17752179503440857,0.48148148148148145,1.0,0.1783432811498642,0.6343526244163513,,cfg02_G2_D32,0.9769684569910169,cuda
evaluation,3456,2093,Warm C,0.5479970574378967,0.1772993505001068,0.48148148148148145,1.0,0.20005519688129425,0.5572966933250427,,cfg02_G2_D32,0.9769684569910169,cuda
evaluation,3457,2094,Cold,0.5544637441635132,0.17677906155586243,0.5061728395061729,1.0,0.0,0.0,,cfg02_G2_D32,0.9769684569910169,cuda
evaluation,3457,2094,Warm A,0.5552322864532471,0.17937341332435608,0.5061728395061729,1.0,0.22052113711833954,0.7018112540245056,,cfg02_G2_D32,0.9769684569910169,cuda
evaluation,3457,2094,Warm B,0.5518780946731567,0.18161331117153168,0.5061728395061729,1.0,0.36683914065361023,0.6654678583145142,,cfg02_G2_D32,0.9769684569910169,cuda
evaluation,3457,2094,Warm C,0.5480201840400696,0.18532469868659973,0.5061728395061729,1.0,0.5642402172088623,0.6791083216667175,,cfg02_G2_D32,0.9769684569910169,cuda
evaluation,3459,2095,Cold,0.5587888360023499,0.1761757731437683,0.5061728395061729,1.0,0.0,0.0,,cfg02_G2_D32,0.9769684569910169,cuda
evaluation,3459,2095,Warm A,0.5624902844429016,0.17865589261054993,0.5061728395061729,1.0,0.21244783699512482,0.5982141494750977,,cfg02_G2_D32,0.9769684569910169,cuda
evaluation,3459,2095,Warm B,0.560542643070221,0.18065057694911957,0.5308641975308642,1.0,0.4128829836845398,0.6343722343444824,,cfg02_G2_D32,0.9769684569910169,cuda
evaluation,3459,2095,Warm C,0.5491217374801636,0.18106722831726074,0.4567901234567901,1.0,0.5663431882858276,0.6762008666992188,,cfg02_G2_D32,0.9769684569910169,cuda
evaluation,3470,2102,Cold,0.5624797344207764,0.17551572620868683,0.5308641975308642,1.0,0.0,0.0,,cfg02_G2_D32,0.9769684569910169,cuda
evaluation,3470,2102,Warm A,0.5652545094490051,0.17377524077892303,0.5308641975308642,1.0,0.2524445950984955,0.26454049348831177,,cfg02_G2_D32,0.9769684569910169,cuda
evaluation,3470,2102,Warm B,0.5591373443603516,0.17323492467403412,0.48148148148148145,1.0,0.34681180119514465,0.38390088081359863,,cfg02_G2_D32,0.9769684569910169,cuda
evaluation,3470,2102,Warm C,0.5603467226028442,0.17198626697063446,0.5308641975308642,1.0,0.5457006096839905,0.27197265625,,cfg02_G2_D32,0.9769684569910169,cuda
evaluation,3475,2104,Cold,0.5737918615341187,0.18050521612167358,0.5061728395061729,1.0,0.0,0.0,,cfg02_G2_D32,0.9769684569910169,cuda
evaluation,3475,2104,Warm A,0.5742060542106628,0.18189743161201477,0.4567901234567901,1.0,0.23364080488681793,0.4312874972820282,,cfg02_G2_D32,0.9769684569910169,cuda
evaluation,3475,2104,Warm B,0.5752540826797485,0.1837589293718338,0.5061728395061729,1.0,0.33140355348587036,0.5929701924324036,,cfg02_G2_D32,0.9769684569910169,cuda
evaluation,3475,2104,Warm C,0.5700491666793823,0.18147756159305573,0.4567901234567901,1.0,0.3130730986595154,0.6572554707527161,,cfg02_G2_D32,0.9769684569910169,cuda
evaluation,3480,2109,Cold,0.5609177947044373,0.17707709968090057,0.5308641975308642,1.0,0.0,0.0,,cfg02_G2_D32,0.9769684569910169,cuda
evaluation,3480,2109,Warm A,0.5669519901275635,0.17844347655773163,0.5308641975308642,1.0,0.21203994750976562,0.5698742270469666,,cfg02_G2_D32,0.9769684569910169,cuda
evaluation,3480,2109,Warm B,0.5709744095802307,0.17782898247241974,0.5308641975308642,1.0,0.3743763864040375,0.4439176619052887,,cfg02_G2_D32,0.9769684569910169,cuda
evaluation,3480,2109,Warm C,0.5688683986663818,0.1770174652338028,0.5308641975308642,1.0,0.3828442692756653,0.5740578174591064,,cfg02_G2_D32,0.9769684569910169,cuda
evaluation,3483,2111,Cold,0.5524517297744751,0.173405721783638,0.5061728395061729,1.0,0.0,0.0,,cfg02_G2_D32,0.9769684569910169,cuda
evaluation,3483,2111,Warm A,0.5547764897346497,0.17540429532527924,0.5061728395061729,1.0,0.224495068192482,0.7662153244018555,,cfg02_G2_D32,0.9769684569910169,cuda
evaluation,3483,2111,Warm B,0.5501886010169983,0.17530526220798492,0.5061728395061729,1.0,0.33980628848075867,0.5672546029090881,,cfg02_G2_D32,0.9769684569910169,cuda
evaluation,3483,2111,Warm C,0.5434194803237915,0.17669592797756195,0.5061728395061729,1.0,0.5085103511810303,0.658794105052948,,cfg02_G2_D32,0.9769684569910169,cuda
evaluation,3487,2113,Cold,0.5657113790512085,0.1747981756925583,0.5308641975308642,1.0,0.0,0.0,,cfg02_G2_D32,0.9769684569910169,cuda
evaluation,3487,2113,Warm A,0.5612980723381042,0.17614732682704926,0.5061728395061729,1.0,0.22094279527664185,0.5797776579856873,,cfg02_G2_D32,0.9769684569910169,cuda
evaluation,3487,2113,Warm B,0.5584765672683716,0.17750149965286255,0.48148148148148145,1.0,0.35781270265579224,0.4813980162143707,,cfg02_G2_D32,0.9769684569910169,cuda
evaluation,3487,2113,Warm C,0.5588338375091553,0.17823514342308044,0.4567901234567901,1.0,0.42621803283691406,0.5771598815917969,,cfg02_G2_D32,0.9769684569910169,cuda
evaluation,3491,2115,Cold,0.5540214776992798,0.17964693903923035,0.48148148148148145,1.0,0.0,0.0,,cfg02_G2_D32,0.9769684569910169,cuda
evaluation,3491,2115,Warm A,0.5563766360282898,0.18266034126281738,0.48148148148148145,1.0,0.22770272195339203,0.66180419921875,,cfg02_G2_D32,0.9769684569910169,cuda
evaluation,3491,2115,Warm B,0.5606828331947327,0.18626630306243896,0.5061728395061729,1.0,0.3986048102378845,0.5470525622367859,,cfg02_G2_D32,0.9769684569910169,cuda
evaluation,3491,2115,Warm C,0.5625858306884766,0.1850072294473648,0.5061728395061729,1.0,0.42847293615341187,0.4695450961589813,,cfg02_G2_D32,0.9769684569910169,cuda
evaluation,3497,2117,Cold,0.5565891861915588,0.1780117154121399,0.48148148148148145,1.0,0.0,0.0,,cfg02_G2_D32,0.9769684569910169,cuda
evaluation,3497,2117,Warm A,0.5600362420082092,0.18057402968406677,0.5061728395061729,1.0,0.21489766240119934,0.6071568727493286,,cfg02_G2_D32,0.9769684569910169,cuda
evaluation,3497,2117,Warm B,0.5653275847434998,0.1835135817527771,0.5061728395061729,1.0,0.36573079228401184,0.32939010858535767,,cfg02_G2_D32,0.9769684569910169,cuda
evaluation,3497,2117,Warm C,0.5556854009628296,0.18332704901695251,0.5061728395061729,1.0,0.4626011252403259,0.7249106764793396,,cfg02_G2_D32,0.9769684569910169,cuda
evaluation,3500,2120,Cold,0.5559465289115906,0.17679066956043243,0.5061728395061729,1.0,0.0,0.0,,cfg02_G2_D32,0.9769684569910169,cuda
evaluation,3500,2120,Warm A,0.5616278648376465,0.17861738801002502,0.5061728395061729,1.0,0.20720508694648743,0.5176512598991394,,cfg02_G2_D32,0.9769684569910169,cuda
evaluation,3500,2120,Warm B,0.5670132040977478,0.18016178905963898,0.5061728395061729,1.0,0.310646653175354,0.494598388671875,,cfg02_G2_D32,0.9769684569910169,cuda
evaluation,3500,2120,Warm C,0.5618996620178223,0.1820637732744217,0.5061728395061729,1.0,0.3500564992427826,0.45282354950904846,,cfg02_G2_D32,0.9769684569910169,cuda
evaluation,3502,2122,Cold,0.5558452606201172,0.17636635899543762,0.5308641975308642,1.0,0.0,0.0,,cfg02_G2_D32,0.9769684569910169,cuda
evaluation,3502,2122,Warm A,0.55763840675354,0.17919114232063293,0.48148148148148145,1.0,0.22248512506484985,0.6965926289558411,,cfg02_G2_D32,0.9769684569910169,cuda
evaluation,3502,2122,Warm B,0.560771107673645,0.18015383183956146,0.5061728395061729,1.0,0.3277973532676697,0.5547676086425781,,cfg02_G2_D32,0.9769684569910169,cuda
evaluation,3502,2122,Warm C,0.558879017829895,0.17823129892349243,0.5308641975308642,1.0,0.3561594486236572,0.5843527913093567,,cfg02_G2_D32,0.9769684569910169,cuda
evaluation,3503,2123,Cold,0.5639373660087585,0.17524117231369019,0.5308641975308642,1.0,0.0,0.0,,cfg02_G2_D32,0.9769684569910169,cuda
evaluation,3503,2123,Warm A,0.5629755854606628,0.17604349553585052,0.48148148148148145,1.0,0.22442179918289185,0.706508457660675,,cfg02_G2_D32,0.9769684569910169,cuda
evaluation,3503,2123,Warm B,0.5561644434928894,0.1771068125963211,0.4567901234567901,1.0,0.3406737148761749,0.591503381729126,,cfg02_G2_D32,0.9769684569910169,cuda
evaluation,3503,2123,Warm C,0.557555615901947,0.17587436735630035,0.48148148148148145,1.0,0.2898068130016327,0.47628745436668396,,cfg02_G2_D32,0.9769684569910169,cuda
evaluation,3506,2126,Cold,0.559356689453125,0.1788063794374466,0.48148148148148145,1.0,0.0,0.0,,cfg02_G2_D32,0.9769684569910169,cuda
evaluation,3506,2126,Warm A,0.5611703395843506,0.18172456324100494,0.48148148148148145,1.0,0.2246904820203781,0.7397176027297974,,cfg02_G2_D32,0.9769684569910169,cuda
evaluation,3506,2126,Warm B,0.5632351636886597,0.18450263142585754,0.5061728395061729,1.0,0.40181446075439453,0.5429097414016724,,cfg02_G2_D32,0.9769684569910169,cuda
evaluation,3506,2126,Warm C,0.5524712800979614,0.18474575877189636,0.48148148148148145,1.0,0.5859161615371704,0.7345702052116394,,cfg02_G2_D32,0.9769684569910169,cuda
evaluation,3509,2129,Cold,0.5547803044319153,0.17483735084533691,0.5061728395061729,1.0,0.0,0.0,,cfg02_G2_D32,0.9769684569910169,cuda
evaluation,3509,2129,Warm A,0.5592415928840637,0.17603839933872223,0.5308641975308642,1.0,0.18828332424163818,0.5853506922721863,,cfg02_G2_D32,0.9769684569910169,cuda
evaluation,3509,2129,Warm B,0.5668350458145142,0.17783595621585846,0.5308641975308642,1.0,0.29177096486091614,0.47289323806762695,,cfg02_G2_D32,0.9769684569910169,cuda
evaluation,3509,2129,Warm C,0.5688939690589905,0.17832224071025848,0.5308641975308642,1.0,0.3830912113189697,0.4360834062099457,,cfg02_G2_D32,0.9769684569910169,cuda
evaluation,3511,2131,Cold,0.5501681566238403,0.18002143502235413,0.5061728395061729,1.0,0.0,0.0,,cfg02_G2_D32,0.9769684569910169,cuda
evaluation,3511,2131,Warm A,0.5582529902458191,0.1799268126487732,0.5061728395061729,1.0,0.21001611649990082,0.4906429350376129,,cfg02_G2_D32,0.9769684569910169,cuda
evaluation,3511,2131,Warm B,0.5619990825653076,0.1800047904253006,0.5308641975308642,1.0,0.3090660870075226,0.5446605682373047,,cfg02_G2_D32,0.9769684569910169,cuda
evaluation,3511,2131,Warm C,0.5653707385063171,0.1829981803894043,0.5061728395061729,1.0,0.4517991244792938,0.3702174723148346,,cfg02_G2_D32,0.9769684569910169,cuda
evaluation,3514,2134,Cold,0.5547032356262207,0.17740753293037415,0.5061728395061729,1.0,0.0,0.0,,cfg02_G2_D32,0.9769684569910169,cuda
evaluation,3514,2134,Warm A,0.5564767122268677,0.1812688410282135,0.48148148148148145,1.0,0.23568914830684662,0.6567175388336182,,cfg02_G2_D32,0.9769684569910169,cuda
evaluation,3514,2134,Warm B,0.553082287311554,0.1788637638092041,0.5061728395061729,1.0,0.20368574559688568,0.5130877494812012,,cfg02_G2_D32,0.9769684569910169,cuda
evaluation,3514,2134,Warm C,0.5632196068763733,0.17931994795799255,0.5308641975308642,1.0,0.28565582633018494,0.5131095051765442,,cfg02_G2_D32,0.9769684569910169,cuda
evaluation,3515,2135,Cold,0.5505645871162415,0.18009766936302185,0.5308641975308642,1.0,0.0,0.0,,cfg02_G2_D32,0.9769684569910169,cuda
evaluation,3515,2135,Warm A,0.560396671295166,0.1811404973268509,0.5308641975308642,1.0,0.19467401504516602,0.4920903146266937,,cfg02_G2_D32,0.9769684569910169,cuda
evaluation,3515,2135,Warm B,0.5498626232147217,0.18205754458904266,0.5308641975308642,1.0,0.2383933812379837,0.5838668942451477,,cfg02_G2_D32,0.9769684569910169,cuda
evaluation,3515,2135,Warm C,0.5512210130691528,0.18122598528862,0.5061728395061729,1.0,0.3089675307273865,0.6217882037162781,,cfg02_G2_D32,0.9769684569910169,cuda
evaluation,3519,2137,Cold,0.5623966455459595,0.17343001067638397,0.5308641975308642,1.0,0.0,0.0,,cfg02_G2_D32,0.9769684569910169,cuda
evaluation,3519,2137,Warm A,0.5582619905471802,0.17416438460350037,0.4567901234567901,1.0,0.2046792209148407,0.6397348642349243,,cfg02_G2_D32,0.9769684569910169,cuda
evaluation,3519,2137,Warm B,0.5592793226242065,0.1740640550851822,0.4567901234567901,1.0,0.1887979358434677,0.48442861437797546,,cfg02_G2_D32,0.9769684569910169,cuda
evaluation,3519,2137,Warm C,0.5611848831176758,0.17364592850208282,0.48148148148148145,1.0,0.2812841534614563,0.6166412234306335,,cfg02_G2_D32,0.9769684569910169,cuda
evaluation,3521,2138,Cold,0.5550413131713867,0.17575909197330475,0.5061728395061729,1.0,0.0,0.0,,cfg02_G2_D32,0.9769684569910169,cuda
evaluation,3521,2138,Warm A,0.54836505651474,0.17747530341148376,0.5555555555555556,1.0,0.2220822274684906,0.6946206092834473,,cfg02_G2_D32,0.9769684569910169,cuda
evaluation,3521,2138,Warm B,0.5477414727210999,0.17653654515743256,0.5308641975308642,1.0,0.3368236720561981,0.6350573897361755,,cfg02_G2_D32,0.9769684569910169,cuda
evaluation,3521,2138,Warm C,0.5489999055862427,0.17602801322937012,0.5555555555555556,1.0,0.3780265152454376,0.4881519377231598,,cfg02_G2_D32,0.9769684569910169,cuda
evaluation,3529,2144,Cold,0.5612555146217346,0.1741195172071457,0.5308641975308642,1.0,0.0,0.0,,cfg02_G2_D32,0.9769684569910169,cuda
evaluation,3529,2144,Warm A,0.5656229853630066,0.17570725083351135,0.48148148148148145,1.0,0.1991308480501175,0.5501951575279236,,cfg02_G2_D32,0.9769684569910169,cuda
evaluation,3529,2144,Warm B,0.5683605074882507,0.1739693582057953,0.5308641975308642,1.0,0.2638356387615204,0.48934227228164673,,cfg02_G2_D32,0.9769684569910169,cuda
evaluation,3529,2144,Warm C,0.5726407766342163,0.17432597279548645,0.5308641975308642,1.0,0.37827664613723755,0.4853633940219879,,cfg02_G2_D32,0.9769684569910169,cuda
evaluation,3538,2148,Cold,0.5492678880691528,0.18091239035129547,0.5308641975308642,1.0,0.0,0.0,,cfg02_G2_D32,0.9769684569910169,cuda
evaluation,3538,2148,Warm A,0.5486099123954773,0.17923976480960846,0.5308641975308642,1.0,0.22174197435379028,0.5238767862319946,,cfg02_G2_D32,0.9769684569910169,cuda
evaluation,3538,2148,Warm B,0.5527750849723816,0.17886875569820404,0.5061728395061729,1.0,0.22526255249977112,0.6433005332946777,,cfg02_G2_D32,0.9769684569910169,cuda
evaluation,3538,2148,Warm C,0.5474317073822021,0.17928314208984375,0.5061728395061729,1.0,0.2614029049873352,0.5555034279823303,,cfg02_G2_D32,0.9769684569910169,cuda
evaluation,3544,2150,Cold,0.5520774722099304,0.18080422282218933,0.5061728395061729,1.0,0.0,0.0,,cfg02_G2_D32,0.9769684569910169,cuda
evaluation,3544,2150,Warm A,0.557587206363678,0.18161682784557343,0.48148148148148145,1.0,0.19912241399288177,0.5726353526115417,,cfg02_G2_D32,0.9769684569910169,cuda
evaluation,3544,2150,Warm B,0.5510531663894653,0.1812686324119568,0.4567901234567901,1.0,0.31408625841140747,0.5872690081596375,,cfg02_G2_D32,0.9769684569910169,cuda
evaluation,3544,2150,Warm C,0.5536121726036072,0.18413221836090088,0.48148148148148145,1.0,0.40316542983055115,0.6290441751480103,,cfg02_G2_D32,0.9769684569910169,cuda
evaluation,3547,2153,Cold,0.5608916282653809,0.17672814428806305,0.5308641975308642,1.0,0.0,0.0,,cfg02_G2_D32,0.9769684569910169,cuda
evaluation,3547,2153,Warm A,0.5589339137077332,0.17549069225788116,0.5308641975308642,1.0,0.22622887790203094,0.4297228753566742,,cfg02_G2_D32,0.9769684569910169,cuda
evaluation,3547,2153,Warm B,0.5561484098434448,0.1773577630519867,0.5308641975308642,1.0,0.17749333381652832,0.5680205225944519,,cfg02_G2_D32,0.9769684569910169,cuda
evaluation,3547,2153,Warm C,0.5562230348587036,0.17878906428813934,0.4567901234567901,1.0,0.2434816211462021,0.555465579032898,,cfg02_G2_D32,0.9769684569910169,cuda
evaluation,3550,2156,Cold,0.5595412254333496,0.17521215975284576,0.5308641975308642,1.0,0.0,0.0,,cfg02_G2_D32,0.9769684569910169,cuda
evaluation,3550,2156,Warm A,0.5547569990158081,0.17581669986248016,0.48148148148148145,1.0,0.2342308610677719,0.5189520716667175,,cfg02_G2_D32,0.9769684569910169,cuda
evaluation,3550,2156,Warm B,0.5561559200286865,0.17652936279773712,0.5061728395061729,1.0,0.22006362676620483,0.6521008014678955,,cfg02_G2_D32,0.9769684569910169,cuda
evaluation,3550,2156,Warm C,0.5651714205741882,0.17577151954174042,0.5308641975308642,1.0,0.1920367181301117,0.4203673005104065,,cfg02_G2_D32,0.9769684569910169,cuda
evaluation,3553,2159,Cold,0.5543665289878845,0.1792163997888565,0.5061728395061729,1.0,0.0,0.0,,cfg02_G2_D32,0.9769684569910169,cuda
evaluation,3553,2159,Warm A,0.5598044395446777,0.18001294136047363,0.48148148148148145,1.0,0.2201429158449173,0.5536481738090515,,cfg02_G2_D32,0.9769684569910169,cuda
evaluation,3553,2159,Warm B,0.5670073628425598,0.18356314301490784,0.5061728395061729,1.0,0.3779810070991516,0.46018049120903015,,cfg02_G2_D32,0.9769684569910169,cuda
evaluation,3553,2159,Warm C,0.5710402131080627,0.18419219553470612,0.5555555555555556,1.0,0.3794543147087097,0.31902220845222473,,cfg02_G2_D32,0.9769684569910169,cuda
evaluation,3554,2160,Cold,0.553541898727417,0.17588874697685242,0.5061728395061729,1.0,0.0,0.0,,cfg02_G2_D32,0.9769684569910169,cuda
evaluation,3554,2160,Warm A,0.549445390701294,0.17735262215137482,0.48148148148148145,1.0,0.2295800745487213,0.7030032873153687,,cfg02_G2_D32,0.9769684569910169,cuda
evaluation,3554,2160,Warm B,0.5413610339164734,0.17818987369537354,0.4567901234567901,1.0,0.36480313539505005,0.665698230266571,,cfg02_G2_D32,0.9769684569910169,cuda
evaluation,3554,2160,Warm C,0.5401057600975037,0.1795656979084015,0.43209876543209874,1.0,0.5718932747840881,0.6838791966438293,,cfg02_G2_D32,0.9769684569910169,cuda
evaluation,3557,2163,Cold,0.5580459833145142,0.17679664492607117,0.5061728395061729,1.0,0.0,0.0,,cfg02_G2_D32,0.9769684569910169,cuda
evaluation,3557,2163,Warm A,0.5622695088386536,0.179875448346138,0.5061728395061729,1.0,0.2209671586751938,0.5397794246673584,,cfg02_G2_D32,0.9769684569910169,cuda
evaluation,3557,2163,Warm B,0.5587499737739563,0.18154998123645782,0.48148148148148145,1.0,0.3142631947994232,0.46642327308654785,,cfg02_G2_D32,0.9769684569910169,cuda
evaluation,3557,2163,Warm C,0.5616664886474609,0.18575341999530792,0.5061728395061729,1.0,0.4807899594306946,0.5481077432632446,,cfg02_G2_D32,0.9769684569910169,cuda
evaluation,3564,2164,Cold,0.5520011782646179,0.1757320910692215,0.5061728395061729,1.0,0.0,0.0,,cfg02_G2_D32,0.9769684569910169,cuda
evaluation,3564,2164,Warm A,0.5637762546539307,0.17475582659244537,0.5308641975308642,1.0,0.2320253551006317,0.27234920859336853,,cfg02_G2_D32,0.9769684569910169,cuda
evaluation,3564,2164,Warm B,0.5744145512580872,0.17481845617294312,0.5802469135802469,1.0,0.41543033719062805,0.0865311250090599,,cfg02_G2_D32,0.9769684569910169,cuda
evaluation,3564,2164,Warm C,0.5789337158203125,0.17838367819786072,0.6296296296296297,1.0,0.4966367185115814,0.1775115430355072,,cfg02_G2_D32,0.9769684569910169,cuda
evaluation,3571,2167,Cold,0.5545233488082886,0.1784328818321228,0.5061728395061729,1.0,0.0,0.0,,cfg02_G2_D32,0.9769684569910169,cuda
evaluation,3571,2167,Warm A,0.5483031868934631,0.17969276010990143,0.5308641975308642,1.0,0.22194865345954895,0.629867672920227,,cfg02_G2_D32,0.9769684569910169,cuda
evaluation,3571,2167,Warm B,0.5456174612045288,0.17949478328227997,0.5061728395061729,1.0,0.38258588314056396,0.6188029646873474,,cfg02_G2_D32,0.9769684569910169,cuda
evaluation,3571,2167,Warm C,0.5446843504905701,0.1807435303926468,0.48148148148148145,1.0,0.43383100628852844,0.6251893043518066,,cfg02_G2_D32,0.9769684569910169,cuda
evaluation,3572,2168,Cold,0.5538959503173828,0.17554102838039398,0.5061728395061729,1.0,0.0,0.0,,cfg02_G2_D32,0.9769684569910169,cuda
evaluation,3572,2168,Warm A,0.5602784752845764,0.1772749125957489,0.5061728395061729,1.0,0.21886897087097168,0.46121522784233093,,cfg02_G2_D32,0.9769684569910169,cuda
evaluation,3572,2168,Warm B,0.567858099937439,0.1784897893667221,0.5308641975308642,1.0,0.3987424969673157,0.2075766623020172,,cfg02_G2_D32,0.9769684569910169,cuda
evaluation,3572,2168,Warm C,0.5783647894859314,0.18052735924720764,0.5555555555555556,1.0,0.508311927318573,0.03924817964434624,,cfg02_G2_D32,0.9769684569910169,cuda
evaluation,3579,2171,Cold,0.5555924773216248,0.17614051699638367,0.5061728395061729,1.0,0.0,0.0,,cfg02_G2_D32,0.9769684569910169,cuda
evaluation,3579,2171,Warm A,0.5581488013267517,0.17867685854434967,0.5061728395061729,1.0,0.21970538794994354,0.6375946402549744,,cfg02_G2_D32,0.9769684569910169,cuda
evaluation,3579,2171,Warm B,0.5596428513526917,0.17979328334331512,0.48148148148148145,1.0,0.36437615752220154,0.56858891248703,,cfg02_G2_D32,0.9769684569910169,cuda
evaluation,3579,2171,Warm C,0.5649427175521851,0.17978273332118988,0.5061728395061729,1.0,0.46586138010025024,0.3965863883495331,,cfg02_G2_D32,0.9769684569910169,cuda
evaluation,3584,2172,Cold,0.5631371736526489,0.17436277866363525,0.5555555555555556,1.0,0.0,0.0,,cfg02_G2_D32,0.9769684569910169,cuda
evaluation,3584,2172,Warm A,0.5648849010467529,0.17761391401290894,0.5308641975308642,1.0,0.21735453605651855,0.5744115114212036,,cfg02_G2_D32,0.9769684569910169,cuda
evaluation,3584,2172,Warm B,0.5739098787307739,0.17877306044101715,0.5308641975308642,1.0,0.21016664803028107,0.20737066864967346,,cfg02_G2_D32,0.9769684569910169,cuda
evaluation,3584,2172,Warm C,0.582175076007843,0.1807955503463745,0.5802469135802469,1.0,0.3465164005756378,0.16483907401561737,,cfg02_G2_D32,0.9769684569910169,cuda
evaluation,3590,2173,Cold,0.5591598153114319,0.1790142059326172,0.48148148148148145,1.0,0.0,0.0,,cfg02_G2_D32,0.9769684569910169,cuda
evaluation,3590,2173,Warm A,0.5629118084907532,0.17987874150276184,0.48148148148148145,1.0,0.23043955862522125,0.5935056209564209,,cfg02_G2_D32,0.9769684569910169,cuda
evaluation,3590,2173,Warm B,0.5651931166648865,0.18269188702106476,0.5061728395061729,1.0,0.38076430559158325,0.4825258255004883,,cfg02_G2_D32,0.9769684569910169,cuda
evaluation,3590,2173,Warm C,0.5665791630744934,0.18376538157463074,0.5061728395061729,1.0,0.5702264308929443,0.5281713604927063,,cfg02_G2_D32,0.9769684569910169,cuda
evaluation,3594,2176,Cold,0.5541130304336548,0.1794731765985489,0.5061728395061729,1.0,0.0,0.0,,cfg02_G2_D32,0.9769684569910169,cuda
evaluation,3594,2176,Warm A,0.5598217248916626,0.18174712359905243,0.5061728395061729,1.0,0.20851731300354004,0.5924603343009949,,cfg02_G2_D32,0.9769684569910169,cuda
evaluation,3594,2176,Warm B,0.5639750361442566,0.18307878077030182,0.48148148148148145,1.0,0.35832643508911133,0.5399318933486938,,cfg02_G2_D32,0.9769684569910169,cuda
evaluation,3594,2176,Warm C,0.5573427677154541,0.18248233199119568,0.5308641975308642,1.0,0.31924280524253845,0.6312848925590515,,cfg02_G2_D32,0.9769684569910169,cuda
evaluation,3598,2177,Cold,0.5534727573394775,0.17722314596176147,0.5061728395061729,1.0,0.0,0.0,,cfg02_G2_D32,0.9769684569910169,cuda
evaluation,3598,2177,Warm A,0.5571079254150391,0.17543017864227295,0.5308641975308642,1.0,0.2447715699672699,0.5159193873405457,,cfg02_G2_D32,0.9769684569910169,cuda
evaluation,3598,2177,Warm B,0.5602261424064636,0.17721375823020935,0.5061728395061729,1.0,0.2371366024017334,0.6211032271385193,,cfg02_G2_D32,0.9769684569910169,cuda
evaluation,3598,2177,Warm C,0.5555129647254944,0.17783813178539276,0.5555555555555556,1.0,0.2869342267513275,0.5985432863235474,,cfg02_G2_D32,0.9769684569910169,cuda
evaluation,3599,2178,Cold,0.5739457607269287,0.17920957505702972,0.5308641975308642,1.0,0.0,0.0,,cfg02_G2_D32,0.9769684569910169,cuda
evaluation,3599,2178,Warm A,0.5711907148361206,0.18216891586780548,0.5061728395061729,1.0,0.2245369702577591,0.6213597655296326,,cfg02_G2_D32,0.9769684569910169,cuda
evaluation,3599,2178,Warm B,0.5730634927749634,0.18060576915740967,0.5061728395061729,1.0,0.20384936034679413,0.5130988955497742,,cfg02_G2_D32,0.9769684569910169,cuda
evaluation,3599,2178,Warm C,0.5731498003005981,0.18443918228149414,0.5061728395061729,1.0,0.3260398507118225,0.6769840121269226,,cfg02_G2_D32,0.9769684569910169,cuda
evaluation,3600,2179,Cold,0.5683403015136719,0.17459525167942047,0.5061728395061729,1.0,0.0,0.0,,cfg02_G2_D32,0.9769684569910169,cuda
evaluation,3600,2179,Warm A,0.5668042302131653,0.17739011347293854,0.5061728395061729,1.0,0.2339051216840744,0.8554162979125977,,cfg02_G2_D32,0.9769684569910169,cuda
evaluation,3600,2179,Warm B,0.5673016309738159,0.1804421842098236,0.4567901234567901,1.0,0.4272511601448059,0.533353328704834,,cfg02_G2_D32,0.9769684569910169,cuda
evaluation,3600,2179,Warm C,0.5721250176429749,0.1801445037126541,0.5061728395061729,1.0,0.34338709712028503,0.3629782199859619,,cfg02_G2_D32,0.9769684569910169,cuda
evaluation,3604,2180,Cold,0.5688403844833374,0.17126420140266418,0.48148148148148145,1.0,0.0,0.0,,cfg02_G2_D32,0.9769684569910169,cuda
evaluation,3604,2180,Warm A,0.5709609985351562,0.17111551761627197,0.5308641975308642,1.0,0.22945672273635864,0.4849393367767334,,cfg02_G2_D32,0.9769684569910169,cuda
evaluation,3604,2180,Warm B,0.5698952078819275,0.17343686521053314,0.5061728395061729,1.0,0.24334192276000977,0.7123212814331055,,cfg02_G2_D32,0.9769684569910169,cuda
evaluation,3604,2180,Warm C,0.5667193531990051,0.1734563559293747,0.48148148148148145,1.0,0.2921600043773651,0.626375138759613,,cfg02_G2_D32,0.9769684569910169,cuda
evaluation,3606,2181,Cold,0.5734797716140747,0.17429354786872864,0.5308641975308642,1.0,0.0,0.0,,cfg02_G2_D32,0.9769684569910169,cuda
evaluation,3606,2181,Warm A,0.5713295936584473,0.17355136573314667,0.4567901234567901,1.0,0.22326414287090302,0.4249891936779022,,cfg02_G2_D32,0.9769684569910169,cuda
evaluation,3606,2181,Warm B,0.5689375400543213,0.174251988530159,0.4567901234567901,1.0,0.31397944688796997,0.49927863478660583,,cfg02_G2_D32,0.9769684569910169,cuda
evaluation,3606,2181,Warm C,0.5713576674461365,0.17366838455200195,0.4567901234567901,1.0,0.3529909551143646,0.4830659031867981,,cfg02_G2_D32,0.9769684569910169,cuda
evaluation,3613,2183,Cold,0.5550677180290222,0.17776243388652802,0.48148148148148145,1.0,0.0,0.0,,cfg02_G2_D32,0.9769684569910169,cuda
evaluation,3613,2183,Warm A,0.5542874336242676,0.17712046205997467,0.4567901234567901,1.0,0.2074836641550064,0.5718146562576294,,cfg02_G2_D32,0.9769684569910169,cuda
evaluation,3613,2183,Warm B,0.5557680726051331,0.176711767911911,0.5061728395061729,1.0,0.29486122727394104,0.5109736323356628,,cfg02_G2_D32,0.9769684569910169,cuda
evaluation,3613,2183,Warm C,0.5525118112564087,0.17779222130775452,0.48148148148148145,1.0,0.321591317653656,0.5974697470664978,,cfg02_G2_D32,0.9769684569910169,cuda
evaluation,3616,2186,Cold,0.5514330267906189,0.1790022999048233,0.5061728395061729,1.0,0.0,0.0,,cfg02_G2_D32,0.9769684569910169,cuda
evaluation,3616,2186,Warm A,0.5613656044006348,0.1790314018726349,0.5061728395061729,1.0,0.23210406303405762,0.4223812222480774,,cfg02_G2_D32,0.9769684569910169,cuda
evaluation,3616,2186,Warm B,0.5654025077819824,0.1820439249277115,0.5308641975308642,1.0,0.2623854875564575,0.5244724154472351,,cfg02_G2_D32,0.9769684569910169,cuda
evaluation,3616,2186,Warm C,0.5674832463264465,0.18033474683761597,0.5308641975308642,1.0,0.28964173793792725,0.43286260962486267,,cfg02_G2_D32,0.9769684569910169,cuda
evaluation,3619,2189,Cold,0.5568740963935852,0.18043430149555206,0.48148148148148145,1.0,0.0,0.0,,cfg02_G2_D32,0.9769684569910169,cuda
evaluation,3619,2189,Warm A,0.5569112300872803,0.18031418323516846,0.48148148148148145,1.0,0.20569674670696259,0.6315062642097473,,cfg02_G2_D32,0.9769684569910169,cuda
evaluation,3619,2189,Warm B,0.5520398020744324,0.18233349919319153,0.48148148148148145,1.0,0.37048888206481934,0.737302303314209,,cfg02_G2_D32,0.9769684569910169,cuda
evaluation,3619,2189,Warm C,0.5562106370925903,0.18387991189956665,0.48148148148148145,1.0,0.47178831696510315,0.4853152930736542,,cfg02_G2_D32,0.9769684569910169,cuda
evaluation,3622,2190,Cold,0.5614264011383057,0.17909492552280426,0.5061728395061729,1.0,0.0,0.0,,cfg02_G2_D32,0.9769684569910169,cuda
evaluation,3622,2190,Warm A,0.5571108460426331,0.17956912517547607,0.43209876543209874,1.0,0.2334716022014618,0.43486419320106506,,cfg02_G2_D32,0.9769684569910169,cuda
evaluation,3622,2190,Warm B,0.5561954975128174,0.1814548373222351,0.43209876543209874,1.0,0.313698410987854,0.7284901738166809,,cfg02_G2_D32,0.9769684569910169,cuda
evaluation,3622,2190,Warm C,0.5596812963485718,0.17936384677886963,0.43209876543209874,1.0,0.22339805960655212,0.4276305139064789,,cfg02_G2_D32,0.9769684569910169,cuda
evaluation,3627,2193,Cold,0.569238543510437,0.17565758526325226,0.5308641975308642,1.0,0.0,0.0,,cfg02_G2_D32,0.9769684569910169,cuda
evaluation,3627,2193,Warm A,0.5663259029388428,0.1775096207857132,0.5061728395061729,1.0,0.22155196964740753,0.660020112991333,,cfg02_G2_D32,0.9769684569910169,cuda
evaluation,3627,2193,Warm B,0.5617983937263489,0.17757229506969452,0.4567901234567901,1.0,0.35470885038375854,0.6261386871337891,,cfg02_G2_D32,0.9769684569910169,cuda
evaluation,3627,2193,Warm C,0.5594125390052795,0.17811264097690582,0.4567901234567901,1.0,0.46423786878585815,0.6230310797691345,,cfg02_G2_D32,0.9769684569910169,cuda
evaluation,3628,2194,Cold,0.5760613083839417,0.18357396125793457,0.5308641975308642,1.0,0.0,0.0,,cfg02_G2_D32,0.9769684569910169,cuda
evaluation,3628,2194,Warm A,0.5732570290565491,0.1878037303686142,0.5061728395061729,1.0,0.23991629481315613,0.8530092239379883,,cfg02_G2_D32,0.9769684569910169,cuda
evaluation,3628,2194,Warm B,0.5765088796615601,0.18858136236667633,0.5555555555555556,1.0,0.27816590666770935,0.5747469663619995,,cfg02_G2_D32,0.9769684569910169,cuda
evaluation,3628,2194,Warm C,0.577450156211853,0.18519800901412964,0.5308641975308642,1.0,0.2905045747756958,0.36557188630104065,,cfg02_G2_D32,0.9769684569910169,cuda
evaluation,3634,2197,Cold,0.5707458853721619,0.17617912590503693,0.5308641975308642,1.0,0.0,0.0,,cfg02_G2_D32,0.9769684569910169,cuda
evaluation,3634,2197,Warm A,0.5670360922813416,0.17346803843975067,0.5061728395061729,1.0,0.230427548289299,0.34135934710502625,,cfg02_G2_D32,0.9769684569910169,cuda
evaluation,3634,2197,Warm B,0.5697662830352783,0.1708804965019226,0.5061728395061729,1.0,0.3909221291542053,0.3493364453315735,,cfg02_G2_D32,0.9769684569910169,cuda
evaluation,3634,2197,Warm C,0.572198748588562,0.16954495012760162,0.5308641975308642,1.0,0.5948083996772766,0.25011196732521057,,cfg02_G2_D32,0.9769684569910169,cuda
evaluation,3643,2201,Cold,0.5754534602165222,0.18342478573322296,0.5308641975308642,1.0,0.0,0.0,,cfg02_G2_D32,0.9769684569910169,cuda
evaluation,3643,2201,Warm A,0.5722821354866028,0.18701311945915222,0.5061728395061729,1.0,0.2403954416513443,0.7386862635612488,,cfg02_G2_D32,0.9769684569910169,cuda
evaluation,3643,2201,Warm B,0.5705009698867798,0.19118762016296387,0.5061728395061729,1.0,0.45593997836112976,0.7417781949043274,,cfg02_G2_D32,0.9769684569910169,cuda
evaluation,3643,2201,Warm C,0.5672076940536499,0.19260720908641815,0.4567901234567901,1.0,0.6389049291610718,0.689637303352356,,cfg02_G2_D32,0.9769684569910169,cuda
evaluation,3646,2202,Cold,0.5491345524787903,0.18080520629882812,0.5061728395061729,1.0,0.0,0.0,,cfg02_G2_D32,0.9769684569910169,cuda
evaluation,3646,2202,Warm A,0.5500209927558899,0.1832190454006195,0.48148148148148145,1.0,0.23432965576648712,0.7044423222541809,,cfg02_G2_D32,0.9769684569910169,cuda
evaluation,3646,2202,Warm B,0.5580911040306091,0.18521112203598022,0.5061728395061729,1.0,0.36119934916496277,0.4487525522708893,,cfg02_G2_D32,0.9769684569910169,cuda
evaluation,3646,2202,Warm C,0.5666893720626831,0.18555596470832825,0.5308641975308642,1.0,0.38131847977638245,0.26076385378837585,,cfg02_G2_D32,0.9769684569910169,cuda
evaluation,3653,2204,Cold,0.5695877075195312,0.17505313456058502,0.5061728395061729,1.0,0.0,0.0,,cfg02_G2_D32,0.9769684569910169,cuda
evaluation,3653,2204,Warm A,0.5663132667541504,0.1770104318857193,0.5061728395061729,1.0,0.2130640745162964,0.6615703105926514,,cfg02_G2_D32,0.9769684569910169,cuda
evaluation,3653,2204,Warm B,0.5612555742263794,0.17544440925121307,0.5061728395061729,1.0,0.3347856402397156,0.6376325488090515,,cfg02_G2_D32,0.9769684569910169,cuda
evaluation,3653,2204,Warm C,0.562406063079834,0.1747428923845291,0.5061728395061729,1.0,0.35263046622276306,0.4932776987552643,,cfg02_G2_D32,0.9769684569910169,cuda
evaluation,3658,2206,Cold,0.5658792853355408,0.17291989922523499,0.5308641975308642,1.0,0.0,0.0,,cfg02_G2_D32,0.9769684569910169,cuda
evaluation,3658,2206,Warm A,0.5616343021392822,0.17310568690299988,0.4567901234567901,1.0,0.2217136025428772,0.6167770624160767,,cfg02_G2_D32,0.9769684569910169,cuda
evaluation,3658,2206,Warm B,0.5647332072257996,0.17164751887321472,0.5308641975308642,1.0,0.2697193920612335,0.45478230714797974,,cfg02_G2_D32,0.9769684569910169,cuda
evaluation,3658,2206,Warm C,0.5647074580192566,0.17458224296569824,0.5061728395061729,1.0,0.20964157581329346,0.6084818840026855,,cfg02_G2_D32,0.9769684569910169,cuda
evaluation,3660,2207,Cold,0.558499276638031,0.17476294934749603,0.5061728395061729,1.0,0.0,0.0,,cfg02_G2_D32,0.9769684569910169,cuda
evaluation,3660,2207,Warm A,0.5623863339424133,0.17502044141292572,0.5061728395061729,1.0,0.1982027143239975,0.567568838596344,,cfg02_G2_D32,0.9769684569910169,cuda
evaluation,3660,2207,Warm B,0.5690721273422241,0.1752598136663437,0.5802469135802469,1.0,0.24384137988090515,0.5492216944694519,,cfg02_G2_D32,0.9769684569910169,cuda
evaluation,3660,2207,Warm C,0.571243405342102,0.17354635894298553,0.5555555555555556,1.0,0.32531842589378357,0.486053466796875,,cfg02_G2_D32,0.9769684569910169,cuda
evaluation,3661,2208,Cold,0.5604462623596191,0.173017680644989,0.5061728395061729,1.0,0.0,0.0,,cfg02_G2_D32,0.9769684569910169,cuda
evaluation,3661,2208,Warm A,0.5640742778778076,0.17363981902599335,0.5802469135802469,1.0,0.21460577845573425,0.5311362147331238,,cfg02_G2_D32,0.9769684569910169,cuda
evaluation,3661,2208,Warm B,0.5712610483169556,0.17594510316848755,0.5802469135802469,1.0,0.3846816420555115,0.33638280630111694,,cfg02_G2_D32,0.9769684569910169,cuda
evaluation,3661,2208,Warm C,0.5763075947761536,0.1763830929994583,0.5802469135802469,1.0,0.44942694902420044,0.2883319854736328,,cfg02_G2_D32,0.9769684569910169,cuda
evaluation,3662,2209,Cold,0.5584893822669983,0.17362718284130096,0.5061728395061729,1.0,0.0,0.0,,cfg02_G2_D32,0.9769684569910169,cuda
evaluation,3662,2209,Warm A,0.5680562853813171,0.17455355823040009,0.5802469135802469,1.0,0.22399504482746124,0.3932889401912689,,cfg02_G2_D32,0.9769684569910169,cuda
evaluation,3662,2209,Warm B,0.5719066858291626,0.17768093943595886,0.5555555555555556,1.0,0.36169910430908203,0.35995975136756897,,cfg02_G2_D32,0.9769684569910169,cuda
evaluation,3662,2209,Warm C,0.5718746781349182,0.17520757019519806,0.5555555555555556,1.0,0.240626722574234,0.3089507520198822,,cfg02_G2_D32,0.9769684569910169,cuda
evaluation,3669,2211,Cold,0.5519616603851318,0.17995934188365936,0.5061728395061729,1.0,0.0,0.0,,cfg02_G2_D32,0.9769684569910169,cuda
evaluation,3669,2211,Warm A,0.5551013350486755,0.1829056590795517,0.48148148148148145,1.0,0.22010013461112976,0.6265897154808044,,cfg02_G2_D32,0.9769684569910169,cuda
evaluation,3669,2211,Warm B,0.5633704662322998,0.1841709017753601,0.5061728395061729,1.0,0.27786070108413696,0.2889496982097626,,cfg02_G2_D32,0.9769684569910169,cuda
evaluation,3669,2211,Warm C,0.5651537775993347,0.18605631589889526,0.5061728395061729,1.0,0.44500282406806946,0.3253686726093292,,cfg02_G2_D32,0.9769684569910169,cuda
evaluation,3672,2213,Cold,0.5596412420272827,0.17131167650222778,0.5061728395061729,1.0,0.0,0.0,,cfg02_G2_D32,0.9769684569910169,cuda
evaluation,3672,2213,Warm A,0.563283383846283,0.1735633760690689,0.5308641975308642,1.0,0.23287823796272278,0.748418927192688,,cfg02_G2_D32,0.9769684569910169,cuda
evaluation,3672,2213,Warm B,0.5674298405647278,0.17604748904705048,0.5061728395061729,1.0,0.399828165769577,0.5670942664146423,,cfg02_G2_D32,0.9769684569910169,cuda
evaluation,3672,2213,Warm C,0.5755904316902161,0.17665570974349976,0.5802469135802469,1.0,0.42996278405189514,0.20045018196105957,,cfg02_G2_D32,0.9769684569910169,cuda
evaluation,3676,2215,Cold,0.5616779327392578,0.17655155062675476,0.5061728395061729,1.0,0.0,0.0,,cfg02_G2_D32,0.9769684569910169,cuda
evaluation,3676,2215,Warm A,0.5617101192474365,0.17909488081932068,0.5308641975308642,1.0,0.1943667083978653,0.6151455640792847,,cfg02_G2_D32,0.9769684569910169,cuda
evaluation,3676,2215,Warm B,0.5567620992660522,0.1796208918094635,0.5308641975308642,1.0,0.3202958106994629,0.5938128232955933,,cfg02_G2_D32,0.9769684569910169,cuda
evaluation,3676,2215,Warm C,0.5538221597671509,0.1813962608575821,0.48148148148148145,1.0,0.4844166040420532,0.7140483260154724,,cfg02_G2_D32,0.9769684569910169,cuda
evaluation,3678,2216,Cold,0.57450270652771,0.18135763704776764,0.5061728395061729,1.0,0.0,0.0,,cfg02_G2_D32,0.9769684569910169,cuda
evaluation,3678,2216,Warm A,0.5744080543518066,0.18131232261657715,0.5555555555555556,1.0,0.19112823903560638,0.541357696056366,,cfg02_G2_D32,0.9769684569910169,cuda
evaluation,3678,2216,Warm B,0.5750769972801208,0.1797376573085785,0.5061728395061729,1.0,0.23789717257022858,0.3750682771205902,,cfg02_G2_D32,0.9769684569910169,cuda
evaluation,3678,2216,Warm C,0.5714335441589355,0.18266892433166504,0.5061728395061729,1.0,0.33034536242485046,0.655892550945282,,cfg02_G2_D32,0.9769684569910169,cuda
evaluation,3679,2217,Cold,0.561907947063446,0.17391662299633026,0.5308641975308642,1.0,0.0,0.0,,cfg02_G2_D32,0.9769684569910169,cuda
evaluation,3679,2217,Warm A,0.5620039701461792,0.17352432012557983,0.5555555555555556,1.0,0.21574772894382477,0.44398680329322815,,cfg02_G2_D32,0.9769684569910169,cuda
evaluation,3679,2217,Warm B,0.5637571811676025,0.17207053303718567,0.5308641975308642,1.0,0.35238033533096313,0.27903690934181213,,cfg02_G2_D32,0.9769684569910169,cuda
evaluation,3679,2217,Warm C,0.5693851709365845,0.17379404604434967,0.5802469135802469,1.0,0.3373257517814636,0.35376712679862976,,cfg02_G2_D32,0.9769684569910169,cuda
evaluation,3689,2225,Cold,0.5579904913902283,0.1778295487165451,0.48148148148148145,1.0,0.0,0.0,,cfg02_G2_D32,0.9769684569910169,cuda
evaluation,3689,2225,Warm A,0.5616415143013,0.18031805753707886,0.5308641975308642,1.0,0.23565535247325897,0.7402985692024231,,cfg02_G2_D32,0.9769684569910169,cuda
evaluation,3689,2225,Warm B,0.5684771537780762,0.18260698020458221,0.5555555555555556,1.0,0.3899858891963959,0.2835366427898407,,cfg02_G2_D32,0.9769684569910169,cuda
evaluation,3689,2225,Warm C,0.5752272605895996,0.1814061403274536,0.5555555555555556,1.0,0.35956162214279175,0.22314965724945068,,cfg02_G2_D32,0.9769684569910169,cuda
evaluation,3690,2226,Cold,0.5568064451217651,0.17640773952007294,0.48148148148148145,1.0,0.0,0.0,,cfg02_G2_D32,0.9769684569910169,cuda
evaluation,3690,2226,Warm A,0.5602461099624634,0.17892484366893768,0.5308641975308642,1.0,0.23466074466705322,0.6392701268196106,,cfg02_G2_D32,0.9769684569910169,cuda
evaluation,3690,2226,Warm B,0.5659947395324707,0.1807156801223755,0.5555555555555556,1.0,0.39144501090049744,0.4255703389644623,,cfg02_G2_D32,0.9769684569910169,cuda
evaluation,3690,2226,Warm C,0.5777656435966492,0.18113334476947784,0.5555555555555556,1.0,0.39754390716552734,0.13586460053920746,,cfg02_G2_D32,0.9769684569910169,cuda
evaluation,3693,2227,Cold,0.5556416511535645,0.17807884514331818,0.5061728395061729,1.0,0.0,0.0,,cfg02_G2_D32,0.9769684569910169,cuda
evaluation,3693,2227,Warm A,0.5573148131370544,0.1768953651189804,0.48148148148148145,1.0,0.20492786169052124,0.5812911987304688,,cfg02_G2_D32,0.9769684569910169,cuda
evaluation,3693,2227,Warm B,0.5618022084236145,0.17954936623573303,0.5308641975308642,1.0,0.23794309794902802,0.5667824745178223,,cfg02_G2_D32,0.9769684569910169,cuda
evaluation,3693,2227,Warm C,0.5706595778465271,0.1813630908727646,0.5308641975308642,1.0,0.333572655916214,0.29764124751091003,,cfg02_G2_D32,0.9769684569910169,cuda
evaluation,3694,2228,Cold,0.5558351278305054,0.177838996052742,0.5061728395061729,1.0,0.0,0.0,,cfg02_G2_D32,0.9769684569910169,cuda
evaluation,3694,2228,Warm A,0.5627136826515198,0.1796426624059677,0.5555555555555556,1.0,0.2231534868478775,0.4843737781047821,,cfg02_G2_D32,0.9769684569910169,cuda
evaluation,3694,2228,Warm B,0.5679075121879578,0.18194161355495453,0.5308641975308642,1.0,0.4263097643852234,0.47172626852989197,,cfg02_G2_D32,0.9769684569910169,cuda
evaluation,3694,2228,Warm C,0.5717118978500366,0.18338869512081146,0.5802469135802469,1.0,0.6122717261314392,0.28349053859710693,,cfg02_G2_D32,0.9769684569910169,cuda
evaluation,3696,2229,Cold,0.5561046600341797,0.17482785880565643,0.5061728395061729,1.0,0.0,0.0,,cfg02_G2_D32,0.9769684569910169,cuda
evaluation,3696,2229,Warm A,0.5639455318450928,0.17443162202835083,0.5308641975308642,1.0,0.2115500569343567,0.39986035227775574,,cfg02_G2_D32,0.9769684569910169,cuda
evaluation,3696,2229,Warm B,0.5724456906318665,0.1763632595539093,0.5308641975308642,1.0,0.358455628156662,0.297713965177536,,cfg02_G2_D32,0.9769684569910169,cuda
evaluation,3696,2229,Warm C,0.5615230798721313,0.1755390614271164,0.5308641975308642,1.0,0.3273596465587616,0.7175211906433105,,cfg02_G2_D32,0.9769684569910169,cuda
evaluation,3709,2242,Cold,0.5547436475753784,0.17532122135162354,0.5061728395061729,1.0,0.0,0.0,,cfg02_G2_D32,0.9769684569910169,cuda
evaluation,3709,2242,Warm A,0.5618515014648438,0.17710807919502258,0.5061728395061729,1.0,0.23172855377197266,0.4757421612739563,,cfg02_G2_D32,0.9769684569910169,cuda
evaluation,3709,2242,Warm B,0.568635880947113,0.17882303893566132,0.5308641975308642,1.0,0.408957839012146,0.34715786576271057,,cfg02_G2_D32,0.9769684569910169,cuda
evaluation,3709,2242,Warm C,0.5652213096618652,0.17578327655792236,0.5308641975308642,1.0,0.2412176877260208,0.33180752396583557,,cfg02_G2_D32,0.9769684569910169,cuda
evaluation,3710,2243,Cold,0.5568060278892517,0.17588718235492706,0.5061728395061729,1.0,0.0,0.0,,cfg02_G2_D32,0.9769684569910169,cuda
evaluation,3710,2243,Warm A,0.5630978941917419,0.17859375476837158,0.5802469135802469,1.0,0.2213677167892456,0.46101847290992737,,cfg02_G2_D32,0.9769684569910169,cuda
evaluation,3710,2243,Warm B,0.5725222229957581,0.17966285347938538,0.5802469135802469,1.0,0.31748947501182556,0.1692071408033371,,cfg02_G2_D32,0.9769684569910169,cuda
evaluation,3710,2243,Warm C,0.5814712643623352,0.1808776557445526,0.5802469135802469,1.0,0.44664832949638367,0.12592683732509613,,cfg02_G2_D32,0.9769684569910169,cuda
evaluation,3713,2245,Cold,0.5604411363601685,0.1758234053850174,0.5308641975308642,1.0,0.0,0.0,,cfg02_G2_D32,0.9769684569910169,cuda
evaluation,3713,2245,Warm A,0.5584213733673096,0.17375831305980682,0.5308641975308642,1.0,0.21955323219299316,0.6158873438835144,,cfg02_G2_D32,0.9769684569910169,cuda
evaluation,3713,2245,Warm B,0.5642744302749634,0.17335939407348633,0.5308641975308642,1.0,0.24995441734790802,0.5457603335380554,,cfg02_G2_D32,0.9769684569910169,cuda
evaluation,3713,2245,Warm C,0.5673360824584961,0.17209619283676147,0.5308641975308642,1.0,0.3914959132671356,0.5177192091941833,,cfg02_G2_D32,0.9769684569910169,cuda
evaluation,3714,2246,Cold,0.5611318945884705,0.1745627224445343,0.5308641975308642,1.0,0.0,0.0,,cfg02_G2_D32,0.9769684569910169,cuda
evaluation,3714,2246,Warm A,0.5706459283828735,0.17609591782093048,0.5308641975308642,1.0,0.22508470714092255,0.5489163398742676,,cfg02_G2_D32,0.9769684569910169,cuda
evaluation,3714,2246,Warm B,0.57582688331604,0.17937183380126953,0.5555555555555556,1.0,0.39124181866645813,0.47438716888427734,,cfg02_G2_D32,0.9769684569910169,cuda
evaluation,3714,2246,Warm C,0.5713276863098145,0.1756015121936798,0.5308641975308642,1.0,0.3724038600921631,0.6005263328552246,,cfg02_G2_D32,0.9769684569910169,cuda
evaluation,3715,2247,Cold,0.552842915058136,0.18033574521541595,0.48148148148148145,1.0,0.0,0.0,,cfg02_G2_D32,0.9769684569910169,cuda
evaluation,3715,2247,Warm A,0.5556354522705078,0.18305432796478271,0.48148148148148145,1.0,0.22516362369060516,0.646514356136322,,cfg02_G2_D32,0.9769684569910169,cuda
evaluation,3715,2247,Warm B,0.5644730925559998,0.1850583851337433,0.5061728395061729,1.0,0.3084109425544739,0.3242693245410919,,cfg02_G2_D32,0.9769684569910169,cuda
evaluation,3715,2247,Warm C,0.5608288049697876,0.18153393268585205,0.5061728395061729,1.0,0.2744405269622803,0.5570923686027527,,cfg02_G2_D32,0.9769684569910169,cuda
evaluation,3716,2248,Cold,0.5544840693473816,0.17318913340568542,0.5061728395061729,1.0,0.0,0.0,,cfg02_G2_D32,0.9769684569910169,cuda
evaluation,3716,2248,Warm A,0.55832839012146,0.17557965219020844,0.5061728395061729,1.0,0.22757446765899658,0.6819614768028259,,cfg02_G2_D32,0.9769684569910169,cuda
evaluation,3716,2248,Warm B,0.5622141361236572,0.1797364503145218,0.5061728395061729,1.0,0.4436725080013275,0.40402063727378845,,cfg02_G2_D32,0.9769684569910169,cuda
evaluation,3716,2248,Warm C,0.5658810138702393,0.1824600249528885,0.5061728395061729,1.0,0.5364435911178589,0.25739166140556335,,cfg02_G2_D32,0.9769684569910169,cuda
evaluation,3718,2250,Cold,0.5527999401092529,0.1754555106163025,0.5061728395061729,1.0,0.0,0.0,,cfg02_G2_D32,0.9769684569910169,cuda
evaluation,3718,2250,Warm A,0.5533217787742615,0.17648839950561523,0.5061728395061729,1.0,0.2203589379787445,0.695907711982727,,cfg02_G2_D32,0.9769684569910169,cuda
evaluation,3718,2250,Warm B,0.5451923608779907,0.17804281413555145,0.5061728395061729,1.0,0.3247714042663574,0.6563485264778137,,cfg02_G2_D32,0.9769684569910169,cuda
evaluation,3718,2250,Warm C,0.5444629192352295,0.17976337671279907,0.48148148148148145,1.0,0.4576207995414734,0.6562643647193909,,cfg02_G2_D32,0.9769684569910169,cuda
evaluation,3720,2251,Cold,0.5546237230300903,0.17762982845306396,0.5061728395061729,1.0,0.0,0.0,,cfg02_G2_D32,0.9769684569910169,cuda
evaluation,3720,2251,Warm A,0.5588415861129761,0.1760019063949585,0.5061728395061729,1.0,0.23168832063674927,0.47028517723083496,,cfg02_G2_D32,0.9769684569910169,cuda
evaluation,3720,2251,Warm B,0.5552533268928528,0.17758972942829132,0.5308641975308642,1.0,0.2285422682762146,0.6412422060966492,,cfg02_G2_D32,0.9769684569910169,cuda
evaluation,3720,2251,Warm C,0.5548778772354126,0.17514976859092712,0.5308641975308642,1.0,0.35294219851493835,0.45235228538513184,,cfg02_G2_D32,0.9769684569910169,cuda
evaluation,3724,2253,Cold,0.5635532140731812,0.17468398809432983,0.5308641975308642,1.0,0.0,0.0,,cfg02_G2_D32,0.9769684569910169,cuda
evaluation,3724,2253,Warm A,0.5666568279266357,0.17500467598438263,0.48148148148148145,1.0,0.18756714463233948,0.45869746804237366,,cfg02_G2_D32,0.9769684569910169,cuda
evaluation,3724,2253,Warm B,0.5744021534919739,0.17540782690048218,0.5802469135802469,1.0,0.3004343807697296,0.41259074211120605,,cfg02_G2_D32,0.9769684569910169,cuda
evaluation,3724,2253,Warm C,0.5680561661720276,0.17292606830596924,0.5555555555555556,1.0,0.2851807475090027,0.5802276134490967,,cfg02_G2_D32,0.9769684569910169,cuda
evaluation,3725,2254,Cold,0.559471607208252,0.17112231254577637,0.5061728395061729,1.0,0.0,0.0,,cfg02_G2_D32,0.9769684569910169,cuda
evaluation,3725,2254,Warm A,0.559894323348999,0.17295145988464355,0.48148148148148145,1.0,0.22104954719543457,0.6919578909873962,,cfg02_G2_D32,0.9769684569910169,cuda
evaluation,3725,2254,Warm B,0.5635934472084045,0.17055757343769073,0.5061728395061729,1.0,0.12319965660572052,0.4786946475505829,,cfg02_G2_D32,0.9769684569910169,cuda
evaluation,3725,2254,Warm C,0.5635939240455627,0.16990749537944794,0.5061728395061729,1.0,0.20473456382751465,0.5834243297576904,,cfg02_G2_D32,0.9769684569910169,cuda
evaluation,3726,2255,Cold,0.5631297826766968,0.1746414452791214,0.5308641975308642,1.0,0.0,0.0,,cfg02_G2_D32,0.9769684569910169,cuda
evaluation,3726,2255,Warm A,0.5639126896858215,0.17495374381542206,0.5308641975308642,1.0,0.21375752985477448,0.5141846537590027,,cfg02_G2_D32,0.9769684569910169,cuda
evaluation,3726,2255,Warm B,0.5635973811149597,0.1774805784225464,0.5308641975308642,1.0,0.28722715377807617,0.5961957573890686,,cfg02_G2_D32,0.9769684569910169,cuda
evaluation,3726,2255,Warm C,0.5638787746429443,0.17601336538791656,0.5308641975308642,1.0,0.3521442115306854,0.36448338627815247,,cfg02_G2_D32,0.9769684569910169,cuda
evaluation,3727,2256,Cold,0.5540300607681274,0.1766141802072525,0.5061728395061729,1.0,0.0,0.0,,cfg02_G2_D32,0.9769684569910169,cuda
evaluation,3727,2256,Warm A,0.549288272857666,0.17677585780620575,0.48148148148148145,1.0,0.22185038030147552,0.5423025488853455,,cfg02_G2_D32,0.9769684569910169,cuda
evaluation,3727,2256,Warm B,0.5524532198905945,0.17427754402160645,0.5061728395061729,1.0,0.26280203461647034,0.5464040637016296,,cfg02_G2_D32,0.9769684569910169,cuda
evaluation,3727,2256,Warm C,0.5503827333450317,0.17445236444473267,0.5061728395061729,1.0,0.40757206082344055,0.5760677456855774,,cfg02_G2_D32,0.9769684569910169,cuda
evaluation,3728,2257,Cold,0.5582361221313477,0.17704887688159943,0.5061728395061729,1.0,0.0,0.0,,cfg02_G2_D32,0.9769684569910169,cuda
evaluation,3728,2257,Warm A,0.5504773259162903,0.17666903138160706,0.5555555555555556,1.0,0.22915959358215332,0.4260043203830719,,cfg02_G2_D32,0.9769684569910169,cuda
evaluation,3728,2257,Warm B,0.5520079135894775,0.17596650123596191,0.5308641975308642,1.0,0.26698756217956543,0.4745867848396301,,cfg02_G2_D32,0.9769684569910169,cuda
evaluation,3728,2257,Warm C,0.5527709722518921,0.17565509676933289,0.5061728395061729,1.0,0.2272200882434845,0.5112163424491882,,cfg02_G2_D32,0.9769684569910169,cuda
evaluation,3732,2260,Cold,0.5602370500564575,0.17587174475193024,0.5308641975308642,1.0,0.0,0.0,,cfg02_G2_D32,0.9769684569910169,cuda
evaluation,3732,2260,Warm A,0.564394474029541,0.17614366114139557,0.5061728395061729,1.0,0.22688643634319305,0.5650168657302856,,cfg02_G2_D32,0.9769684569910169,cuda
evaluation,3732,2260,Warm B,0.5615205764770508,0.17847952246665955,0.5061728395061729,1.0,0.3907981514930725,0.6011548638343811,,cfg02_G2_D32,0.9769684569910169,cuda
evaluation,3732,2260,Warm C,0.5597944259643555,0.1764756739139557,0.5061728395061729,1.0,0.27604395151138306,0.44956445693969727,,cfg02_G2_D32,0.9769684569910169,cuda
evaluation,3738,2263,Cold,0.565152645111084,0.17761681973934174,0.5308641975308642,1.0,0.0,0.0,,cfg02_G2_D32,0.9769684569910169,cuda
evaluation,3738,2263,Warm A,0.5637732744216919,0.18086065351963043,0.5061728395061729,1.0,0.22629496455192566,0.6958379149436951,,cfg02_G2_D32,0.9769684569910169,cuda
evaluation,3738,2263,Warm B,0.5656909942626953,0.18209046125411987,0.4567901234567901,1.0,0.33384037017822266,0.5679054856300354,,cfg02_G2_D32,0.9769684569910169,cuda
evaluation,3738,2263,Warm C,0.5628048181533813,0.17997124791145325,0.48148148148148145,1.0,0.38348764181137085,0.5923399329185486,,cfg02_G2_D32,0.9769684569910169,cuda
evaluation,3743,2267,Cold,0.5518916845321655,0.17630493640899658,0.5308641975308642,1.0,0.0,0.0,,cfg02_G2_D32,0.9769684569910169,cuda
evaluation,3743,2267,Warm A,0.5590091943740845,0.17616671323776245,0.5061728395061729,1.0,0.22373156249523163,0.46930837631225586,,cfg02_G2_D32,0.9769684569910169,cuda
evaluation,3743,2267,Warm B,0.5638961791992188,0.1761537790298462,0.5061728395061729,1.0,0.25643378496170044,0.4942191243171692,,cfg02_G2_D32,0.9769684569910169,cuda
evaluation,3743,2267,Warm C,0.5702323317527771,0.17814160883426666,0.5555555555555556,1.0,0.4186914563179016,0.36414751410484314,,cfg02_G2_D32,0.9769684569910169,cuda
evaluation,3746,2270,Cold,0.5520983338356018,0.17717841267585754,0.5061728395061729,1.0,0.0,0.0,,cfg02_G2_D32,0.9769684569910169,cuda
evaluation,3746,2270,Warm A,0.549085795879364,0.17763866484165192,0.5308641975308642,1.0,0.2171948403120041,0.6150206327438354,,cfg02_G2_D32,0.9769684569910169,cuda
evaluation,3746,2270,Warm B,0.5516676902770996,0.17508096992969513,0.5802469135802469,1.0,0.2784455418586731,0.3460563123226166,,cfg02_G2_D32,0.9769684569910169,cuda
evaluation,3746,2270,Warm C,0.5521515011787415,0.1765468865633011,0.5308641975308642,1.0,0.20544657111167908,0.5872959494590759,,cfg02_G2_D32,0.9769684569910169,cuda
evaluation,3747,2271,Cold,0.5567272901535034,0.17595669627189636,0.5061728395061729,1.0,0.0,0.0,,cfg02_G2_D32,0.9769684569910169,cuda
evaluation,3747,2271,Warm A,0.5472025871276855,0.17686519026756287,0.48148148148148145,1.0,0.23502446711063385,0.7332448363304138,,cfg02_G2_D32,0.9769684569910169,cuda
evaluation,3747,2271,Warm B,0.5458726286888123,0.1773371547460556,0.5061728395061729,1.0,0.3873620331287384,0.559482991695404,,cfg02_G2_D32,0.9769684569910169,cuda
evaluation,3747,2271,Warm C,0.5414750576019287,0.17962360382080078,0.48148148148148145,1.0,0.5522050857543945,0.7467257380485535,,cfg02_G2_D32,0.9769684569910169,cuda
evaluation,3758,2277,Cold,0.5567139983177185,0.17721644043922424,0.5061728395061729,1.0,0.0,0.0,,cfg02_G2_D32,0.9769684569910169,cuda
evaluation,3758,2277,Warm A,0.5596396327018738,0.18023094534873962,0.5061728395061729,1.0,0.23331987857818604,0.7579984664916992,,cfg02_G2_D32,0.9769684569910169,cuda
evaluation,3758,2277,Warm B,0.5632404685020447,0.18351835012435913,0.5061728395061729,1.0,0.39852118492126465,0.48092132806777954,,cfg02_G2_D32,0.9769684569910169,cuda
evaluation,3758,2277,Warm C,0.5618786215782166,0.17985083162784576,0.5061728395061729,1.0,0.1923568844795227,0.3903510868549347,,cfg02_G2_D32,0.9769684569910169,cuda
evaluation,3766,2281,Cold,0.5607614517211914,0.17373383045196533,0.5308641975308642,1.0,0.0,0.0,,cfg02_G2_D32,0.9769684569910169,cuda
evaluation,3766,2281,Warm A,0.5649146437644958,0.1763845831155777,0.5308641975308642,1.0,0.2158120721578598,0.4610016942024231,,cfg02_G2_D32,0.9769684569910169,cuda
evaluation,3766,2281,Warm B,0.5736376643180847,0.176296666264534,0.5802469135802469,1.0,0.254568487405777,0.35379454493522644,,cfg02_G2_D32,0.9769684569910169,cuda
evaluation,3766,2281,Warm C,0.5788760781288147,0.18071161210536957,0.5555555555555556,1.0,0.4358291029930115,0.1904786378145218,,cfg02_G2_D32,0.9769684569910169,cuda
evaluation,3767,2282,Cold,0.5600375533103943,0.1743871420621872,0.5061728395061729,1.0,0.0,0.0,,cfg02_G2_D32,0.9769684569910169,cuda
evaluation,3767,2282,Warm A,0.5621068477630615,0.1775764673948288,0.5061728395061729,1.0,0.22487279772758484,0.5840418934822083,,cfg02_G2_D32,0.9769684569910169,cuda
evaluation,3767,2282,Warm B,0.5693239569664001,0.17819182574748993,0.5308641975308642,1.0,0.27462634444236755,0.37092655897140503,,cfg02_G2_D32,0.9769684569910169,cuda
evaluation,3767,2282,Warm C,0.5776143670082092,0.17837947607040405,0.5802469135802469,1.0,0.26925310492515564,0.26146411895751953,,cfg02_G2_D32,0.9769684569910169,cuda
evaluation,3768,2283,Cold,0.5595927834510803,0.1737859845161438,0.5061728395061729,1.0,0.0,0.0,,cfg02_G2_D32,0.9769684569910169,cuda
evaluation,3768,2283,Warm A,0.5616267919540405,0.17652538418769836,0.5555555555555556,1.0,0.22689373791217804,0.5961872935295105,,cfg02_G2_D32,0.9769684569910169,cuda
evaluation,3768,2283,Warm B,0.5689478516578674,0.1788291484117508,0.5802469135802469,1.0,0.3542260527610779,0.32294031977653503,,cfg02_G2_D32,0.9769684569910169,cuda
evaluation,3768,2283,Warm C,0.575158953666687,0.17833544313907623,0.5802469135802469,1.0,0.40999844670295715,0.22760482132434845,,cfg02_G2_D32,0.9769684569910169,cuda
evaluation,3769,2284,Cold,0.5607848167419434,0.17525048553943634,0.5308641975308642,1.0,0.0,0.0,,cfg02_G2_D32,0.9769684569910169,cuda
evaluation,3769,2284,Warm A,0.5560253858566284,0.1778699904680252,0.48148148148148145,1.0,0.22997480630874634,0.6658450365066528,,cfg02_G2_D32,0.9769684569910169,cuda
evaluation,3769,2284,Warm B,0.5547719597816467,0.17838917672634125,0.4567901234567901,1.0,0.36429691314697266,0.620978057384491,,cfg02_G2_D32,0.9769684569910169,cuda
evaluation,3769,2284,Warm C,0.5560985803604126,0.17602647840976715,0.4567901234567901,1.0,0.2739012837409973,0.5756138563156128,,cfg02_G2_D32,0.9769684569910169,cuda
evaluation,3771,2286,Cold,0.5629130601882935,0.17168794572353363,0.5555555555555556,1.0,0.0,0.0,,cfg02_G2_D32,0.9769684569910169,cuda
evaluation,3771,2286,Warm A,0.5683329105377197,0.17325377464294434,0.48148148148148145,1.0,0.20555728673934937,0.4825111925601959,,cfg02_G2_D32,0.9769684569910169,cuda
evaluation,3771,2286,Warm B,0.5564311742782593,0.17435002326965332,0.4567901234567901,1.0,0.3091774582862854,0.7368659973144531,,cfg02_G2_D32,0.9769684569910169,cuda
evaluation,3771,2286,Warm C,0.5569389462471008,0.17510241270065308,0.48148148148148145,1.0,0.4437362551689148,0.5888263583183289,,cfg02_G2_D32,0.9769684569910169,cuda
evaluation,3773,2287,Cold,0.5524570941925049,0.1793712079524994,0.5061728395061729,1.0,0.0,0.0,,cfg02_G2_D32,0.9769684569910169,cuda
evaluation,3773,2287,Warm A,0.5556771755218506,0.1820719838142395,0.48148148148148145,1.0,0.23059174418449402,0.6714847683906555,,cfg02_G2_D32,0.9769684569910169,cuda
evaluation,3773,2287,Warm B,0.5616593360900879,0.18666131794452667,0.5061728395061729,1.0,0.42205965518951416,0.4598768353462219,,cfg02_G2_D32,0.9769684569910169,cuda
evaluation,3773,2287,Warm C,0.5670395493507385,0.1882242113351822,0.5061728395061729,1.0,0.5400859117507935,0.26863694190979004,,cfg02_G2_D32,0.9769684569910169,cuda
evaluation,3774,2288,Cold,0.553436279296875,0.17945072054862976,0.5061728395061729,1.0,0.0,0.0,,cfg02_G2_D32,0.9769684569910169,cuda
evaluation,3774,2288,Warm A,0.5577313899993896,0.1822792887687683,0.48148148148148145,1.0,0.2248389571905136,0.5638843774795532,,cfg02_G2_D32,0.9769684569910169,cuda
evaluation,3774,2288,Warm B,0.5645149350166321,0.18512918055057526,0.5308641975308642,1.0,0.384182333946228,0.3198738992214203,,cfg02_G2_D32,0.9769684569910169,cuda
evaluation,3774,2288,Warm C,0.5746981501579285,0.18422797322273254,0.5555555555555556,1.0,0.31715062260627747,0.15875199437141418,,cfg02_G2_D32,0.9769684569910169,cuda
evaluation,3784,2290,Cold,0.5518852472305298,0.17985422909259796,0.5061728395061729,1.0,0.0,0.0,,cfg02_G2_D32,0.9769684569910169,cuda
evaluation,3784,2290,Warm A,0.5605947971343994,0.18051500618457794,0.5061728395061729,1.0,0.21800006926059723,0.5100921988487244,,cfg02_G2_D32,0.9769684569910169,cuda
evaluation,3784,2290,Warm B,0.5587103366851807,0.18061228096485138,0.5061728395061729,1.0,0.34924784302711487,0.6468011736869812,,cfg02_G2_D32,0.9769684569910169,cuda
evaluation,3784,2290,Warm C,0.5489374995231628,0.18044652044773102,0.48148148148148145,1.0,0.3599494397640228,0.6603301167488098,,cfg02_G2_D32,0.9769684569910169,cuda
evaluation,3786,2292,Cold,0.5490029454231262,0.18021833896636963,0.5061728395061729,1.0,0.0,0.0,,cfg02_G2_D32,0.9769684569910169,cuda
evaluation,3786,2292,Warm A,0.5438024401664734,0.1818515509366989,0.48148148148148145,1.0,0.22701463103294373,0.6924394965171814,,cfg02_G2_D32,0.9769684569910169,cuda
evaluation,3786,2292,Warm B,0.5443796515464783,0.18336331844329834,0.48148148148148145,1.0,0.37512680888175964,0.7072540521621704,,cfg02_G2_D32,0.9769684569910169,cuda
evaluation,3786,2292,Warm C,0.5486370921134949,0.18587073683738708,0.48148148148148145,1.0,0.5435695052146912,0.6310396194458008,,cfg02_G2_D32,0.9769684569910169,cuda
evaluation,3787,2293,Cold,0.5494048595428467,0.18131865561008453,0.5308641975308642,1.0,0.0,0.0,,cfg02_G2_D32,0.9769684569910169,cuda
evaluation,3787,2293,Warm A,0.5403540134429932,0.1826963871717453,0.4567901234567901,1.0,0.22353535890579224,0.6915668845176697,,cfg02_G2_D32,0.9769684569910169,cuda
evaluation,3787,2293,Warm B,0.5370093584060669,0.185341477394104,0.4567901234567901,1.0,0.4025188982486725,0.6570102572441101,,cfg02_G2_D32,0.9769684569910169,cuda
evaluation,3787,2293,Warm C,0.5403867959976196,0.18368947505950928,0.4567901234567901,1.0,0.2730924189090729,0.3146643340587616,,cfg02_G2_D32,0.9769684569910169,cuda
evaluation,3789,2295,Cold,0.5704200863838196,0.17883752286434174,0.5061728395061729,1.0,0.0,0.0,,cfg02_G2_D32,0.9769684569910169,cuda
evaluation,3789,2295,Warm A,0.5734226703643799,0.17669729888439178,0.5061728395061729,1.0,0.23674574494361877,0.3396148383617401,,cfg02_G2_D32,0.9769684569910169,cuda
evaluation,3789,2295,Warm B,0.5740094780921936,0.1746836155653,0.5061728395061729,1.0,0.4738418459892273,0.16921409964561462,,cfg02_G2_D32,0.9769684569910169,cuda
evaluation,3789,2295,Warm C,0.574371337890625,0.1739036738872528,0.5308641975308642,1.0,0.3975200653076172,0.2988584339618683,,cfg02_G2_D32,0.9769684569910169,cuda
evaluation,3792,2297,Cold,0.5741904377937317,0.18057623505592346,0.5308641975308642,1.0,0.0,0.0,,cfg02_G2_D32,0.9769684569910169,cuda
evaluation,3792,2297,Warm A,0.5751914978027344,0.182524636387825,0.5308641975308642,1.0,0.2175414115190506,0.5366076827049255,,cfg02_G2_D32,0.9769684569910169,cuda
evaluation,3792,2297,Warm B,0.5776782631874084,0.18613380193710327,0.5061728395061729,1.0,0.3252992033958435,0.5138242840766907,,cfg02_G2_D32,0.9769684569910169,cuda
evaluation,3792,2297,Warm C,0.5737736821174622,0.18659591674804688,0.5061728395061729,1.0,0.3756479322910309,0.6956941485404968,,cfg02_G2_D32,0.9769684569910169,cuda
evaluation,3794,2299,Cold,0.5514037609100342,0.1809699982404709,0.5061728395061729,1.0,0.0,0.0,,cfg02_G2_D32,0.9769684569910169,cuda
evaluation,3794,2299,Warm A,0.5540995597839355,0.18254923820495605,0.48148148148148145,1.0,0.21682828664779663,0.6630690693855286,,cfg02_G2_D32,0.9769684569910169,cuda
evaluation,3794,2299,Warm B,0.5442755222320557,0.18239423632621765,0.5061728395061729,1.0,0.35170310735702515,0.7085036039352417,,cfg02_G2_D32,0.9769684569910169,cuda
evaluation,3794,2299,Warm C,0.5491011142730713,0.1813575178384781,0.5308641975308642,1.0,0.25437161326408386,0.5570671558380127,,cfg02_G2_D32,0.9769684569910169,cuda
evaluation,3795,2300,Cold,0.5547268390655518,0.1771542727947235,0.5061728395061729,1.0,0.0,0.0,,cfg02_G2_D32,0.9769684569910169,cuda
evaluation,3795,2300,Warm A,0.555811882019043,0.17854787409305573,0.5061728395061729,1.0,0.2020587921142578,0.6161778569221497,,cfg02_G2_D32,0.9769684569910169,cuda
evaluation,3795,2300,Warm B,0.5516172051429749,0.1790490448474884,0.5308641975308642,1.0,0.30338573455810547,0.6676661372184753,,cfg02_G2_D32,0.9769684569910169,cuda
evaluation,3795,2300,Warm C,0.5499911904335022,0.18212224543094635,0.48148148148148145,1.0,0.4443678557872772,0.6999139189720154,,cfg02_G2_D32,0.9769684569910169,cuda
evaluation,3799,2302,Cold,0.5517285466194153,0.17468629777431488,0.5061728395061729,1.0,0.0,0.0,,cfg02_G2_D32,0.9769684569910169,cuda
evaluation,3799,2302,Warm A,0.5584302544593811,0.17649966478347778,0.5061728395061729,1.0,0.2243283987045288,0.46515390276908875,,cfg02_G2_D32,0.9769684569910169,cuda
evaluation,3799,2302,Warm B,0.5693341493606567,0.17656289041042328,0.5308641975308642,1.0,0.31528544425964355,0.17201875150203705,,cfg02_G2_D32,0.9769684569910169,cuda
evaluation,3799,2302,Warm C,0.5631100535392761,0.17845208942890167,0.5308641975308642,1.0,0.35931792855262756,0.43030014634132385,,cfg02_G2_D32,0.9769684569910169,cuda
evaluation,3801,2303,Cold,0.5712502002716064,0.17772093415260315,0.48148148148148145,1.0,0.0,0.0,,cfg02_G2_D32,0.9769684569910169,cuda
evaluation,3801,2303,Warm A,0.5708774328231812,0.17571426928043365,0.5061728395061729,1.0,0.21480952203273773,0.4169858396053314,,cfg02_G2_D32,0.9769684569910169,cuda
evaluation,3801,2303,Warm B,0.5710030198097229,0.17339499294757843,0.5061728395061729,1.0,0.3817744553089142,0.2770957052707672,,cfg02_G2_D32,0.9769684569910169,cuda
evaluation,3801,2303,Warm C,0.571759819984436,0.174406960606575,0.5061728395061729,1.0,0.4399225115776062,0.2696087956428528,,cfg02_G2_D32,0.9769684569910169,cuda
evaluation,3807,2305,Cold,0.5604926943778992,0.17348341643810272,0.5061728395061729,1.0,0.0,0.0,,cfg02_G2_D32,0.9769684569910169,cuda
evaluation,3807,2305,Warm A,0.5635067224502563,0.1745237112045288,0.48148148148148145,1.0,0.2020854353904724,0.5737784504890442,,cfg02_G2_D32,0.9769684569910169,cuda
evaluation,3807,2305,Warm B,0.5637202262878418,0.1741570383310318,0.48148148148148145,1.0,0.19040532410144806,0.5302813649177551,,cfg02_G2_D32,0.9769684569910169,cuda
evaluation,3807,2305,Warm C,0.5622545480728149,0.1749974489212036,0.48148148148148145,1.0,0.31145158410072327,0.5373809933662415,,cfg02_G2_D32,0.9769684569910169,cuda
evaluation,3810,2307,Cold,0.5585834383964539,0.17518649995326996,0.5061728395061729,1.0,0.0,0.0,,cfg02_G2_D32,0.9769684569910169,cuda
evaluation,3810,2307,Warm A,0.5621975064277649,0.17785713076591492,0.5061728395061729,1.0,0.22145071625709534,0.6231207251548767,,cfg02_G2_D32,0.9769684569910169,cuda
evaluation,3810,2307,Warm B,0.5650377869606018,0.18193992972373962,0.5061728395061729,1.0,0.39206042885780334,0.6297241449356079,,cfg02_G2_D32,0.9769684569910169,cuda
evaluation,3810,2307,Warm C,0.5660228133201599,0.17966794967651367,0.5061728395061729,1.0,0.2993122935295105,0.5242727398872375,,cfg02_G2_D32,0.9769684569910169,cuda
evaluation,3813,2310,Cold,0.5644441246986389,0.1774722784757614,0.5308641975308642,1.0,0.0,0.0,,cfg02_G2_D32,0.9769684569910169,cuda
evaluation,3813,2310,Warm A,0.563309371471405,0.180415540933609,0.5061728395061729,1.0,0.2317562699317932,0.6591930985450745,,cfg02_G2_D32,0.9769684569910169,cuda
evaluation,3813,2310,Warm B,0.5659806132316589,0.18397879600524902,0.5061728395061729,1.0,0.38626158237457275,0.5175877213478088,,cfg02_G2_D32,0.9769684569910169,cuda
evaluation,3813,2310,Warm C,0.5653761029243469,0.18095184862613678,0.5061728395061729,1.0,0.2196279913187027,0.4982016980648041,,cfg02_G2_D32,0.9769684569910169,cuda
evaluation,3822,2314,Cold,0.5547266602516174,0.1749766618013382,0.5061728395061729,1.0,0.0,0.0,,cfg02_G2_D32,0.9769684569910169,cuda
evaluation,3822,2314,Warm A,0.5476194024085999,0.17587056756019592,0.48148148148148145,1.0,0.23182635009288788,0.6753296852111816,,cfg02_G2_D32,0.9769684569910169,cuda
evaluation,3822,2314,Warm B,0.5474726557731628,0.17552052438259125,0.5308641975308642,1.0,0.3881221413612366,0.4951675534248352,,cfg02_G2_D32,0.9769684569910169,cuda
evaluation,3822,2314,Warm C,0.5439004898071289,0.17636559903621674,0.5061728395061729,1.0,0.4113483130931854,0.6675853729248047,,cfg02_G2_D32,0.9769684569910169,cuda
evaluation,3823,2315,Cold,0.5562260746955872,0.1759984940290451,0.5061728395061729,1.0,0.0,0.0,,cfg02_G2_D32,0.9769684569910169,cuda
evaluation,3823,2315,Warm A,0.5556439757347107,0.17490898072719574,0.5061728395061729,1.0,0.22687646746635437,0.46222612261772156,,cfg02_G2_D32,0.9769684569910169,cuda
evaluation,3823,2315,Warm B,0.5563905239105225,0.17547741532325745,0.5061728395061729,1.0,0.3551861345767975,0.5293919444084167,,cfg02_G2_D32,0.9769684569910169,cuda
evaluation,3823,2315,Warm C,0.5590524673461914,0.17575034499168396,0.5061728395061729,1.0,0.5488925576210022,0.5432035326957703,,cfg02_G2_D32,0.9769684569910169,cuda
evaluation,3824,2316,Cold,0.5541956424713135,0.17545346915721893,0.5061728395061729,1.0,0.0,0.0,,cfg02_G2_D32,0.9769684569910169,cuda
evaluation,3824,2316,Warm A,0.5587189793586731,0.17669826745986938,0.48148148148148145,1.0,0.21221940219402313,0.5339875817298889,,cfg02_G2_D32,0.9769684569910169,cuda
evaluation,3824,2316,Warm B,0.5638264417648315,0.1788589507341385,0.5061728395061729,1.0,0.3906613886356354,0.465975284576416,,cfg02_G2_D32,0.9769684569910169,cuda
evaluation,3824,2316,Warm C,0.5683568120002747,0.18117016553878784,0.5061728395061729,1.0,0.45377668738365173,0.34924283623695374,,cfg02_G2_D32,0.9769684569910169,cuda
evaluation,3831,2320,Cold,0.5479164719581604,0.18243730068206787,0.5061728395061729,1.0,0.0,0.0,,cfg02_G2_D32,0.9769684569910169,cuda
evaluation,3831,2320,Warm A,0.5524949431419373,0.18122565746307373,0.5308641975308642,1.0,0.22742189466953278,0.49306756258010864,,cfg02_G2_D32,0.9769684569910169,cuda
evaluation,3831,2320,Warm B,0.5508630871772766,0.18024951219558716,0.5308641975308642,1.0,0.4382348656654358,0.2716606557369232,,cfg02_G2_D32,0.9769684569910169,cuda
evaluation,3831,2320,Warm C,0.5561120510101318,0.179103821516037,0.5308641975308642,1.0,0.46679726243019104,0.4539000689983368,,cfg02_G2_D32,0.9769684569910169,cuda
evaluation,3834,2321,Cold,0.5619592070579529,0.17385220527648926,0.5308641975308642,1.0,0.0,0.0,,cfg02_G2_D32,0.9769684569910169,cuda
evaluation,3834,2321,Warm A,0.5630066394805908,0.17555920779705048,0.48148148148148145,1.0,0.21849551796913147,0.5564218759536743,,cfg02_G2_D32,0.9769684569910169,cuda
evaluation,3834,2321,Warm B,0.5654198527336121,0.17960701882839203,0.5308641975308642,1.0,0.42566609382629395,0.4823002815246582,,cfg02_G2_D32,0.9769684569910169,cuda
evaluation,3834,2321,Warm C,0.560101330280304,0.17812487483024597,0.5061728395061729,1.0,0.3548487722873688,0.49259549379348755,,cfg02_G2_D32,0.9769684569910169,cuda
evaluation,3835,2322,Cold,0.5575627684593201,0.17752580344676971,0.5061728395061729,1.0,0.0,0.0,,cfg02_G2_D32,0.9769684569910169,cuda
evaluation,3835,2322,Warm A,0.5640075206756592,0.17909549176692963,0.5061728395061729,1.0,0.204519584774971,0.4935325086116791,,cfg02_G2_D32,0.9769684569910169,cuda
evaluation,3835,2322,Warm B,0.5682089328765869,0.17791056632995605,0.5061728395061729,1.0,0.2964525818824768,0.4443082809448242,,cfg02_G2_D32,0.9769684569910169,cuda
evaluation,3835,2322,Warm C,0.5672088265419006,0.17732179164886475,0.5061728395061729,1.0,0.3837597072124481,0.47720661759376526,,cfg02_G2_D32,0.9769684569910169,cuda
evaluation,3837,2324,Cold,0.5591557025909424,0.17289593815803528,0.5061728395061729,1.0,0.0,0.0,,cfg02_G2_D32,0.9769684569910169,cuda
evaluation,3837,2324,Warm A,0.5667775273323059,0.17217962443828583,0.5802469135802469,1.0,0.20898987352848053,0.4631459414958954,,cfg02_G2_D32,0.9769684569910169,cuda
evaluation,3837,2324,Warm B,0.5752575993537903,0.17096033692359924,0.6049382716049383,1.0,0.42903468012809753,0.33792686462402344,,cfg02_G2_D32,0.9769684569910169,cuda
evaluation,3837,2324,Warm C,0.5647107362747192,0.17200513184070587,0.5555555555555556,1.0,0.23078066110610962,0.6173688769340515,,cfg02_G2_D32,0.9769684569910169,cuda
evaluation,3840,2325,Cold,0.5559769868850708,0.17518644034862518,0.5061728395061729,1.0,0.0,0.0,,cfg02_G2_D32,0.9769684569910169,cuda
evaluation,3840,2325,Warm A,0.5668553709983826,0.17537547647953033,0.5308641975308642,1.0,0.20949232578277588,0.40922704339027405,,cfg02_G2_D32,0.9769684569910169,cuda
evaluation,3840,2325,Warm B,0.5681054592132568,0.17874254286289215,0.5308641975308642,1.0,0.3210920989513397,0.5848098397254944,,cfg02_G2_D32,0.9769684569910169,cuda
evaluation,3840,2325,Warm C,0.5643087029457092,0.18057268857955933,0.5308641975308642,1.0,0.4622150659561157,0.43546056747436523,,cfg02_G2_D32,0.9769684569910169,cuda
evaluation,3846,2328,Cold,0.5591091513633728,0.1759231686592102,0.48148148148148145,1.0,0.0,0.0,,cfg02_G2_D32,0.9769684569910169,cuda
evaluation,3846,2328,Warm A,0.5626744031906128,0.17737777531147003,0.5308641975308642,1.0,0.2187877893447876,0.5941373705863953,,cfg02_G2_D32,0.9769684569910169,cuda
evaluation,3846,2328,Warm B,0.5715792775154114,0.17760470509529114,0.5555555555555556,1.0,0.27983343601226807,0.3794120252132416,,cfg02_G2_D32,0.9769684569910169,cuda
evaluation,3846,2328,Warm C,0.559039294719696,0.17744338512420654,0.5061728395061729,1.0,0.3555351495742798,0.6864477396011353,,cfg02_G2_D32,0.9769684569910169,cuda
evaluation,3858,2330,Cold,0.5490817427635193,0.18262344598770142,0.5308641975308642,1.0,0.0,0.0,,cfg02_G2_D32,0.9769684569910169,cuda
evaluation,3858,2330,Warm A,0.5478609204292297,0.18322525918483734,0.5061728395061729,1.0,0.22519414126873016,0.5438679456710815,,cfg02_G2_D32,0.9769684569910169,cuda
evaluation,3858,2330,Warm B,0.5546091794967651,0.18164539337158203,0.5308641975308642,1.0,0.31662219762802124,0.5578030943870544,,cfg02_G2_D32,0.9769684569910169,cuda
evaluation,3858,2330,Warm C,0.5606138110160828,0.18214769661426544,0.5308641975308642,1.0,0.3385394811630249,0.527165412902832,,cfg02_G2_D32,0.9769684569910169,cuda
evaluation,3859,2331,Cold,0.5539724826812744,0.17573469877243042,0.5061728395061729,1.0,0.0,0.0,,cfg02_G2_D32,0.9769684569910169,cuda
evaluation,3859,2331,Warm A,0.5526350736618042,0.17470787465572357,0.5555555555555556,1.0,0.21544915437698364,0.4519338607788086,,cfg02_G2_D32,0.9769684569910169,cuda
evaluation,3859,2331,Warm B,0.5540159940719604,0.17510627210140228,0.5061728395061729,1.0,0.1889757513999939,0.48450538516044617,,cfg02_G2_D32,0.9769684569910169,cuda
evaluation,3859,2331,Warm C,0.5553722381591797,0.17296235263347626,0.5555555555555556,1.0,0.28547871112823486,0.5018815398216248,,cfg02_G2_D32,0.9769684569910169,cuda
evaluation,3864,2334,Cold,0.5523545742034912,0.17545387148857117,0.5308641975308642,1.0,0.0,0.0,,cfg02_G2_D32,0.9769684569910169,cuda
evaluation,3864,2334,Warm A,0.5412630438804626,0.1779581606388092,0.48148148148148145,1.0,0.24113990366458893,0.7825900316238403,,cfg02_G2_D32,0.9769684569910169,cuda
evaluation,3864,2334,Warm B,0.5491035580635071,0.17702607810497284,0.5061728395061729,1.0,0.19071534276008606,0.45668908953666687,,cfg02_G2_D32,0.9769684569910169,cuda
evaluation,3864,2334,Warm C,0.5474030375480652,0.17942172288894653,0.5061728395061729,1.0,0.3031475841999054,0.6888973116874695,,cfg02_G2_D32,0.9769684569910169,cuda
evaluation,3865,2335,Cold,0.5509276390075684,0.17844218015670776,0.5061728395061729,1.0,0.0,0.0,,cfg02_G2_D32,0.9769684569910169,cuda
evaluation,3865,2335,Warm A,0.5561915040016174,0.1802615225315094,0.48148148148148145,1.0,0.2164841741323471,0.6414709091186523,,cfg02_G2_D32,0.9769684569910169,cuda
evaluation,3865,2335,Warm B,0.5464402437210083,0.1804124265909195,0.5308641975308642,1.0,0.3338634967803955,0.7375519871711731,,cfg02_G2_D32,0.9769684569910169,cuda
evaluation,3865,2335,Warm C,0.5411596298217773,0.1820625364780426,0.48148148148148145,1.0,0.5077837705612183,0.6750308871269226,,cfg02_G2_D32,0.9769684569910169,cuda
evaluation,3872,2339,Cold,0.5735557675361633,0.17912140488624573,0.5061728395061729,1.0,0.0,0.0,,cfg02_G2_D32,0.9769684569910169,cuda
evaluation,3872,2339,Warm A,0.5777198076248169,0.17739377915859222,0.5802469135802469,1.0,0.19259710609912872,0.4927428364753723,,cfg02_G2_D32,0.9769684569910169,cuda
evaluation,3872,2339,Warm B,0.5728670954704285,0.17677603662014008,0.48148148148148145,1.0,0.22233127057552338,0.6230095624923706,,cfg02_G2_D32,0.9769684569910169,cuda
evaluation,3872,2339,Warm C,0.5722525119781494,0.1779308021068573,0.48148148148148145,1.0,0.22430670261383057,0.4342670142650604,,cfg02_G2_D32,0.9769684569910169,cuda
evaluation,3877,2341,Cold,0.5578014254570007,0.1740981787443161,0.5061728395061729,1.0,0.0,0.0,,cfg02_G2_D32,0.9769684569910169,cuda
evaluation,3877,2341,Warm A,0.5617684125900269,0.1761423498392105,0.5308641975308642,1.0,0.2278931587934494,0.4786297380924225,,cfg02_G2_D32,0.9769684569910169,cuda
evaluation,3877,2341,Warm B,0.5697920918464661,0.17847050726413727,0.5308641975308642,1.0,0.39299991726875305,0.15351498126983643,,cfg02_G2_D32,0.9769684569910169,cuda
evaluation,3877,2341,Warm C,0.5774627327919006,0.18105025589466095,0.5555555555555556,1.0,0.5764491558074951,0.07574941962957382,,cfg02_G2_D32,0.9769684569910169,cuda
evaluation,3879,2342,Cold,0.5523207783699036,0.1763351559638977,0.5308641975308642,1.0,0.0,0.0,,cfg02_G2_D32,0.9769684569910169,cuda
evaluation,3879,2342,Warm A,0.5485722422599792,0.17633137106895447,0.48148148148148145,1.0,0.21378737688064575,0.552595317363739,,cfg02_G2_D32,0.9769684569910169,cuda
evaluation,3879,2342,Warm B,0.5536124110221863,0.17577233910560608,0.5061728395061729,1.0,0.1905144304037094,0.5451405644416809,,cfg02_G2_D32,0.9769684569910169,cuda
evaluation,3879,2342,Warm C,0.558809757232666,0.17764775454998016,0.5061728395061729,1.0,0.2857910990715027,0.5193874835968018,,cfg02_G2_D32,0.9769684569910169,cuda
evaluation,3889,2344,Cold,0.5511024594306946,0.17635369300842285,0.5308641975308642,1.0,0.0,0.0,,cfg02_G2_D32,0.9769684569910169,cuda
evaluation,3889,2344,Warm A,0.5569154620170593,0.17758029699325562,0.5061728395061729,1.0,0.23285801708698273,0.5715060234069824,,cfg02_G2_D32,0.9769684569910169,cuda
evaluation,3889,2344,Warm B,0.560330867767334,0.17768371105194092,0.5061728395061729,1.0,0.34143537282943726,0.5355252623558044,,cfg02_G2_D32,0.9769684569910169,cuda
evaluation,3889,2344,Warm C,0.5690320134162903,0.17854589223861694,0.5555555555555556,1.0,0.490341454744339,0.33173081278800964,,cfg02_G2_D32,0.9769684569910169,cuda
evaluation,3895,2346,Cold,0.5526512861251831,0.17842182517051697,0.5308641975308642,1.0,0.0,0.0,,cfg02_G2_D32,0.9769684569910169,cuda
evaluation,3895,2346,Warm A,0.5566636919975281,0.18039806187152863,0.48148148148148145,1.0,0.22461889684200287,0.658245861530304,,cfg02_G2_D32,0.9769684569910169,cuda
evaluation,3895,2346,Warm B,0.5634403824806213,0.18358369171619415,0.5061728395061729,1.0,0.40272560715675354,0.2689944803714752,,cfg02_G2_D32,0.9769684569910169,cuda
evaluation,3895,2346,Warm C,0.5699968934059143,0.18742945790290833,0.5555555555555556,1.0,0.5637153387069702,0.19375211000442505,,cfg02_G2_D32,0.9769684569910169,cuda
evaluation,3896,2347,Cold,0.5537441968917847,0.1758686602115631,0.5308641975308642,1.0,0.0,0.0,,cfg02_G2_D32,0.9769684569910169,cuda
evaluation,3896,2347,Warm A,0.5493180751800537,0.1765655279159546,0.5308641975308642,1.0,0.19582600891590118,0.6158947944641113,,cfg02_G2_D32,0.9769684569910169,cuda
evaluation,3896,2347,Warm B,0.5503386855125427,0.17831970751285553,0.5308641975308642,1.0,0.35255762934684753,0.8365362286567688,,cfg02_G2_D32,0.9769684569910169,cuda
evaluation,3896,2347,Warm C,0.5414473414421082,0.17936326563358307,0.5061728395061729,1.0,0.4849463403224945,0.5740802884101868,,cfg02_G2_D32,0.9769684569910169,cuda
evaluation,3901,2349,Cold,0.5514616966247559,0.18091824650764465,0.5061728395061729,1.0,0.0,0.0,,cfg02_G2_D32,0.9769684569910169,cuda
evaluation,3901,2349,Warm A,0.5611804723739624,0.1814829409122467,0.5061728395061729,1.0,0.21881750226020813,0.40515971183776855,,cfg02_G2_D32,0.9769684569910169,cuda
evaluation,3901,2349,Warm B,0.5664403438568115,0.18434451520442963,0.5061728395061729,1.0,0.3159746527671814,0.508660614490509,,cfg02_G2_D32,0.9769684569910169,cuda
evaluation,3901,2349,Warm C,0.5665428638458252,0.18690438568592072,0.5061728395061729,1.0,0.4020969867706299,0.42023858428001404,,cfg02_G2_D32,0.9769684569910169,cuda
evaluation,3908,2350,Cold,0.5546727776527405,0.175496906042099,0.5061728395061729,1.0,0.0,0.0,,cfg02_G2_D32,0.9769684569910169,cuda
evaluation,3908,2350,Warm A,0.5681739449501038,0.17414115369319916,0.5802469135802469,1.0,0.2402496337890625,0.2192375659942627,,cfg02_G2_D32,0.9769684569910169,cuda
evaluation,3908,2350,Warm B,0.5689844489097595,0.17402850091457367,0.5555555555555556,1.0,0.3949955701828003,0.33025309443473816,,cfg02_G2_D32,0.9769684569910169,cuda
evaluation,3908,2350,Warm C,0.5666521191596985,0.17351305484771729,0.5555555555555556,1.0,0.3244835436344147,0.3948287069797516,,cfg02_G2_D32,0.9769684569910169,cuda
evaluation,3909,2351,Cold,0.552734911441803,0.17551903426647186,0.5061728395061729,1.0,0.0,0.0,,cfg02_G2_D32,0.9769684569910169,cuda
evaluation,3909,2351,Warm A,0.5607457160949707,0.17635200917720795,0.5061728395061729,1.0,0.19755415618419647,0.360441654920578,,cfg02_G2_D32,0.9769684569910169,cuda
evaluation,3909,2351,Warm B,0.5589540004730225,0.1781378984451294,0.5061728395061729,1.0,0.37314173579216003,0.5232912302017212,,cfg02_G2_D32,0.9769684569910169,cuda
evaluation,3909,2351,Warm C,0.5545974373817444,0.17786265909671783,0.48148148148148145,1.0,0.43244487047195435,0.5464815497398376,,cfg02_G2_D32,0.9769684569910169,cuda
evaluation,3914,2353,Cold,0.5566032528877258,0.1765269786119461,0.5061728395061729,1.0,0.0,0.0,,cfg02_G2_D32,0.9769684569910169,cuda
evaluation,3914,2353,Warm A,0.5487898588180542,0.17713676393032074,0.48148148148148145,1.0,0.21970193088054657,0.6155540347099304,,cfg02_G2_D32,0.9769684569910169,cuda
evaluation,3914,2353,Warm B,0.5533100366592407,0.17769594490528107,0.5061728395061729,1.0,0.250257670879364,0.6282214522361755,,cfg02_G2_D32,0.9769684569910169,cuda
evaluation,3914,2353,Warm C,0.5480425357818604,0.1764986664056778,0.48148148148148145,1.0,0.2975664734840393,0.5816823244094849,,cfg02_G2_D32,0.9769684569910169,cuda
evaluation,3915,2354,Cold,0.554169237613678,0.17942769825458527,0.5061728395061729,1.0,0.0,0.0,,cfg02_G2_D32,0.9769684569910169,cuda
evaluation,3915,2354,Warm A,0.5557774305343628,0.1804915815591812,0.48148148148148145,1.0,0.21463538706302643,0.6175974011421204,,cfg02_G2_D32,0.9769684569910169,cuda
evaluation,3915,2354,Warm B,0.5481259226799011,0.18235711753368378,0.5061728395061729,1.0,0.31962674856185913,0.7099875211715698,,cfg02_G2_D32,0.9769684569910169,cuda
evaluation,3915,2354,Warm C,0.5531533360481262,0.18072867393493652,0.5061728395061729,1.0,0.2558046281337738,0.4686712920665741,,cfg02_G2_D32,0.9769684569910169,cuda
evaluation,3918,2357,Cold,0.5582550168037415,0.17439262568950653,0.5061728395061729,1.0,0.0,0.0,,cfg02_G2_D32,0.9769684569910169,cuda
evaluation,3918,2357,Warm A,0.5647552609443665,0.17351147532463074,0.5555555555555556,1.0,0.19656890630722046,0.5186797976493835,,cfg02_G2_D32,0.9769684569910169,cuda
evaluation,3918,2357,Warm B,0.557964563369751,0.175067737698555,0.5555555555555556,1.0,0.2653449475765228,0.5440225601196289,,cfg02_G2_D32,0.9769684569910169,cuda
evaluation,3918,2357,Warm C,0.5567978024482727,0.17668944597244263,0.5061728395061729,1.0,0.4153991937637329,0.6422443389892578,,cfg02_G2_D32,0.9769684569910169,cuda
evaluation,3919,2358,Cold,0.5577824711799622,0.17362166941165924,0.5061728395061729,1.0,0.0,0.0,,cfg02_G2_D32,0.9769684569910169,cuda
evaluation,3919,2358,Warm A,0.5672699809074402,0.17250166833400726,0.5802469135802469,1.0,0.2038881629705429,0.364753782749176,,cfg02_G2_D32,0.9769684569910169,cuda
evaluation,3919,2358,Warm B,0.5755434632301331,0.17162536084651947,0.5802469135802469,1.0,0.3666355013847351,0.20011670887470245,,cfg02_G2_D32,0.9769684569910169,cuda
evaluation,3919,2358,Warm C,0.5848403573036194,0.17027170956134796,0.6296296296296297,1.0,0.5816560983657837,0.10163889080286026,,cfg02_G2_D32,0.9769684569910169,cuda
evaluation,3920,2359,Cold,0.5556976795196533,0.17588156461715698,0.5061728395061729,1.0,0.0,0.0,,cfg02_G2_D32,0.9769684569910169,cuda
evaluation,3920,2359,Warm A,0.5439909100532532,0.1771937608718872,0.43209876543209874,1.0,0.23221367597579956,0.6653071641921997,,cfg02_G2_D32,0.9769684569910169,cuda
evaluation,3920,2359,Warm B,0.5430334806442261,0.1786320060491562,0.43209876543209874,1.0,0.41361773014068604,0.6798178553581238,,cfg02_G2_D32,0.9769684569910169,cuda
evaluation,3920,2359,Warm C,0.5387063026428223,0.1805698126554489,0.43209876543209874,1.0,0.5765072107315063,0.6913469433784485,,cfg02_G2_D32,0.9769684569910169,cuda
evaluation,3923,2360,Cold,0.569656252861023,0.17437362670898438,0.5061728395061729,1.0,0.0,0.0,,cfg02_G2_D32,0.9769684569910169,cuda
evaluation,3923,2360,Warm A,0.5727096796035767,0.17535363137722015,0.5308641975308642,1.0,0.21712961792945862,0.5038272738456726,,cfg02_G2_D32,0.9769684569910169,cuda
evaluation,3923,2360,Warm B,0.5757285952568054,0.17718757688999176,0.5802469135802469,1.0,0.3763512372970581,0.38205596804618835,,cfg02_G2_D32,0.9769684569910169,cuda
evaluation,3923,2360,Warm C,0.5750994086265564,0.17530839145183563,0.5308641975308642,1.0,0.28633931279182434,0.4219302237033844,,cfg02_G2_D32,0.9769684569910169,cuda
evaluation,3925,2361,Cold,0.5551903247833252,0.18023014068603516,0.48148148148148145,1.0,0.0,0.0,,cfg02_G2_D32,0.9769684569910169,cuda
evaluation,3925,2361,Warm A,0.5520601868629456,0.1778523027896881,0.5061728395061729,1.0,0.21839118003845215,0.42087456583976746,,cfg02_G2_D32,0.9769684569910169,cuda
evaluation,3925,2361,Warm B,0.5476667881011963,0.17885799705982208,0.5308641975308642,1.0,0.38801294565200806,0.43411922454833984,,cfg02_G2_D32,0.9769684569910169,cuda
evaluation,3925,2361,Warm C,0.54517662525177,0.18050669133663177,0.5061728395061729,1.0,0.34826600551605225,0.8504123687744141,,cfg02_G2_D32,0.9769684569910169,cuda
evaluation,3926,2362,Cold,0.5686420202255249,0.17299655079841614,0.5061728395061729,1.0,0.0,0.0,,cfg02_G2_D32,0.9769684569910169,cuda
evaluation,3926,2362,Warm A,0.5695468187332153,0.17511585354804993,0.5308641975308642,1.0,0.21593856811523438,0.6964254975318909,,cfg02_G2_D32,0.9769684569910169,cuda
evaluation,3926,2362,Warm B,0.5676448345184326,0.17778967320919037,0.5061728395061729,1.0,0.41730815172195435,0.6821144223213196,,cfg02_G2_D32,0.9769684569910169,cuda
evaluation,3926,2362,Warm C,0.5661925077438354,0.17574752867221832,0.5308641975308642,1.0,0.3704918324947357,0.6215119361877441,,cfg02_G2_D32,0.9769684569910169,cuda
evaluation,3929,2365,Cold,0.5741437673568726,0.18529397249221802,0.5061728395061729,1.0,0.0,0.0,,cfg02_G2_D32,0.9769684569910169,cuda
evaluation,3929,2365,Warm A,0.5778995752334595,0.18602000176906586,0.5308641975308642,1.0,0.18170301616191864,0.4531998634338379,,cfg02_G2_D32,0.9769684569910169,cuda
evaluation,3929,2365,Warm B,0.5778696537017822,0.18347112834453583,0.5308641975308642,1.0,0.3293749690055847,0.3708827495574951,,cfg02_G2_D32,0.9769684569910169,cuda
evaluation,3929,2365,Warm C,0.5740481615066528,0.18455372750759125,0.5308641975308642,1.0,0.17690883576869965,0.43803030252456665,,cfg02_G2_D32,0.9769684569910169,cuda
evaluation,3936,2368,Cold,0.5769221782684326,0.18472765386104584,0.5308641975308642,1.0,0.0,0.0,,cfg02_G2_D32,0.9769684569910169,cuda
evaluation,3936,2368,Warm A,0.581976056098938,0.18403461575508118,0.5555555555555556,1.0,0.21761156618595123,0.4509449005126953,,cfg02_G2_D32,0.9769684569910169,cuda
evaluation,3936,2368,Warm B,0.5801750421524048,0.18570254743099213,0.5555555555555556,1.0,0.14557065069675446,0.49977874755859375,,cfg02_G2_D32,0.9769684569910169,cuda
evaluation,3936,2368,Warm C,0.580197274684906,0.1888560950756073,0.5308641975308642,1.0,0.2931745946407318,0.6709200143814087,,cfg02_G2_D32,0.9769684569910169,cuda
evaluation,3937,2369,Cold,0.5615992546081543,0.17220699787139893,0.5308641975308642,1.0,0.0,0.0,,cfg02_G2_D32,0.9769684569910169,cuda
evaluation,3937,2369,Warm A,0.5694102644920349,0.17408931255340576,0.5555555555555556,1.0,0.22524356842041016,0.4758288562297821,,cfg02_G2_D32,0.9769684569910169,cuda
evaluation,3937,2369,Warm B,0.5735021233558655,0.17836377024650574,0.5555555555555556,1.0,0.3956066966056824,0.49421530961990356,,cfg02_G2_D32,0.9769684569910169,cuda
evaluation,3937,2369,Warm C,0.5678667426109314,0.17752042412757874,0.5308641975308642,1.0,0.3483635485172272,0.5297889709472656,,cfg02_G2_D32,0.9769684569910169,cuda
evaluation,3943,2370,Cold,0.5492108464241028,0.18253794312477112,0.5308641975308642,1.0,0.0,0.0,,cfg02_G2_D32,0.9769684569910169,cuda
evaluation,3943,2370,Warm A,0.5520392656326294,0.18492817878723145,0.5061728395061729,1.0,0.21989816427230835,0.6281946897506714,,cfg02_G2_D32,0.9769684569910169,cuda
evaluation,3943,2370,Warm B,0.5416860580444336,0.1867167204618454,0.48148148148148145,1.0,0.3737192451953888,0.6339823603630066,,cfg02_G2_D32,0.9769684569910169,cuda
evaluation,3943,2370,Warm C,0.5362780690193176,0.18762768805027008,0.48148148148148145,1.0,0.5052144527435303,0.6457292437553406,,cfg02_G2_D32,0.9769684569910169,cuda
evaluation,3946,2371,Cold,0.5536331534385681,0.17761406302452087,0.5061728395061729,1.0,0.0,0.0,,cfg02_G2_D32,0.9769684569910169,cuda
evaluation,3946,2371,Warm A,0.5570722222328186,0.17994990944862366,0.48148148148148145,1.0,0.21738341450691223,0.6671032309532166,,cfg02_G2_D32,0.9769684569910169,cuda
evaluation,3946,2371,Warm B,0.5674470067024231,0.17963173985481262,0.5308641975308642,1.0,0.2592758536338806,0.2815861403942108,,cfg02_G2_D32,0.9769684569910169,cuda
evaluation,3946,2371,Warm C,0.5566908121109009,0.18092107772827148,0.5061728395061729,1.0,0.36335882544517517,0.6069275736808777,,cfg02_G2_D32,0.9769684569910169,cuda
