item_idx,item_id,edge_logit_mean,edge_logit_std,edge_probability_mean,edge_probability_std,stage
1,2,0.009954801,0.3312856,0.5022179,0.08066908,tuning
2,3,0.002973224,0.3763834,0.50048184,0.09106766,tuning
5,6,-0.012532978,0.29229903,0.49690565,0.07169482,tuning
9,10,-0.004736408,0.28889272,0.49875414,0.07083868,tuning
15,16,0.0025838295,0.30651027,0.50050735,0.07494512,tuning
18,19,-0.0011152641,0.3980028,0.4994577,0.09595861,tuning
20,21,-0.026684778,0.35010847,0.49343076,0.08510378,tuning
21,22,0.0076959413,0.3146188,0.50167626,0.076818526,tuning
23,24,0.0025582504,0.3276898,0.5003919,0.07985109,tuning
24,25,-0.0049322266,0.33754274,0.49880055,0.08228179,tuning
28,29,-0.035922375,0.34349397,0.49138212,0.08379926,tuning
31,32,-0.0025387253,0.3423194,0.49932325,0.083386295,tuning
32,34,-0.054030593,0.38863492,0.48700047,0.09409574,tuning
34,36,0.008535288,0.3744047,0.5017605,0.09052982,tuning
35,39,-0.025257377,0.39766914,0.4937502,0.09607076,tuning
37,42,0.012422,0.328022,0.5027895,0.07985341,tuning
39,44,-0.0032231945,0.28894228,0.4991201,0.07082942,tuning
40,45,-0.048922434,0.4027935,0.48810795,0.097201645,tuning
42,47,-0.009738419,0.3328935,0.4976369,0.08119817,tuning
43,48,0.004207341,0.3140804,0.500851,0.076715626,tuning
44,50,-0.0028390135,0.34593314,0.49931002,0.08426311,tuning
45,52,-0.040388253,0.41977203,0.4902615,0.10103173,tuning
47,58,0.0069749528,0.3817039,0.501459,0.09229643,tuning
48,60,-0.025617817,0.32977563,0.4936773,0.08048578,tuning
50,62,0.01704166,0.32650906,0.5039255,0.079515696,tuning
55,69,-0.04730606,0.398222,0.48857456,0.09618321,tuning
56,70,-0.0186385,0.3204818,0.49538776,0.07829775,tuning
59,73,-0.00627095,0.3365435,0.49835047,0.08199419,tuning
66,86,-0.016723368,0.34325066,0.49576247,0.08352332,tuning
69,89,0.033235032,0.29933697,0.5079098,0.07311715,tuning
73,95,0.016355395,0.27753708,0.5038901,0.06807077,tuning
75,101,-0.052583307,0.4326373,0.48749745,0.10395882,tuning
77,105,-0.011559501,0.3622453,0.49701056,0.08789653,tuning
81,112,-0.02342409,0.313205,0.49421576,0.07659513,tuning
86,125,-0.029422104,0.43603143,0.49291605,0.104647964,tuning
91,141,-0.05062638,0.44321567,0.48766464,0.10609829,tuning
92,144,-0.055887554,0.4139616,0.48653397,0.09970222,tuning
93,145,-0.012049759,0.26023677,0.49695963,0.06404062,tuning
95,150,0.03399926,0.34573138,0.50794387,0.08387966,tuning
96,151,-0.017006865,0.35034814,0.4956883,0.08516014,tuning
98,153,0.018882902,0.33208165,0.5043504,0.08082568,tuning
106,161,0.0048065484,0.33720136,0.5009374,0.082054704,tuning
107,162,-0.033559415,0.3679523,0.49186468,0.08928576,tuning
109,164,-0.021103539,0.32597625,0.49476597,0.079557456,tuning
110,165,0.0027513553,0.29587162,0.5005756,0.0724964,tuning
112,168,0.015070549,0.32639912,0.5034188,0.07952172,tuning
114,170,0.017562171,0.29847655,0.50411654,0.073012404,tuning
116,172,0.017870491,0.28363582,0.50425035,0.069521666,tuning
119,175,-0.006830569,0.35918692,0.49813858,0.08716499,tuning
120,176,-0.0053311703,0.42962566,0.49852833,0.103139974,tuning
122,180,-0.017332815,0.3912707,0.49567,0.09453726,tuning
124,185,0.016906315,0.31789914,0.5039512,0.07756564,tuning
133,196,0.009972542,0.2987657,0.5022859,0.073084645,tuning
136,203,-0.011043776,0.4099511,0.49706158,0.09865767,tuning
137,204,0.006865265,0.2795127,0.5016118,0.0686003,tuning
140,207,0.008434867,0.3412438,0.50179046,0.082989365,tuning
141,208,-0.005238174,0.30163893,0.4986079,0.07386146,tuning
144,216,-0.000659453,0.40643254,0.49958882,0.09786239,tuning
147,222,-0.013770727,0.34809119,0.49646103,0.08461624,tuning
148,223,-0.021458887,0.42720467,0.49480242,0.10271938,tuning
149,224,-0.026927713,0.359924,0.49330118,0.087354824,tuning
150,225,0.016540416,0.3576379,0.50367695,0.08666019,tuning
153,230,-0.014466539,0.3614028,0.49626514,0.08767968,tuning
155,232,0.0076848916,0.41651034,0.50164413,0.10020679,tuning
156,233,-0.0056049502,0.3961336,0.49830422,0.09547603,tuning
158,235,-0.050780322,0.4168601,0.48782858,0.10033012,tuning
164,247,-0.017971376,0.34166825,0.49562857,0.08324329,tuning
166,249,-0.017945733,0.3508176,0.49556577,0.08527253,tuning
168,253,0.004124599,0.350593,0.50076395,0.08515816,tuning
170,256,0.005900606,0.37929052,0.5011581,0.09174232,tuning
174,260,0.0110429125,0.29892078,0.50245124,0.07316756,tuning
175,261,0.010036315,0.38538083,0.502013,0.09295736,tuning
177,265,-0.008647617,0.35460147,0.49763504,0.086052895,tuning
178,266,-0.012894381,0.3233813,0.49666923,0.07890775,tuning
182,272,-0.013762392,0.38304332,0.4964908,0.092640705,tuning
183,273,0.022105765,0.34680176,0.5050752,0.084236234,tuning
187,280,0.0007906829,0.34017283,0.50003165,0.08278948,tuning
189,282,0.009593472,0.3718513,0.5019758,0.089934275,tuning
190,288,-0.029761646,0.30441585,0.49267313,0.074584335,tuning
193,292,0.010409743,0.28816667,0.5024164,0.07058848,tuning
194,293,-0.015617854,0.361674,0.4961593,0.08783101,tuning
195,296,-0.02751625,0.3659168,0.49333653,0.08878562,tuning
199,303,-0.015218079,0.30739024,0.49612352,0.075214796,tuning
202,307,-0.028609905,0.3881606,0.4931228,0.09389357,tuning
203,308,-0.004120668,0.37849134,0.49882257,0.09156268,tuning
205,314,-0.016064191,0.37456873,0.49591637,0.09068446,tuning
207,316,-0.0035185842,0.30590743,0.49900258,0.0748072,tuning
208,317,-0.0045286845,0.3653323,0.4986462,0.088566735,tuning
209,318,0.044369426,0.3759824,0.5103777,0.090753555,tuning
210,319,-0.016880048,0.35378948,0.49585465,0.086078525,tuning
214,327,0.006734219,0.32698148,0.50139785,0.079676636,tuning
216,329,-0.034737643,0.3097056,0.49141455,0.07580951,tuning
219,333,-0.017930849,0.3941013,0.49545723,0.095152855,tuning
221,337,0.025259368,0.3682291,0.50573814,0.08901458,tuning
222,338,-0.0054270877,0.29336688,0.49856174,0.07190789,tuning
223,339,-0.008336323,0.39036438,0.4977167,0.094283625,tuning
225,342,-0.018918952,0.41629705,0.49536785,0.100290015,tuning
226,344,-0.007998727,0.41849312,0.4976971,0.10051105,tuning
227,345,-0.02679606,0.40296376,0.49343497,0.09719766,tuning
229,348,-0.043734398,0.4287787,0.4894617,0.10302682,tuning
232,351,-0.003108441,0.38530648,0.49886847,0.09304418,tuning
234,353,-0.038481943,0.31471324,0.4905691,0.07694202,tuning
236,355,0.03074202,0.3734815,0.50710225,0.09021883,tuning
237,356,-0.010033753,0.33898145,0.49745262,0.08258212,tuning
238,357,-0.038377203,0.40318584,0.49067196,0.097253315,tuning
241,361,0.0056840195,0.35205194,0.5010503,0.08541251,tuning
247,367,-0.0141987605,0.38085717,0.4963292,0.09215175,tuning
248,368,0.00029314475,0.32240373,0.4999698,0.078688085,tuning
249,370,-0.010088127,0.42784876,0.49720076,0.10263881,tuning
250,371,-0.009467032,0.4254197,0.49742046,0.1021123,tuning
251,372,-0.0075197336,0.38486654,0.4979016,0.09299949,tuning
252,373,-0.00052192435,0.31320196,0.49974442,0.07654194,tuning
254,376,0.008680834,0.30242512,0.5019486,0.073959,tuning
255,377,-0.031714246,0.35337085,0.49212688,0.08593312,tuning
258,380,-0.0076880637,0.33664542,0.4979674,0.08198577,tuning
260,382,0.02022306,0.36069444,0.5045669,0.0874232,tuning
261,383,-0.0045888764,0.31207806,0.49870554,0.076274045,tuning
265,405,0.03343675,0.30651668,0.5079659,0.07478997,tuning
268,410,-0.011295561,0.41641697,0.49700773,0.10017172,tuning
269,412,0.0053451103,0.3731575,0.5009534,0.09028404,tuning
274,417,-0.024786938,0.39965087,0.49390486,0.09644153,tuning
276,420,0.028824002,0.3321647,0.5067694,0.08077125,tuning
281,426,-0.012124736,0.32264683,0.49686596,0.078736745,tuning
283,428,0.012557991,0.35360476,0.50276154,0.08579566,tuning
285,431,0.0019297065,0.34116918,0.5002748,0.08295445,tuning
287,434,0.019783147,0.30670914,0.5046051,0.07492441,tuning
288,435,0.02588478,0.35748413,0.5059495,0.0865814,tuning
292,440,0.0016930662,0.37529776,0.5001173,0.09082585,tuning
297,446,-0.009263143,0.37639585,0.49767563,0.09120322,tuning
300,450,0.001562213,0.4132334,0.4999927,0.09933663,tuning
303,454,0.0077562397,0.33994785,0.50165045,0.08269439,tuning
304,455,0.028986454,0.349432,0.5067073,0.08473885,tuning
306,457,0.0028354255,0.30403492,0.5005973,0.074435204,tuning
312,466,0.006528981,0.325118,0.50139815,0.07925701,tuning
315,471,-0.023945274,0.39214188,0.49414647,0.09476479,tuning
318,475,0.007886404,0.36287966,0.501676,0.08794882,tuning
321,480,-0.012556753,0.28645822,0.49692407,0.07032753,tuning
322,481,-0.0025390573,0.34433326,0.49914053,0.08372648,tuning
325,485,0.0018501497,0.3571899,0.50023645,0.08674489,tuning
330,491,0.027859155,0.36851507,0.50625557,0.0890063,tuning
331,492,-0.026101248,0.37479258,0.4934982,0.09082416,tuning
332,493,-0.009819736,0.3103044,0.49748597,0.0758513,tuning
333,494,-0.00614055,0.30889094,0.49838537,0.07553181,tuning
335,500,-0.010622826,0.41837424,0.49710336,0.10053114,tuning
341,507,-0.0023101473,0.30956313,0.49930117,0.07566862,tuning
342,508,0.02959257,0.35461062,0.506784,0.08585457,tuning
343,509,-0.034018673,0.378963,0.49163422,0.09182624,tuning
347,514,-0.030946314,0.42557397,0.49245346,0.10221651,tuning
348,515,-0.00395576,0.3702646,0.49881452,0.08968315,tuning
349,516,0.02671519,0.37462464,0.5060976,0.09051029,tuning
352,519,0.043785147,0.3334734,0.5103466,0.08096178,tuning
353,520,0.0075412276,0.42760605,0.50141513,0.10247332,tuning
357,524,-0.0011820921,0.36651275,0.49940968,0.08877221,tuning
358,527,0.00872978,0.33852404,0.5019658,0.08241865,tuning
360,529,0.0015872113,0.35976958,0.50015134,0.08725139,tuning
361,531,-0.0061373203,0.3726587,0.49825865,0.090261824,tuning
363,533,0.0011358431,0.29153177,0.5001687,0.07144259,tuning
364,534,0.012908955,0.35578504,0.50284374,0.086318396,tuning
365,535,-0.025626624,0.39358073,0.49365944,0.09497445,tuning
366,537,0.019593144,0.38405663,0.5043195,0.09261947,tuning
368,539,0.007837148,0.38212746,0.5016308,0.09238252,tuning
371,542,0.013153631,0.4001571,0.502792,0.0963751,tuning
372,543,-0.014419547,0.34754384,0.49631003,0.0844949,tuning
374,546,0.060985465,0.2998983,0.5146592,0.073105134,tuning
379,551,-0.044542447,0.3634852,0.48921013,0.08835653,tuning
380,552,0.008237322,0.33569905,0.5017451,0.081692606,tuning
381,553,-0.0025936004,0.28928018,0.49927282,0.07093483,tuning
382,555,-0.0056132856,0.2949292,0.49857992,0.07230092,tuning
385,562,-0.028585944,0.4112242,0.49315584,0.09913644,tuning
392,585,-0.016943855,0.4239223,0.49575138,0.10192522,tuning
393,586,-0.015529345,0.3482065,0.49598154,0.08465311,tuning
396,589,-0.004862027,0.29311833,0.49876463,0.07189194,tuning
397,590,-0.00035986264,0.32572493,0.49973747,0.07944406,tuning
399,593,0.022102466,0.34286764,0.5051998,0.08340125,tuning
400,594,0.056189638,0.46592173,0.5113136,0.10971745,tuning
401,595,-0.014066731,0.3286204,0.49643388,0.080186285,tuning
402,596,0.07581198,0.4539925,0.5161523,0.10691982,tuning
403,597,-0.004812626,0.39620185,0.49849945,0.09552915,tuning
405,605,0.019114373,0.35157725,0.5043168,0.085286066,tuning
407,608,-0.021467373,0.37618002,0.49480835,0.09121407,tuning
409,610,-0.007554069,0.28823024,0.4978421,0.07055837,tuning
410,611,0.012016364,0.28341383,0.5028416,0.06950149,tuning
414,616,0.03226882,0.34045568,0.50718015,0.08243379,tuning
416,628,0.019144237,0.34298068,0.5043833,0.08335427,tuning
422,647,0.016758438,0.30871618,0.50391436,0.07543355,tuning
423,648,0.014928265,0.30200988,0.50346094,0.07383659,tuning
425,653,-0.01987767,0.31212658,0.49501398,0.07630579,tuning
428,663,-0.039101265,0.4200695,0.4905604,0.10105378,tuning
429,671,-0.022696014,0.34772515,0.49446902,0.08468045,tuning
430,673,0.002752865,0.3443357,0.5004966,0.08378387,tuning
431,674,0.024453416,0.33729863,0.5053264,0.08180184,tuning
432,678,-0.010138561,0.34510455,0.49745792,0.083984375,tuning
434,688,0.031171517,0.32828102,0.5073629,0.079884075,tuning
441,707,0.014694719,0.32048476,0.5033118,0.07809947,tuning
442,708,0.003897066,0.40142816,0.5006963,0.09671375,tuning
446,719,-0.003549066,0.41938752,0.49885592,0.10081332,tuning
447,720,-0.023080684,0.33935636,0.494443,0.08272716,tuning
448,724,0.03549649,0.37345707,0.5081844,0.0901835,tuning
450,728,-0.043764874,0.42294276,0.48956823,0.10178187,tuning
451,733,0.006312401,0.298496,0.5014518,0.07313203,tuning
453,736,0.0030167343,0.3070142,0.5006127,0.07507855,tuning
454,737,0.01840584,0.2884735,0.5043519,0.07063225,tuning
455,741,-0.017823944,0.31065753,0.49563906,0.07600405,tuning
458,745,0.012491571,0.3575149,0.5030297,0.08691779,tuning
459,748,-0.018205872,0.2967696,0.49549925,0.072702155,tuning
462,762,0.0405557,0.38039738,0.5093689,0.09173621,tuning
466,778,-0.016735878,0.3711087,0.4958514,0.08995957,tuning
467,780,-0.003703805,0.27686727,0.49896684,0.06794817,tuning
470,783,-0.028743021,0.32513404,0.49293798,0.079398654,tuning
471,784,-0.006268744,0.41768333,0.49826008,0.10045069,tuning
472,785,-0.04145208,0.40185323,0.48993677,0.09692402,tuning
473,786,0.007899393,0.30169684,0.5017843,0.07380927,tuning
474,788,-0.0056422194,0.34966215,0.49844778,0.08499133,tuning
475,798,0.026837636,0.32475638,0.5063188,0.07911814,tuning
476,799,-0.024922412,0.364376,0.4938992,0.088475674,tuning
479,802,0.016274482,0.35895413,0.50365305,0.087003425,tuning
480,804,0.0020434898,0.3940149,0.5002532,0.09513992,tuning
481,805,0.004981721,0.35399404,0.50094444,0.085907765,tuning
487,832,0.038606398,0.3379194,0.509045,0.08204245,tuning
490,836,0.041324448,0.30134973,0.5098765,0.073515214,tuning
492,838,-0.013094879,0.37906668,0.4967068,0.09179772,tuning
496,849,0.00518387,0.31439817,0.50110936,0.076797836,tuning
499,858,0.03343678,0.3494703,0.50753146,0.08456523,tuning
500,861,-0.018632537,0.30141485,0.49532244,0.07380717,tuning
501,866,0.003257703,0.3481289,0.50061417,0.0846452,tuning
502,879,0.0011787494,0.35964102,0.50011337,0.087326616,tuning
510,898,0.07498153,0.49173987,0.51537013,0.1147294,tuning
511,899,0.046618108,0.409625,0.5098782,0.09771735,tuning
512,900,0.034934536,0.39494288,0.50718665,0.09461175,tuning
515,903,0.059757326,0.40384233,0.51313376,0.09638333,tuning
517,905,0.07417879,0.5230224,0.51465863,0.121123955,tuning
520,908,0.039987043,0.38310996,0.5086398,0.09198969,tuning
521,909,0.042238254,0.43477732,0.5086956,0.10323551,tuning
522,910,0.026317703,0.4053055,0.5051981,0.09698117,tuning
523,911,0.037130814,0.3527514,0.50821936,0.0851287,tuning
524,912,0.051115297,0.45901316,0.51029485,0.10835374,tuning
525,913,0.07016649,0.4365496,0.5151115,0.10329037,tuning
527,915,0.02170538,0.42373908,0.50384545,0.10109225,tuning
528,916,0.062964,0.44481975,0.5133882,0.10515946,tuning
531,919,0.07577958,0.44970307,0.51621026,0.105953254,tuning
533,921,-0.0054074433,0.39526233,0.49817726,0.095264465,tuning
537,926,0.06724887,0.45300928,0.5142734,0.10684212,tuning
539,928,0.060311913,0.45673385,0.5124658,0.10770529,tuning
541,930,0.070922956,0.43756697,0.51528347,0.103431545,tuning
542,931,0.06439695,0.43315828,0.5137191,0.10256562,tuning
544,933,0.066203,0.41832638,0.5144955,0.099409275,tuning
549,940,0.029136399,0.44262865,0.50525403,0.10520888,tuning
554,945,0.056120053,0.48132068,0.5111097,0.11294597,tuning
559,950,0.059180398,0.47870925,0.51185787,0.11237875,tuning
560,951,0.042523004,0.49604216,0.5078416,0.11623389,tuning
561,952,0.038496573,0.40955338,0.50797045,0.09776033,tuning
563,954,0.070430584,0.49885887,0.5141579,0.11638967,tuning
564,955,0.039170947,0.50081784,0.50694275,0.11722069,tuning
566,968,0.0043337476,0.33045617,0.50050855,0.08035773,tuning
567,969,0.031824052,0.40186882,0.50644577,0.09618997,tuning
568,971,0.065920204,0.4254498,0.51437116,0.100978136,tuning
572,986,-0.02866802,0.3326502,0.4929639,0.08120417,tuning
575,994,0.003669848,0.35899815,0.5008117,0.08717043,tuning
576,996,0.00890494,0.30947047,0.5020046,0.075625174,tuning
578,999,5.6233257e-05,0.3532322,0.49977434,0.08577439,tuning
585,1009,0.03225132,0.3434212,0.5072595,0.08317887,tuning
586,1010,0.018959226,0.38767925,0.50368845,0.09319437,tuning
588,1012,0.039326534,0.40002474,0.50821596,0.09572321,tuning
589,1013,0.04238417,0.39169517,0.509095,0.09385775,tuning
591,1015,0.0019939446,0.3335372,0.50023824,0.081211895,tuning
593,1017,0.051153753,0.3835208,0.5112959,0.09192047,tuning
595,1019,0.04690247,0.3845599,0.51018494,0.09219678,tuning
596,1020,-0.020464296,0.40364778,0.494842,0.09730093,tuning
598,1022,0.05179318,0.41603193,0.51097655,0.099071085,tuning
599,1023,0.018261688,0.34130263,0.50383246,0.0827748,tuning
602,1027,0.029787488,0.35973978,0.50681174,0.087031715,tuning
603,1028,0.024713628,0.38204464,0.5050489,0.09189114,tuning
604,1029,0.048718408,0.44854602,0.50985867,0.10618006,tuning
605,1030,0.043185912,0.31983587,0.5100178,0.07765863,tuning
606,1031,0.017177828,0.31807345,0.50365853,0.07739386,tuning
607,1032,0.04784292,0.40877315,0.51013184,0.0974904,tuning
608,1033,0.0047257533,0.34626037,0.5006926,0.084029086,tuning
610,1035,0.018080503,0.34387827,0.5036873,0.083334476,tuning
611,1036,0.0060727033,0.28941697,0.50134754,0.070933186,tuning
612,1037,0.03193461,0.28873998,0.5076316,0.07064452,tuning
613,1041,-0.026977956,0.38086125,0.4934242,0.09220791,tuning
614,1042,-0.033520795,0.4274376,0.49175155,0.1026695,tuning
617,1047,-0.021404088,0.30716103,0.49470833,0.0751883,tuning
623,1059,-0.024593916,0.36418256,0.49391386,0.08843859,tuning
624,1060,-0.021690922,0.39654863,0.49468148,0.095785335,tuning
626,1064,-0.0020863174,0.35491064,0.49929047,0.08622672,tuning
629,1073,0.0046749604,0.34255973,0.5006573,0.08322419,tuning
630,1077,0.0043294486,0.37184772,0.50052994,0.08986299,tuning
631,1078,0.018708372,0.35951218,0.50389224,0.0869067,tuning
632,1079,-0.008155934,0.41783392,0.49781072,0.10047602,tuning
633,1080,-0.02025457,0.40095133,0.4947194,0.09658806,tuning
634,1081,0.00014376723,0.37505218,0.49942827,0.09054465,tuning
637,1084,0.037903618,0.38291836,0.5081998,0.09191072,tuning
639,1086,0.054260164,0.3966748,0.51179576,0.09477722,tuning
641,1089,-0.019797357,0.34476095,0.49518314,0.083932444,tuning
642,1090,0.012482032,0.33834463,0.5027849,0.082297936,tuning
644,1092,0.022007398,0.31914335,0.5051089,0.07778525,tuning
645,1093,-0.025661625,0.33035964,0.49350438,0.08054735,tuning
646,1094,-0.012626974,0.35901937,0.4967338,0.087118365,tuning
647,1095,-0.009962965,0.36117935,0.4974302,0.08760369,tuning
648,1096,0.019599974,0.34270304,0.50435704,0.083154306,tuning
649,1097,0.011759251,0.34137774,0.50250053,0.08297214,tuning
651,1100,0.029821612,0.29096207,0.50703377,0.071080536,tuning
652,1101,0.015512849,0.301733,0.50348896,0.073684216,tuning
653,1103,0.056191906,0.44545048,0.5117524,0.10538566,tuning
654,1104,0.05193433,0.43273535,0.5108803,0.102706015,tuning
656,1120,4.5734974e-05,0.38236377,0.4997939,0.09243344,tuning
657,1124,0.011629582,0.3568536,0.50226074,0.08630037,tuning
658,1125,0.019289913,0.4363032,0.5035908,0.10400461,tuning
659,1126,0.0063783037,0.37180513,0.5013082,0.090042695,tuning
660,1127,-0.018782998,0.3217955,0.4952703,0.07857746,tuning
662,1129,-0.004586552,0.28568867,0.49864325,0.0700262,tuning
663,1130,-0.0028749907,0.33022907,0.498924,0.08039049,tuning
664,1131,0.025030263,0.35047045,0.50567746,0.08488709,tuning
665,1132,0.032758247,0.37034672,0.50744724,0.089434505,tuning
666,1135,0.021115962,0.4046483,0.5044252,0.09712871,tuning
667,1136,-0.004458747,0.41825798,0.4983013,0.10038726,tuning
668,1147,0.0035655817,0.35389066,0.5008432,0.0860264,tuning
674,1171,-0.039387718,0.42279074,0.49045694,0.10163835,tuning
681,1179,-0.016726226,0.36174715,0.49568403,0.087685555,tuning
685,1186,-0.007262475,0.37553892,0.49786383,0.090773985,tuning
687,1188,-0.023314152,0.40144897,0.49430624,0.09692726,tuning
688,1189,0.003522122,0.3581996,0.5006559,0.086916395,tuning
690,1191,0.0053454866,0.35477564,0.5009615,0.086054556,tuning
694,1196,0.004346268,0.3081977,0.50085926,0.075368054,tuning
695,1197,-0.0054005384,0.35309142,0.49858522,0.08592783,tuning
698,1200,-0.025219318,0.3091717,0.49377787,0.07569279,tuning
699,1201,0.036600575,0.3136712,0.50845957,0.0763494,tuning
701,1203,0.07848635,0.4389048,0.5171315,0.10371893,tuning
702,1204,0.048249073,0.33506614,0.5110694,0.0811216,tuning
703,1205,0.005185515,0.28631553,0.50107574,0.07013457,tuning
704,1206,-0.0014194266,0.30929494,0.49932754,0.07557189,tuning
705,1207,0.056991868,0.40457076,0.5125151,0.09653751,tuning
706,1208,0.0055625993,0.3427326,0.5009569,0.08324285,tuning
709,1211,-0.008992669,0.37712696,0.4976323,0.09131153,tuning
710,1212,0.048865337,0.39400697,0.5105863,0.094250575,tuning
711,1213,0.007914957,0.35444742,0.5017292,0.0860205,tuning
712,1214,0.00918972,0.3061085,0.50201005,0.074831754,tuning
713,1215,-0.040326662,0.34487197,0.49027172,0.08409124,tuning
715,1217,0.0006389022,0.3309656,0.49991125,0.080602214,tuning
716,1218,-0.017967556,0.315126,0.4955631,0.07708203,tuning
717,1219,0.042443812,0.38082978,0.5093065,0.091463305,tuning
718,1220,-0.013234835,0.32443103,0.4965099,0.07917193,tuning
719,1221,0.04316081,0.35253686,0.5099302,0.08524119,tuning
721,1223,-0.010522078,0.37360355,0.49735057,0.09056555,tuning
722,1224,0.04000769,0.3425406,0.50938916,0.08311356,tuning
723,1225,0.013253797,0.3761363,0.50273097,0.09075576,tuning
725,1227,-0.0010326683,0.3434348,0.4994386,0.08340986,tuning
727,1230,-0.008007811,0.39527586,0.497518,0.09520508,tuning
728,1231,0.035369925,0.37428704,0.5079104,0.09018523,tuning
730,1234,0.0236159,0.3940073,0.504996,0.09470984,tuning
731,1235,-0.0049289213,0.4075384,0.4981314,0.097955756,tuning
733,1237,0.054023944,0.42178482,0.51158303,0.10034533,tuning
734,1238,-0.0021799935,0.42257786,0.49895674,0.101381585,tuning
735,1240,-0.0054310164,0.3288893,0.498502,0.08023857,tuning
737,1242,-0.008662344,0.3250681,0.49775457,0.07931664,tuning
738,1243,-0.026744075,0.38700676,0.49334922,0.09356447,tuning
739,1244,-6.329351e-05,0.37727857,0.49955013,0.09116372,tuning
740,1245,0.014879757,0.35387677,0.5033559,0.085863285,tuning
741,1246,0.02241898,0.3689048,0.5049732,0.08909992,tuning
742,1247,0.02429624,0.37026957,0.50507516,0.08924433,tuning
743,1248,0.039013505,0.3631397,0.50859654,0.08751931,tuning
744,1249,-0.008959632,0.30262527,0.49770886,0.07410215,tuning
745,1250,0.059418958,0.378277,0.51329976,0.090625644,tuning
747,1252,0.027881542,0.32293928,0.5063294,0.07844667,tuning
748,1253,0.05343573,0.41227025,0.5114386,0.09820239,tuning
749,1254,0.03487896,0.3952892,0.5072433,0.094778374,tuning
750,1256,0.06663317,0.49715948,0.5133352,0.116113916,tuning
751,1257,-0.015125919,0.41464078,0.4960306,0.09967689,tuning
752,1258,-0.00978411,0.3459549,0.49739832,0.08425174,tuning
753,1259,0.019881722,0.35382175,0.5044045,0.085732095,tuning
755,1261,-0.021873584,0.33738947,0.49453852,0.08224817,tuning
756,1262,0.056852017,0.34627035,0.5130536,0.08358089,tuning
758,1264,-0.007834115,0.3209476,0.4978468,0.07829488,tuning
759,1265,-0.02989106,0.37422004,0.49267796,0.09073425,tuning
761,1267,0.029726408,0.32821423,0.50663763,0.0796116,tuning
762,1268,0.018113263,0.36136603,0.50395125,0.087408625,tuning
763,1269,0.024068583,0.43994468,0.50419503,0.1046,tuning
764,1270,0.012047443,0.33287722,0.5026287,0.08100677,tuning
765,1271,0.011623661,0.3603409,0.5024071,0.08726614,tuning
766,1272,0.040490326,0.3291656,0.50927806,0.07982141,tuning
770,1276,0.024822576,0.38958076,0.50510144,0.09357431,tuning
772,1278,0.019308133,0.38512108,0.50400895,0.09277248,tuning
774,1280,-0.008945521,0.36252722,0.49761772,0.087891504,tuning
775,1281,0.03197737,0.49682158,0.5052762,0.11646247,tuning
776,1282,0.027184078,0.44244504,0.50481385,0.10509808,tuning
777,1283,0.034628652,0.37202555,0.50737405,0.0895209,tuning
779,1285,-0.045624495,0.43944985,0.48886788,0.10537099,tuning
780,1286,0.03741528,0.35351047,0.50841504,0.085315354,tuning
781,1287,0.026743576,0.35805386,0.50561005,0.08647838,tuning
782,1288,0.0041116592,0.3761757,0.5007203,0.09100742,tuning
784,1290,0.0073767104,0.3510839,0.5013757,0.085096315,tuning
785,1291,0.01862518,0.29549128,0.50443023,0.07237595,tuning
786,1292,-0.003853013,0.4116421,0.49851772,0.098855935,tuning
787,1293,0.012579292,0.34506282,0.50263876,0.08369361,tuning
789,1295,0.00096542924,0.36061245,0.499896,0.08735085,tuning
791,1297,-0.016675273,0.39107928,0.49558222,0.09431921,tuning
792,1298,-0.007752316,0.30043846,0.49780342,0.073419735,tuning
793,1299,0.025802877,0.35001314,0.50585127,0.08487003,tuning
794,1300,6.571246e-05,0.37535664,0.4996338,0.09071523,tuning
795,1301,0.028392166,0.36277008,0.5059732,0.08756777,tuning
796,1302,0.012670575,0.37007877,0.5026632,0.08943837,tuning
798,1304,0.014227561,0.33515972,0.5029125,0.08138608,tuning
801,1307,-0.013426844,0.4037441,0.49640942,0.09731994,tuning
802,1320,-0.01567931,0.3093496,0.49606684,0.07566284,tuning
804,1327,0.017517764,0.3279904,0.5038218,0.079697326,tuning
807,1333,0.008678643,0.36160794,0.5013292,0.08748202,tuning
810,1339,-0.0058083003,0.32301426,0.4983184,0.07877315,tuning
811,1340,0.068503946,0.48704958,0.5139281,0.114021905,tuning
812,1342,-0.021192877,0.3379262,0.4946845,0.082319915,tuning
813,1343,-0.018067472,0.3063206,0.49542576,0.07491591,tuning
815,1345,0.015140835,0.3500386,0.5031302,0.08482952,tuning
817,1347,0.008563393,0.33661288,0.5017256,0.0818826,tuning
819,1350,0.009168934,0.33257836,0.50179815,0.08090888,tuning
824,1356,-0.020336203,0.28578693,0.49493387,0.07013365,tuning
827,1359,0.016811822,0.37425417,0.5038061,0.0905317,tuning
832,1367,-0.005419789,0.38290754,0.49844626,0.092633724,tuning
834,1371,0.0155173605,0.2997531,0.5034634,0.07321179,tuning
835,1372,-0.019826556,0.28755555,0.49502367,0.070522346,tuning
837,1374,-0.018532895,0.296015,0.495297,0.0725448,tuning
838,1375,0.017100897,0.310995,0.5038615,0.07585957,tuning
839,1376,-0.012131469,0.28581765,0.49686486,0.070094116,tuning
841,1378,0.0034828132,0.30630666,0.5006087,0.07484022,tuning
843,1380,0.022711556,0.37237984,0.50480694,0.08980563,tuning
844,1381,0.056077164,0.36588305,0.5130391,0.0881512,tuning
846,1385,-0.0035428219,0.28457722,0.49898985,0.069802985,tuning
847,1387,-0.01510937,0.29347205,0.4960431,0.07189813,tuning
848,1388,0.057949588,0.30846676,0.5137499,0.07495606,tuning
849,1389,0.07787849,0.29849648,0.51864165,0.07245397,tuning
851,1391,-0.03423192,0.31852895,0.4916223,0.0778589,tuning
852,1392,-0.021086134,0.39800188,0.49487877,0.096154936,tuning
853,1393,0.00019843836,0.36705545,0.49982017,0.08896206,tuning
855,1395,-0.00016329934,0.37923917,0.49948227,0.091568105,tuning
856,1396,0.018492436,0.32083684,0.50432193,0.07821504,tuning
862,1405,-0.035551354,0.36066487,0.49131578,0.08760826,tuning
863,1407,-0.020938182,0.3261425,0.49480072,0.07961718,tuning
865,1409,0.0108301155,0.36856225,0.502283,0.089176044,tuning
867,1411,-0.024524435,0.37392688,0.49404395,0.09061283,tuning
871,1422,0.019497378,0.34038016,0.50447637,0.08277398,tuning
873,1429,-0.04578616,0.26568207,0.48875883,0.06538755,tuning
874,1431,0.0030381696,0.34752017,0.5005934,0.084504955,tuning
876,1438,0.013262125,0.29109147,0.50312835,0.07130546,tuning
878,1441,-0.004679087,0.38162172,0.49865374,0.092307545,tuning
882,1449,-0.03451521,0.42854425,0.49176946,0.10302999,tuning
886,1457,0.009181283,0.39802942,0.5018985,0.09594324,tuning
887,1459,0.021199493,0.32015222,0.50495744,0.07805173,tuning
889,1461,0.0106810555,0.42040908,0.50224686,0.100980364,tuning
892,1466,-0.0036053807,0.35394594,0.49898392,0.08598203,tuning
896,1476,-0.022034632,0.39933443,0.49460426,0.096377365,tuning
897,1479,0.023994284,0.32002753,0.5056709,0.07805897,tuning
898,1480,-0.029026465,0.31937388,0.49287802,0.078052774,tuning
902,1485,-0.025555562,0.4243553,0.49360624,0.10197425,tuning
906,1499,0.0126733305,0.3180996,0.5029266,0.07762984,tuning
907,1500,-0.034231935,0.39830235,0.49177203,0.09621032,tuning
909,1513,-0.03002576,0.4436226,0.4925971,0.10638716,tuning
911,1517,-0.033305906,0.42119226,0.49199283,0.1014012,tuning
912,1518,-0.028519936,0.31086254,0.49300766,0.076060936,tuning
918,1542,-0.028466735,0.3649384,0.49296707,0.088544674,tuning
919,1544,0.0014700935,0.32134715,0.5002482,0.07849052,tuning
922,1552,-0.011335695,0.30146948,0.49711704,0.073808864,tuning
924,1556,0.066646785,0.33579457,0.5159081,0.081381075,tuning
925,1562,0.047450148,0.3239111,0.5113042,0.07877641,tuning
927,1569,-0.03717533,0.40163538,0.4909348,0.09689756,tuning
929,1580,-0.05210437,0.35057402,0.48734528,0.08532162,tuning
931,1586,0.008978434,0.3120033,0.5020246,0.076205865,tuning
932,1587,-0.014768776,0.2797303,0.49612638,0.06859966,tuning
933,1588,-0.03598015,0.38968357,0.49123996,0.094275154,tuning
934,1589,-0.011146348,0.33537135,0.4971298,0.08169438,tuning
936,1591,0.011854671,0.32684687,0.5026811,0.07961804,tuning
941,1597,-0.0033279483,0.31916732,0.49898925,0.07788528,tuning
946,1603,-0.008128973,0.32606682,0.49788073,0.079573125,tuning
950,1608,-0.009400274,0.3050858,0.49760115,0.07466733,tuning
951,1610,0.014421069,0.30318284,0.5033891,0.074168414,tuning
952,1611,-0.0019779152,0.37369496,0.49924666,0.09039382,tuning
953,1614,-0.017658852,0.40936524,0.49554402,0.09863229,tuning
954,1615,-0.018590821,0.33401754,0.49540865,0.08144235,tuning
955,1616,0.014477726,0.3243059,0.50337404,0.07911314,tuning
956,1617,-0.013033293,0.34601656,0.49686062,0.0842963,tuning
957,1619,-0.011298882,0.3341186,0.497086,0.08141739,tuning
958,1620,0.005231647,0.35893503,0.5009639,0.08700649,tuning
961,1625,-0.032793503,0.33358118,0.4920553,0.08139793,tuning
965,1633,-0.029061522,0.38856927,0.49289036,0.0939787,tuning
966,1635,-0.0044895103,0.3818598,0.4988283,0.09242553,tuning
967,1639,-0.02236452,0.3624396,0.49459088,0.088023365,tuning
969,1641,-0.04470495,0.4478355,0.48932007,0.10733051,tuning
971,1643,0.0097861225,0.35457563,0.50215733,0.08608665,tuning
973,1645,-0.005749719,0.3191669,0.49852547,0.07797814,tuning
978,1653,-0.047981933,0.33813104,0.48836994,0.0824328,tuning
984,1663,-0.0074506532,0.40729612,0.4977466,0.09802339,tuning
988,1673,-0.03387119,0.39683646,0.49178156,0.0958022,tuning
989,1674,0.02913773,0.35017353,0.5066221,0.084826834,tuning
990,1676,-0.02216461,0.3069786,0.49452147,0.075158216,tuning
991,1678,-0.0042186426,0.37931094,0.498612,0.09165378,tuning
992,1680,0.0071669924,0.3567269,0.5015605,0.08663386,tuning
994,1682,-0.0013716801,0.37417594,0.4995283,0.09059888,tuning
995,1683,-0.027715707,0.35778913,0.49327284,0.08696397,tuning
997,1687,0.002357095,0.29684076,0.50048906,0.07271209,tuning
998,1688,-0.027171033,0.34843856,0.49333832,0.08481569,tuning
999,1689,-0.0035259526,0.388973,0.4989293,0.09404702,tuning
1000,1690,-0.014096999,0.31822297,0.49644846,0.07772935,tuning
1001,1693,-0.014899707,0.37091154,0.49618652,0.08981695,tuning
1002,1694,-0.02225915,0.37337527,0.4945196,0.090432175,tuning
1005,1702,0.030201154,0.3717819,0.50697446,0.089844644,tuning
1007,1704,0.024701634,0.35253933,0.5057504,0.08555873,tuning
1009,1711,-0.011439671,0.3618924,0.49702495,0.0878743,tuning
1010,1713,-0.04083591,0.36573404,0.49007046,0.088811964,tuning
1011,1717,-0.0035310884,0.33873114,0.49897385,0.082471296,tuning
1012,1719,-0.02715249,0.3970462,0.49344954,0.095893145,tuning
1013,1721,-0.020456063,0.3833781,0.4949054,0.09277573,tuning
1014,1722,0.0051183295,0.3206711,0.5010615,0.07821849,tuning
1016,1727,0.0076892143,0.378893,0.5015541,0.091579445,tuning
1017,1729,-0.020731876,0.36567265,0.49491522,0.0887373,tuning
1020,1732,-0.045068637,0.36800066,0.489213,0.08931995,tuning
1022,1734,-1.1399388e-05,0.3926924,0.49978665,0.094835274,tuning
1023,1735,-0.014909295,0.3402642,0.49621215,0.08284788,tuning
1025,1747,-0.038423724,0.4153552,0.49062285,0.09995845,tuning
1026,1748,-0.036630876,0.30524263,0.49106646,0.07471675,tuning
1028,1752,0.043804258,0.30293447,0.5105081,0.073942594,tuning
1030,1754,0.003379575,0.29297754,0.5007552,0.07181625,tuning
1033,1762,0.013319987,0.3294284,0.5031161,0.0802937,tuning
1037,1779,0.025579443,0.3151059,0.5060538,0.07687813,tuning
1039,1784,-0.01579069,0.3923314,0.49606884,0.094807215,tuning
1042,1792,0.015432866,0.288138,0.5036563,0.0705989,tuning
1046,1801,0.01753437,0.3373122,0.50409484,0.08209217,tuning
1048,1805,-0.020868544,0.35786185,0.49488434,0.08695039,tuning
1050,1810,-0.00045154162,0.3798833,0.4996518,0.09187296,tuning
1052,1821,-0.0024405206,0.39456263,0.4991842,0.09526754,tuning
1055,1831,0.038764816,0.3126724,0.5092668,0.076255284,tuning
1056,1833,0.0165738,0.33752853,0.50380117,0.08210484,tuning
1058,1835,-0.011056953,0.35262486,0.49716356,0.08572794,tuning
1064,1845,-0.027015287,0.3582814,0.4934112,0.08708231,tuning
1073,1873,-0.0068490887,0.37669933,0.49819115,0.0911642,tuning
1075,1876,-0.014290518,0.33694285,0.49636638,0.08210958,tuning
1077,1882,0.02242923,0.31721663,0.5052811,0.07736229,tuning
1078,1883,-0.04167994,0.44088453,0.49007306,0.1057429,tuning
1079,1884,-0.02387581,0.39690223,0.49421903,0.09584947,tuning
1080,1885,-0.037681684,0.422467,0.49091467,0.101621106,tuning
1081,1888,-0.003234114,0.3905453,0.49892554,0.0943124,tuning
1082,1892,0.004040842,0.3163631,0.5008486,0.077286355,tuning
1084,1895,-0.0012526917,0.37138328,0.499481,0.089972496,tuning
1089,1909,-0.02674624,0.3236087,0.49342278,0.07906561,tuning
1090,1911,0.008528814,0.4416006,0.5016725,0.10568354,tuning
1091,1912,-0.0398562,0.35855305,0.4904008,0.08713909,tuning
1093,1914,-0.019002715,0.40266502,0.4952971,0.09715287,tuning
1094,1916,-0.041260637,0.37776065,0.49009788,0.09162003,tuning
1095,1917,-0.011022058,0.30862838,0.49718556,0.075463876,tuning
1098,1920,0.012295653,0.30682245,0.5028746,0.075017385,tuning
1099,1921,-0.05137874,0.32748085,0.4876431,0.0799589,tuning
1100,1923,-0.017659234,0.41946483,0.4957269,0.101069175,tuning
1101,1924,0.024121018,0.3546739,0.50505257,0.08573547,tuning
1102,1927,0.061400156,0.49668583,0.5120807,0.116250135,tuning
1104,1931,0.058978073,0.46070987,0.5120457,0.10862596,tuning
1110,1939,0.05269582,0.44131178,0.5109082,0.10453311,tuning
1115,1944,0.04810292,0.4007756,0.51035017,0.09580909,tuning
1117,1946,0.0571876,0.4161774,0.5122858,0.09900921,tuning
1118,1947,0.061229546,0.39030457,0.5136095,0.093318574,tuning
1120,1949,0.062543176,0.408094,0.51385045,0.097233005,tuning
1121,1950,0.057538323,0.36531398,0.5131319,0.08786535,tuning
1122,1951,0.03668418,0.3239802,0.50828886,0.078620456,tuning
1123,1952,0.030176573,0.37955514,0.50644517,0.091213465,tuning
1124,1953,0.041420236,0.3491347,0.50936943,0.08434011,tuning
1125,1954,0.023818487,0.31882,0.5053543,0.077559695,tuning
1126,1955,0.017521799,0.36850032,0.50357074,0.08885457,tuning
1128,1957,0.038920596,0.3768059,0.50872827,0.09062284,tuning
1129,1958,0.022615636,0.39566988,0.50471234,0.09498575,tuning
1130,1959,0.004893629,0.3400323,0.5008452,0.08262079,tuning
1131,1960,-0.010246398,0.33553421,0.49730498,0.081729986,tuning
1133,1962,0.01400974,0.39572328,0.5028422,0.095187284,tuning
1135,1964,0.038402446,0.357338,0.50853676,0.086205564,tuning
1136,1965,-0.03605811,0.3689537,0.4910317,0.089442044,tuning
1138,1967,0.0027303484,0.311662,0.500402,0.07611834,tuning
1139,1968,0.0042009004,0.38877854,0.50052786,0.0936961,tuning
1140,1969,0.04606526,0.326238,0.510849,0.07917442,tuning
1141,1970,0.0063025113,0.33210146,0.5012448,0.08082804,tuning
1142,1971,0.03489237,0.34437063,0.5081322,0.08348884,tuning
1143,1973,0.03126623,0.3321574,0.5073318,0.08074464,tuning
1144,1974,0.009637564,0.3198673,0.5019814,0.07791015,tuning
1152,1982,-0.011406705,0.33303428,0.49688572,0.08114119,tuning
1158,1991,0.008668698,0.31792486,0.501861,0.07754966,tuning
1161,1994,-0.001105056,0.30674833,0.49943462,0.0749232,tuning
1164,1997,0.008683538,0.35425442,0.5016191,0.08595151,tuning
1167,2000,0.047002856,0.31887963,0.51109296,0.077526115,tuning
1168,2001,0.016082771,0.33245164,0.5035869,0.08082584,tuning
1169,2002,0.021575226,0.3504073,0.50491023,0.08498087,tuning
1170,2003,0.004327653,0.36543286,0.500592,0.088411525,tuning
1171,2004,0.026729928,0.36068767,0.50614303,0.087299384,tuning
1172,2005,0.0054619405,0.30264172,0.50109726,0.0739867,tuning
1175,2009,0.0060716355,0.30205807,0.501044,0.0737131,tuning
1176,2010,0.061251953,0.4897024,0.5121897,0.11471118,tuning
1177,2011,0.023367176,0.33213046,0.5053632,0.0807197,tuning
1178,2012,-0.007955768,0.3354965,0.49781814,0.081685394,tuning
1181,2015,0.047183394,0.38078892,0.5103525,0.09133751,tuning
1184,2018,0.06514469,0.4585981,0.51358277,0.10809524,tuning
1185,2019,0.03695407,0.3767291,0.50795054,0.0905928,tuning
1186,2020,0.010856637,0.3611515,0.50228167,0.08754634,tuning
1188,2022,-0.0031907533,0.36317813,0.49886078,0.08792247,tuning
1189,2023,-0.011843058,0.3060134,0.496952,0.07481589,tuning
1191,2025,-0.026975391,0.3693256,0.49338245,0.08955463,tuning
1194,2028,0.00087913126,0.33105037,0.50025487,0.08081156,tuning
1196,2034,0.023339638,0.30797276,0.5053589,0.07506954,tuning
1203,2046,0.0141326785,0.33288985,0.50311244,0.08095093,tuning
1208,2053,0.048768513,0.34934482,0.5114995,0.084583424,tuning
1211,2058,-0.0020733727,0.33222806,0.49938712,0.08101016,tuning
1212,2059,-0.024923082,0.37417665,0.49382073,0.090683475,tuning
1215,2064,-0.024741055,0.39303443,0.49390018,0.094905995,tuning
1216,2065,-0.0030011418,0.37097362,0.49881062,0.08971422,tuning
1218,2067,0.04586631,0.36985356,0.5101358,0.08894194,tuning
1221,2070,0.026932487,0.36104807,0.50592,0.087194316,tuning
1223,2072,-0.008238427,0.42257908,0.49751985,0.101402946,tuning
1226,2076,-0.014898383,0.33750817,0.4961723,0.08217914,tuning
1229,2080,0.04925328,0.41553926,0.5104078,0.09901323,tuning
1231,2082,0.002410728,0.3951443,0.50028706,0.095310725,tuning
1232,2083,-0.022853205,0.31920302,0.49426043,0.077964626,tuning
1234,2085,0.045739014,0.38952327,0.5098823,0.09330628,tuning
1236,2088,0.029881908,0.35494578,0.5067494,0.08587569,tuning
1237,2089,0.0039476785,0.33194244,0.5006673,0.08080884,tuning
1238,2090,0.0134030655,0.35180488,0.50270754,0.085225426,tuning
1241,2093,-0.0055835675,0.29349837,0.49841848,0.071868815,tuning
1242,2094,-0.005981333,0.32230058,0.4983509,0.07865068,tuning
1244,2096,0.043696124,0.37119344,0.50952363,0.08926564,tuning
1245,2097,0.010734952,0.32293686,0.50223315,0.0786363,tuning
1247,2099,0.053197987,0.4255268,0.5111681,0.10111502,tuning
1248,2100,0.00053838186,0.3906658,0.4995085,0.09407559,tuning
1250,2105,0.007971655,0.26587966,0.501756,0.065283395,tuning
1253,2108,-0.018982628,0.3779364,0.49518558,0.0914582,tuning
1254,2109,0.008473147,0.41533577,0.5014734,0.09966702,tuning
1255,2110,0.010344043,0.3358775,0.502097,0.0815806,tuning
1256,2111,-0.0056080604,0.40909964,0.4981334,0.09834052,tuning
1259,2114,0.032204617,0.37696412,0.5070988,0.090718776,tuning
1260,2115,-0.0047780033,0.27577683,0.49864987,0.0676855,tuning
1261,2116,0.004068417,0.30729052,0.5006389,0.0749981,tuning
1262,2117,0.005775393,0.33963582,0.50101125,0.082525164,tuning
1263,2118,0.010290839,0.33644348,0.5020805,0.08172134,tuning
1266,2121,0.046090357,0.32028544,0.5108236,0.077788696,tuning
1267,2122,0.024009483,0.32407013,0.5055152,0.07888073,tuning
1268,2123,0.016489334,0.31948176,0.50373226,0.07787019,tuning
1269,2124,0.001578364,0.42728177,0.5000048,0.10242139,tuning
1270,2125,-0.00010878882,0.36289924,0.49975163,0.08798221,tuning
1271,2126,0.011875909,0.32114372,0.5027527,0.07839317,tuning
1273,2132,0.028070131,0.38105372,0.50586677,0.09161965,tuning
1274,2133,0.0031759934,0.35758024,0.5003757,0.086643636,tuning
1275,2134,0.009203594,0.4002969,0.5016488,0.09626442,tuning
1276,2135,0.04051092,0.34007832,0.50911415,0.082232125,tuning
1277,2136,0.04745263,0.43456203,0.5100126,0.10309497,tuning
1278,2137,-0.00014380159,0.3307348,0.49947876,0.08048096,tuning
1280,2139,0.008829279,0.3255514,0.50183517,0.079311974,tuning
1281,2140,-0.014026925,0.3057741,0.49634048,0.07478772,tuning
1282,2141,0.027853893,0.34888136,0.5063103,0.084519,tuning
1283,2142,0.013494179,0.34905878,0.5030205,0.08479409,tuning
1284,2143,0.014498962,0.30696404,0.5032139,0.0749045,tuning
1285,2144,0.008198243,0.44269693,0.501211,0.10561271,tuning
1288,2147,0.045214593,0.40079558,0.51016504,0.096070684,tuning
1291,2150,-0.02186375,0.40897995,0.49425322,0.09836442,tuning
1294,2153,0.036641076,0.31649885,0.5087674,0.07714819,tuning
1296,2155,-0.03070278,0.42674834,0.49256298,0.102550164,tuning
1297,2159,-0.01949025,0.33905917,0.49508503,0.08254504,tuning
1298,2160,0.026047286,0.33512238,0.50578517,0.08131436,tuning
1301,2163,0.03411017,0.3706439,0.507705,0.0894095,tuning
1304,2167,-0.0046334355,0.31342262,0.4988238,0.07664342,tuning
1310,2174,-0.024573548,0.3710589,0.49373737,0.08987124,tuning
1318,2186,0.06501767,0.39267716,0.51445746,0.09383539,tuning
1319,2188,0.023070788,0.37694553,0.5052079,0.091029435,tuning
1320,2193,0.0026965402,0.28548956,0.5004633,0.069963664,tuning
1321,2194,0.023693172,0.33197793,0.5054948,0.08075023,tuning
1323,2202,0.06806889,0.43353832,0.5145849,0.10266751,tuning
1324,2203,0.07549706,0.43564367,0.51635337,0.103026934,tuning
1329,2231,0.0027823634,0.3580358,0.5004443,0.08681025,tuning
1331,2236,0.0061028884,0.36989975,0.5012787,0.08958005,tuning
1334,2240,0.03828825,0.37639868,0.5084894,0.09052143,tuning
1336,2243,0.010277693,0.37267005,0.5020868,0.09011361,tuning
1337,2245,0.0022798073,0.3912225,0.5000681,0.09430013,tuning
1339,2248,0.0037764322,0.38156727,0.50056064,0.09218117,tuning
1340,2249,-0.0039276015,0.40352345,0.49861744,0.097127065,tuning
1343,2253,-0.00062092644,0.3428462,0.4996624,0.083374545,tuning
1345,2259,0.04191961,0.38166443,0.509482,0.09180727,tuning
1347,2262,0.002582269,0.3711399,0.500174,0.089780875,tuning
1353,2268,0.023632325,0.36882278,0.5052357,0.08910287,tuning
1354,2269,0.033423558,0.33273667,0.50777364,0.08075404,tuning
1357,2273,-0.010481455,0.31610593,0.49738333,0.07728375,tuning
1361,2279,0.023755584,0.3432544,0.5055719,0.08343207,tuning
1363,2282,-0.045069225,0.39664292,0.48912588,0.09580334,tuning
1365,2287,0.04583581,0.37644532,0.5099768,0.09040443,tuning
1366,2288,-0.004436423,0.31181064,0.4986765,0.07619857,tuning
1367,2289,-0.0056705005,0.41905838,0.4984526,0.100776896,tuning
1369,2291,-0.011356948,0.36325175,0.49691042,0.087993726,tuning
1374,2300,0.013210026,0.38008317,0.50247,0.09164175,tuning
1376,2302,-0.0034895432,0.42133027,0.49888313,0.10117722,tuning
1377,2303,0.017738245,0.33317548,0.50385964,0.08096141,tuning
1380,2311,0.016622584,0.31003734,0.50368285,0.07559502,tuning
1385,2316,0.020522384,0.38157576,0.50464684,0.092181236,tuning
1390,2324,-0.02694837,0.40496376,0.4935687,0.09775228,tuning
1394,2329,0.018755054,0.3751771,0.504303,0.090746336,tuning
1397,2333,-0.02575053,0.35403797,0.49361643,0.085999995,tuning
1398,2334,-0.0038594985,0.31693593,0.4989651,0.07742675,tuning
1399,2335,-0.022970933,0.42251632,0.49432284,0.10162163,tuning
1402,2338,0.03776212,0.33043724,0.5089397,0.08035298,tuning
1404,2344,-0.00047810623,0.31253648,0.49955142,0.076280236,tuning
1405,2346,0.018303743,0.31314802,0.5040271,0.076269455,tuning
1407,2348,0.0028998037,0.36269504,0.5002735,0.08774644,tuning
1410,2352,0.011931417,0.41107142,0.50224483,0.098676726,tuning
1411,2353,0.0011627252,0.29974782,0.5002233,0.0734338,tuning
1413,2355,-0.031767003,0.36699906,0.49231398,0.089159,tuning
1415,2357,0.0004051576,0.38610217,0.50000477,0.093408234,tuning
1416,2359,-0.030804953,0.4336123,0.49271435,0.104248986,tuning
1419,2363,0.03510104,0.3563301,0.5076636,0.08606598,tuning
1422,2366,0.06268966,0.46747172,0.51283467,0.11007069,tuning
1423,2367,0.057969537,0.30593884,0.5137281,0.07436343,tuning
1424,2369,0.014269995,0.392012,0.50295097,0.094462484,tuning
1426,2371,0.018775158,0.38413137,0.5040357,0.092647314,tuning
1427,2372,0.012978886,0.42225158,0.50252205,0.1011619,tuning
1430,2375,0.0271598,0.40555492,0.5058864,0.097245716,tuning
1431,2376,0.031121204,0.27618328,0.50738615,0.067647465,tuning
1439,2384,-0.059436746,0.4010616,0.48572096,0.09689708,tuning
1443,2390,-0.036915746,0.4405062,0.49126327,0.10575883,tuning
1444,2391,-0.046235137,0.35145912,0.4888168,0.08547322,tuning
1445,2392,0.02641382,0.42976603,0.5058632,0.10283051,tuning
1446,2393,-0.019299421,0.29604414,0.4952123,0.072544485,tuning
1447,2394,-0.00827201,0.3370326,0.49783242,0.08210184,tuning
1448,2395,-0.04089661,0.44896495,0.49037278,0.10756557,tuning
1449,2396,-0.015875494,0.41607574,0.4961951,0.10028238,tuning
1450,2398,0.04766531,0.45622396,0.50948983,0.10780789,tuning
1452,2401,0.012116575,0.29432347,0.5027109,0.07201299,tuning
1453,2402,0.041775495,0.2862138,0.5099261,0.06989146,tuning
1454,2403,-0.017142422,0.26396012,0.49558625,0.064886905,tuning
1455,2404,0.05091694,0.30273375,0.5120807,0.07369132,tuning
1457,2406,-0.018927414,0.36522463,0.49499702,0.08845787,tuning
1458,2407,0.0070660305,0.35880452,0.50124925,0.086898,tuning
1460,2409,0.032913413,0.30343786,0.5076301,0.073926196,tuning
1461,2410,0.025359936,0.32409042,0.50570184,0.07873476,tuning
1463,2412,0.051822886,0.33894536,0.5121758,0.08213081,tuning
1464,2413,0.0039661014,0.34192407,0.5006334,0.08307832,tuning
1465,2414,0.012614664,0.28653023,0.5028591,0.070176035,tuning
1466,2416,-0.0006514295,0.41026008,0.4992812,0.098587595,tuning
1472,2422,0.05538236,0.3423997,0.51307815,0.082900785,tuning
1473,2423,-0.015388408,0.39806008,0.49594873,0.09596676,tuning
1474,2424,-0.008166369,0.39042124,0.49779817,0.09430367,tuning
1475,2427,-0.04107125,0.33669674,0.4900664,0.08216027,tuning
1476,2428,0.012317347,0.35137567,0.5027983,0.08537367,tuning
1479,2431,0.0032882309,0.38976946,0.5005136,0.094135456,tuning
1481,2433,0.008655172,0.39615005,0.5017377,0.09548819,tuning
1490,2447,-0.0020684483,0.38309887,0.49929726,0.092650995,tuning
1492,2450,0.049359847,0.33405873,0.51158947,0.08096772,tuning
1495,2454,0.028684875,0.38273633,0.5059119,0.092029184,tuning
1496,2455,-0.014531326,0.33679095,0.49617317,0.08197642,tuning
1498,2457,0.00031158162,0.3353824,0.49977338,0.08158283,tuning
1503,2463,-0.0129693765,0.41468138,0.49631622,0.09956049,tuning
1504,2467,0.013479122,0.34531248,0.50297135,0.083885774,tuning
1505,2468,0.01572368,0.33285213,0.5034932,0.08092591,tuning
1506,2469,0.0064723846,0.39031002,0.50107074,0.09404391,tuning
1507,2470,0.011039895,0.35902312,0.5022056,0.08689738,tuning
1511,2474,0.018065877,0.3676081,0.5038326,0.08875211,tuning
1513,2476,0.007970468,0.28878316,0.5017304,0.07071547,tuning
1515,2485,0.00839112,0.39788747,0.50178456,0.096006356,tuning
1517,2490,-0.0029174653,0.2989377,0.4992746,0.07326238,tuning
1521,2496,-0.034107856,0.4024853,0.49166572,0.09712382,tuning
1526,2502,-0.0048685498,0.38938203,0.49880314,0.09420822,tuning
1528,2505,-6.7887624e-05,0.33390206,0.4998775,0.08140765,tuning
1531,2513,0.014734149,0.33227295,0.5032761,0.080825716,tuning
1533,2517,0.0017400028,0.31553856,0.500077,0.076957874,tuning
1539,2524,0.046593223,0.34777537,0.51066774,0.08403434,tuning
1542,2527,0.023994936,0.31261852,0.50535935,0.07610595,tuning
1543,2528,0.009110608,0.29926842,0.501858,0.07311569,tuning
1544,2529,0.016143955,0.29318458,0.50354135,0.071677715,tuning
1545,2530,0.039535075,0.31064686,0.50917554,0.07559017,tuning
1546,2531,0.04940157,0.30847916,0.5115753,0.074945845,tuning
1550,2539,-0.026036583,0.4117502,0.49376598,0.09922883,tuning
1559,2553,0.04599826,0.37543464,0.5101599,0.090206005,tuning
1562,2558,0.020309534,0.37165976,0.5046931,0.090002775,tuning
1567,2568,0.030784773,0.32997215,0.5072839,0.080317184,tuning
1569,2571,-0.0016419436,0.32597607,0.49963963,0.079685204,tuning
1570,2572,-0.029590286,0.37930772,0.49275038,0.091888726,tuning
1574,2581,-0.020076595,0.40650168,0.49498478,0.09801393,tuning
1576,2583,-0.036354106,0.32751015,0.49116978,0.07997574,tuning
1582,2598,-0.017581703,0.43442813,0.49549118,0.104224324,tuning
1584,2600,-0.06381108,0.30220157,0.48448318,0.07397727,tuning
1585,2605,0.015593499,0.33843517,0.5035255,0.08231323,tuning
1586,2606,-0.022981444,0.39400613,0.49435717,0.095201105,tuning
1591,2613,0.017963817,0.31192967,0.50412285,0.076120764,tuning
1594,2617,-0.06233843,0.332187,0.48487106,0.080988035,tuning
1596,2622,-0.023345403,0.3677996,0.49429142,0.08928906,tuning
1599,2628,-0.032217488,0.291711,0.49211842,0.07152985,tuning
1604,2640,0.021971,0.30246198,0.5049873,0.07380699,tuning
1606,2642,0.065997005,0.3229088,0.5155915,0.07819085,tuning
1607,2643,0.07019958,0.30777413,0.5168145,0.07479135,tuning
1608,2644,0.05867018,0.49929947,0.5113599,0.116734274,tuning
1610,2648,0.05608715,0.49506444,0.5108668,0.11592419,tuning
1615,2657,0.0011995666,0.3538473,0.49968374,0.08573239,tuning
1618,2662,0.02940292,0.36815336,0.50613093,0.088680305,tuning
1619,2664,0.02976454,0.37127906,0.5062514,0.08947502,tuning
1623,2670,0.05585411,0.36496308,0.5125555,0.08771535,tuning
1625,2672,-0.0033339346,0.33578563,0.49904284,0.08183272,tuning
1626,2676,0.010133129,0.3416664,0.5022972,0.08313985,tuning
1629,2683,-0.01836554,0.42040083,0.4955624,0.1012148,tuning
1630,2686,-0.027122522,0.35143638,0.49341345,0.08549091,tuning
1631,2687,-0.034661874,0.3561309,0.4915895,0.08664001,tuning
1632,2688,0.013577008,0.3559619,0.50305116,0.086380884,tuning
1633,2690,-0.030863484,0.41648266,0.49262816,0.10037376,tuning
1634,2692,-0.0051437113,0.3412332,0.49874198,0.083147585,tuning
1635,2693,-0.022778146,0.38369003,0.49439472,0.09295032,tuning
1636,2694,0.017126378,0.41340256,0.50386035,0.09943774,tuning
1638,2699,-0.016556766,0.32022408,0.49575514,0.07815731,tuning
1639,2700,-0.053939246,0.38527846,0.48715973,0.09326159,tuning
1640,2701,0.033424415,0.3000104,0.5080407,0.07336929,tuning
1641,2702,-0.014728244,0.40441912,0.49627605,0.09748666,tuning
1643,2707,-0.0040164944,0.31895337,0.4989263,0.0779086,tuning
1644,2709,-0.028108917,0.36475116,0.493202,0.08859561,tuning
1645,2710,-0.053097267,0.3662804,0.4872626,0.08896703,tuning
1646,2712,-0.03410365,0.36431983,0.4917505,0.08840454,tuning
1647,2713,0.011015066,0.33241555,0.502549,0.081010655,tuning
1649,2716,-0.007925116,0.37402415,0.49766555,0.09049818,tuning
1650,2717,0.009885143,0.37387586,0.50199556,0.09038737,tuning
1651,2718,-0.049894024,0.43742904,0.48810324,0.10501782,tuning
1652,2719,0.027572509,0.3390174,0.50654376,0.08247865,tuning
1653,2720,0.032859966,0.34525803,0.5077479,0.083791845,tuning
1655,2722,-0.009101371,0.3205807,0.49770102,0.078302555,tuning
1657,2724,-0.026651612,0.39623442,0.493451,0.09577871,tuning
1660,2728,0.048633397,0.41882652,0.5102645,0.0997165,tuning
1661,2729,0.025563665,0.39529178,0.5050833,0.09477994,tuning
1665,2734,0.008959743,0.3589811,0.5017061,0.08688435,tuning
1666,2735,0.019289192,0.33104056,0.5043696,0.08049582,tuning
1667,2736,0.0006443949,0.41121635,0.499707,0.09883204,tuning
1671,2745,0.041045718,0.37395042,0.5093652,0.09006038,tuning
1672,2746,0.008886001,0.35927263,0.5017618,0.086983554,tuning
1673,2747,0.04446969,0.41884664,0.5093948,0.09974725,tuning
1676,2750,0.007312303,0.3854866,0.50138104,0.093044706,tuning
1680,2761,-0.017134162,0.3544969,0.49591276,0.08630308,tuning
1681,2762,0.0009966327,0.3517705,0.50027204,0.0856706,tuning
1682,2763,-0.023270408,0.31018308,0.4943012,0.07592827,tuning
1683,2764,0.03204702,0.36809352,0.5068924,0.08866906,tuning
1685,2770,-0.050883327,0.4244099,0.48788616,0.10208139,tuning
1687,2772,-0.019917693,0.416995,0.49508306,0.1004983,tuning
1689,2779,0.0011712863,0.40950477,0.49954537,0.09821586,tuning
1696,2788,-0.007090362,0.42947072,0.49752733,0.10278634,tuning
1701,2793,-0.011481584,0.38934872,0.49694824,0.09409586,tuning
1702,2794,0.016352754,0.38829935,0.5034118,0.09353246,tuning
1703,2795,0.022671884,0.41207328,0.50481194,0.098847836,tuning
1704,2796,-0.009754227,0.41694927,0.49721357,0.100214414,tuning
1709,2802,0.021967249,0.30101624,0.5051115,0.07353471,tuning
1710,2803,0.016074168,0.32673314,0.5036142,0.0795643,tuning
1712,2805,0.016173188,0.36679587,0.50369334,0.08887246,tuning
1719,2819,0.033202283,0.31491944,0.50767666,0.076637715,tuning
1720,2822,0.014503456,0.31378242,0.5033004,0.076552026,tuning
1721,2826,-0.028852135,0.31652728,0.492932,0.077414356,tuning
1722,2827,0.022763165,0.31462553,0.5054096,0.07676769,tuning
1726,2840,0.009310441,0.3178853,0.5021677,0.077668,tuning
1735,2859,-0.011710569,0.3560553,0.4968776,0.08638934,tuning
1737,2861,-0.015476797,0.39236787,0.49603066,0.09480713,tuning
1741,2867,-0.009096675,0.3424449,0.4975301,0.083251305,tuning
1744,2871,-0.00053533167,0.3422022,0.49935415,0.083055094,tuning
1745,2872,0.0065691546,0.31204605,0.501299,0.07615394,tuning
1747,2875,0.0117976535,0.3462918,0.50258565,0.08408886,tuning
1751,2881,-0.0063989135,0.3085746,0.49830115,0.07545481,tuning
1756,2889,-0.03249121,0.43536648,0.49219185,0.10452138,tuning
1757,2890,-0.023264477,0.35234708,0.49434656,0.08570934,tuning
1762,2901,0.012215747,0.30712098,0.5026084,0.07491279,tuning
1766,2906,0.028606713,0.36890164,0.50663525,0.08930316,tuning
1767,2907,-0.009130886,0.43415377,0.49764082,0.10418512,tuning
1768,2908,-0.032086905,0.3809714,0.4922834,0.09224207,tuning
1769,2912,-0.05207383,0.36353582,0.4874338,0.08823064,tuning
1770,2915,-0.009602528,0.40997276,0.4970362,0.09846557,tuning
1771,2916,-0.019123616,0.2897646,0.49520084,0.07104339,tuning
1772,2917,0.0030015765,0.3308106,0.50040793,0.08048503,tuning
1773,2918,0.019202497,0.40381083,0.5042206,0.09720925,tuning
1774,2919,0.01965236,0.3474675,0.50432664,0.084219456,tuning
1776,2921,0.019739406,0.3154198,0.5043276,0.07681007,tuning
1777,2922,0.019732025,0.3160687,0.50423646,0.0768831,tuning
1788,2941,0.050616745,0.38541546,0.51114285,0.09240524,tuning
1789,2942,0.048694715,0.3684299,0.51115847,0.088711485,tuning
1791,2944,0.035003506,0.32890528,0.50786835,0.07978119,tuning
1792,2946,0.017753486,0.37978506,0.50338554,0.091421135,tuning
1793,2947,0.03984879,0.30177644,0.5092106,0.07347859,tuning
1795,2949,0.035498288,0.31450492,0.5080295,0.07642864,tuning
1796,2950,0.032850537,0.37068498,0.50731695,0.08938,tuning
1797,2951,0.044379063,0.31231254,0.5102504,0.075884566,tuning
1799,2953,0.050686937,0.3593531,0.51193595,0.08685631,tuning
1801,2959,-0.015314775,0.37754261,0.4962856,0.09144308,tuning
1802,2961,-0.020429198,0.40399218,0.49486727,0.0974524,tuning
1804,2966,-0.011421219,0.38216507,0.497203,0.09249132,tuning
1806,2968,-0.0032210404,0.33881432,0.49889168,0.08246366,tuning
1809,2971,0.0029493799,0.30788493,0.50039047,0.075205326,tuning
1811,2973,-0.02460348,0.43255,0.49395433,0.10383183,tuning
1814,2976,-0.039353825,0.36386225,0.49051216,0.0883496,tuning
1818,2986,0.04078223,0.3185577,0.50966734,0.077551566,tuning
1821,2989,0.037805155,0.2728707,0.50897485,0.06676936,tuning
1822,2990,0.01081582,0.2764884,0.5024202,0.06776971,tuning
1823,2991,0.040999383,0.2763396,0.50966674,0.0675101,tuning
1824,2993,0.03928638,0.29111767,0.5091413,0.0709787,tuning
1825,2995,0.024449416,0.34233534,0.5057628,0.083231576,tuning
1827,2997,-0.05607058,0.44791377,0.48682606,0.10737448,tuning
1828,3000,-0.03769566,0.32444748,0.4909126,0.079277806,tuning
1829,3004,0.013759378,0.4106244,0.5030176,0.09886119,tuning
1831,3006,-0.011848748,0.38699913,0.497105,0.09358847,tuning
1832,3007,-0.036289103,0.3818224,0.49134937,0.092538215,tuning
1836,3016,0.012408308,0.3434291,0.50261194,0.083397485,tuning
1838,3018,0.0034330843,0.32150853,0.50058144,0.07844105,tuning
1839,3019,-0.011928284,0.36606997,0.4968883,0.08869775,tuning
1840,3020,-0.02167923,0.31795627,0.49457183,0.07761474,tuning
1845,3030,0.03321127,0.38240558,0.5070331,0.09184997,tuning
1846,3032,0.026741154,0.2854863,0.50614077,0.06977164,tuning
1847,3033,0.019043468,0.30495965,0.50443476,0.07449265,tuning
1848,3034,0.026927419,0.33823928,0.5059848,0.082022555,tuning
1849,3035,0.028878642,0.41132715,0.5056584,0.09825878,tuning
1853,3039,0.0060568657,0.42179626,0.5007568,0.10103064,tuning
1857,3044,0.017387562,0.32732275,0.50400877,0.07971031,tuning
1862,3052,-0.044555087,0.42875466,0.48945475,0.10305127,tuning
1863,3053,-0.011147498,0.33842087,0.4971391,0.082410775,tuning
1866,3060,0.0017471607,0.38478088,0.5000165,0.09290461,tuning
1867,3061,0.045063823,0.4623767,0.5087712,0.10910793,tuning
1871,3067,-0.0071048206,0.40275887,0.49794313,0.09700292,tuning
1872,3068,0.020529954,0.37233627,0.50435424,0.08978907,tuning
1873,3070,-0.021483557,0.34079352,0.494493,0.08291453,tuning
1874,3071,0.031526983,0.3345876,0.5072145,0.08115806,tuning
1876,3074,0.009790111,0.32286096,0.50183475,0.07852569,tuning
1883,3082,-0.006445132,0.30121928,0.49833578,0.07372641,tuning
1884,3083,-0.019804435,0.40403673,0.4952317,0.09756571,tuning
1886,3087,-0.010503484,0.40343562,0.49707884,0.09711552,tuning
1891,3093,0.013988429,0.32549766,0.502906,0.07907264,tuning
1893,3095,0.058294382,0.49439803,0.51146704,0.11566818,tuning
1895,3097,0.054453533,0.5050973,0.510425,0.11789096,tuning
1896,3098,0.0067378758,0.38007608,0.501103,0.09166099,tuning
1897,3099,0.0022313234,0.37680718,0.49999517,0.09095292,tuning
1899,3101,-0.018919814,0.29546973,0.49517483,0.072367005,tuning
1900,3102,0.012596414,0.30058423,0.5028128,0.07342747,tuning
1902,3104,-0.0077292565,0.34957507,0.49786747,0.084961876,tuning
1903,3105,0.022965444,0.35839084,0.5050639,0.08663001,tuning
1904,3107,0.004052905,0.30713284,0.5007426,0.0750275,tuning
1905,3108,-0.02534372,0.37966165,0.493736,0.09189036,tuning
1907,3111,0.015225674,0.38708612,0.5030639,0.09318516,tuning
1909,3113,0.005907792,0.29555658,0.5013624,0.072414525,tuning
1910,3114,-0.01723458,0.35557583,0.49586487,0.08654941,tuning
1915,3129,-0.024170063,0.39217883,0.49424854,0.09481541,tuning
1924,3147,0.014303058,0.36198068,0.5033273,0.08784812,tuning
1925,3148,0.00056343153,0.36244807,0.4999808,0.08790004,tuning
1926,3152,0.017096192,0.37597513,0.50337225,0.09053044,tuning
1927,3153,0.057859436,0.36713922,0.5130351,0.08822067,tuning
1928,3155,-0.01408429,0.37255013,0.49642053,0.09029171,tuning
1931,3159,-0.033367593,0.34611425,0.49198368,0.08432503,tuning
1932,3160,-0.013310729,0.3755669,0.4967742,0.091032945,tuning
1933,3163,-0.019942764,0.36722913,0.4951874,0.08914695,tuning
1936,3168,0.02189696,0.35697496,0.5045729,0.08627007,tuning
1938,3173,-0.009931288,0.38708904,0.49738395,0.09349953,tuning
1939,3174,-0.010250615,0.3855828,0.4975075,0.09331526,tuning
1940,3175,-0.02935444,0.36251104,0.4929033,0.08810137,tuning
1941,3176,-0.042810664,0.34626034,0.48969534,0.0843241,tuning
1943,3178,0.0005416299,0.3934777,0.49984014,0.09489589,tuning
1944,3179,1.1214365e-05,0.36457375,0.49985075,0.088409804,tuning
1948,3185,-0.015180613,0.37638748,0.4962464,0.09120139,tuning
1949,3186,-0.0039170887,0.39298293,0.49885213,0.09479752,tuning
1950,3189,-0.041536383,0.44226053,0.49002504,0.10612149,tuning
1952,3194,0.03532624,0.37902758,0.50770646,0.09111016,tuning
1953,3196,0.051440913,0.41015148,0.5110548,0.09780757,tuning
1954,3197,0.026389787,0.27547455,0.5062577,0.06748919,tuning
1955,3198,0.031382434,0.37592363,0.50684094,0.090514615,tuning
1958,3201,0.04444718,0.3716898,0.50994307,0.08939303,tuning
1960,3204,0.027646577,0.32166073,0.50626916,0.07817282,tuning
1962,3208,0.009394477,0.31932503,0.50212294,0.07792551,tuning
1963,3210,0.009631749,0.41842914,0.5017557,0.100341804,tuning
1974,3243,0.019123554,0.41632378,0.50416446,0.09988268,tuning
1975,3244,0.007003695,0.39983067,0.50098145,0.096090816,tuning
1977,3247,0.004174376,0.38813224,0.5006331,0.09367099,tuning
1978,3248,0.044441253,0.4197582,0.5102115,0.10053109,tuning
1979,3249,0.020820417,0.3252528,0.5048071,0.07920099,tuning
1980,3250,0.006712101,0.3399742,0.50134397,0.08262064,tuning
1981,3251,0.006852661,0.34228054,0.5013254,0.08314374,tuning
1982,3252,0.008957653,0.35489383,0.501858,0.086040646,tuning
1983,3253,-0.02360028,0.3952553,0.49417987,0.09547012,tuning
1984,3254,0.0019491828,0.405196,0.5001559,0.097577766,tuning
1986,3256,0.03627558,0.3066713,0.5086078,0.07480309,tuning
1988,3258,0.0031867947,0.40149805,0.5004661,0.096733674,tuning
1989,3259,0.014794652,0.34829035,0.50321865,0.08446705,tuning
1991,3261,0.0018115458,0.38444537,0.50009716,0.092818074,tuning
1993,3263,-0.02014098,0.41468695,0.49495023,0.09976468,tuning
1994,3264,-0.020389143,0.38124165,0.49480948,0.09226037,tuning
1995,3265,-0.0040867706,0.31579608,0.49896282,0.07720726,tuning
1997,3267,-0.017845351,0.2993287,0.4955545,0.073337644,tuning
1999,3269,0.019232413,0.32692868,0.504411,0.079585634,tuning
2000,3271,0.016464952,0.3872368,0.50355744,0.0933624,tuning
2003,3274,0.0220769,0.276409,0.50524795,0.06777266,tuning
2005,3285,-0.0018887094,0.36440462,0.49935594,0.08842541,tuning
2008,3296,0.047204413,0.39531833,0.5102763,0.094584964,tuning
2009,3298,-0.011313319,0.3736561,0.4970461,0.0904607,tuning
2011,3300,-0.04578847,0.3070748,0.48884848,0.07517833,tuning
2013,3307,0.051528532,0.51047045,0.50957245,0.119104534,tuning
2014,3308,0.01757683,0.41446602,0.503566,0.099355616,tuning
2017,3317,-0.022552064,0.40927312,0.49465868,0.09871422,tuning
2022,3328,-0.010604452,0.37639064,0.4973785,0.09118286,tuning
2024,3334,0.05129311,0.41640913,0.51089424,0.09918156,tuning
2028,3347,0.021512456,0.36118805,0.50477314,0.08739234,tuning
2030,3354,0.0045500807,0.31678858,0.5010067,0.077386655,tuning
2033,3358,-0.023053726,0.3860912,0.4941772,0.09329823,tuning
2034,3359,0.032016773,0.3451707,0.50723535,0.08353974,tuning
2035,3360,0.012818832,0.36183885,0.50266945,0.08756931,tuning
2038,3363,0.021745093,0.39294428,0.5044497,0.09439897,tuning
2040,3365,0.031524595,0.36198524,0.5067249,0.08726326,tuning
2041,3366,0.042662434,0.3193514,0.5098192,0.0775298,tuning
2046,3384,0.028828926,0.29402116,0.5066664,0.07178531,tuning
2048,3386,-0.0024103324,0.32656795,0.49923265,0.07955698,tuning
2050,3388,0.016571708,0.42325184,0.5033275,0.10138832,tuning
2053,3394,0.03663094,0.36335403,0.5084336,0.087785244,tuning
2054,3396,0.0008113351,0.38282642,0.49972022,0.09249145,tuning
2055,3397,-0.013692135,0.35891667,0.49626637,0.08702925,tuning
2056,3398,-0.0060019386,0.34929308,0.49823013,0.0848486,tuning
2059,3404,0.030109502,0.40076476,0.50602376,0.095959336,tuning
2066,3418,-0.03356763,0.34017324,0.4916615,0.08281977,tuning
2068,3421,-0.009035679,0.39353108,0.49734375,0.09489124,tuning
2069,3422,-0.028133107,0.37964442,0.4929349,0.09186306,tuning
2071,3424,-0.020783544,0.39478585,0.4947836,0.0952862,tuning
2073,3426,0.0017934077,0.36018783,0.5001392,0.08732621,tuning
2075,3429,-0.0279888,0.38691542,0.4931637,0.09361667,tuning
2076,3430,0.013454776,0.33866915,0.5026877,0.08216744,tuning
2079,3435,0.051824376,0.4284772,0.51084983,0.10176422,tuning
2082,3439,0.032102663,0.28984126,0.50767034,0.07089001,tuning
2084,3441,0.009210569,0.28445047,0.5019486,0.06962197,tuning
2085,3444,-0.007687658,0.2465393,0.49797598,0.06072738,tuning
2090,3451,0.029317826,0.38402426,0.50611496,0.09220826,tuning
2091,3452,-0.004436412,0.31611538,0.4988244,0.07724897,tuning
2096,3461,0.0432469,0.35333285,0.50965923,0.08523164,tuning
2098,3466,-0.021894824,0.3498678,0.49457556,0.08508549,tuning
2099,3467,0.03511655,0.35143358,0.50772274,0.08487991,tuning
2101,3469,0.050848298,0.4228877,0.5108332,0.10062376,tuning
2103,3471,0.0066687474,0.33399567,0.50117993,0.08117033,tuning
2107,3478,0.026277982,0.36595768,0.5058176,0.08840192,tuning
2108,3479,0.018409993,0.30479828,0.5041826,0.07438461,tuning
2110,3481,-0.034924388,0.4510313,0.49179894,0.10808257,tuning
2112,3484,0.0021915701,0.3334385,0.500375,0.08126826,tuning
2114,3489,0.016352246,0.32457507,0.5037213,0.07906196,tuning
2116,3494,0.029666603,0.32535517,0.5065797,0.078969285,tuning
2118,3498,0.037592337,0.37405312,0.50834775,0.09001468,tuning
2119,3499,-0.015176703,0.36605301,0.49613565,0.088892475,tuning
2124,3504,0.01957972,0.39255288,0.50400364,0.094353765,tuning
2125,3505,0.026162347,0.29959583,0.5061666,0.07319766,tuning
2127,3507,0.015699966,0.4322766,0.5027558,0.10317127,tuning
2128,3508,0.024876857,0.31224746,0.50564635,0.0760431,tuning
2130,3510,-0.033348337,0.343306,0.49187347,0.08358407,tuning
2132,3512,-0.012155876,0.36427107,0.49692938,0.08837011,tuning
2136,3516,0.026759911,0.4217194,0.5051109,0.10059861,tuning
2139,3524,0.00879648,0.37680966,0.501576,0.090959944,tuning
2141,3526,0.0042778486,0.40074977,0.50055516,0.09641496,tuning
2143,3528,0.018544419,0.3662508,0.5041086,0.088595785,tuning
2145,3534,-0.03071489,0.44750893,0.49252236,0.10723798,tuning
2146,3535,-0.060362253,0.37575114,0.4855857,0.091098495,tuning
2147,3536,-0.023841146,0.42253172,0.49423403,0.101667635,tuning
2149,3543,0.017071875,0.38315278,0.5036528,0.09242541,tuning
2151,3545,-0.011233445,0.31678993,0.4967954,0.077229545,tuning
2152,3546,0.039086804,0.39136365,0.5083221,0.09379726,tuning
2154,3548,0.028270628,0.42029035,0.50547624,0.10023122,tuning
2155,3549,0.045342214,0.38456613,0.509784,0.092215404,tuning
2157,3551,0.019913545,0.30797103,0.504488,0.07513037,tuning
2158,3552,0.011351845,0.39111918,0.50221294,0.094236076,tuning
2161,3555,-0.01740342,0.29711217,0.49570307,0.07282994,tuning
2165,3565,0.0052268407,0.41064844,0.501003,0.09889869,tuning
2166,3566,-0.033273093,0.41971257,0.4918578,0.1010152,tuning
2170,3578,0.0013841114,0.30806962,0.5003514,0.07544257,tuning
2174,3591,0.033542898,0.4024866,0.50726455,0.09638839,tuning
2175,3593,0.037074525,0.3130425,0.5088811,0.07634466,tuning
2182,3608,-0.035312228,0.4156834,0.49122408,0.100013,tuning
2184,3614,0.008789289,0.3695565,0.50180113,0.08943923,tuning
2185,3615,-0.028237505,0.3397282,0.4930652,0.08279471,tuning
2187,3617,-0.019594206,0.42770597,0.49516425,0.10275785,tuning
2191,3623,-0.018027602,0.29882634,0.49551854,0.07319631,tuning
2192,3624,-0.023582898,0.28725716,0.4942458,0.0705444,tuning
2196,3633,0.037585504,0.28742984,0.50875133,0.07011313,tuning
2198,3635,0.020959988,0.27396074,0.5048039,0.06707971,tuning
2199,3638,0.024227649,0.28890422,0.50556797,0.070578314,tuning
2200,3639,0.03215954,0.27966517,0.5075246,0.068371974,tuning
2203,3649,0.038565148,0.3688785,0.5086577,0.08887338,tuning
2205,3654,0.045320757,0.36732087,0.51000315,0.08837923,tuning
2210,3668,0.048973575,0.38082445,0.51088005,0.09135442,tuning
2212,3671,0.010881134,0.3623822,0.5020564,0.08766594,tuning
2214,3675,0.02757635,0.37001938,0.50570947,0.08917204,tuning
2218,3681,0.019341245,0.32810667,0.5040692,0.07970337,tuning
2219,3682,0.032454226,0.3122011,0.50735384,0.075886786,tuning
2220,3683,0.015731083,0.33182746,0.5035383,0.08072199,tuning
2221,3684,-0.0048215007,0.3674575,0.4985422,0.08903088,tuning
2222,3685,0.0035958572,0.36433718,0.5005043,0.08820898,tuning
2223,3686,-0.0024235514,0.29867616,0.49920934,0.07310394,tuning
2224,3688,0.022292089,0.3986935,0.50474495,0.09574526,tuning
2230,3697,0.0035141748,0.27674195,0.5006967,0.06791304,tuning
2231,3698,0.023662355,0.2825898,0.5055539,0.06914444,tuning
2232,3699,0.010279179,0.3501955,0.5020282,0.08487235,tuning
2233,3700,-0.0047561955,0.35548502,0.4985005,0.08625323,tuning
2234,3701,0.02982688,0.35069424,0.50679624,0.08491771,tuning
2236,3703,0.008630423,0.2970853,0.5018925,0.07272313,tuning
2237,3704,0.0032240227,0.29736426,0.5005221,0.072698995,tuning
2239,3706,-0.016007772,0.29995015,0.49593428,0.07341094,tuning
2240,3707,0.020608705,0.36440334,0.5045323,0.08807589,tuning
2241,3708,0.04084319,0.33933908,0.50943357,0.082181916,tuning
2244,3712,-0.007585782,0.43789148,0.4977949,0.10485315,tuning
2249,3717,0.0005575435,0.31530833,0.5000052,0.07703424,tuning
2252,3723,0.0031475807,0.3717052,0.500402,0.08989326,tuning
2259,3730,0.014493827,0.36819682,0.50290006,0.088900946,tuning
2264,3740,-0.020912312,0.31809267,0.49469668,0.07765002,tuning
2265,3741,0.023842465,0.36820057,0.50507444,0.08880925,tuning
2266,3742,0.061742708,0.5333869,0.5115545,0.12366201,tuning
2269,3745,-0.025500305,0.3209094,0.49375588,0.078410015,tuning
2272,3751,-0.038821936,0.37625957,0.49068445,0.091270484,tuning
2273,3752,-0.012531664,0.41717136,0.49687016,0.10041094,tuning
2274,3753,-0.016437199,0.3145613,0.49596113,0.07691817,tuning
2275,3754,-0.023797832,0.39040795,0.49419034,0.09448276,tuning
2276,3755,-0.031005105,0.32115367,0.49248177,0.07850224,tuning
2279,3763,0.0018457571,0.3128886,0.50011325,0.07631395,tuning
2280,3764,0.042673424,0.3209846,0.5101131,0.07807569,tuning
2285,3770,0.012357463,0.33216769,0.5026133,0.080757834,tuning
2289,3783,-0.0029937262,0.3815234,0.49922025,0.09236357,tuning
2291,3785,-0.010473109,0.37287107,0.49737754,0.09040312,tuning
2294,3788,0.03831362,0.35721382,0.50844425,0.0861721,tuning
2296,3791,0.04472655,0.38794678,0.510023,0.09307895,tuning
2298,3793,-0.012151737,0.3086327,0.49708045,0.075602494,tuning
2301,3798,-0.029268198,0.31694505,0.49280304,0.07748926,tuning
2304,3802,0.025291942,0.31341395,0.5059561,0.07640727,tuning
2306,3809,-0.014752405,0.42042732,0.49614415,0.10098496,tuning
2308,3811,0.007812712,0.3312489,0.5014923,0.08056103,tuning
2309,3812,0.01982462,0.39778066,0.5039243,0.095410876,tuning
2311,3814,0.022333635,0.40908286,0.504635,0.098065756,tuning
2312,3819,-0.019740993,0.4006654,0.49502856,0.09667713,tuning
2313,3821,-0.008970138,0.4267588,0.49764532,0.10250447,tuning
2317,3825,0.014486758,0.37318712,0.50322074,0.09028587,tuning
2318,3826,-0.0008081827,0.32592863,0.49972942,0.079531126,tuning
2319,3827,-0.019683752,0.2974102,0.49519718,0.07290332,tuning
2323,3836,0.01704615,0.32100195,0.5037105,0.078128316,tuning
2327,3844,0.026261892,0.37207025,0.5057962,0.08976486,tuning
2329,3852,-0.04702159,0.43920264,0.488814,0.105357796,tuning
2333,3863,-0.051535647,0.3187534,0.48751062,0.07790977,tuning
2336,3868,-0.021509651,0.39024445,0.4946001,0.094267055,tuning
2337,3869,-0.00772893,0.39791295,0.49778113,0.0959215,tuning
2338,3871,0.072389536,0.434701,0.515657,0.10280381,tuning
2340,3873,0.04188789,0.3923835,0.50902265,0.09396419,tuning
2345,3893,-0.051285725,0.382654,0.48767725,0.09268394,tuning
2348,3897,0.0026480306,0.39368916,0.5006477,0.09518018,tuning
2352,3911,-0.037350815,0.4456318,0.4912521,0.10689081,tuning
2355,3916,-0.0030887153,0.3751882,0.4990441,0.09084091,tuning
2356,3917,-0.022023154,0.30575228,0.49442917,0.07483262,tuning
2367,3932,0.058896124,0.48069465,0.51178044,0.112857714,tuning
2372,3948,-0.05963804,0.4439351,0.48584446,0.10637712,tuning
2373,3949,-0.0103046,0.3560518,0.49747196,0.08651883,tuning
2374,3952,-0.034360312,0.36106363,0.49171755,0.087702386,tuning
0,1,-0.041847218,0.40754208,0.48980984,0.09914247,final
1,2,-0.0042306134,0.3760364,0.49897146,0.09172919,final
2,3,0.012647664,0.37877586,0.5030961,0.09240293,final
4,5,0.0215545,0.38950735,0.5052297,0.09491163,final
5,6,-0.056613047,0.32754162,0.48624384,0.08035429,final
6,7,0.015061195,0.3828307,0.5036016,0.093328066,final
9,10,0.0001398416,0.33522612,0.49999195,0.08214971,final
10,11,-0.026182065,0.3944581,0.49355915,0.096099265,final
15,16,-0.019313544,0.34448206,0.4952587,0.08442835,final
16,17,-0.017736558,0.41927296,0.49556175,0.10184382,final
18,19,0.031468276,0.37878716,0.50770825,0.09240599,final
20,21,-0.057688024,0.3825254,0.48605856,0.09329367,final
21,22,0.015659066,0.3541294,0.50376445,0.08666671,final
23,24,0.0149914855,0.40132985,0.50348514,0.09763054,final
24,25,-0.07288945,0.36150807,0.48233998,0.08834002,final
28,29,-0.07216049,0.37001726,0.48250028,0.09034675,final
31,32,-0.056459174,0.37260324,0.48627833,0.09102631,final
32,34,-0.052742016,0.44383305,0.48725998,0.10748371,final
34,36,-0.0039766855,0.4069432,0.49875438,0.09900823,final
35,39,-0.0027488065,0.41955084,0.49926478,0.10187605,final
36,41,-0.020276088,0.383968,0.49492243,0.093710914,final
37,42,0.040362213,0.3735031,0.50971645,0.09114419,final
39,44,0.011803424,0.35769325,0.5028425,0.087420814,final
40,45,-0.05103189,0.41066557,0.4877286,0.09980144,final
42,47,-0.05234104,0.32317048,0.48722363,0.079378776,final
43,48,0.043266315,0.38430956,0.51044106,0.093639255,final
44,50,-0.045935996,0.3287774,0.4887771,0.0806963,final
45,52,-0.08020963,0.36979318,0.48063436,0.09022982,final
47,58,-0.01967775,0.39804846,0.49502054,0.096982405,final
48,60,-0.017602226,0.37723336,0.4958104,0.09200884,final
50,62,0.026941705,0.3923604,0.50624835,0.09549059,final
55,69,-0.08116094,0.35686016,0.4803731,0.08716209,final
56,70,-0.020630427,0.31338885,0.4950159,0.07702379,final
59,73,-0.026226005,0.380644,0.49357,0.0928516,final
66,86,-0.0142427385,0.3653552,0.49659702,0.08926342,final
69,89,0.026943415,0.34352332,0.50650525,0.08409949,final
73,95,0.026010854,0.33519334,0.5063293,0.082140595,final
75,101,-0.08746528,0.37417966,0.47894356,0.091168925,final
76,104,-0.059090946,0.37138528,0.48574024,0.09064995,final
77,105,-0.0020360234,0.38653007,0.49953032,0.09424118,final
78,107,-0.04485121,0.39139494,0.4892534,0.09528825,final
79,110,-0.042157155,0.38073733,0.4897585,0.09287995,final
80,111,-0.014448447,0.4184359,0.4957747,0.10151152,final
81,112,-0.070194334,0.32600272,0.48296627,0.079892255,final
86,125,-0.07030376,0.37281138,0.48301995,0.090960935,final
91,141,-0.052446384,0.3689256,0.48732343,0.090078965,final
92,144,-0.04119803,0.36906746,0.49008957,0.09011002,final
93,145,-0.012459671,0.34862784,0.49695247,0.08533906,final
95,150,0.013301191,0.4001825,0.5028433,0.09736188,final
96,151,-0.022774972,0.38510594,0.49445575,0.09391097,final
98,153,0.072531655,0.36505052,0.5175592,0.08902082,final
103,158,0.010121563,0.41420826,0.5024483,0.10051903,final
105,160,0.073634185,0.39406097,0.5177554,0.09585046,final
106,161,-0.009052949,0.34038574,0.4977109,0.08345915,final
107,162,-0.056573953,0.29439482,0.4861312,0.072504595,final
108,163,-0.015523397,0.36233845,0.49622127,0.0885764,final
109,164,-0.047130868,0.29634812,0.48851082,0.0729236,final
110,165,-0.009998747,0.32824793,0.49748176,0.080556765,final
112,168,0.041088443,0.39168835,0.50987655,0.09534039,final
114,170,0.0033613741,0.3296126,0.5007762,0.08086718,final
116,172,0.041572347,0.34631327,0.5100574,0.08472227,final
117,173,0.05034577,0.40339783,0.51213163,0.0980091,final
119,175,-0.020660391,0.40683493,0.49492353,0.09894805,final
120,176,-0.059093468,0.3738897,0.4856506,0.091295205,final
122,180,-0.05636561,0.3487684,0.48637474,0.08531005,final
124,185,0.05522353,0.36917642,0.5132884,0.09003517,final
125,186,0.01233397,0.39207008,0.50310594,0.09549607,final
130,193,0.06555628,0.46649134,0.5155623,0.11241416,final
131,194,-0.01232717,0.4284994,0.4968968,0.10400243,final
133,196,0.034140214,0.37368014,0.5081982,0.09119279,final
134,198,-0.029047575,0.35195217,0.49296644,0.08611683,final
136,203,-0.017456466,0.37821138,0.49584204,0.09226038,final
137,204,0.023927923,0.36265394,0.5058257,0.08860482,final
140,207,0.005574089,0.38692394,0.5012896,0.09434606,final
141,208,0.0079489965,0.36551222,0.5019529,0.089319445,final
144,216,0.018800642,0.36841246,0.5045976,0.089931525,final
147,222,0.001160519,0.399594,0.50011253,0.09725694,final
148,223,-0.056822624,0.35474592,0.48619556,0.08679495,final
149,224,-0.0009739457,0.37679183,0.4997182,0.09197384,final
150,225,0.026266454,0.3703959,0.50628746,0.090420306,final
153,230,0.00393977,0.36695024,0.50085014,0.08966216,final
154,231,-0.05722006,0.39348188,0.48628828,0.09576438,final
155,232,-0.03338703,0.3934145,0.4918288,0.095851064,final
156,233,-0.03262274,0.41982555,0.49201864,0.10193846,final
158,235,-0.057790544,0.38436973,0.48603943,0.09372929,final
159,236,-0.0041693393,0.3898002,0.49896538,0.0949727,final
160,237,-0.00032158362,0.37480834,0.49994674,0.091496974,final
163,246,-0.028226145,0.35318118,0.49302298,0.086528696,final
164,247,-0.053157564,0.35118595,0.4870322,0.085998245,final
166,249,-0.02607165,0.35204667,0.4936071,0.08623032,final
167,252,0.019658377,0.37553144,0.5047252,0.09163024,final
168,253,-0.023518324,0.37173086,0.494218,0.09076925,final
170,256,0.066377126,0.37889364,0.51601356,0.09232315,final
174,260,-0.018260684,0.37133273,0.49509054,0.090677604,final
175,261,0.026059747,0.4132048,0.5060291,0.100296505,final
177,265,-0.019537095,0.3856486,0.4950426,0.09407849,final
178,266,-0.026791466,0.3533957,0.49348986,0.08652693,final
182,272,-0.012315471,0.42108148,0.4968473,0.10226236,final
183,273,0.014906641,0.38181695,0.50351834,0.093098834,final
185,276,0.06286578,0.39417616,0.5151568,0.09589483,final
187,280,-0.024291445,0.3549899,0.4940356,0.08690319,final
188,281,-0.018147824,0.4210845,0.49544388,0.1022314,final
189,282,0.035180062,0.40960756,0.5083282,0.09949524,final
190,288,-0.044312835,0.30663353,0.48922116,0.07540159,final
193,292,0.028378725,0.3605129,0.50681996,0.08813714,final
194,293,-0.04740742,0.36045966,0.48837173,0.088235036,final
195,296,-0.045947414,0.3648706,0.48884073,0.089222506,final
197,300,-0.018436901,0.41565308,0.49531725,0.101022154,final
199,303,-0.008086463,0.37015474,0.49808004,0.090373345,final
201,306,-0.037651125,0.39060926,0.490689,0.09525038,final
202,307,-0.025822267,0.4100194,0.4935834,0.099721625,final
203,308,-0.024081001,0.40022987,0.49408266,0.09745264,final
205,314,-0.035309374,0.40143436,0.49132422,0.0977575,final
207,316,-0.0114586195,0.3307254,0.4971571,0.081139356,final
208,317,0.0047650733,0.3566047,0.50108624,0.08723186,final
209,318,0.016727991,0.39718518,0.5036776,0.09667287,final
210,319,-0.06765468,0.32585514,0.48352972,0.07994147,final
212,322,-0.04698349,0.41031247,0.48867717,0.0997356,final
214,327,0.036054276,0.356175,0.5087923,0.08710728,final
216,329,-0.027788708,0.31850207,0.49323198,0.07824815,final
219,333,-0.03716343,0.36293533,0.4910566,0.08866701,final
221,337,-0.019787785,0.40642518,0.49500623,0.09887969,final
222,338,0.018154027,0.32874,0.50440943,0.08061943,final
223,339,0.012163805,0.36126533,0.5029426,0.088318296,final
225,342,-0.048247073,0.35444802,0.48830187,0.08669085,final
226,344,-0.014180241,0.33430305,0.496553,0.08198924,final
227,345,-0.03746628,0.40384263,0.49081856,0.098259166,final
229,348,-0.06262615,0.3723553,0.48482963,0.09090218,final
230,349,-0.021416804,0.34660235,0.49476364,0.084927104,final
231,350,0.026168384,0.36749947,0.50624335,0.089777105,final
232,351,0.0043212078,0.37166625,0.5009204,0.09077292,final
234,353,-0.051911984,0.3287337,0.4873908,0.08063056,final
236,355,0.08395954,0.4224632,0.5202216,0.102324,final
237,356,-0.027017323,0.35525763,0.49335542,0.08696521,final
238,357,-0.062674075,0.37696657,0.48477733,0.09197932,final
241,361,0.02665063,0.37755895,0.5063441,0.092095606,final
242,362,0.008405145,0.3710674,0.50199896,0.090612076,final
244,364,-0.017388588,0.3828781,0.495661,0.093416005,final
246,366,-0.0038751033,0.3530302,0.49902737,0.08638305,final
247,367,-0.026127828,0.3361406,0.49365902,0.082431324,final
248,368,-0.04158398,0.32399964,0.48988158,0.079509035,final
249,370,0.006352713,0.35959378,0.5015847,0.08795147,final
250,371,0.00014488978,0.38036326,0.4999895,0.09281192,final
251,372,-0.0038850622,0.37813503,0.49913427,0.0922919,final
252,373,-0.033471867,0.33738777,0.49169984,0.08279762,final
254,376,0.015884068,0.34524074,0.50377816,0.08454634,final
255,377,-0.025687,0.3399047,0.49372223,0.083301,final
257,379,0.037927195,0.38969043,0.5091665,0.09490576,final
258,380,-0.021752205,0.36931488,0.49468988,0.090204254,final
259,381,-0.0008828582,0.4260316,0.49967703,0.10339249,final
260,382,0.007076087,0.37377885,0.5016957,0.09126838,final
261,383,0.002309878,0.32887605,0.50051093,0.08068105,final
265,405,0.076824225,0.36821184,0.5185774,0.089782,final
268,410,-0.00044082353,0.37577534,0.4999519,0.09175659,final
269,412,0.015506736,0.41872972,0.50359285,0.10167282,final
270,413,0.04874678,0.39804384,0.511765,0.09683151,final
274,417,-0.02585364,0.3747766,0.49373764,0.091461286,final
276,420,0.07254687,0.3827913,0.517454,0.09313171,final
278,423,0.03405908,0.34407744,0.5082339,0.08421865,final
281,426,0.026384834,0.35741675,0.5063614,0.087390535,final
283,428,-0.0076681916,0.3901675,0.49790797,0.095095426,final
285,431,-0.008756981,0.35574776,0.4977614,0.08706287,final
286,432,0.051862527,0.39117914,0.51258254,0.09526486,final
287,434,0.0058633196,0.32480714,0.5013993,0.07969927,final
288,435,0.049126975,0.36313006,0.5119016,0.0886878,final
292,440,-0.018989034,0.3629424,0.49528727,0.08874247,final
293,441,-0.056500692,0.389337,0.48638427,0.094856344,final
294,442,-0.00051006593,0.33996472,0.49988428,0.08334396,final
297,446,-0.029451348,0.39628676,0.4926903,0.0965749,final
298,448,-0.022477766,0.42672652,0.4944218,0.10352084,final
300,450,0.027778678,0.38391557,0.50663614,0.09358655,final
303,454,-0.028556552,0.35964742,0.49301133,0.08794347,final
304,455,0.06995911,0.4160834,0.516801,0.10087901,final
306,457,-0.04011461,0.32651946,0.49018186,0.08014013,final
310,464,0.03626414,0.35760987,0.50879717,0.087463215,final
312,466,0.033299588,0.34815207,0.5081155,0.08525904,final
313,468,-0.016903093,0.3756272,0.49590984,0.09169145,final
315,471,-0.054210298,0.3639803,0.48686096,0.08893639,final
317,474,-0.011407794,0.33608383,0.49708498,0.08242796,final
318,475,0.0018661635,0.42047858,0.50007325,0.102070056,final
321,480,-0.042863835,0.2991949,0.48954737,0.07362347,final
322,481,-0.015776038,0.3798205,0.49608463,0.09269292,final
325,485,0.037248444,0.3745834,0.50903153,0.091417976,final
330,491,0.03381066,0.4206675,0.50790787,0.10203607,final
331,492,-0.028211258,0.32670084,0.49310902,0.08020666,final
332,493,-0.027556228,0.33116376,0.49324942,0.08126738,final
333,494,-0.012128949,0.34757,0.4970133,0.08510354,final
334,497,-0.021436978,0.4052503,0.4946324,0.09865227,final
335,500,0.021393495,0.37419918,0.50513524,0.09130456,final
341,507,-0.008253178,0.35904983,0.49787807,0.087816544,final
342,508,0.00587882,0.3997522,0.50102973,0.097267844,final
343,509,-0.033097196,0.41045308,0.49195153,0.09980215,final
347,514,-0.037121683,0.35865173,0.49100494,0.08770283,final
348,515,0.0002972318,0.41613275,0.49971852,0.10105947,final
349,516,0.056418292,0.3694012,0.5135837,0.09012637,final
350,517,0.044169433,0.36348653,0.51061445,0.08874621,final
352,519,0.08436677,0.3566605,0.52052665,0.08710756,final
353,520,-0.007502357,0.36198947,0.49822378,0.08852221,final
357,524,-0.023301559,0.38465118,0.49425432,0.09382166,final
358,527,-0.0061863908,0.387174,0.49820036,0.09441944,final
360,529,-0.019331995,0.4019473,0.495072,0.097865224,final
361,531,-0.0019838363,0.4324264,0.49930668,0.104762815,final
362,532,-0.035860375,0.33895397,0.49132723,0.08306117,final
363,533,0.020178637,0.36221838,0.5048798,0.088522546,final
364,534,-0.03376993,0.37203398,0.49168333,0.09094379,final
365,535,-0.03626556,0.40178123,0.4910548,0.09782743,final
366,537,0.016809119,0.38047126,0.50402933,0.09284683,final
367,538,-0.005165668,0.4235539,0.4985592,0.10280494,final
368,539,-0.031529814,0.3584804,0.49229172,0.08767908,final
370,541,-0.042708803,0.3601304,0.48938853,0.08815898,final
371,542,0.01054565,0.36468235,0.5025769,0.08912985,final
372,543,-0.033043094,0.33849412,0.49191868,0.082989514,final
374,546,0.08530821,0.38735697,0.520608,0.0942192,final
379,551,-0.08721617,0.38226733,0.47896373,0.093119964,final
380,552,0.0060117245,0.3499806,0.50144035,0.08565961,final
381,553,-0.04550149,0.3051512,0.48884848,0.07503518,final
382,555,-0.06542893,0.3374192,0.4840445,0.082695894,final
385,562,-0.058606982,0.39703313,0.4858438,0.096632585,final
392,585,-0.009371875,0.38860855,0.49782726,0.09475477,final
393,586,-0.007850783,0.37247872,0.49804252,0.0909234,final
394,587,0.024468204,0.3416464,0.50580615,0.08365606,final
395,588,-0.029609445,0.3807437,0.4926493,0.092934795,final
396,589,-0.043798704,0.34162793,0.4893455,0.08371798,final
397,590,-0.03168701,0.36637697,0.49217525,0.08959111,final
398,592,-0.031260777,0.34731492,0.49229628,0.085106455,final
399,593,-0.03712214,0.38428253,0.4908006,0.09376492,final
400,594,0.060354114,0.62372535,0.5096713,0.14351197,final
401,595,-0.02401526,0.3883906,0.4940184,0.09470146,final
402,596,0.08688095,0.6172266,0.5160066,0.14174269,final
403,597,0.02060112,0.3691714,0.5047675,0.090162665,final
404,599,0.0011885004,0.38196456,0.49955526,0.09299045,final
405,605,0.014735874,0.37869793,0.50349087,0.09243493,final
407,608,-0.06675692,0.348803,0.48380437,0.085370235,final
409,610,-0.0037873238,0.3671137,0.49882242,0.08969447,final
410,611,0.004887631,0.34660217,0.50122714,0.084875725,final
414,616,0.05278897,0.43148133,0.51172733,0.10396986,final
416,628,-0.018045316,0.35849163,0.49553987,0.087699726,final
422,647,0.022551136,0.37720343,0.5052709,0.09200172,final
423,648,-0.008471978,0.3294708,0.49794996,0.08084531,final
425,653,-0.01219084,0.35842085,0.49704912,0.08764565,final
426,661,-0.06893286,0.41138783,0.48353422,0.09986394,final
428,663,-0.051155083,0.37026766,0.48768002,0.09039147,final
429,671,-0.04773478,0.35244712,0.4884222,0.08625083,final
430,673,0.044679303,0.38474345,0.5108584,0.093759954,final
431,674,0.029979208,0.40236226,0.5065781,0.097573854,final
432,678,-0.043301124,0.3810703,0.4893678,0.092997566,final
434,688,0.06464641,0.3734149,0.5156904,0.09109282,final
441,707,0.02641723,0.30863014,0.50645053,0.07590674,final
442,708,-0.01086655,0.37544128,0.49741447,0.09167142,final
446,719,0.0036562127,0.3683521,0.5009538,0.090004094,final
447,720,-0.06747796,0.37660527,0.48366055,0.091859266,final
448,724,0.013313611,0.40210137,0.5032158,0.09774743,final
450,728,-0.06456624,0.36087325,0.48437828,0.0881628,final
451,733,-0.02789446,0.3514036,0.49315917,0.08602347,final
453,736,0.012374441,0.3506047,0.50301284,0.08578004,final
454,737,0.05333693,0.35477042,0.51298237,0.08676553,final
455,741,-0.04931041,0.3431648,0.48798487,0.08411576,final
458,745,-0.04503301,0.37775993,0.4889758,0.092251524,final
459,748,-0.024265626,0.33856502,0.49412462,0.08296511,final
460,750,0.029322961,0.4553413,0.50550866,0.109205216,final
462,762,0.06847667,0.35899362,0.5166452,0.08773346,final
466,778,-0.019677665,0.40843785,0.49505383,0.0993849,final
467,780,0.013432044,0.3358429,0.5032305,0.08233861,final
470,783,-0.02004134,0.34810916,0.49517858,0.08523263,final
471,784,-0.0038456065,0.3797431,0.4991916,0.09264637,final
472,785,-0.06866867,0.36438036,0.48344645,0.08897797,final
473,786,0.004452235,0.33296412,0.50109035,0.08165533,final
474,788,-0.010210967,0.33806676,0.49751377,0.08285894,final
475,798,0.061866157,0.36955708,0.51497006,0.09013089,final
476,799,-0.056240976,0.35266384,0.48645386,0.08620028,final
477,800,-0.04928137,0.38269207,0.48804963,0.09339771,final
479,802,-0.01598632,0.37642464,0.49610057,0.091881335,final
480,804,-0.016123354,0.36699268,0.49612597,0.0896447,final
481,805,0.0139206415,0.4191779,0.50315833,0.1017328,final
486,830,0.02341722,0.37640452,0.5056934,0.09181293,final
487,832,0.011288535,0.367005,0.5025695,0.08961231,final
490,836,0.03890356,0.34682304,0.5094364,0.08486667,final
491,837,-0.020869922,0.40361133,0.49492276,0.09820715,final
492,838,-0.024936194,0.37046972,0.49386317,0.09053823,final
496,849,0.0414298,0.35219666,0.5100713,0.08615685,final
498,852,-0.017012112,0.3697538,0.49596342,0.09029399,final
499,858,-0.006869206,0.38473657,0.49759626,0.09363211,final
500,861,-0.04060379,0.33757418,0.49013874,0.08273003,final
501,866,-0.038775433,0.3419711,0.4906114,0.08378627,final
502,879,-0.009008955,0.37677807,0.4978927,0.09192391,final
503,880,0.053556833,0.37610802,0.5129944,0.091752574,final
510,898,0.057445426,0.606872,0.50932723,0.14017634,final
511,899,0.034822352,0.53649205,0.50547034,0.12625769,final
512,900,0.025223525,0.48859257,0.5039214,0.11622821,final
514,902,0.049887516,0.5025417,0.50986457,0.119212106,final
515,903,0.026047163,0.43050644,0.5048445,0.10352666,final
516,904,0.041680556,0.47097087,0.50799984,0.11221849,final
517,905,0.06232265,0.6434443,0.50955546,0.14720607,final
520,908,0.043822486,0.49836153,0.5082302,0.118186966,final
521,909,0.041534595,0.50828743,0.50761247,0.120421275,final
522,910,0.012419179,0.45419124,0.5014358,0.109007984,final
523,911,0.027902773,0.44894567,0.5052097,0.107743,final
524,912,0.048281,0.61231494,0.5070401,0.14140098,final
525,913,0.01955391,0.53082865,0.50181776,0.12515989,final
526,914,0.03269544,0.460398,0.5063242,0.110321365,final
527,915,0.053270645,0.5088252,0.5103503,0.12031479,final
528,916,0.047355495,0.52516365,0.508632,0.12378385,final
531,919,0.07350769,0.6410166,0.51233786,0.14664118,final
532,920,0.07249747,0.63151526,0.51235044,0.14478153,final
533,921,-0.020086996,0.37581047,0.4948293,0.09178851,final
534,922,0.021508979,0.50718707,0.50271046,0.12025162,final
535,923,0.048605487,0.6200035,0.5069684,0.14295669,final
536,924,0.0013838796,0.4175374,0.49941805,0.10113592,final
537,926,0.06653697,0.58727604,0.51193494,0.13619451,final
539,928,0.04386676,0.5712442,0.5068311,0.13318126,final
541,930,0.048335016,0.5604263,0.5081117,0.1309262,final
542,931,0.055440966,0.53117514,0.5103288,0.12475443,final
544,933,0.051549677,0.4985606,0.5100772,0.11809422,final
545,934,0.061880965,0.52370936,0.512374,0.12356445,final
549,940,0.033420343,0.5732548,0.504535,0.1339611,final
551,942,0.057013087,0.54664195,0.51034355,0.12788711,final
554,945,0.07029849,0.62291783,0.51183444,0.14300238,final
558,949,0.064790584,0.57353777,0.5119243,0.13361262,final
559,950,0.04983996,0.58735675,0.50779116,0.13626494,final
560,951,0.037624888,0.5826408,0.5053067,0.13576461,final
561,952,0.03333458,0.4537324,0.50650686,0.1087335,final
562,953,0.06531408,0.63157624,0.5106837,0.1450176,final
563,954,0.08442208,0.6855884,0.513549,0.15470815,final
564,955,0.050629724,0.60028636,0.5079661,0.13912241,final
565,965,0.062429164,0.5972621,0.51064354,0.13809612,final
566,968,-0.020264195,0.3878258,0.49455962,0.09447433,final
567,969,0.014177642,0.5171292,0.5009943,0.12260397,final
568,971,0.06171717,0.52298015,0.5121433,0.12319078,final
572,986,-0.027780917,0.3701246,0.49325404,0.09039779,final
575,994,-0.039127156,0.40394023,0.49048948,0.098334014,final
576,996,0.044787485,0.36008146,0.510865,0.087985314,final
578,999,0.001314097,0.31440154,0.50032735,0.07729262,final
583,1007,0.046085317,0.4231151,0.51061016,0.102469414,final
585,1009,0.040430836,0.38092834,0.50933725,0.092658475,final
586,1010,0.044953953,0.44848123,0.50993335,0.10798713,final
588,1012,0.044215124,0.5307618,0.50797594,0.12511683,final
589,1013,0.0644308,0.5102483,0.5133636,0.12078738,final
591,1015,-0.02726883,0.37416214,0.49341238,0.09130585,final
593,1017,0.062091224,0.4468842,0.5134795,0.10696358,final
595,1019,0.04797331,0.49234498,0.5093515,0.11683931,final
596,1020,-0.011147996,0.38157034,0.49730173,0.09307092,final
597,1021,0.0186102,0.40168872,0.5045112,0.09766965,final
598,1022,0.08075592,0.5429829,0.5161652,0.12694922,final
599,1023,0.029496921,0.44250172,0.50584245,0.10643261,final
601,1025,0.067801386,0.4743276,0.5146375,0.11305977,final
602,1027,0.038459077,0.38089013,0.5090867,0.09281906,final
603,1028,0.04104175,0.46825856,0.50824124,0.111928605,final
604,1029,0.05933325,0.59621805,0.5101385,0.1381412,final
605,1030,0.053616133,0.37620822,0.5125621,0.09150123,final
606,1031,0.034150023,0.42171618,0.50746846,0.10191073,final
607,1032,0.039700262,0.5047125,0.50717133,0.11954945,final
608,1033,-0.0019691272,0.39500436,0.49920204,0.096176855,final
610,1035,0.050502464,0.4409925,0.5109374,0.10596106,final
611,1036,-0.021135876,0.30181226,0.49475902,0.07425682,final
612,1037,0.038524445,0.33016157,0.50938916,0.08099281,final
613,1041,-0.035169143,0.41884556,0.49137414,0.10180051,final
614,1042,-0.03623896,0.3776793,0.4912674,0.092125006,final
617,1047,-0.027451247,0.33680707,0.49329805,0.0825589,final
618,1049,-0.020605683,0.3544584,0.49502006,0.08671228,final
622,1057,-0.038810298,0.35924762,0.49060884,0.087842956,final
623,1059,-0.02643551,0.3875596,0.49363697,0.094489604,final
624,1060,-0.06500158,0.37263855,0.48427153,0.090963185,final
625,1061,0.0071326485,0.36548924,0.5016611,0.089356124,final
626,1064,-0.015146971,0.38221985,0.49642855,0.093246266,final
629,1073,-0.0037835299,0.42554122,0.4983088,0.10306252,final
630,1077,-0.0008991588,0.38454786,0.4990705,0.09361097,final
631,1078,0.039399937,0.37977332,0.5087688,0.09218206,final
632,1079,-0.055280145,0.36362076,0.48648643,0.08895077,final
633,1080,-0.03918726,0.38201535,0.4901584,0.09324809,final
634,1081,-0.0048827496,0.35182992,0.49855778,0.086090915,final
637,1084,0.041666355,0.44452402,0.50854033,0.106636845,final
639,1086,0.058899973,0.47746956,0.5119787,0.1133213,final
640,1088,0.039564118,0.38879713,0.5094109,0.09468002,final
641,1089,-0.054878276,0.3034222,0.48659107,0.07463942,final
642,1090,-0.009873833,0.38465354,0.49722153,0.093807966,final
643,1091,0.019772962,0.40479484,0.50477463,0.098483406,final
644,1092,0.0036805586,0.29264677,0.5008604,0.07207481,final
645,1093,-0.012343306,0.37288523,0.49692467,0.091093466,final
646,1094,-0.043927252,0.3790364,0.48927832,0.09256755,final
647,1095,-0.012553928,0.40386942,0.49675336,0.09829055,final
648,1096,0.010158926,0.424469,0.5018053,0.102863766,final
649,1097,-0.020642541,0.4047281,0.49454892,0.09846818,final
651,1100,0.0425884,0.345776,0.51033217,0.084635094,final
652,1101,-0.0012835463,0.3470065,0.49942863,0.084933676,final
653,1103,0.055971928,0.5613086,0.51010895,0.1312376,final
654,1104,0.040363174,0.5832995,0.50599194,0.1358897,final
656,1120,-0.008230756,0.40410382,0.49788013,0.09831407,final
657,1124,0.018380722,0.4202185,0.5036772,0.10174668,final
658,1125,0.016197832,0.40666798,0.50317603,0.098645315,final
659,1126,0.04945047,0.3962657,0.5120591,0.0964663,final
660,1127,-0.033731785,0.34242627,0.49171692,0.08391706,final
662,1129,-0.055208277,0.339491,0.48638943,0.08322426,final
663,1130,-0.011142064,0.3662184,0.49705184,0.08948208,final
664,1131,-0.013432924,0.42376286,0.49613726,0.10282849,final
665,1132,1.7225742e-05,0.41913885,0.49947658,0.10168046,final
666,1135,0.04096025,0.39058775,0.5095942,0.09498528,final
667,1136,-0.0045072,0.41289195,0.49815068,0.10016604,final
668,1147,-0.06284895,0.31071648,0.48467445,0.07636068,final
669,1148,-0.020946063,0.3988596,0.49476475,0.097188435,final
674,1171,-0.045121595,0.3609246,0.48906115,0.08824327,final
675,1172,-0.030857742,0.41398957,0.49222162,0.10063963,final
677,1175,-0.051935352,0.36729327,0.4873299,0.0898069,final
680,1178,0.032264806,0.5042984,0.505497,0.11970196,final
681,1179,-0.042611435,0.35453784,0.48958737,0.086786754,final
682,1183,-0.0635695,0.4120065,0.48473126,0.10008305,final
684,1185,0.0016711644,0.45343164,0.4998089,0.10953952,final
685,1186,-0.020252552,0.43262842,0.4948227,0.10485368,final
687,1188,-0.050105695,0.3846936,0.48777443,0.093823425,final
688,1189,-0.033107623,0.3175484,0.49179065,0.078091286,final
690,1191,0.024393346,0.31529936,0.5059653,0.07751095,final
692,1193,0.0034763184,0.4670896,0.49964204,0.11233715,final
693,1194,0.00774163,0.376552,0.5015399,0.09185035,final
694,1196,-0.03277462,0.35454825,0.491722,0.0868035,final
695,1197,-0.02940466,0.39094114,0.4925764,0.09532849,final
696,1198,-0.023082798,0.39756837,0.4940096,0.09685904,final
697,1199,-0.049694195,0.3594276,0.48778528,0.087943114,final
698,1200,-0.04852216,0.32073584,0.48807418,0.07877686,final
699,1201,0.0033867557,0.39734438,0.49997383,0.09645824,final
701,1203,0.05248809,0.5457983,0.50950783,0.12806019,final
702,1204,0.006838987,0.44341293,0.50022054,0.106736116,final
703,1205,-0.010645483,0.33114877,0.4972958,0.0812635,final
704,1206,-0.021786554,0.36814162,0.49417368,0.08990018,final
705,1207,0.07756142,0.56088424,0.51517874,0.13089299,final
706,1208,-0.034453675,0.37679914,0.49126494,0.09201529,final
708,1210,-0.029544102,0.36796725,0.49260134,0.08991605,final
709,1211,-0.05739881,0.41470706,0.48590857,0.10082536,final
710,1212,0.025269968,0.48795962,0.5039013,0.116106994,final
711,1213,-0.052806098,0.35897318,0.4870436,0.08782038,final
712,1214,-0.029409084,0.36185402,0.49255547,0.08851382,final
713,1215,-0.07859492,0.34322205,0.480915,0.083999224,final
715,1217,-0.015918013,0.3882862,0.4957048,0.09466731,final
716,1218,-0.06370213,0.33187342,0.48441702,0.08140744,final
717,1219,-0.0005687434,0.42549893,0.49859422,0.102731004,final
718,1220,-0.008325253,0.3637623,0.4976627,0.08893667,final
719,1221,0.020917924,0.37115142,0.50443447,0.09036201,final
720,1222,-0.031477265,0.37569404,0.49219206,0.09175909,final
721,1223,-0.06777506,0.3608457,0.4835301,0.08824795,final
722,1224,0.005828488,0.4263216,0.50085354,0.103305824,final
723,1225,0.023240633,0.4364448,0.50463295,0.10540928,final
724,1226,0.049424324,0.51678413,0.50934666,0.122072004,final
725,1227,-0.0043070484,0.33149302,0.49871767,0.08132792,final
726,1228,-0.01485111,0.4492636,0.49572742,0.108617984,final
727,1230,-0.037978634,0.3903844,0.49033722,0.0951491,final
728,1231,0.029498918,0.43816045,0.5062225,0.105779305,final
729,1233,-0.02706135,0.41696298,0.49300724,0.10129948,final
730,1234,0.014556413,0.3823832,0.50279933,0.09301587,final
731,1235,-0.018844418,0.40338477,0.49473524,0.09809669,final
733,1237,0.048078787,0.5343051,0.5086787,0.1257645,final
734,1238,-0.031364147,0.38926837,0.4920653,0.09493645,final
735,1240,-0.029639887,0.34670842,0.49261653,0.08492653,final
737,1242,-0.022413578,0.38478312,0.49429289,0.093924105,final
738,1243,-0.04317221,0.41112652,0.48940822,0.09997012,final
739,1244,-0.017958358,0.3974395,0.4952356,0.0967641,final
740,1245,0.014041971,0.41420248,0.5029238,0.10057838,final
741,1246,0.00447469,0.4395641,0.5005137,0.106337704,final
742,1247,0.034382932,0.4641241,0.50668526,0.11114494,final
743,1248,0.028956674,0.41717756,0.50569886,0.10051361,final
744,1249,-0.023940228,0.31863987,0.49405295,0.07830031,final
745,1250,0.045526765,0.5033351,0.50858086,0.119230956,final
746,1251,0.039858446,0.50196934,0.50747544,0.119299635,final
747,1252,0.008783536,0.38141114,0.5013747,0.09280938,final
748,1253,0.0472758,0.5466322,0.5082736,0.12828794,final
749,1254,0.018257044,0.5197861,0.501826,0.12296843,final
750,1256,0.04228552,0.62075067,0.5054523,0.14314209,final
751,1257,-0.016476521,0.3688074,0.49582788,0.090152316,final
752,1258,-0.038275905,0.3827449,0.49039343,0.09341328,final
753,1259,0.011023479,0.3985717,0.502177,0.09695196,final
754,1260,0.03829423,0.60934097,0.504727,0.14087772,final
755,1261,-0.03997734,0.34724277,0.49019554,0.085050166,final
756,1262,0.037426993,0.43073213,0.5075994,0.10348727,final
757,1263,0.0080679245,0.4262654,0.50113267,0.10319577,final
758,1264,-0.02772978,0.36703876,0.49293163,0.0897374,final
759,1265,-0.0948285,0.35214445,0.47708008,0.0860041,final
760,1266,-0.043477826,0.3395092,0.4893574,0.08326676,final
761,1267,0.0063190446,0.41792083,0.50028396,0.10095372,final
762,1268,0.02625858,0.39010033,0.5060033,0.094949804,final
763,1269,0.038044512,0.5609878,0.5057406,0.13127454,final
764,1270,-0.025269842,0.36313525,0.4936112,0.088839665,final
765,1271,0.015313221,0.40036166,0.5033204,0.09734493,final
766,1272,0.01722016,0.44171593,0.5029323,0.106402315,final
768,1274,-0.04065652,0.34654593,0.49005312,0.08497503,final
769,1275,-0.04841678,0.35247672,0.4881125,0.08625558,final
770,1276,0.024561916,0.46030617,0.5044148,0.11043644,final
771,1277,-0.030243525,0.38891885,0.49245527,0.09482712,final
772,1278,0.004997999,0.4186454,0.50028014,0.101356685,final
774,1280,-0.012712236,0.42926687,0.49648455,0.104134925,final
775,1281,0.036998358,0.5854902,0.50505155,0.13632952,final
776,1282,0.047238417,0.60018367,0.5071923,0.13914473,final
777,1283,0.018712593,0.47790918,0.50255233,0.114052445,final
778,1284,0.03342323,0.5346358,0.505141,0.12590632,final
779,1285,-0.048456766,0.39648739,0.48819414,0.0965629,final
780,1286,0.063591145,0.41283342,0.5146029,0.09973574,final
781,1287,0.016133163,0.44449335,0.50246304,0.10688262,final
782,1288,-0.038341764,0.3937512,0.49041685,0.095976986,final
784,1290,0.015285088,0.396998,0.50340164,0.096648715,final
785,1291,-0.0340248,0.38093618,0.49154472,0.09300442,final
786,1292,-0.010820441,0.38281453,0.49696764,0.093369,final
787,1293,0.017683718,0.42094523,0.50353813,0.10202459,final
788,1294,0.008967896,0.43329206,0.5011204,0.10469051,final
789,1295,-0.018538184,0.40372252,0.49521604,0.09821897,final
790,1296,0.01406815,0.42572102,0.50280243,0.103176564,final
791,1297,-0.030142924,0.3636595,0.49253485,0.08895999,final
792,1298,-0.00867466,0.3626619,0.49763018,0.08866812,final
793,1299,-0.003705739,0.38799217,0.49852657,0.09449748,final
794,1300,0.003031561,0.42300817,0.5000994,0.102578126,final
795,1301,0.006147898,0.47208133,0.49978316,0.11308095,final
796,1302,0.015110027,0.42812282,0.50305223,0.1036661,final
797,1303,-0.023650901,0.39505124,0.4937383,0.096201174,final
798,1304,0.0072378716,0.39435565,0.5009308,0.09578187,final
801,1307,-0.014930312,0.3918752,0.49614397,0.09551913,final
802,1320,-0.02075838,0.34422547,0.49499872,0.084345065,final
803,1321,-0.0326004,0.36672658,0.49182945,0.08962538,final
804,1327,0.019175937,0.36121464,0.5044527,0.08827473,final
807,1333,-0.0038707864,0.44665757,0.4977921,0.10758337,final
808,1334,0.054569017,0.46538967,0.5116575,0.11127493,final
810,1339,-0.029234549,0.32237342,0.4928375,0.07915622,final
811,1340,0.03482914,0.59367436,0.5044332,0.13795528,final
812,1342,-0.008173949,0.34630498,0.4980081,0.08481091,final
813,1343,-0.026255812,0.30177712,0.49350166,0.07425882,final
814,1344,0.03187319,0.4145219,0.50640583,0.099867135,final
815,1345,-0.0025033513,0.36333352,0.49901125,0.08875177,final
817,1347,-0.012798769,0.34311038,0.49670961,0.08407033,final
818,1348,0.044723365,0.67773634,0.5048462,0.1542337,final
819,1350,-0.018432055,0.3808023,0.49510205,0.09283715,final
822,1354,-0.033071756,0.42150185,0.49192938,0.102364585,final
824,1356,-0.047353376,0.32918984,0.48850012,0.08075572,final
825,1357,0.0024681713,0.40921363,0.500366,0.0995209,final
826,1358,-0.043801688,0.36865747,0.48927486,0.090124995,final
827,1359,0.040972594,0.39945143,0.5099191,0.09714649,final
832,1367,0.018333197,0.4199228,0.5044439,0.10185134,final
833,1370,0.03250657,0.31552193,0.5078242,0.07745725,final
834,1371,0.017336749,0.35139614,0.5039029,0.08588268,final
835,1372,-0.016659737,0.3491578,0.49593666,0.085500576,final
836,1373,0.050844602,0.3728696,0.51225317,0.090983845,final
837,1374,-0.04036854,0.3516999,0.48997968,0.08615452,final
838,1375,0.030025788,0.35955572,0.5070309,0.08774944,final
839,1376,-0.02716941,0.33438393,0.4932528,0.08202511,final
840,1377,0.015217192,0.35538375,0.503734,0.0869979,final
841,1378,0.01208059,0.31776276,0.50282645,0.07804438,final
842,1379,0.019589823,0.3197827,0.5047619,0.078533635,final
843,1380,0.04258879,0.40495017,0.50968605,0.0981583,final
844,1381,0.10332987,0.38683814,0.5248775,0.093947664,final
846,1385,0.0040188483,0.34450635,0.50088423,0.0843454,final
847,1387,-0.03209866,0.36915365,0.49178696,0.09018343,final
848,1388,0.08182575,0.3597898,0.5196497,0.08765206,final
849,1389,0.10493241,0.35269704,0.5253151,0.0858819,final
851,1391,-0.027178176,0.34310806,0.4934849,0.084046856,final
852,1392,-0.053444706,0.37388986,0.4870704,0.09128463,final
853,1393,-0.057124093,0.37172118,0.48609272,0.0907974,final
854,1394,-0.06302551,0.40849954,0.48472488,0.09931021,final
855,1395,-0.010258684,0.39258882,0.4972676,0.095614344,final
856,1396,-0.023158245,0.31966004,0.49432892,0.07856807,final
862,1405,-0.009396561,0.3495264,0.49775505,0.08560311,final
863,1407,-0.062206738,0.34663764,0.4848308,0.084908485,final
864,1408,-0.050666507,0.37505716,0.4876496,0.09157808,final
865,1409,0.02365905,0.36488467,0.50571495,0.089147836,final
867,1411,-0.03582398,0.40540028,0.49125636,0.098675594,final
869,1416,0.005337163,0.40767774,0.5012514,0.099110484,final
871,1422,0.04976869,0.32990587,0.5120888,0.0808491,final
873,1429,-0.033908494,0.35362807,0.491801,0.08651035,final
874,1431,0.038568173,0.37268373,0.5093992,0.090946026,final
876,1438,0.033515062,0.3540629,0.50810784,0.086592525,final
878,1441,-0.009495888,0.36629343,0.4976653,0.08947815,final
882,1449,-0.06930594,0.38661155,0.48324668,0.09422589,final
886,1457,0.03696708,0.36481968,0.508929,0.08909479,final
887,1459,0.014371104,0.31951302,0.50345665,0.07846409,final
889,1461,0.032447763,0.39425626,0.5078981,0.09599976,final
892,1466,-0.02611004,0.3585938,0.49360678,0.08773125,final
896,1476,-0.019250596,0.38690487,0.4953751,0.09432953,final
897,1479,0.0053975377,0.33574912,0.5013091,0.08230914,final
898,1480,0.01327447,0.36731791,0.503169,0.089751475,final
902,1485,-0.03440495,0.36287844,0.4916371,0.08870717,final
904,1488,0.03545422,0.3673924,0.508601,0.08972876,final
906,1499,0.06989023,0.3542165,0.51701915,0.08655458,final
907,1500,-0.063599296,0.3410221,0.48455906,0.08354675,final
909,1513,-0.0086900685,0.4081783,0.49803987,0.099207275,final
911,1517,-0.07431352,0.36142927,0.48204258,0.08825611,final
912,1518,-0.03411055,0.32646993,0.49168983,0.08010468,final
914,1527,-0.052805085,0.37029582,0.48725617,0.09039579,final
916,1537,-0.06541591,0.3845132,0.48419264,0.09374528,final
917,1541,-0.0016429739,0.39094755,0.49963188,0.09525733,final
918,1542,-0.025116812,0.3723627,0.49391693,0.09092462,final
919,1544,-0.006308121,0.36152893,0.4985124,0.0883851,final
922,1552,0.006770725,0.3287952,0.50160116,0.080684945,final
924,1556,0.108111575,0.38217387,0.52614933,0.09295315,final
925,1562,0.07417001,0.34561628,0.51802063,0.08450165,final
926,1566,-0.04178322,0.38313872,0.49001747,0.093376555,final
927,1569,-0.047048282,0.383363,0.48872435,0.09342418,final
928,1573,-0.053012617,0.33073172,0.4871512,0.081055574,final
929,1580,-0.053179167,0.34366408,0.48708624,0.08419736,final
930,1584,-0.031107048,0.35684672,0.49241203,0.0873241,final
931,1586,0.034535084,0.35403794,0.5083472,0.08662644,final
932,1587,-0.022345444,0.3218553,0.4944042,0.07904743,final
933,1588,-0.009976074,0.4010595,0.4976041,0.09755815,final
934,1589,-0.025761528,0.3404614,0.49377334,0.08343515,final
935,1590,0.0066087362,0.37933558,0.50171715,0.09255845,final
936,1591,0.04458339,0.35894763,0.5108429,0.08774221,final
939,1594,-0.06672408,0.4045473,0.4838923,0.09837663,final
941,1597,0.009182956,0.33931628,0.5021333,0.08316179,final
946,1603,0.018984815,0.35049504,0.5046678,0.0857903,final
950,1608,-0.013425921,0.33448803,0.49670872,0.08201211,final
951,1610,-0.03188897,0.3261362,0.49215397,0.08009776,final
952,1611,-0.014182963,0.41416475,0.4964103,0.10065285,final
953,1614,-0.011818124,0.3733513,0.49719238,0.09113901,final
954,1615,0.002000664,0.34631777,0.5004914,0.08480876,final
955,1616,0.024406927,0.3375651,0.505908,0.08271576,final
956,1617,-0.06999626,0.33255845,0.4829782,0.081555024,final
957,1619,-0.020483581,0.3647599,0.4950483,0.089115195,final
958,1620,0.0067445734,0.35523567,0.50160295,0.08693224,final
961,1625,-0.0746735,0.33354077,0.4818379,0.08172943,final
963,1627,-0.054299757,0.33889532,0.4868633,0.08300608,final
965,1633,-0.042494822,0.41824475,0.48975623,0.10157078,final
966,1635,-0.04472015,0.41703138,0.48915923,0.10132965,final
967,1639,-0.028507292,0.3871514,0.49303803,0.094422504,final
969,1641,-0.07499129,0.3912554,0.4819666,0.09523627,final
971,1643,-0.027598213,0.38151532,0.4931721,0.093146786,final
972,1644,0.030685613,0.3227443,0.5074785,0.079224855,final
973,1645,-0.04370737,0.32069772,0.48938137,0.07872902,final
978,1653,-0.062452395,0.3520231,0.48485363,0.086118616,final
984,1663,-0.0020456596,0.37253153,0.49922106,0.09099579,final
987,1672,-0.010483507,0.42207322,0.4973365,0.10241898,final
988,1673,-0.056298766,0.4232083,0.48645198,0.10271782,final
989,1674,0.02329097,0.38334456,0.5050832,0.093308404,final
990,1676,-0.0317794,0.35425884,0.4923161,0.086662024,final
991,1678,-0.006892018,0.42147857,0.49809763,0.10232753,final
992,1680,-0.024311624,0.37791654,0.494061,0.09224756,final
994,1682,-0.02311382,0.4104159,0.494339,0.09979196,final
995,1683,-0.03770188,0.36604893,0.49079174,0.08950067,final
997,1687,0.014930993,0.3520261,0.503633,0.086149745,final
998,1688,-0.00036066025,0.37428382,0.500003,0.091374874,final
999,1689,0.004604439,0.3534893,0.5012032,0.08651554,final
1000,1690,-0.028221501,0.3526077,0.49319777,0.086264625,final
1001,1693,-0.01792017,0.40367365,0.49562114,0.09824555,final
1002,1694,-0.048952162,0.38558444,0.48814657,0.09403672,final
1004,1701,-0.0541178,0.40233833,0.4870587,0.09785077,final
1005,1702,0.07476282,0.39195722,0.518072,0.09531782,final
1007,1704,-0.0046237707,0.40388712,0.49863,0.09836955,final
1009,1711,-0.028256416,0.37003922,0.49325138,0.09035682,final
1010,1713,-0.03321943,0.38852182,0.49209228,0.09462597,final
1011,1717,-0.005040119,0.33938685,0.49877983,0.08318377,final
1012,1719,-0.05943393,0.41909248,0.48566353,0.10179379,final
1013,1721,-0.01421736,0.3940144,0.49653196,0.09594099,final
1014,1722,-0.018310722,0.33035153,0.4955297,0.080988966,final
1016,1727,0.011209117,0.4029537,0.5026594,0.09804864,final
1017,1729,-0.039377786,0.3837812,0.49042654,0.09364095,final
1020,1732,-0.09131199,0.34584793,0.47793266,0.084465645,final
1022,1734,-0.021713687,0.3882406,0.49467838,0.09466881,final
1023,1735,-0.0072265756,0.38475955,0.4982428,0.09381962,final
1025,1747,-0.07074339,0.39235285,0.48297352,0.095491365,final
1026,1748,-0.041035704,0.32744882,0.4900341,0.08033643,final
1028,1752,0.052930996,0.35611895,0.5128224,0.08700355,final
1030,1754,-0.028737536,0.31398034,0.4929911,0.07715735,final
1033,1762,0.00045754513,0.36203495,0.5001541,0.08847137,final
1034,1769,-0.017076947,0.35525233,0.4958905,0.0869012,final
1035,1772,0.0364904,0.37401447,0.5089163,0.09129205,final
1036,1777,-0.0634089,0.36987314,0.4847096,0.090236016,final
1037,1779,0.043992292,0.3599732,0.51071954,0.08799187,final
1038,1783,0.0072825975,0.35659182,0.50180614,0.0872246,final
1039,1784,-0.015936693,0.37920615,0.49600157,0.09259647,final
1042,1792,0.011603769,0.3480044,0.5027918,0.08517173,final
1045,1799,-0.001665776,0.37153232,0.4995693,0.09074024,final
1046,1801,0.024863672,0.37577116,0.50603455,0.09169623,final
1048,1805,-0.038476434,0.335165,0.49066722,0.082144774,final
1050,1810,-0.001042679,0.3832696,0.4997077,0.09346776,final
1052,1821,0.00044479553,0.3722877,0.50011706,0.09090163,final
1055,1831,0.046050936,0.36571473,0.5111835,0.08927597,final
1056,1833,0.027140997,0.36529446,0.5065671,0.08923481,final
1057,1834,-0.06682488,0.39736548,0.48388067,0.096716344,final
1058,1835,-0.0007800791,0.35991603,0.49982515,0.088011816,final
1064,1845,-0.050180696,0.34571648,0.4878192,0.08465141,final
1073,1873,-0.033160508,0.38496813,0.4919012,0.09388617,final
1075,1876,0.0061335084,0.36724952,0.5015193,0.08971604,final
1077,1882,0.043093316,0.36190054,0.5104881,0.08840746,final
1078,1883,-0.075294405,0.38491225,0.48191676,0.09370794,final
1079,1884,-0.056883495,0.38130987,0.4863583,0.09288412,final
1080,1885,-0.07693461,0.40348247,0.48151335,0.09810095,final
1081,1888,0.0152313,0.39298218,0.50365627,0.09570687,final
1082,1892,0.0046601933,0.32959652,0.50115895,0.08090108,final
1083,1894,0.014453418,0.3899286,0.5035498,0.09498246,final
1084,1895,0.0037005097,0.3664102,0.5008866,0.08954293,final
1088,1907,-0.052315384,0.40058836,0.48745474,0.09739776,final
1089,1909,-0.028319754,0.3566847,0.4931065,0.08720827,final
1090,1911,0.008966971,0.38482744,0.5021816,0.09379329,final
1091,1912,-0.08456865,0.34935912,0.47946936,0.08547778,final
1093,1914,-0.048222497,0.38911355,0.48834527,0.09483213,final
1094,1916,-0.07515642,0.38123548,0.48191896,0.092895836,final
1095,1917,0.0015396061,0.34935385,0.5003819,0.0854976,final
1096,1918,0.015181025,0.34673098,0.5037143,0.084918946,final
1098,1920,0.028770328,0.36027202,0.50705594,0.088113666,final
1099,1921,-0.080275685,0.33410025,0.48052576,0.081790775,final
1100,1923,-0.049214404,0.35887855,0.48805618,0.08779175,final
1101,1924,0.046576753,0.43121922,0.5101516,0.10380608,final
1102,1927,0.047587052,0.64821035,0.5060264,0.14832419,final
1104,1931,0.05801652,0.6072596,0.50932574,0.14008333,final
1110,1939,0.05973219,0.5806768,0.51046443,0.13493416,final
1115,1944,0.04892201,0.5328588,0.508879,0.1253636,final
1116,1945,0.06095864,0.5266552,0.5117402,0.12379517,final
1117,1946,0.028696023,0.52614397,0.5043298,0.12434973,final
1118,1947,0.05200784,0.4816424,0.510627,0.1146777,final
1120,1949,0.04334946,0.5058383,0.508168,0.11997697,final
1121,1950,0.029808998,0.43083397,0.50580853,0.10366666,final
1122,1951,0.044609964,0.39542076,0.5099362,0.0957397,final
1123,1952,0.042412534,0.48030734,0.5083506,0.11451102,final
1124,1953,0.034628157,0.40211707,0.50744945,0.09734404,final
1125,1954,0.008293468,0.38726544,0.50141406,0.09426116,final
1126,1955,0.04959209,0.4455592,0.5108342,0.10717251,final
1127,1956,0.011311182,0.4468942,0.5018509,0.10789258,final
1128,1957,0.023465415,0.43168402,0.5049288,0.10439383,final
1129,1958,0.011337664,0.4116663,0.5022495,0.09992698,final
1130,1959,-0.023455614,0.39414257,0.49406072,0.09600034,final
1131,1960,-0.03838913,0.39817116,0.49040878,0.097029686,final
1132,1961,0.026653422,0.4004754,0.5058844,0.09728242,final
1133,1962,0.01397532,0.4443529,0.5027914,0.10738529,final
1134,1963,0.031205505,0.43220115,0.50640535,0.10418158,final
1135,1964,0.039624386,0.39707756,0.508648,0.09613758,final
1136,1965,-0.039750636,0.34976006,0.49012735,0.085693,final
1138,1967,-0.002173428,0.33996305,0.4993139,0.08332103,final
1139,1968,0.008182715,0.39762112,0.5015757,0.096716136,final
1140,1969,0.055856116,0.32670128,0.5135271,0.080062866,final
1141,1970,-0.0049465564,0.35040966,0.4987609,0.085806414,final
1142,1971,0.041605566,0.3552592,0.51012456,0.08686828,final
1143,1973,0.068051286,0.36449686,0.516491,0.0889622,final
1144,1974,0.019572277,0.35568556,0.50455886,0.08695637,final
1152,1982,-0.030671328,0.36766008,0.49223667,0.08984325,final
1158,1991,0.009844807,0.34644935,0.5023205,0.08482333,final
1161,1994,-0.021106118,0.32434288,0.49469477,0.07966686,final
1164,1997,-0.02820508,0.37628874,0.49270275,0.09180493,final
1167,2000,0.008455293,0.34412497,0.5017943,0.08429069,final
1168,2001,0.052394263,0.3372724,0.5126036,0.082565606,final
1169,2002,0.019147811,0.34863368,0.5045541,0.08530625,final
1170,2003,-0.024586843,0.32523814,0.49391237,0.079878606,final
1171,2004,0.040673964,0.36713678,0.5098808,0.089686796,final
1172,2005,-0.010858207,0.3439687,0.4972293,0.08429471,final
1173,2006,-0.046905827,0.35726544,0.48862335,0.087378114,final
1175,2009,0.021672782,0.3385737,0.5048319,0.0827996,final
1176,2010,0.044299386,0.64855397,0.50527376,0.1485106,final
1177,2011,0.020120846,0.33741444,0.5047958,0.08267341,final
1178,2012,0.019584779,0.34235448,0.504689,0.08387803,final
1179,2013,0.012932878,0.38409793,0.50257903,0.093464844,final
1181,2015,0.0579428,0.46283552,0.5123046,0.1104711,final
1184,2018,0.0733602,0.5951058,0.51336026,0.13759975,final
1185,2019,0.04481031,0.5257103,0.507949,0.12388243,final
1186,2020,-0.040050983,0.39068228,0.49005312,0.095268756,final
1187,2021,-0.024093797,0.35497543,0.4940244,0.086940125,final
1188,2022,-0.01872358,0.4044518,0.49523517,0.098418266,final
1189,2023,-0.017886112,0.33940557,0.49562046,0.08324236,final
1191,2025,-0.015339313,0.36670497,0.49629033,0.089652315,final
1194,2028,-0.047410037,0.3661812,0.4885069,0.0894547,final
1196,2034,0.062078536,0.36254343,0.5148827,0.08845346,final
1203,2046,0.0042428174,0.3684301,0.5007816,0.089950316,final
1208,2053,0.07307437,0.39817464,0.5176095,0.096735515,final
1209,2054,0.039694827,0.38537166,0.50951093,0.093896955,final
1211,2058,-0.009141062,0.32539535,0.4977764,0.07985676,final
1212,2059,-0.007851084,0.42293802,0.49802315,0.10258661,final
1215,2064,-0.04467557,0.35754874,0.4890691,0.0875072,final
1216,2065,-0.009029498,0.39051875,0.49747917,0.09517669,final
1218,2067,0.04544625,0.46326944,0.50915784,0.11059782,final
1221,2070,0.0242823,0.44946402,0.504938,0.10836544,final
1223,2072,0.019116465,0.3575494,0.5046366,0.08747737,final
1226,2076,-0.034062214,0.3391754,0.4915177,0.08319933,final
1228,2078,0.04249133,0.42500263,0.5091469,0.10242167,final
1229,2080,0.07050553,0.51324636,0.51448286,0.12115274,final
1230,2081,-0.022251602,0.39223427,0.4944787,0.09560913,final
1231,2082,0.02560846,0.41696975,0.50614256,0.10116159,final
1232,2083,-0.02550095,0.39397466,0.49372333,0.09600485,final
1234,2085,0.06110247,0.48249748,0.5128738,0.11485549,final
1235,2087,0.05916683,0.53273135,0.5114624,0.12532157,final
1236,2088,0.05373232,0.36475497,0.51289344,0.089020886,final
1237,2089,0.020444274,0.36987513,0.5048752,0.09031913,final
1238,2090,0.0295338,0.40392286,0.5065554,0.09800615,final
1241,2093,0.028846212,0.36825702,0.5069199,0.08995551,final
1242,2094,-0.020703785,0.359272,0.49498782,0.08785311,final
1244,2096,0.06288436,0.48901114,0.5132286,0.11631712,final
1245,2097,-0.007453881,0.38606697,0.4978971,0.09405918,final
1247,2099,0.055675466,0.5430842,0.51033366,0.1274244,final
1248,2100,0.027135888,0.37451762,0.5061723,0.09124505,final
1250,2105,0.0071216575,0.31402498,0.5016384,0.077179484,final
1253,2108,-0.056422777,0.36063167,0.48623785,0.088162616,final
1254,2109,-0.014360156,0.3683236,0.496221,0.09003918,final
1255,2110,0.020365072,0.34693733,0.50472635,0.084922604,final
1256,2111,0.023049802,0.3890505,0.50543153,0.09477493,final
1257,2112,-0.0068053952,0.35794473,0.49821526,0.08757963,final
1259,2114,0.04766981,0.4460729,0.5106264,0.10748178,final
1260,2115,0.0057117864,0.34627932,0.501178,0.08478865,final
1261,2116,0.015372725,0.39332318,0.50320554,0.09569518,final
1262,2117,-0.01815086,0.38132298,0.49524868,0.09304364,final
1263,2118,-0.012250825,0.34937644,0.49675778,0.08554113,final
1265,2120,0.024036428,0.3810094,0.5057386,0.09288314,final
1266,2121,0.071622364,0.3541557,0.51714283,0.08636281,final
1267,2122,0.043064535,0.3361942,0.5103852,0.08236293,final
1268,2123,0.022160888,0.3893356,0.5052967,0.09490925,final
1269,2124,-0.00454975,0.35697487,0.49889264,0.0873344,final
1270,2125,0.032717124,0.39820915,0.5077271,0.096891366,final
1271,2126,0.03770646,0.3428643,0.50920564,0.08399551,final
1272,2130,0.0033904894,0.3832547,0.50038654,0.093417436,final
1273,2132,0.039577466,0.49569654,0.50750613,0.11790997,final
1274,2133,0.00962957,0.36693,0.50214463,0.089601904,final
1275,2134,-0.005608249,0.36183503,0.49847338,0.088439144,final
1276,2135,0.060701117,0.3964523,0.51398695,0.09599092,final
1277,2136,0.06331565,0.4581875,0.5139673,0.10968269,final
1278,2137,-0.00020390749,0.4186902,0.49911976,0.10145525,final
1279,2138,-0.0076896283,0.3872464,0.4976723,0.09437423,final
1280,2139,-0.02119606,0.39271048,0.49445206,0.095691346,final
1281,2140,-0.023057722,0.36673126,0.49419415,0.08964071,final
1282,2141,0.029700313,0.38733032,0.5068981,0.09433268,final
1283,2142,0.05464281,0.39243695,0.5131613,0.09550336,final
1284,2143,0.031611383,0.34304136,0.5074369,0.0839156,final
1285,2144,-0.0039866366,0.39394036,0.4987293,0.09594028,final
1286,2145,0.051638305,0.39886266,0.51205325,0.09680264,final
1287,2146,0.040902454,0.41428414,0.50950074,0.10049714,final
1288,2147,0.09497961,0.44150794,0.5224632,0.106424354,final
1291,2150,-0.040079568,0.3766898,0.49002135,0.09199874,final
1294,2153,0.06063716,0.3765861,0.514693,0.09179814,final
1296,2155,-0.051350452,0.38483354,0.48765516,0.09378447,final
1297,2159,-0.021747615,0.32102272,0.4946467,0.07886852,final
1298,2160,-0.013811834,0.38910767,0.49595886,0.094710976,final
1299,2161,-0.019810412,0.3885922,0.49503163,0.09470389,final
1301,2163,0.046626072,0.36432907,0.5111573,0.08896454,final
1304,2167,-0.06896135,0.33894473,0.48331276,0.08294168,final
1310,2174,-0.050827973,0.35498866,0.4876025,0.08689368,final
1318,2186,0.034029,0.4819405,0.5059911,0.11461067,final
1319,2188,0.03229256,0.4068176,0.50778747,0.09887241,final
1320,2193,-0.016689172,0.3387739,0.4958913,0.083040096,final
1321,2194,-0.012539338,0.3460415,0.4967385,0.084787525,final
1323,2202,0.05934243,0.5854383,0.5102433,0.13585714,final
1324,2203,0.052902564,0.5449188,0.509433,0.12759085,final
1329,2231,-0.0216731,0.35118487,0.49475226,0.08599488,final
1330,2232,-0.03296143,0.35335866,0.49198908,0.08650054,final
1331,2236,-0.024211973,0.40002435,0.4941231,0.09736357,final
1334,2240,0.02901114,0.42443374,0.506335,0.102720246,final
1336,2243,-0.032917365,0.37264937,0.4917822,0.09104001,final
1337,2245,0.035323612,0.3980119,0.5082603,0.096792765,final
1338,2247,0.018726625,0.3909779,0.5044568,0.095240094,final
1339,2248,-0.0081801275,0.39461192,0.4977016,0.0961141,final
1340,2249,0.011257985,0.33883494,0.5026237,0.083036065,final
1343,2253,0.028064992,0.35807127,0.50679374,0.087553136,final
1345,2259,0.06642544,0.35305494,0.51600575,0.08626677,final
1347,2262,0.029088855,0.38760442,0.50685143,0.09446222,final
1353,2268,0.0065357257,0.38073605,0.50128645,0.09290087,final
1354,2269,0.06602555,0.4165232,0.5157905,0.10099579,final
1357,2273,-0.043236718,0.32135242,0.48949015,0.07884554,final
1360,2278,-0.07363318,0.35482204,0.48222986,0.08669627,final
1361,2279,0.02700533,0.35094923,0.50659204,0.08585533,final
1363,2282,-0.056109045,0.39402014,0.4865765,0.095857896,final
1365,2287,0.060154617,0.45428106,0.5128542,0.10849844,final
1366,2288,-0.04442883,0.3554953,0.4890623,0.08698777,final
1367,2289,-0.039008755,0.3829334,0.4904367,0.09341002,final
1369,2291,-0.049008165,0.3676425,0.48797533,0.089891575,final
1370,2294,-0.057062574,0.3901936,0.48627,0.09498941,final
1373,2297,0.0006073043,0.41280672,0.50014496,0.10030802,final
1374,2300,0.0003822628,0.41386977,0.49916834,0.1002664,final
1375,2301,0.00079065893,0.36832306,0.49990952,0.08998185,final
1376,2302,-0.037131485,0.36323124,0.49088445,0.08882721,final
1377,2303,0.006303701,0.40968442,0.50078887,0.09939307,final
1380,2311,-0.0015877071,0.32854575,0.4993992,0.08063706,final
1381,2312,0.01924264,0.41053304,0.5040606,0.09964408,final
1382,2313,0.011794638,0.45014375,0.5019238,0.10862424,final
1385,2316,0.036298864,0.38266525,0.50876254,0.093303114,final
1386,2318,-0.08186113,0.39832357,0.48036978,0.09679862,final
1388,2321,-0.07170588,0.389802,0.48278147,0.09484924,final
1389,2322,-0.016978085,0.37007347,0.49597767,0.09035407,final
1390,2324,-0.012776411,0.39535642,0.49675405,0.09633048,final
1394,2329,-0.014170338,0.3975806,0.49641928,0.09683371,final
1397,2333,-0.031964682,0.4044432,0.4922445,0.098412246,final
1398,2334,0.0062457696,0.34612736,0.50153804,0.08476551,final
1399,2335,-0.0168663,0.38215458,0.4960032,0.09320148,final
1400,2336,-0.03146367,0.4405902,0.49237797,0.10675128,final
1402,2338,0.046640847,0.35792506,0.51134604,0.08750221,final
1403,2340,-0.041092824,0.35831693,0.4901012,0.08758554,final
1404,2344,-0.0017337278,0.3310532,0.4994222,0.08122984,final
1405,2346,0.016774867,0.35205442,0.5037418,0.08605922,final
1407,2348,-0.028263995,0.42719522,0.49285284,0.103663154,final
1410,2352,0.012213852,0.41021222,0.5023878,0.09958519,final
1411,2353,-0.024514487,0.33725414,0.49400303,0.082655996,final
1413,2355,-0.06632619,0.39401475,0.48410428,0.09587334,final
1415,2357,-0.040071096,0.42815354,0.490152,0.10390933,final
1416,2359,-0.06513215,0.3607025,0.48425877,0.08811966,final
1419,2363,0.032814518,0.4440416,0.5066099,0.10671428,final
1422,2366,0.054531388,0.5872731,0.5091363,0.136332,final
1423,2367,0.055449918,0.35815784,0.51315373,0.08730788,final
1424,2369,0.02339269,0.37026763,0.5056393,0.090465985,final
1426,2371,0.004887884,0.34640154,0.50106275,0.08484268,final
1427,2372,0.023586933,0.3697944,0.505673,0.09030784,final
1429,2374,0.043095853,0.4034035,0.51021695,0.098055504,final
1430,2375,0.057616327,0.3828123,0.5137494,0.09317158,final
1431,2376,0.039575808,0.34943637,0.5093617,0.08537375,final
1433,2378,0.024591805,0.36120883,0.50580406,0.088271745,final
1434,2379,0.081637956,0.3888066,0.5196731,0.09458105,final
1439,2384,-0.10480341,0.4041136,0.47494256,0.097941674,final
1441,2387,-0.0107249115,0.35813683,0.49744564,0.08764278,final
1442,2389,0.014771243,0.34344253,0.5036678,0.08417772,final
1443,2390,-0.07405915,0.376163,0.482181,0.091656744,final
1444,2391,-0.058807228,0.32487512,0.48569658,0.07969138,final
1445,2392,0.069342315,0.42316988,0.51668984,0.10251399,final
1446,2393,-0.021994548,0.34166273,0.49468777,0.083716266,final
1447,2394,-0.017981224,0.33541688,0.4956371,0.082227066,final
1448,2395,-0.090018675,0.37873414,0.47831392,0.09225948,final
1449,2396,-0.03538169,0.3498506,0.4913507,0.085717805,final
1450,2398,0.05093536,0.5960545,0.5081682,0.1382626,final
1451,2399,0.04182591,0.38196173,0.510037,0.093064934,final
1452,2401,-0.030059107,0.32733688,0.49243715,0.0804033,final
1453,2402,0.062350094,0.33222076,0.51509774,0.08137804,final
1454,2403,-0.031924233,0.3288674,0.49210966,0.08066933,final
1455,2404,0.070811115,0.34688115,0.517168,0.08479561,final
1456,2405,0.05872945,0.3762891,0.51403797,0.0916791,final
1457,2406,0.004779207,0.3576739,0.50088584,0.08746004,final
1458,2407,0.0079306755,0.35636517,0.50168943,0.08716163,final
1459,2408,0.05964625,0.38044554,0.5144198,0.09274883,final
1460,2409,0.04802439,0.3490521,0.511379,0.08524776,final
1461,2410,0.057124503,0.3625193,0.51353204,0.08833641,final
1462,2411,0.050574727,0.36604187,0.5121467,0.0892915,final
1463,2412,0.09643772,0.38492846,0.52322745,0.093565345,final
1464,2413,0.016181942,0.3186464,0.5038807,0.078308776,final
1465,2414,-0.013362154,0.34291816,0.4965605,0.08401276,final
1466,2416,-0.020739742,0.3645949,0.49487624,0.08914287,final
1470,2420,0.036121354,0.41381246,0.5081571,0.10026342,final
1471,2421,0.062515005,0.36061618,0.5150635,0.08803601,final
1472,2422,0.112750344,0.40707013,0.5271451,0.09866253,final
1473,2423,-0.025022702,0.36543715,0.4938501,0.08933777,final
1474,2424,-0.00676954,0.35280713,0.498309,0.086330384,final
1475,2427,-0.0889955,0.40072855,0.47867447,0.09730921,final
1476,2428,0.017800983,0.37651792,0.5043617,0.09185534,final
1479,2431,0.02017206,0.38105452,0.5048724,0.09296351,final
1481,2433,0.012552036,0.40284714,0.5029389,0.09799431,final
1490,2447,0.022932103,0.3754533,0.50557923,0.091637015,final
1492,2450,0.07505716,0.38176852,0.51802534,0.092861146,final
1495,2454,0.038311236,0.4628784,0.5077289,0.110790394,final
1496,2455,-0.041750114,0.33936632,0.48974815,0.08322375,final
1497,2456,0.071175136,0.37625328,0.5172031,0.09167953,final
1498,2457,-0.02126906,0.33605468,0.49469805,0.0824193,final
1500,2459,-0.006072657,0.38883793,0.49812275,0.09471975,final
1503,2463,-0.019919818,0.36443323,0.49505773,0.089076,final
1504,2467,0.0083825765,0.3216941,0.5018415,0.079019904,final
1505,2468,0.055316295,0.35778627,0.5133519,0.08739449,final
1506,2469,0.014398909,0.35564214,0.50333744,0.08698428,final
1507,2470,0.02518168,0.33019093,0.5059485,0.080953814,final
1508,2471,0.06256001,0.33375025,0.5151953,0.08175454,final
1511,2474,0.021420244,0.4060045,0.5048007,0.098662436,final
1513,2476,0.014876732,0.32409227,0.50350773,0.07956674,final
1514,2478,0.020283682,0.3491938,0.5048976,0.0855241,final
1515,2485,0.00022556882,0.3810922,0.5001371,0.09297895,final
1517,2490,-0.03947121,0.3287561,0.49041447,0.080620416,final
1521,2496,-0.013862635,0.3622226,0.49670023,0.08854455,final
1525,2501,-0.028276695,0.41648903,0.49310726,0.10119893,final
1526,2502,-0.059532814,0.36551687,0.4856215,0.08928595,final
1528,2505,0.008318324,0.33017963,0.5020962,0.081039384,final
1531,2513,0.001851548,0.34345978,0.50036424,0.08413695,final
1533,2517,0.011646165,0.36568862,0.5026177,0.089316145,final
1534,2518,-0.004199067,0.38369504,0.49871704,0.09355295,final
1539,2524,0.062394544,0.41917253,0.51432186,0.10124499,final
1542,2527,0.015676502,0.36022985,0.50329125,0.08790244,final
1543,2528,0.020000879,0.36225566,0.50443524,0.08839433,final
1544,2529,0.0076607633,0.39565107,0.50109154,0.096065715,final
1545,2530,0.071361706,0.3872697,0.5167317,0.09387274,final
1546,2531,0.05394797,0.38683152,0.5127236,0.094066285,final
1547,2532,0.07431914,0.3867147,0.51757944,0.09390109,final
1548,2533,0.055564146,0.3720968,0.5129174,0.09041211,final
1550,2539,-0.049508825,0.35865724,0.48810557,0.08761176,final
1552,2541,-0.0037746679,0.44474906,0.4990487,0.10758403,final
1553,2542,-0.06995563,0.35915813,0.48308882,0.087715246,final
1559,2553,0.03452242,0.43481123,0.5069858,0.10452268,final
1562,2558,0.03149982,0.36429897,0.50766087,0.08899364,final
1565,2565,0.051721167,0.50907385,0.50995785,0.120365314,final
1566,2567,-0.016547902,0.4019821,0.4960965,0.097733185,final
1567,2568,0.06178779,0.3800847,0.5149838,0.09269101,final
1569,2571,-0.05087041,0.3485497,0.48768467,0.085315265,final
1570,2572,-0.011003666,0.36777318,0.49737167,0.08984929,final
1573,2580,-0.05214319,0.31269115,0.48729074,0.07682819,final
1574,2581,0.02705613,0.4068205,0.50658965,0.09890319,final
1576,2583,-0.054252055,0.3162685,0.48682737,0.07762458,final
1582,2598,-0.021644678,0.36030096,0.4948341,0.088053614,final
1583,2599,-0.101443596,0.41155604,0.4756919,0.099831,final
1584,2600,-0.095251516,0.34825808,0.4770022,0.08497864,final
1585,2605,0.019440392,0.33232045,0.5047523,0.081534244,final
1586,2606,-0.017707476,0.36357293,0.49580494,0.08882592,final
1591,2613,0.020901117,0.36338308,0.5049332,0.08880134,final
1593,2616,0.055003628,0.36161238,0.5132872,0.088372774,final
1594,2617,-0.04552889,0.34076267,0.48897627,0.08344597,final
1596,2622,-0.036560986,0.36782435,0.4912625,0.08976081,final
1599,2628,-0.078600466,0.35362023,0.4810417,0.086333916,final
1604,2640,-0.002335093,0.35665867,0.49906126,0.087196894,final
1605,2641,0.018996915,0.34329343,0.5043879,0.0840391,final
1606,2642,0.11521664,0.38107204,0.52758116,0.092389815,final
1607,2643,0.115790725,0.3788207,0.5279543,0.09210887,final
1608,2644,0.051851705,0.6045009,0.5080135,0.13972183,final
1610,2648,0.03657171,0.613355,0.5042698,0.14180318,final
1615,2657,0.012220861,0.40042236,0.50241005,0.09727022,final
1618,2662,0.04938911,0.5240181,0.50932956,0.123667225,final
1619,2664,0.031185396,0.47186223,0.5056622,0.11264219,final
1621,2668,0.05885871,0.38903973,0.51414746,0.09473197,final
1623,2670,0.03209291,0.47750124,0.5057735,0.113868795,final
1624,2671,-0.027951028,0.368074,0.49325526,0.08987953,final
1625,2672,-0.0010653404,0.34982294,0.4997568,0.08565274,final
1626,2676,0.008701556,0.36006176,0.5021052,0.08807064,final
1627,2677,-0.039302688,0.33716244,0.49046782,0.08265371,final
1629,2683,-0.09186156,0.3644176,0.47791147,0.088778466,final
1630,2686,-0.046595443,0.37151974,0.4887238,0.09073396,final
1631,2687,-0.056440964,0.38451195,0.4864478,0.093697764,final
1632,2688,0.0067032385,0.3791211,0.5016538,0.0925025,final
1633,2690,-0.06607397,0.36515298,0.48404413,0.089169525,final
1634,2692,-0.08185181,0.3853847,0.4802121,0.09393079,final
1635,2693,-0.028406845,0.32954907,0.4930775,0.080889605,final
1636,2694,-0.019267745,0.3860915,0.49544513,0.09407486,final
1638,2699,-0.02541238,0.32937163,0.4938236,0.08086442,final
1639,2700,-0.064984165,0.3546329,0.4843397,0.08664607,final
1640,2701,0.057776697,0.3722279,0.51398486,0.09080201,final
1641,2702,-0.005513101,0.42259187,0.49873623,0.10249673,final
1642,2706,-0.09003243,0.38123024,0.47836542,0.092754535,final
1643,2707,-0.024155285,0.30462724,0.49411488,0.07492229,final
1644,2709,-0.060097124,0.37021574,0.48556867,0.09025448,final
1645,2710,-0.087473765,0.3699454,0.47896358,0.09011283,final
1646,2712,-0.004273936,0.3923648,0.49902165,0.09558431,final
1647,2713,0.0074675158,0.3512253,0.50190115,0.08597842,final
1649,2716,-0.02355724,0.34966296,0.4940291,0.085642315,final
1650,2717,0.030443277,0.36130872,0.5073455,0.08836024,final
1651,2718,-0.042203728,0.39163888,0.48997164,0.095265456,final
1652,2719,0.07175871,0.36817718,0.51737523,0.089805864,final
1653,2720,0.05351484,0.37796584,0.513012,0.09214444,final
1655,2722,-0.0048746658,0.3544935,0.49888828,0.08673991,final
1656,2723,-0.03984689,0.3914844,0.49054876,0.095261216,final
1657,2724,0.006424167,0.3981189,0.5016501,0.096874565,final
1660,2728,0.052748587,0.50964606,0.5102575,0.120560795,final
1661,2729,0.052038442,0.5135091,0.5102625,0.121636026,final
1665,2734,-0.012734626,0.4066625,0.4966489,0.0989233,final
1666,2735,0.03330332,0.34094334,0.50807,0.08355766,final
1667,2736,0.0069157383,0.38601074,0.50143695,0.09404347,final
1669,2739,0.022035278,0.4537611,0.5044397,0.10937668,final
1671,2745,0.008277577,0.42065966,0.5013349,0.10194804,final
1672,2746,-0.012461808,0.35247695,0.4968804,0.086267516,final
1673,2747,0.05103657,0.45908278,0.51093304,0.10999209,final
1676,2750,-0.0044823256,0.40250188,0.49858052,0.09802206,final
1679,2759,-0.06723802,0.39953673,0.48394474,0.097039156,final
1680,2761,-0.08019236,0.38639158,0.48070765,0.094058774,final
1681,2762,-0.07314935,0.3516508,0.48224518,0.08603715,final
1682,2763,-0.039952107,0.34530228,0.49031734,0.08455118,final
1683,2764,0.039980598,0.39140546,0.5089173,0.09490317,final
1685,2770,-0.077561736,0.38887596,0.48144758,0.094515406,final
1687,2772,0.003186624,0.37880912,0.5008715,0.09243253,final
1689,2779,-0.016700689,0.37790737,0.4955744,0.092210054,final
1696,2788,0.0026169552,0.41916892,0.4997524,0.10156432,final
1699,2791,-0.047672737,0.37725833,0.488275,0.09212677,final
1700,2792,0.014193899,0.37495923,0.50332254,0.09156085,final
1701,2793,-0.0014609197,0.38380578,0.4996865,0.093589604,final
1702,2794,0.029971216,0.36521205,0.5071782,0.089219056,final
1703,2795,0.009658743,0.36780432,0.50201106,0.08982911,final
1704,2796,0.009108686,0.36318234,0.5021281,0.08879,final
1705,2797,-0.017300062,0.36150128,0.49556875,0.08846197,final
1709,2802,0.013388548,0.31471235,0.5032544,0.07732202,final
1710,2803,0.02667436,0.3286977,0.50641483,0.080613814,final
1711,2804,-0.034272972,0.43248034,0.4912296,0.10488907,final
1712,2805,-0.0030710143,0.3665634,0.49937624,0.08953221,final
1715,2808,0.06498219,0.39735645,0.51568377,0.09663303,final
1716,2815,0.07324968,0.36037332,0.5176893,0.08793552,final
1719,2819,0.016205294,0.3292207,0.5035238,0.08063869,final
1720,2822,0.029009394,0.34725237,0.5070042,0.08499827,final
1721,2826,-0.059096232,0.32323882,0.48564562,0.07925505,final
1722,2827,0.039047882,0.35563537,0.5095255,0.08697326,final
1726,2840,0.004043233,0.34327263,0.50106186,0.08408901,final
1727,2841,-0.040277854,0.3278248,0.4901924,0.08043791,final
1733,2857,0.037055682,0.41792408,0.50795966,0.1009126,final
1734,2858,-0.07223821,0.40432978,0.48258537,0.0982912,final
1735,2859,-0.01640796,0.35054663,0.49569803,0.08585896,final
1737,2861,0.0005359964,0.4183037,0.5001514,0.10155722,final
1739,2863,0.012041258,0.4293937,0.50173867,0.103609465,final
1741,2867,-0.0044055977,0.35063747,0.49880397,0.08586427,final
1744,2871,0.0076911054,0.36244178,0.50128144,0.08841664,final
1745,2872,-0.0048025507,0.37103543,0.49847752,0.09058756,final
1747,2875,0.040972546,0.34719127,0.50986487,0.08498213,final
1748,2877,0.06738546,0.42118514,0.5156299,0.10174834,final
1751,2881,0.01915194,0.34854084,0.50462365,0.0853334,final
1753,2883,-0.07222137,0.38235068,0.48269346,0.09308064,final
1756,2889,-0.07177377,0.36834568,0.48274612,0.08977735,final
1757,2890,-0.071894445,0.36476204,0.48265442,0.08904589,final
1762,2901,0.008134269,0.33645174,0.501729,0.082414865,final
1766,2906,0.07570032,0.40680897,0.51827025,0.098805815,final
1767,2907,0.009576857,0.4122936,0.502444,0.10011323,final
1768,2908,-0.04701519,0.4266848,0.48861954,0.10354719,final
1769,2912,-0.09381262,0.37593722,0.47742572,0.0915127,final
1770,2915,0.012236525,0.37545452,0.5026455,0.09159722,final
1771,2916,-0.041145332,0.32816985,0.48988378,0.08057167,final
1772,2917,-0.012950553,0.32476285,0.4965816,0.07974508,final
1773,2918,-0.010938738,0.38395974,0.49709478,0.09366255,final
1774,2919,-0.0025653467,0.40873626,0.49886915,0.099360816,final
1776,2921,0.012844335,0.3772566,0.5023637,0.09178667,final
1777,2922,0.013311474,0.3753515,0.5024685,0.09128957,final
1779,2926,-0.035937395,0.4078926,0.49120107,0.09921447,final
1782,2929,0.008728112,0.4547466,0.5013618,0.10972018,final
1788,2941,0.057735655,0.46412244,0.5123426,0.11096395,final
1789,2942,0.0654735,0.4275509,0.51521915,0.10328155,final
1791,2944,0.034177776,0.4212391,0.5070871,0.101551235,final
1792,2946,0.023464177,0.43388364,0.5044849,0.104538456,final
1793,2947,0.010647171,0.4206543,0.5014639,0.10161348,final
1794,2948,0.015183719,0.4198689,0.50254893,0.10136674,final
1795,2949,0.04446836,0.45580283,0.5092122,0.109122,final
1796,2950,0.1042161,0.3989685,0.52492607,0.09668701,final
1797,2951,0.041885532,0.41278934,0.5090182,0.09958567,final
1799,2953,0.08239186,0.4023881,0.5198181,0.09767983,final
1801,2959,-0.052982662,0.40361956,0.48719585,0.09818923,final
1802,2961,0.01523972,0.41381872,0.50371873,0.100505486,final
1804,2966,-0.052104253,0.4082379,0.4873626,0.09931252,final
1806,2968,-0.036094606,0.3644911,0.4909945,0.08915725,final
1809,2971,0.016034149,0.35646325,0.50349426,0.08706646,final
1811,2973,-0.06600774,0.3887869,0.4840186,0.09472497,final
1814,2976,-0.05838253,0.3803985,0.4860329,0.09266834,final
1817,2985,-0.05024484,0.33985105,0.4877028,0.08329866,final
1818,2986,0.066403285,0.34864068,0.5160863,0.08524932,final
1819,2987,-0.033282,0.3420622,0.4917931,0.08387203,final
1821,2989,0.044408087,0.35078424,0.5104911,0.08564541,final
1822,2990,0.024890045,0.36553004,0.5058298,0.08918731,final
1823,2991,0.038301203,0.3625819,0.5088079,0.088328026,final
1824,2993,0.025286606,0.40160957,0.5052294,0.09723328,final
1825,2995,0.034085505,0.37765625,0.5082989,0.09209861,final
1827,2997,-0.07456648,0.38423097,0.48201418,0.093589455,final
1828,3000,-0.071135916,0.34952113,0.48272264,0.085497424,final
1829,3004,0.03772792,0.3985002,0.50919276,0.09696739,final
1830,3005,-0.037489306,0.35850152,0.49096626,0.08756649,final
1831,3006,-0.043595,0.3975837,0.4894694,0.09680752,final
1832,3007,-0.07574834,0.3291189,0.4816078,0.08064235,final
1836,3016,0.012902766,0.33995247,0.50298375,0.08329567,final
1838,3018,-0.019320315,0.33651,0.4951344,0.08254539,final
1839,3019,-0.017453365,0.37744284,0.49550793,0.09213527,final
1840,3020,-0.040337052,0.34884158,0.49018273,0.08540593,final
1841,3022,0.04630941,0.6815922,0.5049464,0.1548722,final
1845,3030,0.011144423,0.4877365,0.5007765,0.11641483,final
1846,3032,0.018658247,0.37215036,0.5039866,0.09064863,final
1847,3033,-0.0086041745,0.32615596,0.49788135,0.080085926,final
1848,3034,0.02766957,0.41529337,0.5057244,0.100395165,final
1849,3035,0.044319194,0.52050257,0.5079966,0.12283432,final
1851,3037,0.01927898,0.4235826,0.5035896,0.10233196,final
1853,3039,-0.0023904128,0.37551093,0.4990635,0.091647066,final
1854,3040,0.024694469,0.3882035,0.5057024,0.09459448,final
1857,3044,-0.030176483,0.34604466,0.49255827,0.0848117,final
1862,3052,-0.07895821,0.37118742,0.4810225,0.090442404,final
1863,3053,-0.00998709,0.38336685,0.49764448,0.09352472,final
1866,3060,-0.024051974,0.3897405,0.49401528,0.09503662,final
1867,3061,0.043529633,0.57989407,0.50666976,0.13509405,final
1868,3062,0.043485057,0.4568387,0.5089241,0.10937084,final
1871,3067,-0.019800054,0.4038872,0.49490044,0.098289825,final
1872,3068,0.011356574,0.42240056,0.5019834,0.1023001,final
1873,3070,-0.016715964,0.34006503,0.4958503,0.08338272,final
1874,3071,0.022624966,0.43070075,0.50482196,0.10427496,final
1875,3072,-0.017387718,0.4034067,0.49557197,0.09821758,final
1876,3074,0.005740123,0.36281532,0.5007932,0.0884853,final
1882,3081,-0.08469444,0.37866023,0.47961727,0.09219102,final
1883,3082,-0.024053808,0.35350704,0.4941714,0.08642144,final
1884,3083,-0.06791025,0.40804955,0.4836489,0.09920029,final
1886,3087,-0.016005605,0.34435818,0.49604225,0.08434277,final
1887,3088,0.031620074,0.5325187,0.5049516,0.12568228,final
1888,3089,0.05536896,0.61961854,0.50864136,0.14291276,final
1891,3093,0.015924804,0.3996119,0.5031475,0.096998364,final
1893,3095,0.05708556,0.6404776,0.5085256,0.14683548,final
1895,3097,0.056681044,0.5919362,0.5095591,0.13732122,final
1896,3098,0.010666597,0.4027776,0.5020324,0.09787541,final
1897,3099,0.016328521,0.39412552,0.50350255,0.09582893,final
1898,3100,-0.0074542398,0.41185495,0.4979485,0.10009826,final
1899,3101,-0.032351963,0.29640508,0.49201807,0.07298331,final
1900,3102,0.003930038,0.30536973,0.5007924,0.075095505,final
1902,3104,-0.03686367,0.36569497,0.49094045,0.08939324,final
1903,3105,0.033461027,0.41312072,0.5074885,0.10012848,final
1904,3107,-0.0051053367,0.35245943,0.49863937,0.0862579,final
1905,3108,-0.05068548,0.37682846,0.4876641,0.09198042,final
1907,3111,0.021769844,0.41578513,0.5046375,0.10078355,final
1909,3113,0.05855328,0.34893417,0.51419926,0.08531781,final
1910,3114,-0.034724653,0.3912376,0.49159372,0.09538842,final
1915,3129,-0.0804513,0.3908329,0.48068184,0.09507971,final
1922,3145,-0.0019861998,0.40847015,0.4994954,0.09935094,final
1923,3146,-0.024843967,0.4082374,0.49418116,0.099171534,final
1924,3147,-0.019871868,0.33985725,0.4950986,0.0833713,final
1925,3148,-0.023083426,0.39449,0.49435955,0.0961081,final
1926,3152,0.024971947,0.446823,0.50477475,0.10749363,final
1927,3153,0.037914176,0.43606398,0.5077805,0.10476545,final
1928,3155,-0.00681686,0.3873251,0.4983425,0.09443295,final
1929,3156,0.00017331375,0.3973644,0.5001426,0.096751004,final
1930,3157,-0.020454125,0.43279684,0.49523354,0.1047937,final
1931,3159,-0.02869247,0.34119266,0.4930379,0.08360689,final
1932,3160,-0.041969128,0.40236247,0.489843,0.09793411,final
1933,3163,-0.049351927,0.39523458,0.48812708,0.09622709,final
1936,3168,0.008767426,0.41458383,0.5012169,0.10035095,final
1937,3169,0.038558353,0.43392396,0.508747,0.1049805,final
1938,3173,0.0012118866,0.40925846,0.50030196,0.09949152,final
1939,3174,-0.06499421,0.38179034,0.4844115,0.09293798,final
1940,3175,-0.07584303,0.34927866,0.48162186,0.08544409,final
1941,3176,-0.09892294,0.3624805,0.47614357,0.088364124,final
1943,3178,-0.024000281,0.4057023,0.49409077,0.098725185,final
1944,3179,-0.033741727,0.41114628,0.491911,0.09985161,final
1948,3185,-0.04229874,0.42063895,0.48987615,0.10205173,final
1949,3186,-0.04168587,0.4168572,0.49006155,0.10116642,final
1950,3189,-0.05555847,0.3756941,0.48665407,0.09160783,final
1952,3194,0.040467396,0.45483008,0.5087693,0.10943591,final
1953,3196,0.06488741,0.53804564,0.5124833,0.1261544,final
1954,3197,0.01442091,0.33959502,0.5034056,0.08319645,final
1955,3198,0.031387404,0.45532006,0.50627494,0.10946075,final
1958,3201,0.05504988,0.45775133,0.51172614,0.10956508,final
1959,3203,-0.037704043,0.34676933,0.49074697,0.08496294,final
1960,3204,0.027999647,0.34163532,0.50643605,0.08355842,final
1962,3208,0.020167014,0.34214005,0.5049145,0.08383504,final
1963,3210,-0.018438037,0.3837575,0.49526194,0.09360973,final
1965,3213,-0.036737137,0.37380475,0.49109077,0.0913085,final
1968,3219,0.005085762,0.33264986,0.50118935,0.08159889,final
1973,3238,0.04679384,0.38212737,0.5113821,0.09315058,final
1974,3243,0.0472951,0.38020796,0.5114635,0.09273749,final
1975,3244,0.013057412,0.4030129,0.5026276,0.09791965,final
1976,3246,-0.02372336,0.41530547,0.49401748,0.10093197,final
1977,3247,0.03664891,0.35944682,0.50885653,0.08785893,final
1978,3248,0.0656145,0.38079286,0.51584697,0.09274282,final
1979,3249,0.006253813,0.32368588,0.501491,0.07948794,final
1980,3250,-0.003765987,0.3986931,0.4989304,0.097049184,final
1981,3251,0.021468557,0.371802,0.50489223,0.09072597,final
1982,3252,0.018622154,0.4045332,0.5042126,0.09834142,final
1983,3253,-0.06012253,0.36011449,0.48542997,0.08803753,final
1984,3254,0.023479816,0.3767208,0.5057249,0.09195015,final
1985,3255,0.019091297,0.4067631,0.50432044,0.09890756,final
1986,3256,-0.020316366,0.31093818,0.49493852,0.07646896,final
1987,3257,0.050147884,0.3617507,0.51211447,0.08837736,final
1988,3258,0.026751542,0.36548674,0.5065038,0.08930326,final
1989,3259,0.019124296,0.38817972,0.50440305,0.09450863,final
1990,3260,0.002796635,0.413302,0.5003185,0.1004361,final
1991,3261,-0.039111312,0.36298817,0.49051082,0.08870127,final
1993,3263,-0.023696138,0.38217854,0.4943214,0.09320903,final
1994,3264,-0.01923681,0.36969966,0.49534142,0.09028575,final
1995,3265,-0.052454367,0.32942948,0.4871581,0.0808459,final
1997,3267,-0.03515347,0.32486346,0.49140394,0.079735205,final
1999,3269,0.01525973,0.35277894,0.5036046,0.08631096,final
2000,3271,-0.024447085,0.4099084,0.49385187,0.09970591,final
2002,3273,0.00055310957,0.33065677,0.5001815,0.0811271,final
2003,3274,0.014378127,0.3416541,0.50343364,0.08367143,final
2005,3285,0.021723665,0.38217384,0.5053089,0.093196556,final
2008,3296,0.0595571,0.48962027,0.5124361,0.11644125,final
2009,3298,-0.03726147,0.38213637,0.491023,0.09314686,final
2011,3300,-0.02834203,0.33418572,0.4931189,0.08192323,final
2012,3301,-0.039701913,0.3533496,0.49042946,0.0863962,final
2013,3307,0.050097212,0.6614084,0.5062815,0.15086743,final
2014,3308,0.031014876,0.38072845,0.50726944,0.092785366,final
2016,3316,0.02944716,0.3489919,0.50716245,0.08539484,final
2017,3317,-0.045725938,0.38138005,0.48898104,0.09300648,final
2022,3328,-0.042657997,0.3604036,0.48965126,0.08814285,final
2024,3334,0.06402615,0.5153495,0.5125755,0.12125358,final
2027,3342,0.0021061806,0.4055496,0.5000058,0.09858238,final
2028,3347,0.0102492785,0.43707472,0.50170606,0.10571002,final
2030,3354,0.011130165,0.35438886,0.5027631,0.08672372,final
2031,3355,0.0008231683,0.34919158,0.5002728,0.085496016,final
2033,3358,-0.037517425,0.36033034,0.49085438,0.08816314,final
2034,3359,0.021662023,0.4213672,0.5043192,0.101935364,final
2035,3360,-0.017930819,0.4104715,0.49515316,0.09978406,final
2036,3361,-0.05504673,0.38361096,0.48661825,0.0935854,final
2037,3362,0.0006494232,0.40727445,0.49940956,0.098838635,final
2038,3363,0.012751352,0.4410152,0.5019583,0.10637394,final
2040,3365,0.026153952,0.4659026,0.50448257,0.11136012,final
2041,3366,0.017128928,0.39923212,0.50329375,0.09682486,final
2046,3384,0.02207015,0.36850995,0.50482696,0.08979025,final
2048,3386,-0.019509451,0.33494195,0.49518892,0.08220854,final
2050,3388,0.049264915,0.39685303,0.51185864,0.09660385,final
2053,3394,0.050113667,0.36477578,0.5120423,0.08905299,final
2054,3396,-0.023290059,0.4153931,0.4938441,0.100914106,final
2055,3397,-0.02426816,0.40178204,0.4937358,0.09776908,final
2056,3398,-0.011374568,0.38458902,0.49694443,0.0937479,final
2059,3404,0.064054415,0.53304094,0.5128581,0.12549616,final
2062,3408,-0.03849199,0.41969997,0.49066734,0.10193666,final
2063,3409,-0.008477089,0.34878808,0.4979647,0.08538689,final
2066,3418,-0.016512142,0.38673824,0.49586555,0.094307244,final
2068,3421,-0.026635578,0.37853852,0.493211,0.092365555,final
2069,3422,-0.00929831,0.3608584,0.4975818,0.088305965,final
2071,3424,-0.059464574,0.40962133,0.48550346,0.09965023,final
2073,3426,0.017329652,0.3649787,0.5040624,0.08916625,final
2075,3429,-0.018572118,0.3678454,0.49525583,0.08993363,final
2076,3430,0.056935534,0.41619045,0.51291835,0.1004654,final
2079,3435,0.037231874,0.53822726,0.5058645,0.12647893,final
2081,3438,0.037548974,0.34994888,0.50904757,0.08561842,final
2082,3439,0.08686352,0.38054034,0.52103424,0.09266566,final
2084,3441,0.025615707,0.35175112,0.5059613,0.08598767,final
2085,3444,-0.043719728,0.32383513,0.4893044,0.0795029,final
2088,3448,0.019421011,0.40585634,0.5042709,0.09866517,final
2089,3450,-0.059958,0.37397403,0.48551115,0.09123123,final
2090,3451,0.058847394,0.45725095,0.5126644,0.109401524,final
2091,3452,-0.0016188746,0.35961598,0.49966902,0.08795452,final
2096,3461,0.03566863,0.44025508,0.50727206,0.10580309,final
2097,3462,0.031499047,0.61735463,0.5031965,0.14280048,final
2098,3466,-0.019328423,0.34791455,0.49526203,0.08518675,final
2099,3467,0.03645756,0.46958926,0.50697094,0.11215748,final
2100,3468,0.067527965,0.5387968,0.51319313,0.12645128,final
2101,3469,0.041809037,0.52016455,0.5075121,0.12292854,final
2103,3471,0.02264945,0.41844502,0.50459427,0.101234116,final
2105,3476,-0.04099827,0.36431614,0.49001276,0.08911141,final
2106,3477,-0.011924588,0.40366444,0.49709162,0.098224655,final
2107,3478,0.050618626,0.39773074,0.5118903,0.096650004,final
2108,3479,0.0019656909,0.36339977,0.5002238,0.08880799,final
2110,3481,-0.079172224,0.39334506,0.48096555,0.095681675,final
2112,3484,0.029436529,0.35599414,0.5071495,0.08708262,final
2114,3489,0.025187394,0.33554766,0.5061365,0.08225202,final
2116,3494,0.021689944,0.38961458,0.50445133,0.09458364,final
2118,3498,0.022515569,0.46153522,0.5042451,0.11095978,final
2119,3499,-0.050403964,0.36095783,0.48765776,0.08831484,final
2121,3501,-0.017162502,0.38289407,0.49563774,0.093395784,final
2124,3504,0.007448042,0.40286827,0.5011104,0.09784672,final
2125,3505,-0.003322242,0.3275123,0.4990005,0.080398776,final
2127,3507,0.011162639,0.4286391,0.5015978,0.10356569,final
2128,3508,-0.0033350224,0.35167015,0.49870464,0.08599248,final
2130,3510,-0.047758196,0.33865038,0.48841894,0.08297588,final
2132,3512,-0.0026927101,0.39592907,0.49924386,0.09639274,final
2133,3513,-0.007478284,0.36867124,0.498218,0.090047404,final
2136,3516,0.04631977,0.4802497,0.5092797,0.11439578,final
2139,3524,-0.0065419055,0.3684585,0.4981295,0.09000446,final
2140,3525,0.010127373,0.3708602,0.5023365,0.09057752,final
2141,3526,0.007046629,0.4230893,0.501298,0.102611385,final
2142,3527,-0.04962718,0.29961416,0.48779657,0.07378405,final
2143,3528,0.033316553,0.3947029,0.50796384,0.09606215,final
2145,3534,-0.014208915,0.39318538,0.49668482,0.0957319,final
2146,3535,-0.08665955,0.3579713,0.47911814,0.08733523,final
2147,3536,-0.042328577,0.3658569,0.4897905,0.08940011,final
2149,3543,0.005980639,0.3899397,0.5009548,0.09498408,final
2151,3545,-2.01443e-05,0.37089062,0.49941412,0.09043244,final
2152,3546,0.05927715,0.4654926,0.51253134,0.111029826,final
2154,3548,0.048893783,0.507176,0.5095344,0.12018229,final
2155,3549,0.06311181,0.48238325,0.5131534,0.11455362,final
2157,3551,0.023645382,0.35726663,0.50519323,0.08717262,final
2158,3552,-0.018751036,0.37411734,0.4951618,0.09138427,final
2161,3555,-0.044429593,0.31717786,0.48920938,0.07785898,final
2162,3556,-0.06554875,0.41069502,0.4843235,0.099653974,final
2165,3565,0.018372973,0.4090361,0.5044398,0.09937011,final
2166,3566,-0.052987617,0.4038218,0.4873331,0.098125204,final
2169,3576,-0.05928248,0.36207142,0.48556465,0.088515125,final
2170,3578,-0.033937767,0.35873595,0.49172136,0.08778618,final
2174,3591,0.05560667,0.41003764,0.5128229,0.09922233,final
2175,3593,0.07325683,0.38345283,0.5177758,0.09338948,final
2182,3608,-0.057046786,0.36145884,0.48612118,0.08837683,final
2184,3614,0.0028778645,0.35576996,0.50070804,0.08702728,final
2185,3615,-0.042264685,0.3508573,0.4898252,0.08581844,final
2187,3617,-0.035661787,0.3616318,0.4914358,0.08836183,final
2188,3618,-0.06830472,0.36584666,0.48354113,0.08928739,final
2191,3623,-0.026426347,0.30084088,0.4935529,0.07401725,final
2192,3624,-0.07091155,0.36262083,0.4828799,0.08850608,final
2195,3629,0.02768033,0.6790177,0.5007608,0.15474021,final
2196,3633,0.030397508,0.3874324,0.5066364,0.09402897,final
2198,3635,0.031634144,0.36788008,0.50717574,0.08956262,final
2199,3638,0.048279077,0.3454689,0.5114453,0.08438608,final
2200,3639,0.044199046,0.36453694,0.51027197,0.08876775,final
2203,3649,0.04777776,0.4183312,0.51093066,0.101272084,final
2205,3654,0.048583575,0.47199053,0.5098249,0.11253716,final
2210,3668,0.08273137,0.4897115,0.51788497,0.1161578,final
2212,3671,-0.0048759924,0.3971429,0.49808848,0.09656708,final
2214,3675,0.03764029,0.4908727,0.5068761,0.11665607,final
2218,3681,0.023354514,0.40747285,0.5045582,0.09848747,final
2219,3682,0.022811662,0.35603774,0.5049551,0.086820446,final
2220,3683,-0.00070182566,0.3757854,0.49933332,0.091688566,final
2221,3684,-0.0044505727,0.40448698,0.49871022,0.098385096,final
2222,3685,-0.0019082485,0.38677895,0.499237,0.094282456,final
2223,3686,-0.00044671778,0.29802328,0.49985838,0.0733876,final
2224,3688,0.026109539,0.3679935,0.50616616,0.08989074,final
2230,3697,0.04515417,0.3110234,0.51098955,0.07639615,final
2231,3698,-0.0040716613,0.343755,0.49891716,0.08422566,final
2232,3699,0.0076094633,0.35995117,0.50157386,0.08796279,final
2233,3700,-0.024275655,0.3719086,0.49379274,0.09086075,final
2234,3701,0.02212163,0.34319225,0.50528985,0.08408425,final
2235,3702,-0.0136771,0.30888984,0.49646527,0.075970046,final
2236,3703,-0.02378162,0.33388978,0.49404913,0.08187252,final
2237,3704,0.0077445707,0.32037988,0.50186336,0.07869033,final
2238,3705,0.058396917,0.35665783,0.51408505,0.08712738,final
2239,3706,-0.026423538,0.31078544,0.4935172,0.076443896,final
2240,3707,0.03202094,0.39055845,0.50748515,0.09503312,final
2241,3708,0.04434555,0.31975284,0.51065993,0.07840144,final
2244,3712,-0.02149129,0.36440402,0.49479336,0.089037605,final
2249,3717,0.008379735,0.33089843,0.50206524,0.08117802,final
2252,3723,0.021042993,0.40817666,0.5046382,0.099148326,final
2258,3729,0.02277791,0.38385978,0.5050298,0.09339819,final
2259,3730,0.013876973,0.41372004,0.50246704,0.100221254,final
2261,3733,0.04036827,0.4551516,0.5084262,0.10928295,final
2262,3735,0.029966222,0.41177204,0.5063534,0.099667646,final
2264,3740,-0.033007078,0.3498178,0.49196073,0.08566019,final
2265,3741,0.009118133,0.39269537,0.50141275,0.09539524,final
2266,3742,0.05854563,0.7049784,0.50714374,0.15885945,final
2268,3744,-0.02827331,0.33851105,0.4931819,0.082947575,final
2269,3745,-0.031706333,0.34092623,0.49236542,0.08353888,final
2272,3751,-0.08124885,0.38658175,0.48052374,0.09400573,final
2273,3752,-0.02085755,0.38507903,0.49505296,0.09387167,final
2274,3753,-0.03484484,0.33838528,0.49155262,0.08294669,final
2275,3754,0.0059294477,0.40834317,0.50158167,0.09924461,final
2276,3755,-0.066670895,0.3488876,0.48389223,0.0852495,final
2278,3760,0.0032476957,0.37689355,0.5004685,0.09195205,final
2279,3763,0.015573834,0.30895483,0.5036954,0.075939216,final
2280,3764,0.07091373,0.35779792,0.5172424,0.08743691,final
2285,3770,0.010169133,0.3235641,0.5023234,0.07942395,final
2289,3783,-0.053370934,0.36483946,0.48710167,0.089122735,final
2291,3785,-0.045979973,0.34932834,0.48892224,0.085429244,final
2294,3788,0.020972133,0.42805707,0.5039164,0.10328532,final
2296,3791,0.08269213,0.43959057,0.51933205,0.10594131,final
2298,3793,-0.038536053,0.32900938,0.49061787,0.08075026,final
2301,3798,-0.04334736,0.30179936,0.489452,0.07420691,final
2304,3802,0.052171502,0.3413144,0.51271194,0.08360159,final
2306,3809,-0.00037317805,0.3708377,0.49990618,0.09061588,final
2308,3811,-0.010887518,0.4058428,0.49677473,0.09868908,final
2309,3812,0.0007095072,0.3746436,0.49960867,0.0913433,final
2311,3814,0.002242494,0.39600015,0.4999047,0.09630577,final
2312,3819,-0.028298415,0.37901688,0.4929204,0.09253786,final
2313,3821,0.0098615335,0.36619323,0.50246483,0.08944913,final
2317,3825,0.036989033,0.39549774,0.50892335,0.096238375,final
2318,3826,0.012911205,0.36324924,0.5032422,0.08872157,final
2319,3827,-0.05366561,0.34670687,0.48702824,0.08477525,final
2323,3836,-0.010173244,0.38549137,0.49690485,0.093894236,final
2326,3841,0.04368282,0.3464564,0.5105742,0.084789835,final
2327,3844,0.070800886,0.42178914,0.51651645,0.10197682,final
2329,3852,-0.08835034,0.36843312,0.47872156,0.08982537,final
2332,3861,-0.045448035,0.39683256,0.48917934,0.096494935,final
2333,3863,-0.059432838,0.32642075,0.4855906,0.08000875,final
2336,3868,-0.038119424,0.36800602,0.49064717,0.08996165,final
2337,3869,0.015757991,0.35272372,0.50381684,0.08632523,final
2338,3871,0.037753344,0.51630944,0.50655514,0.1220685,final
2340,3873,0.057328954,0.41802847,0.51277363,0.100658946,final
2343,3882,-0.024922373,0.38649473,0.49400207,0.094193675,final
2345,3893,-0.06714675,0.3292819,0.48370606,0.080702074,final
2348,3897,-0.0437701,0.3722129,0.48932832,0.09096264,final
2352,3911,-0.079627864,0.39426696,0.48087174,0.09593919,final
2355,3916,-0.0096876845,0.3937316,0.49755657,0.095935605,final
2356,3917,-0.024932746,0.34314173,0.4938293,0.08408201,final
2363,3927,0.021305379,0.41876236,0.50418293,0.10125068,final
2364,3928,0.04771588,0.51591325,0.50931174,0.122221924,final
2366,3930,0.040111925,0.4592168,0.508085,0.10987508,final
2367,3932,0.05582318,0.604638,0.5090391,0.13978063,final
2372,3948,-0.05987731,0.35920942,0.48555967,0.087759316,final
2373,3949,-0.047324706,0.38199142,0.48854345,0.09318764,final
2374,3952,-0.043811183,0.3614955,0.4894087,0.088364206,final
