split,item_id,item_idx,phase,base_graph_mean,diffused_graph_mean,diffused_graph_std,diffused_density_gt_1e_6,diffused_row_sum_error,local_delta_norm,last_warm_loss,config_name,selected_config_name,final_training_seconds,device
validation,1,0,Cold,-0.001749437884427607,0.1111110970377922,0.06133008748292923,1.0,1.7881393432617188e-07,0.0,0.0,cfg02_G3_D32,cfg02_G3_D32,2.171714791969862,cuda
validation,1,0,Warm A,-0.0021560494787991047,0.1111111119389534,0.06345054507255554,1.0,3.5762786865234375e-07,0.2431362122297287,0.46671637892723083,cfg02_G3_D32,cfg02_G3_D32,2.171714791969862,cuda
validation,1,0,Warm B,-0.004275929648429155,0.111111119389534,0.07245055586099625,0.9753086419753086,2.384185791015625e-07,0.40304437279701233,0.36624523997306824,cfg02_G3_D32,cfg02_G3_D32,2.171714791969862,cuda
validation,1,0,Warm C,-0.0014960785629227757,0.1111111119389534,0.06368616223335266,0.9876543209876543,1.1920928955078125e-07,0.2835357189178467,0.5306318402290344,cfg02_G3_D32,cfg02_G3_D32,2.171714791969862,cuda
validation,5,4,Cold,-0.0008527430472895503,0.1111111119389534,0.0672997534275055,0.9876543209876543,2.384185791015625e-07,0.0,0.0,cfg02_G3_D32,cfg02_G3_D32,2.171714791969862,cuda
validation,5,4,Warm A,0.000946636835578829,0.1111111119389534,0.09477891027927399,0.9012345679012346,1.1920928955078125e-07,0.25018954277038574,0.5178210139274597,cfg02_G3_D32,cfg02_G3_D32,2.171714791969862,cuda
validation,5,4,Warm B,0.003237432101741433,0.1111111119389534,0.12149249017238617,0.8024691358024691,2.384185791015625e-07,0.3663940131664276,0.5989689826965332,cfg02_G3_D32,cfg02_G3_D32,2.171714791969862,cuda
validation,5,4,Warm C,0.0010986626148223877,0.111111119389534,0.10902637243270874,0.8271604938271605,2.384185791015625e-07,0.4451616704463959,0.49628400802612305,cfg02_G3_D32,cfg02_G3_D32,2.171714791969862,cuda
validation,7,6,Cold,-0.0011858437210321426,0.1111111119389534,0.0673159584403038,0.9876543209876543,2.384185791015625e-07,0.0,0.0,cfg02_G3_D32,cfg02_G3_D32,2.171714791969862,cuda
validation,7,6,Warm A,-0.003361016046255827,0.1111111119389534,0.07054373621940613,0.9629629629629629,1.1920928955078125e-07,0.24180547893047333,0.6916362643241882,cfg02_G3_D32,cfg02_G3_D32,2.171714791969862,cuda
validation,7,6,Warm B,-0.0016301837749779224,0.1111111119389534,0.07630681991577148,0.9506172839506173,1.1920928955078125e-07,0.31756120920181274,0.7052443027496338,cfg02_G3_D32,cfg02_G3_D32,2.171714791969862,cuda
validation,7,6,Warm C,-0.000527353840880096,0.1111111119389534,0.08596786111593246,0.9012345679012346,2.384185791015625e-07,0.40202465653419495,0.662826657295227,cfg02_G3_D32,cfg02_G3_D32,2.171714791969862,cuda
validation,11,10,Cold,-0.0012274723267182708,0.1111110970377922,0.06582050770521164,0.9876543209876543,1.7881393432617188e-07,0.0,0.0,cfg02_G3_D32,cfg02_G3_D32,2.171714791969862,cuda
validation,11,10,Warm A,-0.0027008000761270523,0.1111110970377922,0.06595004349946976,0.9876543209876543,1.1920928955078125e-07,0.23891262710094452,0.5221630334854126,cfg02_G3_D32,cfg02_G3_D32,2.171714791969862,cuda
validation,11,10,Warm B,8.174915274139494e-05,0.1111110970377922,0.071117103099823,0.9876543209876543,2.980232238769531e-07,0.33766287565231323,0.6852672696113586,cfg02_G3_D32,cfg02_G3_D32,2.171714791969862,cuda
validation,11,10,Warm C,-0.0017898248042911291,0.1111111119389534,0.07047666609287262,1.0,1.1920928955078125e-07,0.36767521500587463,0.5361000895500183,cfg02_G3_D32,cfg02_G3_D32,2.171714791969862,cuda
validation,17,16,Cold,-0.001883869175799191,0.1111111119389534,0.06439847499132156,1.0,2.384185791015625e-07,0.0,0.0,cfg02_G3_D32,cfg02_G3_D32,2.171714791969862,cuda
validation,17,16,Warm A,-0.004532574210315943,0.1111111119389534,0.06787782162427902,1.0,1.1920928955078125e-07,0.2374662458896637,0.496725469827652,cfg02_G3_D32,cfg02_G3_D32,2.171714791969862,cuda
validation,17,16,Warm B,-0.006486347410827875,0.111111119389534,0.0771227702498436,0.9753086419753086,2.384185791015625e-07,0.3793496787548065,0.3208126127719879,cfg02_G3_D32,cfg02_G3_D32,2.171714791969862,cuda
validation,17,16,Warm C,-0.007807785179466009,0.1111111119389534,0.07752453535795212,0.9506172839506173,1.1920928955078125e-07,0.42171210050582886,0.3465460538864136,cfg02_G3_D32,cfg02_G3_D32,2.171714791969862,cuda
validation,41,36,Cold,0.0006915170815773308,0.1111111119389534,0.07816458493471146,0.9629629629629629,2.384185791015625e-07,0.0,0.0,cfg02_G3_D32,cfg02_G3_D32,2.171714791969862,cuda
validation,41,36,Warm A,0.0001676676911301911,0.1111111119389534,0.06599137932062149,0.9876543209876543,1.1920928955078125e-07,0.2360626608133316,0.6572599411010742,cfg02_G3_D32,cfg02_G3_D32,2.171714791969862,cuda
validation,41,36,Warm B,-0.0015022833831608295,0.1111111119389534,0.0700531005859375,0.9629629629629629,1.1920928955078125e-07,0.3930361270904541,0.4492649734020233,cfg02_G3_D32,cfg02_G3_D32,2.171714791969862,cuda
validation,41,36,Warm C,-0.0006309542804956436,0.111111119389534,0.072933629155159,0.9876543209876543,2.384185791015625e-07,0.4412895739078522,0.6387807726860046,cfg02_G3_D32,cfg02_G3_D32,2.171714791969862,cuda
validation,104,76,Cold,-0.0007138620712794363,0.1111111119389534,0.0671812891960144,0.9876543209876543,1.1920928955078125e-07,0.0,0.0,cfg02_G3_D32,cfg02_G3_D32,2.171714791969862,cuda
validation,104,76,Warm A,-0.003447247203439474,0.1111111119389534,0.06908249109983444,1.0,2.384185791015625e-07,0.22541896998882294,0.6506640315055847,cfg02_G3_D32,cfg02_G3_D32,2.171714791969862,cuda
validation,104,76,Warm B,-0.0005774631281383336,0.111111119389534,0.0700889527797699,0.9753086419753086,2.384185791015625e-07,0.2689780592918396,0.5960922241210938,cfg02_G3_D32,cfg02_G3_D32,2.171714791969862,cuda
validation,104,76,Warm C,0.000977058196440339,0.1111111119389534,0.0723729208111763,0.9629629629629629,1.1920928955078125e-07,0.3437518775463104,0.5908159613609314,cfg02_G3_D32,cfg02_G3_D32,2.171714791969862,cuda
validation,107,78,Cold,-0.0007783277542330325,0.1111110970377922,0.06231100112199783,1.0,3.5762786865234375e-07,0.0,0.0,cfg02_G3_D32,cfg02_G3_D32,2.171714791969862,cuda
validation,107,78,Warm A,-0.0010793162509799004,0.1111111119389534,0.0644727572798729,0.9753086419753086,2.384185791015625e-07,0.23290865123271942,0.7147461175918579,cfg02_G3_D32,cfg02_G3_D32,2.171714791969862,cuda
validation,107,78,Warm B,0.0003778741811402142,0.1111110970377922,0.07586245238780975,0.9382716049382716,2.384185791015625e-07,0.2590404152870178,0.5668588280677795,cfg02_G3_D32,cfg02_G3_D32,2.171714791969862,cuda
validation,107,78,Warm C,0.003175880527123809,0.1111111119389534,0.10402161628007889,0.8148148148148148,1.7881393432617188e-07,0.3171120285987854,0.5592765808105469,cfg02_G3_D32,cfg02_G3_D32,2.171714791969862,cuda
validation,110,79,Cold,-0.0004759939620271325,0.1111110970377922,0.0695553719997406,0.9876543209876543,2.384185791015625e-07,0.0,0.0,cfg02_G3_D32,cfg02_G3_D32,2.171714791969862,cuda
validation,110,79,Warm A,-0.0025733241345733404,0.1111111119389534,0.06322745233774185,1.0,3.5762786865234375e-07,0.2449488341808319,0.415498822927475,cfg02_G3_D32,cfg02_G3_D32,2.171714791969862,cuda
validation,110,79,Warm B,-0.001841241610236466,0.1111111119389534,0.06325933337211609,0.9876543209876543,1.7881393432617188e-07,0.31154364347457886,0.4593680799007416,cfg02_G3_D32,cfg02_G3_D32,2.171714791969862,cuda
validation,110,79,Warm C,-0.003390611382201314,0.1111111119389534,0.059349022805690765,1.0,2.384185791015625e-07,0.3578667640686035,0.5262797474861145,cfg02_G3_D32,cfg02_G3_D32,2.171714791969862,cuda
validation,111,80,Cold,-0.001578665804117918,0.1111111119389534,0.11032206565141678,0.9135802469135802,3.5762786865234375e-07,0.0,0.0,cfg02_G3_D32,cfg02_G3_D32,2.171714791969862,cuda
validation,111,80,Warm A,-0.003192576812580228,0.1111111119389534,0.10224089026451111,0.9259259259259259,2.384185791015625e-07,0.2396167814731598,0.7067339420318604,cfg02_G3_D32,cfg02_G3_D32,2.171714791969862,cuda
validation,111,80,Warm B,-0.004936812911182642,0.1111111119389534,0.10241042077541351,0.9506172839506173,2.384185791015625e-07,0.3609750270843506,0.29761770367622375,cfg02_G3_D32,cfg02_G3_D32,2.171714791969862,cuda
validation,111,80,Warm C,-0.00786030013114214,0.111111119389534,0.1010197177529335,0.9012345679012346,2.384185791015625e-07,0.4820546507835388,0.28810954093933105,cfg02_G3_D32,cfg02_G3_D32,2.171714791969862,cuda
validation,158,103,Cold,0.0006916201091371477,0.1111111119389534,0.07034210860729218,0.9753086419753086,1.1920928955078125e-07,0.0,0.0,cfg02_G3_D32,cfg02_G3_D32,2.171714791969862,cuda
validation,158,103,Warm A,0.0030869678594172,0.1111111119389534,0.10353363305330276,0.8271604938271605,2.384185791015625e-07,0.23821087181568146,0.4288863241672516,cfg02_G3_D32,cfg02_G3_D32,2.171714791969862,cuda
validation,158,103,Warm B,0.005328549072146416,0.111111119389534,0.12301377952098846,0.7654320987654321,1.1920928955078125e-07,0.3618423342704773,0.5449326634407043,cfg02_G3_D32,cfg02_G3_D32,2.171714791969862,cuda
validation,158,103,Warm C,0.0026392119470983744,0.1111111119389534,0.10066159814596176,0.8765432098765432,2.384185791015625e-07,0.38683977723121643,0.4908570349216461,cfg02_G3_D32,cfg02_G3_D32,2.171714791969862,cuda
validation,160,105,Cold,0.0002821548841893673,0.1111111119389534,0.07130276411771774,0.9753086419753086,1.7881393432617188e-07,0.0,0.0,cfg02_G3_D32,cfg02_G3_D32,2.171714791969862,cuda
validation,160,105,Warm A,0.004457322880625725,0.1111111119389534,0.09841949492692947,0.9012345679012346,1.1920928955078125e-07,0.2317737638950348,0.5682224631309509,cfg02_G3_D32,cfg02_G3_D32,2.171714791969862,cuda
validation,160,105,Warm B,0.0075380196794867516,0.1111110970377922,0.12665484845638275,0.7037037037037037,1.1920928955078125e-07,0.3929499685764313,0.37217047810554504,cfg02_G3_D32,cfg02_G3_D32,2.171714791969862,cuda
validation,160,105,Warm C,0.00935781467705965,0.1111110970377922,0.14801138639450073,0.6419753086419753,1.1920928955078125e-07,0.4313589334487915,0.3220530152320862,cfg02_G3_D32,cfg02_G3_D32,2.171714791969862,cuda
validation,163,108,Cold,0.0002554121892899275,0.1111111119389534,0.07763322442770004,0.9629629629629629,2.384185791015625e-07,0.0,0.0,cfg02_G3_D32,cfg02_G3_D32,2.171714791969862,cuda
validation,163,108,Warm A,0.003372623585164547,0.1111111119389534,0.10005731135606766,0.9012345679012346,2.384185791015625e-07,0.2348170429468155,0.7468282580375671,cfg02_G3_D32,cfg02_G3_D32,2.171714791969862,cuda
validation,163,108,Warm B,9.766759467311203e-05,0.1111110970377922,0.07837264239788055,0.9135802469135802,1.1920928955078125e-07,0.28114670515060425,0.5552498698234558,cfg02_G3_D32,cfg02_G3_D32,2.171714791969862,cuda
validation,163,108,Warm C,-0.0012022149749100208,0.1111110970377922,0.0819006934762001,0.8888888888888888,1.1920928955078125e-07,0.3701933026313782,0.5272568464279175,cfg02_G3_D32,cfg02_G3_D32,2.171714791969862,cuda
validation,173,117,Cold,0.0006922716274857521,0.111111119389534,0.0746573880314827,0.9629629629629629,1.1920928955078125e-07,0.0,0.0,cfg02_G3_D32,cfg02_G3_D32,2.171714791969862,cuda
validation,173,117,Warm A,0.003838679287582636,0.1111111119389534,0.10418270528316498,0.8641975308641975,2.384185791015625e-07,0.2339717149734497,0.41480088233947754,cfg02_G3_D32,cfg02_G3_D32,2.171714791969862,cuda
validation,173,117,Warm B,0.007428170647472143,0.1111111119389534,0.13156811892986298,0.6666666666666666,2.384185791015625e-07,0.41572561860084534,0.3055400848388672,cfg02_G3_D32,cfg02_G3_D32,2.171714791969862,cuda
validation,173,117,Warm C,0.009548814967274666,0.1111111119389534,0.15075673162937164,0.6049382716049383,1.1920928955078125e-07,0.5165554881095886,0.32570162415504456,cfg02_G3_D32,cfg02_G3_D32,2.171714791969862,cuda
validation,186,125,Cold,-0.00013495540770236403,0.1111111119389534,0.06865757703781128,0.9753086419753086,2.384185791015625e-07,0.0,0.0,cfg02_G3_D32,cfg02_G3_D32,2.171714791969862,cuda
validation,186,125,Warm A,0.00102633994538337,0.1111111119389534,0.094640351831913,0.8888888888888888,2.384185791015625e-07,0.23912300169467926,0.5042359232902527,cfg02_G3_D32,cfg02_G3_D32,2.171714791969862,cuda
validation,186,125,Warm B,0.004083910025656223,0.1111111119389534,0.12366289645433426,0.7407407407407407,2.384185791015625e-07,0.32246139645576477,0.46045398712158203,cfg02_G3_D32,cfg02_G3_D32,2.171714791969862,cuda
validation,186,125,Warm C,0.007028637919574976,0.1111111119389534,0.14676013588905334,0.6049382716049383,1.1920928955078125e-07,0.4758991599082947,0.28589606285095215,cfg02_G3_D32,cfg02_G3_D32,2.171714791969862,cuda
validation,193,130,Cold,-0.0013827482471242547,0.1111111119389534,0.06473495811223984,0.9876543209876543,1.1920928955078125e-07,0.0,0.0,cfg02_G3_D32,cfg02_G3_D32,2.171714791969862,cuda
validation,193,130,Warm A,0.002110940171405673,0.1111111119389534,0.08932743966579437,0.8888888888888888,2.384185791015625e-07,0.23653067648410797,0.6263885498046875,cfg02_G3_D32,cfg02_G3_D32,2.171714791969862,cuda
validation,193,130,Warm B,0.005670337006449699,0.1111111119389534,0.12388543039560318,0.7037037037037037,1.1920928955078125e-07,0.38204675912857056,0.45389246940612793,cfg02_G3_D32,cfg02_G3_D32,2.171714791969862,cuda
validation,193,130,Warm C,0.009977038018405437,0.1111111119389534,0.14638784527778625,0.5802469135802469,1.1920928955078125e-07,0.48976218700408936,0.39881110191345215,cfg02_G3_D32,cfg02_G3_D32,2.171714791969862,cuda
validation,194,131,Cold,-0.002041911007836461,0.1111111119389534,0.06380879878997803,1.0,2.384185791015625e-07,0.0,0.0,cfg02_G3_D32,cfg02_G3_D32,2.171714791969862,cuda
validation,194,131,Warm A,-0.005622537806630135,0.1111111119389534,0.06838001310825348,1.0,1.1920928955078125e-07,0.2534087300300598,0.6129981279373169,cfg02_G3_D32,cfg02_G3_D32,2.171714791969862,cuda
validation,194,131,Warm B,-0.002648620866239071,0.1111111119389534,0.07076691836118698,1.0,1.1920928955078125e-07,0.2968054711818695,0.6012589335441589,cfg02_G3_D32,cfg02_G3_D32,2.171714791969862,cuda
validation,194,131,Warm C,0.00019165169214829803,0.1111111119389534,0.07593131810426712,0.9629629629629629,1.7881393432617188e-07,0.3294011652469635,0.7351738810539246,cfg02_G3_D32,cfg02_G3_D32,2.171714791969862,cuda
validation,198,134,Cold,0.001136223436333239,0.1111111119389534,0.07857034355401993,0.9629629629629629,2.384185791015625e-07,0.0,0.0,cfg02_G3_D32,cfg02_G3_D32,2.171714791969862,cuda
validation,198,134,Warm A,-0.0021720132790505886,0.1111110970377922,0.06350699812173843,1.0,1.1920928955078125e-07,0.2389158010482788,0.6211211085319519,cfg02_G3_D32,cfg02_G3_D32,2.171714791969862,cuda
validation,198,134,Warm B,3.6574645491782576e-05,0.1111111119389534,0.07412710040807724,0.9629629629629629,1.1920928955078125e-07,0.31248363852500916,0.6563909649848938,cfg02_G3_D32,cfg02_G3_D32,2.171714791969862,cuda
validation,198,134,Warm C,0.0013750040670856833,0.1111111119389534,0.09766273945569992,0.9135802469135802,1.1920928955078125e-07,0.3706342875957489,0.5164605379104614,cfg02_G3_D32,cfg02_G3_D32,2.171714791969862,cuda
validation,231,154,Cold,-0.000871992961037904,0.1111110970377922,0.06630590558052063,0.9876543209876543,1.7881393432617188e-07,0.0,0.0,cfg02_G3_D32,cfg02_G3_D32,2.171714791969862,cuda
validation,231,154,Warm A,0.002156317001208663,0.1111110970377922,0.07867541909217834,0.9259259259259259,2.384185791015625e-07,0.22987091541290283,0.7302678227424622,cfg02_G3_D32,cfg02_G3_D32,2.171714791969862,cuda
validation,231,154,Warm B,0.0013723563170060515,0.1111111119389534,0.06960974633693695,0.9506172839506173,2.384185791015625e-07,0.3880257308483124,0.6702115535736084,cfg02_G3_D32,cfg02_G3_D32,2.171714791969862,cuda
validation,231,154,Warm C,0.0020198600832372904,0.1111111119389534,0.0767931193113327,0.9382716049382716,2.384185791015625e-07,0.4043198823928833,0.6485089659690857,cfg02_G3_D32,cfg02_G3_D32,2.171714791969862,cuda
validation,236,159,Cold,-0.0006448603235185146,0.1111111119389534,0.06711217761039734,0.9876543209876543,2.980232238769531e-07,0.0,0.0,cfg02_G3_D32,cfg02_G3_D32,2.171714791969862,cuda
validation,236,159,Warm A,-0.0001996373466681689,0.111111119389534,0.06845790147781372,0.9753086419753086,1.1920928955078125e-07,0.22782976925373077,0.5611042976379395,cfg02_G3_D32,cfg02_G3_D32,2.171714791969862,cuda
validation,236,159,Warm B,-0.0017839299980551004,0.1111111119389534,0.06881403923034668,0.9753086419753086,1.1920928955078125e-07,0.3682287037372589,0.501804530620575,cfg02_G3_D32,cfg02_G3_D32,2.171714791969862,cuda
validation,236,159,Warm C,0.0017674637492746115,0.1111111119389534,0.09127932786941528,0.9259259259259259,1.1920928955078125e-07,0.4887050688266754,0.6045548319816589,cfg02_G3_D32,cfg02_G3_D32,2.171714791969862,cuda
validation,237,160,Cold,-2.435650003462797e-06,0.111111119389534,0.07014088332653046,0.9753086419753086,1.1920928955078125e-07,0.0,0.0,cfg02_G3_D32,cfg02_G3_D32,2.171714791969862,cuda
validation,237,160,Warm A,0.0010642517590895295,0.111111119389534,0.09432752430438995,0.9135802469135802,3.5762786865234375e-07,0.24271278083324432,0.6011446118354797,cfg02_G3_D32,cfg02_G3_D32,2.171714791969862,cuda
validation,237,160,Warm B,0.0015795322833582759,0.111111119389534,0.1032918244600296,0.8641975308641975,1.1920928955078125e-07,0.37344926595687866,0.45767590403556824,cfg02_G3_D32,cfg02_G3_D32,2.171714791969862,cuda
validation,237,160,Warm C,-0.0015807969029992819,0.111111119389534,0.08297887444496155,0.9629629629629629,2.384185791015625e-07,0.4865052103996277,0.5132858157157898,cfg02_G3_D32,cfg02_G3_D32,2.171714791969862,cuda
validation,246,163,Cold,-0.00174048135522753,0.1111111119389534,0.06316781044006348,1.0,1.1920928955078125e-07,0.0,0.0,cfg02_G3_D32,cfg02_G3_D32,2.171714791969862,cuda
validation,246,163,Warm A,-0.001961388625204563,0.1111111119389534,0.06862632185220718,0.9753086419753086,2.384185791015625e-07,0.24221312999725342,0.7146784663200378,cfg02_G3_D32,cfg02_G3_D32,2.171714791969862,cuda
validation,246,163,Warm B,-0.003968792501837015,0.1111111119389534,0.0755900964140892,0.9876543209876543,2.384185791015625e-07,0.3998086154460907,0.2769514322280884,cfg02_G3_D32,cfg02_G3_D32,2.171714791969862,cuda
validation,246,163,Warm C,-0.005124392919242382,0.1111111119389534,0.07345379143953323,0.9382716049382716,2.384185791015625e-07,0.45218172669410706,0.45920276641845703,cfg02_G3_D32,cfg02_G3_D32,2.171714791969862,cuda
validation,252,167,Cold,-2.6971883926307783e-05,0.1111111119389534,0.07194963842630386,0.9629629629629629,2.384185791015625e-07,0.0,0.0,cfg02_G3_D32,cfg02_G3_D32,2.171714791969862,cuda
validation,252,167,Warm A,0.0012262921081855893,0.111111119389534,0.09324506670236588,0.9135802469135802,2.384185791015625e-07,0.2442200928926468,0.6108015179634094,cfg02_G3_D32,cfg02_G3_D32,2.171714791969862,cuda
validation,252,167,Warm B,0.004252622835338116,0.111111119389534,0.12575073540210724,0.7654320987654321,1.7881393432617188e-07,0.38889071345329285,0.5545514822006226,cfg02_G3_D32,cfg02_G3_D32,2.171714791969862,cuda
validation,252,167,Warm C,0.001662196940742433,0.1111111119389534,0.10506312549114227,0.8765432098765432,2.384185791015625e-07,0.45290955901145935,0.5733634233474731,cfg02_G3_D32,cfg02_G3_D32,2.171714791969862,cuda
validation,276,185,Cold,9.14963020477444e-05,0.1111111119389534,0.07151837646961212,0.9629629629629629,2.384185791015625e-07,0.0,0.0,cfg02_G3_D32,cfg02_G3_D32,2.171714791969862,cuda
validation,276,185,Warm A,0.0018288800492882729,0.111111119389534,0.10073093324899673,0.8641975308641975,2.384185791015625e-07,0.2432287037372589,0.49584028124809265,cfg02_G3_D32,cfg02_G3_D32,2.171714791969862,cuda
validation,276,185,Warm B,0.005499520804733038,0.1111111119389534,0.13061478734016418,0.7160493827160493,2.384185791015625e-07,0.3355886936187744,0.4576299786567688,cfg02_G3_D32,cfg02_G3_D32,2.171714791969862,cuda
validation,276,185,Warm C,0.005026316735893488,0.1111111119389534,0.13784687221050262,0.7037037037037037,2.980232238769531e-07,0.44074559211730957,0.4451119601726532,cfg02_G3_D32,cfg02_G3_D32,2.171714791969862,cuda
validation,281,188,Cold,-0.0015703820390626788,0.1111111119389534,0.0661516785621643,0.9876543209876543,1.1920928955078125e-07,0.0,0.0,cfg02_G3_D32,cfg02_G3_D32,2.171714791969862,cuda
validation,281,188,Warm A,-0.0046790544874966145,0.1111111119389534,0.06600575894117355,1.0,2.384185791015625e-07,0.23122355341911316,0.5374028086662292,cfg02_G3_D32,cfg02_G3_D32,2.171714791969862,cuda
validation,281,188,Warm B,-0.0027634103316813707,0.1111111119389534,0.07065099477767944,1.0,3.5762786865234375e-07,0.3307128846645355,0.6634157299995422,cfg02_G3_D32,cfg02_G3_D32,2.171714791969862,cuda
validation,281,188,Warm C,-0.0033339723013341427,0.1111111119389534,0.07130604982376099,1.0,2.384185791015625e-07,0.36947518587112427,0.6515256762504578,cfg02_G3_D32,cfg02_G3_D32,2.171714791969862,cuda
validation,300,197,Cold,-0.0020039905793964863,0.111111119389534,0.06487743556499481,1.0,2.384185791015625e-07,0.0,0.0,cfg02_G3_D32,cfg02_G3_D32,2.171714791969862,cuda
validation,300,197,Warm A,-0.002797895111143589,0.111111119389534,0.067486971616745,0.9876543209876543,2.384185791015625e-07,0.2327626347541809,0.6064431071281433,cfg02_G3_D32,cfg02_G3_D32,2.171714791969862,cuda
validation,300,197,Warm B,-0.0045912787318229675,0.1111111119389534,0.07762693613767624,0.9876543209876543,2.384185791015625e-07,0.36896029114723206,0.4812186360359192,cfg02_G3_D32,cfg02_G3_D32,2.171714791969862,cuda
validation,300,197,Warm C,-0.006490103900432587,0.1111110970377922,0.07379762828350067,0.9876543209876543,2.384185791015625e-07,0.45122355222702026,0.5065571069717407,cfg02_G3_D32,cfg02_G3_D32,2.171714791969862,cuda
validation,306,201,Cold,-0.0024497215636074543,0.1111110970377922,0.06480400264263153,1.0,1.1920928955078125e-07,0.0,0.0,cfg02_G3_D32,cfg02_G3_D32,2.171714791969862,cuda
validation,306,201,Warm A,-0.003259380580857396,0.1111111119389534,0.0665738508105278,1.0,2.384185791015625e-07,0.23432044684886932,0.43415212631225586,cfg02_G3_D32,cfg02_G3_D32,2.171714791969862,cuda
validation,306,201,Warm B,-0.004265249241143465,0.1111110970377922,0.07522361725568771,1.0,2.384185791015625e-07,0.2819025218486786,0.3349032998085022,cfg02_G3_D32,cfg02_G3_D32,2.171714791969862,cuda
validation,306,201,Warm C,-0.006699641700834036,0.1111110970377922,0.08602229505777359,0.9135802469135802,2.384185791015625e-07,0.39956581592559814,0.4289516508579254,cfg02_G3_D32,cfg02_G3_D32,2.171714791969862,cuda
validation,322,212,Cold,-0.0011246975045651197,0.1111111119389534,0.06522433459758759,0.9876543209876543,2.384185791015625e-07,0.0,0.0,cfg02_G3_D32,cfg02_G3_D32,2.171714791969862,cuda
validation,322,212,Warm A,-0.0018635151209309697,0.1111111119389534,0.06796877086162567,1.0,2.384185791015625e-07,0.23685970902442932,0.6278330087661743,cfg02_G3_D32,cfg02_G3_D32,2.171714791969862,cuda
validation,322,212,Warm B,-0.001861030119471252,0.111111119389534,0.07429397106170654,1.0,2.384185791015625e-07,0.3476935923099518,0.5853017568588257,cfg02_G3_D32,cfg02_G3_D32,2.171714791969862,cuda
validation,322,212,Warm C,0.0004911899450235069,0.1111110970377922,0.06941478699445724,0.9876543209876543,2.384185791015625e-07,0.41682133078575134,0.6729394793510437,cfg02_G3_D32,cfg02_G3_D32,2.171714791969862,cuda
validation,349,230,Cold,0.00028635404305532575,0.111111119389534,0.07868706434965134,0.9629629629629629,1.7881393432617188e-07,0.0,0.0,cfg02_G3_D32,cfg02_G3_D32,2.171714791969862,cuda
validation,349,230,Warm A,0.0006729442393407226,0.1111111119389534,0.09079798310995102,0.9135802469135802,1.1920928955078125e-07,0.23995526134967804,0.5057708621025085,cfg02_G3_D32,cfg02_G3_D32,2.171714791969862,cuda
validation,349,230,Warm B,-0.00035705757909454405,0.1111111119389534,0.08703480660915375,0.8641975308641975,2.384185791015625e-07,0.4055405855178833,0.5943744778633118,cfg02_G3_D32,cfg02_G3_D32,2.171714791969862,cuda
validation,349,230,Warm C,0.00027121586026623845,0.1111111119389534,0.10094121098518372,0.8641975308641975,2.384185791015625e-07,0.5305008292198181,0.5881000757217407,cfg02_G3_D32,cfg02_G3_D32,2.171714791969862,cuda
validation,350,231,Cold,-0.001405213726684451,0.1111111119389534,0.07282161712646484,0.9753086419753086,2.384185791015625e-07,0.0,0.0,cfg02_G3_D32,cfg02_G3_D32,2.171714791969862,cuda
validation,350,231,Warm A,0.0009671506704762578,0.1111111119389534,0.09454292058944702,0.9012345679012346,2.384185791015625e-07,0.2332274317741394,0.5322520136833191,cfg02_G3_D32,cfg02_G3_D32,2.171714791969862,cuda
validation,350,231,Warm B,0.0024947430938482285,0.1111111119389534,0.11839156597852707,0.7901234567901234,1.7881393432617188e-07,0.3725944459438324,0.5155853629112244,cfg02_G3_D32,cfg02_G3_D32,2.171714791969862,cuda
validation,350,231,Warm C,-0.0008815350593067706,0.1111110970377922,0.08759190142154694,0.9012345679012346,2.384185791015625e-07,0.3180590867996216,0.6562415361404419,cfg02_G3_D32,cfg02_G3_D32,2.171714791969862,cuda
validation,362,242,Cold,0.00022263865685090423,0.1111111119389534,0.07116549462080002,0.9753086419753086,1.1920928955078125e-07,0.0,0.0,cfg02_G3_D32,cfg02_G3_D32,2.171714791969862,cuda
validation,362,242,Warm A,-0.003995359875261784,0.1111110970377922,0.0649271309375763,0.9876543209876543,1.7881393432617188e-07,0.24108706414699554,0.6051852703094482,cfg02_G3_D32,cfg02_G3_D32,2.171714791969862,cuda
validation,362,242,Warm B,-0.001441656961105764,0.111111119389534,0.08606156706809998,0.9629629629629629,2.384185791015625e-07,0.3420239984989166,0.6996515989303589,cfg02_G3_D32,cfg02_G3_D32,2.171714791969862,cuda
validation,362,242,Warm C,4.605838694260456e-05,0.1111111119389534,0.10495734214782715,0.8641975308641975,1.7881393432617188e-07,0.47797566652297974,0.47756263613700867,cfg02_G3_D32,cfg02_G3_D32,2.171714791969862,cuda
validation,364,244,Cold,-0.00012601329945027828,0.11111113429069519,0.06367210298776627,1.0,2.384185791015625e-07,0.0,0.0,cfg02_G3_D32,cfg02_G3_D32,2.171714791969862,cuda
validation,364,244,Warm A,-0.0013990376610308886,0.1111111119389534,0.06648183614015579,1.0,1.1920928955078125e-07,0.2499200403690338,0.6198273301124573,cfg02_G3_D32,cfg02_G3_D32,2.171714791969862,cuda
validation,364,244,Warm B,-0.0032867712434381247,0.111111119389534,0.0656995102763176,0.9876543209876543,2.384185791015625e-07,0.3289865255355835,0.5767086744308472,cfg02_G3_D32,cfg02_G3_D32,2.171714791969862,cuda
validation,364,244,Warm C,-0.0035743191838264465,0.1111111119389534,0.07118666917085648,0.9629629629629629,1.1920928955078125e-07,0.44367215037345886,0.45740920305252075,cfg02_G3_D32,cfg02_G3_D32,2.171714791969862,cuda
validation,366,246,Cold,0.00017328477406408638,0.1111111119389534,0.05520988628268242,1.0,1.1920928955078125e-07,0.0,0.0,cfg02_G3_D32,cfg02_G3_D32,2.171714791969862,cuda
validation,366,246,Warm A,-0.0005262898048385978,0.1111111119389534,0.059049975126981735,0.9876543209876543,1.1920928955078125e-07,0.25106269121170044,0.5984973907470703,cfg02_G3_D32,cfg02_G3_D32,2.171714791969862,cuda
validation,366,246,Warm B,-0.002172559965401888,0.1111111119389534,0.0628250315785408,0.9876543209876543,1.1920928955078125e-07,0.39411672949790955,0.5523346066474915,cfg02_G3_D32,cfg02_G3_D32,2.171714791969862,cuda
validation,366,246,Warm C,0.0007042925572022796,0.1111111119389534,0.0935722142457962,0.8888888888888888,2.384185791015625e-07,0.36733686923980713,0.54985111951828,cfg02_G3_D32,cfg02_G3_D32,2.171714791969862,cuda
validation,379,257,Cold,0.0004179236711934209,0.1111111119389534,0.07279400527477264,0.9629629629629629,1.7881393432617188e-07,0.0,0.0,cfg02_G3_D32,cfg02_G3_D32,2.171714791969862,cuda
validation,379,257,Warm A,0.0022826187778264284,0.1111111119389534,0.10646533221006393,0.8518518518518519,1.1920928955078125e-07,0.24098308384418488,0.45507851243019104,cfg02_G3_D32,cfg02_G3_D32,2.171714791969862,cuda
validation,379,257,Warm B,0.0016446694498881698,0.1111111119389534,0.1249515563249588,0.7160493827160493,1.7881393432617188e-07,0.3750046491622925,0.4248529374599457,cfg02_G3_D32,cfg02_G3_D32,2.171714791969862,cuda
validation,379,257,Warm C,0.0012775086797773838,0.1111111119389534,0.12459015101194382,0.7530864197530864,2.384185791015625e-07,0.48658472299575806,0.5198766589164734,cfg02_G3_D32,cfg02_G3_D32,2.171714791969862,cuda
validation,381,259,Cold,-0.0023035805206745863,0.1111110970377922,0.06595131754875183,1.0,2.384185791015625e-07,0.0,0.0,cfg02_G3_D32,cfg02_G3_D32,2.171714791969862,cuda
validation,381,259,Warm A,0.0001476988400099799,0.1111111119389534,0.07526645809412003,0.9506172839506173,2.384185791015625e-07,0.23707365989685059,0.8459024429321289,cfg02_G3_D32,cfg02_G3_D32,2.171714791969862,cuda
validation,381,259,Warm B,0.0025098081678152084,0.1111111119389534,0.09333644062280655,0.8765432098765432,1.7881393432617188e-07,0.3899770975112915,0.6283982992172241,cfg02_G3_D32,cfg02_G3_D32,2.171714791969862,cuda
validation,381,259,Warm C,0.00013717640831600875,0.1111111119389534,0.07547995448112488,0.9506172839506173,2.384185791015625e-07,0.4562428593635559,0.5742201209068298,cfg02_G3_D32,cfg02_G3_D32,2.171714791969862,cuda
validation,413,270,Cold,-0.000953529728576541,0.1111110970377922,0.06661856919527054,0.9876543209876543,2.384185791015625e-07,0.0,0.0,cfg02_G3_D32,cfg02_G3_D32,2.171714791969862,cuda
validation,413,270,Warm A,0.001402668422088027,0.1111111119389534,0.09089288115501404,0.8888888888888888,1.7881393432617188e-07,0.2502730190753937,0.4285409152507782,cfg02_G3_D32,cfg02_G3_D32,2.171714791969862,cuda
validation,413,270,Warm B,0.003233891911804676,0.1111111119389534,0.11800545454025269,0.7654320987654321,2.384185791015625e-07,0.40196388959884644,0.38663727045059204,cfg02_G3_D32,cfg02_G3_D32,2.171714791969862,cuda
validation,413,270,Warm C,0.0025193383917212486,0.1111111119389534,0.11237385123968124,0.7654320987654321,1.7881393432617188e-07,0.41248050332069397,0.48662444949150085,cfg02_G3_D32,cfg02_G3_D32,2.171714791969862,cuda
validation,423,278,Cold,6.96851420798339e-05,0.1111111119389534,0.08119582384824753,0.9506172839506173,2.384185791015625e-07,0.0,0.0,cfg02_G3_D32,cfg02_G3_D32,2.171714791969862,cuda
validation,423,278,Warm A,0.003043859265744686,0.1111110970377922,0.10961610078811646,0.8271604938271605,1.7881393432617188e-07,0.2358267456293106,0.5060867667198181,cfg02_G3_D32,cfg02_G3_D32,2.171714791969862,cuda
validation,423,278,Warm B,0.006958214566111565,0.1111111119389534,0.13226479291915894,0.7160493827160493,1.1920928955078125e-07,0.36260607838630676,0.5937783122062683,cfg02_G3_D32,cfg02_G3_D32,2.171714791969862,cuda
validation,423,278,Warm C,0.004489012528210878,0.1111111119389534,0.13572582602500916,0.7037037037037037,1.1920928955078125e-07,0.4346892535686493,0.4977642595767975,cfg02_G3_D32,cfg02_G3_D32,2.171714791969862,cuda
validation,432,286,Cold,-0.0003957728040404618,0.1111111119389534,0.06770195066928864,0.9753086419753086,1.1920928955078125e-07,0.0,0.0,cfg02_G3_D32,cfg02_G3_D32,2.171714791969862,cuda
validation,432,286,Warm A,0.001620853436179459,0.1111111119389534,0.0988512635231018,0.8641975308641975,2.384185791015625e-07,0.24212244153022766,0.421622097492218,cfg02_G3_D32,cfg02_G3_D32,2.171714791969862,cuda
validation,432,286,Warm B,0.005665140226483345,0.1111111119389534,0.12567885220050812,0.7160493827160493,1.1920928955078125e-07,0.3405398428440094,0.4362857937812805,cfg02_G3_D32,cfg02_G3_D32,2.171714791969862,cuda
validation,432,286,Warm C,0.005426832474768162,0.1111111119389534,0.11957349628210068,0.7654320987654321,1.1920928955078125e-07,0.47441548109054565,0.5185039043426514,cfg02_G3_D32,cfg02_G3_D32,2.171714791969862,cuda
validation,441,293,Cold,-0.0010028805118054152,0.1111111119389534,0.06624294072389603,0.9876543209876543,1.1920928955078125e-07,0.0,0.0,cfg02_G3_D32,cfg02_G3_D32,2.171714791969862,cuda
validation,441,293,Warm A,-0.0008603871683590114,0.111111119389534,0.06777358800172806,0.9382716049382716,2.384185791015625e-07,0.2180205136537552,0.6457545161247253,cfg02_G3_D32,cfg02_G3_D32,2.171714791969862,cuda
validation,441,293,Warm B,2.2995619297638825e-11,0.1111111119389534,0.06317461282014847,0.9876543209876543,1.1920928955078125e-07,0.27069365978240967,0.6508285999298096,cfg02_G3_D32,cfg02_G3_D32,2.171714791969862,cuda
validation,441,293,Warm C,-0.001459483290091157,0.1111111119389534,0.06962507963180542,0.9876543209876543,5.960464477539063e-08,0.40252846479415894,0.517137885093689,cfg02_G3_D32,cfg02_G3_D32,2.171714791969862,cuda
validation,442,294,Cold,0.0011665069032460451,0.1111111119389534,0.0791209414601326,0.9629629629629629,2.384185791015625e-07,0.0,0.0,cfg02_G3_D32,cfg02_G3_D32,2.171714791969862,cuda
validation,442,294,Warm A,0.0039859674870967865,0.1111111119389534,0.11260081827640533,0.8271604938271605,2.384185791015625e-07,0.23824909329414368,0.45825672149658203,cfg02_G3_D32,cfg02_G3_D32,2.171714791969862,cuda
validation,442,294,Warm B,0.006149385590106249,0.1111111119389534,0.1316682994365692,0.7407407407407407,1.7881393432617188e-07,0.3604962229728699,0.3986515700817108,cfg02_G3_D32,cfg02_G3_D32,2.171714791969862,cuda
validation,442,294,Warm C,0.0048037925735116005,0.1111110970377922,0.12313005328178406,0.7777777777777778,1.1920928955078125e-07,0.4067422151565552,0.5094379782676697,cfg02_G3_D32,cfg02_G3_D32,2.171714791969862,cuda
validation,448,298,Cold,-0.0016033548163250089,0.1111111119389534,0.06721439957618713,0.9876543209876543,2.384185791015625e-07,0.0,0.0,cfg02_G3_D32,cfg02_G3_D32,2.171714791969862,cuda
validation,448,298,Warm A,-0.001673674094490707,0.1111111119389534,0.06397680193185806,1.0,1.1920928955078125e-07,0.2400406450033188,0.6441006660461426,cfg02_G3_D32,cfg02_G3_D32,2.171714791969862,cuda
validation,448,298,Warm B,0.0004958134959451854,0.1111111119389534,0.064810611307621,1.0,2.384185791015625e-07,0.3235860764980316,0.6275123953819275,cfg02_G3_D32,cfg02_G3_D32,2.171714791969862,cuda
validation,448,298,Warm C,0.0005715442239306867,0.1111111119389534,0.06222281977534294,1.0,1.1920928955078125e-07,0.34884706139564514,0.674839973449707,cfg02_G3_D32,cfg02_G3_D32,2.171714791969862,cuda
validation,464,310,Cold,-0.00036767456913366914,0.1111110970377922,0.07745030522346497,0.9629629629629629,1.1920928955078125e-07,0.0,0.0,cfg02_G3_D32,cfg02_G3_D32,2.171714791969862,cuda
validation,464,310,Warm A,0.0033010810147970915,0.1111110970377922,0.10662369430065155,0.8518518518518519,1.7881393432617188e-07,0.24876199662685394,0.5524852871894836,cfg02_G3_D32,cfg02_G3_D32,2.171714791969862,cuda
validation,464,310,Warm B,0.00771001260727644,0.1111111119389534,0.12800127267837524,0.7037037037037037,2.980232238769531e-07,0.3947490453720093,0.5927255749702454,cfg02_G3_D32,cfg02_G3_D32,2.171714791969862,cuda
validation,464,310,Warm C,0.004164435435086489,0.111111119389534,0.1027376726269722,0.9012345679012346,2.384185791015625e-07,0.3688313961029053,0.5458378791809082,cfg02_G3_D32,cfg02_G3_D32,2.171714791969862,cuda
validation,468,313,Cold,-0.00021694894530810416,0.1111111119389534,0.07057406008243561,0.9629629629629629,2.384185791015625e-07,0.0,0.0,cfg02_G3_D32,cfg02_G3_D32,2.171714791969862,cuda
validation,468,313,Warm A,-0.0007730667130090296,0.1111111119389534,0.07152186334133148,0.9506172839506173,1.1920928955078125e-07,0.2388392835855484,0.636345624923706,cfg02_G3_D32,cfg02_G3_D32,2.171714791969862,cuda
validation,468,313,Warm B,0.0024026979226619005,0.1111111119389534,0.1013188287615776,0.8518518518518519,1.1920928955078125e-07,0.39102137088775635,0.4582903981208801,cfg02_G3_D32,cfg02_G3_D32,2.171714791969862,cuda
validation,468,313,Warm C,0.0006349554751068354,0.1111111119389534,0.09361594915390015,0.8888888888888888,2.384185791015625e-07,0.48987478017807007,0.5246953964233398,cfg02_G3_D32,cfg02_G3_D32,2.171714791969862,cuda
validation,474,317,Cold,0.00016408496594522148,0.1111111119389534,0.08375117182731628,0.9506172839506173,2.384185791015625e-07,0.0,0.0,cfg02_G3_D32,cfg02_G3_D32,2.171714791969862,cuda
validation,474,317,Warm A,-0.002881476888433099,0.1111111119389534,0.07549844682216644,0.9629629629629629,2.384185791015625e-07,0.2381703406572342,0.550468385219574,cfg02_G3_D32,cfg02_G3_D32,2.171714791969862,cuda
validation,474,317,Warm B,-0.0034742325078696012,0.1111111119389534,0.07393168658018112,0.9506172839506173,1.7881393432617188e-07,0.34049996733665466,0.48823556303977966,cfg02_G3_D32,cfg02_G3_D32,2.171714791969862,cuda
validation,474,317,Warm C,-0.0018951569218188524,0.1111110970377922,0.0728999450802803,0.9506172839506173,2.384185791015625e-07,0.39390504360198975,0.6228002309799194,cfg02_G3_D32,cfg02_G3_D32,2.171714791969862,cuda
validation,497,334,Cold,-0.0005375290638767183,0.1111111119389534,0.06772754341363907,0.9876543209876543,1.1920928955078125e-07,0.0,0.0,cfg02_G3_D32,cfg02_G3_D32,2.171714791969862,cuda
validation,497,334,Warm A,-0.0016026131343096495,0.1111110970377922,0.0661967322230339,1.0,1.7881393432617188e-07,0.2396751195192337,0.6291778683662415,cfg02_G3_D32,cfg02_G3_D32,2.171714791969862,cuda
validation,497,334,Warm B,-0.002634926699101925,0.1111111119389534,0.07052440941333771,1.0,2.384185791015625e-07,0.3462314307689667,0.5038325190544128,cfg02_G3_D32,cfg02_G3_D32,2.171714791969862,cuda
validation,497,334,Warm C,0.0012611383572220802,0.1111111119389534,0.06460003554821014,1.0,1.1920928955078125e-07,0.39783090353012085,0.48657843470573425,cfg02_G3_D32,cfg02_G3_D32,2.171714791969862,cuda
validation,517,350,Cold,5.059581235400401e-05,0.1111111119389534,0.07336855679750443,0.9629629629629629,1.1920928955078125e-07,0.0,0.0,cfg02_G3_D32,cfg02_G3_D32,2.171714791969862,cuda
validation,517,350,Warm A,0.0029516061767935753,0.1111111119389534,0.10840040445327759,0.8518518518518519,1.1920928955078125e-07,0.24346885085105896,0.5693475604057312,cfg02_G3_D32,cfg02_G3_D32,2.171714791969862,cuda
validation,517,350,Warm B,0.005925810430198908,0.1111111119389534,0.13458293676376343,0.7037037037037037,2.384185791015625e-07,0.37743470072746277,0.4194791913032532,cfg02_G3_D32,cfg02_G3_D32,2.171714791969862,cuda
validation,517,350,Warm C,0.0015932961832731962,0.1111111119389534,0.11030805855989456,0.8518518518518519,2.384185791015625e-07,0.494583398103714,0.555812656879425,cfg02_G3_D32,cfg02_G3_D32,2.171714791969862,cuda
validation,532,362,Cold,-0.00025746121536940336,0.111111119389534,0.0632692351937294,1.0,2.384185791015625e-07,0.0,0.0,cfg02_G3_D32,cfg02_G3_D32,2.171714791969862,cuda
validation,532,362,Warm A,0.0006985283107496798,0.1111111119389534,0.062297891825437546,1.0,2.384185791015625e-07,0.23225939273834229,0.7287048697471619,cfg02_G3_D32,cfg02_G3_D32,2.171714791969862,cuda
validation,532,362,Warm B,0.003987152129411697,0.1111111119389534,0.0731191635131836,0.9629629629629629,1.1920928955078125e-07,0.333597868680954,0.7450006604194641,cfg02_G3_D32,cfg02_G3_D32,2.171714791969862,cuda
validation,532,362,Warm C,0.005390792153775692,0.1111111119389534,0.06510015577077866,0.9876543209876543,2.384185791015625e-07,0.430173397064209,0.6454758048057556,cfg02_G3_D32,cfg02_G3_D32,2.171714791969862,cuda
validation,538,367,Cold,-0.0014971918426454067,0.111111119389534,0.06697196513414383,0.9876543209876543,2.384185791015625e-07,0.0,0.0,cfg02_G3_D32,cfg02_G3_D32,2.171714791969862,cuda
validation,538,367,Warm A,-0.00036029351758770645,0.111111119389534,0.08106137812137604,0.9629629629629629,2.384185791015625e-07,0.21422909200191498,0.6388892531394958,cfg02_G3_D32,cfg02_G3_D32,2.171714791969862,cuda
validation,538,367,Warm B,-0.0028916364535689354,0.1111111119389534,0.06239274516701698,0.9876543209876543,1.1920928955078125e-07,0.2566363215446472,0.6285532116889954,cfg02_G3_D32,cfg02_G3_D32,2.171714791969862,cuda
validation,538,367,Warm C,-0.0016677031526342034,0.1111111119389534,0.0745803639292717,0.9506172839506173,2.384185791015625e-07,0.4172688126564026,0.6141468286514282,cfg02_G3_D32,cfg02_G3_D32,2.171714791969862,cuda
validation,541,370,Cold,-0.001100750989280641,0.11111108958721161,0.08030132204294205,0.9629629629629629,1.7881393432617188e-07,0.0,0.0,cfg02_G3_D32,cfg02_G3_D32,2.171714791969862,cuda
validation,541,370,Warm A,-0.0050659095868468285,0.1111111119389534,0.07559404522180557,1.0,1.1920928955078125e-07,0.23994234204292297,0.40851908922195435,cfg02_G3_D32,cfg02_G3_D32,2.171714791969862,cuda
validation,541,370,Warm B,-0.008550797589123249,0.1111111119389534,0.07938924431800842,0.9629629629629629,1.7881393432617188e-07,0.4315929710865021,0.4028175473213196,cfg02_G3_D32,cfg02_G3_D32,2.171714791969862,cuda
validation,541,370,Warm C,-0.011213104240596294,0.1111111119389534,0.08038294315338135,0.9382716049382716,1.7881393432617188e-07,0.5595389604568481,0.40892860293388367,cfg02_G3_D32,cfg02_G3_D32,2.171714791969862,cuda
validation,587,394,Cold,-0.0009967060759663582,0.111111119389534,0.07279008626937866,0.9629629629629629,2.384185791015625e-07,0.0,0.0,cfg02_G3_D32,cfg02_G3_D32,2.171714791969862,cuda
validation,587,394,Warm A,0.0005438739899545908,0.1111111119389534,0.09559445828199387,0.9012345679012346,1.1920928955078125e-07,0.24514086544513702,0.5357236862182617,cfg02_G3_D32,cfg02_G3_D32,2.171714791969862,cuda
validation,587,394,Warm B,-0.00245574489235878,0.1111110970377922,0.07827934622764587,0.9629629629629629,1.1920928955078125e-07,0.29677483439445496,0.7602211833000183,cfg02_G3_D32,cfg02_G3_D32,2.171714791969862,cuda
validation,587,394,Warm C,0.001577339367941022,0.1111110970377922,0.10637665539979935,0.9012345679012346,1.7881393432617188e-07,0.393525093793869,0.6472274661064148,cfg02_G3_D32,cfg02_G3_D32,2.171714791969862,cuda
validation,588,395,Cold,0.0018543479964137077,0.1111111119389534,0.0786115750670433,0.9629629629629629,1.1920928955078125e-07,0.0,0.0,cfg02_G3_D32,cfg02_G3_D32,2.171714791969862,cuda
validation,588,395,Warm A,-0.0014142682775855064,0.1111111119389534,0.061955180019140244,0.9876543209876543,1.1920928955078125e-07,0.23522916436195374,0.5805374383926392,cfg02_G3_D32,cfg02_G3_D32,2.171714791969862,cuda
validation,588,395,Warm B,-0.001715447986498475,0.1111111119389534,0.0692514106631279,0.9876543209876543,2.384185791015625e-07,0.3444133698940277,0.4830264747142792,cfg02_G3_D32,cfg02_G3_D32,2.171714791969862,cuda
validation,588,395,Warm C,-0.00031782020232640207,0.1111111119389534,0.07016345113515854,0.9753086419753086,1.1920928955078125e-07,0.3780866861343384,0.6456825137138367,cfg02_G3_D32,cfg02_G3_D32,2.171714791969862,cuda
validation,592,398,Cold,0.0006067403592169285,0.1111111119389534,0.08507649600505829,0.9506172839506173,1.1920928955078125e-07,0.0,0.0,cfg02_G3_D32,cfg02_G3_D32,2.171714791969862,cuda
validation,592,398,Warm A,0.003974145278334618,0.1111111119389534,0.1135392040014267,0.8271604938271605,2.384185791015625e-07,0.2319207340478897,0.576176643371582,cfg02_G3_D32,cfg02_G3_D32,2.171714791969862,cuda
validation,592,398,Warm B,0.003338808659464121,0.111111119389534,0.10613851994276047,0.8395061728395061,2.384185791015625e-07,0.2616032660007477,0.6619409322738647,cfg02_G3_D32,cfg02_G3_D32,2.171714791969862,cuda
validation,592,398,Warm C,0.00028533354634419084,0.1111111119389534,0.0777842178940773,0.9012345679012346,2.384185791015625e-07,0.3563268184661865,0.5978713035583496,cfg02_G3_D32,cfg02_G3_D32,2.171714791969862,cuda
validation,599,404,Cold,-9.093879634747282e-05,0.1111111119389534,0.12821753323078156,0.8518518518518519,2.384185791015625e-07,0.0,0.0,cfg02_G3_D32,cfg02_G3_D32,2.171714791969862,cuda
validation,599,404,Warm A,-0.0030761822126805782,0.111111119389534,0.11940526962280273,0.8641975308641975,2.384185791015625e-07,0.24273759126663208,0.5200323462486267,cfg02_G3_D32,cfg02_G3_D32,2.171714791969862,cuda
validation,599,404,Warm B,-0.0036445914302021265,0.111111119389534,0.11781749874353409,0.8641975308641975,2.384185791015625e-07,0.3942984342575073,0.41246795654296875,cfg02_G3_D32,cfg02_G3_D32,2.171714791969862,cuda
validation,599,404,Warm C,-0.0028176496271044016,0.1111111119389534,0.1219019740819931,0.8518518518518519,4.172325134277344e-07,0.4609159827232361,0.6361067891120911,cfg02_G3_D32,cfg02_G3_D32,2.171714791969862,cuda
validation,661,426,Cold,-0.0010436613811179996,0.111111119389534,0.059340160340070724,1.0,2.384185791015625e-07,0.0,0.0,cfg02_G3_D32,cfg02_G3_D32,2.171714791969862,cuda
validation,661,426,Warm A,-0.0004301327862776816,0.1111111119389534,0.05945286899805069,0.9876543209876543,1.1920928955078125e-07,0.24880144000053406,0.8178171515464783,cfg02_G3_D32,cfg02_G3_D32,2.171714791969862,cuda
validation,661,426,Warm B,0.001921009854413569,0.111111119389534,0.06786125898361206,0.9382716049382716,2.384185791015625e-07,0.35885629057884216,0.7591447830200195,cfg02_G3_D32,cfg02_G3_D32,2.171714791969862,cuda
validation,661,426,Warm C,-0.0003728749870788306,0.1111110970377922,0.06302520632743835,0.9629629629629629,1.1920928955078125e-07,0.41430163383483887,0.6885200142860413,cfg02_G3_D32,cfg02_G3_D32,2.171714791969862,cuda
validation,750,460,Cold,-0.0012867088662460446,0.1111111119389534,0.14220143854618073,0.7654320987654321,2.384185791015625e-07,0.0,0.0,cfg02_G3_D32,cfg02_G3_D32,2.171714791969862,cuda
validation,750,460,Warm A,-0.003602421609684825,0.1111111119389534,0.13773110508918762,0.7777777777777778,2.384185791015625e-07,0.22754158079624176,0.39830562472343445,cfg02_G3_D32,cfg02_G3_D32,2.171714791969862,cuda
validation,750,460,Warm B,-0.005078782793134451,0.1111111119389534,0.1380113661289215,0.8024691358024691,1.1920928955078125e-07,0.33112573623657227,0.45657405257225037,cfg02_G3_D32,cfg02_G3_D32,2.171714791969862,cuda
validation,750,460,Warm C,-0.007787630893290043,0.1111111119389534,0.13596242666244507,0.7777777777777778,1.1920928955078125e-07,0.5320312976837158,0.1653374433517456,cfg02_G3_D32,cfg02_G3_D32,2.171714791969862,cuda
validation,800,477,Cold,-0.0018202441278845072,0.1111110970377922,0.06469638645648956,1.0,2.384185791015625e-07,0.0,0.0,cfg02_G3_D32,cfg02_G3_D32,2.171714791969862,cuda
validation,800,477,Warm A,-0.004198859445750713,0.1111111119389534,0.06926265358924866,1.0,2.980232238769531e-07,0.23118829727172852,0.5597459673881531,cfg02_G3_D32,cfg02_G3_D32,2.171714791969862,cuda
validation,800,477,Warm B,-0.004566673655062914,0.1111111119389534,0.06958964467048645,1.0,2.384185791015625e-07,0.3623625636100769,0.5172386169433594,cfg02_G3_D32,cfg02_G3_D32,2.171714791969862,cuda
validation,800,477,Warm C,-0.005189073737710714,0.111111119389534,0.08183994889259338,0.9753086419753086,1.7881393432617188e-07,0.4735625684261322,0.3248906135559082,cfg02_G3_D32,cfg02_G3_D32,2.171714791969862,cuda
validation,830,486,Cold,-0.0008717101300135255,0.1111111119389534,0.06708110123872757,0.9876543209876543,1.1920928955078125e-07,0.0,0.0,cfg02_G3_D32,cfg02_G3_D32,2.171714791969862,cuda
validation,830,486,Warm A,0.0011225066846236587,0.1111110970377922,0.0936506986618042,0.8765432098765432,2.384185791015625e-07,0.23492741584777832,0.5346345901489258,cfg02_G3_D32,cfg02_G3_D32,2.171714791969862,cuda
validation,830,486,Warm B,0.001784148975275457,0.1111111119389534,0.10918820649385452,0.8024691358024691,2.384185791015625e-07,0.35954418778419495,0.572218120098114,cfg02_G3_D32,cfg02_G3_D32,2.171714791969862,cuda
validation,830,486,Warm C,-0.0016906147357076406,0.1111111119389534,0.08867542445659637,0.9382716049382716,1.7881393432617188e-07,0.3995935320854187,0.4890004098415375,cfg02_G3_D32,cfg02_G3_D32,2.171714791969862,cuda
validation,837,491,Cold,-6.861188740003854e-05,0.1111111119389534,0.06644687801599503,0.9753086419753086,1.1920928955078125e-07,0.0,0.0,cfg02_G3_D32,cfg02_G3_D32,2.171714791969862,cuda
validation,837,491,Warm A,0.0019674997311085463,0.1111110970377922,0.09355921298265457,0.9012345679012346,1.1920928955078125e-07,0.2390042543411255,0.5806004405021667,cfg02_G3_D32,cfg02_G3_D32,2.171714791969862,cuda
validation,837,491,Warm B,-0.0006683510728180408,0.111111119389534,0.0730590969324112,0.9876543209876543,1.1920928955078125e-07,0.302277147769928,0.7485677003860474,cfg02_G3_D32,cfg02_G3_D32,2.171714791969862,cuda
validation,837,491,Warm C,0.000898243859410286,0.1111110970377922,0.08737286180257797,0.9259259259259259,1.1920928955078125e-07,0.31085214018821716,0.5998567938804626,cfg02_G3_D32,cfg02_G3_D32,2.171714791969862,cuda
validation,852,498,Cold,1.5085149243532214e-05,0.1111111119389534,0.07253451645374298,0.9629629629629629,1.1920928955078125e-07,0.0,0.0,cfg02_G3_D32,cfg02_G3_D32,2.171714791969862,cuda
validation,852,498,Warm A,0.0025064742658287287,0.1111111119389534,0.09898218512535095,0.8765432098765432,2.384185791015625e-07,0.22484934329986572,0.4763558506965637,cfg02_G3_D32,cfg02_G3_D32,2.171714791969862,cuda
validation,852,498,Warm B,-0.0014650634257122874,0.111111119389534,0.07315929979085922,0.9382716049382716,1.1920928955078125e-07,0.2663476765155792,0.6290303468704224,cfg02_G3_D32,cfg02_G3_D32,2.171714791969862,cuda
validation,852,498,Warm C,0.0017995793605223298,0.1111111119389534,0.09822185337543488,0.8765432098765432,1.7881393432617188e-07,0.3307887315750122,0.5395922064781189,cfg02_G3_D32,cfg02_G3_D32,2.171714791969862,cuda
validation,880,503,Cold,-6.057588689145632e-05,0.1111110970377922,0.07633958756923676,0.9629629629629629,5.960464477539063e-08,0.0,0.0,cfg02_G3_D32,cfg02_G3_D32,2.171714791969862,cuda
validation,880,503,Warm A,0.0039179883897304535,0.1111111119389534,0.1038322001695633,0.8641975308641975,2.384185791015625e-07,0.2299477905035019,0.4385976791381836,cfg02_G3_D32,cfg02_G3_D32,2.171714791969862,cuda
validation,880,503,Warm B,0.007503471802920103,0.1111111119389534,0.12811633944511414,0.6666666666666666,1.1920928955078125e-07,0.4000752866268158,0.4469393789768219,cfg02_G3_D32,cfg02_G3_D32,2.171714791969862,cuda
validation,880,503,Warm C,0.011215095408260822,0.111111119389534,0.1456003338098526,0.6049382716049383,1.1920928955078125e-07,0.5257700085639954,0.22892771661281586,cfg02_G3_D32,cfg02_G3_D32,2.171714791969862,cuda
validation,902,514,Cold,-0.0023070420138537884,0.1111111119389534,0.15035922825336456,0.7283950617283951,2.384185791015625e-07,0.0,0.0,cfg02_G3_D32,cfg02_G3_D32,2.171714791969862,cuda
validation,902,514,Warm A,-0.0023621267173439264,0.1111111119389534,0.1519160121679306,0.7037037037037037,2.980232238769531e-07,0.24705249071121216,0.45663148164749146,cfg02_G3_D32,cfg02_G3_D32,2.171714791969862,cuda
validation,902,514,Warm B,0.0004898233455605805,0.1111111119389534,0.15873630344867706,0.5679012345679012,1.1920928955078125e-07,0.4388269782066345,0.4947896897792816,cfg02_G3_D32,cfg02_G3_D32,2.171714791969862,cuda
validation,902,514,Warm C,-0.0026341243647038937,0.1111110970377922,0.149746835231781,0.7160493827160493,1.1920928955078125e-07,0.4070587158203125,0.6549596786499023,cfg02_G3_D32,cfg02_G3_D32,2.171714791969862,cuda
validation,904,516,Cold,-0.002279271837323904,0.1111111119389534,0.17040319740772247,0.6172839506172839,2.384185791015625e-07,0.0,0.0,cfg02_G3_D32,cfg02_G3_D32,2.171714791969862,cuda
validation,904,516,Warm A,-0.004754368681460619,0.1111111119389534,0.17116348445415497,0.654320987654321,2.384185791015625e-07,0.23839230835437775,0.32788965106010437,cfg02_G3_D32,cfg02_G3_D32,2.171714791969862,cuda
validation,904,516,Warm B,-0.007756656501442194,0.1111111119389534,0.1667528748512268,0.6666666666666666,1.1920928955078125e-07,0.4189920723438263,0.23615698516368866,cfg02_G3_D32,cfg02_G3_D32,2.171714791969862,cuda
validation,904,516,Warm C,-0.008700055070221424,0.1111110970377922,0.17026223242282867,0.6049382716049383,2.384185791015625e-07,0.4770464599132538,0.29502683877944946,cfg02_G3_D32,cfg02_G3_D32,2.171714791969862,cuda
validation,914,526,Cold,-0.001690917182713747,0.1111111119389534,0.13465963304042816,0.7901234567901234,1.7881393432617188e-07,0.0,0.0,cfg02_G3_D32,cfg02_G3_D32,2.171714791969862,cuda
validation,914,526,Warm A,0.002866477472707629,0.1111111119389534,0.14561879634857178,0.7160493827160493,1.1920928955078125e-07,0.2379520982503891,0.5447151064872742,cfg02_G3_D32,cfg02_G3_D32,2.171714791969862,cuda
validation,914,526,Warm B,-0.0007411494152620435,0.1111111119389534,0.13812610507011414,0.7901234567901234,1.1920928955078125e-07,0.2524217665195465,0.47587212920188904,cfg02_G3_D32,cfg02_G3_D32,2.171714791969862,cuda
validation,914,526,Warm C,-0.003845368977636099,0.111111119389534,0.12947732210159302,0.8271604938271605,2.384185791015625e-07,0.37678223848342896,0.4973753094673157,cfg02_G3_D32,cfg02_G3_D32,2.171714791969862,cuda
validation,920,532,Cold,-0.004224297124892473,0.1111111119389534,0.19374729692935944,0.5432098765432098,1.1920928955078125e-07,0.0,0.0,cfg02_G3_D32,cfg02_G3_D32,2.171714791969862,cuda
validation,920,532,Warm A,-0.001761876163072884,0.1111111119389534,0.19515042006969452,0.5061728395061729,2.384185791015625e-07,0.23995091021060944,0.7267832159996033,cfg02_G3_D32,cfg02_G3_D32,2.171714791969862,cuda
validation,920,532,Warm B,0.0016051343409344554,0.1111111119389534,0.19528861343860626,0.4567901234567901,2.384185791015625e-07,0.3805202543735504,0.5670126080513,cfg02_G3_D32,cfg02_G3_D32,2.171714791969862,cuda
validation,920,532,Warm C,-0.002214142121374607,0.111111119389534,0.19520822167396545,0.49382716049382713,1.1920928955078125e-07,0.3415016531944275,0.37464267015457153,cfg02_G3_D32,cfg02_G3_D32,2.171714791969862,cuda
validation,922,534,Cold,-0.00416571507230401,0.1111110970377922,0.17831739783287048,0.6296296296296297,1.7881393432617188e-07,0.0,0.0,cfg02_G3_D32,cfg02_G3_D32,2.171714791969862,cuda
validation,922,534,Warm A,-0.0049842665903270245,0.1111111119389534,0.17852406203746796,0.6049382716049383,1.1920928955078125e-07,0.23776616156101227,0.3695175349712372,cfg02_G3_D32,cfg02_G3_D32,2.171714791969862,cuda
validation,922,534,Warm B,-0.007236757315695286,0.1111111119389534,0.175867959856987,0.6049382716049383,2.384185791015625e-07,0.35812342166900635,0.2028525322675705,cfg02_G3_D32,cfg02_G3_D32,2.171714791969862,cuda
validation,922,534,Warm C,-0.01048913225531578,0.1111111119389534,0.17759887874126434,0.6172839506172839,2.384185791015625e-07,0.5287156105041504,0.10316337645053864,cfg02_G3_D32,cfg02_G3_D32,2.171714791969862,cuda
validation,923,535,Cold,-0.004491821397095919,0.1111111119389534,0.1906132996082306,0.5432098765432098,2.384185791015625e-07,0.0,0.0,cfg02_G3_D32,cfg02_G3_D32,2.171714791969862,cuda
validation,923,535,Warm A,-0.003220765385776758,0.1111111119389534,0.19230106472969055,0.5185185185185185,2.384185791015625e-07,0.24014481902122498,0.6989995241165161,cfg02_G3_D32,cfg02_G3_D32,2.171714791969862,cuda
validation,923,535,Warm B,-0.0050368765369057655,0.1111111119389534,0.19107510149478912,0.5308641975308642,1.1920928955078125e-07,0.27954182028770447,0.3394181430339813,cfg02_G3_D32,cfg02_G3_D32,2.171714791969862,cuda
validation,923,535,Warm C,-0.005135161802172661,0.1111111119389534,0.1874742954969406,0.5555555555555556,1.7881393432617188e-07,0.3652060925960541,0.37959662079811096,cfg02_G3_D32,cfg02_G3_D32,2.171714791969862,cuda
validation,924,536,Cold,-0.0018394828075543046,0.1111111119389534,0.1286805272102356,0.8518518518518519,3.5762786865234375e-07,0.0,0.0,cfg02_G3_D32,cfg02_G3_D32,2.171714791969862,cuda
validation,924,536,Warm A,-0.00450137909501791,0.1111110970377922,0.12486830353736877,0.8518518518518519,2.384185791015625e-07,0.22832228243350983,0.4217909872531891,cfg02_G3_D32,cfg02_G3_D32,2.171714791969862,cuda
validation,924,536,Warm B,-0.0021851526107639074,0.1111110970377922,0.12311090528964996,0.8518518518518519,2.980232238769531e-07,0.30800944566726685,0.594107449054718,cfg02_G3_D32,cfg02_G3_D32,2.171714791969862,cuda
validation,924,536,Warm C,-0.004803558345884085,0.1111111119389534,0.12857754528522491,0.8024691358024691,1.1920928955078125e-07,0.38306888937950134,0.4426414668560028,cfg02_G3_D32,cfg02_G3_D32,2.171714791969862,cuda
validation,934,545,Cold,-0.0035177075769752264,0.1111111119389534,0.17477615177631378,0.6419753086419753,1.1920928955078125e-07,0.0,0.0,cfg02_G3_D32,cfg02_G3_D32,2.171714791969862,cuda
validation,934,545,Warm A,0.0006740613025613129,0.1111111119389534,0.17860926687717438,0.5679012345679012,2.384185791015625e-07,0.22383716702461243,0.6909748911857605,cfg02_G3_D32,cfg02_G3_D32,2.171714791969862,cuda
validation,934,545,Warm B,0.003631818341091275,0.1111111119389534,0.17854465544223785,0.5432098765432098,1.1920928955078125e-07,0.38987869024276733,0.6479445099830627,cfg02_G3_D32,cfg02_G3_D32,2.171714791969862,cuda
validation,934,545,Warm C,0.00116746558342129,0.1111110970377922,0.17930641770362854,0.6049382716049383,1.1920928955078125e-07,0.34749677777290344,0.6690228581428528,cfg02_G3_D32,cfg02_G3_D32,2.171714791969862,cuda
validation,942,551,Cold,-0.003978044260293245,0.1111111119389534,0.1871785819530487,0.5555555555555556,2.384185791015625e-07,0.0,0.0,cfg02_G3_D32,cfg02_G3_D32,2.171714791969862,cuda
validation,942,551,Warm A,-0.005461353808641434,0.111111119389534,0.1849460005760193,0.5432098765432098,1.1920928955078125e-07,0.235446497797966,0.4034750163555145,cfg02_G3_D32,cfg02_G3_D32,2.171714791969862,cuda
validation,942,551,Warm B,-0.003857034258544445,0.1111111119389534,0.185487300157547,0.5308641975308642,1.1920928955078125e-07,0.3992607295513153,0.32633236050605774,cfg02_G3_D32,cfg02_G3_D32,2.171714791969862,cuda
validation,942,551,Warm C,-0.0030044347513467073,0.1111111119389534,0.18346592783927917,0.5432098765432098,2.384185791015625e-07,0.45065099000930786,0.5411049723625183,cfg02_G3_D32,cfg02_G3_D32,2.171714791969862,cuda
validation,949,558,Cold,-0.0033639157190918922,0.1111111119389534,0.16647975146770477,0.654320987654321,2.384185791015625e-07,0.0,0.0,cfg02_G3_D32,cfg02_G3_D32,2.171714791969862,cuda
validation,949,558,Warm A,-0.001580295735038817,0.1111111119389534,0.16827937960624695,0.5925925925925926,2.384185791015625e-07,0.2448979914188385,0.5712311863899231,cfg02_G3_D32,cfg02_G3_D32,2.171714791969862,cuda
validation,949,558,Warm B,-0.004014754202216864,0.1111111119389534,0.1674259603023529,0.654320987654321,3.5762786865234375e-07,0.2646823525428772,0.3473055958747864,cfg02_G3_D32,cfg02_G3_D32,2.171714791969862,cuda
validation,949,558,Warm C,-0.0010043879738077521,0.1111111119389534,0.1709396243095398,0.5925925925925926,1.7881393432617188e-07,0.30634763836860657,0.6071431636810303,cfg02_G3_D32,cfg02_G3_D32,2.171714791969862,cuda
validation,953,562,Cold,-0.004611935932189226,0.111111119389534,0.18449977040290833,0.5679012345679012,2.384185791015625e-07,0.0,0.0,cfg02_G3_D32,cfg02_G3_D32,2.171714791969862,cuda
validation,953,562,Warm A,-0.0022580381482839584,0.1111111119389534,0.18653801083564758,0.5555555555555556,2.384185791015625e-07,0.23045876622200012,0.43227648735046387,cfg02_G3_D32,cfg02_G3_D32,2.171714791969862,cuda
validation,953,562,Warm B,-0.003467303467914462,0.111111119389534,0.1885777711868286,0.5308641975308642,2.384185791015625e-07,0.35464146733283997,0.4215603768825531,cfg02_G3_D32,cfg02_G3_D32,2.171714791969862,cuda
validation,953,562,Warm C,-0.0024932289961725473,0.111111119389534,0.1886177957057953,0.5432098765432098,1.1920928955078125e-07,0.422422856092453,0.5542101263999939,cfg02_G3_D32,cfg02_G3_D32,2.171714791969862,cuda
validation,965,565,Cold,-0.0034333858639001846,0.1111111119389534,0.20171041786670685,0.4567901234567901,1.1920928955078125e-07,0.0,0.0,cfg02_G3_D32,cfg02_G3_D32,2.171714791969862,cuda
validation,965,565,Warm A,-0.002701307414099574,0.1111111119389534,0.200143501162529,0.4567901234567901,1.7881393432617188e-07,0.25525256991386414,0.38333114981651306,cfg02_G3_D32,cfg02_G3_D32,2.171714791969862,cuda
validation,965,565,Warm B,-0.004515646491199732,0.1111111119389534,0.1997992843389511,0.4691358024691358,2.384185791015625e-07,0.38957977294921875,0.2920744717121124,cfg02_G3_D32,cfg02_G3_D32,2.171714791969862,cuda
validation,965,565,Warm C,-0.0014566465979442,0.1111111119389534,0.20144256949424744,0.4567901234567901,1.1920928955078125e-07,0.37876570224761963,0.554975688457489,cfg02_G3_D32,cfg02_G3_D32,2.171714791969862,cuda
validation,1007,583,Cold,-0.0010461555793881416,0.1111111119389534,0.09922979772090912,0.9259259259259259,1.1920928955078125e-07,0.0,0.0,cfg02_G3_D32,cfg02_G3_D32,2.171714791969862,cuda
validation,1007,583,Warm A,0.004092380404472351,0.111111119389534,0.11632293462753296,0.8518518518518519,2.384185791015625e-07,0.23510853946208954,0.6886990666389465,cfg02_G3_D32,cfg02_G3_D32,2.171714791969862,cuda
validation,1007,583,Warm B,0.006077875848859549,0.111111119389534,0.1335347443819046,0.6666666666666666,2.384185791015625e-07,0.37998896837234497,0.43949824571609497,cfg02_G3_D32,cfg02_G3_D32,2.171714791969862,cuda
validation,1007,583,Warm C,0.009900673292577267,0.1111111119389534,0.1475227177143097,0.6049382716049383,1.7881393432617188e-07,0.5337970852851868,0.30952751636505127,cfg02_G3_D32,cfg02_G3_D32,2.171714791969862,cuda
validation,1021,597,Cold,-0.00014720710169058293,0.1111110970377922,0.06445024162530899,0.9876543209876543,2.384185791015625e-07,0.0,0.0,cfg02_G3_D32,cfg02_G3_D32,2.171714791969862,cuda
validation,1021,597,Warm A,0.0022543147206306458,0.1111111119389534,0.08569768071174622,0.9629629629629629,1.1920928955078125e-07,0.22896116971969604,0.5927858352661133,cfg02_G3_D32,cfg02_G3_D32,2.171714791969862,cuda
validation,1021,597,Warm B,0.004325565882027149,0.1111111119389534,0.11440527439117432,0.7407407407407407,1.1920928955078125e-07,0.27008911967277527,0.48376473784446716,cfg02_G3_D32,cfg02_G3_D32,2.171714791969862,cuda
validation,1021,597,Warm C,0.0015527060022577643,0.1111111119389534,0.08874986320734024,0.9506172839506173,2.384185791015625e-07,0.28927871584892273,0.5679144263267517,cfg02_G3_D32,cfg02_G3_D32,2.171714791969862,cuda
validation,1025,601,Cold,-0.0023228696081787348,0.1111110970377922,0.13940897583961487,0.7777777777777778,1.7881393432617188e-07,0.0,0.0,cfg02_G3_D32,cfg02_G3_D32,2.171714791969862,cuda
validation,1025,601,Warm A,0.0016105789691209793,0.111111119389534,0.14488975703716278,0.7160493827160493,2.384185791015625e-07,0.23963990807533264,0.8284807205200195,cfg02_G3_D32,cfg02_G3_D32,2.171714791969862,cuda
validation,1025,601,Warm B,-0.0014567803591489792,0.111111119389534,0.13766691088676453,0.7654320987654321,2.384185791015625e-07,0.40532955527305603,0.5727961659431458,cfg02_G3_D32,cfg02_G3_D32,2.171714791969862,cuda
validation,1025,601,Warm C,-0.0001833917194744572,0.1111110970377922,0.1453559845685959,0.6419753086419753,1.1920928955078125e-07,0.555324137210846,0.48609933257102966,cfg02_G3_D32,cfg02_G3_D32,2.171714791969862,cuda
validation,1049,618,Cold,-0.00032293814001604915,0.111111119389534,0.0743488222360611,0.9506172839506173,1.1920928955078125e-07,0.0,0.0,cfg02_G3_D32,cfg02_G3_D32,2.171714791969862,cuda
validation,1049,618,Warm A,0.0036396814975887537,0.1111111119389534,0.09072773903608322,0.9012345679012346,1.1920928955078125e-07,0.2459225058555603,0.7376449704170227,cfg02_G3_D32,cfg02_G3_D32,2.171714791969862,cuda
validation,1049,618,Warm B,-0.0003578122123144567,0.111111119389534,0.06914932280778885,0.9629629629629629,2.384185791015625e-07,0.3251805007457733,0.6886566281318665,cfg02_G3_D32,cfg02_G3_D32,2.171714791969862,cuda
validation,1049,618,Warm C,-1.0675210432964377e-05,0.1111111119389534,0.07001529633998871,0.9629629629629629,2.384185791015625e-07,0.3495822548866272,0.5402402281761169,cfg02_G3_D32,cfg02_G3_D32,2.171714791969862,cuda
validation,1057,622,Cold,-0.00028205072158016264,0.1111111119389534,0.06591460108757019,0.9876543209876543,1.1920928955078125e-07,0.0,0.0,cfg02_G3_D32,cfg02_G3_D32,2.171714791969862,cuda
validation,1057,622,Warm A,-0.002658798824995756,0.1111111119389534,0.0638405904173851,1.0,2.384185791015625e-07,0.2423837035894394,0.6880682110786438,cfg02_G3_D32,cfg02_G3_D32,2.171714791969862,cuda
validation,1057,622,Warm B,-0.0039275349117815495,0.1111111119389534,0.07099943608045578,0.9876543209876543,2.980232238769531e-07,0.3727779984474182,0.6109581589698792,cfg02_G3_D32,cfg02_G3_D32,2.171714791969862,cuda
validation,1057,622,Warm C,-0.00747390603646636,0.1111111119389534,0.08260159939527512,0.9382716049382716,2.384185791015625e-07,0.5450745820999146,0.48727723956108093,cfg02_G3_D32,cfg02_G3_D32,2.171714791969862,cuda
validation,1061,625,Cold,-0.0013157915091142058,0.1111111119389534,0.07002140581607819,0.9876543209876543,2.980232238769531e-07,0.0,0.0,cfg02_G3_D32,cfg02_G3_D32,2.171714791969862,cuda
validation,1061,625,Warm A,0.0030817098449915648,0.1111111119389534,0.08438920974731445,0.9259259259259259,1.1920928955078125e-07,0.23881055414676666,0.6253651976585388,cfg02_G3_D32,cfg02_G3_D32,2.171714791969862,cuda
validation,1061,625,Warm B,0.00015411102504003793,0.111111119389534,0.06926871091127396,0.9382716049382716,1.1920928955078125e-07,0.25839078426361084,0.49644753336906433,cfg02_G3_D32,cfg02_G3_D32,2.171714791969862,cuda
validation,1061,625,Warm C,-0.0029904169496148825,0.111111119389534,0.0619792714715004,0.9629629629629629,2.384185791015625e-07,0.3494943678379059,0.5654555559158325,cfg02_G3_D32,cfg02_G3_D32,2.171714791969862,cuda
validation,1088,640,Cold,-0.0006418568664230406,0.1111110970377922,0.06742648035287857,0.9876543209876543,1.1920928955078125e-07,0.0,0.0,cfg02_G3_D32,cfg02_G3_D32,2.171714791969862,cuda
validation,1088,640,Warm A,0.0009642024524509907,0.1111111119389534,0.09309996664524078,0.9135802469135802,2.384185791015625e-07,0.24878978729248047,0.5866104960441589,cfg02_G3_D32,cfg02_G3_D32,2.171714791969862,cuda
validation,1088,640,Warm B,0.00091060611885041,0.1111110970377922,0.0957687720656395,0.8765432098765432,1.1920928955078125e-07,0.39831188321113586,0.6393932700157166,cfg02_G3_D32,cfg02_G3_D32,2.171714791969862,cuda
validation,1088,640,Warm C,-0.0037524141371250153,0.1111111119389534,0.08048407733440399,0.9629629629629629,2.384185791015625e-07,0.533916711807251,0.5648548007011414,cfg02_G3_D32,cfg02_G3_D32,2.171714791969862,cuda
validation,1091,643,Cold,-0.0007094404427334666,0.1111111119389534,0.07062357664108276,0.9753086419753086,1.1920928955078125e-07,0.0,0.0,cfg02_G3_D32,cfg02_G3_D32,2.171714791969862,cuda
validation,1091,643,Warm A,0.002296757884323597,0.1111110970377922,0.09808413684368134,0.9135802469135802,1.1920928955078125e-07,0.24675314128398895,0.5741976499557495,cfg02_G3_D32,cfg02_G3_D32,2.171714791969862,cuda
validation,1091,643,Warm B,0.006873770151287317,0.1111111119389534,0.12545552849769592,0.691358024691358,2.384185791015625e-07,0.40676403045654297,0.35128551721572876,cfg02_G3_D32,cfg02_G3_D32,2.171714791969862,cuda
validation,1091,643,Warm C,0.004413695074617863,0.1111111119389534,0.09769914299249649,0.8271604938271605,1.1920928955078125e-07,0.4517650008201599,0.5645992159843445,cfg02_G3_D32,cfg02_G3_D32,2.171714791969862,cuda
validation,1148,669,Cold,-0.001271270914003253,0.1111111119389534,0.06767543405294418,0.9876543209876543,1.1920928955078125e-07,0.0,0.0,cfg02_G3_D32,cfg02_G3_D32,2.171714791969862,cuda
validation,1148,669,Warm A,-0.001833359943702817,0.1111111119389534,0.07086750119924545,1.0,2.384185791015625e-07,0.24126514792442322,0.5566287636756897,cfg02_G3_D32,cfg02_G3_D32,2.171714791969862,cuda
validation,1148,669,Warm B,-0.004507351666688919,0.111111119389534,0.08028344810009003,0.9753086419753086,1.1920928955078125e-07,0.42337197065353394,0.26515355706214905,cfg02_G3_D32,cfg02_G3_D32,2.171714791969862,cuda
validation,1148,669,Warm C,-0.004669236484915018,0.1111110970377922,0.09391749650239944,0.9382716049382716,2.384185791015625e-07,0.5802762508392334,0.2140790969133377,cfg02_G3_D32,cfg02_G3_D32,2.171714791969862,cuda
validation,1172,675,Cold,-0.0009047097410075366,0.1111110970377922,0.07158266007900238,0.9753086419753086,1.7881393432617188e-07,0.0,0.0,cfg02_G3_D32,cfg02_G3_D32,2.171714791969862,cuda
validation,1172,675,Warm A,-0.0019112363224849105,0.1111111119389534,0.06904882192611694,1.0,1.1920928955078125e-07,0.23881880939006805,0.5362035632133484,cfg02_G3_D32,cfg02_G3_D32,2.171714791969862,cuda
validation,1172,675,Warm B,-0.00457887165248394,0.111111119389534,0.0759090781211853,0.9753086419753086,2.384185791015625e-07,0.4423380196094513,0.41636133193969727,cfg02_G3_D32,cfg02_G3_D32,2.171714791969862,cuda
validation,1172,675,Warm C,-0.006327338516712189,0.1111111119389534,0.07962419837713242,0.9629629629629629,1.1920928955078125e-07,0.5204253196716309,0.5167927145957947,cfg02_G3_D32,cfg02_G3_D32,2.171714791969862,cuda
validation,1175,677,Cold,7.09143714630045e-05,0.111111119389534,0.0662616565823555,0.9753086419753086,2.384185791015625e-07,0.0,0.0,cfg02_G3_D32,cfg02_G3_D32,2.171714791969862,cuda
validation,1175,677,Warm A,-0.0008417040226049721,0.1111111119389534,0.05923314392566681,1.0,1.7881393432617188e-07,0.22479446232318878,0.5905730724334717,cfg02_G3_D32,cfg02_G3_D32,2.171714791969862,cuda
validation,1175,677,Warm B,3.778550308197737e-05,0.1111111119389534,0.06589158624410629,0.9753086419753086,2.384185791015625e-07,0.31967514753341675,0.588590145111084,cfg02_G3_D32,cfg02_G3_D32,2.171714791969862,cuda
validation,1175,677,Warm C,-0.0022778522688895464,0.111111119389534,0.06992960721254349,0.9629629629629629,2.384185791015625e-07,0.39001670479774475,0.4749546945095062,cfg02_G3_D32,cfg02_G3_D32,2.171714791969862,cuda
validation,1178,680,Cold,-0.003585008904337883,0.1111111119389534,0.16224387288093567,0.6790123456790124,1.7881393432617188e-07,0.0,0.0,cfg02_G3_D32,cfg02_G3_D32,2.171714791969862,cuda
validation,1178,680,Warm A,-0.005359864793717861,0.1111111119389534,0.16024351119995117,0.7037037037037037,2.384185791015625e-07,0.23294803500175476,0.260539710521698,cfg02_G3_D32,cfg02_G3_D32,2.171714791969862,cuda
validation,1178,680,Warm B,-0.004928615875542164,0.1111111119389534,0.16115336120128632,0.6790123456790124,2.384185791015625e-07,0.33906054496765137,0.2490159571170807,cfg02_G3_D32,cfg02_G3_D32,2.171714791969862,cuda
validation,1178,680,Warm C,-0.007798432372510433,0.111111119389534,0.15749821066856384,0.7407407407407407,1.1920928955078125e-07,0.47873204946517944,0.19592736661434174,cfg02_G3_D32,cfg02_G3_D32,2.171714791969862,cuda
validation,1183,682,Cold,-0.0013245863374322653,0.1111110970377922,0.06801841408014297,0.9876543209876543,1.7881393432617188e-07,0.0,0.0,cfg02_G3_D32,cfg02_G3_D32,2.171714791969862,cuda
validation,1183,682,Warm A,-0.0032630260102450848,0.11111108958721161,0.06754395365715027,1.0,2.384185791015625e-07,0.23623204231262207,0.6282804012298584,cfg02_G3_D32,cfg02_G3_D32,2.171714791969862,cuda
validation,1183,682,Warm B,-0.00023723900085315108,0.1111110970377922,0.06779544055461884,0.9876543209876543,2.384185791015625e-07,0.298647403717041,0.6313194632530212,cfg02_G3_D32,cfg02_G3_D32,2.171714791969862,cuda
validation,1183,682,Warm C,0.0024410823825746775,0.1111111119389534,0.06929060816764832,0.9753086419753086,2.384185791015625e-07,0.36046329140663147,0.7522596716880798,cfg02_G3_D32,cfg02_G3_D32,2.171714791969862,cuda
validation,1185,684,Cold,-0.001969491597265005,0.1111110970377922,0.06992644816637039,0.9876543209876543,2.384185791015625e-07,0.0,0.0,cfg02_G3_D32,cfg02_G3_D32,2.171714791969862,cuda
validation,1185,684,Warm A,-0.0043164584785699844,0.1111111119389534,0.07189298421144485,1.0,1.1920928955078125e-07,0.23289763927459717,0.4179712235927582,cfg02_G3_D32,cfg02_G3_D32,2.171714791969862,cuda
validation,1185,684,Warm B,-0.005255200434476137,0.1111111119389534,0.07672787457704544,0.9629629629629629,1.1920928955078125e-07,0.3260997533798218,0.5295783877372742,cfg02_G3_D32,cfg02_G3_D32,2.171714791969862,cuda
validation,1185,684,Warm C,-0.003144768299534917,0.1111110970377922,0.07609768211841583,0.9629629629629629,1.1920928955078125e-07,0.42769619822502136,0.4236845076084137,cfg02_G3_D32,cfg02_G3_D32,2.171714791969862,cuda
validation,1193,692,Cold,-0.002366559347137809,0.1111111119389534,0.10737085342407227,0.9135802469135802,2.384185791015625e-07,0.0,0.0,cfg02_G3_D32,cfg02_G3_D32,2.171714791969862,cuda
validation,1193,692,Warm A,-0.004286651965230703,0.1111110970377922,0.10049412399530411,0.9135802469135802,1.1920928955078125e-07,0.23818467557430267,0.3886922001838684,cfg02_G3_D32,cfg02_G3_D32,2.171714791969862,cuda
validation,1193,692,Warm B,-0.00710122287273407,0.1111111119389534,0.09962552785873413,0.9012345679012346,1.1920928955078125e-07,0.41172975301742554,0.27000629901885986,cfg02_G3_D32,cfg02_G3_D32,2.171714791969862,cuda
validation,1193,692,Warm C,-0.008332365192472935,0.1111110970377922,0.1022333949804306,0.8888888888888888,2.384185791015625e-07,0.6239294409751892,0.16214367747306824,cfg02_G3_D32,cfg02_G3_D32,2.171714791969862,cuda
validation,1194,693,Cold,-0.001180769526399672,0.111111119389534,0.09471698850393295,0.9259259259259259,1.1920928955078125e-07,0.0,0.0,cfg02_G3_D32,cfg02_G3_D32,2.171714791969862,cuda
validation,1194,693,Warm A,-0.003772392636165023,0.1111110970377922,0.08903288841247559,0.9629629629629629,1.7881393432617188e-07,0.22700898349285126,0.562185525894165,cfg02_G3_D32,cfg02_G3_D32,2.171714791969862,cuda
validation,1194,693,Warm B,0.0005423041293397546,0.1111111119389534,0.09895957261323929,0.9012345679012346,1.1920928955078125e-07,0.33896052837371826,0.7167696356773376,cfg02_G3_D32,cfg02_G3_D32,2.171714791969862,cuda
validation,1194,693,Warm C,-0.0023607471957802773,0.1111111119389534,0.09435857832431793,0.9135802469135802,3.5762786865234375e-07,0.4107409417629242,0.572080135345459,cfg02_G3_D32,cfg02_G3_D32,2.171714791969862,cuda
validation,1198,696,Cold,0.00101438257843256,0.1111111119389534,0.09651912748813629,0.9382716049382716,1.7881393432617188e-07,0.0,0.0,cfg02_G3_D32,cfg02_G3_D32,2.171714791969862,cuda
validation,1198,696,Warm A,-0.003270867047831416,0.111111119389534,0.08228596299886703,0.9629629629629629,2.384185791015625e-07,0.23976974189281464,0.5090813040733337,cfg02_G3_D32,cfg02_G3_D32,2.171714791969862,cuda
validation,1198,696,Warm B,-0.004983486142009497,0.1111111119389534,0.08721224218606949,0.9382716049382716,1.1920928955078125e-07,0.40672996640205383,0.36105185747146606,cfg02_G3_D32,cfg02_G3_D32,2.171714791969862,cuda
validation,1198,696,Warm C,-0.004957179073244333,0.1111110970377922,0.08880877494812012,0.9382716049382716,1.1920928955078125e-07,0.40057116746902466,0.464097261428833,cfg02_G3_D32,cfg02_G3_D32,2.171714791969862,cuda
validation,1199,697,Cold,0.000678442302159965,0.111111119389534,0.07293522357940674,0.9753086419753086,2.384185791015625e-07,0.0,0.0,cfg02_G3_D32,cfg02_G3_D32,2.171714791969862,cuda
validation,1199,697,Warm A,-0.0006112699047662318,0.1111111119389534,0.0677739828824997,1.0,2.384185791015625e-07,0.23308567702770233,0.6099409461021423,cfg02_G3_D32,cfg02_G3_D32,2.171714791969862,cuda
validation,1199,697,Warm B,-0.003187700640410185,0.1111111119389534,0.07202736288309097,0.9506172839506173,1.1920928955078125e-07,0.38280683755874634,0.3703625500202179,cfg02_G3_D32,cfg02_G3_D32,2.171714791969862,cuda
validation,1199,697,Warm C,-0.005554597824811935,0.1111111119389534,0.07858297228813171,0.9629629629629629,2.384185791015625e-07,0.4657801389694214,0.4476355016231537,cfg02_G3_D32,cfg02_G3_D32,2.171714791969862,cuda
validation,1210,708,Cold,-0.0012244408717378974,0.1111111119389534,0.08223999291658401,0.9506172839506173,2.384185791015625e-07,0.0,0.0,cfg02_G3_D32,cfg02_G3_D32,2.171714791969862,cuda
validation,1210,708,Warm A,0.0015387077583000064,0.111111119389534,0.08949371427297592,0.9506172839506173,2.384185791015625e-07,0.23128476738929749,0.6304159164428711,cfg02_G3_D32,cfg02_G3_D32,2.171714791969862,cuda
validation,1210,708,Warm B,-0.0010767261264845729,0.1111111119389534,0.08009898662567139,0.9876543209876543,2.384185791015625e-07,0.36316365003585815,0.4651666581630707,cfg02_G3_D32,cfg02_G3_D32,2.171714791969862,cuda
validation,1210,708,Warm C,-0.003272690810263157,0.1111111119389534,0.08386705815792084,0.9753086419753086,2.384185791015625e-07,0.41984817385673523,0.6853830814361572,cfg02_G3_D32,cfg02_G3_D32,2.171714791969862,cuda
validation,1222,720,Cold,-0.0010418023448437452,0.1111111119389534,0.07567527890205383,0.9629629629629629,2.384185791015625e-07,0.0,0.0,cfg02_G3_D32,cfg02_G3_D32,2.171714791969862,cuda
validation,1222,720,Warm A,-0.0034893350675702095,0.1111111119389534,0.07199352979660034,1.0,3.5762786865234375e-07,0.2399235963821411,0.5879945158958435,cfg02_G3_D32,cfg02_G3_D32,2.171714791969862,cuda
validation,1222,720,Warm B,-0.007614200469106436,0.111111119389534,0.0781307965517044,0.9753086419753086,2.384185791015625e-07,0.41672950983047485,0.41112813353538513,cfg02_G3_D32,cfg02_G3_D32,2.171714791969862,cuda
validation,1222,720,Warm C,-0.00728178396821022,0.1111111119389534,0.07384280860424042,0.9753086419753086,2.384185791015625e-07,0.3610488176345825,0.45095309615135193,cfg02_G3_D32,cfg02_G3_D32,2.171714791969862,cuda
validation,1226,724,Cold,-0.003118397668004036,0.1111111119389534,0.1710575520992279,0.654320987654321,4.76837158203125e-07,0.0,0.0,cfg02_G3_D32,cfg02_G3_D32,2.171714791969862,cuda
validation,1226,724,Warm A,-0.005295362789183855,0.1111110970377922,0.1712758094072342,0.6419753086419753,1.1920928955078125e-07,0.2194831222295761,0.42043158411979675,cfg02_G3_D32,cfg02_G3_D32,2.171714791969862,cuda
validation,1226,724,Warm B,-0.003191812429577112,0.1111111119389534,0.17119768261909485,0.5802469135802469,1.1920928955078125e-07,0.3572481572628021,0.44500216841697693,cfg02_G3_D32,cfg02_G3_D32,2.171714791969862,cuda
validation,1226,724,Warm C,-0.007142400369048119,0.1111111119389534,0.17293399572372437,0.6419753086419753,1.1920928955078125e-07,0.37246641516685486,0.3903414309024811,cfg02_G3_D32,cfg02_G3_D32,2.171714791969862,cuda
validation,1228,726,Cold,-0.0016084529925137758,0.1111111119389534,0.09330809861421585,0.9382716049382716,1.1920928955078125e-07,0.0,0.0,cfg02_G3_D32,cfg02_G3_D32,2.171714791969862,cuda
validation,1228,726,Warm A,-0.0029896374326199293,0.1111111119389534,0.08631741255521774,0.9753086419753086,2.384185791015625e-07,0.23367051780223846,0.4193665683269501,cfg02_G3_D32,cfg02_G3_D32,2.171714791969862,cuda
validation,1228,726,Warm B,-0.004463509190827608,0.111111119389534,0.08770406246185303,0.9382716049382716,2.384185791015625e-07,0.3040722608566284,0.4078238606452942,cfg02_G3_D32,cfg02_G3_D32,2.171714791969862,cuda
validation,1228,726,Warm C,-0.005955114029347897,0.1111111119389534,0.0859336107969284,0.9506172839506173,2.384185791015625e-07,0.3670337200164795,0.5893351435661316,cfg02_G3_D32,cfg02_G3_D32,2.171714791969862,cuda
validation,1233,729,Cold,-0.0011523999273777008,0.1111111119389534,0.09125886857509613,0.9382716049382716,1.1920928955078125e-07,0.0,0.0,cfg02_G3_D32,cfg02_G3_D32,2.171714791969862,cuda
validation,1233,729,Warm A,-0.0037416669074445963,0.111111119389534,0.08597370982170105,0.9506172839506173,2.384185791015625e-07,0.2391291856765747,0.4485507607460022,cfg02_G3_D32,cfg02_G3_D32,2.171714791969862,cuda
validation,1233,729,Warm B,-0.006792299449443817,0.111111119389534,0.08644981682300568,0.9382716049382716,2.384185791015625e-07,0.3719600737094879,0.40388527512550354,cfg02_G3_D32,cfg02_G3_D32,2.171714791969862,cuda
validation,1233,729,Warm C,-0.0066377040930092335,0.1111111119389534,0.09115128219127655,0.9506172839506173,2.384185791015625e-07,0.39850959181785583,0.42789003252983093,cfg02_G3_D32,cfg02_G3_D32,2.171714791969862,cuda
validation,1251,746,Cold,-0.0018435900565236807,0.1111111119389534,0.14716744422912598,0.7160493827160493,1.7881393432617188e-07,0.0,0.0,cfg02_G3_D32,cfg02_G3_D32,2.171714791969862,cuda
validation,1251,746,Warm A,-0.003480541054159403,0.111111119389534,0.13984599709510803,0.7654320987654321,2.384185791015625e-07,0.24920259416103363,0.5047097206115723,cfg02_G3_D32,cfg02_G3_D32,2.171714791969862,cuda
validation,1251,746,Warm B,-0.003509226720780134,0.1111111119389534,0.14479182660579681,0.7160493827160493,1.1920928955078125e-07,0.2562393844127655,0.4652416408061981,cfg02_G3_D32,cfg02_G3_D32,2.171714791969862,cuda
validation,1251,746,Warm C,-0.005331486463546753,0.111111119389534,0.14340490102767944,0.7530864197530864,1.1920928955078125e-07,0.34525012969970703,0.4587016999721527,cfg02_G3_D32,cfg02_G3_D32,2.171714791969862,cuda
validation,1260,754,Cold,-0.00469445763155818,0.1111110970377922,0.2054167091846466,0.4444444444444444,1.1920928955078125e-07,0.0,0.0,cfg02_G3_D32,cfg02_G3_D32,2.171714791969862,cuda
validation,1260,754,Warm A,-0.005849297624081373,0.111111119389534,0.20359160006046295,0.43209876543209874,1.1920928955078125e-07,0.2310020625591278,0.2221003770828247,cfg02_G3_D32,cfg02_G3_D32,2.171714791969862,cuda
validation,1260,754,Warm B,-0.007398711517453194,0.1111111119389534,0.20292019844055176,0.4567901234567901,1.7881393432617188e-07,0.3360220491886139,0.25292178988456726,cfg02_G3_D32,cfg02_G3_D32,2.171714791969862,cuda
validation,1260,754,Warm C,-0.004573746118694544,0.111111119389534,0.20367349684238434,0.4444444444444444,2.384185791015625e-07,0.35974958539009094,0.5214819312095642,cfg02_G3_D32,cfg02_G3_D32,2.171714791969862,cuda
validation,1263,757,Cold,-0.0020201473962515593,0.1111111119389534,0.10092295706272125,0.9259259259259259,2.384185791015625e-07,0.0,0.0,cfg02_G3_D32,cfg02_G3_D32,2.171714791969862,cuda
validation,1263,757,Warm A,-0.0031357952393591404,0.1111111119389534,0.09784945100545883,0.9506172839506173,1.1920928955078125e-07,0.23153766989707947,0.5667855739593506,cfg02_G3_D32,cfg02_G3_D32,2.171714791969862,cuda
validation,1263,757,Warm B,-0.0068522123619914055,0.1111111119389534,0.09747844934463501,0.9382716049382716,1.1920928955078125e-07,0.3433399796485901,0.27286699414253235,cfg02_G3_D32,cfg02_G3_D32,2.171714791969862,cuda
validation,1263,757,Warm C,-0.009562188759446144,0.1111111119389534,0.10533270984888077,0.9259259259259259,1.1920928955078125e-07,0.5059151649475098,0.30098262429237366,cfg02_G3_D32,cfg02_G3_D32,2.171714791969862,cuda
validation,1266,760,Cold,0.0004035529273096472,0.1111110970377922,0.0715298056602478,0.9753086419753086,1.7881393432617188e-07,0.0,0.0,cfg02_G3_D32,cfg02_G3_D32,2.171714791969862,cuda
validation,1266,760,Warm A,-0.0008385902619920671,0.1111111119389534,0.06181258708238602,0.9876543209876543,2.384185791015625e-07,0.2348458617925644,0.5168159604072571,cfg02_G3_D32,cfg02_G3_D32,2.171714791969862,cuda
validation,1266,760,Warm B,-0.002686578780412674,0.111111119389534,0.06913726776838303,0.9629629629629629,2.384185791015625e-07,0.42770594358444214,0.3485593795776367,cfg02_G3_D32,cfg02_G3_D32,2.171714791969862,cuda
validation,1266,760,Warm C,-0.00299444398842752,0.1111111119389534,0.07807373255491257,0.9629629629629629,1.7881393432617188e-07,0.5302546620368958,0.5617144107818604,cfg02_G3_D32,cfg02_G3_D32,2.171714791969862,cuda
validation,1274,768,Cold,8.31299475976266e-05,0.1111111119389534,0.07743419706821442,0.9629629629629629,1.1920928955078125e-07,0.0,0.0,cfg02_G3_D32,cfg02_G3_D32,2.171714791969862,cuda
validation,1274,768,Warm A,-0.002521417336538434,0.1111111119389534,0.07143744826316833,0.9753086419753086,1.1920928955078125e-07,0.22576695680618286,0.5469039082527161,cfg02_G3_D32,cfg02_G3_D32,2.171714791969862,cuda
validation,1274,768,Warm B,0.0003573901194613427,0.1111111119389534,0.07511787861585617,0.9629629629629629,1.7881393432617188e-07,0.30084776878356934,0.6804129481315613,cfg02_G3_D32,cfg02_G3_D32,2.171714791969862,cuda
validation,1274,768,Warm C,-0.003354401793330908,0.1111111119389534,0.07749110460281372,0.9382716049382716,1.1920928955078125e-07,0.43572723865509033,0.5432354211807251,cfg02_G3_D32,cfg02_G3_D32,2.171714791969862,cuda
validation,1275,769,Cold,0.003644992131739855,0.1111111119389534,0.10141786187887192,0.8765432098765432,2.384185791015625e-07,0.0,0.0,cfg02_G3_D32,cfg02_G3_D32,2.171714791969862,cuda
validation,1275,769,Warm A,-0.0005102957948110998,0.1111111119389534,0.07606494426727295,0.9753086419753086,1.7881393432617188e-07,0.23699189722537994,0.5753369927406311,cfg02_G3_D32,cfg02_G3_D32,2.171714791969862,cuda
validation,1275,769,Warm B,0.00039047742029652,0.1111111119389534,0.0726327896118164,0.9876543209876543,1.1920928955078125e-07,0.2767976224422455,0.7513869404792786,cfg02_G3_D32,cfg02_G3_D32,2.171714791969862,cuda
validation,1275,769,Warm C,-0.0003930421662516892,0.1111111119389534,0.0744873583316803,0.9876543209876543,1.1920928955078125e-07,0.4034174382686615,0.6945067644119263,cfg02_G3_D32,cfg02_G3_D32,2.171714791969862,cuda
validation,1277,771,Cold,-0.0007436671876348555,0.1111111119389534,0.0711681991815567,0.9753086419753086,1.1920928955078125e-07,0.0,0.0,cfg02_G3_D32,cfg02_G3_D32,2.171714791969862,cuda
validation,1277,771,Warm A,-0.0031791366636753082,0.1111111119389534,0.0671846866607666,1.0,1.7881393432617188e-07,0.23820637166500092,0.5712666511535645,cfg02_G3_D32,cfg02_G3_D32,2.171714791969862,cuda
validation,1277,771,Warm B,-0.0068704248405992985,0.1111110970377922,0.07495991140604019,0.9753086419753086,2.980232238769531e-07,0.395922988653183,0.6028701066970825,cfg02_G3_D32,cfg02_G3_D32,2.171714791969862,cuda
validation,1277,771,Warm C,-0.005757574457675219,0.1111111119389534,0.07397471368312836,0.9753086419753086,2.384185791015625e-07,0.4270116984844208,0.6845234632492065,cfg02_G3_D32,cfg02_G3_D32,2.171714791969862,cuda
validation,1284,778,Cold,-0.004291589837521315,0.1111111119389534,0.18440517783164978,0.5679012345679012,2.384185791015625e-07,0.0,0.0,cfg02_G3_D32,cfg02_G3_D32,2.171714791969862,cuda
validation,1284,778,Warm A,-0.006663819309324026,0.1111110970377922,0.1844300627708435,0.5679012345679012,1.1920928955078125e-07,0.25027865171432495,0.17442302405834198,cfg02_G3_D32,cfg02_G3_D32,2.171714791969862,cuda
validation,1284,778,Warm B,-0.007648454047739506,0.1111111119389534,0.18318502604961395,0.5308641975308642,1.1920928955078125e-07,0.32662832736968994,0.2569180727005005,cfg02_G3_D32,cfg02_G3_D32,2.171714791969862,cuda
validation,1284,778,Warm C,-0.005383200943470001,0.111111119389534,0.18301910161972046,0.5432098765432098,2.384185791015625e-07,0.37920835614204407,0.48783737421035767,cfg02_G3_D32,cfg02_G3_D32,2.171714791969862,cuda
validation,1294,788,Cold,-0.002345407148823142,0.1111111119389534,0.12256663292646408,0.8641975308641975,1.7881393432617188e-07,0.0,0.0,cfg02_G3_D32,cfg02_G3_D32,2.171714791969862,cuda
validation,1294,788,Warm A,-0.005116783548146486,0.111111119389534,0.11341790109872818,0.9012345679012346,4.76837158203125e-07,0.23228749632835388,0.4796162545681,cfg02_G3_D32,cfg02_G3_D32,2.171714791969862,cuda
validation,1294,788,Warm B,-0.006186043843626976,0.1111111119389534,0.118256576359272,0.8765432098765432,1.1920928955078125e-07,0.301788330078125,0.4517379701137543,cfg02_G3_D32,cfg02_G3_D32,2.171714791969862,cuda
validation,1294,788,Warm C,-0.0030181154143065214,0.1111111119389534,0.1230543851852417,0.8518518518518519,1.7881393432617188e-07,0.27680709958076477,0.5181819796562195,cfg02_G3_D32,cfg02_G3_D32,2.171714791969862,cuda
validation,1296,790,Cold,-0.0018248932901769876,0.1111111119389534,0.07631994783878326,0.9629629629629629,3.5762786865234375e-07,0.0,0.0,cfg02_G3_D32,cfg02_G3_D32,2.171714791969862,cuda
validation,1296,790,Warm A,-0.0025700575206428766,0.111111119389534,0.07516605406999588,1.0,1.1920928955078125e-07,0.23939967155456543,0.4803139865398407,cfg02_G3_D32,cfg02_G3_D32,2.171714791969862,cuda
validation,1296,790,Warm B,-0.0010374595876783133,0.1111110970377922,0.07659958302974701,1.0,1.7881393432617188e-07,0.38653236627578735,0.432913213968277,cfg02_G3_D32,cfg02_G3_D32,2.171714791969862,cuda
validation,1296,790,Warm C,-5.4223004553932697e-05,0.1111110970377922,0.08367020636796951,0.9506172839506173,2.384185791015625e-07,0.4735855758190155,0.459094375371933,cfg02_G3_D32,cfg02_G3_D32,2.171714791969862,cuda
validation,1303,797,Cold,0.0005922080017626286,0.1111110970377922,0.10859823226928711,0.9012345679012346,1.1920928955078125e-07,0.0,0.0,cfg02_G3_D32,cfg02_G3_D32,2.171714791969862,cuda
validation,1303,797,Warm A,-0.000921193917747587,0.111111119389534,0.09693148732185364,0.9382716049382716,5.960464477539062e-07,0.22888630628585815,0.6690263152122498,cfg02_G3_D32,cfg02_G3_D32,2.171714791969862,cuda
validation,1303,797,Warm B,-0.0022960957139730453,0.111111119389534,0.09749000519514084,0.9382716049382716,2.384185791015625e-07,0.33572056889533997,0.39483141899108887,cfg02_G3_D32,cfg02_G3_D32,2.171714791969862,cuda
validation,1303,797,Warm C,-0.0028643880505114794,0.1111111119389534,0.09984415769577026,0.9382716049382716,1.1920928955078125e-07,0.4617941975593567,0.350455105304718,cfg02_G3_D32,cfg02_G3_D32,2.171714791969862,cuda
validation,1321,803,Cold,0.0007483888184651732,0.111111119389534,0.06918790936470032,0.9876543209876543,2.384185791015625e-07,0.0,0.0,cfg02_G3_D32,cfg02_G3_D32,2.171714791969862,cuda
validation,1321,803,Warm A,-0.0025927943643182516,0.1111111119389534,0.06326082348823547,1.0,2.384185791015625e-07,0.2265114188194275,0.5680764317512512,cfg02_G3_D32,cfg02_G3_D32,2.171714791969862,cuda
validation,1321,803,Warm B,-0.00623553479090333,0.1111110970377922,0.07104568183422089,0.9876543209876543,2.384185791015625e-07,0.40012502670288086,0.5539189577102661,cfg02_G3_D32,cfg02_G3_D32,2.171714791969862,cuda
validation,1321,803,Warm C,-0.0029787258245050907,0.1111111119389534,0.07350125163793564,1.0,2.384185791015625e-07,0.4287450909614563,0.6168001294136047,cfg02_G3_D32,cfg02_G3_D32,2.171714791969862,cuda
validation,1334,808,Cold,-0.001356438035145402,0.1111111119389534,0.14735446870326996,0.7283950617283951,1.1920928955078125e-07,0.0,0.0,cfg02_G3_D32,cfg02_G3_D32,2.171714791969862,cuda
validation,1334,808,Warm A,0.0019261332927271724,0.1111111119389534,0.15344680845737457,0.6419753086419753,2.384185791015625e-07,0.2258164882659912,0.5877000689506531,cfg02_G3_D32,cfg02_G3_D32,2.171714791969862,cuda
validation,1334,808,Warm B,0.001947934739291668,0.1111111119389534,0.15851430594921112,0.5185185185185185,1.1920928955078125e-07,0.39839187264442444,0.4437309205532074,cfg02_G3_D32,cfg02_G3_D32,2.171714791969862,cuda
validation,1334,808,Warm C,0.005760141648352146,0.1111111119389534,0.16074912250041962,0.5061728395061729,1.1920928955078125e-07,0.5567759275436401,0.5616141557693481,cfg02_G3_D32,cfg02_G3_D32,2.171714791969862,cuda
validation,1344,814,Cold,-0.002514149295166135,0.1111111119389534,0.15262813866138458,0.7407407407407407,1.1920928955078125e-07,0.0,0.0,cfg02_G3_D32,cfg02_G3_D32,2.171714791969862,cuda
validation,1344,814,Warm A,0.0015720217488706112,0.111111119389534,0.15461616218090057,0.6296296296296297,1.1920928955078125e-07,0.24517419934272766,0.6768364310264587,cfg02_G3_D32,cfg02_G3_D32,2.171714791969862,cuda
validation,1344,814,Warm B,-0.0021088640205562115,0.1111111119389534,0.14641495048999786,0.7160493827160493,1.1920928955078125e-07,0.2339755743741989,0.4945281147956848,cfg02_G3_D32,cfg02_G3_D32,2.171714791969862,cuda
validation,1344,814,Warm C,-2.8703683710773475e-05,0.1111111119389534,0.1540502905845642,0.6419753086419753,1.1920928955078125e-07,0.2855358421802521,0.6372739672660828,cfg02_G3_D32,cfg02_G3_D32,2.171714791969862,cuda
validation,1348,818,Cold,-0.0034876917488873005,0.1111111119389534,0.2059163898229599,0.4567901234567901,2.384185791015625e-07,0.0,0.0,cfg02_G3_D32,cfg02_G3_D32,2.171714791969862,cuda
validation,1348,818,Warm A,-0.005424488335847855,0.1111111119389534,0.20467700064182281,0.4691358024691358,1.1920928955078125e-07,0.23177318274974823,0.5416450500488281,cfg02_G3_D32,cfg02_G3_D32,2.171714791969862,cuda
validation,1348,818,Warm B,-0.0007728608907200396,0.1111111119389534,0.2048138678073883,0.4567901234567901,2.384185791015625e-07,0.2658996284008026,0.9640615582466125,cfg02_G3_D32,cfg02_G3_D32,2.171714791969862,cuda
validation,1348,818,Warm C,0.00046085353824310005,0.111111119389534,0.20651347935199738,0.4444444444444444,1.1920928955078125e-07,0.404124915599823,0.6735201478004456,cfg02_G3_D32,cfg02_G3_D32,2.171714791969862,cuda
validation,1354,822,Cold,-0.0019530238350853324,0.1111111119389534,0.06544782966375351,0.9876543209876543,2.384185791015625e-07,0.0,0.0,cfg02_G3_D32,cfg02_G3_D32,2.171714791969862,cuda
validation,1354,822,Warm A,-0.0032696621492505074,0.1111110970377922,0.06976597011089325,1.0,2.384185791015625e-07,0.23366409540176392,0.5833699107170105,cfg02_G3_D32,cfg02_G3_D32,2.171714791969862,cuda
validation,1354,822,Warm B,-0.0047004674561321735,0.1111111119389534,0.07829749584197998,0.9506172839506173,1.1920928955078125e-07,0.4005146622657776,0.43746957182884216,cfg02_G3_D32,cfg02_G3_D32,2.171714791969862,cuda
validation,1354,822,Warm C,-0.001969022210687399,0.111111119389534,0.06882911175489426,0.9753086419753086,1.7881393432617188e-07,0.3504059910774231,0.6494771242141724,cfg02_G3_D32,cfg02_G3_D32,2.171714791969862,cuda
validation,1357,825,Cold,-0.0010564416879788041,0.1111110970377922,0.06796416640281677,0.9876543209876543,2.384185791015625e-07,0.0,0.0,cfg02_G3_D32,cfg02_G3_D32,2.171714791969862,cuda
validation,1357,825,Warm A,-0.0019286694005131721,0.1111111119389534,0.06469471752643585,1.0,2.384185791015625e-07,0.22005625069141388,0.5496063232421875,cfg02_G3_D32,cfg02_G3_D32,2.171714791969862,cuda
validation,1357,825,Warm B,-0.002664878498762846,0.1111111119389534,0.06979551911354065,0.9876543209876543,2.384185791015625e-07,0.37518948316574097,0.4089265763759613,cfg02_G3_D32,cfg02_G3_D32,2.171714791969862,cuda
validation,1357,825,Warm C,-0.0017829341813921928,0.1111111119389534,0.06639358401298523,0.9753086419753086,1.1920928955078125e-07,0.43796980381011963,0.4790261685848236,cfg02_G3_D32,cfg02_G3_D32,2.171714791969862,cuda
validation,1358,826,Cold,-0.0016357144340872765,0.1111111119389534,0.07149761915206909,0.9753086419753086,1.1920928955078125e-07,0.0,0.0,cfg02_G3_D32,cfg02_G3_D32,2.171714791969862,cuda
validation,1358,826,Warm A,-0.00236592348664999,0.1111110970377922,0.07519156485795975,0.9876543209876543,2.384185791015625e-07,0.23800720274448395,0.5215439796447754,cfg02_G3_D32,cfg02_G3_D32,2.171714791969862,cuda
validation,1358,826,Warm B,-0.005391518119722605,0.1111111119389534,0.0854320079088211,0.9753086419753086,1.1920928955078125e-07,0.39965954422950745,0.4164600372314453,cfg02_G3_D32,cfg02_G3_D32,2.171714791969862,cuda
validation,1358,826,Warm C,-0.0023335276637226343,0.1111111119389534,0.07854678481817245,0.9753086419753086,1.1920928955078125e-07,0.3086718022823334,0.574155330657959,cfg02_G3_D32,cfg02_G3_D32,2.171714791969862,cuda
validation,1370,833,Cold,0.0008851102902553976,0.1111111119389534,0.0906425192952156,0.9506172839506173,2.384185791015625e-07,0.0,0.0,cfg02_G3_D32,cfg02_G3_D32,2.171714791969862,cuda
validation,1370,833,Warm A,0.0025327743496745825,0.1111111119389534,0.11257968097925186,0.8395061728395061,1.1920928955078125e-07,0.22754411399364471,0.5126623511314392,cfg02_G3_D32,cfg02_G3_D32,2.171714791969862,cuda
validation,1370,833,Warm B,0.0002505430893506855,0.1111111119389534,0.09180419147014618,0.9135802469135802,1.1920928955078125e-07,0.29641035199165344,0.6053423881530762,cfg02_G3_D32,cfg02_G3_D32,2.171714791969862,cuda
validation,1370,833,Warm C,0.0032323726918548346,0.1111111119389534,0.11726852506399155,0.7901234567901234,2.384185791015625e-07,0.3997781276702881,0.5704841017723083,cfg02_G3_D32,cfg02_G3_D32,2.171714791969862,cuda
validation,1373,836,Cold,0.0005773636512458324,0.111111119389534,0.07677865773439407,0.9629629629629629,2.384185791015625e-07,0.0,0.0,cfg02_G3_D32,cfg02_G3_D32,2.171714791969862,cuda
validation,1373,836,Warm A,0.004737894982099533,0.1111111119389534,0.10816365480422974,0.8271604938271605,2.384185791015625e-07,0.2431751787662506,0.5439667701721191,cfg02_G3_D32,cfg02_G3_D32,2.171714791969862,cuda
validation,1373,836,Warm B,0.005808020476251841,0.1111111119389534,0.13375303149223328,0.6666666666666666,1.1920928955078125e-07,0.37820473313331604,0.3281176686286926,cfg02_G3_D32,cfg02_G3_D32,2.171714791969862,cuda
validation,1373,836,Warm C,0.002069326816126704,0.1111110970377922,0.11518819630146027,0.8148148148148148,1.7881393432617188e-07,0.40831318497657776,0.48520907759666443,cfg02_G3_D32,cfg02_G3_D32,2.171714791969862,cuda
validation,1377,840,Cold,0.0015747984871268272,0.1111111119389534,0.08574456721544266,0.9506172839506173,1.7881393432617188e-07,0.0,0.0,cfg02_G3_D32,cfg02_G3_D32,2.171714791969862,cuda
validation,1377,840,Warm A,0.004267043899744749,0.1111111119389534,0.11835458874702454,0.7777777777777778,1.1920928955078125e-07,0.24005825817584991,0.4368545711040497,cfg02_G3_D32,cfg02_G3_D32,2.171714791969862,cuda
validation,1377,840,Warm B,0.008829290047287941,0.1111111119389534,0.14139503240585327,0.654320987654321,1.7881393432617188e-07,0.38832131028175354,0.3818696141242981,cfg02_G3_D32,cfg02_G3_D32,2.171714791969862,cuda
validation,1377,840,Warm C,0.011524727568030357,0.1111111119389534,0.16093797981739044,0.5925925925925926,2.384185791015625e-07,0.48168569803237915,0.2895088195800781,cfg02_G3_D32,cfg02_G3_D32,2.171714791969862,cuda
validation,1379,842,Cold,0.00040779460687190294,0.1111111119389534,0.07475503534078598,0.9629629629629629,1.1920928955078125e-07,0.0,0.0,cfg02_G3_D32,cfg02_G3_D32,2.171714791969862,cuda
validation,1379,842,Warm A,0.004523890092968941,0.1111111119389534,0.10765848308801651,0.8271604938271605,1.1920928955078125e-07,0.23999929428100586,0.6056436896324158,cfg02_G3_D32,cfg02_G3_D32,2.171714791969862,cuda
validation,1379,842,Warm B,0.0005826838896609843,0.1111111119389534,0.08240735530853271,0.9135802469135802,2.980232238769531e-07,0.26133033633232117,0.5100446939468384,cfg02_G3_D32,cfg02_G3_D32,2.171714791969862,cuda
validation,1379,842,Warm C,0.002031421521678567,0.1111111119389534,0.10764686018228531,0.8024691358024691,1.1920928955078125e-07,0.39869412779808044,0.51728355884552,cfg02_G3_D32,cfg02_G3_D32,2.171714791969862,cuda
validation,1394,854,Cold,-0.0006730924942530692,0.1111111119389534,0.0721723884344101,0.9753086419753086,1.7881393432617188e-07,0.0,0.0,cfg02_G3_D32,cfg02_G3_D32,2.171714791969862,cuda
validation,1394,854,Warm A,-0.0014102699933573604,0.1111110970377922,0.06897253543138504,1.0,1.7881393432617188e-07,0.24534131586551666,0.8163142204284668,cfg02_G3_D32,cfg02_G3_D32,2.171714791969862,cuda
validation,1394,854,Warm B,-0.0028199513908475637,0.1111111119389534,0.07695973664522171,0.9629629629629629,2.384185791015625e-07,0.42765283584594727,0.481341689825058,cfg02_G3_D32,cfg02_G3_D32,2.171714791969862,cuda
validation,1394,854,Warm C,-0.0009603037033230066,0.1111111119389534,0.07553206384181976,0.9753086419753086,1.7881393432617188e-07,0.3997138738632202,0.5759068727493286,cfg02_G3_D32,cfg02_G3_D32,2.171714791969862,cuda
validation,1408,864,Cold,-0.0002563861489761621,0.111111119389534,0.07620742172002792,0.9629629629629629,1.1920928955078125e-07,0.0,0.0,cfg02_G3_D32,cfg02_G3_D32,2.171714791969862,cuda
validation,1408,864,Warm A,-0.0016812799731269479,0.1111110970377922,0.0706401839852333,0.9753086419753086,1.1920928955078125e-07,0.2348816692829132,0.5052480101585388,cfg02_G3_D32,cfg02_G3_D32,2.171714791969862,cuda
validation,1408,864,Warm B,-0.0011268515372648835,0.1111111119389534,0.06795166432857513,0.9629629629629629,1.1920928955078125e-07,0.3400600254535675,0.6315397620201111,cfg02_G3_D32,cfg02_G3_D32,2.171714791969862,cuda
validation,1408,864,Warm C,-0.0011663826880976558,0.1111111119389534,0.07528100907802582,0.9753086419753086,2.384185791015625e-07,0.4462795853614807,0.4770277142524719,cfg02_G3_D32,cfg02_G3_D32,2.171714791969862,cuda
validation,1416,869,Cold,-0.000865770794916898,0.111111119389534,0.06140265613794327,1.0,2.384185791015625e-07,0.0,0.0,cfg02_G3_D32,cfg02_G3_D32,2.171714791969862,cuda
validation,1416,869,Warm A,-0.0023297807201743126,0.1111111119389534,0.06099601089954376,1.0,2.384185791015625e-07,0.23152601718902588,0.5885452628135681,cfg02_G3_D32,cfg02_G3_D32,2.171714791969862,cuda
validation,1416,869,Warm B,0.0006276143831200898,0.1111111119389534,0.07600094377994537,0.9629629629629629,1.1920928955078125e-07,0.3633137345314026,0.7056403160095215,cfg02_G3_D32,cfg02_G3_D32,2.171714791969862,cuda
validation,1416,869,Warm C,0.0003361846902407706,0.1111111119389534,0.06616448611021042,1.0,1.1920928955078125e-07,0.46032607555389404,0.7344880700111389,cfg02_G3_D32,cfg02_G3_D32,2.171714791969862,cuda
validation,1488,904,Cold,-0.00039906956953927875,0.1111111119389534,0.07590804249048233,0.9629629629629629,2.384185791015625e-07,0.0,0.0,cfg02_G3_D32,cfg02_G3_D32,2.171714791969862,cuda
validation,1488,904,Warm A,0.0017994513036683202,0.1111111119389534,0.1071067824959755,0.8765432098765432,1.1920928955078125e-07,0.2519383728504181,0.4606305658817291,cfg02_G3_D32,cfg02_G3_D32,2.171714791969862,cuda
validation,1488,904,Warm B,-0.00018702939269132912,0.111111119389534,0.09531600028276443,0.8888888888888888,1.1920928955078125e-07,0.32604873180389404,0.6272140741348267,cfg02_G3_D32,cfg02_G3_D32,2.171714791969862,cuda
validation,1488,904,Warm C,0.000985992606729269,0.1111111119389534,0.10387647897005081,0.8641975308641975,2.384185791015625e-07,0.39893242716789246,0.5784212350845337,cfg02_G3_D32,cfg02_G3_D32,2.171714791969862,cuda
validation,1527,914,Cold,0.0003879593568854034,0.111111119389534,0.07529840618371964,0.9629629629629629,1.1920928955078125e-07,0.0,0.0,cfg02_G3_D32,cfg02_G3_D32,2.171714791969862,cuda
validation,1527,914,Warm A,-0.0023856007028371096,0.1111111119389534,0.06197960674762726,1.0,2.384185791015625e-07,0.24754048883914948,0.5879252552986145,cfg02_G3_D32,cfg02_G3_D32,2.171714791969862,cuda
validation,1527,914,Warm B,-0.003637218615040183,0.111111119389534,0.06891413033008575,0.9629629629629629,2.384185791015625e-07,0.38092315196990967,0.561551034450531,cfg02_G3_D32,cfg02_G3_D32,2.171714791969862,cuda
validation,1527,914,Warm C,-0.002348106587305665,0.1111111119389534,0.06448768079280853,0.9753086419753086,2.384185791015625e-07,0.3051002025604248,0.6977166533470154,cfg02_G3_D32,cfg02_G3_D32,2.171714791969862,cuda
validation,1537,916,Cold,-0.0007570284069515765,0.1111111119389534,0.06648361682891846,0.9876543209876543,1.1920928955078125e-07,0.0,0.0,cfg02_G3_D32,cfg02_G3_D32,2.171714791969862,cuda
validation,1537,916,Warm A,-0.0029276786372065544,0.1111111119389534,0.07193788141012192,1.0,2.384185791015625e-07,0.24024994671344757,0.5837174654006958,cfg02_G3_D32,cfg02_G3_D32,2.171714791969862,cuda
validation,1537,916,Warm B,-0.00495890760794282,0.1111111119389534,0.08019117265939713,0.9629629629629629,1.7881393432617188e-07,0.39898332953453064,0.4593620300292969,cfg02_G3_D32,cfg02_G3_D32,2.171714791969862,cuda
validation,1537,916,Warm C,-0.005879924166947603,0.1111111119389534,0.0895945280790329,0.9135802469135802,2.384185791015625e-07,0.5631046891212463,0.30173346400260925,cfg02_G3_D32,cfg02_G3_D32,2.171714791969862,cuda
validation,1541,917,Cold,-0.0006222844240255654,0.1111111119389534,0.06790018826723099,0.9876543209876543,1.7881393432617188e-07,0.0,0.0,cfg02_G3_D32,cfg02_G3_D32,2.171714791969862,cuda
validation,1541,917,Warm A,0.001153574325144291,0.111111119389534,0.09661528468132019,0.8765432098765432,2.384185791015625e-07,0.2338353991508484,0.5758118033409119,cfg02_G3_D32,cfg02_G3_D32,2.171714791969862,cuda
validation,1541,917,Warm B,0.0028287002351135015,0.1111111119389534,0.12300511449575424,0.7407407407407407,2.384185791015625e-07,0.40155425667762756,0.49891072511672974,cfg02_G3_D32,cfg02_G3_D32,2.171714791969862,cuda
validation,1541,917,Warm C,-0.00032340481993742287,0.1111111119389534,0.09438150376081467,0.8395061728395061,1.1920928955078125e-07,0.477256178855896,0.5068707466125488,cfg02_G3_D32,cfg02_G3_D32,2.171714791969862,cuda
validation,1566,926,Cold,0.00011711533443303779,0.111111119389534,0.06846392899751663,0.9753086419753086,2.384185791015625e-07,0.0,0.0,cfg02_G3_D32,cfg02_G3_D32,2.171714791969862,cuda
validation,1566,926,Warm A,-0.0032294546253979206,0.1111111119389534,0.05992203578352928,1.0,2.384185791015625e-07,0.23033978044986725,0.6126308441162109,cfg02_G3_D32,cfg02_G3_D32,2.171714791969862,cuda
validation,1566,926,Warm B,-0.0006667118868790567,0.1111111119389534,0.06568283587694168,0.9506172839506173,1.1920928955078125e-07,0.3047291040420532,0.7079089283943176,cfg02_G3_D32,cfg02_G3_D32,2.171714791969862,cuda
validation,1566,926,Warm C,-0.0031837939750403166,0.1111111119389534,0.062046118080616,1.0,1.1920928955078125e-07,0.39528509974479675,0.6147767305374146,cfg02_G3_D32,cfg02_G3_D32,2.171714791969862,cuda
validation,1573,928,Cold,0.00038036599289625883,0.1111110970377922,0.07817599922418594,0.9629629629629629,2.384185791015625e-07,0.0,0.0,cfg02_G3_D32,cfg02_G3_D32,2.171714791969862,cuda
validation,1573,928,Warm A,-0.0021190301049500704,0.1111111119389534,0.07621026784181595,0.9629629629629629,1.1920928955078125e-07,0.24884478747844696,0.5490062832832336,cfg02_G3_D32,cfg02_G3_D32,2.171714791969862,cuda
validation,1573,928,Warm B,-0.0014538971008732915,0.1111111119389534,0.08530625700950623,0.8888888888888888,1.1920928955078125e-07,0.4190945625305176,0.5003810524940491,cfg02_G3_D32,cfg02_G3_D32,2.171714791969862,cuda
validation,1573,928,Warm C,0.0019010022515431046,0.1111111119389534,0.11118707060813904,0.7901234567901234,2.384185791015625e-07,0.3491551876068115,0.656428337097168,cfg02_G3_D32,cfg02_G3_D32,2.171714791969862,cuda
validation,1584,930,Cold,-0.0008987283799797297,0.1111111119389534,0.06297735869884491,1.0,1.1920928955078125e-07,0.0,0.0,cfg02_G3_D32,cfg02_G3_D32,2.171714791969862,cuda
validation,1584,930,Warm A,-0.00169283093418926,0.1111110970377922,0.06142672151327133,1.0,1.7881393432617188e-07,0.23571892082691193,0.7308873534202576,cfg02_G3_D32,cfg02_G3_D32,2.171714791969862,cuda
validation,1584,930,Warm B,-0.0010893043363466859,0.1111111119389534,0.06508053094148636,1.0,3.5762786865234375e-07,0.3061283826828003,0.6199078559875488,cfg02_G3_D32,cfg02_G3_D32,2.171714791969862,cuda
validation,1584,930,Warm C,-0.0034615411423146725,0.1111111119389534,0.0677553340792656,1.0,1.7881393432617188e-07,0.4222658574581146,0.45030537247657776,cfg02_G3_D32,cfg02_G3_D32,2.171714791969862,cuda
validation,1590,935,Cold,0.00029374906443990767,0.11111113429069519,0.07565266638994217,0.9629629629629629,1.1920928955078125e-07,0.0,0.0,cfg02_G3_D32,cfg02_G3_D32,2.171714791969862,cuda
validation,1590,935,Warm A,0.005511146038770676,0.1111111119389534,0.10500916093587875,0.8518518518518519,2.384185791015625e-07,0.23123665153980255,0.5181967616081238,cfg02_G3_D32,cfg02_G3_D32,2.171714791969862,cuda
validation,1590,935,Warm B,0.007032515946775675,0.111111119389534,0.13062700629234314,0.6666666666666666,1.1920928955078125e-07,0.40510934591293335,0.49089932441711426,cfg02_G3_D32,cfg02_G3_D32,2.171714791969862,cuda
validation,1590,935,Warm C,0.008361393585801125,0.1111111119389534,0.12970280647277832,0.6790123456790124,1.1920928955078125e-07,0.574836790561676,0.5092025399208069,cfg02_G3_D32,cfg02_G3_D32,2.171714791969862,cuda
validation,1594,939,Cold,-0.001689984812401235,0.1111111119389534,0.06507387012243271,0.9876543209876543,1.1920928955078125e-07,0.0,0.0,cfg02_G3_D32,cfg02_G3_D32,2.171714791969862,cuda
validation,1594,939,Warm A,-0.003522118553519249,0.111111119389534,0.06741101294755936,1.0,2.384185791015625e-07,0.23781967163085938,0.7192871570587158,cfg02_G3_D32,cfg02_G3_D32,2.171714791969862,cuda
validation,1594,939,Warm B,-0.0025225423742085695,0.1111111119389534,0.07074836641550064,0.9629629629629629,2.980232238769531e-07,0.35394302010536194,0.6502545475959778,cfg02_G3_D32,cfg02_G3_D32,2.171714791969862,cuda
validation,1594,939,Warm C,-0.005181486252695322,0.1111110970377922,0.0783105120062828,0.9753086419753086,2.384185791015625e-07,0.5037270188331604,0.6121744513511658,cfg02_G3_D32,cfg02_G3_D32,2.171714791969862,cuda
validation,1627,963,Cold,0.00017522912821732461,0.1111111119389534,0.07586769759654999,0.9629629629629629,1.1920928955078125e-07,0.0,0.0,cfg02_G3_D32,cfg02_G3_D32,2.171714791969862,cuda
validation,1627,963,Warm A,0.0024043843150138855,0.1111111119389534,0.10069490224123001,0.8888888888888888,2.384185791015625e-07,0.22116650640964508,0.6490641832351685,cfg02_G3_D32,cfg02_G3_D32,2.171714791969862,cuda
validation,1627,963,Warm B,-0.00014056990039534867,0.1111111119389534,0.071771539747715,0.9012345679012346,2.384185791015625e-07,0.26824700832366943,0.5940543413162231,cfg02_G3_D32,cfg02_G3_D32,2.171714791969862,cuda
validation,1627,963,Warm C,-0.0014994132798165083,0.111111119389534,0.06487312912940979,0.9135802469135802,1.1920928955078125e-07,0.4080199897289276,0.6990596652030945,cfg02_G3_D32,cfg02_G3_D32,2.171714791969862,cuda
validation,1644,972,Cold,0.0018832952482625842,0.1111111119389534,0.08528260141611099,0.9506172839506173,1.1920928955078125e-07,0.0,0.0,cfg02_G3_D32,cfg02_G3_D32,2.171714791969862,cuda
validation,1644,972,Warm A,0.0047842334024608135,0.1111111119389534,0.10964102298021317,0.8148148148148148,2.384185791015625e-07,0.23063071072101593,0.5610710382461548,cfg02_G3_D32,cfg02_G3_D32,2.171714791969862,cuda
validation,1644,972,Warm B,0.00795465987175703,0.1111111119389534,0.13908594846725464,0.6790123456790124,2.384185791015625e-07,0.2615714967250824,0.4247579574584961,cfg02_G3_D32,cfg02_G3_D32,2.171714791969862,cuda
validation,1644,972,Warm C,0.00892909336835146,0.1111111119389534,0.15318794548511505,0.5925925925925926,2.384185791015625e-07,0.38858193159103394,0.2692435085773468,cfg02_G3_D32,cfg02_G3_D32,2.171714791969862,cuda
validation,1672,987,Cold,-0.0016174978809431195,0.1111111119389534,0.06609883159399033,0.9876543209876543,2.384185791015625e-07,0.0,0.0,cfg02_G3_D32,cfg02_G3_D32,2.171714791969862,cuda
validation,1672,987,Warm A,-0.0009720436064526439,0.111111119389534,0.09017250686883926,0.8888888888888888,1.1920928955078125e-07,0.24610881507396698,0.6265305876731873,cfg02_G3_D32,cfg02_G3_D32,2.171714791969862,cuda
validation,1672,987,Warm B,-0.0013779153814539313,0.111111119389534,0.07705068588256836,0.9629629629629629,1.1920928955078125e-07,0.3175402879714966,0.6675761342048645,cfg02_G3_D32,cfg02_G3_D32,2.171714791969862,cuda
validation,1672,987,Warm C,-0.0020576422102749348,0.111111119389534,0.07488948851823807,0.9506172839506173,1.1920928955078125e-07,0.4778800308704376,0.6172633767127991,cfg02_G3_D32,cfg02_G3_D32,2.171714791969862,cuda
validation,1701,1004,Cold,-0.0009424527524970472,0.1111110970377922,0.06661812216043472,0.9876543209876543,1.1920928955078125e-07,0.0,0.0,cfg02_G3_D32,cfg02_G3_D32,2.171714791969862,cuda
validation,1701,1004,Warm A,-0.002794198226183653,0.1111111119389534,0.06602583080530167,1.0,1.1920928955078125e-07,0.22753338515758514,0.5576934814453125,cfg02_G3_D32,cfg02_G3_D32,2.171714791969862,cuda
validation,1701,1004,Warm B,-0.0007462305366061628,0.1111111119389534,0.06529562920331955,0.9876543209876543,2.384185791015625e-07,0.30224916338920593,0.6735344529151917,cfg02_G3_D32,cfg02_G3_D32,2.171714791969862,cuda
validation,1701,1004,Warm C,0.0008291253470815718,0.1111111119389534,0.0666247308254242,0.9506172839506173,1.1920928955078125e-07,0.3599966764450073,0.5803313255310059,cfg02_G3_D32,cfg02_G3_D32,2.171714791969862,cuda
validation,1769,1034,Cold,0.00043896655552089214,0.1111111119389534,0.0838407427072525,0.9259259259259259,2.384185791015625e-07,0.0,0.0,cfg02_G3_D32,cfg02_G3_D32,2.171714791969862,cuda
validation,1769,1034,Warm A,0.003462024964392185,0.111111119389534,0.10561397671699524,0.8518518518518519,1.1920928955078125e-07,0.22940321266651154,0.6049209237098694,cfg02_G3_D32,cfg02_G3_D32,2.171714791969862,cuda
validation,1769,1034,Warm B,0.00709344120696187,0.1111110970377922,0.12051546573638916,0.7777777777777778,1.1920928955078125e-07,0.30827388167381287,0.5513945817947388,cfg02_G3_D32,cfg02_G3_D32,2.171714791969862,cuda
validation,1769,1034,Warm C,0.003710744669660926,0.1111110970377922,0.10019839555025101,0.8765432098765432,2.384185791015625e-07,0.42585551738739014,0.5949097871780396,cfg02_G3_D32,cfg02_G3_D32,2.171714791969862,cuda
validation,1772,1035,Cold,-0.0008675022982060909,0.1111110970377922,0.06606651097536087,0.9876543209876543,2.384185791015625e-07,0.0,0.0,cfg02_G3_D32,cfg02_G3_D32,2.171714791969862,cuda
validation,1772,1035,Warm A,0.0013424605131149292,0.1111111119389534,0.09362728148698807,0.8888888888888888,2.384185791015625e-07,0.24277803301811218,0.5566545724868774,cfg02_G3_D32,cfg02_G3_D32,2.171714791969862,cuda
validation,1772,1035,Warm B,0.0027920296415686607,0.1111111119389534,0.11811881512403488,0.7407407407407407,1.1920928955078125e-07,0.3881933093070984,0.5179061889648438,cfg02_G3_D32,cfg02_G3_D32,2.171714791969862,cuda
validation,1772,1035,Warm C,0.0019801114685833454,0.1111111119389534,0.11442326009273529,0.7530864197530864,2.384185791015625e-07,0.3698814809322357,0.5935508012771606,cfg02_G3_D32,cfg02_G3_D32,2.171714791969862,cuda
validation,1777,1036,Cold,-0.0009721026290208101,0.1111111119389534,0.06707897037267685,0.9876543209876543,2.384185791015625e-07,0.0,0.0,cfg02_G3_D32,cfg02_G3_D32,2.171714791969862,cuda
validation,1777,1036,Warm A,-0.002307332819327712,0.1111110970377922,0.06854192167520523,1.0,2.384185791015625e-07,0.22319050133228302,0.6303357481956482,cfg02_G3_D32,cfg02_G3_D32,2.171714791969862,cuda
validation,1777,1036,Warm B,-0.00013759051216766238,0.1111111119389534,0.06732478737831116,0.9876543209876543,1.1920928955078125e-07,0.2758103609085083,0.6691862344741821,cfg02_G3_D32,cfg02_G3_D32,2.171714791969862,cuda
validation,1777,1036,Warm C,-0.00020747682719957083,0.111111119389534,0.07039821892976761,0.9753086419753086,2.384185791015625e-07,0.27605462074279785,0.46492692828178406,cfg02_G3_D32,cfg02_G3_D32,2.171714791969862,cuda
validation,1783,1038,Cold,-0.0006574763683602214,0.1111111119389534,0.07307415455579758,0.9629629629629629,1.1920928955078125e-07,0.0,0.0,cfg02_G3_D32,cfg02_G3_D32,2.171714791969862,cuda
validation,1783,1038,Warm A,0.0008435046765953302,0.1111110970377922,0.10096941143274307,0.9135802469135802,2.384185791015625e-07,0.23619873821735382,0.4816935956478119,cfg02_G3_D32,cfg02_G3_D32,2.171714791969862,cuda
validation,1783,1038,Warm B,8.634330879431218e-05,0.1111111119389534,0.1017218753695488,0.9135802469135802,1.1920928955078125e-07,0.3923999071121216,0.49185559153556824,cfg02_G3_D32,cfg02_G3_D32,2.171714791969862,cuda
validation,1783,1038,Warm C,-0.0030798132065683603,0.1111111119389534,0.07916117459535599,0.9382716049382716,1.1920928955078125e-07,0.4768521189689636,0.5576483607292175,cfg02_G3_D32,cfg02_G3_D32,2.171714791969862,cuda
validation,1799,1045,Cold,-0.0014891091268509626,0.1111111119389534,0.06702081859111786,0.9876543209876543,1.7881393432617188e-07,0.0,0.0,cfg02_G3_D32,cfg02_G3_D32,2.171714791969862,cuda
validation,1799,1045,Warm A,0.0013110858853906393,0.1111111119389534,0.07629433274269104,0.9506172839506173,2.384185791015625e-07,0.20728859305381775,0.6643238663673401,cfg02_G3_D32,cfg02_G3_D32,2.171714791969862,cuda
validation,1799,1045,Warm B,9.19626108952798e-05,0.1111111119389534,0.06525683403015137,0.9876543209876543,2.384185791015625e-07,0.2811819612979889,0.6091017127037048,cfg02_G3_D32,cfg02_G3_D32,2.171714791969862,cuda
validation,1799,1045,Warm C,0.0015013068914413452,0.1111111119389534,0.06966965645551682,0.9753086419753086,2.384185791015625e-07,0.3685053586959839,0.7608105540275574,cfg02_G3_D32,cfg02_G3_D32,2.171714791969862,cuda
validation,1834,1057,Cold,-0.0008407977293245494,0.1111111119389534,0.07485415786504745,0.9629629629629629,2.384185791015625e-07,0.0,0.0,cfg02_G3_D32,cfg02_G3_D32,2.171714791969862,cuda
validation,1834,1057,Warm A,-0.0004100781225133687,0.1111111119389534,0.07336162775754929,0.9876543209876543,2.384185791015625e-07,0.2458513230085373,0.7082465291023254,cfg02_G3_D32,cfg02_G3_D32,2.171714791969862,cuda
validation,1834,1057,Warm B,-0.0020547243766486645,0.1111110970377922,0.07712049782276154,0.9876543209876543,2.384185791015625e-07,0.34739619493484497,0.6198181509971619,cfg02_G3_D32,cfg02_G3_D32,2.171714791969862,cuda
validation,1834,1057,Warm C,7.954185093694832e-06,0.1111111119389534,0.07581616938114166,0.9876543209876543,2.384185791015625e-07,0.458355188369751,0.43919989466667175,cfg02_G3_D32,cfg02_G3_D32,2.171714791969862,cuda
validation,1894,1083,Cold,-0.00019636143406387419,0.1111111119389534,0.07118303328752518,0.9753086419753086,1.1920928955078125e-07,0.0,0.0,cfg02_G3_D32,cfg02_G3_D32,2.171714791969862,cuda
validation,1894,1083,Warm A,0.0029705038759857416,0.1111111119389534,0.09900754690170288,0.8888888888888888,2.384185791015625e-07,0.24489231407642365,0.6131939888000488,cfg02_G3_D32,cfg02_G3_D32,2.171714791969862,cuda
validation,1894,1083,Warm B,0.006897309795022011,0.1111111119389534,0.1252826452255249,0.7160493827160493,2.384185791015625e-07,0.33026406168937683,0.33462271094322205,cfg02_G3_D32,cfg02_G3_D32,2.171714791969862,cuda
validation,1894,1083,Warm C,0.006884279660880566,0.1111111119389534,0.12247896194458008,0.7283950617283951,1.7881393432617188e-07,0.4013972282409668,0.45490097999572754,cfg02_G3_D32,cfg02_G3_D32,2.171714791969862,cuda
validation,1907,1088,Cold,-0.00026838123449124396,0.1111111119389534,0.0663183256983757,0.9753086419753086,1.1920928955078125e-07,0.0,0.0,cfg02_G3_D32,cfg02_G3_D32,2.171714791969862,cuda
validation,1907,1088,Warm A,-0.001061205635778606,0.1111110970377922,0.06219378858804703,1.0,1.7881393432617188e-07,0.22317290306091309,0.6344302296638489,cfg02_G3_D32,cfg02_G3_D32,2.171714791969862,cuda
validation,1907,1088,Warm B,0.001081986352801323,0.1111110970377922,0.06260035187005997,1.0,1.7881393432617188e-07,0.33471429347991943,0.7206808924674988,cfg02_G3_D32,cfg02_G3_D32,2.171714791969862,cuda
validation,1907,1088,Warm C,-0.0003489827213343233,0.1111111119389534,0.06784792989492416,0.9753086419753086,1.7881393432617188e-07,0.43074747920036316,0.5756130218505859,cfg02_G3_D32,cfg02_G3_D32,2.171714791969862,cuda
validation,1918,1096,Cold,-5.876714567421004e-06,0.111111119389534,0.07483604550361633,0.9629629629629629,2.384185791015625e-07,0.0,0.0,cfg02_G3_D32,cfg02_G3_D32,2.171714791969862,cuda
validation,1918,1096,Warm A,0.0014112084172666073,0.1111110970377922,0.10029882937669754,0.8641975308641975,1.1920928955078125e-07,0.2272941768169403,0.42954832315444946,cfg02_G3_D32,cfg02_G3_D32,2.171714791969862,cuda
validation,1918,1096,Warm B,-0.0018055867403745651,0.1111111119389534,0.0753396674990654,0.9629629629629629,2.980232238769531e-07,0.22636452317237854,0.6950587034225464,cfg02_G3_D32,cfg02_G3_D32,2.171714791969862,cuda
validation,1918,1096,Warm C,-0.0026450855657458305,0.1111111119389534,0.07176709920167923,0.9629629629629629,2.384185791015625e-07,0.3245696425437927,0.6141687631607056,cfg02_G3_D32,cfg02_G3_D32,2.171714791969862,cuda
validation,1945,1116,Cold,-0.0033598055597394705,0.1111111119389534,0.17058442533016205,0.6419753086419753,1.1920928955078125e-07,0.0,0.0,cfg02_G3_D32,cfg02_G3_D32,2.171714791969862,cuda
validation,1945,1116,Warm A,-0.004230639897286892,0.111111119389534,0.16822920739650726,0.6790123456790124,2.384185791015625e-07,0.23335705697536469,0.5121533274650574,cfg02_G3_D32,cfg02_G3_D32,2.171714791969862,cuda
validation,1945,1116,Warm B,-0.007842049933969975,0.1111111119389534,0.16470450162887573,0.6666666666666666,1.7881393432617188e-07,0.3516548275947571,0.4120890200138092,cfg02_G3_D32,cfg02_G3_D32,2.171714791969862,cuda
validation,1945,1116,Warm C,-0.007129762787371874,0.1111111119389534,0.17007680237293243,0.6790123456790124,1.7881393432617188e-07,0.4036909341812134,0.28578922152519226,cfg02_G3_D32,cfg02_G3_D32,2.171714791969862,cuda
validation,1956,1127,Cold,-0.0014552826760336757,0.1111111119389534,0.09358755499124527,0.9382716049382716,3.5762786865234375e-07,0.0,0.0,cfg02_G3_D32,cfg02_G3_D32,2.171714791969862,cuda
validation,1956,1127,Warm A,-0.0017139008268713951,0.1111111119389534,0.09835553914308548,0.9753086419753086,2.384185791015625e-07,0.23693779110908508,0.5324103832244873,cfg02_G3_D32,cfg02_G3_D32,2.171714791969862,cuda
validation,1956,1127,Warm B,-0.0039899880066514015,0.1111111119389534,0.08843325823545456,0.9506172839506173,2.384185791015625e-07,0.3042513430118561,0.6194979548454285,cfg02_G3_D32,cfg02_G3_D32,2.171714791969862,cuda
validation,1956,1127,Warm C,-0.002095783594995737,0.111111119389534,0.09011813253164291,0.9629629629629629,2.384185791015625e-07,0.4182606637477875,0.6096257567405701,cfg02_G3_D32,cfg02_G3_D32,2.171714791969862,cuda
validation,1961,1132,Cold,-0.0009719773661345243,0.1111111119389534,0.07823967933654785,0.9629629629629629,2.384185791015625e-07,0.0,0.0,cfg02_G3_D32,cfg02_G3_D32,2.171714791969862,cuda
validation,1961,1132,Warm A,-0.003195039229467511,0.111111119389534,0.06893285363912582,1.0,2.384185791015625e-07,0.24226512014865875,0.4798678457736969,cfg02_G3_D32,cfg02_G3_D32,2.171714791969862,cuda
validation,1961,1132,Warm B,-0.003734322963282466,0.111111119389534,0.06944692134857178,1.0,2.384185791015625e-07,0.26974251866340637,0.4165217876434326,cfg02_G3_D32,cfg02_G3_D32,2.171714791969862,cuda
validation,1961,1132,Warm C,-0.0027863821014761925,0.111111119389534,0.07012225687503815,1.0,2.384185791015625e-07,0.4114954471588135,0.5129632353782654,cfg02_G3_D32,cfg02_G3_D32,2.171714791969862,cuda
validation,1963,1134,Cold,-0.0020785268861800432,0.1111111119389534,0.12147466838359833,0.8765432098765432,2.384185791015625e-07,0.0,0.0,cfg02_G3_D32,cfg02_G3_D32,2.171714791969862,cuda
validation,1963,1134,Warm A,-0.005371816921979189,0.1111110970377922,0.1178552433848381,0.9012345679012346,2.980232238769531e-07,0.22342176735401154,0.43594905734062195,cfg02_G3_D32,cfg02_G3_D32,2.171714791969862,cuda
validation,1963,1134,Warm B,-0.006540742702782154,0.1111111119389534,0.1229054182767868,0.8765432098765432,2.384185791015625e-07,0.3289252817630768,0.43183431029319763,cfg02_G3_D32,cfg02_G3_D32,2.171714791969862,cuda
validation,1963,1134,Warm C,-0.009667671285569668,0.111111119389534,0.123992420732975,0.8765432098765432,2.384185791015625e-07,0.47776636481285095,0.3185015320777893,cfg02_G3_D32,cfg02_G3_D32,2.171714791969862,cuda
validation,2006,1173,Cold,0.00046060813474468887,0.1111111119389534,0.07946207374334335,0.9506172839506173,1.1920928955078125e-07,0.0,0.0,cfg02_G3_D32,cfg02_G3_D32,2.171714791969862,cuda
validation,2006,1173,Warm A,5.528013571165502e-05,0.111111119389534,0.06805370002985,0.9876543209876543,2.384185791015625e-07,0.23379774391651154,0.6929001808166504,cfg02_G3_D32,cfg02_G3_D32,2.171714791969862,cuda
validation,2006,1173,Warm B,0.0027491594664752483,0.1111111119389534,0.08039744198322296,0.9506172839506173,2.384185791015625e-07,0.3458489775657654,0.6474441885948181,cfg02_G3_D32,cfg02_G3_D32,2.171714791969862,cuda
validation,2006,1173,Warm C,0.00399427954107523,0.1111111119389534,0.08130736649036407,0.9629629629629629,1.7881393432617188e-07,0.4488275945186615,0.5918662548065186,cfg02_G3_D32,cfg02_G3_D32,2.171714791969862,cuda
validation,2013,1179,Cold,-0.000463431584648788,0.111111119389534,0.11450439691543579,0.9012345679012346,1.1920928955078125e-07,0.0,0.0,cfg02_G3_D32,cfg02_G3_D32,2.171714791969862,cuda
validation,2013,1179,Warm A,0.003661037189885974,0.1111111119389534,0.12634408473968506,0.7901234567901234,1.7881393432617188e-07,0.2332751303911209,0.6710006594657898,cfg02_G3_D32,cfg02_G3_D32,2.171714791969862,cuda
validation,2013,1179,Warm B,0.00161070900503546,0.1111111119389534,0.11741110682487488,0.8641975308641975,1.1920928955078125e-07,0.375863641500473,0.6754399538040161,cfg02_G3_D32,cfg02_G3_D32,2.171714791969862,cuda
validation,2013,1179,Warm C,0.0021342094987630844,0.1111110970377922,0.11440041661262512,0.8765432098765432,3.5762786865234375e-07,0.48025065660476685,0.7201463580131531,cfg02_G3_D32,cfg02_G3_D32,2.171714791969862,cuda
validation,2021,1187,Cold,0.00023821998911444098,0.1111110970377922,0.06765717267990112,0.9876543209876543,1.1920928955078125e-07,0.0,0.0,cfg02_G3_D32,cfg02_G3_D32,2.171714791969862,cuda
validation,2021,1187,Warm A,-0.00028194361948408186,0.1111111119389534,0.06729087978601456,0.9753086419753086,1.7881393432617188e-07,0.22328776121139526,0.562807559967041,cfg02_G3_D32,cfg02_G3_D32,2.171714791969862,cuda
validation,2021,1187,Warm B,-0.0012849499471485615,0.1111111119389534,0.06510483473539352,0.9876543209876543,1.1920928955078125e-07,0.35887956619262695,0.5482860803604126,cfg02_G3_D32,cfg02_G3_D32,2.171714791969862,cuda
validation,2021,1187,Warm C,-0.002424193313345313,0.1111110970377922,0.07153403013944626,0.9753086419753086,2.384185791015625e-07,0.463379442691803,0.5691860914230347,cfg02_G3_D32,cfg02_G3_D32,2.171714791969862,cuda
validation,2054,1209,Cold,0.0010252154897898436,0.1111111119389534,0.07330574840307236,0.9629629629629629,1.1920928955078125e-07,0.0,0.0,cfg02_G3_D32,cfg02_G3_D32,2.171714791969862,cuda
validation,2054,1209,Warm A,0.004540867637842894,0.1111111119389534,0.10486140847206116,0.8518518518518519,2.384185791015625e-07,0.23818466067314148,0.41597500443458557,cfg02_G3_D32,cfg02_G3_D32,2.171714791969862,cuda
validation,2054,1209,Warm B,0.0055014449171721935,0.1111111119389534,0.11739561706781387,0.8148148148148148,1.1920928955078125e-07,0.27238014340400696,0.48554491996765137,cfg02_G3_D32,cfg02_G3_D32,2.171714791969862,cuda
validation,2054,1209,Warm C,0.005821397993713617,0.1111111119389534,0.14155802130699158,0.6172839506172839,2.980232238769531e-07,0.4437643885612488,0.3057364821434021,cfg02_G3_D32,cfg02_G3_D32,2.171714791969862,cuda
validation,2078,1228,Cold,-0.0014689037343487144,0.111111119389534,0.1270444393157959,0.8641975308641975,2.384185791015625e-07,0.0,0.0,cfg02_G3_D32,cfg02_G3_D32,2.171714791969862,cuda
validation,2078,1228,Warm A,-0.0045377472415566444,0.1111111119389534,0.12531527876853943,0.8641975308641975,1.1920928955078125e-07,0.21910297870635986,0.5855737924575806,cfg02_G3_D32,cfg02_G3_D32,2.171714791969862,cuda
validation,2078,1228,Warm B,-0.0030100084841251373,0.1111110970377922,0.12439977377653122,0.8641975308641975,3.5762786865234375e-07,0.3048119843006134,0.6760548949241638,cfg02_G3_D32,cfg02_G3_D32,2.171714791969862,cuda
validation,2078,1228,Warm C,-0.0003323187120258808,0.111111119389534,0.12768791615962982,0.7654320987654321,2.384185791015625e-07,0.3594178259372711,0.7608364820480347,cfg02_G3_D32,cfg02_G3_D32,2.171714791969862,cuda
validation,2081,1230,Cold,-0.0006564009236171842,0.111111119389534,0.06680098921060562,0.9876543209876543,2.384185791015625e-07,0.0,0.0,cfg02_G3_D32,cfg02_G3_D32,2.171714791969862,cuda
validation,2081,1230,Warm A,-0.0009386549354530871,0.1111110970377922,0.06386753916740417,1.0,2.384185791015625e-07,0.2392423003911972,0.5742870569229126,cfg02_G3_D32,cfg02_G3_D32,2.171714791969862,cuda
validation,2081,1230,Warm B,-0.002503655618056655,0.111111119389534,0.07130195945501328,0.9753086419753086,2.384185791015625e-07,0.3004803955554962,0.3372260630130768,cfg02_G3_D32,cfg02_G3_D32,2.171714791969862,cuda
validation,2081,1230,Warm C,-0.0004131267487537116,0.1111111119389534,0.06697826832532883,0.9753086419753086,1.1920928955078125e-07,0.383515864610672,0.4897000789642334,cfg02_G3_D32,cfg02_G3_D32,2.171714791969862,cuda
validation,2087,1235,Cold,-0.0020508193410933018,0.1111111119389534,0.16302648186683655,0.6666666666666666,1.1920928955078125e-07,0.0,0.0,cfg02_G3_D32,cfg02_G3_D32,2.171714791969862,cuda
validation,2087,1235,Warm A,-0.0013413216220214963,0.1111111119389534,0.16313442587852478,0.654320987654321,1.1920928955078125e-07,0.24180641770362854,0.6850326657295227,cfg02_G3_D32,cfg02_G3_D32,2.171714791969862,cuda
validation,2087,1235,Warm B,-0.0023320713080465794,0.111111119389534,0.16218183934688568,0.6296296296296297,1.1920928955078125e-07,0.32075241208076477,0.5671440958976746,cfg02_G3_D32,cfg02_G3_D32,2.171714791969862,cuda
validation,2087,1235,Warm C,-0.0036245216615498066,0.1111111119389534,0.15650823712348938,0.6790123456790124,2.384185791015625e-07,0.36455169320106506,0.6286371946334839,cfg02_G3_D32,cfg02_G3_D32,2.171714791969862,cuda
validation,2112,1257,Cold,-0.0019941413775086403,0.1111110970377922,0.06954935193061829,0.9876543209876543,1.7881393432617188e-07,0.0,0.0,cfg02_G3_D32,cfg02_G3_D32,2.171714791969862,cuda
validation,2112,1257,Warm A,0.00017336806922685355,0.1111111119389534,0.08386454731225967,0.9382716049382716,1.1920928955078125e-07,0.240081787109375,0.5625453591346741,cfg02_G3_D32,cfg02_G3_D32,2.171714791969862,cuda
validation,2112,1257,Warm B,0.00355799263343215,0.1111110970377922,0.11759205162525177,0.7901234567901234,1.1920928955078125e-07,0.42487189173698425,0.5251443982124329,cfg02_G3_D32,cfg02_G3_D32,2.171714791969862,cuda
validation,2112,1257,Warm C,-0.0002445738355163485,0.1111111119389534,0.0896858274936676,0.9135802469135802,2.384185791015625e-07,0.3967190980911255,0.5553063750267029,cfg02_G3_D32,cfg02_G3_D32,2.171714791969862,cuda
validation,2120,1265,Cold,-0.0005177630810067058,0.1111111119389534,0.05798663571476936,1.0,2.384185791015625e-07,0.0,0.0,cfg02_G3_D32,cfg02_G3_D32,2.171714791969862,cuda
validation,2120,1265,Warm A,0.0008123876759782434,0.1111111119389534,0.08913945406675339,0.9382716049382716,1.7881393432617188e-07,0.24328109622001648,0.483910471200943,cfg02_G3_D32,cfg02_G3_D32,2.171714791969862,cuda
validation,2120,1265,Warm B,-0.0009817576501518488,0.1111111119389534,0.09315028786659241,0.9629629629629629,2.384185791015625e-07,0.3783093988895416,0.5479761362075806,cfg02_G3_D32,cfg02_G3_D32,2.171714791969862,cuda
validation,2120,1265,Warm C,0.001832797541283071,0.111111119389534,0.11235053092241287,0.8518518518518519,2.384185791015625e-07,0.4365087151527405,0.4832994043827057,cfg02_G3_D32,cfg02_G3_D32,2.171714791969862,cuda
validation,2130,1272,Cold,-0.0017861328087747097,0.1111110970377922,0.09320351481437683,0.9382716049382716,2.384185791015625e-07,0.0,0.0,cfg02_G3_D32,cfg02_G3_D32,2.171714791969862,cuda
validation,2130,1272,Warm A,-0.005266327410936356,0.1111110970377922,0.0918312594294548,0.9876543209876543,2.384185791015625e-07,0.241843581199646,0.5505480170249939,cfg02_G3_D32,cfg02_G3_D32,2.171714791969862,cuda
validation,2130,1272,Warm B,-0.009471476078033447,0.1111110970377922,0.08911936730146408,0.9629629629629629,2.980232238769531e-07,0.4261987805366516,0.3778172433376312,cfg02_G3_D32,cfg02_G3_D32,2.171714791969862,cuda
validation,2130,1272,Warm C,-0.008101003244519234,0.1111111119389534,0.09616461396217346,0.9506172839506173,2.384185791015625e-07,0.36288464069366455,0.5152929425239563,cfg02_G3_D32,cfg02_G3_D32,2.171714791969862,cuda
validation,2138,1279,Cold,-0.0007752038654871285,0.1111111119389534,0.09082715958356857,0.9382716049382716,2.384185791015625e-07,0.0,0.0,cfg02_G3_D32,cfg02_G3_D32,2.171714791969862,cuda
validation,2138,1279,Warm A,-0.004666243679821491,0.111111119389534,0.08663571625947952,1.0,1.1920928955078125e-07,0.23350174725055695,0.4001061022281647,cfg02_G3_D32,cfg02_G3_D32,2.171714791969862,cuda
validation,2138,1279,Warm B,-0.002629318041726947,0.1111111119389534,0.08893837779760361,0.9876543209876543,2.384185791015625e-07,0.261407732963562,0.6536356806755066,cfg02_G3_D32,cfg02_G3_D32,2.171714791969862,cuda
validation,2138,1279,Warm C,-0.005455170292407274,0.1111110970377922,0.08596314489841461,1.0,2.384185791015625e-07,0.427761048078537,0.5628584027290344,cfg02_G3_D32,cfg02_G3_D32,2.171714791969862,cuda
validation,2145,1286,Cold,-0.0012626334792003036,0.1111110970377922,0.07353344559669495,0.9753086419753086,1.7881393432617188e-07,0.0,0.0,cfg02_G3_D32,cfg02_G3_D32,2.171714791969862,cuda
validation,2145,1286,Warm A,0.0010833536507561803,0.111111119389534,0.09467796236276627,0.9135802469135802,1.7881393432617188e-07,0.251813679933548,0.5219020247459412,cfg02_G3_D32,cfg02_G3_D32,2.171714791969862,cuda
validation,2145,1286,Warm B,0.003207409754395485,0.1111111119389534,0.10988394170999527,0.8148148148148148,2.384185791015625e-07,0.28500211238861084,0.4966357350349426,cfg02_G3_D32,cfg02_G3_D32,2.171714791969862,cuda
validation,2145,1286,Warm C,-0.0008867653668858111,0.1111111119389534,0.08259540051221848,0.9506172839506173,2.384185791015625e-07,0.3754208981990814,0.6543153524398804,cfg02_G3_D32,cfg02_G3_D32,2.171714791969862,cuda
validation,2146,1287,Cold,-0.001128211966715753,0.1111111119389534,0.07937544584274292,0.9629629629629629,1.1920928955078125e-07,0.0,0.0,cfg02_G3_D32,cfg02_G3_D32,2.171714791969862,cuda
validation,2146,1287,Warm A,0.0009487713687121868,0.1111111119389534,0.10577832162380219,0.8765432098765432,2.384185791015625e-07,0.24754154682159424,0.49689027667045593,cfg02_G3_D32,cfg02_G3_D32,2.171714791969862,cuda
validation,2146,1287,Warm B,0.0037976831663399935,0.1111110970377922,0.1315879225730896,0.7283950617283951,1.7881393432617188e-07,0.3865198791027069,0.40298768877983093,cfg02_G3_D32,cfg02_G3_D32,2.171714791969862,cuda
validation,2146,1287,Warm C,0.004391913767904043,0.1111111119389534,0.12871471047401428,0.7283950617283951,1.7881393432617188e-07,0.4169286787509918,0.6018991470336914,cfg02_G3_D32,cfg02_G3_D32,2.171714791969862,cuda
validation,2161,1299,Cold,-0.0007056910544633865,0.1111111119389534,0.07037417590618134,1.0,2.384185791015625e-07,0.0,0.0,cfg02_G3_D32,cfg02_G3_D32,2.171714791969862,cuda
validation,2161,1299,Warm A,-0.002702588215470314,0.1111111119389534,0.05897963419556618,1.0,1.1920928955078125e-07,0.23204687237739563,0.5981692671775818,cfg02_G3_D32,cfg02_G3_D32,2.171714791969862,cuda
validation,2161,1299,Warm B,0.0008746882085688412,0.1111111119389534,0.06688543409109116,1.0,1.1920928955078125e-07,0.28818362951278687,0.7745990753173828,cfg02_G3_D32,cfg02_G3_D32,2.171714791969862,cuda
validation,2161,1299,Warm C,0.0017392690060660243,0.1111111119389534,0.08019447326660156,0.9506172839506173,2.384185791015625e-07,0.39617085456848145,0.6350718140602112,cfg02_G3_D32,cfg02_G3_D32,2.171714791969862,cuda
validation,2232,1330,Cold,0.0005543254665099084,0.1111111119389534,0.0790753960609436,0.9629629629629629,1.1920928955078125e-07,0.0,0.0,cfg02_G3_D32,cfg02_G3_D32,2.171714791969862,cuda
validation,2232,1330,Warm A,0.003047070000320673,0.1111111119389534,0.0940861776471138,0.8888888888888888,2.384185791015625e-07,0.21671609580516815,0.7218591570854187,cfg02_G3_D32,cfg02_G3_D32,2.171714791969862,cuda
validation,2232,1330,Warm B,0.00016563988174311817,0.1111111119389534,0.07255145162343979,0.9629629629629629,2.384185791015625e-07,0.36005979776382446,0.7950500249862671,cfg02_G3_D32,cfg02_G3_D32,2.171714791969862,cuda
validation,2232,1330,Warm C,0.0012650933349505067,0.1111110970377922,0.07623305171728134,0.9506172839506173,2.384185791015625e-07,0.5104204416275024,0.6359116435050964,cfg02_G3_D32,cfg02_G3_D32,2.171714791969862,cuda
validation,2247,1338,Cold,-0.0005594115937128663,0.1111111119389534,0.07294318825006485,0.9629629629629629,1.1920928955078125e-07,0.0,0.0,cfg02_G3_D32,cfg02_G3_D32,2.171714791969862,cuda
validation,2247,1338,Warm A,0.002235466381534934,0.1111111119389534,0.09615083038806915,0.9012345679012346,2.384185791015625e-07,0.22850508987903595,0.5425347685813904,cfg02_G3_D32,cfg02_G3_D32,2.171714791969862,cuda
validation,2247,1338,Warm B,-0.0010139275109395385,0.1111111119389534,0.08235201239585876,0.9629629629629629,1.1920928955078125e-07,0.31149232387542725,0.6542021036148071,cfg02_G3_D32,cfg02_G3_D32,2.171714791969862,cuda
validation,2247,1338,Warm C,-0.0034101339988410473,0.1111111119389534,0.07475593686103821,0.9753086419753086,1.1920928955078125e-07,0.4252530336380005,0.6498451232910156,cfg02_G3_D32,cfg02_G3_D32,2.171714791969862,cuda
validation,2278,1360,Cold,-4.889949559583329e-05,0.1111111119389534,0.08000129461288452,0.9506172839506173,1.7881393432617188e-07,0.0,0.0,cfg02_G3_D32,cfg02_G3_D32,2.171714791969862,cuda
validation,2278,1360,Warm A,-0.0009601522469893098,0.1111110970377922,0.07710946351289749,0.9629629629629629,1.1920928955078125e-07,0.2411661595106125,0.7244798541069031,cfg02_G3_D32,cfg02_G3_D32,2.171714791969862,cuda
validation,2278,1360,Warm B,-0.003523621940985322,0.1111110970377922,0.07079026848077774,0.9506172839506173,1.7881393432617188e-07,0.30658283829689026,0.5376631021499634,cfg02_G3_D32,cfg02_G3_D32,2.171714791969862,cuda
validation,2278,1360,Warm C,-0.007477377541363239,0.1111111119389534,0.07006919384002686,0.9753086419753086,1.7881393432617188e-07,0.4122873842716217,0.49629274010658264,cfg02_G3_D32,cfg02_G3_D32,2.171714791969862,cuda
validation,2294,1370,Cold,-0.00026838236954063177,0.1111111119389534,0.0663183256983757,0.9753086419753086,1.7881393432617188e-07,0.0,0.0,cfg02_G3_D32,cfg02_G3_D32,2.171714791969862,cuda
validation,2294,1370,Warm A,-0.0032921123784035444,0.1111111119389534,0.05935244634747505,1.0,2.980232238769531e-07,0.22984638810157776,0.6632364988327026,cfg02_G3_D32,cfg02_G3_D32,2.171714791969862,cuda
validation,2294,1370,Warm B,-0.004277047701179981,0.1111111119389534,0.06151736527681351,1.0,2.384185791015625e-07,0.2850870192050934,0.6178779602050781,cfg02_G3_D32,cfg02_G3_D32,2.171714791969862,cuda
validation,2294,1370,Warm C,-0.004205960780382156,0.1111111119389534,0.05780307948589325,1.0,2.384185791015625e-07,0.3446992337703705,0.6366373300552368,cfg02_G3_D32,cfg02_G3_D32,2.171714791969862,cuda
validation,2297,1373,Cold,-0.0010523872915655375,0.1111111119389534,0.06641228497028351,0.9876543209876543,2.384185791015625e-07,0.0,0.0,cfg02_G3_D32,cfg02_G3_D32,2.171714791969862,cuda
validation,2297,1373,Warm A,0.0010805230122059584,0.1111111119389534,0.09243714809417725,0.9012345679012346,2.384185791015625e-07,0.2449445277452469,0.6286010146141052,cfg02_G3_D32,cfg02_G3_D32,2.171714791969862,cuda
validation,2297,1373,Warm B,-0.00151213095523417,0.111111119389534,0.08795780688524246,0.9629629629629629,2.384185791015625e-07,0.2918037474155426,0.5075072050094604,cfg02_G3_D32,cfg02_G3_D32,2.171714791969862,cuda
validation,2297,1373,Warm C,-0.0005362966330721974,0.1111111119389534,0.1233052909374237,0.7901234567901234,2.384185791015625e-07,0.4247055649757385,0.565326452255249,cfg02_G3_D32,cfg02_G3_D32,2.171714791969862,cuda
validation,2301,1375,Cold,-0.0007607396692037582,0.1111111119389534,0.08768489211797714,0.9382716049382716,2.384185791015625e-07,0.0,0.0,cfg02_G3_D32,cfg02_G3_D32,2.171714791969862,cuda
validation,2301,1375,Warm A,0.0038533133920282125,0.1111111119389534,0.09907155483961105,0.9012345679012346,1.7881393432617188e-07,0.24301916360855103,0.7327839136123657,cfg02_G3_D32,cfg02_G3_D32,2.171714791969862,cuda
validation,2301,1375,Warm B,0.0018798046512529254,0.1111110970377922,0.08501342684030533,0.9629629629629629,3.5762786865234375e-07,0.35678187012672424,0.6390324234962463,cfg02_G3_D32,cfg02_G3_D32,2.171714791969862,cuda
validation,2301,1375,Warm C,0.0015295807970687747,0.1111110970377922,0.08538982272148132,0.9382716049382716,2.384185791015625e-07,0.469620019197464,0.6769718527793884,cfg02_G3_D32,cfg02_G3_D32,2.171714791969862,cuda
validation,2312,1381,Cold,-0.0019100593635812402,0.111111119389534,0.07615254819393158,0.9753086419753086,3.5762786865234375e-07,0.0,0.0,cfg02_G3_D32,cfg02_G3_D32,2.171714791969862,cuda
validation,2312,1381,Warm A,-0.005246173124760389,0.1111111119389534,0.07383821159601212,1.0,1.1920928955078125e-07,0.24716231226921082,0.5191883444786072,cfg02_G3_D32,cfg02_G3_D32,2.171714791969862,cuda
validation,2312,1381,Warm B,-0.006181275472044945,0.1111111119389534,0.07788081467151642,0.9753086419753086,2.384185791015625e-07,0.39113301038742065,0.5083248615264893,cfg02_G3_D32,cfg02_G3_D32,2.171714791969862,cuda
validation,2312,1381,Warm C,-0.0026208595372736454,0.1111111119389534,0.07670899480581284,0.9629629629629629,2.384185791015625e-07,0.39706623554229736,0.3951466977596283,cfg02_G3_D32,cfg02_G3_D32,2.171714791969862,cuda
validation,2313,1382,Cold,-0.0017778014298528433,0.111111119389534,0.09562727063894272,0.9382716049382716,3.5762786865234375e-07,0.0,0.0,cfg02_G3_D32,cfg02_G3_D32,2.171714791969862,cuda
validation,2313,1382,Warm A,-0.0039030974730849266,0.1111111119389534,0.09016413241624832,0.9753086419753086,2.384185791015625e-07,0.22999820113182068,0.5952984690666199,cfg02_G3_D32,cfg02_G3_D32,2.171714791969862,cuda
validation,2313,1382,Warm B,-0.005078023765236139,0.1111111119389534,0.0911562442779541,0.9506172839506173,1.1920928955078125e-07,0.3751581907272339,0.533551812171936,cfg02_G3_D32,cfg02_G3_D32,2.171714791969862,cuda
validation,2313,1382,Warm C,-0.0030151039827615023,0.111111119389534,0.09442613273859024,0.9506172839506173,3.5762786865234375e-07,0.39736661314964294,0.6442059874534607,cfg02_G3_D32,cfg02_G3_D32,2.171714791969862,cuda
validation,2318,1386,Cold,-0.0006744299316778779,0.1111111119389534,0.06793633848428726,0.9876543209876543,1.1920928955078125e-07,0.0,0.0,cfg02_G3_D32,cfg02_G3_D32,2.171714791969862,cuda
validation,2318,1386,Warm A,-0.0016295954119414091,0.1111110970377922,0.07012017071247101,0.9876543209876543,1.7881393432617188e-07,0.241302952170372,0.5731362700462341,cfg02_G3_D32,cfg02_G3_D32,2.171714791969862,cuda
validation,2318,1386,Warm B,-0.004376454744488001,0.111111119389534,0.07789216935634613,0.9629629629629629,1.1920928955078125e-07,0.4174189269542694,0.6177877187728882,cfg02_G3_D32,cfg02_G3_D32,2.171714791969862,cuda
validation,2318,1386,Warm C,-0.005797908641397953,0.1111111119389534,0.08709107339382172,0.9259259259259259,3.5762786865234375e-07,0.560042142868042,0.4826832711696625,cfg02_G3_D32,cfg02_G3_D32,2.171714791969862,cuda
validation,2321,1388,Cold,-0.0006744326674379408,0.1111111119389534,0.06793633103370667,0.9876543209876543,2.384185791015625e-07,0.0,0.0,cfg02_G3_D32,cfg02_G3_D32,2.171714791969862,cuda
validation,2321,1388,Warm A,-0.00116369454190135,0.1111110970377922,0.07067310065031052,0.9876543209876543,1.7881393432617188e-07,0.23938223719596863,0.6277036070823669,cfg02_G3_D32,cfg02_G3_D32,2.171714791969862,cuda
validation,2321,1388,Warm B,0.0008877265499904752,0.1111111119389534,0.0680900439620018,0.9876543209876543,2.384185791015625e-07,0.26792794466018677,0.5931129455566406,cfg02_G3_D32,cfg02_G3_D32,2.171714791969862,cuda
validation,2321,1388,Warm C,0.002582426881417632,0.111111119389534,0.08259330689907074,0.9382716049382716,1.1920928955078125e-07,0.3109387457370758,0.5316795706748962,cfg02_G3_D32,cfg02_G3_D32,2.171714791969862,cuda
validation,2322,1389,Cold,0.00022507927496917546,0.1111111119389534,0.07703481614589691,0.9629629629629629,2.384185791015625e-07,0.0,0.0,cfg02_G3_D32,cfg02_G3_D32,2.171714791969862,cuda
validation,2322,1389,Warm A,0.0031079943291842937,0.111111119389534,0.10339047759771347,0.8765432098765432,3.5762786865234375e-07,0.21735256910324097,0.5562624335289001,cfg02_G3_D32,cfg02_G3_D32,2.171714791969862,cuda
validation,2322,1389,Warm B,8.03726288722828e-05,0.1111111119389534,0.08716630190610886,0.9135802469135802,2.384185791015625e-07,0.31250134110450745,0.7657376527786255,cfg02_G3_D32,cfg02_G3_D32,2.171714791969862,cuda
validation,2322,1389,Warm C,0.0013870109105482697,0.1111110970377922,0.11417044699192047,0.8148148148148148,3.5762786865234375e-07,0.4378810226917267,0.4524172842502594,cfg02_G3_D32,cfg02_G3_D32,2.171714791969862,cuda
validation,2336,1400,Cold,-0.0014227902283892035,0.1111111119389534,0.06563232839107513,0.9876543209876543,1.1920928955078125e-07,0.0,0.0,cfg02_G3_D32,cfg02_G3_D32,2.171714791969862,cuda
validation,2336,1400,Warm A,-0.0013296859106048942,0.111111119389534,0.06827518343925476,1.0,2.384185791015625e-07,0.23397786915302277,0.547408401966095,cfg02_G3_D32,cfg02_G3_D32,2.171714791969862,cuda
validation,2336,1400,Warm B,-0.002853903453797102,0.1111111119389534,0.07245481759309769,0.9753086419753086,1.1920928955078125e-07,0.39847424626350403,0.5066953897476196,cfg02_G3_D32,cfg02_G3_D32,2.171714791969862,cuda
validation,2336,1400,Warm C,-0.003910556435585022,0.111111119389534,0.07492322474718094,0.9506172839506173,1.1920928955078125e-07,0.4686247408390045,0.31980234384536743,cfg02_G3_D32,cfg02_G3_D32,2.171714791969862,cuda
validation,2340,1403,Cold,-0.0007418047753162682,0.1111111119389534,0.06685031205415726,0.9876543209876543,1.1920928955078125e-07,0.0,0.0,cfg02_G3_D32,cfg02_G3_D32,2.171714791969862,cuda
validation,2340,1403,Warm A,0.0029606882017105818,0.1111110970377922,0.09435003250837326,0.9135802469135802,2.384185791015625e-07,0.23810236155986786,0.6818344593048096,cfg02_G3_D32,cfg02_G3_D32,2.171714791969862,cuda
validation,2340,1403,Warm B,-0.0020195147953927517,0.111111119389534,0.0764903649687767,0.9753086419753086,2.384185791015625e-07,0.33356478810310364,0.6260138154029846,cfg02_G3_D32,cfg02_G3_D32,2.171714791969862,cuda
validation,2340,1403,Warm C,0.001916587701998651,0.111111119389534,0.09397829324007034,0.9012345679012346,3.5762786865234375e-07,0.3780481815338135,0.6888637542724609,cfg02_G3_D32,cfg02_G3_D32,2.171714791969862,cuda
validation,2374,1429,Cold,-0.0012905459152534604,0.111111119389534,0.07424411922693253,0.9753086419753086,2.384185791015625e-07,0.0,0.0,cfg02_G3_D32,cfg02_G3_D32,2.171714791969862,cuda
validation,2374,1429,Warm A,0.0028443699702620506,0.1111111119389534,0.09843393415212631,0.8888888888888888,1.7881393432617188e-07,0.24120327830314636,0.7057575583457947,cfg02_G3_D32,cfg02_G3_D32,2.171714791969862,cuda
validation,2374,1429,Warm B,0.0057976809330284595,0.1111111119389534,0.12700684368610382,0.7283950617283951,1.7881393432617188e-07,0.37496820092201233,0.5183756947517395,cfg02_G3_D32,cfg02_G3_D32,2.171714791969862,cuda
validation,2374,1429,Warm C,0.005172495264559984,0.1111111119389534,0.13011670112609863,0.7530864197530864,1.1920928955078125e-07,0.43990087509155273,0.39589405059814453,cfg02_G3_D32,cfg02_G3_D32,2.171714791969862,cuda
validation,2378,1433,Cold,-0.001142833731137216,0.1111111119389534,0.07699334621429443,0.9629629629629629,1.1920928955078125e-07,0.0,0.0,cfg02_G3_D32,cfg02_G3_D32,2.171714791969862,cuda
validation,2378,1433,Warm A,0.0021304895635694265,0.1111110970377922,0.09927576780319214,0.8888888888888888,2.384185791015625e-07,0.23250660300254822,0.5681599974632263,cfg02_G3_D32,cfg02_G3_D32,2.171714791969862,cuda
validation,2378,1433,Warm B,0.003003692952916026,0.1111111119389534,0.11246418207883835,0.8271604938271605,2.384185791015625e-07,0.36498016119003296,0.5101413130760193,cfg02_G3_D32,cfg02_G3_D32,2.171714791969862,cuda
validation,2378,1433,Warm C,0.0028530338313430548,0.1111111119389534,0.1193941980600357,0.7654320987654321,1.7881393432617188e-07,0.5076309442520142,0.5140929818153381,cfg02_G3_D32,cfg02_G3_D32,2.171714791969862,cuda
validation,2379,1434,Cold,-6.046815178706311e-05,0.1111111119389534,0.07823015004396439,0.9629629629629629,2.384185791015625e-07,0.0,0.0,cfg02_G3_D32,cfg02_G3_D32,2.171714791969862,cuda
validation,2379,1434,Warm A,0.003507175948470831,0.1111111119389534,0.10507138073444366,0.8518518518518519,1.1920928955078125e-07,0.2389618158340454,0.4899880886077881,cfg02_G3_D32,cfg02_G3_D32,2.171714791969862,cuda
validation,2379,1434,Warm B,0.005864597391337156,0.1111111119389534,0.129625603556633,0.7160493827160493,2.384185791015625e-07,0.4314250946044922,0.39492693543434143,cfg02_G3_D32,cfg02_G3_D32,2.171714791969862,cuda
validation,2379,1434,Warm C,0.007592391688376665,0.1111111119389534,0.14847981929779053,0.5925925925925926,1.7881393432617188e-07,0.5781568884849548,0.25592827796936035,cfg02_G3_D32,cfg02_G3_D32,2.171714791969862,cuda
validation,2387,1441,Cold,-0.0008901430410332978,0.111111119389534,0.06914161890745163,0.9876543209876543,1.7881393432617188e-07,0.0,0.0,cfg02_G3_D32,cfg02_G3_D32,2.171714791969862,cuda
validation,2387,1441,Warm A,0.001902106567285955,0.1111111119389534,0.09768714755773544,0.8888888888888888,1.7881393432617188e-07,0.24931947886943817,0.5695615410804749,cfg02_G3_D32,cfg02_G3_D32,2.171714791969862,cuda
validation,2387,1441,Warm B,0.0004060998617205769,0.1111111119389534,0.07560698688030243,0.9135802469135802,2.384185791015625e-07,0.31197965145111084,0.6950319409370422,cfg02_G3_D32,cfg02_G3_D32,2.171714791969862,cuda
validation,2387,1441,Warm C,0.0032517239451408386,0.1111111119389534,0.09646864980459213,0.8765432098765432,2.384185791015625e-07,0.3324814736843109,0.4771721363067627,cfg02_G3_D32,cfg02_G3_D32,2.171714791969862,cuda
validation,2389,1442,Cold,-0.001129929325543344,0.1111110970377922,0.06755135208368301,0.9876543209876543,1.1920928955078125e-07,0.0,0.0,cfg02_G3_D32,cfg02_G3_D32,2.171714791969862,cuda
validation,2389,1442,Warm A,0.0026998671237379313,0.111111119389534,0.09435553103685379,0.9135802469135802,1.1920928955078125e-07,0.25120213627815247,0.583608090877533,cfg02_G3_D32,cfg02_G3_D32,2.171714791969862,cuda
validation,2389,1442,Warm B,0.0039010250475257635,0.1111111119389534,0.10914941132068634,0.7901234567901234,2.384185791015625e-07,0.3997335731983185,0.737064778804779,cfg02_G3_D32,cfg02_G3_D32,2.171714791969862,cuda
validation,2389,1442,Warm C,0.0060590398497879505,0.1111111119389534,0.13139241933822632,0.6296296296296297,2.384185791015625e-07,0.4506056606769562,0.4113214612007141,cfg02_G3_D32,cfg02_G3_D32,2.171714791969862,cuda
validation,2399,1451,Cold,0.0004023554502055049,0.1111111119389534,0.07189799845218658,0.9753086419753086,2.384185791015625e-07,0.0,0.0,cfg02_G3_D32,cfg02_G3_D32,2.171714791969862,cuda
validation,2399,1451,Warm A,0.003324306569993496,0.1111111119389534,0.10155560076236725,0.8395061728395061,1.7881393432617188e-07,0.242843896150589,0.475342333316803,cfg02_G3_D32,cfg02_G3_D32,2.171714791969862,cuda
validation,2399,1451,Warm B,0.004977384116500616,0.1111110970377922,0.11954332888126373,0.7530864197530864,1.7881393432617188e-07,0.4090498089790344,0.4750526547431946,cfg02_G3_D32,cfg02_G3_D32,2.171714791969862,cuda
validation,2399,1451,Warm C,0.003858451498672366,0.111111119389534,0.11575106531381607,0.7530864197530864,2.384185791015625e-07,0.56541907787323,0.5546989440917969,cfg02_G3_D32,cfg02_G3_D32,2.171714791969862,cuda
validation,2405,1456,Cold,-0.0003161283675581217,0.1111111119389534,0.0814094990491867,0.9506172839506173,2.384185791015625e-07,0.0,0.0,cfg02_G3_D32,cfg02_G3_D32,2.171714791969862,cuda
validation,2405,1456,Warm A,0.00300530600361526,0.1111111119389534,0.10706643760204315,0.8641975308641975,1.1920928955078125e-07,0.2334137111902237,0.5827775001525879,cfg02_G3_D32,cfg02_G3_D32,2.171714791969862,cuda
validation,2405,1456,Warm B,0.005261900834739208,0.1111111119389534,0.12482330948114395,0.7283950617283951,2.384185791015625e-07,0.33517834544181824,0.4525533616542816,cfg02_G3_D32,cfg02_G3_D32,2.171714791969862,cuda
validation,2405,1456,Warm C,0.0018608588725328445,0.1111111119389534,0.10201101750135422,0.9135802469135802,1.1920928955078125e-07,0.42523694038391113,0.4794481694698334,cfg02_G3_D32,cfg02_G3_D32,2.171714791969862,cuda
validation,2408,1459,Cold,-0.0005613552639260888,0.111111119389534,0.06857037544250488,0.9753086419753086,1.1920928955078125e-07,0.0,0.0,cfg02_G3_D32,cfg02_G3_D32,2.171714791969862,cuda
validation,2408,1459,Warm A,0.0032077778596431017,0.1111110970377922,0.09687957167625427,0.8641975308641975,2.384185791015625e-07,0.24378789961338043,0.5467157363891602,cfg02_G3_D32,cfg02_G3_D32,2.171714791969862,cuda
validation,2408,1459,Warm B,0.0067263259552419186,0.1111111119389534,0.12270646542310715,0.7160493827160493,2.384185791015625e-07,0.4400186538696289,0.395159512758255,cfg02_G3_D32,cfg02_G3_D32,2.171714791969862,cuda
validation,2408,1459,Warm C,0.008983048610389233,0.111111119389534,0.14408452808856964,0.6172839506172839,1.1920928955078125e-07,0.5858908295631409,0.44587284326553345,cfg02_G3_D32,cfg02_G3_D32,2.171714791969862,cuda
validation,2411,1462,Cold,-0.000184360338607803,0.1111111119389534,0.0818738043308258,0.9629629629629629,2.384185791015625e-07,0.0,0.0,cfg02_G3_D32,cfg02_G3_D32,2.171714791969862,cuda
validation,2411,1462,Warm A,0.004148697946220636,0.1111111119389534,0.10771261900663376,0.8395061728395061,2.384185791015625e-07,0.2380773276090622,0.6487426161766052,cfg02_G3_D32,cfg02_G3_D32,2.171714791969862,cuda
validation,2411,1462,Warm B,0.009344500489532948,0.1111111119389534,0.13158990442752838,0.7283950617283951,2.384185791015625e-07,0.4164819121360779,0.583702564239502,cfg02_G3_D32,cfg02_G3_D32,2.171714791969862,cuda
validation,2411,1462,Warm C,0.013272516429424286,0.1111110970377922,0.15152986347675323,0.6049382716049383,2.384185791015625e-07,0.5766651034355164,0.3474210202693939,cfg02_G3_D32,cfg02_G3_D32,2.171714791969862,cuda
validation,2420,1470,Cold,-6.146793020889163e-05,0.1111110970377922,0.09109662473201752,0.9259259259259259,2.384185791015625e-07,0.0,0.0,cfg02_G3_D32,cfg02_G3_D32,2.171714791969862,cuda
validation,2420,1470,Warm A,0.0024175974540412426,0.1111111119389534,0.11969076842069626,0.7654320987654321,1.7881393432617188e-07,0.2389296144247055,0.5156426429748535,cfg02_G3_D32,cfg02_G3_D32,2.171714791969862,cuda
validation,2420,1470,Warm B,-0.00041682631126604974,0.1111111119389534,0.09572575241327286,0.9135802469135802,2.384185791015625e-07,0.28771018981933594,0.653398334980011,cfg02_G3_D32,cfg02_G3_D32,2.171714791969862,cuda
validation,2420,1470,Warm C,0.0012826871825382113,0.1111111119389534,0.11468798667192459,0.8148148148148148,1.1920928955078125e-07,0.3937210142612457,0.5379547476768494,cfg02_G3_D32,cfg02_G3_D32,2.171714791969862,cuda
validation,2421,1471,Cold,0.0019960468634963036,0.1111111119389534,0.09464041143655777,0.9259259259259259,2.384185791015625e-07,0.0,0.0,cfg02_G3_D32,cfg02_G3_D32,2.171714791969862,cuda
validation,2421,1471,Warm A,0.006896253675222397,0.111111119389534,0.11655528843402863,0.8024691358024691,2.384185791015625e-07,0.24442058801651,0.5882392525672913,cfg02_G3_D32,cfg02_G3_D32,2.171714791969862,cuda
validation,2421,1471,Warm B,0.009472203440964222,0.1111110970377922,0.11651582270860672,0.7777777777777778,2.384185791015625e-07,0.3349822759628296,0.6475750803947449,cfg02_G3_D32,cfg02_G3_D32,2.171714791969862,cuda
validation,2421,1471,Warm C,0.013059702701866627,0.1111111119389534,0.13466554880142212,0.6419753086419753,1.1920928955078125e-07,0.39303189516067505,0.40776753425598145,cfg02_G3_D32,cfg02_G3_D32,2.171714791969862,cuda
validation,2456,1497,Cold,0.0006621410720981658,0.1111111119389534,0.06264545768499374,0.9876543209876543,1.1920928955078125e-07,0.0,0.0,cfg02_G3_D32,cfg02_G3_D32,2.171714791969862,cuda
validation,2456,1497,Warm A,0.0030890258494764566,0.1111111119389534,0.09900342673063278,0.9012345679012346,1.7881393432617188e-07,0.23584699630737305,0.40613576769828796,cfg02_G3_D32,cfg02_G3_D32,2.171714791969862,cuda
validation,2456,1497,Warm B,0.00602571340277791,0.111111119389534,0.1264955699443817,0.6790123456790124,2.384185791015625e-07,0.34407907724380493,0.38213393092155457,cfg02_G3_D32,cfg02_G3_D32,2.171714791969862,cuda
validation,2456,1497,Warm C,0.006300366949290037,0.1111111119389534,0.12854820489883423,0.6666666666666666,1.1920928955078125e-07,0.513435423374176,0.46687933802604675,cfg02_G3_D32,cfg02_G3_D32,2.171714791969862,cuda
validation,2459,1500,Cold,-0.0008250392274931073,0.111111119389534,0.08856461942195892,0.9753086419753086,2.384185791015625e-07,0.0,0.0,cfg02_G3_D32,cfg02_G3_D32,2.171714791969862,cuda
validation,2459,1500,Warm A,0.002300041960552335,0.1111111119389534,0.10772883147001266,0.8641975308641975,2.980232238769531e-07,0.22924169898033142,0.6054137945175171,cfg02_G3_D32,cfg02_G3_D32,2.171714791969862,cuda
validation,2459,1500,Warm B,0.00040368459303863347,0.1111111119389534,0.09541682153940201,0.9382716049382716,1.7881393432617188e-07,0.32358697056770325,0.7387232780456543,cfg02_G3_D32,cfg02_G3_D32,2.171714791969862,cuda
validation,2459,1500,Warm C,0.005242009647190571,0.1111111119389534,0.10756704211235046,0.8765432098765432,2.384185791015625e-07,0.4021654427051544,0.6334133744239807,cfg02_G3_D32,cfg02_G3_D32,2.171714791969862,cuda
validation,2471,1508,Cold,0.0011628863867372274,0.1111110970377922,0.08087356388568878,0.9629629629629629,1.7881393432617188e-07,0.0,0.0,cfg02_G3_D32,cfg02_G3_D32,2.171714791969862,cuda
validation,2471,1508,Warm A,0.0032033869065344334,0.1111111119389534,0.11126134544610977,0.8148148148148148,1.1920928955078125e-07,0.24571381509304047,0.5369877815246582,cfg02_G3_D32,cfg02_G3_D32,2.171714791969862,cuda
validation,2471,1508,Warm B,0.0008130759815685451,0.1111111119389534,0.10609770566225052,0.8518518518518519,1.1920928955078125e-07,0.284045547246933,0.421393483877182,cfg02_G3_D32,cfg02_G3_D32,2.171714791969862,cuda
validation,2471,1508,Warm C,0.003879205323755741,0.111111119389534,0.13273076713085175,0.7037037037037037,2.384185791015625e-07,0.4288915991783142,0.49786874651908875,cfg02_G3_D32,cfg02_G3_D32,2.171714791969862,cuda
validation,2478,1514,Cold,-0.0014402607921510935,0.1111111119389534,0.07093149423599243,1.0,2.384185791015625e-07,0.0,0.0,cfg02_G3_D32,cfg02_G3_D32,2.171714791969862,cuda
validation,2478,1514,Warm A,0.0018945529591292143,0.1111111119389534,0.08603225648403168,0.9506172839506173,2.384185791015625e-07,0.24468159675598145,0.6805667281150818,cfg02_G3_D32,cfg02_G3_D32,2.171714791969862,cuda
validation,2478,1514,Warm B,0.0025398004800081253,0.1111110970377922,0.08173900842666626,0.9382716049382716,1.1920928955078125e-07,0.34991255402565,0.6970708966255188,cfg02_G3_D32,cfg02_G3_D32,2.171714791969862,cuda
validation,2478,1514,Warm C,0.005643539130687714,0.111111119389534,0.08738603442907333,0.9135802469135802,1.7881393432617188e-07,0.4148593246936798,0.6332384347915649,cfg02_G3_D32,cfg02_G3_D32,2.171714791969862,cuda
validation,2501,1525,Cold,-0.002087586559355259,0.1111111119389534,0.0633842796087265,1.0,2.384185791015625e-07,0.0,0.0,cfg02_G3_D32,cfg02_G3_D32,2.171714791969862,cuda
validation,2501,1525,Warm A,-0.004732325207442045,0.1111111119389534,0.06966165453195572,1.0,2.384185791015625e-07,0.24076518416404724,0.4537130892276764,cfg02_G3_D32,cfg02_G3_D32,2.171714791969862,cuda
validation,2501,1525,Warm B,-0.00667198933660984,0.111111119389534,0.0767931416630745,0.9506172839506173,2.384185791015625e-07,0.40310078859329224,0.36279529333114624,cfg02_G3_D32,cfg02_G3_D32,2.171714791969862,cuda
validation,2501,1525,Warm C,-0.007178918924182653,0.111111119389534,0.07706516236066818,0.9629629629629629,2.384185791015625e-07,0.4426686465740204,0.3173522651195526,cfg02_G3_D32,cfg02_G3_D32,2.171714791969862,cuda
validation,2518,1534,Cold,-0.0013440961483865976,0.1111111119389534,0.08210884779691696,0.9629629629629629,2.384185791015625e-07,0.0,0.0,cfg02_G3_D32,cfg02_G3_D32,2.171714791969862,cuda
validation,2518,1534,Warm A,0.0025866946671158075,0.1111111119389534,0.09910628199577332,0.9012345679012346,1.7881393432617188e-07,0.22152140736579895,0.6260468363761902,cfg02_G3_D32,cfg02_G3_D32,2.171714791969862,cuda
validation,2518,1534,Warm B,0.0029444233514368534,0.1111111119389534,0.10590029507875443,0.8271604938271605,2.384185791015625e-07,0.2913894057273865,0.5833993554115295,cfg02_G3_D32,cfg02_G3_D32,2.171714791969862,cuda
validation,2518,1534,Warm C,0.0008561543072573841,0.1111111119389534,0.09471515566110611,0.8888888888888888,2.384185791015625e-07,0.3327677547931671,0.6686035394668579,cfg02_G3_D32,cfg02_G3_D32,2.171714791969862,cuda
validation,2532,1547,Cold,0.00014343498332891613,0.1111111119389534,0.11262796074151993,0.9012345679012346,2.384185791015625e-07,0.0,0.0,cfg02_G3_D32,cfg02_G3_D32,2.171714791969862,cuda
validation,2532,1547,Warm A,0.002649502130225301,0.1111111119389534,0.12849614024162292,0.7407407407407407,2.384185791015625e-07,0.2356298416852951,0.47611507773399353,cfg02_G3_D32,cfg02_G3_D32,2.171714791969862,cuda
validation,2532,1547,Warm B,0.003824187209829688,0.1111111119389534,0.1457003951072693,0.5925925925925926,2.384185791015625e-07,0.39251208305358887,0.46735650300979614,cfg02_G3_D32,cfg02_G3_D32,2.171714791969862,cuda
validation,2532,1547,Warm C,5.27234351466177e-06,0.1111111119389534,0.135332852602005,0.6790123456790124,5.960464477539063e-08,0.40029463171958923,0.482023149728775,cfg02_G3_D32,cfg02_G3_D32,2.171714791969862,cuda
validation,2533,1548,Cold,0.0005415759515017271,0.111111119389534,0.11765275150537491,0.8888888888888888,2.980232238769531e-07,0.0,0.0,cfg02_G3_D32,cfg02_G3_D32,2.171714791969862,cuda
validation,2533,1548,Warm A,0.0033711339347064495,0.111111119389534,0.13440783321857452,0.7407407407407407,3.5762786865234375e-07,0.23722226917743683,0.6026101112365723,cfg02_G3_D32,cfg02_G3_D32,2.171714791969862,cuda
validation,2533,1548,Warm B,0.0049666352570056915,0.111111119389534,0.1482224464416504,0.6419753086419753,2.384185791015625e-07,0.3760177791118622,0.4812179505825043,cfg02_G3_D32,cfg02_G3_D32,2.171714791969862,cuda
validation,2533,1548,Warm C,0.0011486852308735251,0.111111119389534,0.13811250030994415,0.691358024691358,1.1920928955078125e-07,0.55390864610672,0.5386380553245544,cfg02_G3_D32,cfg02_G3_D32,2.171714791969862,cuda
validation,2541,1552,Cold,-0.0016310230130329728,0.1111111119389534,0.0640525370836258,1.0,2.384185791015625e-07,0.0,0.0,cfg02_G3_D32,cfg02_G3_D32,2.171714791969862,cuda
validation,2541,1552,Warm A,0.0013505425304174423,0.1111111119389534,0.07548876106739044,0.9506172839506173,1.1920928955078125e-07,0.23538675904273987,0.5833089351654053,cfg02_G3_D32,cfg02_G3_D32,2.171714791969862,cuda
validation,2541,1552,Warm B,-0.0001932334271259606,0.1111111119389534,0.07762773334980011,0.9753086419753086,2.384185791015625e-07,0.406488299369812,0.6577188372612,cfg02_G3_D32,cfg02_G3_D32,2.171714791969862,cuda
validation,2541,1552,Warm C,0.0032701233867555857,0.1111110970377922,0.10381082445383072,0.8518518518518519,2.384185791015625e-07,0.46268531680107117,0.6232932806015015,cfg02_G3_D32,cfg02_G3_D32,2.171714791969862,cuda
validation,2542,1553,Cold,-0.0005525609012693167,0.1111111119389534,0.07374788075685501,0.9506172839506173,1.7881393432617188e-07,0.0,0.0,cfg02_G3_D32,cfg02_G3_D32,2.171714791969862,cuda
validation,2542,1553,Warm A,-0.0015071636298671365,0.1111111119389534,0.07200262695550919,0.9876543209876543,1.1920928955078125e-07,0.24126207828521729,0.6896740198135376,cfg02_G3_D32,cfg02_G3_D32,2.171714791969862,cuda
validation,2542,1553,Warm B,-0.002617486985400319,0.1111111119389534,0.07525802403688431,0.9876543209876543,2.384185791015625e-07,0.3329896330833435,0.4752717912197113,cfg02_G3_D32,cfg02_G3_D32,2.171714791969862,cuda
validation,2542,1553,Warm C,-0.004694350529462099,0.1111110970377922,0.08213542401790619,0.9135802469135802,1.1920928955078125e-07,0.4661300778388977,0.45323124527931213,cfg02_G3_D32,cfg02_G3_D32,2.171714791969862,cuda
validation,2565,1565,Cold,-0.0016506330575793982,0.1111111119389534,0.15530095994472504,0.7037037037037037,1.1920928955078125e-07,0.0,0.0,cfg02_G3_D32,cfg02_G3_D32,2.171714791969862,cuda
validation,2565,1565,Warm A,0.0016468880930915475,0.1111111119389534,0.16020989418029785,0.6296296296296297,1.1920928955078125e-07,0.237010657787323,0.5956335067749023,cfg02_G3_D32,cfg02_G3_D32,2.171714791969862,cuda
validation,2565,1565,Warm B,-0.0004852884740103036,0.1111111119389534,0.15896563231945038,0.6419753086419753,1.1920928955078125e-07,0.23696476221084595,0.48629093170166016,cfg02_G3_D32,cfg02_G3_D32,2.171714791969862,cuda
validation,2565,1565,Warm C,-0.0019158616196364164,0.1111111119389534,0.15442077815532684,0.7160493827160493,2.980232238769531e-07,0.31307026743888855,0.4780871570110321,cfg02_G3_D32,cfg02_G3_D32,2.171714791969862,cuda
validation,2567,1566,Cold,-0.0011495549697428942,0.1111111119389534,0.06656757742166519,0.9753086419753086,2.384185791015625e-07,0.0,0.0,cfg02_G3_D32,cfg02_G3_D32,2.171714791969862,cuda
validation,2567,1566,Warm A,0.001768850488588214,0.1111110970377922,0.08511039614677429,0.9135802469135802,2.384185791015625e-07,0.24411970376968384,0.5756422281265259,cfg02_G3_D32,cfg02_G3_D32,2.171714791969862,cuda
validation,2567,1566,Warm B,-0.0008559981943108141,0.111111119389534,0.06974318623542786,0.9629629629629629,1.1920928955078125e-07,0.24813662469387054,0.6527165174484253,cfg02_G3_D32,cfg02_G3_D32,2.171714791969862,cuda
validation,2567,1566,Warm C,0.002623987151309848,0.111111119389534,0.09020358324050903,0.9135802469135802,1.1920928955078125e-07,0.3018033504486084,0.568736732006073,cfg02_G3_D32,cfg02_G3_D32,2.171714791969862,cuda
validation,2580,1573,Cold,-0.0002665487409103662,0.1111111119389534,0.07664826512336731,0.9506172839506173,2.384185791015625e-07,0.0,0.0,cfg02_G3_D32,cfg02_G3_D32,2.171714791969862,cuda
validation,2580,1573,Warm A,-0.0021476680412888527,0.111111119389534,0.07230806350708008,0.9876543209876543,1.1920928955078125e-07,0.23941944539546967,0.5335224270820618,cfg02_G3_D32,cfg02_G3_D32,2.171714791969862,cuda
validation,2580,1573,Warm B,-0.0018086576601490378,0.111111119389534,0.07467791438102722,0.9753086419753086,1.7881393432617188e-07,0.28169214725494385,0.675628662109375,cfg02_G3_D32,cfg02_G3_D32,2.171714791969862,cuda
validation,2580,1573,Warm C,-0.0023393307346850634,0.1111111119389534,0.07606416195631027,0.9629629629629629,1.7881393432617188e-07,0.32634347677230835,0.6720884442329407,cfg02_G3_D32,cfg02_G3_D32,2.171714791969862,cuda
validation,2599,1583,Cold,-0.0011495533399283886,0.1111111119389534,0.06656758487224579,0.9753086419753086,1.1920928955078125e-07,0.0,0.0,cfg02_G3_D32,cfg02_G3_D32,2.171714791969862,cuda
validation,2599,1583,Warm A,-0.0024118239525705576,0.1111111119389534,0.07369521260261536,0.9876543209876543,2.384185791015625e-07,0.23906145989894867,0.6884857416152954,cfg02_G3_D32,cfg02_G3_D32,2.171714791969862,cuda
validation,2599,1583,Warm B,-0.004627866670489311,0.1111111119389534,0.08636104315519333,0.9506172839506173,2.384185791015625e-07,0.4390304982662201,0.5603103041648865,cfg02_G3_D32,cfg02_G3_D32,2.171714791969862,cuda
validation,2599,1583,Warm C,-0.006566459778696299,0.1111111119389534,0.09510601311922073,0.9259259259259259,2.384185791015625e-07,0.5333200097084045,0.5689134001731873,cfg02_G3_D32,cfg02_G3_D32,2.171714791969862,cuda
validation,2616,1593,Cold,0.00011271527910139412,0.1111111119389534,0.07787460833787918,0.9629629629629629,2.384185791015625e-07,0.0,0.0,cfg02_G3_D32,cfg02_G3_D32,2.171714791969862,cuda
validation,2616,1593,Warm A,0.004193671513348818,0.111111119389534,0.11091041564941406,0.8395061728395061,1.1920928955078125e-07,0.23741933703422546,0.6363955140113831,cfg02_G3_D32,cfg02_G3_D32,2.171714791969862,cuda
validation,2616,1593,Warm B,0.007609982043504715,0.1111111119389534,0.1363997906446457,0.6666666666666666,1.1920928955078125e-07,0.37091997265815735,0.31377458572387695,cfg02_G3_D32,cfg02_G3_D32,2.171714791969862,cuda
validation,2616,1593,Warm C,0.005952891893684864,0.1111111119389534,0.11189095675945282,0.8148148148148148,2.384185791015625e-07,0.44159984588623047,0.6792452931404114,cfg02_G3_D32,cfg02_G3_D32,2.171714791969862,cuda
validation,2641,1605,Cold,0.0031736514065414667,0.1111111119389534,0.10670474916696548,0.9012345679012346,2.384185791015625e-07,0.0,0.0,cfg02_G3_D32,cfg02_G3_D32,2.171714791969862,cuda
validation,2641,1605,Warm A,0.007188770454376936,0.1111111119389534,0.1266944706439972,0.7160493827160493,1.1920928955078125e-07,0.24380990862846375,0.4732135832309723,cfg02_G3_D32,cfg02_G3_D32,2.171714791969862,cuda
validation,2641,1605,Warm B,0.002608453156426549,0.1111111119389534,0.1108178049325943,0.8024691358024691,4.172325134277344e-07,0.2863132655620575,0.6355090141296387,cfg02_G3_D32,cfg02_G3_D32,2.171714791969862,cuda
validation,2641,1605,Warm C,-0.0012584037613123655,0.1111111119389534,0.0973411351442337,0.8888888888888888,1.7881393432617188e-07,0.4326508939266205,0.7903991937637329,cfg02_G3_D32,cfg02_G3_D32,2.171714791969862,cuda
validation,2668,1621,Cold,-9.161293746728916e-06,0.1111111119389534,0.06949205696582794,0.9876543209876543,2.384185791015625e-07,0.0,0.0,cfg02_G3_D32,cfg02_G3_D32,2.171714791969862,cuda
validation,2668,1621,Warm A,0.0028111105784773827,0.111111119389534,0.09671608358621597,0.8888888888888888,1.1920928955078125e-07,0.23665747046470642,0.5693199038505554,cfg02_G3_D32,cfg02_G3_D32,2.171714791969862,cuda
validation,2668,1621,Warm B,0.004427739884704351,0.1111111119389534,0.11900810897350311,0.7037037037037037,2.384185791015625e-07,0.41271790862083435,0.41244006156921387,cfg02_G3_D32,cfg02_G3_D32,2.171714791969862,cuda
validation,2668,1621,Warm C,0.007901080884039402,0.1111110970377922,0.13781052827835083,0.6419753086419753,1.1920928955078125e-07,0.59075927734375,0.23365478217601776,cfg02_G3_D32,cfg02_G3_D32,2.171714791969862,cuda
validation,2671,1624,Cold,0.0004785062628798187,0.1111111119389534,0.07609610259532928,0.9506172839506173,1.1920928955078125e-07,0.0,0.0,cfg02_G3_D32,cfg02_G3_D32,2.171714791969862,cuda
validation,2671,1624,Warm A,0.0007070558494888246,0.1111111119389534,0.07814490795135498,0.9135802469135802,1.1920928955078125e-07,0.24728845059871674,0.6228217482566833,cfg02_G3_D32,cfg02_G3_D32,2.171714791969862,cuda
validation,2671,1624,Warm B,0.0006190386484377086,0.1111111119389534,0.08562084287405014,0.8888888888888888,1.1920928955078125e-07,0.352298378944397,0.6136724948883057,cfg02_G3_D32,cfg02_G3_D32,2.171714791969862,cuda
validation,2671,1624,Warm C,-0.002008078619837761,0.111111119389534,0.07171481102705002,0.9629629629629629,2.384185791015625e-07,0.37742793560028076,0.7087239623069763,cfg02_G3_D32,cfg02_G3_D32,2.171714791969862,cuda
validation,2677,1627,Cold,-0.0016909007681533694,0.1111111119389534,0.062065061181783676,1.0,2.384185791015625e-07,0.0,0.0,cfg02_G3_D32,cfg02_G3_D32,2.171714791969862,cuda
validation,2677,1627,Warm A,-0.003368196776136756,0.111111119389534,0.06722031533718109,1.0,2.384185791015625e-07,0.2381785660982132,0.4945950210094452,cfg02_G3_D32,cfg02_G3_D32,2.171714791969862,cuda
validation,2677,1627,Warm B,-0.0056525119580328465,0.1111111119389534,0.08047257363796234,0.9629629629629629,2.384185791015625e-07,0.3938031494617462,0.7256849408149719,cfg02_G3_D32,cfg02_G3_D32,2.171714791969862,cuda
validation,2677,1627,Warm C,-0.005669457372277975,0.111111119389534,0.07926851511001587,0.9506172839506173,1.7881393432617188e-07,0.4498039186000824,0.5513264536857605,cfg02_G3_D32,cfg02_G3_D32,2.171714791969862,cuda
validation,2706,1642,Cold,-0.001134673715569079,0.1111111119389534,0.06585551798343658,0.9753086419753086,1.1920928955078125e-07,0.0,0.0,cfg02_G3_D32,cfg02_G3_D32,2.171714791969862,cuda
validation,2706,1642,Warm A,-0.002890670904889703,0.111111119389534,0.06470151245594025,0.9876543209876543,2.384185791015625e-07,0.22837646305561066,0.4975709915161133,cfg02_G3_D32,cfg02_G3_D32,2.171714791969862,cuda
validation,2706,1642,Warm B,-0.0026551191695034504,0.1111111119389534,0.07047642022371292,1.0,5.960464477539063e-08,0.34108948707580566,0.7368569374084473,cfg02_G3_D32,cfg02_G3_D32,2.171714791969862,cuda
validation,2706,1642,Warm C,-0.0009523407788947225,0.1111111119389534,0.08168689161539078,0.9753086419753086,1.1920928955078125e-07,0.44907039403915405,0.6047475934028625,cfg02_G3_D32,cfg02_G3_D32,2.171714791969862,cuda
validation,2723,1656,Cold,-0.0008004182018339634,0.111111119389534,0.06849869340658188,0.9876543209876543,1.1920928955078125e-07,0.0,0.0,cfg02_G3_D32,cfg02_G3_D32,2.171714791969862,cuda
validation,2723,1656,Warm A,0.0002711063134483993,0.111111119389534,0.07758386433124542,0.9506172839506173,1.7881393432617188e-07,0.21929745376110077,0.68125981092453,cfg02_G3_D32,cfg02_G3_D32,2.171714791969862,cuda
validation,2723,1656,Warm B,0.0009604580118320882,0.1111111119389534,0.09410859644412994,0.9012345679012346,1.1920928955078125e-07,0.33180367946624756,0.6624922156333923,cfg02_G3_D32,cfg02_G3_D32,2.171714791969862,cuda
validation,2723,1656,Warm C,-0.0030896130483597517,0.111111119389534,0.07407976686954498,0.9753086419753086,2.384185791015625e-07,0.4155583679676056,0.694745659828186,cfg02_G3_D32,cfg02_G3_D32,2.171714791969862,cuda
validation,2739,1669,Cold,-0.0017273904522880912,0.1111111119389534,0.08040163666009903,0.9629629629629629,2.384185791015625e-07,0.0,0.0,cfg02_G3_D32,cfg02_G3_D32,2.171714791969862,cuda
validation,2739,1669,Warm A,-0.0032751187682151794,0.111111119389534,0.08202114701271057,0.9506172839506173,1.1920928955078125e-07,0.24240504205226898,0.5676563382148743,cfg02_G3_D32,cfg02_G3_D32,2.171714791969862,cuda
validation,2739,1669,Warm B,0.0015174411237239838,0.1111111119389534,0.08669134229421616,0.9506172839506173,2.384185791015625e-07,0.27896326780319214,0.7433506846427917,cfg02_G3_D32,cfg02_G3_D32,2.171714791969862,cuda
validation,2739,1669,Warm C,0.002479938557371497,0.111111119389534,0.08070726692676544,0.9629629629629629,1.1920928955078125e-07,0.4057789146900177,0.6453137397766113,cfg02_G3_D32,cfg02_G3_D32,2.171714791969862,cuda
validation,2759,1679,Cold,-0.0011495559010654688,0.1111111119389534,0.06656757742166519,0.9753086419753086,2.384185791015625e-07,0.0,0.0,cfg02_G3_D32,cfg02_G3_D32,2.171714791969862,cuda
validation,2759,1679,Warm A,0.0027511073276400566,0.1111111119389534,0.08726704120635986,0.9382716049382716,2.980232238769531e-07,0.21530014276504517,0.5465162396430969,cfg02_G3_D32,cfg02_G3_D32,2.171714791969862,cuda
validation,2759,1679,Warm B,0.0012585693039000034,0.1111110970377922,0.07210858166217804,0.9629629629629629,1.7881393432617188e-07,0.36131879687309265,0.7003338932991028,cfg02_G3_D32,cfg02_G3_D32,2.171714791969862,cuda
validation,2759,1679,Warm C,-0.00042353247408755124,0.1111111119389534,0.07625993341207504,0.9753086419753086,1.7881393432617188e-07,0.40508267283439636,0.63654625415802,cfg02_G3_D32,cfg02_G3_D32,2.171714791969862,cuda
validation,2791,1699,Cold,-0.0003334229113534093,0.1111111119389534,0.08964624255895615,0.9382716049382716,2.384185791015625e-07,0.0,0.0,cfg02_G3_D32,cfg02_G3_D32,2.171714791969862,cuda
validation,2791,1699,Warm A,-0.002186917932704091,0.1111111119389534,0.08653973788022995,0.9753086419753086,2.384185791015625e-07,0.2453862726688385,0.7034290432929993,cfg02_G3_D32,cfg02_G3_D32,2.171714791969862,cuda
validation,2791,1699,Warm B,-0.005053568631410599,0.1111110970377922,0.08631884306669235,0.9753086419753086,1.1920928955078125e-07,0.36304551362991333,0.6047474145889282,cfg02_G3_D32,cfg02_G3_D32,2.171714791969862,cuda
validation,2791,1699,Warm C,-0.005574849434196949,0.1111111119389534,0.08811040222644806,0.9876543209876543,2.384185791015625e-07,0.35547518730163574,0.4126470983028412,cfg02_G3_D32,cfg02_G3_D32,2.171714791969862,cuda
validation,2792,1700,Cold,-0.0009346428560093045,0.1111111119389534,0.08414676785469055,0.9629629629629629,1.1920928955078125e-07,0.0,0.0,cfg02_G3_D32,cfg02_G3_D32,2.171714791969862,cuda
validation,2792,1700,Warm A,0.004213658161461353,0.1111111119389534,0.1035478413105011,0.8518518518518519,2.384185791015625e-07,0.24386216700077057,0.6753637194633484,cfg02_G3_D32,cfg02_G3_D32,2.171714791969862,cuda
validation,2792,1700,Warm B,0.007046912796795368,0.1111111119389534,0.12298909574747086,0.7160493827160493,1.1920928955078125e-07,0.42343395948410034,0.5147245526313782,cfg02_G3_D32,cfg02_G3_D32,2.171714791969862,cuda
validation,2792,1700,Warm C,0.006244682241231203,0.1111111119389534,0.11348814517259598,0.7777777777777778,2.384185791015625e-07,0.4646693766117096,0.6256917119026184,cfg02_G3_D32,cfg02_G3_D32,2.171714791969862,cuda
validation,2797,1705,Cold,-0.0009277993813157082,0.1111110970377922,0.06113291531801224,1.0,2.384185791015625e-07,0.0,0.0,cfg02_G3_D32,cfg02_G3_D32,2.171714791969862,cuda
validation,2797,1705,Warm A,-0.001629695063456893,0.1111111119389534,0.055172279477119446,1.0,2.384185791015625e-07,0.24179860949516296,0.5613254904747009,cfg02_G3_D32,cfg02_G3_D32,2.171714791969862,cuda
validation,2797,1705,Warm B,-0.002969721332192421,0.1111110970377922,0.056392744183540344,1.0,1.1920928955078125e-07,0.3625663220882416,0.575602650642395,cfg02_G3_D32,cfg02_G3_D32,2.171714791969862,cuda
validation,2797,1705,Warm C,-0.001322551048360765,0.1111111119389534,0.05658550187945366,1.0,1.1920928955078125e-07,0.4574083685874939,0.7148691415786743,cfg02_G3_D32,cfg02_G3_D32,2.171714791969862,cuda
validation,2804,1711,Cold,-0.002268814481794834,0.111111119389534,0.0807969942688942,0.9629629629629629,2.384185791015625e-07,0.0,0.0,cfg02_G3_D32,cfg02_G3_D32,2.171714791969862,cuda
validation,2804,1711,Warm A,-0.004760129377245903,0.1111111119389534,0.07769498974084854,0.9753086419753086,1.7881393432617188e-07,0.2414139360189438,0.521301805973053,cfg02_G3_D32,cfg02_G3_D32,2.171714791969862,cuda
validation,2804,1711,Warm B,-0.007793460972607136,0.1111111119389534,0.0790037289261818,0.9506172839506173,1.1920928955078125e-07,0.35915935039520264,0.40121564269065857,cfg02_G3_D32,cfg02_G3_D32,2.171714791969862,cuda
validation,2804,1711,Warm C,-0.0057561397552490234,0.1111111119389534,0.07632538676261902,0.9506172839506173,2.384185791015625e-07,0.37146782875061035,0.5751073956489563,cfg02_G3_D32,cfg02_G3_D32,2.171714791969862,cuda
validation,2808,1715,Cold,0.001317508751526475,0.111111119389534,0.07744622975587845,0.9629629629629629,2.384185791015625e-07,0.0,0.0,cfg02_G3_D32,cfg02_G3_D32,2.171714791969862,cuda
validation,2808,1715,Warm A,0.00494371447712183,0.1111111119389534,0.10925904661417007,0.8148148148148148,2.384185791015625e-07,0.24992796778678894,0.46602746844291687,cfg02_G3_D32,cfg02_G3_D32,2.171714791969862,cuda
validation,2808,1715,Warm B,0.00823097676038742,0.111111119389534,0.13445143401622772,0.654320987654321,1.1920928955078125e-07,0.4184146821498871,0.3773830831050873,cfg02_G3_D32,cfg02_G3_D32,2.171714791969862,cuda
validation,2808,1715,Warm C,0.009594466537237167,0.1111110970377922,0.13714809715747833,0.6419753086419753,2.384185791015625e-07,0.4077882766723633,0.3639959692955017,cfg02_G3_D32,cfg02_G3_D32,2.171714791969862,cuda
validation,2815,1716,Cold,-0.0006219570059329271,0.1111110970377922,0.07930224388837814,0.9629629629629629,2.384185791015625e-07,0.0,0.0,cfg02_G3_D32,cfg02_G3_D32,2.171714791969862,cuda
validation,2815,1716,Warm A,0.00444270484149456,0.1111111119389534,0.10583758354187012,0.8518518518518519,1.1920928955078125e-07,0.24815276265144348,0.620680570602417,cfg02_G3_D32,cfg02_G3_D32,2.171714791969862,cuda
validation,2815,1716,Warm B,0.008066068403422832,0.1111110970377922,0.13080699741840363,0.7530864197530864,1.1920928955078125e-07,0.411156564950943,0.35819119215011597,cfg02_G3_D32,cfg02_G3_D32,2.171714791969862,cuda
validation,2815,1716,Warm C,0.0122179314494133,0.1111111119389534,0.1531294584274292,0.6296296296296297,2.384185791015625e-07,0.6050573587417603,0.19571679830551147,cfg02_G3_D32,cfg02_G3_D32,2.171714791969862,cuda
validation,2841,1727,Cold,-4.7937493945937604e-05,0.111111119389534,0.0848994106054306,0.9259259259259259,1.1920928955078125e-07,0.0,0.0,cfg02_G3_D32,cfg02_G3_D32,2.171714791969862,cuda
validation,2841,1727,Warm A,0.00047874293522909284,0.1111111119389534,0.08684742450714111,0.9259259259259259,2.384185791015625e-07,0.2277640849351883,0.6318551301956177,cfg02_G3_D32,cfg02_G3_D32,2.171714791969862,cuda
validation,2841,1727,Warm B,-0.0013595419004559517,0.1111111119389534,0.08526666462421417,0.9135802469135802,2.384185791015625e-07,0.35947567224502563,0.6019994020462036,cfg02_G3_D32,cfg02_G3_D32,2.171714791969862,cuda
validation,2841,1727,Warm C,-0.0042950306087732315,0.111111119389534,0.08514166623353958,0.9135802469135802,2.384185791015625e-07,0.4539182782173157,0.5236554145812988,cfg02_G3_D32,cfg02_G3_D32,2.171714791969862,cuda
validation,2857,1733,Cold,-0.0017141335410997272,0.1111110970377922,0.12215903401374817,0.8765432098765432,1.1920928955078125e-07,0.0,0.0,cfg02_G3_D32,cfg02_G3_D32,2.171714791969862,cuda
validation,2857,1733,Warm A,0.0040007084608078,0.111111119389534,0.1290491372346878,0.8395061728395061,2.384185791015625e-07,0.23555545508861542,0.7923235297203064,cfg02_G3_D32,cfg02_G3_D32,2.171714791969862,cuda
validation,2857,1733,Warm B,-0.00044747095671482384,0.1111111119389534,0.1315702199935913,0.7901234567901234,1.1920928955078125e-07,0.27065494656562805,0.45998382568359375,cfg02_G3_D32,cfg02_G3_D32,2.171714791969862,cuda
validation,2857,1733,Warm C,0.00015372484631370753,0.1111110970377922,0.13409648835659027,0.7530864197530864,1.7881393432617188e-07,0.2658397853374481,0.5514054298400879,cfg02_G3_D32,cfg02_G3_D32,2.171714791969862,cuda
validation,2858,1734,Cold,-0.001458807266317308,0.1111110970377922,0.06361677497625351,1.0,3.5762786865234375e-07,0.0,0.0,cfg02_G3_D32,cfg02_G3_D32,2.171714791969862,cuda
validation,2858,1734,Warm A,-0.00298039591871202,0.1111111119389534,0.07131452113389969,1.0,2.384185791015625e-07,0.2411334365606308,0.6140376329421997,cfg02_G3_D32,cfg02_G3_D32,2.171714791969862,cuda
validation,2858,1734,Warm B,-0.0038300449959933758,0.1111111119389534,0.08391805738210678,0.9629629629629629,2.384185791015625e-07,0.4072705805301666,0.44179782271385193,cfg02_G3_D32,cfg02_G3_D32,2.171714791969862,cuda
validation,2858,1734,Warm C,-0.006855221465229988,0.111111119389534,0.09694566577672958,0.9135802469135802,2.980232238769531e-07,0.5929199457168579,0.3191767632961273,cfg02_G3_D32,cfg02_G3_D32,2.171714791969862,cuda
validation,2863,1739,Cold,-0.002731539774686098,0.1111111119389534,0.13336145877838135,0.8024691358024691,2.384185791015625e-07,0.0,0.0,cfg02_G3_D32,cfg02_G3_D32,2.171714791969862,cuda
validation,2863,1739,Warm A,-0.0015360360266640782,0.1111111119389534,0.13488325476646423,0.7654320987654321,1.7881393432617188e-07,0.22833861410617828,0.7222172617912292,cfg02_G3_D32,cfg02_G3_D32,2.171714791969862,cuda
validation,2863,1739,Warm B,5.2168528782203794e-05,0.1111111119389534,0.14002102613449097,0.7654320987654321,2.384185791015625e-07,0.3061099648475647,0.5966464877128601,cfg02_G3_D32,cfg02_G3_D32,2.171714791969862,cuda
validation,2863,1739,Warm C,0.0018264013342559338,0.1111111119389534,0.14871329069137573,0.6666666666666666,2.384185791015625e-07,0.4835354685783386,0.5494475364685059,cfg02_G3_D32,cfg02_G3_D32,2.171714791969862,cuda
validation,2877,1748,Cold,-0.0019937932956963778,0.1111111119389534,0.09924257546663284,0.9382716049382716,2.384185791015625e-07,0.0,0.0,cfg02_G3_D32,cfg02_G3_D32,2.171714791969862,cuda
validation,2877,1748,Warm A,0.0021023426670581102,0.1111111119389534,0.10883382707834244,0.8888888888888888,2.384185791015625e-07,0.2477012574672699,0.7060348391532898,cfg02_G3_D32,cfg02_G3_D32,2.171714791969862,cuda
validation,2877,1748,Warm B,0.003992127254605293,0.1111111119389534,0.12808898091316223,0.7654320987654321,1.1920928955078125e-07,0.33670198917388916,0.6463596820831299,cfg02_G3_D32,cfg02_G3_D32,2.171714791969862,cuda
validation,2877,1748,Warm C,0.005276303272694349,0.1111111119389534,0.1391259729862213,0.6666666666666666,1.1920928955078125e-07,0.28074324131011963,0.5449191927909851,cfg02_G3_D32,cfg02_G3_D32,2.171714791969862,cuda
validation,2883,1753,Cold,-0.0011495541548356414,0.1111111119389534,0.06656758487224579,0.9753086419753086,2.384185791015625e-07,0.0,0.0,cfg02_G3_D32,cfg02_G3_D32,2.171714791969862,cuda
validation,2883,1753,Warm A,-0.0017426330596208572,0.1111111119389534,0.07181763648986816,0.9876543209876543,2.384185791015625e-07,0.22987724840641022,0.5971230268478394,cfg02_G3_D32,cfg02_G3_D32,2.171714791969862,cuda
validation,2883,1753,Warm B,-0.0001850545813795179,0.111111119389534,0.07414822280406952,0.9506172839506173,2.384185791015625e-07,0.32887858152389526,0.6800030469894409,cfg02_G3_D32,cfg02_G3_D32,2.171714791969862,cuda
validation,2883,1753,Warm C,-0.0003100275935139507,0.1111111119389534,0.07696130126714706,0.9506172839506173,2.384185791015625e-07,0.443057656288147,0.7106324434280396,cfg02_G3_D32,cfg02_G3_D32,2.171714791969862,cuda
validation,2926,1779,Cold,-0.0010482489597052336,0.1111110970377922,0.07129508256912231,0.9753086419753086,2.384185791015625e-07,0.0,0.0,cfg02_G3_D32,cfg02_G3_D32,2.171714791969862,cuda
validation,2926,1779,Warm A,-0.00232646893709898,0.1111111119389534,0.06828533113002777,1.0,2.384185791015625e-07,0.23745377361774445,0.7233029007911682,cfg02_G3_D32,cfg02_G3_D32,2.171714791969862,cuda
validation,2926,1779,Warm B,0.0007252900977618992,0.1111111119389534,0.07340559363365173,1.0,2.384185791015625e-07,0.2746344804763794,0.69189453125,cfg02_G3_D32,cfg02_G3_D32,2.171714791969862,cuda
validation,2926,1779,Warm C,-0.0001355689746560529,0.1111111119389534,0.07013121247291565,1.0,2.384185791015625e-07,0.34436479210853577,0.5911247730255127,cfg02_G3_D32,cfg02_G3_D32,2.171714791969862,cuda
validation,2929,1782,Cold,-0.0018511736998334527,0.1111111119389534,0.08973866701126099,0.9382716049382716,1.1920928955078125e-07,0.0,0.0,cfg02_G3_D32,cfg02_G3_D32,2.171714791969862,cuda
validation,2929,1782,Warm A,-0.0004912730073556304,0.1111110970377922,0.08307552337646484,0.9876543209876543,2.384185791015625e-07,0.22477500140666962,0.6641994714736938,cfg02_G3_D32,cfg02_G3_D32,2.171714791969862,cuda
validation,2929,1782,Warm B,0.0032874662429094315,0.111111119389534,0.08838065713644028,0.9753086419753086,1.1920928955078125e-07,0.3660498559474945,0.7353488802909851,cfg02_G3_D32,cfg02_G3_D32,2.171714791969862,cuda
validation,2929,1782,Warm C,0.0010000523179769516,0.111111119389534,0.08483617007732391,0.9753086419753086,2.384185791015625e-07,0.4653870165348053,0.6403789520263672,cfg02_G3_D32,cfg02_G3_D32,2.171714791969862,cuda
validation,2948,1794,Cold,-0.0005602706223726273,0.111111119389534,0.14279326796531677,0.7777777777777778,2.384185791015625e-07,0.0,0.0,cfg02_G3_D32,cfg02_G3_D32,2.171714791969862,cuda
validation,2948,1794,Warm A,-0.0004122696991544217,0.1111111119389534,0.1442476212978363,0.7777777777777778,2.384185791015625e-07,0.23943312466144562,0.5646752715110779,cfg02_G3_D32,cfg02_G3_D32,2.171714791969862,cuda
validation,2948,1794,Warm B,-0.0010111009469255805,0.1111111119389534,0.13531675934791565,0.8024691358024691,1.7881393432617188e-07,0.3019855320453644,0.5103868842124939,cfg02_G3_D32,cfg02_G3_D32,2.171714791969862,cuda
validation,2948,1794,Warm C,-0.001086889998987317,0.1111111119389534,0.13810503482818604,0.7901234567901234,2.384185791015625e-07,0.36655083298683167,0.5133751630783081,cfg02_G3_D32,cfg02_G3_D32,2.171714791969862,cuda
validation,2985,1817,Cold,0.003627501893788576,0.1111110970377922,0.10213343799114227,0.8641975308641975,2.384185791015625e-07,0.0,0.0,cfg02_G3_D32,cfg02_G3_D32,2.171714791969862,cuda
validation,2985,1817,Warm A,0.006971239112317562,0.1111111119389534,0.13038168847560883,0.7530864197530864,2.980232238769531e-07,0.22747816145420074,0.4850793480873108,cfg02_G3_D32,cfg02_G3_D32,2.171714791969862,cuda
validation,2985,1817,Warm B,0.003318834351375699,0.111111119389534,0.10471270233392715,0.8765432098765432,2.384185791015625e-07,0.258960098028183,0.8185710906982422,cfg02_G3_D32,cfg02_G3_D32,2.171714791969862,cuda
validation,2985,1817,Warm C,-0.0009287259890697896,0.1111110970377922,0.08376315236091614,0.9259259259259259,1.7881393432617188e-07,0.40601837635040283,0.684001088142395,cfg02_G3_D32,cfg02_G3_D32,2.171714791969862,cuda
validation,2987,1819,Cold,-0.0009578628232702613,0.1111111119389534,0.07262808084487915,0.9629629629629629,2.384185791015625e-07,0.0,0.0,cfg02_G3_D32,cfg02_G3_D32,2.171714791969862,cuda
validation,2987,1819,Warm A,0.002188321901485324,0.1111111119389534,0.09663178026676178,0.8888888888888888,1.1920928955078125e-07,0.20580342411994934,0.6280550360679626,cfg02_G3_D32,cfg02_G3_D32,2.171714791969862,cuda
validation,2987,1819,Warm B,-0.0009609193075448275,0.1111111119389534,0.0739331841468811,0.9876543209876543,2.384185791015625e-07,0.23253701627254486,0.6482517123222351,cfg02_G3_D32,cfg02_G3_D32,2.171714791969862,cuda
validation,2987,1819,Warm C,-0.004516201559454203,0.1111111119389534,0.07289191335439682,1.0,1.1920928955078125e-07,0.3426329493522644,0.39599019289016724,cfg02_G3_D32,cfg02_G3_D32,2.171714791969862,cuda
validation,3005,1830,Cold,-0.0003979011671617627,0.1111110970377922,0.08326118439435959,0.9259259259259259,2.384185791015625e-07,0.0,0.0,cfg02_G3_D32,cfg02_G3_D32,2.171714791969862,cuda
validation,3005,1830,Warm A,0.002563613699749112,0.1111110970377922,0.10536765307188034,0.8765432098765432,1.1920928955078125e-07,0.23645196855068207,0.547066330909729,cfg02_G3_D32,cfg02_G3_D32,2.171714791969862,cuda
validation,3005,1830,Warm B,0.0013015982694923878,0.1111111119389534,0.08469166606664658,0.9259259259259259,1.7881393432617188e-07,0.273875892162323,0.6990251541137695,cfg02_G3_D32,cfg02_G3_D32,2.171714791969862,cuda
validation,3005,1830,Warm C,6.57752898405306e-05,0.1111111119389534,0.08105206489562988,0.9259259259259259,1.7881393432617188e-07,0.36097127199172974,0.5735476016998291,cfg02_G3_D32,cfg02_G3_D32,2.171714791969862,cuda
validation,3022,1841,Cold,-0.003703763708472252,0.1111110970377922,0.206252321600914,0.41975308641975306,1.1920928955078125e-07,0.0,0.0,cfg02_G3_D32,cfg02_G3_D32,2.171714791969862,cuda
validation,3022,1841,Warm A,-0.005224341526627541,0.1111111119389534,0.20484302937984467,0.4567901234567901,2.384185791015625e-07,0.2132253348827362,0.37195268273353577,cfg02_G3_D32,cfg02_G3_D32,2.171714791969862,cuda
validation,3022,1841,Warm B,-0.0085984505712986,0.111111119389534,0.20369583368301392,0.4444444444444444,2.384185791015625e-07,0.39349496364593506,0.18990086019039154,cfg02_G3_D32,cfg02_G3_D32,2.171714791969862,cuda
validation,3022,1841,Warm C,-0.009836321696639061,0.1111111119389534,0.20245110988616943,0.4567901234567901,1.1920928955078125e-07,0.5626776814460754,0.2704014778137207,cfg02_G3_D32,cfg02_G3_D32,2.171714791969862,cuda
validation,3037,1851,Cold,-0.0014334366424009204,0.1111111119389534,0.1211203783750534,0.8641975308641975,2.384185791015625e-07,0.0,0.0,cfg02_G3_D32,cfg02_G3_D32,2.171714791969862,cuda
validation,3037,1851,Warm A,-0.0030528914649039507,0.111111119389534,0.11609193682670593,0.9012345679012346,2.384185791015625e-07,0.23022159934043884,0.48381349444389343,cfg02_G3_D32,cfg02_G3_D32,2.171714791969862,cuda
validation,3037,1851,Warm B,-0.003678173292428255,0.1111110970377922,0.12172028422355652,0.8518518518518519,2.384185791015625e-07,0.32472285628318787,0.4027101695537567,cfg02_G3_D32,cfg02_G3_D32,2.171714791969862,cuda
validation,3037,1851,Warm C,-0.004494147840887308,0.1111111119389534,0.12195209413766861,0.8518518518518519,3.5762786865234375e-07,0.5027531385421753,0.2556777894496918,cfg02_G3_D32,cfg02_G3_D32,2.171714791969862,cuda
validation,3040,1854,Cold,-0.001661475282162428,0.1111111119389534,0.09039062261581421,0.9506172839506173,2.384185791015625e-07,0.0,0.0,cfg02_G3_D32,cfg02_G3_D32,2.171714791969862,cuda
validation,3040,1854,Warm A,0.00011052361514884979,0.1111111119389534,0.1074802428483963,0.8765432098765432,4.76837158203125e-07,0.24374940991401672,0.5376240015029907,cfg02_G3_D32,cfg02_G3_D32,2.171714791969862,cuda
validation,3040,1854,Warm B,0.00380755215883255,0.111111119389534,0.12550726532936096,0.7407407407407407,1.1920928955078125e-07,0.3659627139568329,0.45006686449050903,cfg02_G3_D32,cfg02_G3_D32,2.171714791969862,cuda
validation,3040,1854,Warm C,0.002319756895303726,0.1111111119389534,0.10661675781011581,0.8765432098765432,1.1920928955078125e-07,0.268998920917511,0.5888089537620544,cfg02_G3_D32,cfg02_G3_D32,2.171714791969862,cuda
validation,3062,1868,Cold,-0.0030115891713649035,0.1111111119389534,0.14758111536502838,0.7654320987654321,1.1920928955078125e-07,0.0,0.0,cfg02_G3_D32,cfg02_G3_D32,2.171714791969862,cuda
validation,3062,1868,Warm A,-0.00047830300172790885,0.1111110970377922,0.14705991744995117,0.7160493827160493,2.384185791015625e-07,0.22857168316841125,0.629082977771759,cfg02_G3_D32,cfg02_G3_D32,2.171714791969862,cuda
validation,3062,1868,Warm B,-0.0035540645476430655,0.1111111119389534,0.1446409970521927,0.7777777777777778,1.1920928955078125e-07,0.34649142622947693,0.471123069524765,cfg02_G3_D32,cfg02_G3_D32,2.171714791969862,cuda
validation,3062,1868,Warm C,-0.002201678929850459,0.1111110970377922,0.14784906804561615,0.7160493827160493,1.7881393432617188e-07,0.4495316743850708,0.5028368830680847,cfg02_G3_D32,cfg02_G3_D32,2.171714791969862,cuda
validation,3072,1875,Cold,-0.0006217706832103431,0.1111111119389534,0.07269825041294098,0.9753086419753086,1.1920928955078125e-07,0.0,0.0,cfg02_G3_D32,cfg02_G3_D32,2.171714791969862,cuda
validation,3072,1875,Warm A,-0.0038145945873111486,0.1111110970377922,0.06867016851902008,1.0,2.384185791015625e-07,0.239566832780838,0.6079375147819519,cfg02_G3_D32,cfg02_G3_D32,2.171714791969862,cuda
validation,3072,1875,Warm B,-0.006378048099577427,0.1111111119389534,0.07665202021598816,0.9753086419753086,2.384185791015625e-07,0.34406033158302307,0.4966742694377899,cfg02_G3_D32,cfg02_G3_D32,2.171714791969862,cuda
validation,3072,1875,Warm C,-0.004709811881184578,0.1111111119389534,0.07223944365978241,0.9753086419753086,1.7881393432617188e-07,0.35457202792167664,0.5251995921134949,cfg02_G3_D32,cfg02_G3_D32,2.171714791969862,cuda
validation,3081,1882,Cold,0.0008267922094091773,0.1111110970377922,0.07112113386392593,0.9753086419753086,1.1920928955078125e-07,0.0,0.0,cfg02_G3_D32,cfg02_G3_D32,2.171714791969862,cuda
validation,3081,1882,Warm A,-0.0007291111396625638,0.1111111119389534,0.06184837967157364,0.9876543209876543,1.1920928955078125e-07,0.23216387629508972,0.6725918054580688,cfg02_G3_D32,cfg02_G3_D32,2.171714791969862,cuda
validation,3081,1882,Warm B,-0.00016734027303755283,0.111111119389534,0.06830885261297226,0.9876543209876543,2.384185791015625e-07,0.39135104417800903,0.5709152221679688,cfg02_G3_D32,cfg02_G3_D32,2.171714791969862,cuda
validation,3081,1882,Warm C,0.00033072399673983455,0.111111119389534,0.06854062527418137,0.9753086419753086,1.1920928955078125e-07,0.47976839542388916,0.56714928150177,cfg02_G3_D32,cfg02_G3_D32,2.171714791969862,cuda
validation,3088,1887,Cold,-0.0029773716814816,0.1111111119389534,0.17427760362625122,0.6296296296296297,1.1920928955078125e-07,0.0,0.0,cfg02_G3_D32,cfg02_G3_D32,2.171714791969862,cuda
validation,3088,1887,Warm A,-0.0024882815778255463,0.1111111119389534,0.17616839706897736,0.6296296296296297,1.1920928955078125e-07,0.22371256351470947,0.47156834602355957,cfg02_G3_D32,cfg02_G3_D32,2.171714791969862,cuda
validation,3088,1887,Warm B,0.0007891681743785739,0.1111110970377922,0.17775431275367737,0.5925925925925926,1.1920928955078125e-07,0.31152114272117615,0.41542792320251465,cfg02_G3_D32,cfg02_G3_D32,2.171714791969862,cuda
validation,3088,1887,Warm C,0.0018139202147722244,0.1111111119389534,0.1815478354692459,0.5555555555555556,2.384185791015625e-07,0.41491761803627014,0.664409339427948,cfg02_G3_D32,cfg02_G3_D32,2.171714791969862,cuda
validation,3089,1888,Cold,-0.004133694805204868,0.111111119389534,0.1817939430475235,0.5802469135802469,1.1920928955078125e-07,0.0,0.0,cfg02_G3_D32,cfg02_G3_D32,2.171714791969862,cuda
validation,3089,1888,Warm A,-0.005965125281363726,0.1111111119389534,0.17804349958896637,0.6049382716049383,1.7881393432617188e-07,0.24011628329753876,0.32412418723106384,cfg02_G3_D32,cfg02_G3_D32,2.171714791969862,cuda
validation,3089,1888,Warm B,-0.001500678132288158,0.1111111119389534,0.1794423907995224,0.5925925925925926,2.384185791015625e-07,0.31301313638687134,0.4659174978733063,cfg02_G3_D32,cfg02_G3_D32,2.171714791969862,cuda
validation,3089,1888,Warm C,-0.002582716289907694,0.1111110970377922,0.18051816523075104,0.5925925925925926,2.384185791015625e-07,0.3274010419845581,0.5878866314888,cfg02_G3_D32,cfg02_G3_D32,2.171714791969862,cuda
validation,3100,1898,Cold,-0.002063285792246461,0.1111111119389534,0.06751184910535812,0.9876543209876543,2.384185791015625e-07,0.0,0.0,cfg02_G3_D32,cfg02_G3_D32,2.171714791969862,cuda
validation,3100,1898,Warm A,0.0007972512976266444,0.1111111119389534,0.08016636967658997,0.9506172839506173,2.384185791015625e-07,0.21821224689483643,0.5355685949325562,cfg02_G3_D32,cfg02_G3_D32,2.171714791969862,cuda
validation,3100,1898,Warm B,-0.0016976011684164405,0.1111110970377922,0.06496227532625198,0.9876543209876543,2.384185791015625e-07,0.3108046054840088,0.5862365365028381,cfg02_G3_D32,cfg02_G3_D32,2.171714791969862,cuda
validation,3100,1898,Warm C,0.0003235070616938174,0.1111111119389534,0.08359120041131973,0.9506172839506173,1.1920928955078125e-07,0.3960411250591278,0.548967182636261,cfg02_G3_D32,cfg02_G3_D32,2.171714791969862,cuda
validation,3145,1922,Cold,-0.0018664166564121842,0.1111111119389534,0.06460874527692795,0.9876543209876543,1.7881393432617188e-07,0.0,0.0,cfg02_G3_D32,cfg02_G3_D32,2.171714791969862,cuda
validation,3145,1922,Warm A,0.0006621645297855139,0.11111113429069519,0.07706877589225769,0.9382716049382716,2.384185791015625e-07,0.24486522376537323,0.8495187759399414,cfg02_G3_D32,cfg02_G3_D32,2.171714791969862,cuda
validation,3145,1922,Warm B,-0.00010713833762565628,0.1111111119389534,0.06756258010864258,0.9753086419753086,1.7881393432617188e-07,0.3650417923927307,0.7951526641845703,cfg02_G3_D32,cfg02_G3_D32,2.171714791969862,cuda
validation,3145,1922,Warm C,-0.0001833579590311274,0.111111119389534,0.06992693245410919,0.9629629629629629,1.7881393432617188e-07,0.42366963624954224,0.5570048689842224,cfg02_G3_D32,cfg02_G3_D32,2.171714791969862,cuda
validation,3146,1923,Cold,-0.0004935896722599864,0.1111111119389534,0.06789738684892654,0.9876543209876543,2.384185791015625e-07,0.0,0.0,cfg02_G3_D32,cfg02_G3_D32,2.171714791969862,cuda
validation,3146,1923,Warm A,0.0020898168440908194,0.1111111119389534,0.09032052010297775,0.8765432098765432,1.1920928955078125e-07,0.238593190908432,0.5656347274780273,cfg02_G3_D32,cfg02_G3_D32,2.171714791969862,cuda
validation,3146,1923,Warm B,0.0030531641095876694,0.1111111119389534,0.10491012036800385,0.8518518518518519,2.384185791015625e-07,0.31878501176834106,0.6866046190261841,cfg02_G3_D32,cfg02_G3_D32,2.171714791969862,cuda
validation,3146,1923,Warm C,0.005497718695551157,0.1111111119389534,0.12008049339056015,0.7160493827160493,1.1920928955078125e-07,0.443284273147583,0.4885585904121399,cfg02_G3_D32,cfg02_G3_D32,2.171714791969862,cuda
validation,3156,1929,Cold,-0.0005902394186705351,0.1111111119389534,0.06772633641958237,0.9753086419753086,1.1920928955078125e-07,0.0,0.0,cfg02_G3_D32,cfg02_G3_D32,2.171714791969862,cuda
validation,3156,1929,Warm A,0.004213186912238598,0.1111110970377922,0.09918611496686935,0.8765432098765432,1.7881393432617188e-07,0.22927063703536987,0.5580381751060486,cfg02_G3_D32,cfg02_G3_D32,2.171714791969862,cuda
validation,3156,1929,Warm B,0.005437138490378857,0.1111111119389534,0.1240103468298912,0.7407407407407407,2.980232238769531e-07,0.37568071484565735,0.48128077387809753,cfg02_G3_D32,cfg02_G3_D32,2.171714791969862,cuda
validation,3156,1929,Warm C,0.002938786055892706,0.1111110970377922,0.09913657605648041,0.8518518518518519,2.384185791015625e-07,0.4163645803928375,0.5474855303764343,cfg02_G3_D32,cfg02_G3_D32,2.171714791969862,cuda
validation,3157,1930,Cold,-9.032563866639975e-06,0.1111110970377922,0.0668029636144638,0.9876543209876543,2.384185791015625e-07,0.0,0.0,cfg02_G3_D32,cfg02_G3_D32,2.171714791969862,cuda
validation,3157,1930,Warm A,-0.0009692030726000667,0.1111111119389534,0.06695503741502762,0.9876543209876543,2.384185791015625e-07,0.24011710286140442,0.7156028747558594,cfg02_G3_D32,cfg02_G3_D32,2.171714791969862,cuda
validation,3157,1930,Warm B,0.0011094198562204838,0.1111111119389534,0.07578898966312408,0.9753086419753086,1.1920928955078125e-07,0.3441007733345032,0.6625863909721375,cfg02_G3_D32,cfg02_G3_D32,2.171714791969862,cuda
validation,3157,1930,Warm C,-0.0013931123539805412,0.1111111119389534,0.07172495871782303,0.9876543209876543,2.384185791015625e-07,0.3697068989276886,0.7781259417533875,cfg02_G3_D32,cfg02_G3_D32,2.171714791969862,cuda
validation,3169,1937,Cold,-0.002475638408213854,0.1111110970377922,0.0826122984290123,0.9629629629629629,1.1920928955078125e-07,0.0,0.0,cfg02_G3_D32,cfg02_G3_D32,2.171714791969862,cuda
validation,3169,1937,Warm A,0.0005970057100057602,0.1111111119389534,0.10030853748321533,0.9135802469135802,1.7881393432617188e-07,0.2431112378835678,0.6244686841964722,cfg02_G3_D32,cfg02_G3_D32,2.171714791969862,cuda
validation,3169,1937,Warm B,0.0024991559330374002,0.1111111119389534,0.11834551393985748,0.8024691358024691,2.384185791015625e-07,0.2935466170310974,0.49897247552871704,cfg02_G3_D32,cfg02_G3_D32,2.171714791969862,cuda
validation,3169,1937,Warm C,-0.0016639006789773703,0.1111111119389534,0.10065970569849014,0.9012345679012346,2.384185791015625e-07,0.3875686824321747,0.526197075843811,cfg02_G3_D32,cfg02_G3_D32,2.171714791969862,cuda
validation,3203,1959,Cold,-0.0005195684498175979,0.1111110970377922,0.09042627364397049,0.9382716049382716,1.1920928955078125e-07,0.0,0.0,cfg02_G3_D32,cfg02_G3_D32,2.171714791969862,cuda
validation,3203,1959,Warm A,0.0033040903508663177,0.1111111119389534,0.10377119481563568,0.8765432098765432,2.384185791015625e-07,0.23828564584255219,0.6680957674980164,cfg02_G3_D32,cfg02_G3_D32,2.171714791969862,cuda
validation,3203,1959,Warm B,-0.0009017640259116888,0.1111111119389534,0.08896985650062561,0.9506172839506173,1.7881393432617188e-07,0.20008832216262817,0.4489864408969879,cfg02_G3_D32,cfg02_G3_D32,2.171714791969862,cuda
validation,3203,1959,Warm C,-0.0021025417372584343,0.1111110970377922,0.09186410903930664,0.9382716049382716,4.76837158203125e-07,0.300947368144989,0.6142545342445374,cfg02_G3_D32,cfg02_G3_D32,2.171714791969862,cuda
validation,3213,1965,Cold,0.0006788816535845399,0.1111111119389534,0.07297195494174957,0.9629629629629629,1.1920928955078125e-07,0.0,0.0,cfg02_G3_D32,cfg02_G3_D32,2.171714791969862,cuda
validation,3213,1965,Warm A,0.00020699134620372206,0.1111111119389534,0.06364532560110092,0.9876543209876543,2.384185791015625e-07,0.23999722301959991,0.6514459848403931,cfg02_G3_D32,cfg02_G3_D32,2.171714791969862,cuda
validation,3213,1965,Warm B,0.0014146373141556978,0.1111110970377922,0.0674285814166069,1.0,2.384185791015625e-07,0.32553890347480774,0.7171820402145386,cfg02_G3_D32,cfg02_G3_D32,2.171714791969862,cuda
validation,3213,1965,Warm C,0.0044533610343933105,0.1111111119389534,0.08577282726764679,0.9012345679012346,2.384185791015625e-07,0.4495835304260254,0.6014090776443481,cfg02_G3_D32,cfg02_G3_D32,2.171714791969862,cuda
validation,3219,1968,Cold,0.0007902160286903381,0.1111111119389534,0.09369836002588272,0.9259259259259259,1.7881393432617188e-07,0.0,0.0,cfg02_G3_D32,cfg02_G3_D32,2.171714791969862,cuda
validation,3219,1968,Warm A,0.004604840185493231,0.1111111119389534,0.12195917218923569,0.7901234567901234,1.1920928955078125e-07,0.2388942837715149,0.5095265507698059,cfg02_G3_D32,cfg02_G3_D32,2.171714791969862,cuda
validation,3219,1968,Warm B,0.004750590771436691,0.1111111119389534,0.1322866678237915,0.7037037037037037,1.1920928955078125e-07,0.3542993366718292,0.6501266360282898,cfg02_G3_D32,cfg02_G3_D32,2.171714791969862,cuda
validation,3219,1968,Warm C,0.006475712172687054,0.1111111119389534,0.1492961347103119,0.6049382716049383,1.1920928955078125e-07,0.44413572549819946,0.5683388710021973,cfg02_G3_D32,cfg02_G3_D32,2.171714791969862,cuda
validation,3238,1973,Cold,-0.0002518190594855696,0.1111111119389534,0.0844622254371643,0.9259259259259259,2.384185791015625e-07,0.0,0.0,cfg02_G3_D32,cfg02_G3_D32,2.171714791969862,cuda
validation,3238,1973,Warm A,0.0029505151323974133,0.1111110970377922,0.10608518868684769,0.8888888888888888,2.384185791015625e-07,0.24431905150413513,0.6577284336090088,cfg02_G3_D32,cfg02_G3_D32,2.171714791969862,cuda
validation,3238,1973,Warm B,0.006964776199311018,0.1111111119389534,0.1307084709405899,0.7283950617283951,2.384185791015625e-07,0.389220267534256,0.42387619614601135,cfg02_G3_D32,cfg02_G3_D32,2.171714791969862,cuda
validation,3238,1973,Warm C,0.008176674135029316,0.1111111119389534,0.14191967248916626,0.6666666666666666,2.384185791015625e-07,0.5197936296463013,0.4364442825317383,cfg02_G3_D32,cfg02_G3_D32,2.171714791969862,cuda
validation,3246,1976,Cold,-0.0016676216619089246,0.1111111119389534,0.06676163524389267,0.9876543209876543,1.7881393432617188e-07,0.0,0.0,cfg02_G3_D32,cfg02_G3_D32,2.171714791969862,cuda
validation,3246,1976,Warm A,-0.00402648001909256,0.1111111119389534,0.06479047238826752,1.0,1.7881393432617188e-07,0.2468482255935669,0.5881770849227905,cfg02_G3_D32,cfg02_G3_D32,2.171714791969862,cuda
validation,3246,1976,Warm B,-0.0010052123107016087,0.111111119389534,0.07411772757768631,0.9506172839506173,2.384185791015625e-07,0.3488510251045227,0.5577750205993652,cfg02_G3_D32,cfg02_G3_D32,2.171714791969862,cuda
validation,3246,1976,Warm C,0.0008175630355253816,0.1111111119389534,0.08145395666360855,0.9506172839506173,1.1920928955078125e-07,0.3863622844219208,0.752077579498291,cfg02_G3_D32,cfg02_G3_D32,2.171714791969862,cuda
validation,3255,1985,Cold,-0.0013269425835460424,0.11111113429069519,0.06691787391901016,0.9876543209876543,2.384185791015625e-07,0.0,0.0,cfg02_G3_D32,cfg02_G3_D32,2.171714791969862,cuda
validation,3255,1985,Warm A,-0.00454414589330554,0.1111110970377922,0.06756256520748138,1.0,2.384185791015625e-07,0.23727862536907196,0.5040040612220764,cfg02_G3_D32,cfg02_G3_D32,2.171714791969862,cuda
validation,3255,1985,Warm B,-0.0018102488247677684,0.1111111119389534,0.07580431550741196,0.9629629629629629,1.7881393432617188e-07,0.32571738958358765,0.5982815027236938,cfg02_G3_D32,cfg02_G3_D32,2.171714791969862,cuda
validation,3255,1985,Warm C,-0.0003280054370407015,0.1111110970377922,0.09642670303583145,0.9012345679012346,1.1920928955078125e-07,0.43325161933898926,0.5978010296821594,cfg02_G3_D32,cfg02_G3_D32,2.171714791969862,cuda
validation,3257,1987,Cold,0.00028524358640424907,0.1111111119389534,0.0811004564166069,0.9629629629629629,2.980232238769531e-07,0.0,0.0,cfg02_G3_D32,cfg02_G3_D32,2.171714791969862,cuda
validation,3257,1987,Warm A,0.005539808887988329,0.111111119389534,0.11124621331691742,0.8641975308641975,2.384185791015625e-07,0.2483403980731964,0.5193564891815186,cfg02_G3_D32,cfg02_G3_D32,2.171714791969862,cuda
validation,3257,1987,Warm B,0.005412002559751272,0.1111111119389534,0.13319209218025208,0.7283950617283951,2.384185791015625e-07,0.35991060733795166,0.48438760638237,cfg02_G3_D32,cfg02_G3_D32,2.171714791969862,cuda
validation,3257,1987,Warm C,0.005450789351016283,0.111111119389534,0.1395140290260315,0.691358024691358,2.384185791015625e-07,0.4506087899208069,0.5177017450332642,cfg02_G3_D32,cfg02_G3_D32,2.171714791969862,cuda
validation,3260,1990,Cold,-0.00020751044212374836,0.1111111119389534,0.07359246909618378,0.9629629629629629,2.384185791015625e-07,0.0,0.0,cfg02_G3_D32,cfg02_G3_D32,2.171714791969862,cuda
validation,3260,1990,Warm A,-0.0033236101735383272,0.1111111119389534,0.06650061905384064,0.9876543209876543,2.384185791015625e-07,0.22263182699680328,0.523807942867279,cfg02_G3_D32,cfg02_G3_D32,2.171714791969862,cuda
validation,3260,1990,Warm B,-0.004486734513193369,0.1111111119389534,0.06471623480319977,0.9876543209876543,2.384185791015625e-07,0.3097690939903259,0.6144617199897766,cfg02_G3_D32,cfg02_G3_D32,2.171714791969862,cuda
validation,3260,1990,Warm C,-0.005036049988120794,0.1111111119389534,0.06767422705888748,0.9506172839506173,1.1920928955078125e-07,0.42928436398506165,0.44234296679496765,cfg02_G3_D32,cfg02_G3_D32,2.171714791969862,cuda
validation,3273,2002,Cold,5.82810644118581e-05,0.1111111119389534,0.07275000959634781,0.9629629629629629,1.7881393432617188e-07,0.0,0.0,cfg02_G3_D32,cfg02_G3_D32,2.171714791969862,cuda
validation,3273,2002,Warm A,0.0023985758889466524,0.1111111119389534,0.0992284044623375,0.8641975308641975,1.1920928955078125e-07,0.23153138160705566,0.6998240351676941,cfg02_G3_D32,cfg02_G3_D32,2.171714791969862,cuda
validation,3273,2002,Warm B,0.002820119494572282,0.1111111119389534,0.09928283840417862,0.8641975308641975,1.1920928955078125e-07,0.38342416286468506,0.5483007431030273,cfg02_G3_D32,cfg02_G3_D32,2.171714791969862,cuda
validation,3273,2002,Warm C,0.005111320875585079,0.111111119389534,0.12775501608848572,0.7037037037037037,1.1920928955078125e-07,0.45740601420402527,0.3342040181159973,cfg02_G3_D32,cfg02_G3_D32,2.171714791969862,cuda
validation,3301,2012,Cold,-0.0011221419554203749,0.1111111119389534,0.06941159069538116,0.9753086419753086,1.1920928955078125e-07,0.0,0.0,cfg02_G3_D32,cfg02_G3_D32,2.171714791969862,cuda
validation,3301,2012,Warm A,0.0007295414688996971,0.111111119389534,0.08464452624320984,0.9629629629629629,2.384185791015625e-07,0.2128334790468216,0.5750717520713806,cfg02_G3_D32,cfg02_G3_D32,2.171714791969862,cuda
validation,3301,2012,Warm B,0.0028657009825110435,0.1111111119389534,0.09872568398714066,0.9012345679012346,2.384185791015625e-07,0.33549684286117554,0.5753892064094543,cfg02_G3_D32,cfg02_G3_D32,2.171714791969862,cuda
validation,3301,2012,Warm C,0.0011454250197857618,0.1111111119389534,0.06907957792282104,0.9506172839506173,1.1920928955078125e-07,0.3705199956893921,0.6767985820770264,cfg02_G3_D32,cfg02_G3_D32,2.171714791969862,cuda
validation,3316,2016,Cold,-0.0006104941130615771,0.111111119389534,0.07839839160442352,0.9382716049382716,1.1920928955078125e-07,0.0,0.0,cfg02_G3_D32,cfg02_G3_D32,2.171714791969862,cuda
validation,3316,2016,Warm A,0.001894645276479423,0.1111111119389534,0.10135900229215622,0.8518518518518519,1.1920928955078125e-07,0.23382271826267242,0.4759005010128021,cfg02_G3_D32,cfg02_G3_D32,2.171714791969862,cuda
validation,3316,2016,Warm B,-0.0013917876640334725,0.1111111119389534,0.08352882415056229,0.9382716049382716,1.7881393432617188e-07,0.2492300271987915,0.6586430072784424,cfg02_G3_D32,cfg02_G3_D32,2.171714791969862,cuda
validation,3316,2016,Warm C,0.0015949724474921823,0.1111111119389534,0.1063593178987503,0.8271604938271605,1.1920928955078125e-07,0.3937215209007263,0.5534149408340454,cfg02_G3_D32,cfg02_G3_D32,2.171714791969862,cuda
validation,3342,2027,Cold,-0.0016487326938658953,0.1111111119389534,0.08293331414461136,0.9629629629629629,2.384185791015625e-07,0.0,0.0,cfg02_G3_D32,cfg02_G3_D32,2.171714791969862,cuda
validation,3342,2027,Warm A,-0.0007018562173470855,0.1111111119389534,0.08592984080314636,0.9629629629629629,2.384185791015625e-07,0.24244320392608643,0.693255603313446,cfg02_G3_D32,cfg02_G3_D32,2.171714791969862,cuda
validation,3342,2027,Warm B,-0.00244059506803751,0.1111111119389534,0.08047319948673248,0.9753086419753086,2.384185791015625e-07,0.29322564601898193,0.6899701356887817,cfg02_G3_D32,cfg02_G3_D32,2.171714791969862,cuda
validation,3342,2027,Warm C,-0.00542724272236228,0.1111111119389534,0.07871701568365097,0.9876543209876543,2.384185791015625e-07,0.3477386236190796,0.3966068625450134,cfg02_G3_D32,cfg02_G3_D32,2.171714791969862,cuda
validation,3355,2031,Cold,-0.0005456069484353065,0.1111110970377922,0.0821438878774643,0.9259259259259259,1.1920928955078125e-07,0.0,0.0,cfg02_G3_D32,cfg02_G3_D32,2.171714791969862,cuda
validation,3355,2031,Warm A,0.0030432334169745445,0.1111111119389534,0.10048392415046692,0.8641975308641975,1.1920928955078125e-07,0.23747509717941284,0.6673824787139893,cfg02_G3_D32,cfg02_G3_D32,2.171714791969862,cuda
validation,3355,2031,Warm B,0.0058369883336126804,0.1111111119389534,0.1302110105752945,0.7037037037037037,1.1920928955078125e-07,0.35452210903167725,0.3570304811000824,cfg02_G3_D32,cfg02_G3_D32,2.171714791969862,cuda
validation,3355,2031,Warm C,0.003996753599494696,0.1111110970377922,0.1226831004023552,0.7654320987654321,1.1920928955078125e-07,0.4876122772693634,0.6424437761306763,cfg02_G3_D32,cfg02_G3_D32,2.171714791969862,cuda
validation,3361,2036,Cold,-0.0006742456462234259,0.1111111119389534,0.0703563466668129,0.9753086419753086,2.384185791015625e-07,0.0,0.0,cfg02_G3_D32,cfg02_G3_D32,2.171714791969862,cuda
validation,3361,2036,Warm A,-0.0008987477049231529,0.1111111119389534,0.08481752872467041,0.9506172839506173,2.384185791015625e-07,0.23986196517944336,0.639546275138855,cfg02_G3_D32,cfg02_G3_D32,2.171714791969862,cuda
validation,3361,2036,Warm B,-0.0016712372889742255,0.111111119389534,0.07680568844079971,0.9876543209876543,2.384185791015625e-07,0.312275230884552,0.6102827787399292,cfg02_G3_D32,cfg02_G3_D32,2.171714791969862,cuda
validation,3361,2036,Warm C,-0.0034518158063292503,0.1111111119389534,0.0762941911816597,0.9753086419753086,2.384185791015625e-07,0.35561513900756836,0.45706674456596375,cfg02_G3_D32,cfg02_G3_D32,2.171714791969862,cuda
validation,3362,2037,Cold,-0.002394798444584012,0.1111110970377922,0.1060653030872345,0.9259259259259259,2.980232238769531e-07,0.0,0.0,cfg02_G3_D32,cfg02_G3_D32,2.171714791969862,cuda
validation,3362,2037,Warm A,-0.0045671239495277405,0.1111110970377922,0.11116370558738708,0.9012345679012346,2.384185791015625e-07,0.24307027459144592,0.612941563129425,cfg02_G3_D32,cfg02_G3_D32,2.171714791969862,cuda
validation,3362,2037,Warm B,-0.008236673660576344,0.1111110970377922,0.10077650099992752,0.9135802469135802,2.384185791015625e-07,0.35597535967826843,0.40568190813064575,cfg02_G3_D32,cfg02_G3_D32,2.171714791969862,cuda
validation,3362,2037,Warm C,-0.009644593112170696,0.1111110970377922,0.10214829444885254,0.9382716049382716,1.7881393432617188e-07,0.4732133150100708,0.48619332909584045,cfg02_G3_D32,cfg02_G3_D32,2.171714791969862,cuda
validation,3408,2062,Cold,-0.001799564459361136,0.1111110970377922,0.06389912962913513,1.0,1.7881393432617188e-07,0.0,0.0,cfg02_G3_D32,cfg02_G3_D32,2.171714791969862,cuda
validation,3408,2062,Warm A,-0.0020425806287676096,0.1111111119389534,0.06924948841333389,0.9876543209876543,1.7881393432617188e-07,0.24104653298854828,0.3744310140609741,cfg02_G3_D32,cfg02_G3_D32,2.171714791969862,cuda
validation,3408,2062,Warm B,-0.002843865193426609,0.1111111119389534,0.06916080415248871,1.0,2.384185791015625e-07,0.26224640011787415,0.5361453890800476,cfg02_G3_D32,cfg02_G3_D32,2.171714791969862,cuda
validation,3408,2062,Warm C,-0.005687639117240906,0.111111119389534,0.07301285117864609,0.9506172839506173,2.384185791015625e-07,0.30714353919029236,0.5525509715080261,cfg02_G3_D32,cfg02_G3_D32,2.171714791969862,cuda
validation,3409,2063,Cold,-0.00021251429279800504,0.1111111119389534,0.07732808589935303,0.9506172839506173,1.7881393432617188e-07,0.0,0.0,cfg02_G3_D32,cfg02_G3_D32,2.171714791969862,cuda
validation,3409,2063,Warm A,0.0019127544946968555,0.1111111119389534,0.08987927436828613,0.9012345679012346,1.1920928955078125e-07,0.24186283349990845,0.6235002279281616,cfg02_G3_D32,cfg02_G3_D32,2.171714791969862,cuda
validation,3409,2063,Warm B,-0.0009031230583786964,0.1111111119389534,0.07017437368631363,0.9259259259259259,1.1920928955078125e-07,0.37084928154945374,0.5109944343566895,cfg02_G3_D32,cfg02_G3_D32,2.171714791969862,cuda
validation,3409,2063,Warm C,0.0024170109536498785,0.1111110970377922,0.09699219465255737,0.8641975308641975,1.1920928955078125e-07,0.3967384696006775,0.5401905179023743,cfg02_G3_D32,cfg02_G3_D32,2.171714791969862,cuda
validation,3438,2081,Cold,0.0050553749315440655,0.1111111119389534,0.1030808612704277,0.8641975308641975,2.384185791015625e-07,0.0,0.0,cfg02_G3_D32,cfg02_G3_D32,2.171714791969862,cuda
validation,3438,2081,Warm A,0.005644429475069046,0.1111111119389534,0.10766866058111191,0.8395061728395061,2.384185791015625e-07,0.23296329379081726,0.6245917677879333,cfg02_G3_D32,cfg02_G3_D32,2.171714791969862,cuda
validation,3438,2081,Warm B,0.008493383415043354,0.1111110970377922,0.1338469386100769,0.6666666666666666,2.384185791015625e-07,0.3824462592601776,0.3182828724384308,cfg02_G3_D32,cfg02_G3_D32,2.171714791969862,cuda
validation,3438,2081,Warm C,0.010767759755253792,0.1111111119389534,0.15345312654972076,0.6049382716049383,2.980232238769531e-07,0.3666885197162628,0.2879173457622528,cfg02_G3_D32,cfg02_G3_D32,2.171714791969862,cuda
validation,3448,2088,Cold,-0.0016781899612396955,0.1111110970377922,0.07415889948606491,0.9753086419753086,1.1920928955078125e-07,0.0,0.0,cfg02_G3_D32,cfg02_G3_D32,2.171714791969862,cuda
validation,3448,2088,Warm A,0.0007749361684545875,0.1111111119389534,0.09040849655866623,0.9259259259259259,2.384185791015625e-07,0.2306121587753296,0.6255800127983093,cfg02_G3_D32,cfg02_G3_D32,2.171714791969862,cuda
validation,3448,2088,Warm B,-0.0032454337924718857,0.1111111119389534,0.0762699693441391,0.9629629629629629,3.5762786865234375e-07,0.40255069732666016,0.437678724527359,cfg02_G3_D32,cfg02_G3_D32,2.171714791969862,cuda
validation,3448,2088,Warm C,-0.004553039558231831,0.111111119389534,0.06787523627281189,0.9753086419753086,1.1920928955078125e-07,0.40689539909362793,0.5187803506851196,cfg02_G3_D32,cfg02_G3_D32,2.171714791969862,cuda
validation,3450,2089,Cold,-0.0006862267036922276,0.111111119389534,0.0680466815829277,0.9876543209876543,2.384185791015625e-07,0.0,0.0,cfg02_G3_D32,cfg02_G3_D32,2.171714791969862,cuda
validation,3450,2089,Warm A,0.0036901081912219524,0.1111111119389534,0.08684691786766052,0.9259259259259259,1.1920928955078125e-07,0.23689042031764984,0.6796097755432129,cfg02_G3_D32,cfg02_G3_D32,2.171714791969862,cuda
validation,3450,2089,Warm B,0.000759166432544589,0.1111110970377922,0.06907719373703003,0.9506172839506173,2.384185791015625e-07,0.32365700602531433,0.658674955368042,cfg02_G3_D32,cfg02_G3_D32,2.171714791969862,cuda
validation,3450,2089,Warm C,-0.0014843617100268602,0.1111111119389534,0.06722629070281982,0.9753086419753086,1.7881393432617188e-07,0.374850869178772,0.484117716550827,cfg02_G3_D32,cfg02_G3_D32,2.171714791969862,cuda
validation,3462,2097,Cold,-0.0033234218135476112,0.1111111119389534,0.19498203694820404,0.5432098765432098,2.384185791015625e-07,0.0,0.0,cfg02_G3_D32,cfg02_G3_D32,2.171714791969862,cuda
validation,3462,2097,Warm A,0.00021902674052398652,0.1111111119389534,0.19246943295001984,0.5185185185185185,2.384185791015625e-07,0.2305271327495575,0.6187283396720886,cfg02_G3_D32,cfg02_G3_D32,2.171714791969862,cuda
validation,3462,2097,Warm B,-0.002080399775877595,0.1111111119389534,0.19045628607273102,0.5555555555555556,1.7881393432617188e-07,0.3419908583164215,0.5098839998245239,cfg02_G3_D32,cfg02_G3_D32,2.171714791969862,cuda
validation,3462,2097,Warm C,-0.003546071005985141,0.1111111119389534,0.19232982397079468,0.5555555555555556,1.1920928955078125e-07,0.3617513179779053,0.32909509539604187,cfg02_G3_D32,cfg02_G3_D32,2.171714791969862,cuda
validation,3468,2100,Cold,-0.003227873705327511,0.1111110970377922,0.15169872343540192,0.7283950617283951,2.384185791015625e-07,0.0,0.0,cfg02_G3_D32,cfg02_G3_D32,2.171714791969862,cuda
validation,3468,2100,Warm A,-0.005981732159852982,0.1111111119389534,0.15082842111587524,0.7160493827160493,1.1920928955078125e-07,0.23549972474575043,0.5491210222244263,cfg02_G3_D32,cfg02_G3_D32,2.171714791969862,cuda
validation,3468,2100,Warm B,-0.006196875125169754,0.111111119389534,0.14843103289604187,0.7654320987654321,2.384185791015625e-07,0.34172603487968445,0.34599822759628296,cfg02_G3_D32,cfg02_G3_D32,2.171714791969862,cuda
validation,3468,2100,Warm C,-0.008001224137842655,0.111111119389534,0.14989955723285675,0.7283950617283951,1.1920928955078125e-07,0.4550943970680237,0.27638861536979675,cfg02_G3_D32,cfg02_G3_D32,2.171714791969862,cuda
validation,3476,2105,Cold,1.6995349142234772e-05,0.1111110970377922,0.07079090923070908,0.9753086419753086,1.7881393432617188e-07,0.0,0.0,cfg02_G3_D32,cfg02_G3_D32,2.171714791969862,cuda
validation,3476,2105,Warm A,-0.0003114346764050424,0.111111119389534,0.06487179547548294,0.9876543209876543,2.384185791015625e-07,0.2465185672044754,0.6882092356681824,cfg02_G3_D32,cfg02_G3_D32,2.171714791969862,cuda
validation,3476,2105,Warm B,-0.000694841262884438,0.1111110970377922,0.07266638427972794,0.9506172839506173,2.384185791015625e-07,0.4397231936454773,0.68840092420578,cfg02_G3_D32,cfg02_G3_D32,2.171714791969862,cuda
validation,3476,2105,Warm C,-0.000603171531111002,0.1111111119389534,0.07279838621616364,0.9753086419753086,1.1920928955078125e-07,0.3697618842124939,0.6868967413902283,cfg02_G3_D32,cfg02_G3_D32,2.171714791969862,cuda
validation,3477,2106,Cold,-0.0015749094309285283,0.1111111119389534,0.06384057551622391,1.0,1.1920928955078125e-07,0.0,0.0,cfg02_G3_D32,cfg02_G3_D32,2.171714791969862,cuda
validation,3477,2106,Warm A,0.0006216014735400677,0.1111111119389534,0.08374906331300735,0.9382716049382716,2.384185791015625e-07,0.2512252926826477,0.6138374209403992,cfg02_G3_D32,cfg02_G3_D32,2.171714791969862,cuda
validation,3477,2106,Warm B,-0.002874331083148718,0.1111111119389534,0.0683048665523529,0.9876543209876543,1.7881393432617188e-07,0.2665020823478699,0.7398708462715149,cfg02_G3_D32,cfg02_G3_D32,2.171714791969862,cuda
validation,3477,2106,Warm C,-8.129498746711761e-05,0.1111111119389534,0.08063223212957382,0.9506172839506173,2.384185791015625e-07,0.3406999409198761,0.553520143032074,cfg02_G3_D32,cfg02_G3_D32,2.171714791969862,cuda
validation,3501,2121,Cold,-0.0008984340820461512,0.1111111119389534,0.07711774110794067,0.9629629629629629,1.1920928955078125e-07,0.0,0.0,cfg02_G3_D32,cfg02_G3_D32,2.171714791969862,cuda
validation,3501,2121,Warm A,-0.004128062631934881,0.1111111119389534,0.07656952738761902,1.0,2.384185791015625e-07,0.2463921755552292,0.5823292136192322,cfg02_G3_D32,cfg02_G3_D32,2.171714791969862,cuda
validation,3501,2121,Warm B,0.00022719848493579775,0.111111119389534,0.08344466239213943,0.9506172839506173,3.5762786865234375e-07,0.2947375774383545,0.6054808497428894,cfg02_G3_D32,cfg02_G3_D32,2.171714791969862,cuda
validation,3501,2121,Warm C,-0.003103419905528426,0.111111119389534,0.07687798142433167,0.9506172839506173,2.384185791015625e-07,0.3711659908294678,0.504664421081543,cfg02_G3_D32,cfg02_G3_D32,2.171714791969862,cuda
validation,3513,2133,Cold,-0.001423659734427929,0.1111111119389534,0.07186667621135712,0.9629629629629629,2.384185791015625e-07,0.0,0.0,cfg02_G3_D32,cfg02_G3_D32,2.171714791969862,cuda
validation,3513,2133,Warm A,0.0016250493936240673,0.1111111119389534,0.08852238953113556,0.9382716049382716,2.384185791015625e-07,0.24342331290245056,0.5791682600975037,cfg02_G3_D32,cfg02_G3_D32,2.171714791969862,cuda
validation,3513,2133,Warm B,0.0007910284912213683,0.111111119389534,0.09833040088415146,0.9012345679012346,3.5762786865234375e-07,0.3256117105484009,0.6636089086532593,cfg02_G3_D32,cfg02_G3_D32,2.171714791969862,cuda
validation,3513,2133,Warm C,-0.0011446571443229914,0.1111111119389534,0.08040060102939606,0.9629629629629629,2.384185791015625e-07,0.32864323258399963,0.6670068502426147,cfg02_G3_D32,cfg02_G3_D32,2.171714791969862,cuda
validation,3525,2140,Cold,0.0006400142447091639,0.1111111119389534,0.08338360488414764,0.9506172839506173,1.1920928955078125e-07,0.0,0.0,cfg02_G3_D32,cfg02_G3_D32,2.171714791969862,cuda
validation,3525,2140,Warm A,0.0038849133998155594,0.1111111119389534,0.10082737356424332,0.8641975308641975,2.384185791015625e-07,0.2379627674818039,0.6615146994590759,cfg02_G3_D32,cfg02_G3_D32,2.171714791969862,cuda
validation,3525,2140,Warm B,0.006813958287239075,0.1111111119389534,0.12384714186191559,0.691358024691358,1.1920928955078125e-07,0.317820280790329,0.48875656723976135,cfg02_G3_D32,cfg02_G3_D32,2.171714791969862,cuda
validation,3525,2140,Warm C,0.0046131545677781105,0.1111111119389534,0.10332206636667252,0.8518518518518519,2.384185791015625e-07,0.3575271964073181,0.7299777865409851,cfg02_G3_D32,cfg02_G3_D32,2.171714791969862,cuda
validation,3527,2142,Cold,0.0021787662990391254,0.111111119389534,0.0922946035861969,0.9382716049382716,1.1920928955078125e-07,0.0,0.0,cfg02_G3_D32,cfg02_G3_D32,2.171714791969862,cuda
validation,3527,2142,Warm A,0.006954008247703314,0.1111111119389534,0.12007083743810654,0.7654320987654321,1.1920928955078125e-07,0.2304229885339737,0.5691964030265808,cfg02_G3_D32,cfg02_G3_D32,2.171714791969862,cuda
validation,3527,2142,Warm B,0.005239283666014671,0.1111110970377922,0.10998785495758057,0.8518518518518519,2.384185791015625e-07,0.3128688335418701,0.6533111929893494,cfg02_G3_D32,cfg02_G3_D32,2.171714791969862,cuda
validation,3527,2142,Warm C,0.0033121167216449976,0.111111119389534,0.08024570345878601,0.9629629629629629,1.1920928955078125e-07,0.3367597460746765,0.6744318008422852,cfg02_G3_D32,cfg02_G3_D32,2.171714791969862,cuda
validation,3556,2162,Cold,-0.0014878053916618228,0.1111111119389534,0.06567822396755219,0.9876543209876543,1.1920928955078125e-07,0.0,0.0,cfg02_G3_D32,cfg02_G3_D32,2.171714791969862,cuda
validation,3556,2162,Warm A,-0.004133493173867464,0.1111111119389534,0.06864466518163681,1.0,1.1920928955078125e-07,0.24072866141796112,0.6656237840652466,cfg02_G3_D32,cfg02_G3_D32,2.171714791969862,cuda
validation,3556,2162,Warm B,-0.0012258205097168684,0.1111110970377922,0.06861898303031921,1.0,1.1920928955078125e-07,0.2722877562046051,0.6471668481826782,cfg02_G3_D32,cfg02_G3_D32,2.171714791969862,cuda
validation,3556,2162,Warm C,-0.002838725922629237,0.1111111119389534,0.07235760241746902,0.9876543209876543,2.384185791015625e-07,0.3773845136165619,0.7384478449821472,cfg02_G3_D32,cfg02_G3_D32,2.171714791969862,cuda
validation,3576,2169,Cold,0.0003989833639934659,0.1111111119389534,0.06990503519773483,0.9753086419753086,2.384185791015625e-07,0.0,0.0,cfg02_G3_D32,cfg02_G3_D32,2.171714791969862,cuda
validation,3576,2169,Warm A,-0.0002936007804237306,0.1111110970377922,0.060027435421943665,1.0,1.7881393432617188e-07,0.23694993555545807,0.7099345326423645,cfg02_G3_D32,cfg02_G3_D32,2.171714791969862,cuda
validation,3576,2169,Warm B,0.002134748501703143,0.1111111119389534,0.06232185661792755,1.0,1.1920928955078125e-07,0.41385704278945923,0.8078917860984802,cfg02_G3_D32,cfg02_G3_D32,2.171714791969862,cuda
validation,3576,2169,Warm C,0.0007647747988812625,0.1111110970377922,0.0651605948805809,0.9876543209876543,2.384185791015625e-07,0.45248767733573914,0.5744797587394714,cfg02_G3_D32,cfg02_G3_D32,2.171714791969862,cuda
validation,3618,2188,Cold,-0.0005157726118341088,0.1111111119389534,0.06901179999113083,0.9753086419753086,2.384185791015625e-07,0.0,0.0,cfg02_G3_D32,cfg02_G3_D32,2.171714791969862,cuda
validation,3618,2188,Warm A,-0.0017135447124019265,0.1111111119389534,0.06460639089345932,0.9876543209876543,2.384185791015625e-07,0.23585157096385956,0.641119658946991,cfg02_G3_D32,cfg02_G3_D32,2.171714791969862,cuda
validation,3618,2188,Warm B,-0.00041915738256648183,0.1111111119389534,0.06720612943172455,0.9876543209876543,3.5762786865234375e-07,0.326005756855011,0.6046342849731445,cfg02_G3_D32,cfg02_G3_D32,2.171714791969862,cuda
validation,3618,2188,Warm C,-0.00026825760141946375,0.1111111119389534,0.06721198558807373,0.9629629629629629,1.1920928955078125e-07,0.43774518370628357,0.5851907134056091,cfg02_G3_D32,cfg02_G3_D32,2.171714791969862,cuda
validation,3629,2195,Cold,-0.004409844521433115,0.1111111119389534,0.20714768767356873,0.41975308641975306,1.1920928955078125e-07,0.0,0.0,cfg02_G3_D32,cfg02_G3_D32,2.171714791969862,cuda
validation,3629,2195,Warm A,-0.0013662440469488502,0.1111111119389534,0.20838510990142822,0.43209876543209874,1.1920928955078125e-07,0.23983639478683472,0.5881193280220032,cfg02_G3_D32,cfg02_G3_D32,2.171714791969862,cuda
validation,3629,2195,Warm B,0.0007360295276157558,0.1111111119389534,0.20649456977844238,0.4691358024691358,1.1920928955078125e-07,0.3850215673446655,0.6203624606132507,cfg02_G3_D32,cfg02_G3_D32,2.171714791969862,cuda
validation,3629,2195,Warm C,-0.0010418976889923215,0.1111111119389534,0.2076343297958374,0.4444444444444444,1.1920928955078125e-07,0.4704436659812927,0.49162235856056213,cfg02_G3_D32,cfg02_G3_D32,2.171714791969862,cuda
validation,3702,2235,Cold,0.000508180120959878,0.1111111119389534,0.09312877804040909,0.9382716049382716,1.7881393432617188e-07,0.0,0.0,cfg02_G3_D32,cfg02_G3_D32,2.171714791969862,cuda
validation,3702,2235,Warm A,0.0029060011729598045,0.1111111119389534,0.0878983736038208,0.9629629629629629,1.1920928955078125e-07,0.23725056648254395,0.6600780487060547,cfg02_G3_D32,cfg02_G3_D32,2.171714791969862,cuda
validation,3702,2235,Warm B,-0.0013558665523305535,0.1111111119389534,0.08310119807720184,0.9876543209876543,1.1920928955078125e-07,0.27129003405570984,0.49966907501220703,cfg02_G3_D32,cfg02_G3_D32,2.171714791969862,cuda
validation,3702,2235,Warm C,0.00023410313588101417,0.1111110970377922,0.08482389152050018,1.0,3.5762786865234375e-07,0.30418500304222107,0.6703054308891296,cfg02_G3_D32,cfg02_G3_D32,2.171714791969862,cuda
validation,3705,2238,Cold,0.0007726586190983653,0.1111111119389534,0.08416005223989487,0.9506172839506173,2.384185791015625e-07,0.0,0.0,cfg02_G3_D32,cfg02_G3_D32,2.171714791969862,cuda
validation,3705,2238,Warm A,0.0041495151817798615,0.1111111119389534,0.11307694762945175,0.8024691358024691,1.1920928955078125e-07,0.24158410727977753,0.5015081763267517,cfg02_G3_D32,cfg02_G3_D32,2.171714791969862,cuda
validation,3705,2238,Warm B,0.007970931008458138,0.1111111119389534,0.13784533739089966,0.6419753086419753,1.1920928955078125e-07,0.3725493252277374,0.5285742282867432,cfg02_G3_D32,cfg02_G3_D32,2.171714791969862,cuda
validation,3705,2238,Warm C,0.006763482000678778,0.1111111119389534,0.14519323408603668,0.5925925925925926,2.384185791015625e-07,0.41230395436286926,0.47025585174560547,cfg02_G3_D32,cfg02_G3_D32,2.171714791969862,cuda
validation,3729,2258,Cold,-0.0014629336073994637,0.1111111119389534,0.12082482129335403,0.8888888888888888,2.384185791015625e-07,0.0,0.0,cfg02_G3_D32,cfg02_G3_D32,2.171714791969862,cuda
validation,3729,2258,Warm A,0.0022726773750036955,0.1111110970377922,0.13290691375732422,0.7530864197530864,2.384185791015625e-07,0.23829342424869537,0.6778205037117004,cfg02_G3_D32,cfg02_G3_D32,2.171714791969862,cuda
validation,3729,2258,Warm B,0.005935989785939455,0.1111111119389534,0.14366397261619568,0.654320987654321,1.7881393432617188e-07,0.35107001662254333,0.7847106456756592,cfg02_G3_D32,cfg02_G3_D32,2.171714791969862,cuda
validation,3729,2258,Warm C,0.0029821409843862057,0.1111110970377922,0.12877421081066132,0.7901234567901234,2.384185791015625e-07,0.37732774019241333,0.6110820770263672,cfg02_G3_D32,cfg02_G3_D32,2.171714791969862,cuda
validation,3733,2261,Cold,-0.002582026179879904,0.1111111119389534,0.11561894416809082,0.9012345679012346,2.384185791015625e-07,0.0,0.0,cfg02_G3_D32,cfg02_G3_D32,2.171714791969862,cuda
validation,3733,2261,Warm A,-0.0055525414645671844,0.1111111119389534,0.11273875832557678,0.8765432098765432,2.384185791015625e-07,0.2326543778181076,0.3207875192165375,cfg02_G3_D32,cfg02_G3_D32,2.171714791969862,cuda
validation,3733,2261,Warm B,-0.007529764901846647,0.1111110970377922,0.10943903774023056,0.8765432098765432,1.7881393432617188e-07,0.4099828898906708,0.4019128978252411,cfg02_G3_D32,cfg02_G3_D32,2.171714791969862,cuda
validation,3733,2261,Warm C,-0.006437608506530523,0.1111111119389534,0.11536985635757446,0.8395061728395061,1.7881393432617188e-07,0.4322677552700043,0.6773296594619751,cfg02_G3_D32,cfg02_G3_D32,2.171714791969862,cuda
validation,3735,2262,Cold,-0.002809966215863824,0.1111110970377922,0.11505088955163956,0.9135802469135802,1.7881393432617188e-07,0.0,0.0,cfg02_G3_D32,cfg02_G3_D32,2.171714791969862,cuda
validation,3735,2262,Warm A,-0.004041012842208147,0.1111111119389534,0.1163230761885643,0.8888888888888888,2.384185791015625e-07,0.24059271812438965,0.3223092257976532,cfg02_G3_D32,cfg02_G3_D32,2.171714791969862,cuda
validation,3735,2262,Warm B,-0.003487748559564352,0.1111111119389534,0.11864585429430008,0.8888888888888888,2.384185791015625e-07,0.2579607665538788,0.41651201248168945,cfg02_G3_D32,cfg02_G3_D32,2.171714791969862,cuda
validation,3735,2262,Warm C,-0.0016140928491950035,0.1111110970377922,0.11744922399520874,0.8518518518518519,1.1920928955078125e-07,0.3365394175052643,0.3128460645675659,cfg02_G3_D32,cfg02_G3_D32,2.171714791969862,cuda
validation,3744,2268,Cold,-0.0008958926773630083,0.1111110970377922,0.07189842313528061,0.9753086419753086,1.1920928955078125e-07,0.0,0.0,cfg02_G3_D32,cfg02_G3_D32,2.171714791969862,cuda
validation,3744,2268,Warm A,-0.0024016702082008123,0.1111111119389534,0.07192434370517731,0.9876543209876543,2.384185791015625e-07,0.2470914125442505,0.5513259768486023,cfg02_G3_D32,cfg02_G3_D32,2.171714791969862,cuda
validation,3744,2268,Warm B,-0.0009639743366278708,0.1111111119389534,0.08144509792327881,0.9506172839506173,1.1920928955078125e-07,0.3679790794849396,0.5379105806350708,cfg02_G3_D32,cfg02_G3_D32,2.171714791969862,cuda
validation,3744,2268,Warm C,0.0011177489068359137,0.1111110970377922,0.11400571465492249,0.8395061728395061,2.384185791015625e-07,0.48104265332221985,0.5646221041679382,cfg02_G3_D32,cfg02_G3_D32,2.171714791969862,cuda
validation,3760,2278,Cold,-0.0018957048887386918,0.1111111119389534,0.09656503051519394,0.9259259259259259,2.384185791015625e-07,0.0,0.0,cfg02_G3_D32,cfg02_G3_D32,2.171714791969862,cuda
validation,3760,2278,Warm A,-0.00016790821973700076,0.111111119389534,0.10189598053693771,0.9259259259259259,2.384185791015625e-07,0.24015657603740692,0.6891366839408875,cfg02_G3_D32,cfg02_G3_D32,2.171714791969862,cuda
validation,3760,2278,Warm B,-0.0017650447553023696,0.1111111119389534,0.10625139623880386,0.9012345679012346,2.384185791015625e-07,0.2684006690979004,0.5683791041374207,cfg02_G3_D32,cfg02_G3_D32,2.171714791969862,cuda
validation,3760,2278,Warm C,-0.0013066185638308525,0.1111111119389534,0.11370665580034256,0.8271604938271605,2.384185791015625e-07,0.4189511239528656,0.5675815939903259,cfg02_G3_D32,cfg02_G3_D32,2.171714791969862,cuda
validation,3841,2326,Cold,0.0005763996741734445,0.1111111119389534,0.07557910680770874,0.9629629629629629,2.384185791015625e-07,0.0,0.0,cfg02_G3_D32,cfg02_G3_D32,2.171714791969862,cuda
validation,3841,2326,Warm A,0.001974646467715502,0.1111110970377922,0.1048770472407341,0.8641975308641975,1.1920928955078125e-07,0.24196378886699677,0.3877803087234497,cfg02_G3_D32,cfg02_G3_D32,2.171714791969862,cuda
validation,3841,2326,Warm B,0.006284379865974188,0.111111119389534,0.1296268254518509,0.691358024691358,2.384185791015625e-07,0.374709814786911,0.4084784984588623,cfg02_G3_D32,cfg02_G3_D32,2.171714791969862,cuda
validation,3841,2326,Warm C,0.004416804760694504,0.1111111119389534,0.11154233664274216,0.8148148148148148,1.1920928955078125e-07,0.39544740319252014,0.5758857131004333,cfg02_G3_D32,cfg02_G3_D32,2.171714791969862,cuda
validation,3861,2332,Cold,-0.001397402724251151,0.1111111119389534,0.06783796101808548,0.9753086419753086,1.1920928955078125e-07,0.0,0.0,cfg02_G3_D32,cfg02_G3_D32,2.171714791969862,cuda
validation,3861,2332,Warm A,0.0014813407324254513,0.111111119389534,0.07357698678970337,0.9506172839506173,2.384185791015625e-07,0.2500513195991516,0.7928828597068787,cfg02_G3_D32,cfg02_G3_D32,2.171714791969862,cuda
validation,3861,2332,Warm B,-0.00015313213225454092,0.1111111119389534,0.06817955523729324,0.9753086419753086,2.384185791015625e-07,0.38110968470573425,0.7275025248527527,cfg02_G3_D32,cfg02_G3_D32,2.171714791969862,cuda
validation,3861,2332,Warm C,-0.00023180004791356623,0.111111119389534,0.06889595091342926,0.9753086419753086,1.7881393432617188e-07,0.34514954686164856,0.6125468611717224,cfg02_G3_D32,cfg02_G3_D32,2.171714791969862,cuda
validation,3882,2343,Cold,-0.001179204904474318,0.1111111119389534,0.06724528223276138,0.9753086419753086,1.1920928955078125e-07,0.0,0.0,cfg02_G3_D32,cfg02_G3_D32,2.171714791969862,cuda
validation,3882,2343,Warm A,-0.0007243251311592758,0.111111119389534,0.07117898762226105,0.9753086419753086,1.1920928955078125e-07,0.2261728197336197,0.6159085631370544,cfg02_G3_D32,cfg02_G3_D32,2.171714791969862,cuda
validation,3882,2343,Warm B,-0.002176377922296524,0.1111111119389534,0.07582512497901917,0.9876543209876543,1.1920928955078125e-07,0.32290729880332947,0.7430381774902344,cfg02_G3_D32,cfg02_G3_D32,2.171714791969862,cuda
validation,3882,2343,Warm C,-0.0021072581876069307,0.1111111119389534,0.0774524137377739,0.9753086419753086,1.1920928955078125e-07,0.3856503367424011,0.6843543648719788,cfg02_G3_D32,cfg02_G3_D32,2.171714791969862,cuda
validation,3927,2363,Cold,-0.0007445666124112904,0.11111108958721161,0.128610298037529,0.8518518518518519,1.7881393432617188e-07,0.0,0.0,cfg02_G3_D32,cfg02_G3_D32,2.171714791969862,cuda
validation,3927,2363,Warm A,0.0017858239589259028,0.111111119389534,0.137450709939003,0.7530864197530864,1.1920928955078125e-07,0.22791139781475067,0.4995134472846985,cfg02_G3_D32,cfg02_G3_D32,2.171714791969862,cuda
validation,3927,2363,Warm B,-0.001904775737784803,0.1111111119389534,0.1319299340248108,0.8641975308641975,2.384185791015625e-07,0.3968317210674286,0.5597931742668152,cfg02_G3_D32,cfg02_G3_D32,2.171714791969862,cuda
validation,3927,2363,Warm C,0.0018720680382102728,0.1111111119389534,0.13511469960212708,0.7777777777777778,2.384185791015625e-07,0.40743932127952576,0.7666897773742676,cfg02_G3_D32,cfg02_G3_D32,2.171714791969862,cuda
validation,3928,2364,Cold,-0.003096231259405613,0.111111119389534,0.1736930012702942,0.6419753086419753,2.384185791015625e-07,0.0,0.0,cfg02_G3_D32,cfg02_G3_D32,2.171714791969862,cuda
validation,3928,2364,Warm A,0.0002804966934490949,0.1111111119389534,0.17267246544361115,0.6172839506172839,2.384185791015625e-07,0.23394562304019928,0.8030201196670532,cfg02_G3_D32,cfg02_G3_D32,2.171714791969862,cuda
validation,3928,2364,Warm B,-0.0017760272603482008,0.1111110970377922,0.1676981896162033,0.6419753086419753,1.1920928955078125e-07,0.34127384424209595,0.679003894329071,cfg02_G3_D32,cfg02_G3_D32,2.171714791969862,cuda
validation,3928,2364,Warm C,-0.0027190493419766426,0.1111110970377922,0.17021620273590088,0.6419753086419753,1.7881393432617188e-07,0.46061819791793823,0.6205964684486389,cfg02_G3_D32,cfg02_G3_D32,2.171714791969862,cuda
validation,3930,2366,Cold,-0.001344157732091844,0.111111119389534,0.1545635163784027,0.7037037037037037,2.384185791015625e-07,0.0,0.0,cfg02_G3_D32,cfg02_G3_D32,2.171714791969862,cuda
validation,3930,2366,Warm A,0.0014157244004309177,0.1111111119389534,0.1549806296825409,0.6666666666666666,2.384185791015625e-07,0.2325475662946701,0.7120071649551392,cfg02_G3_D32,cfg02_G3_D32,2.171714791969862,cuda
validation,3930,2366,Warm B,0.002732138615101576,0.1111111119389534,0.15362690389156342,0.6296296296296297,2.384185791015625e-07,0.33619552850723267,0.6676251292228699,cfg02_G3_D32,cfg02_G3_D32,2.171714791969862,cuda
validation,3930,2366,Warm C,0.004157450050115585,0.1111111119389534,0.15340623259544373,0.6049382716049383,1.1920928955078125e-07,0.4483480453491211,0.6794757843017578,cfg02_G3_D32,cfg02_G3_D32,2.171714791969862,cuda
evaluation,4,3,Cold,-0.0025090333074331284,0.1111111119389534,0.10234563797712326,0.8271604938271605,1.7881393432617188e-07,0.0,0.0,,cfg02_G3_D32,2.171714791969862,cuda
evaluation,4,3,Warm A,0.002386396983638406,0.1111111119389534,0.09740808606147766,0.8271604938271605,3.5762786865234375e-07,0.24725665152072906,0.5130639672279358,,cfg02_G3_D32,2.171714791969862,cuda
evaluation,4,3,Warm B,0.006061686668545008,0.1111111119389534,0.10691609233617783,0.7283950617283951,1.7881393432617188e-07,0.35349783301353455,0.5564751029014587,,cfg02_G3_D32,2.171714791969862,cuda
evaluation,4,3,Warm C,0.004105034749954939,0.1111111119389534,0.09941117465496063,0.7407407407407407,1.1920928955078125e-07,0.38564079999923706,0.46902915835380554,,cfg02_G3_D32,2.171714791969862,cuda
evaluation,8,7,Cold,0.00012098786100978032,0.1111111119389534,0.08309692144393921,0.9259259259259259,1.7881393432617188e-07,0.0,0.0,,cfg02_G3_D32,2.171714791969862,cuda
evaluation,8,7,Warm A,0.003955682273954153,0.1111111119389534,0.0967981293797493,0.8148148148148148,1.7881393432617188e-07,0.23751571774482727,0.47170886397361755,,cfg02_G3_D32,2.171714791969862,cuda
evaluation,8,7,Warm B,0.008744186721742153,0.1111111119389534,0.11617918312549591,0.7037037037037037,1.1920928955078125e-07,0.3685036301612854,0.3716978132724762,,cfg02_G3_D32,2.171714791969862,cuda
evaluation,8,7,Warm C,0.006029623560607433,0.111111119389534,0.1000545397400856,0.8148148148148148,1.1920928955078125e-07,0.4321155846118927,0.5912081599235535,,cfg02_G3_D32,2.171714791969862,cuda
evaluation,9,8,Cold,0.0016133376630023122,0.1111111119389534,0.0893779918551445,0.8518518518518519,1.1920928955078125e-07,0.0,0.0,,cfg02_G3_D32,2.171714791969862,cuda
evaluation,9,8,Warm A,0.005613920744508505,0.1111110970377922,0.1074744462966919,0.7654320987654321,2.384185791015625e-07,0.24618519842624664,0.3936583697795868,,cfg02_G3_D32,2.171714791969862,cuda
evaluation,9,8,Warm B,0.005623477511107922,0.1111111119389534,0.12229377031326294,0.7037037037037037,1.1920928955078125e-07,0.3868807256221771,0.44650229811668396,,cfg02_G3_D32,2.171714791969862,cuda
evaluation,9,8,Warm C,0.001981143606826663,0.1111110970377922,0.10666481405496597,0.8024691358024691,2.384185791015625e-07,0.4809070825576782,0.455370157957077,,cfg02_G3_D32,2.171714791969862,cuda
evaluation,12,11,Cold,-0.0011090505868196487,0.1111111119389534,0.08138126879930496,0.9382716049382716,1.1920928955078125e-07,0.0,0.0,,cfg02_G3_D32,2.171714791969862,cuda
evaluation,12,11,Warm A,0.0016376246931031346,0.1111111119389534,0.09176257252693176,0.8641975308641975,1.1920928955078125e-07,0.24544550478458405,0.45230838656425476,,cfg02_G3_D32,2.171714791969862,cuda
evaluation,12,11,Warm B,0.005996006540954113,0.1111111119389534,0.112638458609581,0.7654320987654321,1.1920928955078125e-07,0.41473424434661865,0.23645971715450287,,cfg02_G3_D32,2.171714791969862,cuda
evaluation,12,11,Warm C,0.008284681476652622,0.1111111119389534,0.12925300002098083,0.6296296296296297,1.1920928955078125e-07,0.540762186050415,0.41638779640197754,,cfg02_G3_D32,2.171714791969862,cuda
evaluation,13,12,Cold,-0.00046111008850857615,0.1111111119389534,0.08845630288124084,0.8888888888888888,2.980232238769531e-07,0.0,0.0,,cfg02_G3_D32,2.171714791969862,cuda
evaluation,13,12,Warm A,0.002111507346853614,0.1111110970377922,0.09138255566358566,0.9012345679012346,1.1920928955078125e-07,0.21016007661819458,0.577377200126648,,cfg02_G3_D32,2.171714791969862,cuda
evaluation,13,12,Warm B,0.002480804454535246,0.1111110970377922,0.0862828940153122,0.8888888888888888,2.384185791015625e-07,0.3100920617580414,0.6484771966934204,,cfg02_G3_D32,2.171714791969862,cuda
evaluation,13,12,Warm C,0.002290449570864439,0.1111111119389534,0.08620635420084,0.8765432098765432,1.7881393432617188e-07,0.3961809277534485,0.553968071937561,,cfg02_G3_D32,2.171714791969862,cuda
evaluation,14,13,Cold,-0.0028060858603566885,0.1111111119389534,0.10702020674943924,0.7901234567901234,1.1920928955078125e-07,0.0,0.0,,cfg02_G3_D32,2.171714791969862,cuda
evaluation,14,13,Warm A,0.0024428581818938255,0.1111111119389534,0.10172085464000702,0.8024691358024691,5.960464477539063e-08,0.2156577855348587,0.6676252484321594,,cfg02_G3_D32,2.171714791969862,cuda
evaluation,14,13,Warm B,0.0038807967212051153,0.1111111119389534,0.10540109127759933,0.7777777777777778,1.1920928955078125e-07,0.3483833074569702,0.6356732845306396,,cfg02_G3_D32,2.171714791969862,cuda
evaluation,14,13,Warm C,-0.001285645179450512,0.1111111119389534,0.1136431097984314,0.7654320987654321,2.384185791015625e-07,0.4578437805175781,0.7926523089408875,,cfg02_G3_D32,2.171714791969862,cuda
evaluation,15,14,Cold,6.070843738825715e-08,0.1111111119389534,0.08828967064619064,0.8765432098765432,2.384185791015625e-07,0.0,0.0,,cfg02_G3_D32,2.171714791969862,cuda
evaluation,15,14,Warm A,0.003844440681859851,0.1111110970377922,0.09953569620847702,0.7901234567901234,2.384185791015625e-07,0.24008704721927643,0.5400227904319763,,cfg02_G3_D32,2.171714791969862,cuda
evaluation,15,14,Warm B,0.00840955600142479,0.1111111119389534,0.11657469719648361,0.7283950617283951,1.1920928955078125e-07,0.35331445932388306,0.5132408142089844,,cfg02_G3_D32,2.171714791969862,cuda
evaluation,15,14,Warm C,0.005344510078430176,0.1111111119389534,0.10302909463644028,0.8024691358024691,2.384185791015625e-07,0.43587198853492737,0.38910889625549316,,cfg02_G3_D32,2.171714791969862,cuda
evaluation,18,17,Cold,-0.0013664908474311233,0.1111111119389534,0.10019385069608688,0.7901234567901234,1.1920928955078125e-07,0.0,0.0,,cfg02_G3_D32,2.171714791969862,cuda
evaluation,18,17,Warm A,-0.0010709096677601337,0.1111111119389534,0.09727034717798233,0.8024691358024691,1.1920928955078125e-07,0.2378452718257904,0.4624064862728119,,cfg02_G3_D32,2.171714791969862,cuda
evaluation,18,17,Warm B,0.0015627145767211914,0.1111111119389534,0.09740015119314194,0.7901234567901234,1.1920928955078125e-07,0.42445337772369385,0.5031598210334778,,cfg02_G3_D32,2.171714791969862,cuda
evaluation,18,17,Warm C,-0.0025376146659255028,0.1111111119389534,0.10081395506858826,0.7901234567901234,2.384185791015625e-07,0.532317578792572,0.5421536564826965,,cfg02_G3_D32,2.171714791969862,cuda
evaluation,20,19,Cold,0.002075840951874852,0.1111111119389534,0.08847181499004364,0.8518518518518519,2.384185791015625e-07,0.0,0.0,,cfg02_G3_D32,2.171714791969862,cuda
evaluation,20,19,Warm A,0.00736486678943038,0.1111110970377922,0.103673554956913,0.7777777777777778,2.384185791015625e-07,0.2518763840198517,0.520516574382782,,cfg02_G3_D32,2.171714791969862,cuda
evaluation,20,19,Warm B,0.012415426783263683,0.111111119389534,0.12400800734758377,0.6666666666666666,1.1920928955078125e-07,0.43459463119506836,0.338287889957428,,cfg02_G3_D32,2.171714791969862,cuda
evaluation,20,19,Warm C,0.01067816000431776,0.1111110970377922,0.11510095745325089,0.691358024691358,1.1920928955078125e-07,0.5063663125038147,0.400161474943161,,cfg02_G3_D32,2.171714791969862,cuda
evaluation,23,22,Cold,-0.0010462659411132336,0.1111111119389534,0.10048534721136093,0.7901234567901234,2.384185791015625e-07,0.0,0.0,,cfg02_G3_D32,2.171714791969862,cuda
evaluation,23,22,Warm A,0.005931494291871786,0.1111111119389534,0.10574768483638763,0.7530864197530864,2.384185791015625e-07,0.23710289597511292,0.6038661599159241,,cfg02_G3_D32,2.171714791969862,cuda
evaluation,23,22,Warm B,0.009758046828210354,0.1111111119389534,0.11312904208898544,0.691358024691358,1.1920928955078125e-07,0.3971107006072998,0.5673134326934814,,cfg02_G3_D32,2.171714791969862,cuda
evaluation,23,22,Warm C,0.011663375422358513,0.1111111119389534,0.11998230963945389,0.7037037037037037,1.1920928955078125e-07,0.37249019742012024,0.4601527750492096,,cfg02_G3_D32,2.171714791969862,cuda
evaluation,26,25,Cold,-0.0028060884214937687,0.1111111119389534,0.10702020674943924,0.7901234567901234,1.1920928955078125e-07,0.0,0.0,,cfg02_G3_D32,2.171714791969862,cuda
evaluation,26,25,Warm A,-0.0072180782444775105,0.1111111119389534,0.12108761072158813,0.7283950617283951,1.1920928955078125e-07,0.23999184370040894,0.5164757370948792,,cfg02_G3_D32,2.171714791969862,cuda
evaluation,26,25,Warm B,-0.0017368767876178026,0.1111111119389534,0.10527832806110382,0.8148148148148148,1.7881393432617188e-07,0.24770566821098328,0.7502832412719727,,cfg02_G3_D32,2.171714791969862,cuda
evaluation,26,25,Warm C,-0.00480201980099082,0.111111119389534,0.12073240429162979,0.7530864197530864,1.1920928955078125e-07,0.29816076159477234,0.5273767709732056,,cfg02_G3_D32,2.171714791969862,cuda
evaluation,27,26,Cold,-0.0034588193520903587,0.1111110970377922,0.11058955639600754,0.7654320987654321,5.960464477539063e-08,0.0,0.0,,cfg02_G3_D32,2.171714791969862,cuda
evaluation,27,26,Warm A,0.0017956874798983335,0.1111110970377922,0.1013144925236702,0.8024691358024691,3.5762786865234375e-07,0.23772987723350525,0.5567218661308289,,cfg02_G3_D32,2.171714791969862,cuda
evaluation,27,26,Warm B,0.0074157449416816235,0.111111119389534,0.10793715715408325,0.7407407407407407,1.1920928955078125e-07,0.36210086941719055,0.5576075911521912,,cfg02_G3_D32,2.171714791969862,cuda
evaluation,27,26,Warm C,0.009032114408910275,0.1111110970377922,0.10917917639017105,0.7407407407407407,1.1920928955078125e-07,0.4126446843147278,0.5401186347007751,,cfg02_G3_D32,2.171714791969862,cuda
evaluation,28,27,Cold,-0.0005523937870748341,0.1111111119389534,0.08697006106376648,0.9135802469135802,2.384185791015625e-07,0.0,0.0,,cfg02_G3_D32,2.171714791969862,cuda
evaluation,28,27,Warm A,-0.0049026585184037685,0.1111111119389534,0.10162165015935898,0.8641975308641975,1.7881393432617188e-07,0.24688659608364105,0.5484169721603394,,cfg02_G3_D32,2.171714791969862,cuda
evaluation,28,27,Warm B,-0.007024012040346861,0.111111119389534,0.11976809054613113,0.7654320987654321,1.1920928955078125e-07,0.45968565344810486,0.37859082221984863,,cfg02_G3_D32,2.171714791969862,cuda
evaluation,28,27,Warm C,-0.007103513926267624,0.1111111119389534,0.10422995686531067,0.8271604938271605,1.1920928955078125e-07,0.36461198329925537,0.5663557052612305,,cfg02_G3_D32,2.171714791969862,cuda
evaluation,30,29,Cold,-0.003298395313322544,0.1111111119389534,0.11076808720827103,0.7654320987654321,1.1920928955078125e-07,0.0,0.0,,cfg02_G3_D32,2.171714791969862,cuda
evaluation,30,29,Warm A,0.001225000130943954,0.1111111119389534,0.10041416436433792,0.8148148148148148,2.384185791015625e-07,0.23640917241573334,0.5843173861503601,,cfg02_G3_D32,2.171714791969862,cuda
evaluation,30,29,Warm B,-0.004224489908665419,0.1111111119389534,0.1080855280160904,0.7901234567901234,2.384185791015625e-07,0.3196408748626709,0.625235378742218,,cfg02_G3_D32,2.171714791969862,cuda
evaluation,30,29,Warm C,-0.002640452003106475,0.1111111119389534,0.10528835654258728,0.8271604938271605,1.1920928955078125e-07,0.41047677397727966,0.5957488417625427,,cfg02_G3_D32,2.171714791969862,cuda
evaluation,31,30,Cold,-0.003215138101950288,0.111111119389534,0.10845790058374405,0.7777777777777778,2.384185791015625e-07,0.0,0.0,,cfg02_G3_D32,2.171714791969862,cuda
evaluation,31,30,Warm A,0.002077884040772915,0.1111111119389534,0.10330513119697571,0.7901234567901234,2.384185791015625e-07,0.24610215425491333,0.658146321773529,,cfg02_G3_D32,2.171714791969862,cuda
evaluation,31,30,Warm B,0.007547783199697733,0.1111111119389534,0.10902972519397736,0.7283950617283951,1.1920928955078125e-07,0.42137986421585083,0.46750184893608093,,cfg02_G3_D32,2.171714791969862,cuda
evaluation,31,30,Warm C,0.004925848916172981,0.1111110970377922,0.10378767549991608,0.7654320987654321,1.1920928955078125e-07,0.48483994603157043,0.5539588332176208,,cfg02_G3_D32,2.171714791969862,cuda
evaluation,35,33,Cold,-0.0018259460339322686,0.1111110970377922,0.09661974012851715,0.8518518518518519,2.384185791015625e-07,0.0,0.0,,cfg02_G3_D32,2.171714791969862,cuda
evaluation,35,33,Warm A,-0.001171331387013197,0.111111119389534,0.09252053499221802,0.8271604938271605,1.1920928955078125e-07,0.2269154191017151,0.5465256571769714,,cfg02_G3_D32,2.171714791969862,cuda
evaluation,35,33,Warm B,0.003464172361418605,0.1111111119389534,0.09338048845529556,0.8024691358024691,1.1920928955078125e-07,0.2568143308162689,0.6561470031738281,,cfg02_G3_D32,2.171714791969862,cuda
evaluation,35,33,Warm C,-0.0009079768788069487,0.1111111119389534,0.09273360669612885,0.8395061728395061,1.1920928955078125e-07,0.3787159025669098,0.5567710995674133,,cfg02_G3_D32,2.171714791969862,cuda
evaluation,43,38,Cold,-0.0028060884214937687,0.1111111119389534,0.10702020674943924,0.7901234567901234,2.384185791015625e-07,0.0,0.0,,cfg02_G3_D32,2.171714791969862,cuda
evaluation,43,38,Warm A,0.000700384087394923,0.1111111119389534,0.1038287878036499,0.7901234567901234,2.384185791015625e-07,0.2394130378961563,0.6996038556098938,,cfg02_G3_D32,2.171714791969862,cuda
evaluation,43,38,Warm B,0.002597072860226035,0.1111110970377922,0.11105296015739441,0.7160493827160493,2.980232238769531e-07,0.3018052577972412,0.586033284664154,,cfg02_G3_D32,2.171714791969862,cuda
evaluation,43,38,Warm C,-0.0031353249214589596,0.1111110970377922,0.10491419583559036,0.8148148148148148,2.980232238769531e-07,0.3425004482269287,0.6309548020362854,,cfg02_G3_D32,2.171714791969862,cuda
evaluation,46,41,Cold,-0.0018165172077715397,0.1111111119389534,0.09541220963001251,0.8888888888888888,1.1920928955078125e-07,0.0,0.0,,cfg02_G3_D32,2.171714791969862,cuda
evaluation,46,41,Warm A,0.0031982094515115023,0.1111110970377922,0.09549526870250702,0.7901234567901234,1.1920928955078125e-07,0.2368849515914917,0.5235589146614075,,cfg02_G3_D32,2.171714791969862,cuda
evaluation,46,41,Warm B,0.004828077740967274,0.1111111119389534,0.10073146224021912,0.7901234567901234,2.384185791015625e-07,0.3762415945529938,0.5232190489768982,,cfg02_G3_D32,2.171714791969862,cuda
evaluation,46,41,Warm C,0.0037653129547834396,0.1111111119389534,0.09814747422933578,0.8148148148148148,2.384185791015625e-07,0.44958218932151794,0.5857837796211243,,cfg02_G3_D32,2.171714791969862,cuda
evaluation,57,46,Cold,-0.003139849752187729,0.1111111119389534,0.10867933183908463,0.7777777777777778,1.1920928955078125e-07,0.0,0.0,,cfg02_G3_D32,2.171714791969862,cuda
evaluation,57,46,Warm A,-0.0014097319217398763,0.1111111119389534,0.10836842656135559,0.8024691358024691,1.1920928955078125e-07,0.2251541018486023,0.5411101579666138,,cfg02_G3_D32,2.171714791969862,cuda
evaluation,57,46,Warm B,0.0015310993185266852,0.1111111119389534,0.10074260830879211,0.8148148148148148,2.384185791015625e-07,0.34913936257362366,0.507671058177948,,cfg02_G3_D32,2.171714791969862,cuda
evaluation,57,46,Warm C,0.004655554890632629,0.1111111119389534,0.10365360975265503,0.7530864197530864,1.7881393432617188e-07,0.4588262140750885,0.5493320822715759,,cfg02_G3_D32,2.171714791969862,cuda
evaluation,61,49,Cold,-0.0021616751328110695,0.111111119389534,0.10388416051864624,0.8024691358024691,1.1920928955078125e-07,0.0,0.0,,cfg02_G3_D32,2.171714791969862,cuda
evaluation,61,49,Warm A,0.002939538797363639,0.1111111119389534,0.10394231975078583,0.7654320987654321,2.384185791015625e-07,0.24220557510852814,0.6380490660667419,,cfg02_G3_D32,2.171714791969862,cuda
evaluation,61,49,Warm B,0.005846626125276089,0.1111111119389534,0.10480630397796631,0.7654320987654321,1.1920928955078125e-07,0.31055280566215515,0.4883140027523041,,cfg02_G3_D32,2.171714791969862,cuda
evaluation,61,49,Warm C,0.011029868386685848,0.1111111119389534,0.11662803590297699,0.7283950617283951,1.1920928955078125e-07,0.48720782995224,0.397752970457077,,cfg02_G3_D32,2.171714791969862,cuda
evaluation,63,51,Cold,-0.0018682631198316813,0.1111111119389534,0.09663042426109314,0.9012345679012346,1.1920928955078125e-07,0.0,0.0,,cfg02_G3_D32,2.171714791969862,cuda
evaluation,63,51,Warm A,0.0028755355160683393,0.1111111119389534,0.09685370326042175,0.8518518518518519,1.1920928955078125e-07,0.24235869944095612,0.4562976360321045,,cfg02_G3_D32,2.171714791969862,cuda
evaluation,63,51,Warm B,0.003068195190280676,0.1111111119389534,0.09894121438264847,0.8641975308641975,1.1920928955078125e-07,0.38023343682289124,0.5388620495796204,,cfg02_G3_D32,2.171714791969862,cuda
evaluation,63,51,Warm C,0.005507149733603001,0.1111111119389534,0.10292907059192657,0.8641975308641975,2.384185791015625e-07,0.4626162350177765,0.5110380053520203,,cfg02_G3_D32,2.171714791969862,cuda
evaluation,64,52,Cold,-0.0012244839454069734,0.1111111119389534,0.09160859882831573,0.9135802469135802,2.384185791015625e-07,0.0,0.0,,cfg02_G3_D32,2.171714791969862,cuda
evaluation,64,52,Warm A,0.002213475527241826,0.1111111119389534,0.09501441568136215,0.8518518518518519,1.1920928955078125e-07,0.23900318145751953,0.4200088679790497,,cfg02_G3_D32,2.171714791969862,cuda
evaluation,64,52,Warm B,0.0039270310662686825,0.1111110970377922,0.11367698013782501,0.7407407407407407,1.1920928955078125e-07,0.3787582218647003,0.29139551520347595,,cfg02_G3_D32,2.171714791969862,cuda
evaluation,64,52,Warm C,0.007692804094403982,0.111111119389534,0.12427139282226562,0.691358024691358,1.7881393432617188e-07,0.47029221057891846,0.2726309895515442,,cfg02_G3_D32,2.171714791969862,cuda
evaluation,65,53,Cold,-0.001382052549161017,0.1111110970377922,0.09730667620897293,0.8765432098765432,2.384185791015625e-07,0.0,0.0,,cfg02_G3_D32,2.171714791969862,cuda
evaluation,65,53,Warm A,0.00312840286642313,0.1111110970377922,0.09912373870611191,0.7901234567901234,0.0,0.23368437588214874,0.47748252749443054,,cfg02_G3_D32,2.171714791969862,cuda
evaluation,65,53,Warm B,0.00858353916555643,0.1111111119389534,0.11560890823602676,0.7160493827160493,1.1920928955078125e-07,0.459002822637558,0.3222668170928955,,cfg02_G3_D32,2.171714791969862,cuda
evaluation,65,53,Warm C,0.011895474046468735,0.1111111119389534,0.13377876579761505,0.6296296296296297,1.1920928955078125e-07,0.5424280762672424,0.3446687161922455,,cfg02_G3_D32,2.171714791969862,cuda
evaluation,66,54,Cold,0.0024857167154550552,0.111111119389534,0.08906219899654388,0.8518518518518519,2.384185791015625e-07,0.0,0.0,,cfg02_G3_D32,2.171714791969862,cuda
evaluation,66,54,Warm A,0.006608494091778994,0.1111111119389534,0.10595636069774628,0.7654320987654321,1.1920928955078125e-07,0.23726356029510498,0.36378607153892517,,cfg02_G3_D32,2.171714791969862,cuda
evaluation,66,54,Warm B,0.01094362698495388,0.1111111119389534,0.12661080062389374,0.6419753086419753,2.384185791015625e-07,0.42597976326942444,0.20928244292736053,,cfg02_G3_D32,2.171714791969862,cuda
evaluation,66,54,Warm C,0.015823161229491234,0.1111111119389534,0.14433687925338745,0.5679012345679012,1.7881393432617188e-07,0.6289544105529785,0.07007592171430588,,cfg02_G3_D32,2.171714791969862,cuda
evaluation,71,57,Cold,0.0004350924864411354,0.1111111119389534,0.09103107452392578,0.8518518518518519,2.384185791015625e-07,0.0,0.0,,cfg02_G3_D32,2.171714791969862,cuda
evaluation,71,57,Warm A,0.004848549608141184,0.1111111119389534,0.10248515009880066,0.7777777777777778,1.1920928955078125e-07,0.2480761557817459,0.3653254210948944,,cfg02_G3_D32,2.171714791969862,cuda
evaluation,71,57,Warm B,0.011246031150221825,0.1111111119389534,0.12427761405706406,0.691358024691358,1.1920928955078125e-07,0.42708060145378113,0.2113085240125656,,cfg02_G3_D32,2.171714791969862,cuda
evaluation,71,57,Warm C,0.016718225553631783,0.1111111119389534,0.14380216598510742,0.6049382716049383,2.384185791015625e-07,0.5689042806625366,0.17359264194965363,,cfg02_G3_D32,2.171714791969862,cuda
evaluation,72,58,Cold,-0.002496296539902687,0.1111111119389534,0.10269927233457565,0.8271604938271605,2.384185791015625e-07,0.0,0.0,,cfg02_G3_D32,2.171714791969862,cuda
evaluation,72,58,Warm A,-0.0016235819784924388,0.111111119389534,0.10385405272245407,0.8271604938271605,2.384185791015625e-07,0.20565152168273926,0.6750758290290833,,cfg02_G3_D32,2.171714791969862,cuda
evaluation,72,58,Warm B,-0.0024028990883380175,0.1111111119389534,0.10752926021814346,0.8148148148148148,1.1920928955078125e-07,0.3214457035064697,0.6220411658287048,,cfg02_G3_D32,2.171714791969862,cuda
evaluation,72,58,Warm C,0.0021420579869300127,0.111111119389534,0.09996059536933899,0.8024691358024691,1.1920928955078125e-07,0.3772689700126648,0.629243791103363,,cfg02_G3_D32,2.171714791969862,cuda
evaluation,74,60,Cold,-0.001994687132537365,0.1111111119389534,0.09769526869058609,0.8641975308641975,2.384185791015625e-07,0.0,0.0,,cfg02_G3_D32,2.171714791969862,cuda
evaluation,74,60,Warm A,0.002200459362939,0.1111111119389534,0.09731297940015793,0.7901234567901234,2.384185791015625e-07,0.23881028592586517,0.5373343825340271,,cfg02_G3_D32,2.171714791969862,cuda
evaluation,74,60,Warm B,0.00663739675655961,0.1111111119389534,0.10800202935934067,0.7407407407407407,1.7881393432617188e-07,0.3914042115211487,0.5316595435142517,,cfg02_G3_D32,2.171714791969862,cuda
evaluation,74,60,Warm C,0.007741270121186972,0.1111111119389534,0.1160258799791336,0.7037037037037037,2.384185791015625e-07,0.4330390691757202,0.49374446272850037,,cfg02_G3_D32,2.171714791969862,cuda
evaluation,76,61,Cold,-0.0003077683213632554,0.1111110970377922,0.092100590467453,0.8641975308641975,1.1920928955078125e-07,0.0,0.0,,cfg02_G3_D32,2.171714791969862,cuda
evaluation,76,61,Warm A,0.0036931184586137533,0.1111111119389534,0.10029569268226624,0.8024691358024691,1.1920928955078125e-07,0.2437383532524109,0.5038254857063293,,cfg02_G3_D32,2.171714791969862,cuda
evaluation,76,61,Warm B,0.009513677097856998,0.111111119389534,0.11785207688808441,0.7283950617283951,2.384185791015625e-07,0.3877719044685364,0.3570145070552826,,cfg02_G3_D32,2.171714791969862,cuda
evaluation,76,61,Warm C,0.005948140751570463,0.1111111119389534,0.09907761216163635,0.8148148148148148,2.384185791015625e-07,0.4130721986293793,0.5766119956970215,,cfg02_G3_D32,2.171714791969862,cuda
evaluation,79,62,Cold,-0.0024365198332816362,0.1111111119389534,0.10605979710817337,0.7901234567901234,1.7881393432617188e-07,0.0,0.0,,cfg02_G3_D32,2.171714791969862,cuda
evaluation,79,62,Warm A,0.002015527803450823,0.1111111119389534,0.10574202984571457,0.7654320987654321,2.384185791015625e-07,0.24803081154823303,0.6106148362159729,,cfg02_G3_D32,2.171714791969862,cuda
evaluation,79,62,Warm B,0.006988679990172386,0.1111110970377922,0.11647185683250427,0.7037037037037037,2.384185791015625e-07,0.4423582851886749,0.46500301361083984,,cfg02_G3_D32,2.171714791969862,cuda
evaluation,79,62,Warm C,0.011847211979329586,0.1111110970377922,0.1317891627550125,0.6666666666666666,2.384185791015625e-07,0.5671731233596802,0.22998486459255219,,cfg02_G3_D32,2.171714791969862,cuda
evaluation,81,63,Cold,-0.001486561493948102,0.1111111119389534,0.0931706428527832,0.8765432098765432,2.384185791015625e-07,0.0,0.0,,cfg02_G3_D32,2.171714791969862,cuda
evaluation,81,63,Warm A,0.002167485887184739,0.1111110970377922,0.09488330781459808,0.8271604938271605,1.1920928955078125e-07,0.21834661066532135,0.6911629438400269,,cfg02_G3_D32,2.171714791969862,cuda
evaluation,81,63,Warm B,-0.0024506165646016598,0.1111111119389534,0.09852763265371323,0.8641975308641975,2.980232238769531e-07,0.333479642868042,0.7193235754966736,,cfg02_G3_D32,2.171714791969862,cuda
evaluation,81,63,Warm C,0.003080462571233511,0.1111111119389534,0.09246771037578583,0.8148148148148148,1.1920928955078125e-07,0.34165114164352417,0.5532747507095337,,cfg02_G3_D32,2.171714791969862,cuda
evaluation,82,64,Cold,-0.002819486428052187,0.1111110970377922,0.1063426062464714,0.8024691358024691,1.1920928955078125e-07,0.0,0.0,,cfg02_G3_D32,2.171714791969862,cuda
evaluation,82,64,Warm A,0.001707695540972054,0.1111111119389534,0.10171768814325333,0.7901234567901234,2.384185791015625e-07,0.22731982171535492,0.6793584823608398,,cfg02_G3_D32,2.171714791969862,cuda
evaluation,82,64,Warm B,-0.001982969231903553,0.1111111119389534,0.10740042477846146,0.8024691358024691,1.1920928955078125e-07,0.3394662141799927,0.5347887873649597,,cfg02_G3_D32,2.171714791969862,cuda
evaluation,82,64,Warm C,-0.001107743359170854,0.1111111119389534,0.10293763875961304,0.8024691358024691,1.1920928955078125e-07,0.35885006189346313,0.5141561031341553,,cfg02_G3_D32,2.171714791969862,cuda
evaluation,85,65,Cold,-0.0014908363809809089,0.111111119389534,0.09325612336397171,0.8888888888888888,2.384185791015625e-07,0.0,0.0,,cfg02_G3_D32,2.171714791969862,cuda
evaluation,85,65,Warm A,-0.003976242151111364,0.1111111119389534,0.10434892028570175,0.7901234567901234,1.1920928955078125e-07,0.21066664159297943,0.5715939402580261,,cfg02_G3_D32,2.171714791969862,cuda
evaluation,85,65,Warm B,0.000897863763384521,0.1111111119389534,0.0916694700717926,0.8518518518518519,1.1920928955078125e-07,0.341367244720459,0.7400809526443481,,cfg02_G3_D32,2.171714791969862,cuda
evaluation,85,65,Warm C,0.003847535001114011,0.1111111119389534,0.0966290682554245,0.8271604938271605,1.7881393432617188e-07,0.4041060507297516,0.6582032442092896,,cfg02_G3_D32,2.171714791969862,cuda
evaluation,87,67,Cold,-9.005323954625055e-05,0.1111111119389534,0.0859237015247345,0.9259259259259259,2.384185791015625e-07,0.0,0.0,,cfg02_G3_D32,2.171714791969862,cuda
evaluation,87,67,Warm A,0.004087185021489859,0.111111119389534,0.10112137347459793,0.8024691358024691,2.384185791015625e-07,0.25052833557128906,0.4980480372905731,,cfg02_G3_D32,2.171714791969862,cuda
evaluation,87,67,Warm B,0.007000609766691923,0.1111111119389534,0.1171799972653389,0.691358024691358,1.7881393432617188e-07,0.3751969337463379,0.46142998337745667,,cfg02_G3_D32,2.171714791969862,cuda
evaluation,87,67,Warm C,0.011592919938266277,0.1111111119389534,0.13289959728717804,0.6296296296296297,2.384185791015625e-07,0.5361036062240601,0.12682481110095978,,cfg02_G3_D32,2.171714791969862,cuda
evaluation,88,68,Cold,-0.001269436557777226,0.111111119389534,0.09452071785926819,0.8888888888888888,1.1920928955078125e-07,0.0,0.0,,cfg02_G3_D32,2.171714791969862,cuda
evaluation,88,68,Warm A,0.0031940459739416838,0.1111111119389534,0.09824998676776886,0.7901234567901234,1.7881393432617188e-07,0.23975424468517303,0.4417342245578766,,cfg02_G3_D32,2.171714791969862,cuda
evaluation,88,68,Warm B,0.006116956472396851,0.111111119389534,0.11535690724849701,0.7160493827160493,1.1920928955078125e-07,0.3973211944103241,0.4166249930858612,,cfg02_G3_D32,2.171714791969862,cuda
evaluation,88,68,Warm C,0.0007715345709584653,0.1111111119389534,0.10088127851486206,0.7901234567901234,1.1920928955078125e-07,0.42772093415260315,0.6486225128173828,,cfg02_G3_D32,2.171714791969862,cuda
evaluation,92,70,Cold,-0.0023527899757027626,0.1111111119389534,0.10428380966186523,0.8024691358024691,2.384185791015625e-07,0.0,0.0,,cfg02_G3_D32,2.171714791969862,cuda
evaluation,92,70,Warm A,0.0013593339826911688,0.1111111119389534,0.10186973959207535,0.7901234567901234,1.1920928955078125e-07,0.24409125745296478,0.5432091951370239,,cfg02_G3_D32,2.171714791969862,cuda
evaluation,92,70,Warm B,0.006435645278543234,0.1111111119389534,0.11397596448659897,0.7283950617283951,1.1920928955078125e-07,0.37853553891181946,0.44097504019737244,,cfg02_G3_D32,2.171714791969862,cuda
evaluation,92,70,Warm C,0.005905383266508579,0.1111111119389534,0.1165042370557785,0.6790123456790124,1.1920928955078125e-07,0.43672463297843933,0.5722379684448242,,cfg02_G3_D32,2.171714791969862,cuda
evaluation,93,71,Cold,-0.0006135928560979664,0.1111111119389534,0.08706607669591904,0.9259259259259259,1.7881393432617188e-07,0.0,0.0,,cfg02_G3_D32,2.171714791969862,cuda
evaluation,93,71,Warm A,0.00427654106169939,0.1111111119389534,0.0963873341679573,0.8148148148148148,1.1920928955078125e-07,0.23258660733699799,0.3984927237033844,,cfg02_G3_D32,2.171714791969862,cuda
evaluation,93,71,Warm B,0.008313625119626522,0.1111111119389534,0.11298240721225739,0.7283950617283951,1.1920928955078125e-07,0.41666480898857117,0.42661747336387634,,cfg02_G3_D32,2.171714791969862,cuda
evaluation,93,71,Warm C,0.012842492200434208,0.1111111119389534,0.1288805902004242,0.6296296296296297,1.1920928955078125e-07,0.5985857248306274,0.22026900947093964,,cfg02_G3_D32,2.171714791969862,cuda
evaluation,94,72,Cold,-0.003367835422977805,0.111111119389534,0.11096465587615967,0.7654320987654321,1.1920928955078125e-07,0.0,0.0,,cfg02_G3_D32,2.171714791969862,cuda
evaluation,94,72,Warm A,0.0016402100445702672,0.1111111119389534,0.1032421663403511,0.7901234567901234,1.1920928955078125e-07,0.23608139157295227,0.5955673456192017,,cfg02_G3_D32,2.171714791969862,cuda
evaluation,94,72,Warm B,-0.0005905339494347572,0.1111111119389534,0.11075641214847565,0.7901234567901234,1.1920928955078125e-07,0.3381095230579376,0.6212466359138489,,cfg02_G3_D32,2.171714791969862,cuda
evaluation,94,72,Warm C,0.0007613952620886266,0.111111119389534,0.10820408910512924,0.7901234567901234,1.1920928955078125e-07,0.4401649534702301,0.5329226851463318,,cfg02_G3_D32,2.171714791969862,cuda
evaluation,100,74,Cold,-0.002742855343967676,0.1111111119389534,0.10592189431190491,0.7901234567901234,2.384185791015625e-07,0.0,0.0,,cfg02_G3_D32,2.171714791969862,cuda
evaluation,100,74,Warm A,0.0035392926074564457,0.1111111119389534,0.10202702134847641,0.7901234567901234,2.384185791015625e-07,0.23816055059432983,0.532563328742981,,cfg02_G3_D32,2.171714791969862,cuda
evaluation,100,74,Warm B,0.004058458376675844,0.1111111119389534,0.10196524113416672,0.7654320987654321,1.1920928955078125e-07,0.3600509464740753,0.540324866771698,,cfg02_G3_D32,2.171714791969862,cuda
evaluation,100,74,Warm C,0.010424039326608181,0.1111111119389534,0.11382770538330078,0.7283950617283951,1.1920928955078125e-07,0.5443634390830994,0.3643918037414551,,cfg02_G3_D32,2.171714791969862,cuda
evaluation,117,82,Cold,-0.002670271322131157,0.1111111119389534,0.10527519136667252,0.8024691358024691,2.384185791015625e-07,0.0,0.0,,cfg02_G3_D32,2.171714791969862,cuda
evaluation,117,82,Warm A,0.0032800352200865746,0.1111111119389534,0.10257511585950851,0.7654320987654321,1.1920928955078125e-07,0.24081425368785858,0.7081312537193298,,cfg02_G3_D32,2.171714791969862,cuda
evaluation,117,82,Warm B,-0.0022183293476700783,0.1111110970377922,0.11251483112573624,0.7654320987654321,1.1920928955078125e-07,0.3906302750110626,0.7559940218925476,,cfg02_G3_D32,2.171714791969862,cuda
evaluation,117,82,Warm C,-0.005304239224642515,0.1111111119389534,0.12217149883508682,0.7160493827160493,1.1920928955078125e-07,0.5489711761474609,0.6329978108406067,,cfg02_G3_D32,2.171714791969862,cuda
evaluation,118,83,Cold,-0.0010091066360473633,0.1111111119389534,0.09327790886163712,0.8888888888888888,1.1920928955078125e-07,0.0,0.0,,cfg02_G3_D32,2.171714791969862,cuda
evaluation,118,83,Warm A,0.003624779637902975,0.1111111119389534,0.09942307323217392,0.8148148148148148,2.384185791015625e-07,0.228514164686203,0.5289626121520996,,cfg02_G3_D32,2.171714791969862,cuda
evaluation,118,83,Warm B,-0.0009133690618909895,0.1111111119389534,0.09089693427085876,0.8888888888888888,1.1920928955078125e-07,0.27986836433410645,0.5903154611587524,,cfg02_G3_D32,2.171714791969862,cuda
evaluation,118,83,Warm C,0.002310765441507101,0.1111111119389534,0.08892393112182617,0.8518518518518519,2.384185791015625e-07,0.310435026884079,0.6057445406913757,,cfg02_G3_D32,2.171714791969862,cuda
evaluation,122,84,Cold,-0.0010105968685820699,0.1111110970377922,0.08711317181587219,0.8888888888888888,1.1920928955078125e-07,0.0,0.0,,cfg02_G3_D32,2.171714791969862,cuda
evaluation,122,84,Warm A,0.002761511830613017,0.1111111119389534,0.09326139092445374,0.8271604938271605,1.1920928955078125e-07,0.22000451385974884,0.5670636296272278,,cfg02_G3_D32,2.171714791969862,cuda
evaluation,122,84,Warm B,0.006399125326424837,0.1111110970377922,0.10913635790348053,0.7530864197530864,1.1920928955078125e-07,0.3418920934200287,0.4672604501247406,,cfg02_G3_D32,2.171714791969862,cuda
evaluation,122,84,Warm C,0.0037979292683303356,0.1111111119389534,0.09410690516233444,0.8024691358024691,1.1920928955078125e-07,0.3422551155090332,0.4842078387737274,,cfg02_G3_D32,2.171714791969862,cuda
evaluation,123,85,Cold,-0.0028223160188645124,0.111111119389534,0.10078270733356476,0.8271604938271605,1.1920928955078125e-07,0.0,0.0,,cfg02_G3_D32,2.171714791969862,cuda
evaluation,123,85,Warm A,-0.004609333351254463,0.1111111119389534,0.11709562689065933,0.7530864197530864,2.384185791015625e-07,0.25077730417251587,0.5727893114089966,,cfg02_G3_D32,2.171714791969862,cuda
evaluation,123,85,Warm B,-0.008204815909266472,0.1111111119389534,0.12553808093070984,0.7530864197530864,2.384185791015625e-07,0.36999040842056274,0.6104986071586609,,cfg02_G3_D32,2.171714791969862,cuda
evaluation,123,85,Warm C,-0.010945713147521019,0.1111110970377922,0.13619498908519745,0.7037037037037037,2.384185791015625e-07,0.48933145403862,0.5674940347671509,,cfg02_G3_D32,2.171714791969862,cuda
evaluation,126,87,Cold,0.00038399058394134045,0.1111111119389534,0.07840687781572342,0.9259259259259259,1.7881393432617188e-07,0.0,0.0,,cfg02_G3_D32,2.171714791969862,cuda
evaluation,126,87,Warm A,0.004593488294631243,0.1111110970377922,0.09488946199417114,0.8148148148148148,2.384185791015625e-07,0.24208174645900726,0.5449375510215759,,cfg02_G3_D32,2.171714791969862,cuda
evaluation,126,87,Warm B,0.007357924710959196,0.1111111119389534,0.11295776814222336,0.7160493827160493,1.1920928955078125e-07,0.4181027412414551,0.4933509826660156,,cfg02_G3_D32,2.171714791969862,cuda
evaluation,126,87,Warm C,0.006820534355938435,0.1111110970377922,0.10452708601951599,0.7901234567901234,2.384185791015625e-07,0.5133306384086609,0.48066267371177673,,cfg02_G3_D32,2.171714791969862,cuda
evaluation,132,88,Cold,-0.0010467839892953634,0.1111111119389534,0.1004863753914833,0.7901234567901234,2.384185791015625e-07,0.0,0.0,,cfg02_G3_D32,2.171714791969862,cuda
evaluation,132,88,Warm A,0.004884324502199888,0.1111111119389534,0.10289635509252548,0.7407407407407407,1.1920928955078125e-07,0.24635808169841766,0.48036128282546997,,cfg02_G3_D32,2.171714791969862,cuda
evaluation,132,88,Warm B,0.011499247513711452,0.1111110970377922,0.115955650806427,0.7037037037037037,1.1920928955078125e-07,0.4168945848941803,0.31963399052619934,,cfg02_G3_D32,2.171714791969862,cuda
evaluation,132,88,Warm C,0.016258936375379562,0.111111119389534,0.13169293105602264,0.6419753086419753,2.384185791015625e-07,0.5913904309272766,0.1430799961090088,,cfg02_G3_D32,2.171714791969862,cuda
evaluation,135,89,Cold,-0.001122053130529821,0.1111111119389534,0.0938217043876648,0.9012345679012346,2.384185791015625e-07,0.0,0.0,,cfg02_G3_D32,2.171714791969862,cuda
evaluation,135,89,Warm A,0.004134814254939556,0.1111111119389534,0.09732094407081604,0.8024691358024691,2.384185791015625e-07,0.244355708360672,0.3624376356601715,,cfg02_G3_D32,2.171714791969862,cuda
evaluation,135,89,Warm B,0.008810603991150856,0.111111119389534,0.11170119047164917,0.7283950617283951,2.384185791015625e-07,0.4114314317703247,0.39243337512016296,,cfg02_G3_D32,2.171714791969862,cuda
evaluation,135,89,Warm C,0.007368279155343771,0.111111119389534,0.10949534177780151,0.7530864197530864,1.1920928955078125e-07,0.48664531111717224,0.5797995924949646,,cfg02_G3_D32,2.171714791969862,cuda
evaluation,140,90,Cold,-0.002284061396494508,0.1111111119389534,0.09852205961942673,0.8518518518518519,2.384185791015625e-07,0.0,0.0,,cfg02_G3_D32,2.171714791969862,cuda
evaluation,140,90,Warm A,0.001468338188715279,0.1111111119389534,0.09732985496520996,0.8271604938271605,2.384185791015625e-07,0.23258769512176514,0.5696830153465271,,cfg02_G3_D32,2.171714791969862,cuda
evaluation,140,90,Warm B,0.0019024971406906843,0.1111111119389534,0.10304425656795502,0.8271604938271605,2.384185791015625e-07,0.309388130903244,0.6076787114143372,,cfg02_G3_D32,2.171714791969862,cuda
evaluation,140,90,Warm C,0.0003856435650959611,0.1111111119389534,0.10345008224248886,0.7654320987654321,2.384185791015625e-07,0.39320412278175354,0.6528137922286987,,cfg02_G3_D32,2.171714791969862,cuda
evaluation,147,94,Cold,-0.0030509273055940866,0.1111111119389534,0.10871095210313797,0.7777777777777778,1.1920928955078125e-07,0.0,0.0,,cfg02_G3_D32,2.171714791969862,cuda
evaluation,147,94,Warm A,-0.0016023957869037986,0.1111111119389534,0.10219619423151016,0.7530864197530864,1.1920928955078125e-07,0.23165149986743927,0.5414498448371887,,cfg02_G3_D32,2.171714791969862,cuda
evaluation,147,94,Warm B,-0.002484543714672327,0.1111111119389534,0.1064620167016983,0.7777777777777778,1.1920928955078125e-07,0.252746045589447,0.6993104219436646,,cfg02_G3_D32,2.171714791969862,cuda
evaluation,147,94,Warm C,0.002482128329575062,0.1111111119389534,0.10502679646015167,0.7654320987654321,1.1920928955078125e-07,0.2800044119358063,0.5595791339874268,,cfg02_G3_D32,2.171714791969862,cuda
evaluation,152,97,Cold,-0.0010331971570849419,0.1111111119389534,0.07635341584682465,0.9506172839506173,2.384185791015625e-07,0.0,0.0,,cfg02_G3_D32,2.171714791969862,cuda
evaluation,152,97,Warm A,0.0024208754766732454,0.1111110970377922,0.08479762822389603,0.8765432098765432,1.1920928955078125e-07,0.21112555265426636,0.5795130133628845,,cfg02_G3_D32,2.171714791969862,cuda
evaluation,152,97,Warm B,0.004268979653716087,0.1111111119389534,0.10607467591762543,0.7654320987654321,2.384185791015625e-07,0.32378578186035156,0.4786616861820221,,cfg02_G3_D32,2.171714791969862,cuda
evaluation,152,97,Warm C,0.001413429738022387,0.1111111119389534,0.08791843801736832,0.8765432098765432,3.5762786865234375e-07,0.31535249948501587,0.6989980936050415,,cfg02_G3_D32,2.171714791969862,cuda
evaluation,154,99,Cold,-0.005486514884978533,0.1111111119389534,0.12584511935710907,0.7160493827160493,1.1920928955078125e-07,0.0,0.0,,cfg02_G3_D32,2.171714791969862,cuda
evaluation,154,99,Warm A,-0.0027692627627402544,0.1111111119389534,0.11179818958044052,0.7901234567901234,1.1920928955078125e-07,0.2337479144334793,0.7616490125656128,,cfg02_G3_D32,2.171714791969862,cuda
evaluation,154,99,Warm B,-0.004386245273053646,0.1111111119389534,0.11211372911930084,0.7777777777777778,2.384185791015625e-07,0.35191699862480164,0.6072843670845032,,cfg02_G3_D32,2.171714791969862,cuda
evaluation,154,99,Warm C,-0.008332651108503342,0.1111111119389534,0.1191195473074913,0.7530864197530864,2.384185791015625e-07,0.4671570360660553,0.6135721802711487,,cfg02_G3_D32,2.171714791969862,cuda
evaluation,155,100,Cold,-0.0017552037024870515,0.1111111119389534,0.10034292191267014,0.8148148148148148,2.384185791015625e-07,0.0,0.0,,cfg02_G3_D32,2.171714791969862,cuda
evaluation,155,100,Warm A,0.0024522074963897467,0.1111111119389534,0.09920720010995865,0.8395061728395061,1.1920928955078125e-07,0.20952928066253662,0.6412225961685181,,cfg02_G3_D32,2.171714791969862,cuda
evaluation,155,100,Warm B,-0.0015003078151494265,0.1111110970377922,0.0982859656214714,0.8148148148148148,2.384185791015625e-07,0.35931092500686646,0.6178037524223328,,cfg02_G3_D32,2.171714791969862,cuda
evaluation,155,100,Warm C,0.003987178672105074,0.111111119389534,0.09475577622652054,0.8271604938271605,1.1920928955078125e-07,0.4031762480735779,0.6404167413711548,,cfg02_G3_D32,2.171714791969862,cuda
evaluation,156,101,Cold,-0.0007208650349639356,0.1111111119389534,0.08886920660734177,0.9012345679012346,2.384185791015625e-07,0.0,0.0,,cfg02_G3_D32,2.171714791969862,cuda
evaluation,156,101,Warm A,-0.0036371187306940556,0.1111111119389534,0.09520536661148071,0.9012345679012346,1.1920928955078125e-07,0.21101172268390656,0.6124208569526672,,cfg02_G3_D32,2.171714791969862,cuda
evaluation,156,101,Warm B,-0.0014412800082936883,0.111111119389534,0.08636681735515594,0.9012345679012346,1.1920928955078125e-07,0.28872981667518616,0.5870475769042969,,cfg02_G3_D32,2.171714791969862,cuda
evaluation,156,101,Warm C,-0.0027217790484428406,0.1111111119389534,0.09014160186052322,0.9012345679012346,1.1920928955078125e-07,0.3267274796962738,0.7323565483093262,,cfg02_G3_D32,2.171714791969862,cuda
evaluation,157,102,Cold,-0.0020776784513145685,0.111111119389534,0.10104509443044662,0.8271604938271605,1.1920928955078125e-07,0.0,0.0,,cfg02_G3_D32,2.171714791969862,cuda
evaluation,157,102,Warm A,0.0026323727797716856,0.1111111119389534,0.0991581454873085,0.7777777777777778,1.7881393432617188e-07,0.2411198765039444,0.5957850813865662,,cfg02_G3_D32,2.171714791969862,cuda
evaluation,157,102,Warm B,0.005465978756546974,0.1111111119389534,0.10710224509239197,0.7160493827160493,1.1920928955078125e-07,0.3167155086994171,0.5436734557151794,,cfg02_G3_D32,2.171714791969862,cuda
evaluation,157,102,Warm C,0.009014136157929897,0.111111119389534,0.11668037623167038,0.7160493827160493,1.1920928955078125e-07,0.43885740637779236,0.4161185324192047,,cfg02_G3_D32,2.171714791969862,cuda
evaluation,159,104,Cold,-0.0028060872573405504,0.1111111119389534,0.10702019929885864,0.7901234567901234,2.384185791015625e-07,0.0,0.0,,cfg02_G3_D32,2.171714791969862,cuda
evaluation,159,104,Warm A,0.000964265433140099,0.111111119389534,0.10339172184467316,0.7777777777777778,2.384185791015625e-07,0.20696330070495605,0.7145358324050903,,cfg02_G3_D32,2.171714791969862,cuda
evaluation,159,104,Warm B,0.00527314143255353,0.1111111119389534,0.10835132002830505,0.7777777777777778,1.1920928955078125e-07,0.3340548872947693,0.500023365020752,,cfg02_G3_D32,2.171714791969862,cuda
evaluation,159,104,Warm C,-0.00015534258272964507,0.1111111119389534,0.1023397222161293,0.8271604938271605,1.7881393432617188e-07,0.3892550468444824,0.5050984025001526,,cfg02_G3_D32,2.171714791969862,cuda
evaluation,166,111,Cold,-0.0024470463395118713,0.1111111119389534,0.1010841578245163,0.8395061728395061,1.1920928955078125e-07,0.0,0.0,,cfg02_G3_D32,2.171714791969862,cuda
evaluation,166,111,Warm A,0.0019010099349543452,0.1111111119389534,0.1023285910487175,0.7901234567901234,1.1920928955078125e-07,0.24439898133277893,0.655684769153595,,cfg02_G3_D32,2.171714791969862,cuda
evaluation,166,111,Warm B,-0.0013805364724248648,0.111111119389534,0.10206057131290436,0.8148148148148148,1.1920928955078125e-07,0.2820274233818054,0.6260725855827332,,cfg02_G3_D32,2.171714791969862,cuda
evaluation,166,111,Warm C,0.0035519052762538195,0.111111119389534,0.10551570355892181,0.7283950617283951,1.1920928955078125e-07,0.39282235503196716,0.5665208101272583,,cfg02_G3_D32,2.171714791969862,cuda
evaluation,169,113,Cold,0.001797194592654705,0.1111111119389534,0.08133279532194138,0.9135802469135802,2.384185791015625e-07,0.0,0.0,,cfg02_G3_D32,2.171714791969862,cuda
evaluation,169,113,Warm A,0.005123562179505825,0.111111119389534,0.10071765631437302,0.7901234567901234,1.1920928955078125e-07,0.2371993511915207,0.39509519934654236,,cfg02_G3_D32,2.171714791969862,cuda
evaluation,169,113,Warm B,0.009106297977268696,0.1111111119389534,0.11736175417900085,0.691358024691358,2.384185791015625e-07,0.34785711765289307,0.44047680497169495,,cfg02_G3_D32,2.171714791969862,cuda
evaluation,169,113,Warm C,0.014390072785317898,0.1111111119389534,0.1353834867477417,0.6049382716049383,1.7881393432617188e-07,0.5028647184371948,0.173215851187706,,cfg02_G3_D32,2.171714791969862,cuda
evaluation,171,115,Cold,-0.0013318315614014864,0.1111111119389534,0.0951233059167862,0.8765432098765432,3.5762786865234375e-07,0.0,0.0,,cfg02_G3_D32,2.171714791969862,cuda
evaluation,171,115,Warm A,-0.004464062862098217,0.1111111119389534,0.10541117936372757,0.8518518518518519,1.1920928955078125e-07,0.23178188502788544,0.6276218295097351,,cfg02_G3_D32,2.171714791969862,cuda
evaluation,171,115,Warm B,-0.005575929302722216,0.1111111119389534,0.1029290035367012,0.8518518518518519,1.1920928955078125e-07,0.3529495298862457,0.6030504107475281,,cfg02_G3_D32,2.171714791969862,cuda
evaluation,171,115,Warm C,-0.00598330982029438,0.1111111119389534,0.10068333894014359,0.7901234567901234,2.384185791015625e-07,0.3618454337120056,0.5502857565879822,,cfg02_G3_D32,2.171714791969862,cuda
evaluation,174,118,Cold,-0.0014101573033258319,0.1111111119389534,0.09568837285041809,0.8765432098765432,2.384185791015625e-07,0.0,0.0,,cfg02_G3_D32,2.171714791969862,cuda
evaluation,174,118,Warm A,0.0033227712847292423,0.111111119389534,0.09942438453435898,0.8148148148148148,1.1920928955078125e-07,0.2177073061466217,0.6072002649307251,,cfg02_G3_D32,2.171714791969862,cuda
evaluation,174,118,Warm B,0.008600987493991852,0.1111111119389534,0.11245082318782806,0.7407407407407407,1.1920928955078125e-07,0.39227285981178284,0.3816188871860504,,cfg02_G3_D32,2.171714791969862,cuda
evaluation,174,118,Warm C,0.010841969400644302,0.1111111119389534,0.12056335806846619,0.6419753086419753,2.384185791015625e-07,0.4605175256729126,0.4105542302131653,,cfg02_G3_D32,2.171714791969862,cuda
evaluation,177,121,Cold,-0.00045382342068478465,0.1111110970377922,0.07249067723751068,0.9753086419753086,1.1920928955078125e-07,0.0,0.0,,cfg02_G3_D32,2.171714791969862,cuda
evaluation,177,121,Warm A,0.003312221961095929,0.1111111119389534,0.0815298929810524,0.9382716049382716,1.1920928955078125e-07,0.21792811155319214,0.5659838914871216,,cfg02_G3_D32,2.171714791969862,cuda
evaluation,177,121,Warm B,0.00379183073528111,0.1111111119389534,0.075393907725811,0.9382716049382716,1.1920928955078125e-07,0.3333926200866699,0.5442430973052979,,cfg02_G3_D32,2.171714791969862,cuda
evaluation,177,121,Warm C,0.006647192407399416,0.1111110970377922,0.09603390842676163,0.8518518518518519,2.384185791015625e-07,0.3804994821548462,0.36190566420555115,,cfg02_G3_D32,2.171714791969862,cuda
evaluation,181,123,Cold,0.0007990492740646005,0.111111119389534,0.08463740348815918,0.9012345679012346,2.384185791015625e-07,0.0,0.0,,cfg02_G3_D32,2.171714791969862,cuda
evaluation,181,123,Warm A,0.004669556859880686,0.1111111119389534,0.10037759691476822,0.7777777777777778,1.1920928955078125e-07,0.24090805649757385,0.26355695724487305,,cfg02_G3_D32,2.171714791969862,cuda
evaluation,181,123,Warm B,0.007181749679148197,0.1111111119389534,0.12025576084852219,0.7160493827160493,1.1920928955078125e-07,0.4066290259361267,0.34854334592819214,,cfg02_G3_D32,2.171714791969862,cuda
evaluation,181,123,Warm C,0.012546179816126823,0.1111111119389534,0.14040248095989227,0.6049382716049383,1.7881393432617188e-07,0.4921896755695343,0.18530339002609253,,cfg02_G3_D32,2.171714791969862,cuda
evaluation,187,126,Cold,-0.0007761379238218069,0.1111110970377922,0.09063801914453506,0.8888888888888888,1.7881393432617188e-07,0.0,0.0,,cfg02_G3_D32,2.171714791969862,cuda
evaluation,187,126,Warm A,0.0034940869081765413,0.1111111119389534,0.09521835297346115,0.8148148148148148,1.1920928955078125e-07,0.22794616222381592,0.5827561616897583,,cfg02_G3_D32,2.171714791969862,cuda
evaluation,187,126,Warm B,0.002564628142863512,0.1111111119389534,0.09528802335262299,0.8271604938271605,1.1920928955078125e-07,0.3468271791934967,0.5582185983657837,,cfg02_G3_D32,2.171714791969862,cuda
evaluation,187,126,Warm C,-0.0004910693387500942,0.1111111119389534,0.09379292279481888,0.8765432098765432,2.384185791015625e-07,0.35931745171546936,0.6152834892272949,,cfg02_G3_D32,2.171714791969862,cuda
evaluation,188,127,Cold,-0.001033186912536621,0.1111111119389534,0.07635343074798584,0.9506172839506173,2.384185791015625e-07,0.0,0.0,,cfg02_G3_D32,2.171714791969862,cuda
evaluation,188,127,Warm A,0.0025332116056233644,0.1111111119389534,0.08945758640766144,0.8888888888888888,1.7881393432617188e-07,0.23328496515750885,0.5680252909660339,,cfg02_G3_D32,2.171714791969862,cuda
evaluation,188,127,Warm B,0.005425616633147001,0.1111111119389534,0.09797953814268112,0.8271604938271605,2.384185791015625e-07,0.28867557644844055,0.4911469519138336,,cfg02_G3_D32,2.171714791969862,cuda
evaluation,188,127,Warm C,0.0009778332896530628,0.1111111119389534,0.08177606761455536,0.9259259259259259,2.384185791015625e-07,0.2905092239379883,0.7621906995773315,,cfg02_G3_D32,2.171714791969862,cuda
evaluation,190,128,Cold,-0.0010462654754519463,0.1111111119389534,0.10048533976078033,0.7901234567901234,2.384185791015625e-07,0.0,0.0,,cfg02_G3_D32,2.171714791969862,cuda
evaluation,190,128,Warm A,-0.0041350401006639,0.1111111119389534,0.11281859874725342,0.7530864197530864,1.1920928955078125e-07,0.22696980834007263,0.6839001178741455,,cfg02_G3_D32,2.171714791969862,cuda
evaluation,190,128,Warm B,-0.004895230755209923,0.1111111119389534,0.11293870210647583,0.8148148148148148,2.384185791015625e-07,0.35208168625831604,0.7618454694747925,,cfg02_G3_D32,2.171714791969862,cuda
evaluation,190,128,Warm C,-0.00940207950770855,0.1111111119389534,0.1305525004863739,0.7283950617283951,1.7881393432617188e-07,0.4880724251270294,0.7565564513206482,,cfg02_G3_D32,2.171714791969862,cuda
evaluation,191,129,Cold,-0.003050927771255374,0.1111111119389534,0.10871095210313797,0.7777777777777778,1.1920928955078125e-07,0.0,0.0,,cfg02_G3_D32,2.171714791969862,cuda
evaluation,191,129,Warm A,0.0015783354174345732,0.1111111119389534,0.1037222146987915,0.7901234567901234,3.5762786865234375e-07,0.24208992719650269,0.5715928077697754,,cfg02_G3_D32,2.171714791969862,cuda
evaluation,191,129,Warm B,0.00776473106816411,0.1111111119389534,0.11056790500879288,0.7037037037037037,2.384185791015625e-07,0.42468249797821045,0.39745455980300903,,cfg02_G3_D32,2.171714791969862,cuda
evaluation,191,129,Warm C,0.012528875842690468,0.1111110970377922,0.1249469667673111,0.6790123456790124,2.384185791015625e-07,0.6106557846069336,0.25830963253974915,,cfg02_G3_D32,2.171714791969862,cuda
evaluation,195,132,Cold,-0.002186974510550499,0.1111110970377922,0.0971435010433197,0.8641975308641975,2.384185791015625e-07,0.0,0.0,,cfg02_G3_D32,2.171714791969862,cuda
evaluation,195,132,Warm A,0.0012317722430452704,0.1111111119389534,0.09562058001756668,0.8148148148148148,1.1920928955078125e-07,0.24562756717205048,0.4750213623046875,,cfg02_G3_D32,2.171714791969862,cuda
evaluation,195,132,Warm B,0.004131188150495291,0.1111111119389534,0.10470453649759293,0.7654320987654321,1.1920928955078125e-07,0.3096329867839813,0.5971899032592773,,cfg02_G3_D32,2.171714791969862,cuda
evaluation,195,132,Warm C,0.007548078428953886,0.1111111119389534,0.12203024327754974,0.7037037037037037,1.1920928955078125e-07,0.4245741069316864,0.3594491183757782,,cfg02_G3_D32,2.171714791969862,cuda
evaluation,199,135,Cold,-0.004778544418513775,0.1111111119389534,0.11489590257406235,0.8024691358024691,1.7881393432617188e-07,0.0,0.0,,cfg02_G3_D32,2.171714791969862,cuda
evaluation,199,135,Warm A,-9.693532047094777e-05,0.1111111119389534,0.10375824570655823,0.8271604938271605,2.384185791015625e-07,0.24119144678115845,0.5555667281150818,,cfg02_G3_D32,2.171714791969862,cuda
evaluation,199,135,Warm B,-0.0035304338671267033,0.1111111119389534,0.11519581824541092,0.8148148148148148,1.7881393432617188e-07,0.2886982560157776,0.5254915356636047,,cfg02_G3_D32,2.171714791969862,cuda
evaluation,199,135,Warm C,-0.0024221192579716444,0.1111111119389534,0.10871755331754684,0.8024691358024691,2.384185791015625e-07,0.33683595061302185,0.42997655272483826,,cfg02_G3_D32,2.171714791969862,cuda
evaluation,205,138,Cold,-0.0026698745787143707,0.1111111119389534,0.10329505801200867,0.8395061728395061,1.1920928955078125e-07,0.0,0.0,,cfg02_G3_D32,2.171714791969862,cuda
evaluation,205,138,Warm A,-0.004901919048279524,0.1111110970377922,0.11400813609361649,0.7654320987654321,2.384185791015625e-07,0.2450776994228363,0.433626651763916,,cfg02_G3_D32,2.171714791969862,cuda
evaluation,205,138,Warm B,-0.002798744710162282,0.1111111119389534,0.101320281624794,0.8518518518518519,1.1920928955078125e-07,0.2872177064418793,0.7039871215820312,,cfg02_G3_D32,2.171714791969862,cuda
evaluation,205,138,Warm C,-3.612630098359659e-05,0.1111111119389534,0.09646601229906082,0.8395061728395061,2.384185791015625e-07,0.41285303235054016,0.6095638275146484,,cfg02_G3_D32,2.171714791969862,cuda
evaluation,206,139,Cold,-0.003083710093051195,0.111111119389534,0.106603242456913,0.7777777777777778,2.384185791015625e-07,0.0,0.0,,cfg02_G3_D32,2.171714791969862,cuda
evaluation,206,139,Warm A,-0.005885476246476173,0.1111111119389534,0.12160324305295944,0.7654320987654321,2.384185791015625e-07,0.21566003561019897,0.6567168831825256,,cfg02_G3_D32,2.171714791969862,cuda
evaluation,206,139,Warm B,-0.004788876511156559,0.1111111119389534,0.11899318546056747,0.7530864197530864,2.384185791015625e-07,0.29711437225341797,0.4251668155193329,,cfg02_G3_D32,2.171714791969862,cuda
evaluation,206,139,Warm C,-0.0008686878718435764,0.1111111119389534,0.1065521240234375,0.7901234567901234,1.1920928955078125e-07,0.3864094316959381,0.6697897911071777,,cfg02_G3_D32,2.171714791969862,cuda
evaluation,213,142,Cold,-0.003440778935328126,0.1111111119389534,0.11057323217391968,0.7654320987654321,2.384185791015625e-07,0.0,0.0,,cfg02_G3_D32,2.171714791969862,cuda
evaluation,213,142,Warm A,-0.007425067014992237,0.111111119389534,0.12622098624706268,0.7160493827160493,2.384185791015625e-07,0.22523844242095947,0.5398885011672974,,cfg02_G3_D32,2.171714791969862,cuda
evaluation,213,142,Warm B,-0.011605196632444859,0.1111111119389534,0.13993678987026215,0.6419753086419753,2.384185791015625e-07,0.4232001006603241,0.3360201418399811,,cfg02_G3_D32,2.171714791969862,cuda
evaluation,213,142,Warm C,-0.010869842953979969,0.1111111119389534,0.1350276917219162,0.6666666666666666,1.1920928955078125e-07,0.4983174204826355,0.3863687217235565,,cfg02_G3_D32,2.171714791969862,cuda
evaluation,215,143,Cold,-0.00149972690269351,0.1111111119389534,0.09057207405567169,0.8888888888888888,2.384185791015625e-07,0.0,0.0,,cfg02_G3_D32,2.171714791969862,cuda
evaluation,215,143,Warm A,-0.005650268867611885,0.111111119389534,0.10599091649055481,0.8271604938271605,2.384185791015625e-07,0.23392851650714874,0.48206645250320435,,cfg02_G3_D32,2.171714791969862,cuda
evaluation,215,143,Warm B,-0.00297685363329947,0.1111111119389534,0.09541638195514679,0.8518518518518519,2.384185791015625e-07,0.31245872378349304,0.6462990641593933,,cfg02_G3_D32,2.171714791969862,cuda
evaluation,215,143,Warm C,-0.003518702695146203,0.1111111119389534,0.1027461364865303,0.8888888888888888,1.1920928955078125e-07,0.3518621325492859,0.6934609413146973,,cfg02_G3_D32,2.171714791969862,cuda
evaluation,217,145,Cold,-0.0024518296122550964,0.1111111119389534,0.1050456166267395,0.7901234567901234,1.1920928955078125e-07,0.0,0.0,,cfg02_G3_D32,2.171714791969862,cuda
evaluation,217,145,Warm A,0.002207087818533182,0.1111111119389534,0.1044851690530777,0.7777777777777778,2.980232238769531e-07,0.23543794453144073,0.649609386920929,,cfg02_G3_D32,2.171714791969862,cuda
evaluation,217,145,Warm B,0.0072813075967133045,0.111111119389534,0.11466807872056961,0.7160493827160493,1.1920928955078125e-07,0.3796367347240448,0.38217252492904663,,cfg02_G3_D32,2.171714791969862,cuda
evaluation,217,145,Warm C,0.010341043584048748,0.1111111119389534,0.13034062087535858,0.654320987654321,2.384185791015625e-07,0.524092972278595,0.3383941650390625,,cfg02_G3_D32,2.171714791969862,cuda
evaluation,218,146,Cold,-0.0024075915571302176,0.1111110970377922,0.10002557933330536,0.8395061728395061,2.384185791015625e-07,0.0,0.0,,cfg02_G3_D32,2.171714791969862,cuda
evaluation,218,146,Warm A,0.002479411428794265,0.1111111119389534,0.09797351807355881,0.7777777777777778,1.1920928955078125e-07,0.2442413866519928,0.5034866333007812,,cfg02_G3_D32,2.171714791969862,cuda
evaluation,218,146,Warm B,0.00502667436376214,0.1111111119389534,0.10952077805995941,0.7407407407407407,1.1920928955078125e-07,0.36488357186317444,0.6265974044799805,,cfg02_G3_D32,2.171714791969862,cuda
evaluation,218,146,Warm C,0.002540069865062833,0.1111111119389534,0.09903513640165329,0.7654320987654321,2.384185791015625e-07,0.4028463065624237,0.4712993800640106,,cfg02_G3_D32,2.171714791969862,cuda
evaluation,227,151,Cold,0.002361571416258812,0.1111111119389534,0.08792721480131149,0.8518518518518519,2.384185791015625e-07,0.0,0.0,,cfg02_G3_D32,2.171714791969862,cuda
evaluation,227,151,Warm A,0.005858825519680977,0.111111119389534,0.1059713214635849,0.7530864197530864,1.1920928955078125e-07,0.2459547221660614,0.3499208986759186,,cfg02_G3_D32,2.171714791969862,cuda
evaluation,227,151,Warm B,0.0031186460983008146,0.1111111119389534,0.09093745052814484,0.8518518518518519,1.1920928955078125e-07,0.27611979842185974,0.3901402950286865,,cfg02_G3_D32,2.171714791969862,cuda
evaluation,227,151,Warm C,0.008169987238943577,0.1111111119389534,0.112528495490551,0.7407407407407407,2.384185791015625e-07,0.37847790122032166,0.35145601630210876,,cfg02_G3_D32,2.171714791969862,cuda
evaluation,229,152,Cold,-0.00217604567296803,0.1111111119389534,0.10158835351467133,0.8024691358024691,3.5762786865234375e-07,0.0,0.0,,cfg02_G3_D32,2.171714791969862,cuda
evaluation,229,152,Warm A,0.000347853172570467,0.1111111119389534,0.09837941080331802,0.7777777777777778,1.1920928955078125e-07,0.22186391055583954,0.5898267030715942,,cfg02_G3_D32,2.171714791969862,cuda
evaluation,229,152,Warm B,-0.004964850377291441,0.1111111119389534,0.10415472090244293,0.8148148148148148,1.1920928955078125e-07,0.20383964478969574,0.6221162676811218,,cfg02_G3_D32,2.171714791969862,cuda
evaluation,229,152,Warm C,-0.0029700561426579952,0.1111111119389534,0.09874836355447769,0.7901234567901234,1.1920928955078125e-07,0.2880770266056061,0.5778178572654724,,cfg02_G3_D32,2.171714791969862,cuda
evaluation,234,157,Cold,-0.001077441032975912,0.111111119389534,0.09176855534315109,0.8765432098765432,1.1920928955078125e-07,0.0,0.0,,cfg02_G3_D32,2.171714791969862,cuda
evaluation,234,157,Warm A,0.0038841713685542345,0.1111110970377922,0.09853550046682358,0.8024691358024691,2.980232238769531e-07,0.22677049040794373,0.4845060408115387,,cfg02_G3_D32,2.171714791969862,cuda
evaluation,234,157,Warm B,0.009669028222560883,0.1111111119389534,0.11418319493532181,0.7283950617283951,1.1920928955078125e-07,0.3975098729133606,0.3111041188240051,,cfg02_G3_D32,2.171714791969862,cuda
evaluation,234,157,Warm C,0.013160581700503826,0.1111111119389534,0.13183282315731049,0.6666666666666666,1.1920928955078125e-07,0.5444811582565308,0.3715604543685913,,cfg02_G3_D32,2.171714791969862,cuda
evaluation,239,161,Cold,-0.0012482453603297472,0.1111111119389534,0.09103348851203918,0.9012345679012346,1.1920928955078125e-07,0.0,0.0,,cfg02_G3_D32,2.171714791969862,cuda
evaluation,239,161,Warm A,0.0036819514352828264,0.1111110970377922,0.09675942361354828,0.8271604938271605,1.7881393432617188e-07,0.2251119613647461,0.6103155016899109,,cfg02_G3_D32,2.171714791969862,cuda
evaluation,239,161,Warm B,0.005396617576479912,0.1111111119389534,0.1071169525384903,0.7160493827160493,1.1920928955078125e-07,0.3717462420463562,0.5821645855903625,,cfg02_G3_D32,2.171714791969862,cuda
evaluation,239,161,Warm C,0.0011587197659537196,0.1111111119389534,0.10155121237039566,0.8148148148148148,1.1920928955078125e-07,0.42680591344833374,0.5415089726448059,,cfg02_G3_D32,2.171714791969862,cuda
evaluation,242,162,Cold,-0.0025282148271799088,0.1111111119389534,0.09676891565322876,0.8518518518518519,1.1920928955078125e-07,0.0,0.0,,cfg02_G3_D32,2.171714791969862,cuda
evaluation,242,162,Warm A,0.0009213899611495435,0.1111111119389534,0.09268568456172943,0.8395061728395061,1.1920928955078125e-07,0.22139525413513184,0.5705689787864685,,cfg02_G3_D32,2.171714791969862,cuda
evaluation,242,162,Warm B,-0.003277470590546727,0.1111111119389534,0.09928010404109955,0.8765432098765432,1.1920928955078125e-07,0.2839168906211853,0.603390097618103,,cfg02_G3_D32,2.171714791969862,cuda
evaluation,242,162,Warm C,0.0006458878633566201,0.1111111119389534,0.09574281424283981,0.8148148148148148,1.1920928955078125e-07,0.4331355392932892,0.6732742190361023,,cfg02_G3_D32,2.171714791969862,cuda
evaluation,248,165,Cold,-0.0015384180005639791,0.1111111119389534,0.0946677029132843,0.8765432098765432,1.1920928955078125e-07,0.0,0.0,,cfg02_G3_D32,2.171714791969862,cuda
evaluation,248,165,Warm A,0.003080237889662385,0.1111110970377922,0.09519678354263306,0.8148148148148148,2.384185791015625e-07,0.23219068348407745,0.5800221562385559,,cfg02_G3_D32,2.171714791969862,cuda
evaluation,248,165,Warm B,0.007569401990622282,0.1111111119389534,0.10935554653406143,0.7283950617283951,1.1920928955078125e-07,0.37501582503318787,0.3834107518196106,,cfg02_G3_D32,2.171714791969862,cuda
evaluation,248,165,Warm C,0.005567967426031828,0.1111111119389534,0.09791281074285507,0.7777777777777778,2.384185791015625e-07,0.4129437208175659,0.5728705525398254,,cfg02_G3_D32,2.171714791969862,cuda
evaluation,255,169,Cold,-0.0021941373124718666,0.1111111119389534,0.09770935028791428,0.8641975308641975,2.384185791015625e-07,0.0,0.0,,cfg02_G3_D32,2.171714791969862,cuda
evaluation,255,169,Warm A,0.0017319275066256523,0.1111110970377922,0.0975629910826683,0.8395061728395061,2.384185791015625e-07,0.23206479847431183,0.5758063197135925,,cfg02_G3_D32,2.171714791969862,cuda
evaluation,255,169,Warm B,0.0063085113652050495,0.1111111119389534,0.10910191386938095,0.7530864197530864,1.1920928955078125e-07,0.4253038763999939,0.3204862177371979,,cfg02_G3_D32,2.171714791969862,cuda
evaluation,255,169,Warm C,0.008051108568906784,0.111111119389534,0.12079878896474838,0.6790123456790124,2.384185791015625e-07,0.5256426930427551,0.37538567185401917,,cfg02_G3_D32,2.171714791969862,cuda
evaluation,257,171,Cold,-0.0015409099869430065,0.111111119389534,0.09941194206476212,0.8024691358024691,1.1920928955078125e-07,0.0,0.0,,cfg02_G3_D32,2.171714791969862,cuda
evaluation,257,171,Warm A,0.004932293202728033,0.1111111119389534,0.10081695020198822,0.7654320987654321,2.384185791015625e-07,0.23312094807624817,0.5108734965324402,,cfg02_G3_D32,2.171714791969862,cuda
evaluation,257,171,Warm B,-0.0007438294705934823,0.1111111119389534,0.09708390384912491,0.8395061728395061,1.1920928955078125e-07,0.31071263551712036,0.6104945540428162,,cfg02_G3_D32,2.171714791969862,cuda
evaluation,257,171,Warm C,-4.725204053102061e-05,0.1111111119389534,0.09695371240377426,0.8271604938271605,1.7881393432617188e-07,0.43831193447113037,0.5600959658622742,,cfg02_G3_D32,2.171714791969862,cuda
evaluation,258,172,Cold,0.0005181378219276667,0.1111111119389534,0.07884480059146881,0.9259259259259259,1.1920928955078125e-07,0.0,0.0,,cfg02_G3_D32,2.171714791969862,cuda
evaluation,258,172,Warm A,0.0050231111235916615,0.1111111119389534,0.09826941043138504,0.8395061728395061,2.384185791015625e-07,0.24319101870059967,0.5722213983535767,,cfg02_G3_D32,2.171714791969862,cuda
evaluation,258,172,Warm B,0.008530497550964355,0.1111110970377922,0.11450464278459549,0.7407407407407407,1.1920928955078125e-07,0.3971019387245178,0.39889922738075256,,cfg02_G3_D32,2.171714791969862,cuda
evaluation,258,172,Warm C,0.012148582376539707,0.1111111119389534,0.13288740813732147,0.6049382716049383,1.7881393432617188e-07,0.5428977012634277,0.3003877103328705,,cfg02_G3_D32,2.171714791969862,cuda
evaluation,259,173,Cold,-0.0012527632061392069,0.1111111119389534,0.09550849348306656,0.8395061728395061,1.1920928955078125e-07,0.0,0.0,,cfg02_G3_D32,2.171714791969862,cuda
evaluation,259,173,Warm A,0.004972307477146387,0.1111111119389534,0.09794601052999496,0.7777777777777778,1.7881393432617188e-07,0.2426145076751709,0.48349952697753906,,cfg02_G3_D32,2.171714791969862,cuda
evaluation,259,173,Warm B,0.009527201764285564,0.1111111119389534,0.11269750446081161,0.7283950617283951,1.1920928955078125e-07,0.4177014231681824,0.4587737023830414,,cfg02_G3_D32,2.171714791969862,cuda
evaluation,259,173,Warm C,0.004201460164040327,0.1111111119389534,0.09723147749900818,0.7777777777777778,1.7881393432617188e-07,0.34131166338920593,0.5452331900596619,,cfg02_G3_D32,2.171714791969862,cuda
evaluation,262,176,Cold,-0.0020802656654268503,0.1111111119389534,0.09190734475851059,0.9135802469135802,1.1920928955078125e-07,0.0,0.0,,cfg02_G3_D32,2.171714791969862,cuda
evaluation,262,176,Warm A,-0.00478797173127532,0.1111111119389534,0.10519061982631683,0.8148148148148148,1.1920928955078125e-07,0.22847120463848114,0.5748376250267029,,cfg02_G3_D32,2.171714791969862,cuda
evaluation,262,176,Warm B,-0.0018872463842853904,0.111111119389534,0.09163633733987808,0.8518518518518519,2.384185791015625e-07,0.2253197282552719,0.5484657287597656,,cfg02_G3_D32,2.171714791969862,cuda
evaluation,262,176,Warm C,-0.0010775780538097024,0.1111111119389534,0.0862746313214302,0.8395061728395061,2.384185791015625e-07,0.34260594844818115,0.6097553968429565,,cfg02_G3_D32,2.171714791969862,cuda
evaluation,267,179,Cold,-0.0015803531277924776,0.1111111119389534,0.09507544338703156,0.8765432098765432,1.1920928955078125e-07,0.0,0.0,,cfg02_G3_D32,2.171714791969862,cuda
evaluation,267,179,Warm A,0.0021216049790382385,0.1111111119389534,0.09793535619974136,0.8641975308641975,1.1920928955078125e-07,0.24512682855129242,0.6257966160774231,,cfg02_G3_D32,2.171714791969862,cuda
evaluation,267,179,Warm B,3.0452316423179582e-05,0.1111111119389534,0.10540366917848587,0.8395061728395061,2.384185791015625e-07,0.38131314516067505,0.8141647577285767,,cfg02_G3_D32,2.171714791969862,cuda
evaluation,267,179,Warm C,0.003785984357818961,0.1111111119389534,0.1088499203324318,0.8024691358024691,2.384185791015625e-07,0.4102964997291565,0.5375736355781555,,cfg02_G3_D32,2.171714791969862,cuda
evaluation,270,180,Cold,-0.002582935383543372,0.1111111119389534,0.0969623476266861,0.8641975308641975,1.1920928955078125e-07,0.0,0.0,,cfg02_G3_D32,2.171714791969862,cuda
evaluation,270,180,Warm A,0.0016487095272168517,0.111111119389534,0.09125275164842606,0.8641975308641975,1.1920928955078125e-07,0.24106164276599884,0.49393221735954285,,cfg02_G3_D32,2.171714791969862,cuda
evaluation,270,180,Warm B,0.0030944156460464,0.1111111119389534,0.09627654403448105,0.8518518518518519,1.1920928955078125e-07,0.38032066822052,0.6678124666213989,,cfg02_G3_D32,2.171714791969862,cuda
evaluation,270,180,Warm C,0.0015999795868992805,0.1111111119389534,0.09393114596605301,0.8765432098765432,2.384185791015625e-07,0.39654675126075745,0.6150004863739014,,cfg02_G3_D32,2.171714791969862,cuda
evaluation,271,181,Cold,-0.0028463900089263916,0.111111119389534,0.10751015692949295,0.7777777777777778,2.384185791015625e-07,0.0,0.0,,cfg02_G3_D32,2.171714791969862,cuda
evaluation,271,181,Warm A,0.001417607069015503,0.1111110970377922,0.10032916069030762,0.8024691358024691,1.1920928955078125e-07,0.24313250184059143,0.5505329370498657,,cfg02_G3_D32,2.171714791969862,cuda
evaluation,271,181,Warm B,-0.0038372843991965055,0.111111119389534,0.10340256243944168,0.8024691358024691,1.1920928955078125e-07,0.2852206230163574,0.6279318332672119,,cfg02_G3_D32,2.171714791969862,cuda
evaluation,271,181,Warm C,0.0011063357815146446,0.1111111119389534,0.10132893919944763,0.7654320987654321,2.384185791015625e-07,0.3764592111110687,0.56158047914505,,cfg02_G3_D32,2.171714791969862,cuda
evaluation,275,184,Cold,-0.0015803540591150522,0.1111111119389534,0.09507542848587036,0.8765432098765432,1.7881393432617188e-07,0.0,0.0,,cfg02_G3_D32,2.171714791969862,cuda
evaluation,275,184,Warm A,0.00304649630561471,0.1111111119389534,0.09643466770648956,0.7901234567901234,2.384185791015625e-07,0.242383673787117,0.39618250727653503,,cfg02_G3_D32,2.171714791969862,cuda
evaluation,275,184,Warm B,0.006436516996473074,0.1111111119389534,0.11252154409885406,0.7283950617283951,2.384185791015625e-07,0.39826104044914246,0.3255603313446045,,cfg02_G3_D32,2.171714791969862,cuda
evaluation,275,184,Warm C,0.0014815287431702018,0.1111111119389534,0.10159389674663544,0.7777777777777778,1.1920928955078125e-07,0.3694339692592621,0.5543845295906067,,cfg02_G3_D32,2.171714791969862,cuda
evaluation,277,186,Cold,-0.0018291162559762597,0.1111111119389534,0.0949084684252739,0.8395061728395061,2.384185791015625e-07,0.0,0.0,,cfg02_G3_D32,2.171714791969862,cuda
evaluation,277,186,Warm A,0.0036945659667253494,0.1111110970377922,0.09515013545751572,0.8148148148148148,2.384185791015625e-07,0.23508036136627197,0.6301757097244263,,cfg02_G3_D32,2.171714791969862,cuda
evaluation,277,186,Warm B,0.004493641667068005,0.1111111119389534,0.09482340514659882,0.8024691358024691,1.1920928955078125e-07,0.3755665421485901,0.4855836033821106,,cfg02_G3_D32,2.171714791969862,cuda
evaluation,277,186,Warm C,0.009032316505908966,0.1111111119389534,0.10808821767568588,0.7407407407407407,2.384185791015625e-07,0.4537457525730133,0.5301641821861267,,cfg02_G3_D32,2.171714791969862,cuda
evaluation,289,191,Cold,3.766406371141784e-05,0.1111111119389534,0.08221947401762009,0.9135802469135802,3.5762786865234375e-07,0.0,0.0,,cfg02_G3_D32,2.171714791969862,cuda
evaluation,289,191,Warm A,0.003478164551779628,0.1111111119389534,0.09237731993198395,0.8518518518518519,2.384185791015625e-07,0.23290082812309265,0.4817377030849457,,cfg02_G3_D32,2.171714791969862,cuda
evaluation,289,191,Warm B,0.0022731523495167494,0.1111111119389534,0.09761255234479904,0.7901234567901234,1.1920928955078125e-07,0.3593362271785736,0.5377984046936035,,cfg02_G3_D32,2.171714791969862,cuda
evaluation,289,191,Warm C,-0.000665882311295718,0.1111111119389534,0.08613327145576477,0.9012345679012346,1.1920928955078125e-07,0.3238753080368042,0.668644905090332,,cfg02_G3_D32,2.171714791969862,cuda
evaluation,290,192,Cold,-0.0022527193650603294,0.1111111119389534,0.09841851890087128,0.8148148148148148,2.384185791015625e-07,0.0,0.0,,cfg02_G3_D32,2.171714791969862,cuda
evaluation,290,192,Warm A,-0.0054929484613239765,0.1111111119389534,0.11199531704187393,0.7654320987654321,1.1920928955078125e-07,0.2303789108991623,0.5054014921188354,,cfg02_G3_D32,2.171714791969862,cuda
evaluation,290,192,Warm B,-0.008360056206583977,0.1111111119389534,0.12718571722507477,0.7160493827160493,2.384185791015625e-07,0.402973473072052,0.5365824103355408,,cfg02_G3_D32,2.171714791969862,cuda
evaluation,290,192,Warm C,-0.00608805613592267,0.111111119389534,0.11409633606672287,0.7901234567901234,1.1920928955078125e-07,0.3879344165325165,0.6273987889289856,,cfg02_G3_D32,2.171714791969862,cuda
evaluation,299,196,Cold,-0.002972817048430443,0.1111110970377922,0.10687833279371262,0.7777777777777778,2.384185791015625e-07,0.0,0.0,,cfg02_G3_D32,2.171714791969862,cuda
evaluation,299,196,Warm A,-0.00524586858227849,0.1111111119389534,0.12142587453126907,0.7160493827160493,1.1920928955078125e-07,0.23151373863220215,0.622092068195343,,cfg02_G3_D32,2.171714791969862,cuda
evaluation,299,196,Warm B,-0.0023763643112033606,0.1111111119389534,0.10923473536968231,0.7777777777777778,1.1920928955078125e-07,0.227699875831604,0.658864438533783,,cfg02_G3_D32,2.171714791969862,cuda
evaluation,299,196,Warm C,0.0017142689321190119,0.1111111119389534,0.10211250185966492,0.7530864197530864,2.384185791015625e-07,0.29474639892578125,0.6082599759101868,,cfg02_G3_D32,2.171714791969862,cuda
evaluation,302,198,Cold,-0.0026515719946473837,0.1111111119389534,0.0997084304690361,0.8395061728395061,2.384185791015625e-07,0.0,0.0,,cfg02_G3_D32,2.171714791969862,cuda
evaluation,302,198,Warm A,-0.0018931046361103654,0.11111108958721161,0.09823643416166306,0.8148148148148148,1.1920928955078125e-07,0.22704868018627167,0.61536705493927,,cfg02_G3_D32,2.171714791969862,cuda
evaluation,302,198,Warm B,-0.0014945239527150989,0.111111119389534,0.0986923947930336,0.8395061728395061,2.384185791015625e-07,0.3173582851886749,0.6024467349052429,,cfg02_G3_D32,2.171714791969862,cuda
evaluation,302,198,Warm C,-0.0034867289941757917,0.1111111119389534,0.1137978732585907,0.7901234567901234,1.1920928955078125e-07,0.36524859070777893,0.4269489347934723,,cfg02_G3_D32,2.171714791969862,cuda
evaluation,305,200,Cold,-0.0012884729076176882,0.111111119389534,0.09202524274587631,0.8888888888888888,2.384185791015625e-07,0.0,0.0,,cfg02_G3_D32,2.171714791969862,cuda
evaluation,305,200,Warm A,0.00343888346105814,0.1111110970377922,0.09545890986919403,0.8148148148148148,1.7881393432617188e-07,0.22955478727817535,0.4759007394313812,,cfg02_G3_D32,2.171714791969862,cuda
evaluation,305,200,Warm B,0.007752547971904278,0.1111110970377922,0.11205887049436569,0.7037037037037037,1.1920928955078125e-07,0.41832974553108215,0.2942199409008026,,cfg02_G3_D32,2.171714791969862,cuda
evaluation,305,200,Warm C,0.011871669441461563,0.1111111119389534,0.12824910879135132,0.6790123456790124,1.1920928955078125e-07,0.5464010238647461,0.21348677575588226,,cfg02_G3_D32,2.171714791969862,cuda
evaluation,312,204,Cold,-0.0012426591711118817,0.1111111119389534,0.092981718480587,0.8888888888888888,1.1920928955078125e-07,0.0,0.0,,cfg02_G3_D32,2.171714791969862,cuda
evaluation,312,204,Warm A,0.003494370961561799,0.1111111119389534,0.09897220134735107,0.8148148148148148,1.1920928955078125e-07,0.24218718707561493,0.41200944781303406,,cfg02_G3_D32,2.171714791969862,cuda
evaluation,312,204,Warm B,0.007198223378509283,0.1111111119389534,0.11542820930480957,0.7160493827160493,2.980232238769531e-07,0.41659727692604065,0.46576985716819763,,cfg02_G3_D32,2.171714791969862,cuda
evaluation,312,204,Warm C,0.00035714657860808074,0.1111111119389534,0.10397280752658844,0.7901234567901234,1.1920928955078125e-07,0.43369489908218384,0.6543924808502197,,cfg02_G3_D32,2.171714791969862,cuda
evaluation,315,206,Cold,3.17959493258968e-05,0.1111111119389534,0.09089785814285278,0.8395061728395061,1.1920928955078125e-07,0.0,0.0,,cfg02_G3_D32,2.171714791969862,cuda
evaluation,315,206,Warm A,0.004818404093384743,0.1111111119389534,0.1030900627374649,0.7901234567901234,1.7881393432617188e-07,0.23507212102413177,0.4278554916381836,,cfg02_G3_D32,2.171714791969862,cuda
evaluation,315,206,Warm B,0.006926555652171373,0.111111119389534,0.10915282368659973,0.7654320987654321,1.1920928955078125e-07,0.37803298234939575,0.4226791560649872,,cfg02_G3_D32,2.171714791969862,cuda
evaluation,315,206,Warm C,0.010918471962213516,0.1111110970377922,0.13032814860343933,0.654320987654321,2.384185791015625e-07,0.549433708190918,0.28574448823928833,,cfg02_G3_D32,2.171714791969862,cuda
evaluation,321,211,Cold,-0.0035584906581789255,0.1111111119389534,0.10964471846818924,0.7654320987654321,2.384185791015625e-07,0.0,0.0,,cfg02_G3_D32,2.171714791969862,cuda
evaluation,321,211,Warm A,-0.005888741463422775,0.1111110970377922,0.12417354434728622,0.7160493827160493,1.1920928955078125e-07,0.227979838848114,0.6062120795249939,,cfg02_G3_D32,2.171714791969862,cuda
evaluation,321,211,Warm B,-0.004278563894331455,0.1111111119389534,0.11221674829721451,0.7407407407407407,1.1920928955078125e-07,0.3366748094558716,0.7907518148422241,,cfg02_G3_D32,2.171714791969862,cuda
evaluation,321,211,Warm C,-0.006747471168637276,0.1111111119389534,0.12735070288181305,0.7407407407407407,2.384185791015625e-07,0.4525901973247528,0.6063374876976013,,cfg02_G3_D32,2.171714791969862,cuda
evaluation,326,213,Cold,-0.0023565776646137238,0.1111111119389534,0.10082704573869705,0.8148148148148148,2.384185791015625e-07,0.0,0.0,,cfg02_G3_D32,2.171714791969862,cuda
evaluation,326,213,Warm A,-0.005981445778161287,0.1111110970377922,0.11841437220573425,0.7654320987654321,1.1920928955078125e-07,0.25599050521850586,0.5475614070892334,,cfg02_G3_D32,2.171714791969862,cuda
evaluation,326,213,Warm B,-0.0070594241842627525,0.1111111119389534,0.1310223788022995,0.6790123456790124,1.7881393432617188e-07,0.3589717447757721,0.4242139756679535,,cfg02_G3_D32,2.171714791969862,cuda
evaluation,326,213,Warm C,-0.005743278190493584,0.1111111119389534,0.1267053633928299,0.7283950617283951,1.7881393432617188e-07,0.3095737397670746,0.3720245957374573,,cfg02_G3_D32,2.171714791969862,cuda
evaluation,328,215,Cold,-0.000619052501861006,0.1111110970377922,0.07426547259092331,0.9753086419753086,1.1920928955078125e-07,0.0,0.0,,cfg02_G3_D32,2.171714791969862,cuda
evaluation,328,215,Warm A,-0.0021021587308496237,0.1111111119389534,0.07223474234342575,0.9506172839506173,2.384185791015625e-07,0.22479020059108734,0.5725287795066833,,cfg02_G3_D32,2.171714791969862,cuda
evaluation,328,215,Warm B,-0.00010601284157019109,0.111111119389534,0.07297701388597488,0.9876543209876543,1.1920928955078125e-07,0.2954612374305725,0.6976070404052734,,cfg02_G3_D32,2.171714791969862,cuda
evaluation,328,215,Warm C,0.0037886397913098335,0.1111110970377922,0.09056060016155243,0.9012345679012346,1.1920928955078125e-07,0.3923717141151428,0.43591436743736267,,cfg02_G3_D32,2.171714791969862,cuda
evaluation,330,217,Cold,-0.0005821677041240036,0.1111110970377922,0.07994593679904938,0.9259259259259259,1.1920928955078125e-07,0.0,0.0,,cfg02_G3_D32,2.171714791969862,cuda
evaluation,330,217,Warm A,0.0023685102351009846,0.1111111119389534,0.09354638308286667,0.8641975308641975,1.1920928955078125e-07,0.23790188133716583,0.510416567325592,,cfg02_G3_D32,2.171714791969862,cuda
evaluation,330,217,Warm B,0.0068811699748039246,0.1111110970377922,0.1130078062415123,0.7530864197530864,2.384185791015625e-07,0.3796936571598053,0.40787002444267273,,cfg02_G3_D32,2.171714791969862,cuda
evaluation,330,217,Warm C,0.004540948197245598,0.1111111119389534,0.09533943235874176,0.8765432098765432,1.7881393432617188e-07,0.3884967565536499,0.3093097507953644,,cfg02_G3_D32,2.171714791969862,cuda
evaluation,332,218,Cold,0.00019319530110806227,0.1111110970377922,0.07706473022699356,0.9259259259259259,1.7881393432617188e-07,0.0,0.0,,cfg02_G3_D32,2.171714791969862,cuda
evaluation,332,218,Warm A,0.004242754075676203,0.1111110970377922,0.09520070999860764,0.8395061728395061,1.7881393432617188e-07,0.24175378680229187,0.3943244516849518,,cfg02_G3_D32,2.171714791969862,cuda
evaluation,332,218,Warm B,0.0010404132772237062,0.111111119389534,0.0832410678267479,0.8888888888888888,1.1920928955078125e-07,0.3267560303211212,0.46561822295188904,,cfg02_G3_D32,2.171714791969862,cuda
evaluation,332,218,Warm C,0.006373025011271238,0.1111111119389534,0.10385178029537201,0.7901234567901234,2.384185791015625e-07,0.4105372428894043,0.4632370173931122,,cfg02_G3_D32,2.171714791969862,cuda
evaluation,334,220,Cold,-0.002099611796438694,0.1111111119389534,0.09891631454229355,0.8148148148148148,2.384185791015625e-07,0.0,0.0,,cfg02_G3_D32,2.171714791969862,cuda
evaluation,334,220,Warm A,-0.006434136535972357,0.1111111119389534,0.11230496317148209,0.7777777777777778,1.1920928955078125e-07,0.23757891356945038,0.6372543573379517,,cfg02_G3_D32,2.171714791969862,cuda
evaluation,334,220,Warm B,-0.006242167670279741,0.1111110970377922,0.11733901500701904,0.8518518518518519,1.1920928955078125e-07,0.34448960423469543,0.7320597767829895,,cfg02_G3_D32,2.171714791969862,cuda
evaluation,334,220,Warm C,-0.004524115938693285,0.1111111119389534,0.10429651290178299,0.8518518518518519,2.384185791015625e-07,0.483413428068161,0.6741377711296082,,cfg02_G3_D32,2.171714791969862,cuda
evaluation,340,224,Cold,-0.0016158410580828786,0.1111110970377922,0.09198960661888123,0.8888888888888888,2.384185791015625e-07,0.0,0.0,,cfg02_G3_D32,2.171714791969862,cuda
evaluation,340,224,Warm A,0.0034677109215408564,0.1111111119389534,0.09564558416604996,0.8271604938271605,1.1920928955078125e-07,0.21888664364814758,0.6741969585418701,,cfg02_G3_D32,2.171714791969862,cuda
evaluation,340,224,Warm B,0.008385986089706421,0.1111111119389534,0.10881482809782028,0.7283950617283951,1.7881393432617188e-07,0.35796183347702026,0.4159277379512787,,cfg02_G3_D32,2.171714791969862,cuda
evaluation,340,224,Warm C,0.003123579313978553,0.1111111119389534,0.09778140485286713,0.7407407407407407,1.7881393432617188e-07,0.3481600284576416,0.6992053389549255,,cfg02_G3_D32,2.171714791969862,cuda
evaluation,346,228,Cold,-0.002472003223374486,0.1111111119389534,0.09556931257247925,0.8518518518518519,1.1920928955078125e-07,0.0,0.0,,cfg02_G3_D32,2.171714791969862,cuda
evaluation,346,228,Warm A,-0.0021580257453024387,0.1111110970377922,0.0955694317817688,0.8641975308641975,2.384185791015625e-07,0.2446759194135666,0.6100931167602539,,cfg02_G3_D32,2.171714791969862,cuda
evaluation,346,228,Warm B,0.0016690724296495318,0.1111111119389534,0.09562580287456512,0.8641975308641975,1.1920928955078125e-07,0.43097761273384094,0.5785367488861084,,cfg02_G3_D32,2.171714791969862,cuda
evaluation,346,228,Warm C,-0.0029630810022354126,0.1111111119389534,0.0939096212387085,0.8765432098765432,2.384185791015625e-07,0.44878432154655457,0.6029406189918518,,cfg02_G3_D32,2.171714791969862,cuda
evaluation,352,233,Cold,-0.0015384210273623466,0.1111111119389534,0.0946677178144455,0.8765432098765432,2.384185791015625e-07,0.0,0.0,,cfg02_G3_D32,2.171714791969862,cuda
evaluation,352,233,Warm A,0.00264430302195251,0.1111111119389534,0.09692921489477158,0.8148148148148148,1.1920928955078125e-07,0.23289242386817932,0.6347184181213379,,cfg02_G3_D32,2.171714791969862,cuda
evaluation,352,233,Warm B,0.0029538050293922424,0.1111111119389534,0.10421781241893768,0.7530864197530864,2.384185791015625e-07,0.37775078415870667,0.6601102948188782,,cfg02_G3_D32,2.171714791969862,cuda
evaluation,352,233,Warm C,-0.0019204489653930068,0.1111111119389534,0.09800966829061508,0.8271604938271605,2.384185791015625e-07,0.4734216630458832,0.7178143858909607,,cfg02_G3_D32,2.171714791969862,cuda
evaluation,354,235,Cold,-0.002972818911075592,0.1111110970377922,0.10687834769487381,0.7777777777777778,2.980232238769531e-07,0.0,0.0,,cfg02_G3_D32,2.171714791969862,cuda
evaluation,354,235,Warm A,0.0026378720067441463,0.1111111119389534,0.10040493309497833,0.7654320987654321,1.1920928955078125e-07,0.24386946856975555,0.5333980917930603,,cfg02_G3_D32,2.171714791969862,cuda
evaluation,354,235,Warm B,-0.0018041504081338644,0.1111111119389534,0.10179823637008667,0.8148148148148148,1.1920928955078125e-07,0.2407340556383133,0.6349883079528809,,cfg02_G3_D32,2.171714791969862,cuda
evaluation,354,235,Warm C,-0.0017933626659214497,0.1111111119389534,0.10218539088964462,0.8024691358024691,2.384185791015625e-07,0.3187078833580017,0.7682459354400635,,cfg02_G3_D32,2.171714791969862,cuda
evaluation,358,239,Cold,-0.0028463988564908504,0.1111111119389534,0.10751017928123474,0.7777777777777778,3.5762786865234375e-07,0.0,0.0,,cfg02_G3_D32,2.171714791969862,cuda
evaluation,358,239,Warm A,-0.0020614578388631344,0.1111110970377922,0.10641713440418243,0.7901234567901234,1.7881393432617188e-07,0.206815704703331,0.6499022841453552,,cfg02_G3_D32,2.171714791969862,cuda
evaluation,358,239,Warm B,0.003437650855630636,0.1111110970377922,0.10189051926136017,0.7407407407407407,1.1920928955078125e-07,0.25271204113960266,0.5305964350700378,,cfg02_G3_D32,2.171714791969862,cuda
evaluation,358,239,Warm C,-0.0027507527265697718,0.1111111119389534,0.10880447924137115,0.8024691358024691,1.7881393432617188e-07,0.30314764380455017,0.6939533352851868,,cfg02_G3_D32,2.171714791969862,cuda
evaluation,360,240,Cold,-0.00024591138935647905,0.1111111119389534,0.08681642264127731,0.8888888888888888,2.384185791015625e-07,0.0,0.0,,cfg02_G3_D32,2.171714791969862,cuda
evaluation,360,240,Warm A,0.003440580330789089,0.1111111119389534,0.09699597954750061,0.7901234567901234,1.1920928955078125e-07,0.24266326427459717,0.4221000373363495,,cfg02_G3_D32,2.171714791969862,cuda
evaluation,360,240,Warm B,0.00728980777785182,0.1111111119389534,0.11699208617210388,0.7283950617283951,1.1920928955078125e-07,0.42056071758270264,0.30037355422973633,,cfg02_G3_D32,2.171714791969862,cuda
evaluation,360,240,Warm C,0.009592710062861443,0.1111110970377922,0.11778838187456131,0.7160493827160493,2.384185791015625e-07,0.4322303533554077,0.4413739740848541,,cfg02_G3_D32,2.171714791969862,cuda
evaluation,363,243,Cold,-0.0038439370691776276,0.1111111119389534,0.10934477299451828,0.7654320987654321,2.384185791015625e-07,0.0,0.0,,cfg02_G3_D32,2.171714791969862,cuda
evaluation,363,243,Warm A,-0.007363039068877697,0.111111119389534,0.12202129513025284,0.7160493827160493,2.384185791015625e-07,0.24391429126262665,0.3775932490825653,,cfg02_G3_D32,2.171714791969862,cuda
evaluation,363,243,Warm B,-0.009472646750509739,0.1111111119389534,0.13187994062900543,0.6419753086419753,5.960464477539063e-08,0.40129604935646057,0.36769336462020874,,cfg02_G3_D32,2.171714791969862,cuda
evaluation,363,243,Warm C,-0.007982227951288223,0.1111111119389534,0.12868745625019073,0.6419753086419753,1.1920928955078125e-07,0.4150851368904114,0.3739803731441498,,cfg02_G3_D32,2.171714791969862,cuda
evaluation,365,245,Cold,-0.002935789991170168,0.111111119389534,0.1040910929441452,0.7901234567901234,1.1920928955078125e-07,0.0,0.0,,cfg02_G3_D32,2.171714791969862,cuda
evaluation,365,245,Warm A,0.0022475600708276033,0.1111111119389534,0.10073882341384888,0.8024691358024691,1.1920928955078125e-07,0.2445824146270752,0.6990904808044434,,cfg02_G3_D32,2.171714791969862,cuda
evaluation,365,245,Warm B,-0.0001388607925036922,0.1111111119389534,0.10271842777729034,0.8148148148148148,1.1920928955078125e-07,0.3366442322731018,0.6375061869621277,,cfg02_G3_D32,2.171714791969862,cuda
evaluation,365,245,Warm C,0.0047657727263867855,0.111111119389534,0.10623814910650253,0.7283950617283951,2.384185791015625e-07,0.4529552757740021,0.5294163823127747,,cfg02_G3_D32,2.171714791969862,cuda
evaluation,374,253,Cold,-0.00020454668265301734,0.111111119389534,0.08408861607313156,0.9259259259259259,5.960464477539063e-08,0.0,0.0,,cfg02_G3_D32,2.171714791969862,cuda
evaluation,374,253,Warm A,0.002505573444068432,0.1111111119389534,0.09602504968643188,0.8271604938271605,1.1920928955078125e-07,0.23444242775440216,0.4594446122646332,,cfg02_G3_D32,2.171714791969862,cuda
evaluation,374,253,Warm B,0.0062257940880954266,0.111111119389534,0.11329541355371475,0.7160493827160493,1.1920928955078125e-07,0.35944864153862,0.3392091691493988,,cfg02_G3_D32,2.171714791969862,cuda
evaluation,374,253,Warm C,0.010294508188962936,0.111111119389534,0.13211804628372192,0.6296296296296297,2.384185791015625e-07,0.5428867936134338,0.1390172243118286,,cfg02_G3_D32,2.171714791969862,cuda
evaluation,378,256,Cold,-0.0011607578489929438,0.111111119389534,0.09036894142627716,0.8765432098765432,2.384185791015625e-07,0.0,0.0,,cfg02_G3_D32,2.171714791969862,cuda
evaluation,378,256,Warm A,0.003192601026967168,0.111111119389534,0.09396285563707352,0.8148148148148148,2.384185791015625e-07,0.24042628705501556,0.49412909150123596,,cfg02_G3_D32,2.171714791969862,cuda
evaluation,378,256,Warm B,0.006620688363909721,0.1111111119389534,0.11100263148546219,0.7407407407407407,2.384185791015625e-07,0.3801581859588623,0.5023176074028015,,cfg02_G3_D32,2.171714791969862,cuda
evaluation,378,256,Warm C,0.0028740717098116875,0.1111111119389534,0.09605284780263901,0.8395061728395061,1.7881393432617188e-07,0.2935512363910675,0.6713310480117798,,cfg02_G3_D32,2.171714791969862,cuda
evaluation,387,262,Cold,-0.0009180853958241642,0.1111111119389534,0.0897405669093132,0.8888888888888888,2.384185791015625e-07,0.0,0.0,,cfg02_G3_D32,2.171714791969862,cuda
evaluation,387,262,Warm A,0.0028326702304184437,0.1111110970377922,0.09709233790636063,0.7901234567901234,1.1920928955078125e-07,0.24589475989341736,0.39136597514152527,,cfg02_G3_D32,2.171714791969862,cuda
evaluation,387,262,Warm B,0.006792157422751188,0.1111111119389534,0.11505917459726334,0.7160493827160493,5.960464477539063e-08,0.4060530960559845,0.43432554602622986,,cfg02_G3_D32,2.171714791969862,cuda
evaluation,387,262,Warm C,0.0001504916144767776,0.1111111119389534,0.09619563817977905,0.8024691358024691,1.1920928955078125e-07,0.3471332788467407,0.619164228439331,,cfg02_G3_D32,2.171714791969862,cuda
evaluation,388,263,Cold,-0.003673386061564088,0.1111111119389534,0.11329354345798492,0.7654320987654321,1.1920928955078125e-07,0.0,0.0,,cfg02_G3_D32,2.171714791969862,cuda
evaluation,388,263,Warm A,-0.0027662336360663176,0.1111111119389534,0.10616816580295563,0.7901234567901234,2.384185791015625e-07,0.22429223358631134,0.6355746388435364,,cfg02_G3_D32,2.171714791969862,cuda
evaluation,388,263,Warm B,0.0006218057824298739,0.1111111119389534,0.10033155232667923,0.8024691358024691,3.5762786865234375e-07,0.3181712329387665,0.6438054442405701,,cfg02_G3_D32,2.171714791969862,cuda
evaluation,388,263,Warm C,-0.0032521167304366827,0.111111119389534,0.1050679162144661,0.8024691358024691,1.1920928955078125e-07,0.4112151563167572,0.4438081681728363,,cfg02_G3_D32,2.171714791969862,cuda
evaluation,393,264,Cold,0.0017089793691411614,0.1111110970377922,0.08801385015249252,0.8518518518518519,2.384185791015625e-07,0.0,0.0,,cfg02_G3_D32,2.171714791969862,cuda
evaluation,393,264,Warm A,0.005031431093811989,0.1111111119389534,0.1036883220076561,0.7777777777777778,1.7881393432617188e-07,0.24252012372016907,0.3798980116844177,,cfg02_G3_D32,2.171714791969862,cuda
evaluation,393,264,Warm B,0.008835749700665474,0.1111111119389534,0.1238568052649498,0.691358024691358,2.384185791015625e-07,0.44759827852249146,0.27250662446022034,,cfg02_G3_D32,2.171714791969862,cuda
evaluation,393,264,Warm C,0.014526271261274815,0.1111111119389534,0.142415389418602,0.6049382716049383,1.7881393432617188e-07,0.6322106122970581,0.10780985653400421,,cfg02_G3_D32,2.171714791969862,cuda
evaluation,407,266,Cold,-0.001089750207029283,0.1111111119389534,0.08623328059911728,0.9259259259259259,2.980232238769531e-07,0.0,0.0,,cfg02_G3_D32,2.171714791969862,cuda
evaluation,407,266,Warm A,0.0025210892781615257,0.1111111119389534,0.09410781413316727,0.8148148148148148,1.1920928955078125e-07,0.23826056718826294,0.43407899141311646,,cfg02_G3_D32,2.171714791969862,cuda
evaluation,407,266,Warm B,-0.0013134470209479332,0.11111108958721161,0.08757822960615158,0.8641975308641975,2.384185791015625e-07,0.24774740636348724,0.7027124762535095,,cfg02_G3_D32,2.171714791969862,cuda
evaluation,407,266,Warm C,0.002340819453820586,0.1111111119389534,0.09723290801048279,0.8148148148148148,1.1920928955078125e-07,0.342783659696579,0.5868611335754395,,cfg02_G3_D32,2.171714791969862,cuda
evaluation,408,267,Cold,-0.0025024674832820892,0.1111110970377922,0.10086393356323242,0.8148148148148148,1.1920928955078125e-07,0.0,0.0,,cfg02_G3_D32,2.171714791969862,cuda
evaluation,408,267,Warm A,0.0021794824860990047,0.111111119389534,0.09711266309022903,0.8148148148148148,2.384185791015625e-07,0.23810571432113647,0.5320414304733276,,cfg02_G3_D32,2.171714791969862,cuda
evaluation,408,267,Warm B,0.0033946018666028976,0.1111111119389534,0.10151240229606628,0.7901234567901234,2.384185791015625e-07,0.33606672286987305,0.5919987559318542,,cfg02_G3_D32,2.171714791969862,cuda
evaluation,408,267,Warm C,-0.0007946825353428721,0.1111111119389534,0.09672828018665314,0.7901234567901234,1.1920928955078125e-07,0.4780719578266144,0.5771842002868652,,cfg02_G3_D32,2.171714791969862,cuda
evaluation,414,271,Cold,-0.001202066894620657,0.1111111119389534,0.08918938785791397,0.9012345679012346,2.384185791015625e-07,0.0,0.0,,cfg02_G3_D32,2.171714791969862,cuda
evaluation,414,271,Warm A,0.0028583218809217215,0.1111111119389534,0.09541688859462738,0.8148148148148148,1.1920928955078125e-07,0.23293034732341766,0.4343450665473938,,cfg02_G3_D32,2.171714791969862,cuda
evaluation,414,271,Warm B,0.006384785752743483,0.1111111119389534,0.11080722510814667,0.7407407407407407,1.1920928955078125e-07,0.3881615102291107,0.4680134952068329,,cfg02_G3_D32,2.171714791969862,cuda
evaluation,414,271,Warm C,0.004527243319898844,0.1111111119389534,0.10312052816152573,0.7777777777777778,1.1920928955078125e-07,0.4578796923160553,0.5215339064598083,,cfg02_G3_D32,2.171714791969862,cuda
evaluation,415,272,Cold,-0.0018783665727823973,0.1111111119389534,0.09788558632135391,0.8271604938271605,1.1920928955078125e-07,0.0,0.0,,cfg02_G3_D32,2.171714791969862,cuda
evaluation,415,272,Warm A,0.002269219374284148,0.111111119389534,0.09615590423345566,0.7901234567901234,2.384185791015625e-07,0.23695111274719238,0.4731641709804535,,cfg02_G3_D32,2.171714791969862,cuda
evaluation,415,272,Warm B,0.007738462183624506,0.1111111119389534,0.11037170886993408,0.7283950617283951,2.384185791015625e-07,0.4223267734050751,0.3108663260936737,,cfg02_G3_D32,2.171714791969862,cuda
evaluation,415,272,Warm C,0.010986161418259144,0.1111111119389534,0.12716101109981537,0.6666666666666666,1.1920928955078125e-07,0.5616937279701233,0.3041728734970093,,cfg02_G3_D32,2.171714791969862,cuda
evaluation,416,273,Cold,-0.00016834265261422843,0.111111119389534,0.0861077755689621,0.8888888888888888,1.1920928955078125e-07,0.0,0.0,,cfg02_G3_D32,2.171714791969862,cuda
evaluation,416,273,Warm A,0.002894108882173896,0.111111119389534,0.09730179607868195,0.8024691358024691,1.1920928955078125e-07,0.24423012137413025,0.540050208568573,,cfg02_G3_D32,2.171714791969862,cuda
evaluation,416,273,Warm B,0.006930121686309576,0.1111111119389534,0.11570373922586441,0.7037037037037037,2.384185791015625e-07,0.4436171054840088,0.36559730768203735,,cfg02_G3_D32,2.171714791969862,cuda
evaluation,416,273,Warm C,0.010619630105793476,0.1111111119389534,0.12893317639827728,0.6419753086419753,2.384185791015625e-07,0.4531863033771515,0.2662937343120575,,cfg02_G3_D32,2.171714791969862,cuda
evaluation,419,275,Cold,-0.000993032706901431,0.1111111119389534,0.08868809044361115,0.8888888888888888,1.1920928955078125e-07,0.0,0.0,,cfg02_G3_D32,2.171714791969862,cuda
evaluation,419,275,Warm A,0.003462318331003189,0.1111110970377922,0.09516100585460663,0.8148148148148148,1.1920928955078125e-07,0.240159809589386,0.5742961168289185,,cfg02_G3_D32,2.171714791969862,cuda
evaluation,419,275,Warm B,0.008069965057075024,0.1111111119389534,0.11266601830720901,0.7160493827160493,1.1920928955078125e-07,0.39451682567596436,0.2194932997226715,,cfg02_G3_D32,2.171714791969862,cuda
evaluation,419,275,Warm C,0.008388658985495567,0.1111110970377922,0.11288285255432129,0.7283950617283951,1.1920928955078125e-07,0.4408014118671417,0.46227145195007324,,cfg02_G3_D32,2.171714791969862,cuda
evaluation,421,277,Cold,-0.000396872463170439,0.1111111119389534,0.08050678670406342,0.9259259259259259,3.5762786865234375e-07,0.0,0.0,,cfg02_G3_D32,2.171714791969862,cuda
evaluation,421,277,Warm A,0.00038266045157797635,0.1111111119389534,0.08218371868133545,0.9012345679012346,1.1920928955078125e-07,0.23354001343250275,0.5675617456436157,,cfg02_G3_D32,2.171714791969862,cuda
evaluation,421,277,Warm B,-0.004082405008375645,0.1111111119389534,0.08097690343856812,0.9135802469135802,1.7881393432617188e-07,0.3858434557914734,0.5433170199394226,,cfg02_G3_D32,2.171714791969862,cuda
evaluation,421,277,Warm C,-0.0003146707604173571,0.1111111119389534,0.08777720481157303,0.8888888888888888,1.7881393432617188e-07,0.4950019419193268,0.5892212986946106,,cfg02_G3_D32,2.171714791969862,cuda
evaluation,424,279,Cold,-0.0024208228569477797,0.1111111119389534,0.10078692436218262,0.8148148148148148,2.384185791015625e-07,0.0,0.0,,cfg02_G3_D32,2.171714791969862,cuda
evaluation,424,279,Warm A,0.0034443140029907227,0.1111111119389534,0.09982415288686752,0.7901234567901234,2.384185791015625e-07,0.24731823801994324,0.6890978217124939,,cfg02_G3_D32,2.171714791969862,cuda
evaluation,424,279,Warm B,0.008965146727859974,0.1111111119389534,0.10939117521047592,0.7530864197530864,2.384185791015625e-07,0.39194339513778687,0.33610567450523376,,cfg02_G3_D32,2.171714791969862,cuda
evaluation,424,279,Warm C,0.006649958435446024,0.1111111119389534,0.0994187593460083,0.7901234567901234,1.1920928955078125e-07,0.41688641905784607,0.44732409715652466,,cfg02_G3_D32,2.171714791969862,cuda
evaluation,425,280,Cold,-0.0012816011440008879,0.1111110970377922,0.09021453559398651,0.8888888888888888,1.1920928955078125e-07,0.0,0.0,,cfg02_G3_D32,2.171714791969862,cuda
evaluation,425,280,Warm A,-0.001612059655599296,0.1111111119389534,0.08784908801317215,0.8888888888888888,1.1920928955078125e-07,0.2427045851945877,0.6352761387825012,,cfg02_G3_D32,2.171714791969862,cuda
evaluation,425,280,Warm B,-0.0013779011787846684,0.1111111119389534,0.08655382692813873,0.8765432098765432,2.384185791015625e-07,0.3087014853954315,0.5845402479171753,,cfg02_G3_D32,2.171714791969862,cuda
evaluation,425,280,Warm C,-0.001996398903429508,0.111111119389534,0.0862203985452652,0.8765432098765432,2.384185791015625e-07,0.35521361231803894,0.5542907118797302,,cfg02_G3_D32,2.171714791969862,cuda
evaluation,427,282,Cold,-0.0019918475300073624,0.1111111119389534,0.09765471518039703,0.8024691358024691,1.1920928955078125e-07,0.0,0.0,,cfg02_G3_D32,2.171714791969862,cuda
evaluation,427,282,Warm A,0.0018599474569782615,0.111111119389534,0.09908222407102585,0.7530864197530864,1.1920928955078125e-07,0.24089069664478302,0.6154994368553162,,cfg02_G3_D32,2.171714791969862,cuda
evaluation,427,282,Warm B,0.007024251390248537,0.111111119389534,0.1119469627737999,0.7160493827160493,2.384185791015625e-07,0.40035873651504517,0.44660964608192444,,cfg02_G3_D32,2.171714791969862,cuda
evaluation,427,282,Warm C,0.009541511535644531,0.1111111119389534,0.12893515825271606,0.6419753086419753,1.1920928955078125e-07,0.5490027070045471,0.3209768533706665,,cfg02_G3_D32,2.171714791969862,cuda
evaluation,429,284,Cold,-0.0016435390571132302,0.111111119389534,0.09355463832616806,0.8888888888888888,2.384185791015625e-07,0.0,0.0,,cfg02_G3_D32,2.171714791969862,cuda
evaluation,429,284,Warm A,0.0020356830209493637,0.1111111119389534,0.09484159201383591,0.8271604938271605,2.384185791015625e-07,0.235523983836174,0.49667221307754517,,cfg02_G3_D32,2.171714791969862,cuda
evaluation,429,284,Warm B,0.0036845754366368055,0.1111111119389534,0.11048828810453415,0.7407407407407407,1.1920928955078125e-07,0.3931131958961487,0.5207582712173462,,cfg02_G3_D32,2.171714791969862,cuda
evaluation,429,284,Warm C,0.00016533987945877016,0.1111111119389534,0.10956806689500809,0.7283950617283951,1.1920928955078125e-07,0.5182309150695801,0.5310758352279663,,cfg02_G3_D32,2.171714791969862,cuda
evaluation,436,289,Cold,-0.0019787242636084557,0.1111111119389534,0.09894589334726334,0.8148148148148148,1.1920928955078125e-07,0.0,0.0,,cfg02_G3_D32,2.171714791969862,cuda
evaluation,436,289,Warm A,0.0016380485612899065,0.111111119389534,0.10141695290803909,0.7654320987654321,2.384185791015625e-07,0.2477804273366928,0.6617458462715149,,cfg02_G3_D32,2.171714791969862,cuda
evaluation,436,289,Warm B,0.008544516749680042,0.1111111119389534,0.11362549662590027,0.691358024691358,2.384185791015625e-07,0.3684860169887543,0.3869388997554779,,cfg02_G3_D32,2.171714791969862,cuda
evaluation,436,289,Warm C,0.005842695478349924,0.111111119389534,0.1026737317442894,0.7654320987654321,2.384185791015625e-07,0.4077164828777313,0.5396575927734375,,cfg02_G3_D32,2.171714791969862,cuda
evaluation,437,290,Cold,-0.0018692038720473647,0.1111111119389534,0.09620402753353119,0.8765432098765432,2.384185791015625e-07,0.0,0.0,,cfg02_G3_D32,2.171714791969862,cuda
evaluation,437,290,Warm A,0.0019480856135487556,0.1111111119389534,0.09787222743034363,0.8271604938271605,1.1920928955078125e-07,0.24359455704689026,0.6232604384422302,,cfg02_G3_D32,2.171714791969862,cuda
evaluation,437,290,Warm B,0.007324636913836002,0.1111111119389534,0.11050841212272644,0.7283950617283951,1.1920928955078125e-07,0.4406930208206177,0.310955286026001,,cfg02_G3_D32,2.171714791969862,cuda
evaluation,437,290,Warm C,0.011151992715895176,0.1111111119389534,0.12586994469165802,0.6790123456790124,1.1920928955078125e-07,0.6084752082824707,0.1856062412261963,,cfg02_G3_D32,2.171714791969862,cuda
evaluation,438,291,Cold,-0.0007688251207582653,0.1111111119389534,0.08920176327228546,0.8888888888888888,2.384185791015625e-07,0.0,0.0,,cfg02_G3_D32,2.171714791969862,cuda
evaluation,438,291,Warm A,0.0050065964460372925,0.1111111119389534,0.10011506825685501,0.7901234567901234,1.1920928955078125e-07,0.2447703331708908,0.4954262673854828,,cfg02_G3_D32,2.171714791969862,cuda
evaluation,438,291,Warm B,0.00545504130423069,0.1111111119389534,0.09975308924913406,0.8024691358024691,1.1920928955078125e-07,0.36540329456329346,0.5817599296569824,,cfg02_G3_D32,2.171714791969862,cuda
evaluation,438,291,Warm C,0.008658195845782757,0.111111119389534,0.11349137872457504,0.7407407407407407,1.1920928955078125e-07,0.49396470189094543,0.38210269808769226,,cfg02_G3_D32,2.171714791969862,cuda
evaluation,444,295,Cold,-0.0014859484508633614,0.1111111119389534,0.08907239884138107,0.9012345679012346,1.1920928955078125e-07,0.0,0.0,,cfg02_G3_D32,2.171714791969862,cuda
evaluation,444,295,Warm A,0.0027861432172358036,0.1111111119389534,0.09451156854629517,0.8395061728395061,2.384185791015625e-07,0.24475215375423431,0.5371798872947693,,cfg02_G3_D32,2.171714791969862,cuda
evaluation,444,295,Warm B,0.00645241467282176,0.1111111119389534,0.11141165345907211,0.7160493827160493,2.384185791015625e-07,0.39774438738822937,0.39035239815711975,,cfg02_G3_D32,2.171714791969862,cuda
evaluation,444,295,Warm C,0.006188307423144579,0.1111111119389534,0.10805850476026535,0.7530864197530864,1.1920928955078125e-07,0.46451613306999207,0.41482001543045044,,cfg02_G3_D32,2.171714791969862,cuda
evaluation,445,296,Cold,-0.0007196213118731976,0.111111119389534,0.08430706709623337,0.9135802469135802,2.384185791015625e-07,0.0,0.0,,cfg02_G3_D32,2.171714791969862,cuda
evaluation,445,296,Warm A,0.0034138865303248167,0.1111110970377922,0.0931951180100441,0.8641975308641975,2.384185791015625e-07,0.24288232624530792,0.45090237259864807,,cfg02_G3_D32,2.171714791969862,cuda
evaluation,445,296,Warm B,0.004533302970230579,0.1111111119389534,0.10898277163505554,0.7901234567901234,2.384185791015625e-07,0.3581986427307129,0.49161702394485474,,cfg02_G3_D32,2.171714791969862,cuda
evaluation,445,296,Warm C,0.0035368874669075012,0.111111119389534,0.09658966213464737,0.8271604938271605,1.7881393432617188e-07,0.4294544756412506,0.4549667537212372,,cfg02_G3_D32,2.171714791969862,cuda
evaluation,449,299,Cold,-0.002310380106791854,0.1111111119389534,0.09524162858724594,0.8641975308641975,1.1920928955078125e-07,0.0,0.0,,cfg02_G3_D32,2.171714791969862,cuda
evaluation,449,299,Warm A,-0.006373350974172354,0.111111119389534,0.10951303690671921,0.8271604938271605,1.1920928955078125e-07,0.24548648297786713,0.47544360160827637,,cfg02_G3_D32,2.171714791969862,cuda
evaluation,449,299,Warm B,-0.0028237057849764824,0.1111111119389534,0.09403598308563232,0.8765432098765432,1.7881393432617188e-07,0.3116052448749542,0.5775670409202576,,cfg02_G3_D32,2.171714791969862,cuda
evaluation,449,299,Warm C,-0.0036000716499984264,0.111111119389534,0.09749577194452286,0.8518518518518519,2.384185791015625e-07,0.4252365827560425,0.6750415563583374,,cfg02_G3_D32,2.171714791969862,cuda
evaluation,451,301,Cold,-0.0028844766784459352,0.1111111119389534,0.10081273317337036,0.8024691358024691,2.384185791015625e-07,0.0,0.0,,cfg02_G3_D32,2.171714791969862,cuda
evaluation,451,301,Warm A,0.0022368323989212513,0.1111111119389534,0.09878121316432953,0.8024691358024691,1.1920928955078125e-07,0.22488966584205627,0.6541168093681335,,cfg02_G3_D32,2.171714791969862,cuda
evaluation,451,301,Warm B,-0.0017287186346948147,0.111111119389534,0.10300608724355698,0.8395061728395061,2.384185791015625e-07,0.27918025851249695,0.6446008682250977,,cfg02_G3_D32,2.171714791969862,cuda
evaluation,451,301,Warm C,0.002681132173165679,0.1111111119389534,0.10245847702026367,0.8024691358024691,1.1920928955078125e-07,0.4202885031700134,0.7540792226791382,,cfg02_G3_D32,2.171714791969862,cuda
evaluation,453,302,Cold,-0.0018728493014350533,0.1111111119389534,0.09150880575180054,0.8765432098765432,2.384185791015625e-07,0.0,0.0,,cfg02_G3_D32,2.171714791969862,cuda
evaluation,453,302,Warm A,0.002196955494582653,0.1111111119389534,0.09291718900203705,0.8271604938271605,1.1920928955078125e-07,0.23969082534313202,0.3916405737400055,,cfg02_G3_D32,2.171714791969862,cuda
evaluation,453,302,Warm B,-0.000764190626796335,0.1111111119389534,0.08783010393381119,0.8888888888888888,1.1920928955078125e-07,0.31496894359588623,0.566807746887207,,cfg02_G3_D32,2.171714791969862,cuda
evaluation,453,302,Warm C,0.0036924753803759813,0.1111111119389534,0.09245648980140686,0.8024691358024691,2.384185791015625e-07,0.4624808430671692,0.3729424476623535,,cfg02_G3_D32,2.171714791969862,cuda
evaluation,456,305,Cold,-0.0029728165827691555,0.1111111119389534,0.10687834024429321,0.7777777777777778,1.1920928955078125e-07,0.0,0.0,,cfg02_G3_D32,2.171714791969862,cuda
evaluation,456,305,Warm A,-0.0016015932196751237,0.1111111119389534,0.10462560504674911,0.8395061728395061,1.1920928955078125e-07,0.2254653424024582,0.6381644010543823,,cfg02_G3_D32,2.171714791969862,cuda
evaluation,456,305,Warm B,-0.0055292644537985325,0.1111111119389534,0.12201007455587387,0.7283950617283951,2.384185791015625e-07,0.24592863023281097,0.5547472834587097,,cfg02_G3_D32,2.171714791969862,cuda
evaluation,456,305,Warm C,-0.006991799920797348,0.1111111119389534,0.1335064321756363,0.6666666666666666,2.384185791015625e-07,0.3575381636619568,0.24486184120178223,,cfg02_G3_D32,2.171714791969862,cuda
evaluation,458,307,Cold,-0.002109384164214134,0.1111111119389534,0.09540198743343353,0.8518518518518519,1.1920928955078125e-07,0.0,0.0,,cfg02_G3_D32,2.171714791969862,cuda
evaluation,458,307,Warm A,-0.0018037196714431047,0.111111119389534,0.09679578989744186,0.8641975308641975,5.960464477539063e-08,0.23800258338451385,0.4532608985900879,,cfg02_G3_D32,2.171714791969862,cuda
evaluation,458,307,Warm B,0.003697848180308938,0.1111111119389534,0.09300630539655685,0.8271604938271605,2.384185791015625e-07,0.3050591051578522,0.5932857394218445,,cfg02_G3_D32,2.171714791969862,cuda
evaluation,458,307,Warm C,0.003635937115177512,0.1111111119389534,0.09161826968193054,0.8518518518518519,1.7881393432617188e-07,0.37491753697395325,0.5688709616661072,,cfg02_G3_D32,2.171714791969862,cuda
evaluation,459,308,Cold,3.185859168297611e-05,0.1111111119389534,0.09089776873588562,0.8395061728395061,2.384185791015625e-07,0.0,0.0,,cfg02_G3_D32,2.171714791969862,cuda
evaluation,459,308,Warm A,0.004057315178215504,0.1111110970377922,0.101268470287323,0.7777777777777778,1.1920928955078125e-07,0.2475322037935257,0.5174945592880249,,cfg02_G3_D32,2.171714791969862,cuda
evaluation,459,308,Warm B,0.008536076173186302,0.111111119389534,0.11967458575963974,0.691358024691358,1.1920928955078125e-07,0.39168667793273926,0.4296426773071289,,cfg02_G3_D32,2.171714791969862,cuda
evaluation,459,308,Warm C,0.003779327729716897,0.111111119389534,0.10206128656864166,0.7777777777777778,1.1920928955078125e-07,0.3663014769554138,0.4909878671169281,,cfg02_G3_D32,2.171714791969862,cuda
evaluation,461,309,Cold,-0.002632006537169218,0.1111111119389534,0.09695302695035934,0.8641975308641975,2.384185791015625e-07,0.0,0.0,,cfg02_G3_D32,2.171714791969862,cuda
evaluation,461,309,Warm A,0.0015252269804477692,0.111111119389534,0.09388796985149384,0.8148148148148148,2.384185791015625e-07,0.2139645218849182,0.602226197719574,,cfg02_G3_D32,2.171714791969862,cuda
evaluation,461,309,Warm B,-0.003594801062718034,0.1111110970377922,0.102362260222435,0.8148148148148148,2.384185791015625e-07,0.2843260169029236,0.8167310953140259,,cfg02_G3_D32,2.171714791969862,cuda
evaluation,461,309,Warm C,0.0017316010780632496,0.111111119389534,0.09670853614807129,0.7901234567901234,1.1920928955078125e-07,0.345102459192276,0.5739240050315857,,cfg02_G3_D32,2.171714791969862,cuda
evaluation,465,311,Cold,0.0004709611239377409,0.1111111119389534,0.08579382300376892,0.8765432098765432,2.384185791015625e-07,0.0,0.0,,cfg02_G3_D32,2.171714791969862,cuda
evaluation,465,311,Warm A,0.0019772823434323072,0.1111111119389534,0.08963166177272797,0.8641975308641975,2.384185791015625e-07,0.223484605550766,0.6366419196128845,,cfg02_G3_D32,2.171714791969862,cuda
evaluation,465,311,Warm B,-0.004543060436844826,0.1111111119389534,0.08895820379257202,0.9135802469135802,1.7881393432617188e-07,0.33025601506233215,0.827383816242218,,cfg02_G3_D32,2.171714791969862,cuda
evaluation,465,311,Warm C,-0.002702815691009164,0.1111111119389534,0.08550279587507248,0.8765432098765432,1.1920928955078125e-07,0.380779892206192,0.5752273201942444,,cfg02_G3_D32,2.171714791969862,cuda
evaluation,469,314,Cold,-0.0028353638481348753,0.1111111119389534,0.09863030910491943,0.8518518518518519,1.1920928955078125e-07,0.0,0.0,,cfg02_G3_D32,2.171714791969862,cuda
evaluation,469,314,Warm A,0.0024114137049764395,0.1111110970377922,0.09686295688152313,0.8024691358024691,1.7881393432617188e-07,0.21630917489528656,0.6334974765777588,,cfg02_G3_D32,2.171714791969862,cuda
evaluation,469,314,Warm B,0.0034994673915207386,0.111111119389534,0.10067475587129593,0.8395061728395061,1.7881393432617188e-07,0.3171252906322479,0.571359395980835,,cfg02_G3_D32,2.171714791969862,cuda
evaluation,469,314,Warm C,0.006601895671337843,0.1111110970377922,0.1136174276471138,0.7037037037037037,2.384185791015625e-07,0.44627925753593445,0.47150707244873047,,cfg02_G3_D32,2.171714791969862,cuda
evaluation,473,316,Cold,-0.002772855805233121,0.1111111119389534,0.10440921783447266,0.8271604938271605,1.1920928955078125e-07,0.0,0.0,,cfg02_G3_D32,2.171714791969862,cuda
evaluation,473,316,Warm A,0.002814830746501684,0.1111110970377922,0.10051948577165604,0.8518518518518519,1.1920928955078125e-07,0.24371430277824402,0.6863456964492798,,cfg02_G3_D32,2.171714791969862,cuda
evaluation,473,316,Warm B,0.006746209692209959,0.1111110970377922,0.1079976037144661,0.7530864197530864,2.384185791015625e-07,0.44295743107795715,0.44976988434791565,,cfg02_G3_D32,2.171714791969862,cuda
evaluation,473,316,Warm C,0.010474770329892635,0.1111110970377922,0.11996355652809143,0.7037037037037037,2.384185791015625e-07,0.5998831391334534,0.3386025130748749,,cfg02_G3_D32,2.171714791969862,cuda
evaluation,477,319,Cold,-0.002792679239064455,0.1111111119389534,0.10029004514217377,0.8148148148148148,2.384185791015625e-07,0.0,0.0,,cfg02_G3_D32,2.171714791969862,cuda
evaluation,477,319,Warm A,0.002424474572762847,0.1111110970377922,0.09716137498617172,0.8395061728395061,1.7881393432617188e-07,0.23539745807647705,0.6466655135154724,,cfg02_G3_D32,2.171714791969862,cuda
evaluation,477,319,Warm B,0.001058071618899703,0.1111111119389534,0.0990741029381752,0.8148148148148148,1.7881393432617188e-07,0.29194876551628113,0.7034680247306824,,cfg02_G3_D32,2.171714791969862,cuda
evaluation,477,319,Warm C,-0.0023760392796248198,0.111111119389534,0.11227308958768845,0.7654320987654321,1.7881393432617188e-07,0.3886696994304657,0.7126531004905701,,cfg02_G3_D32,2.171714791969862,cuda
evaluation,479,320,Cold,-0.0012857562396675348,0.1111111119389534,0.09123513847589493,0.8765432098765432,1.1920928955078125e-07,0.0,0.0,,cfg02_G3_D32,2.171714791969862,cuda
evaluation,479,320,Warm A,0.003550641005858779,0.1111111119389534,0.09724672883749008,0.8024691358024691,1.1920928955078125e-07,0.24932295083999634,0.47074252367019653,,cfg02_G3_D32,2.171714791969862,cuda
evaluation,479,320,Warm B,0.008902509696781635,0.1111111119389534,0.11371853947639465,0.7407407407407407,1.1920928955078125e-07,0.4246264100074768,0.33132562041282654,,cfg02_G3_D32,2.171714791969862,cuda
evaluation,479,320,Warm C,0.005102761089801788,0.1111110970377922,0.10133905708789825,0.8024691358024691,1.1920928955078125e-07,0.3860134184360504,0.45919162034988403,,cfg02_G3_D32,2.171714791969862,cuda
evaluation,482,323,Cold,-0.002289553638547659,0.1111111119389534,0.10357677191495895,0.8024691358024691,2.384185791015625e-07,0.0,0.0,,cfg02_G3_D32,2.171714791969862,cuda
evaluation,482,323,Warm A,-0.0037747356109321117,0.1111111119389534,0.1214161291718483,0.7283950617283951,2.384185791015625e-07,0.2516412138938904,0.8213241696357727,,cfg02_G3_D32,2.171714791969862,cuda
evaluation,482,323,Warm B,-0.0014591494109481573,0.111111119389534,0.1117023304104805,0.7777777777777778,2.384185791015625e-07,0.2582642138004303,0.5515670776367188,,cfg02_G3_D32,2.171714791969862,cuda
evaluation,482,323,Warm C,0.0016776865813881159,0.1111110970377922,0.1047670841217041,0.8148148148148148,1.1920928955078125e-07,0.37276533246040344,0.7814689874649048,,cfg02_G3_D32,2.171714791969862,cuda
evaluation,483,324,Cold,-0.0031815562397241592,0.1111110970377922,0.10437114536762238,0.7777777777777778,1.1920928955078125e-07,0.0,0.0,,cfg02_G3_D32,2.171714791969862,cuda
evaluation,483,324,Warm A,0.0025485740043222904,0.1111111119389534,0.09708288311958313,0.8024691358024691,1.1920928955078125e-07,0.23199094831943512,0.5106107592582703,,cfg02_G3_D32,2.171714791969862,cuda
evaluation,483,324,Warm B,-0.001862053177319467,0.1111110970377922,0.10337283462285995,0.7777777777777778,1.7881393432617188e-07,0.27836307883262634,0.6206599473953247,,cfg02_G3_D32,2.171714791969862,cuda
evaluation,483,324,Warm C,0.00027783610858023167,0.1111111119389534,0.10338179767131805,0.7901234567901234,1.7881393432617188e-07,0.43388479948043823,0.4611980617046356,,cfg02_G3_D32,2.171714791969862,cuda
evaluation,486,326,Cold,-0.002270885743200779,0.1111111119389534,0.09701886773109436,0.8641975308641975,1.1920928955078125e-07,0.0,0.0,,cfg02_G3_D32,2.171714791969862,cuda
evaluation,486,326,Warm A,0.0015160274924710393,0.1111110970377922,0.09435641020536423,0.8518518518518519,1.1920928955078125e-07,0.24212975800037384,0.4569335877895355,,cfg02_G3_D32,2.171714791969862,cuda
evaluation,486,326,Warm B,0.006526325363665819,0.1111111119389534,0.1014174222946167,0.7530864197530864,1.1920928955078125e-07,0.3711088001728058,0.38492798805236816,,cfg02_G3_D32,2.171714791969862,cuda
evaluation,486,326,Warm C,0.006107820197939873,0.1111110970377922,0.0998845249414444,0.7901234567901234,2.384185791015625e-07,0.41964131593704224,0.5392959713935852,,cfg02_G3_D32,2.171714791969862,cuda
evaluation,487,327,Cold,0.0006604274385608733,0.1111111119389534,0.08429653942584991,0.9012345679012346,1.1920928955078125e-07,0.0,0.0,,cfg02_G3_D32,2.171714791969862,cuda
evaluation,487,327,Warm A,0.003894705791026354,0.111111119389534,0.09842478483915329,0.7901234567901234,1.1920928955078125e-07,0.24163207411766052,0.4612327516078949,,cfg02_G3_D32,2.171714791969862,cuda
evaluation,487,327,Warm B,0.005126991309225559,0.1111111119389534,0.11206073313951492,0.7407407407407407,1.7881393432617188e-07,0.3695579767227173,0.5243062973022461,,cfg02_G3_D32,2.171714791969862,cuda
evaluation,487,327,Warm C,0.003199932863935828,0.111111119389534,0.11092710494995117,0.7530864197530864,1.1920928955078125e-07,0.460830420255661,0.5086119174957275,,cfg02_G3_D32,2.171714791969862,cuda
evaluation,489,328,Cold,-0.0008189819636754692,0.1111111119389534,0.0859966054558754,0.9012345679012346,1.7881393432617188e-07,0.0,0.0,,cfg02_G3_D32,2.171714791969862,cuda
evaluation,489,328,Warm A,0.003334090346470475,0.111111119389534,0.09599084407091141,0.8271604938271605,2.384185791015625e-07,0.23975680768489838,0.5759581923484802,,cfg02_G3_D32,2.171714791969862,cuda
evaluation,489,328,Warm B,0.00749307731166482,0.1111111119389534,0.11310935765504837,0.7530864197530864,1.1920928955078125e-07,0.4452613592147827,0.41930729150772095,,cfg02_G3_D32,2.171714791969862,cuda
evaluation,489,328,Warm C,0.012108146212995052,0.1111111119389534,0.12771672010421753,0.654320987654321,1.1920928955078125e-07,0.594879150390625,0.3096005916595459,,cfg02_G3_D32,2.171714791969862,cuda
evaluation,490,329,Cold,-0.0017742913914844394,0.1111110970377922,0.10128123313188553,0.8024691358024691,1.1920928955078125e-07,0.0,0.0,,cfg02_G3_D32,2.171714791969862,cuda
evaluation,490,329,Warm A,0.004512574523687363,0.1111111119389534,0.10061245411634445,0.7654320987654321,1.1920928955078125e-07,0.22812099754810333,0.5566601157188416,,cfg02_G3_D32,2.171714791969862,cuda
evaluation,490,329,Warm B,0.0003879002179019153,0.1111110970377922,0.09873460978269577,0.8024691358024691,1.1920928955078125e-07,0.28047454357147217,0.5024652481079102,,cfg02_G3_D32,2.171714791969862,cuda
evaluation,490,329,Warm C,0.0032988712191581726,0.1111111119389534,0.09432446211576462,0.8024691358024691,2.384185791015625e-07,0.3769894242286682,0.5781382918357849,,cfg02_G3_D32,2.171714791969862,cuda
evaluation,501,336,Cold,-0.002714416477829218,0.1111111119389534,0.10085710883140564,0.8148148148148148,2.384185791015625e-07,0.0,0.0,,cfg02_G3_D32,2.171714791969862,cuda
evaluation,501,336,Warm A,-0.003945636097341776,0.1111111119389534,0.10376244783401489,0.8395061728395061,1.1920928955078125e-07,0.2443113476037979,0.7865101099014282,,cfg02_G3_D32,2.171714791969862,cuda
evaluation,501,336,Warm B,-0.006849119905382395,0.1111111119389534,0.12029217928647995,0.7901234567901234,1.1920928955078125e-07,0.36958014965057373,0.6268553733825684,,cfg02_G3_D32,2.171714791969862,cuda
evaluation,501,336,Warm C,-0.00804211013019085,0.1111111119389534,0.10708211362361908,0.8518518518518519,1.1920928955078125e-07,0.5272679924964905,0.7831451296806335,,cfg02_G3_D32,2.171714791969862,cuda
evaluation,502,337,Cold,0.0027991547249257565,0.1111111119389534,0.08511887490749359,0.8641975308641975,1.1920928955078125e-07,0.0,0.0,,cfg02_G3_D32,2.171714791969862,cuda
evaluation,502,337,Warm A,0.007520571351051331,0.1111111119389534,0.10647247731685638,0.7777777777777778,1.1920928955078125e-07,0.2468474805355072,0.32194191217422485,,cfg02_G3_D32,2.171714791969862,cuda
evaluation,502,337,Warm B,0.013077239505946636,0.1111111119389534,0.1287989467382431,0.6419753086419753,2.384185791015625e-07,0.4497110843658447,0.26289495825767517,,cfg02_G3_D32,2.171714791969862,cuda
evaluation,502,337,Warm C,0.017132388427853584,0.1111111119389534,0.1501428782939911,0.5925925925925926,1.1920928955078125e-07,0.5664582848548889,0.10937094688415527,,cfg02_G3_D32,2.171714791969862,cuda
evaluation,504,338,Cold,0.00015440380957443267,0.111111119389534,0.08583815395832062,0.9012345679012346,2.384185791015625e-07,0.0,0.0,,cfg02_G3_D32,2.171714791969862,cuda
evaluation,504,338,Warm A,0.005835341289639473,0.1111110970377922,0.09714482724666595,0.8148148148148148,1.7881393432617188e-07,0.22538317739963531,0.46830081939697266,,cfg02_G3_D32,2.171714791969862,cuda
evaluation,504,338,Warm B,0.003708615666255355,0.1111111119389534,0.09730373322963715,0.8148148148148148,1.1920928955078125e-07,0.27526718378067017,0.5537266731262207,,cfg02_G3_D32,2.171714791969862,cuda
evaluation,504,338,Warm C,0.0021896157413721085,0.1111110970377922,0.09131202846765518,0.8641975308641975,1.1920928955078125e-07,0.4069645404815674,0.5175434947013855,,cfg02_G3_D32,2.171714791969862,cuda
evaluation,505,339,Cold,-0.0025107339024543762,0.1111111119389534,0.10007983446121216,0.8518518518518519,1.1920928955078125e-07,0.0,0.0,,cfg02_G3_D32,2.171714791969862,cuda
evaluation,505,339,Warm A,0.0030569296795874834,0.1111111119389534,0.09571276605129242,0.8148148148148148,2.384185791015625e-07,0.2433614730834961,0.5120169520378113,,cfg02_G3_D32,2.171714791969862,cuda
evaluation,505,339,Warm B,0.006146849598735571,0.1111111119389534,0.10619712620973587,0.7654320987654321,1.1920928955078125e-07,0.38272109627723694,0.5169476270675659,,cfg02_G3_D32,2.171714791969862,cuda
evaluation,505,339,Warm C,0.008387544192373753,0.1111111119389534,0.1186656802892685,0.6790123456790124,1.1920928955078125e-07,0.5070552229881287,0.43675366044044495,,cfg02_G3_D32,2.171714791969862,cuda
evaluation,506,340,Cold,-0.0032972642220556736,0.1111111119389534,0.10843925923109055,0.7654320987654321,2.384185791015625e-07,0.0,0.0,,cfg02_G3_D32,2.171714791969862,cuda
evaluation,506,340,Warm A,-0.004037882667034864,0.111111119389534,0.10670845210552216,0.7777777777777778,2.384185791015625e-07,0.23190568387508392,0.6233033537864685,,cfg02_G3_D32,2.171714791969862,cuda
evaluation,506,340,Warm B,-4.579071628540987e-06,0.1111111119389534,0.10146499425172806,0.7901234567901234,1.1920928955078125e-07,0.2892078161239624,0.7404592633247375,,cfg02_G3_D32,2.171714791969862,cuda
evaluation,506,340,Warm C,-0.0032699089497327805,0.1111111119389534,0.10108548402786255,0.7777777777777778,1.1920928955078125e-07,0.35171541571617126,0.541556715965271,,cfg02_G3_D32,2.171714791969862,cuda
evaluation,511,344,Cold,-0.0022868637461215258,0.1111111119389534,0.09785370528697968,0.8024691358024691,1.7881393432617188e-07,0.0,0.0,,cfg02_G3_D32,2.171714791969862,cuda
evaluation,511,344,Warm A,0.0014141788706183434,0.1111111119389534,0.09897423535585403,0.7901234567901234,2.384185791015625e-07,0.24076764285564423,0.5597789883613586,,cfg02_G3_D32,2.171714791969862,cuda
evaluation,511,344,Warm B,0.0031761513091623783,0.1111111119389534,0.09945966303348541,0.7777777777777778,1.1920928955078125e-07,0.354280948638916,0.4332636892795563,,cfg02_G3_D32,2.171714791969862,cuda
evaluation,511,344,Warm C,-0.002869678195565939,0.1111111119389534,0.09398573637008667,0.8148148148148148,1.7881393432617188e-07,0.2722247242927551,0.7100569605827332,,cfg02_G3_D32,2.171714791969862,cuda
evaluation,512,345,Cold,-0.0008291355334222317,0.1111111119389534,0.07991046458482742,0.9382716049382716,2.384185791015625e-07,0.0,0.0,,cfg02_G3_D32,2.171714791969862,cuda
evaluation,512,345,Warm A,0.000825762574095279,0.1111111119389534,0.09228486567735672,0.8271604938271605,1.7881393432617188e-07,0.24437186121940613,0.6570831537246704,,cfg02_G3_D32,2.171714791969862,cuda
evaluation,512,345,Warm B,-0.0039432477205991745,0.1111111119389534,0.08839460462331772,0.9135802469135802,2.384185791015625e-07,0.37267976999282837,0.7516211867332458,,cfg02_G3_D32,2.171714791969862,cuda
evaluation,512,345,Warm C,-0.00010268518963130191,0.1111111119389534,0.09179236739873886,0.8888888888888888,1.1920928955078125e-07,0.35133257508277893,0.4585588574409485,,cfg02_G3_D32,2.171714791969862,cuda
evaluation,513,346,Cold,-0.0016987522831186652,0.1111111119389534,0.09509658068418503,0.8765432098765432,2.384185791015625e-07,0.0,0.0,,cfg02_G3_D32,2.171714791969862,cuda
evaluation,513,346,Warm A,0.0038092071190476418,0.1111111119389534,0.09900770336389542,0.8024691358024691,2.384185791015625e-07,0.23882220685482025,0.5477418303489685,,cfg02_G3_D32,2.171714791969862,cuda
evaluation,513,346,Warm B,-0.001553824869915843,0.1111110970377922,0.09744544327259064,0.8641975308641975,1.1920928955078125e-07,0.2752230763435364,0.7455921173095703,,cfg02_G3_D32,2.171714791969862,cuda
evaluation,513,346,Warm C,0.0028916029259562492,0.1111111119389534,0.09463134407997131,0.8024691358024691,1.7881393432617188e-07,0.33329737186431885,0.5616143345832825,,cfg02_G3_D32,2.171714791969862,cuda
evaluation,518,351,Cold,-0.0012247087433934212,0.1111111119389534,0.09114307165145874,0.8765432098765432,2.384185791015625e-07,0.0,0.0,,cfg02_G3_D32,2.171714791969862,cuda
evaluation,518,351,Warm A,0.003662870265543461,0.1111111119389534,0.09642401337623596,0.7901234567901234,1.1920928955078125e-07,0.23940187692642212,0.4516177773475647,,cfg02_G3_D32,2.171714791969862,cuda
evaluation,518,351,Warm B,0.007657181937247515,0.1111111119389534,0.11317548900842667,0.7037037037037037,1.1920928955078125e-07,0.4281042814254761,0.259042352437973,,cfg02_G3_D32,2.171714791969862,cuda
evaluation,518,351,Warm C,0.00684298574924469,0.1111111119389534,0.11135624349117279,0.7407407407407407,1.1920928955078125e-07,0.49323776364326477,0.4149206280708313,,cfg02_G3_D32,2.171714791969862,cuda
evaluation,521,354,Cold,-0.0027127068024128675,0.111111119389534,0.10296329110860825,0.8024691358024691,1.1920928955078125e-07,0.0,0.0,,cfg02_G3_D32,2.171714791969862,cuda
evaluation,521,354,Warm A,0.003946825861930847,0.111111119389534,0.09904269129037857,0.7777777777777778,2.384185791015625e-07,0.21518465876579285,0.6043583154678345,,cfg02_G3_D32,2.171714791969862,cuda
evaluation,521,354,Warm B,-0.002711573848500848,0.1111111119389534,0.10476908832788467,0.7654320987654321,2.384185791015625e-07,0.2761961817741394,0.592953622341156,,cfg02_G3_D32,2.171714791969862,cuda
evaluation,521,354,Warm C,-0.0034492998383939266,0.1111111119389534,0.10638199746608734,0.7777777777777778,2.384185791015625e-07,0.3682917654514313,0.5606558322906494,,cfg02_G3_D32,2.171714791969862,cuda
evaluation,522,355,Cold,-0.001572888228110969,0.111111119389534,0.09365207701921463,0.8271604938271605,2.384185791015625e-07,0.0,0.0,,cfg02_G3_D32,2.171714791969862,cuda
evaluation,522,355,Warm A,-0.006941997911781073,0.111111119389534,0.11247571557760239,0.8148148148148148,1.1920928955078125e-07,0.24167856574058533,0.6364783644676208,,cfg02_G3_D32,2.171714791969862,cuda
evaluation,522,355,Warm B,-0.003322318661957979,0.1111111119389534,0.09535537660121918,0.8271604938271605,3.5762786865234375e-07,0.250663697719574,0.4954448342323303,,cfg02_G3_D32,2.171714791969862,cuda
evaluation,522,355,Warm C,-0.004750900901854038,0.1111111119389534,0.10475776344537735,0.8518518518518519,1.1920928955078125e-07,0.3268379867076874,0.7205796241760254,,cfg02_G3_D32,2.171714791969862,cuda
evaluation,523,356,Cold,-0.003185425652191043,0.1111111119389534,0.10682391375303268,0.7777777777777778,1.7881393432617188e-07,0.0,0.0,,cfg02_G3_D32,2.171714791969862,cuda
evaluation,523,356,Warm A,-0.0071225035935640335,0.1111111119389534,0.12318169325590134,0.7283950617283951,2.384185791015625e-07,0.23370608687400818,0.5617262721061707,,cfg02_G3_D32,2.171714791969862,cuda
evaluation,523,356,Warm B,-0.004466834012418985,0.1111111119389534,0.11110914498567581,0.7777777777777778,1.7881393432617188e-07,0.3030850887298584,0.8276786804199219,,cfg02_G3_D32,2.171714791969862,cuda
evaluation,523,356,Warm C,-0.0008590955403633416,0.1111110970377922,0.10790887475013733,0.7901234567901234,1.1920928955078125e-07,0.3997507393360138,0.6733354926109314,,cfg02_G3_D32,2.171714791969862,cuda
evaluation,528,359,Cold,-0.0032332856208086014,0.1111111119389534,0.10855778306722641,0.7777777777777778,2.384185791015625e-07,0.0,0.0,,cfg02_G3_D32,2.171714791969862,cuda
evaluation,528,359,Warm A,0.00307257566601038,0.1111111119389534,0.10102169960737228,0.7777777777777778,2.384185791015625e-07,0.24452537298202515,0.5428617596626282,,cfg02_G3_D32,2.171714791969862,cuda
evaluation,528,359,Warm B,0.006351066753268242,0.1111111119389534,0.1089124083518982,0.7407407407407407,2.384185791015625e-07,0.3861972689628601,0.649907112121582,,cfg02_G3_D32,2.171714791969862,cuda
evaluation,528,359,Warm C,0.011197907850146294,0.1111111119389534,0.12278641760349274,0.691358024691358,1.1920928955078125e-07,0.5639109015464783,0.42163267731666565,,cfg02_G3_D32,2.171714791969862,cuda
evaluation,540,369,Cold,-0.0017742831259965897,0.1111110970377922,0.10128124058246613,0.8024691358024691,1.1920928955078125e-07,0.0,0.0,,cfg02_G3_D32,2.171714791969862,cuda
evaluation,540,369,Warm A,0.0030947974883019924,0.1111111119389534,0.10186140984296799,0.7530864197530864,1.1920928955078125e-07,0.24804750084877014,0.6101716756820679,,cfg02_G3_D32,2.171714791969862,cuda
evaluation,540,369,Warm B,0.009466958232223988,0.1111111119389534,0.11594018340110779,0.7037037037037037,2.384185791015625e-07,0.40456199645996094,0.39426690340042114,,cfg02_G3_D32,2.171714791969862,cuda
evaluation,540,369,Warm C,0.012002541683614254,0.1111111119389534,0.12772870063781738,0.6296296296296297,1.1920928955078125e-07,0.5531551837921143,0.3417838513851166,,cfg02_G3_D32,2.171714791969862,cuda
evaluation,544,373,Cold,-3.5850538552040234e-05,0.111111119389534,0.08984176814556122,0.8518518518518519,1.1920928955078125e-07,0.0,0.0,,cfg02_G3_D32,2.171714791969862,cuda
evaluation,544,373,Warm A,0.004269933793693781,0.1111111119389534,0.10014843195676804,0.7777777777777778,2.384185791015625e-07,0.250700443983078,0.35983142256736755,,cfg02_G3_D32,2.171714791969862,cuda
evaluation,544,373,Warm B,0.007472021970897913,0.111111119389534,0.11687849462032318,0.7037037037037037,1.1920928955078125e-07,0.43750056624412537,0.3956887722015381,,cfg02_G3_D32,2.171714791969862,cuda
evaluation,544,373,Warm C,0.011577183380723,0.1111111119389534,0.13412398099899292,0.6296296296296297,2.384185791015625e-07,0.4799262583255768,0.2700217664241791,,cfg02_G3_D32,2.171714791969862,cuda
evaluation,547,375,Cold,-0.0007252845098264515,0.111111119389534,0.09207683056592941,0.8641975308641975,1.1920928955078125e-07,0.0,0.0,,cfg02_G3_D32,2.171714791969862,cuda
evaluation,547,375,Warm A,0.0043396432884037495,0.1111111119389534,0.09890182316303253,0.7901234567901234,1.7881393432617188e-07,0.24797245860099792,0.6184083819389343,,cfg02_G3_D32,2.171714791969862,cuda
evaluation,547,375,Warm B,0.005683018360286951,0.1111110970377922,0.10246099531650543,0.8024691358024691,2.384185791015625e-07,0.3355250954627991,0.5032872557640076,,cfg02_G3_D32,2.171714791969862,cuda
evaluation,547,375,Warm C,0.008949005976319313,0.1111111119389534,0.11765635758638382,0.7160493827160493,1.1920928955078125e-07,0.44242608547210693,0.4129822254180908,,cfg02_G3_D32,2.171714791969862,cuda
evaluation,548,376,Cold,0.00037744181463494897,0.1111111119389534,0.09050878882408142,0.8395061728395061,2.384185791015625e-07,0.0,0.0,,cfg02_G3_D32,2.171714791969862,cuda
evaluation,548,376,Warm A,0.005825904197990894,0.1111111119389534,0.1041090339422226,0.7530864197530864,1.1920928955078125e-07,0.25266680121421814,0.3898676335811615,,cfg02_G3_D32,2.171714791969862,cuda
evaluation,548,376,Warm B,0.011273403652012348,0.111111119389534,0.12389998137950897,0.6666666666666666,1.7881393432617188e-07,0.4574943482875824,0.29244181513786316,,cfg02_G3_D32,2.171714791969862,cuda
evaluation,548,376,Warm C,0.011933432891964912,0.1111111119389534,0.1272154003381729,0.654320987654321,2.384185791015625e-07,0.5499211549758911,0.32896777987480164,,cfg02_G3_D32,2.171714791969862,cuda
evaluation,549,377,Cold,-0.0036669436376541853,0.1111111119389534,0.10834105312824249,0.7777777777777778,2.384185791015625e-07,0.0,0.0,,cfg02_G3_D32,2.171714791969862,cuda
evaluation,549,377,Warm A,0.0014983757864683867,0.1111110970377922,0.10292281210422516,0.7901234567901234,2.980232238769531e-07,0.23868250846862793,0.6224913597106934,,cfg02_G3_D32,2.171714791969862,cuda
evaluation,549,377,Warm B,-0.0044433362782001495,0.111111119389534,0.11328091472387314,0.7777777777777778,2.384185791015625e-07,0.28765320777893066,0.6143801212310791,,cfg02_G3_D32,2.171714791969862,cuda
evaluation,549,377,Warm C,-0.0019317379919812083,0.1111110970377922,0.10834068059921265,0.8148148148148148,2.384185791015625e-07,0.40418222546577454,0.6994522213935852,,cfg02_G3_D32,2.171714791969862,cuda
evaluation,550,378,Cold,-0.0011607600608840585,0.111111119389534,0.09036894142627716,0.8765432098765432,2.384185791015625e-07,0.0,0.0,,cfg02_G3_D32,2.171714791969862,cuda
evaluation,550,378,Warm A,0.0032067401334643364,0.1111111119389534,0.0944083109498024,0.8395061728395061,1.7881393432617188e-07,0.23451051115989685,0.5201493501663208,,cfg02_G3_D32,2.171714791969862,cuda
evaluation,550,378,Warm B,0.0059510027058422565,0.1111110970377922,0.10515225678682327,0.7777777777777778,2.384185791015625e-07,0.3040256202220917,0.6027960777282715,,cfg02_G3_D32,2.171714791969862,cuda
evaluation,550,378,Warm C,0.005617368966341019,0.1111111119389534,0.1072833240032196,0.7160493827160493,1.1920928955078125e-07,0.4318331480026245,0.649014949798584,,cfg02_G3_D32,2.171714791969862,cuda
evaluation,556,383,Cold,-0.003364706179127097,0.1111111119389534,0.10392721742391586,0.8024691358024691,2.384185791015625e-07,0.0,0.0,,cfg02_G3_D32,2.171714791969862,cuda
evaluation,556,383,Warm A,-0.0074789877980947495,0.1111111119389534,0.1197618916630745,0.7407407407407407,2.384185791015625e-07,0.24788755178451538,0.3957439363002777,,cfg02_G3_D32,2.171714791969862,cuda
evaluation,556,383,Warm B,-0.00964999571442604,0.111111119389534,0.13202393054962158,0.654320987654321,2.384185791015625e-07,0.40115097165107727,0.38089558482170105,,cfg02_G3_D32,2.171714791969862,cuda
evaluation,556,383,Warm C,-0.011163589544594288,0.1111111119389534,0.137192502617836,0.6296296296296297,2.384185791015625e-07,0.5143958926200867,0.4289654791355133,,cfg02_G3_D32,2.171714791969862,cuda
evaluation,558,384,Cold,-0.000649871479254216,0.1111111119389534,0.08595594763755798,0.9012345679012346,2.384185791015625e-07,0.0,0.0,,cfg02_G3_D32,2.171714791969862,cuda
evaluation,558,384,Warm A,0.0026406573597341776,0.1111111119389534,0.09501324594020844,0.8024691358024691,1.1920928955078125e-07,0.22765839099884033,0.653002917766571,,cfg02_G3_D32,2.171714791969862,cuda
evaluation,558,384,Warm B,0.006154497619718313,0.1111111119389534,0.1087505891919136,0.7530864197530864,1.1920928955078125e-07,0.3694789409637451,0.4121983051300049,,cfg02_G3_D32,2.171714791969862,cuda
evaluation,558,384,Warm C,0.009337514638900757,0.1111111119389534,0.12720265984535217,0.6419753086419753,1.1920928955078125e-07,0.507987916469574,0.5891732573509216,,cfg02_G3_D32,2.171714791969862,cuda
evaluation,565,386,Cold,-0.0005839931545779109,0.1111111119389534,0.06965062767267227,0.9753086419753086,3.5762786865234375e-07,0.0,0.0,,cfg02_G3_D32,2.171714791969862,cuda
evaluation,565,386,Warm A,0.001262666191905737,0.1111111119389534,0.07186996936798096,0.9629629629629629,2.384185791015625e-07,0.2512621581554413,0.6968814730644226,,cfg02_G3_D32,2.171714791969862,cuda
evaluation,565,386,Warm B,0.003889197949320078,0.111111119389534,0.0784042701125145,0.9259259259259259,1.1920928955078125e-07,0.2626554071903229,0.5224432349205017,,cfg02_G3_D32,2.171714791969862,cuda
evaluation,565,386,Warm C,0.000633853895124048,0.1111111119389534,0.06971818208694458,0.9259259259259259,1.1920928955078125e-07,0.34999439120292664,0.6850147247314453,,cfg02_G3_D32,2.171714791969862,cuda
evaluation,569,387,Cold,-0.0003637417685240507,0.1111111119389534,0.08200007677078247,0.9259259259259259,1.1920928955078125e-07,0.0,0.0,,cfg02_G3_D32,2.171714791969862,cuda
evaluation,569,387,Warm A,0.004964503925293684,0.111111119389534,0.09219060093164444,0.8395061728395061,1.7881393432617188e-07,0.23688727617263794,0.43162694573402405,,cfg02_G3_D32,2.171714791969862,cuda
evaluation,569,387,Warm B,0.007256582845002413,0.111111119389534,0.1063544899225235,0.7654320987654321,2.384185791015625e-07,0.34939858317375183,0.5179013609886169,,cfg02_G3_D32,2.171714791969862,cuda
evaluation,569,387,Warm C,0.011912427842617035,0.1111110970377922,0.11978404968976974,0.654320987654321,1.7881393432617188e-07,0.4176359474658966,0.45425328612327576,,cfg02_G3_D32,2.171714791969862,cuda
evaluation,574,388,Cold,-0.0025916006416082382,0.1111111119389534,0.10233008861541748,0.8271604938271605,2.384185791015625e-07,0.0,0.0,,cfg02_G3_D32,2.171714791969862,cuda
evaluation,574,388,Warm A,-0.0018643318908289075,0.1111111119389534,0.09994679689407349,0.8271604938271605,1.1920928955078125e-07,0.21453459560871124,0.6905545592308044,,cfg02_G3_D32,2.171714791969862,cuda
evaluation,574,388,Warm B,-0.0025346095208078623,0.1111111119389534,0.10053469985723495,0.8024691358024691,1.1920928955078125e-07,0.3639059066772461,0.7000811696052551,,cfg02_G3_D32,2.171714791969862,cuda
evaluation,574,388,Warm C,-0.0070672426372766495,0.111111119389534,0.11026009917259216,0.7654320987654321,2.384185791015625e-07,0.4807839095592499,0.6632736921310425,,cfg02_G3_D32,2.171714791969862,cuda
evaluation,575,389,Cold,-0.00012784644786734134,0.111111119389534,0.0818348228931427,0.9259259259259259,2.384185791015625e-07,0.0,0.0,,cfg02_G3_D32,2.171714791969862,cuda
evaluation,575,389,Warm A,0.004212256520986557,0.1111111119389534,0.09348760545253754,0.8271604938271605,2.384185791015625e-07,0.23574160039424896,0.46242618560791016,,cfg02_G3_D32,2.171714791969862,cuda
evaluation,575,389,Warm B,0.004709013272076845,0.1111111119389534,0.10559219866991043,0.7901234567901234,1.1920928955078125e-07,0.4016585350036621,0.6455004811286926,,cfg02_G3_D32,2.171714791969862,cuda
evaluation,575,389,Warm C,-0.0011532773496583104,0.111111119389534,0.0962253287434578,0.8765432098765432,2.384185791015625e-07,0.47793784737586975,0.5909128189086914,,cfg02_G3_D32,2.171714791969862,cuda
evaluation,580,390,Cold,-0.0037676598876714706,0.1111111119389534,0.11250333487987518,0.7654320987654321,2.384185791015625e-07,0.0,0.0,,cfg02_G3_D32,2.171714791969862,cuda
evaluation,580,390,Warm A,0.00029617309337481856,0.1111110970377922,0.10224580764770508,0.8148148148148148,1.7881393432617188e-07,0.24015042185783386,0.6023881435394287,,cfg02_G3_D32,2.171714791969862,cuda
evaluation,580,390,Warm B,0.0030844241846352816,0.1111111119389534,0.1004057452082634,0.7777777777777778,1.1920928955078125e-07,0.3636679947376251,0.6537958383560181,,cfg02_G3_D32,2.171714791969862,cuda
evaluation,580,390,Warm C,0.0013320299331098795,0.111111119389534,0.09879563748836517,0.8024691358024691,1.1920928955078125e-07,0.4150834381580353,0.5798091888427734,,cfg02_G3_D32,2.171714791969862,cuda
evaluation,581,391,Cold,-0.003318103728815913,0.1111110970377922,0.10836799442768097,0.7777777777777778,1.1920928955078125e-07,0.0,0.0,,cfg02_G3_D32,2.171714791969862,cuda
evaluation,581,391,Warm A,-0.005963686387985945,0.1111111119389534,0.12342118471860886,0.7037037037037037,2.384185791015625e-07,0.25122639536857605,0.41523703932762146,,cfg02_G3_D32,2.171714791969862,cuda
evaluation,581,391,Warm B,-0.009310150519013405,0.1111111119389534,0.1340675801038742,0.6296296296296297,2.384185791015625e-07,0.46646857261657715,0.32785388827323914,,cfg02_G3_D32,2.171714791969862,cuda
evaluation,581,391,Warm C,-0.008694351650774479,0.1111111119389534,0.1258089691400528,0.6666666666666666,2.980232238769531e-07,0.4316122829914093,0.6571038961410522,,cfg02_G3_D32,2.171714791969862,cuda
evaluation,606,406,Cold,-0.0005520292324945331,0.111111119389534,0.07340112328529358,0.9753086419753086,1.1920928955078125e-07,0.0,0.0,,cfg02_G3_D32,2.171714791969862,cuda
evaluation,606,406,Warm A,0.003986173775047064,0.111111119389534,0.0921182632446289,0.9012345679012346,1.1920928955078125e-07,0.23526687920093536,0.4150666296482086,,cfg02_G3_D32,2.171714791969862,cuda
evaluation,606,406,Warm B,0.006984559819102287,0.1111111119389534,0.11677335202693939,0.7160493827160493,2.384185791015625e-07,0.41858580708503723,0.3166998028755188,,cfg02_G3_D32,2.171714791969862,cuda
evaluation,606,406,Warm C,0.011771978810429573,0.1111111119389534,0.13632188737392426,0.6049382716049383,1.1920928955078125e-07,0.483659565448761,0.19448605179786682,,cfg02_G3_D32,2.171714791969862,cuda
evaluation,609,408,Cold,0.0007843785570003092,0.1111111119389534,0.08268020302057266,0.9135802469135802,2.384185791015625e-07,0.0,0.0,,cfg02_G3_D32,2.171714791969862,cuda
evaluation,609,408,Warm A,0.004396720323711634,0.1111111119389534,0.09892556816339493,0.8024691358024691,1.1920928955078125e-07,0.2524906396865845,0.6493695378303528,,cfg02_G3_D32,2.171714791969862,cuda
evaluation,609,408,Warm B,0.008886963129043579,0.1111110970377922,0.11579181253910065,0.7160493827160493,1.7881393432617188e-07,0.2971622347831726,0.34931620955467224,,cfg02_G3_D32,2.171714791969862,cuda
evaluation,609,408,Warm C,0.002573446836322546,0.1111111119389534,0.09640046209096909,0.8148148148148148,1.1920928955078125e-07,0.31024858355522156,0.7091378569602966,,cfg02_G3_D32,2.171714791969862,cuda
evaluation,612,411,Cold,-0.0016681504203006625,0.1111111119389534,0.09860427677631378,0.8765432098765432,2.384185791015625e-07,0.0,0.0,,cfg02_G3_D32,2.171714791969862,cuda
evaluation,612,411,Warm A,0.0015443640295416117,0.111111119389534,0.10325278341770172,0.8024691358024691,3.5762786865234375e-07,0.23595207929611206,0.6080488562583923,,cfg02_G3_D32,2.171714791969862,cuda
evaluation,612,411,Warm B,0.005568209569901228,0.1111111119389534,0.11526253074407578,0.7283950617283951,1.7881393432617188e-07,0.3849557340145111,0.3604121208190918,,cfg02_G3_D32,2.171714791969862,cuda
evaluation,612,411,Warm C,0.01032343041151762,0.1111111119389534,0.13055641949176788,0.654320987654321,1.1920928955078125e-07,0.4926488697528839,0.2793106734752655,,cfg02_G3_D32,2.171714791969862,cuda
evaluation,613,412,Cold,-0.0013563984539359808,0.111111119389534,0.09392335265874863,0.8888888888888888,1.1920928955078125e-07,0.0,0.0,,cfg02_G3_D32,2.171714791969862,cuda
evaluation,613,412,Warm A,-0.0049071162939071655,0.1111111119389534,0.10555212944746017,0.8395061728395061,1.1920928955078125e-07,0.245626300573349,0.5076258778572083,,cfg02_G3_D32,2.171714791969862,cuda
evaluation,613,412,Warm B,0.0001758588186930865,0.1111111119389534,0.0929308757185936,0.8641975308641975,1.1920928955078125e-07,0.2614342272281647,0.6705399751663208,,cfg02_G3_D32,2.171714791969862,cuda
evaluation,613,412,Warm C,-0.0023745351936668158,0.1111111119389534,0.10010300576686859,0.8024691358024691,2.384185791015625e-07,0.3706061542034149,0.4097137451171875,,cfg02_G3_D32,2.171714791969862,cuda
evaluation,615,413,Cold,-0.0051019457168877125,0.1111110970377922,0.11945220828056335,0.7530864197530864,1.1920928955078125e-07,0.0,0.0,,cfg02_G3_D32,2.171714791969862,cuda
evaluation,615,413,Warm A,-0.0076025365851819515,0.1111110970377922,0.13286758959293365,0.691358024691358,1.1920928955078125e-07,0.23756852746009827,0.5299262404441833,,cfg02_G3_D32,2.171714791969862,cuda
evaluation,615,413,Warm B,-0.00539872981607914,0.1111111119389534,0.12520933151245117,0.7160493827160493,2.384185791015625e-07,0.3990129828453064,0.5071839690208435,,cfg02_G3_D32,2.171714791969862,cuda
evaluation,615,413,Warm C,-0.007456917315721512,0.1111111119389534,0.13620249927043915,0.654320987654321,1.7881393432617188e-07,0.3683212101459503,0.28808164596557617,,cfg02_G3_D32,2.171714791969862,cuda
evaluation,627,415,Cold,-0.0018459889106452465,0.11111108958721161,0.10101548582315445,0.8148148148148148,1.1920928955078125e-07,0.0,0.0,,cfg02_G3_D32,2.171714791969862,cuda
evaluation,627,415,Warm A,-0.0031871250830590725,0.1111111119389534,0.10816120356321335,0.7901234567901234,1.1920928955078125e-07,0.2279883176088333,0.5149168372154236,,cfg02_G3_D32,2.171714791969862,cuda
evaluation,627,415,Warm B,0.0004864534712396562,0.111111119389534,0.09477576613426208,0.8148148148148148,2.384185791015625e-07,0.325241357088089,0.5938441157341003,,cfg02_G3_D32,2.171714791969862,cuda
evaluation,627,415,Warm C,-0.004165739752352238,0.1111111119389534,0.1061382070183754,0.7777777777777778,2.384185791015625e-07,0.348247766494751,0.5158539414405823,,cfg02_G3_D32,2.171714791969862,cuda
evaluation,631,417,Cold,0.0008298092288896441,0.1111111119389534,0.08187782019376755,0.9259259259259259,1.1920928955078125e-07,0.0,0.0,,cfg02_G3_D32,2.171714791969862,cuda
evaluation,631,417,Warm A,0.005672826431691647,0.111111119389534,0.10042888671159744,0.8148148148148148,1.1920928955078125e-07,0.2525767982006073,0.5419767498970032,,cfg02_G3_D32,2.171714791969862,cuda
evaluation,631,417,Warm B,0.00840970128774643,0.1111111119389534,0.1187167540192604,0.7037037037037037,2.384185791015625e-07,0.3482351303100586,0.3874565064907074,,cfg02_G3_D32,2.171714791969862,cuda
evaluation,631,417,Warm C,0.014258977957069874,0.1111111119389534,0.14092430472373962,0.5925925925925926,2.384185791015625e-07,0.47458431124687195,0.18337368965148926,,cfg02_G3_D32,2.171714791969862,cuda
evaluation,635,418,Cold,-0.0019228403689339757,0.1111110970377922,0.09811010211706161,0.8395061728395061,1.1920928955078125e-07,0.0,0.0,,cfg02_G3_D32,2.171714791969862,cuda
evaluation,635,418,Warm A,-0.0021018139086663723,0.1111111119389534,0.09458228945732117,0.8271604938271605,1.1920928955078125e-07,0.22718220949172974,0.5646695494651794,,cfg02_G3_D32,2.171714791969862,cuda
evaluation,635,418,Warm B,-0.005245113279670477,0.1111110970377922,0.10106675326824188,0.8395061728395061,1.1920928955078125e-07,0.38890036940574646,0.6013534665107727,,cfg02_G3_D32,2.171714791969862,cuda
evaluation,635,418,Warm C,-0.0012042972957715392,0.1111111119389534,0.0874466523528099,0.8518518518518519,2.384185791015625e-07,0.42891937494277954,0.6726700663566589,,cfg02_G3_D32,2.171714791969862,cuda
evaluation,637,419,Cold,-0.001382046495564282,0.1111110970377922,0.09730666875839233,0.8765432098765432,2.384185791015625e-07,0.0,0.0,,cfg02_G3_D32,2.171714791969862,cuda
evaluation,637,419,Warm A,0.003531776135787368,0.1111111119389534,0.10231612622737885,0.8148148148148148,2.384185791015625e-07,0.23860566318035126,0.5781995058059692,,cfg02_G3_D32,2.171714791969862,cuda
evaluation,637,419,Warm B,0.007578426506370306,0.1111111119389534,0.11445625126361847,0.691358024691358,1.1920928955078125e-07,0.4049975574016571,0.3850060999393463,,cfg02_G3_D32,2.171714791969862,cuda
evaluation,637,419,Warm C,0.004332986660301685,0.1111111119389534,0.10333023220300674,0.7654320987654321,1.7881393432617188e-07,0.2840547263622284,0.5017821192741394,,cfg02_G3_D32,2.171714791969862,cuda
evaluation,639,420,Cold,-0.0007302376325242221,0.1111111119389534,0.09230349212884903,0.8888888888888888,2.384185791015625e-07,0.0,0.0,,cfg02_G3_D32,2.171714791969862,cuda
evaluation,639,420,Warm A,0.003777236444875598,0.1111111119389534,0.09650571644306183,0.8024691358024691,2.384185791015625e-07,0.2313506156206131,0.4931976795196533,,cfg02_G3_D32,2.171714791969862,cuda
evaluation,639,420,Warm B,0.0017054264899343252,0.1111111119389534,0.09717893600463867,0.8148148148148148,2.384185791015625e-07,0.3080081045627594,0.674029529094696,,cfg02_G3_D32,2.171714791969862,cuda
evaluation,639,420,Warm C,0.004538071807473898,0.1111111119389534,0.10533387213945389,0.7160493827160493,1.1920928955078125e-07,0.45088255405426025,0.5149837136268616,,cfg02_G3_D32,2.171714791969862,cuda
evaluation,640,421,Cold,-0.0020985298324376345,0.1111110970377922,0.10458584874868393,0.7901234567901234,1.1920928955078125e-07,0.0,0.0,,cfg02_G3_D32,2.171714791969862,cuda
evaluation,640,421,Warm A,0.004138465505093336,0.1111111119389534,0.10121739655733109,0.7777777777777778,1.1920928955078125e-07,0.24101628363132477,0.4293467104434967,,cfg02_G3_D32,2.171714791969862,cuda
evaluation,640,421,Warm B,0.008335252292454243,0.111111119389534,0.11465543508529663,0.7037037037037037,2.384185791015625e-07,0.41018813848495483,0.3239648938179016,,cfg02_G3_D32,2.171714791969862,cuda
evaluation,640,421,Warm C,0.009265241213142872,0.1111111119389534,0.12356666475534439,0.6666666666666666,1.1920928955078125e-07,0.5251457095146179,0.4242790639400482,,cfg02_G3_D32,2.171714791969862,cuda
evaluation,650,424,Cold,-0.0028202347457408905,0.1111111119389534,0.10846535861492157,0.7901234567901234,2.384185791015625e-07,0.0,0.0,,cfg02_G3_D32,2.171714791969862,cuda
evaluation,650,424,Warm A,-0.004161755088716745,0.1111111119389534,0.11448000371456146,0.7654320987654321,2.384185791015625e-07,0.23864898085594177,0.636957585811615,,cfg02_G3_D32,2.171714791969862,cuda
evaluation,650,424,Warm B,0.0010071166325360537,0.1111111119389534,0.10618074238300323,0.7901234567901234,2.384185791015625e-07,0.38992664217948914,0.6866721510887146,,cfg02_G3_D32,2.171714791969862,cuda
evaluation,650,424,Warm C,0.0005471602198667824,0.1111111119389534,0.10314426571130753,0.7654320987654321,1.1920928955078125e-07,0.49507033824920654,0.6345475912094116,,cfg02_G3_D32,2.171714791969862,cuda
evaluation,662,427,Cold,-0.0012595104053616524,0.1111111119389534,0.1008860245347023,0.7901234567901234,1.1920928955078125e-07,0.0,0.0,,cfg02_G3_D32,2.171714791969862,cuda
evaluation,662,427,Warm A,-4.143994374317117e-05,0.1111111119389534,0.1003103032708168,0.8024691358024691,1.1920928955078125e-07,0.20810486376285553,0.6936087608337402,,cfg02_G3_D32,2.171714791969862,cuda
evaluation,662,427,Warm B,0.00573210883885622,0.1111111119389534,0.10696424543857574,0.7777777777777778,2.384185791015625e-07,0.3256775140762329,0.5385488867759705,,cfg02_G3_D32,2.171714791969862,cuda
evaluation,662,427,Warm C,0.01063030119985342,0.1111111119389534,0.11997509002685547,0.7160493827160493,2.384185791015625e-07,0.4464949369430542,0.387817919254303,,cfg02_G3_D32,2.171714791969862,cuda
evaluation,680,433,Cold,-0.0035675775725394487,0.1111111119389534,0.08855672925710678,0.8765432098765432,1.1920928955078125e-07,0.0,0.0,,cfg02_G3_D32,2.171714791969862,cuda
evaluation,680,433,Warm A,-0.0037366647738963366,0.1111111119389534,0.0872790515422821,0.9012345679012346,2.384185791015625e-07,0.22558283805847168,0.5557629466056824,,cfg02_G3_D32,2.171714791969862,cuda
evaluation,680,433,Warm B,0.0019740406423807144,0.111111119389534,0.08661237359046936,0.8518518518518519,1.1920928955078125e-07,0.3063496947288513,0.7157313227653503,,cfg02_G3_D32,2.171714791969862,cuda
evaluation,680,433,Warm C,-0.003707942785695195,0.1111111119389534,0.08702713996171951,0.8888888888888888,2.384185791015625e-07,0.3776696026325226,0.9132437109947205,,cfg02_G3_D32,2.171714791969862,cuda
evaluation,691,435,Cold,-0.000618293066509068,0.1111111119389534,0.08928463608026505,0.9259259259259259,2.384185791015625e-07,0.0,0.0,,cfg02_G3_D32,2.171714791969862,cuda
evaluation,691,435,Warm A,0.003476670477539301,0.1111111119389534,0.0924021303653717,0.8518518518518519,2.384185791015625e-07,0.2340276837348938,0.5836307406425476,,cfg02_G3_D32,2.171714791969862,cuda
evaluation,691,435,Warm B,0.009071444161236286,0.1111111119389534,0.11190569400787354,0.7407407407407407,1.7881393432617188e-07,0.38659071922302246,0.411271870136261,,cfg02_G3_D32,2.171714791969862,cuda
evaluation,691,435,Warm C,0.0049803112633526325,0.1111111119389534,0.09750233590602875,0.8518518518518519,1.1920928955078125e-07,0.5116530656814575,0.5207893252372742,,cfg02_G3_D32,2.171714791969862,cuda
evaluation,692,436,Cold,-1.8162307242164388e-05,0.111111119389534,0.09363051503896713,0.8518518518518519,1.1920928955078125e-07,0.0,0.0,,cfg02_G3_D32,2.171714791969862,cuda
evaluation,692,436,Warm A,0.004228219389915466,0.1111111119389534,0.10386386513710022,0.7777777777777778,1.1920928955078125e-07,0.24521976709365845,0.5694615244865417,,cfg02_G3_D32,2.171714791969862,cuda
evaluation,692,436,Warm B,0.008765777572989464,0.1111111119389534,0.1193763017654419,0.691358024691358,1.1920928955078125e-07,0.4392947554588318,0.37841129302978516,,cfg02_G3_D32,2.171714791969862,cuda
evaluation,692,436,Warm C,0.012639887630939484,0.1111111119389534,0.13594350218772888,0.6172839506172839,1.1920928955078125e-07,0.6450294256210327,0.19056592881679535,,cfg02_G3_D32,2.171714791969862,cuda
evaluation,694,437,Cold,0.00021532914252020419,0.1111111119389534,0.09361761063337326,0.8271604938271605,3.5762786865234375e-07,0.0,0.0,,cfg02_G3_D32,2.171714791969862,cuda
evaluation,694,437,Warm A,0.006054900120943785,0.1111111119389534,0.1041426807641983,0.7654320987654321,1.1920928955078125e-07,0.246979758143425,0.5313701033592224,,cfg02_G3_D32,2.171714791969862,cuda
evaluation,694,437,Warm B,0.01158631406724453,0.1111111119389534,0.1200295239686966,0.691358024691358,1.1920928955078125e-07,0.3531671166419983,0.3000510632991791,,cfg02_G3_D32,2.171714791969862,cuda
evaluation,694,437,Warm C,0.006507583428174257,0.1111111119389534,0.10564577579498291,0.7407407407407407,1.1920928955078125e-07,0.4026428461074829,0.4203526973724365,,cfg02_G3_D32,2.171714791969862,cuda
evaluation,695,438,Cold,-0.0021122281905263662,0.1111111119389534,0.10246666520833969,0.8024691358024691,1.7881393432617188e-07,0.0,0.0,,cfg02_G3_D32,2.171714791969862,cuda
evaluation,695,438,Warm A,-0.0026869468856602907,0.1111111119389534,0.10762322694063187,0.8148148148148148,2.384185791015625e-07,0.25337615609169006,0.6770268678665161,,cfg02_G3_D32,2.171714791969862,cuda
evaluation,695,438,Warm B,0.0024230198469012976,0.111111119389534,0.10523761808872223,0.7530864197530864,1.1920928955078125e-07,0.36798563599586487,0.43982458114624023,,cfg02_G3_D32,2.171714791969862,cuda
evaluation,695,438,Warm C,0.00428034970536828,0.1111111119389534,0.10728343576192856,0.7530864197530864,5.960464477539063e-08,0.47038137912750244,0.49250298738479614,,cfg02_G3_D32,2.171714791969862,cuda
evaluation,697,439,Cold,-0.001891763531602919,0.1111111119389534,0.09846942126750946,0.8518518518518519,1.1920928955078125e-07,0.0,0.0,,cfg02_G3_D32,2.171714791969862,cuda
evaluation,697,439,Warm A,0.003488576039671898,0.1111111119389534,0.09836851060390472,0.7777777777777778,1.1920928955078125e-07,0.23962043225765228,0.5109106302261353,,cfg02_G3_D32,2.171714791969862,cuda
evaluation,697,439,Warm B,0.009059431031346321,0.1111110970377922,0.11397814005613327,0.7037037037037037,2.384185791015625e-07,0.3424297273159027,0.5466866493225098,,cfg02_G3_D32,2.171714791969862,cuda
evaluation,697,439,Warm C,0.012104547582566738,0.1111110970377922,0.12934820353984833,0.6172839506172839,1.1920928955078125e-07,0.4732782244682312,0.29480358958244324,,cfg02_G3_D32,2.171714791969862,cuda
evaluation,700,440,Cold,-0.0013318328419700265,0.1111111119389534,0.09512331336736679,0.8765432098765432,1.7881393432617188e-07,0.0,0.0,,cfg02_G3_D32,2.171714791969862,cuda
evaluation,700,440,Warm A,0.002537899184972048,0.1111110970377922,0.09501913189888,0.8395061728395061,2.384185791015625e-07,0.2211979180574417,0.6205849051475525,,cfg02_G3_D32,2.171714791969862,cuda
evaluation,700,440,Warm B,0.001222366583533585,0.1111111119389534,0.0957130640745163,0.7901234567901234,1.1920928955078125e-07,0.3768363893032074,0.6014221906661987,,cfg02_G3_D32,2.171714791969862,cuda
evaluation,700,440,Warm C,-0.002119310200214386,0.1111111119389534,0.09385422617197037,0.8395061728395061,1.7881393432617188e-07,0.39095672965049744,0.5227455496788025,,cfg02_G3_D32,2.171714791969862,cuda
evaluation,709,443,Cold,-0.0016318587586283684,0.1111111119389534,0.08168128877878189,0.9382716049382716,2.384185791015625e-07,0.0,0.0,,cfg02_G3_D32,2.171714791969862,cuda
evaluation,709,443,Warm A,0.0029565177392214537,0.1111111119389534,0.08814775198698044,0.8641975308641975,2.384185791015625e-07,0.2386254370212555,0.5083168148994446,,cfg02_G3_D32,2.171714791969862,cuda
evaluation,709,443,Warm B,0.007262115832418203,0.1111111119389534,0.10642234981060028,0.7530864197530864,1.1920928955078125e-07,0.4017954170703888,0.3468593657016754,,cfg02_G3_D32,2.171714791969862,cuda
evaluation,709,443,Warm C,0.001365798874758184,0.1111111119389534,0.08835578709840775,0.8395061728395061,1.7881393432617188e-07,0.4024430811405182,0.6594604253768921,,cfg02_G3_D32,2.171714791969862,cuda
evaluation,711,444,Cold,0.0004142186080571264,0.111111119389534,0.08529789000749588,0.9135802469135802,2.384185791015625e-07,0.0,0.0,,cfg02_G3_D32,2.171714791969862,cuda
evaluation,711,444,Warm A,0.005833546165376902,0.111111119389534,0.10029565542936325,0.7777777777777778,1.1920928955078125e-07,0.24890825152397156,0.4680374264717102,,cfg02_G3_D32,2.171714791969862,cuda
evaluation,711,444,Warm B,0.010081226006150246,0.1111111119389534,0.12173443287611008,0.6790123456790124,3.5762786865234375e-07,0.3995818495750427,0.28434568643569946,,cfg02_G3_D32,2.171714791969862,cuda
evaluation,711,444,Warm C,0.012895404361188412,0.1111111119389534,0.13742226362228394,0.5925925925925926,1.1920928955078125e-07,0.5299134254455566,0.35158655047416687,,cfg02_G3_D32,2.171714791969862,cuda
evaluation,714,445,Cold,-0.00020988413598388433,0.1111111119389534,0.08741599321365356,0.8888888888888888,1.7881393432617188e-07,0.0,0.0,,cfg02_G3_D32,2.171714791969862,cuda
evaluation,714,445,Warm A,-0.00419461028650403,0.1111111119389534,0.1018555611371994,0.8888888888888888,1.7881393432617188e-07,0.23986974358558655,0.6354646682739258,,cfg02_G3_D32,2.171714791969862,cuda
evaluation,714,445,Warm B,-0.005077475216239691,0.1111111119389534,0.11230000108480453,0.8024691358024691,1.1920928955078125e-07,0.3881852924823761,0.6049017310142517,,cfg02_G3_D32,2.171714791969862,cuda
evaluation,714,445,Warm C,-0.00599981052801013,0.1111111119389534,0.11737420409917831,0.7777777777777778,2.384185791015625e-07,0.5516480207443237,0.6795145273208618,,cfg02_G3_D32,2.171714791969862,cuda
evaluation,725,449,Cold,-0.001508844899944961,0.1111110970377922,0.0961323156952858,0.8888888888888888,1.1920928955078125e-07,0.0,0.0,,cfg02_G3_D32,2.171714791969862,cuda
evaluation,725,449,Warm A,0.003666396951302886,0.1111111119389534,0.101050965487957,0.8148148148148148,1.7881393432617188e-07,0.23723353445529938,0.4896431863307953,,cfg02_G3_D32,2.171714791969862,cuda
evaluation,725,449,Warm B,0.005272923968732357,0.1111111119389534,0.11320222914218903,0.7160493827160493,5.960464477539063e-08,0.38526207208633423,0.5042695999145508,,cfg02_G3_D32,2.171714791969862,cuda
evaluation,725,449,Warm C,-0.001967965392395854,0.1111111119389534,0.10627879947423935,0.7901234567901234,1.1920928955078125e-07,0.41524752974510193,0.6517457962036133,,cfg02_G3_D32,2.171714791969862,cuda
evaluation,735,452,Cold,-0.0005881158285774291,0.1111110970377922,0.08068948984146118,0.9259259259259259,1.1920928955078125e-07,0.0,0.0,,cfg02_G3_D32,2.171714791969862,cuda
evaluation,735,452,Warm A,0.0006813710206188262,0.1111111119389534,0.08090703934431076,0.9259259259259259,1.1920928955078125e-07,0.21509122848510742,0.603276252746582,,cfg02_G3_D32,2.171714791969862,cuda
evaluation,735,452,Warm B,0.001911043538711965,0.1111110970377922,0.0814150795340538,0.9259259259259259,2.384185791015625e-07,0.27592960000038147,0.6784130930900574,,cfg02_G3_D32,2.171714791969862,cuda
evaluation,735,452,Warm C,-0.00014646649651695043,0.1111111119389534,0.09077492356300354,0.9012345679012346,1.7881393432617188e-07,0.43303757905960083,0.7108273506164551,,cfg02_G3_D32,2.171714791969862,cuda
evaluation,742,456,Cold,-0.0006060171872377396,0.1111111119389534,0.08883420377969742,0.9135802469135802,2.384185791015625e-07,0.0,0.0,,cfg02_G3_D32,2.171714791969862,cuda
evaluation,742,456,Warm A,0.0034520383924245834,0.1111111119389534,0.09895261377096176,0.7901234567901234,5.960464477539063e-08,0.23349864780902863,0.540470540523529,,cfg02_G3_D32,2.171714791969862,cuda
evaluation,742,456,Warm B,0.007006125524640083,0.1111111119389534,0.11477836221456528,0.7160493827160493,1.1920928955078125e-07,0.4273885190486908,0.25110507011413574,,cfg02_G3_D32,2.171714791969862,cuda
evaluation,742,456,Warm C,0.004913828335702419,0.1111111119389534,0.10660158097743988,0.7407407407407407,2.384185791015625e-07,0.4431071877479553,0.46588125824928284,,cfg02_G3_D32,2.171714791969862,cuda
evaluation,743,457,Cold,-0.0011129464255645871,0.1111111119389534,0.09416724741458893,0.9012345679012346,3.5762786865234375e-07,0.0,0.0,,cfg02_G3_D32,2.171714791969862,cuda
evaluation,743,457,Warm A,0.004128242842853069,0.1111111119389534,0.09839557111263275,0.8024691358024691,1.1920928955078125e-07,0.22871485352516174,0.49316588044166565,,cfg02_G3_D32,2.171714791969862,cuda
evaluation,743,457,Warm B,0.005014610011130571,0.1111110970377922,0.10894373804330826,0.7283950617283951,1.1920928955078125e-07,0.38183948397636414,0.5273263454437256,,cfg02_G3_D32,2.171714791969862,cuda
evaluation,743,457,Warm C,0.005689524579793215,0.1111111119389534,0.11072178184986115,0.7530864197530864,1.1920928955078125e-07,0.5292116403579712,0.4385269582271576,,cfg02_G3_D32,2.171714791969862,cuda
evaluation,761,461,Cold,-0.00010516448674025014,0.111111119389534,0.08631850779056549,0.9012345679012346,2.384185791015625e-07,0.0,0.0,,cfg02_G3_D32,2.171714791969862,cuda
evaluation,761,461,Warm A,0.0017640215810388327,0.1111110970377922,0.08843047171831131,0.9012345679012346,2.384185791015625e-07,0.21148543059825897,0.5552346110343933,,cfg02_G3_D32,2.171714791969862,cuda
evaluation,761,461,Warm B,0.005150481592863798,0.111111119389534,0.10533396899700165,0.7777777777777778,2.384185791015625e-07,0.2452329844236374,0.6133612990379333,,cfg02_G3_D32,2.171714791969862,cuda
evaluation,761,461,Warm C,0.008808919228613377,0.1111111119389534,0.12529881298542023,0.691358024691358,2.980232238769531e-07,0.43199101090431213,0.3038322627544403,,cfg02_G3_D32,2.171714791969862,cuda
evaluation,764,463,Cold,-0.0010304887546226382,0.1111111119389534,0.08879954367876053,0.9012345679012346,2.980232238769531e-07,0.0,0.0,,cfg02_G3_D32,2.171714791969862,cuda
evaluation,764,463,Warm A,0.0034490462858229876,0.1111111119389534,0.09578327089548111,0.8148148148148148,1.1920928955078125e-07,0.21974851191043854,0.6494011878967285,,cfg02_G3_D32,2.171714791969862,cuda
evaluation,764,463,Warm B,0.002348929177969694,0.1111111119389534,0.09828715771436691,0.8148148148148148,2.384185791015625e-07,0.35346317291259766,0.6947285532951355,,cfg02_G3_D32,2.171714791969862,cuda
evaluation,764,463,Warm C,0.0020453939214348793,0.1111111119389534,0.09732288867235184,0.8024691358024691,1.1920928955078125e-07,0.43859127163887024,0.5595589280128479,,cfg02_G3_D32,2.171714791969862,cuda
evaluation,765,464,Cold,0.000810944358818233,0.1111110970377922,0.08771706372499466,0.8888888888888888,2.384185791015625e-07,0.0,0.0,,cfg02_G3_D32,2.171714791969862,cuda
evaluation,765,464,Warm A,0.005516202189028263,0.1111110970377922,0.09864666312932968,0.7777777777777778,1.1920928955078125e-07,0.24047556519508362,0.49376270174980164,,cfg02_G3_D32,2.171714791969862,cuda
evaluation,765,464,Warm B,0.007329004816710949,0.1111110970377922,0.11830917745828629,0.7283950617283951,1.1920928955078125e-07,0.38357701897621155,0.3797317445278168,,cfg02_G3_D32,2.171714791969862,cuda
evaluation,765,464,Warm C,0.004871369805186987,0.111111119389534,0.1058538407087326,0.7901234567901234,2.384185791015625e-07,0.42147478461265564,0.4380991458892822,,cfg02_G3_D32,2.171714791969862,cuda
evaluation,766,465,Cold,-0.0024312904570251703,0.1111111119389534,0.10511544346809387,0.8024691358024691,1.1920928955078125e-07,0.0,0.0,,cfg02_G3_D32,2.171714791969862,cuda
evaluation,766,465,Warm A,0.0022087274119257927,0.1111111119389534,0.09960494190454483,0.8024691358024691,2.384185791015625e-07,0.23486879467964172,0.5709230303764343,,cfg02_G3_D32,2.171714791969862,cuda
evaluation,766,465,Warm B,-0.0033772524911910295,0.111111119389534,0.1053091287612915,0.8024691358024691,1.1920928955078125e-07,0.2534143328666687,0.8448328375816345,,cfg02_G3_D32,2.171714791969862,cuda
evaluation,766,465,Warm C,-0.00011984746379312128,0.1111110970377922,0.09765651077032089,0.8148148148148148,5.960464477539063e-08,0.34898120164871216,0.5621441602706909,,cfg02_G3_D32,2.171714791969862,cuda
evaluation,781,468,Cold,-0.0033852129708975554,0.1111111119389534,0.11313888430595398,0.7654320987654321,1.1920928955078125e-07,0.0,0.0,,cfg02_G3_D32,2.171714791969862,cuda
evaluation,781,468,Warm A,-0.004109939094632864,0.111111119389534,0.11477603763341904,0.7530864197530864,2.384185791015625e-07,0.22029158473014832,0.509169340133667,,cfg02_G3_D32,2.171714791969862,cuda
evaluation,781,468,Warm B,0.001627705292776227,0.1111111119389534,0.10164987295866013,0.8024691358024691,1.7881393432617188e-07,0.3001636862754822,0.6073740124702454,,cfg02_G3_D32,2.171714791969862,cuda
evaluation,781,468,Warm C,0.0055283838883042336,0.1111110970377922,0.10210275650024414,0.7530864197530864,1.1920928955078125e-07,0.33232882618904114,0.6772326827049255,,cfg02_G3_D32,2.171714791969862,cuda
evaluation,782,469,Cold,-0.001413301913999021,0.1111110970377922,0.10292401164770126,0.7901234567901234,1.1920928955078125e-07,0.0,0.0,,cfg02_G3_D32,2.171714791969862,cuda
evaluation,782,469,Warm A,0.0045630973763763905,0.111111119389534,0.10399414598941803,0.7407407407407407,1.1920928955078125e-07,0.24333204329013824,0.4828210771083832,,cfg02_G3_D32,2.171714791969862,cuda
evaluation,782,469,Warm B,0.009449111297726631,0.1111111119389534,0.11603347957134247,0.7160493827160493,2.384185791015625e-07,0.44950583577156067,0.35813915729522705,,cfg02_G3_D32,2.171714791969862,cuda
evaluation,782,469,Warm C,0.009187237359583378,0.111111119389534,0.1107926145195961,0.7160493827160493,1.1920928955078125e-07,0.4557150900363922,0.33219534158706665,,cfg02_G3_D32,2.171714791969862,cuda
evaluation,801,478,Cold,-9.844497981248423e-05,0.11111113429069519,0.08556084334850311,0.9259259259259259,2.384185791015625e-07,0.0,0.0,,cfg02_G3_D32,2.171714791969862,cuda
evaluation,801,478,Warm A,0.004233515355736017,0.1111111119389534,0.0949975773692131,0.8148148148148148,1.1920928955078125e-07,0.24353119730949402,0.5617972612380981,,cfg02_G3_D32,2.171714791969862,cuda
evaluation,801,478,Warm B,0.0014696926809847355,0.1111111119389534,0.08385523408651352,0.9135802469135802,1.1920928955078125e-07,0.33032602071762085,0.5051302909851074,,cfg02_G3_D32,2.171714791969862,cuda
evaluation,801,478,Warm C,0.005272672511637211,0.1111111119389534,0.09778787940740585,0.7901234567901234,2.384185791015625e-07,0.3985389471054077,0.6279334425926208,,cfg02_G3_D32,2.171714791969862,cuda
evaluation,809,482,Cold,0.0002724414225667715,0.1111111119389534,0.09103290736675262,0.8641975308641975,2.384185791015625e-07,0.0,0.0,,cfg02_G3_D32,2.171714791969862,cuda
evaluation,809,482,Warm A,0.005819482728838921,0.1111111119389534,0.10392826795578003,0.7530864197530864,1.7881393432617188e-07,0.24158035218715668,0.4553168714046478,,cfg02_G3_D32,2.171714791969862,cuda
evaluation,809,482,Warm B,0.0019012660486623645,0.111111119389534,0.09267523884773254,0.8641975308641975,1.1920928955078125e-07,0.20569287240505219,0.5484023690223694,,cfg02_G3_D32,2.171714791969862,cuda
evaluation,809,482,Warm C,0.005577211733907461,0.1111111119389534,0.10711558908224106,0.7654320987654321,2.384185791015625e-07,0.3503648638725281,0.3809260129928589,,cfg02_G3_D32,2.171714791969862,cuda
evaluation,810,483,Cold,-0.0002001235116040334,0.111111119389534,0.08444617688655853,0.9259259259259259,3.5762786865234375e-07,0.0,0.0,,cfg02_G3_D32,2.171714791969862,cuda
evaluation,810,483,Warm A,0.003287984523922205,0.1111111119389534,0.09614505618810654,0.8271604938271605,1.1920928955078125e-07,0.24279066920280457,0.4453434944152832,,cfg02_G3_D32,2.171714791969862,cuda
evaluation,810,483,Warm B,0.006233744323253632,0.1111110970377922,0.11411918699741364,0.7407407407407407,1.1920928955078125e-07,0.43546396493911743,0.2794495224952698,,cfg02_G3_D32,2.171714791969862,cuda
evaluation,810,483,Warm C,0.010834522545337677,0.1111111119389534,0.1313195675611496,0.6296296296296297,1.1920928955078125e-07,0.6530070900917053,0.2075946182012558,,cfg02_G3_D32,2.171714791969862,cuda
evaluation,818,484,Cold,-0.0012581523042172194,0.1111110970377922,0.09411284327507019,0.9012345679012346,1.1920928955078125e-07,0.0,0.0,,cfg02_G3_D32,2.171714791969862,cuda
evaluation,818,484,Warm A,0.0025658600497990847,0.1111111119389534,0.10099062323570251,0.8271604938271605,1.1920928955078125e-07,0.24182496964931488,0.755905032157898,,cfg02_G3_D32,2.171714791969862,cuda
evaluation,818,484,Warm B,0.005537383258342743,0.1111111119389534,0.1132788136601448,0.6666666666666666,2.384185791015625e-07,0.40063801407814026,0.7452403903007507,,cfg02_G3_D32,2.171714791969862,cuda
evaluation,818,484,Warm C,0.0035533523187041283,0.1111111119389534,0.1116495355963707,0.654320987654321,1.1920928955078125e-07,0.4937219023704529,0.5629417300224304,,cfg02_G3_D32,2.171714791969862,cuda
evaluation,829,485,Cold,-0.0008721929043531418,0.1111111119389534,0.08864635229110718,0.9135802469135802,2.384185791015625e-07,0.0,0.0,,cfg02_G3_D32,2.171714791969862,cuda
evaluation,829,485,Warm A,0.003727467032149434,0.1111111119389534,0.09638035297393799,0.8271604938271605,1.1920928955078125e-07,0.23247574269771576,0.4597378671169281,,cfg02_G3_D32,2.171714791969862,cuda
evaluation,829,485,Warm B,0.006722461897879839,0.1111111119389534,0.11228561401367188,0.7407407407407407,1.1920928955078125e-07,0.4092416763305664,0.46595969796180725,,cfg02_G3_D32,2.171714791969862,cuda
evaluation,829,485,Warm C,0.008675121702253819,0.111111119389534,0.12819567322731018,0.654320987654321,1.1920928955078125e-07,0.5731092095375061,0.47596773505210876,,cfg02_G3_D32,2.171714791969862,cuda
evaluation,833,488,Cold,-0.0019280974520370364,0.1111111119389534,0.09588504582643509,0.9012345679012346,1.1920928955078125e-07,0.0,0.0,,cfg02_G3_D32,2.171714791969862,cuda
evaluation,833,488,Warm A,0.0032446561381220818,0.1111111119389534,0.09708425402641296,0.8271604938271605,1.1920928955078125e-07,0.2368946671485901,0.4924080967903137,,cfg02_G3_D32,2.171714791969862,cuda
evaluation,833,488,Warm B,0.00631817989051342,0.1111111119389534,0.11069684475660324,0.7283950617283951,3.5762786865234375e-07,0.3970753252506256,0.44063088297843933,,cfg02_G3_D32,2.171714791969862,cuda
evaluation,833,488,Warm C,0.010212532244622707,0.1111110970377922,0.12310001999139786,0.6790123456790124,1.7881393432617188e-07,0.5566696524620056,0.4075687825679779,,cfg02_G3_D32,2.171714791969862,cuda
evaluation,835,489,Cold,-0.0028174538165330887,0.111111119389534,0.10813353210687637,0.7901234567901234,1.1920928955078125e-07,0.0,0.0,,cfg02_G3_D32,2.171714791969862,cuda
evaluation,835,489,Warm A,0.0030594549607485533,0.1111111119389534,0.10181532800197601,0.7654320987654321,2.384185791015625e-07,0.24404917657375336,0.4633229374885559,,cfg02_G3_D32,2.171714791969862,cuda
evaluation,835,489,Warm B,0.008005850948393345,0.1111111119389534,0.11379817128181458,0.7160493827160493,2.384185791015625e-07,0.42313823103904724,0.5710174441337585,,cfg02_G3_D32,2.171714791969862,cuda
evaluation,835,489,Warm C,0.002672070637345314,0.111111119389534,0.10585112869739532,0.7530864197530864,2.384185791015625e-07,0.424740731716156,0.6764734387397766,,cfg02_G3_D32,2.171714791969862,cuda
evaluation,839,493,Cold,0.0001338677975581959,0.111111119389534,0.09229181706905365,0.8395061728395061,2.384185791015625e-07,0.0,0.0,,cfg02_G3_D32,2.171714791969862,cuda
evaluation,839,493,Warm A,0.005126314703375101,0.1111111119389534,0.1035020723938942,0.7901234567901234,2.384185791015625e-07,0.24438928067684174,0.4123453199863434,,cfg02_G3_D32,2.171714791969862,cuda
evaluation,839,493,Warm B,0.010492788627743721,0.1111110970377922,0.12307782471179962,0.691358024691358,1.1920928955078125e-07,0.39095863699913025,0.3941399157047272,,cfg02_G3_D32,2.171714791969862,cuda
evaluation,839,493,Warm C,0.008668870665133,0.1111111119389534,0.12200752645730972,0.7160493827160493,2.384185791015625e-07,0.5001574158668518,0.5101925730705261,,cfg02_G3_D32,2.171714791969862,cuda
evaluation,842,494,Cold,-0.0008815108449198306,0.1111111119389534,0.07696502655744553,0.9506172839506173,2.384185791015625e-07,0.0,0.0,,cfg02_G3_D32,2.171714791969862,cuda
evaluation,842,494,Warm A,0.0018371606711298227,0.1111111119389534,0.09304387867450714,0.8641975308641975,1.1920928955078125e-07,0.24858933687210083,0.46519967913627625,,cfg02_G3_D32,2.171714791969862,cuda
evaluation,842,494,Warm B,0.0032965231221169233,0.1111111119389534,0.0904485434293747,0.8518518518518519,1.7881393432617188e-07,0.27086153626441956,0.4861348271369934,,cfg02_G3_D32,2.171714791969862,cuda
evaluation,842,494,Warm C,0.0022231272887438536,0.1111110970377922,0.08489588648080826,0.8888888888888888,1.7881393432617188e-07,0.31789541244506836,0.486979216337204,,cfg02_G3_D32,2.171714791969862,cuda
evaluation,848,495,Cold,-0.0030056238174438477,0.1111111119389534,0.10957293957471848,0.7777777777777778,2.384185791015625e-07,0.0,0.0,,cfg02_G3_D32,2.171714791969862,cuda
evaluation,848,495,Warm A,0.00235952390357852,0.1111111119389534,0.10345736891031265,0.7901234567901234,1.1920928955078125e-07,0.23052355647087097,0.601718544960022,,cfg02_G3_D32,2.171714791969862,cuda
evaluation,848,495,Warm B,-0.0010724358726292849,0.1111111119389534,0.11245043575763702,0.7901234567901234,1.1920928955078125e-07,0.36235490441322327,0.6039811372756958,,cfg02_G3_D32,2.171714791969862,cuda
evaluation,848,495,Warm C,0.0036771276500076056,0.111111119389534,0.10475139319896698,0.7777777777777778,2.384185791015625e-07,0.4812866747379303,0.4582817256450653,,cfg02_G3_D32,2.171714791969862,cuda
evaluation,851,497,Cold,-0.0028174540493637323,0.1111111119389534,0.10813353210687637,0.7901234567901234,2.384185791015625e-07,0.0,0.0,,cfg02_G3_D32,2.171714791969862,cuda
evaluation,851,497,Warm A,-0.005296515300869942,0.111111119389534,0.11543279141187668,0.7654320987654321,1.1920928955078125e-07,0.2379140853881836,0.5370152592658997,,cfg02_G3_D32,2.171714791969862,cuda
evaluation,851,497,Warm B,-0.0012130177346989512,0.111111119389534,0.10428927838802338,0.7901234567901234,1.7881393432617188e-07,0.30631718039512634,0.7380749583244324,,cfg02_G3_D32,2.171714791969862,cuda
evaluation,851,497,Warm C,0.003033478744328022,0.1111110970377922,0.10489027947187424,0.8024691358024691,2.384185791015625e-07,0.31009525060653687,0.8349577188491821,,cfg02_G3_D32,2.171714791969862,cuda
evaluation,881,504,Cold,0.0025016916915774345,0.1111111119389534,0.0834898054599762,0.9012345679012346,2.384185791015625e-07,0.0,0.0,,cfg02_G3_D32,2.171714791969862,cuda
evaluation,881,504,Warm A,0.004027798306196928,0.1111111119389534,0.09456837922334671,0.8641975308641975,1.1920928955078125e-07,0.21740807592868805,0.4820483326911926,,cfg02_G3_D32,2.171714791969862,cuda
evaluation,881,504,Warm B,0.008397728204727173,0.111111119389534,0.11697947233915329,0.7654320987654321,2.384185791015625e-07,0.32771816849708557,0.2763790488243103,,cfg02_G3_D32,2.171714791969862,cuda
evaluation,881,504,Warm C,0.007307820022106171,0.111111119389534,0.11168219894170761,0.8148148148148148,2.384185791015625e-07,0.45794087648391724,0.3193335235118866,,cfg02_G3_D32,2.171714791969862,cuda
evaluation,886,505,Cold,0.000597348262090236,0.1111111119389534,0.09324054419994354,0.8271604938271605,1.1920928955078125e-07,0.0,0.0,,cfg02_G3_D32,2.171714791969862,cuda
evaluation,886,505,Warm A,0.004688154440373182,0.1111110970377922,0.10457844287157059,0.7654320987654321,1.1920928955078125e-07,0.2380116730928421,0.5295771956443787,,cfg02_G3_D32,2.171714791969862,cuda
evaluation,886,505,Warm B,0.00396184204146266,0.1111111119389534,0.09802074730396271,0.8395061728395061,2.384185791015625e-07,0.30029910802841187,0.6128915548324585,,cfg02_G3_D32,2.171714791969862,cuda
evaluation,886,505,Warm C,0.00791337713599205,0.1111111119389534,0.11146020889282227,0.7283950617283951,1.7881393432617188e-07,0.39016205072402954,0.5009167790412903,,cfg02_G3_D32,2.171714791969862,cuda
evaluation,891,506,Cold,-0.0006818374968133867,0.1111110970377922,0.085238978266716,0.9259259259259259,1.7881393432617188e-07,0.0,0.0,,cfg02_G3_D32,2.171714791969862,cuda
evaluation,891,506,Warm A,0.0021017128601670265,0.1111111119389534,0.09540501981973648,0.8271604938271605,1.1920928955078125e-07,0.2388605922460556,0.49687620997428894,,cfg02_G3_D32,2.171714791969862,cuda
evaluation,891,506,Warm B,0.001301159500144422,0.1111111119389534,0.09171829372644424,0.8271604938271605,1.1920928955078125e-07,0.2993904948234558,0.6464409828186035,,cfg02_G3_D32,2.171714791969862,cuda
evaluation,891,506,Warm C,0.00643048295751214,0.1111111119389534,0.11415193974971771,0.7407407407407407,2.384185791015625e-07,0.351647287607193,0.27794986963272095,,cfg02_G3_D32,2.171714791969862,cuda
evaluation,892,507,Cold,-0.0016329019563272595,0.1111111119389534,0.09602111577987671,0.8765432098765432,1.1920928955078125e-07,0.0,0.0,,cfg02_G3_D32,2.171714791969862,cuda
evaluation,892,507,Warm A,-0.004140391945838928,0.1111111119389534,0.10443954914808273,0.8148148148148148,1.1920928955078125e-07,0.22483614087104797,0.5383859872817993,,cfg02_G3_D32,2.171714791969862,cuda
evaluation,892,507,Warm B,-0.005141204688698053,0.1111111119389534,0.11845104396343231,0.7407407407407407,1.1920928955078125e-07,0.3488919734954834,0.4179774224758148,,cfg02_G3_D32,2.171714791969862,cuda
evaluation,892,507,Warm C,-0.0020612080115824938,0.1111111119389534,0.10176175087690353,0.7901234567901234,1.1920928955078125e-07,0.39753973484039307,0.43452414870262146,,cfg02_G3_D32,2.171714791969862,cuda
evaluation,893,508,Cold,-0.0031363661400973797,0.111111119389534,0.10829935222864151,0.8024691358024691,1.7881393432617188e-07,0.0,0.0,,cfg02_G3_D32,2.171714791969862,cuda
evaluation,893,508,Warm A,-0.0009532755939289927,0.111111119389534,0.10391424596309662,0.8024691358024691,1.1920928955078125e-07,0.23521016538143158,0.6674841642379761,,cfg02_G3_D32,2.171714791969862,cuda
evaluation,893,508,Warm B,0.0009831918869167566,0.1111111119389534,0.10144589841365814,0.8271604938271605,1.1920928955078125e-07,0.32400527596473694,0.5546337962150574,,cfg02_G3_D32,2.171714791969862,cuda
evaluation,893,508,Warm C,-0.0036844718270003796,0.1111111119389534,0.11100878566503525,0.7654320987654321,1.1920928955078125e-07,0.3208608627319336,0.49800586700439453,,cfg02_G3_D32,2.171714791969862,cuda
evaluation,897,509,Cold,-0.0054071927443146706,0.1111111119389534,0.13326910138130188,0.6790123456790124,1.1920928955078125e-07,0.0,0.0,,cfg02_G3_D32,2.171714791969862,cuda
evaluation,897,509,Warm A,-0.0019917318131774664,0.1111110970377922,0.12120936810970306,0.7037037037037037,1.7881393432617188e-07,0.23407548666000366,0.5422478914260864,,cfg02_G3_D32,2.171714791969862,cuda
evaluation,897,509,Warm B,-0.0020029006991535425,0.1111111119389534,0.12050585448741913,0.7160493827160493,1.1920928955078125e-07,0.3839598298072815,0.5371226668357849,,cfg02_G3_D32,2.171714791969862,cuda
evaluation,897,509,Warm C,-0.005456821992993355,0.111111119389534,0.13042113184928894,0.6790123456790124,2.384185791015625e-07,0.34328845143318176,0.4999556541442871,,cfg02_G3_D32,2.171714791969862,cuda
evaluation,901,513,Cold,-0.0038610913325101137,0.111111119389534,0.1067604050040245,0.8148148148148148,2.384185791015625e-07,0.0,0.0,,cfg02_G3_D32,2.171714791969862,cuda
evaluation,901,513,Warm A,-0.0015525282360613346,0.1111111119389534,0.09913723915815353,0.7901234567901234,1.1920928955078125e-07,0.23231056332588196,0.4932369291782379,,cfg02_G3_D32,2.171714791969862,cuda
evaluation,901,513,Warm B,-0.0007883713115006685,0.111111119389534,0.10460449755191803,0.8024691358024691,1.1920928955078125e-07,0.354512095451355,0.5761640071868896,,cfg02_G3_D32,2.171714791969862,cuda
evaluation,901,513,Warm C,0.003956496249884367,0.111111119389534,0.10437000542879105,0.7530864197530864,1.1920928955078125e-07,0.4655874967575073,0.5899322628974915,,cfg02_G3_D32,2.171714791969862,cuda
evaluation,906,518,Cold,-0.0059424517676234245,0.1111111119389534,0.13975687325000763,0.6049382716049383,1.1920928955078125e-07,0.0,0.0,,cfg02_G3_D32,2.171714791969862,cuda
evaluation,906,518,Warm A,-0.002536070765927434,0.1111111119389534,0.13151787221431732,0.6790123456790124,2.384185791015625e-07,0.23970307409763336,0.536051869392395,,cfg02_G3_D32,2.171714791969862,cuda
evaluation,906,518,Warm B,-0.00624467246234417,0.1111111119389534,0.14327089488506317,0.6049382716049383,1.1920928955078125e-07,0.344221830368042,0.3881120979785919,,cfg02_G3_D32,2.171714791969862,cuda
evaluation,906,518,Warm C,-0.002999579533934593,0.1111111119389534,0.1336597502231598,0.654320987654321,1.1920928955078125e-07,0.42639976739883423,0.3799285888671875,,cfg02_G3_D32,2.171714791969862,cuda
evaluation,907,519,Cold,-0.005413717590272427,0.111111119389534,0.138108029961586,0.6296296296296297,1.1920928955078125e-07,0.0,0.0,,cfg02_G3_D32,2.171714791969862,cuda
evaluation,907,519,Warm A,-0.009345876052975655,0.1111111119389534,0.14792607724666595,0.5679012345679012,1.1920928955078125e-07,0.23497742414474487,0.43550005555152893,,cfg02_G3_D32,2.171714791969862,cuda
evaluation,907,519,Warm B,-0.005232562776654959,0.1111111119389534,0.13806304335594177,0.6172839506172839,2.384185791015625e-07,0.23170413076877594,0.5886242985725403,,cfg02_G3_D32,2.171714791969862,cuda
evaluation,907,519,Warm C,-0.0023879394866526127,0.1111111119389534,0.13145430386066437,0.6790123456790124,1.1920928955078125e-07,0.3031565546989441,0.5683242082595825,,cfg02_G3_D32,2.171714791969862,cuda
evaluation,917,529,Cold,-0.005261749494820833,0.1111111119389534,0.13370110094547272,0.6790123456790124,1.1920928955078125e-07,0.0,0.0,,cfg02_G3_D32,2.171714791969862,cuda
evaluation,917,529,Warm A,-0.0014742285711690784,0.1111111119389534,0.12617026269435883,0.691358024691358,1.1920928955078125e-07,0.24405735731124878,0.6811114549636841,,cfg02_G3_D32,2.171714791969862,cuda
evaluation,917,529,Warm B,-0.0008781742653809488,0.1111110970377922,0.1314713954925537,0.6790123456790124,2.384185791015625e-07,0.3887324333190918,0.5859558582305908,,cfg02_G3_D32,2.171714791969862,cuda
evaluation,917,529,Warm C,-0.00045393977779895067,0.1111111119389534,0.13637812435626984,0.654320987654321,1.1920928955078125e-07,0.48245322704315186,0.5213843584060669,,cfg02_G3_D32,2.171714791969862,cuda
evaluation,918,530,Cold,-0.004702896345406771,0.1111111119389534,0.1228274255990982,0.7654320987654321,1.1920928955078125e-07,0.0,0.0,,cfg02_G3_D32,2.171714791969862,cuda
evaluation,918,530,Warm A,-0.003152766264975071,0.1111111119389534,0.11570678651332855,0.7530864197530864,1.1920928955078125e-07,0.24133075773715973,0.4771369993686676,,cfg02_G3_D32,2.171714791969862,cuda
evaluation,918,530,Warm B,-0.004452642053365707,0.1111111119389534,0.12374643981456757,0.7283950617283951,1.1920928955078125e-07,0.3057823181152344,0.6222245097160339,,cfg02_G3_D32,2.171714791969862,cuda
evaluation,918,530,Warm C,-0.005974926520138979,0.1111111119389534,0.13485251367092133,0.654320987654321,1.1920928955078125e-07,0.453318327665329,0.49995335936546326,,cfg02_G3_D32,2.171714791969862,cuda
evaluation,927,538,Cold,-0.005140307825058699,0.1111111119389534,0.13457727432250977,0.6790123456790124,2.384185791015625e-07,0.0,0.0,,cfg02_G3_D32,2.171714791969862,cuda
evaluation,927,538,Warm A,-0.004870401695370674,0.1111111119389534,0.12666578590869904,0.691358024691358,1.1920928955078125e-07,0.205484539270401,0.5113574862480164,,cfg02_G3_D32,2.171714791969862,cuda
evaluation,927,538,Warm B,-0.006395754870027304,0.1111111119389534,0.13568492233753204,0.6172839506172839,2.384185791015625e-07,0.24967868626117706,0.516392707824707,,cfg02_G3_D32,2.171714791969862,cuda
evaluation,927,538,Warm C,-0.0066757481545209885,0.1111111119389534,0.14204810559749603,0.6172839506172839,2.384185791015625e-07,0.3834933936595917,0.4481399655342102,,cfg02_G3_D32,2.171714791969862,cuda
evaluation,929,540,Cold,-0.00529894744977355,0.1111111119389534,0.1387304663658142,0.6049382716049383,2.384185791015625e-07,0.0,0.0,,cfg02_G3_D32,2.171714791969862,cuda
evaluation,929,540,Warm A,-0.001979172695428133,0.1111111119389534,0.13035984337329865,0.6666666666666666,1.1920928955078125e-07,0.24657484889030457,0.49941006302833557,,cfg02_G3_D32,2.171714791969862,cuda
evaluation,929,540,Warm B,-0.005898083560168743,0.111111119389534,0.1407301276922226,0.6172839506172839,1.1920928955078125e-07,0.3241504728794098,0.4968370497226715,,cfg02_G3_D32,2.171714791969862,cuda
evaluation,929,540,Warm C,-0.003521460108458996,0.1111111119389534,0.1361868530511856,0.6419753086419753,2.384185791015625e-07,0.4391602873802185,0.5176173448562622,,cfg02_G3_D32,2.171714791969862,cuda
evaluation,932,543,Cold,-0.004194219131022692,0.1111111119389534,0.11083079874515533,0.8148148148148148,1.1920928955078125e-07,0.0,0.0,,cfg02_G3_D32,2.171714791969862,cuda
evaluation,932,543,Warm A,-0.005124969407916069,0.1111110970377922,0.12327546626329422,0.7654320987654321,1.1920928955078125e-07,0.2442806363105774,0.43461018800735474,,cfg02_G3_D32,2.171714791969862,cuda
evaluation,932,543,Warm B,-0.0051574488170444965,0.1111110970377922,0.11111930757761002,0.7901234567901234,1.7881393432617188e-07,0.26908421516418457,0.45423832535743713,,cfg02_G3_D32,2.171714791969862,cuda
evaluation,932,543,Warm C,-0.005033361259847879,0.1111111119389534,0.11191359907388687,0.7654320987654321,2.384185791015625e-07,0.36903947591781616,0.6628040075302124,,cfg02_G3_D32,2.171714791969862,cuda
evaluation,935,546,Cold,-0.004431219771504402,0.1111111119389534,0.11717198044061661,0.7777777777777778,1.7881393432617188e-07,0.0,0.0,,cfg02_G3_D32,2.171714791969862,cuda
evaluation,935,546,Warm A,-0.0031902422197163105,0.1111111119389534,0.11152375489473343,0.7901234567901234,1.1920928955078125e-07,0.23773761093616486,0.6211888194084167,,cfg02_G3_D32,2.171714791969862,cuda
evaluation,935,546,Warm B,0.0011506339069455862,0.1111111119389534,0.10402373224496841,0.7901234567901234,1.1920928955078125e-07,0.31146639585494995,0.5915376543998718,,cfg02_G3_D32,2.171714791969862,cuda
evaluation,935,546,Warm C,-0.0016239125980064273,0.1111110970377922,0.10775657743215561,0.8148148148148148,2.384185791015625e-07,0.3547460436820984,0.7744488716125488,,cfg02_G3_D32,2.171714791969862,cuda
evaluation,936,547,Cold,-0.005020121578127146,0.1111111119389534,0.13300660252571106,0.6790123456790124,2.384185791015625e-07,0.0,0.0,,cfg02_G3_D32,2.171714791969862,cuda
evaluation,936,547,Warm A,-0.006736269686371088,0.1111111119389534,0.14082759618759155,0.6049382716049383,1.1920928955078125e-07,0.2219371199607849,0.4522481858730316,,cfg02_G3_D32,2.171714791969862,cuda
evaluation,936,547,Warm B,-0.008976496756076813,0.1111111119389534,0.14936907589435577,0.5555555555555556,1.1920928955078125e-07,0.37335696816444397,0.2683071792125702,,cfg02_G3_D32,2.171714791969862,cuda
evaluation,936,547,Warm C,-0.005776998586952686,0.1111111119389534,0.1398736536502838,0.654320987654321,2.384185791015625e-07,0.3423336446285248,0.42398253083229065,,cfg02_G3_D32,2.171714791969862,cuda
evaluation,938,548,Cold,-0.003830165835097432,0.111111119389534,0.10523562878370285,0.8395061728395061,2.384185791015625e-07,0.0,0.0,,cfg02_G3_D32,2.171714791969862,cuda
evaluation,938,548,Warm A,-0.0011299792677164078,0.1111111119389534,0.09631961584091187,0.8024691358024691,2.384185791015625e-07,0.2396712750196457,0.6643329858779907,,cfg02_G3_D32,2.171714791969862,cuda
evaluation,938,548,Warm B,0.002178710652515292,0.1111110970377922,0.09822332113981247,0.7901234567901234,1.1920928955078125e-07,0.4007892310619354,0.587104856967926,,cfg02_G3_D32,2.171714791969862,cuda
evaluation,938,548,Warm C,-0.002099117264151573,0.1111110970377922,0.09486579149961472,0.7901234567901234,2.384185791015625e-07,0.3533356785774231,0.5838481187820435,,cfg02_G3_D32,2.171714791969862,cuda
evaluation,941,550,Cold,-0.004733530804514885,0.1111111119389534,0.12514173984527588,0.7407407407407407,2.384185791015625e-07,0.0,0.0,,cfg02_G3_D32,2.171714791969862,cuda
evaluation,941,550,Warm A,-0.0016969488933682442,0.1111111119389534,0.11523514986038208,0.7777777777777778,1.1920928955078125e-07,0.2274199277162552,0.562737762928009,,cfg02_G3_D32,2.171714791969862,cuda
evaluation,941,550,Warm B,-0.00518202455714345,0.1111111119389534,0.12477406859397888,0.7037037037037037,2.384185791015625e-07,0.24018371105194092,0.4425621032714844,,cfg02_G3_D32,2.171714791969862,cuda
evaluation,941,550,Warm C,-0.0017637568525969982,0.1111110970377922,0.11347276717424393,0.7654320987654321,1.7881393432617188e-07,0.23403127491474152,0.6487118005752563,,cfg02_G3_D32,2.171714791969862,cuda
evaluation,943,552,Cold,-0.005042578559368849,0.1111111119389534,0.13079777359962463,0.7037037037037037,1.7881393432617188e-07,0.0,0.0,,cfg02_G3_D32,2.171714791969862,cuda
evaluation,943,552,Warm A,-0.0018976387800648808,0.1111111119389534,0.11768379807472229,0.7407407407407407,1.7881393432617188e-07,0.24312016367912292,0.6559311151504517,,cfg02_G3_D32,2.171714791969862,cuda
evaluation,943,552,Warm B,-0.005062584765255451,0.1111111119389534,0.12674331665039062,0.691358024691358,1.1920928955078125e-07,0.3261954188346863,0.6122790575027466,,cfg02_G3_D32,2.171714791969862,cuda
evaluation,943,552,Warm C,-0.0051832301542162895,0.111111119389534,0.12833254039287567,0.7037037037037037,1.1920928955078125e-07,0.2812788486480713,0.43978625535964966,,cfg02_G3_D32,2.171714791969862,cuda
evaluation,944,553,Cold,-0.006075607612729073,0.1111111119389534,0.1456822007894516,0.5802469135802469,5.960464477539063e-08,0.0,0.0,,cfg02_G3_D32,2.171714791969862,cuda
evaluation,944,553,Warm A,-0.0016467387322336435,0.1111111119389534,0.13807395100593567,0.6172839506172839,1.7881393432617188e-07,0.255413681268692,0.6231334209442139,,cfg02_G3_D32,2.171714791969862,cuda
evaluation,944,553,Warm B,0.001348354504443705,0.1111111119389534,0.13258226215839386,0.6666666666666666,1.1920928955078125e-07,0.40868285298347473,0.5541620254516602,,cfg02_G3_D32,2.171714791969862,cuda
evaluation,944,553,Warm C,-0.0007430261466652155,0.1111111119389534,0.14126823842525482,0.6172839506172839,1.1920928955078125e-07,0.31406813859939575,0.24547290802001953,,cfg02_G3_D32,2.171714791969862,cuda
evaluation,946,555,Cold,-0.005528000649064779,0.1111111119389534,0.13812673091888428,0.6172839506172839,1.1920928955078125e-07,0.0,0.0,,cfg02_G3_D32,2.171714791969862,cuda
evaluation,946,555,Warm A,-0.005604513920843601,0.1111111119389534,0.1415538489818573,0.6296296296296297,1.1920928955078125e-07,0.2435760647058487,0.3698313236236572,,cfg02_G3_D32,2.171714791969862,cuda
evaluation,946,555,Warm B,-0.0018678467022255063,0.1111111119389534,0.1304629147052765,0.6666666666666666,2.384185791015625e-07,0.3712577521800995,0.5111346244812012,,cfg02_G3_D32,2.171714791969862,cuda
evaluation,946,555,Warm C,-0.0006939152372069657,0.1111111119389534,0.1261562705039978,0.6790123456790124,1.1920928955078125e-07,0.49454429745674133,0.5327417254447937,,cfg02_G3_D32,2.171714791969862,cuda
evaluation,947,556,Cold,-0.0053243874572217464,0.1111110970377922,0.13711468875408173,0.6296296296296297,1.1920928955078125e-07,0.0,0.0,,cfg02_G3_D32,2.171714791969862,cuda
evaluation,947,556,Warm A,-0.006079868879169226,0.1111111119389534,0.14505237340927124,0.5925925925925926,1.1920928955078125e-07,0.23630747199058533,0.2913408875465393,,cfg02_G3_D32,2.171714791969862,cuda
evaluation,947,556,Warm B,-0.0060324352234601974,0.111111119389534,0.15268632769584656,0.5308641975308642,1.1920928955078125e-07,0.3784317374229431,0.2626480758190155,,cfg02_G3_D32,2.171714791969862,cuda
evaluation,947,556,Warm C,-0.0029338637832552195,0.1111110970377922,0.14279888570308685,0.6049382716049383,1.7881393432617188e-07,0.44861671328544617,0.3599921762943268,,cfg02_G3_D32,2.171714791969862,cuda
evaluation,948,557,Cold,-0.006403469946235418,0.1111111119389534,0.13749490678310394,0.654320987654321,1.1920928955078125e-07,0.0,0.0,,cfg02_G3_D32,2.171714791969862,cuda
evaluation,948,557,Warm A,-0.004922982305288315,0.1111111119389534,0.12919525802135468,0.6419753086419753,1.1920928955078125e-07,0.2345374971628189,0.683121383190155,,cfg02_G3_D32,2.171714791969862,cuda
evaluation,948,557,Warm B,-0.0008942556451074779,0.1111111119389534,0.12056700885295868,0.7407407407407407,1.1920928955078125e-07,0.351182758808136,0.6347866058349609,,cfg02_G3_D32,2.171714791969862,cuda
evaluation,948,557,Warm C,-0.004050276707857847,0.1111111119389534,0.1295461356639862,0.7283950617283951,2.384185791015625e-07,0.3065789043903351,0.48754507303237915,,cfg02_G3_D32,2.171714791969862,cuda
evaluation,973,569,Cold,-0.00622766837477684,0.111111119389534,0.1437034159898758,0.5802469135802469,5.960464477539063e-08,0.0,0.0,,cfg02_G3_D32,2.171714791969862,cuda
evaluation,973,569,Warm A,-0.0028049792163074017,0.1111111119389534,0.1369665116071701,0.6296296296296297,2.384185791015625e-07,0.24343086779117584,0.6463071703910828,,cfg02_G3_D32,2.171714791969862,cuda
evaluation,973,569,Warm B,-0.005734284874051809,0.1111111119389534,0.1445954293012619,0.5679012345679012,2.384185791015625e-07,0.2953225076198578,0.5744574666023254,,cfg02_G3_D32,2.171714791969862,cuda
evaluation,973,569,Warm C,-0.0028275633230805397,0.1111111119389534,0.13657449185848236,0.6419753086419753,1.1920928955078125e-07,0.3702990710735321,0.5826421976089478,,cfg02_G3_D32,2.171714791969862,cuda
evaluation,978,570,Cold,-0.006121649872511625,0.1111111119389534,0.14818434417247772,0.5679012345679012,1.1920928955078125e-07,0.0,0.0,,cfg02_G3_D32,2.171714791969862,cuda
evaluation,978,570,Warm A,-0.003369695972651243,0.1111111119389534,0.1421775072813034,0.5925925925925926,1.1920928955078125e-07,0.2579825520515442,0.38566869497299194,,cfg02_G3_D32,2.171714791969862,cuda
evaluation,978,570,Warm B,-0.005545697174966335,0.1111110970377922,0.14896729588508606,0.5679012345679012,1.1920928955078125e-07,0.21040254831314087,0.4530944526195526,,cfg02_G3_D32,2.171714791969862,cuda
evaluation,978,570,Warm C,-0.004146182909607887,0.1111111119389534,0.14109373092651367,0.5925925925925926,1.1920928955078125e-07,0.351039320230484,0.5575074553489685,,cfg02_G3_D32,2.171714791969862,cuda
evaluation,982,571,Cold,-0.0054984730668365955,0.111111119389534,0.13217690587043762,0.7037037037037037,1.1920928955078125e-07,0.0,0.0,,cfg02_G3_D32,2.171714791969862,cuda
evaluation,982,571,Warm A,-0.0017676565330475569,0.111111119389534,0.12058192491531372,0.7283950617283951,2.384185791015625e-07,0.22995495796203613,0.48675066232681274,,cfg02_G3_D32,2.171714791969862,cuda
evaluation,982,571,Warm B,-0.003554414724931121,0.1111110970377922,0.1294942945241928,0.7037037037037037,2.384185791015625e-07,0.4019274413585663,0.4238785207271576,,cfg02_G3_D32,2.171714791969862,cuda
evaluation,982,571,Warm C,-0.002316273283213377,0.1111111119389534,0.11997438967227936,0.7407407407407407,1.7881393432617188e-07,0.5128403902053833,0.49760767817497253,,cfg02_G3_D32,2.171714791969862,cuda
evaluation,988,573,Cold,-0.002312255324795842,0.1111111119389534,0.10005775839090347,0.8395061728395061,1.1920928955078125e-07,0.0,0.0,,cfg02_G3_D32,2.171714791969862,cuda
evaluation,988,573,Warm A,0.002741042757406831,0.1111111119389534,0.09917370229959488,0.8148148148148148,2.384185791015625e-07,0.223202183842659,0.6777452230453491,,cfg02_G3_D32,2.171714791969862,cuda
evaluation,988,573,Warm B,0.0005444756243377924,0.1111111119389534,0.09788282960653305,0.8148148148148148,2.384185791015625e-07,0.3121531009674072,0.6394566297531128,,cfg02_G3_D32,2.171714791969862,cuda
evaluation,988,573,Warm C,0.005294643808156252,0.1111111119389534,0.09833173453807831,0.8395061728395061,2.384185791015625e-07,0.4222746789455414,0.5670455098152161,,cfg02_G3_D32,2.171714791969862,cuda
evaluation,991,574,Cold,-0.0017313567223027349,0.111111119389534,0.10184291750192642,0.8148148148148148,1.1920928955078125e-07,0.0,0.0,,cfg02_G3_D32,2.171714791969862,cuda
evaluation,991,574,Warm A,0.0009457535343244672,0.1111111119389534,0.09609413146972656,0.7901234567901234,1.1920928955078125e-07,0.217918261885643,0.5880037546157837,,cfg02_G3_D32,2.171714791969862,cuda
evaluation,991,574,Warm B,-0.002981307450681925,0.111111119389534,0.09940002858638763,0.8024691358024691,1.1920928955078125e-07,0.3741874396800995,0.5883641839027405,,cfg02_G3_D32,2.171714791969862,cuda
evaluation,991,574,Warm C,-0.003639321308583021,0.1111110970377922,0.10381030291318893,0.7901234567901234,2.980232238769531e-07,0.48234593868255615,0.5636966824531555,,cfg02_G3_D32,2.171714791969862,cuda
evaluation,998,577,Cold,-0.0014980635605752468,0.1111110970377922,0.09804455190896988,0.8518518518518519,1.1920928955078125e-07,0.0,0.0,,cfg02_G3_D32,2.171714791969862,cuda
evaluation,998,577,Warm A,0.004087073262780905,0.111111119389534,0.09808797389268875,0.7777777777777778,1.1920928955078125e-07,0.2340155392885208,0.5050634741783142,,cfg02_G3_D32,2.171714791969862,cuda
evaluation,998,577,Warm B,0.005317593924701214,0.1111111119389534,0.10646166652441025,0.7530864197530864,2.384185791015625e-07,0.26789912581443787,0.629510223865509,,cfg02_G3_D32,2.171714791969862,cuda
evaluation,998,577,Warm C,-0.0002813180035445839,0.1111110970377922,0.09973455220460892,0.7777777777777778,1.7881393432617188e-07,0.3977484703063965,0.6227045655250549,,cfg02_G3_D32,2.171714791969862,cuda
evaluation,1003,579,Cold,-0.0021358251105993986,0.1111111119389534,0.1049027144908905,0.7901234567901234,2.384185791015625e-07,0.0,0.0,,cfg02_G3_D32,2.171714791969862,cuda
evaluation,1003,579,Warm A,0.004926828667521477,0.111111119389534,0.10478288680315018,0.7407407407407407,1.7881393432617188e-07,0.24675315618515015,0.5838233828544617,,cfg02_G3_D32,2.171714791969862,cuda
evaluation,1003,579,Warm B,0.011375234462320805,0.1111111119389534,0.1153748482465744,0.7037037037037037,1.7881393432617188e-07,0.4302048981189728,0.3597813546657562,,cfg02_G3_D32,2.171714791969862,cuda
evaluation,1003,579,Warm C,0.01211243961006403,0.1111111119389534,0.11438557505607605,0.7037037037037037,2.384185791015625e-07,0.5191329121589661,0.531154990196228,,cfg02_G3_D32,2.171714791969862,cuda
evaluation,1004,580,Cold,7.858513708924875e-05,0.1111111119389534,0.09492145478725433,0.8024691358024691,1.7881393432617188e-07,0.0,0.0,,cfg02_G3_D32,2.171714791969862,cuda
evaluation,1004,580,Warm A,0.005028118845075369,0.1111110970377922,0.10559595376253128,0.7654320987654321,1.1920928955078125e-07,0.23620541393756866,0.44406935572624207,,cfg02_G3_D32,2.171714791969862,cuda
evaluation,1004,580,Warm B,0.00635096151381731,0.111111119389534,0.1089089885354042,0.7777777777777778,2.384185791015625e-07,0.37039464712142944,0.4497550129890442,,cfg02_G3_D32,2.171714791969862,cuda
evaluation,1004,580,Warm C,0.010396284982562065,0.1111111119389534,0.1263224184513092,0.6790123456790124,1.1920928955078125e-07,0.441293865442276,0.450094997882843,,cfg02_G3_D32,2.171714791969862,cuda
evaluation,1005,581,Cold,0.00040217553032562137,0.111111119389534,0.08414217829704285,0.9259259259259259,2.384185791015625e-07,0.0,0.0,,cfg02_G3_D32,2.171714791969862,cuda
evaluation,1005,581,Warm A,0.004570328164845705,0.1111110970377922,0.09875571727752686,0.7654320987654321,2.384185791015625e-07,0.25025999546051025,0.3554561734199524,,cfg02_G3_D32,2.171714791969862,cuda
evaluation,1005,581,Warm B,0.00680592330172658,0.1111111119389534,0.10569102317094803,0.7777777777777778,2.384185791015625e-07,0.40346843004226685,0.3955070376396179,,cfg02_G3_D32,2.171714791969862,cuda
evaluation,1005,581,Warm C,0.0109560526907444,0.1111111119389534,0.12540055811405182,0.691358024691358,1.1920928955078125e-07,0.5466200709342957,0.19734255969524384,,cfg02_G3_D32,2.171714791969862,cuda
evaluation,1006,582,Cold,-0.0030625914223492146,0.1111111119389534,0.10973025113344193,0.7777777777777778,1.7881393432617188e-07,0.0,0.0,,cfg02_G3_D32,2.171714791969862,cuda
evaluation,1006,582,Warm A,0.00220608152449131,0.1111111119389534,0.10729757696390152,0.7654320987654321,3.5762786865234375e-07,0.24557124078273773,0.6827132701873779,,cfg02_G3_D32,2.171714791969862,cuda
evaluation,1006,582,Warm B,0.003852635156363249,0.1111110970377922,0.1050092801451683,0.7530864197530864,1.1920928955078125e-07,0.28054922819137573,0.5969669222831726,,cfg02_G3_D32,2.171714791969862,cuda
evaluation,1006,582,Warm C,0.009285013191401958,0.1111111119389534,0.11471310257911682,0.7037037037037037,1.1920928955078125e-07,0.40148308873176575,0.5328733921051025,,cfg02_G3_D32,2.171714791969862,cuda
evaluation,1008,584,Cold,-0.004377604462206364,0.1111110970377922,0.11696261167526245,0.7777777777777778,2.384185791015625e-07,0.0,0.0,,cfg02_G3_D32,2.171714791969862,cuda
evaluation,1008,584,Warm A,0.0014090671902522445,0.1111111119389534,0.10565661638975143,0.7901234567901234,1.1920928955078125e-07,0.2310485690832138,0.7403565645217896,,cfg02_G3_D32,2.171714791969862,cuda
evaluation,1008,584,Warm B,0.004215714987367392,0.1111111119389534,0.10333508253097534,0.7530864197530864,1.1920928955078125e-07,0.3448623716831207,0.5210307240486145,,cfg02_G3_D32,2.171714791969862,cuda
evaluation,1008,584,Warm C,0.006097553297877312,0.111111119389534,0.10715523362159729,0.7407407407407407,2.384185791015625e-07,0.4155738949775696,0.5821049809455872,,cfg02_G3_D32,2.171714791969862,cuda
evaluation,1011,587,Cold,-0.003964293748140335,0.1111111119389534,0.09141357243061066,0.9259259259259259,2.384185791015625e-07,0.0,0.0,,cfg02_G3_D32,2.171714791969862,cuda
evaluation,1011,587,Warm A,0.0010195187060162425,0.1111110970377922,0.08306000381708145,0.9135802469135802,1.1920928955078125e-07,0.24898304045200348,0.7496001124382019,,cfg02_G3_D32,2.171714791969862,cuda
evaluation,1011,587,Warm B,0.0060413372702896595,0.1111111119389534,0.09821026772260666,0.8148148148148148,1.1920928955078125e-07,0.42341282963752747,0.3040653169155121,,cfg02_G3_D32,2.171714791969862,cuda
evaluation,1011,587,Warm C,0.011162071488797665,0.1111111119389534,0.11508652567863464,0.7530864197530864,2.384185791015625e-07,0.5987014174461365,0.4508579671382904,,cfg02_G3_D32,2.171714791969862,cuda
evaluation,1014,590,Cold,-0.004656856879591942,0.111111119389534,0.11516951769590378,0.8148148148148148,1.1920928955078125e-07,0.0,0.0,,cfg02_G3_D32,2.171714791969862,cuda
evaluation,1014,590,Warm A,-0.0001963719114428386,0.1111111119389534,0.10361531376838684,0.8024691358024691,2.384185791015625e-07,0.2464953064918518,0.6686771512031555,,cfg02_G3_D32,2.171714791969862,cuda
evaluation,1014,590,Warm B,0.005369836930185556,0.1111111119389534,0.10155293345451355,0.7901234567901234,1.7881393432617188e-07,0.3771898150444031,0.5409745573997498,,cfg02_G3_D32,2.171714791969862,cuda
evaluation,1014,590,Warm C,0.009569460526108742,0.1111111119389534,0.10385848581790924,0.6790123456790124,1.1920928955078125e-07,0.5547835826873779,0.5874406695365906,,cfg02_G3_D32,2.171714791969862,cuda
evaluation,1016,592,Cold,-0.004378978628665209,0.1111110970377922,0.10748828947544098,0.8271604938271605,2.384185791015625e-07,0.0,0.0,,cfg02_G3_D32,2.171714791969862,cuda
evaluation,1016,592,Warm A,-0.00022073053696658462,0.1111111119389534,0.09832138568162918,0.8148148148148148,1.1920928955078125e-07,0.24669259786605835,0.5346373319625854,,cfg02_G3_D32,2.171714791969862,cuda
evaluation,1016,592,Warm B,0.004135215189307928,0.1111111119389534,0.09978469461202621,0.7777777777777778,1.1920928955078125e-07,0.40074172616004944,0.4276573359966278,,cfg02_G3_D32,2.171714791969862,cuda
evaluation,1016,592,Warm C,0.007716448046267033,0.1111111119389534,0.10868635773658752,0.7160493827160493,1.1920928955078125e-07,0.5087890625,0.5384599566459656,,cfg02_G3_D32,2.171714791969862,cuda
evaluation,1018,594,Cold,-0.0034938447643071413,0.1111110970377922,0.0980880856513977,0.8395061728395061,1.1920928955078125e-07,0.0,0.0,,cfg02_G3_D32,2.171714791969862,cuda
evaluation,1018,594,Warm A,0.000859009160194546,0.1111111119389534,0.0909469872713089,0.8518518518518519,1.1920928955078125e-07,0.24815727770328522,0.684887707233429,,cfg02_G3_D32,2.171714791969862,cuda
evaluation,1018,594,Warm B,0.0057266587391495705,0.1111110970377922,0.09904973953962326,0.7901234567901234,2.384185791015625e-07,0.37957873940467834,0.503445565700531,,cfg02_G3_D32,2.171714791969862,cuda
evaluation,1018,594,Warm C,0.006190684158354998,0.1111110970377922,0.09588167816400528,0.8024691358024691,1.1920928955078125e-07,0.5152424573898315,0.710372269153595,,cfg02_G3_D32,2.171714791969862,cuda
evaluation,1024,600,Cold,-0.004679834935814142,0.1111110970377922,0.1251763105392456,0.7530864197530864,1.1920928955078125e-07,0.0,0.0,,cfg02_G3_D32,2.171714791969862,cuda
evaluation,1024,600,Warm A,-0.0006282225949689746,0.1111111119389534,0.11570972204208374,0.7530864197530864,1.1920928955078125e-07,0.23960338532924652,0.8323009610176086,,cfg02_G3_D32,2.171714791969862,cuda
evaluation,1024,600,Warm B,0.0023519746027886868,0.1111111119389534,0.11076250672340393,0.7407407407407407,2.384185791015625e-07,0.40084728598594666,0.6288939714431763,,cfg02_G3_D32,2.171714791969862,cuda
evaluation,1024,600,Warm C,0.004626698791980743,0.1111111119389534,0.11346187442541122,0.6790123456790124,1.1920928955078125e-07,0.5699617266654968,0.6242890357971191,,cfg02_G3_D32,2.171714791969862,cuda
evaluation,1034,609,Cold,-0.0023886479903012514,0.1111111119389534,0.10580619424581528,0.8024691358024691,2.384185791015625e-07,0.0,0.0,,cfg02_G3_D32,2.171714791969862,cuda
evaluation,1034,609,Warm A,-0.0009389087208546698,0.111111119389534,0.10556696355342865,0.8024691358024691,2.384185791015625e-07,0.22928130626678467,0.7266883254051208,,cfg02_G3_D32,2.171714791969862,cuda
evaluation,1034,609,Warm B,-0.00345866521820426,0.1111111119389534,0.11263638734817505,0.7654320987654321,1.1920928955078125e-07,0.37256142497062683,0.6797717213630676,,cfg02_G3_D32,2.171714791969862,cuda
evaluation,1034,609,Warm C,-0.007484132889658213,0.1111111119389534,0.12717847526073456,0.7037037037037037,1.1920928955078125e-07,0.519129753112793,0.5939227938652039,,cfg02_G3_D32,2.171714791969862,cuda
evaluation,1043,615,Cold,-0.000975677976384759,0.1111110970377922,0.09244325757026672,0.8888888888888888,1.1920928955078125e-07,0.0,0.0,,cfg02_G3_D32,2.171714791969862,cuda
evaluation,1043,615,Warm A,0.003747736569494009,0.1111111119389534,0.09795864671468735,0.8148148148148148,1.1920928955078125e-07,0.24659012258052826,0.5059155821800232,,cfg02_G3_D32,2.171714791969862,cuda
evaluation,1043,615,Warm B,0.0023661688901484013,0.1111111119389534,0.09400927275419235,0.8148148148148148,2.384185791015625e-07,0.2864195704460144,0.6215064525604248,,cfg02_G3_D32,2.171714791969862,cuda
evaluation,1043,615,Warm C,0.005090679042041302,0.111111119389534,0.10403352230787277,0.7654320987654321,1.1920928955078125e-07,0.43342840671539307,0.5731040835380554,,cfg02_G3_D32,2.171714791969862,cuda
evaluation,1046,616,Cold,-0.0028602625243365765,0.1111111119389534,0.10281544178724289,0.8395061728395061,1.1920928955078125e-07,0.0,0.0,,cfg02_G3_D32,2.171714791969862,cuda
evaluation,1046,616,Warm A,-0.005987095180898905,0.1111111119389534,0.11901819705963135,0.7530864197530864,2.384185791015625e-07,0.24585697054862976,0.5176163911819458,,cfg02_G3_D32,2.171714791969862,cuda
evaluation,1046,616,Warm B,-0.008838451467454433,0.1111111119389534,0.13197699189186096,0.7160493827160493,2.384185791015625e-07,0.37895363569259644,0.4425012767314911,,cfg02_G3_D32,2.171714791969862,cuda
evaluation,1046,616,Warm C,-0.0083088343963027,0.1111111119389534,0.13363468647003174,0.6666666666666666,2.384185791015625e-07,0.4562111794948578,0.441397488117218,,cfg02_G3_D32,2.171714791969862,cuda
evaluation,1050,619,Cold,-0.003256906056776643,0.111111119389534,0.11003890633583069,0.7777777777777778,2.384185791015625e-07,0.0,0.0,,cfg02_G3_D32,2.171714791969862,cuda
evaluation,1050,619,Warm A,0.0014244632329791784,0.1111111119389534,0.10051609575748444,0.7777777777777778,1.1920928955078125e-07,0.23483730852603912,0.5357584357261658,,cfg02_G3_D32,2.171714791969862,cuda
evaluation,1050,619,Warm B,-0.004071306902915239,0.1111111119389534,0.1113780215382576,0.8148148148148148,1.1920928955078125e-07,0.29770028591156006,0.7018963694572449,,cfg02_G3_D32,2.171714791969862,cuda
evaluation,1050,619,Warm C,-0.007971861399710178,0.1111110970377922,0.12484558671712875,0.7160493827160493,1.1920928955078125e-07,0.41161400079727173,0.5141216516494751,,cfg02_G3_D32,2.171714791969862,cuda
evaluation,1051,620,Cold,-0.002820234512910247,0.1111111119389534,0.10846535116434097,0.7901234567901234,1.7881393432617188e-07,0.0,0.0,,cfg02_G3_D32,2.171714791969862,cuda
evaluation,1051,620,Warm A,0.0031660168897360563,0.1111111119389534,0.10235031694173813,0.7654320987654321,1.1920928955078125e-07,0.2341499775648117,0.665226936340332,,cfg02_G3_D32,2.171714791969862,cuda
evaluation,1051,620,Warm B,-0.0020233034156262875,0.111111119389534,0.10720305144786835,0.8024691358024691,2.384185791015625e-07,0.19066433608531952,0.5843565464019775,,cfg02_G3_D32,2.171714791969862,cuda
evaluation,1051,620,Warm C,-0.0014942941488698125,0.1111111119389534,0.10876061767339706,0.7901234567901234,5.960464477539063e-08,0.2875727713108063,0.6765894889831543,,cfg02_G3_D32,2.171714791969862,cuda
evaluation,1054,621,Cold,-0.002651055809110403,0.1111110970377922,0.10496020317077637,0.8024691358024691,2.384185791015625e-07,0.0,0.0,,cfg02_G3_D32,2.171714791969862,cuda
evaluation,1054,621,Warm A,-0.003515105228871107,0.1111111119389534,0.1153620183467865,0.7654320987654321,2.384185791015625e-07,0.20294946432113647,0.6249229311943054,,cfg02_G3_D32,2.171714791969862,cuda
evaluation,1054,621,Warm B,0.0006242557428777218,0.1111110970377922,0.10061880946159363,0.8271604938271605,1.1920928955078125e-07,0.327703058719635,0.6015179753303528,,cfg02_G3_D32,2.171714791969862,cuda
evaluation,1054,621,Warm C,0.0004544258990790695,0.111111119389534,0.10099367052316666,0.8395061728395061,1.1920928955078125e-07,0.3626784682273865,0.5168033242225647,,cfg02_G3_D32,2.171714791969862,cuda
evaluation,1066,627,Cold,-0.005044178571552038,0.1111110970377922,0.13361471891403198,0.6790123456790124,1.7881393432617188e-07,0.0,0.0,,cfg02_G3_D32,2.171714791969862,cuda
evaluation,1066,627,Warm A,-0.007984299212694168,0.1111111119389534,0.14343011379241943,0.5925925925925926,2.384185791015625e-07,0.23774287104606628,0.24253177642822266,,cfg02_G3_D32,2.171714791969862,cuda
evaluation,1066,627,Warm B,-0.01092598494142294,0.111111119389534,0.1532842069864273,0.5432098765432098,1.1920928955078125e-07,0.42159774899482727,0.34922659397125244,,cfg02_G3_D32,2.171714791969862,cuda
evaluation,1066,627,Warm C,-0.008073050528764725,0.1111111119389534,0.1420976221561432,0.6049382716049383,2.384185791015625e-07,0.2612302601337433,0.4710448384284973,,cfg02_G3_D32,2.171714791969862,cuda
evaluation,1069,628,Cold,-0.006171754561364651,0.1111111119389534,0.14036554098129272,0.5925925925925926,1.1920928955078125e-07,0.0,0.0,,cfg02_G3_D32,2.171714791969862,cuda
evaluation,1069,628,Warm A,-0.002759011695161462,0.1111111119389534,0.1326327919960022,0.6419753086419753,1.7881393432617188e-07,0.2535047233104706,0.6027750372886658,,cfg02_G3_D32,2.171714791969862,cuda
evaluation,1069,628,Warm B,-0.005839449819177389,0.1111110970377922,0.1411689817905426,0.5802469135802469,1.1920928955078125e-07,0.2579430341720581,0.5219244956970215,,cfg02_G3_D32,2.171714791969862,cuda
evaluation,1069,628,Warm C,-0.010158207267522812,0.1111111119389534,0.14739228785037994,0.5432098765432098,1.1920928955078125e-07,0.3818108141422272,0.49046602845191956,,cfg02_G3_D32,2.171714791969862,cuda
evaluation,1082,635,Cold,-0.005509498994797468,0.1111111119389534,0.12518255412578583,0.7283950617283951,2.384185791015625e-07,0.0,0.0,,cfg02_G3_D32,2.171714791969862,cuda
evaluation,1082,635,Warm A,-0.003718443214893341,0.111111119389534,0.11264466494321823,0.8024691358024691,2.384185791015625e-07,0.2219078689813614,0.5204779505729675,,cfg02_G3_D32,2.171714791969862,cuda
evaluation,1082,635,Warm B,-0.0014405661495402455,0.1111110970377922,0.10401982814073563,0.7654320987654321,1.1920928955078125e-07,0.4041083753108978,0.41457825899124146,,cfg02_G3_D32,2.171714791969862,cuda
evaluation,1082,635,Warm C,0.0023150723427534103,0.1111111119389534,0.10111860930919647,0.7407407407407407,1.1920928955078125e-07,0.48188549280166626,0.6411680579185486,,cfg02_G3_D32,2.171714791969862,cuda
evaluation,1083,636,Cold,-0.004372722469270229,0.1111111119389534,0.10610385984182358,0.8271604938271605,1.1920928955078125e-07,0.0,0.0,,cfg02_G3_D32,2.171714791969862,cuda
evaluation,1083,636,Warm A,-0.0006768014281988144,0.111111119389534,0.09387710690498352,0.8395061728395061,1.1920928955078125e-07,0.2282855212688446,0.6377006769180298,,cfg02_G3_D32,2.171714791969862,cuda
evaluation,1083,636,Warm B,-0.004178182687610388,0.1111111119389534,0.10435696691274643,0.8641975308641975,1.1920928955078125e-07,0.3174368739128113,0.39981937408447266,,cfg02_G3_D32,2.171714791969862,cuda
evaluation,1083,636,Warm C,-0.00186156015843153,0.111111119389534,0.09431502968072891,0.8024691358024691,1.1920928955078125e-07,0.4671487808227539,0.5349723100662231,,cfg02_G3_D32,2.171714791969862,cuda
evaluation,1085,638,Cold,-0.004450460430234671,0.1111111119389534,0.11477173119783401,0.7901234567901234,2.384185791015625e-07,0.0,0.0,,cfg02_G3_D32,2.171714791969862,cuda
evaluation,1085,638,Warm A,-0.0018830939661711454,0.1111111119389534,0.10768470913171768,0.7530864197530864,2.384185791015625e-07,0.22333569824695587,0.5284636616706848,,cfg02_G3_D32,2.171714791969862,cuda
evaluation,1085,638,Warm B,0.0012984133791178465,0.1111111119389534,0.10903482139110565,0.7654320987654321,2.384185791015625e-07,0.30294254422187805,0.5388413667678833,,cfg02_G3_D32,2.171714791969862,cuda
evaluation,1085,638,Warm C,-0.0023398392368108034,0.1111110970377922,0.11789916455745697,0.7530864197530864,1.1920928955078125e-07,0.3341250419616699,0.5801994204521179,,cfg02_G3_D32,2.171714791969862,cuda
evaluation,1099,650,Cold,-0.006668346934020519,0.1111111119389534,0.14765705168247223,0.5679012345679012,1.1920928955078125e-07,0.0,0.0,,cfg02_G3_D32,2.171714791969862,cuda
evaluation,1099,650,Warm A,-0.008357405662536621,0.1111111119389534,0.149075448513031,0.5308641975308642,2.384185791015625e-07,0.23857907950878143,0.4522779881954193,,cfg02_G3_D32,2.171714791969862,cuda
evaluation,1099,650,Warm B,-0.006959074176847935,0.1111111119389534,0.1397865116596222,0.5802469135802469,1.1920928955078125e-07,0.36283236742019653,0.7672051787376404,,cfg02_G3_D32,2.171714791969862,cuda
evaluation,1099,650,Warm C,-0.010173847898840904,0.1111111119389534,0.14713124930858612,0.5555555555555556,1.1920928955078125e-07,0.4839920103549957,0.2355394810438156,,cfg02_G3_D32,2.171714791969862,cuda
evaluation,1111,655,Cold,-0.003507378976792097,0.1111111119389534,0.11051568388938904,0.7777777777777778,1.1920928955078125e-07,0.0,0.0,,cfg02_G3_D32,2.171714791969862,cuda
evaluation,1111,655,Warm A,-0.007443477399647236,0.1111111119389534,0.12629058957099915,0.691358024691358,1.1920928955078125e-07,0.23324519395828247,0.49790850281715393,,cfg02_G3_D32,2.171714791969862,cuda
evaluation,1111,655,Warm B,-0.010995246469974518,0.1111110970377922,0.139932319521904,0.6172839506172839,2.384185791015625e-07,0.4523142874240875,0.24063721299171448,,cfg02_G3_D32,2.171714791969862,cuda
evaluation,1111,655,Warm C,-0.007917189970612526,0.1111111119389534,0.12916132807731628,0.6790123456790124,1.1920928955078125e-07,0.371113657951355,0.5201940536499023,,cfg02_G3_D32,2.171714791969862,cuda
evaluation,1128,661,Cold,-0.002078791381791234,0.1111111119389534,0.05911153927445412,0.9876543209876543,1.1920928955078125e-07,0.0,0.0,,cfg02_G3_D32,2.171714791969862,cuda
evaluation,1128,661,Warm A,0.0017046541906893253,0.1111111119389534,0.07176488637924194,0.9382716049382716,2.384185791015625e-07,0.2366826832294464,0.46407705545425415,,cfg02_G3_D32,2.171714791969862,cuda
evaluation,1128,661,Warm B,-0.0006087357760407031,0.1111111119389534,0.06219214200973511,0.9629629629629629,1.1920928955078125e-07,0.2529231905937195,0.6639261245727539,,cfg02_G3_D32,2.171714791969862,cuda
evaluation,1128,661,Warm C,0.0020762921776622534,0.1111111119389534,0.07388421148061752,0.9259259259259259,2.384185791015625e-07,0.3527412712574005,0.652908444404602,,cfg02_G3_D32,2.171714791969862,cuda
evaluation,1150,670,Cold,-0.004451792687177658,0.1111111119389534,0.10952747613191605,0.8395061728395061,1.1920928955078125e-07,0.0,0.0,,cfg02_G3_D32,2.171714791969862,cuda
evaluation,1150,670,Warm A,-0.0061621107161045074,0.1111111119389534,0.12482843548059464,0.7283950617283951,1.7881393432617188e-07,0.2198805958032608,0.5804876685142517,,cfg02_G3_D32,2.171714791969862,cuda
evaluation,1150,670,Warm B,-0.008154099807143211,0.1111111119389534,0.13409855961799622,0.654320987654321,2.384185791015625e-07,0.3212074637413025,0.40937671065330505,,cfg02_G3_D32,2.171714791969862,cuda
evaluation,1150,670,Warm C,-0.005461086984723806,0.1111111119389534,0.12076122313737869,0.7530864197530864,2.384185791015625e-07,0.4023948013782501,0.4039272964000702,,cfg02_G3_D32,2.171714791969862,cuda
evaluation,1161,671,Cold,-0.004623007960617542,0.1111111119389534,0.10991664230823517,0.8395061728395061,2.384185791015625e-07,0.0,0.0,,cfg02_G3_D32,2.171714791969862,cuda
evaluation,1161,671,Warm A,-0.008643882349133492,0.1111111119389534,0.12467410415410995,0.7407407407407407,2.384185791015625e-07,0.23844832181930542,0.3615846335887909,,cfg02_G3_D32,2.171714791969862,cuda
evaluation,1161,671,Warm B,-0.008310256525874138,0.111111119389534,0.11177516728639603,0.7901234567901234,2.384185791015625e-07,0.3698347210884094,0.42009446024894714,,cfg02_G3_D32,2.171714791969862,cuda
evaluation,1161,671,Warm C,-0.006653131451457739,0.1111111119389534,0.10430624336004257,0.8024691358024691,2.384185791015625e-07,0.45608755946159363,0.6972103118896484,,cfg02_G3_D32,2.171714791969862,cuda
evaluation,1162,672,Cold,-0.0042547364719212055,0.1111111119389534,0.10409929603338242,0.8395061728395061,1.1920928955078125e-07,0.0,0.0,,cfg02_G3_D32,2.171714791969862,cuda
evaluation,1162,672,Warm A,-0.007726124022156,0.111111119389534,0.12096062302589417,0.7407407407407407,2.384185791015625e-07,0.24664859473705292,0.26838189363479614,,cfg02_G3_D32,2.171714791969862,cuda
evaluation,1162,672,Warm B,-0.006436058785766363,0.1111111119389534,0.10296200960874557,0.8395061728395061,2.384185791015625e-07,0.1611274778842926,0.5418428778648376,,cfg02_G3_D32,2.171714791969862,cuda
evaluation,1162,672,Warm C,-0.0038202968426048756,0.111111119389534,0.08977906405925751,0.8641975308641975,1.1920928955078125e-07,0.30447083711624146,0.7366859316825867,,cfg02_G3_D32,2.171714791969862,cuda
evaluation,1167,673,Cold,-0.0008926182636059821,0.1111111119389534,0.0927036926150322,0.8888888888888888,1.1920928955078125e-07,0.0,0.0,,cfg02_G3_D32,2.171714791969862,cuda
evaluation,1167,673,Warm A,0.0033337275963276625,0.1111111119389534,0.10056331753730774,0.8024691358024691,2.384185791015625e-07,0.234207421541214,0.5868800282478333,,cfg02_G3_D32,2.171714791969862,cuda
evaluation,1167,673,Warm B,0.0070379795506596565,0.1111111119389534,0.11383701860904694,0.691358024691358,1.1920928955078125e-07,0.37438613176345825,0.4701445996761322,,cfg02_G3_D32,2.171714791969862,cuda
evaluation,1167,673,Warm C,0.0031100460328161716,0.1111111119389534,0.09965075552463531,0.8395061728395061,2.384185791015625e-07,0.41228508949279785,0.5687046647071838,,cfg02_G3_D32,2.171714791969862,cuda
evaluation,1173,676,Cold,-0.0034875902347266674,0.1111111119389534,0.10406984388828278,0.8024691358024691,2.384185791015625e-07,0.0,0.0,,cfg02_G3_D32,2.171714791969862,cuda
evaluation,1173,676,Warm A,-0.0015698594506829977,0.1111111119389534,0.09852632135152817,0.8148148148148148,1.1920928955078125e-07,0.2125067412853241,0.7471093535423279,,cfg02_G3_D32,2.171714791969862,cuda
evaluation,1173,676,Warm B,0.0015165818622335792,0.1111111119389534,0.09934500604867935,0.8024691358024691,1.1920928955078125e-07,0.34025663137435913,0.6553530693054199,,cfg02_G3_D32,2.171714791969862,cuda
evaluation,1173,676,Warm C,-0.0030847713351249695,0.1111111119389534,0.1045415997505188,0.8395061728395061,2.384185791015625e-07,0.48459768295288086,0.7161051630973816,,cfg02_G3_D32,2.171714791969862,cuda
evaluation,1176,678,Cold,-0.004135849419981241,0.1111110970377922,0.11024008691310883,0.7654320987654321,2.384185791015625e-07,0.0,0.0,,cfg02_G3_D32,2.171714791969862,cuda
evaluation,1176,678,Warm A,-0.00675094872713089,0.111111119389534,0.12340951710939407,0.691358024691358,2.384185791015625e-07,0.23785006999969482,0.33259937167167664,,cfg02_G3_D32,2.171714791969862,cuda
evaluation,1176,678,Warm B,-0.00867349561303854,0.1111111119389534,0.13830897212028503,0.6172839506172839,1.1920928955078125e-07,0.3764590322971344,0.6026145219802856,,cfg02_G3_D32,2.171714791969862,cuda
evaluation,1176,678,Warm C,-0.006374238524585962,0.1111111119389534,0.12476162612438202,0.691358024691358,2.384185791015625e-07,0.3050330877304077,0.6045519113540649,,cfg02_G3_D32,2.171714791969862,cuda
evaluation,1177,679,Cold,-0.0035250275395810604,0.1111111119389534,0.1065969467163086,0.7777777777777778,1.1920928955078125e-07,0.0,0.0,,cfg02_G3_D32,2.171714791969862,cuda
evaluation,1177,679,Warm A,-0.0071881553158164024,0.1111111119389534,0.11829643696546555,0.7407407407407407,1.7881393432617188e-07,0.2381117045879364,0.46303263306617737,,cfg02_G3_D32,2.171714791969862,cuda
evaluation,1177,679,Warm B,-0.003561711637303233,0.1111110970377922,0.10595931857824326,0.7901234567901234,1.1920928955078125e-07,0.2623889148235321,0.6193920373916626,,cfg02_G3_D32,2.171714791969862,cuda
evaluation,1177,679,Warm C,-0.004266680683940649,0.1111111119389534,0.11901337653398514,0.7283950617283951,1.7881393432617188e-07,0.33710286021232605,0.4008851945400238,,cfg02_G3_D32,2.171714791969862,cuda
evaluation,1184,683,Cold,-0.0027378802187740803,0.1111110970377922,0.09944532811641693,0.8271604938271605,1.1920928955078125e-07,0.0,0.0,,cfg02_G3_D32,2.171714791969862,cuda
evaluation,1184,683,Warm A,-0.004811245948076248,0.1111111119389534,0.1163654625415802,0.7901234567901234,1.1920928955078125e-07,0.23347662389278412,0.46651726961135864,,cfg02_G3_D32,2.171714791969862,cuda
evaluation,1184,683,Warm B,-0.004031524062156677,0.1111111119389534,0.11956959217786789,0.7530864197530864,1.1920928955078125e-07,0.33715441823005676,0.5992852449417114,,cfg02_G3_D32,2.171714791969862,cuda
evaluation,1184,683,Warm C,-0.005132022779434919,0.1111111119389534,0.11975748091936111,0.7654320987654321,3.5762786865234375e-07,0.4426569938659668,0.6235373616218567,,cfg02_G3_D32,2.171714791969862,cuda
evaluation,1187,686,Cold,-0.0033413157798349857,0.1111111119389534,0.10654610395431519,0.7777777777777778,1.1920928955078125e-07,0.0,0.0,,cfg02_G3_D32,2.171714791969862,cuda
evaluation,1187,686,Warm A,0.0025613687466830015,0.1111111119389534,0.09834076464176178,0.8024691358024691,2.384185791015625e-07,0.23632283508777618,0.6471640467643738,,cfg02_G3_D32,2.171714791969862,cuda
evaluation,1187,686,Warm B,-0.00029066167189739645,0.1111111119389534,0.10433034598827362,0.8024691358024691,1.1920928955078125e-07,0.33712878823280334,0.6564235091209412,,cfg02_G3_D32,2.171714791969862,cuda
evaluation,1187,686,Warm C,0.0015577892772853374,0.1111111119389534,0.10179586708545685,0.8271604938271605,2.384185791015625e-07,0.37332090735435486,0.6523156762123108,,cfg02_G3_D32,2.171714791969862,cuda
evaluation,1190,689,Cold,-0.003149559488520026,0.1111111119389534,0.10238419473171234,0.8024691358024691,2.384185791015625e-07,0.0,0.0,,cfg02_G3_D32,2.171714791969862,cuda
evaluation,1190,689,Warm A,-0.003550255438312888,0.1111111119389534,0.10475555062294006,0.8148148148148148,2.384185791015625e-07,0.24197673797607422,0.7116676568984985,,cfg02_G3_D32,2.171714791969862,cuda
evaluation,1190,689,Warm B,-0.0023305185604840517,0.1111110970377922,0.1098964661359787,0.8148148148148148,1.1920928955078125e-07,0.3917568624019623,0.6964840292930603,,cfg02_G3_D32,2.171714791969862,cuda
evaluation,1190,689,Warm C,0.0010554587934166193,0.1111111119389534,0.107233427464962,0.8148148148148148,1.7881393432617188e-07,0.5380321741104126,0.7670729160308838,,cfg02_G3_D32,2.171714791969862,cuda
evaluation,1192,691,Cold,-0.0033082161098718643,0.1111111119389534,0.10122685134410858,0.8148148148148148,1.1920928955078125e-07,0.0,0.0,,cfg02_G3_D32,2.171714791969862,cuda
evaluation,1192,691,Warm A,-0.007065107114613056,0.111111119389534,0.11500648409128189,0.7530864197530864,2.384185791015625e-07,0.22387507557868958,0.5035103559494019,,cfg02_G3_D32,2.171714791969862,cuda
evaluation,1192,691,Warm B,-0.005073521751910448,0.1111111119389534,0.1111505925655365,0.7777777777777778,1.1920928955078125e-07,0.3304227590560913,0.43907856941223145,,cfg02_G3_D32,2.171714791969862,cuda
evaluation,1192,691,Warm C,-0.00656269071623683,0.1111111119389534,0.12619738280773163,0.6790123456790124,1.1920928955078125e-07,0.3571312129497528,0.42967700958251953,,cfg02_G3_D32,2.171714791969862,cuda
evaluation,1202,700,Cold,-0.002381168305873871,0.1111111119389534,0.08923996239900589,0.9135802469135802,1.7881393432617188e-07,0.0,0.0,,cfg02_G3_D32,2.171714791969862,cuda
evaluation,1202,700,Warm A,-0.004236367531120777,0.111111119389534,0.09089537709951401,0.8641975308641975,1.1920928955078125e-07,0.23738454282283783,0.5432423949241638,,cfg02_G3_D32,2.171714791969862,cuda
evaluation,1202,700,Warm B,-0.0077897775918245316,0.1111111119389534,0.1097053587436676,0.8148148148148148,1.7881393432617188e-07,0.3453724980354309,0.5758793950080872,,cfg02_G3_D32,2.171714791969862,cuda
evaluation,1202,700,Warm C,-0.006591092795133591,0.1111111119389534,0.09565844386816025,0.8888888888888888,1.1920928955078125e-07,0.39077481627464294,0.8466187715530396,,cfg02_G3_D32,2.171714791969862,cuda
evaluation,1209,707,Cold,-0.00397473992779851,0.1111111119389534,0.10178475081920624,0.8271604938271605,1.7881393432617188e-07,0.0,0.0,,cfg02_G3_D32,2.171714791969862,cuda
evaluation,1209,707,Warm A,-0.005930975545197725,0.1111111119389534,0.11484848707914352,0.7777777777777778,1.1920928955078125e-07,0.2404838502407074,0.4782155454158783,,cfg02_G3_D32,2.171714791969862,cuda
evaluation,1209,707,Warm B,-0.008241889998316765,0.1111111119389534,0.12740157544612885,0.7160493827160493,1.1920928955078125e-07,0.4553951621055603,0.3152052164077759,,cfg02_G3_D32,2.171714791969862,cuda
evaluation,1209,707,Warm C,-0.00419324217364192,0.1111111119389534,0.11491354554891586,0.7654320987654321,1.1920928955078125e-07,0.4073176383972168,0.6018794178962708,,cfg02_G3_D32,2.171714791969862,cuda
evaluation,1216,714,Cold,-0.0019444883801043034,0.1111111119389534,0.08053314685821533,0.9382716049382716,1.1920928955078125e-07,0.0,0.0,,cfg02_G3_D32,2.171714791969862,cuda
evaluation,1216,714,Warm A,0.001642973511479795,0.1111111119389534,0.08133391290903091,0.9012345679012346,1.1920928955078125e-07,0.2352825403213501,0.677523136138916,,cfg02_G3_D32,2.171714791969862,cuda
evaluation,1216,714,Warm B,-0.0030771277379244566,0.1111111119389534,0.08679568767547607,0.9259259259259259,1.1920928955078125e-07,0.30112749338150024,0.5294066667556763,,cfg02_G3_D32,2.171714791969862,cuda
evaluation,1216,714,Warm C,0.0012012507067993283,0.1111111119389534,0.0763847753405571,0.9135802469135802,1.7881393432617188e-07,0.35131171345710754,0.5244800448417664,,cfg02_G3_D32,2.171714791969862,cuda
evaluation,1236,732,Cold,-0.0020929903257638216,0.1111111119389534,0.094199538230896,0.8395061728395061,2.384185791015625e-07,0.0,0.0,,cfg02_G3_D32,2.171714791969862,cuda
evaluation,1236,732,Warm A,-0.00461648078635335,0.1111111119389534,0.11043450236320496,0.7901234567901234,1.7881393432617188e-07,0.24512557685375214,0.6168569326400757,,cfg02_G3_D32,2.171714791969862,cuda
evaluation,1236,732,Warm B,-0.007934610359370708,0.1111111119389534,0.12898235023021698,0.7283950617283951,1.1920928955078125e-07,0.4070788621902466,0.37808021903038025,,cfg02_G3_D32,2.171714791969862,cuda
evaluation,1236,732,Warm C,-0.010912553407251835,0.1111110970377922,0.14059144258499146,0.654320987654321,1.1920928955078125e-07,0.5527620315551758,0.2461472749710083,,cfg02_G3_D32,2.171714791969862,cuda
evaluation,1241,736,Cold,-0.000775823718868196,0.111111119389534,0.07843141257762909,0.9629629629629629,1.1920928955078125e-07,0.0,0.0,,cfg02_G3_D32,2.171714791969862,cuda
evaluation,1241,736,Warm A,-0.0022542765364050865,0.1111111119389534,0.0922059714794159,0.9259259259259259,2.384185791015625e-07,0.23173674941062927,0.6101784110069275,,cfg02_G3_D32,2.171714791969862,cuda
evaluation,1241,736,Warm B,0.0021626041270792484,0.1111111119389534,0.08265697956085205,0.9629629629629629,2.384185791015625e-07,0.3419967591762543,0.5862717628479004,,cfg02_G3_D32,2.171714791969862,cuda
evaluation,1241,736,Warm C,0.0007564628031104803,0.1111111119389534,0.0909562036395073,0.9135802469135802,1.1920928955078125e-07,0.48540058732032776,0.6692512631416321,,cfg02_G3_D32,2.171714791969862,cuda
evaluation,1273,767,Cold,-0.003115181578323245,0.1111110970377922,0.09300166368484497,0.9012345679012346,1.1920928955078125e-07,0.0,0.0,,cfg02_G3_D32,2.171714791969862,cuda
evaluation,1273,767,Warm A,-0.006307186093181372,0.1111110970377922,0.11171851307153702,0.8024691358024691,2.384185791015625e-07,0.23594537377357483,0.4897478222846985,,cfg02_G3_D32,2.171714791969862,cuda
evaluation,1273,767,Warm B,-0.0006421967409551144,0.1111111119389534,0.10231425613164902,0.8518518518518519,2.980232238769531e-07,0.31017038226127625,0.6481384634971619,,cfg02_G3_D32,2.171714791969862,cuda
evaluation,1273,767,Warm C,-0.003527134656906128,0.1111111119389534,0.11770343780517578,0.7654320987654321,1.1920928955078125e-07,0.4402505159378052,0.6949567794799805,,cfg02_G3_D32,2.171714791969862,cuda
evaluation,1279,773,Cold,-0.0008816358749754727,0.111111119389534,0.08480288088321686,0.9135802469135802,1.1920928955078125e-07,0.0,0.0,,cfg02_G3_D32,2.171714791969862,cuda
evaluation,1279,773,Warm A,-0.004852550104260445,0.1111111119389534,0.10165969282388687,0.8395061728395061,2.384185791015625e-07,0.23766709864139557,0.6580424308776855,,cfg02_G3_D32,2.171714791969862,cuda
evaluation,1279,773,Warm B,-0.009122302755713463,0.1111110970377922,0.1193462684750557,0.7530864197530864,2.384185791015625e-07,0.4474276304244995,0.526495635509491,,cfg02_G3_D32,2.171714791969862,cuda
evaluation,1279,773,Warm C,-0.006076133344322443,0.111111119389534,0.09969748556613922,0.8395061728395061,1.1920928955078125e-07,0.351268470287323,0.613916277885437,,cfg02_G3_D32,2.171714791969862,cuda
evaluation,1289,783,Cold,-0.0035361037589609623,0.1111111119389534,0.10273320972919464,0.8518518518518519,1.1920928955078125e-07,0.0,0.0,,cfg02_G3_D32,2.171714791969862,cuda
evaluation,1289,783,Warm A,-0.006669366732239723,0.1111111119389534,0.11964139342308044,0.7901234567901234,2.384185791015625e-07,0.22294412553310394,0.5167115330696106,,cfg02_G3_D32,2.171714791969862,cuda
evaluation,1289,783,Warm B,-0.00927742663770914,0.1111111119389534,0.13256938755512238,0.691358024691358,5.960464477539063e-08,0.37386393547058105,0.4297204911708832,,cfg02_G3_D32,2.171714791969862,cuda
evaluation,1289,783,Warm C,-0.007706225849688053,0.1111110970377922,0.11880690604448318,0.7777777777777778,2.384185791015625e-07,0.41576918959617615,0.5848708152770996,,cfg02_G3_D32,2.171714791969862,cuda
evaluation,1305,799,Cold,-0.0033847689628601074,0.1111110970377922,0.09950022399425507,0.8518518518518519,2.384185791015625e-07,0.0,0.0,,cfg02_G3_D32,2.171714791969862,cuda
evaluation,1305,799,Warm A,-0.0034334093797951937,0.1111111119389534,0.0972604900598526,0.8518518518518519,1.7881393432617188e-07,0.2202228456735611,0.6415075659751892,,cfg02_G3_D32,2.171714791969862,cuda
evaluation,1305,799,Warm B,-0.006089294329285622,0.1111111119389534,0.11419317126274109,0.7654320987654321,1.7881393432617188e-07,0.2975846529006958,0.6129243969917297,,cfg02_G3_D32,2.171714791969862,cuda
evaluation,1305,799,Warm C,-0.00017819617642089725,0.1111111119389534,0.10013636201620102,0.8765432098765432,1.7881393432617188e-07,0.39400622248649597,0.6404008865356445,,cfg02_G3_D32,2.171714791969862,cuda
evaluation,1306,800,Cold,-0.0016201392281800508,0.1111111119389534,0.0863066092133522,0.9135802469135802,1.7881393432617188e-07,0.0,0.0,,cfg02_G3_D32,2.171714791969862,cuda
evaluation,1306,800,Warm A,-0.003741535125300288,0.1111111119389534,0.1022854596376419,0.9012345679012346,1.1920928955078125e-07,0.2195323407649994,0.6189810037612915,,cfg02_G3_D32,2.171714791969862,cuda
evaluation,1306,800,Warm B,-0.003996905870735645,0.1111110970377922,0.11168914288282394,0.8518518518518519,1.7881393432617188e-07,0.3229749798774719,0.5964518785476685,,cfg02_G3_D32,2.171714791969862,cuda
evaluation,1306,800,Warm C,-0.00010216530790785328,0.1111110970377922,0.09376124292612076,0.9012345679012346,4.76837158203125e-07,0.3160843551158905,0.779507040977478,,cfg02_G3_D32,2.171714791969862,cuda
evaluation,1330,805,Cold,-0.002320827916264534,0.1111111119389534,0.07548264414072037,0.9753086419753086,1.1920928955078125e-07,0.0,0.0,,cfg02_G3_D32,2.171714791969862,cuda
evaluation,1330,805,Warm A,0.004003599751740694,0.1111111119389534,0.07762063294649124,0.9259259259259259,2.384185791015625e-07,0.24442042410373688,0.6673119068145752,,cfg02_G3_D32,2.171714791969862,cuda
evaluation,1330,805,Warm B,0.004049167037010193,0.1111110970377922,0.08290696144104004,0.9259259259259259,1.7881393432617188e-07,0.25661107897758484,0.5000527501106262,,cfg02_G3_D32,2.171714791969862,cuda
evaluation,1330,805,Warm C,0.006087874993681908,0.1111110970377922,0.10081379115581512,0.8024691358024691,2.384185791015625e-07,0.37657299637794495,0.5244309306144714,,cfg02_G3_D32,2.171714791969862,cuda
evaluation,1332,806,Cold,-0.00234106439165771,0.1111111119389534,0.08342957496643066,0.9259259259259259,1.1920928955078125e-07,0.0,0.0,,cfg02_G3_D32,2.171714791969862,cuda
evaluation,1332,806,Warm A,0.0018807417945936322,0.111111119389534,0.08400621265172958,0.8888888888888888,1.1920928955078125e-07,0.23669423162937164,0.5216563940048218,,cfg02_G3_D32,2.171714791969862,cuda
evaluation,1332,806,Warm B,0.005953498650342226,0.1111111119389534,0.1052853986620903,0.8148148148148148,1.1920928955078125e-07,0.37512701749801636,0.44148188829421997,,cfg02_G3_D32,2.171714791969862,cuda
evaluation,1332,806,Warm C,0.009895793162286282,0.1111111119389534,0.12421606481075287,0.6666666666666666,2.384185791015625e-07,0.5030983090400696,0.3117150664329529,,cfg02_G3_D32,2.171714791969862,cuda
evaluation,1337,809,Cold,-0.00397225096821785,0.1111111119389534,0.10823799669742584,0.8395061728395061,2.384185791015625e-07,0.0,0.0,,cfg02_G3_D32,2.171714791969862,cuda
evaluation,1337,809,Warm A,-0.002409291686490178,0.1111111119389534,0.09842180460691452,0.7901234567901234,1.1920928955078125e-07,0.24126414954662323,0.546471118927002,,cfg02_G3_D32,2.171714791969862,cuda
evaluation,1337,809,Warm B,-0.003516965080052614,0.1111111119389534,0.10459340363740921,0.8148148148148148,1.7881393432617188e-07,0.2607530653476715,0.6251729130744934,,cfg02_G3_D32,2.171714791969862,cuda
evaluation,1337,809,Warm C,-0.000996702234260738,0.1111111119389534,0.09670205414295197,0.8024691358024691,2.384185791015625e-07,0.37402716279029846,0.5592082142829895,,cfg02_G3_D32,2.171714791969862,cuda
evaluation,1346,816,Cold,-0.0011647709179669619,0.111111119389534,0.05380777269601822,0.9876543209876543,1.7881393432617188e-07,0.0,0.0,,cfg02_G3_D32,2.171714791969862,cuda
evaluation,1346,816,Warm A,0.003375657834112644,0.1111110970377922,0.06636638194322586,0.9753086419753086,1.1920928955078125e-07,0.2406495213508606,0.6963984370231628,,cfg02_G3_D32,2.171714791969862,cuda
evaluation,1346,816,Warm B,0.0020992066711187363,0.111111119389534,0.0717182457447052,0.9629629629629629,1.7881393432617188e-07,0.36947527527809143,0.5118767023086548,,cfg02_G3_D32,2.171714791969862,cuda
evaluation,1346,816,Warm C,0.005120567977428436,0.1111111119389534,0.10049931704998016,0.8395061728395061,1.1920928955078125e-07,0.47027674317359924,0.288360595703125,,cfg02_G3_D32,2.171714791969862,cuda
evaluation,1352,820,Cold,-0.0017631747759878635,0.1111111119389534,0.1037629023194313,0.7901234567901234,2.384185791015625e-07,0.0,0.0,,cfg02_G3_D32,2.171714791969862,cuda
evaluation,1352,820,Warm A,0.003981038928031921,0.111111119389534,0.10234346985816956,0.7654320987654321,5.960464477539063e-08,0.24991701543331146,0.4250042140483856,,cfg02_G3_D32,2.171714791969862,cuda
evaluation,1352,820,Warm B,0.004468865226954222,0.1111111119389534,0.10267505794763565,0.7530864197530864,2.384185791015625e-07,0.374279260635376,0.5241032242774963,,cfg02_G3_D32,2.171714791969862,cuda
evaluation,1352,820,Warm C,0.010961989872157574,0.1111111119389534,0.11794505268335342,0.7037037037037037,2.384185791015625e-07,0.518217921257019,0.37031951546669006,,cfg02_G3_D32,2.171714791969862,cuda
evaluation,1353,821,Cold,-0.0012429514899849892,0.1111111119389534,0.09336771816015244,0.9012345679012346,1.1920928955078125e-07,0.0,0.0,,cfg02_G3_D32,2.171714791969862,cuda
evaluation,1353,821,Warm A,0.0023007129784673452,0.1111111119389534,0.09804488718509674,0.8271604938271605,1.1920928955078125e-07,0.239266499876976,0.5659295916557312,,cfg02_G3_D32,2.171714791969862,cuda
evaluation,1353,821,Warm B,-0.0007438369793817401,0.1111111119389534,0.09306245297193527,0.8271604938271605,2.384185791015625e-07,0.26031461358070374,0.5396131873130798,,cfg02_G3_D32,2.171714791969862,cuda
evaluation,1353,821,Warm C,-0.0005541215650737286,0.1111111119389534,0.09357436001300812,0.8271604938271605,1.1920928955078125e-07,0.3758964538574219,0.5801064372062683,,cfg02_G3_D32,2.171714791969862,cuda
evaluation,1355,823,Cold,-0.00013972561282571405,0.111111119389534,0.0884893462061882,0.9135802469135802,1.1920928955078125e-07,0.0,0.0,,cfg02_G3_D32,2.171714791969862,cuda
evaluation,1355,823,Warm A,0.003059971611946821,0.1111110970377922,0.09639562666416168,0.8148148148148148,1.7881393432617188e-07,0.22683370113372803,0.5419878959655762,,cfg02_G3_D32,2.171714791969862,cuda
evaluation,1355,823,Warm B,-0.0012698940699920058,0.1111111119389534,0.08736799657344818,0.8888888888888888,1.7881393432617188e-07,0.2949492931365967,0.6265861392021179,,cfg02_G3_D32,2.171714791969862,cuda
evaluation,1355,823,Warm C,0.003703421913087368,0.1111111119389534,0.0952986478805542,0.8148148148148148,2.384185791015625e-07,0.3539453148841858,0.5729333758354187,,cfg02_G3_D32,2.171714791969862,cuda
evaluation,1361,828,Cold,-0.0023573206271976233,0.1111110970377922,0.10009712725877762,0.8271604938271605,2.980232238769531e-07,0.0,0.0,,cfg02_G3_D32,2.171714791969862,cuda
evaluation,1361,828,Warm A,-0.007217588368803263,0.1111110970377922,0.11750344932079315,0.7654320987654321,1.7881393432617188e-07,0.24571773409843445,0.5789181590080261,,cfg02_G3_D32,2.171714791969862,cuda
evaluation,1361,828,Warm B,-0.009286575019359589,0.1111110970377922,0.12929046154022217,0.7037037037037037,1.1920928955078125e-07,0.37365901470184326,0.34944525361061096,,cfg02_G3_D32,2.171714791969862,cuda
evaluation,1361,828,Warm C,-0.00809651892632246,0.1111111119389534,0.12361747771501541,0.7037037037037037,1.1920928955078125e-07,0.46170803904533386,0.475175678730011,,cfg02_G3_D32,2.171714791969862,cuda
evaluation,1362,829,Cold,-0.004815861117094755,0.111111119389534,0.11859849095344543,0.7777777777777778,1.1920928955078125e-07,0.0,0.0,,cfg02_G3_D32,2.171714791969862,cuda
evaluation,1362,829,Warm A,-0.006633559241890907,0.1111110970377922,0.13150958716869354,0.6666666666666666,1.1920928955078125e-07,0.24096347391605377,0.3527734875679016,,cfg02_G3_D32,2.171714791969862,cuda
evaluation,1362,829,Warm B,-0.006241233088076115,0.1111111119389534,0.12489723414182663,0.7283950617283951,2.384185791015625e-07,0.38849470019340515,0.5038203597068787,,cfg02_G3_D32,2.171714791969862,cuda
evaluation,1362,829,Warm C,-0.006201623473316431,0.1111111119389534,0.12510396540164948,0.7530864197530864,1.1920928955078125e-07,0.47254642844200134,0.3378846347332001,,cfg02_G3_D32,2.171714791969862,cuda
evaluation,1363,830,Cold,-0.002039617858827114,0.1111111119389534,0.10133668780326843,0.8148148148148148,2.384185791015625e-07,0.0,0.0,,cfg02_G3_D32,2.171714791969862,cuda
evaluation,1363,830,Warm A,0.0024403228890150785,0.1111111119389534,0.10133658349514008,0.7654320987654321,1.1920928955078125e-07,0.24027612805366516,0.5683448314666748,,cfg02_G3_D32,2.171714791969862,cuda
evaluation,1363,830,Warm B,0.00473842304199934,0.111111119389534,0.10260816663503647,0.7407407407407407,1.7881393432617188e-07,0.34438106417655945,0.6387012600898743,,cfg02_G3_D32,2.171714791969862,cuda
evaluation,1363,830,Warm C,0.006387969013303518,0.1111111119389534,0.11280664056539536,0.7037037037037037,2.384185791015625e-07,0.46551576256752014,0.6390272378921509,,cfg02_G3_D32,2.171714791969862,cuda
evaluation,1366,831,Cold,-0.0030625814106315374,0.1111110970377922,0.10973021388053894,0.7777777777777778,2.384185791015625e-07,0.0,0.0,,cfg02_G3_D32,2.171714791969862,cuda
evaluation,1366,831,Warm A,0.001850996632128954,0.111111119389534,0.10598060488700867,0.7777777777777778,2.384185791015625e-07,0.2271026372909546,0.6955084800720215,,cfg02_G3_D32,2.171714791969862,cuda
evaluation,1366,831,Warm B,0.002035228768363595,0.111111119389534,0.11135852336883545,0.8024691358024691,2.384185791015625e-07,0.3818551003932953,0.697344958782196,,cfg02_G3_D32,2.171714791969862,cuda
evaluation,1366,831,Warm C,0.005426783114671707,0.1111110970377922,0.12112642079591751,0.7283950617283951,1.1920928955078125e-07,0.5368160605430603,0.5943205952644348,,cfg02_G3_D32,2.171714791969862,cuda
evaluation,1382,845,Cold,-0.0013379058800637722,0.1111111119389534,0.08914154022932053,0.8641975308641975,1.1920928955078125e-07,0.0,0.0,,cfg02_G3_D32,2.171714791969862,cuda
evaluation,1382,845,Warm A,0.0033044004812836647,0.1111111119389534,0.09495047479867935,0.7901234567901234,1.1920928955078125e-07,0.24521909654140472,0.5584797859191895,,cfg02_G3_D32,2.171714791969862,cuda
evaluation,1382,845,Warm B,0.00908234715461731,0.1111111119389534,0.11138544976711273,0.7407407407407407,1.1920928955078125e-07,0.3962482511997223,0.4178011119365692,,cfg02_G3_D32,2.171714791969862,cuda
evaluation,1382,845,Warm C,0.008543699979782104,0.1111111119389534,0.10871854424476624,0.7407407407407407,2.384185791015625e-07,0.3916281461715698,0.5014250874519348,,cfg02_G3_D32,2.171714791969862,cuda
evaluation,1390,850,Cold,-0.0018199285259470344,0.111111119389534,0.09844560921192169,0.8765432098765432,2.384185791015625e-07,0.0,0.0,,cfg02_G3_D32,2.171714791969862,cuda
evaluation,1390,850,Warm A,0.0023203734308481216,0.1111111119389534,0.09907741844654083,0.8148148148148148,1.1920928955078125e-07,0.23332610726356506,0.5331755876541138,,cfg02_G3_D32,2.171714791969862,cuda
evaluation,1390,850,Warm B,0.0012265145778656006,0.1111111119389534,0.09381820261478424,0.8518518518518519,1.1920928955078125e-07,0.29894351959228516,0.587360143661499,,cfg02_G3_D32,2.171714791969862,cuda
evaluation,1390,850,Warm C,0.0056456089951097965,0.111111119389534,0.10787889361381531,0.7530864197530864,2.384185791015625e-07,0.4278588593006134,0.4454877972602844,,cfg02_G3_D32,2.171714791969862,cuda
evaluation,1397,857,Cold,-0.0029041278176009655,0.1111110970377922,0.10716293752193451,0.8024691358024691,1.7881393432617188e-07,0.0,0.0,,cfg02_G3_D32,2.171714791969862,cuda
evaluation,1397,857,Warm A,-0.006716843694448471,0.111111119389534,0.12018010765314102,0.7407407407407407,1.1920928955078125e-07,0.234415665268898,0.5284042358398438,,cfg02_G3_D32,2.171714791969862,cuda
evaluation,1397,857,Warm B,-0.0023677183780819178,0.1111111119389534,0.10659151524305344,0.7777777777777778,1.1920928955078125e-07,0.2811075448989868,0.6396538615226746,,cfg02_G3_D32,2.171714791969862,cuda
evaluation,1397,857,Warm C,-0.0019375232513993979,0.1111111119389534,0.1068364605307579,0.8024691358024691,1.1920928955078125e-07,0.3530174493789673,0.6312307715415955,,cfg02_G3_D32,2.171714791969862,cuda
evaluation,1398,858,Cold,-0.0017933190101757646,0.111111119389534,0.09693599492311478,0.8765432098765432,1.1920928955078125e-07,0.0,0.0,,cfg02_G3_D32,2.171714791969862,cuda
evaluation,1398,858,Warm A,0.003422446083277464,0.1111110970377922,0.1009768545627594,0.7901234567901234,1.1920928955078125e-07,0.23619496822357178,0.6890827417373657,,cfg02_G3_D32,2.171714791969862,cuda
evaluation,1398,858,Warm B,0.0007314412505365908,0.1111111119389534,0.0973678007721901,0.8024691358024691,2.384185791015625e-07,0.32099926471710205,0.5859500169754028,,cfg02_G3_D32,2.171714791969862,cuda
evaluation,1398,858,Warm C,0.006543211173266172,0.1111111119389534,0.1068168431520462,0.7283950617283951,1.1920928955078125e-07,0.42955857515335083,0.5326027274131775,,cfg02_G3_D32,2.171714791969862,cuda
evaluation,1399,859,Cold,-0.002494602929800749,0.1111111119389534,0.10384982824325562,0.8148148148148148,2.384185791015625e-07,0.0,0.0,,cfg02_G3_D32,2.171714791969862,cuda
evaluation,1399,859,Warm A,0.00273769348859787,0.1111111119389534,0.09934171289205551,0.8148148148148148,2.384185791015625e-07,0.23957009613513947,0.5724037289619446,,cfg02_G3_D32,2.171714791969862,cuda
evaluation,1399,859,Warm B,0.0038350282702594995,0.1111111119389534,0.10079872608184814,0.8271604938271605,2.980232238769531e-07,0.36346498131752014,0.5393721461296082,,cfg02_G3_D32,2.171714791969862,cuda
evaluation,1399,859,Warm C,0.009080829098820686,0.1111111119389534,0.10999185591936111,0.7654320987654321,1.1920928955078125e-07,0.42780783772468567,0.8487371802330017,,cfg02_G3_D32,2.171714791969862,cuda
evaluation,1401,860,Cold,-0.002897050930187106,0.1111111119389534,0.10785098373889923,0.7901234567901234,2.384185791015625e-07,0.0,0.0,,cfg02_G3_D32,2.171714791969862,cuda
evaluation,1401,860,Warm A,-0.0008322008070535958,0.1111110970377922,0.10744946449995041,0.8148148148148148,2.384185791015625e-07,0.2475290298461914,0.7314106822013855,,cfg02_G3_D32,2.171714791969862,cuda
evaluation,1401,860,Warm B,-0.005049955099821091,0.111111119389534,0.11330591142177582,0.8148148148148148,2.384185791015625e-07,0.34675565361976624,0.6234301328659058,,cfg02_G3_D32,2.171714791969862,cuda
evaluation,1401,860,Warm C,-0.0011018413351848722,0.1111111119389534,0.1086236983537674,0.8148148148148148,1.7881393432617188e-07,0.4257243871688843,0.7143711447715759,,cfg02_G3_D32,2.171714791969862,cuda
evaluation,1404,861,Cold,-0.0017392131267115474,0.1111110970377922,0.10030217468738556,0.8271604938271605,1.7881393432617188e-07,0.0,0.0,,cfg02_G3_D32,2.171714791969862,cuda
evaluation,1404,861,Warm A,0.005133803468197584,0.1111110970377922,0.09961646050214767,0.7777777777777778,1.1920928955078125e-07,0.23634669184684753,0.4929565489292145,,cfg02_G3_D32,2.171714791969862,cuda
evaluation,1404,861,Warm B,0.0012045307084918022,0.1111111119389534,0.09631949663162231,0.8148148148148148,1.1920928955078125e-07,0.30876392126083374,0.6285233497619629,,cfg02_G3_D32,2.171714791969862,cuda
evaluation,1404,861,Warm C,0.0065397354774177074,0.1111111119389534,0.10270054638385773,0.7654320987654321,1.1920928955078125e-07,0.4917776882648468,0.5327889323234558,,cfg02_G3_D32,2.171714791969862,cuda
evaluation,1410,866,Cold,-0.0029328062664717436,0.1111111119389534,0.1077248826622963,0.8148148148148148,2.384185791015625e-07,0.0,0.0,,cfg02_G3_D32,2.171714791969862,cuda
evaluation,1410,866,Warm A,0.0014138947008177638,0.1111111119389534,0.10519932955503464,0.8024691358024691,2.384185791015625e-07,0.23681671917438507,0.6961399912834167,,cfg02_G3_D32,2.171714791969862,cuda
evaluation,1410,866,Warm B,0.004503997042775154,0.111111119389534,0.11413345485925674,0.7283950617283951,1.1920928955078125e-07,0.40318232774734497,0.5743586421012878,,cfg02_G3_D32,2.171714791969862,cuda
evaluation,1410,866,Warm C,0.007432371843606234,0.1111110970377922,0.1274174600839615,0.6666666666666666,1.7881393432617188e-07,0.580367922782898,0.45248156785964966,,cfg02_G3_D32,2.171714791969862,cuda
evaluation,1414,868,Cold,-0.0019785587210208178,0.1111111119389534,0.0986524447798729,0.8518518518518519,1.1920928955078125e-07,0.0,0.0,,cfg02_G3_D32,2.171714791969862,cuda
evaluation,1414,868,Warm A,-0.00232701119966805,0.1111111119389534,0.10299091041088104,0.8024691358024691,1.1920928955078125e-07,0.23674528300762177,0.5839463472366333,,cfg02_G3_D32,2.171714791969862,cuda
evaluation,1414,868,Warm B,-0.00513055082410574,0.1111111119389534,0.11244383454322815,0.8024691358024691,1.1920928955078125e-07,0.4018380641937256,0.5293516516685486,,cfg02_G3_D32,2.171714791969862,cuda
evaluation,1414,868,Warm C,-0.005549120716750622,0.1111110970377922,0.11267361044883728,0.8148148148148148,3.5762786865234375e-07,0.512553870677948,0.6034437417984009,,cfg02_G3_D32,2.171714791969862,cuda
evaluation,1419,870,Cold,-0.004825674928724766,0.1111111119389534,0.11796831339597702,0.7777777777777778,2.384185791015625e-07,0.0,0.0,,cfg02_G3_D32,2.171714791969862,cuda
evaluation,1419,870,Warm A,-0.004278126638382673,0.1111111119389534,0.12156154215335846,0.7530864197530864,1.7881393432617188e-07,0.2294539511203766,0.5525766611099243,,cfg02_G3_D32,2.171714791969862,cuda
evaluation,1419,870,Warm B,-0.0009833439253270626,0.111111119389534,0.10701961815357208,0.8148148148148148,2.384185791015625e-07,0.33405664563179016,0.43501272797584534,,cfg02_G3_D32,2.171714791969862,cuda
evaluation,1419,870,Warm C,-0.0009956331923604012,0.1111111119389534,0.10892443358898163,0.7777777777777778,1.7881393432617188e-07,0.43198248744010925,0.4576365053653717,,cfg02_G3_D32,2.171714791969862,cuda
evaluation,1425,872,Cold,-0.0014027408324182034,0.1111111119389534,0.09696559607982635,0.9012345679012346,1.1920928955078125e-07,0.0,0.0,,cfg02_G3_D32,2.171714791969862,cuda
evaluation,1425,872,Warm A,0.002340862760320306,0.1111111119389534,0.09815395623445511,0.8518518518518519,5.960464477539063e-08,0.22573965787887573,0.659688413143158,,cfg02_G3_D32,2.171714791969862,cuda
evaluation,1425,872,Warm B,0.0066971625201404095,0.1111111119389534,0.10914452373981476,0.7530864197530864,1.1920928955078125e-07,0.23617959022521973,0.5721048712730408,,cfg02_G3_D32,2.171714791969862,cuda
evaluation,1425,872,Warm C,0.0015741545939818025,0.1111111119389534,0.09909605234861374,0.8024691358024691,1.1920928955078125e-07,0.2829919755458832,0.647691547870636,,cfg02_G3_D32,2.171714791969862,cuda
evaluation,1432,875,Cold,0.0009882869198918343,0.111111119389534,0.09360794723033905,0.8395061728395061,1.1920928955078125e-07,0.0,0.0,,cfg02_G3_D32,2.171714791969862,cuda
evaluation,1432,875,Warm A,0.004907861351966858,0.111111119389534,0.10404634475708008,0.7530864197530864,1.1920928955078125e-07,0.23816199600696564,0.4231789708137512,,cfg02_G3_D32,2.171714791969862,cuda
evaluation,1432,875,Warm B,0.010143368504941463,0.1111111119389534,0.1240430399775505,0.6666666666666666,1.1920928955078125e-07,0.39469531178474426,0.3410215377807617,,cfg02_G3_D32,2.171714791969862,cuda
evaluation,1432,875,Warm C,0.006401116494089365,0.1111111119389534,0.10519572347402573,0.7530864197530864,1.1920928955078125e-07,0.3862279951572418,0.5650271773338318,,cfg02_G3_D32,2.171714791969862,cuda
evaluation,1440,877,Cold,-0.0019401790341362357,0.1111111119389534,0.09567032754421234,0.8765432098765432,1.1920928955078125e-07,0.0,0.0,,cfg02_G3_D32,2.171714791969862,cuda
evaluation,1440,877,Warm A,0.0024864175356924534,0.1111110970377922,0.09713632613420486,0.8024691358024691,2.384185791015625e-07,0.23876963555812836,0.545590341091156,,cfg02_G3_D32,2.171714791969862,cuda
evaluation,1440,877,Warm B,0.005172785837203264,0.1111111119389534,0.1116352379322052,0.7283950617283951,1.1920928955078125e-07,0.39036011695861816,0.5198185443878174,,cfg02_G3_D32,2.171714791969862,cuda
evaluation,1440,877,Warm C,0.008803789503872395,0.1111111119389534,0.12764374911785126,0.6666666666666666,2.384185791015625e-07,0.5419718623161316,0.340943306684494,,cfg02_G3_D32,2.171714791969862,cuda
evaluation,1442,879,Cold,-0.0024771452881395817,0.1111111119389534,0.10645808279514313,0.8024691358024691,1.1920928955078125e-07,0.0,0.0,,cfg02_G3_D32,2.171714791969862,cuda
evaluation,1442,879,Warm A,0.0034134292509406805,0.1111110970377922,0.10321063548326492,0.7654320987654321,2.384185791015625e-07,0.23600195348262787,0.5329757332801819,,cfg02_G3_D32,2.171714791969862,cuda
evaluation,1442,879,Warm B,0.001588841318152845,0.1111111119389534,0.10558603703975677,0.8271604938271605,2.384185791015625e-07,0.34370288252830505,0.6117104887962341,,cfg02_G3_D32,2.171714791969862,cuda
evaluation,1442,879,Warm C,0.00572076253592968,0.1111111119389534,0.1040240228176117,0.7654320987654321,1.1920928955078125e-07,0.45809605717658997,0.5857400894165039,,cfg02_G3_D32,2.171714791969862,cuda
evaluation,1445,880,Cold,-0.0013276509707793593,0.1111111119389534,0.10043089836835861,0.8395061728395061,1.1920928955078125e-07,0.0,0.0,,cfg02_G3_D32,2.171714791969862,cuda
evaluation,1445,880,Warm A,0.004160422366112471,0.1111111119389534,0.10213295370340347,0.7901234567901234,1.1920928955078125e-07,0.23812136054039001,0.5219969749450684,,cfg02_G3_D32,2.171714791969862,cuda
evaluation,1445,880,Warm B,0.009584518149495125,0.1111111119389534,0.11424577981233597,0.7037037037037037,1.1920928955078125e-07,0.4179890751838684,0.34813791513442993,,cfg02_G3_D32,2.171714791969862,cuda
evaluation,1445,880,Warm C,0.015334956347942352,0.1111111119389534,0.13396784663200378,0.6790123456790124,2.384185791015625e-07,0.5744752883911133,0.24591389298439026,,cfg02_G3_D32,2.171714791969862,cuda
evaluation,1446,881,Cold,-0.0013602179242298007,0.1111111119389534,0.09701359272003174,0.8765432098765432,2.384185791015625e-07,0.0,0.0,,cfg02_G3_D32,2.171714791969862,cuda
evaluation,1446,881,Warm A,-0.005237808916717768,0.1111111119389534,0.11356440931558609,0.8271604938271605,2.384185791015625e-07,0.2500534951686859,0.6243172287940979,,cfg02_G3_D32,2.171714791969862,cuda
evaluation,1446,881,Warm B,-0.007132347207516432,0.1111111119389534,0.12270356714725494,0.7160493827160493,2.980232238769531e-07,0.39736321568489075,0.47391563653945923,,cfg02_G3_D32,2.171714791969862,cuda
evaluation,1446,881,Warm C,-0.007886221632361412,0.1111111119389534,0.11884186416864395,0.7407407407407407,2.384185791015625e-07,0.43931010365486145,0.4616510570049286,,cfg02_G3_D32,2.171714791969862,cuda
evaluation,1453,883,Cold,-0.0015129592502489686,0.1111111119389534,0.09555914998054504,0.8888888888888888,1.1920928955078125e-07,0.0,0.0,,cfg02_G3_D32,2.171714791969862,cuda
evaluation,1453,883,Warm A,0.001538771903142333,0.1111111119389534,0.10197377949953079,0.8271604938271605,2.384185791015625e-07,0.23799040913581848,0.615315854549408,,cfg02_G3_D32,2.171714791969862,cuda
evaluation,1453,883,Warm B,0.0054559046402573586,0.111111119389534,0.11547154188156128,0.6790123456790124,2.384185791015625e-07,0.42460745573043823,0.4097648561000824,,cfg02_G3_D32,2.171714791969862,cuda
evaluation,1453,883,Warm C,0.004708659369498491,0.1111111119389534,0.11056523770093918,0.7283950617283951,5.960464477539063e-08,0.43347543478012085,0.3370346128940582,,cfg02_G3_D32,2.171714791969862,cuda
evaluation,1454,884,Cold,-0.000991628970950842,0.1111110970377922,0.09594421833753586,0.8888888888888888,1.1920928955078125e-07,0.0,0.0,,cfg02_G3_D32,2.171714791969862,cuda
evaluation,1454,884,Warm A,0.003761444240808487,0.1111111119389534,0.09400390833616257,0.7901234567901234,1.1920928955078125e-07,0.22134749591350555,0.49683019518852234,,cfg02_G3_D32,2.171714791969862,cuda
evaluation,1454,884,Warm B,0.0085183409973979,0.111111119389534,0.10995355993509293,0.7407407407407407,1.1920928955078125e-07,0.38117149472236633,0.4376559257507324,,cfg02_G3_D32,2.171714791969862,cuda
evaluation,1454,884,Warm C,0.002748653758317232,0.1111110970377922,0.09528376162052155,0.7901234567901234,1.7881393432617188e-07,0.3573174774646759,0.8173276782035828,,cfg02_G3_D32,2.171714791969862,cuda
evaluation,1456,885,Cold,-0.0013809007359668612,0.1111110970377922,0.09816072881221771,0.8765432098765432,2.980232238769531e-07,0.0,0.0,,cfg02_G3_D32,2.171714791969862,cuda
evaluation,1456,885,Warm A,0.0016419915482401848,0.1111110970377922,0.10358037799596786,0.8148148148148148,1.7881393432617188e-07,0.2465936690568924,0.6967024207115173,,cfg02_G3_D32,2.171714791969862,cuda
evaluation,1456,885,Warm B,0.004165350459516048,0.1111111119389534,0.11462652683258057,0.7037037037037037,2.384185791015625e-07,0.43380627036094666,0.6579746603965759,,cfg02_G3_D32,2.171714791969862,cuda
evaluation,1456,885,Warm C,0.006612239871174097,0.1111110970377922,0.12713336944580078,0.6296296296296297,1.1920928955078125e-07,0.6510282158851624,0.4293685853481293,,cfg02_G3_D32,2.171714791969862,cuda
evaluation,1460,888,Cold,0.000553006015252322,0.1111111119389534,0.08690030127763748,0.9012345679012346,2.384185791015625e-07,0.0,0.0,,cfg02_G3_D32,2.171714791969862,cuda
evaluation,1460,888,Warm A,0.00420492235571146,0.1111111119389534,0.10156550258398056,0.8024691358024691,1.7881393432617188e-07,0.22818292677402496,0.5152477025985718,,cfg02_G3_D32,2.171714791969862,cuda
evaluation,1460,888,Warm B,0.005645709112286568,0.1111110970377922,0.11503079533576965,0.7160493827160493,2.384185791015625e-07,0.3206315338611603,0.5356852412223816,,cfg02_G3_D32,2.171714791969862,cuda
evaluation,1460,888,Warm C,0.005470269359648228,0.1111111119389534,0.10849592089653015,0.7654320987654321,1.7881393432617188e-07,0.462378591299057,0.43147754669189453,,cfg02_G3_D32,2.171714791969862,cuda
evaluation,1464,890,Cold,-0.0026348570827394724,0.1111111119389534,0.10730528831481934,0.7777777777777778,1.1920928955078125e-07,0.0,0.0,,cfg02_G3_D32,2.171714791969862,cuda
evaluation,1464,890,Warm A,-0.006667664740234613,0.111111119389534,0.12509876489639282,0.7160493827160493,1.1920928955078125e-07,0.24571816623210907,0.6838375926017761,,cfg02_G3_D32,2.171714791969862,cuda
evaluation,1464,890,Warm B,-0.0019298531115055084,0.1111111119389534,0.11216924339532852,0.7407407407407407,1.1920928955078125e-07,0.2530396282672882,0.63910311460495,,cfg02_G3_D32,2.171714791969862,cuda
evaluation,1464,890,Warm C,-0.0037778071127831936,0.1111111119389534,0.120062917470932,0.7777777777777778,1.1920928955078125e-07,0.38540393114089966,0.7376023530960083,,cfg02_G3_D32,2.171714791969862,cuda
evaluation,1465,891,Cold,-0.0024771448224782944,0.1111111119389534,0.10645807534456253,0.8024691358024691,1.1920928955078125e-07,0.0,0.0,,cfg02_G3_D32,2.171714791969862,cuda
evaluation,1465,891,Warm A,-0.004000839777290821,0.1111111119389534,0.1146421805024147,0.7777777777777778,2.384185791015625e-07,0.2170594334602356,0.6590027213096619,,cfg02_G3_D32,2.171714791969862,cuda
evaluation,1465,891,Warm B,0.0006262079696170986,0.1111111119389534,0.10514979809522629,0.8024691358024691,1.1920928955078125e-07,0.2825285494327545,0.46250542998313904,,cfg02_G3_D32,2.171714791969862,cuda
evaluation,1465,891,Warm C,0.00518120639026165,0.1111111119389534,0.10612243413925171,0.7530864197530864,2.384185791015625e-07,0.39309149980545044,0.5070983171463013,,cfg02_G3_D32,2.171714791969862,cuda
evaluation,1468,893,Cold,-0.0017671448877081275,0.1111111119389534,0.09714390337467194,0.8888888888888888,1.1920928955078125e-07,0.0,0.0,,cfg02_G3_D32,2.171714791969862,cuda
evaluation,1468,893,Warm A,0.0010892597492784262,0.111111119389534,0.10070235282182693,0.8395061728395061,1.7881393432617188e-07,0.23159301280975342,0.6781108975410461,,cfg02_G3_D32,2.171714791969862,cuda
evaluation,1468,893,Warm B,0.0050336080603301525,0.1111111119389534,0.10767826437950134,0.7407407407407407,1.1920928955078125e-07,0.36818093061447144,0.5681409239768982,,cfg02_G3_D32,2.171714791969862,cuda
evaluation,1468,893,Warm C,0.0009251803276129067,0.1111111119389534,0.09818702191114426,0.8148148148148148,1.7881393432617188e-07,0.3193105161190033,0.48982420563697815,,cfg02_G3_D32,2.171714791969862,cuda
evaluation,1474,894,Cold,9.748210868565366e-05,0.1111111119389534,0.08524799346923828,0.9135802469135802,2.384185791015625e-07,0.0,0.0,,cfg02_G3_D32,2.171714791969862,cuda
evaluation,1474,894,Warm A,0.003239166922867298,0.1111111119389534,0.09672843664884567,0.8024691358024691,1.7881393432617188e-07,0.24799060821533203,0.3973005712032318,,cfg02_G3_D32,2.171714791969862,cuda
evaluation,1474,894,Warm B,0.007028472144156694,0.1111110970377922,0.10867409408092499,0.7530864197530864,1.1920928955078125e-07,0.34404876828193665,0.48589807748794556,,cfg02_G3_D32,2.171714791969862,cuda
evaluation,1474,894,Warm C,0.012332694604992867,0.1111110970377922,0.13145430386066437,0.6790123456790124,1.1920928955078125e-07,0.4578206241130829,0.13197921216487885,,cfg02_G3_D32,2.171714791969862,cuda
evaluation,1475,895,Cold,-0.0013613830087706447,0.1111111119389534,0.0901264026761055,0.9135802469135802,1.1920928955078125e-07,0.0,0.0,,cfg02_G3_D32,2.171714791969862,cuda
evaluation,1475,895,Warm A,0.002701445948332548,0.1111111119389534,0.09663721919059753,0.8395061728395061,2.384185791015625e-07,0.24024537205696106,0.6627593040466309,,cfg02_G3_D32,2.171714791969862,cuda
evaluation,1475,895,Warm B,5.2199411584297195e-05,0.1111111119389534,0.09219909459352493,0.8765432098765432,1.1920928955078125e-07,0.2747316062450409,0.45071157813072205,,cfg02_G3_D32,2.171714791969862,cuda
evaluation,1475,895,Warm C,0.00279168295674026,0.1111110970377922,0.09279944002628326,0.8888888888888888,1.1920928955078125e-07,0.35256630182266235,0.6677872538566589,,cfg02_G3_D32,2.171714791969862,cuda
evaluation,1482,899,Cold,-0.002459342358633876,0.1111111119389534,0.10405122488737106,0.8271604938271605,2.384185791015625e-07,0.0,0.0,,cfg02_G3_D32,2.171714791969862,cuda
evaluation,1482,899,Warm A,3.34575233864598e-05,0.1111110970377922,0.09748409688472748,0.7901234567901234,2.384185791015625e-07,0.2229548841714859,0.5370573997497559,,cfg02_G3_D32,2.171714791969862,cuda
evaluation,1482,899,Warm B,0.005910031031817198,0.1111111119389534,0.09904908388853073,0.7654320987654321,2.384185791015625e-07,0.30117714405059814,0.539020836353302,,cfg02_G3_D32,2.171714791969862,cuda
evaluation,1482,899,Warm C,0.004030283540487289,0.111111119389534,0.09824033826589584,0.8024691358024691,1.7881393432617188e-07,0.4498983919620514,0.5046834945678711,,cfg02_G3_D32,2.171714791969862,cuda
evaluation,1483,900,Cold,-0.002098529366776347,0.111111119389534,0.10458584874868393,0.7901234567901234,1.1920928955078125e-07,0.0,0.0,,cfg02_G3_D32,2.171714791969862,cuda
evaluation,1483,900,Warm A,0.0023191641084849834,0.1111111119389534,0.10328103601932526,0.7901234567901234,1.1920928955078125e-07,0.2496154010295868,0.6218311190605164,,cfg02_G3_D32,2.171714791969862,cuda
evaluation,1483,900,Warm B,0.00559439230710268,0.1111111119389534,0.1137264221906662,0.7283950617283951,1.1920928955078125e-07,0.3856167495250702,0.46194717288017273,,cfg02_G3_D32,2.171714791969862,cuda
evaluation,1483,900,Warm C,0.0061049205251038074,0.111111119389534,0.11081257462501526,0.7283950617283951,1.1920928955078125e-07,0.3987117409706116,0.5832424759864807,,cfg02_G3_D32,2.171714791969862,cuda
evaluation,1484,901,Cold,-0.0027543571777641773,0.1111111119389534,0.1058383658528328,0.7901234567901234,1.7881393432617188e-07,0.0,0.0,,cfg02_G3_D32,2.171714791969862,cuda
evaluation,1484,901,Warm A,-0.004116711672395468,0.1111111119389534,0.11254309117794037,0.7530864197530864,2.384185791015625e-07,0.23314540088176727,0.49266359210014343,,cfg02_G3_D32,2.171714791969862,cuda
evaluation,1484,901,Warm B,-0.0020289954263716936,0.1111111119389534,0.10902465134859085,0.7530864197530864,1.1920928955078125e-07,0.43538087606430054,0.5343239307403564,,cfg02_G3_D32,2.171714791969862,cuda
evaluation,1484,901,Warm C,0.004243625793606043,0.1111111119389534,0.0993146300315857,0.7777777777777778,2.384185791015625e-07,0.40817826986312866,0.6986242532730103,,cfg02_G3_D32,2.171714791969862,cuda
evaluation,1487,903,Cold,-0.0014653081307187676,0.1111110970377922,0.09437603503465652,0.8888888888888888,2.384185791015625e-07,0.0,0.0,,cfg02_G3_D32,2.171714791969862,cuda
evaluation,1487,903,Warm A,0.004108350723981857,0.1111110970377922,0.09891753643751144,0.8024691358024691,2.384185791015625e-07,0.23926855623722076,0.6299546360969543,,cfg02_G3_D32,2.171714791969862,cuda
evaluation,1487,903,Warm B,0.005157242063432932,0.1111110970377922,0.1014009639620781,0.8024691358024691,1.7881393432617188e-07,0.41055622696876526,0.543508768081665,,cfg02_G3_D32,2.171714791969862,cuda
evaluation,1487,903,Warm C,0.009718704037368298,0.1111111119389534,0.11169732362031937,0.7283950617283951,2.384185791015625e-07,0.48710012435913086,0.43713846802711487,,cfg02_G3_D32,2.171714791969862,cuda
evaluation,1498,905,Cold,-0.0018623055657371879,0.111111119389534,0.09927854686975479,0.8395061728395061,2.384185791015625e-07,0.0,0.0,,cfg02_G3_D32,2.171714791969862,cuda
evaluation,1498,905,Warm A,0.0030055660754442215,0.1111111119389534,0.09924443811178207,0.7777777777777778,2.384185791015625e-07,0.2280210554599762,0.5806676745414734,,cfg02_G3_D32,2.171714791969862,cuda
evaluation,1498,905,Warm B,0.0006231614388525486,0.1111111119389534,0.09471740573644638,0.8271604938271605,2.384185791015625e-07,0.37838974595069885,0.5026894807815552,,cfg02_G3_D32,2.171714791969862,cuda
evaluation,1498,905,Warm C,0.004174605943262577,0.1111110970377922,0.10431787371635437,0.7530864197530864,1.1920928955078125e-07,0.46790018677711487,0.5368248224258423,,cfg02_G3_D32,2.171714791969862,cuda
evaluation,1503,908,Cold,-0.0015169419348239899,0.1111110970377922,0.09879586845636368,0.9012345679012346,1.1920928955078125e-07,0.0,0.0,,cfg02_G3_D32,2.171714791969862,cuda
evaluation,1503,908,Warm A,0.0022700116969645023,0.1111111119389534,0.10302318632602692,0.8271604938271605,1.7881393432617188e-07,0.239566832780838,0.5541787147521973,,cfg02_G3_D32,2.171714791969862,cuda
evaluation,1503,908,Warm B,0.006233232095837593,0.1111111119389534,0.1132851243019104,0.7160493827160493,1.1920928955078125e-07,0.4499134421348572,0.32710734009742737,,cfg02_G3_D32,2.171714791969862,cuda
evaluation,1503,908,Warm C,0.008388684131205082,0.1111111119389534,0.12076719105243683,0.6790123456790124,1.1920928955078125e-07,0.48029226064682007,0.36825594305992126,,cfg02_G3_D32,2.171714791969862,cuda
evaluation,1515,910,Cold,-0.0016990823205560446,0.1111111119389534,0.10325926542282104,0.8148148148148148,1.1920928955078125e-07,0.0,0.0,,cfg02_G3_D32,2.171714791969862,cuda
evaluation,1515,910,Warm A,0.004792402032762766,0.1111111119389534,0.10633255541324615,0.7407407407407407,1.1920928955078125e-07,0.2417571097612381,0.6153632402420044,,cfg02_G3_D32,2.171714791969862,cuda
evaluation,1515,910,Warm B,0.010419711470603943,0.1111110970377922,0.11463857442140579,0.691358024691358,1.1920928955078125e-07,0.41659438610076904,0.2675143778324127,,cfg02_G3_D32,2.171714791969862,cuda
evaluation,1515,910,Warm C,0.008506800048053265,0.1111111119389534,0.10627426952123642,0.7530864197530864,1.1920928955078125e-07,0.4858284294605255,0.3157258927822113,,cfg02_G3_D32,2.171714791969862,cuda
evaluation,1526,913,Cold,-0.001963127637282014,0.1111111119389534,0.1016143187880516,0.8641975308641975,1.1920928955078125e-07,0.0,0.0,,cfg02_G3_D32,2.171714791969862,cuda
evaluation,1526,913,Warm A,0.0031038536690175533,0.1111111119389534,0.10114000737667084,0.8395061728395061,2.384185791015625e-07,0.2357536256313324,0.5312494039535522,,cfg02_G3_D32,2.171714791969862,cuda
evaluation,1526,913,Warm B,0.006396347191184759,0.1111111119389534,0.11051693558692932,0.7407407407407407,2.384185791015625e-07,0.3747568428516388,0.47489315271377563,,cfg02_G3_D32,2.171714791969862,cuda
evaluation,1526,913,Warm C,0.009627548046410084,0.1111110970377922,0.12541380524635315,0.6419753086419753,2.384185791015625e-07,0.5300567746162415,0.3520779311656952,,cfg02_G3_D32,2.171714791969862,cuda
evaluation,1535,915,Cold,-0.002043568529188633,0.111111119389534,0.0993877500295639,0.8518518518518519,1.1920928955078125e-07,0.0,0.0,,cfg02_G3_D32,2.171714791969862,cuda
evaluation,1535,915,Warm A,-0.002941078506410122,0.1111111119389534,0.1007305309176445,0.8641975308641975,1.1920928955078125e-07,0.2364886999130249,0.6299909949302673,,cfg02_G3_D32,2.171714791969862,cuda
evaluation,1535,915,Warm B,-0.004907059017568827,0.1111111119389534,0.11480065435171127,0.8271604938271605,1.7881393432617188e-07,0.23329828679561615,0.6297155022621155,,cfg02_G3_D32,2.171714791969862,cuda
evaluation,1535,915,Warm C,-0.003806848544627428,0.1111110970377922,0.10640039294958115,0.8395061728395061,1.1920928955078125e-07,0.2727888524532318,0.5704207420349121,,cfg02_G3_D32,2.171714791969862,cuda
evaluation,1545,920,Cold,-0.0028174561448395252,0.111111119389534,0.10813353955745697,0.7901234567901234,2.384185791015625e-07,0.0,0.0,,cfg02_G3_D32,2.171714791969862,cuda
evaluation,1545,920,Warm A,-0.007475017569959164,0.1111111119389534,0.12423765659332275,0.7283950617283951,1.7881393432617188e-07,0.24128997325897217,0.5298663973808289,,cfg02_G3_D32,2.171714791969862,cuda
evaluation,1545,920,Warm B,-0.008726926520466805,0.1111111119389534,0.12967723608016968,0.7037037037037037,2.384185791015625e-07,0.34075602889060974,0.4098021686077118,,cfg02_G3_D32,2.171714791969862,cuda
evaluation,1545,920,Warm C,-0.009759781882166862,0.1111111119389534,0.13231748342514038,0.7283950617283951,2.384185791015625e-07,0.433187872171402,0.6218253970146179,,cfg02_G3_D32,2.171714791969862,cuda
evaluation,1550,921,Cold,-0.0010591077152639627,0.1111111119389534,0.09384232014417648,0.8888888888888888,2.384185791015625e-07,0.0,0.0,,cfg02_G3_D32,2.171714791969862,cuda
evaluation,1550,921,Warm A,0.002660485915839672,0.111111119389534,0.100677490234375,0.8148148148148148,2.384185791015625e-07,0.2343309372663498,0.5807806849479675,,cfg02_G3_D32,2.171714791969862,cuda
evaluation,1550,921,Warm B,0.0022572658490389585,0.1111111119389534,0.10384050011634827,0.8024691358024691,2.384185791015625e-07,0.31434035301208496,0.5353975296020508,,cfg02_G3_D32,2.171714791969862,cuda
evaluation,1550,921,Warm C,0.007174389436841011,0.1111111119389534,0.11542913317680359,0.7037037037037037,1.1920928955078125e-07,0.413565069437027,0.35666191577911377,,cfg02_G3_D32,2.171714791969862,cuda
evaluation,1554,923,Cold,-0.001911711529828608,0.1111111119389534,0.0950118750333786,0.8888888888888888,1.1920928955078125e-07,0.0,0.0,,cfg02_G3_D32,2.171714791969862,cuda
evaluation,1554,923,Warm A,-0.003965963609516621,0.1111111119389534,0.10188373178243637,0.8641975308641975,2.384185791015625e-07,0.19472002983093262,0.640637218952179,,cfg02_G3_D32,2.171714791969862,cuda
evaluation,1554,923,Warm B,-0.003086844692006707,0.1111111119389534,0.09169252216815948,0.8765432098765432,1.1920928955078125e-07,0.279649555683136,0.5472569465637207,,cfg02_G3_D32,2.171714791969862,cuda
evaluation,1554,923,Warm C,-0.00396709842607379,0.1111111119389534,0.0934436246752739,0.9012345679012346,2.384185791015625e-07,0.384647011756897,0.5291452407836914,,cfg02_G3_D32,2.171714791969862,cuda
evaluation,1592,937,Cold,0.0008070069015957415,0.1111111119389534,0.08457250893115997,0.9135802469135802,2.384185791015625e-07,0.0,0.0,,cfg02_G3_D32,2.171714791969862,cuda
evaluation,1592,937,Warm A,0.005722369067370892,0.1111111119389534,0.09779984503984451,0.7777777777777778,1.1920928955078125e-07,0.24230121076107025,0.5500190258026123,,cfg02_G3_D32,2.171714791969862,cuda
evaluation,1592,937,Warm B,0.010044545866549015,0.1111111119389534,0.1169271171092987,0.7283950617283951,2.384185791015625e-07,0.4342086911201477,0.3082047998905182,,cfg02_G3_D32,2.171714791969862,cuda
evaluation,1592,937,Warm C,0.006226674187928438,0.1111111119389534,0.10871651023626328,0.7407407407407407,2.384185791015625e-07,0.5811838507652283,0.5532108545303345,,cfg02_G3_D32,2.171714791969862,cuda
evaluation,1593,938,Cold,0.0005468025337904692,0.1111111119389534,0.08533421903848648,0.9259259259259259,1.1920928955078125e-07,0.0,0.0,,cfg02_G3_D32,2.171714791969862,cuda
evaluation,1593,938,Warm A,0.003308164421468973,0.1111111119389534,0.0989765077829361,0.8271604938271605,1.1920928955078125e-07,0.23909948766231537,0.536137580871582,,cfg02_G3_D32,2.171714791969862,cuda
evaluation,1593,938,Warm B,0.00797196477651596,0.1111110970377922,0.11122604459524155,0.7654320987654321,2.384185791015625e-07,0.3017607629299164,0.5196806192398071,,cfg02_G3_D32,2.171714791969862,cuda
evaluation,1593,938,Warm C,0.011657336726784706,0.1111111119389534,0.12545481324195862,0.6790123456790124,1.1920928955078125e-07,0.3989816904067993,0.4726353585720062,,cfg02_G3_D32,2.171714791969862,cuda
evaluation,1595,940,Cold,0.001849200576543808,0.1111111119389534,0.08475761860609055,0.9012345679012346,1.1920928955078125e-07,0.0,0.0,,cfg02_G3_D32,2.171714791969862,cuda
evaluation,1595,940,Warm A,0.005714556202292442,0.1111111119389534,0.10491185635328293,0.7777777777777778,1.7881393432617188e-07,0.2382104992866516,0.3718293011188507,,cfg02_G3_D32,2.171714791969862,cuda
evaluation,1595,940,Warm B,0.0111229307949543,0.1111111119389534,0.12472405284643173,0.6790123456790124,2.384185791015625e-07,0.44351720809936523,0.236800417304039,,cfg02_G3_D32,2.171714791969862,cuda
evaluation,1595,940,Warm C,0.015699690207839012,0.1111111119389534,0.14251673221588135,0.5925925925925926,2.384185791015625e-07,0.5947445631027222,0.2633090019226074,,cfg02_G3_D32,2.171714791969862,cuda
evaluation,1598,942,Cold,-0.0020568890031427145,0.1111111119389534,0.10742026567459106,0.7777777777777778,5.960464477539063e-08,0.0,0.0,,cfg02_G3_D32,2.171714791969862,cuda
evaluation,1598,942,Warm A,0.0036530394572764635,0.1111110970377922,0.10814493894577026,0.7530864197530864,1.1920928955078125e-07,0.247605562210083,0.6174309849739075,,cfg02_G3_D32,2.171714791969862,cuda
evaluation,1598,942,Warm B,0.009438522160053253,0.1111111119389534,0.11780320107936859,0.691358024691358,1.1920928955078125e-07,0.4358989894390106,0.3558882176876068,,cfg02_G3_D32,2.171714791969862,cuda
evaluation,1598,942,Warm C,0.014603739604353905,0.1111111119389534,0.12971003353595734,0.654320987654321,1.1920928955078125e-07,0.606952428817749,0.36857181787490845,,cfg02_G3_D32,2.171714791969862,cuda
evaluation,1599,943,Cold,0.0017616908298805356,0.1111110970377922,0.09127254039049149,0.8518518518518519,1.7881393432617188e-07,0.0,0.0,,cfg02_G3_D32,2.171714791969862,cuda
evaluation,1599,943,Warm A,0.008032386191189289,0.1111111119389534,0.10798439383506775,0.7777777777777778,1.1920928955078125e-07,0.24571041762828827,0.3154095709323883,,cfg02_G3_D32,2.171714791969862,cuda
evaluation,1599,943,Warm B,0.013537059538066387,0.1111111119389534,0.12682797014713287,0.6296296296296297,1.1920928955078125e-07,0.43732622265815735,0.2825402319431305,,cfg02_G3_D32,2.171714791969862,cuda
evaluation,1599,943,Warm C,0.015864089131355286,0.1111111119389534,0.1331360936164856,0.6419753086419753,2.384185791015625e-07,0.5803817510604858,0.27096280455589294,,cfg02_G3_D32,2.171714791969862,cuda
evaluation,1600,944,Cold,-0.0008635623962618411,0.1111111119389534,0.0918155238032341,0.8888888888888888,3.5762786865234375e-07,0.0,0.0,,cfg02_G3_D32,2.171714791969862,cuda
evaluation,1600,944,Warm A,0.0029992307536303997,0.1111111119389534,0.09520267695188522,0.8148148148148148,1.1920928955078125e-07,0.21597279608249664,0.6578554511070251,,cfg02_G3_D32,2.171714791969862,cuda
evaluation,1600,944,Warm B,0.0027027134783566,0.1111111119389534,0.09896884113550186,0.7901234567901234,1.7881393432617188e-07,0.33807116746902466,0.6934559941291809,,cfg02_G3_D32,2.171714791969862,cuda
evaluation,1600,944,Warm C,-0.00023421838704962283,0.1111110970377922,0.10315044224262238,0.8024691358024691,2.384185791015625e-07,0.4581548869609833,0.5868369936943054,,cfg02_G3_D32,2.171714791969862,cuda
evaluation,1601,945,Cold,-0.0022617573849856853,0.1111111119389534,0.10527123510837555,0.8148148148148148,2.384185791015625e-07,0.0,0.0,,cfg02_G3_D32,2.171714791969862,cuda
evaluation,1601,945,Warm A,0.004112903494387865,0.1111111119389534,0.10225825011730194,0.7530864197530864,1.1920928955078125e-07,0.2438042163848877,0.43281933665275574,,cfg02_G3_D32,2.171714791969862,cuda
evaluation,1601,945,Warm B,0.01030794158577919,0.1111111119389534,0.11461430042982101,0.7160493827160493,1.1920928955078125e-07,0.4210909307003021,0.3974120318889618,,cfg02_G3_D32,2.171714791969862,cuda
evaluation,1601,945,Warm C,0.01201537810266018,0.1111111119389534,0.12487641721963882,0.6790123456790124,1.1920928955078125e-07,0.50978684425354,0.3210548460483551,,cfg02_G3_D32,2.171714791969862,cuda
evaluation,1604,947,Cold,0.001584386802278459,0.1111111119389534,0.0896335244178772,0.8641975308641975,2.384185791015625e-07,0.0,0.0,,cfg02_G3_D32,2.171714791969862,cuda
evaluation,1604,947,Warm A,0.006860485766083002,0.111111119389534,0.1062258705496788,0.7530864197530864,1.1920928955078125e-07,0.2333974540233612,0.30710670351982117,,cfg02_G3_D32,2.171714791969862,cuda
evaluation,1604,947,Warm B,0.004053926561027765,0.1111111119389534,0.09284241497516632,0.8518518518518519,1.1920928955078125e-07,0.33005955815315247,0.41933318972587585,,cfg02_G3_D32,2.171714791969862,cuda
evaluation,1604,947,Warm C,0.008968334645032883,0.1111110970377922,0.11462840437889099,0.7530864197530864,1.1920928955078125e-07,0.36806777119636536,0.34408530592918396,,cfg02_G3_D32,2.171714791969862,cuda
evaluation,1605,948,Cold,-1.681439607637003e-05,0.1111111119389534,0.08891494572162628,0.9012345679012346,2.384185791015625e-07,0.0,0.0,,cfg02_G3_D32,2.171714791969862,cuda
evaluation,1605,948,Warm A,0.005491182673722506,0.1111110970377922,0.10156997293233871,0.7654320987654321,1.1920928955078125e-07,0.23084799945354462,0.5601881146430969,,cfg02_G3_D32,2.171714791969862,cuda
evaluation,1605,948,Warm B,0.009988741017878056,0.1111111119389534,0.12007531523704529,0.6666666666666666,1.1920928955078125e-07,0.4108145833015442,0.3601699471473694,,cfg02_G3_D32,2.171714791969862,cuda
evaluation,1605,948,Warm C,0.0030091076623648405,0.111111119389534,0.10200939327478409,0.7283950617283951,1.1920928955078125e-07,0.4116930067539215,0.6155211329460144,,cfg02_G3_D32,2.171714791969862,cuda
evaluation,1606,949,Cold,0.00026101453113369644,0.1111111119389534,0.0921417772769928,0.8641975308641975,1.1920928955078125e-07,0.0,0.0,,cfg02_G3_D32,2.171714791969862,cuda
evaluation,1606,949,Warm A,0.004057387821376324,0.1111111119389534,0.10536220669746399,0.7530864197530864,1.1920928955078125e-07,0.2454245537519455,0.40045031905174255,,cfg02_G3_D32,2.171714791969862,cuda
evaluation,1606,949,Warm B,0.007927507162094116,0.1111111119389534,0.11104165762662888,0.7530864197530864,1.1920928955078125e-07,0.34873005747795105,0.4173002243041992,,cfg02_G3_D32,2.171714791969862,cuda
evaluation,1606,949,Warm C,0.01164297666400671,0.1111111119389534,0.12598255276679993,0.691358024691358,2.384185791015625e-07,0.45417240262031555,0.4134918749332428,,cfg02_G3_D32,2.171714791969862,cuda
evaluation,1621,959,Cold,-0.0025572332087904215,0.1111111119389534,0.1075524240732193,0.8024691358024691,1.1920928955078125e-07,0.0,0.0,,cfg02_G3_D32,2.171714791969862,cuda
evaluation,1621,959,Warm A,-0.0043623666279017925,0.111111119389534,0.11252523213624954,0.7654320987654321,1.1920928955078125e-07,0.24320492148399353,0.5037914514541626,,cfg02_G3_D32,2.171714791969862,cuda
evaluation,1621,959,Warm B,0.0024127408396452665,0.1111111119389534,0.10168547183275223,0.8024691358024691,1.1920928955078125e-07,0.2603141963481903,0.8244976997375488,,cfg02_G3_D32,2.171714791969862,cuda
evaluation,1621,959,Warm C,0.00451255589723587,0.1111111119389534,0.10276603698730469,0.7654320987654321,1.1920928955078125e-07,0.31093618273735046,0.6550111174583435,,cfg02_G3_D32,2.171714791969862,cuda
evaluation,1623,960,Cold,-0.0004946612752974033,0.1111111119389534,0.07883445918560028,0.9259259259259259,1.1920928955078125e-07,0.0,0.0,,cfg02_G3_D32,2.171714791969862,cuda
evaluation,1623,960,Warm A,0.0036367217544466257,0.1111111119389534,0.0958038941025734,0.8395061728395061,2.384185791015625e-07,0.24796222150325775,0.43107613921165466,,cfg02_G3_D32,2.171714791969862,cuda
evaluation,1623,960,Warm B,0.0081450454890728,0.1111110970377922,0.11437029391527176,0.7283950617283951,1.1920928955078125e-07,0.4376295208930969,0.24460744857788086,,cfg02_G3_D32,2.171714791969862,cuda
evaluation,1623,960,Warm C,0.011211930774152279,0.1111111119389534,0.1292656809091568,0.6296296296296297,1.1920928955078125e-07,0.5886902213096619,0.2645505964756012,,cfg02_G3_D32,2.171714791969862,cuda
evaluation,1626,962,Cold,-0.00012158832396380603,0.1111111119389534,0.09443570673465729,0.8395061728395061,1.7881393432617188e-07,0.0,0.0,,cfg02_G3_D32,2.171714791969862,cuda
evaluation,1626,962,Warm A,0.004487075377255678,0.111111119389534,0.10455849766731262,0.7654320987654321,1.1920928955078125e-07,0.24201084673404694,0.6181764006614685,,cfg02_G3_D32,2.171714791969862,cuda
evaluation,1626,962,Warm B,0.010238200426101685,0.1111111119389534,0.12086650729179382,0.6790123456790124,1.1920928955078125e-07,0.3997325003147125,0.2953433096408844,,cfg02_G3_D32,2.171714791969862,cuda
evaluation,1626,962,Warm C,0.015371299348771572,0.111111119389534,0.1374002993106842,0.6049382716049383,1.1920928955078125e-07,0.4946848750114441,0.26547127962112427,,cfg02_G3_D32,2.171714791969862,cuda
evaluation,1629,964,Cold,-0.0010368985822424293,0.111111119389534,0.0939243733882904,0.8888888888888888,2.384185791015625e-07,0.0,0.0,,cfg02_G3_D32,2.171714791969862,cuda
evaluation,1629,964,Warm A,0.002891247160732746,0.1111111119389534,0.09858045727014542,0.8395061728395061,2.384185791015625e-07,0.22741122543811798,0.583161473274231,,cfg02_G3_D32,2.171714791969862,cuda
evaluation,1629,964,Warm B,0.0032394244335591793,0.111111119389534,0.10301049053668976,0.7901234567901234,2.384185791015625e-07,0.3415202796459198,0.5531687140464783,,cfg02_G3_D32,2.171714791969862,cuda
evaluation,1629,964,Warm C,0.007797108963131905,0.1111111119389534,0.1171206459403038,0.7283950617283951,2.384185791015625e-07,0.39493343234062195,0.3526093065738678,,cfg02_G3_D32,2.171714791969862,cuda
evaluation,1640,968,Cold,-0.0017474429914727807,0.1111111119389534,0.09947428852319717,0.8765432098765432,2.384185791015625e-07,0.0,0.0,,cfg02_G3_D32,2.171714791969862,cuda
evaluation,1640,968,Warm A,0.004207682330161333,0.1111111119389534,0.0998382642865181,0.8271604938271605,2.384185791015625e-07,0.23553529381752014,0.468146413564682,,cfg02_G3_D32,2.171714791969862,cuda
evaluation,1640,968,Warm B,0.007541362661868334,0.11111113429069519,0.11277107149362564,0.7530864197530864,1.1920928955078125e-07,0.4123871326446533,0.3418571650981903,,cfg02_G3_D32,2.171714791969862,cuda
evaluation,1640,968,Warm C,0.010190047323703766,0.1111110970377922,0.12333120405673981,0.6666666666666666,2.384185791015625e-07,0.45881861448287964,0.4372980296611786,,cfg02_G3_D32,2.171714791969862,cuda
evaluation,1642,970,Cold,-0.002208268502727151,0.1111111119389534,0.09941904991865158,0.8395061728395061,2.980232238769531e-07,0.0,0.0,,cfg02_G3_D32,2.171714791969862,cuda
evaluation,1642,970,Warm A,0.002297420520335436,0.1111111119389534,0.09779958426952362,0.8271604938271605,2.384185791015625e-07,0.2347121387720108,0.5767136812210083,,cfg02_G3_D32,2.171714791969862,cuda
evaluation,1642,970,Warm B,0.005290897097438574,0.11111108958721161,0.1034439280629158,0.7654320987654321,1.7881393432617188e-07,0.37532201409339905,0.4208289682865143,,cfg02_G3_D32,2.171714791969862,cuda
evaluation,1642,970,Warm C,0.010897687636315823,0.111111119389534,0.11867737770080566,0.7037037037037037,2.384185791015625e-07,0.5461824536323547,0.42955708503723145,,cfg02_G3_D32,2.171714791969862,cuda
evaluation,1646,974,Cold,-0.0007815977442078292,0.1111111119389534,0.09307178109884262,0.9012345679012346,2.384185791015625e-07,0.0,0.0,,cfg02_G3_D32,2.171714791969862,cuda
evaluation,1646,974,Warm A,0.0042734574526548386,0.1111111119389534,0.10050247609615326,0.7901234567901234,1.1920928955078125e-07,0.22910985350608826,0.4695006310939789,,cfg02_G3_D32,2.171714791969862,cuda
evaluation,1646,974,Warm B,0.008067118935286999,0.1111111119389534,0.11273512989282608,0.7160493827160493,1.1920928955078125e-07,0.36851000785827637,0.5362114310264587,,cfg02_G3_D32,2.171714791969862,cuda
evaluation,1646,974,Warm C,0.005522869061678648,0.1111110970377922,0.1013059988617897,0.7654320987654321,1.1920928955078125e-07,0.3971032500267029,0.5880418419837952,,cfg02_G3_D32,2.171714791969862,cuda
evaluation,1647,975,Cold,-0.0009404293959960341,0.1111111119389534,0.09918826073408127,0.8148148148148148,2.384185791015625e-07,0.0,0.0,,cfg02_G3_D32,2.171714791969862,cuda
evaluation,1647,975,Warm A,0.0055310083553195,0.1111111119389534,0.10335947573184967,0.7777777777777778,2.384185791015625e-07,0.23839464783668518,0.4044927656650543,,cfg02_G3_D32,2.171714791969862,cuda
evaluation,1647,975,Warm B,0.0053674341179430485,0.111111119389534,0.0993499681353569,0.7654320987654321,1.1920928955078125e-07,0.3748877942562103,0.4830731451511383,,cfg02_G3_D32,2.171714791969862,cuda
evaluation,1647,975,Warm C,0.010450799949467182,0.1111111119389534,0.113199383020401,0.7160493827160493,1.7881393432617188e-07,0.5021696090698242,0.40009671449661255,,cfg02_G3_D32,2.171714791969862,cuda
evaluation,1648,976,Cold,-0.0021349654998630285,0.1111111119389534,0.10300744324922562,0.8271604938271605,3.5762786865234375e-07,0.0,0.0,,cfg02_G3_D32,2.171714791969862,cuda
evaluation,1648,976,Warm A,0.0018867960898205638,0.1111111119389534,0.10361975431442261,0.7530864197530864,1.1920928955078125e-07,0.22952789068222046,0.6810998320579529,,cfg02_G3_D32,2.171714791969862,cuda
evaluation,1648,976,Warm B,-0.0038733170367777348,0.1111111119389534,0.10210639238357544,0.7777777777777778,1.1920928955078125e-07,0.2701879143714905,0.582741379737854,,cfg02_G3_D32,2.171714791969862,cuda
evaluation,1648,976,Warm C,-0.007705145515501499,0.1111111119389534,0.11714136600494385,0.7777777777777778,2.384185791015625e-07,0.34503453969955444,0.6118857264518738,,cfg02_G3_D32,2.171714791969862,cuda
evaluation,1649,977,Cold,-0.0021103352773934603,0.1111111119389534,0.09891150891780853,0.8395061728395061,2.384185791015625e-07,0.0,0.0,,cfg02_G3_D32,2.171714791969862,cuda
evaluation,1649,977,Warm A,-0.003358289133757353,0.1111111119389534,0.10260526090860367,0.8024691358024691,2.384185791015625e-07,0.2217220813035965,0.5420427918434143,,cfg02_G3_D32,2.171714791969862,cuda
evaluation,1649,977,Warm B,-0.0068449280224740505,0.1111111119389534,0.11878982186317444,0.7407407407407407,2.384185791015625e-07,0.39761242270469666,0.31893283128738403,,cfg02_G3_D32,2.171714791969862,cuda
evaluation,1649,977,Warm C,-0.0038113994523882866,0.11111108958721161,0.10607466101646423,0.7777777777777778,2.384185791015625e-07,0.3896770179271698,0.7478930354118347,,cfg02_G3_D32,2.171714791969862,cuda
evaluation,1654,979,Cold,-0.0016660250257700682,0.111111119389534,0.09180950373411179,0.9135802469135802,2.384185791015625e-07,0.0,0.0,,cfg02_G3_D32,2.171714791969862,cuda
evaluation,1654,979,Warm A,0.0028613442555069923,0.1111111119389534,0.09166691452264786,0.8518518518518519,1.1920928955078125e-07,0.2424507588148117,0.4443611800670624,,cfg02_G3_D32,2.171714791969862,cuda
evaluation,1654,979,Warm B,-0.003223871113732457,0.1111110970377922,0.09107935428619385,0.9259259259259259,2.384185791015625e-07,0.28751373291015625,0.6057748198509216,,cfg02_G3_D32,2.171714791969862,cuda
evaluation,1654,979,Warm C,0.002490578219294548,0.1111111119389534,0.09224344044923782,0.8395061728395061,1.1920928955078125e-07,0.3792734146118164,0.5979207754135132,,cfg02_G3_D32,2.171714791969862,cuda
evaluation,1655,980,Cold,-0.0007692623184993863,0.1111111119389534,0.08282313495874405,0.9382716049382716,1.1920928955078125e-07,0.0,0.0,,cfg02_G3_D32,2.171714791969862,cuda
evaluation,1655,980,Warm A,0.003988982643932104,0.1111111119389534,0.09438984096050262,0.8518518518518519,1.1920928955078125e-07,0.20824772119522095,0.5372040271759033,,cfg02_G3_D32,2.171714791969862,cuda
evaluation,1655,980,Warm B,0.0048295240849256516,0.1111110970377922,0.09423596411943436,0.8641975308641975,1.1920928955078125e-07,0.32892754673957825,0.4371216893196106,,cfg02_G3_D32,2.171714791969862,cuda
evaluation,1655,980,Warm C,0.00999035406857729,0.1111111119389534,0.11444829404354095,0.7037037037037037,1.1920928955078125e-07,0.3987423777580261,0.34420493245124817,,cfg02_G3_D32,2.171714791969862,cuda
evaluation,1658,981,Cold,-0.0016215366777032614,0.1111111119389534,0.10012687742710114,0.8518518518518519,2.384185791015625e-07,0.0,0.0,,cfg02_G3_D32,2.171714791969862,cuda
evaluation,1658,981,Warm A,-0.004786674398928881,0.1111111119389534,0.11027536541223526,0.8024691358024691,2.384185791015625e-07,0.22766253352165222,0.5872849822044373,,cfg02_G3_D32,2.171714791969862,cuda
evaluation,1658,981,Warm B,-0.0015241142828017473,0.1111110970377922,0.10121312737464905,0.8395061728395061,2.384185791015625e-07,0.20783695578575134,0.7891950011253357,,cfg02_G3_D32,2.171714791969862,cuda
evaluation,1658,981,Warm C,0.003898067632690072,0.1111111119389534,0.10195433348417282,0.7777777777777778,1.7881393432617188e-07,0.28215575218200684,0.5216658115386963,,cfg02_G3_D32,2.171714791969862,cuda
evaluation,1660,982,Cold,-0.0026425356045365334,0.1111111119389534,0.10676712542772293,0.8024691358024691,1.7881393432617188e-07,0.0,0.0,,cfg02_G3_D32,2.171714791969862,cuda
evaluation,1660,982,Warm A,-0.0034778625704348087,0.111111119389534,0.11346516758203506,0.7777777777777778,2.384185791015625e-07,0.20277658104896545,0.5981146097183228,,cfg02_G3_D32,2.171714791969862,cuda
evaluation,1660,982,Warm B,0.0014710202813148499,0.1111110970377922,0.10162171721458435,0.8148148148148148,1.1920928955078125e-07,0.35336753726005554,0.7295901775360107,,cfg02_G3_D32,2.171714791969862,cuda
evaluation,1660,982,Warm C,0.003240694524720311,0.111111119389534,0.10439284890890121,0.8024691358024691,1.1920928955078125e-07,0.44813981652259827,0.7009803056716919,,cfg02_G3_D32,2.171714791969862,cuda
evaluation,1661,983,Cold,-0.0006671292358078063,0.111111119389534,0.10064832121133804,0.7901234567901234,1.1920928955078125e-07,0.0,0.0,,cfg02_G3_D32,2.171714791969862,cuda
evaluation,1661,983,Warm A,0.005319715477526188,0.1111110970377922,0.10513968020677567,0.7407407407407407,1.1920928955078125e-07,0.2413697987794876,0.47093096375465393,,cfg02_G3_D32,2.171714791969862,cuda
evaluation,1661,983,Warm B,0.00736172404140234,0.1111111119389534,0.10572949051856995,0.7654320987654321,1.1920928955078125e-07,0.3763505518436432,0.44087323546409607,,cfg02_G3_D32,2.171714791969862,cuda
evaluation,1661,983,Warm C,0.004914823919534683,0.1111111119389534,0.10259684175252914,0.8148148148148148,2.384185791015625e-07,0.4401088058948517,0.6133610010147095,,cfg02_G3_D32,2.171714791969862,cuda
evaluation,1667,985,Cold,-0.0007641933625563979,0.1111110970377922,0.09471627324819565,0.8518518518518519,1.7881393432617188e-07,0.0,0.0,,cfg02_G3_D32,2.171714791969862,cuda
evaluation,1667,985,Warm A,0.004296128638088703,0.1111111119389534,0.10320290178060532,0.7901234567901234,2.980232238769531e-07,0.22422149777412415,0.683382511138916,,cfg02_G3_D32,2.171714791969862,cuda
evaluation,1667,985,Warm B,0.009266972541809082,0.1111111119389534,0.11621922254562378,0.6790123456790124,2.384185791015625e-07,0.3488435745239258,0.34559911489486694,,cfg02_G3_D32,2.171714791969862,cuda
evaluation,1667,985,Warm C,0.003947313409298658,0.1111111119389534,0.10888872295618057,0.7777777777777778,1.1920928955078125e-07,0.42867234349250793,0.6203368902206421,,cfg02_G3_D32,2.171714791969862,cuda
evaluation,1670,986,Cold,-0.002089389367029071,0.1111111119389534,0.10454096645116806,0.8148148148148148,1.1920928955078125e-07,0.0,0.0,,cfg02_G3_D32,2.171714791969862,cuda
evaluation,1670,986,Warm A,-0.0046297782100737095,0.1111111119389534,0.11353596299886703,0.7777777777777778,2.384185791015625e-07,0.23203791677951813,0.5692271590232849,,cfg02_G3_D32,2.171714791969862,cuda
evaluation,1670,986,Warm B,0.0001438920444343239,0.1111111119389534,0.10238127410411835,0.8148148148148148,2.384185791015625e-07,0.27164825797080994,0.6989989280700684,,cfg02_G3_D32,2.171714791969862,cuda
evaluation,1670,986,Warm C,-0.0006366321467794478,0.1111111119389534,0.10636290907859802,0.8024691358024691,1.1920928955078125e-07,0.35318130254745483,0.637577474117279,,cfg02_G3_D32,2.171714791969862,cuda
evaluation,1681,993,Cold,0.001260087126865983,0.1111111119389534,0.08849722892045975,0.8641975308641975,1.7881393432617188e-07,0.0,0.0,,cfg02_G3_D32,2.171714791969862,cuda
evaluation,1681,993,Warm A,0.006286276504397392,0.111111119389534,0.1044558510184288,0.7654320987654321,1.1920928955078125e-07,0.25047603249549866,0.517619788646698,,cfg02_G3_D32,2.171714791969862,cuda
evaluation,1681,993,Warm B,0.009927485138177872,0.1111111119389534,0.1247333511710167,0.6666666666666666,1.1920928955078125e-07,0.37591105699539185,0.25955531001091003,,cfg02_G3_D32,2.171714791969862,cuda
evaluation,1681,993,Warm C,0.014279971830546856,0.1111111119389534,0.13986241817474365,0.6049382716049383,1.1920928955078125e-07,0.5596804022789001,0.33430930972099304,,cfg02_G3_D32,2.171714791969862,cuda
evaluation,1686,996,Cold,-0.0022614917252212763,0.1111111119389534,0.1047196164727211,0.8148148148148148,1.1920928955078125e-07,0.0,0.0,,cfg02_G3_D32,2.171714791969862,cuda
evaluation,1686,996,Warm A,0.0038709817454218864,0.1111110970377922,0.10285599529743195,0.7654320987654321,1.1920928955078125e-07,0.24710257351398468,0.5835936665534973,,cfg02_G3_D32,2.171714791969862,cuda
evaluation,1686,996,Warm B,0.00989905372262001,0.1111111119389534,0.11180014163255692,0.7283950617283951,2.384185791015625e-07,0.4112875163555145,0.495206743478775,,cfg02_G3_D32,2.171714791969862,cuda
evaluation,1686,996,Warm C,0.004580317996442318,0.1111110970377922,0.1021307110786438,0.7777777777777778,1.7881393432617188e-07,0.3767739236354828,0.6518809199333191,,cfg02_G3_D32,2.171714791969862,cuda
evaluation,1699,1003,Cold,-0.002839249325916171,0.1111110970377922,0.11062198132276535,0.7901234567901234,2.384185791015625e-07,0.0,0.0,,cfg02_G3_D32,2.171714791969862,cuda
evaluation,1699,1003,Warm A,0.001900110743008554,0.1111111119389534,0.10725858807563782,0.7654320987654321,2.384185791015625e-07,0.22797833383083344,0.6756697297096252,,cfg02_G3_D32,2.171714791969862,cuda
evaluation,1699,1003,Warm B,-0.0041459170170128345,0.1111111119389534,0.11801614612340927,0.8024691358024691,2.384185791015625e-07,0.2800968289375305,0.8157954216003418,,cfg02_G3_D32,2.171714791969862,cuda
evaluation,1699,1003,Warm C,-0.0025812024250626564,0.1111111119389534,0.10985836386680603,0.7777777777777778,1.1920928955078125e-07,0.2596416175365448,0.4878268241882324,,cfg02_G3_D32,2.171714791969862,cuda
evaluation,1703,1006,Cold,-0.00169476552400738,0.1111111119389534,0.09939466416835785,0.8765432098765432,2.384185791015625e-07,0.0,0.0,,cfg02_G3_D32,2.171714791969862,cuda
evaluation,1703,1006,Warm A,0.003163663437590003,0.1111111119389534,0.0989440530538559,0.8024691358024691,5.960464477539063e-08,0.2313922643661499,0.4852353036403656,,cfg02_G3_D32,2.171714791969862,cuda
evaluation,1703,1006,Warm B,0.004825285170227289,0.1111110970377922,0.09414782375097275,0.8271604938271605,1.7881393432617188e-07,0.37305688858032227,0.5746688842773438,,cfg02_G3_D32,2.171714791969862,cuda
evaluation,1703,1006,Warm C,0.008850634098052979,0.1111110970377922,0.11038781702518463,0.7160493827160493,1.1920928955078125e-07,0.5198460221290588,0.364775151014328,,cfg02_G3_D32,2.171714791969862,cuda
evaluation,1707,1008,Cold,0.0023219482973217964,0.1111111119389534,0.0838240534067154,0.9012345679012346,2.384185791015625e-07,0.0,0.0,,cfg02_G3_D32,2.171714791969862,cuda
evaluation,1707,1008,Warm A,0.007856950163841248,0.1111110970377922,0.10479947179555893,0.7777777777777778,1.7881393432617188e-07,0.24708716571331024,0.3893827199935913,,cfg02_G3_D32,2.171714791969862,cuda
evaluation,1707,1008,Warm B,0.011013496667146683,0.1111110970377922,0.11910038441419601,0.691358024691358,1.1920928955078125e-07,0.40963858366012573,0.46218323707580566,,cfg02_G3_D32,2.171714791969862,cuda
evaluation,1707,1008,Warm C,0.01567126251757145,0.1111111119389534,0.13920603692531586,0.6049382716049383,2.384185791015625e-07,0.5757970809936523,0.14249396324157715,,cfg02_G3_D32,2.171714791969862,cuda
evaluation,1726,1015,Cold,-0.0033707227557897568,0.1111111119389534,0.11129727959632874,0.7654320987654321,1.1920928955078125e-07,0.0,0.0,,cfg02_G3_D32,2.171714791969862,cuda
evaluation,1726,1015,Warm A,0.0031036213040351868,0.1111111119389534,0.10405761748552322,0.7654320987654321,1.1920928955078125e-07,0.23669055104255676,0.6115713119506836,,cfg02_G3_D32,2.171714791969862,cuda
evaluation,1726,1015,Warm B,0.007484499365091324,0.1111111119389534,0.11061948537826538,0.7777777777777778,1.1920928955078125e-07,0.4235451817512512,0.5901569128036499,,cfg02_G3_D32,2.171714791969862,cuda
evaluation,1726,1015,Warm C,0.007417397573590279,0.1111111119389534,0.11281462758779526,0.7037037037037037,1.1920928955078125e-07,0.3627021908760071,0.5171107649803162,,cfg02_G3_D32,2.171714791969862,cuda
evaluation,1730,1018,Cold,-0.0024771415628492832,0.1111111119389534,0.10645806789398193,0.8024691358024691,1.7881393432617188e-07,0.0,0.0,,cfg02_G3_D32,2.171714791969862,cuda
evaluation,1730,1018,Warm A,-0.006920843850821257,0.1111111119389534,0.12073753029108047,0.7530864197530864,1.1920928955078125e-07,0.24540726840496063,0.539383590221405,,cfg02_G3_D32,2.171714791969862,cuda
evaluation,1730,1018,Warm B,-0.004386072047054768,0.1111111119389534,0.11741464585065842,0.7407407407407407,1.1920928955078125e-07,0.2665439546108246,0.4822869300842285,,cfg02_G3_D32,2.171714791969862,cuda
evaluation,1730,1018,Warm C,-0.0036120160948485136,0.1111111119389534,0.10748555511236191,0.8395061728395061,2.384185791015625e-07,0.29197007417678833,0.6868666410446167,,cfg02_G3_D32,2.171714791969862,cuda
evaluation,1731,1019,Cold,-0.0006136989686638117,0.1111111119389534,0.09340685606002808,0.9012345679012346,1.1920928955078125e-07,0.0,0.0,,cfg02_G3_D32,2.171714791969862,cuda
evaluation,1731,1019,Warm A,0.0058998726308345795,0.1111111119389534,0.10235138237476349,0.7901234567901234,2.384185791015625e-07,0.23057474195957184,0.4621150493621826,,cfg02_G3_D32,2.171714791969862,cuda
evaluation,1731,1019,Warm B,0.00998329184949398,0.1111110970377922,0.11511930078268051,0.691358024691358,1.1920928955078125e-07,0.4161999523639679,0.37030836939811707,,cfg02_G3_D32,2.171714791969862,cuda
evaluation,1731,1019,Warm C,0.012441776692867279,0.1111111119389534,0.1157652735710144,0.691358024691358,2.384185791015625e-07,0.4438525438308716,0.38184091448783875,,cfg02_G3_D32,2.171714791969862,cuda
evaluation,1733,1021,Cold,-0.001449206960387528,0.1111111119389534,0.09669448435306549,0.8765432098765432,1.1920928955078125e-07,0.0,0.0,,cfg02_G3_D32,2.171714791969862,cuda
evaluation,1733,1021,Warm A,0.0036574951373040676,0.111111119389534,0.10162684321403503,0.7777777777777778,2.384185791015625e-07,0.23702265322208405,0.6146634221076965,,cfg02_G3_D32,2.171714791969862,cuda
evaluation,1733,1021,Warm B,0.006765015423297882,0.1111111119389534,0.11569184809923172,0.7037037037037037,1.1920928955078125e-07,0.3730311691761017,0.5516194105148315,,cfg02_G3_D32,2.171714791969862,cuda
evaluation,1733,1021,Warm C,0.006160428281873465,0.1111111119389534,0.11443319916725159,0.7530864197530864,2.384185791015625e-07,0.4140414297580719,0.427406370639801,,cfg02_G3_D32,2.171714791969862,cuda
evaluation,1744,1024,Cold,9.421764843864366e-06,0.1111110970377922,0.09701389074325562,0.8271604938271605,5.960464477539063e-08,0.0,0.0,,cfg02_G3_D32,2.171714791969862,cuda
evaluation,1744,1024,Warm A,0.006395350210368633,0.1111111119389534,0.1079445630311966,0.7654320987654321,2.384185791015625e-07,0.24997234344482422,0.3232887089252472,,cfg02_G3_D32,2.171714791969862,cuda
evaluation,1744,1024,Warm B,0.010784508660435677,0.1111111119389534,0.11713873594999313,0.7407407407407407,1.1920928955078125e-07,0.4108363091945648,0.3428334891796112,,cfg02_G3_D32,2.171714791969862,cuda
evaluation,1744,1024,Warm C,0.014909581281244755,0.1111111119389534,0.13678112626075745,0.654320987654321,1.1920928955078125e-07,0.5921635627746582,0.2215776890516281,,cfg02_G3_D32,2.171714791969862,cuda
evaluation,1750,1027,Cold,0.0011493992060422897,0.1111110970377922,0.08261123299598694,0.9135802469135802,1.7881393432617188e-07,0.0,0.0,,cfg02_G3_D32,2.171714791969862,cuda
evaluation,1750,1027,Warm A,0.00531892292201519,0.111111119389534,0.09847062826156616,0.7901234567901234,1.7881393432617188e-07,0.23891006410121918,0.6415838599205017,,cfg02_G3_D32,2.171714791969862,cuda
evaluation,1750,1027,Warm B,0.009408961050212383,0.1111111119389534,0.11749306321144104,0.7283950617283951,2.384185791015625e-07,0.40433764457702637,0.25991734862327576,,cfg02_G3_D32,2.171714791969862,cuda
evaluation,1750,1027,Warm C,0.013151082210242748,0.1111111119389534,0.13544371724128723,0.6296296296296297,2.384185791015625e-07,0.4768640697002411,0.18341520428657532,,cfg02_G3_D32,2.171714791969862,cuda
evaluation,1753,1029,Cold,-0.0011843255488201976,0.1111110970377922,0.10028988867998123,0.8765432098765432,1.1920928955078125e-07,0.0,0.0,,cfg02_G3_D32,2.171714791969862,cuda
evaluation,1753,1029,Warm A,0.002544393762946129,0.1111111119389534,0.10031998157501221,0.8148148148148148,1.7881393432617188e-07,0.21825143694877625,0.5617477893829346,,cfg02_G3_D32,2.171714791969862,cuda
evaluation,1753,1029,Warm B,-0.0005105928867124021,0.1111110970377922,0.09704969823360443,0.8518518518518519,2.384185791015625e-07,0.32466956973075867,0.6267223358154297,,cfg02_G3_D32,2.171714791969862,cuda
evaluation,1753,1029,Warm C,-0.0027936012484133244,0.111111119389534,0.11372709274291992,0.8024691358024691,2.384185791015625e-07,0.3463602364063263,0.6111615300178528,,cfg02_G3_D32,2.171714791969862,cuda
evaluation,1758,1031,Cold,-0.0034795452374964952,0.1111110970377922,0.11615915596485138,0.7777777777777778,1.1920928955078125e-07,0.0,0.0,,cfg02_G3_D32,2.171714791969862,cuda
evaluation,1758,1031,Warm A,-0.0018838028190657496,0.1111111119389534,0.11097963154315948,0.8024691358024691,1.1920928955078125e-07,0.24016138911247253,0.643165111541748,,cfg02_G3_D32,2.171714791969862,cuda
evaluation,1758,1031,Warm B,0.003943914081901312,0.1111111119389534,0.10681018978357315,0.7901234567901234,1.1920928955078125e-07,0.32483088970184326,0.5274522304534912,,cfg02_G3_D32,2.171714791969862,cuda
evaluation,1758,1031,Warm C,0.006780683062970638,0.111111119389534,0.11611378937959671,0.7654320987654321,1.7881393432617188e-07,0.42187362909317017,0.645377516746521,,cfg02_G3_D32,2.171714791969862,cuda
evaluation,1760,1032,Cold,0.0003793401410803199,0.1111111119389534,0.08473104983568192,0.9259259259259259,1.1920928955078125e-07,0.0,0.0,,cfg02_G3_D32,2.171714791969862,cuda
evaluation,1760,1032,Warm A,0.004310797434300184,0.1111111119389534,0.09969896823167801,0.8148148148148148,2.384185791015625e-07,0.24059684574604034,0.4984376132488251,,cfg02_G3_D32,2.171714791969862,cuda
evaluation,1760,1032,Warm B,0.00853999238461256,0.111111119389534,0.11738287657499313,0.7037037037037037,1.1920928955078125e-07,0.43492138385772705,0.21157287061214447,,cfg02_G3_D32,2.171714791969862,cuda
evaluation,1760,1032,Warm C,0.012647598050534725,0.1111111119389534,0.1340789794921875,0.6296296296296297,1.1920928955078125e-07,0.594266414642334,0.32472002506256104,,cfg02_G3_D32,2.171714791969862,cuda
evaluation,1785,1040,Cold,-0.0012667678529396653,0.1111111119389534,0.08777183294296265,0.8641975308641975,2.384185791015625e-07,0.0,0.0,,cfg02_G3_D32,2.171714791969862,cuda
evaluation,1785,1040,Warm A,-0.0031344941817224026,0.1111111119389534,0.08573543280363083,0.8641975308641975,2.384185791015625e-07,0.21905554831027985,0.6290000081062317,,cfg02_G3_D32,2.171714791969862,cuda
evaluation,1785,1040,Warm B,0.0004968492430634797,0.1111111119389534,0.08997233957052231,0.8518518518518519,1.7881393432617188e-07,0.25663548707962036,0.5532658696174622,,cfg02_G3_D32,2.171714791969862,cuda
evaluation,1785,1040,Warm C,-0.004593926016241312,0.1111110970377922,0.08650925755500793,0.9012345679012346,1.1920928955078125e-07,0.3782399892807007,0.5464174151420593,,cfg02_G3_D32,2.171714791969862,cuda
evaluation,1788,1041,Cold,-0.0011160654248669744,0.1111110970377922,0.095112644135952,0.8518518518518519,2.384185791015625e-07,0.0,0.0,,cfg02_G3_D32,2.171714791969862,cuda
evaluation,1788,1041,Warm A,-0.0056670960038900375,0.1111111119389534,0.1100248396396637,0.8148148148148148,2.384185791015625e-07,0.24231474101543427,0.6332244277000427,,cfg02_G3_D32,2.171714791969862,cuda
evaluation,1788,1041,Warm B,-0.004785092547535896,0.1111111119389534,0.1050875186920166,0.8148148148148148,2.384185791015625e-07,0.2511329650878906,0.59351646900177,,cfg02_G3_D32,2.171714791969862,cuda
evaluation,1788,1041,Warm C,-0.006459428928792477,0.1111111119389534,0.11812851577997208,0.7407407407407407,2.384185791015625e-07,0.3562747538089752,0.4030466079711914,,cfg02_G3_D32,2.171714791969862,cuda
evaluation,1794,1043,Cold,-0.0017470198217779398,0.1111111119389534,0.09852249175310135,0.8395061728395061,1.7881393432617188e-07,0.0,0.0,,cfg02_G3_D32,2.171714791969862,cuda
evaluation,1794,1043,Warm A,-0.0038861611392349005,0.1111110970377922,0.10768813639879227,0.8148148148148148,1.1920928955078125e-07,0.2328733652830124,0.5874466896057129,,cfg02_G3_D32,2.171714791969862,cuda
evaluation,1794,1043,Warm B,-0.0009001211146824062,0.111111119389534,0.1019868552684784,0.8271604938271605,1.1920928955078125e-07,0.30515918135643005,0.7157794237136841,,cfg02_G3_D32,2.171714791969862,cuda
evaluation,1794,1043,Warm C,-0.001223454368300736,0.1111111119389534,0.10048764944076538,0.8518518518518519,1.1920928955078125e-07,0.444269597530365,0.5865064859390259,,cfg02_G3_D32,2.171714791969862,cuda
evaluation,1797,1044,Cold,-0.002942496445029974,0.1111111119389534,0.10983596742153168,0.7901234567901234,1.1920928955078125e-07,0.0,0.0,,cfg02_G3_D32,2.171714791969862,cuda
evaluation,1797,1044,Warm A,-0.007807933259755373,0.1111111119389534,0.12649911642074585,0.7407407407407407,1.1920928955078125e-07,0.24435614049434662,0.4325937330722809,,cfg02_G3_D32,2.171714791969862,cuda
evaluation,1797,1044,Warm B,-0.0034129442647099495,0.1111111119389534,0.10931109637022018,0.7777777777777778,2.384185791015625e-07,0.14514680206775665,0.5948668718338013,,cfg02_G3_D32,2.171714791969862,cuda
evaluation,1797,1044,Warm C,-0.004910013638436794,0.1111111119389534,0.11652763187885284,0.7530864197530864,1.1920928955078125e-07,0.28764644265174866,0.5679235458374023,,cfg02_G3_D32,2.171714791969862,cuda
evaluation,1804,1047,Cold,-0.003007667139172554,0.1111111119389534,0.11179126799106598,0.7901234567901234,1.7881393432617188e-07,0.0,0.0,,cfg02_G3_D32,2.171714791969862,cuda
evaluation,1804,1047,Warm A,0.0030621993355453014,0.1111110970377922,0.10606265813112259,0.7901234567901234,1.1920928955078125e-07,0.24513594806194305,0.6173818111419678,,cfg02_G3_D32,2.171714791969862,cuda
evaluation,1804,1047,Warm B,0.008113482967019081,0.1111110970377922,0.1139751523733139,0.7407407407407407,1.1920928955078125e-07,0.4278619885444641,0.3710106313228607,,cfg02_G3_D32,2.171714791969862,cuda
evaluation,1804,1047,Warm C,0.008429549634456635,0.1111111119389534,0.10937191545963287,0.7530864197530864,1.1920928955078125e-07,0.4895910322666168,0.47784194350242615,,cfg02_G3_D32,2.171714791969862,cuda
evaluation,1806,1049,Cold,-2.385602238064166e-05,0.1111111119389534,0.09114618599414825,0.9012345679012346,1.7881393432617188e-07,0.0,0.0,,cfg02_G3_D32,2.171714791969862,cuda
evaluation,1806,1049,Warm A,0.004955302458256483,0.1111110970377922,0.10191278904676437,0.7777777777777778,2.384185791015625e-07,0.2395264059305191,0.4788893163204193,,cfg02_G3_D32,2.171714791969862,cuda
evaluation,1806,1049,Warm B,0.0015499636065214872,0.111111119389534,0.09349633753299713,0.8765432098765432,2.384185791015625e-07,0.28991228342056274,0.7390739917755127,,cfg02_G3_D32,2.171714791969862,cuda
evaluation,1806,1049,Warm C,0.008155683986842632,0.1111111119389534,0.10456933826208115,0.7530864197530864,1.1920928955078125e-07,0.3907224237918854,0.5847825407981873,,cfg02_G3_D32,2.171714791969862,cuda
evaluation,1816,1051,Cold,-0.0018331544706597924,0.1111111119389534,0.0985802561044693,0.8395061728395061,1.7881393432617188e-07,0.0,0.0,,cfg02_G3_D32,2.171714791969862,cuda
evaluation,1816,1051,Warm A,0.003485783003270626,0.1111110970377922,0.09811289608478546,0.7901234567901234,1.7881393432617188e-07,0.23150721192359924,0.6026140451431274,,cfg02_G3_D32,2.171714791969862,cuda
evaluation,1816,1051,Warm B,-0.0012979054590687156,0.111111119389534,0.09496136009693146,0.8518518518518519,2.384185791015625e-07,0.2550230026245117,0.579355001449585,,cfg02_G3_D32,2.171714791969862,cuda
evaluation,1816,1051,Warm C,0.003485486377030611,0.1111111119389534,0.09999903291463852,0.8024691358024691,1.7881393432617188e-07,0.3265356123447418,0.6830722093582153,,cfg02_G3_D32,2.171714791969862,cuda
evaluation,1824,1053,Cold,-0.0011096016969531775,0.1111111119389534,0.10253871232271194,0.8148148148148148,1.1920928955078125e-07,0.0,0.0,,cfg02_G3_D32,2.171714791969862,cuda
evaluation,1824,1053,Warm A,-0.004143048077821732,0.1111111119389534,0.10887283086776733,0.7777777777777778,2.384185791015625e-07,0.24360722303390503,0.4983796775341034,,cfg02_G3_D32,2.171714791969862,cuda
evaluation,1824,1053,Warm B,0.0004027829854749143,0.1111111119389534,0.09501276910305023,0.7777777777777778,1.1920928955078125e-07,0.3108483552932739,0.5067368149757385,,cfg02_G3_D32,2.171714791969862,cuda
evaluation,1824,1053,Warm C,0.0031123654916882515,0.1111111119389534,0.1036638393998146,0.7530864197530864,2.384185791015625e-07,0.25086820125579834,0.6783347129821777,,cfg02_G3_D32,2.171714791969862,cuda
evaluation,1827,1054,Cold,-0.002844287548214197,0.1111111119389534,0.10602153092622757,0.8271604938271605,2.384185791015625e-07,0.0,0.0,,cfg02_G3_D32,2.171714791969862,cuda
evaluation,1827,1054,Warm A,-0.0058890292420983315,0.1111111119389534,0.11956068873405457,0.7407407407407407,1.1920928955078125e-07,0.24341166019439697,0.5234833359718323,,cfg02_G3_D32,2.171714791969862,cuda
evaluation,1827,1054,Warm B,-0.008634361438453197,0.1111111119389534,0.13030774891376495,0.6666666666666666,1.1920928955078125e-07,0.42145606875419617,0.46080565452575684,,cfg02_G3_D32,2.171714791969862,cuda
evaluation,1827,1054,Warm C,-0.006389619316905737,0.1111111119389534,0.1218932718038559,0.7283950617283951,1.1920928955078125e-07,0.4349781572818756,0.7277538180351257,,cfg02_G3_D32,2.171714791969862,cuda
evaluation,1836,1059,Cold,-0.0021642108913511038,0.1111111119389534,0.10421735793352127,0.8024691358024691,1.7881393432617188e-07,0.0,0.0,,cfg02_G3_D32,2.171714791969862,cuda
evaluation,1836,1059,Warm A,-0.0037108995020389557,0.1111111119389534,0.10530184209346771,0.7777777777777778,1.1920928955078125e-07,0.21882709860801697,0.6150291562080383,,cfg02_G3_D32,2.171714791969862,cuda
evaluation,1836,1059,Warm B,-0.0035249940119683743,0.1111111119389534,0.10911756753921509,0.7901234567901234,1.1920928955078125e-07,0.2591053545475006,0.6845033764839172,,cfg02_G3_D32,2.171714791969862,cuda
evaluation,1836,1059,Warm C,0.0011608722852542996,0.1111111119389534,0.10022889822721481,0.7777777777777778,2.384185791015625e-07,0.24841082096099854,0.7131636738777161,,cfg02_G3_D32,2.171714791969862,cuda
evaluation,1837,1060,Cold,-0.0009032464004121721,0.1111111119389534,0.09504994750022888,0.8888888888888888,2.384185791015625e-07,0.0,0.0,,cfg02_G3_D32,2.171714791969862,cuda
evaluation,1837,1060,Warm A,0.0018736858619377017,0.1111111119389534,0.10354109853506088,0.7901234567901234,2.384185791015625e-07,0.22517701983451843,0.6720007061958313,,cfg02_G3_D32,2.171714791969862,cuda
evaluation,1837,1060,Warm B,0.006123748607933521,0.111111119389534,0.11544305086135864,0.7160493827160493,2.384185791015625e-07,0.372808575630188,0.38759860396385193,,cfg02_G3_D32,2.171714791969862,cuda
evaluation,1837,1060,Warm C,0.0035365447402000427,0.1111111119389534,0.10667337477207184,0.7407407407407407,1.1920928955078125e-07,0.4173266887664795,0.4849238395690918,,cfg02_G3_D32,2.171714791969862,cuda
evaluation,1839,1061,Cold,-0.002203425159677863,0.1111111119389534,0.1044556200504303,0.8518518518518519,2.384185791015625e-07,0.0,0.0,,cfg02_G3_D32,2.171714791969862,cuda
evaluation,1839,1061,Warm A,0.0019215956563130021,0.1111110970377922,0.10496024042367935,0.8395061728395061,1.1920928955078125e-07,0.24426943063735962,0.5929825901985168,,cfg02_G3_D32,2.171714791969862,cuda
evaluation,1839,1061,Warm B,0.005068546626716852,0.1111111119389534,0.1134817972779274,0.7283950617283951,1.1920928955078125e-07,0.4581674635410309,0.3306216597557068,,cfg02_G3_D32,2.171714791969862,cuda
evaluation,1839,1061,Warm C,0.007681631948798895,0.1111111119389534,0.12344018369913101,0.6666666666666666,1.1920928955078125e-07,0.6424063444137573,0.2801550328731537,,cfg02_G3_D32,2.171714791969862,cuda
evaluation,1840,1062,Cold,-0.0024320771917700768,0.1111111119389534,0.10706216841936111,0.8024691358024691,1.1920928955078125e-07,0.0,0.0,,cfg02_G3_D32,2.171714791969862,cuda
evaluation,1840,1062,Warm A,-0.005311332177370787,0.1111111119389534,0.11991103738546371,0.7530864197530864,1.1920928955078125e-07,0.20817381143569946,0.6294772028923035,,cfg02_G3_D32,2.171714791969862,cuda
evaluation,1840,1062,Warm B,-0.0015835235826671124,0.1111111119389534,0.10492084920406342,0.8024691358024691,1.1920928955078125e-07,0.3048532009124756,0.6487650871276855,,cfg02_G3_D32,2.171714791969862,cuda
evaluation,1840,1062,Warm C,0.0022449290845543146,0.1111111119389534,0.10470970720052719,0.7654320987654321,1.1920928955078125e-07,0.40333619713783264,0.5549319982528687,,cfg02_G3_D32,2.171714791969862,cuda
evaluation,1841,1063,Cold,-0.0016085227252915502,0.1111111119389534,0.10457441955804825,0.7901234567901234,1.1920928955078125e-07,0.0,0.0,,cfg02_G3_D32,2.171714791969862,cuda
evaluation,1841,1063,Warm A,0.0045714350417256355,0.1111110970377922,0.10537771880626678,0.7654320987654321,2.384185791015625e-07,0.23676292598247528,0.5387086868286133,,cfg02_G3_D32,2.171714791969862,cuda
evaluation,1841,1063,Warm B,0.010241664946079254,0.1111111119389534,0.11808860301971436,0.691358024691358,2.384185791015625e-07,0.4187161326408386,0.48565012216567993,,cfg02_G3_D32,2.171714791969862,cuda
evaluation,1841,1063,Warm C,0.004052015487104654,0.111111119389534,0.10973399132490158,0.7407407407407407,1.1920928955078125e-07,0.3782464861869812,0.6018261909484863,,cfg02_G3_D32,2.171714791969862,cuda
evaluation,1848,1065,Cold,-0.0001899480412248522,0.1111110970377922,0.08650260418653488,0.9135802469135802,1.7881393432617188e-07,0.0,0.0,,cfg02_G3_D32,2.171714791969862,cuda
evaluation,1848,1065,Warm A,-0.00114159076474607,0.1111111119389534,0.08770192414522171,0.9382716049382716,1.1920928955078125e-07,0.24983711540699005,0.6584926843643188,,cfg02_G3_D32,2.171714791969862,cuda
evaluation,1848,1065,Warm B,0.0031019088346511126,0.1111111119389534,0.0850801095366478,0.8888888888888888,1.1920928955078125e-07,0.32897868752479553,0.43396392464637756,,cfg02_G3_D32,2.171714791969862,cuda
evaluation,1848,1065,Warm C,0.0065894341096282005,0.1111111119389534,0.09830264002084732,0.8024691358024691,1.1920928955078125e-07,0.4099131226539612,0.5233438611030579,,cfg02_G3_D32,2.171714791969862,cuda
evaluation,1855,1066,Cold,-0.0009146002703346312,0.1111110970377922,0.09791064262390137,0.8888888888888888,1.1920928955078125e-07,0.0,0.0,,cfg02_G3_D32,2.171714791969862,cuda
evaluation,1855,1066,Warm A,0.002755766035988927,0.1111111119389534,0.10484611988067627,0.8148148148148148,1.1920928955078125e-07,0.23101723194122314,0.5789536833763123,,cfg02_G3_D32,2.171714791969862,cuda
evaluation,1855,1066,Warm B,0.006569121964275837,0.1111111119389534,0.11565438657999039,0.691358024691358,1.7881393432617188e-07,0.4185156524181366,0.2864682376384735,,cfg02_G3_D32,2.171714791969862,cuda
evaluation,1855,1066,Warm C,0.007793183904141188,0.1111111119389534,0.11206953227519989,0.7407407407407407,1.1920928955078125e-07,0.3846840262413025,0.29379093647003174,,cfg02_G3_D32,2.171714791969862,cuda
evaluation,1856,1067,Cold,-0.0017963530262932181,0.1111111119389534,0.09838121384382248,0.8641975308641975,2.384185791015625e-07,0.0,0.0,,cfg02_G3_D32,2.171714791969862,cuda
evaluation,1856,1067,Warm A,-0.0023427356500178576,0.1111111119389534,0.09694713354110718,0.8888888888888888,1.1920928955078125e-07,0.2332114726305008,0.6868261694908142,,cfg02_G3_D32,2.171714791969862,cuda
evaluation,1856,1067,Warm B,0.0030772509053349495,0.1111111119389534,0.09475294500589371,0.8395061728395061,1.1920928955078125e-07,0.29807838797569275,0.5015512704849243,,cfg02_G3_D32,2.171714791969862,cuda
evaluation,1856,1067,Warm C,0.003471704199910164,0.111111119389534,0.10232595354318619,0.7777777777777778,2.384185791015625e-07,0.3419089615345001,0.6307320594787598,,cfg02_G3_D32,2.171714791969862,cuda
evaluation,1858,1068,Cold,0.0010756850242614746,0.1111111119389534,0.0897974744439125,0.8641975308641975,1.7881393432617188e-07,0.0,0.0,,cfg02_G3_D32,2.171714791969862,cuda
evaluation,1858,1068,Warm A,0.002190254395827651,0.111111119389534,0.08847970515489578,0.8888888888888888,1.1920928955078125e-07,0.21838068962097168,0.5180825591087341,,cfg02_G3_D32,2.171714791969862,cuda
evaluation,1858,1068,Warm B,0.006208376958966255,0.111111119389534,0.10706917196512222,0.7530864197530864,2.384185791015625e-07,0.3664093315601349,0.47016435861587524,,cfg02_G3_D32,2.171714791969862,cuda
evaluation,1858,1068,Warm C,0.0003747505834326148,0.1111111119389534,0.08855477720499039,0.8888888888888888,1.7881393432617188e-07,0.3396736979484558,0.695440411567688,,cfg02_G3_D32,2.171714791969862,cuda
evaluation,1862,1069,Cold,0.0023089833557605743,0.1111111119389534,0.08520184457302094,0.9012345679012346,1.1920928955078125e-07,0.0,0.0,,cfg02_G3_D32,2.171714791969862,cuda
evaluation,1862,1069,Warm A,0.006990464404225349,0.1111111119389534,0.10513059049844742,0.7777777777777778,2.384185791015625e-07,0.24157381057739258,0.3426397442817688,,cfg02_G3_D32,2.171714791969862,cuda
evaluation,1862,1069,Warm B,0.011356261558830738,0.1111111119389534,0.12654969096183777,0.691358024691358,2.384185791015625e-07,0.3809325695037842,0.30337759852409363,,cfg02_G3_D32,2.171714791969862,cuda
evaluation,1862,1069,Warm C,0.008541394025087357,0.1111111119389534,0.10988117009401321,0.7777777777777778,2.384185791015625e-07,0.38953614234924316,0.3791474997997284,,cfg02_G3_D32,2.171714791969862,cuda
evaluation,1863,1070,Cold,-0.0012234300374984741,0.1111110970377922,0.09908126294612885,0.8765432098765432,1.1920928955078125e-07,0.0,0.0,,cfg02_G3_D32,2.171714791969862,cuda
evaluation,1863,1070,Warm A,0.0030216623563319445,0.1111110970377922,0.10199842602014542,0.7777777777777778,2.384185791015625e-07,0.23378708958625793,0.49974900484085083,,cfg02_G3_D32,2.171714791969862,cuda
evaluation,1863,1070,Warm B,0.007216921541839838,0.111111119389534,0.11430397629737854,0.7037037037037037,1.1920928955078125e-07,0.4015195667743683,0.4425447881221771,,cfg02_G3_D32,2.171714791969862,cuda
evaluation,1863,1070,Warm C,0.008473408408463001,0.111111119389534,0.13013644516468048,0.6296296296296297,1.1920928955078125e-07,0.5400421023368835,0.34056153893470764,,cfg02_G3_D32,2.171714791969862,cuda
evaluation,1866,1071,Cold,-0.0010453993454575539,0.1111111119389534,0.09878066182136536,0.8518518518518519,1.1920928955078125e-07,0.0,0.0,,cfg02_G3_D32,2.171714791969862,cuda
evaluation,1866,1071,Warm A,0.00391050148755312,0.111111119389534,0.10480961203575134,0.8271604938271605,1.1920928955078125e-07,0.2417244166135788,0.6224980354309082,,cfg02_G3_D32,2.171714791969862,cuda
evaluation,1866,1071,Warm B,0.004029706586152315,0.1111111119389534,0.11493291705846786,0.7654320987654321,2.384185791015625e-07,0.4180958569049835,0.7041756510734558,,cfg02_G3_D32,2.171714791969862,cuda
evaluation,1866,1071,Warm C,-0.001157346647232771,0.111111119389534,0.11031081527471542,0.8148148148148148,2.384185791015625e-07,0.45457538962364197,0.7098292112350464,,cfg02_G3_D32,2.171714791969862,cuda
evaluation,1870,1072,Cold,-0.002021356951445341,0.1111111119389534,0.1052904725074768,0.8271604938271605,2.384185791015625e-07,0.0,0.0,,cfg02_G3_D32,2.171714791969862,cuda
evaluation,1870,1072,Warm A,-0.00396708631888032,0.111111119389534,0.11760707944631577,0.7901234567901234,2.384185791015625e-07,0.24155636131763458,0.6878684163093567,,cfg02_G3_D32,2.171714791969862,cuda
evaluation,1870,1072,Warm B,-0.0015703811077401042,0.1111111119389534,0.1105286106467247,0.8148148148148148,1.1920928955078125e-07,0.2724931538105011,0.6309270262718201,,cfg02_G3_D32,2.171714791969862,cuda
evaluation,1870,1072,Warm C,0.002919338643550873,0.1111111119389534,0.10428229719400406,0.7654320987654321,1.1920928955078125e-07,0.3718526065349579,0.5031943917274475,,cfg02_G3_D32,2.171714791969862,cuda
evaluation,1875,1074,Cold,-0.0009916303679347038,0.1111111119389534,0.09594422578811646,0.8888888888888888,1.1920928955078125e-07,0.0,0.0,,cfg02_G3_D32,2.171714791969862,cuda
evaluation,1875,1074,Warm A,0.002500095870345831,0.1111111119389534,0.10461924225091934,0.8148148148148148,1.1920928955078125e-07,0.23452551662921906,0.6536322832107544,,cfg02_G3_D32,2.171714791969862,cuda
evaluation,1875,1074,Warm B,-0.0024760179221630096,0.1111111119389534,0.1029033288359642,0.8765432098765432,1.1920928955078125e-07,0.3167656660079956,0.7435576319694519,,cfg02_G3_D32,2.171714791969862,cuda
evaluation,1875,1074,Warm C,-0.006351441610604525,0.1111111119389534,0.10725999623537064,0.8641975308641975,1.1920928955078125e-07,0.4169326722621918,0.6704650521278381,,cfg02_G3_D32,2.171714791969862,cuda
evaluation,1881,1076,Cold,-0.0006232502637431026,0.1111111119389534,0.08982156962156296,0.9135802469135802,1.1920928955078125e-07,0.0,0.0,,cfg02_G3_D32,2.171714791969862,cuda
evaluation,1881,1076,Warm A,0.002485991921275854,0.1111111119389534,0.10004515200853348,0.8148148148148148,5.960464477539063e-08,0.24205070734024048,0.6423869132995605,,cfg02_G3_D32,2.171714791969862,cuda
evaluation,1881,1076,Warm B,0.006185558158904314,0.1111111119389534,0.11623896658420563,0.7160493827160493,2.980232238769531e-07,0.433374285697937,0.5214591026306152,,cfg02_G3_D32,2.171714791969862,cuda
evaluation,1881,1076,Warm C,0.0011978697730228305,0.1111111119389534,0.1023794487118721,0.7777777777777778,5.960464477539063e-08,0.3271898031234741,0.5528034567832947,,cfg02_G3_D32,2.171714791969862,cuda
evaluation,1897,1085,Cold,-0.0025748121552169323,0.111111119389534,0.10429679602384567,0.8395061728395061,2.384185791015625e-07,0.0,0.0,,cfg02_G3_D32,2.171714791969862,cuda
evaluation,1897,1085,Warm A,-0.004202451556921005,0.1111111119389534,0.10973057895898819,0.8024691358024691,1.1920928955078125e-07,0.21741461753845215,0.6715499758720398,,cfg02_G3_D32,2.171714791969862,cuda
evaluation,1897,1085,Warm B,-0.008580128662288189,0.1111111119389534,0.12319962680339813,0.7283950617283951,1.1920928955078125e-07,0.29601481556892395,0.5472918748855591,,cfg02_G3_D32,2.171714791969862,cuda
evaluation,1897,1085,Warm C,-0.007504121866077185,0.1111111119389534,0.11491740494966507,0.8024691358024691,1.7881393432617188e-07,0.3896831274032593,0.7942363619804382,,cfg02_G3_D32,2.171714791969862,cuda
evaluation,1900,1086,Cold,-0.0025788189377635717,0.1111111119389534,0.10582844913005829,0.8024691358024691,2.384185791015625e-07,0.0,0.0,,cfg02_G3_D32,2.171714791969862,cuda
evaluation,1900,1086,Warm A,-0.005797574296593666,0.1111111119389534,0.11989259719848633,0.7530864197530864,2.384185791015625e-07,0.2395297884941101,0.5466411709785461,,cfg02_G3_D32,2.171714791969862,cuda
evaluation,1900,1086,Warm B,-0.003656742861494422,0.1111111119389534,0.1071169301867485,0.7654320987654321,2.384185791015625e-07,0.21303288638591766,0.5104514956474304,,cfg02_G3_D32,2.171714791969862,cuda
evaluation,1900,1086,Warm C,-0.006819831673055887,0.1111111119389534,0.12270937860012054,0.6790123456790124,5.960464477539063e-08,0.3446461856365204,0.5107789039611816,,cfg02_G3_D32,2.171714791969862,cuda
evaluation,1904,1087,Cold,-0.0025709981564432383,0.1111110970377922,0.10742364078760147,0.8148148148148148,1.1920928955078125e-07,0.0,0.0,,cfg02_G3_D32,2.171714791969862,cuda
evaluation,1904,1087,Warm A,-0.006674706935882568,0.1111111119389534,0.12360723316669464,0.7160493827160493,1.1920928955078125e-07,0.2536713182926178,0.6508792042732239,,cfg02_G3_D32,2.171714791969862,cuda
evaluation,1904,1087,Warm B,-0.002899414161220193,0.1111111119389534,0.1122642382979393,0.8271604938271605,1.1920928955078125e-07,0.274126261472702,0.7403154373168945,,cfg02_G3_D32,2.171714791969862,cuda
evaluation,1904,1087,Warm C,-0.0034699218813329935,0.1111111119389534,0.11646397411823273,0.8024691358024691,1.1920928955078125e-07,0.42920392751693726,0.7919952273368835,,cfg02_G3_D32,2.171714791969862,cuda
evaluation,1913,1092,Cold,-0.004485685843974352,0.1111111119389534,0.10955870151519775,0.8395061728395061,1.1920928955078125e-07,0.0,0.0,,cfg02_G3_D32,2.171714791969862,cuda
evaluation,1913,1092,Warm A,-0.005675669759511948,0.1111111119389534,0.12528648972511292,0.7654320987654321,2.384185791015625e-07,0.24023298919200897,0.44893938302993774,,cfg02_G3_D32,2.171714791969862,cuda
evaluation,1913,1092,Warm B,-0.005623750854283571,0.1111110970377922,0.1106991320848465,0.8024691358024691,1.1920928955078125e-07,0.31979867815971375,0.4862115979194641,,cfg02_G3_D32,2.171714791969862,cuda
evaluation,1913,1092,Warm C,-0.0038016862235963345,0.111111119389534,0.1016310527920723,0.8271604938271605,2.384185791015625e-07,0.42587536573410034,0.6256117820739746,,cfg02_G3_D32,2.171714791969862,cuda
evaluation,1919,1097,Cold,-1.5187870303634554e-05,0.1111111119389534,0.09069370478391647,0.9012345679012346,1.1920928955078125e-07,0.0,0.0,,cfg02_G3_D32,2.171714791969862,cuda
evaluation,1919,1097,Warm A,0.004957573488354683,0.1111111119389534,0.09681891649961472,0.8024691358024691,2.384185791015625e-07,0.22809253633022308,0.49449655413627625,,cfg02_G3_D32,2.171714791969862,cuda
evaluation,1919,1097,Warm B,0.0014823138481006026,0.1111110970377922,0.08592412620782852,0.8641975308641975,1.1920928955078125e-07,0.31826967000961304,0.663526177406311,,cfg02_G3_D32,2.171714791969862,cuda
evaluation,1919,1097,Warm C,0.0052484264597296715,0.1111111119389534,0.09435536712408066,0.8271604938271605,2.384185791015625e-07,0.29505863785743713,0.5449358224868774,,cfg02_G3_D32,2.171714791969862,cuda
evaluation,1929,1103,Cold,-0.006624098401516676,0.1111111119389534,0.1495169848203659,0.5555555555555556,1.1920928955078125e-07,0.0,0.0,,cfg02_G3_D32,2.171714791969862,cuda
evaluation,1929,1103,Warm A,-0.0037637297064065933,0.1111110970377922,0.14353680610656738,0.5679012345679012,2.384185791015625e-07,0.23117415606975555,0.5611971020698547,,cfg02_G3_D32,2.171714791969862,cuda
evaluation,1929,1103,Warm B,7.947138510644436e-05,0.1111111119389534,0.13618013262748718,0.6049382716049383,1.1920928955078125e-07,0.3815709054470062,0.49401718378067017,,cfg02_G3_D32,2.171714791969862,cuda
evaluation,1929,1103,Warm C,0.001234440947882831,0.1111111119389534,0.13344784080982208,0.5925925925925926,1.1920928955078125e-07,0.5042676329612732,0.5849354863166809,,cfg02_G3_D32,2.171714791969862,cuda
evaluation,1934,1105,Cold,-0.004989835899323225,0.1111111119389534,0.1333237588405609,0.691358024691358,1.1920928955078125e-07,0.0,0.0,,cfg02_G3_D32,2.171714791969862,cuda
evaluation,1934,1105,Warm A,-0.008149886503815651,0.1111111119389534,0.14352306723594666,0.6172839506172839,1.1920928955078125e-07,0.23656482994556427,0.46692973375320435,,cfg02_G3_D32,2.171714791969862,cuda
evaluation,1934,1105,Warm B,-0.006641174666583538,0.1111111119389534,0.13701926171779633,0.6296296296296297,1.1920928955078125e-07,0.33854910731315613,0.5364137887954712,,cfg02_G3_D32,2.171714791969862,cuda
evaluation,1934,1105,Warm C,-0.009552585892379284,0.1111111119389534,0.14512532949447632,0.5432098765432098,1.1920928955078125e-07,0.4850139915943146,0.3543355166912079,,cfg02_G3_D32,2.171714791969862,cuda
evaluation,1935,1106,Cold,-0.006060093175619841,0.1111111119389534,0.14280788600444794,0.5802469135802469,1.1920928955078125e-07,0.0,0.0,,cfg02_G3_D32,2.171714791969862,cuda
evaluation,1935,1106,Warm A,-0.005815868265926838,0.1111110970377922,0.1344538778066635,0.6172839506172839,1.7881393432617188e-07,0.23744039237499237,0.5022076964378357,,cfg02_G3_D32,2.171714791969862,cuda
evaluation,1935,1106,Warm B,-0.010305947624146938,0.1111111119389534,0.1418348103761673,0.5925925925925926,2.384185791015625e-07,0.31089553236961365,0.4176364839076996,,cfg02_G3_D32,2.171714791969862,cuda
evaluation,1935,1106,Warm C,-0.010498469695448875,0.1111111119389534,0.13621866703033447,0.6049382716049383,1.1920928955078125e-07,0.4519868791103363,0.5220010876655579,,cfg02_G3_D32,2.171714791969862,cuda
evaluation,1936,1107,Cold,-0.005594578105956316,0.1111110970377922,0.14001524448394775,0.5925925925925926,2.384185791015625e-07,0.0,0.0,,cfg02_G3_D32,2.171714791969862,cuda
evaluation,1936,1107,Warm A,-0.004511289764195681,0.1111111119389534,0.12892132997512817,0.654320987654321,2.384185791015625e-07,0.24122533202171326,0.676411509513855,,cfg02_G3_D32,2.171714791969862,cuda
evaluation,1936,1107,Warm B,-0.006933181546628475,0.1111111119389534,0.13707156479358673,0.6172839506172839,1.1920928955078125e-07,0.3162320554256439,0.4407427906990051,,cfg02_G3_D32,2.171714791969862,cuda
evaluation,1936,1107,Warm C,-0.0036232611164450645,0.1111111119389534,0.12961125373840332,0.6296296296296297,2.384185791015625e-07,0.3888551592826843,0.49855348467826843,,cfg02_G3_D32,2.171714791969862,cuda
evaluation,1937,1108,Cold,-0.005179776810109615,0.1111111119389534,0.13110579550266266,0.7037037037037037,2.384185791015625e-07,0.0,0.0,,cfg02_G3_D32,2.171714791969862,cuda
evaluation,1937,1108,Warm A,-0.007204551249742508,0.1111111119389534,0.13820581138134003,0.6666666666666666,1.1920928955078125e-07,0.24695052206516266,0.25909337401390076,,cfg02_G3_D32,2.171714791969862,cuda
evaluation,1937,1108,Warm B,-0.004695203620940447,0.1111111119389534,0.1259497106075287,0.7160493827160493,2.384185791015625e-07,0.3422737419605255,0.5838513374328613,,cfg02_G3_D32,2.171714791969862,cuda
evaluation,1937,1108,Warm C,-0.003328472375869751,0.1111111119389534,0.11521220207214355,0.7407407407407407,1.1920928955078125e-07,0.38519057631492615,0.6527619361877441,,cfg02_G3_D32,2.171714791969862,cuda
evaluation,1938,1109,Cold,-0.006025819573551416,0.1111110970377922,0.1421891152858734,0.5925925925925926,5.960464477539063e-08,0.0,0.0,,cfg02_G3_D32,2.171714791969862,cuda
evaluation,1938,1109,Warm A,-0.0015437692636623979,0.1111111119389534,0.13511133193969727,0.6419753086419753,5.960464477539063e-08,0.24328500032424927,0.5156604051589966,,cfg02_G3_D32,2.171714791969862,cuda
evaluation,1938,1109,Warm B,0.00044566026190295815,0.1111111119389534,0.12920129299163818,0.6790123456790124,2.384185791015625e-07,0.4029645621776581,0.5367298126220703,,cfg02_G3_D32,2.171714791969862,cuda
evaluation,1938,1109,Warm C,-0.002231347607448697,0.1111110970377922,0.14066189527511597,0.6419753086419753,1.7881393432617188e-07,0.4879002273082733,0.4704684317111969,,cfg02_G3_D32,2.171714791969862,cuda
evaluation,1940,1111,Cold,-0.005478836130350828,0.1111111119389534,0.13679422438144684,0.6419753086419753,1.1920928955078125e-07,0.0,0.0,,cfg02_G3_D32,2.171714791969862,cuda
evaluation,1940,1111,Warm A,-0.0044612158089876175,0.1111111119389534,0.1325172334909439,0.6666666666666666,1.1920928955078125e-07,0.23318330943584442,0.5294051170349121,,cfg02_G3_D32,2.171714791969862,cuda
evaluation,1940,1111,Warm B,-0.007310705259442329,0.1111110970377922,0.14165683090686798,0.5925925925925926,1.7881393432617188e-07,0.27964040637016296,0.42219144105911255,,cfg02_G3_D32,2.171714791969862,cuda
evaluation,1940,1111,Warm C,-0.0028943244833499193,0.1111110970377922,0.13321568071842194,0.654320987654321,1.1920928955078125e-07,0.3431810140609741,0.6730067729949951,,cfg02_G3_D32,2.171714791969862,cuda
evaluation,1941,1112,Cold,-0.005923517979681492,0.1111111119389534,0.13907860219478607,0.6172839506172839,1.1920928955078125e-07,0.0,0.0,,cfg02_G3_D32,2.171714791969862,cuda
evaluation,1941,1112,Warm A,-0.008621771819889545,0.1111111119389534,0.13742227852344513,0.654320987654321,2.384185791015625e-07,0.24254611134529114,0.48140308260917664,,cfg02_G3_D32,2.171714791969862,cuda
evaluation,1941,1112,Warm B,-0.009645197540521622,0.1111110970377922,0.14003729820251465,0.6419753086419753,2.384185791015625e-07,0.4219397306442261,0.498300701379776,,cfg02_G3_D32,2.171714791969862,cuda
evaluation,1941,1112,Warm C,-0.007201973348855972,0.1111111119389534,0.13406921923160553,0.6790123456790124,5.960464477539063e-08,0.5212083458900452,0.7620789408683777,,cfg02_G3_D32,2.171714791969862,cuda
evaluation,1942,1113,Cold,-0.005872606299817562,0.1111111119389534,0.1378002166748047,0.6419753086419753,1.1920928955078125e-07,0.0,0.0,,cfg02_G3_D32,2.171714791969862,cuda
evaluation,1942,1113,Warm A,-0.005227230489253998,0.111111119389534,0.13655972480773926,0.6296296296296297,1.1920928955078125e-07,0.24033735692501068,0.3267039358615875,,cfg02_G3_D32,2.171714791969862,cuda
evaluation,1942,1113,Warm B,-0.002521267393603921,0.1111110970377922,0.12795402109622955,0.7160493827160493,1.1920928955078125e-07,0.401248037815094,0.4952991008758545,,cfg02_G3_D32,2.171714791969862,cuda
evaluation,1942,1113,Warm C,-0.00610735546797514,0.1111111119389534,0.14098776876926422,0.691358024691358,2.384185791015625e-07,0.5340197682380676,0.3009769320487976,,cfg02_G3_D32,2.171714791969862,cuda
evaluation,1943,1114,Cold,-0.005256093107163906,0.1111110970377922,0.13206839561462402,0.691358024691358,2.384185791015625e-07,0.0,0.0,,cfg02_G3_D32,2.171714791969862,cuda
evaluation,1943,1114,Warm A,-0.0022320749703794718,0.111111119389534,0.12028759717941284,0.7160493827160493,1.1920928955078125e-07,0.2521345615386963,0.7532057166099548,,cfg02_G3_D32,2.171714791969862,cuda
evaluation,1943,1114,Warm B,0.001913818996399641,0.1111111119389534,0.1104908213019371,0.7407407407407407,2.384185791015625e-07,0.32054635882377625,0.7318491339683533,,cfg02_G3_D32,2.171714791969862,cuda
evaluation,1943,1114,Warm C,-0.0014547979226335883,0.1111110970377922,0.11771629005670547,0.7160493827160493,1.1920928955078125e-07,0.34496116638183594,0.591411292552948,,cfg02_G3_D32,2.171714791969862,cuda
evaluation,1948,1119,Cold,-0.004812551662325859,0.1111111119389534,0.11794054508209229,0.8024691358024691,2.384185791015625e-07,0.0,0.0,,cfg02_G3_D32,2.171714791969862,cuda
evaluation,1948,1119,Warm A,-0.0038799960166215897,0.1111111119389534,0.10674696415662766,0.8271604938271605,1.1920928955078125e-07,0.2343006432056427,0.5412304997444153,,cfg02_G3_D32,2.171714791969862,cuda
evaluation,1948,1119,Warm B,-0.0045057558454573154,0.1111110970377922,0.11128603667020798,0.8641975308641975,1.1920928955078125e-07,0.3374221920967102,0.5471915602684021,,cfg02_G3_D32,2.171714791969862,cuda
evaluation,1948,1119,Warm C,-0.0037223666440695524,0.1111111119389534,0.1108744889497757,0.8395061728395061,1.1920928955078125e-07,0.3046495318412781,0.7516972422599792,,cfg02_G3_D32,2.171714791969862,cuda
evaluation,1966,1137,Cold,-0.0012753648916259408,0.1111111119389534,0.08725444972515106,0.9012345679012346,2.384185791015625e-07,0.0,0.0,,cfg02_G3_D32,2.171714791969862,cuda
evaluation,1966,1137,Warm A,0.0008135117823258042,0.1111111119389534,0.0862562283873558,0.9012345679012346,1.1920928955078125e-07,0.2474694848060608,0.6958997845649719,,cfg02_G3_D32,2.171714791969862,cuda
evaluation,1966,1137,Warm B,0.0020897029899060726,0.111111119389534,0.0879141092300415,0.8765432098765432,3.5762786865234375e-07,0.39847394824028015,0.6638548970222473,,cfg02_G3_D32,2.171714791969862,cuda
evaluation,1966,1137,Warm C,-0.0020243804901838303,0.1111110970377922,0.09348567575216293,0.8641975308641975,1.1920928955078125e-07,0.5079375505447388,0.5973857641220093,,cfg02_G3_D32,2.171714791969862,cuda
evaluation,1975,1145,Cold,-0.0005464564310386777,0.1111111119389534,0.05389493331313133,0.9876543209876543,1.1920928955078125e-07,0.0,0.0,,cfg02_G3_D32,2.171714791969862,cuda
evaluation,1975,1145,Warm A,0.0022834886331111193,0.1111110970377922,0.07467086613178253,0.9629629629629629,3.5762786865234375e-07,0.2165181040763855,0.5237414240837097,,cfg02_G3_D32,2.171714791969862,cuda
evaluation,1975,1145,Warm B,0.0049430858343839645,0.111111119389534,0.10461705178022385,0.7777777777777778,2.384185791015625e-07,0.3698614835739136,0.3647575378417969,,cfg02_G3_D32,2.171714791969862,cuda
evaluation,1975,1145,Warm C,0.006843504961580038,0.111111119389534,0.12855757772922516,0.7037037037037037,2.384185791015625e-07,0.5291244387626648,0.2245742380619049,,cfg02_G3_D32,2.171714791969862,cuda
evaluation,1976,1146,Cold,-0.0005935292574577034,0.1111111119389534,0.053346313536167145,0.9876543209876543,1.7881393432617188e-07,0.0,0.0,,cfg02_G3_D32,2.171714791969862,cuda
evaluation,1976,1146,Warm A,0.0023686171043664217,0.1111111119389534,0.0760306715965271,0.9382716049382716,1.7881393432617188e-07,0.24451246857643127,0.3931145668029785,,cfg02_G3_D32,2.171714791969862,cuda
evaluation,1976,1146,Warm B,0.005655461456626654,0.1111111119389534,0.10350941866636276,0.8395061728395061,1.1920928955078125e-07,0.42695584893226624,0.3840652108192444,,cfg02_G3_D32,2.171714791969862,cuda
evaluation,1976,1146,Warm C,0.010730366222560406,0.1111110970377922,0.12615090608596802,0.7160493827160493,1.1920928955078125e-07,0.5003538131713867,0.22735075652599335,,cfg02_G3_D32,2.171714791969862,cuda
evaluation,1977,1147,Cold,-0.00139385845977813,0.1111111119389534,0.05549469217658043,0.9876543209876543,1.1920928955078125e-07,0.0,0.0,,cfg02_G3_D32,2.171714791969862,cuda
evaluation,1977,1147,Warm A,0.004331263247877359,0.111111119389534,0.07416605949401855,0.9382716049382716,1.1920928955078125e-07,0.23888425529003143,0.4339372217655182,,cfg02_G3_D32,2.171714791969862,cuda
evaluation,1977,1147,Warm B,0.0076446193270385265,0.1111111119389534,0.09911041706800461,0.8395061728395061,1.1920928955078125e-07,0.39257508516311646,0.4232354164123535,,cfg02_G3_D32,2.171714791969862,cuda
evaluation,1977,1147,Warm C,0.0034108415711671114,0.1111111119389534,0.07551269233226776,0.9259259259259259,1.1920928955078125e-07,0.42407336831092834,0.5687858462333679,,cfg02_G3_D32,2.171714791969862,cuda
evaluation,1978,1148,Cold,-0.001602685428224504,0.1111111119389534,0.05801625922322273,0.9876543209876543,2.980232238769531e-07,0.0,0.0,,cfg02_G3_D32,2.171714791969862,cuda
evaluation,1978,1148,Warm A,0.0017356068128719926,0.1111111119389534,0.07296673953533173,0.9629629629629629,1.1920928955078125e-07,0.24263744056224823,0.5271682739257812,,cfg02_G3_D32,2.171714791969862,cuda
evaluation,1978,1148,Warm B,0.0029279699083417654,0.1111111119389534,0.10144387185573578,0.8148148148148148,2.384185791015625e-07,0.3802807927131653,0.3914709985256195,,cfg02_G3_D32,2.171714791969862,cuda
evaluation,1978,1148,Warm C,0.006443065591156483,0.1111111119389534,0.12453506886959076,0.7283950617283951,1.1920928955078125e-07,0.5272035002708435,0.24435396492481232,,cfg02_G3_D32,2.171714791969862,cuda
evaluation,1979,1149,Cold,-0.0008674162090755999,0.111111119389534,0.05548472702503204,0.9876543209876543,2.384185791015625e-07,0.0,0.0,,cfg02_G3_D32,2.171714791969862,cuda
evaluation,1979,1149,Warm A,0.003031620755791664,0.1111111119389534,0.07453349977731705,0.9629629629629629,2.384185791015625e-07,0.2367463856935501,0.5163624286651611,,cfg02_G3_D32,2.171714791969862,cuda
evaluation,1979,1149,Warm B,0.00541413389146328,0.1111111119389534,0.1057031899690628,0.8024691358024691,2.384185791015625e-07,0.29442551732063293,0.39709940552711487,,cfg02_G3_D32,2.171714791969862,cuda
evaluation,1979,1149,Warm C,0.008825913071632385,0.1111110970377922,0.12831760942935944,0.7037037037037037,1.7881393432617188e-07,0.4599219560623169,0.2570638954639435,,cfg02_G3_D32,2.171714791969862,cuda
evaluation,1980,1150,Cold,-0.001280435943044722,0.1111110970377922,0.06063907966017723,0.9876543209876543,1.1920928955078125e-07,0.0,0.0,,cfg02_G3_D32,2.171714791969862,cuda
evaluation,1980,1150,Warm A,0.0032763942144811153,0.1111111119389534,0.07933225482702255,0.9259259259259259,2.384185791015625e-07,0.2399560958147049,0.5044476389884949,,cfg02_G3_D32,2.171714791969862,cuda
evaluation,1980,1150,Warm B,0.007574738003313541,0.1111111119389534,0.10431236028671265,0.8024691358024691,2.384185791015625e-07,0.31802231073379517,0.31594276428222656,,cfg02_G3_D32,2.171714791969862,cuda
evaluation,1980,1150,Warm C,0.010075287893414497,0.1111111119389534,0.12231855094432831,0.691358024691358,1.1920928955078125e-07,0.412276029586792,0.3912057876586914,,cfg02_G3_D32,2.171714791969862,cuda
evaluation,1981,1151,Cold,-0.0010550323640927672,0.1111111119389534,0.0619337372481823,0.9876543209876543,1.1920928955078125e-07,0.0,0.0,,cfg02_G3_D32,2.171714791969862,cuda
evaluation,1981,1151,Warm A,0.0017293989658355713,0.1111111119389534,0.07960302382707596,0.9259259259259259,1.1920928955078125e-07,0.23834377527236938,0.38567283749580383,,cfg02_G3_D32,2.171714791969862,cuda
evaluation,1981,1151,Warm B,0.005562130361795425,0.111111119389534,0.10893609374761581,0.8024691358024691,2.384185791015625e-07,0.3828524053096771,0.23740024864673615,,cfg02_G3_D32,2.171714791969862,cuda
evaluation,1981,1151,Warm C,0.010669318027794361,0.111111119389534,0.12972025573253632,0.6666666666666666,2.384185791015625e-07,0.5279721617698669,0.2773480713367462,,cfg02_G3_D32,2.171714791969862,cuda
evaluation,1983,1153,Cold,-0.0011650235392153263,0.1111111119389534,0.05249548330903053,0.9876543209876543,1.7881393432617188e-07,0.0,0.0,,cfg02_G3_D32,2.171714791969862,cuda
evaluation,1983,1153,Warm A,0.002473660046234727,0.1111110970377922,0.07025329023599625,0.9506172839506173,1.1920928955078125e-07,0.24105378985404968,0.5489341616630554,,cfg02_G3_D32,2.171714791969862,cuda
evaluation,1983,1153,Warm B,0.0036551763769239187,0.1111110970377922,0.08139798045158386,0.9012345679012346,2.384185791015625e-07,0.34043794870376587,0.42182284593582153,,cfg02_G3_D32,2.171714791969862,cuda
evaluation,1983,1153,Warm C,0.0015394454821944237,0.1111111119389534,0.07711721956729889,0.9135802469135802,1.7881393432617188e-07,0.47372305393218994,0.5466336607933044,,cfg02_G3_D32,2.171714791969862,cuda
evaluation,1984,1154,Cold,-0.0009896374540403485,0.1111111119389534,0.054609909653663635,0.9876543209876543,1.1920928955078125e-07,0.0,0.0,,cfg02_G3_D32,2.171714791969862,cuda
evaluation,1984,1154,Warm A,0.003343527438119054,0.1111111119389534,0.07293855398893356,0.9382716049382716,5.960464477539063e-08,0.24089328944683075,0.4736698567867279,,cfg02_G3_D32,2.171714791969862,cuda
evaluation,1984,1154,Warm B,0.00565473223105073,0.1111111119389534,0.09848368912935257,0.8518518518518519,1.1920928955078125e-07,0.43440601229667664,0.4868047833442688,,cfg02_G3_D32,2.171714791969862,cuda
evaluation,1984,1154,Warm C,0.010050192475318909,0.1111111119389534,0.12199924141168594,0.7407407407407407,2.384185791015625e-07,0.5943287014961243,0.24541674554347992,,cfg02_G3_D32,2.171714791969862,cuda
evaluation,1985,1155,Cold,-0.0009123350027948618,0.1111111119389534,0.05951864644885063,0.9876543209876543,2.384185791015625e-07,0.0,0.0,,cfg02_G3_D32,2.171714791969862,cuda
evaluation,1985,1155,Warm A,0.003227958455681801,0.1111111119389534,0.08046005666255951,0.9382716049382716,2.980232238769531e-07,0.24216371774673462,0.5168011784553528,,cfg02_G3_D32,2.171714791969862,cuda
evaluation,1985,1155,Warm B,0.007452735211700201,0.1111111119389534,0.10622838139533997,0.8271604938271605,2.384185791015625e-07,0.4232111871242523,0.42566153407096863,,cfg02_G3_D32,2.171714791969862,cuda
evaluation,1985,1155,Warm C,0.0023823236115276814,0.1111111119389534,0.08326555788516998,0.9135802469135802,1.1920928955078125e-07,0.40836024284362793,0.4686129093170166,,cfg02_G3_D32,2.171714791969862,cuda
evaluation,1986,1156,Cold,-0.0013089708518236876,0.1111111119389534,0.062466856092214584,0.9876543209876543,2.384185791015625e-07,0.0,0.0,,cfg02_G3_D32,2.171714791969862,cuda
evaluation,1986,1156,Warm A,0.0008577582775615156,0.1111111119389534,0.07826727628707886,0.9135802469135802,2.384185791015625e-07,0.2369929403066635,0.3792498707771301,,cfg02_G3_D32,2.171714791969862,cuda
evaluation,1986,1156,Warm B,0.006050380412489176,0.111111119389534,0.1053767278790474,0.8148148148148148,1.7881393432617188e-07,0.38092899322509766,0.3165603578090668,,cfg02_G3_D32,2.171714791969862,cuda
evaluation,1986,1156,Warm C,0.010624760761857033,0.1111111119389534,0.13059101998806,0.654320987654321,1.1920928955078125e-07,0.5238534808158875,0.1506231129169464,,cfg02_G3_D32,2.171714791969862,cuda
evaluation,1987,1157,Cold,-0.0016975472681224346,0.111111119389534,0.05560799688100815,0.9876543209876543,1.1920928955078125e-07,0.0,0.0,,cfg02_G3_D32,2.171714791969862,cuda
evaluation,1987,1157,Warm A,0.00261703971773386,0.111111119389534,0.06809112429618835,0.9629629629629629,1.1920928955078125e-07,0.24929000437259674,0.592099130153656,,cfg02_G3_D32,2.171714791969862,cuda
evaluation,1987,1157,Warm B,0.005838778335601091,0.1111111119389534,0.09461631625890732,0.8395061728395061,1.1920928955078125e-07,0.42894965410232544,0.30217328667640686,,cfg02_G3_D32,2.171714791969862,cuda
evaluation,1987,1157,Warm C,0.010696549899876118,0.1111111119389534,0.12019263952970505,0.7530864197530864,1.1920928955078125e-07,0.5860748291015625,0.3200168311595917,,cfg02_G3_D32,2.171714791969862,cuda
evaluation,1992,1159,Cold,0.001838077325373888,0.1111110970377922,0.06383703649044037,0.9753086419753086,5.960464477539063e-08,0.0,0.0,,cfg02_G3_D32,2.171714791969862,cuda
evaluation,1992,1159,Warm A,0.00581004424020648,0.1111110970377922,0.09334266185760498,0.8765432098765432,2.384185791015625e-07,0.25153228640556335,0.28614541888237,,cfg02_G3_D32,2.171714791969862,cuda
evaluation,1992,1159,Warm B,0.009453562088310719,0.1111111119389534,0.11685413122177124,0.7160493827160493,1.1920928955078125e-07,0.38623175024986267,0.377633661031723,,cfg02_G3_D32,2.171714791969862,cuda
evaluation,1992,1159,Warm C,0.008881879039108753,0.1111111119389534,0.10504168272018433,0.8024691358024691,2.384185791015625e-07,0.4668445587158203,0.22216244041919708,,cfg02_G3_D32,2.171714791969862,cuda
evaluation,1993,1160,Cold,0.0015957431169226766,0.111111119389534,0.06674320250749588,0.9753086419753086,1.1920928955078125e-07,0.0,0.0,,cfg02_G3_D32,2.171714791969862,cuda
evaluation,1993,1160,Warm A,0.004906174261122942,0.1111111119389534,0.09468657523393631,0.8765432098765432,2.384185791015625e-07,0.2476194202899933,0.31002557277679443,,cfg02_G3_D32,2.171714791969862,cuda
evaluation,1993,1160,Warm B,0.008159475401043892,0.1111111119389534,0.1232585534453392,0.7037037037037037,2.384185791015625e-07,0.41445663571357727,0.2388114482164383,,cfg02_G3_D32,2.171714791969862,cuda
evaluation,1993,1160,Warm C,0.0023400369100272655,0.1111111119389534,0.1066308319568634,0.8641975308641975,2.384185791015625e-07,0.5169192552566528,0.38680559396743774,,cfg02_G3_D32,2.171714791969862,cuda
evaluation,1995,1162,Cold,-0.0011644071200862527,0.1111110970377922,0.07367327809333801,0.9506172839506173,2.384185791015625e-07,0.0,0.0,,cfg02_G3_D32,2.171714791969862,cuda
evaluation,1995,1162,Warm A,0.003973776008933783,0.1111111119389534,0.08440802246332169,0.9012345679012346,1.7881393432617188e-07,0.23502233624458313,0.5570990443229675,,cfg02_G3_D32,2.171714791969862,cuda
evaluation,1995,1162,Warm B,0.007186311297118664,0.1111111119389534,0.1093563362956047,0.7654320987654321,2.384185791015625e-07,0.4092318117618561,0.29728415608406067,,cfg02_G3_D32,2.171714791969862,cuda
evaluation,1995,1162,Warm C,0.009100871160626411,0.1111111119389534,0.12363158166408539,0.691358024691358,2.384185791015625e-07,0.5661676526069641,0.4638240337371826,,cfg02_G3_D32,2.171714791969862,cuda
evaluation,1996,1163,Cold,0.0005551460781134665,0.111111119389534,0.07178967446088791,0.9506172839506173,1.1920928955078125e-07,0.0,0.0,,cfg02_G3_D32,2.171714791969862,cuda
evaluation,1996,1163,Warm A,0.006057319231331348,0.1111111119389534,0.09176154434680939,0.8765432098765432,1.7881393432617188e-07,0.24428558349609375,0.4442184567451477,,cfg02_G3_D32,2.171714791969862,cuda
evaluation,1996,1163,Warm B,0.0094959931448102,0.1111111119389534,0.11788856983184814,0.7037037037037037,1.1920928955078125e-07,0.4496929347515106,0.323299378156662,,cfg02_G3_D32,2.171714791969862,cuda
evaluation,1996,1163,Warm C,0.01364376675337553,0.1111111119389534,0.13852877914905548,0.6419753086419753,1.1920928955078125e-07,0.5943354368209839,0.2586461007595062,,cfg02_G3_D32,2.171714791969862,cuda
evaluation,1998,1165,Cold,-0.002216137945652008,0.1111111119389534,0.060149408876895905,0.9753086419753086,1.1920928955078125e-07,0.0,0.0,,cfg02_G3_D32,2.171714791969862,cuda
evaluation,1998,1165,Warm A,0.0017679488519206643,0.1111111119389534,0.06589613854885101,0.9259259259259259,1.1920928955078125e-07,0.24989053606987,0.5955886244773865,,cfg02_G3_D32,2.171714791969862,cuda
evaluation,1998,1165,Warm B,0.003844447433948517,0.1111110970377922,0.0905919075012207,0.8518518518518519,1.1920928955078125e-07,0.47679880261421204,0.2892938256263733,,cfg02_G3_D32,2.171714791969862,cuda
evaluation,1998,1165,Warm C,0.006938072852790356,0.1111110970377922,0.11587554961442947,0.7530864197530864,2.384185791015625e-07,0.4494434893131256,0.3286781907081604,,cfg02_G3_D32,2.171714791969862,cuda
evaluation,1999,1166,Cold,0.00018616369925439358,0.111111119389534,0.06311240792274475,0.9876543209876543,2.384185791015625e-07,0.0,0.0,,cfg02_G3_D32,2.171714791969862,cuda
evaluation,1999,1166,Warm A,0.002941523212939501,0.1111111119389534,0.06667878478765488,0.9629629629629629,1.1920928955078125e-07,0.245714470744133,0.5987043976783752,,cfg02_G3_D32,2.171714791969862,cuda
evaluation,1999,1166,Warm B,0.005639056209474802,0.1111111119389534,0.07076731324195862,0.9506172839506173,1.1920928955078125e-07,0.3912411034107208,0.6831395030021667,,cfg02_G3_D32,2.171714791969862,cuda
evaluation,1999,1166,Warm C,0.0037124380469322205,0.1111111119389534,0.06637321412563324,0.9506172839506173,1.1920928955078125e-07,0.4298240542411804,0.5362638235092163,,cfg02_G3_D32,2.171714791969862,cuda
evaluation,2007,1174,Cold,-0.0011700696777552366,0.111111119389534,0.09820223599672318,0.8888888888888888,1.1920928955078125e-07,0.0,0.0,,cfg02_G3_D32,2.171714791969862,cuda
evaluation,2007,1174,Warm A,0.0034175545442849398,0.1111111119389534,0.10398820042610168,0.7901234567901234,2.384185791015625e-07,0.2414366453886032,0.45839300751686096,,cfg02_G3_D32,2.171714791969862,cuda
evaluation,2007,1174,Warm B,0.00780374463647604,0.1111110970377922,0.11823798716068268,0.7037037037037037,1.1920928955078125e-07,0.41641587018966675,0.33088934421539307,,cfg02_G3_D32,2.171714791969862,cuda
evaluation,2007,1174,Warm C,0.005590209271758795,0.1111111119389534,0.11475858092308044,0.7407407407407407,1.1920928955078125e-07,0.4909035861492157,0.42467352747917175,,cfg02_G3_D32,2.171714791969862,cuda
evaluation,2014,1180,Cold,-0.003488339716568589,0.111111119389534,0.08346953988075256,0.9382716049382716,1.1920928955078125e-07,0.0,0.0,,cfg02_G3_D32,2.171714791969862,cuda
evaluation,2014,1180,Warm A,0.001485799322836101,0.111111119389534,0.07624675333499908,0.9135802469135802,1.1920928955078125e-07,0.24807964265346527,0.7312957644462585,,cfg02_G3_D32,2.171714791969862,cuda
evaluation,2014,1180,Warm B,-0.0015161094488576055,0.1111111119389534,0.07639899849891663,0.9506172839506173,1.1920928955078125e-07,0.31519004702568054,0.6785251498222351,,cfg02_G3_D32,2.171714791969862,cuda
evaluation,2014,1180,Warm C,0.00280839204788208,0.1111110970377922,0.07441956549882889,0.9012345679012346,1.1920928955078125e-07,0.3751365840435028,0.5967949628829956,,cfg02_G3_D32,2.171714791969862,cuda
evaluation,2016,1182,Cold,-0.0032216787803918123,0.1111110970377922,0.08593127876520157,0.9382716049382716,1.1920928955078125e-07,0.0,0.0,,cfg02_G3_D32,2.171714791969862,cuda
evaluation,2016,1182,Warm A,0.0011996501125395298,0.1111111119389534,0.08161640912294388,0.9135802469135802,1.1920928955078125e-07,0.23916345834732056,0.6766374707221985,,cfg02_G3_D32,2.171714791969862,cuda
evaluation,2016,1182,Warm B,0.004179665818810463,0.1111111119389534,0.09827126562595367,0.8271604938271605,1.1920928955078125e-07,0.43525341153144836,0.4392196238040924,,cfg02_G3_D32,2.171714791969862,cuda
evaluation,2016,1182,Warm C,0.007402566261589527,0.1111111119389534,0.11466534435749054,0.7160493827160493,1.1920928955078125e-07,0.4399047791957855,0.43197718262672424,,cfg02_G3_D32,2.171714791969862,cuda
evaluation,2017,1183,Cold,-0.0037093639839440584,0.1111111119389534,0.09699680656194687,0.8518518518518519,1.7881393432617188e-07,0.0,0.0,,cfg02_G3_D32,2.171714791969862,cuda
evaluation,2017,1183,Warm A,-0.00022611849999520928,0.1111111119389534,0.08996283262968063,0.8148148148148148,1.1920928955078125e-07,0.25102290511131287,0.7795897126197815,,cfg02_G3_D32,2.171714791969862,cuda
evaluation,2017,1183,Warm B,0.0036791106685996056,0.1111111119389534,0.09618718177080154,0.8148148148148148,1.1920928955078125e-07,0.3450474739074707,0.47776174545288086,,cfg02_G3_D32,2.171714791969862,cuda
evaluation,2017,1183,Warm C,0.007667258381843567,0.1111110970377922,0.11017075926065445,0.7407407407407407,1.7881393432617188e-07,0.4707379639148712,0.6218370199203491,,cfg02_G3_D32,2.171714791969862,cuda
evaluation,2024,1190,Cold,-0.0037165298126637936,0.1111110970377922,0.10579325258731842,0.7901234567901234,1.1920928955078125e-07,0.0,0.0,,cfg02_G3_D32,2.171714791969862,cuda
evaluation,2024,1190,Warm A,-0.004091526847332716,0.1111111119389534,0.10871878266334534,0.7777777777777778,2.384185791015625e-07,0.23104485869407654,0.6557379364967346,,cfg02_G3_D32,2.171714791969862,cuda
evaluation,2024,1190,Warm B,0.00026189637719653547,0.111111119389534,0.100508913397789,0.8148148148148148,1.7881393432617188e-07,0.2704058885574341,0.5979721546173096,,cfg02_G3_D32,2.171714791969862,cuda
evaluation,2024,1190,Warm C,0.0005767952534370124,0.1111111119389534,0.10156147181987762,0.8024691358024691,1.7881393432617188e-07,0.3297160565853119,0.6748303771018982,,cfg02_G3_D32,2.171714791969862,cuda
evaluation,2026,1192,Cold,-0.0004804558411706239,0.111111119389534,0.09238416701555252,0.8888888888888888,2.384185791015625e-07,0.0,0.0,,cfg02_G3_D32,2.171714791969862,cuda
evaluation,2026,1192,Warm A,0.00244150310754776,0.1111111119389534,0.0935002937912941,0.8271604938271605,1.7881393432617188e-07,0.2283356487751007,0.4986701011657715,,cfg02_G3_D32,2.171714791969862,cuda
evaluation,2026,1192,Warm B,0.006438801996409893,0.1111111119389534,0.10937383770942688,0.7530864197530864,1.1920928955078125e-07,0.3295017182826996,0.39613720774650574,,cfg02_G3_D32,2.171714791969862,cuda
evaluation,2026,1192,Warm C,0.005184164270758629,0.1111111119389534,0.09573850780725479,0.8024691358024691,2.384185791015625e-07,0.4247027337551117,0.5131825804710388,,cfg02_G3_D32,2.171714791969862,cuda
evaluation,2027,1193,Cold,-0.0017229745863005519,0.1111111119389534,0.10422694683074951,0.8148148148148148,1.1920928955078125e-07,0.0,0.0,,cfg02_G3_D32,2.171714791969862,cuda
evaluation,2027,1193,Warm A,0.0024458258412778378,0.1111111119389534,0.10776373744010925,0.7777777777777778,2.384185791015625e-07,0.2444887012243271,0.6786845326423645,,cfg02_G3_D32,2.171714791969862,cuda
evaluation,2027,1193,Warm B,0.007833764888346195,0.1111110970377922,0.11389077454805374,0.7283950617283951,1.7881393432617188e-07,0.29191064834594727,0.5207149386405945,,cfg02_G3_D32,2.171714791969862,cuda
evaluation,2027,1193,Warm C,0.011691822670400143,0.1111111119389534,0.12789399921894073,0.6296296296296297,1.1920928955078125e-07,0.4549409747123718,0.3099004328250885,,cfg02_G3_D32,2.171714791969862,cuda
evaluation,2029,1195,Cold,0.00010071041469927877,0.1111111119389534,0.08786381036043167,0.9259259259259259,1.7881393432617188e-07,0.0,0.0,,cfg02_G3_D32,2.171714791969862,cuda
evaluation,2029,1195,Warm A,-0.003323574084788561,0.1111111119389534,0.0998624935746193,0.9012345679012346,2.384185791015625e-07,0.2343529909849167,0.6141292452812195,,cfg02_G3_D32,2.171714791969862,cuda
evaluation,2029,1195,Warm B,-0.006517576053738594,0.111111119389534,0.12014751881361008,0.7777777777777778,2.384185791015625e-07,0.44121772050857544,0.6486856341362,,cfg02_G3_D32,2.171714791969862,cuda
evaluation,2029,1195,Warm C,-0.002170439576730132,0.1111111119389534,0.10795052349567413,0.8518518518518519,2.384185791015625e-07,0.41283977031707764,0.517062783241272,,cfg02_G3_D32,2.171714791969862,cuda
evaluation,2036,1197,Cold,-0.000205762597033754,0.1111110970377922,0.08271744102239609,0.9259259259259259,2.384185791015625e-07,0.0,0.0,,cfg02_G3_D32,2.171714791969862,cuda
evaluation,2036,1197,Warm A,0.003299014875665307,0.1111111119389534,0.09268999099731445,0.8395061728395061,2.384185791015625e-07,0.23759342730045319,0.4114644229412079,,cfg02_G3_D32,2.171714791969862,cuda
evaluation,2036,1197,Warm B,0.006561971735209227,0.1111111119389534,0.11101266741752625,0.7654320987654321,1.7881393432617188e-07,0.4255253076553345,0.3971084952354431,,cfg02_G3_D32,2.171714791969862,cuda
evaluation,2036,1197,Warm C,0.011143107898533344,0.1111111119389534,0.13221299648284912,0.6419753086419753,1.1920928955078125e-07,0.6176531314849854,0.23862071335315704,,cfg02_G3_D32,2.171714791969862,cuda
evaluation,2038,1198,Cold,-0.001010043895803392,0.111111119389534,0.06939465552568436,0.9629629629629629,1.1920928955078125e-07,0.0,0.0,,cfg02_G3_D32,2.171714791969862,cuda
evaluation,2038,1198,Warm A,0.004526042379438877,0.1111111119389534,0.08002515882253647,0.8765432098765432,1.7881393432617188e-07,0.24481455981731415,0.6157222986221313,,cfg02_G3_D32,2.171714791969862,cuda
evaluation,2038,1198,Warm B,0.0036108375061303377,0.111111119389534,0.08294287323951721,0.9012345679012346,2.384185791015625e-07,0.3620375394821167,0.603560745716095,,cfg02_G3_D32,2.171714791969862,cuda
evaluation,2038,1198,Warm C,0.007498207502067089,0.1111111119389534,0.1004965603351593,0.8148148148148148,2.384185791015625e-07,0.4328586161136627,0.5041258931159973,,cfg02_G3_D32,2.171714791969862,cuda
evaluation,2040,1199,Cold,-0.0037287434097379446,0.111111119389534,0.09237909317016602,0.8888888888888888,3.5762786865234375e-07,0.0,0.0,,cfg02_G3_D32,2.171714791969862,cuda
evaluation,2040,1199,Warm A,0.0005516892415471375,0.1111111119389534,0.08613782376050949,0.8765432098765432,1.1920928955078125e-07,0.23128417134284973,0.5802375078201294,,cfg02_G3_D32,2.171714791969862,cuda
evaluation,2040,1199,Warm B,0.0050058262422680855,0.1111111119389534,0.09652135521173477,0.7901234567901234,1.1920928955078125e-07,0.3784037232398987,0.5227614641189575,,cfg02_G3_D32,2.171714791969862,cuda
evaluation,2040,1199,Warm C,0.007862670347094536,0.1111110970377922,0.10810091346502304,0.7407407407407407,1.1920928955078125e-07,0.4820820987224579,0.4577217102050781,,cfg02_G3_D32,2.171714791969862,cuda
evaluation,2041,1200,Cold,-0.0028815297409892082,0.1111111119389534,0.08266342431306839,0.9259259259259259,1.1920928955078125e-07,0.0,0.0,,cfg02_G3_D32,2.171714791969862,cuda
evaluation,2041,1200,Warm A,0.002018202096223831,0.1111111119389534,0.08197139203548431,0.8641975308641975,1.1920928955078125e-07,0.24923288822174072,0.7261467576026917,,cfg02_G3_D32,2.171714791969862,cuda
evaluation,2041,1200,Warm B,0.00540516059845686,0.1111111119389534,0.10071741044521332,0.8271604938271605,1.1920928955078125e-07,0.4383696913719177,0.5489717721939087,,cfg02_G3_D32,2.171714791969862,cuda
evaluation,2041,1200,Warm C,0.008612855337560177,0.111111119389534,0.1166684627532959,0.7407407407407407,2.384185791015625e-07,0.593924880027771,0.47272592782974243,,cfg02_G3_D32,2.171714791969862,cuda
evaluation,2042,1201,Cold,0.00028665445279330015,0.1111111119389534,0.0809185802936554,0.9259259259259259,1.1920928955078125e-07,0.0,0.0,,cfg02_G3_D32,2.171714791969862,cuda
evaluation,2042,1201,Warm A,0.002996426308527589,0.1111111119389534,0.09701281040906906,0.8271604938271605,1.1920928955078125e-07,0.2412361204624176,0.4154180586338043,,cfg02_G3_D32,2.171714791969862,cuda
evaluation,2042,1201,Warm B,0.001968798926100135,0.1111111119389534,0.08966723084449768,0.8395061728395061,5.960464477539063e-08,0.3459393084049225,0.551395833492279,,cfg02_G3_D32,2.171714791969862,cuda
evaluation,2042,1201,Warm C,0.006750047206878662,0.111111119389534,0.10754047334194183,0.7901234567901234,2.384185791015625e-07,0.43673762679100037,0.4755953848361969,,cfg02_G3_D32,2.171714791969862,cuda
evaluation,2043,1202,Cold,-0.0036356875207275152,0.1111110970377922,0.09923690557479858,0.8395061728395061,2.980232238769531e-07,0.0,0.0,,cfg02_G3_D32,2.171714791969862,cuda
evaluation,2043,1202,Warm A,-0.0004850763943977654,0.1111111119389534,0.09133663773536682,0.8271604938271605,1.1920928955078125e-07,0.24658146500587463,0.6386989951133728,,cfg02_G3_D32,2.171714791969862,cuda
evaluation,2043,1202,Warm B,0.0018629878759384155,0.111111119389534,0.09488718956708908,0.8148148148148148,1.1920928955078125e-07,0.3680853545665741,0.5263539552688599,,cfg02_G3_D32,2.171714791969862,cuda
evaluation,2043,1202,Warm C,0.004034172277897596,0.1111110970377922,0.10037901252508163,0.7777777777777778,1.1920928955078125e-07,0.4788353443145752,0.6183547377586365,,cfg02_G3_D32,2.171714791969862,cuda
evaluation,2048,1204,Cold,-0.0016228413442149758,0.1111111119389534,0.07850241661071777,0.9382716049382716,1.1920928955078125e-07,0.0,0.0,,cfg02_G3_D32,2.171714791969862,cuda
evaluation,2048,1204,Warm A,0.00245713465847075,0.1111111119389534,0.08605624735355377,0.9259259259259259,2.384185791015625e-07,0.23637059330940247,0.6181132197380066,,cfg02_G3_D32,2.171714791969862,cuda
evaluation,2048,1204,Warm B,-0.0025368258357048035,0.1111111119389534,0.07861641049385071,0.9382716049382716,1.1920928955078125e-07,0.3326508104801178,0.4154634475708008,,cfg02_G3_D32,2.171714791969862,cuda
evaluation,2048,1204,Warm C,0.004304978065192699,0.1111111119389534,0.08565200865268707,0.8641975308641975,1.1920928955078125e-07,0.4323447644710541,0.576727569103241,,cfg02_G3_D32,2.171714791969862,cuda
evaluation,2050,1205,Cold,-0.0015538292936980724,0.1111111119389534,0.0733044371008873,0.9382716049382716,2.980232238769531e-07,0.0,0.0,,cfg02_G3_D32,2.171714791969862,cuda
evaluation,2050,1205,Warm A,0.00357240648008883,0.1111111119389534,0.08132153749465942,0.9012345679012346,2.384185791015625e-07,0.24058416485786438,0.5856243968009949,,cfg02_G3_D32,2.171714791969862,cuda
evaluation,2050,1205,Warm B,0.006846058648079634,0.1111111119389534,0.10231480002403259,0.8024691358024691,1.7881393432617188e-07,0.3543785512447357,0.4218752980232239,,cfg02_G3_D32,2.171714791969862,cuda
evaluation,2050,1205,Warm C,0.01046344917267561,0.1111111119389534,0.1229546070098877,0.691358024691358,1.7881393432617188e-07,0.4905107021331787,0.39629989862442017,,cfg02_G3_D32,2.171714791969862,cuda
evaluation,2051,1206,Cold,-0.002388515044003725,0.1111111119389534,0.07920337468385696,0.9259259259259259,1.7881393432617188e-07,0.0,0.0,,cfg02_G3_D32,2.171714791969862,cuda
evaluation,2051,1206,Warm A,0.0025621489621698856,0.111111119389534,0.08434967696666718,0.8765432098765432,2.384185791015625e-07,0.23856696486473083,0.4845341742038727,,cfg02_G3_D32,2.171714791969862,cuda
evaluation,2051,1206,Warm B,0.005502808373421431,0.1111111119389534,0.10483111441135406,0.7530864197530864,2.384185791015625e-07,0.43471643328666687,0.39595919847488403,,cfg02_G3_D32,2.171714791969862,cuda
evaluation,2051,1206,Warm C,0.00968482717871666,0.1111110970377922,0.12125655263662338,0.7283950617283951,2.384185791015625e-07,0.5411065220832825,0.5004470348358154,,cfg02_G3_D32,2.171714791969862,cuda
evaluation,2052,1207,Cold,-0.000603407621383667,0.111111119389534,0.08363612741231918,0.9135802469135802,1.1920928955078125e-07,0.0,0.0,,cfg02_G3_D32,2.171714791969862,cuda
evaluation,2052,1207,Warm A,0.004111183807253838,0.1111111119389534,0.0927705243229866,0.8271604938271605,1.1920928955078125e-07,0.23878248035907745,0.5065622329711914,,cfg02_G3_D32,2.171714791969862,cuda
evaluation,2052,1207,Warm B,0.007686643861234188,0.1111110970377922,0.10641131550073624,0.7654320987654321,1.1920928955078125e-07,0.39881396293640137,0.3357660472393036,,cfg02_G3_D32,2.171714791969862,cuda
evaluation,2052,1207,Warm C,0.003170978045091033,0.1111111119389534,0.08847219496965408,0.8641975308641975,1.1920928955078125e-07,0.4231081008911133,0.613200843334198,,cfg02_G3_D32,2.171714791969862,cuda
evaluation,2057,1210,Cold,-0.003338221460580826,0.1111110970377922,0.093679279088974,0.8641975308641975,2.384185791015625e-07,0.0,0.0,,cfg02_G3_D32,2.171714791969862,cuda
evaluation,2057,1210,Warm A,0.001666117226704955,0.1111111119389534,0.08827625215053558,0.8271604938271605,1.1920928955078125e-07,0.2333371341228485,0.7106439471244812,,cfg02_G3_D32,2.171714791969862,cuda
evaluation,2057,1210,Warm B,0.0010425170185044408,0.1111111119389534,0.08403536677360535,0.8271604938271605,2.384185791015625e-07,0.3040786385536194,0.6423266530036926,,cfg02_G3_D32,2.171714791969862,cuda
evaluation,2057,1210,Warm C,0.002203252399340272,0.1111111119389534,0.09182947874069214,0.8271604938271605,1.7881393432617188e-07,0.39046192169189453,0.4942750632762909,,cfg02_G3_D32,2.171714791969862,cuda
evaluation,2060,1213,Cold,-0.0012052843812853098,0.1111111119389534,0.10028254240751266,0.8641975308641975,3.5762786865234375e-07,0.0,0.0,,cfg02_G3_D32,2.171714791969862,cuda
evaluation,2060,1213,Warm A,0.00396061921492219,0.1111111119389534,0.10058678686618805,0.8024691358024691,2.384185791015625e-07,0.23615245521068573,0.49490806460380554,,cfg02_G3_D32,2.171714791969862,cuda
evaluation,2060,1213,Warm B,0.004281439818441868,0.1111111119389534,0.10200183838605881,0.7901234567901234,1.1920928955078125e-07,0.2997310757637024,0.6270326375961304,,cfg02_G3_D32,2.171714791969862,cuda
evaluation,2060,1213,Warm C,0.005620748735964298,0.1111111119389534,0.10086486488580704,0.7901234567901234,1.1920928955078125e-07,0.3868606984615326,0.544255256652832,,cfg02_G3_D32,2.171714791969862,cuda
evaluation,2062,1214,Cold,-0.0020184440072625875,0.111111119389534,0.1022171899676323,0.8395061728395061,2.384185791015625e-07,0.0,0.0,,cfg02_G3_D32,2.171714791969862,cuda
evaluation,2062,1214,Warm A,0.0018373971106484532,0.1111111119389534,0.10460180789232254,0.7901234567901234,2.384185791015625e-07,0.2410527616739273,0.698886513710022,,cfg02_G3_D32,2.171714791969862,cuda
evaluation,2062,1214,Warm B,-0.0017398272175341845,0.1111110970377922,0.10331029444932938,0.8148148148148148,5.960464477539063e-08,0.26683416962623596,0.5757068991661072,,cfg02_G3_D32,2.171714791969862,cuda
evaluation,2062,1214,Warm C,0.0030012468341737986,0.1111111119389534,0.10444708913564682,0.7283950617283951,1.1920928955078125e-07,0.39566096663475037,0.5559768676757812,,cfg02_G3_D32,2.171714791969862,cuda
evaluation,2066,1217,Cold,-0.005851174704730511,0.1111110970377922,0.13746489584445953,0.654320987654321,2.384185791015625e-07,0.0,0.0,,cfg02_G3_D32,2.171714791969862,cuda
evaluation,2066,1217,Warm A,-0.009671822190284729,0.1111111119389534,0.1478853076696396,0.5802469135802469,2.384185791015625e-07,0.24934497475624084,0.4945182502269745,,cfg02_G3_D32,2.171714791969862,cuda
evaluation,2066,1217,Warm B,-0.006021466571837664,0.1111111119389534,0.1389944851398468,0.6296296296296297,1.1920928955078125e-07,0.29594728350639343,0.5378671288490295,,cfg02_G3_D32,2.171714791969862,cuda
evaluation,2066,1217,Warm C,-0.0062833200208842754,0.1111111119389534,0.1373572051525116,0.654320987654321,1.1920928955078125e-07,0.3459828495979309,0.5892796516418457,,cfg02_G3_D32,2.171714791969862,cuda
evaluation,2068,1219,Cold,-0.004413344897329807,0.1111111119389534,0.10964244604110718,0.8518518518518519,2.384185791015625e-07,0.0,0.0,,cfg02_G3_D32,2.171714791969862,cuda
evaluation,2068,1219,Warm A,-0.008377949707210064,0.1111111119389534,0.12733754515647888,0.7283950617283951,1.1920928955078125e-07,0.23332419991493225,0.5263022780418396,,cfg02_G3_D32,2.171714791969862,cuda
evaluation,2068,1219,Warm B,-0.007049815263599157,0.111111119389534,0.11471248418092728,0.7901234567901234,2.384185791015625e-07,0.35768255591392517,0.820205807685852,,cfg02_G3_D32,2.171714791969862,cuda
evaluation,2068,1219,Warm C,-0.009059774689376354,0.1111111119389534,0.12495110929012299,0.7407407407407407,1.1920928955078125e-07,0.3990080952644348,0.46433860063552856,,cfg02_G3_D32,2.171714791969862,cuda
evaluation,2069,1220,Cold,-0.003883074037730694,0.1111111119389534,0.10356441140174866,0.8395061728395061,1.1920928955078125e-07,0.0,0.0,,cfg02_G3_D32,2.171714791969862,cuda
evaluation,2069,1220,Warm A,-0.004379902966320515,0.1111111119389534,0.11046026647090912,0.7901234567901234,1.1920928955078125e-07,0.23467226326465607,0.6941692233085632,,cfg02_G3_D32,2.171714791969862,cuda
evaluation,2069,1220,Warm B,-0.005004183854907751,0.1111111119389534,0.1118987649679184,0.7901234567901234,1.1920928955078125e-07,0.3002828061580658,0.517802894115448,,cfg02_G3_D32,2.171714791969862,cuda
evaluation,2069,1220,Warm C,-0.001561625860631466,0.1111111119389534,0.09804355353116989,0.8271604938271605,1.1920928955078125e-07,0.4207395613193512,0.5865009427070618,,cfg02_G3_D32,2.171714791969862,cuda
evaluation,2071,1222,Cold,-0.0031870256643742323,0.111111119389534,0.10628760606050491,0.7777777777777778,1.1920928955078125e-07,0.0,0.0,,cfg02_G3_D32,2.171714791969862,cuda
evaluation,2071,1222,Warm A,-0.0056555443443357944,0.1111111119389534,0.11698918789625168,0.7901234567901234,2.384185791015625e-07,0.23271073400974274,0.6345762610435486,,cfg02_G3_D32,2.171714791969862,cuda
evaluation,2071,1222,Warm B,-0.004344583954662085,0.1111111119389534,0.11642361432313919,0.8148148148148148,1.1920928955078125e-07,0.30830737948417664,0.5793444514274597,,cfg02_G3_D32,2.171714791969862,cuda
evaluation,2071,1222,Warm C,-0.002293647499755025,0.111111119389534,0.10649124532938004,0.8148148148148148,2.384185791015625e-07,0.46681150794029236,0.7471016049385071,,cfg02_G3_D32,2.171714791969862,cuda
evaluation,2073,1224,Cold,-0.0029376205056905746,0.1111111119389534,0.09040515869855881,0.9135802469135802,2.384185791015625e-07,0.0,0.0,,cfg02_G3_D32,2.171714791969862,cuda
evaluation,2073,1224,Warm A,-0.003990561235696077,0.111111119389534,0.09264135360717773,0.8765432098765432,1.1920928955078125e-07,0.22705872356891632,0.5499133467674255,,cfg02_G3_D32,2.171714791969862,cuda
evaluation,2073,1224,Warm B,-0.0016389662632718682,0.1111111119389534,0.09577330946922302,0.8641975308641975,2.384185791015625e-07,0.25187116861343384,0.6899167895317078,,cfg02_G3_D32,2.171714791969862,cuda
evaluation,2073,1224,Warm C,-0.0019480541814118624,0.1111111119389534,0.10324305295944214,0.8148148148148148,2.384185791015625e-07,0.38002490997314453,0.4794304072856903,,cfg02_G3_D32,2.171714791969862,cuda
evaluation,2075,1225,Cold,-0.0045452602207660675,0.1111111119389534,0.11265990138053894,0.8024691358024691,1.1920928955078125e-07,0.0,0.0,,cfg02_G3_D32,2.171714791969862,cuda
evaluation,2075,1225,Warm A,-0.006282519549131393,0.1111111119389534,0.12898603081703186,0.7283950617283951,5.960464477539063e-08,0.24354974925518036,0.3432563543319702,,cfg02_G3_D32,2.171714791969862,cuda
evaluation,2075,1225,Warm B,-0.0015245589893311262,0.1111111119389534,0.11250212788581848,0.7901234567901234,1.1920928955078125e-07,0.24768070876598358,0.7152838110923767,,cfg02_G3_D32,2.171714791969862,cuda
evaluation,2075,1225,Warm C,-0.000970312103163451,0.1111111119389534,0.10457798838615417,0.8395061728395061,1.7881393432617188e-07,0.38168013095855713,0.42729654908180237,,cfg02_G3_D32,2.171714791969862,cuda
evaluation,2077,1227,Cold,-0.0010005299700424075,0.1111111119389534,0.07072296738624573,0.9506172839506173,1.7881393432617188e-07,0.0,0.0,,cfg02_G3_D32,2.171714791969862,cuda
evaluation,2077,1227,Warm A,-4.1518957004882395e-05,0.1111111119389534,0.07742838561534882,0.9382716049382716,1.1920928955078125e-07,0.2195325344800949,0.5360337495803833,,cfg02_G3_D32,2.171714791969862,cuda
evaluation,2077,1227,Warm B,-0.002702346770092845,0.1111111119389534,0.0782020315527916,0.9259259259259259,2.384185791015625e-07,0.29556289315223694,0.6516051292419434,,cfg02_G3_D32,2.171714791969862,cuda
evaluation,2077,1227,Warm C,2.759437484201044e-05,0.111111119389534,0.07936643809080124,0.9012345679012346,1.1920928955078125e-07,0.4006010890007019,0.5609769821166992,,cfg02_G3_D32,2.171714791969862,cuda
evaluation,2084,1233,Cold,0.0003024186007678509,0.111111119389534,0.07641687989234924,0.9506172839506173,1.7881393432617188e-07,0.0,0.0,,cfg02_G3_D32,2.171714791969862,cuda
evaluation,2084,1233,Warm A,0.002779208356514573,0.1111111119389534,0.08470243215560913,0.9259259259259259,1.1920928955078125e-07,0.22840911149978638,0.6746969223022461,,cfg02_G3_D32,2.171714791969862,cuda
evaluation,2084,1233,Warm B,-0.0019027689704671502,0.1111111119389534,0.08037122339010239,0.9012345679012346,1.1920928955078125e-07,0.32805413007736206,0.5609673261642456,,cfg02_G3_D32,2.171714791969862,cuda
evaluation,2084,1233,Warm C,0.0030365814454853535,0.1111111119389534,0.09161889553070068,0.8641975308641975,1.1920928955078125e-07,0.4220670759677887,0.5975427031517029,,cfg02_G3_D32,2.171714791969862,cuda
evaluation,2091,1239,Cold,0.0003359174879733473,0.111111119389534,0.06482396274805069,0.9629629629629629,1.1920928955078125e-07,0.0,0.0,,cfg02_G3_D32,2.171714791969862,cuda
evaluation,2091,1239,Warm A,0.004437773488461971,0.1111111119389534,0.08089244365692139,0.9012345679012346,2.384185791015625e-07,0.24879446625709534,0.4749603271484375,,cfg02_G3_D32,2.171714791969862,cuda
evaluation,2091,1239,Warm B,0.003044316079467535,0.1111110970377922,0.06935233622789383,0.9382716049382716,1.1920928955078125e-07,0.2286313772201538,0.4313771426677704,,cfg02_G3_D32,2.171714791969862,cuda
evaluation,2091,1239,Warm C,0.007173371966928244,0.1111110970377922,0.09040579199790955,0.8271604938271605,2.384185791015625e-07,0.33790475130081177,0.5775829553604126,,cfg02_G3_D32,2.171714791969862,cuda
evaluation,2092,1240,Cold,-0.0009782856795936823,0.1111111119389534,0.08359777927398682,0.9012345679012346,2.384185791015625e-07,0.0,0.0,,cfg02_G3_D32,2.171714791969862,cuda
evaluation,2092,1240,Warm A,0.0032340388279408216,0.1111110970377922,0.09266892820596695,0.8395061728395061,1.7881393432617188e-07,0.24558451771736145,0.5219411253929138,,cfg02_G3_D32,2.171714791969862,cuda
evaluation,2092,1240,Warm B,0.0074794115498661995,0.1111110970377922,0.11008527874946594,0.7530864197530864,1.1920928955078125e-07,0.39157283306121826,0.31505560874938965,,cfg02_G3_D32,2.171714791969862,cuda
evaluation,2092,1240,Warm C,0.010506927035748959,0.111111119389534,0.1288149207830429,0.654320987654321,1.1920928955078125e-07,0.530155599117279,0.330780029296875,,cfg02_G3_D32,2.171714791969862,cuda
evaluation,2095,1243,Cold,-0.0027085174806416035,0.1111111119389534,0.08040396124124527,0.9506172839506173,2.384185791015625e-07,0.0,0.0,,cfg02_G3_D32,2.171714791969862,cuda
evaluation,2095,1243,Warm A,0.0007755688275210559,0.1111111119389534,0.08200045675039291,0.9012345679012346,1.1920928955078125e-07,0.24257174134254456,0.5516122579574585,,cfg02_G3_D32,2.171714791969862,cuda
evaluation,2095,1243,Warm B,0.0049874125979840755,0.1111110970377922,0.09803926944732666,0.8271604938271605,2.980232238769531e-07,0.3473797142505646,0.5914236903190613,,cfg02_G3_D32,2.171714791969862,cuda
evaluation,2095,1243,Warm C,0.004189546685665846,0.1111111119389534,0.09713688492774963,0.8148148148148148,1.1920928955078125e-07,0.3515530824661255,0.5283317565917969,,cfg02_G3_D32,2.171714791969862,cuda
evaluation,2098,1246,Cold,-0.0023389607667922974,0.111111119389534,0.09222135692834854,0.8518518518518519,1.1920928955078125e-07,0.0,0.0,,cfg02_G3_D32,2.171714791969862,cuda
evaluation,2098,1246,Warm A,0.0019859340973198414,0.1111111119389534,0.09227293729782104,0.8148148148148148,2.384185791015625e-07,0.24710319936275482,0.4797898232936859,,cfg02_G3_D32,2.171714791969862,cuda
evaluation,2098,1246,Warm B,0.006906422786414623,0.1111110970377922,0.10412892699241638,0.7160493827160493,1.7881393432617188e-07,0.40659812092781067,0.5280253291130066,,cfg02_G3_D32,2.171714791969862,cuda
evaluation,2098,1246,Warm C,0.005398253444582224,0.1111110970377922,0.09820657968521118,0.8024691358024691,1.1920928955078125e-07,0.45092928409576416,0.6528090238571167,,cfg02_G3_D32,2.171714791969862,cuda
evaluation,2102,1249,Cold,-0.004724225960671902,0.1111111119389534,0.12931008636951447,0.7160493827160493,1.1920928955078125e-07,0.0,0.0,,cfg02_G3_D32,2.171714791969862,cuda
evaluation,2102,1249,Warm A,-0.0015016801189631224,0.1111111119389534,0.11942148953676224,0.7530864197530864,1.7881393432617188e-07,0.24987567961215973,0.8281978964805603,,cfg02_G3_D32,2.171714791969862,cuda
evaluation,2102,1249,Warm B,0.0018004633020609617,0.1111111119389534,0.112903892993927,0.7160493827160493,5.960464477539063e-08,0.4294397830963135,0.6195169687271118,,cfg02_G3_D32,2.171714791969862,cuda
evaluation,2102,1249,Warm C,8.847555000102147e-05,0.111111119389534,0.12412391602993011,0.7283950617283951,2.384185791015625e-07,0.4341675341129303,0.5354881286621094,,cfg02_G3_D32,2.171714791969862,cuda
evaluation,2106,1251,Cold,-0.002413014881312847,0.1111110970377922,0.10247147083282471,0.8024691358024691,2.980232238769531e-07,0.0,0.0,,cfg02_G3_D32,2.171714791969862,cuda
evaluation,2106,1251,Warm A,0.0018565658247098327,0.111111119389534,0.10126649588346481,0.7901234567901234,2.384185791015625e-07,0.22968880832195282,0.802582859992981,,cfg02_G3_D32,2.171714791969862,cuda
evaluation,2106,1251,Warm B,0.0025673434138298035,0.1111111119389534,0.10179009288549423,0.7901234567901234,1.1920928955078125e-07,0.2862611711025238,0.5189715027809143,,cfg02_G3_D32,2.171714791969862,cuda
evaluation,2106,1251,Warm C,0.006312905345112085,0.1111111119389534,0.10478243976831436,0.7530864197530864,2.384185791015625e-07,0.3663116991519928,0.6316796541213989,,cfg02_G3_D32,2.171714791969862,cuda
evaluation,2107,1252,Cold,-0.0009354770299978554,0.1111111119389534,0.0926276370882988,0.9012345679012346,1.1920928955078125e-07,0.0,0.0,,cfg02_G3_D32,2.171714791969862,cuda
evaluation,2107,1252,Warm A,0.0034793096128851175,0.1111111119389534,0.09817337244749069,0.8271604938271605,1.1920928955078125e-07,0.24263203144073486,0.3783438503742218,,cfg02_G3_D32,2.171714791969862,cuda
evaluation,2107,1252,Warm B,0.007976075634360313,0.1111110970377922,0.11442193388938904,0.7283950617283951,2.384185791015625e-07,0.39604154229164124,0.36880573630332947,,cfg02_G3_D32,2.171714791969862,cuda
evaluation,2107,1252,Warm C,0.004607971757650375,0.1111111119389534,0.09947588294744492,0.8148148148148148,1.7881393432617188e-07,0.4180656373500824,0.5940901041030884,,cfg02_G3_D32,2.171714791969862,cuda
evaluation,2113,1258,Cold,-0.0007348473882302642,0.1111111119389534,0.07994630187749863,0.9506172839506173,1.1920928955078125e-07,0.0,0.0,,cfg02_G3_D32,2.171714791969862,cuda
evaluation,2113,1258,Warm A,0.004029450472444296,0.111111119389534,0.0903235599398613,0.8888888888888888,2.384185791015625e-07,0.2503131628036499,0.5089326500892639,,cfg02_G3_D32,2.171714791969862,cuda
evaluation,2113,1258,Warm B,0.009197833016514778,0.1111111119389534,0.11110226809978485,0.7901234567901234,1.1920928955078125e-07,0.471729576587677,0.49898120760917664,,cfg02_G3_D32,2.171714791969862,cuda
evaluation,2113,1258,Warm C,0.011594963259994984,0.1111111119389534,0.1253627985715866,0.654320987654321,1.1920928955078125e-07,0.5577618479728699,0.37310710549354553,,cfg02_G3_D32,2.171714791969862,cuda
evaluation,2119,1264,Cold,-0.0014912476763129234,0.1111111119389534,0.06008634343743324,0.9876543209876543,2.384185791015625e-07,0.0,0.0,,cfg02_G3_D32,2.171714791969862,cuda
evaluation,2119,1264,Warm A,0.0024479448329657316,0.1111111119389534,0.07347307354211807,0.9629629629629629,1.1920928955078125e-07,0.23885974287986755,0.7551230788230896,,cfg02_G3_D32,2.171714791969862,cuda
evaluation,2119,1264,Warm B,0.006181433796882629,0.1111111119389534,0.1007860004901886,0.8641975308641975,1.1920928955078125e-07,0.44326499104499817,0.26701900362968445,,cfg02_G3_D32,2.171714791969862,cuda
evaluation,2119,1264,Warm C,0.008703230880200863,0.1111111119389534,0.10936155170202255,0.7901234567901234,2.384185791015625e-07,0.3862709701061249,0.32357168197631836,,cfg02_G3_D32,2.171714791969862,cuda
evaluation,2148,1289,Cold,-0.002408393658697605,0.1111111119389534,0.07282587140798569,0.9753086419753086,1.1920928955078125e-07,0.0,0.0,,cfg02_G3_D32,2.171714791969862,cuda
evaluation,2148,1289,Warm A,0.001750973635353148,0.1111111119389534,0.07679256796836853,0.9259259259259259,2.384185791015625e-07,0.23198150098323822,0.5795508623123169,,cfg02_G3_D32,2.171714791969862,cuda
evaluation,2148,1289,Warm B,0.0048184166662395,0.1111111119389534,0.10246789455413818,0.7901234567901234,2.384185791015625e-07,0.4004780650138855,0.36013874411582947,,cfg02_G3_D32,2.171714791969862,cuda
evaluation,2148,1289,Warm C,-1.766238347045146e-05,0.1111111119389534,0.08359694480895996,0.8765432098765432,1.1920928955078125e-07,0.43555131554603577,0.6364002227783203,,cfg02_G3_D32,2.171714791969862,cuda
evaluation,2149,1290,Cold,-0.0020485306158661842,0.1111110970377922,0.0741846039891243,0.9753086419753086,1.1920928955078125e-07,0.0,0.0,,cfg02_G3_D32,2.171714791969862,cuda
evaluation,2149,1290,Warm A,0.004238321911543608,0.111111119389534,0.07872426509857178,0.9135802469135802,1.1920928955078125e-07,0.25011786818504333,0.5669110417366028,,cfg02_G3_D32,2.171714791969862,cuda
evaluation,2149,1290,Warm B,0.006933893542736769,0.111111119389534,0.10078718513250351,0.8024691358024691,1.1920928955078125e-07,0.3615385890007019,0.3411586284637451,,cfg02_G3_D32,2.171714791969862,cuda
evaluation,2149,1290,Warm C,0.012205978855490685,0.111111119389534,0.12418405711650848,0.7407407407407407,2.384185791015625e-07,0.5587818026542664,0.14110110700130463,,cfg02_G3_D32,2.171714791969862,cuda
evaluation,2151,1292,Cold,-0.002031290903687477,0.1111111119389534,0.08635114133358002,0.9259259259259259,2.384185791015625e-07,0.0,0.0,,cfg02_G3_D32,2.171714791969862,cuda
evaluation,2151,1292,Warm A,0.0035624897573143244,0.1111111119389534,0.08926945924758911,0.8888888888888888,2.384185791015625e-07,0.22544698417186737,0.5712190866470337,,cfg02_G3_D32,2.171714791969862,cuda
evaluation,2151,1292,Warm B,0.004915500991046429,0.1111111119389534,0.0934731662273407,0.8271604938271605,2.384185791015625e-07,0.2780362069606781,0.532325267791748,,cfg02_G3_D32,2.171714791969862,cuda
evaluation,2151,1292,Warm C,-0.000965937681030482,0.1111111119389534,0.0903310626745224,0.8765432098765432,2.384185791015625e-07,0.32063138484954834,0.7519011497497559,,cfg02_G3_D32,2.171714791969862,cuda
evaluation,2152,1293,Cold,0.000858278654050082,0.1111111119389534,0.08684495091438293,0.9012345679012346,2.384185791015625e-07,0.0,0.0,,cfg02_G3_D32,2.171714791969862,cuda
evaluation,2152,1293,Warm A,0.004390322603285313,0.1111111119389534,0.10189703106880188,0.7654320987654321,5.960464477539063e-08,0.2465141862630844,0.4127808213233948,,cfg02_G3_D32,2.171714791969862,cuda
evaluation,2152,1293,Warm B,0.010578101500868797,0.111111119389534,0.12067920714616776,0.691358024691358,2.384185791015625e-07,0.41627588868141174,0.3680349886417389,,cfg02_G3_D32,2.171714791969862,cuda
evaluation,2152,1293,Warm C,0.012759445235133171,0.1111110970377922,0.13424807786941528,0.6172839506172839,2.384185791015625e-07,0.5292102694511414,0.3220784366130829,,cfg02_G3_D32,2.171714791969862,cuda
evaluation,2154,1295,Cold,-0.0013933745212852955,0.1111111119389534,0.09732562303543091,0.8765432098765432,1.1920928955078125e-07,0.0,0.0,,cfg02_G3_D32,2.171714791969862,cuda
evaluation,2154,1295,Warm A,0.0031897646840661764,0.1111111119389534,0.10360559076070786,0.8148148148148148,2.384185791015625e-07,0.2415458858013153,0.7576044201850891,,cfg02_G3_D32,2.171714791969862,cuda
evaluation,2154,1295,Warm B,0.003831811947748065,0.1111111119389534,0.10060657560825348,0.7901234567901234,1.7881393432617188e-07,0.23286186158657074,0.5759161114692688,,cfg02_G3_D32,2.171714791969862,cuda
evaluation,2154,1295,Warm C,0.007482382468879223,0.1111111119389534,0.11566875129938126,0.6790123456790124,1.7881393432617188e-07,0.3526291847229004,0.48739615082740784,,cfg02_G3_D32,2.171714791969862,cuda
evaluation,2162,1300,Cold,-0.0001786627108231187,0.1111111119389534,0.0725114643573761,0.9629629629629629,1.1920928955078125e-07,0.0,0.0,,cfg02_G3_D32,2.171714791969862,cuda
evaluation,2162,1300,Warm A,0.00317973829805851,0.1111111119389534,0.08864996582269669,0.9012345679012346,2.384185791015625e-07,0.25423750281333923,0.4924725592136383,,cfg02_G3_D32,2.171714791969862,cuda
evaluation,2162,1300,Warm B,0.005800656974315643,0.1111111119389534,0.1096465215086937,0.7530864197530864,1.1920928955078125e-07,0.45063990354537964,0.2616202235221863,,cfg02_G3_D32,2.171714791969862,cuda
evaluation,2162,1300,Warm C,0.010157904587686062,0.111111119389534,0.12572738528251648,0.691358024691358,1.1920928955078125e-07,0.5301743149757385,0.5499262809753418,,cfg02_G3_D32,2.171714791969862,cuda
evaluation,2165,1302,Cold,-0.002669913461431861,0.1111111119389534,0.108085997402668,0.8024691358024691,1.7881393432617188e-07,0.0,0.0,,cfg02_G3_D32,2.171714791969862,cuda
evaluation,2165,1302,Warm A,0.001482567167840898,0.1111111119389534,0.10377280414104462,0.7654320987654321,2.384185791015625e-07,0.22889883816242218,0.6326295733451843,,cfg02_G3_D32,2.171714791969862,cuda
evaluation,2165,1302,Warm B,-0.0031433873809874058,0.1111111119389534,0.1096852496266365,0.8271604938271605,1.7881393432617188e-07,0.2670878767967224,0.8793695569038391,,cfg02_G3_D32,2.171714791969862,cuda
evaluation,2165,1302,Warm C,-0.001577855204232037,0.1111111119389534,0.11022032797336578,0.7901234567901234,1.1920928955078125e-07,0.4070613980293274,0.7301050424575806,,cfg02_G3_D32,2.171714791969862,cuda
evaluation,2166,1303,Cold,-0.0006614177254959941,0.1111111119389534,0.09476201981306076,0.8888888888888888,2.384185791015625e-07,0.0,0.0,,cfg02_G3_D32,2.171714791969862,cuda
evaluation,2166,1303,Warm A,-0.00032705877674743533,0.1111111119389534,0.09719038754701614,0.8271604938271605,1.1920928955078125e-07,0.23662100732326508,0.6354815363883972,,cfg02_G3_D32,2.171714791969862,cuda
evaluation,2166,1303,Warm B,-0.005135270766913891,0.1111111119389534,0.0977964773774147,0.8271604938271605,1.7881393432617188e-07,0.34347137808799744,0.6145310997962952,,cfg02_G3_D32,2.171714791969862,cuda
evaluation,2166,1303,Warm C,-0.006296344101428986,0.1111111119389534,0.1007755696773529,0.8518518518518519,1.1920928955078125e-07,0.41889286041259766,0.6530044674873352,,cfg02_G3_D32,2.171714791969862,cuda
evaluation,2168,1305,Cold,-0.002006816677749157,0.1111111119389534,0.10114356130361557,0.8518518518518519,1.1920928955078125e-07,0.0,0.0,,cfg02_G3_D32,2.171714791969862,cuda
evaluation,2168,1305,Warm A,0.003177510341629386,0.111111119389534,0.10352449119091034,0.7777777777777778,2.384185791015625e-07,0.24290360510349274,0.7125827670097351,,cfg02_G3_D32,2.171714791969862,cuda
evaluation,2168,1305,Warm B,0.006999492645263672,0.1111111119389534,0.10724277049303055,0.7654320987654321,2.384185791015625e-07,0.30295902490615845,0.5330380797386169,,cfg02_G3_D32,2.171714791969862,cuda
evaluation,2168,1305,Warm C,0.0025349115021526814,0.1111110970377922,0.09946703910827637,0.7901234567901234,1.1920928955078125e-07,0.3690378665924072,0.555971086025238,,cfg02_G3_D32,2.171714791969862,cuda
evaluation,2169,1306,Cold,-0.00023859886277932674,0.1111111119389534,0.09346476197242737,0.8888888888888888,1.7881393432617188e-07,0.0,0.0,,cfg02_G3_D32,2.171714791969862,cuda
evaluation,2169,1306,Warm A,0.004466184414923191,0.1111111119389534,0.10215756297111511,0.7777777777777778,1.7881393432617188e-07,0.23793970048427582,0.4829409122467041,,cfg02_G3_D32,2.171714791969862,cuda
evaluation,2169,1306,Warm B,0.007322814781218767,0.1111111119389534,0.11559301614761353,0.7160493827160493,1.1920928955078125e-07,0.37390202283859253,0.4443431794643402,,cfg02_G3_D32,2.171714791969862,cuda
evaluation,2169,1306,Warm C,0.0021508405916392803,0.1111111119389534,0.10240066051483154,0.7654320987654321,1.1920928955078125e-07,0.3462277352809906,0.5148639678955078,,cfg02_G3_D32,2.171714791969862,cuda
evaluation,2170,1307,Cold,-0.00029849703423678875,0.111111119389534,0.09715262800455093,0.8518518518518519,2.384185791015625e-07,0.0,0.0,,cfg02_G3_D32,2.171714791969862,cuda
evaluation,2170,1307,Warm A,0.003959215711802244,0.111111119389534,0.10611426830291748,0.7654320987654321,1.1920928955078125e-07,0.23900432884693146,0.5432189702987671,,cfg02_G3_D32,2.171714791969862,cuda
evaluation,2170,1307,Warm B,-0.0005595309776253998,0.111111119389534,0.1045350506901741,0.8641975308641975,2.384185791015625e-07,0.29251429438591003,0.5994764566421509,,cfg02_G3_D32,2.171714791969862,cuda
evaluation,2170,1307,Warm C,0.004784373566508293,0.1111111119389534,0.11203578859567642,0.7530864197530864,2.384185791015625e-07,0.402485191822052,0.3992951512336731,,cfg02_G3_D32,2.171714791969862,cuda
evaluation,2171,1308,Cold,-0.0017602138686925173,0.1111110970377922,0.10010558366775513,0.8518518518518519,1.1920928955078125e-07,0.0,0.0,,cfg02_G3_D32,2.171714791969862,cuda
evaluation,2171,1308,Warm A,-0.004554530140012503,0.1111111119389534,0.11256185919046402,0.8148148148148148,1.1920928955078125e-07,0.24265050888061523,0.5506090521812439,,cfg02_G3_D32,2.171714791969862,cuda
evaluation,2171,1308,Warm B,-0.003921781200915575,0.1111111119389534,0.10366194695234299,0.8641975308641975,1.1920928955078125e-07,0.23398278653621674,0.6682496070861816,,cfg02_G3_D32,2.171714791969862,cuda
evaluation,2171,1308,Warm C,-0.0062946449033916,0.111111119389534,0.11357244104146957,0.8024691358024691,1.1920928955078125e-07,0.32436510920524597,0.6310896277427673,,cfg02_G3_D32,2.171714791969862,cuda
evaluation,2173,1309,Cold,-0.001526734558865428,0.1111110970377922,0.07498523592948914,0.9629629629629629,2.384185791015625e-07,0.0,0.0,,cfg02_G3_D32,2.171714791969862,cuda
evaluation,2173,1309,Warm A,0.001080685411579907,0.1111110970377922,0.08069059252738953,0.9259259259259259,3.5762786865234375e-07,0.20624476671218872,0.587830662727356,,cfg02_G3_D32,2.171714791969862,cuda
evaluation,2173,1309,Warm B,-0.003964430186897516,0.111111119389534,0.07774055004119873,0.9382716049382716,2.384185791015625e-07,0.24152356386184692,0.5529574751853943,,cfg02_G3_D32,2.171714791969862,cuda
evaluation,2173,1309,Warm C,-0.0026526451110839844,0.1111111119389534,0.07604748755693436,0.9506172839506173,2.384185791015625e-07,0.3436832129955292,0.5882886052131653,,cfg02_G3_D32,2.171714791969862,cuda
evaluation,2176,1311,Cold,-0.005418736487627029,0.1111111119389534,0.13389378786087036,0.6790123456790124,1.1920928955078125e-07,0.0,0.0,,cfg02_G3_D32,2.171714791969862,cuda
evaluation,2176,1311,Warm A,-0.002106360625475645,0.111111119389534,0.12494059652090073,0.6666666666666666,1.1920928955078125e-07,0.2392752468585968,0.720221757888794,,cfg02_G3_D32,2.171714791969862,cuda
evaluation,2176,1311,Warm B,-0.003912095446139574,0.1111111119389534,0.1357593536376953,0.6296296296296297,1.1920928955078125e-07,0.33853214979171753,0.48536500334739685,,cfg02_G3_D32,2.171714791969862,cuda
evaluation,2176,1311,Warm C,0.0006034982507117093,0.111111119389534,0.12730827927589417,0.6666666666666666,2.384185791015625e-07,0.43813931941986084,0.5528420805931091,,cfg02_G3_D32,2.171714791969862,cuda
evaluation,2177,1312,Cold,-0.0036054514348506927,0.1111111119389534,0.09783065319061279,0.8518518518518519,2.384185791015625e-07,0.0,0.0,,cfg02_G3_D32,2.171714791969862,cuda
evaluation,2177,1312,Warm A,-0.000770281651057303,0.1111111119389534,0.09046091139316559,0.8765432098765432,1.1920928955078125e-07,0.231779545545578,0.6262125968933105,,cfg02_G3_D32,2.171714791969862,cuda
evaluation,2177,1312,Warm B,-0.005303529091179371,0.1111111119389534,0.0941937267780304,0.8641975308641975,2.384185791015625e-07,0.3409251570701599,0.5649766325950623,,cfg02_G3_D32,2.171714791969862,cuda
evaluation,2177,1312,Warm C,-0.0007873507565818727,0.1111111119389534,0.09055761247873306,0.8271604938271605,1.1920928955078125e-07,0.37403208017349243,0.564274787902832,,cfg02_G3_D32,2.171714791969862,cuda
evaluation,2178,1313,Cold,-0.004649772308766842,0.1111111119389534,0.11305375397205353,0.8271604938271605,1.1920928955078125e-07,0.0,0.0,,cfg02_G3_D32,2.171714791969862,cuda
evaluation,2178,1313,Warm A,3.398283297428861e-05,0.1111111119389534,0.10133079439401627,0.8148148148148148,2.384185791015625e-07,0.23058556020259857,0.5900047421455383,,cfg02_G3_D32,2.171714791969862,cuda
evaluation,2178,1313,Warm B,-0.004125731997191906,0.1111111119389534,0.11386106163263321,0.8395061728395061,2.384185791015625e-07,0.2898656725883484,0.600091278553009,,cfg02_G3_D32,2.171714791969862,cuda
evaluation,2178,1313,Warm C,-0.005967962089926004,0.1111111119389534,0.12716186046600342,0.691358024691358,2.384185791015625e-07,0.38061201572418213,0.693854033946991,,cfg02_G3_D32,2.171714791969862,cuda
evaluation,2181,1314,Cold,-0.005096046719700098,0.1111110970377922,0.12145287543535233,0.7777777777777778,2.384185791015625e-07,0.0,0.0,,cfg02_G3_D32,2.171714791969862,cuda
evaluation,2181,1314,Warm A,-0.0005318712210282683,0.1111111119389534,0.10909496992826462,0.7654320987654321,2.384185791015625e-07,0.2429971992969513,0.6370707750320435,,cfg02_G3_D32,2.171714791969862,cuda
evaluation,2181,1314,Warm B,-0.0009337107185274363,0.111111119389534,0.111227847635746,0.7777777777777778,1.1920928955078125e-07,0.3722102642059326,0.4562555253505707,,cfg02_G3_D32,2.171714791969862,cuda
evaluation,2181,1314,Warm C,-0.005683387164026499,0.1111111119389534,0.12429309636354446,0.7407407407407407,1.1920928955078125e-07,0.40584033727645874,0.5720288157463074,,cfg02_G3_D32,2.171714791969862,cuda
evaluation,2182,1315,Cold,-0.0054895696230232716,0.1111111119389534,0.13069282472133636,0.7037037037037037,1.1920928955078125e-07,0.0,0.0,,cfg02_G3_D32,2.171714791969862,cuda
evaluation,2182,1315,Warm A,-0.002173552056774497,0.111111119389534,0.12108280509710312,0.7160493827160493,1.1920928955078125e-07,0.25105729699134827,0.8744115829467773,,cfg02_G3_D32,2.171714791969862,cuda
evaluation,2182,1315,Warm B,-0.0030587713699787855,0.1111111119389534,0.13180580735206604,0.691358024691358,2.384185791015625e-07,0.30081528425216675,0.4081340730190277,,cfg02_G3_D32,2.171714791969862,cuda
evaluation,2182,1315,Warm C,-0.004878259729593992,0.1111111119389534,0.13910414278507233,0.654320987654321,2.384185791015625e-07,0.302181601524353,0.5135692358016968,,cfg02_G3_D32,2.171714791969862,cuda
evaluation,2183,1316,Cold,-0.004555237479507923,0.1111111119389534,0.12235145270824432,0.7654320987654321,1.1920928955078125e-07,0.0,0.0,,cfg02_G3_D32,2.171714791969862,cuda
evaluation,2183,1316,Warm A,-0.0034554030280560255,0.1111111119389534,0.12388928979635239,0.691358024691358,2.384185791015625e-07,0.229912668466568,0.4714377522468567,,cfg02_G3_D32,2.171714791969862,cuda
evaluation,2183,1316,Warm B,-0.0072956872172653675,0.111111119389534,0.13365550339221954,0.691358024691358,2.384185791015625e-07,0.28670573234558105,0.44808655977249146,,cfg02_G3_D32,2.171714791969862,cuda
evaluation,2183,1316,Warm C,-0.007870066910982132,0.1111110970377922,0.13317681849002838,0.6666666666666666,1.1920928955078125e-07,0.42476537823677063,0.43394047021865845,,cfg02_G3_D32,2.171714791969862,cuda
evaluation,2184,1317,Cold,-0.005213174503296614,0.1111111119389534,0.1270347386598587,0.7160493827160493,1.1920928955078125e-07,0.0,0.0,,cfg02_G3_D32,2.171714791969862,cuda
evaluation,2184,1317,Warm A,-0.00020584215235430747,0.1111111119389534,0.11492615938186646,0.7283950617283951,1.7881393432617188e-07,0.24404878914356232,0.6170527338981628,,cfg02_G3_D32,2.171714791969862,cuda
evaluation,2184,1317,Warm B,0.004507227335125208,0.1111111119389534,0.10867798328399658,0.7160493827160493,1.1920928955078125e-07,0.419292688369751,0.5787866711616516,,cfg02_G3_D32,2.171714791969862,cuda
evaluation,2184,1317,Warm C,0.0028928990941494703,0.1111111119389534,0.11592962592840195,0.7160493827160493,1.1920928955078125e-07,0.4237108826637268,0.3851286470890045,,cfg02_G3_D32,2.171714791969862,cuda
evaluation,2195,1322,Cold,-0.000936780241318047,0.1111111119389534,0.09666470438241959,0.8888888888888888,1.1920928955078125e-07,0.0,0.0,,cfg02_G3_D32,2.171714791969862,cuda
evaluation,2195,1322,Warm A,0.002120254561305046,0.1111111119389534,0.104628786444664,0.8024691358024691,2.384185791015625e-07,0.23322223126888275,0.575472891330719,,cfg02_G3_D32,2.171714791969862,cuda
evaluation,2195,1322,Warm B,-0.004298838786780834,0.1111111119389534,0.10199487954378128,0.8518518518518519,2.384185791015625e-07,0.28534966707229614,0.7132582664489746,,cfg02_G3_D32,2.171714791969862,cuda
evaluation,2195,1322,Warm C,0.0005109409103170037,0.1111111119389534,0.10504129528999329,0.8148148148148148,1.1920928955078125e-07,0.3185645043849945,0.4260755479335785,,cfg02_G3_D32,2.171714791969862,cuda
evaluation,2204,1325,Cold,-0.00548291951417923,0.1111110970377922,0.1386335790157318,0.6049382716049383,1.1920928955078125e-07,0.0,0.0,,cfg02_G3_D32,2.171714791969862,cuda
evaluation,2204,1325,Warm A,-0.005138318985700607,0.1111111119389534,0.1422470659017563,0.6049382716049383,2.384185791015625e-07,0.22761864960193634,0.5079386830329895,,cfg02_G3_D32,2.171714791969862,cuda
evaluation,2204,1325,Warm B,-0.0037779426202178,0.1111111119389534,0.1331985741853714,0.6790123456790124,1.1920928955078125e-07,0.2694675624370575,0.5439128279685974,,cfg02_G3_D32,2.171714791969862,cuda
evaluation,2204,1325,Warm C,-0.005758844781666994,0.1111111119389534,0.14392341673374176,0.6172839506172839,2.384185791015625e-07,0.3117341101169586,0.4940551817417145,,cfg02_G3_D32,2.171714791969862,cuda
evaluation,2206,1326,Cold,-0.005832257214933634,0.1111111119389534,0.14025256037712097,0.5802469135802469,2.384185791015625e-07,0.0,0.0,,cfg02_G3_D32,2.171714791969862,cuda
evaluation,2206,1326,Warm A,-0.004453395493328571,0.111111119389534,0.14032268524169922,0.6419753086419753,1.7881393432617188e-07,0.25410228967666626,0.36835944652557373,,cfg02_G3_D32,2.171714791969862,cuda
evaluation,2206,1326,Warm B,-0.003964480012655258,0.1111111119389534,0.14969989657402039,0.5802469135802469,2.384185791015625e-07,0.43464455008506775,0.37807413935661316,,cfg02_G3_D32,2.171714791969862,cuda
evaluation,2206,1326,Warm C,-0.00011947566963499412,0.1111111119389534,0.1399686485528946,0.6419753086419753,2.384185791015625e-07,0.5291697382926941,0.3859400749206543,,cfg02_G3_D32,2.171714791969862,cuda
evaluation,2208,1327,Cold,-0.00567561574280262,0.1111111119389534,0.1393815577030182,0.5802469135802469,2.384185791015625e-07,0.0,0.0,,cfg02_G3_D32,2.171714791969862,cuda
evaluation,2208,1327,Warm A,-0.007187345996499062,0.1111110970377922,0.14536765217781067,0.5802469135802469,1.1920928955078125e-07,0.20237907767295837,0.3998766541481018,,cfg02_G3_D32,2.171714791969862,cuda
evaluation,2208,1327,Warm B,-0.006150560453534126,0.1111111119389534,0.13684023916721344,0.6296296296296297,2.384185791015625e-07,0.4025169014930725,0.409391313791275,,cfg02_G3_D32,2.171714791969862,cuda
evaluation,2208,1327,Warm C,-0.00923958420753479,0.1111111119389534,0.14432567358016968,0.5679012345679012,2.384185791015625e-07,0.4569578468799591,0.2544766068458557,,cfg02_G3_D32,2.171714791969862,cuda
evaluation,2212,1328,Cold,-0.005587934982031584,0.1111111119389534,0.14154082536697388,0.5925925925925926,1.1920928955078125e-07,0.0,0.0,,cfg02_G3_D32,2.171714791969862,cuda
evaluation,2212,1328,Warm A,-0.004354541655629873,0.1111110970377922,0.14169779419898987,0.6049382716049383,1.1920928955078125e-07,0.24367199838161469,0.46764063835144043,,cfg02_G3_D32,2.171714791969862,cuda
evaluation,2212,1328,Warm B,-0.0002374260948272422,0.1111111119389534,0.13122446835041046,0.6172839506172839,5.960464477539063e-08,0.443279892206192,0.49138298630714417,,cfg02_G3_D32,2.171714791969862,cuda
evaluation,2212,1328,Warm C,-0.0009335053036920726,0.1111110970377922,0.14238300919532776,0.6419753086419753,2.384185791015625e-07,0.5149023532867432,0.4398016035556793,,cfg02_G3_D32,2.171714791969862,cuda
evaluation,2238,1332,Cold,-0.0044816541485488415,0.1111110970377922,0.10950560867786407,0.8395061728395061,2.980232238769531e-07,0.0,0.0,,cfg02_G3_D32,2.171714791969862,cuda
evaluation,2238,1332,Warm A,-0.007400583475828171,0.1111111119389534,0.12818627059459686,0.7283950617283951,2.384185791015625e-07,0.24824951589107513,0.44540882110595703,,cfg02_G3_D32,2.171714791969862,cuda
evaluation,2238,1332,Warm B,-0.0061001963913440704,0.1111111119389534,0.1175435408949852,0.7901234567901234,2.980232238769531e-07,0.375070720911026,0.6504868865013123,,cfg02_G3_D32,2.171714791969862,cuda
evaluation,2238,1332,Warm C,-0.004099804442375898,0.1111111119389534,0.10929971933364868,0.8148148148148148,2.384185791015625e-07,0.4696345329284668,0.5812235474586487,,cfg02_G3_D32,2.171714791969862,cuda
evaluation,2239,1333,Cold,-0.004106285981833935,0.111111119389534,0.10390201956033707,0.8395061728395061,1.1920928955078125e-07,0.0,0.0,,cfg02_G3_D32,2.171714791969862,cuda
evaluation,2239,1333,Warm A,-0.0005292250425554812,0.1111111119389534,0.09219365566968918,0.8518518518518519,1.1920928955078125e-07,0.23809710144996643,0.6867162585258484,,cfg02_G3_D32,2.171714791969862,cuda
evaluation,2239,1333,Warm B,-0.004917780868709087,0.1111111119389534,0.10910535603761673,0.8271604938271605,1.7881393432617188e-07,0.3638094365596771,0.5603287816047668,,cfg02_G3_D32,2.171714791969862,cuda
evaluation,2239,1333,Warm C,-0.010587422177195549,0.1111111119389534,0.12187138944864273,0.7283950617283951,2.384185791015625e-07,0.4736170768737793,0.4317939877510071,,cfg02_G3_D32,2.171714791969862,cuda
evaluation,2241,1335,Cold,-0.0024009686894714832,0.1111111119389534,0.08673273772001266,0.9135802469135802,2.384185791015625e-07,0.0,0.0,,cfg02_G3_D32,2.171714791969862,cuda
evaluation,2241,1335,Warm A,0.0030157652217894793,0.1111111119389534,0.08769839257001877,0.8641975308641975,1.1920928955078125e-07,0.23451068997383118,0.5510130524635315,,cfg02_G3_D32,2.171714791969862,cuda
evaluation,2241,1335,Warm B,0.006961291190236807,0.1111110970377922,0.10162929445505142,0.7901234567901234,2.384185791015625e-07,0.3948139250278473,0.5829413533210754,,cfg02_G3_D32,2.171714791969862,cuda
evaluation,2241,1335,Warm C,0.011136035434901714,0.111111119389534,0.1173676922917366,0.7160493827160493,1.1920928955078125e-07,0.555254340171814,0.3601450026035309,,cfg02_G3_D32,2.171714791969862,cuda
evaluation,2250,1341,Cold,-0.0033704042434692383,0.1111111119389534,0.10383784025907516,0.8024691358024691,1.7881393432617188e-07,0.0,0.0,,cfg02_G3_D32,2.171714791969862,cuda
evaluation,2250,1341,Warm A,0.0010393671691417694,0.111111119389534,0.09482462704181671,0.8271604938271605,1.1920928955078125e-07,0.23480454087257385,0.596226155757904,,cfg02_G3_D32,2.171714791969862,cuda
evaluation,2250,1341,Warm B,-0.0018871189095079899,0.111111119389534,0.09815947711467743,0.8271604938271605,1.1920928955078125e-07,0.2534475028514862,0.6840108036994934,,cfg02_G3_D32,2.171714791969862,cuda
evaluation,2250,1341,Warm C,0.0026841380167752504,0.1111111119389534,0.09474032372236252,0.8024691358024691,2.384185791015625e-07,0.38703453540802,0.45275887846946716,,cfg02_G3_D32,2.171714791969862,cuda
evaluation,2252,1342,Cold,-0.001608035760000348,0.1111111119389534,0.09149808436632156,0.8641975308641975,1.1920928955078125e-07,0.0,0.0,,cfg02_G3_D32,2.171714791969862,cuda
evaluation,2252,1342,Warm A,0.0019210351165384054,0.1111111119389534,0.09516680240631104,0.7901234567901234,2.384185791015625e-07,0.2437523901462555,0.6127782464027405,,cfg02_G3_D32,2.171714791969862,cuda
evaluation,2252,1342,Warm B,0.0019229523604735732,0.1111111119389534,0.09616919606924057,0.8024691358024691,2.384185791015625e-07,0.319292813539505,0.5339735150337219,,cfg02_G3_D32,2.171714791969862,cuda
evaluation,2252,1342,Warm C,0.005997329950332642,0.111111119389534,0.10707461088895798,0.7654320987654321,1.1920928955078125e-07,0.4175376892089844,0.47806379199028015,,cfg02_G3_D32,2.171714791969862,cuda
evaluation,2255,1344,Cold,-0.003473207587376237,0.1111110970377922,0.09319904446601868,0.9259259259259259,3.5762786865234375e-07,0.0,0.0,,cfg02_G3_D32,2.171714791969862,cuda
evaluation,2255,1344,Warm A,0.0012220130302011967,0.1111110970377922,0.084645114839077,0.8641975308641975,1.1920928955078125e-07,0.2428995668888092,0.8176624178886414,,cfg02_G3_D32,2.171714791969862,cuda
evaluation,2255,1344,Warm B,0.004826849792152643,0.1111111119389534,0.09550014138221741,0.8024691358024691,1.1920928955078125e-07,0.4629664123058319,0.5273346900939941,,cfg02_G3_D32,2.171714791969862,cuda
evaluation,2255,1344,Warm C,0.008459249511361122,0.1111110970377922,0.11310811340808868,0.7283950617283951,1.1920928955078125e-07,0.5424609184265137,0.35182833671569824,,cfg02_G3_D32,2.171714791969862,cuda
evaluation,2261,1346,Cold,-0.0018298756331205368,0.1111111119389534,0.08113064616918564,0.9259259259259259,1.1920928955078125e-07,0.0,0.0,,cfg02_G3_D32,2.171714791969862,cuda
evaluation,2261,1346,Warm A,0.003745557274669409,0.111111119389534,0.08862936496734619,0.8518518518518519,1.1920928955078125e-07,0.24085289239883423,0.4671105444431305,,cfg02_G3_D32,2.171714791969862,cuda
evaluation,2261,1346,Warm B,-6.44911197014153e-05,0.1111111119389534,0.07937008142471313,0.9259259259259259,1.7881393432617188e-07,0.18519338965415955,0.6936129331588745,,cfg02_G3_D32,2.171714791969862,cuda
evaluation,2261,1346,Warm C,0.002025989815592766,0.1111111119389534,0.08629847317934036,0.8518518518518519,2.384185791015625e-07,0.303693026304245,0.5261756777763367,,cfg02_G3_D32,2.171714791969862,cuda
evaluation,2263,1348,Cold,-0.0028040187899023294,0.1111111119389534,0.10055150091648102,0.7901234567901234,1.1920928955078125e-07,0.0,0.0,,cfg02_G3_D32,2.171714791969862,cuda
evaluation,2263,1348,Warm A,0.0031343367882072926,0.111111119389534,0.09731832891702652,0.7901234567901234,1.1920928955078125e-07,0.23541580140590668,0.5862773060798645,,cfg02_G3_D32,2.171714791969862,cuda
evaluation,2263,1348,Warm B,-0.0011144435266032815,0.111111119389534,0.0985768735408783,0.8395061728395061,2.384185791015625e-07,0.31513702869415283,0.49432116746902466,,cfg02_G3_D32,2.171714791969862,cuda
evaluation,2263,1348,Warm C,0.004945629741996527,0.1111111119389534,0.09955810010433197,0.8024691358024691,1.1920928955078125e-07,0.43774574995040894,0.529223620891571,,cfg02_G3_D32,2.171714791969862,cuda
evaluation,2264,1349,Cold,-0.0038815895095467567,0.1111110970377922,0.10745232552289963,0.7901234567901234,1.1920928955078125e-07,0.0,0.0,,cfg02_G3_D32,2.171714791969862,cuda
evaluation,2264,1349,Warm A,0.001149236923083663,0.1111111119389534,0.0981932207942009,0.8518518518518519,2.384185791015625e-07,0.24545004963874817,0.8039065599441528,,cfg02_G3_D32,2.171714791969862,cuda
evaluation,2264,1349,Warm B,0.007034501992166042,0.1111111119389534,0.10330136120319366,0.7530864197530864,1.1920928955078125e-07,0.41223546862602234,0.3930661976337433,,cfg02_G3_D32,2.171714791969862,cuda
evaluation,2264,1349,Warm C,0.012208662927150726,0.1111111119389534,0.11851239204406738,0.7037037037037037,1.7881393432617188e-07,0.5722006559371948,0.40323010087013245,,cfg02_G3_D32,2.171714791969862,cuda
evaluation,2265,1350,Cold,-0.0013622738188132644,0.111111119389534,0.08429425954818726,0.9135802469135802,2.384185791015625e-07,0.0,0.0,,cfg02_G3_D32,2.171714791969862,cuda
evaluation,2265,1350,Warm A,0.0034381658770143986,0.1111111119389534,0.09217212349176407,0.8641975308641975,1.1920928955078125e-07,0.24267961084842682,0.4849715232849121,,cfg02_G3_D32,2.171714791969862,cuda
evaluation,2265,1350,Warm B,0.008081593550741673,0.1111111119389534,0.11057645827531815,0.7407407407407407,2.384185791015625e-07,0.41820529103279114,0.3346966803073883,,cfg02_G3_D32,2.171714791969862,cuda
evaluation,2265,1350,Warm C,0.012011080980300903,0.111111119389534,0.12879185378551483,0.6419753086419753,1.1920928955078125e-07,0.6091518402099609,0.1625283807516098,,cfg02_G3_D32,2.171714791969862,cuda
evaluation,2266,1351,Cold,-0.0007653530919924378,0.1111111119389534,0.08164622634649277,0.9259259259259259,2.384185791015625e-07,0.0,0.0,,cfg02_G3_D32,2.171714791969862,cuda
evaluation,2266,1351,Warm A,0.0027700697537511587,0.1111111119389534,0.09136009216308594,0.8518518518518519,1.1920928955078125e-07,0.24082638323307037,0.4560503661632538,,cfg02_G3_D32,2.171714791969862,cuda
evaluation,2266,1351,Warm B,0.00731471786275506,0.1111111119389534,0.11097921431064606,0.7530864197530864,2.384185791015625e-07,0.3998521566390991,0.41733914613723755,,cfg02_G3_D32,2.171714791969862,cuda
evaluation,2266,1351,Warm C,0.003133842721581459,0.111111119389534,0.09475944191217422,0.8765432098765432,1.1920928955078125e-07,0.41462311148643494,0.46879133582115173,,cfg02_G3_D32,2.171714791969862,cuda
evaluation,2267,1352,Cold,-0.0021064819302409887,0.111111119389534,0.09637758135795593,0.8148148148148148,5.960464477539063e-08,0.0,0.0,,cfg02_G3_D32,2.171714791969862,cuda
evaluation,2267,1352,Warm A,0.003673606552183628,0.1111111119389534,0.09766396135091782,0.7777777777777778,1.1920928955078125e-07,0.2379145324230194,0.6588879823684692,,cfg02_G3_D32,2.171714791969862,cuda
evaluation,2267,1352,Warm B,0.009811712428927422,0.1111111119389534,0.11226160079240799,0.7283950617283951,1.1920928955078125e-07,0.40895217657089233,0.37851548194885254,,cfg02_G3_D32,2.171714791969862,cuda
evaluation,2267,1352,Warm C,0.007916568778455257,0.1111111119389534,0.10748907178640366,0.7901234567901234,1.1920928955078125e-07,0.45147842168807983,0.4989100992679596,,cfg02_G3_D32,2.171714791969862,cuda
evaluation,2271,1355,Cold,-0.0030633145943284035,0.1111111119389534,0.111744724214077,0.7901234567901234,2.384185791015625e-07,0.0,0.0,,cfg02_G3_D32,2.171714791969862,cuda
evaluation,2271,1355,Warm A,0.0027272577863186598,0.1111111119389534,0.10497958213090897,0.7530864197530864,2.384185791015625e-07,0.23855535686016083,0.5435916781425476,,cfg02_G3_D32,2.171714791969862,cuda
evaluation,2271,1355,Warm B,-0.0006082222680561244,0.111111119389534,0.11420713365077972,0.8148148148148148,2.384185791015625e-07,0.28414851427078247,0.6349417567253113,,cfg02_G3_D32,2.171714791969862,cuda
evaluation,2271,1355,Warm C,0.0038240558933466673,0.1111111119389534,0.11076705157756805,0.7407407407407407,1.1920928955078125e-07,0.435172975063324,0.5854776501655579,,cfg02_G3_D32,2.171714791969862,cuda
evaluation,2272,1356,Cold,-0.0028752933721989393,0.1111111119389534,0.109488345682621,0.8024691358024691,1.1920928955078125e-07,0.0,0.0,,cfg02_G3_D32,2.171714791969862,cuda
evaluation,2272,1356,Warm A,0.0009065336780622602,0.1111111119389534,0.10353583097457886,0.7901234567901234,1.1920928955078125e-07,0.24488632380962372,0.6491289138793945,,cfg02_G3_D32,2.171714791969862,cuda
evaluation,2272,1356,Warm B,-0.002732365159317851,0.1111111119389534,0.10568548738956451,0.8024691358024691,1.1920928955078125e-07,0.36127448081970215,0.6483508944511414,,cfg02_G3_D32,2.171714791969862,cuda
evaluation,2272,1356,Warm C,-0.0019180767703801394,0.1111111119389534,0.10403948277235031,0.8024691358024691,2.384185791015625e-07,0.4154830276966095,0.5213319659233093,,cfg02_G3_D32,2.171714791969862,cuda
evaluation,2275,1358,Cold,-0.0005588150816038251,0.1111110970377922,0.09497828781604767,0.8888888888888888,1.7881393432617188e-07,0.0,0.0,,cfg02_G3_D32,2.171714791969862,cuda
evaluation,2275,1358,Warm A,-0.0036045662127435207,0.1111111119389534,0.10625746846199036,0.8518518518518519,1.1920928955078125e-07,0.23600731790065765,0.6358410716056824,,cfg02_G3_D32,2.171714791969862,cuda
evaluation,2275,1358,Warm B,-0.0005964289885014296,0.1111111119389534,0.0961948111653328,0.8641975308641975,2.384185791015625e-07,0.2684379518032074,0.6419631838798523,,cfg02_G3_D32,2.171714791969862,cuda
evaluation,2275,1358,Warm C,-0.0009817281970754266,0.1111110970377922,0.1016877144575119,0.8888888888888888,1.1920928955078125e-07,0.42244753241539,0.7587757110595703,,cfg02_G3_D32,2.171714791969862,cuda
evaluation,2276,1359,Cold,-0.002292634453624487,0.1111111119389534,0.10546121001243591,0.8024691358024691,1.1920928955078125e-07,0.0,0.0,,cfg02_G3_D32,2.171714791969862,cuda
evaluation,2276,1359,Warm A,-0.005784716922789812,0.1111111119389534,0.12179983407258987,0.7530864197530864,2.384185791015625e-07,0.24703848361968994,0.6511830687522888,,cfg02_G3_D32,2.171714791969862,cuda
evaluation,2276,1359,Warm B,-0.005806353874504566,0.1111111119389534,0.11890111863613129,0.7407407407407407,1.7881393432617188e-07,0.2597333490848541,0.5064675211906433,,cfg02_G3_D32,2.171714791969862,cuda
evaluation,2276,1359,Warm C,-0.008343666791915894,0.111111119389534,0.11857970803976059,0.7777777777777778,1.1920928955078125e-07,0.35158440470695496,0.620872437953949,,cfg02_G3_D32,2.171714791969862,cuda
evaluation,2280,1362,Cold,-0.0022402210161089897,0.1111111119389534,0.10832949727773666,0.8024691358024691,2.384185791015625e-07,0.0,0.0,,cfg02_G3_D32,2.171714791969862,cuda
evaluation,2280,1362,Warm A,-0.0002971528738271445,0.1111111119389534,0.1022498607635498,0.8024691358024691,2.384185791015625e-07,0.2451639473438263,0.6018805503845215,,cfg02_G3_D32,2.171714791969862,cuda
evaluation,2280,1362,Warm B,-0.0008825529948808253,0.1111111119389534,0.09993959218263626,0.8148148148148148,1.1920928955078125e-07,0.3685624599456787,0.4655267298221588,,cfg02_G3_D32,2.171714791969862,cuda
evaluation,2280,1362,Warm C,-0.0014694647397845984,0.1111111119389534,0.10451891273260117,0.8148148148148148,1.1920928955078125e-07,0.3861181437969208,0.6233009696006775,,cfg02_G3_D32,2.171714791969862,cuda
evaluation,2283,1364,Cold,-0.0033187151420861483,0.1111111119389534,0.1050858274102211,0.7901234567901234,1.1920928955078125e-07,0.0,0.0,,cfg02_G3_D32,2.171714791969862,cuda
evaluation,2283,1364,Warm A,0.002480235416442156,0.1111111119389534,0.09780612587928772,0.8024691358024691,2.384185791015625e-07,0.2339683622121811,0.6576763987541199,,cfg02_G3_D32,2.171714791969862,cuda
evaluation,2283,1364,Warm B,0.005650845356285572,0.1111110970377922,0.09894482791423798,0.8395061728395061,1.1920928955078125e-07,0.32935553789138794,0.6838779449462891,,cfg02_G3_D32,2.171714791969862,cuda
evaluation,2283,1364,Warm C,0.012267405167222023,0.1111111119389534,0.10848773270845413,0.7407407407407407,1.1920928955078125e-07,0.45399901270866394,0.45776310563087463,,cfg02_G3_D32,2.171714791969862,cuda
evaluation,2290,1368,Cold,-0.003637036308646202,0.111111119389534,0.09883482754230499,0.8518518518518519,2.384185791015625e-07,0.0,0.0,,cfg02_G3_D32,2.171714791969862,cuda
evaluation,2290,1368,Warm A,0.0001084326213458553,0.1111110970377922,0.08848552405834198,0.8765432098765432,2.980232238769531e-07,0.24094204604625702,0.6570915579795837,,cfg02_G3_D32,2.171714791969862,cuda
evaluation,2290,1368,Warm B,-0.004926555790007114,0.1111111119389534,0.10060928761959076,0.8765432098765432,2.384185791015625e-07,0.25016799569129944,0.782457172870636,,cfg02_G3_D32,2.171714791969862,cuda
evaluation,2290,1368,Warm C,0.00024394792853854597,0.1111110970377922,0.08483745157718658,0.8641975308641975,1.1920928955078125e-07,0.38960370421409607,0.756048858165741,,cfg02_G3_D32,2.171714791969862,cuda
evaluation,2295,1371,Cold,-0.0014738166937604547,0.11111113429069519,0.10150689631700516,0.8641975308641975,1.1920928955078125e-07,0.0,0.0,,cfg02_G3_D32,2.171714791969862,cuda
evaluation,2295,1371,Warm A,-0.005198693368583918,0.1111111119389534,0.11674518883228302,0.7901234567901234,1.7881393432617188e-07,0.23319680988788605,0.7078512907028198,,cfg02_G3_D32,2.171714791969862,cuda
evaluation,2295,1371,Warm B,-0.004485705401748419,0.1111111119389534,0.12288588285446167,0.7901234567901234,2.384185791015625e-07,0.3855569660663605,0.69525146484375,,cfg02_G3_D32,2.171714791969862,cuda
evaluation,2295,1371,Warm C,-0.007435306906700134,0.1111111119389534,0.1342780441045761,0.7037037037037037,2.384185791015625e-07,0.49240362644195557,0.5511296391487122,,cfg02_G3_D32,2.171714791969862,cuda
evaluation,2296,1372,Cold,-0.0012652205768972635,0.1111110970377922,0.09850382059812546,0.9012345679012346,2.384185791015625e-07,0.0,0.0,,cfg02_G3_D32,2.171714791969862,cuda
evaluation,2296,1372,Warm A,0.0036156962160021067,0.1111111119389534,0.10223077237606049,0.8395061728395061,1.1920928955078125e-07,0.242854505777359,0.4967927038669586,,cfg02_G3_D32,2.171714791969862,cuda
evaluation,2296,1372,Warm B,0.008446432650089264,0.111111119389534,0.11311985552310944,0.7037037037037037,1.1920928955078125e-07,0.3593209981918335,0.4633757770061493,,cfg02_G3_D32,2.171714791969862,cuda
evaluation,2296,1372,Warm C,0.01152391079813242,0.1111111119389534,0.12545417249202728,0.654320987654321,2.384185791015625e-07,0.5012267827987671,0.4068579375743866,,cfg02_G3_D32,2.171714791969862,cuda
evaluation,2306,1378,Cold,-0.0013025073567405343,0.1111111119389534,0.09836923331022263,0.8888888888888888,2.384185791015625e-07,0.0,0.0,,cfg02_G3_D32,2.171714791969862,cuda
evaluation,2306,1378,Warm A,0.002977275289595127,0.1111110970377922,0.1054459661245346,0.7901234567901234,1.7881393432617188e-07,0.24586884677410126,0.6489152312278748,,cfg02_G3_D32,2.171714791969862,cuda
evaluation,2306,1378,Warm B,0.006990757305175066,0.1111111119389534,0.11497054249048233,0.7037037037037037,1.7881393432617188e-07,0.42986711859703064,0.4699769914150238,,cfg02_G3_D32,2.171714791969862,cuda
evaluation,2306,1378,Warm C,0.0058611659333109856,0.1111111119389534,0.10640957951545715,0.7654320987654321,1.1920928955078125e-07,0.34663447737693787,0.4160759150981903,,cfg02_G3_D32,2.171714791969862,cuda
evaluation,2310,1379,Cold,-0.0027623611968010664,0.1111111119389534,0.10953190177679062,0.8024691358024691,1.1920928955078125e-07,0.0,0.0,,cfg02_G3_D32,2.171714791969862,cuda
evaluation,2310,1379,Warm A,-0.007734207436442375,0.1111111119389534,0.12386461347341537,0.7283950617283951,2.384185791015625e-07,0.25197336077690125,0.4480968415737152,,cfg02_G3_D32,2.171714791969862,cuda
evaluation,2310,1379,Warm B,-0.007548946887254715,0.1111111119389534,0.12598556280136108,0.7160493827160493,2.384185791015625e-07,0.31043627858161926,0.5370572209358215,,cfg02_G3_D32,2.171714791969862,cuda
evaluation,2310,1379,Warm C,-0.0046438188292086124,0.111111119389534,0.11044565588235855,0.7777777777777778,1.1920928955078125e-07,0.27220699191093445,0.6614887118339539,,cfg02_G3_D32,2.171714791969862,cuda
evaluation,2314,1383,Cold,-0.002667088760063052,0.1111111119389534,0.10826621949672699,0.8024691358024691,2.384185791015625e-07,0.0,0.0,,cfg02_G3_D32,2.171714791969862,cuda
evaluation,2314,1383,Warm A,0.0023861622903496027,0.1111111119389534,0.10684873163700104,0.7530864197530864,2.384185791015625e-07,0.23451440036296844,0.7273671627044678,,cfg02_G3_D32,2.171714791969862,cuda
evaluation,2314,1383,Warm B,0.00582602946087718,0.1111111119389534,0.11317220330238342,0.7037037037037037,1.1920928955078125e-07,0.3600810170173645,0.6214942932128906,,cfg02_G3_D32,2.171714791969862,cuda
evaluation,2314,1383,Warm C,0.0011600599391385913,0.1111110970377922,0.11558011174201965,0.8024691358024691,2.384185791015625e-07,0.4136912226676941,0.7079951167106628,,cfg02_G3_D32,2.171714791969862,cuda
evaluation,2315,1384,Cold,-0.0006535059656016529,0.1111110970377922,0.09065849334001541,0.9135802469135802,2.384185791015625e-07,0.0,0.0,,cfg02_G3_D32,2.171714791969862,cuda
evaluation,2315,1384,Warm A,0.0020421668887138367,0.111111119389534,0.09858947992324829,0.8271604938271605,2.384185791015625e-07,0.23779846727848053,0.6119927763938904,,cfg02_G3_D32,2.171714791969862,cuda
evaluation,2315,1384,Warm B,0.00555860111489892,0.1111110970377922,0.11224909871816635,0.7530864197530864,2.384185791015625e-07,0.41763052344322205,0.47389957308769226,,cfg02_G3_D32,2.171714791969862,cuda
evaluation,2315,1384,Warm C,0.009408031590282917,0.1111111119389534,0.129853293299675,0.6419753086419753,1.1920928955078125e-07,0.5977759957313538,0.2693590819835663,,cfg02_G3_D32,2.171714791969862,cuda
evaluation,2320,1387,Cold,-0.00196491158567369,0.1111111119389534,0.10702116787433624,0.7777777777777778,1.7881393432617188e-07,0.0,0.0,,cfg02_G3_D32,2.171714791969862,cuda
evaluation,2320,1387,Warm A,0.004771315958350897,0.1111111119389534,0.10870975255966187,0.7407407407407407,2.384185791015625e-07,0.247088223695755,0.6371906399726868,,cfg02_G3_D32,2.171714791969862,cuda
evaluation,2320,1387,Warm B,0.0037707274314016104,0.1111111119389534,0.10792983323335648,0.8024691358024691,2.384185791015625e-07,0.34358739852905273,0.6343526244163513,,cfg02_G3_D32,2.171714791969862,cuda
evaluation,2320,1387,Warm C,0.009510795585811138,0.111111119389534,0.11623667925596237,0.7160493827160493,1.1920928955078125e-07,0.4130713641643524,0.5007871985435486,,cfg02_G3_D32,2.171714791969862,cuda
evaluation,2325,1391,Cold,-0.0009916332783177495,0.1111111119389534,0.09594422578811646,0.8888888888888888,1.1920928955078125e-07,0.0,0.0,,cfg02_G3_D32,2.171714791969862,cuda
evaluation,2325,1391,Warm A,0.0035665740724653006,0.1111111119389534,0.09648701548576355,0.8271604938271605,1.1920928955078125e-07,0.20050185918807983,0.5520514845848083,,cfg02_G3_D32,2.171714791969862,cuda
evaluation,2325,1391,Warm B,0.0010287744225934148,0.1111111119389534,0.09019813686609268,0.8765432098765432,2.384185791015625e-07,0.30030006170272827,0.5842366814613342,,cfg02_G3_D32,2.171714791969862,cuda
evaluation,2325,1391,Warm C,5.58673964405898e-05,0.111111119389534,0.09433009475469589,0.8765432098765432,3.5762786865234375e-07,0.31418153643608093,0.7372108697891235,,cfg02_G3_D32,2.171714791969862,cuda
evaluation,2327,1392,Cold,-0.0008501234697178006,0.1111111119389534,0.06445866823196411,0.9876543209876543,1.1920928955078125e-07,0.0,0.0,,cfg02_G3_D32,2.171714791969862,cuda
evaluation,2327,1392,Warm A,0.002438630908727646,0.1111111119389534,0.08465618640184402,0.9135802469135802,1.1920928955078125e-07,0.23941777646541595,0.36251676082611084,,cfg02_G3_D32,2.171714791969862,cuda
evaluation,2327,1392,Warm B,-0.0017873746110126376,0.111111119389534,0.06456395238637924,0.9629629629629629,1.1920928955078125e-07,0.23689013719558716,0.6344276666641235,,cfg02_G3_D32,2.171714791969862,cuda
evaluation,2327,1392,Warm C,0.0003802308638114482,0.1111111119389534,0.08498553931713104,0.9259259259259259,5.960464477539063e-08,0.3561158776283264,0.5823999643325806,,cfg02_G3_D32,2.171714791969862,cuda
evaluation,2328,1393,Cold,-0.0007692702347412705,0.1111111119389534,0.08282312750816345,0.9382716049382716,2.384185791015625e-07,0.0,0.0,,cfg02_G3_D32,2.171714791969862,cuda
evaluation,2328,1393,Warm A,0.0018393717473372817,0.111111119389534,0.09410276263952255,0.8765432098765432,2.384185791015625e-07,0.20601196587085724,0.5396072268486023,,cfg02_G3_D32,2.171714791969862,cuda
evaluation,2328,1393,Warm B,0.00413952162489295,0.1111111119389534,0.09428590536117554,0.8518518518518519,1.1920928955078125e-07,0.27730369567871094,0.4884827733039856,,cfg02_G3_D32,2.171714791969862,cuda
evaluation,2328,1393,Warm C,0.0067794667556881905,0.1111111119389534,0.1105600968003273,0.7530864197530864,1.1920928955078125e-07,0.3665787875652313,0.39165541529655457,,cfg02_G3_D32,2.171714791969862,cuda
evaluation,2330,1395,Cold,-0.0030016263481229544,0.1111111119389534,0.10428382456302643,0.8148148148148148,1.1920928955078125e-07,0.0,0.0,,cfg02_G3_D32,2.171714791969862,cuda
evaluation,2330,1395,Warm A,-0.004925111774355173,0.1111110970377922,0.11642610281705856,0.7654320987654321,2.384185791015625e-07,0.23463770747184753,0.5752951502799988,,cfg02_G3_D32,2.171714791969862,cuda
evaluation,2330,1395,Warm B,-0.008377160876989365,0.1111111119389534,0.1272369772195816,0.7160493827160493,1.1920928955078125e-07,0.3782912790775299,0.6065049767494202,,cfg02_G3_D32,2.171714791969862,cuda
evaluation,2330,1395,Warm C,-0.01123074535280466,0.1111111119389534,0.14030160009860992,0.6666666666666666,2.384185791015625e-07,0.46359139680862427,0.3998033404350281,,cfg02_G3_D32,2.171714791969862,cuda
evaluation,2331,1396,Cold,-0.0012569368118420243,0.1111111119389534,0.09424939006567001,0.9135802469135802,1.1920928955078125e-07,0.0,0.0,,cfg02_G3_D32,2.171714791969862,cuda
evaluation,2331,1396,Warm A,-0.003847249085083604,0.1111111119389534,0.09944353997707367,0.9135802469135802,2.384185791015625e-07,0.24132440984249115,0.7000441551208496,,cfg02_G3_D32,2.171714791969862,cuda
evaluation,2331,1396,Warm B,0.00023424156825058162,0.1111111119389534,0.0955645889043808,0.8888888888888888,3.5762786865234375e-07,0.2739410400390625,0.6758246421813965,,cfg02_G3_D32,2.171714791969862,cuda
evaluation,2331,1396,Warm C,-0.0030009292531758547,0.1111111119389534,0.09479262679815292,0.9135802469135802,1.7881393432617188e-07,0.31561291217803955,0.5434812903404236,,cfg02_G3_D32,2.171714791969862,cuda
evaluation,2337,1401,Cold,-0.0029845242388546467,0.1111111119389534,0.11144045740365982,0.7901234567901234,1.7881393432617188e-07,0.0,0.0,,cfg02_G3_D32,2.171714791969862,cuda
evaluation,2337,1401,Warm A,0.0008418497745878994,0.1111111119389534,0.10248696058988571,0.8024691358024691,1.1920928955078125e-07,0.22126230597496033,0.6007471084594727,,cfg02_G3_D32,2.171714791969862,cuda
evaluation,2337,1401,Warm B,0.00524013489484787,0.1111111119389534,0.10454986244440079,0.7407407407407407,2.384185791015625e-07,0.35838356614112854,0.6019296050071716,,cfg02_G3_D32,2.171714791969862,cuda
evaluation,2337,1401,Warm C,-0.00016488392429891974,0.1111111119389534,0.10255879908800125,0.7530864197530864,1.1920928955078125e-07,0.32616257667541504,0.6655373573303223,,cfg02_G3_D32,2.171714791969862,cuda
evaluation,2347,1406,Cold,-0.001155660254880786,0.1111111119389534,0.08129452168941498,0.9012345679012346,1.1920928955078125e-07,0.0,0.0,,cfg02_G3_D32,2.171714791969862,cuda
evaluation,2347,1406,Warm A,-0.004879762884229422,0.1111110970377922,0.09671910107135773,0.8641975308641975,2.384185791015625e-07,0.23913447558879852,0.49015918374061584,,cfg02_G3_D32,2.171714791969862,cuda
evaluation,2347,1406,Warm B,-0.006918990984559059,0.1111111119389534,0.11534309387207031,0.8024691358024691,2.384185791015625e-07,0.3969835042953491,0.47593972086906433,,cfg02_G3_D32,2.171714791969862,cuda
evaluation,2347,1406,Warm C,-0.005069002974778414,0.111111119389534,0.09583090245723724,0.8765432098765432,3.5762786865234375e-07,0.32424792647361755,0.4708483815193176,,cfg02_G3_D32,2.171714791969862,cuda
evaluation,2349,1408,Cold,-0.0025037312880158424,0.1111111119389534,0.09372371435165405,0.8641975308641975,1.1920928955078125e-07,0.0,0.0,,cfg02_G3_D32,2.171714791969862,cuda
evaluation,2349,1408,Warm A,-0.006257570814341307,0.1111111119389534,0.10981875658035278,0.8024691358024691,1.7881393432617188e-07,0.23828598856925964,0.561860203742981,,cfg02_G3_D32,2.171714791969862,cuda
evaluation,2349,1408,Warm B,-0.0005335485911928117,0.1111111119389534,0.09355387091636658,0.8641975308641975,2.384185791015625e-07,0.2761958837509155,0.6865148544311523,,cfg02_G3_D32,2.171714791969862,cuda
evaluation,2349,1408,Warm C,-0.0011465986026450992,0.1111111119389534,0.10903091728687286,0.8024691358024691,2.384185791015625e-07,0.364362508058548,0.7216454148292542,,cfg02_G3_D32,2.171714791969862,cuda
evaluation,2351,1409,Cold,-0.005551677197217941,0.1111111119389534,0.1318017840385437,0.691358024691358,1.1920928955078125e-07,0.0,0.0,,cfg02_G3_D32,2.171714791969862,cuda
evaluation,2351,1409,Warm A,-0.008586996234953403,0.1111111119389534,0.14161284267902374,0.6049382716049383,1.1920928955078125e-07,0.2385953813791275,0.4295082092285156,,cfg02_G3_D32,2.171714791969862,cuda
evaluation,2351,1409,Warm B,-0.005501071456819773,0.1111111119389534,0.13138408958911896,0.6790123456790124,1.1920928955078125e-07,0.24501463770866394,0.5688974261283875,,cfg02_G3_D32,2.171714791969862,cuda
evaluation,2351,1409,Warm C,-0.008882776834070683,0.1111111119389534,0.14194799959659576,0.6419753086419753,1.1920928955078125e-07,0.2867899239063263,0.39889463782310486,,cfg02_G3_D32,2.171714791969862,cuda
evaluation,2354,1412,Cold,-0.0006643567467108369,0.1111111119389534,0.09474331140518188,0.8765432098765432,2.384185791015625e-07,0.0,0.0,,cfg02_G3_D32,2.171714791969862,cuda
evaluation,2354,1412,Warm A,0.0026638591662049294,0.1111111119389534,0.10238673537969589,0.7901234567901234,1.1920928955078125e-07,0.22784438729286194,0.5601584911346436,,cfg02_G3_D32,2.171714791969862,cuda
evaluation,2354,1412,Warm B,0.001172867021523416,0.1111111119389534,0.10586103796958923,0.7283950617283951,1.1920928955078125e-07,0.37420690059661865,0.6901318430900574,,cfg02_G3_D32,2.171714791969862,cuda
evaluation,2354,1412,Warm C,-0.0038016983307898045,0.1111111119389534,0.10560914874076843,0.8271604938271605,2.384185791015625e-07,0.4567503035068512,0.6529120206832886,,cfg02_G3_D32,2.171714791969862,cuda
evaluation,2356,1414,Cold,-0.0012052917154505849,0.1111110970377922,0.10028255730867386,0.8641975308641975,2.980232238769531e-07,0.0,0.0,,cfg02_G3_D32,2.171714791969862,cuda
evaluation,2356,1414,Warm A,0.004259699024260044,0.1111111119389534,0.10162664949893951,0.8148148148148148,1.1920928955078125e-07,0.22813698649406433,0.562586784362793,,cfg02_G3_D32,2.171714791969862,cuda
evaluation,2356,1414,Warm B,0.009083106182515621,0.111111119389534,0.11309308558702469,0.691358024691358,1.1920928955078125e-07,0.40605440735816956,0.3656594455242157,,cfg02_G3_D32,2.171714791969862,cuda
evaluation,2356,1414,Warm C,0.0022040531039237976,0.111111119389534,0.10316931456327438,0.7777777777777778,1.1920928955078125e-07,0.41857972741127014,0.7535653710365295,,cfg02_G3_D32,2.171714791969862,cuda
evaluation,2360,1417,Cold,-0.002833487233147025,0.1111111119389534,0.11149691790342331,0.7901234567901234,2.384185791015625e-07,0.0,0.0,,cfg02_G3_D32,2.171714791969862,cuda
evaluation,2360,1417,Warm A,-0.005849122069776058,0.1111111119389534,0.12450692057609558,0.7407407407407407,1.1920928955078125e-07,0.24525052309036255,0.5180355310440063,,cfg02_G3_D32,2.171714791969862,cuda
evaluation,2360,1417,Warm B,-0.009816277772188187,0.1111111119389534,0.13753731548786163,0.6419753086419753,1.7881393432617188e-07,0.451154500246048,0.3178784251213074,,cfg02_G3_D32,2.171714791969862,cuda
evaluation,2360,1417,Warm C,-0.012002424336969852,0.1111111119389534,0.14969207346439362,0.6172839506172839,1.1920928955078125e-07,0.6050045490264893,0.3522038459777832,,cfg02_G3_D32,2.171714791969862,cuda
evaluation,2361,1418,Cold,-0.004081849008798599,0.1111111119389534,0.10015751421451569,0.8518518518518519,2.384185791015625e-07,0.0,0.0,,cfg02_G3_D32,2.171714791969862,cuda
evaluation,2361,1418,Warm A,0.0019246048759669065,0.1111111119389534,0.08633501082658768,0.8641975308641975,1.7881393432617188e-07,0.23728850483894348,0.6819667816162109,,cfg02_G3_D32,2.171714791969862,cuda
evaluation,2361,1418,Warm B,0.0049754055216908455,0.111111119389534,0.08569139987230301,0.8395061728395061,2.384185791015625e-07,0.3604702949523926,0.618254542350769,,cfg02_G3_D32,2.171714791969862,cuda
evaluation,2361,1418,Warm C,-0.000797304033767432,0.111111119389534,0.0838330015540123,0.8888888888888888,2.384185791015625e-07,0.38852858543395996,0.7286936640739441,,cfg02_G3_D32,2.171714791969862,cuda
evaluation,2364,1420,Cold,0.001296592177823186,0.1111111119389534,0.07245088368654251,0.9506172839506173,2.384185791015625e-07,0.0,0.0,,cfg02_G3_D32,2.171714791969862,cuda
evaluation,2364,1420,Warm A,0.003809774061664939,0.1111111119389534,0.09407730400562286,0.8518518518518519,1.7881393432617188e-07,0.22861792147159576,0.5171663165092468,,cfg02_G3_D32,2.171714791969862,cuda
evaluation,2364,1420,Warm B,0.005172723904252052,0.1111111119389534,0.11437506973743439,0.7283950617283951,2.384185791015625e-07,0.3735031485557556,0.3904183804988861,,cfg02_G3_D32,2.171714791969862,cuda
evaluation,2364,1420,Warm C,0.009531356394290924,0.1111111119389534,0.13375639915466309,0.691358024691358,1.7881393432617188e-07,0.4336400330066681,0.3263843059539795,,cfg02_G3_D32,2.171714791969862,cuda
evaluation,2365,1421,Cold,-0.0021672453731298447,0.1111111119389534,0.09282777458429337,0.8518518518518519,2.384185791015625e-07,0.0,0.0,,cfg02_G3_D32,2.171714791969862,cuda
evaluation,2365,1421,Warm A,0.001972544239833951,0.1111110970377922,0.09042412787675858,0.8148148148148148,1.1920928955078125e-07,0.237782284617424,0.6840619444847107,,cfg02_G3_D32,2.171714791969862,cuda
evaluation,2365,1421,Warm B,-0.0014376068720594049,0.1111111119389534,0.09213985502719879,0.8395061728395061,2.384185791015625e-07,0.2667439579963684,0.5504433512687683,,cfg02_G3_D32,2.171714791969862,cuda
evaluation,2365,1421,Warm C,0.0025497437454760075,0.1111111119389534,0.09907170385122299,0.7777777777777778,2.384185791015625e-07,0.4128439724445343,0.5115106701850891,,cfg02_G3_D32,2.171714791969862,cuda
evaluation,2370,1425,Cold,-0.002647043438628316,0.1111111119389534,0.08875095099210739,0.8888888888888888,2.384185791015625e-07,0.0,0.0,,cfg02_G3_D32,2.171714791969862,cuda
evaluation,2370,1425,Warm A,-0.004685637541115284,0.111111119389534,0.09613180160522461,0.8641975308641975,2.384185791015625e-07,0.21659855544567108,0.6927023530006409,,cfg02_G3_D32,2.171714791969862,cuda
evaluation,2370,1425,Warm B,-0.0012087272480130196,0.1111111119389534,0.08443871140480042,0.8641975308641975,5.960464477539063e-08,0.27045169472694397,0.5619037747383118,,cfg02_G3_D32,2.171714791969862,cuda
evaluation,2370,1425,Warm C,-0.0063681891188025475,0.1111111119389534,0.0936831384897232,0.8641975308641975,1.1920928955078125e-07,0.3989920914173126,0.5896793007850647,,cfg02_G3_D32,2.171714791969862,cuda
evaluation,2373,1428,Cold,-0.0021862322464585304,0.1111111119389534,0.08217404037714005,0.9135802469135802,2.384185791015625e-07,0.0,0.0,,cfg02_G3_D32,2.171714791969862,cuda
evaluation,2373,1428,Warm A,0.0028400104492902756,0.1111110970377922,0.08640500903129578,0.8765432098765432,2.384185791015625e-07,0.2510894238948822,0.6286084651947021,,cfg02_G3_D32,2.171714791969862,cuda
evaluation,2373,1428,Warm B,0.00731112202629447,0.1111111119389534,0.10810057073831558,0.8024691358024691,1.1920928955078125e-07,0.39163291454315186,0.40596142411231995,,cfg02_G3_D32,2.171714791969862,cuda
evaluation,2373,1428,Warm C,0.006358744110912085,0.1111111119389534,0.1112917810678482,0.7654320987654321,1.1920928955078125e-07,0.5068022608757019,0.40350791811943054,,cfg02_G3_D32,2.171714791969862,cuda
evaluation,2377,1432,Cold,-0.0015164348296821117,0.1111111119389534,0.0666639432311058,0.9753086419753086,1.1920928955078125e-07,0.0,0.0,,cfg02_G3_D32,2.171714791969862,cuda
evaluation,2377,1432,Warm A,0.002432243200019002,0.1111111119389534,0.07913260906934738,0.9012345679012346,1.1920928955078125e-07,0.2394787073135376,0.5900562405586243,,cfg02_G3_D32,2.171714791969862,cuda
evaluation,2377,1432,Warm B,0.002308774506673217,0.1111111119389534,0.07485232502222061,0.9382716049382716,1.1920928955078125e-07,0.25782567262649536,0.4671056866645813,,cfg02_G3_D32,2.171714791969862,cuda
evaluation,2377,1432,Warm C,0.0042512244544923306,0.111111119389534,0.07871231436729431,0.9135802469135802,1.1920928955078125e-07,0.23508068919181824,0.5817168354988098,,cfg02_G3_D32,2.171714791969862,cuda
evaluation,2380,1435,Cold,-0.0016105073736980557,0.111111119389534,0.08141939342021942,0.9259259259259259,1.1920928955078125e-07,0.0,0.0,,cfg02_G3_D32,2.171714791969862,cuda
evaluation,2380,1435,Warm A,0.0035598045215010643,0.1111111119389534,0.08781514316797256,0.8765432098765432,1.1920928955078125e-07,0.24001739919185638,0.480098158121109,,cfg02_G3_D32,2.171714791969862,cuda
evaluation,2380,1435,Warm B,0.007022606674581766,0.1111110970377922,0.10474306344985962,0.7777777777777778,1.1920928955078125e-07,0.384841650724411,0.39247840642929077,,cfg02_G3_D32,2.171714791969862,cuda
evaluation,2380,1435,Warm C,0.009994597174227238,0.1111111119389534,0.12407620996236801,0.6790123456790124,2.384185791015625e-07,0.4935000538825989,0.2944810688495636,,cfg02_G3_D32,2.171714791969862,cuda
evaluation,2381,1436,Cold,-0.0014270327519625425,0.1111111119389534,0.08274921029806137,0.9259259259259259,1.1920928955078125e-07,0.0,0.0,,cfg02_G3_D32,2.171714791969862,cuda
evaluation,2381,1436,Warm A,0.004013694357126951,0.1111110970377922,0.08951570093631744,0.8641975308641975,1.7881393432617188e-07,0.22986046969890594,0.4517582058906555,,cfg02_G3_D32,2.171714791969862,cuda
evaluation,2381,1436,Warm B,0.008505286648869514,0.111111119389534,0.10659606754779816,0.7654320987654321,1.1920928955078125e-07,0.39870595932006836,0.33616945147514343,,cfg02_G3_D32,2.171714791969862,cuda
evaluation,2381,1436,Warm C,0.013815446756780148,0.1111111119389534,0.12687185406684875,0.6666666666666666,2.384185791015625e-07,0.5522185564041138,0.19915500283241272,,cfg02_G3_D32,2.171714791969862,cuda
evaluation,2382,1437,Cold,-0.0015380176482722163,0.1111111119389534,0.08469328284263611,0.9259259259259259,2.384185791015625e-07,0.0,0.0,,cfg02_G3_D32,2.171714791969862,cuda
evaluation,2382,1437,Warm A,0.0026444161776453257,0.1111110970377922,0.08963823318481445,0.9259259259259259,2.384185791015625e-07,0.23535045981407166,0.5356095433235168,,cfg02_G3_D32,2.171714791969862,cuda
evaluation,2382,1437,Warm B,0.007772269193083048,0.1111111119389534,0.1089756041765213,0.7654320987654321,1.1920928955078125e-07,0.4237748980522156,0.44532880187034607,,cfg02_G3_D32,2.171714791969862,cuda
evaluation,2382,1437,Warm C,0.011694012209773064,0.1111110970377922,0.12663552165031433,0.654320987654321,2.384185791015625e-07,0.5845510959625244,0.13708221912384033,,cfg02_G3_D32,2.171714791969862,cuda
evaluation,2383,1438,Cold,-0.0015097521245479584,0.1111111119389534,0.08430911600589752,0.9259259259259259,2.384185791015625e-07,0.0,0.0,,cfg02_G3_D32,2.171714791969862,cuda
evaluation,2383,1438,Warm A,0.004433074966073036,0.1111111119389534,0.09018651396036148,0.8888888888888888,1.1920928955078125e-07,0.23474225401878357,0.509466826915741,,cfg02_G3_D32,2.171714791969862,cuda
evaluation,2383,1438,Warm B,0.008803433738648891,0.1111111119389534,0.10855387151241302,0.7407407407407407,2.384185791015625e-07,0.42774152755737305,0.4096902310848236,,cfg02_G3_D32,2.171714791969862,cuda
evaluation,2383,1438,Warm C,0.012999552302062511,0.1111111119389534,0.1262095421552658,0.6666666666666666,1.1920928955078125e-07,0.5921462178230286,0.17633169889450073,,cfg02_G3_D32,2.171714791969862,cuda
evaluation,2385,1440,Cold,-0.0005782730295322835,0.1111111119389534,0.09407392889261246,0.8888888888888888,1.7881393432617188e-07,0.0,0.0,,cfg02_G3_D32,2.171714791969862,cuda
evaluation,2385,1440,Warm A,0.00277507770806551,0.1111111119389534,0.10181459039449692,0.8271604938271605,1.1920928955078125e-07,0.2285202592611313,0.5125476717948914,,cfg02_G3_D32,2.171714791969862,cuda
evaluation,2385,1440,Warm B,0.006694764364510775,0.1111111119389534,0.11663097888231277,0.691358024691358,2.384185791015625e-07,0.4237319529056549,0.3421382009983063,,cfg02_G3_D32,2.171714791969862,cuda
evaluation,2385,1440,Warm C,0.009511740878224373,0.1111111119389534,0.13180968165397644,0.6172839506172839,2.384185791015625e-07,0.5797549486160278,0.37077954411506653,,cfg02_G3_D32,2.171714791969862,cuda
evaluation,2417,1467,Cold,-0.003309067338705063,0.1111110970377922,0.09635357558727264,0.8641975308641975,1.1920928955078125e-07,0.0,0.0,,cfg02_G3_D32,2.171714791969862,cuda
evaluation,2417,1467,Warm A,0.003259027376770973,0.1111111119389534,0.0906422808766365,0.8641975308641975,1.7881393432617188e-07,0.23407237231731415,0.6089629530906677,,cfg02_G3_D32,2.171714791969862,cuda
evaluation,2417,1467,Warm B,0.0077908835373818874,0.111111119389534,0.10336685180664062,0.7654320987654321,1.1920928955078125e-07,0.4109688997268677,0.3650989234447479,,cfg02_G3_D32,2.171714791969862,cuda
evaluation,2417,1467,Warm C,0.002869121264666319,0.1111111119389534,0.09318535774946213,0.8148148148148148,2.384185791015625e-07,0.44295236468315125,0.5742965340614319,,cfg02_G3_D32,2.171714791969862,cuda
evaluation,2418,1468,Cold,-0.0025878604501485825,0.1111111119389534,0.08863334357738495,0.9259259259259259,2.384185791015625e-07,0.0,0.0,,cfg02_G3_D32,2.171714791969862,cuda
evaluation,2418,1468,Warm A,0.0017624354222789407,0.1111111119389534,0.08266913890838623,0.8765432098765432,1.7881393432617188e-07,0.2302180975675583,0.7064056396484375,,cfg02_G3_D32,2.171714791969862,cuda
evaluation,2418,1468,Warm B,0.00551006430760026,0.1111111119389534,0.09293025732040405,0.8518518518518519,2.384185791015625e-07,0.3370199501514435,0.5873715281486511,,cfg02_G3_D32,2.171714791969862,cuda
evaluation,2418,1468,Warm C,0.009293182753026485,0.111111119389534,0.10282720625400543,0.8148148148148148,2.384185791015625e-07,0.5100804567337036,0.4734901487827301,,cfg02_G3_D32,2.171714791969862,cuda
evaluation,2419,1469,Cold,-0.0032940860837697983,0.1111111119389534,0.09997739642858505,0.8395061728395061,2.384185791015625e-07,0.0,0.0,,cfg02_G3_D32,2.171714791969862,cuda
evaluation,2419,1469,Warm A,0.002035941928625107,0.1111111119389534,0.09502863883972168,0.8148148148148148,1.1920928955078125e-07,0.23250220715999603,0.5644099116325378,,cfg02_G3_D32,2.171714791969862,cuda
evaluation,2419,1469,Warm B,-0.00021088519133627415,0.111111119389534,0.09360320121049881,0.8518518518518519,1.1920928955078125e-07,0.2602198123931885,0.6213054656982422,,cfg02_G3_D32,2.171714791969862,cuda
evaluation,2419,1469,Warm C,0.004802773240953684,0.111111119389534,0.09879209101200104,0.7654320987654321,1.1920928955078125e-07,0.4073832333087921,0.41652122139930725,,cfg02_G3_D32,2.171714791969862,cuda
evaluation,2429,1477,Cold,-0.0005965389427728951,0.1111111119389534,0.09166199713945389,0.9012345679012346,1.1920928955078125e-07,0.0,0.0,,cfg02_G3_D32,2.171714791969862,cuda
evaluation,2429,1477,Warm A,0.004793481435626745,0.1111111119389534,0.10227707773447037,0.7901234567901234,2.384185791015625e-07,0.24843433499336243,0.6337010264396667,,cfg02_G3_D32,2.171714791969862,cuda
evaluation,2429,1477,Warm B,0.010451268404722214,0.1111111119389534,0.11687245219945908,0.7407407407407407,1.1920928955078125e-07,0.41736578941345215,0.2908322513103485,,cfg02_G3_D32,2.171714791969862,cuda
evaluation,2429,1477,Warm C,0.01192501187324524,0.1111111119389534,0.12094856053590775,0.691358024691358,1.7881393432617188e-07,0.5203255414962769,0.3491767942905426,,cfg02_G3_D32,2.171714791969862,cuda
evaluation,2430,1478,Cold,-0.005179193802177906,0.1111111119389534,0.12476278841495514,0.7654320987654321,1.7881393432617188e-07,0.0,0.0,,cfg02_G3_D32,2.171714791969862,cuda
evaluation,2430,1478,Warm A,-0.001436878927052021,0.1111110970377922,0.11413580924272537,0.7654320987654321,2.384185791015625e-07,0.2478916198015213,0.8659742474555969,,cfg02_G3_D32,2.171714791969862,cuda
evaluation,2430,1478,Warm B,0.002475489629432559,0.1111111119389534,0.1103973537683487,0.7530864197530864,1.1920928955078125e-07,0.4099910259246826,0.624112069606781,,cfg02_G3_D32,2.171714791969862,cuda
evaluation,2430,1478,Warm C,0.006600761786103249,0.111111119389534,0.11285502463579178,0.6790123456790124,2.384185791015625e-07,0.5521562099456787,0.5799007415771484,,cfg02_G3_D32,2.171714791969862,cuda
evaluation,2432,1480,Cold,-0.0026926954742521048,0.1111111119389534,0.11047414690256119,0.8024691358024691,1.1920928955078125e-07,0.0,0.0,,cfg02_G3_D32,2.171714791969862,cuda
evaluation,2432,1480,Warm A,0.002935380209237337,0.1111111119389534,0.10471400618553162,0.7407407407407407,1.1920928955078125e-07,0.24911373853683472,0.5703662633895874,,cfg02_G3_D32,2.171714791969862,cuda
evaluation,2432,1480,Warm B,0.008142293430864811,0.1111111119389534,0.11165902018547058,0.7160493827160493,1.1920928955078125e-07,0.39216673374176025,0.5433069467544556,,cfg02_G3_D32,2.171714791969862,cuda
evaluation,2432,1480,Warm C,0.010503622703254223,0.1111111119389534,0.11413510143756866,0.7037037037037037,2.384185791015625e-07,0.5051156878471375,0.4242648184299469,,cfg02_G3_D32,2.171714791969862,cuda
evaluation,2435,1482,Cold,-0.0026927287690341473,0.1111111119389534,0.11047425121068954,0.8024691358024691,1.1920928955078125e-07,0.0,0.0,,cfg02_G3_D32,2.171714791969862,cuda
evaluation,2435,1482,Warm A,0.0019426812650635839,0.1111111119389534,0.1041877344250679,0.7530864197530864,1.1920928955078125e-07,0.23710253834724426,0.6063031554222107,,cfg02_G3_D32,2.171714791969862,cuda
evaluation,2435,1482,Warm B,-0.0018996421713382006,0.1111111119389534,0.10408534109592438,0.7901234567901234,1.1920928955078125e-07,0.3167019486427307,0.640752375125885,,cfg02_G3_D32,2.171714791969862,cuda
evaluation,2435,1482,Warm C,0.002661397447809577,0.1111111119389534,0.10084331780672073,0.7407407407407407,1.1920928955078125e-07,0.4589998424053192,0.5019799470901489,,cfg02_G3_D32,2.171714791969862,cuda
evaluation,2436,1483,Cold,-0.0011886759893968701,0.1111111119389534,0.10110469162464142,0.8888888888888888,1.1920928955078125e-07,0.0,0.0,,cfg02_G3_D32,2.171714791969862,cuda
evaluation,2436,1483,Warm A,-0.003063720650970936,0.1111110970377922,0.11055923998355865,0.8148148148148148,2.384185791015625e-07,0.22515128552913666,0.5874004364013672,,cfg02_G3_D32,2.171714791969862,cuda
evaluation,2436,1483,Warm B,-0.0013428727397695184,0.1111111119389534,0.10409560054540634,0.8641975308641975,1.1920928955078125e-07,0.3160776197910309,0.6161457896232605,,cfg02_G3_D32,2.171714791969862,cuda
evaluation,2436,1483,Warm C,-0.00024535111151635647,0.1111110970377922,0.10748855769634247,0.7654320987654321,1.7881393432617188e-07,0.40957120060920715,0.6349725127220154,,cfg02_G3_D32,2.171714791969862,cuda
evaluation,2437,1484,Cold,-0.0024771480821073055,0.1111111119389534,0.10645808279514313,0.8024691358024691,1.1920928955078125e-07,0.0,0.0,,cfg02_G3_D32,2.171714791969862,cuda
evaluation,2437,1484,Warm A,0.0007733347592875361,0.1111110970377922,0.1059781089425087,0.7777777777777778,2.384185791015625e-07,0.24033337831497192,0.7615421414375305,,cfg02_G3_D32,2.171714791969862,cuda
evaluation,2437,1484,Warm B,-0.001547423074953258,0.1111111119389534,0.10858076065778732,0.8024691358024691,2.384185791015625e-07,0.2751934826374054,0.5991334915161133,,cfg02_G3_D32,2.171714791969862,cuda
evaluation,2437,1484,Warm C,-0.005037948023527861,0.111111119389534,0.12528106570243835,0.7283950617283951,3.5762786865234375e-07,0.3787602484226227,0.4709530472755432,,cfg02_G3_D32,2.171714791969862,cuda
evaluation,2439,1485,Cold,-0.0024771459866315126,0.1111111119389534,0.10645807534456253,0.8024691358024691,1.1920928955078125e-07,0.0,0.0,,cfg02_G3_D32,2.171714791969862,cuda
evaluation,2439,1485,Warm A,-0.0025479253381490707,0.1111111119389534,0.10924062132835388,0.7777777777777778,2.384185791015625e-07,0.2548047602176666,0.7601860165596008,,cfg02_G3_D32,2.171714791969862,cuda
evaluation,2439,1485,Warm B,0.0025678996462374926,0.1111111119389534,0.10554209351539612,0.7901234567901234,1.1920928955078125e-07,0.30674415826797485,0.6091431975364685,,cfg02_G3_D32,2.171714791969862,cuda
evaluation,2439,1485,Warm C,-0.001722560846246779,0.1111111119389534,0.11059542745351791,0.8148148148148148,2.384185791015625e-07,0.3106994032859802,0.6669365167617798,,cfg02_G3_D32,2.171714791969862,cuda
evaluation,2442,1486,Cold,-0.003035352099686861,0.111111119389534,0.11180523782968521,0.7901234567901234,1.1920928955078125e-07,0.0,0.0,,cfg02_G3_D32,2.171714791969862,cuda
evaluation,2442,1486,Warm A,-0.001679654116742313,0.1111111119389534,0.10577940940856934,0.8148148148148148,2.384185791015625e-07,0.21998770534992218,0.5508315563201904,,cfg02_G3_D32,2.171714791969862,cuda
evaluation,2442,1486,Warm B,-0.0036064970772713423,0.111111119389534,0.11488209664821625,0.7777777777777778,1.1920928955078125e-07,0.2238554060459137,0.6006509065628052,,cfg02_G3_D32,2.171714791969862,cuda
evaluation,2442,1486,Warm C,-0.0008829813450574875,0.1111110970377922,0.10736533999443054,0.8148148148148148,2.384185791015625e-07,0.33822131156921387,0.5433410406112671,,cfg02_G3_D32,2.171714791969862,cuda
evaluation,2443,1487,Cold,-0.0020908096339553595,0.1111111119389534,0.10095272958278656,0.8518518518518519,2.384185791015625e-07,0.0,0.0,,cfg02_G3_D32,2.171714791969862,cuda
evaluation,2443,1487,Warm A,0.0007621986442245543,0.1111110970377922,0.10477378964424133,0.8395061728395061,2.384185791015625e-07,0.2310330718755722,0.7786639928817749,,cfg02_G3_D32,2.171714791969862,cuda
evaluation,2443,1487,Warm B,-0.0009714331827126443,0.1111111119389534,0.10098911821842194,0.8641975308641975,2.384185791015625e-07,0.21729595959186554,0.5390416979789734,,cfg02_G3_D32,2.171714791969862,cuda
evaluation,2443,1487,Warm C,-0.0007467924733646214,0.111111119389534,0.10389792919158936,0.8641975308641975,1.1920928955078125e-07,0.2930660843849182,0.5739685297012329,,cfg02_G3_D32,2.171714791969862,cuda
evaluation,2445,1488,Cold,-0.001751102041453123,0.1111111119389534,0.10320421308279037,0.8395061728395061,2.384185791015625e-07,0.0,0.0,,cfg02_G3_D32,2.171714791969862,cuda
evaluation,2445,1488,Warm A,0.003212262876331806,0.1111111119389534,0.10545724630355835,0.7777777777777778,2.384185791015625e-07,0.2451772689819336,0.6740819811820984,,cfg02_G3_D32,2.171714791969862,cuda
evaluation,2445,1488,Warm B,0.008717888034880161,0.1111111119389534,0.11501921713352203,0.7407407407407407,2.384185791015625e-07,0.4109871983528137,0.3719325661659241,,cfg02_G3_D32,2.171714791969862,cuda
evaluation,2445,1488,Warm C,0.012078198604285717,0.1111111119389534,0.12661100924015045,0.6666666666666666,1.1920928955078125e-07,0.49515464901924133,0.2985451817512512,,cfg02_G3_D32,2.171714791969862,cuda
evaluation,2446,1489,Cold,-0.0015298398211598396,0.1111110970377922,0.10587838292121887,0.7901234567901234,1.1920928955078125e-07,0.0,0.0,,cfg02_G3_D32,2.171714791969862,cuda
evaluation,2446,1489,Warm A,0.003695691702887416,0.1111111119389534,0.10462741553783417,0.7530864197530864,1.1920928955078125e-07,0.25092294812202454,0.4119885563850403,,cfg02_G3_D32,2.171714791969862,cuda
evaluation,2446,1489,Warm B,0.007604898419231176,0.1111111119389534,0.11736111342906952,0.691358024691358,1.7881393432617188e-07,0.35962605476379395,0.46665745973587036,,cfg02_G3_D32,2.171714791969862,cuda
evaluation,2446,1489,Warm C,0.008102565072476864,0.111111119389534,0.11883476376533508,0.691358024691358,1.1920928955078125e-07,0.41737526655197144,0.46965906023979187,,cfg02_G3_D32,2.171714791969862,cuda
evaluation,2448,1491,Cold,-0.0006571104167960584,0.1111111119389534,0.08991581201553345,0.9012345679012346,1.1920928955078125e-07,0.0,0.0,,cfg02_G3_D32,2.171714791969862,cuda
evaluation,2448,1491,Warm A,0.0027637588791549206,0.1111111119389534,0.10083459317684174,0.8024691358024691,1.1920928955078125e-07,0.2365126609802246,0.522091805934906,,cfg02_G3_D32,2.171714791969862,cuda
evaluation,2448,1491,Warm B,0.005045909434556961,0.111111119389534,0.11270146816968918,0.7160493827160493,2.384185791015625e-07,0.40536150336265564,0.41970452666282654,,cfg02_G3_D32,2.171714791969862,cuda
evaluation,2448,1491,Warm C,0.008554964326322079,0.1111111119389534,0.12846413254737854,0.6296296296296297,1.7881393432617188e-07,0.5451111197471619,0.3361431658267975,,cfg02_G3_D32,2.171714791969862,cuda
evaluation,2451,1493,Cold,-0.0018900835420936346,0.1111111119389534,0.0647505521774292,0.9876543209876543,2.384185791015625e-07,0.0,0.0,,cfg02_G3_D32,2.171714791969862,cuda
evaluation,2451,1493,Warm A,0.0023784623481333256,0.111111119389534,0.07556875050067902,0.9382716049382716,1.1920928955078125e-07,0.23868782818317413,0.5544226169586182,,cfg02_G3_D32,2.171714791969862,cuda
evaluation,2451,1493,Warm B,0.005291797686368227,0.1111111119389534,0.09645378589630127,0.8271604938271605,1.1920928955078125e-07,0.3907957375049591,0.4477711617946625,,cfg02_G3_D32,2.171714791969862,cuda
evaluation,2451,1493,Warm C,0.009125802665948868,0.1111111119389534,0.1172918975353241,0.7283950617283951,1.1920928955078125e-07,0.5143622159957886,0.41402965784072876,,cfg02_G3_D32,2.171714791969862,cuda
evaluation,2453,1494,Cold,-0.002610587514936924,0.1111111119389534,0.07932218909263611,0.9506172839506173,2.384185791015625e-07,0.0,0.0,,cfg02_G3_D32,2.171714791969862,cuda
evaluation,2453,1494,Warm A,0.002246562158688903,0.111111119389534,0.0807749480009079,0.9135802469135802,1.1920928955078125e-07,0.23430955410003662,0.6396543383598328,,cfg02_G3_D32,2.171714791969862,cuda
evaluation,2453,1494,Warm B,0.0018093727994710207,0.1111110970377922,0.08033283799886703,0.9259259259259259,1.1920928955078125e-07,0.31297922134399414,0.6496327519416809,,cfg02_G3_D32,2.171714791969862,cuda
evaluation,2453,1494,Warm C,0.006019138731062412,0.1111111119389534,0.08607377111911774,0.8765432098765432,1.1920928955078125e-07,0.39515116810798645,0.626264750957489,,cfg02_G3_D32,2.171714791969862,cuda
evaluation,2458,1499,Cold,-0.003549069631844759,0.1111111119389534,0.09890398383140564,0.8271604938271605,1.1920928955078125e-07,0.0,0.0,,cfg02_G3_D32,2.171714791969862,cuda
evaluation,2458,1499,Warm A,0.0015452333027496934,0.1111111119389534,0.092927947640419,0.8395061728395061,1.1920928955078125e-07,0.25174909830093384,0.7427511215209961,,cfg02_G3_D32,2.171714791969862,cuda
evaluation,2458,1499,Warm B,0.006854219827800989,0.111111119389534,0.10057856142520905,0.7777777777777778,2.384185791015625e-07,0.4325532913208008,0.3966045081615448,,cfg02_G3_D32,2.171714791969862,cuda
evaluation,2458,1499,Warm C,0.011896793730556965,0.1111111119389534,0.11614076793193817,0.7530864197530864,1.1920928955078125e-07,0.6319106817245483,0.3960631787776947,,cfg02_G3_D32,2.171714791969862,cuda
evaluation,2460,1501,Cold,-0.0007908294792287052,0.1111110970377922,0.05857262760400772,0.9876543209876543,2.384185791015625e-07,0.0,0.0,,cfg02_G3_D32,2.171714791969862,cuda
evaluation,2460,1501,Warm A,0.0051349797286093235,0.1111110970377922,0.08047541230916977,0.9382716049382716,2.384185791015625e-07,0.24823050200939178,0.5359652638435364,,cfg02_G3_D32,2.171714791969862,cuda
evaluation,2460,1501,Warm B,0.00448935991153121,0.1111111119389534,0.08171635121107101,0.9506172839506173,1.1920928955078125e-07,0.31744012236595154,0.550057590007782,,cfg02_G3_D32,2.171714791969862,cuda
evaluation,2460,1501,Warm C,0.010669182986021042,0.1111110970377922,0.10986369848251343,0.7901234567901234,1.1920928955078125e-07,0.47414517402648926,0.4050596356391907,,cfg02_G3_D32,2.171714791969862,cuda
evaluation,2461,1502,Cold,4.662191713578068e-05,0.111111119389534,0.06466052681207657,0.9876543209876543,1.1920928955078125e-07,0.0,0.0,,cfg02_G3_D32,2.171714791969862,cuda
evaluation,2461,1502,Warm A,0.004194244276732206,0.1111111119389534,0.08587460219860077,0.9259259259259259,1.7881393432617188e-07,0.24290911853313446,0.3833078145980835,,cfg02_G3_D32,2.171714791969862,cuda
evaluation,2461,1502,Warm B,0.008914242498576641,0.111111119389534,0.11071870476007462,0.7901234567901234,2.384185791015625e-07,0.43553417921066284,0.26981472969055176,,cfg02_G3_D32,2.171714791969862,cuda
evaluation,2461,1502,Warm C,0.006379065103828907,0.111111119389534,0.10631494969129562,0.8148148148148148,2.384185791015625e-07,0.4779221713542938,0.45630714297294617,,cfg02_G3_D32,2.171714791969862,cuda
evaluation,2472,1509,Cold,-0.0022170066367834806,0.1111111119389534,0.08469414710998535,0.9259259259259259,2.384185791015625e-07,0.0,0.0,,cfg02_G3_D32,2.171714791969862,cuda
evaluation,2472,1509,Warm A,0.004065868444740772,0.1111111119389534,0.08663046360015869,0.8518518518518519,1.1920928955078125e-07,0.23168322443962097,0.5653174519538879,,cfg02_G3_D32,2.171714791969862,cuda
evaluation,2472,1509,Warm B,0.009513101540505886,0.1111111119389534,0.10227078199386597,0.7901234567901234,1.1920928955078125e-07,0.4219655394554138,0.5146154761314392,,cfg02_G3_D32,2.171714791969862,cuda
evaluation,2472,1509,Warm C,0.011863834224641323,0.1111110970377922,0.12149033695459366,0.6790123456790124,1.1920928955078125e-07,0.5209404826164246,0.3105708658695221,,cfg02_G3_D32,2.171714791969862,cuda
evaluation,2473,1510,Cold,-0.001926972414366901,0.1111110970377922,0.08428531140089035,0.9259259259259259,2.980232238769531e-07,0.0,0.0,,cfg02_G3_D32,2.171714791969862,cuda
evaluation,2473,1510,Warm A,0.001972343074157834,0.1111110970377922,0.08699081093072891,0.8888888888888888,1.1920928955078125e-07,0.23876573145389557,0.5145140290260315,,cfg02_G3_D32,2.171714791969862,cuda
evaluation,2473,1510,Warm B,0.005862490739673376,0.1111111119389534,0.1050080955028534,0.7654320987654321,1.1920928955078125e-07,0.3858456313610077,0.34887734055519104,,cfg02_G3_D32,2.171714791969862,cuda
evaluation,2473,1510,Warm C,0.009001723490655422,0.1111111119389534,0.12195567041635513,0.6790123456790124,1.7881393432617188e-07,0.5299701690673828,0.4121803939342499,,cfg02_G3_D32,2.171714791969862,cuda
evaluation,2475,1512,Cold,-0.0015015953686088324,0.1111111119389534,0.08828314393758774,0.8765432098765432,2.384185791015625e-07,0.0,0.0,,cfg02_G3_D32,2.171714791969862,cuda
evaluation,2475,1512,Warm A,0.002900537569075823,0.111111119389534,0.09484919160604477,0.7901234567901234,1.1920928955078125e-07,0.24305453896522522,0.6074953079223633,,cfg02_G3_D32,2.171714791969862,cuda
evaluation,2475,1512,Warm B,-0.00180927908513695,0.1111111119389534,0.09141968190670013,0.8641975308641975,2.384185791015625e-07,0.36537113785743713,0.5611069798469543,,cfg02_G3_D32,2.171714791969862,cuda
evaluation,2475,1512,Warm C,0.0010311425430700183,0.1111110970377922,0.1014673113822937,0.7777777777777778,1.1920928955078125e-07,0.4888520836830139,0.4678094983100891,,cfg02_G3_D32,2.171714791969862,cuda
evaluation,2488,1516,Cold,-0.004766290076076984,0.1111111119389534,0.11638205498456955,0.8024691358024691,1.1920928955078125e-07,0.0,0.0,,cfg02_G3_D32,2.171714791969862,cuda
evaluation,2488,1516,Warm A,-0.002968554152175784,0.1111111119389534,0.12745575606822968,0.7160493827160493,2.384185791015625e-07,0.24271003901958466,0.577059805393219,,cfg02_G3_D32,2.171714791969862,cuda
evaluation,2488,1516,Warm B,-0.00032547005685046315,0.111111119389534,0.11487589031457901,0.7777777777777778,2.384185791015625e-07,0.40292230248451233,0.7686455249786377,,cfg02_G3_D32,2.171714791969862,cuda
evaluation,2488,1516,Warm C,-0.0026539633981883526,0.1111111119389534,0.12827295064926147,0.7160493827160493,2.384185791015625e-07,0.45064008235931396,0.3253310024738312,,cfg02_G3_D32,2.171714791969862,cuda
evaluation,2491,1518,Cold,-0.0009010742069222033,0.1111110970377922,0.09823336452245712,0.8765432098765432,1.1920928955078125e-07,0.0,0.0,,cfg02_G3_D32,2.171714791969862,cuda
evaluation,2491,1518,Warm A,0.0030997530557215214,0.1111111119389534,0.10218466073274612,0.8024691358024691,2.384185791015625e-07,0.2298290729522705,0.5252982378005981,,cfg02_G3_D32,2.171714791969862,cuda
evaluation,2491,1518,Warm B,0.005135796498507261,0.111111119389534,0.1168215349316597,0.6790123456790124,1.1920928955078125e-07,0.3477666974067688,0.4265226423740387,,cfg02_G3_D32,2.171714791969862,cuda
evaluation,2491,1518,Warm C,0.0017768775578588247,0.1111111119389534,0.10402608662843704,0.7777777777777778,2.384185791015625e-07,0.30699747800827026,0.5017845630645752,,cfg02_G3_D32,2.171714791969862,cuda
evaluation,2492,1519,Cold,-0.0008620974840596318,0.1111111119389534,0.09682971239089966,0.8888888888888888,2.384185791015625e-07,0.0,0.0,,cfg02_G3_D32,2.171714791969862,cuda
evaluation,2492,1519,Warm A,-0.0019102769438177347,0.1111111119389534,0.09948522597551346,0.8518518518518519,1.1920928955078125e-07,0.22842693328857422,0.7783888578414917,,cfg02_G3_D32,2.171714791969862,cuda
evaluation,2492,1519,Warm B,0.0029570357874035835,0.1111111119389534,0.10680543631315231,0.8024691358024691,2.384185791015625e-07,0.33341455459594727,0.5468783378601074,,cfg02_G3_D32,2.171714791969862,cuda
evaluation,2492,1519,Warm C,0.0025913419667631388,0.1111111119389534,0.11047405004501343,0.7530864197530864,1.1920928955078125e-07,0.472429484128952,0.6287218332290649,,cfg02_G3_D32,2.171714791969862,cuda
evaluation,2495,1520,Cold,-0.004005091264843941,0.111111119389534,0.0971318930387497,0.8518518518518519,2.384185791015625e-07,0.0,0.0,,cfg02_G3_D32,2.171714791969862,cuda
evaluation,2495,1520,Warm A,-0.005635357927531004,0.1111111119389534,0.10536617040634155,0.8641975308641975,2.384185791015625e-07,0.23600365221500397,0.5251372456550598,,cfg02_G3_D32,2.171714791969862,cuda
evaluation,2495,1520,Warm B,-0.0019243902061134577,0.1111111119389534,0.09305179119110107,0.8765432098765432,2.384185791015625e-07,0.22460342943668365,0.7595557570457458,,cfg02_G3_D32,2.171714791969862,cuda
evaluation,2495,1520,Warm C,6.621929060202092e-05,0.1111111119389534,0.08544014394283295,0.9012345679012346,1.7881393432617188e-07,0.3976234793663025,0.8131341934204102,,cfg02_G3_D32,2.171714791969862,cuda
evaluation,2497,1522,Cold,-0.0010477218311280012,0.111111119389534,0.09475580602884293,0.9012345679012346,1.1920928955078125e-07,0.0,0.0,,cfg02_G3_D32,2.171714791969862,cuda
evaluation,2497,1522,Warm A,0.0028862643521279097,0.1111111119389534,0.09938271343708038,0.8271604938271605,2.384185791015625e-07,0.23574593663215637,0.4601346552371979,,cfg02_G3_D32,2.171714791969862,cuda
evaluation,2497,1522,Warm B,0.0055107478983700275,0.1111111119389534,0.10986997932195663,0.7283950617283951,1.1920928955078125e-07,0.3233902156352997,0.6169655919075012,,cfg02_G3_D32,2.171714791969862,cuda
evaluation,2497,1522,Warm C,0.001283230260014534,0.111111119389534,0.09537089616060257,0.8518518518518519,1.1920928955078125e-07,0.38836923241615295,0.6354560256004333,,cfg02_G3_D32,2.171714791969862,cuda
evaluation,2498,1523,Cold,-0.0009249572176486254,0.111111119389534,0.09589748829603195,0.8888888888888888,2.384185791015625e-07,0.0,0.0,,cfg02_G3_D32,2.171714791969862,cuda
evaluation,2498,1523,Warm A,0.003579213283956051,0.1111111119389534,0.10299033671617508,0.7901234567901234,1.1920928955078125e-07,0.24039430916309357,0.5024958848953247,,cfg02_G3_D32,2.171714791969862,cuda
evaluation,2498,1523,Warm B,0.008441396057605743,0.1111111119389534,0.11320165544748306,0.7283950617283951,1.1920928955078125e-07,0.418287068605423,0.38753047585487366,,cfg02_G3_D32,2.171714791969862,cuda
evaluation,2498,1523,Warm C,0.011375240050256252,0.1111111119389534,0.1268184930086136,0.6419753086419753,1.1920928955078125e-07,0.5360106825828552,0.31213411688804626,,cfg02_G3_D32,2.171714791969862,cuda
evaluation,2500,1524,Cold,-0.0013208132004365325,0.1111111119389534,0.10287345200777054,0.8641975308641975,1.7881393432617188e-07,0.0,0.0,,cfg02_G3_D32,2.171714791969862,cuda
evaluation,2500,1524,Warm A,0.0033977075945585966,0.1111111119389534,0.10590113699436188,0.8148148148148148,2.384185791015625e-07,0.23869380354881287,0.5713158249855042,,cfg02_G3_D32,2.171714791969862,cuda
evaluation,2500,1524,Warm B,0.004496079869568348,0.1111111119389534,0.11466670036315918,0.691358024691358,1.1920928955078125e-07,0.33234211802482605,0.6250233054161072,,cfg02_G3_D32,2.171714791969862,cuda
evaluation,2500,1524,Warm C,0.002984456019476056,0.1111111119389534,0.1085834950208664,0.7530864197530864,1.1920928955078125e-07,0.3131067454814911,0.4715453088283539,,cfg02_G3_D32,2.171714791969862,cuda
evaluation,2504,1527,Cold,-0.0020529846660792828,0.111111119389534,0.10739360749721527,0.8148148148148148,1.1920928955078125e-07,0.0,0.0,,cfg02_G3_D32,2.171714791969862,cuda
evaluation,2504,1527,Warm A,0.002918427577242255,0.1111111119389534,0.1056487113237381,0.7654320987654321,2.384185791015625e-07,0.2364778071641922,0.6342295408248901,,cfg02_G3_D32,2.171714791969862,cuda
evaluation,2504,1527,Warm B,0.006172631401568651,0.111111119389534,0.11228513717651367,0.691358024691358,1.1920928955078125e-07,0.31260043382644653,0.6264228224754333,,cfg02_G3_D32,2.171714791969862,cuda
evaluation,2504,1527,Warm C,0.0024844303261488676,0.1111111119389534,0.1076635792851448,0.7530864197530864,2.384185791015625e-07,0.2790101170539856,0.5270518660545349,,cfg02_G3_D32,2.171714791969862,cuda
evaluation,2506,1529,Cold,-0.0009699390502646565,0.1111111119389534,0.09831732511520386,0.8765432098765432,2.384185791015625e-07,0.0,0.0,,cfg02_G3_D32,2.171714791969862,cuda
evaluation,2506,1529,Warm A,-0.002790602156892419,0.1111111119389534,0.10780743509531021,0.8641975308641975,1.1920928955078125e-07,0.22170525789260864,0.6275486350059509,,cfg02_G3_D32,2.171714791969862,cuda
evaluation,2506,1529,Warm B,0.0019303658045828342,0.1111110970377922,0.09767000377178192,0.8271604938271605,1.1920928955078125e-07,0.23371022939682007,0.5391488671302795,,cfg02_G3_D32,2.171714791969862,cuda
evaluation,2506,1529,Warm C,-0.003236540360376239,0.1111111119389534,0.10354964435100555,0.8148148148148148,2.384185791015625e-07,0.3037867844104767,0.6772182583808899,,cfg02_G3_D32,2.171714791969862,cuda
evaluation,2511,1530,Cold,-0.004905719310045242,0.1111111119389534,0.11349289864301682,0.8395061728395061,2.384185791015625e-07,0.0,0.0,,cfg02_G3_D32,2.171714791969862,cuda
evaluation,2511,1530,Warm A,-0.007247972767800093,0.1111111119389534,0.12259071320295334,0.7654320987654321,1.1920928955078125e-07,0.22858619689941406,0.6324717402458191,,cfg02_G3_D32,2.171714791969862,cuda
evaluation,2511,1530,Warm B,-0.0050767636857926846,0.1111110970377922,0.11832260340452194,0.7901234567901234,1.1920928955078125e-07,0.3204004466533661,0.46937114000320435,,cfg02_G3_D32,2.171714791969862,cuda
evaluation,2511,1530,Warm C,-0.00817379355430603,0.1111111119389534,0.131604865193367,0.691358024691358,2.384185791015625e-07,0.4217216670513153,0.541688084602356,,cfg02_G3_D32,2.171714791969862,cuda
evaluation,2514,1532,Cold,0.0017050672322511673,0.1111110970377922,0.06617315858602524,0.9753086419753086,1.7881393432617188e-07,0.0,0.0,,cfg02_G3_D32,2.171714791969862,cuda
evaluation,2514,1532,Warm A,0.004496784880757332,0.1111111119389534,0.09010498225688934,0.9012345679012346,1.7881393432617188e-07,0.23033484816551208,0.5937938690185547,,cfg02_G3_D32,2.171714791969862,cuda
evaluation,2514,1532,Warm B,0.009246586821973324,0.1111110970377922,0.11626822501420975,0.7407407407407407,2.384185791015625e-07,0.42037802934646606,0.3677977919578552,,cfg02_G3_D32,2.171714791969862,cuda
evaluation,2514,1532,Warm C,0.01230713352560997,0.1111110970377922,0.13382616639137268,0.6296296296296297,2.384185791015625e-07,0.5083092451095581,0.17377828061580658,,cfg02_G3_D32,2.171714791969862,cuda
evaluation,2519,1535,Cold,-0.0021531637758016586,0.1111111119389534,0.0847323089838028,0.9012345679012346,2.384185791015625e-07,0.0,0.0,,cfg02_G3_D32,2.171714791969862,cuda
evaluation,2519,1535,Warm A,-0.0002648953231982887,0.111111119389534,0.08201005309820175,0.9012345679012346,2.384185791015625e-07,0.24404317140579224,0.5929121971130371,,cfg02_G3_D32,2.171714791969862,cuda
evaluation,2519,1535,Warm B,-0.004299287684261799,0.1111111119389534,0.07774080336093903,0.9629629629629629,0.0,0.3190479576587677,0.7222822308540344,,cfg02_G3_D32,2.171714791969862,cuda
evaluation,2519,1535,Warm C,-0.0016260154079645872,0.1111111119389534,0.08164165169000626,0.9259259259259259,1.1920928955078125e-07,0.3840106725692749,0.5094031691551208,,cfg02_G3_D32,2.171714791969862,cuda
evaluation,2520,1536,Cold,-0.005128798075020313,0.1111111119389534,0.12154712527990341,0.7530864197530864,1.1920928955078125e-07,0.0,0.0,,cfg02_G3_D32,2.171714791969862,cuda
evaluation,2520,1536,Warm A,-0.00019076296302955598,0.1111111119389534,0.10575899481773376,0.8024691358024691,2.384185791015625e-07,0.24168656766414642,0.896823525428772,,cfg02_G3_D32,2.171714791969862,cuda
evaluation,2520,1536,Warm B,0.0049659316428005695,0.1111110970377922,0.09893833100795746,0.7654320987654321,2.384185791015625e-07,0.37907952070236206,0.5600793361663818,,cfg02_G3_D32,2.171714791969862,cuda
evaluation,2520,1536,Warm C,0.008762810379266739,0.1111110970377922,0.10343744605779648,0.7160493827160493,2.384185791015625e-07,0.5489222407341003,0.5096763968467712,,cfg02_G3_D32,2.171714791969862,cuda
evaluation,2521,1537,Cold,-0.0054144361056387424,0.1111111119389534,0.12207735329866409,0.7407407407407407,3.5762786865234375e-07,0.0,0.0,,cfg02_G3_D32,2.171714791969862,cuda
evaluation,2521,1537,Warm A,-0.00035086163552477956,0.1111111119389534,0.10944445431232452,0.8148148148148148,1.7881393432617188e-07,0.2389286905527115,0.7306473851203918,,cfg02_G3_D32,2.171714791969862,cuda
evaluation,2521,1537,Warm B,0.0038920228835195303,0.1111111119389534,0.10220994800329208,0.7407407407407407,1.1920928955078125e-07,0.4238201379776001,0.7167381644248962,,cfg02_G3_D32,2.171714791969862,cuda
evaluation,2521,1537,Warm C,0.007108098361641169,0.1111110970377922,0.10760852694511414,0.691358024691358,1.1920928955078125e-07,0.5944572687149048,0.6150480508804321,,cfg02_G3_D32,2.171714791969862,cuda
evaluation,2522,1538,Cold,-0.005141956731677055,0.1111111119389534,0.11572342365980148,0.8271604938271605,2.384185791015625e-07,0.0,0.0,,cfg02_G3_D32,2.171714791969862,cuda
evaluation,2522,1538,Warm A,-0.0013136600609868765,0.1111111119389534,0.10254063457250595,0.8148148148148148,1.1920928955078125e-07,0.23455430567264557,0.7311609387397766,,cfg02_G3_D32,2.171714791969862,cuda
evaluation,2522,1538,Warm B,0.00274409307166934,0.1111111119389534,0.09957405179738998,0.7530864197530864,1.1920928955078125e-07,0.4207322299480438,0.7540053725242615,,cfg02_G3_D32,2.171714791969862,cuda
evaluation,2522,1538,Warm C,0.00775787653401494,0.1111111119389534,0.10822958499193192,0.7037037037037037,1.1920928955078125e-07,0.5950065851211548,0.3780413866043091,,cfg02_G3_D32,2.171714791969862,cuda
evaluation,2525,1540,Cold,-0.0015222419751808047,0.1111111119389534,0.06924372911453247,0.9629629629629629,1.1920928955078125e-07,0.0,0.0,,cfg02_G3_D32,2.171714791969862,cuda
evaluation,2525,1540,Warm A,0.00242758821696043,0.1111111119389534,0.07709453254938126,0.9012345679012346,1.1920928955078125e-07,0.2512277066707611,0.6898671984672546,,cfg02_G3_D32,2.171714791969862,cuda
evaluation,2525,1540,Warm B,0.00659904582425952,0.111111119389534,0.10026948153972626,0.8271604938271605,2.384185791015625e-07,0.4723120331764221,0.4036409556865692,,cfg02_G3_D32,2.171714791969862,cuda
evaluation,2525,1540,Warm C,0.00866827555000782,0.1111110970377922,0.12196110934019089,0.7407407407407407,1.1920928955078125e-07,0.5609193444252014,0.31951913237571716,,cfg02_G3_D32,2.171714791969862,cuda
evaluation,2526,1541,Cold,-0.002306524198502302,0.1111111119389534,0.07408776134252548,0.9753086419753086,1.1920928955078125e-07,0.0,0.0,,cfg02_G3_D32,2.171714791969862,cuda
evaluation,2526,1541,Warm A,0.0035271449014544487,0.1111111119389534,0.0798531249165535,0.9012345679012346,1.1920928955078125e-07,0.24796943366527557,0.6620684266090393,,cfg02_G3_D32,2.171714791969862,cuda
evaluation,2526,1541,Warm B,0.0075585851445794106,0.1111111119389534,0.10214526951313019,0.8148148148148148,1.1920928955078125e-07,0.4375486373901367,0.3061710298061371,,cfg02_G3_D32,2.171714791969862,cuda
evaluation,2526,1541,Warm C,0.012942157685756683,0.1111111119389534,0.1247585117816925,0.7160493827160493,2.384185791015625e-07,0.5270347595214844,0.3292466104030609,,cfg02_G3_D32,2.171714791969862,cuda
evaluation,2535,1549,Cold,-0.004510177299380302,0.1111110970377922,0.09783763438463211,0.8518518518518519,1.1920928955078125e-07,0.0,0.0,,cfg02_G3_D32,2.171714791969862,cuda
evaluation,2535,1549,Warm A,-0.00043229589937254786,0.111111119389534,0.08662472665309906,0.8888888888888888,1.1920928955078125e-07,0.25090491771698,0.7796972393989563,,cfg02_G3_D32,2.171714791969862,cuda
evaluation,2535,1549,Warm B,0.003578488016501069,0.1111111119389534,0.09651675820350647,0.8395061728395061,1.1920928955078125e-07,0.4094545841217041,0.4309637248516083,,cfg02_G3_D32,2.171714791969862,cuda
evaluation,2535,1549,Warm C,0.006072295363992453,0.1111111119389534,0.11199293285608292,0.7283950617283951,1.1920928955078125e-07,0.5396588444709778,0.3505917489528656,,cfg02_G3_D32,2.171714791969862,cuda
evaluation,2540,1551,Cold,-0.0018269828287884593,0.1111111119389534,0.1064828634262085,0.8024691358024691,2.384185791015625e-07,0.0,0.0,,cfg02_G3_D32,2.171714791969862,cuda
evaluation,2540,1551,Warm A,0.003094526706263423,0.1111111119389534,0.10808400064706802,0.7530864197530864,2.384185791015625e-07,0.2322545200586319,0.5863499045372009,,cfg02_G3_D32,2.171714791969862,cuda
evaluation,2540,1551,Warm B,0.00840438436716795,0.1111111119389534,0.11823219805955887,0.7037037037037037,1.1920928955078125e-07,0.3958924412727356,0.33184197545051575,,cfg02_G3_D32,2.171714791969862,cuda
evaluation,2540,1551,Warm C,0.007155533414334059,0.1111111119389534,0.10936801880598068,0.7407407407407407,1.1920928955078125e-07,0.4421282112598419,0.5096737742424011,,cfg02_G3_D32,2.171714791969862,cuda
evaluation,2546,1554,Cold,-0.002269116463139653,0.1111110970377922,0.10743013769388199,0.8024691358024691,1.7881393432617188e-07,0.0,0.0,,cfg02_G3_D32,2.171714791969862,cuda
evaluation,2546,1554,Warm A,0.002145227510482073,0.1111111119389534,0.10403664410114288,0.7777777777777778,2.384185791015625e-07,0.24451960623264313,0.6351353526115417,,cfg02_G3_D32,2.171714791969862,cuda
evaluation,2546,1554,Warm B,0.003909992054104805,0.1111111119389534,0.10119516402482986,0.7777777777777778,1.1920928955078125e-07,0.3614422678947449,0.5794494152069092,,cfg02_G3_D32,2.171714791969862,cuda
evaluation,2546,1554,Warm C,0.010075658559799194,0.1111111119389534,0.11550107598304749,0.7160493827160493,2.384185791015625e-07,0.41171732544898987,0.4941475987434387,,cfg02_G3_D32,2.171714791969862,cuda
evaluation,2548,1555,Cold,0.0003226482658647001,0.1111110970377922,0.08103212714195251,0.9259259259259259,1.1920928955078125e-07,0.0,0.0,,cfg02_G3_D32,2.171714791969862,cuda
evaluation,2548,1555,Warm A,0.0045436834916472435,0.1111111119389534,0.09644906967878342,0.8271604938271605,2.384185791015625e-07,0.2482362687587738,0.3949061334133148,,cfg02_G3_D32,2.171714791969862,cuda
evaluation,2548,1555,Warm B,0.008197639137506485,0.1111111119389534,0.11309076100587845,0.7407407407407407,2.384185791015625e-07,0.31736621260643005,0.28364577889442444,,cfg02_G3_D32,2.171714791969862,cuda
evaluation,2548,1555,Warm C,0.011173270642757416,0.1111111119389534,0.13099181652069092,0.6172839506172839,2.384185791015625e-07,0.40206995606422424,0.26697269082069397,,cfg02_G3_D32,2.171714791969862,cuda
evaluation,2549,1556,Cold,0.00014843212557025254,0.1111111119389534,0.09641160070896149,0.8641975308641975,1.7881393432617188e-07,0.0,0.0,,cfg02_G3_D32,2.171714791969862,cuda
evaluation,2549,1556,Warm A,0.004720308352261782,0.1111111119389534,0.10520525276660919,0.7654320987654321,2.384185791015625e-07,0.23280276358127594,0.40537625551223755,,cfg02_G3_D32,2.171714791969862,cuda
evaluation,2549,1556,Warm B,0.005553442984819412,0.1111110970377922,0.11259644478559494,0.7160493827160493,1.1920928955078125e-07,0.3269049823284149,0.5621501207351685,,cfg02_G3_D32,2.171714791969862,cuda
evaluation,2549,1556,Warm C,0.007387399673461914,0.1111111119389534,0.11529124528169632,0.691358024691358,1.1920928955078125e-07,0.34225893020629883,0.4371350407600403,,cfg02_G3_D32,2.171714791969862,cuda
evaluation,2550,1557,Cold,-0.003134913742542267,0.1111111119389534,0.09615153074264526,0.8395061728395061,1.1920928955078125e-07,0.0,0.0,,cfg02_G3_D32,2.171714791969862,cuda
evaluation,2550,1557,Warm A,-0.003419933607801795,0.1111111119389534,0.09960824251174927,0.8024691358024691,1.7881393432617188e-07,0.23320165276527405,0.5568295121192932,,cfg02_G3_D32,2.171714791969862,cuda
evaluation,2550,1557,Warm B,-0.0013787763891741633,0.1111111119389534,0.09343525767326355,0.8024691358024691,1.1920928955078125e-07,0.29324302077293396,0.607175350189209,,cfg02_G3_D32,2.171714791969862,cuda
evaluation,2550,1557,Warm C,0.0004479428753256798,0.1111111119389534,0.09252984076738358,0.8271604938271605,1.7881393432617188e-07,0.3874187767505646,0.6599485278129578,,cfg02_G3_D32,2.171714791969862,cuda
evaluation,2551,1558,Cold,-0.0033056882675737143,0.111111119389534,0.10128214210271835,0.8148148148148148,2.384185791015625e-07,0.0,0.0,,cfg02_G3_D32,2.171714791969862,cuda
evaluation,2551,1558,Warm A,-0.004212869331240654,0.1111111119389534,0.10632874071598053,0.8271604938271605,1.1920928955078125e-07,0.2407785803079605,0.5303859710693359,,cfg02_G3_D32,2.171714791969862,cuda
evaluation,2551,1558,Warm B,0.0016345540061593056,0.111111119389534,0.09575316309928894,0.8395061728395061,2.384185791015625e-07,0.3381635844707489,0.6623131632804871,,cfg02_G3_D32,2.171714791969862,cuda
evaluation,2551,1558,Warm C,0.0008452134788967669,0.1111111119389534,0.09660187363624573,0.8271604938271605,1.1920928955078125e-07,0.36322298645973206,0.5913329124450684,,cfg02_G3_D32,2.171714791969862,cuda
evaluation,2554,1560,Cold,-0.003862034762278199,0.1111111119389534,0.09771069139242172,0.8518518518518519,2.384185791015625e-07,0.0,0.0,,cfg02_G3_D32,2.171714791969862,cuda
evaluation,2554,1560,Warm A,0.0010923134395852685,0.1111111119389534,0.09022568166255951,0.8518518518518519,1.1920928955078125e-07,0.23962491750717163,0.5491430163383484,,cfg02_G3_D32,2.171714791969862,cuda
evaluation,2554,1560,Warm B,0.004375780932605267,0.1111110970377922,0.09887754917144775,0.7777777777777778,1.1920928955078125e-07,0.43643590807914734,0.5745284557342529,,cfg02_G3_D32,2.171714791969862,cuda
evaluation,2554,1560,Warm C,0.0004697171680163592,0.1111111119389534,0.09240209311246872,0.8271604938271605,1.1920928955078125e-07,0.30004486441612244,0.6099531650543213,,cfg02_G3_D32,2.171714791969862,cuda
evaluation,2555,1561,Cold,-0.0014113167999312282,0.1111111119389534,0.10089993476867676,0.8888888888888888,1.1920928955078125e-07,0.0,0.0,,cfg02_G3_D32,2.171714791969862,cuda
evaluation,2555,1561,Warm A,0.00194788898807019,0.1111111119389534,0.10682132095098495,0.8148148148148148,2.980232238769531e-07,0.24379214644432068,0.6397486925125122,,cfg02_G3_D32,2.171714791969862,cuda
evaluation,2555,1561,Warm B,0.005628381390124559,0.1111111119389534,0.1175086721777916,0.654320987654321,2.384185791015625e-07,0.41192713379859924,0.3846273422241211,,cfg02_G3_D32,2.171714791969862,cuda
evaluation,2555,1561,Warm C,0.01031765528023243,0.1111111119389534,0.12964968383312225,0.6296296296296297,2.384185791015625e-07,0.6115452647209167,0.18957780301570892,,cfg02_G3_D32,2.171714791969862,cuda
evaluation,2560,1563,Cold,-0.0015675388276576996,0.1111111119389534,0.09602009505033493,0.9135802469135802,2.384185791015625e-07,0.0,0.0,,cfg02_G3_D32,2.171714791969862,cuda
evaluation,2560,1563,Warm A,0.0007002828060649335,0.1111111119389534,0.10428837686777115,0.8024691358024691,3.5762786865234375e-07,0.2421996146440506,0.6339330673217773,,cfg02_G3_D32,2.171714791969862,cuda
evaluation,2560,1563,Warm B,-0.0035479238722473383,0.111111119389534,0.10553240031003952,0.8518518518518519,1.7881393432617188e-07,0.3302396833896637,0.6746851205825806,,cfg02_G3_D32,2.171714791969862,cuda
evaluation,2560,1563,Warm C,-0.003183194203302264,0.1111111119389534,0.10368827730417252,0.7901234567901234,2.384185791015625e-07,0.38095206022262573,0.5827996134757996,,cfg02_G3_D32,2.171714791969862,cuda
evaluation,2561,1564,Cold,-0.0020321188494563103,0.1111111119389534,0.10838594287633896,0.7777777777777778,1.1920928955078125e-07,0.0,0.0,,cfg02_G3_D32,2.171714791969862,cuda
evaluation,2561,1564,Warm A,-0.0012184600345790386,0.1111111119389534,0.10379020124673843,0.7901234567901234,2.384185791015625e-07,0.20801414549350739,0.5335612893104553,,cfg02_G3_D32,2.171714791969862,cuda
evaluation,2561,1564,Warm B,0.0052203829400241375,0.111111119389534,0.1052609384059906,0.7654320987654321,2.384185791015625e-07,0.35965967178344727,0.4658549726009369,,cfg02_G3_D32,2.171714791969862,cuda
evaluation,2561,1564,Warm C,0.010048027150332928,0.1111111119389534,0.11923836916685104,0.6790123456790124,2.384185791015625e-07,0.4923056662082672,0.3740150034427643,,cfg02_G3_D32,2.171714791969862,cuda
evaluation,2570,1568,Cold,-0.001482638530433178,0.111111119389534,0.09725318849086761,0.8765432098765432,1.1920928955078125e-07,0.0,0.0,,cfg02_G3_D32,2.171714791969862,cuda
evaluation,2570,1568,Warm A,-0.0059602148830890656,0.111111119389534,0.10604596883058548,0.8271604938271605,1.1920928955078125e-07,0.2301734834909439,0.6181116104125977,,cfg02_G3_D32,2.171714791969862,cuda
evaluation,2570,1568,Warm B,-0.008162285201251507,0.1111111119389534,0.11141577363014221,0.7901234567901234,1.1920928955078125e-07,0.38094666600227356,0.5598366856575012,,cfg02_G3_D32,2.171714791969862,cuda
evaluation,2570,1568,Warm C,-0.006023355294018984,0.1111111119389534,0.09656618535518646,0.8518518518518519,2.384185791015625e-07,0.4774525463581085,0.6158580183982849,,cfg02_G3_D32,2.171714791969862,cuda
evaluation,2574,1571,Cold,-0.0014206964988261461,0.1111110970377922,0.10093410313129425,0.8765432098765432,2.384185791015625e-07,0.0,0.0,,cfg02_G3_D32,2.171714791969862,cuda
evaluation,2574,1571,Warm A,0.0029295948334038258,0.1111111119389534,0.1040908694267273,0.8024691358024691,1.1920928955078125e-07,0.23955661058425903,0.6130322813987732,,cfg02_G3_D32,2.171714791969862,cuda
evaluation,2574,1571,Warm B,0.004865921102464199,0.111111119389534,0.11565521359443665,0.7160493827160493,1.1920928955078125e-07,0.4328016936779022,0.45670196413993835,,cfg02_G3_D32,2.171714791969862,cuda
evaluation,2574,1571,Warm C,0.001429190975613892,0.1111111119389534,0.11518048495054245,0.7160493827160493,1.1920928955078125e-07,0.549879789352417,0.5612770318984985,,cfg02_G3_D32,2.171714791969862,cuda
evaluation,2575,1572,Cold,-0.0026708596851676702,0.1111111119389534,0.10835365206003189,0.8024691358024691,1.1920928955078125e-07,0.0,0.0,,cfg02_G3_D32,2.171714791969862,cuda
evaluation,2575,1572,Warm A,-0.00725626852363348,0.1111111119389534,0.12272993475198746,0.7530864197530864,1.1920928955078125e-07,0.24027948081493378,0.5636852383613586,,cfg02_G3_D32,2.171714791969862,cuda
evaluation,2575,1572,Warm B,-0.007417540531605482,0.1111111119389534,0.11653144657611847,0.8148148148148148,2.384185791015625e-07,0.3462953269481659,0.6056456565856934,,cfg02_G3_D32,2.171714791969862,cuda
evaluation,2575,1572,Warm C,-0.009398605674505234,0.1111111119389534,0.13090915977954865,0.7283950617283951,1.1920928955078125e-07,0.384660929441452,0.4623474180698395,,cfg02_G3_D32,2.171714791969862,cuda
evaluation,2582,1575,Cold,-0.0015255276812240481,0.1111111119389534,0.08998657017946243,0.8888888888888888,2.384185791015625e-07,0.0,0.0,,cfg02_G3_D32,2.171714791969862,cuda
evaluation,2582,1575,Warm A,0.0030038573313504457,0.1111111119389534,0.09786807745695114,0.7777777777777778,1.1920928955078125e-07,0.24396471679210663,0.6063564419746399,,cfg02_G3_D32,2.171714791969862,cuda
evaluation,2582,1575,Warm B,-0.0001836531300796196,0.1111110970377922,0.08932022005319595,0.8518518518518519,1.1920928955078125e-07,0.27410581707954407,0.5214762091636658,,cfg02_G3_D32,2.171714791969862,cuda
evaluation,2582,1575,Warm C,0.004807165823876858,0.1111111119389534,0.09807363897562027,0.7777777777777778,5.960464477539063e-08,0.3389284908771515,0.47965022921562195,,cfg02_G3_D32,2.171714791969862,cuda
evaluation,2587,1577,Cold,-0.0018831222550943494,0.1111110970377922,0.10821842402219772,0.8518518518518519,1.1920928955078125e-07,0.0,0.0,,cfg02_G3_D32,2.171714791969862,cuda
evaluation,2587,1577,Warm A,0.0014833029126748443,0.1111111119389534,0.1074458435177803,0.8148148148148148,2.384185791015625e-07,0.2407914698123932,0.5763913989067078,,cfg02_G3_D32,2.171714791969862,cuda
evaluation,2587,1577,Warm B,0.003942236304283142,0.1111111119389534,0.11695235222578049,0.7160493827160493,2.384185791015625e-07,0.384887158870697,0.6216826438903809,,cfg02_G3_D32,2.171714791969862,cuda
evaluation,2587,1577,Warm C,0.007680101320147514,0.1111111119389534,0.12655805051326752,0.6296296296296297,2.384185791015625e-07,0.4902355968952179,0.28222477436065674,,cfg02_G3_D32,2.171714791969862,cuda
evaluation,2589,1578,Cold,-0.0015826578019186854,0.111111119389534,0.1006351187825203,0.8765432098765432,1.1920928955078125e-07,0.0,0.0,,cfg02_G3_D32,2.171714791969862,cuda
evaluation,2589,1578,Warm A,0.0031399771105498075,0.1111110970377922,0.1008305549621582,0.7901234567901234,2.384185791015625e-07,0.2408030778169632,0.48188644647598267,,cfg02_G3_D32,2.171714791969862,cuda
evaluation,2589,1578,Warm B,0.005063632968813181,0.1111111119389534,0.10427842289209366,0.8024691358024691,1.1920928955078125e-07,0.3122399151325226,0.5884634852409363,,cfg02_G3_D32,2.171714791969862,cuda
evaluation,2589,1578,Warm C,0.004568908829241991,0.111111119389534,0.10379238426685333,0.7901234567901234,2.384185791015625e-07,0.37176817655563354,0.5744699835777283,,cfg02_G3_D32,2.171714791969862,cuda
evaluation,2594,1579,Cold,-0.00023410901485476643,0.1111111119389534,0.08965881168842316,0.9135802469135802,2.384185791015625e-07,0.0,0.0,,cfg02_G3_D32,2.171714791969862,cuda
evaluation,2594,1579,Warm A,-0.005380050744861364,0.1111111119389534,0.10397377610206604,0.8888888888888888,2.384185791015625e-07,0.2464018017053604,0.728386402130127,,cfg02_G3_D32,2.171714791969862,cuda
evaluation,2594,1579,Warm B,-0.005907603073865175,0.1111110970377922,0.11801116168498993,0.7901234567901234,1.7881393432617188e-07,0.32657724618911743,0.4934418797492981,,cfg02_G3_D32,2.171714791969862,cuda
evaluation,2594,1579,Warm C,-0.009851007722318172,0.1111111119389534,0.13525547087192535,0.7037037037037037,1.1920928955078125e-07,0.47546595335006714,0.31861749291419983,,cfg02_G3_D32,2.171714791969862,cuda
evaluation,2596,1580,Cold,-0.0020278061274439096,0.1111110970377922,0.10525650531053543,0.8271604938271605,2.384185791015625e-07,0.0,0.0,,cfg02_G3_D32,2.171714791969862,cuda
evaluation,2596,1580,Warm A,-0.0037042833864688873,0.1111111119389534,0.11614362895488739,0.7654320987654321,1.1920928955078125e-07,0.2212890386581421,0.6378007531166077,,cfg02_G3_D32,2.171714791969862,cuda
evaluation,2596,1580,Warm B,-0.004505866207182407,0.111111119389534,0.11631842702627182,0.8024691358024691,1.1920928955078125e-07,0.2915802597999573,0.6573503613471985,,cfg02_G3_D32,2.171714791969862,cuda
evaluation,2596,1580,Warm C,0.0002032492629950866,0.1111111119389534,0.10794354230165482,0.8271604938271605,2.384185791015625e-07,0.3101840913295746,0.6419930458068848,,cfg02_G3_D32,2.171714791969862,cuda
evaluation,2597,1581,Cold,-0.001391964964568615,0.1111111119389534,0.1016632616519928,0.8641975308641975,2.384185791015625e-07,0.0,0.0,,cfg02_G3_D32,2.171714791969862,cuda
evaluation,2597,1581,Warm A,0.0022640605457127094,0.1111110970377922,0.10586422681808472,0.8024691358024691,1.7881393432617188e-07,0.22893361747264862,0.5882787108421326,,cfg02_G3_D32,2.171714791969862,cuda
evaluation,2597,1581,Warm B,0.0055608912371098995,0.1111110970377922,0.11666610091924667,0.7160493827160493,2.384185791015625e-07,0.42364802956581116,0.3451463282108307,,cfg02_G3_D32,2.171714791969862,cuda
evaluation,2597,1581,Warm C,0.006137352902442217,0.1111110970377922,0.11600857228040695,0.7160493827160493,2.384185791015625e-07,0.4881395697593689,0.32951462268829346,,cfg02_G3_D32,2.171714791969862,cuda
evaluation,2607,1587,Cold,-0.0028994292952120304,0.1111111119389534,0.10888458788394928,0.8024691358024691,1.1920928955078125e-07,0.0,0.0,,cfg02_G3_D32,2.171714791969862,cuda
evaluation,2607,1587,Warm A,-0.0031729319598525763,0.1111111119389534,0.11833938211202621,0.7407407407407407,1.1920928955078125e-07,0.23470628261566162,0.6849998831748962,,cfg02_G3_D32,2.171714791969862,cuda
evaluation,2607,1587,Warm B,-0.005859453231096268,0.1111111119389534,0.12970484793186188,0.6666666666666666,1.7881393432617188e-07,0.34538698196411133,0.28333598375320435,,cfg02_G3_D32,2.171714791969862,cuda
evaluation,2607,1587,Warm C,-0.003584010759368539,0.111111119389534,0.11930602043867111,0.7283950617283951,2.384185791015625e-07,0.3659777045249939,0.5255308747291565,,cfg02_G3_D32,2.171714791969862,cuda
evaluation,2609,1588,Cold,-0.0029071143362671137,0.1111111119389534,0.10757701098918915,0.8024691358024691,1.1920928955078125e-07,0.0,0.0,,cfg02_G3_D32,2.171714791969862,cuda
evaluation,2609,1588,Warm A,-0.0069676837883889675,0.1111111119389534,0.1255919486284256,0.7530864197530864,1.1920928955078125e-07,0.2564043700695038,0.4542323648929596,,cfg02_G3_D32,2.171714791969862,cuda
evaluation,2609,1588,Warm B,-0.009475035592913628,0.1111111119389534,0.13481223583221436,0.654320987654321,2.384185791015625e-07,0.40941789746284485,0.419692724943161,,cfg02_G3_D32,2.171714791969862,cuda
evaluation,2609,1588,Warm C,-0.008317239582538605,0.1111111119389534,0.13687090575695038,0.6666666666666666,2.384185791015625e-07,0.4453325867652893,0.4123210608959198,,cfg02_G3_D32,2.171714791969862,cuda
evaluation,2611,1589,Cold,-0.002839249325916171,0.111111119389534,0.11062198877334595,0.7901234567901234,2.384185791015625e-07,0.0,0.0,,cfg02_G3_D32,2.171714791969862,cuda
evaluation,2611,1589,Warm A,-0.005909589119255543,0.1111111119389534,0.12419569492340088,0.7283950617283951,1.1920928955078125e-07,0.23213575780391693,0.5799795389175415,,cfg02_G3_D32,2.171714791969862,cuda
evaluation,2611,1589,Warm B,-0.0064211334101855755,0.1111110970377922,0.13411439955234528,0.691358024691358,2.384185791015625e-07,0.4311375319957733,0.5748688578605652,,cfg02_G3_D32,2.171714791969862,cuda
evaluation,2611,1589,Warm C,-0.005853578448295593,0.1111111119389534,0.12499561160802841,0.7530864197530864,2.384185791015625e-07,0.5829526782035828,0.5472675561904907,,cfg02_G3_D32,2.171714791969862,cuda
evaluation,2612,1590,Cold,-0.0056978631764650345,0.1111111119389534,0.13973329961299896,0.6049382716049383,1.1920928955078125e-07,0.0,0.0,,cfg02_G3_D32,2.171714791969862,cuda
evaluation,2612,1590,Warm A,-0.004074483644217253,0.1111110970377922,0.14245302975177765,0.5925925925925926,1.7881393432617188e-07,0.24452587962150574,0.42142173647880554,,cfg02_G3_D32,2.171714791969862,cuda
evaluation,2612,1590,Warm B,-0.00244318088516593,0.1111110970377922,0.13981026411056519,0.6049382716049383,2.384185791015625e-07,0.3892190456390381,0.5004962086677551,,cfg02_G3_D32,2.171714791969862,cuda
evaluation,2612,1590,Warm C,-0.004760825075209141,0.1111111119389534,0.14416678249835968,0.6049382716049383,2.384185791015625e-07,0.35946550965309143,0.551785945892334,,cfg02_G3_D32,2.171714791969862,cuda
evaluation,2615,1592,Cold,-0.0013130037114024162,0.111111119389534,0.07150982320308685,0.9506172839506173,1.1920928955078125e-07,0.0,0.0,,cfg02_G3_D32,2.171714791969862,cuda
evaluation,2615,1592,Warm A,0.0022035439033061266,0.1111111119389534,0.08641697466373444,0.9012345679012346,1.1920928955078125e-07,0.23522290587425232,0.4733235538005829,,cfg02_G3_D32,2.171714791969862,cuda
evaluation,2615,1592,Warm B,0.0008301021880470216,0.111111119389534,0.0820433497428894,0.9135802469135802,2.384185791015625e-07,0.3414957821369171,0.6654297709465027,,cfg02_G3_D32,2.171714791969862,cuda
evaluation,2615,1592,Warm C,-0.0021868098992854357,0.1111111119389534,0.07596028596162796,0.9382716049382716,1.1920928955078125e-07,0.29667928814888,0.6057920455932617,,cfg02_G3_D32,2.171714791969862,cuda
evaluation,2621,1595,Cold,-0.0014312035636976361,0.1111111119389534,0.09822781383991241,0.8765432098765432,2.980232238769531e-07,0.0,0.0,,cfg02_G3_D32,2.171714791969862,cuda
evaluation,2621,1595,Warm A,-0.00485859764739871,0.1111111119389534,0.11242948472499847,0.8024691358024691,2.384185791015625e-07,0.23997819423675537,0.6489945650100708,,cfg02_G3_D32,2.171714791969862,cuda
evaluation,2621,1595,Warm B,-0.0020167920738458633,0.1111111119389534,0.09916364401578903,0.8641975308641975,2.384185791015625e-07,0.2458607703447342,0.5619956851005554,,cfg02_G3_D32,2.171714791969862,cuda
evaluation,2621,1595,Warm C,-0.00391874136403203,0.1111111119389534,0.10786193609237671,0.8395061728395061,1.1920928955078125e-07,0.4100155830383301,0.7470232844352722,,cfg02_G3_D32,2.171714791969862,cuda
evaluation,2624,1597,Cold,-0.0030423845164477825,0.111111119389534,0.11280842125415802,0.7901234567901234,2.384185791015625e-07,0.0,0.0,,cfg02_G3_D32,2.171714791969862,cuda
evaluation,2624,1597,Warm A,-0.007129263132810593,0.1111111119389534,0.12666192650794983,0.7283950617283951,1.1920928955078125e-07,0.2497285157442093,0.4414025843143463,,cfg02_G3_D32,2.171714791969862,cuda
evaluation,2624,1597,Warm B,-0.009927147999405861,0.111111119389534,0.133934885263443,0.6790123456790124,1.1920928955078125e-07,0.33167165517807007,0.5065774321556091,,cfg02_G3_D32,2.171714791969862,cuda
evaluation,2624,1597,Warm C,-0.0074403476901352406,0.1111111119389534,0.14254224300384521,0.6172839506172839,1.1920928955078125e-07,0.33808356523513794,0.37860801815986633,,cfg02_G3_D32,2.171714791969862,cuda
evaluation,2625,1598,Cold,0.0006788225146010518,0.1111111119389534,0.09152922034263611,0.8518518518518519,1.1920928955078125e-07,0.0,0.0,,cfg02_G3_D32,2.171714791969862,cuda
evaluation,2625,1598,Warm A,0.002908971393480897,0.1111110970377922,0.09974239766597748,0.7777777777777778,1.7881393432617188e-07,0.23399542272090912,0.656499981880188,,cfg02_G3_D32,2.171714791969862,cuda
evaluation,2625,1598,Warm B,0.002890857169404626,0.1111111119389534,0.10116302967071533,0.7654320987654321,2.384185791015625e-07,0.3512330651283264,0.6061723232269287,,cfg02_G3_D32,2.171714791969862,cuda
evaluation,2625,1598,Warm C,-0.0036480631679296494,0.1111111119389534,0.10333721339702606,0.8395061728395061,1.1920928955078125e-07,0.49396395683288574,0.7032364010810852,,cfg02_G3_D32,2.171714791969862,cuda
evaluation,2629,1600,Cold,-0.0014651322271674871,0.111111119389534,0.09983178973197937,0.8641975308641975,1.1920928955078125e-07,0.0,0.0,,cfg02_G3_D32,2.171714791969862,cuda
evaluation,2629,1600,Warm A,0.00398373045027256,0.111111119389534,0.09794311225414276,0.8641975308641975,2.384185791015625e-07,0.22002814710140228,0.6051640510559082,,cfg02_G3_D32,2.171714791969862,cuda
evaluation,2629,1600,Warm B,0.005458287429064512,0.1111111119389534,0.11135886609554291,0.691358024691358,1.1920928955078125e-07,0.3220252990722656,0.47771111130714417,,cfg02_G3_D32,2.171714791969862,cuda
evaluation,2629,1600,Warm C,1.7450915947847534e-06,0.1111111119389534,0.10363885015249252,0.8271604938271605,1.1920928955078125e-07,0.35084718465805054,0.6327034831047058,,cfg02_G3_D32,2.171714791969862,cuda
evaluation,2633,1601,Cold,-0.005004113540053368,0.1111111119389534,0.1305280178785324,0.7037037037037037,1.7881393432617188e-07,0.0,0.0,,cfg02_G3_D32,2.171714791969862,cuda
evaluation,2633,1601,Warm A,-0.002530972706153989,0.1111111119389534,0.12108316272497177,0.7283950617283951,2.384185791015625e-07,0.24956345558166504,0.6330915093421936,,cfg02_G3_D32,2.171714791969862,cuda
evaluation,2633,1601,Warm B,8.884642738848925e-05,0.1111111119389534,0.11621370911598206,0.7283950617283951,1.1920928955078125e-07,0.35470157861709595,0.6659008264541626,,cfg02_G3_D32,2.171714791969862,cuda
evaluation,2633,1601,Warm C,0.0017419930081814528,0.1111111119389534,0.11802344769239426,0.691358024691358,1.1920928955078125e-07,0.5163547396659851,0.5287008285522461,,cfg02_G3_D32,2.171714791969862,cuda
evaluation,2634,1602,Cold,-0.003729501971974969,0.1111111119389534,0.09231467545032501,0.8888888888888888,2.384185791015625e-07,0.0,0.0,,cfg02_G3_D32,2.171714791969862,cuda
evaluation,2634,1602,Warm A,-0.00025689846370369196,0.1111111119389534,0.08371110260486603,0.8888888888888888,1.1920928955078125e-07,0.2535087764263153,0.7133540511131287,,cfg02_G3_D32,2.171714791969862,cuda
evaluation,2634,1602,Warm B,0.0013805952621623874,0.1111111119389534,0.08818373829126358,0.8271604938271605,1.1920928955078125e-07,0.43625128269195557,0.5973088145256042,,cfg02_G3_D32,2.171714791969862,cuda
evaluation,2634,1602,Warm C,-0.00299293571151793,0.1111111119389534,0.08809371292591095,0.8271604938271605,1.7881393432617188e-07,0.3973739445209503,0.5764031410217285,,cfg02_G3_D32,2.171714791969862,cuda
evaluation,2639,1603,Cold,-0.004672306124120951,0.1111111119389534,0.11241709440946579,0.8148148148148148,1.1920928955078125e-07,0.0,0.0,,cfg02_G3_D32,2.171714791969862,cuda
evaluation,2639,1603,Warm A,-0.00019943249935749918,0.1111110970377922,0.09808102995157242,0.8148148148148148,5.960464477539063e-08,0.24159584939479828,0.7074648141860962,,cfg02_G3_D32,2.171714791969862,cuda
evaluation,2639,1603,Warm B,0.004618967417627573,0.1111111119389534,0.09906419366598129,0.7654320987654321,1.1920928955078125e-07,0.39828962087631226,0.6127895712852478,,cfg02_G3_D32,2.171714791969862,cuda
evaluation,2639,1603,Warm C,0.003914192318916321,0.1111111119389534,0.09844642877578735,0.7777777777777778,1.1920928955078125e-07,0.5063409805297852,0.5420005917549133,,cfg02_G3_D32,2.171714791969862,cuda
evaluation,2645,1609,Cold,-0.002842231886461377,0.1111111119389534,0.08510797470808029,0.9382716049382716,2.384185791015625e-07,0.0,0.0,,cfg02_G3_D32,2.171714791969862,cuda
evaluation,2645,1609,Warm A,-2.6334537324146368e-05,0.1111111119389534,0.077562615275383,0.9012345679012346,1.1920928955078125e-07,0.2291029691696167,0.6714677214622498,,cfg02_G3_D32,2.171714791969862,cuda
evaluation,2645,1609,Warm B,0.0041893962770700455,0.1111111119389534,0.08502183854579926,0.8271604938271605,1.1920928955078125e-07,0.26236405968666077,0.4906763732433319,,cfg02_G3_D32,2.171714791969862,cuda
evaluation,2645,1609,Warm C,-0.0014784140512347221,0.1111110970377922,0.08072549849748611,0.8641975308641975,1.1920928955078125e-07,0.3214177191257477,0.6299399733543396,,cfg02_G3_D32,2.171714791969862,cuda
evaluation,2649,1611,Cold,-0.003988379146903753,0.1111111119389534,0.11214543879032135,0.7777777777777778,1.1920928955078125e-07,0.0,0.0,,cfg02_G3_D32,2.171714791969862,cuda
evaluation,2649,1611,Warm A,-0.0007815438439138234,0.111111119389534,0.102143794298172,0.7901234567901234,2.384185791015625e-07,0.24973279237747192,0.7433903217315674,,cfg02_G3_D32,2.171714791969862,cuda
evaluation,2649,1611,Warm B,0.0014068224700167775,0.1111111119389534,0.101219043135643,0.7901234567901234,2.384185791015625e-07,0.3369468152523041,0.6738889217376709,,cfg02_G3_D32,2.171714791969862,cuda
evaluation,2649,1611,Warm C,0.0003898009890690446,0.1111111119389534,0.10033980011940002,0.7901234567901234,1.7881393432617188e-07,0.34515637159347534,0.6947462558746338,,cfg02_G3_D32,2.171714791969862,cuda
evaluation,2651,1612,Cold,-0.003896898590028286,0.1111111119389534,0.10894807428121567,0.8024691358024691,1.1920928955078125e-07,0.0,0.0,,cfg02_G3_D32,2.171714791969862,cuda
evaluation,2651,1612,Warm A,-0.0009163575014099479,0.1111111119389534,0.10184834152460098,0.8024691358024691,1.1920928955078125e-07,0.2493203729391098,0.6154972314834595,,cfg02_G3_D32,2.171714791969862,cuda
evaluation,2651,1612,Warm B,-0.002140071941539645,0.111111119389534,0.1027768924832344,0.8024691358024691,2.384185791015625e-07,0.24589137732982635,0.6079701781272888,,cfg02_G3_D32,2.171714791969862,cuda
evaluation,2651,1612,Warm C,0.0008219691226258874,0.1111110970377922,0.09770219027996063,0.8024691358024691,2.384185791015625e-07,0.398205041885376,0.7044969797134399,,cfg02_G3_D32,2.171714791969862,cuda
evaluation,2654,1613,Cold,-0.0037916030269116163,0.1111110970377922,0.10943016409873962,0.8024691358024691,2.384185791015625e-07,0.0,0.0,,cfg02_G3_D32,2.171714791969862,cuda
evaluation,2654,1613,Warm A,-0.0013790159719064832,0.1111111119389534,0.1012253612279892,0.7901234567901234,1.1920928955078125e-07,0.23981934785842896,0.6248723864555359,,cfg02_G3_D32,2.171714791969862,cuda
evaluation,2654,1613,Warm B,-0.005853598937392235,0.111111119389534,0.11373742669820786,0.7901234567901234,1.1920928955078125e-07,0.35162055492401123,0.5991560220718384,,cfg02_G3_D32,2.171714791969862,cuda
evaluation,2654,1613,Warm C,-0.0033813645131886005,0.111111119389534,0.09984787553548813,0.8024691358024691,2.384185791015625e-07,0.4603107273578644,0.7198704481124878,,cfg02_G3_D32,2.171714791969862,cuda
evaluation,2656,1614,Cold,-0.0038089377339929342,0.1111111119389534,0.09927231818437576,0.8395061728395061,2.384185791015625e-07,0.0,0.0,,cfg02_G3_D32,2.171714791969862,cuda
evaluation,2656,1614,Warm A,-0.0009065978811122477,0.1111111119389534,0.09193161129951477,0.8395061728395061,2.384185791015625e-07,0.24348872900009155,0.6400362849235535,,cfg02_G3_D32,2.171714791969862,cuda
evaluation,2656,1614,Warm B,0.0028177001513540745,0.1111110970377922,0.09807874262332916,0.8024691358024691,1.1920928955078125e-07,0.4061563014984131,0.5717355012893677,,cfg02_G3_D32,2.171714791969862,cuda
evaluation,2656,1614,Warm C,0.006624986417591572,0.1111111119389534,0.10393492877483368,0.7654320987654321,1.1920928955078125e-07,0.476214200258255,0.5452598929405212,,cfg02_G3_D32,2.171714791969862,cuda
evaluation,2660,1616,Cold,-0.0034325409214943647,0.1111111119389534,0.10306137055158615,0.8271604938271605,1.1920928955078125e-07,0.0,0.0,,cfg02_G3_D32,2.171714791969862,cuda
evaluation,2660,1616,Warm A,-6.116062286309898e-05,0.111111119389534,0.09822054952383041,0.7901234567901234,2.384185791015625e-07,0.23996517062187195,0.6411809325218201,,cfg02_G3_D32,2.171714791969862,cuda
evaluation,2660,1616,Warm B,-0.004338640253990889,0.1111110970377922,0.10768922418355942,0.8024691358024691,1.1920928955078125e-07,0.22567836940288544,0.612148106098175,,cfg02_G3_D32,2.171714791969862,cuda
evaluation,2660,1616,Warm C,-0.007850558497011662,0.1111110970377922,0.12331195175647736,0.7407407407407407,1.1920928955078125e-07,0.34418126940727234,0.6411179304122925,,cfg02_G3_D32,2.171714791969862,cuda
evaluation,2661,1617,Cold,-0.0027802668046206236,0.1111111119389534,0.0994761511683464,0.8148148148148148,1.1920928955078125e-07,0.0,0.0,,cfg02_G3_D32,2.171714791969862,cuda
evaluation,2661,1617,Warm A,0.0015933270333334804,0.1111111119389534,0.09275443851947784,0.8148148148148148,2.384185791015625e-07,0.23352617025375366,0.7133685946464539,,cfg02_G3_D32,2.171714791969862,cuda
evaluation,2661,1617,Warm B,0.0046590156853199005,0.1111111119389534,0.09756142646074295,0.8024691358024691,1.1920928955078125e-07,0.3635047376155853,0.6972330212593079,,cfg02_G3_D32,2.171714791969862,cuda
evaluation,2661,1617,Warm C,0.0006607279647141695,0.1111110970377922,0.09480445832014084,0.7901234567901234,1.1920928955078125e-07,0.33749115467071533,0.5216843485832214,,cfg02_G3_D32,2.171714791969862,cuda
evaluation,2665,1620,Cold,-0.0033353508915752172,0.1111111119389534,0.09872148931026459,0.8395061728395061,1.1920928955078125e-07,0.0,0.0,,cfg02_G3_D32,2.171714791969862,cuda
evaluation,2665,1620,Warm A,0.0017394631868228316,0.1111111119389534,0.09215656667947769,0.8024691358024691,2.384185791015625e-07,0.24189502000808716,0.5973194241523743,,cfg02_G3_D32,2.171714791969862,cuda
evaluation,2665,1620,Warm B,0.002591171767562628,0.1111111119389534,0.08951807022094727,0.8024691358024691,1.1920928955078125e-07,0.3134399354457855,0.5899300575256348,,cfg02_G3_D32,2.171714791969862,cuda
evaluation,2665,1620,Warm C,-0.0009352818015031517,0.1111111119389534,0.09842117875814438,0.8395061728395061,2.384185791015625e-07,0.356168657541275,0.5694690942764282,,cfg02_G3_D32,2.171714791969862,cuda
evaluation,2669,1622,Cold,-0.005219846032559872,0.1111111119389534,0.12813153862953186,0.7160493827160493,2.384185791015625e-07,0.0,0.0,,cfg02_G3_D32,2.171714791969862,cuda
evaluation,2669,1622,Warm A,-0.0014596114633604884,0.1111111119389534,0.11644896119832993,0.7407407407407407,2.384185791015625e-07,0.2512604892253876,0.5625938773155212,,cfg02_G3_D32,2.171714791969862,cuda
evaluation,2669,1622,Warm B,0.003978225402534008,0.1111111119389534,0.10884132981300354,0.7407407407407407,2.384185791015625e-07,0.4266260266304016,0.536919116973877,,cfg02_G3_D32,2.171714791969862,cuda
evaluation,2669,1622,Warm C,-0.0015183695359155536,0.1111111119389534,0.11901628226041794,0.7654320987654321,1.1920928955078125e-07,0.3189561069011688,0.6522499918937683,,cfg02_G3_D32,2.171714791969862,cuda
evaluation,2682,1628,Cold,-0.0027246838435530663,0.1111110970377922,0.11298429220914841,0.7901234567901234,1.1920928955078125e-07,0.0,0.0,,cfg02_G3_D32,2.171714791969862,cuda
evaluation,2682,1628,Warm A,-0.006746681407094002,0.1111111119389534,0.1299058496952057,0.7037037037037037,2.384185791015625e-07,0.24663305282592773,0.5488563776016235,,cfg02_G3_D32,2.171714791969862,cuda
evaluation,2682,1628,Warm B,-0.010172314941883087,0.1111111119389534,0.1365576535463333,0.6790123456790124,2.384185791015625e-07,0.4228702783584595,0.5383878946304321,,cfg02_G3_D32,2.171714791969862,cuda
evaluation,2682,1628,Warm C,-0.01022716611623764,0.1111111119389534,0.14276167750358582,0.6172839506172839,1.1920928955078125e-07,0.4369203746318817,0.3128206729888916,,cfg02_G3_D32,2.171714791969862,cuda
evaluation,2696,1637,Cold,-0.000855763559229672,0.1111111119389534,0.09611213952302933,0.8888888888888888,1.7881393432617188e-07,0.0,0.0,,cfg02_G3_D32,2.171714791969862,cuda
evaluation,2696,1637,Warm A,-0.0021331384778022766,0.1111111119389534,0.10097435861825943,0.8641975308641975,1.1920928955078125e-07,0.24133779108524323,0.5030733346939087,,cfg02_G3_D32,2.171714791969862,cuda
evaluation,2696,1637,Warm B,-0.0009714346379041672,0.1111111119389534,0.1058928519487381,0.8395061728395061,1.1920928955078125e-07,0.30156341195106506,0.7010586857795715,,cfg02_G3_D32,2.171714791969862,cuda
evaluation,2696,1637,Warm C,-0.0023508432786911726,0.1111110970377922,0.11633840203285217,0.7777777777777778,1.1920928955078125e-07,0.43143096566200256,0.527804970741272,,cfg02_G3_D32,2.171714791969862,cuda
evaluation,2714,1648,Cold,-0.002978857373818755,0.1111111119389534,0.11336680501699448,0.7901234567901234,2.384185791015625e-07,0.0,0.0,,cfg02_G3_D32,2.171714791969862,cuda
evaluation,2714,1648,Warm A,0.0013843036722391844,0.1111111119389534,0.10776076465845108,0.7901234567901234,2.384185791015625e-07,0.23278844356536865,0.6307818293571472,,cfg02_G3_D32,2.171714791969862,cuda
evaluation,2714,1648,Warm B,0.006880917586386204,0.1111111119389534,0.11356809735298157,0.7407407407407407,2.384185791015625e-07,0.36306342482566833,0.575728714466095,,cfg02_G3_D32,2.171714791969862,cuda
evaluation,2714,1648,Warm C,0.004487164784222841,0.111111119389534,0.10800886899232864,0.7777777777777778,1.1920928955078125e-07,0.3820449709892273,0.5406787991523743,,cfg02_G3_D32,2.171714791969862,cuda
evaluation,2721,1654,Cold,-0.0006988039240241051,0.1111111119389534,0.09472149610519409,0.8888888888888888,2.980232238769531e-07,0.0,0.0,,cfg02_G3_D32,2.171714791969862,cuda
evaluation,2721,1654,Warm A,-0.004576480016112328,0.1111110970377922,0.10865561664104462,0.8518518518518519,1.1920928955078125e-07,0.24692770838737488,0.6429031491279602,,cfg02_G3_D32,2.171714791969862,cuda
evaluation,2721,1654,Warm B,-0.005207875277847052,0.1111111119389534,0.10337638109922409,0.8518518518518519,2.384185791015625e-07,0.32239800691604614,0.5629006624221802,,cfg02_G3_D32,2.171714791969862,cuda
evaluation,2721,1654,Warm C,-0.006659918464720249,0.1111111119389534,0.10992743819952011,0.7901234567901234,1.1920928955078125e-07,0.40067607164382935,0.423978716135025,,cfg02_G3_D32,2.171714791969862,cuda
evaluation,2725,1658,Cold,-0.001795351505279541,0.1111110970377922,0.10423130542039871,0.8271604938271605,2.384185791015625e-07,0.0,0.0,,cfg02_G3_D32,2.171714791969862,cuda
evaluation,2725,1658,Warm A,-0.003419451182708144,0.111111119389534,0.11138543486595154,0.8271604938271605,2.384185791015625e-07,0.2513619065284729,0.6921343803405762,,cfg02_G3_D32,2.171714791969862,cuda
evaluation,2725,1658,Warm B,-0.007492745295166969,0.1111110970377922,0.1227569431066513,0.7901234567901234,2.384185791015625e-07,0.394422322511673,0.7626399397850037,,cfg02_G3_D32,2.171714791969862,cuda
evaluation,2725,1658,Warm C,-0.005835917312651873,0.1111110970377922,0.12105940282344818,0.7777777777777778,2.384185791015625e-07,0.47746342420578003,0.6136146783828735,,cfg02_G3_D32,2.171714791969862,cuda
evaluation,2726,1659,Cold,-0.006380380596965551,0.1111111119389534,0.13679814338684082,0.6790123456790124,2.384185791015625e-07,0.0,0.0,,cfg02_G3_D32,2.171714791969862,cuda
evaluation,2726,1659,Warm A,-0.007337719667702913,0.111111119389534,0.14652889966964722,0.6172839506172839,1.1920928955078125e-07,0.2368512898683548,0.3006083369255066,,cfg02_G3_D32,2.171714791969862,cuda
evaluation,2726,1659,Warm B,-0.010821761563420296,0.1111111119389534,0.15516459941864014,0.5061728395061729,1.1920928955078125e-07,0.33203011751174927,0.2188655585050583,,cfg02_G3_D32,2.171714791969862,cuda
evaluation,2726,1659,Warm C,-0.010933375917375088,0.1111111119389534,0.14499478042125702,0.5802469135802469,2.384185791015625e-07,0.31913691759109497,0.6696987152099609,,cfg02_G3_D32,2.171714791969862,cuda
evaluation,2730,1662,Cold,-0.0048202225007116795,0.1111111119389534,0.11565501242876053,0.8271604938271605,1.1920928955078125e-07,0.0,0.0,,cfg02_G3_D32,2.171714791969862,cuda
evaluation,2730,1662,Warm A,-0.0010516191832721233,0.1111111119389534,0.1075095608830452,0.8024691358024691,2.384185791015625e-07,0.24561114609241486,0.6384016871452332,,cfg02_G3_D32,2.171714791969862,cuda
evaluation,2730,1662,Warm B,0.004189448431134224,0.111111119389534,0.09895987808704376,0.7777777777777778,1.1920928955078125e-07,0.34513044357299805,0.7918794751167297,,cfg02_G3_D32,2.171714791969862,cuda
evaluation,2730,1662,Warm C,-4.8553134547546506e-05,0.1111111119389534,0.10137391835451126,0.8148148148148148,1.1920928955078125e-07,0.43402400612831116,0.745330810546875,,cfg02_G3_D32,2.171714791969862,cuda
evaluation,2731,1663,Cold,-0.0055124592036008835,0.1111111119389534,0.13045097887516022,0.691358024691358,1.1920928955078125e-07,0.0,0.0,,cfg02_G3_D32,2.171714791969862,cuda
evaluation,2731,1663,Warm A,-0.0062062982469797134,0.1111111119389534,0.1404617875814438,0.6172839506172839,2.384185791015625e-07,0.23051689565181732,0.4478065073490143,,cfg02_G3_D32,2.171714791969862,cuda
evaluation,2731,1663,Warm B,-0.004560576286166906,0.1111111119389534,0.13120467960834503,0.6790123456790124,2.384185791015625e-07,0.2637123763561249,0.4597242772579193,,cfg02_G3_D32,2.171714791969862,cuda
evaluation,2731,1663,Warm C,-0.007358336355537176,0.1111111119389534,0.14275453984737396,0.6172839506172839,1.7881393432617188e-07,0.2929849624633789,0.2975495755672455,,cfg02_G3_D32,2.171714791969862,cuda
evaluation,2732,1664,Cold,-0.005403733346611261,0.1111111119389534,0.12896718084812164,0.7160493827160493,2.384185791015625e-07,0.0,0.0,,cfg02_G3_D32,2.171714791969862,cuda
evaluation,2732,1664,Warm A,-0.002971519250422716,0.1111111119389534,0.11694888025522232,0.7654320987654321,2.384185791015625e-07,0.22474339604377747,0.581886887550354,,cfg02_G3_D32,2.171714791969862,cuda
evaluation,2732,1664,Warm B,0.001215006923303008,0.1111111119389534,0.10738453269004822,0.7654320987654321,1.1920928955078125e-07,0.34301459789276123,0.635137140750885,,cfg02_G3_D32,2.171714791969862,cuda
evaluation,2732,1664,Warm C,-0.0017167979385703802,0.1111111119389534,0.1177905723452568,0.7654320987654321,1.7881393432617188e-07,0.3620496094226837,0.6290678381919861,,cfg02_G3_D32,2.171714791969862,cuda
evaluation,2738,1668,Cold,-0.0035959819797426462,0.1111111119389534,0.09726985543966293,0.8518518518518519,2.980232238769531e-07,0.0,0.0,,cfg02_G3_D32,2.171714791969862,cuda
evaluation,2738,1668,Warm A,0.0004590541066136211,0.1111111119389534,0.08863631635904312,0.8765432098765432,2.384185791015625e-07,0.23865275084972382,0.5327498316764832,,cfg02_G3_D32,2.171714791969862,cuda
evaluation,2738,1668,Warm B,0.004075456410646439,0.111111119389534,0.09826020896434784,0.8024691358024691,1.1920928955078125e-07,0.38256120681762695,0.4536707103252411,,cfg02_G3_D32,2.171714791969862,cuda
evaluation,2738,1668,Warm C,-0.0009559137397445738,0.1111111119389534,0.0932067483663559,0.8641975308641975,2.384185791015625e-07,0.46192580461502075,0.4894171357154846,,cfg02_G3_D32,2.171714791969862,cuda
evaluation,2741,1670,Cold,-0.0022182161919772625,0.1111110970377922,0.0915440022945404,0.8518518518518519,1.1920928955078125e-07,0.0,0.0,,cfg02_G3_D32,2.171714791969862,cuda
evaluation,2741,1670,Warm A,0.0032053696922957897,0.1111111119389534,0.09563228487968445,0.7901234567901234,5.960464477539063e-08,0.24220605194568634,0.4664883613586426,,cfg02_G3_D32,2.171714791969862,cuda
evaluation,2741,1670,Warm B,0.003789932932704687,0.1111111119389534,0.09448209404945374,0.8765432098765432,1.7881393432617188e-07,0.34368062019348145,0.5832227468490601,,cfg02_G3_D32,2.171714791969862,cuda
evaluation,2741,1670,Warm C,0.007169964723289013,0.1111111119389534,0.10475397109985352,0.7901234567901234,1.7881393432617188e-07,0.4579697847366333,0.5189028978347778,,cfg02_G3_D32,2.171714791969862,cuda
evaluation,2748,1674,Cold,-0.0015604308573529124,0.1111111119389534,0.08263248205184937,0.9012345679012346,1.7881393432617188e-07,0.0,0.0,,cfg02_G3_D32,2.171714791969862,cuda
evaluation,2748,1674,Warm A,0.0037718485109508038,0.1111111119389534,0.0910096988081932,0.8395061728395061,1.1920928955078125e-07,0.24486671388149261,0.517153263092041,,cfg02_G3_D32,2.171714791969862,cuda
evaluation,2748,1674,Warm B,0.009138750843703747,0.111111119389534,0.10910264402627945,0.7530864197530864,1.1920928955078125e-07,0.42382335662841797,0.45783352851867676,,cfg02_G3_D32,2.171714791969862,cuda
evaluation,2748,1674,Warm C,0.013205110095441341,0.1111111119389534,0.1265832632780075,0.654320987654321,1.7881393432617188e-07,0.5888515114784241,0.24117045104503632,,cfg02_G3_D32,2.171714791969862,cuda
evaluation,2749,1675,Cold,-0.0040010311640799046,0.1111110970377922,0.10354625433683395,0.8271604938271605,1.1920928955078125e-07,0.0,0.0,,cfg02_G3_D32,2.171714791969862,cuda
evaluation,2749,1675,Warm A,0.0014040520181879401,0.1111111119389534,0.09655092656612396,0.8271604938271605,1.1920928955078125e-07,0.23167754709720612,0.6425474286079407,,cfg02_G3_D32,2.171714791969862,cuda
evaluation,2749,1675,Warm B,0.00581747991964221,0.1111111119389534,0.10197905451059341,0.7530864197530864,1.7881393432617188e-07,0.36082562804222107,0.5069054961204529,,cfg02_G3_D32,2.171714791969862,cuda
evaluation,2749,1675,Warm C,0.011217314749956131,0.1111111119389534,0.11070284247398376,0.7037037037037037,2.384185791015625e-07,0.44216567277908325,0.5693198442459106,,cfg02_G3_D32,2.171714791969862,cuda
evaluation,2752,1677,Cold,-0.003127145115286112,0.1111111119389534,0.09565437585115433,0.8518518518518519,1.1920928955078125e-07,0.0,0.0,,cfg02_G3_D32,2.171714791969862,cuda
evaluation,2752,1677,Warm A,0.001847146893851459,0.111111119389534,0.09224674850702286,0.8395061728395061,1.1920928955078125e-07,0.2462945133447647,0.6965948939323425,,cfg02_G3_D32,2.171714791969862,cuda
evaluation,2752,1677,Warm B,0.006195593159645796,0.1111111119389534,0.10043609142303467,0.7530864197530864,1.1920928955078125e-07,0.3297203779220581,0.44137445092201233,,cfg02_G3_D32,2.171714791969862,cuda
evaluation,2752,1677,Warm C,0.005843315273523331,0.1111111119389534,0.1015930250287056,0.7901234567901234,1.1920928955078125e-07,0.48364973068237305,0.37281814217567444,,cfg02_G3_D32,2.171714791969862,cuda
evaluation,2757,1678,Cold,-0.004194595385342836,0.111111119389534,0.10671260207891464,0.8518518518518519,2.384185791015625e-07,0.0,0.0,,cfg02_G3_D32,2.171714791969862,cuda
evaluation,2757,1678,Warm A,-0.0069822450168430805,0.1111111119389534,0.1217881441116333,0.7530864197530864,1.1920928955078125e-07,0.241976797580719,0.2809508442878723,,cfg02_G3_D32,2.171714791969862,cuda
evaluation,2757,1678,Warm B,-0.003735209349542856,0.1111111119389534,0.10393132269382477,0.8271604938271605,1.1920928955078125e-07,0.3135935664176941,0.5928247570991516,,cfg02_G3_D32,2.171714791969862,cuda
evaluation,2757,1678,Warm C,-0.003321818308904767,0.1111111119389534,0.10247838497161865,0.8271604938271605,2.384185791015625e-07,0.45754724740982056,0.5812217593193054,,cfg02_G3_D32,2.171714791969862,cuda
evaluation,2769,1684,Cold,-0.0026675492990761995,0.1111110970377922,0.11072384566068649,0.7777777777777778,3.5762786865234375e-07,0.0,0.0,,cfg02_G3_D32,2.171714791969862,cuda
evaluation,2769,1684,Warm A,0.0006839294219389558,0.111111119389534,0.10841504484415054,0.7777777777777778,2.384185791015625e-07,0.2102327048778534,0.7066693305969238,,cfg02_G3_D32,2.171714791969862,cuda
evaluation,2769,1684,Warm B,-0.0036861426196992397,0.1111110970377922,0.10881159454584122,0.8148148148148148,1.1920928955078125e-07,0.2605847716331482,0.588211178779602,,cfg02_G3_D32,2.171714791969862,cuda
evaluation,2769,1684,Warm C,0.001403757487423718,0.111111119389534,0.11140552908182144,0.7654320987654321,1.1920928955078125e-07,0.2846319377422333,0.6388465166091919,,cfg02_G3_D32,2.171714791969862,cuda
evaluation,2771,1686,Cold,-0.002653534756973386,0.111111119389534,0.1124613881111145,0.7901234567901234,1.1920928955078125e-07,0.0,0.0,,cfg02_G3_D32,2.171714791969862,cuda
evaluation,2771,1686,Warm A,0.0014855683548375964,0.1111111119389534,0.10558944195508957,0.8024691358024691,2.384185791015625e-07,0.23192399740219116,0.5915306210517883,,cfg02_G3_D32,2.171714791969862,cuda
evaluation,2771,1686,Warm B,0.005271336063742638,0.1111111119389534,0.10936253517866135,0.7283950617283951,1.1920928955078125e-07,0.42835378646850586,0.53166264295578,,cfg02_G3_D32,2.171714791969862,cuda
evaluation,2771,1686,Warm C,0.007662776857614517,0.111111119389534,0.11452493071556091,0.7160493827160493,2.384185791015625e-07,0.5755049586296082,0.43039390444755554,,cfg02_G3_D32,2.171714791969862,cuda
evaluation,2774,1688,Cold,-0.0015997590962797403,0.111111119389534,0.09974011778831482,0.8888888888888888,1.1920928955078125e-07,0.0,0.0,,cfg02_G3_D32,2.171714791969862,cuda
evaluation,2774,1688,Warm A,-0.005405048374086618,0.111111119389534,0.11219779402017593,0.8148148148148148,2.384185791015625e-07,0.2426186352968216,0.6211808323860168,,cfg02_G3_D32,2.171714791969862,cuda
evaluation,2774,1688,Warm B,-0.0031951109413057566,0.1111111119389534,0.1049991250038147,0.8641975308641975,1.7881393432617188e-07,0.2748337686061859,0.5935153961181641,,cfg02_G3_D32,2.171714791969862,cuda
evaluation,2774,1688,Warm C,0.0028571044094860554,0.1111110970377922,0.09880717843770981,0.8271604938271605,1.1920928955078125e-07,0.33897462487220764,0.5127174258232117,,cfg02_G3_D32,2.171714791969862,cuda
evaluation,2780,1690,Cold,-0.0041177826933562756,0.1111111119389534,0.10194005817174911,0.8518518518518519,2.384185791015625e-07,0.0,0.0,,cfg02_G3_D32,2.171714791969862,cuda
evaluation,2780,1690,Warm A,0.00048563603195361793,0.1111111119389534,0.09087736159563065,0.8148148148148148,1.1920928955078125e-07,0.23562295734882355,0.6272704601287842,,cfg02_G3_D32,2.171714791969862,cuda
evaluation,2780,1690,Warm B,0.005586458835750818,0.1111110970377922,0.09038987010717392,0.8024691358024691,1.7881393432617188e-07,0.4164891541004181,0.5355814695358276,,cfg02_G3_D32,2.171714791969862,cuda
evaluation,2780,1690,Warm C,0.00780082494020462,0.1111111119389534,0.09620040655136108,0.7777777777777778,1.7881393432617188e-07,0.44896984100341797,0.5391484498977661,,cfg02_G3_D32,2.171714791969862,cuda
evaluation,2781,1691,Cold,-0.0037385604809969664,0.1111111119389534,0.09368856996297836,0.8765432098765432,2.384185791015625e-07,0.0,0.0,,cfg02_G3_D32,2.171714791969862,cuda
evaluation,2781,1691,Warm A,0.00019605219131335616,0.1111111119389534,0.08411704748868942,0.9012345679012346,2.384185791015625e-07,0.2362208217382431,0.6924900412559509,,cfg02_G3_D32,2.171714791969862,cuda
evaluation,2781,1691,Warm B,-0.0007329374202527106,0.1111111119389534,0.08524102717638016,0.9012345679012346,1.1920928955078125e-07,0.19711439311504364,0.5806111693382263,,cfg02_G3_D32,2.171714791969862,cuda
evaluation,2781,1691,Warm C,0.002506120363250375,0.1111111119389534,0.0882723331451416,0.8148148148148148,1.1920928955078125e-07,0.3336964249610901,0.6082773208618164,,cfg02_G3_D32,2.171714791969862,cuda
evaluation,2782,1692,Cold,-0.0033222006168216467,0.1111111119389534,0.08695487678050995,0.9382716049382716,2.384185791015625e-07,0.0,0.0,,cfg02_G3_D32,2.171714791969862,cuda
evaluation,2782,1692,Warm A,-0.0014060698449611664,0.111111119389534,0.09259781241416931,0.9012345679012346,2.384185791015625e-07,0.21914543211460114,0.6007444262504578,,cfg02_G3_D32,2.171714791969862,cuda
evaluation,2782,1692,Warm B,-0.0002853825280908495,0.1111110970377922,0.08126942068338394,0.9135802469135802,1.1920928955078125e-07,0.3069867193698883,0.5935553312301636,,cfg02_G3_D32,2.171714791969862,cuda
evaluation,2782,1692,Warm C,-0.0013387033250182867,0.1111110970377922,0.08341990411281586,0.9259259259259259,2.384185791015625e-07,0.40070635080337524,0.5247926712036133,,cfg02_G3_D32,2.171714791969862,cuda
evaluation,2784,1693,Cold,-0.003412592923268676,0.1111111119389534,0.0837000235915184,0.9506172839506173,2.384185791015625e-07,0.0,0.0,,cfg02_G3_D32,2.171714791969862,cuda
evaluation,2784,1693,Warm A,-0.0016516640316694975,0.111111119389534,0.08248212188482285,0.9012345679012346,2.384185791015625e-07,0.21870042383670807,0.545670747756958,,cfg02_G3_D32,2.171714791969862,cuda
evaluation,2784,1693,Warm B,0.0016307882033288479,0.1111111119389534,0.08380851149559021,0.8518518518518519,1.7881393432617188e-07,0.24231991171836853,0.6514487266540527,,cfg02_G3_D32,2.171714791969862,cuda
evaluation,2784,1693,Warm C,0.0017719262978062034,0.1111111119389534,0.09118696302175522,0.8395061728395061,2.384185791015625e-07,0.3512032926082611,0.5038229823112488,,cfg02_G3_D32,2.171714791969862,cuda
evaluation,2786,1694,Cold,-0.0006831728969700634,0.1111111119389534,0.07487814873456955,0.9506172839506173,2.384185791015625e-07,0.0,0.0,,cfg02_G3_D32,2.171714791969862,cuda
evaluation,2786,1694,Warm A,0.00410299189388752,0.111111119389534,0.08505251258611679,0.8765432098765432,1.1920928955078125e-07,0.23311708867549896,0.48616886138916016,,cfg02_G3_D32,2.171714791969862,cuda
evaluation,2786,1694,Warm B,0.006704140454530716,0.1111110970377922,0.10823895037174225,0.7777777777777778,1.1920928955078125e-07,0.4438871145248413,0.38095420598983765,,cfg02_G3_D32,2.171714791969862,cuda
evaluation,2786,1694,Warm C,0.008799158036708832,0.1111110970377922,0.12304924428462982,0.7037037037037037,1.7881393432617188e-07,0.6469999551773071,0.5050584673881531,,cfg02_G3_D32,2.171714791969862,cuda
evaluation,2787,1695,Cold,-0.0009962765034288168,0.1111111119389534,0.05602117255330086,0.9876543209876543,1.1920928955078125e-07,0.0,0.0,,cfg02_G3_D32,2.171714791969862,cuda
evaluation,2787,1695,Warm A,0.0047795940190553665,0.1111110970377922,0.06645505875349045,0.9629629629629629,2.384185791015625e-07,0.2199215441942215,0.6411663293838501,,cfg02_G3_D32,2.171714791969862,cuda
evaluation,2787,1695,Warm B,0.007662253454327583,0.1111111119389534,0.09947747737169266,0.8395061728395061,1.1920928955078125e-07,0.31522518396377563,0.2906283140182495,,cfg02_G3_D32,2.171714791969862,cuda
evaluation,2787,1695,Warm C,0.004734184127300978,0.1111111119389534,0.07615521550178528,0.9506172839506173,1.1920928955078125e-07,0.3597714900970459,0.5397555232048035,,cfg02_G3_D32,2.171714791969862,cuda
evaluation,2789,1697,Cold,-0.0012664668029174209,0.111111119389534,0.0552472285926342,0.9876543209876543,1.1920928955078125e-07,0.0,0.0,,cfg02_G3_D32,2.171714791969862,cuda
evaluation,2789,1697,Warm A,0.003063696436583996,0.111111119389534,0.07045263051986694,0.9629629629629629,1.1920928955078125e-07,0.24591092765331268,0.4909481704235077,,cfg02_G3_D32,2.171714791969862,cuda
evaluation,2789,1697,Warm B,0.007055523805320263,0.1111111119389534,0.09638646245002747,0.8395061728395061,1.1920928955078125e-07,0.3867977261543274,0.4603167474269867,,cfg02_G3_D32,2.171714791969862,cuda
evaluation,2789,1697,Warm C,0.004077165853232145,0.111111119389534,0.06820761412382126,0.9135802469135802,1.1920928955078125e-07,0.4133025109767914,0.6917392611503601,,cfg02_G3_D32,2.171714791969862,cuda
evaluation,2790,1698,Cold,-0.0019949052948504686,0.1111111119389534,0.05809585377573967,0.9876543209876543,1.1920928955078125e-07,0.0,0.0,,cfg02_G3_D32,2.171714791969862,cuda
evaluation,2790,1698,Warm A,0.0014957443345338106,0.11111108958721161,0.06822630763053894,0.9753086419753086,2.384185791015625e-07,0.2430693507194519,0.5799418687820435,,cfg02_G3_D32,2.171714791969862,cuda
evaluation,2790,1698,Warm B,0.00476725772023201,0.1111111119389534,0.09222321212291718,0.8518518518518519,1.1920928955078125e-07,0.387544721364975,0.5004065632820129,,cfg02_G3_D32,2.171714791969862,cuda
evaluation,2790,1698,Warm C,0.003568542655557394,0.1111111119389534,0.08967123180627823,0.8765432098765432,1.7881393432617188e-07,0.39965230226516724,0.4680740535259247,,cfg02_G3_D32,2.171714791969862,cuda
evaluation,2798,1706,Cold,-0.0005575995892286301,0.1111110970377922,0.08191489428281784,0.9259259259259259,2.384185791015625e-07,0.0,0.0,,cfg02_G3_D32,2.171714791969862,cuda
evaluation,2798,1706,Warm A,0.004065375309437513,0.1111111119389534,0.09173153340816498,0.8765432098765432,1.1920928955078125e-07,0.23707933723926544,0.4152452051639557,,cfg02_G3_D32,2.171714791969862,cuda
evaluation,2798,1706,Warm B,0.0070459675043821335,0.1111111119389534,0.10966498404741287,0.7654320987654321,1.1920928955078125e-07,0.4128674566745758,0.3528502881526947,,cfg02_G3_D32,2.171714791969862,cuda
evaluation,2798,1706,Warm C,0.010924017988145351,0.1111111119389534,0.128604456782341,0.6419753086419753,3.5762786865234375e-07,0.5105480551719666,0.25116100907325745,,cfg02_G3_D32,2.171714791969862,cuda
evaluation,2799,1707,Cold,0.00012075666745658964,0.1111111119389534,0.08041763305664062,0.9382716049382716,1.7881393432617188e-07,0.0,0.0,,cfg02_G3_D32,2.171714791969862,cuda
evaluation,2799,1707,Warm A,0.0046944813802838326,0.111111119389534,0.09480070322751999,0.8518518518518519,2.384185791015625e-07,0.233989879488945,0.43046584725379944,,cfg02_G3_D32,2.171714791969862,cuda
evaluation,2799,1707,Warm B,0.0059267436154186726,0.111111119389534,0.11469023674726486,0.7160493827160493,2.384185791015625e-07,0.43604686856269836,0.22781316936016083,,cfg02_G3_D32,2.171714791969862,cuda
evaluation,2799,1707,Warm C,0.010245620273053646,0.1111111119389534,0.13528908789157867,0.6049382716049383,1.1920928955078125e-07,0.5636739134788513,0.11200468987226486,,cfg02_G3_D32,2.171714791969862,cuda
evaluation,2801,1708,Cold,-0.002733329078182578,0.1111111119389534,0.10551708191633224,0.8395061728395061,1.1920928955078125e-07,0.0,0.0,,cfg02_G3_D32,2.171714791969862,cuda
evaluation,2801,1708,Warm A,0.001822689431719482,0.1111111119389534,0.10318519920110703,0.8148148148148148,2.384185791015625e-07,0.23813752830028534,0.6889814734458923,,cfg02_G3_D32,2.171714791969862,cuda
evaluation,2801,1708,Warm B,-0.002798181725665927,0.1111111119389534,0.10824538767337799,0.8024691358024691,1.1920928955078125e-07,0.2927229404449463,0.6835448145866394,,cfg02_G3_D32,2.171714791969862,cuda
evaluation,2801,1708,Warm C,-0.0012710405280813575,0.1111110970377922,0.10437337309122086,0.8271604938271605,2.384185791015625e-07,0.35513198375701904,0.6926852464675903,,cfg02_G3_D32,2.171714791969862,cuda
evaluation,2806,1713,Cold,-0.0008003234979696572,0.1111111119389534,0.10164010524749756,0.8518518518518519,1.1920928955078125e-07,0.0,0.0,,cfg02_G3_D32,2.171714791969862,cuda
evaluation,2806,1713,Warm A,0.004259331151843071,0.1111111119389534,0.10488593578338623,0.7901234567901234,2.384185791015625e-07,0.2340218871831894,0.502488911151886,,cfg02_G3_D32,2.171714791969862,cuda
evaluation,2806,1713,Warm B,0.008520947769284248,0.1111111119389534,0.11640861630439758,0.6666666666666666,1.1920928955078125e-07,0.4031352698802948,0.5227985382080078,,cfg02_G3_D32,2.171714791969862,cuda
evaluation,2806,1713,Warm C,0.00792212225496769,0.111111119389534,0.11395245790481567,0.7160493827160493,2.384185791015625e-07,0.42174383997917175,0.5108400583267212,,cfg02_G3_D32,2.171714791969862,cuda
evaluation,2807,1714,Cold,0.0004772839311044663,0.1111110970377922,0.09525105357170105,0.8765432098765432,2.384185791015625e-07,0.0,0.0,,cfg02_G3_D32,2.171714791969862,cuda
evaluation,2807,1714,Warm A,0.004700332414358854,0.111111119389534,0.10542923957109451,0.7654320987654321,1.1920928955078125e-07,0.24429048597812653,0.39866748452186584,,cfg02_G3_D32,2.171714791969862,cuda
evaluation,2807,1714,Warm B,0.009384049102663994,0.111111119389534,0.122962087392807,0.6790123456790124,2.384185791015625e-07,0.46381211280822754,0.2819306552410126,,cfg02_G3_D32,2.171714791969862,cuda
evaluation,2807,1714,Warm C,0.015269842930138111,0.1111111119389534,0.14011023938655853,0.6049382716049383,1.1920928955078125e-07,0.6806692481040955,0.08374512940645218,,cfg02_G3_D32,2.171714791969862,cuda
evaluation,2816,1717,Cold,-1.5412308130180463e-05,0.1111111119389534,0.08348362892866135,0.9012345679012346,2.384185791015625e-07,0.0,0.0,,cfg02_G3_D32,2.171714791969862,cuda
evaluation,2816,1717,Warm A,0.005230131559073925,0.1111111119389534,0.09281661361455917,0.8518518518518519,1.1920928955078125e-07,0.24892830848693848,0.6157561540603638,,cfg02_G3_D32,2.171714791969862,cuda
evaluation,2816,1717,Warm B,0.010328014381229877,0.1111111119389534,0.11348415911197662,0.7283950617283951,1.7881393432617188e-07,0.44196540117263794,0.3539348244667053,,cfg02_G3_D32,2.171714791969862,cuda
evaluation,2816,1717,Warm C,0.014026755467057228,0.1111111119389534,0.13153785467147827,0.6172839506172839,2.384185791015625e-07,0.6193922162055969,0.29124167561531067,,cfg02_G3_D32,2.171714791969862,cuda
evaluation,2817,1718,Cold,0.0007506533293053508,0.1111111119389534,0.08772130310535431,0.8518518518518519,1.1920928955078125e-07,0.0,0.0,,cfg02_G3_D32,2.171714791969862,cuda
evaluation,2817,1718,Warm A,0.005502527114003897,0.111111119389534,0.10140462219715118,0.7777777777777778,1.1920928955078125e-07,0.24249579012393951,0.4247279167175293,,cfg02_G3_D32,2.171714791969862,cuda
evaluation,2817,1718,Warm B,0.009801813401281834,0.1111111119389534,0.12018487602472305,0.691358024691358,1.7881393432617188e-07,0.4319811463356018,0.3987332582473755,,cfg02_G3_D32,2.171714791969862,cuda
evaluation,2817,1718,Warm C,0.014764920808374882,0.1111111119389534,0.1380235105752945,0.6049382716049383,2.384185791015625e-07,0.586932361125946,0.2579214572906494,,cfg02_G3_D32,2.171714791969862,cuda
evaluation,2828,1723,Cold,-0.00048700932529754937,0.111111119389534,0.09191689640283585,0.8888888888888888,2.384185791015625e-07,0.0,0.0,,cfg02_G3_D32,2.171714791969862,cuda
evaluation,2828,1723,Warm A,0.0028296462260186672,0.111111119389534,0.1023944765329361,0.7901234567901234,2.384185791015625e-07,0.2452007532119751,0.5148872137069702,,cfg02_G3_D32,2.171714791969862,cuda
evaluation,2828,1723,Warm B,0.007086534518748522,0.1111110970377922,0.11763148009777069,0.691358024691358,1.1920928955078125e-07,0.4167550802230835,0.3754378855228424,,cfg02_G3_D32,2.171714791969862,cuda
evaluation,2828,1723,Warm C,0.007495042867958546,0.1111111119389534,0.11951781064271927,0.6666666666666666,1.1920928955078125e-07,0.497474730014801,0.5068170428276062,,cfg02_G3_D32,2.171714791969862,cuda
evaluation,2829,1724,Cold,-0.0022854991257190704,0.111111119389534,0.10862153023481369,0.8148148148148148,1.1920928955078125e-07,0.0,0.0,,cfg02_G3_D32,2.171714791969862,cuda
evaluation,2829,1724,Warm A,-0.0052232081070542336,0.1111111119389534,0.11755205690860748,0.7530864197530864,1.1920928955078125e-07,0.22927404940128326,0.714546799659729,,cfg02_G3_D32,2.171714791969862,cuda
evaluation,2829,1724,Warm B,-0.0026859513018280268,0.1111111119389534,0.1117163747549057,0.8024691358024691,1.1920928955078125e-07,0.31205904483795166,0.8604288101196289,,cfg02_G3_D32,2.171714791969862,cuda
evaluation,2829,1724,Warm C,0.001644044416025281,0.111111119389534,0.11475852131843567,0.6790123456790124,2.384185791015625e-07,0.4507715106010437,0.5073289275169373,,cfg02_G3_D32,2.171714791969862,cuda
evaluation,2836,1725,Cold,-0.0012141687329858541,0.1111111119389534,0.10243448615074158,0.8765432098765432,2.384185791015625e-07,0.0,0.0,,cfg02_G3_D32,2.171714791969862,cuda
evaluation,2836,1725,Warm A,0.0031652499455958605,0.1111110970377922,0.10382628440856934,0.8024691358024691,1.7881393432617188e-07,0.24540922045707703,0.5277705192565918,,cfg02_G3_D32,2.171714791969862,cuda
evaluation,2836,1725,Warm B,0.0012041914742439985,0.1111111119389534,0.09689753502607346,0.8518518518518519,1.1920928955078125e-07,0.35982823371887207,0.513231635093689,,cfg02_G3_D32,2.171714791969862,cuda
evaluation,2836,1725,Warm C,0.0016079832566902041,0.1111111119389534,0.10001157969236374,0.8641975308641975,1.1920928955078125e-07,0.3721189498901367,0.6493318676948547,,cfg02_G3_D32,2.171714791969862,cuda
evaluation,2844,1728,Cold,-0.002285136142745614,0.1111111119389534,0.10765574872493744,0.7901234567901234,1.1920928955078125e-07,0.0,0.0,,cfg02_G3_D32,2.171714791969862,cuda
evaluation,2844,1728,Warm A,0.0015110240783542395,0.1111111119389534,0.11025505512952805,0.7777777777777778,2.384185791015625e-07,0.23418065905570984,0.7293691635131836,,cfg02_G3_D32,2.171714791969862,cuda
evaluation,2844,1728,Warm B,-0.002747789490967989,0.1111111119389534,0.11191052198410034,0.7901234567901234,1.1920928955078125e-07,0.31034421920776367,0.6334078907966614,,cfg02_G3_D32,2.171714791969862,cuda
evaluation,2844,1728,Warm C,-0.0019309546332806349,0.1111111119389534,0.11227665096521378,0.7901234567901234,1.1920928955078125e-07,0.40790891647338867,0.5886895060539246,,cfg02_G3_D32,2.171714791969862,cuda
evaluation,2846,1729,Cold,-0.0002245186478830874,0.1111110970377922,0.06711139529943466,0.9753086419753086,1.1920928955078125e-07,0.0,0.0,,cfg02_G3_D32,2.171714791969862,cuda
evaluation,2846,1729,Warm A,0.002439727308228612,0.1111110970377922,0.06667259335517883,0.9629629629629629,1.1920928955078125e-07,0.23667722940444946,0.5983529686927795,,cfg02_G3_D32,2.171714791969862,cuda
evaluation,2846,1729,Warm B,0.008622651919722557,0.1111111119389534,0.08240759372711182,0.9012345679012346,1.1920928955078125e-07,0.29897257685661316,0.6119055151939392,,cfg02_G3_D32,2.171714791969862,cuda
evaluation,2846,1729,Warm C,0.004694727249443531,0.1111111119389534,0.06802037358283997,0.9506172839506173,1.7881393432617188e-07,0.4518914222717285,0.8372206687927246,,cfg02_G3_D32,2.171714791969862,cuda
evaluation,2851,1730,Cold,-0.0008814662578515708,0.1111111119389534,0.07701592892408371,0.9135802469135802,2.384185791015625e-07,0.0,0.0,,cfg02_G3_D32,2.171714791969862,cuda
evaluation,2851,1730,Warm A,0.0032457399647682905,0.1111111119389534,0.08618330210447311,0.8765432098765432,1.1920928955078125e-07,0.24586708843708038,0.5320626497268677,,cfg02_G3_D32,2.171714791969862,cuda
evaluation,2851,1730,Warm B,0.008186347782611847,0.1111111119389534,0.1078575998544693,0.7901234567901234,1.1920928955078125e-07,0.4704466164112091,0.3503839671611786,,cfg02_G3_D32,2.171714791969862,cuda
evaluation,2851,1730,Warm C,0.011577345430850983,0.1111111119389534,0.1227089911699295,0.7160493827160493,2.384185791015625e-07,0.5473579168319702,0.4272420406341553,,cfg02_G3_D32,2.171714791969862,cuda
evaluation,2852,1731,Cold,-0.004583113361150026,0.1111111119389534,0.11306873708963394,0.8024691358024691,2.384185791015625e-07,0.0,0.0,,cfg02_G3_D32,2.171714791969862,cuda
evaluation,2852,1731,Warm A,-0.0036530806683003902,0.1111111119389534,0.10666096210479736,0.7901234567901234,1.7881393432617188e-07,0.20637750625610352,0.6256356239318848,,cfg02_G3_D32,2.171714791969862,cuda
evaluation,2852,1731,Warm B,0.00029993150383234024,0.1111111119389534,0.09514446556568146,0.8395061728395061,1.1920928955078125e-07,0.3500307500362396,0.6418260335922241,,cfg02_G3_D32,2.171714791969862,cuda
evaluation,2852,1731,Warm C,-0.004242761991918087,0.1111110970377922,0.10156439989805222,0.8024691358024691,1.1920928955078125e-07,0.37621214985847473,0.5902549624443054,,cfg02_G3_D32,2.171714791969862,cuda
evaluation,2856,1732,Cold,-0.0025325941387563944,0.1111111119389534,0.10615359246730804,0.7901234567901234,1.1920928955078125e-07,0.0,0.0,,cfg02_G3_D32,2.171714791969862,cuda
evaluation,2856,1732,Warm A,0.0021683473605662584,0.1111111119389534,0.10075022280216217,0.7901234567901234,2.384185791015625e-07,0.25364476442337036,0.8579177856445312,,cfg02_G3_D32,2.171714791969862,cuda
evaluation,2856,1732,Warm B,0.0064238691702485085,0.1111111119389534,0.10475514084100723,0.7160493827160493,1.1920928955078125e-07,0.41380491852760315,0.4567294120788574,,cfg02_G3_D32,2.171714791969862,cuda
evaluation,2856,1732,Warm C,0.009319081902503967,0.111111119389534,0.11710913479328156,0.6666666666666666,1.1920928955078125e-07,0.5154269337654114,0.623920738697052,,cfg02_G3_D32,2.171714791969862,cuda
evaluation,2860,1736,Cold,-0.0004718635755125433,0.1111111119389534,0.09640741348266602,0.8888888888888888,1.1920928955078125e-07,0.0,0.0,,cfg02_G3_D32,2.171714791969862,cuda
evaluation,2860,1736,Warm A,0.0029961743857711554,0.1111111119389534,0.10519586503505707,0.7777777777777778,2.384185791015625e-07,0.23339682817459106,0.6463403701782227,,cfg02_G3_D32,2.171714791969862,cuda
evaluation,2860,1736,Warm B,-0.0008728267857804894,0.1111111119389534,0.0957062765955925,0.8888888888888888,2.384185791015625e-07,0.23173536360263824,0.5484884977340698,,cfg02_G3_D32,2.171714791969862,cuda
evaluation,2860,1736,Warm C,0.0034868342336267233,0.1111110970377922,0.09588108956813812,0.8148148148148148,1.1920928955078125e-07,0.3035413920879364,0.502191424369812,,cfg02_G3_D32,2.171714791969862,cuda
evaluation,2862,1738,Cold,-0.004176116548478603,0.1111111119389534,0.10587047040462494,0.8518518518518519,2.384185791015625e-07,0.0,0.0,,cfg02_G3_D32,2.171714791969862,cuda
evaluation,2862,1738,Warm A,-0.0006626860704272985,0.1111110970377922,0.09527851641178131,0.8395061728395061,1.1920928955078125e-07,0.23068368434906006,0.8615772128105164,,cfg02_G3_D32,2.171714791969862,cuda
evaluation,2862,1738,Warm B,0.004481893964111805,0.1111111119389534,0.09669137001037598,0.7901234567901234,1.1920928955078125e-07,0.39454585313796997,0.7023176550865173,,cfg02_G3_D32,2.171714791969862,cuda
evaluation,2862,1738,Warm C,0.0046076648868620396,0.1111111119389534,0.09608904272317886,0.7777777777777778,2.384185791015625e-07,0.5734527707099915,0.7095778584480286,,cfg02_G3_D32,2.171714791969862,cuda
evaluation,2866,1740,Cold,-0.005026551894843578,0.1111111119389534,0.11669653654098511,0.7901234567901234,1.1920928955078125e-07,0.0,0.0,,cfg02_G3_D32,2.171714791969862,cuda
evaluation,2866,1740,Warm A,-0.0012243189848959446,0.1111111119389534,0.10165967792272568,0.8518518518518519,2.384185791015625e-07,0.23693141341209412,0.5223384499549866,,cfg02_G3_D32,2.171714791969862,cuda
evaluation,2866,1740,Warm B,-0.0017621454317122698,0.1111111119389534,0.10187104344367981,0.8518518518518519,1.1920928955078125e-07,0.30331358313560486,0.6430802941322327,,cfg02_G3_D32,2.171714791969862,cuda
evaluation,2866,1740,Warm C,-0.0008435517083853483,0.1111111119389534,0.10074079036712646,0.8148148148148148,1.1920928955078125e-07,0.3556755781173706,0.5588969588279724,,cfg02_G3_D32,2.171714791969862,cuda
evaluation,2868,1742,Cold,0.00042745599057525396,0.1111111119389534,0.058438628911972046,0.9876543209876543,1.1920928955078125e-07,0.0,0.0,,cfg02_G3_D32,2.171714791969862,cuda
evaluation,2868,1742,Warm A,0.005709563381969929,0.1111111119389534,0.08428928256034851,0.9259259259259259,2.384185791015625e-07,0.2505538761615753,0.41045036911964417,,cfg02_G3_D32,2.171714791969862,cuda
evaluation,2868,1742,Warm B,0.009679358452558517,0.1111111119389534,0.10952186584472656,0.7654320987654321,1.1920928955078125e-07,0.43445003032684326,0.4924512505531311,,cfg02_G3_D32,2.171714791969862,cuda
evaluation,2868,1742,Warm C,0.011399628594517708,0.1111111119389534,0.12792843580245972,0.691358024691358,2.384185791015625e-07,0.4995848536491394,0.28048330545425415,,cfg02_G3_D32,2.171714791969862,cuda
evaluation,2870,1743,Cold,-0.0044909813441336155,0.1111111119389534,0.10827226936817169,0.8271604938271605,2.384185791015625e-07,0.0,0.0,,cfg02_G3_D32,2.171714791969862,cuda
evaluation,2870,1743,Warm A,-0.0019211024045944214,0.1111110970377922,0.09905368089675903,0.8395061728395061,1.7881393432617188e-07,0.21650420129299164,0.5073205232620239,,cfg02_G3_D32,2.171714791969862,cuda
evaluation,2870,1743,Warm B,-0.002722280565649271,0.1111111119389534,0.11117158830165863,0.8395061728395061,1.1920928955078125e-07,0.23213501274585724,0.668699324131012,,cfg02_G3_D32,2.171714791969862,cuda
evaluation,2870,1743,Warm C,0.0007773082470521331,0.1111111119389534,0.09657486528158188,0.8395061728395061,1.1920928955078125e-07,0.3123634159564972,0.6454626321792603,,cfg02_G3_D32,2.171714791969862,cuda
evaluation,2874,1746,Cold,-0.004933776333928108,0.111111119389534,0.12235088646411896,0.7777777777777778,2.384185791015625e-07,0.0,0.0,,cfg02_G3_D32,2.171714791969862,cuda
evaluation,2874,1746,Warm A,-0.0029914644546806812,0.111111119389534,0.1107972040772438,0.7530864197530864,2.384185791015625e-07,0.24384835362434387,0.6469168663024902,,cfg02_G3_D32,2.171714791969862,cuda
evaluation,2874,1746,Warm B,0.0020729992538690567,0.1111111119389534,0.10203548520803452,0.7654320987654321,2.384185791015625e-07,0.3626393973827362,0.8473612070083618,,cfg02_G3_D32,2.171714791969862,cuda
evaluation,2874,1746,Warm C,-0.001136134029366076,0.1111110970377922,0.11386885493993759,0.7777777777777778,1.7881393432617188e-07,0.4147644639015198,0.5092933773994446,,cfg02_G3_D32,2.171714791969862,cuda
evaluation,2879,1749,Cold,0.00010598726657917723,0.1111111119389534,0.0805685818195343,0.9135802469135802,1.7881393432617188e-07,0.0,0.0,,cfg02_G3_D32,2.171714791969862,cuda
evaluation,2879,1749,Warm A,0.003128505079075694,0.111111119389534,0.08599957823753357,0.8765432098765432,2.384185791015625e-07,0.23875562846660614,0.7107227444648743,,cfg02_G3_D32,2.171714791969862,cuda
evaluation,2879,1749,Warm B,-0.00019209031597711146,0.1111111119389534,0.0891495868563652,0.8888888888888888,2.384185791015625e-07,0.3970441222190857,0.7842780947685242,,cfg02_G3_D32,2.171714791969862,cuda
evaluation,2879,1749,Warm C,0.0006159074837341905,0.1111110970377922,0.09852363169193268,0.8518518518518519,2.384185791015625e-07,0.4143601059913635,0.6228346228599548,,cfg02_G3_D32,2.171714791969862,cuda
evaluation,2880,1750,Cold,0.0009724152041599154,0.1111111119389534,0.07958121597766876,0.9012345679012346,1.1920928955078125e-07,0.0,0.0,,cfg02_G3_D32,2.171714791969862,cuda
evaluation,2880,1750,Warm A,-0.003888556733727455,0.1111111119389534,0.08492712676525116,0.9012345679012346,0.0,0.23481054604053497,0.641922652721405,,cfg02_G3_D32,2.171714791969862,cuda
evaluation,2880,1750,Warm B,0.0008637336432002485,0.111111119389534,0.07823329418897629,0.9135802469135802,1.7881393432617188e-07,0.21458864212036133,0.5989286303520203,,cfg02_G3_D32,2.171714791969862,cuda
evaluation,2880,1750,Warm C,-0.003702994203194976,0.111111119389534,0.08480208367109299,0.9135802469135802,2.384185791015625e-07,0.3136790990829468,0.7579502463340759,,cfg02_G3_D32,2.171714791969862,cuda
evaluation,2882,1752,Cold,-0.0027895038947463036,0.1111111119389534,0.1112416684627533,0.7901234567901234,2.384185791015625e-07,0.0,0.0,,cfg02_G3_D32,2.171714791969862,cuda
evaluation,2882,1752,Warm A,0.00192970409989357,0.1111111119389534,0.10552666336297989,0.7777777777777778,1.1920928955078125e-07,0.24086324870586395,0.566003143787384,,cfg02_G3_D32,2.171714791969862,cuda
evaluation,2882,1752,Warm B,0.004918667487800121,0.1111110970377922,0.10957161337137222,0.7407407407407407,2.384185791015625e-07,0.3573583662509918,0.6259785294532776,,cfg02_G3_D32,2.171714791969862,cuda
evaluation,2882,1752,Warm C,0.0006639036000706255,0.111111119389534,0.10632885247468948,0.7530864197530864,1.1920928955078125e-07,0.4079171419143677,0.5832975506782532,,cfg02_G3_D32,2.171714791969862,cuda
evaluation,2885,1754,Cold,-0.0019095410825684667,0.1111111119389534,0.10362190008163452,0.8395061728395061,2.384185791015625e-07,0.0,0.0,,cfg02_G3_D32,2.171714791969862,cuda
evaluation,2885,1754,Warm A,0.003919642418622971,0.1111111119389534,0.10384023189544678,0.8024691358024691,1.7881393432617188e-07,0.2310819774866104,0.6997491717338562,,cfg02_G3_D32,2.171714791969862,cuda
evaluation,2885,1754,Warm B,0.0004448014951776713,0.1111111119389534,0.1011328399181366,0.8641975308641975,2.384185791015625e-07,0.2442312091588974,0.6322016716003418,,cfg02_G3_D32,2.171714791969862,cuda
evaluation,2885,1754,Warm C,0.0027084413450211287,0.1111110970377922,0.09899944067001343,0.8518518518518519,1.7881393432617188e-07,0.3355662226676941,0.5783504843711853,,cfg02_G3_D32,2.171714791969862,cuda
evaluation,2888,1755,Cold,-0.0012251227162778378,0.1111110970377922,0.09803635627031326,0.8888888888888888,2.384185791015625e-07,0.0,0.0,,cfg02_G3_D32,2.171714791969862,cuda
evaluation,2888,1755,Warm A,0.0019155072513967752,0.1111110970377922,0.10592623054981232,0.7777777777777778,1.1920928955078125e-07,0.24707399308681488,0.7196484804153442,,cfg02_G3_D32,2.171714791969862,cuda
evaluation,2888,1755,Warm B,0.0044103991240262985,0.1111110970377922,0.11707820743322372,0.6666666666666666,2.384185791015625e-07,0.4409548044204712,0.5457868576049805,,cfg02_G3_D32,2.171714791969862,cuda
evaluation,2888,1755,Warm C,0.0012840889394283295,0.111111119389534,0.1087198331952095,0.7160493827160493,2.384185791015625e-07,0.37066650390625,0.48368582129478455,,cfg02_G3_D32,2.171714791969862,cuda
evaluation,2891,1758,Cold,-0.0012141697807237506,0.1111111119389534,0.10243449360132217,0.8765432098765432,1.1920928955078125e-07,0.0,0.0,,cfg02_G3_D32,2.171714791969862,cuda
evaluation,2891,1758,Warm A,-0.003298553405329585,0.1111111119389534,0.10312258452177048,0.8765432098765432,1.1920928955078125e-07,0.2133692502975464,0.6090254187583923,,cfg02_G3_D32,2.171714791969862,cuda
evaluation,2891,1758,Warm B,-0.0008301137131638825,0.1111111119389534,0.10114133358001709,0.8641975308641975,1.7881393432617188e-07,0.2603127956390381,0.7519955039024353,,cfg02_G3_D32,2.171714791969862,cuda
evaluation,2891,1758,Warm C,-0.004879788961261511,0.1111111119389534,0.10838350653648376,0.8765432098765432,2.384185791015625e-07,0.3269754946231842,0.6655280590057373,,cfg02_G3_D32,2.171714791969862,cuda
evaluation,2898,1759,Cold,-0.0020433273166418076,0.1111111119389534,0.08729248493909836,0.9259259259259259,2.384185791015625e-07,0.0,0.0,,cfg02_G3_D32,2.171714791969862,cuda
evaluation,2898,1759,Warm A,0.003191540017724037,0.1111111119389534,0.09148666262626648,0.8271604938271605,5.960464477539063e-08,0.23723463714122772,0.38641461730003357,,cfg02_G3_D32,2.171714791969862,cuda
evaluation,2898,1759,Warm B,0.009099901653826237,0.1111111119389534,0.11098726838827133,0.7530864197530864,1.1920928955078125e-07,0.3604811131954193,0.4317343831062317,,cfg02_G3_D32,2.171714791969862,cuda
evaluation,2898,1759,Warm C,0.009713763371109962,0.111111119389534,0.11075568199157715,0.7407407407407407,1.1920928955078125e-07,0.4071209132671356,0.4083087146282196,,cfg02_G3_D32,2.171714791969862,cuda
evaluation,2899,1760,Cold,-0.004755502566695213,0.1111111119389534,0.12920154631137848,0.7037037037037037,2.384185791015625e-07,0.0,0.0,,cfg02_G3_D32,2.171714791969862,cuda
evaluation,2899,1760,Warm A,-0.000977149116806686,0.1111110970377922,0.11988543719053268,0.7283950617283951,1.1920928955078125e-07,0.2542118728160858,0.4938128888607025,,cfg02_G3_D32,2.171714791969862,cuda
evaluation,2899,1760,Warm B,0.0006479544681496918,0.1111111119389534,0.11198795586824417,0.7283950617283951,1.1920928955078125e-07,0.27292096614837646,0.6275472640991211,,cfg02_G3_D32,2.171714791969862,cuda
evaluation,2899,1760,Warm C,-0.001356474938802421,0.1111110970377922,0.11036887019872665,0.7407407407407407,1.7881393432617188e-07,0.3438253700733185,0.6105121374130249,,cfg02_G3_D32,2.171714791969862,cuda
evaluation,2900,1761,Cold,-0.0013604427222162485,0.1111111119389534,0.07084281742572784,0.9753086419753086,2.384185791015625e-07,0.0,0.0,,cfg02_G3_D32,2.171714791969862,cuda
evaluation,2900,1761,Warm A,0.0035737925209105015,0.1111111119389534,0.08451836556196213,0.8888888888888888,1.1920928955078125e-07,0.2359555959701538,0.5625637173652649,,cfg02_G3_D32,2.171714791969862,cuda
evaluation,2900,1761,Warm B,0.00799692701548338,0.1111110970377922,0.10849561542272568,0.7777777777777778,2.384185791015625e-07,0.36809036135673523,0.31450799107551575,,cfg02_G3_D32,2.171714791969862,cuda
evaluation,2900,1761,Warm C,0.00596622796729207,0.1111111119389534,0.0904182717204094,0.8518518518518519,1.1920928955078125e-07,0.33233046531677246,0.5695533752441406,,cfg02_G3_D32,2.171714791969862,cuda
evaluation,2902,1763,Cold,0.00022079063637647778,0.1111111119389534,0.06891050934791565,0.9629629629629629,1.1920928955078125e-07,0.0,0.0,,cfg02_G3_D32,2.171714791969862,cuda
evaluation,2902,1763,Warm A,0.004396113567054272,0.1111111119389534,0.08968541771173477,0.8888888888888888,1.1920928955078125e-07,0.2459510862827301,0.527765691280365,,cfg02_G3_D32,2.171714791969862,cuda
evaluation,2902,1763,Warm B,0.008035148493945599,0.111111119389534,0.11457006633281708,0.7654320987654321,2.384185791015625e-07,0.4079335331916809,0.3427952826023102,,cfg02_G3_D32,2.171714791969862,cuda
evaluation,2902,1763,Warm C,0.012393184937536716,0.1111110970377922,0.13654488325119019,0.6296296296296297,2.384185791015625e-07,0.5768029689788818,0.316366046667099,,cfg02_G3_D32,2.171714791969862,cuda
evaluation,2903,1764,Cold,0.0005748736439272761,0.1111111119389534,0.07030647993087769,0.9506172839506173,1.1920928955078125e-07,0.0,0.0,,cfg02_G3_D32,2.171714791969862,cuda
evaluation,2903,1764,Warm A,0.005330059211701155,0.1111111119389534,0.09214534610509872,0.8395061728395061,2.384185791015625e-07,0.23333102464675903,0.48945578932762146,,cfg02_G3_D32,2.171714791969862,cuda
evaluation,2903,1764,Warm B,0.009106403216719627,0.1111110970377922,0.11570250242948532,0.7283950617283951,1.1920928955078125e-07,0.4200096130371094,0.26329395174980164,,cfg02_G3_D32,2.171714791969862,cuda
evaluation,2903,1764,Warm C,0.0130054522305727,0.1111111119389534,0.13577055931091309,0.6419753086419753,1.1920928955078125e-07,0.6225683093070984,0.26456379890441895,,cfg02_G3_D32,2.171714791969862,cuda
evaluation,2905,1765,Cold,-0.004590796306729317,0.1111111119389534,0.10704052448272705,0.8395061728395061,2.384185791015625e-07,0.0,0.0,,cfg02_G3_D32,2.171714791969862,cuda
evaluation,2905,1765,Warm A,-0.007033714558929205,0.111111119389534,0.12343686074018478,0.7530864197530864,1.1920928955078125e-07,0.2443379908800125,0.32277223467826843,,cfg02_G3_D32,2.171714791969862,cuda
evaluation,2905,1765,Warm B,-0.008922455832362175,0.1111111119389534,0.13902729749679565,0.6419753086419753,2.384185791015625e-07,0.4610697329044342,0.23481784760951996,,cfg02_G3_D32,2.171714791969862,cuda
evaluation,2905,1765,Warm C,-0.012084223330020905,0.1111111119389534,0.15136946737766266,0.5679012345679012,2.384185791015625e-07,0.6612645387649536,0.17419183254241943,,cfg02_G3_D32,2.171714791969862,cuda
evaluation,2920,1775,Cold,-0.005213636439293623,0.1111111119389534,0.13298697769641876,0.6790123456790124,1.1920928955078125e-07,0.0,0.0,,cfg02_G3_D32,2.171714791969862,cuda
evaluation,2920,1775,Warm A,-0.008460676297545433,0.1111111119389534,0.14301271736621857,0.6172839506172839,1.1920928955078125e-07,0.2318354696035385,0.37125489115715027,,cfg02_G3_D32,2.171714791969862,cuda
evaluation,2920,1775,Warm B,-0.00920971017330885,0.1111111119389534,0.15115414559841156,0.5555555555555556,1.1920928955078125e-07,0.3899593651294708,0.34047725796699524,,cfg02_G3_D32,2.171714791969862,cuda
evaluation,2920,1775,Warm C,-0.006146565079689026,0.1111111119389534,0.14419974386692047,0.6172839506172839,2.384185791015625e-07,0.27816638350486755,0.44212013483047485,,cfg02_G3_D32,2.171714791969862,cuda
evaluation,2924,1778,Cold,-0.001968461787328124,0.1111111119389534,0.08221698552370071,0.8888888888888888,1.7881393432617188e-07,0.0,0.0,,cfg02_G3_D32,2.171714791969862,cuda
evaluation,2924,1778,Warm A,-0.005066850688308477,0.1111111119389534,0.09891548752784729,0.8395061728395061,2.384185791015625e-07,0.2404095083475113,0.5411612391471863,,cfg02_G3_D32,2.171714791969862,cuda
evaluation,2924,1778,Warm B,-0.008421103470027447,0.1111110970377922,0.11614231765270233,0.7530864197530864,3.5762786865234375e-07,0.4271484613418579,0.4638775885105133,,cfg02_G3_D32,2.171714791969862,cuda
evaluation,2924,1778,Warm C,-0.00634189834818244,0.111111119389534,0.0982862263917923,0.8395061728395061,1.1920928955078125e-07,0.2948325276374817,0.6507192850112915,,cfg02_G3_D32,2.171714791969862,cuda
evaluation,2927,1780,Cold,-0.005134196951985359,0.1111111119389534,0.13144618272781372,0.6790123456790124,2.384185791015625e-07,0.0,0.0,,cfg02_G3_D32,2.171714791969862,cuda
evaluation,2927,1780,Warm A,-0.002276964019984007,0.1111111119389534,0.12122589349746704,0.7037037037037037,1.7881393432617188e-07,0.2425253689289093,0.5250058174133301,,cfg02_G3_D32,2.171714791969862,cuda
evaluation,2927,1780,Warm B,-0.003899054368957877,0.111111119389534,0.13299837708473206,0.654320987654321,2.384185791015625e-07,0.25815966725349426,0.41174402832984924,,cfg02_G3_D32,2.171714791969862,cuda
evaluation,2927,1780,Warm C,-0.006385925225913525,0.1111111119389534,0.14268986880779266,0.6049382716049383,1.1920928955078125e-07,0.3339291512966156,0.32206639647483826,,cfg02_G3_D32,2.171714791969862,cuda
evaluation,2928,1781,Cold,-0.003917760215699673,0.1111110970377922,0.10428323596715927,0.8518518518518519,2.384185791015625e-07,0.0,0.0,,cfg02_G3_D32,2.171714791969862,cuda
evaluation,2928,1781,Warm A,-8.229009836213663e-05,0.1111111119389534,0.09513154625892639,0.8395061728395061,1.1920928955078125e-07,0.24656276404857635,0.6748444437980652,,cfg02_G3_D32,2.171714791969862,cuda
evaluation,2928,1781,Warm B,0.0009135191794484854,0.1111110970377922,0.09411116689443588,0.8024691358024691,2.384185791015625e-07,0.33870384097099304,0.616365373134613,,cfg02_G3_D32,2.171714791969862,cuda
evaluation,2928,1781,Warm C,0.004784732591360807,0.1111111119389534,0.10349051654338837,0.7654320987654321,2.384185791015625e-07,0.4694078862667084,0.44374045729637146,,cfg02_G3_D32,2.171714791969862,cuda
evaluation,2932,1783,Cold,-0.004060179926455021,0.1111111119389534,0.10170665383338928,0.8395061728395061,2.384185791015625e-07,0.0,0.0,,cfg02_G3_D32,2.171714791969862,cuda
evaluation,2932,1783,Warm A,-0.0016405725618824363,0.1111111119389534,0.09645751863718033,0.8518518518518519,2.384185791015625e-07,0.22607673704624176,0.5827904939651489,,cfg02_G3_D32,2.171714791969862,cuda
evaluation,2932,1783,Warm B,0.002915810327976942,0.1111111119389534,0.0944209173321724,0.8148148148148148,2.384185791015625e-07,0.3730142116546631,0.5180030465126038,,cfg02_G3_D32,2.171714791969862,cuda
evaluation,2932,1783,Warm C,-0.0021723986137658358,0.1111111119389534,0.1029229685664177,0.8395061728395061,1.7881393432617188e-07,0.4513624906539917,0.47882434725761414,,cfg02_G3_D32,2.171714791969862,cuda
evaluation,2935,1784,Cold,-0.005301187746226788,0.1111110970377922,0.13300994038581848,0.6790123456790124,1.7881393432617188e-07,0.0,0.0,,cfg02_G3_D32,2.171714791969862,cuda
evaluation,2935,1784,Warm A,-0.006923643872141838,0.1111111119389534,0.1413656771183014,0.6172839506172839,1.1920928955078125e-07,0.2300320714712143,0.2058708220720291,,cfg02_G3_D32,2.171714791969862,cuda
evaluation,2935,1784,Warm B,-0.008910187520086765,0.1111111119389534,0.14271041750907898,0.6419753086419753,2.384185791015625e-07,0.3470556437969208,0.4484480023384094,,cfg02_G3_D32,2.171714791969862,cuda
evaluation,2935,1784,Warm C,-0.006221400573849678,0.1111111119389534,0.13138701021671295,0.6296296296296297,1.1920928955078125e-07,0.3866681754589081,0.5386961102485657,,cfg02_G3_D32,2.171714791969862,cuda
evaluation,2936,1785,Cold,-0.005019216798245907,0.111111119389534,0.13171268999576569,0.691358024691358,1.1920928955078125e-07,0.0,0.0,,cfg02_G3_D32,2.171714791969862,cuda
evaluation,2936,1785,Warm A,-0.003825190244242549,0.1111111119389534,0.12173733115196228,0.7160493827160493,1.1920928955078125e-07,0.23076412081718445,0.40474626421928406,,cfg02_G3_D32,2.171714791969862,cuda
evaluation,2936,1785,Warm B,-0.005251325201243162,0.1111111119389534,0.13300561904907227,0.691358024691358,1.1920928955078125e-07,0.26056647300720215,0.46753960847854614,,cfg02_G3_D32,2.171714791969862,cuda
evaluation,2936,1785,Warm C,-0.0065813446417450905,0.111111119389534,0.1401982456445694,0.654320987654321,1.1920928955078125e-07,0.30983152985572815,0.38503801822662354,,cfg02_G3_D32,2.171714791969862,cuda
evaluation,2937,1786,Cold,-0.005214307457208633,0.1111111119389534,0.13302770256996155,0.691358024691358,1.7881393432617188e-07,0.0,0.0,,cfg02_G3_D32,2.171714791969862,cuda
evaluation,2937,1786,Warm A,-0.005597434006631374,0.1111111119389534,0.13526025414466858,0.654320987654321,2.384185791015625e-07,0.24044086039066315,0.5723243355751038,,cfg02_G3_D32,2.171714791969862,cuda
evaluation,2937,1786,Warm B,-0.008900982327759266,0.1111111119389534,0.14408428966999054,0.5555555555555556,1.1920928955078125e-07,0.38649895787239075,0.4256895184516907,,cfg02_G3_D32,2.171714791969862,cuda
evaluation,2937,1786,Warm C,-0.006330894771963358,0.1111111119389534,0.1400970220565796,0.6666666666666666,1.1920928955078125e-07,0.36349165439605713,0.26174187660217285,,cfg02_G3_D32,2.171714791969862,cuda
evaluation,2940,1787,Cold,-0.006216853391379118,0.1111111119389534,0.14109379053115845,0.5925925925925926,1.1920928955078125e-07,0.0,0.0,,cfg02_G3_D32,2.171714791969862,cuda
evaluation,2940,1787,Warm A,-0.00772353308275342,0.111111119389534,0.14761054515838623,0.5432098765432098,2.384185791015625e-07,0.2289220541715622,0.41454988718032837,,cfg02_G3_D32,2.171714791969862,cuda
evaluation,2940,1787,Warm B,-0.0038073246832937002,0.1111111119389534,0.13872496783733368,0.5802469135802469,1.1920928955078125e-07,0.3408116400241852,0.6168906092643738,,cfg02_G3_D32,2.171714791969862,cuda
evaluation,2940,1787,Warm C,-0.007906593382358551,0.1111111119389534,0.1458800882101059,0.5555555555555556,1.1920928955078125e-07,0.2865821421146393,0.4373777508735657,,cfg02_G3_D32,2.171714791969862,cuda
evaluation,2943,1790,Cold,-0.001897529000416398,0.1111111119389534,0.0932997465133667,0.8518518518518519,1.7881393432617188e-07,0.0,0.0,,cfg02_G3_D32,2.171714791969862,cuda
evaluation,2943,1790,Warm A,0.0001462919608457014,0.1111111119389534,0.09216941893100739,0.8024691358024691,1.1920928955078125e-07,0.2419881820678711,0.6275319457054138,,cfg02_G3_D32,2.171714791969862,cuda
evaluation,2943,1790,Warm B,-0.0040003471076488495,0.1111111119389534,0.09444001317024231,0.8518518518518519,1.1920928955078125e-07,0.3536216616630554,0.7700220346450806,,cfg02_G3_D32,2.171714791969862,cuda
evaluation,2943,1790,Warm C,-0.006048927549272776,0.1111111119389534,0.10741705447435379,0.8024691358024691,2.384185791015625e-07,0.40021011233329773,0.5336893200874329,,cfg02_G3_D32,2.171714791969862,cuda
evaluation,2952,1798,Cold,-0.003431726014241576,0.1111111119389534,0.1132475882768631,0.7654320987654321,1.1920928955078125e-07,0.0,0.0,,cfg02_G3_D32,2.171714791969862,cuda
evaluation,2952,1798,Warm A,-0.007329917047172785,0.1111111119389534,0.13206608593463898,0.7037037037037037,2.384185791015625e-07,0.2418338805437088,0.6346861124038696,,cfg02_G3_D32,2.171714791969862,cuda
evaluation,2952,1798,Warm B,-0.006995688192546368,0.1111111119389534,0.128939688205719,0.7160493827160493,2.384185791015625e-07,0.379104882478714,0.5026926398277283,,cfg02_G3_D32,2.171714791969862,cuda
evaluation,2952,1798,Warm C,-0.00837481115013361,0.1111111119389534,0.12913787364959717,0.7407407407407407,1.7881393432617188e-07,0.4910520911216736,0.6838200092315674,,cfg02_G3_D32,2.171714791969862,cuda
evaluation,2956,1800,Cold,-0.002885601483285427,0.1111110970377922,0.09685026854276657,0.8271604938271605,1.7881393432617188e-07,0.0,0.0,,cfg02_G3_D32,2.171714791969862,cuda
evaluation,2956,1800,Warm A,0.0037843191530555487,0.1111111119389534,0.09371629357337952,0.8024691358024691,5.960464477539063e-08,0.23607303202152252,0.5298084616661072,,cfg02_G3_D32,2.171714791969862,cuda
evaluation,2956,1800,Warm B,0.004280263092368841,0.1111110970377922,0.09666213393211365,0.7654320987654321,1.1920928955078125e-07,0.3355604410171509,0.4807923436164856,,cfg02_G3_D32,2.171714791969862,cuda
evaluation,2956,1800,Warm C,0.01117209903895855,0.111111119389534,0.10730747133493423,0.7530864197530864,2.384185791015625e-07,0.463703453540802,0.5554361343383789,,cfg02_G3_D32,2.171714791969862,cuda
evaluation,2965,1803,Cold,0.0005833557806909084,0.1111111119389534,0.09626675397157669,0.8518518518518519,2.384185791015625e-07,0.0,0.0,,cfg02_G3_D32,2.171714791969862,cuda
evaluation,2965,1803,Warm A,0.00559511873871088,0.111111119389534,0.10651790350675583,0.7654320987654321,1.1920928955078125e-07,0.24965445697307587,0.3730011582374573,,cfg02_G3_D32,2.171714791969862,cuda
evaluation,2965,1803,Warm B,0.007876850664615631,0.1111111119389534,0.12302540242671967,0.7037037037037037,1.7881393432617188e-07,0.45547449588775635,0.43050652742385864,,cfg02_G3_D32,2.171714791969862,cuda
evaluation,2965,1803,Warm C,0.009345992468297482,0.1111110970377922,0.13620153069496155,0.6049382716049383,2.384185791015625e-07,0.5783425569534302,0.3753652274608612,,cfg02_G3_D32,2.171714791969862,cuda
evaluation,2967,1805,Cold,-0.005461371969431639,0.1111110970377922,0.13114197552204132,0.7037037037037037,2.384185791015625e-07,0.0,0.0,,cfg02_G3_D32,2.171714791969862,cuda
evaluation,2967,1805,Warm A,-0.0025424102786928415,0.1111111119389534,0.12119001895189285,0.7407407407407407,2.384185791015625e-07,0.2481645941734314,0.6437849402427673,,cfg02_G3_D32,2.171714791969862,cuda
evaluation,2967,1805,Warm B,-0.004512740299105644,0.1111111119389534,0.13029296696186066,0.6419753086419753,1.1920928955078125e-07,0.3646897077560425,0.5471929907798767,,cfg02_G3_D32,2.171714791969862,cuda
evaluation,2967,1805,Warm C,-0.0022980906069278717,0.1111111119389534,0.11989539116621017,0.7160493827160493,1.1920928955078125e-07,0.5095034241676331,0.5777425169944763,,cfg02_G3_D32,2.171714791969862,cuda
evaluation,2969,1807,Cold,-0.0047056907787919044,0.1111111119389534,0.1147153377532959,0.8024691358024691,1.7881393432617188e-07,0.0,0.0,,cfg02_G3_D32,2.171714791969862,cuda
evaluation,2969,1807,Warm A,-0.005939071532338858,0.1111111119389534,0.1266860067844391,0.7283950617283951,2.384185791015625e-07,0.2322354018688202,0.4448731541633606,,cfg02_G3_D32,2.171714791969862,cuda
evaluation,2969,1807,Warm B,-0.006348046939820051,0.111111119389534,0.13831911981105804,0.6790123456790124,1.7881393432617188e-07,0.3590525984764099,0.3257005214691162,,cfg02_G3_D32,2.171714791969862,cuda
evaluation,2969,1807,Warm C,-0.003706710645928979,0.1111111119389534,0.12779921293258667,0.7530864197530864,1.1920928955078125e-07,0.4617454409599304,0.9015361666679382,,cfg02_G3_D32,2.171714791969862,cuda
evaluation,2970,1808,Cold,-0.0031133482698351145,0.1111111119389534,0.09024633467197418,0.9012345679012346,1.7881393432617188e-07,0.0,0.0,,cfg02_G3_D32,2.171714791969862,cuda
evaluation,2970,1808,Warm A,-0.0057205636985599995,0.1111111119389534,0.10933522135019302,0.8271604938271605,1.1920928955078125e-07,0.2339710146188736,0.5704088807106018,,cfg02_G3_D32,2.171714791969862,cuda
evaluation,2970,1808,Warm B,-0.006599410902708769,0.1111111119389534,0.10597223043441772,0.8518518518518519,3.5762786865234375e-07,0.29366135597229004,0.4105854034423828,,cfg02_G3_D32,2.171714791969862,cuda
evaluation,2970,1808,Warm C,-0.009286175481975079,0.1111111119389534,0.12431392818689346,0.7160493827160493,1.1920928955078125e-07,0.4418940842151642,0.34030476212501526,,cfg02_G3_D32,2.171714791969862,cuda
evaluation,2972,1810,Cold,-0.0038718227297067642,0.1111111119389534,0.10891589522361755,0.7777777777777778,2.384185791015625e-07,0.0,0.0,,cfg02_G3_D32,2.171714791969862,cuda
evaluation,2972,1810,Warm A,-0.005485680885612965,0.1111111119389534,0.12542112171649933,0.7407407407407407,1.1920928955078125e-07,0.24200256168842316,0.6493996977806091,,cfg02_G3_D32,2.171714791969862,cuda
evaluation,2972,1810,Warm B,-0.002592165255919099,0.111111119389534,0.11212769895792007,0.7777777777777778,1.1920928955078125e-07,0.24312365055084229,0.4853104054927826,,cfg02_G3_D32,2.171714791969862,cuda
evaluation,2972,1810,Warm C,-0.0066542248241603374,0.1111111119389534,0.1243039220571518,0.7283950617283951,2.384185791015625e-07,0.30442994832992554,0.44114795327186584,,cfg02_G3_D32,2.171714791969862,cuda
evaluation,2974,1812,Cold,-0.0006914492114447057,0.1111111119389534,0.0945652425289154,0.8888888888888888,1.1920928955078125e-07,0.0,0.0,,cfg02_G3_D32,2.171714791969862,cuda
evaluation,2974,1812,Warm A,0.002983465790748596,0.1111110970377922,0.10317004472017288,0.7777777777777778,2.384185791015625e-07,0.23993273079395294,0.4355362057685852,,cfg02_G3_D32,2.171714791969862,cuda
evaluation,2974,1812,Warm B,0.007043481804430485,0.1111110970377922,0.1171664148569107,0.7160493827160493,1.1920928955078125e-07,0.43609485030174255,0.4059944748878479,,cfg02_G3_D32,2.171714791969862,cuda
evaluation,2974,1812,Warm C,0.011782909743487835,0.1111111119389534,0.13242220878601074,0.6049382716049383,1.1920928955078125e-07,0.5919319987297058,0.17838864028453827,,cfg02_G3_D32,2.171714791969862,cuda
evaluation,2975,1813,Cold,-0.0029356295708566904,0.1111110970377922,0.11351750791072845,0.7901234567901234,1.1920928955078125e-07,0.0,0.0,,cfg02_G3_D32,2.171714791969862,cuda
evaluation,2975,1813,Warm A,0.0017495371866971254,0.1111111119389534,0.1113116517663002,0.7777777777777778,1.1920928955078125e-07,0.2469707429409027,0.7662464380264282,,cfg02_G3_D32,2.171714791969862,cuda
evaluation,2975,1813,Warm B,0.0053709824569523335,0.1111110970377922,0.11886080354452133,0.6666666666666666,5.960464477539063e-08,0.4412842094898224,0.652589738368988,,cfg02_G3_D32,2.171714791969862,cuda
evaluation,2975,1813,Warm C,0.00022671335318591446,0.1111111119389534,0.11653638631105423,0.7530864197530864,2.384185791015625e-07,0.4058662950992584,0.6289202570915222,,cfg02_G3_D32,2.171714791969862,cuda
evaluation,2978,1815,Cold,-0.00036198002635501325,0.1111110970377922,0.09426571428775787,0.8888888888888888,1.7881393432617188e-07,0.0,0.0,,cfg02_G3_D32,2.171714791969862,cuda
evaluation,2978,1815,Warm A,0.0019809408113360405,0.1111110970377922,0.10495665669441223,0.7901234567901234,1.1920928955078125e-07,0.24397237598896027,0.6538640856742859,,cfg02_G3_D32,2.171714791969862,cuda
evaluation,2978,1815,Warm B,-0.0016811373643577099,0.1111111119389534,0.10745542496442795,0.7283950617283951,1.1920928955078125e-07,0.3727127015590668,0.6307438015937805,,cfg02_G3_D32,2.171714791969862,cuda
evaluation,2978,1815,Warm C,0.005373353138566017,0.1111111119389534,0.112852543592453,0.6790123456790124,1.1920928955078125e-07,0.38443613052368164,0.4483521580696106,,cfg02_G3_D32,2.171714791969862,cuda
evaluation,2983,1816,Cold,-0.004765289835631847,0.1111111119389534,0.11807575821876526,0.7901234567901234,2.384185791015625e-07,0.0,0.0,,cfg02_G3_D32,2.171714791969862,cuda
evaluation,2983,1816,Warm A,-0.0005751890712417662,0.111111119389534,0.10899212211370468,0.7901234567901234,2.384185791015625e-07,0.23344720900058746,0.54813551902771,,cfg02_G3_D32,2.171714791969862,cuda
evaluation,2983,1816,Warm B,-0.0055508906953036785,0.1111111119389534,0.12148436903953552,0.7530864197530864,1.7881393432617188e-07,0.3391800820827484,0.40931686758995056,,cfg02_G3_D32,2.171714791969862,cuda
evaluation,2983,1816,Warm C,-0.007706505246460438,0.1111111119389534,0.1328333020210266,0.6666666666666666,2.384185791015625e-07,0.43439242243766785,0.3933236300945282,,cfg02_G3_D32,2.171714791969862,cuda
evaluation,2988,1820,Cold,-0.0037313008215278387,0.111111119389534,0.10069221258163452,0.8518518518518519,1.1920928955078125e-07,0.0,0.0,,cfg02_G3_D32,2.171714791969862,cuda
evaluation,2988,1820,Warm A,-0.0028836678247898817,0.1111111119389534,0.10290736705064774,0.8641975308641975,2.384185791015625e-07,0.24377582967281342,0.7413146495819092,,cfg02_G3_D32,2.171714791969862,cuda
evaluation,2988,1820,Warm B,0.0029082181863486767,0.1111110970377922,0.08933991938829422,0.8765432098765432,2.384185791015625e-07,0.2869657576084137,0.5579051971435547,,cfg02_G3_D32,2.171714791969862,cuda
evaluation,2988,1820,Warm C,0.005202684085816145,0.1111111119389534,0.08907665312290192,0.8518518518518519,1.1920928955078125e-07,0.3712850511074066,0.5167590975761414,,cfg02_G3_D32,2.171714791969862,cuda
evaluation,2996,1826,Cold,-0.002555566607043147,0.111111119389534,0.10808859765529633,0.8024691358024691,1.1920928955078125e-07,0.0,0.0,,cfg02_G3_D32,2.171714791969862,cuda
evaluation,2996,1826,Warm A,0.0011198391439393163,0.1111111119389534,0.1080075353384018,0.7777777777777778,1.7881393432617188e-07,0.23128439486026764,0.7529296278953552,,cfg02_G3_D32,2.171714791969862,cuda
evaluation,2996,1826,Warm B,-0.002267345553264022,0.1111111119389534,0.1096881553530693,0.8271604938271605,2.384185791015625e-07,0.3102220594882965,0.5351613163948059,,cfg02_G3_D32,2.171714791969862,cuda
evaluation,2996,1826,Warm C,-0.006511666812002659,0.111111119389534,0.1173010766506195,0.7530864197530864,2.384185791015625e-07,0.4071560502052307,0.5414051413536072,,cfg02_G3_D32,2.171714791969862,cuda
evaluation,3011,1833,Cold,-0.0049906084313988686,0.1111111119389534,0.12040793895721436,0.7654320987654321,2.384185791015625e-07,0.0,0.0,,cfg02_G3_D32,2.171714791969862,cuda
evaluation,3011,1833,Warm A,-0.0010995941702276468,0.1111111119389534,0.10517708957195282,0.8271604938271605,1.7881393432617188e-07,0.24800164997577667,0.6034496426582336,,cfg02_G3_D32,2.171714791969862,cuda
evaluation,3011,1833,Warm B,0.003688712604343891,0.111111119389534,0.09898455440998077,0.7530864197530864,1.1920928955078125e-07,0.33854401111602783,0.6734257936477661,,cfg02_G3_D32,2.171714791969862,cuda
evaluation,3011,1833,Warm C,-0.0012877793051302433,0.1111111119389534,0.10499446839094162,0.8148148148148148,1.1920928955078125e-07,0.29943132400512695,0.5885217785835266,,cfg02_G3_D32,2.171714791969862,cuda
evaluation,3013,1834,Cold,-0.0012754639610648155,0.111111119389534,0.07304468750953674,0.9753086419753086,1.1920928955078125e-07,0.0,0.0,,cfg02_G3_D32,2.171714791969862,cuda
evaluation,3013,1834,Warm A,-0.0014533723006024957,0.111111119389534,0.07810864597558975,0.9506172839506173,2.384185791015625e-07,0.20934456586837769,0.6434085965156555,,cfg02_G3_D32,2.171714791969862,cuda
evaluation,3013,1834,Warm B,0.0016761558363214135,0.1111111119389534,0.07802246510982513,0.9012345679012346,1.1920928955078125e-07,0.30959057807922363,0.47090426087379456,,cfg02_G3_D32,2.171714791969862,cuda
evaluation,3013,1834,Warm C,0.006139852572232485,0.1111110970377922,0.09713687002658844,0.8024691358024691,2.384185791015625e-07,0.35063567757606506,0.5273187756538391,,cfg02_G3_D32,2.171714791969862,cuda
evaluation,3015,1835,Cold,-0.003709210315719247,0.1111111119389534,0.10199255496263504,0.8395061728395061,2.384185791015625e-07,0.0,0.0,,cfg02_G3_D32,2.171714791969862,cuda
evaluation,3015,1835,Warm A,0.0015398106770589948,0.1111111119389534,0.0961100235581398,0.8271604938271605,1.1920928955078125e-07,0.2368125021457672,0.5381190180778503,,cfg02_G3_D32,2.171714791969862,cuda
evaluation,3015,1835,Warm B,0.0015848181210458279,0.1111111119389534,0.0996439978480339,0.7654320987654321,2.384185791015625e-07,0.3504399061203003,0.48374947905540466,,cfg02_G3_D32,2.171714791969862,cuda
evaluation,3015,1835,Warm C,-0.0016227331943809986,0.1111111119389534,0.0973450094461441,0.8024691358024691,2.384185791015625e-07,0.44097980856895447,0.6404942870140076,,cfg02_G3_D32,2.171714791969862,cuda
evaluation,3017,1837,Cold,0.0010620133252814412,0.1111111119389534,0.05874297395348549,0.9753086419753086,1.1920928955078125e-07,0.0,0.0,,cfg02_G3_D32,2.171714791969862,cuda
evaluation,3017,1837,Warm A,0.00475870119407773,0.1111111119389534,0.08650404214859009,0.9382716049382716,1.7881393432617188e-07,0.23491382598876953,0.42641574144363403,,cfg02_G3_D32,2.171714791969862,cuda
evaluation,3017,1837,Warm B,0.0067803021520376205,0.1111111119389534,0.09337583184242249,0.9012345679012346,2.384185791015625e-07,0.29268091917037964,0.43521419167518616,,cfg02_G3_D32,2.171714791969862,cuda
evaluation,3017,1837,Warm C,0.007380956318229437,0.1111111119389534,0.07813416421413422,0.9382716049382716,2.384185791015625e-07,0.3983857035636902,0.6345258355140686,,cfg02_G3_D32,2.171714791969862,cuda
evaluation,3024,1842,Cold,-0.002487695310264826,0.1111111119389534,0.0662892684340477,0.9753086419753086,1.1920928955078125e-07,0.0,0.0,,cfg02_G3_D32,2.171714791969862,cuda
evaluation,3024,1842,Warm A,0.0019159304210916162,0.1111111119389534,0.073397696018219,0.9382716049382716,1.1920928955078125e-07,0.24558797478675842,0.5612528920173645,,cfg02_G3_D32,2.171714791969862,cuda
evaluation,3024,1842,Warm B,0.005384732969105244,0.1111111119389534,0.09931273013353348,0.8148148148148148,1.1920928955078125e-07,0.4376031756401062,0.3922285735607147,,cfg02_G3_D32,2.171714791969862,cuda
evaluation,3024,1842,Warm C,0.007954119704663754,0.1111111119389534,0.11977847665548325,0.7283950617283951,1.1920928955078125e-07,0.5636213421821594,0.32250478863716125,,cfg02_G3_D32,2.171714791969862,cuda
evaluation,3028,1843,Cold,-0.004530280828475952,0.111111119389534,0.10967555642127991,0.8271604938271605,2.384185791015625e-07,0.0,0.0,,cfg02_G3_D32,2.171714791969862,cuda
evaluation,3028,1843,Warm A,-0.0049682180397212505,0.1111110970377922,0.12260769307613373,0.7777777777777778,1.7881393432617188e-07,0.237535759806633,0.43035051226615906,,cfg02_G3_D32,2.171714791969862,cuda
evaluation,3028,1843,Warm B,-0.0034990310668945312,0.1111111119389534,0.10989000648260117,0.7901234567901234,1.1920928955078125e-07,0.31313714385032654,0.5396387577056885,,cfg02_G3_D32,2.171714791969862,cuda
evaluation,3028,1843,Warm C,-0.000752034829929471,0.1111111119389534,0.10002762824296951,0.7530864197530864,1.1920928955078125e-07,0.42220935225486755,0.6209710240364075,,cfg02_G3_D32,2.171714791969862,cuda
evaluation,3029,1844,Cold,-0.004026198294013739,0.111111119389534,0.0986456349492073,0.8518518518518519,2.384185791015625e-07,0.0,0.0,,cfg02_G3_D32,2.171714791969862,cuda
evaluation,3029,1844,Warm A,-8.57902159623336e-06,0.1111111119389534,0.0899239182472229,0.8518518518518519,1.1920928955078125e-07,0.2347959578037262,0.6122490763664246,,cfg02_G3_D32,2.171714791969862,cuda
evaluation,3029,1844,Warm B,-0.0015695847105234861,0.1111111119389534,0.09177228063344955,0.8271604938271605,2.384185791015625e-07,0.31057208776474,0.5542332530021667,,cfg02_G3_D32,2.171714791969862,cuda
evaluation,3029,1844,Warm C,0.0034687290899455547,0.1111111119389534,0.1014263704419136,0.7530864197530864,1.1920928955078125e-07,0.4477912187576294,0.5878453254699707,,cfg02_G3_D32,2.171714791969862,cuda
evaluation,3036,1850,Cold,-0.0022485447116196156,0.1111111119389534,0.07645925134420395,0.9259259259259259,1.1920928955078125e-07,0.0,0.0,,cfg02_G3_D32,2.171714791969862,cuda
evaluation,3036,1850,Warm A,0.0010702748550102115,0.1111111119389534,0.07369375228881836,0.9382716049382716,2.384185791015625e-07,0.2517818510532379,0.706727921962738,,cfg02_G3_D32,2.171714791969862,cuda
evaluation,3036,1850,Warm B,0.0028097343165427446,0.1111111119389534,0.07821985334157944,0.9382716049382716,1.7881393432617188e-07,0.39713534712791443,0.7167931199073792,,cfg02_G3_D32,2.171714791969862,cuda
evaluation,3036,1850,Warm C,0.008113237097859383,0.1111111119389534,0.07531292736530304,0.9259259259259259,1.1920928955078125e-07,0.461828351020813,0.5252535343170166,,cfg02_G3_D32,2.171714791969862,cuda
evaluation,3038,1852,Cold,-0.005647066980600357,0.111111119389534,0.13221871852874756,0.691358024691358,5.960464477539063e-08,0.0,0.0,,cfg02_G3_D32,2.171714791969862,cuda
evaluation,3038,1852,Warm A,-0.00943700410425663,0.1111111119389534,0.14178502559661865,0.6172839506172839,1.1920928955078125e-07,0.2385748326778412,0.21935522556304932,,cfg02_G3_D32,2.171714791969862,cuda
evaluation,3038,1852,Warm B,-0.009893100708723068,0.111111119389534,0.13292814791202545,0.6790123456790124,2.384185791015625e-07,0.32472750544548035,0.6196041107177734,,cfg02_G3_D32,2.171714791969862,cuda
evaluation,3038,1852,Warm C,-0.011611495167016983,0.1111111119389534,0.14108608663082123,0.6172839506172839,1.1920928955078125e-07,0.4031221270561218,0.34934094548225403,,cfg02_G3_D32,2.171714791969862,cuda
evaluation,3041,1855,Cold,-0.0008353749290108681,0.111111119389534,0.07710453122854233,0.9259259259259259,2.384185791015625e-07,0.0,0.0,,cfg02_G3_D32,2.171714791969862,cuda
evaluation,3041,1855,Warm A,0.0033860683906823397,0.1111111119389534,0.0837048590183258,0.9012345679012346,1.1920928955078125e-07,0.2479442059993744,0.5547752380371094,,cfg02_G3_D32,2.171714791969862,cuda
evaluation,3041,1855,Warm B,0.005674777086824179,0.111111119389534,0.10587235540151596,0.7901234567901234,1.1920928955078125e-07,0.4471762180328369,0.27304720878601074,,cfg02_G3_D32,2.171714791969862,cuda
evaluation,3041,1855,Warm C,0.009674505330622196,0.1111111119389534,0.12667793035507202,0.7037037037037037,1.1920928955078125e-07,0.6748656034469604,0.23958595097064972,,cfg02_G3_D32,2.171714791969862,cuda
evaluation,3042,1856,Cold,-0.0006932055111974478,0.1111111119389534,0.08051182329654694,0.9259259259259259,1.1920928955078125e-07,0.0,0.0,,cfg02_G3_D32,2.171714791969862,cuda
evaluation,3042,1856,Warm A,0.00487511558458209,0.111111119389534,0.08721677213907242,0.8765432098765432,1.1920928955078125e-07,0.2352343052625656,0.5069463849067688,,cfg02_G3_D32,2.171714791969862,cuda
evaluation,3042,1856,Warm B,0.009843968786299229,0.1111111119389534,0.10584334284067154,0.7530864197530864,2.384185791015625e-07,0.44430190324783325,0.4635021388530731,,cfg02_G3_D32,2.171714791969862,cuda
evaluation,3042,1856,Warm C,0.014859983697533607,0.1111111119389534,0.12453098595142365,0.6666666666666666,1.1920928955078125e-07,0.6293288469314575,0.15200845897197723,,cfg02_G3_D32,2.171714791969862,cuda
evaluation,3045,1858,Cold,-0.0021715606562793255,0.111111119389534,0.09508272260427475,0.8518518518518519,1.1920928955078125e-07,0.0,0.0,,cfg02_G3_D32,2.171714791969862,cuda
evaluation,3045,1858,Warm A,0.003973308019340038,0.1111110970377922,0.09324802458286285,0.8024691358024691,1.1920928955078125e-07,0.23584683239459991,0.49494504928588867,,cfg02_G3_D32,2.171714791969862,cuda
evaluation,3045,1858,Warm B,0.008271320722997189,0.1111111119389534,0.10410718619823456,0.7654320987654321,2.980232238769531e-07,0.3947599232196808,0.491016149520874,,cfg02_G3_D32,2.171714791969862,cuda
evaluation,3045,1858,Warm C,0.004283444955945015,0.1111111119389534,0.09258640557527542,0.8148148148148148,2.384185791015625e-07,0.39629557728767395,0.5927944183349609,,cfg02_G3_D32,2.171714791969862,cuda
evaluation,3046,1859,Cold,-0.0010647810995578766,0.1111111119389534,0.0873032882809639,0.9259259259259259,3.5762786865234375e-07,0.0,0.0,,cfg02_G3_D32,2.171714791969862,cuda
evaluation,3046,1859,Warm A,-0.004497854504734278,0.1111111119389534,0.09620324522256851,0.9012345679012346,1.1920928955078125e-07,0.22266706824302673,0.693769633769989,,cfg02_G3_D32,2.171714791969862,cuda
evaluation,3046,1859,Warm B,-0.005334663670510054,0.1111111119389534,0.10198146104812622,0.8765432098765432,1.1920928955078125e-07,0.30383816361427307,0.6662766337394714,,cfg02_G3_D32,2.171714791969862,cuda
evaluation,3046,1859,Warm C,-0.0017214375548064709,0.1111111119389534,0.09139648824930191,0.8888888888888888,2.384185791015625e-07,0.34032943844795227,0.6361307501792908,,cfg02_G3_D32,2.171714791969862,cuda
evaluation,3048,1860,Cold,-0.0034677416551858187,0.111111119389534,0.09417678415775299,0.8888888888888888,1.1920928955078125e-07,0.0,0.0,,cfg02_G3_D32,2.171714791969862,cuda
evaluation,3048,1860,Warm A,0.002091130241751671,0.1111110970377922,0.08710081875324249,0.8518518518518519,1.1920928955078125e-07,0.2382846176624298,0.6266152262687683,,cfg02_G3_D32,2.171714791969862,cuda
evaluation,3048,1860,Warm B,0.006186031270772219,0.111111119389534,0.09892124682664871,0.8024691358024691,2.384185791015625e-07,0.44126614928245544,0.38436073064804077,,cfg02_G3_D32,2.171714791969862,cuda
evaluation,3048,1860,Warm C,0.010739709250628948,0.1111111119389534,0.11468123644590378,0.691358024691358,1.1920928955078125e-07,0.5230552554130554,0.4368703067302704,,cfg02_G3_D32,2.171714791969862,cuda
evaluation,3051,1861,Cold,-0.0026391088031232357,0.1111111119389534,0.11137966811656952,0.7901234567901234,1.1920928955078125e-07,0.0,0.0,,cfg02_G3_D32,2.171714791969862,cuda
evaluation,3051,1861,Warm A,0.0015371493063867092,0.111111119389534,0.10741230100393295,0.7654320987654321,5.960464477539063e-08,0.2457432895898819,0.6577644348144531,,cfg02_G3_D32,2.171714791969862,cuda
evaluation,3051,1861,Warm B,0.004212686326354742,0.111111119389534,0.11512213200330734,0.7407407407407407,2.384185791015625e-07,0.37415507435798645,0.6626882553100586,,cfg02_G3_D32,2.171714791969862,cuda
evaluation,3051,1861,Warm C,0.0028966134414076805,0.1111111119389534,0.11628371477127075,0.7407407407407407,2.384185791015625e-07,0.46622517704963684,0.6290631294250488,,cfg02_G3_D32,2.171714791969862,cuda
evaluation,3054,1864,Cold,0.0001107031202991493,0.1111111119389534,0.0905868336558342,0.9012345679012346,1.1920928955078125e-07,0.0,0.0,,cfg02_G3_D32,2.171714791969862,cuda
evaluation,3054,1864,Warm A,0.005246237851679325,0.1111111119389534,0.10200607776641846,0.7901234567901234,1.7881393432617188e-07,0.24272148311138153,0.5645293593406677,,cfg02_G3_D32,2.171714791969862,cuda
evaluation,3054,1864,Warm B,0.010575057938694954,0.1111110970377922,0.1186944767832756,0.691358024691358,1.1920928955078125e-07,0.3981246054172516,0.2787351608276367,,cfg02_G3_D32,2.171714791969862,cuda
evaluation,3054,1864,Warm C,0.01566605642437935,0.111111119389534,0.13821963965892792,0.6172839506172839,2.384185791015625e-07,0.5173884630203247,0.29578694701194763,,cfg02_G3_D32,2.171714791969862,cuda
evaluation,3055,1865,Cold,-0.0005013419431634247,0.1111111119389534,0.10198096930980682,0.8024691358024691,1.1920928955078125e-07,0.0,0.0,,cfg02_G3_D32,2.171714791969862,cuda
evaluation,3055,1865,Warm A,-0.005796361714601517,0.111111119389534,0.1128823310136795,0.7777777777777778,1.1920928955078125e-07,0.23610955476760864,0.6852697730064392,,cfg02_G3_D32,2.171714791969862,cuda
evaluation,3055,1865,Warm B,-0.0005690194084309042,0.1111110970377922,0.10818944126367569,0.7901234567901234,1.7881393432617188e-07,0.2938949465751648,0.7581316828727722,,cfg02_G3_D32,2.171714791969862,cuda
evaluation,3055,1865,Warm C,0.0013202887494117022,0.1111111119389534,0.11384528130292892,0.7283950617283951,2.384185791015625e-07,0.4032157361507416,0.787144124507904,,cfg02_G3_D32,2.171714791969862,cuda
evaluation,3063,1869,Cold,-0.0013079973869025707,0.1111111119389534,0.09847342222929001,0.8024691358024691,1.7881393432617188e-07,0.0,0.0,,cfg02_G3_D32,2.171714791969862,cuda
evaluation,3063,1869,Warm A,0.003949260339140892,0.1111110970377922,0.10183679312467575,0.7777777777777778,1.1920928955078125e-07,0.24734221398830414,0.6032649278640747,,cfg02_G3_D32,2.171714791969862,cuda
evaluation,3063,1869,Warm B,0.006869463250041008,0.1111111119389534,0.10811251401901245,0.7407407407407407,1.1920928955078125e-07,0.33474430441856384,0.3991663157939911,,cfg02_G3_D32,2.171714791969862,cuda
evaluation,3063,1869,Warm C,0.009080669842660427,0.1111111119389534,0.12024042755365372,0.6790123456790124,1.1920928955078125e-07,0.4296107888221741,0.5946061015129089,,cfg02_G3_D32,2.171714791969862,cuda
evaluation,3066,1870,Cold,-0.004899259191006422,0.1111110970377922,0.11930426955223083,0.7901234567901234,1.1920928955078125e-07,0.0,0.0,,cfg02_G3_D32,2.171714791969862,cuda
evaluation,3066,1870,Warm A,0.00027208877145312726,0.1111111119389534,0.10447791963815689,0.8024691358024691,1.1920928955078125e-07,0.2407139539718628,0.6613438725471497,,cfg02_G3_D32,2.171714791969862,cuda
evaluation,3066,1870,Warm B,0.004617814905941486,0.111111119389534,0.09889242053031921,0.8024691358024691,1.7881393432617188e-07,0.36973538994789124,0.7394960522651672,,cfg02_G3_D32,2.171714791969862,cuda
evaluation,3066,1870,Warm C,0.002337132580578327,0.1111111119389534,0.10224797576665878,0.8024691358024691,2.384185791015625e-07,0.3665960431098938,0.6185269951820374,,cfg02_G3_D32,2.171714791969862,cuda
evaluation,3075,1877,Cold,-0.004702282603830099,0.1111110970377922,0.11614248156547546,0.7901234567901234,1.1920928955078125e-07,0.0,0.0,,cfg02_G3_D32,2.171714791969862,cuda
evaluation,3075,1877,Warm A,-0.00727835763245821,0.1111111119389534,0.13138209283351898,0.6790123456790124,1.1920928955078125e-07,0.2285749316215515,0.4335348308086395,,cfg02_G3_D32,2.171714791969862,cuda
evaluation,3075,1877,Warm B,-0.007682660594582558,0.1111111119389534,0.1323930323123932,0.7037037037037037,1.7881393432617188e-07,0.36671456694602966,0.33111268281936646,,cfg02_G3_D32,2.171714791969862,cuda
evaluation,3075,1877,Warm C,-0.006907674949616194,0.1111111119389534,0.13307718932628632,0.7160493827160493,1.7881393432617188e-07,0.3454784154891968,0.5128750801086426,,cfg02_G3_D32,2.171714791969862,cuda
evaluation,3076,1878,Cold,-0.004625041037797928,0.1111111119389534,0.11534236371517181,0.8148148148148148,1.7881393432617188e-07,0.0,0.0,,cfg02_G3_D32,2.171714791969862,cuda
evaluation,3076,1878,Warm A,-0.004308471921831369,0.1111111119389534,0.10792206227779388,0.8148148148148148,1.1920928955078125e-07,0.22804972529411316,0.5613288283348083,,cfg02_G3_D32,2.171714791969862,cuda
evaluation,3076,1878,Warm B,-0.0003312869812361896,0.1111111119389534,0.09642656147480011,0.8024691358024691,2.384185791015625e-07,0.36220356822013855,0.668022096157074,,cfg02_G3_D32,2.171714791969862,cuda
evaluation,3076,1878,Warm C,-0.006113438401371241,0.1111111119389534,0.1047966256737709,0.7901234567901234,2.384185791015625e-07,0.45981672406196594,0.5310948491096497,,cfg02_G3_D32,2.171714791969862,cuda
evaluation,3077,1879,Cold,-0.002052363706752658,0.111111119389534,0.10233046114444733,0.8271604938271605,1.1920928955078125e-07,0.0,0.0,,cfg02_G3_D32,2.171714791969862,cuda
evaluation,3077,1879,Warm A,-0.007877476513385773,0.1111111119389534,0.11456826329231262,0.7777777777777778,2.384185791015625e-07,0.24159224331378937,0.5765144228935242,,cfg02_G3_D32,2.171714791969862,cuda
evaluation,3077,1879,Warm B,-0.011477016843855381,0.1111111119389534,0.12998861074447632,0.6790123456790124,2.384185791015625e-07,0.42617321014404297,0.5558841824531555,,cfg02_G3_D32,2.171714791969862,cuda
evaluation,3077,1879,Warm C,-0.011517203412950039,0.1111111119389534,0.13818638026714325,0.6172839506172839,2.384185791015625e-07,0.4659382104873657,0.3118278682231903,,cfg02_G3_D32,2.171714791969862,cuda
evaluation,3078,1880,Cold,-0.0026535375509411097,0.1111110970377922,0.1124613881111145,0.7901234567901234,1.1920928955078125e-07,0.0,0.0,,cfg02_G3_D32,2.171714791969862,cuda
evaluation,3078,1880,Warm A,0.00026861293008551,0.1111111119389534,0.10971423238515854,0.7654320987654321,1.1920928955078125e-07,0.2440072000026703,0.6782931685447693,,cfg02_G3_D32,2.171714791969862,cuda
evaluation,3078,1880,Warm B,-0.0031938699539750814,0.1111111119389534,0.1116679459810257,0.7901234567901234,1.1920928955078125e-07,0.21737274527549744,0.6693753600120544,,cfg02_G3_D32,2.171714791969862,cuda
evaluation,3078,1880,Warm C,-0.0007840354228392243,0.1111111119389534,0.10438038408756256,0.7777777777777778,1.1920928955078125e-07,0.25535309314727783,0.49628087878227234,,cfg02_G3_D32,2.171714791969862,cuda
evaluation,3079,1881,Cold,-0.0027298452332615852,0.111111119389534,0.111904576420784,0.7901234567901234,2.384185791015625e-07,0.0,0.0,,cfg02_G3_D32,2.171714791969862,cuda
evaluation,3079,1881,Warm A,-0.0061119007878005505,0.111111119389534,0.12413021177053452,0.7407407407407407,1.1920928955078125e-07,0.23459599912166595,0.6296720504760742,,cfg02_G3_D32,2.171714791969862,cuda
evaluation,3079,1881,Warm B,-0.00469824206084013,0.1111111119389534,0.12039658427238464,0.7160493827160493,2.384185791015625e-07,0.35773834586143494,0.5134426355361938,,cfg02_G3_D32,2.171714791969862,cuda
evaluation,3079,1881,Warm C,-0.005855854135006666,0.1111111119389534,0.12803319096565247,0.7037037037037037,1.1920928955078125e-07,0.3638017773628235,0.4379594922065735,,cfg02_G3_D32,2.171714791969862,cuda
evaluation,3086,1885,Cold,-0.005693975370377302,0.1111111119389534,0.14101138710975647,0.5802469135802469,2.384185791015625e-07,0.0,0.0,,cfg02_G3_D32,2.171714791969862,cuda
evaluation,3086,1885,Warm A,-0.004771584179252386,0.1111111119389534,0.1410321146249771,0.6172839506172839,1.1920928955078125e-07,0.25954169034957886,0.6094743609428406,,cfg02_G3_D32,2.171714791969862,cuda
evaluation,3086,1885,Warm B,-0.0046113766729831696,0.1111111119389534,0.13105857372283936,0.6419753086419753,1.1920928955078125e-07,0.442425936460495,0.7334664463996887,,cfg02_G3_D32,2.171714791969862,cuda
evaluation,3086,1885,Warm C,-0.0012332325568422675,0.1111111119389534,0.12309659272432327,0.7037037037037037,1.7881393432617188e-07,0.5481306314468384,0.745600700378418,,cfg02_G3_D32,2.171714791969862,cuda
evaluation,3090,1889,Cold,-0.0040644025430083275,0.1111111119389534,0.108777716755867,0.7777777777777778,1.1920928955078125e-07,0.0,0.0,,cfg02_G3_D32,2.171714791969862,cuda
evaluation,3090,1889,Warm A,-0.006749078631401062,0.111111119389534,0.12535861134529114,0.7283950617283951,1.1920928955078125e-07,0.2468251734972,0.4063169062137604,,cfg02_G3_D32,2.171714791969862,cuda
evaluation,3090,1889,Warm B,-0.010162901133298874,0.1111111119389534,0.14017832279205322,0.6419753086419753,1.1920928955078125e-07,0.40910935401916504,0.5570378303527832,,cfg02_G3_D32,2.171714791969862,cuda
evaluation,3090,1889,Warm C,-0.010661476291716099,0.111111119389534,0.14680814743041992,0.6049382716049383,2.384185791015625e-07,0.5388110280036926,0.39551106095314026,,cfg02_G3_D32,2.171714791969862,cuda
evaluation,3091,1890,Cold,-0.003889291314408183,0.1111111119389534,0.10503567010164261,0.8395061728395061,1.1920928955078125e-07,0.0,0.0,,cfg02_G3_D32,2.171714791969862,cuda
evaluation,3091,1890,Warm A,-0.0062853326089680195,0.1111110970377922,0.122468963265419,0.7283950617283951,1.1920928955078125e-07,0.24606554210186005,0.27407947182655334,,cfg02_G3_D32,2.171714791969862,cuda
evaluation,3091,1890,Warm B,-0.007868357934057713,0.1111111119389534,0.13239802420139313,0.6790123456790124,2.384185791015625e-07,0.37755832076072693,0.35026904940605164,,cfg02_G3_D32,2.171714791969862,cuda
evaluation,3091,1890,Warm C,-0.010107234120368958,0.1111111119389534,0.14681169390678406,0.6049382716049383,2.384185791015625e-07,0.5236460566520691,0.30392536520957947,,cfg02_G3_D32,2.171714791969862,cuda
evaluation,3094,1892,Cold,-0.0032255679834634066,0.1111111119389534,0.09697926789522171,0.8641975308641975,1.1920928955078125e-07,0.0,0.0,,cfg02_G3_D32,2.171714791969862,cuda
evaluation,3094,1892,Warm A,-0.0021683473605662584,0.1111111119389534,0.10209443420171738,0.8271604938271605,1.7881393432617188e-07,0.24789708852767944,0.6622220873832703,,cfg02_G3_D32,2.171714791969862,cuda
evaluation,3094,1892,Warm B,-0.002693534828722477,0.111111119389534,0.10900522768497467,0.7901234567901234,2.384185791015625e-07,0.30880793929100037,0.48644953966140747,,cfg02_G3_D32,2.171714791969862,cuda
evaluation,3094,1892,Warm C,0.001146430615335703,0.1111111119389534,0.09078437089920044,0.8641975308641975,2.384185791015625e-07,0.43046680092811584,0.5189313888549805,,cfg02_G3_D32,2.171714791969862,cuda
evaluation,3096,1894,Cold,-0.004831158556044102,0.1111110970377922,0.11968650668859482,0.7901234567901234,2.384185791015625e-07,0.0,0.0,,cfg02_G3_D32,2.171714791969862,cuda
evaluation,3096,1894,Warm A,-0.00701536051928997,0.1111111119389534,0.13250692188739777,0.7037037037037037,2.384185791015625e-07,0.22250376641750336,0.33788740634918213,,cfg02_G3_D32,2.171714791969862,cuda
evaluation,3096,1894,Warm B,-0.005449387710541487,0.1111110970377922,0.12120329588651657,0.7654320987654321,2.384185791015625e-07,0.2454659789800644,0.47940945625305176,,cfg02_G3_D32,2.171714791969862,cuda
evaluation,3096,1894,Warm C,-0.007402457762509584,0.1111111119389534,0.13380621373653412,0.7037037037037037,2.384185791015625e-07,0.34458789229393005,0.41203704476356506,,cfg02_G3_D32,2.171714791969862,cuda
evaluation,3103,1901,Cold,-0.0020331540144979954,0.1111110970377922,0.09185482561588287,0.8888888888888888,1.1920928955078125e-07,0.0,0.0,,cfg02_G3_D32,2.171714791969862,cuda
evaluation,3103,1901,Warm A,0.0028664192650467157,0.1111110970377922,0.0937880352139473,0.8518518518518519,2.384185791015625e-07,0.23343700170516968,0.5824024081230164,,cfg02_G3_D32,2.171714791969862,cuda
evaluation,3103,1901,Warm B,0.007336939685046673,0.1111111119389534,0.1096808984875679,0.7160493827160493,1.1920928955078125e-07,0.39172881841659546,0.44801536202430725,,cfg02_G3_D32,2.171714791969862,cuda
evaluation,3103,1901,Warm C,0.002558633917942643,0.111111119389534,0.09593687206506729,0.7901234567901234,2.384185791015625e-07,0.35552796721458435,0.4780849516391754,,cfg02_G3_D32,2.171714791969862,cuda
evaluation,3109,1906,Cold,-0.004344351124018431,0.1111111119389534,0.10743735730648041,0.8518518518518519,2.384185791015625e-07,0.0,0.0,,cfg02_G3_D32,2.171714791969862,cuda
evaluation,3109,1906,Warm A,-0.00018471971270628273,0.1111111119389534,0.09663325548171997,0.8271604938271605,2.384185791015625e-07,0.2405492216348648,0.6110405325889587,,cfg02_G3_D32,2.171714791969862,cuda
evaluation,3109,1906,Warm B,0.0045689670369029045,0.1111111119389534,0.10086728632450104,0.7654320987654321,1.1920928955078125e-07,0.4416286051273346,0.3694036900997162,,cfg02_G3_D32,2.171714791969862,cuda
evaluation,3109,1906,Warm C,0.008809463120996952,0.1111111119389534,0.11519316583871841,0.7160493827160493,1.7881393432617188e-07,0.6016078591346741,0.38958829641342163,,cfg02_G3_D32,2.171714791969862,cuda
evaluation,3112,1908,Cold,-0.004187385085970163,0.1111111119389534,0.10557670891284943,0.8395061728395061,2.384185791015625e-07,0.0,0.0,,cfg02_G3_D32,2.171714791969862,cuda
evaluation,3112,1908,Warm A,0.0011633720714598894,0.1111110970377922,0.09477617591619492,0.8395061728395061,2.384185791015625e-07,0.23852433264255524,0.5225570797920227,,cfg02_G3_D32,2.171714791969862,cuda
evaluation,3112,1908,Warm B,0.006387051194906235,0.111111119389534,0.09743045270442963,0.7777777777777778,2.384185791015625e-07,0.3706425726413727,0.6468433737754822,,cfg02_G3_D32,2.171714791969862,cuda
evaluation,3112,1908,Warm C,0.0030208269599825144,0.111111119389534,0.09261208027601242,0.8518518518518519,2.384185791015625e-07,0.40587347745895386,0.6298076510429382,,cfg02_G3_D32,2.171714791969862,cuda
evaluation,3115,1911,Cold,-0.002724594436585903,0.1111111119389534,0.11298404633998871,0.7901234567901234,1.7881393432617188e-07,0.0,0.0,,cfg02_G3_D32,2.171714791969862,cuda
evaluation,3115,1911,Warm A,0.003450186224654317,0.1111111119389534,0.1072106808423996,0.7407407407407407,1.1920928955078125e-07,0.23970673978328705,0.5365122556686401,,cfg02_G3_D32,2.171714791969862,cuda
evaluation,3115,1911,Warm B,0.00662432424724102,0.1111111119389534,0.11618977785110474,0.691358024691358,2.384185791015625e-07,0.3212277591228485,0.6050674319267273,,cfg02_G3_D32,2.171714791969862,cuda
evaluation,3115,1911,Warm C,0.0032717527355998755,0.1111111119389534,0.10695625096559525,0.7407407407407407,1.1920928955078125e-07,0.2771061360836029,0.5527433753013611,,cfg02_G3_D32,2.171714791969862,cuda
evaluation,3117,1912,Cold,-0.0014139587292447686,0.1111110970377922,0.10135381668806076,0.8271604938271605,2.384185791015625e-07,0.0,0.0,,cfg02_G3_D32,2.171714791969862,cuda
evaluation,3117,1912,Warm A,0.0037401318550109863,0.1111111119389534,0.10575014352798462,0.7654320987654321,1.1920928955078125e-07,0.23212040960788727,0.6915589570999146,,cfg02_G3_D32,2.171714791969862,cuda
evaluation,3117,1912,Warm B,-0.004571753554046154,0.111111119389534,0.10385037958621979,0.8395061728395061,2.384185791015625e-07,0.3060159683227539,0.6793304681777954,,cfg02_G3_D32,2.171714791969862,cuda
evaluation,3117,1912,Warm C,-0.0009543811320327222,0.1111111119389534,0.10651945322751999,0.7530864197530864,1.1920928955078125e-07,0.42656323313713074,0.7644211649894714,,cfg02_G3_D32,2.171714791969862,cuda
evaluation,3118,1913,Cold,-0.002724593738093972,0.1111111119389534,0.11298404633998871,0.7901234567901234,2.384185791015625e-07,0.0,0.0,,cfg02_G3_D32,2.171714791969862,cuda
evaluation,3118,1913,Warm A,-0.0013666237937286496,0.1111111119389534,0.10556119680404663,0.7901234567901234,2.384185791015625e-07,0.22500866651535034,0.5497596859931946,,cfg02_G3_D32,2.171714791969862,cuda
evaluation,3118,1913,Warm B,0.0001359285815851763,0.1111110970377922,0.1079757809638977,0.7654320987654321,2.384185791015625e-07,0.29870501160621643,0.6731656193733215,,cfg02_G3_D32,2.171714791969862,cuda
evaluation,3118,1913,Warm C,-0.0025898676831275225,0.1111111119389534,0.1123972088098526,0.7654320987654321,1.7881393432617188e-07,0.4361628293991089,0.5791398286819458,,cfg02_G3_D32,2.171714791969862,cuda
evaluation,3120,1914,Cold,-0.0019067389657720923,0.1111111119389534,0.09383061528205872,0.8765432098765432,2.384185791015625e-07,0.0,0.0,,cfg02_G3_D32,2.171714791969862,cuda
evaluation,3120,1914,Warm A,0.0026189908385276794,0.111111119389534,0.09592975676059723,0.8148148148148148,1.1920928955078125e-07,0.23865270614624023,0.5370203256607056,,cfg02_G3_D32,2.171714791969862,cuda
evaluation,3120,1914,Warm B,0.006365893874317408,0.1111111119389534,0.10533299297094345,0.7407407407407407,1.7881393432617188e-07,0.3941521644592285,0.47804078459739685,,cfg02_G3_D32,2.171714791969862,cuda
evaluation,3120,1914,Warm C,0.007124807219952345,0.1111111119389534,0.10725871473550797,0.7283950617283951,1.1920928955078125e-07,0.5435697436332703,0.37361177802085876,,cfg02_G3_D32,2.171714791969862,cuda
evaluation,3130,1916,Cold,-0.0020601009018719196,0.1111111119389534,0.09105187654495239,0.9012345679012346,1.1920928955078125e-07,0.0,0.0,,cfg02_G3_D32,2.171714791969862,cuda
evaluation,3130,1916,Warm A,0.001970227574929595,0.1111111119389534,0.09307633340358734,0.8271604938271605,1.1920928955078125e-07,0.24121390283107758,0.5431102514266968,,cfg02_G3_D32,2.171714791969862,cuda
evaluation,3130,1916,Warm B,0.0068469783291220665,0.1111111119389534,0.10656949132680893,0.7654320987654321,1.7881393432617188e-07,0.39190319180488586,0.4518064558506012,,cfg02_G3_D32,2.171714791969862,cuda
evaluation,3130,1916,Warm C,0.00696265185251832,0.1111111119389534,0.10730895400047302,0.7654320987654321,2.384185791015625e-07,0.3995363414287567,0.4555215537548065,,cfg02_G3_D32,2.171714791969862,cuda
evaluation,3134,1917,Cold,-0.0062175621278584,0.1111111119389534,0.14554479718208313,0.5802469135802469,2.384185791015625e-07,0.0,0.0,,cfg02_G3_D32,2.171714791969862,cuda
evaluation,3134,1917,Warm A,-0.003964276984333992,0.1111111119389534,0.13960996270179749,0.6049382716049383,5.960464477539063e-08,0.2189040184020996,0.583137035369873,,cfg02_G3_D32,2.171714791969862,cuda
evaluation,3134,1917,Warm B,-0.004216745495796204,0.1111111119389534,0.14373266696929932,0.6419753086419753,1.1920928955078125e-07,0.38810595870018005,0.4843722879886627,,cfg02_G3_D32,2.171714791969862,cuda
evaluation,3134,1917,Warm C,-0.007346368860453367,0.1111110970377922,0.14933286607265472,0.5555555555555556,2.384185791015625e-07,0.4190892279148102,0.3317027986049652,,cfg02_G3_D32,2.171714791969862,cuda
evaluation,3135,1918,Cold,-0.004890019074082375,0.1111111119389534,0.11500503867864609,0.8024691358024691,1.1920928955078125e-07,0.0,0.0,,cfg02_G3_D32,2.171714791969862,cuda
evaluation,3135,1918,Warm A,-0.0022198855876922607,0.111111119389534,0.10652153939008713,0.8271604938271605,1.1920928955078125e-07,0.2374989241361618,0.6513569951057434,,cfg02_G3_D32,2.171714791969862,cuda
evaluation,3135,1918,Warm B,-0.005120142828673124,0.1111111119389534,0.12163852900266647,0.7530864197530864,1.1920928955078125e-07,0.2943571209907532,0.5068637132644653,,cfg02_G3_D32,2.171714791969862,cuda
evaluation,3135,1918,Warm C,-0.007504353765398264,0.111111119389534,0.1315220147371292,0.7037037037037037,1.1920928955078125e-07,0.3705673813819885,0.43439799547195435,,cfg02_G3_D32,2.171714791969862,cuda
evaluation,3138,1919,Cold,-0.003739178879186511,0.1111111119389534,0.10498538613319397,0.8024691358024691,2.384185791015625e-07,0.0,0.0,,cfg02_G3_D32,2.171714791969862,cuda
evaluation,3138,1919,Warm A,0.00012644582602661103,0.1111111119389534,0.09619808942079544,0.8271604938271605,1.7881393432617188e-07,0.2363329529762268,0.6355065107345581,,cfg02_G3_D32,2.171714791969862,cuda
evaluation,3138,1919,Warm B,0.007340375799685717,0.1111111119389534,0.1017264798283577,0.7654320987654321,1.1920928955078125e-07,0.432332307100296,0.5119691491127014,,cfg02_G3_D32,2.171714791969862,cuda
evaluation,3138,1919,Warm C,0.0031734167132526636,0.1111111119389534,0.09802773594856262,0.8024691358024691,1.1920928955078125e-07,0.42409732937812805,0.49352437257766724,,cfg02_G3_D32,2.171714791969862,cuda
evaluation,3141,1920,Cold,-0.003406433155760169,0.1111111119389534,0.10458897054195404,0.7901234567901234,1.1920928955078125e-07,0.0,0.0,,cfg02_G3_D32,2.171714791969862,cuda
evaluation,3141,1920,Warm A,0.004703904036432505,0.1111111119389534,0.09944502264261246,0.7901234567901234,1.1920928955078125e-07,0.2391655594110489,0.7055608630180359,,cfg02_G3_D32,2.171714791969862,cuda
evaluation,3141,1920,Warm B,0.009074598550796509,0.1111111119389534,0.10532217472791672,0.7283950617283951,1.1920928955078125e-07,0.41578733921051025,0.42608508467674255,,cfg02_G3_D32,2.171714791969862,cuda
evaluation,3141,1920,Warm C,0.007153359241783619,0.1111111119389534,0.10418884456157684,0.7407407407407407,1.1920928955078125e-07,0.41248106956481934,0.556778073310852,,cfg02_G3_D32,2.171714791969862,cuda
evaluation,3142,1921,Cold,-0.003245829837396741,0.1111111119389534,0.09422492235898972,0.9012345679012346,2.384185791015625e-07,0.0,0.0,,cfg02_G3_D32,2.171714791969862,cuda
evaluation,3142,1921,Warm A,0.001396859879605472,0.1111111119389534,0.08684559166431427,0.8888888888888888,2.384185791015625e-07,0.22607095539569855,0.7699282169342041,,cfg02_G3_D32,2.171714791969862,cuda
evaluation,3142,1921,Warm B,0.006413773167878389,0.1111111119389534,0.09671128541231155,0.8148148148148148,2.384185791015625e-07,0.34357917308807373,0.5557059049606323,,cfg02_G3_D32,2.171714791969862,cuda
evaluation,3142,1921,Warm C,0.0020990045741200447,0.1111111119389534,0.0909309834241867,0.8888888888888888,2.384185791015625e-07,0.45542240142822266,0.7269774079322815,,cfg02_G3_D32,2.171714791969862,cuda
evaluation,3165,1934,Cold,-0.001961794216185808,0.111111119389534,0.09662773460149765,0.8271604938271605,2.384185791015625e-07,0.0,0.0,,cfg02_G3_D32,2.171714791969862,cuda
evaluation,3165,1934,Warm A,0.0035115035716444254,0.1111111119389534,0.09827553480863571,0.7777777777777778,1.7881393432617188e-07,0.24452055990695953,0.5141050219535828,,cfg02_G3_D32,2.171714791969862,cuda
evaluation,3165,1934,Warm B,0.00785053614526987,0.1111111119389534,0.10917116701602936,0.7283950617283951,2.384185791015625e-07,0.37885576486587524,0.43507203459739685,,cfg02_G3_D32,2.171714791969862,cuda
evaluation,3165,1934,Warm C,0.011491521261632442,0.1111111119389534,0.1219545304775238,0.6666666666666666,1.1920928955078125e-07,0.5076662302017212,0.4687947928905487,,cfg02_G3_D32,2.171714791969862,cuda
evaluation,3167,1935,Cold,-0.004829634912312031,0.1111111119389534,0.11831837892532349,0.7777777777777778,1.1920928955078125e-07,0.0,0.0,,cfg02_G3_D32,2.171714791969862,cuda
evaluation,3167,1935,Warm A,-0.0007820270257070661,0.1111111119389534,0.10395638644695282,0.8271604938271605,2.384185791015625e-07,0.22911925613880157,0.558372974395752,,cfg02_G3_D32,2.171714791969862,cuda
evaluation,3167,1935,Warm B,8.10314086265862e-05,0.1111111119389534,0.10157600790262222,0.7901234567901234,1.1920928955078125e-07,0.31521013379096985,0.573648989200592,,cfg02_G3_D32,2.171714791969862,cuda
evaluation,3167,1935,Warm C,-0.0039644320495426655,0.1111110970377922,0.11490268260240555,0.8148148148148148,2.384185791015625e-07,0.29463592171669006,0.5335695147514343,,cfg02_G3_D32,2.171714791969862,cuda
evaluation,3177,1942,Cold,-0.0013996395282447338,0.111111119389534,0.10171477496623993,0.8765432098765432,2.384185791015625e-07,0.0,0.0,,cfg02_G3_D32,2.171714791969862,cuda
evaluation,3177,1942,Warm A,0.0035936152562499046,0.1111111119389534,0.1040559858083725,0.8024691358024691,2.384185791015625e-07,0.2395603060722351,0.5398216247558594,,cfg02_G3_D32,2.171714791969862,cuda
evaluation,3177,1942,Warm B,0.0019135928014293313,0.1111111119389534,0.10879512131214142,0.8271604938271605,2.384185791015625e-07,0.2837894558906555,0.7505728006362915,,cfg02_G3_D32,2.171714791969862,cuda
evaluation,3177,1942,Warm C,0.004999285563826561,0.111111119389534,0.11682804673910141,0.691358024691358,1.1920928955078125e-07,0.4585845172405243,0.5374083518981934,,cfg02_G3_D32,2.171714791969862,cuda
evaluation,3180,1945,Cold,-0.0014049828751012683,0.1111111119389534,0.10176681727170944,0.8395061728395061,2.384185791015625e-07,0.0,0.0,,cfg02_G3_D32,2.171714791969862,cuda
evaluation,3180,1945,Warm A,0.004466543439775705,0.1111111119389534,0.10433126240968704,0.7901234567901234,2.384185791015625e-07,0.23549732565879822,0.5178033709526062,,cfg02_G3_D32,2.171714791969862,cuda
evaluation,3180,1945,Warm B,0.00816707219928503,0.1111111119389534,0.11718982458114624,0.7160493827160493,1.1920928955078125e-07,0.4198317527770996,0.3281615078449249,,cfg02_G3_D32,2.171714791969862,cuda
evaluation,3180,1945,Warm C,0.012395492754876614,0.1111111119389534,0.12935295701026917,0.6296296296296297,1.1920928955078125e-07,0.6250919699668884,0.34988245368003845,,cfg02_G3_D32,2.171714791969862,cuda
evaluation,3181,1946,Cold,-0.002724595367908478,0.1111111119389534,0.11298404633998871,0.7901234567901234,2.384185791015625e-07,0.0,0.0,,cfg02_G3_D32,2.171714791969862,cuda
evaluation,3181,1946,Warm A,-0.007041767705231905,0.1111111119389534,0.1258440613746643,0.7160493827160493,1.1920928955078125e-07,0.24378961324691772,0.6436328291893005,,cfg02_G3_D32,2.171714791969862,cuda
evaluation,3181,1946,Warm B,-0.00348375691100955,0.1111111119389534,0.11584027111530304,0.7901234567901234,1.1920928955078125e-07,0.25104498863220215,0.6004871726036072,,cfg02_G3_D32,2.171714791969862,cuda
evaluation,3181,1946,Warm C,-0.002140598138794303,0.1111110970377922,0.11714743077754974,0.8148148148148148,1.1920928955078125e-07,0.2907200753688812,0.6475474834442139,,cfg02_G3_D32,2.171714791969862,cuda
evaluation,3182,1947,Cold,-0.0018665106035768986,0.111111119389534,0.10090706497430801,0.8395061728395061,5.960464477539063e-08,0.0,0.0,,cfg02_G3_D32,2.171714791969862,cuda
evaluation,3182,1947,Warm A,-0.006204634439200163,0.1111111119389534,0.11609655618667603,0.7901234567901234,2.384185791015625e-07,0.24386166036128998,0.5081765055656433,,cfg02_G3_D32,2.171714791969862,cuda
evaluation,3182,1947,Warm B,-0.005192640237510204,0.1111111119389534,0.10576289892196655,0.8641975308641975,1.1920928955078125e-07,0.3163909912109375,0.7978190779685974,,cfg02_G3_D32,2.171714791969862,cuda
evaluation,3182,1947,Warm C,-0.01004332210868597,0.111111119389534,0.12416413426399231,0.8024691358024691,1.1920928955078125e-07,0.5111475586891174,0.6407461166381836,,cfg02_G3_D32,2.171714791969862,cuda
evaluation,3190,1951,Cold,-0.00029689856455661356,0.1111111119389534,0.09653604030609131,0.8765432098765432,2.384185791015625e-07,0.0,0.0,,cfg02_G3_D32,2.171714791969862,cuda
evaluation,3190,1951,Warm A,0.003817642107605934,0.1111110970377922,0.1062949001789093,0.7901234567901234,1.1920928955078125e-07,0.24199000000953674,0.45634984970092773,,cfg02_G3_D32,2.171714791969862,cuda
evaluation,3190,1951,Warm B,0.00681264977902174,0.1111110970377922,0.12106409668922424,0.691358024691358,2.384185791015625e-07,0.44130051136016846,0.46206411719322205,,cfg02_G3_D32,2.171714791969862,cuda
evaluation,3190,1951,Warm C,0.004404892213642597,0.1111110970377922,0.11231283843517303,0.7037037037037037,1.1920928955078125e-07,0.5237229466438293,0.49635323882102966,,cfg02_G3_D32,2.171714791969862,cuda
evaluation,3199,1956,Cold,-0.00464767636731267,0.1111111119389534,0.11664354801177979,0.7901234567901234,1.1920928955078125e-07,0.0,0.0,,cfg02_G3_D32,2.171714791969862,cuda
evaluation,3199,1956,Warm A,0.0001221925049321726,0.1111111119389534,0.10515580326318741,0.7777777777777778,2.384185791015625e-07,0.24604453146457672,0.7496525645256042,,cfg02_G3_D32,2.171714791969862,cuda
evaluation,3199,1956,Warm B,0.0012686586705967784,0.1111111119389534,0.1118188127875328,0.7530864197530864,1.7881393432617188e-07,0.3499533236026764,0.5481210947036743,,cfg02_G3_D32,2.171714791969862,cuda
evaluation,3199,1956,Warm C,0.004958625882863998,0.1111111119389534,0.10767634958028793,0.7654320987654321,1.1920928955078125e-07,0.45521920919418335,0.6384292840957642,,cfg02_G3_D32,2.171714791969862,cuda
evaluation,3200,1957,Cold,-0.004371372051537037,0.111111119389534,0.1073819026350975,0.8395061728395061,2.384185791015625e-07,0.0,0.0,,cfg02_G3_D32,2.171714791969862,cuda
evaluation,3200,1957,Warm A,-0.004895749501883984,0.1111111119389534,0.10746526718139648,0.8518518518518519,1.7881393432617188e-07,0.2413737028837204,0.3979271948337555,,cfg02_G3_D32,2.171714791969862,cuda
evaluation,3200,1957,Warm B,-0.006062803324311972,0.1111111119389534,0.11464912444353104,0.7901234567901234,2.384185791015625e-07,0.33562591671943665,0.5190826654434204,,cfg02_G3_D32,2.171714791969862,cuda
evaluation,3200,1957,Warm C,-0.008318928070366383,0.1111111119389534,0.12360511720180511,0.8148148148148148,2.384185791015625e-07,0.45877787470817566,0.5954047441482544,,cfg02_G3_D32,2.171714791969862,cuda
evaluation,3206,1961,Cold,-0.0019118300406262279,0.1111111119389534,0.07998308539390564,0.9382716049382716,2.384185791015625e-07,0.0,0.0,,cfg02_G3_D32,2.171714791969862,cuda
evaluation,3206,1961,Warm A,0.0033593366388231516,0.1111111119389534,0.08403100073337555,0.9135802469135802,1.7881393432617188e-07,0.24094365537166595,0.6015838980674744,,cfg02_G3_D32,2.171714791969862,cuda
evaluation,3206,1961,Warm B,0.0009927952196449041,0.1111111119389534,0.07905112206935883,0.9135802469135802,1.7881393432617188e-07,0.31756046414375305,0.6678435206413269,,cfg02_G3_D32,2.171714791969862,cuda
evaluation,3206,1961,Warm C,0.005972608923912048,0.1111111119389534,0.08203481137752533,0.8765432098765432,1.7881393432617188e-07,0.3874189555644989,0.6268558502197266,,cfg02_G3_D32,2.171714791969862,cuda
evaluation,3211,1964,Cold,-0.004396004602313042,0.111111119389534,0.11191071569919586,0.7777777777777778,1.7881393432617188e-07,0.0,0.0,,cfg02_G3_D32,2.171714791969862,cuda
evaluation,3211,1964,Warm A,-0.003834423376247287,0.111111119389534,0.10710266977548599,0.8148148148148148,2.384185791015625e-07,0.21843421459197998,0.5872082114219666,,cfg02_G3_D32,2.171714791969862,cuda
evaluation,3211,1964,Warm B,0.001401300891302526,0.1111111119389534,0.10228384286165237,0.8024691358024691,1.1920928955078125e-07,0.3365505635738373,0.7212027907371521,,cfg02_G3_D32,2.171714791969862,cuda
evaluation,3211,1964,Warm C,-0.003576094750314951,0.111111119389534,0.11419680714607239,0.8024691358024691,1.1920928955078125e-07,0.4425921142101288,0.6356102228164673,,cfg02_G3_D32,2.171714791969862,cuda
evaluation,3214,1966,Cold,-0.004642317537218332,0.1111111119389534,0.11111673712730408,0.7901234567901234,2.384185791015625e-07,0.0,0.0,,cfg02_G3_D32,2.171714791969862,cuda
evaluation,3214,1966,Warm A,-0.0004698371049016714,0.1111110970377922,0.0955006331205368,0.8148148148148148,2.384185791015625e-07,0.23701684176921844,0.6050077676773071,,cfg02_G3_D32,2.171714791969862,cuda
evaluation,3214,1966,Warm B,0.003571246052160859,0.111111119389534,0.09850206971168518,0.7901234567901234,1.1920928955078125e-07,0.3603706359863281,0.7138326168060303,,cfg02_G3_D32,2.171714791969862,cuda
evaluation,3214,1966,Warm C,0.0007766520138829947,0.1111111119389534,0.09585802257061005,0.8148148148148148,2.384185791015625e-07,0.49188828468322754,0.6624504327774048,,cfg02_G3_D32,2.171714791969862,cuda
evaluation,3217,1967,Cold,-0.0065608457662165165,0.1111111119389534,0.1473686248064041,0.5679012345679012,5.960464477539063e-08,0.0,0.0,,cfg02_G3_D32,2.171714791969862,cuda
evaluation,3217,1967,Warm A,-0.0023483901750296354,0.1111111119389534,0.14085730910301208,0.6049382716049383,1.1920928955078125e-07,0.2536381483078003,0.9664111137390137,,cfg02_G3_D32,2.171714791969862,cuda
evaluation,3217,1967,Warm B,0.0022086515091359615,0.1111111119389534,0.13356389105319977,0.6666666666666666,2.384185791015625e-07,0.4474237859249115,0.788769543170929,,cfg02_G3_D32,2.171714791969862,cuda
evaluation,3217,1967,Warm C,0.007453136146068573,0.1111111119389534,0.12950406968593597,0.654320987654321,1.1920928955078125e-07,0.6146790385246277,0.6057687997817993,,cfg02_G3_D32,2.171714791969862,cuda
evaluation,3224,1969,Cold,-0.005345012526959181,0.111111119389534,0.1261318027973175,0.7160493827160493,1.1920928955078125e-07,0.0,0.0,,cfg02_G3_D32,2.171714791969862,cuda
evaluation,3224,1969,Warm A,-0.0017487508011981845,0.111111119389534,0.11562906205654144,0.7407407407407407,2.384185791015625e-07,0.2343219667673111,0.6953245997428894,,cfg02_G3_D32,2.171714791969862,cuda
evaluation,3224,1969,Warm B,-0.005425615701824427,0.1111111119389534,0.12663431465625763,0.6790123456790124,2.384185791015625e-07,0.39078202843666077,0.5354477763175964,,cfg02_G3_D32,2.171714791969862,cuda
evaluation,3224,1969,Warm C,-0.006964991334825754,0.111111119389534,0.13834725320339203,0.6172839506172839,1.1920928955078125e-07,0.5631437301635742,0.4235440194606781,,cfg02_G3_D32,2.171714791969862,cuda
evaluation,3225,1970,Cold,0.000673520436976105,0.1111110970377922,0.09134935587644577,0.9012345679012346,2.384185791015625e-07,0.0,0.0,,cfg02_G3_D32,2.171714791969862,cuda
evaluation,3225,1970,Warm A,0.003701913869008422,0.1111111119389534,0.10272040963172913,0.7777777777777778,2.384185791015625e-07,0.2359367161989212,0.5245200395584106,,cfg02_G3_D32,2.171714791969862,cuda
evaluation,3225,1970,Warm B,0.001503125880844891,0.1111111119389534,0.09809108078479767,0.8148148148148148,1.1920928955078125e-07,0.2826388478279114,0.600233256816864,,cfg02_G3_D32,2.171714791969862,cuda
evaluation,3225,1970,Warm C,0.0029549305327236652,0.111111119389534,0.11110879480838776,0.7160493827160493,1.1920928955078125e-07,0.3790784478187561,0.6390910148620605,,cfg02_G3_D32,2.171714791969862,cuda
evaluation,3230,1971,Cold,-0.0048220534808933735,0.1111110970377922,0.11391586810350418,0.8395061728395061,2.384185791015625e-07,0.0,0.0,,cfg02_G3_D32,2.171714791969862,cuda
evaluation,3230,1971,Warm A,0.0004106704727746546,0.1111111119389534,0.09936856478452682,0.8148148148148148,1.1920928955078125e-07,0.24853771924972534,0.8017919659614563,,cfg02_G3_D32,2.171714791969862,cuda
evaluation,3230,1971,Warm B,-0.002461005700752139,0.1111111119389534,0.10579898208379745,0.8395061728395061,1.1920928955078125e-07,0.22099827229976654,0.4207579791545868,,cfg02_G3_D32,2.171714791969862,cuda
evaluation,3230,1971,Warm C,-0.006809351034462452,0.1111111119389534,0.12083665281534195,0.7530864197530864,1.7881393432617188e-07,0.32121652364730835,0.41209277510643005,,cfg02_G3_D32,2.171714791969862,cuda
evaluation,3235,1972,Cold,-0.0034033916890621185,0.111111119389534,0.09071424603462219,0.9259259259259259,1.1920928955078125e-07,0.0,0.0,,cfg02_G3_D32,2.171714791969862,cuda
evaluation,3235,1972,Warm A,0.0008191496017389,0.1111111119389534,0.08303752541542053,0.8888888888888888,2.384185791015625e-07,0.24151819944381714,0.7071744799613953,,cfg02_G3_D32,2.171714791969862,cuda
evaluation,3235,1972,Warm B,0.00653839111328125,0.111111119389534,0.09238734841346741,0.8148148148148148,2.384185791015625e-07,0.40593576431274414,0.5703075528144836,,cfg02_G3_D32,2.171714791969862,cuda
evaluation,3235,1972,Warm C,0.0022357520647346973,0.1111110970377922,0.08216167241334915,0.8888888888888888,1.1920928955078125e-07,0.33908385038375854,0.5959725379943848,,cfg02_G3_D32,2.171714791969862,cuda
evaluation,3262,1992,Cold,-0.0027139410376548767,0.1111111119389534,0.09951569139957428,0.8024691358024691,1.1920928955078125e-07,0.0,0.0,,cfg02_G3_D32,2.171714791969862,cuda
evaluation,3262,1992,Warm A,0.0035368476528674364,0.111111119389534,0.0973561480641365,0.7654320987654321,1.1920928955078125e-07,0.23559264838695526,0.6386409401893616,,cfg02_G3_D32,2.171714791969862,cuda
evaluation,3262,1992,Warm B,-0.0015645939856767654,0.1111111119389534,0.09711962938308716,0.8271604938271605,1.1920928955078125e-07,0.23627403378486633,0.6280261278152466,,cfg02_G3_D32,2.171714791969862,cuda
evaluation,3262,1992,Warm C,0.0029425411485135555,0.1111111119389534,0.09821713715791702,0.7654320987654321,1.1920928955078125e-07,0.3179318308830261,0.6196517944335938,,cfg02_G3_D32,2.171714791969862,cuda
evaluation,3266,1996,Cold,-0.0017280468018725514,0.1111111119389534,0.09255316108465195,0.8765432098765432,1.7881393432617188e-07,0.0,0.0,,cfg02_G3_D32,2.171714791969862,cuda
evaluation,3266,1996,Warm A,-0.006222562398761511,0.1111111119389534,0.10656443983316422,0.8024691358024691,1.7881393432617188e-07,0.23932121694087982,0.5734657645225525,,cfg02_G3_D32,2.171714791969862,cuda
evaluation,3266,1996,Warm B,-0.009298092685639858,0.1111111119389534,0.12077844142913818,0.7530864197530864,2.384185791015625e-07,0.3612078130245209,0.39033323526382446,,cfg02_G3_D32,2.171714791969862,cuda
evaluation,3266,1996,Warm C,-0.0071466402150690556,0.1111111119389534,0.10203983634710312,0.8024691358024691,2.384185791015625e-07,0.3090129792690277,0.6417139172554016,,cfg02_G3_D32,2.171714791969862,cuda
evaluation,3268,1998,Cold,-0.0016798221040517092,0.1111111119389534,0.08930410444736481,0.8888888888888888,1.1920928955078125e-07,0.0,0.0,,cfg02_G3_D32,2.171714791969862,cuda
evaluation,3268,1998,Warm A,0.002581873908638954,0.1111110970377922,0.09483993798494339,0.8395061728395061,1.1920928955078125e-07,0.2478383183479309,0.7218530178070068,,cfg02_G3_D32,2.171714791969862,cuda
evaluation,3268,1998,Warm B,0.009319019503891468,0.1111111119389534,0.1107768714427948,0.7654320987654321,1.1920928955078125e-07,0.4185488820075989,0.3248065710067749,,cfg02_G3_D32,2.171714791969862,cuda
evaluation,3268,1998,Warm C,0.013787128031253815,0.1111111119389534,0.12781046330928802,0.6419753086419753,1.7881393432617188e-07,0.6291714310646057,0.21719074249267578,,cfg02_G3_D32,2.171714791969862,cuda
evaluation,3272,2001,Cold,-0.0025617547798901796,0.1111111119389534,0.10138483345508575,0.8024691358024691,1.7881393432617188e-07,0.0,0.0,,cfg02_G3_D32,2.171714791969862,cuda
evaluation,3272,2001,Warm A,0.003338603302836418,0.1111111119389534,0.09721270203590393,0.8024691358024691,1.1920928955078125e-07,0.23746107518672943,0.5211041569709778,,cfg02_G3_D32,2.171714791969862,cuda
evaluation,3272,2001,Warm B,0.002095825970172882,0.111111119389534,0.09551828354597092,0.8024691358024691,1.1920928955078125e-07,0.2795710265636444,0.8099700212478638,,cfg02_G3_D32,2.171714791969862,cuda
evaluation,3272,2001,Warm C,0.006563084200024605,0.1111111119389534,0.10135481506586075,0.7777777777777778,1.1920928955078125e-07,0.39526766538619995,0.5136813521385193,,cfg02_G3_D32,2.171714791969862,cuda
evaluation,3275,2004,Cold,-0.0005749711417593062,0.1111111119389534,0.09957007318735123,0.8518518518518519,2.384185791015625e-07,0.0,0.0,,cfg02_G3_D32,2.171714791969862,cuda
evaluation,3275,2004,Warm A,-0.0008751539280638099,0.1111111119389534,0.10220292955636978,0.8518518518518519,2.384185791015625e-07,0.21358950436115265,0.6221734285354614,,cfg02_G3_D32,2.171714791969862,cuda
evaluation,3275,2004,Warm B,-0.003365627024322748,0.1111111119389534,0.11786775290966034,0.7777777777777778,2.384185791015625e-07,0.33188194036483765,0.5403642058372498,,cfg02_G3_D32,2.171714791969862,cuda
evaluation,3275,2004,Warm C,-0.0009477431303821504,0.111111119389534,0.10850425809621811,0.8271604938271605,1.1920928955078125e-07,0.3609609305858612,0.7432131171226501,,cfg02_G3_D32,2.171714791969862,cuda
evaluation,3286,2006,Cold,-0.0015177872264757752,0.111111119389534,0.10278260707855225,0.8765432098765432,1.1920928955078125e-07,0.0,0.0,,cfg02_G3_D32,2.171714791969862,cuda
evaluation,3286,2006,Warm A,0.002733046654611826,0.1111111119389534,0.10783426463603973,0.7901234567901234,3.5762786865234375e-07,0.24424588680267334,0.5922076106071472,,cfg02_G3_D32,2.171714791969862,cuda
evaluation,3286,2006,Warm B,0.00695928605273366,0.1111111119389534,0.11234750598669052,0.7160493827160493,1.1920928955078125e-07,0.37680351734161377,0.35289594531059265,,cfg02_G3_D32,2.171714791969862,cuda
evaluation,3286,2006,Warm C,0.0089793736115098,0.1111110970377922,0.12150655686855316,0.654320987654321,1.1920928955078125e-07,0.48892852663993835,0.4393090307712555,,cfg02_G3_D32,2.171714791969862,cuda
evaluation,3287,2007,Cold,-0.00030217808671295643,0.1111111119389534,0.09608889371156693,0.8888888888888888,1.1920928955078125e-07,0.0,0.0,,cfg02_G3_D32,2.171714791969862,cuda
evaluation,3287,2007,Warm A,0.0032527134753763676,0.111111119389534,0.10610121488571167,0.7654320987654321,1.1920928955078125e-07,0.241141676902771,0.5448508858680725,,cfg02_G3_D32,2.171714791969862,cuda
evaluation,3287,2007,Warm B,0.005917535163462162,0.1111111119389534,0.11519857496023178,0.7037037037037037,1.1920928955078125e-07,0.386258065700531,0.5892098546028137,,cfg02_G3_D32,2.171714791969862,cuda
evaluation,3287,2007,Warm C,0.0014765389496460557,0.1111111119389534,0.10852912068367004,0.7777777777777778,2.384185791015625e-07,0.40692153573036194,0.6959738731384277,,cfg02_G3_D32,2.171714791969862,cuda
evaluation,3299,2010,Cold,-0.001004038262180984,0.1111111119389534,0.10153765231370926,0.8518518518518519,2.384185791015625e-07,0.0,0.0,,cfg02_G3_D32,2.171714791969862,cuda
evaluation,3299,2010,Warm A,0.002911811228841543,0.1111111119389534,0.10619519650936127,0.8148148148148148,1.1920928955078125e-07,0.24244767427444458,0.517457902431488,,cfg02_G3_D32,2.171714791969862,cuda
evaluation,3299,2010,Warm B,0.0066566988825798035,0.1111111119389534,0.1167391911149025,0.654320987654321,1.1920928955078125e-07,0.3445550203323364,0.5276746153831482,,cfg02_G3_D32,2.171714791969862,cuda
evaluation,3299,2010,Warm C,0.010091111995279789,0.1111111119389534,0.1277846395969391,0.6296296296296297,1.7881393432617188e-07,0.49144884943962097,0.3236699104309082,,cfg02_G3_D32,2.171714791969862,cuda
evaluation,3310,2015,Cold,-0.005139555316418409,0.1111111119389534,0.1410788744688034,0.6172839506172839,1.1920928955078125e-07,0.0,0.0,,cfg02_G3_D32,2.171714791969862,cuda
evaluation,3310,2015,Warm A,-0.00785528402775526,0.1111111119389534,0.14891417324543,0.5679012345679012,2.384185791015625e-07,0.2203483134508133,0.49037525057792664,,cfg02_G3_D32,2.171714791969862,cuda
evaluation,3310,2015,Warm B,-0.005812601651996374,0.1111110970377922,0.1425781548023224,0.6049382716049383,1.7881393432617188e-07,0.24972516298294067,0.5477257966995239,,cfg02_G3_D32,2.171714791969862,cuda
evaluation,3310,2015,Warm C,-0.00464998371899128,0.1111111119389534,0.13948580622673035,0.6296296296296297,1.1920928955078125e-07,0.3604116141796112,0.7546688914299011,,cfg02_G3_D32,2.171714791969862,cuda
evaluation,3324,2018,Cold,-0.001159980776719749,0.1111111119389534,0.10402525216341019,0.8765432098765432,2.384185791015625e-07,0.0,0.0,,cfg02_G3_D32,2.171714791969862,cuda
evaluation,3324,2018,Warm A,0.0015416030073538423,0.1111111119389534,0.1091703325510025,0.7777777777777778,5.960464477539063e-08,0.2408682256937027,0.6726655960083008,,cfg02_G3_D32,2.171714791969862,cuda
evaluation,3324,2018,Warm B,0.005950768478214741,0.1111111119389534,0.11774003505706787,0.654320987654321,1.1920928955078125e-07,0.42646247148513794,0.5536590218544006,,cfg02_G3_D32,2.171714791969862,cuda
evaluation,3324,2018,Warm C,0.003627127967774868,0.1111111119389534,0.11684952676296234,0.7037037037037037,1.7881393432617188e-07,0.4414079189300537,0.5374369621276855,,cfg02_G3_D32,2.171714791969862,cuda
evaluation,3325,2019,Cold,-0.0023466143757104874,0.1111111119389534,0.1100228875875473,0.8024691358024691,1.1920928955078125e-07,0.0,0.0,,cfg02_G3_D32,2.171714791969862,cuda
evaluation,3325,2019,Warm A,0.0027009639889001846,0.1111111119389534,0.10767558217048645,0.7777777777777778,3.5762786865234375e-07,0.24635103344917297,0.5578643679618835,,cfg02_G3_D32,2.171714791969862,cuda
evaluation,3325,2019,Warm B,0.007765254937112331,0.1111110970377922,0.11485714465379715,0.7283950617283951,2.384185791015625e-07,0.4090278744697571,0.38671788573265076,,cfg02_G3_D32,2.171714791969862,cuda
evaluation,3325,2019,Warm C,0.010484370402991772,0.1111111119389534,0.12302371859550476,0.654320987654321,1.1920928955078125e-07,0.47683650255203247,0.4679892659187317,,cfg02_G3_D32,2.171714791969862,cuda
evaluation,3326,2020,Cold,0.00059512973530218,0.1111111119389534,0.09116256237030029,0.8888888888888888,2.384185791015625e-07,0.0,0.0,,cfg02_G3_D32,2.171714791969862,cuda
evaluation,3326,2020,Warm A,0.0038331481628119946,0.1111111119389534,0.10296976566314697,0.7777777777777778,2.384185791015625e-07,0.2282060980796814,0.5506899356842041,,cfg02_G3_D32,2.171714791969862,cuda
evaluation,3326,2020,Warm B,0.0036799348890781403,0.1111111119389534,0.10065152496099472,0.8271604938271605,2.384185791015625e-07,0.3017982840538025,0.6197566390037537,,cfg02_G3_D32,2.171714791969862,cuda
evaluation,3326,2020,Warm C,0.007590366527438164,0.1111111119389534,0.11550865322351456,0.7407407407407407,1.1920928955078125e-07,0.41863104701042175,0.47013360261917114,,cfg02_G3_D32,2.171714791969862,cuda
evaluation,3327,2021,Cold,-0.002478591864928603,0.111111119389534,0.10826534032821655,0.7901234567901234,2.384185791015625e-07,0.0,0.0,,cfg02_G3_D32,2.171714791969862,cuda
evaluation,3327,2021,Warm A,-0.006411365699023008,0.1111111119389534,0.12247950583696365,0.7777777777777778,2.384185791015625e-07,0.22719581425189972,0.7382903695106506,,cfg02_G3_D32,2.171714791969862,cuda
evaluation,3327,2021,Warm B,-0.0034242416732013226,0.1111111119389534,0.11093247681856155,0.8024691358024691,1.1920928955078125e-07,0.22455590963363647,0.5385754704475403,,cfg02_G3_D32,2.171714791969862,cuda
evaluation,3327,2021,Warm C,-0.0036963324528187513,0.1111111119389534,0.10961009562015533,0.7777777777777778,1.1920928955078125e-07,0.33940961956977844,0.594849169254303,,cfg02_G3_D32,2.171714791969862,cuda
evaluation,3330,2023,Cold,-0.005476663820445538,0.1111111119389534,0.12862396240234375,0.7160493827160493,2.384185791015625e-07,0.0,0.0,,cfg02_G3_D32,2.171714791969862,cuda
evaluation,3330,2023,Warm A,-0.002013314049690962,0.1111111119389534,0.11805014312267303,0.7777777777777778,2.384185791015625e-07,0.2354256808757782,0.6122126579284668,,cfg02_G3_D32,2.171714791969862,cuda
evaluation,3330,2023,Warm B,0.0006232694140635431,0.1111111119389534,0.11471811681985855,0.7530864197530864,2.384185791015625e-07,0.39685308933258057,0.5301641821861267,,cfg02_G3_D32,2.171714791969862,cuda
evaluation,3330,2023,Warm C,-0.002824984258040786,0.1111111119389534,0.12755219638347626,0.7160493827160493,2.384185791015625e-07,0.4578179121017456,0.6997889876365662,,cfg02_G3_D32,2.171714791969862,cuda
evaluation,3340,2025,Cold,-0.004190452862530947,0.1111111119389534,0.10063204169273376,0.8518518518518519,1.1920928955078125e-07,0.0,0.0,,cfg02_G3_D32,2.171714791969862,cuda
evaluation,3340,2025,Warm A,-0.0005987861659377813,0.1111110970377922,0.09367483109235764,0.8518518518518519,1.7881393432617188e-07,0.23688197135925293,0.6213330030441284,,cfg02_G3_D32,2.171714791969862,cuda
evaluation,3340,2025,Warm B,-0.0036591901443898678,0.1111111119389534,0.10329770296812057,0.8395061728395061,2.384185791015625e-07,0.25730520486831665,0.5687465071678162,,cfg02_G3_D32,2.171714791969862,cuda
evaluation,3340,2025,Warm C,0.00041124416748061776,0.1111111119389534,0.09694064408540726,0.8395061728395061,2.384185791015625e-07,0.3791874647140503,0.5893353223800659,,cfg02_G3_D32,2.171714791969862,cuda
evaluation,3341,2026,Cold,-0.004693152382969856,0.1111111119389534,0.12095803022384644,0.7654320987654321,1.1920928955078125e-07,0.0,0.0,,cfg02_G3_D32,2.171714791969862,cuda
evaluation,3341,2026,Warm A,-0.0062701040878891945,0.1111111119389534,0.1325010508298874,0.6666666666666666,2.384185791015625e-07,0.2318519949913025,0.3285991847515106,,cfg02_G3_D32,2.171714791969862,cuda
evaluation,3341,2026,Warm B,-0.004771524108946323,0.1111111119389534,0.12296191602945328,0.7283950617283951,2.384185791015625e-07,0.3097721338272095,0.5796223282814026,,cfg02_G3_D32,2.171714791969862,cuda
evaluation,3341,2026,Warm C,-0.007250379770994186,0.111111119389534,0.135115846991539,0.6419753086419753,1.7881393432617188e-07,0.39477798342704773,0.35670164227485657,,cfg02_G3_D32,2.171714791969862,cuda
evaluation,3350,2029,Cold,-0.005615236237645149,0.1111111119389534,0.12991131842136383,0.691358024691358,1.1920928955078125e-07,0.0,0.0,,cfg02_G3_D32,2.171714791969862,cuda
evaluation,3350,2029,Warm A,-0.009445682168006897,0.1111111119389534,0.1391221582889557,0.6296296296296297,1.1920928955078125e-07,0.2387533187866211,0.38553881645202637,,cfg02_G3_D32,2.171714791969862,cuda
evaluation,3350,2029,Warm B,-0.006242737174034119,0.1111111119389534,0.12783265113830566,0.6790123456790124,2.384185791015625e-07,0.2961815893650055,0.4911928176879883,,cfg02_G3_D32,2.171714791969862,cuda
evaluation,3350,2029,Warm C,-0.008692951872944832,0.1111111119389534,0.13900507986545563,0.6172839506172839,2.384185791015625e-07,0.39472538232803345,0.3659360706806183,,cfg02_G3_D32,2.171714791969862,cuda
evaluation,3357,2032,Cold,-0.0009719855152070522,0.1111111119389534,0.09850403666496277,0.8641975308641975,1.1920928955078125e-07,0.0,0.0,,cfg02_G3_D32,2.171714791969862,cuda
evaluation,3357,2032,Warm A,-0.005310093052685261,0.1111111119389534,0.112364262342453,0.8271604938271605,2.384185791015625e-07,0.24573487043380737,0.5555534958839417,,cfg02_G3_D32,2.171714791969862,cuda
evaluation,3357,2032,Warm B,-0.002905525267124176,0.1111111119389534,0.10408587008714676,0.8271604938271605,2.384185791015625e-07,0.3446304500102997,0.6721727252006531,,cfg02_G3_D32,2.171714791969862,cuda
evaluation,3357,2032,Warm C,-0.0068109831772744656,0.111111119389534,0.11872483044862747,0.8271604938271605,1.1920928955078125e-07,0.4631005823612213,0.5033447742462158,,cfg02_G3_D32,2.171714791969862,cuda
evaluation,3364,2039,Cold,-0.00549340108409524,0.1111111119389534,0.1339220106601715,0.6666666666666666,2.384185791015625e-07,0.0,0.0,,cfg02_G3_D32,2.171714791969862,cuda
evaluation,3364,2039,Warm A,-0.002322489395737648,0.1111111119389534,0.12111102789640427,0.691358024691358,1.1920928955078125e-07,0.2320583164691925,0.6441670656204224,,cfg02_G3_D32,2.171714791969862,cuda
evaluation,3364,2039,Warm B,-0.005439122673124075,0.1111111119389534,0.12715186178684235,0.6419753086419753,2.384185791015625e-07,0.3514856994152069,0.5379418730735779,,cfg02_G3_D32,2.171714791969862,cuda
evaluation,3364,2039,Warm C,-0.004604911897331476,0.1111111119389534,0.11841481178998947,0.6666666666666666,2.384185791015625e-07,0.5241345167160034,0.7515093088150024,,cfg02_G3_D32,2.171714791969862,cuda
evaluation,3368,2042,Cold,-0.0043456475250422955,0.1111111119389534,0.11329832673072815,0.8148148148148148,1.1920928955078125e-07,0.0,0.0,,cfg02_G3_D32,2.171714791969862,cuda
evaluation,3368,2042,Warm A,-0.005712028127163649,0.1111111119389534,0.11686889827251434,0.7777777777777778,1.1920928955078125e-07,0.25384286046028137,0.36643072962760925,,cfg02_G3_D32,2.171714791969862,cuda
evaluation,3368,2042,Warm B,-0.0028906292282044888,0.1111110970377922,0.10434563457965851,0.7654320987654321,1.1920928955078125e-07,0.3600699305534363,0.5747832655906677,,cfg02_G3_D32,2.171714791969862,cuda
evaluation,3368,2042,Warm C,-0.003790725488215685,0.11111113429069519,0.10934671014547348,0.7530864197530864,3.5762786865234375e-07,0.4718700349330902,0.4651668965816498,,cfg02_G3_D32,2.171714791969862,cuda
evaluation,3370,2043,Cold,-0.0034811680670827627,0.1111111119389534,0.10292483121156693,0.8024691358024691,1.1920928955078125e-07,0.0,0.0,,cfg02_G3_D32,2.171714791969862,cuda
evaluation,3370,2043,Warm A,0.002510007005184889,0.1111111119389534,0.09629952907562256,0.7901234567901234,1.1920928955078125e-07,0.22916407883167267,0.4448394477367401,,cfg02_G3_D32,2.171714791969862,cuda
evaluation,3370,2043,Warm B,0.005851322785019875,0.1111111119389534,0.09990056604146957,0.7530864197530864,1.1920928955078125e-07,0.32495948672294617,0.6446154713630676,,cfg02_G3_D32,2.171714791969862,cuda
evaluation,3370,2043,Warm C,0.0013953361194580793,0.1111111119389534,0.09704090654850006,0.8148148148148148,1.1920928955078125e-07,0.3651179373264313,0.4840156137943268,,cfg02_G3_D32,2.171714791969862,cuda
evaluation,3375,2044,Cold,-0.0038673067465424538,0.1111111119389534,0.10608760267496109,0.8271604938271605,1.1920928955078125e-07,0.0,0.0,,cfg02_G3_D32,2.171714791969862,cuda
evaluation,3375,2044,Warm A,-0.00035538728116080165,0.1111111119389534,0.0978650450706482,0.7901234567901234,1.1920928955078125e-07,0.2484210580587387,0.5435946583747864,,cfg02_G3_D32,2.171714791969862,cuda
evaluation,3375,2044,Warm B,-0.0014379163039848208,0.111111119389534,0.09696229547262192,0.8148148148148148,1.1920928955078125e-07,0.32578912377357483,0.7115757465362549,,cfg02_G3_D32,2.171714791969862,cuda
evaluation,3375,2044,Warm C,0.003148429561406374,0.1111111119389534,0.09744612127542496,0.7901234567901234,1.1920928955078125e-07,0.3548106849193573,0.6789709329605103,,cfg02_G3_D32,2.171714791969862,cuda
evaluation,3379,2045,Cold,-0.004889217205345631,0.1111111119389534,0.12461023777723312,0.7530864197530864,2.384185791015625e-07,0.0,0.0,,cfg02_G3_D32,2.171714791969862,cuda
evaluation,3379,2045,Warm A,-0.0006466201739385724,0.1111111119389534,0.1127365231513977,0.7530864197530864,1.7881393432617188e-07,0.22977043688297272,0.5635613203048706,,cfg02_G3_D32,2.171714791969862,cuda
evaluation,3379,2045,Warm B,-0.004325926769524813,0.111111119389534,0.1254338026046753,0.7037037037037037,2.384185791015625e-07,0.3071023225784302,0.6781659126281738,,cfg02_G3_D32,2.171714791969862,cuda
evaluation,3379,2045,Warm C,-0.005136494059115648,0.1111111119389534,0.12849849462509155,0.691358024691358,2.384185791015625e-07,0.40059763193130493,0.5786301493644714,,cfg02_G3_D32,2.171714791969862,cuda
evaluation,3385,2047,Cold,-0.00293761701323092,0.1111111119389534,0.09040513634681702,0.9135802469135802,1.1920928955078125e-07,0.0,0.0,,cfg02_G3_D32,2.171714791969862,cuda
evaluation,3385,2047,Warm A,0.001536528579890728,0.111111119389534,0.0868082195520401,0.8641975308641975,2.384185791015625e-07,0.23990727961063385,0.6533806324005127,,cfg02_G3_D32,2.171714791969862,cuda
evaluation,3385,2047,Warm B,0.006969233974814415,0.1111111119389534,0.10030904412269592,0.7777777777777778,2.384185791015625e-07,0.4392109811306,0.3951382637023926,,cfg02_G3_D32,2.171714791969862,cuda
evaluation,3385,2047,Warm C,0.01063447818160057,0.1111111119389534,0.11476188153028488,0.7283950617283951,1.1920928955078125e-07,0.6366203427314758,0.5353767275810242,,cfg02_G3_D32,2.171714791969862,cuda
evaluation,3387,2049,Cold,-0.0023080783430486917,0.1111111119389534,0.08764056861400604,0.9382716049382716,3.5762786865234375e-07,0.0,0.0,,cfg02_G3_D32,2.171714791969862,cuda
evaluation,3387,2049,Warm A,0.0029724719934165478,0.1111111119389534,0.08750934898853302,0.8888888888888888,1.7881393432617188e-07,0.23839795589447021,0.5395395159721375,,cfg02_G3_D32,2.171714791969862,cuda
evaluation,3387,2049,Warm B,0.00713239936158061,0.1111111119389534,0.10247877985239029,0.8024691358024691,1.1920928955078125e-07,0.42524316906929016,0.45167842507362366,,cfg02_G3_D32,2.171714791969862,cuda
evaluation,3387,2049,Warm C,0.010150008834898472,0.1111111119389534,0.11128827929496765,0.7283950617283951,1.1920928955078125e-07,0.4768770933151245,0.419699102640152,,cfg02_G3_D32,2.171714791969862,cuda
evaluation,3391,2051,Cold,-0.0016119673382490873,0.111111119389534,0.08106031268835068,0.9259259259259259,2.384185791015625e-07,0.0,0.0,,cfg02_G3_D32,2.171714791969862,cuda
evaluation,3391,2051,Warm A,0.0025654619093984365,0.1111111119389534,0.0873611569404602,0.8888888888888888,1.7881393432617188e-07,0.23289114236831665,0.5718209743499756,,cfg02_G3_D32,2.171714791969862,cuda
evaluation,3391,2051,Warm B,0.006890948861837387,0.1111111119389534,0.10547792166471481,0.7777777777777778,1.1920928955078125e-07,0.4042847752571106,0.35358089208602905,,cfg02_G3_D32,2.171714791969862,cuda
evaluation,3391,2051,Warm C,0.012034404091536999,0.1111111119389534,0.12308190017938614,0.6666666666666666,2.384185791015625e-07,0.6008438467979431,0.43529948592185974,,cfg02_G3_D32,2.171714791969862,cuda
evaluation,3392,2052,Cold,-0.0007361936150118709,0.1111111119389534,0.07869535684585571,0.9506172839506173,1.1920928955078125e-07,0.0,0.0,,cfg02_G3_D32,2.171714791969862,cuda
evaluation,3392,2052,Warm A,0.003050341038033366,0.1111111119389534,0.0902893915772438,0.8888888888888888,2.384185791015625e-07,0.24337728321552277,0.43460169434547424,,cfg02_G3_D32,2.171714791969862,cuda
evaluation,3392,2052,Warm B,0.0044936020858585835,0.1111111119389534,0.11283624172210693,0.7283950617283951,1.7881393432617188e-07,0.40992268919944763,0.3457045257091522,,cfg02_G3_D32,2.171714791969862,cuda
evaluation,3392,2052,Warm C,0.009343699552118778,0.1111111119389534,0.13246680796146393,0.6419753086419753,1.7881393432617188e-07,0.5875694751739502,0.1425096094608307,,cfg02_G3_D32,2.171714791969862,cuda
evaluation,3399,2057,Cold,-0.0007621531840413809,0.111111119389534,0.07203692197799683,0.9506172839506173,1.1920928955078125e-07,0.0,0.0,,cfg02_G3_D32,2.171714791969862,cuda
evaluation,3399,2057,Warm A,0.0021797390654683113,0.1111111119389534,0.08394919335842133,0.9135802469135802,2.384185791015625e-07,0.2275117039680481,0.5342993140220642,,cfg02_G3_D32,2.171714791969862,cuda
evaluation,3399,2057,Warm B,0.0030003422871232033,0.111111119389534,0.09093786031007767,0.8765432098765432,1.1920928955078125e-07,0.40086913108825684,0.42196008563041687,,cfg02_G3_D32,2.171714791969862,cuda
evaluation,3399,2057,Warm C,0.0015273693716153502,0.1111111119389534,0.07816664129495621,0.9135802469135802,1.1920928955078125e-07,0.4631195366382599,0.6106355786323547,,cfg02_G3_D32,2.171714791969862,cuda
evaluation,3401,2058,Cold,-0.0012042517773807049,0.1111111119389534,0.07338136434555054,0.9506172839506173,2.384185791015625e-07,0.0,0.0,,cfg02_G3_D32,2.171714791969862,cuda
evaluation,3401,2058,Warm A,0.0026729560922831297,0.1111110970377922,0.08314913511276245,0.8888888888888888,1.1920928955078125e-07,0.24754202365875244,0.5542735457420349,,cfg02_G3_D32,2.171714791969862,cuda
evaluation,3401,2058,Warm B,0.005623507779091597,0.1111110970377922,0.10709850490093231,0.7901234567901234,1.7881393432617188e-07,0.4497039020061493,0.2151612788438797,,cfg02_G3_D32,2.171714791969862,cuda
evaluation,3401,2058,Warm C,0.009249983355402946,0.1111110970377922,0.1265593320131302,0.6790123456790124,2.384185791015625e-07,0.6052019596099854,0.31366440653800964,,cfg02_G3_D32,2.171714791969862,cuda
evaluation,3405,2060,Cold,-0.0049345605075359344,0.1111110970377922,0.11912869662046432,0.7777777777777778,1.1920928955078125e-07,0.0,0.0,,cfg02_G3_D32,2.171714791969862,cuda
evaluation,3405,2060,Warm A,-0.0010998632060363889,0.1111111119389534,0.10830708593130112,0.7777777777777778,1.1920928955078125e-07,0.23457647860050201,0.5979641079902649,,cfg02_G3_D32,2.171714791969862,cuda
evaluation,3405,2060,Warm B,0.0045204367488622665,0.1111110970377922,0.10337463021278381,0.7654320987654321,1.1920928955078125e-07,0.28428226709365845,0.5629116296768188,,cfg02_G3_D32,2.171714791969862,cuda
evaluation,3405,2060,Warm C,0.0005154932150617242,0.1111111119389534,0.10903757810592651,0.7901234567901234,1.7881393432617188e-07,0.352759450674057,0.6426176428794861,,cfg02_G3_D32,2.171714791969862,cuda
evaluation,3406,2061,Cold,-0.005007609259337187,0.1111111119389534,0.1225045844912529,0.7654320987654321,1.7881393432617188e-07,0.0,0.0,,cfg02_G3_D32,2.171714791969862,cuda
evaluation,3406,2061,Warm A,-0.0029031012672930956,0.111111119389534,0.11581685394048691,0.7407407407407407,1.1920928955078125e-07,0.23770715296268463,0.4643455445766449,,cfg02_G3_D32,2.171714791969862,cuda
evaluation,3406,2061,Warm B,-0.005141859408468008,0.111111119389534,0.12500867247581482,0.7160493827160493,2.384185791015625e-07,0.2740899622440338,0.5367364883422852,,cfg02_G3_D32,2.171714791969862,cuda
evaluation,3406,2061,Warm C,-0.0018242100486531854,0.1111111119389534,0.1124904602766037,0.7654320987654321,1.1920928955078125e-07,0.30875760316848755,0.7019941210746765,,cfg02_G3_D32,2.171714791969862,cuda
evaluation,3412,2064,Cold,0.0007176528451964259,0.1111111119389534,0.07453393936157227,0.9382716049382716,1.1920928955078125e-07,0.0,0.0,,cfg02_G3_D32,2.171714791969862,cuda
evaluation,3412,2064,Warm A,-0.0027420336846262217,0.1111111119389534,0.07831170409917831,0.9382716049382716,1.1920928955078125e-07,0.24341444671154022,0.6717813611030579,,cfg02_G3_D32,2.171714791969862,cuda
evaluation,3412,2064,Warm B,0.001250800909474492,0.1111110970377922,0.07041153311729431,0.9382716049382716,1.1920928955078125e-07,0.22340035438537598,0.6066363453865051,,cfg02_G3_D32,2.171714791969862,cuda
evaluation,3412,2064,Warm C,-0.0019933651201426983,0.111111119389534,0.06981057673692703,0.9382716049382716,1.1920928955078125e-07,0.2892912030220032,0.5355240702629089,,cfg02_G3_D32,2.171714791969862,cuda
evaluation,3417,2065,Cold,-0.004653419833630323,0.1111110970377922,0.11498146504163742,0.7901234567901234,2.384185791015625e-07,0.0,0.0,,cfg02_G3_D32,2.171714791969862,cuda
evaluation,3417,2065,Warm A,-0.0014535444788634777,0.1111110970377922,0.10510454326868057,0.7901234567901234,1.1920928955078125e-07,0.24956963956356049,0.7764747142791748,,cfg02_G3_D32,2.171714791969862,cuda
evaluation,3417,2065,Warm B,0.0005099831032566726,0.1111110970377922,0.10388541966676712,0.8271604938271605,1.7881393432617188e-07,0.383482962846756,0.6564337015151978,,cfg02_G3_D32,2.171714791969862,cuda
evaluation,3417,2065,Warm C,-0.0018731951713562012,0.1111111119389534,0.11511340737342834,0.8024691358024691,2.384185791015625e-07,0.3362371623516083,0.48916172981262207,,cfg02_G3_D32,2.171714791969862,cuda
evaluation,3420,2067,Cold,-0.004330098628997803,0.111111119389534,0.10776387155056,0.8395061728395061,1.1920928955078125e-07,0.0,0.0,,cfg02_G3_D32,2.171714791969862,cuda
evaluation,3420,2067,Warm A,-0.004329348914325237,0.1111111119389534,0.10736993700265884,0.8518518518518519,1.1920928955078125e-07,0.24372383952140808,0.5644400715827942,,cfg02_G3_D32,2.171714791969862,cuda
evaluation,3420,2067,Warm B,0.0011476477375254035,0.1111111119389534,0.0965973362326622,0.8641975308641975,2.384185791015625e-07,0.32528674602508545,0.6234936714172363,,cfg02_G3_D32,2.171714791969862,cuda
evaluation,3420,2067,Warm C,-0.0030005834996700287,0.1111111119389534,0.11002770066261292,0.8271604938271605,2.384185791015625e-07,0.438673198223114,0.6295630931854248,,cfg02_G3_D32,2.171714791969862,cuda
evaluation,3423,2070,Cold,-0.0031326126772910357,0.111111119389534,0.09864258021116257,0.8395061728395061,1.1920928955078125e-07,0.0,0.0,,cfg02_G3_D32,2.171714791969862,cuda
evaluation,3423,2070,Warm A,0.0030543117318302393,0.1111111119389534,0.09298450499773026,0.8271604938271605,2.384185791015625e-07,0.24778220057487488,0.7226355671882629,,cfg02_G3_D32,2.171714791969862,cuda
evaluation,3423,2070,Warm B,0.007901421748101711,0.111111119389534,0.10350915044546127,0.7654320987654321,1.1920928955078125e-07,0.4132445752620697,0.442685604095459,,cfg02_G3_D32,2.171714791969862,cuda
evaluation,3423,2070,Warm C,0.0026242348831146955,0.1111111119389534,0.09142319858074188,0.8148148148148148,2.384185791015625e-07,0.4630706012248993,0.38102060556411743,,cfg02_G3_D32,2.171714791969862,cuda
evaluation,3425,2072,Cold,-0.0033342705573886633,0.1111111119389534,0.10335962474346161,0.8024691358024691,2.384185791015625e-07,0.0,0.0,,cfg02_G3_D32,2.171714791969862,cuda
evaluation,3425,2072,Warm A,0.0022101663053035736,0.111111119389534,0.09816261380910873,0.7777777777777778,1.7881393432617188e-07,0.2315305918455124,0.688785195350647,,cfg02_G3_D32,2.171714791969862,cuda
evaluation,3425,2072,Warm B,0.0030847869347780943,0.1111111119389534,0.10087403655052185,0.7654320987654321,1.1920928955078125e-07,0.36779308319091797,0.609220027923584,,cfg02_G3_D32,2.171714791969862,cuda
evaluation,3425,2072,Warm C,0.007929734885692596,0.1111111119389534,0.10423433780670166,0.7160493827160493,1.1920928955078125e-07,0.43150031566619873,0.3983292579650879,,cfg02_G3_D32,2.171714791969862,cuda
evaluation,3427,2074,Cold,-0.004770065192133188,0.1111111119389534,0.11493413895368576,0.8271604938271605,2.384185791015625e-07,0.0,0.0,,cfg02_G3_D32,2.171714791969862,cuda
evaluation,3427,2074,Warm A,0.0013385196216404438,0.111111119389534,0.10286087542772293,0.8148148148148148,2.384185791015625e-07,0.24892479181289673,0.6944361925125122,,cfg02_G3_D32,2.171714791969862,cuda
evaluation,3427,2074,Warm B,-0.002877308987081051,0.1111111119389534,0.11163315922021866,0.8395061728395061,2.384185791015625e-07,0.278148889541626,0.581089437007904,,cfg02_G3_D32,2.171714791969862,cuda
evaluation,3427,2074,Warm C,0.002368281362578273,0.1111110970377922,0.10012494027614594,0.7777777777777778,2.980232238769531e-07,0.38452062010765076,0.5944675803184509,,cfg02_G3_D32,2.171714791969862,cuda
evaluation,3431,2077,Cold,-0.00028212377219460905,0.1111110970377922,0.07902639359235764,0.9135802469135802,1.1920928955078125e-07,0.0,0.0,,cfg02_G3_D32,2.171714791969862,cuda
evaluation,3431,2077,Warm A,0.004691548179835081,0.1111111119389534,0.09289314597845078,0.8641975308641975,1.7881393432617188e-07,0.24482566118240356,0.47280770540237427,,cfg02_G3_D32,2.171714791969862,cuda
evaluation,3431,2077,Warm B,0.004603953566402197,0.1111111119389534,0.09491411596536636,0.8148148148148148,1.1920928955078125e-07,0.31663596630096436,0.4845277965068817,,cfg02_G3_D32,2.171714791969862,cuda
evaluation,3431,2077,Warm C,0.007534049917012453,0.1111111119389534,0.11108782887458801,0.7283950617283951,1.1920928955078125e-07,0.4482206106185913,0.5354651808738708,,cfg02_G3_D32,2.171714791969862,cuda
evaluation,3432,2078,Cold,8.752362191444263e-06,0.111111119389534,0.07894738018512726,0.9259259259259259,1.1920928955078125e-07,0.0,0.0,,cfg02_G3_D32,2.171714791969862,cuda
evaluation,3432,2078,Warm A,0.004039825405925512,0.1111110970377922,0.09493754804134369,0.8518518518518519,2.384185791015625e-07,0.24904218316078186,0.4185531735420227,,cfg02_G3_D32,2.171714791969862,cuda
evaluation,3432,2078,Warm B,0.007177252788096666,0.1111110970377922,0.11286671459674835,0.7283950617283951,1.1920928955078125e-07,0.36465251445770264,0.5685993432998657,,cfg02_G3_D32,2.171714791969862,cuda
evaluation,3432,2078,Warm C,0.010999723337590694,0.111111119389534,0.1327938735485077,0.6790123456790124,2.384185791015625e-07,0.499552458524704,0.1832869052886963,,cfg02_G3_D32,2.171714791969862,cuda
evaluation,3436,2080,Cold,-0.0030385262798517942,0.111111119389534,0.09727369248867035,0.8395061728395061,1.1920928955078125e-07,0.0,0.0,,cfg02_G3_D32,2.171714791969862,cuda
evaluation,3436,2080,Warm A,0.0007893547881394625,0.1111111119389534,0.09390326589345932,0.8518518518518519,1.1920928955078125e-07,0.23624412715435028,0.6055368781089783,,cfg02_G3_D32,2.171714791969862,cuda
evaluation,3436,2080,Warm B,0.0056523471139371395,0.1111111119389534,0.10661105066537857,0.7407407407407407,1.7881393432617188e-07,0.3705075979232788,0.30095601081848145,,cfg02_G3_D32,2.171714791969862,cuda
evaluation,3436,2080,Warm C,0.008010120131075382,0.1111111119389534,0.11748586595058441,0.7037037037037037,5.960464477539063e-08,0.4428747892379761,0.5878438353538513,,cfg02_G3_D32,2.171714791969862,cuda
evaluation,3440,2083,Cold,0.0037321411073207855,0.1111111119389534,0.0817258283495903,0.9012345679012346,1.7881393432617188e-07,0.0,0.0,,cfg02_G3_D32,2.171714791969862,cuda
evaluation,3440,2083,Warm A,0.007329562678933144,0.1111111119389534,0.10435751080513,0.8024691358024691,1.1920928955078125e-07,0.24726639688014984,0.3550766706466675,,cfg02_G3_D32,2.171714791969862,cuda
evaluation,3440,2083,Warm B,0.011167068965733051,0.1111111119389534,0.12940610945224762,0.6666666666666666,1.1920928955078125e-07,0.4047410786151886,0.16829632222652435,,cfg02_G3_D32,2.171714791969862,cuda
evaluation,3440,2083,Warm C,0.013965656980872154,0.111111119389534,0.14338678121566772,0.6049382716049383,2.384185791015625e-07,0.4535652995109558,0.17583373188972473,,cfg02_G3_D32,2.171714791969862,cuda
evaluation,3445,2086,Cold,-0.002905666595324874,0.111111119389534,0.09577678889036179,0.8518518518518519,2.384185791015625e-07,0.0,0.0,,cfg02_G3_D32,2.171714791969862,cuda
evaluation,3445,2086,Warm A,0.0025192908942699432,0.111111119389534,0.0949212908744812,0.8024691358024691,2.384185791015625e-07,0.244219109416008,0.5262359976768494,,cfg02_G3_D32,2.171714791969862,cuda
evaluation,3445,2086,Warm B,0.002065203385427594,0.1111111119389534,0.09604046493768692,0.7777777777777778,2.384185791015625e-07,0.3762463331222534,0.5006168484687805,,cfg02_G3_D32,2.171714791969862,cuda
evaluation,3445,2086,Warm C,0.005174342077225447,0.111111119389534,0.09731117635965347,0.7654320987654321,2.384185791015625e-07,0.43788427114486694,0.6863939166069031,,cfg02_G3_D32,2.171714791969862,cuda
evaluation,3447,2087,Cold,-0.005581602454185486,0.1111110970377922,0.14211119711399078,0.5802469135802469,1.1920928955078125e-07,0.0,0.0,,cfg02_G3_D32,2.171714791969862,cuda
evaluation,3447,2087,Warm A,-0.004482901655137539,0.1111111119389534,0.1344980001449585,0.6172839506172839,2.384185791015625e-07,0.2522994577884674,0.7200787663459778,,cfg02_G3_D32,2.171714791969862,cuda
evaluation,3447,2087,Warm B,-0.0017339035402983427,0.1111111119389534,0.12786686420440674,0.654320987654321,1.1920928955078125e-07,0.3600122332572937,0.44263479113578796,,cfg02_G3_D32,2.171714791969862,cuda
evaluation,3447,2087,Warm C,-0.0029065213166177273,0.1111111119389534,0.13499030470848083,0.6419753086419753,1.1920928955078125e-07,0.31575319170951843,0.5727089047431946,,cfg02_G3_D32,2.171714791969862,cuda
evaluation,3453,2092,Cold,0.0005315984017215669,0.1111111119389534,0.09231902658939362,0.8641975308641975,2.384185791015625e-07,0.0,0.0,,cfg02_G3_D32,2.171714791969862,cuda
evaluation,3453,2092,Warm A,0.004515743348747492,0.1111110970377922,0.10488187521696091,0.7901234567901234,1.1920928955078125e-07,0.24301885068416595,0.49642497301101685,,cfg02_G3_D32,2.171714791969862,cuda
evaluation,3453,2092,Warm B,0.008121790364384651,0.111111119389534,0.11897893249988556,0.6790123456790124,1.1920928955078125e-07,0.3753959536552429,0.3873939514160156,,cfg02_G3_D32,2.171714791969862,cuda
evaluation,3453,2092,Warm C,0.007285241037607193,0.1111111119389534,0.1124725341796875,0.7407407407407407,1.1920928955078125e-07,0.44622567296028137,0.5206217765808105,,cfg02_G3_D32,2.171714791969862,cuda
evaluation,3456,2093,Cold,-0.002677789656445384,0.1111111119389534,0.11065467447042465,0.8024691358024691,2.384185791015625e-07,0.0,0.0,,cfg02_G3_D32,2.171714791969862,cuda
evaluation,3456,2093,Warm A,-0.005336242727935314,0.1111110970377922,0.12235681712627411,0.7407407407407407,1.1920928955078125e-07,0.2392745018005371,0.5834040641784668,,cfg02_G3_D32,2.171714791969862,cuda
evaluation,3456,2093,Warm B,-0.006261250004172325,0.1111111119389534,0.1328149437904358,0.7160493827160493,2.384185791015625e-07,0.37851136922836304,0.6442395448684692,,cfg02_G3_D32,2.171714791969862,cuda
evaluation,3456,2093,Warm C,-0.0023731840774416924,0.111111119389534,0.11769384145736694,0.7654320987654321,2.384185791015625e-07,0.330201119184494,0.5802044868469238,,cfg02_G3_D32,2.171714791969862,cuda
evaluation,3457,2094,Cold,-0.003066855715587735,0.1111111119389534,0.11332641541957855,0.7901234567901234,1.7881393432617188e-07,0.0,0.0,,cfg02_G3_D32,2.171714791969862,cuda
evaluation,3457,2094,Warm A,0.0017312588170170784,0.11111108958721161,0.10766032338142395,0.8148148148148148,2.384185791015625e-07,0.2418118715286255,0.5972077250480652,,cfg02_G3_D32,2.171714791969862,cuda
evaluation,3457,2094,Warm B,-0.0016325113829225302,0.1111111119389534,0.11567707359790802,0.8024691358024691,1.1920928955078125e-07,0.3696901500225067,0.8042230606079102,,cfg02_G3_D32,2.171714791969862,cuda
evaluation,3457,2094,Warm C,-0.0005666979122906923,0.1111111119389534,0.11788437515497208,0.7654320987654321,2.384185791015625e-07,0.4285248816013336,0.7256215810775757,,cfg02_G3_D32,2.171714791969862,cuda
evaluation,3459,2095,Cold,-0.0027354757767170668,0.111111119389534,0.0794411301612854,0.9629629629629629,1.1920928955078125e-07,0.0,0.0,,cfg02_G3_D32,2.171714791969862,cuda
evaluation,3459,2095,Warm A,0.002997973468154669,0.1111111119389534,0.07984259724617004,0.9506172839506173,1.1920928955078125e-07,0.23089320957660675,0.6395512819290161,,cfg02_G3_D32,2.171714791969862,cuda
evaluation,3459,2095,Warm B,0.008128390647470951,0.1111111119389534,0.09292998164892197,0.8641975308641975,1.7881393432617188e-07,0.4126204550266266,0.6571609973907471,,cfg02_G3_D32,2.171714791969862,cuda
evaluation,3459,2095,Warm C,0.003013837616890669,0.1111111119389534,0.07572529464960098,0.9259259259259259,1.1920928955078125e-07,0.3365233540534973,0.6539408564567566,,cfg02_G3_D32,2.171714791969862,cuda
evaluation,3470,2102,Cold,-0.00468693021684885,0.1111111119389534,0.10637497156858444,0.8395061728395061,2.384185791015625e-07,0.0,0.0,,cfg02_G3_D32,2.171714791969862,cuda
evaluation,3470,2102,Warm A,-0.008028083480894566,0.1111111119389534,0.12308452278375626,0.7654320987654321,2.384185791015625e-07,0.25180983543395996,0.29080742597579956,,cfg02_G3_D32,2.171714791969862,cuda
evaluation,3470,2102,Warm B,-0.009631771594285965,0.111111119389534,0.13570675253868103,0.654320987654321,2.384185791015625e-07,0.34212303161621094,0.3520236611366272,,cfg02_G3_D32,2.171714791969862,cuda
evaluation,3470,2102,Warm C,-0.013531954027712345,0.1111111119389534,0.1476631760597229,0.5802469135802469,2.384185791015625e-07,0.4716434180736542,0.281442254781723,,cfg02_G3_D32,2.171714791969862,cuda
evaluation,3475,2104,Cold,-0.005323680583387613,0.1111111119389534,0.12979403138160706,0.7037037037037037,2.384185791015625e-07,0.0,0.0,,cfg02_G3_D32,2.171714791969862,cuda
evaluation,3475,2104,Warm A,-0.008212478831410408,0.1111111119389534,0.1379731297492981,0.6790123456790124,1.1920928955078125e-07,0.23799055814743042,0.4169370234012604,,cfg02_G3_D32,2.171714791969862,cuda
evaluation,3475,2104,Warm B,-0.0047816080041229725,0.1111111119389534,0.12469794601202011,0.7160493827160493,1.7881393432617188e-07,0.3326840102672577,0.6137887835502625,,cfg02_G3_D32,2.171714791969862,cuda
evaluation,3475,2104,Warm C,-0.007643615826964378,0.1111111119389534,0.1349613219499588,0.654320987654321,1.1920928955078125e-07,0.4156493544578552,0.556755781173706,,cfg02_G3_D32,2.171714791969862,cuda
evaluation,3480,2109,Cold,-0.003933155443519354,0.1111111119389534,0.10434084385633469,0.8395061728395061,1.1920928955078125e-07,0.0,0.0,,cfg02_G3_D32,2.171714791969862,cuda
evaluation,3480,2109,Warm A,0.0031408986542373896,0.1111111119389534,0.0960669219493866,0.8518518518518519,2.384185791015625e-07,0.23155167698860168,0.6023053526878357,,cfg02_G3_D32,2.171714791969862,cuda
evaluation,3480,2109,Warm B,0.002590956399217248,0.1111111119389534,0.09645106643438339,0.8271604938271605,1.1920928955078125e-07,0.3135480582714081,0.48842355608940125,,cfg02_G3_D32,2.171714791969862,cuda
evaluation,3480,2109,Warm C,-0.003024185076355934,0.1111111119389534,0.10051322728395462,0.8271604938271605,1.1920928955078125e-07,0.3940945267677307,0.5567402243614197,,cfg02_G3_D32,2.171714791969862,cuda
evaluation,3483,2111,Cold,-2.1639982151100412e-05,0.1111111119389534,0.09356378018856049,0.8888888888888888,1.1920928955078125e-07,0.0,0.0,,cfg02_G3_D32,2.171714791969862,cuda
evaluation,3483,2111,Warm A,0.004747109487652779,0.1111111119389534,0.1029813289642334,0.7777777777777778,2.384185791015625e-07,0.23408550024032593,0.6934992671012878,,cfg02_G3_D32,2.171714791969862,cuda
evaluation,3483,2111,Warm B,0.00025107376859523356,0.1111111119389534,0.10277778655290604,0.8024691358024691,1.1920928955078125e-07,0.3711795508861542,0.5947450399398804,,cfg02_G3_D32,2.171714791969862,cuda
evaluation,3483,2111,Warm C,-0.0024387631565332413,0.1111111119389534,0.10609693825244904,0.8641975308641975,1.1920928955078125e-07,0.45613136887550354,0.6710624098777771,,cfg02_G3_D32,2.171714791969862,cuda
evaluation,3487,2113,Cold,-0.004461685195565224,0.1111111119389534,0.10826119035482407,0.8271604938271605,2.384185791015625e-07,0.0,0.0,,cfg02_G3_D32,2.171714791969862,cuda
evaluation,3487,2113,Warm A,-0.005192597862333059,0.1111111119389534,0.10870794951915741,0.8271604938271605,2.384185791015625e-07,0.2326141744852066,0.5541464686393738,,cfg02_G3_D32,2.171714791969862,cuda
evaluation,3487,2113,Warm B,-0.003667686367407441,0.1111111119389534,0.12157581746578217,0.7283950617283951,2.384185791015625e-07,0.26805412769317627,0.5171658396720886,,cfg02_G3_D32,2.171714791969862,cuda
evaluation,3487,2113,Warm C,0.00010335316619602963,0.1111111119389534,0.10898666083812714,0.8271604938271605,2.384185791015625e-07,0.37897369265556335,0.6880950331687927,,cfg02_G3_D32,2.171714791969862,cuda
evaluation,3491,2115,Cold,-0.0030944424215704203,0.1111110970377922,0.09160581231117249,0.9259259259259259,2.384185791015625e-07,0.0,0.0,,cfg02_G3_D32,2.171714791969862,cuda
evaluation,3491,2115,Warm A,0.002237312262877822,0.1111111119389534,0.08761896938085556,0.8765432098765432,1.1920928955078125e-07,0.237274169921875,0.6557767987251282,,cfg02_G3_D32,2.171714791969862,cuda
evaluation,3491,2115,Warm B,0.00675157131627202,0.1111111119389534,0.09957700967788696,0.8024691358024691,1.1920928955078125e-07,0.40396392345428467,0.5905054211616516,,cfg02_G3_D32,2.171714791969862,cuda
evaluation,3491,2115,Warm C,0.007990660145878792,0.1111111119389534,0.10453217476606369,0.7530864197530864,1.1920928955078125e-07,0.3820113241672516,0.47462302446365356,,cfg02_G3_D32,2.171714791969862,cuda
evaluation,3497,2117,Cold,-0.0024455885868519545,0.1111111119389534,0.08609378337860107,0.9135802469135802,2.384185791015625e-07,0.0,0.0,,cfg02_G3_D32,2.171714791969862,cuda
evaluation,3497,2117,Warm A,0.0035322061739861965,0.111111119389534,0.08621896058320999,0.8518518518518519,1.1920928955078125e-07,0.23904608190059662,0.6431198716163635,,cfg02_G3_D32,2.171714791969862,cuda
evaluation,3497,2117,Warm B,0.00801456905901432,0.111111119389534,0.09962281584739685,0.7901234567901234,1.1920928955078125e-07,0.40917661786079407,0.3953876197338104,,cfg02_G3_D32,2.171714791969862,cuda
evaluation,3497,2117,Warm C,0.004872745368629694,0.1111111119389534,0.08875226974487305,0.8271604938271605,1.1920928955078125e-07,0.46174827218055725,0.701725959777832,,cfg02_G3_D32,2.171714791969862,cuda
evaluation,3500,2120,Cold,-0.002112320624291897,0.1111111119389534,0.09481026232242584,0.8518518518518519,1.1920928955078125e-07,0.0,0.0,,cfg02_G3_D32,2.171714791969862,cuda
evaluation,3500,2120,Warm A,0.003610308514907956,0.1111111119389534,0.09588883072137833,0.8271604938271605,1.1920928955078125e-07,0.23634620010852814,0.5562588572502136,,cfg02_G3_D32,2.171714791969862,cuda
evaluation,3500,2120,Warm B,0.008077778853476048,0.1111111119389534,0.11065619438886642,0.7407407407407407,1.1920928955078125e-07,0.41248786449432373,0.45448803901672363,,cfg02_G3_D32,2.171714791969862,cuda
evaluation,3500,2120,Warm C,0.008031552657485008,0.1111111119389534,0.11187629401683807,0.7654320987654321,1.1920928955078125e-07,0.5229024291038513,0.4483209550380707,,cfg02_G3_D32,2.171714791969862,cuda
evaluation,3502,2122,Cold,-0.004017830826342106,0.1111111119389534,0.11374837905168533,0.7654320987654321,1.1920928955078125e-07,0.0,0.0,,cfg02_G3_D32,2.171714791969862,cuda
evaluation,3502,2122,Warm A,-8.89470538822934e-05,0.1111111119389534,0.10421440005302429,0.8271604938271605,1.1920928955078125e-07,0.24522261321544647,0.6949548721313477,,cfg02_G3_D32,2.171714791969862,cuda
evaluation,3502,2122,Warm B,0.0003352877974975854,0.1111111119389534,0.10152366012334824,0.7777777777777778,0.0,0.31605640053749084,0.5609788298606873,,cfg02_G3_D32,2.171714791969862,cuda
evaluation,3502,2122,Warm C,-0.001135719707235694,0.1111111119389534,0.1043771281838417,0.7901234567901234,1.7881393432617188e-07,0.308502197265625,0.6334598660469055,,cfg02_G3_D32,2.171714791969862,cuda
evaluation,3503,2123,Cold,-0.00442019198089838,0.1111111119389534,0.1009630337357521,0.8395061728395061,1.1920928955078125e-07,0.0,0.0,,cfg02_G3_D32,2.171714791969862,cuda
evaluation,3503,2123,Warm A,-2.2035459551261738e-05,0.111111119389534,0.0904431939125061,0.8271604938271605,2.384185791015625e-07,0.21219658851623535,0.6772364974021912,,cfg02_G3_D32,2.171714791969862,cuda
evaluation,3503,2123,Warm B,-0.004800698254257441,0.111111119389534,0.10160461813211441,0.8518518518518519,2.384185791015625e-07,0.34929773211479187,0.6421447992324829,,cfg02_G3_D32,2.171714791969862,cuda
evaluation,3503,2123,Warm C,-0.003915533423423767,0.1111111119389534,0.11556807905435562,0.8024691358024691,2.384185791015625e-07,0.4804019033908844,0.5337058305740356,,cfg02_G3_D32,2.171714791969862,cuda
evaluation,3506,2126,Cold,-0.004248566925525665,0.111111119389534,0.10632963478565216,0.8518518518518519,2.384185791015625e-07,0.0,0.0,,cfg02_G3_D32,2.171714791969862,cuda
evaluation,3506,2126,Warm A,-0.0004803782212547958,0.1111111119389534,0.09256308525800705,0.8518518518518519,2.384185791015625e-07,0.24742084741592407,0.6903036236763,,cfg02_G3_D32,2.171714791969862,cuda
evaluation,3506,2126,Warm B,0.003497697412967682,0.1111110970377922,0.0947471410036087,0.8024691358024691,1.1920928955078125e-07,0.4267914891242981,0.653849184513092,,cfg02_G3_D32,2.171714791969862,cuda
evaluation,3506,2126,Warm C,-0.000663209764752537,0.1111111119389534,0.09211911261081696,0.8395061728395061,2.384185791015625e-07,0.4159642159938812,0.7542940378189087,,cfg02_G3_D32,2.171714791969862,cuda
evaluation,3509,2129,Cold,-0.0023969372268766165,0.1111111119389534,0.10709688067436218,0.8024691358024691,1.1920928955078125e-07,0.0,0.0,,cfg02_G3_D32,2.171714791969862,cuda
evaluation,3509,2129,Warm A,0.003174514276906848,0.111111119389534,0.10363160818815231,0.7654320987654321,1.1920928955078125e-07,0.24201370775699615,0.596731960773468,,cfg02_G3_D32,2.171714791969862,cuda
evaluation,3509,2129,Warm B,0.00922295544296503,0.111111119389534,0.1136438325047493,0.7283950617283951,2.384185791015625e-07,0.41664281487464905,0.3871849477291107,,cfg02_G3_D32,2.171714791969862,cuda
evaluation,3509,2129,Warm C,0.01113617792725563,0.1111111119389534,0.11600431799888611,0.7283950617283951,2.384185791015625e-07,0.464280366897583,0.4691590368747711,,cfg02_G3_D32,2.171714791969862,cuda
evaluation,3511,2131,Cold,-0.0004946899716742337,0.1111111119389534,0.09846781194210052,0.8888888888888888,2.384185791015625e-07,0.0,0.0,,cfg02_G3_D32,2.171714791969862,cuda
evaluation,3511,2131,Warm A,0.004045034758746624,0.1111110970377922,0.10605775564908981,0.7407407407407407,1.1920928955078125e-07,0.22972260415554047,0.546600341796875,,cfg02_G3_D32,2.171714791969862,cuda
evaluation,3511,2131,Warm B,0.005620501469820738,0.111111119389534,0.11035561561584473,0.691358024691358,1.1920928955078125e-07,0.3651790916919708,0.5621892809867859,,cfg02_G3_D32,2.171714791969862,cuda
evaluation,3511,2131,Warm C,0.008380528539419174,0.1111111119389534,0.12221305817365646,0.6172839506172839,2.384185791015625e-07,0.4873235523700714,0.43482160568237305,,cfg02_G3_D32,2.171714791969862,cuda
evaluation,3514,2134,Cold,-0.0021743548568338156,0.1111111119389534,0.10949587821960449,0.8024691358024691,2.384185791015625e-07,0.0,0.0,,cfg02_G3_D32,2.171714791969862,cuda
evaluation,3514,2134,Warm A,0.004155417438596487,0.1111111119389534,0.10756178200244904,0.7530864197530864,1.1920928955078125e-07,0.23839083313941956,0.6813742518424988,,cfg02_G3_D32,2.171714791969862,cuda
evaluation,3514,2134,Warm B,0.0029936993960291147,0.111111119389534,0.102925606071949,0.8148148148148148,2.384185791015625e-07,0.3748489320278168,0.5063130259513855,,cfg02_G3_D32,2.171714791969862,cuda
evaluation,3514,2134,Warm C,0.00691539840772748,0.1111111119389534,0.1062839925289154,0.7901234567901234,1.1920928955078125e-07,0.4492773711681366,0.5933071374893188,,cfg02_G3_D32,2.171714791969862,cuda
evaluation,3515,2135,Cold,-0.00012620951747521758,0.1111111119389534,0.09586159139871597,0.8888888888888888,1.1920928955078125e-07,0.0,0.0,,cfg02_G3_D32,2.171714791969862,cuda
evaluation,3515,2135,Warm A,0.005075708031654358,0.1111111119389534,0.10568553954362869,0.7654320987654321,2.384185791015625e-07,0.2368556559085846,0.5542988181114197,,cfg02_G3_D32,2.171714791969862,cuda
evaluation,3515,2135,Warm B,4.561507739708759e-05,0.1111110970377922,0.09763628989458084,0.8765432098765432,2.384185791015625e-07,0.268220990896225,0.6341531276702881,,cfg02_G3_D32,2.171714791969862,cuda
evaluation,3515,2135,Warm C,0.005693269893527031,0.1111111119389534,0.10397952049970627,0.7777777777777778,2.384185791015625e-07,0.31410521268844604,0.6158846616744995,,cfg02_G3_D32,2.171714791969862,cuda
evaluation,3519,2137,Cold,-0.003411807119846344,0.1111111119389534,0.09220996499061584,0.8518518518518519,1.1920928955078125e-07,0.0,0.0,,cfg02_G3_D32,2.171714791969862,cuda
evaluation,3519,2137,Warm A,-0.0010163672268390656,0.1111111119389534,0.08838680386543274,0.8641975308641975,1.1920928955078125e-07,0.22653238475322723,0.6278876662254333,,cfg02_G3_D32,2.171714791969862,cuda
evaluation,3519,2137,Warm B,-0.0032778845634311438,0.1111111119389534,0.0875038281083107,0.8641975308641975,2.384185791015625e-07,0.361834317445755,0.567290723323822,,cfg02_G3_D32,2.171714791969862,cuda
evaluation,3519,2137,Warm C,0.0017661293968558311,0.1111111119389534,0.0948241725564003,0.7901234567901234,2.980232238769531e-07,0.3845973610877991,0.556973397731781,,cfg02_G3_D32,2.171714791969862,cuda
evaluation,3521,2138,Cold,-0.0033502294681966305,0.1111111119389534,0.10011129081249237,0.8395061728395061,1.1920928955078125e-07,0.0,0.0,,cfg02_G3_D32,2.171714791969862,cuda
evaluation,3521,2138,Warm A,-0.004355284851044416,0.1111111119389534,0.10063965618610382,0.8641975308641975,2.384185791015625e-07,0.22319449484348297,0.8118284344673157,,cfg02_G3_D32,2.171714791969862,cuda
evaluation,3521,2138,Warm B,-0.007654334418475628,0.1111111119389534,0.11809346824884415,0.7777777777777778,2.384185791015625e-07,0.37899041175842285,0.6395421028137207,,cfg02_G3_D32,2.171714791969862,cuda
evaluation,3521,2138,Warm C,-0.007245385553687811,0.1111111119389534,0.11294640600681305,0.7530864197530864,1.1920928955078125e-07,0.28776445984840393,0.4633469581604004,,cfg02_G3_D32,2.171714791969862,cuda
evaluation,3529,2144,Cold,-0.004038877785205841,0.1111111119389534,0.1028965637087822,0.8395061728395061,2.384185791015625e-07,0.0,0.0,,cfg02_G3_D32,2.171714791969862,cuda
evaluation,3529,2144,Warm A,-3.066254430450499e-05,0.1111111119389534,0.09450972080230713,0.8395061728395061,1.1920928955078125e-07,0.21684786677360535,0.6008135080337524,,cfg02_G3_D32,2.171714791969862,cuda
evaluation,3529,2144,Warm B,0.00012502055324148387,0.1111111119389534,0.09722921997308731,0.8148148148148148,1.1920928955078125e-07,0.3409738540649414,0.49061164259910583,,cfg02_G3_D32,2.171714791969862,cuda
evaluation,3529,2144,Warm C,0.0008974096272140741,0.111111119389534,0.09834472835063934,0.7777777777777778,1.7881393432617188e-07,0.36929526925086975,0.48718777298927307,,cfg02_G3_D32,2.171714791969862,cuda
evaluation,3538,2148,Cold,-0.001706656999886036,0.1111111119389534,0.1047057956457138,0.8518518518518519,1.1920928955078125e-07,0.0,0.0,,cfg02_G3_D32,2.171714791969862,cuda
evaluation,3538,2148,Warm A,-0.0037678543012589216,0.1111111119389534,0.11226905137300491,0.7901234567901234,2.384185791015625e-07,0.23234684765338898,0.542133629322052,,cfg02_G3_D32,2.171714791969862,cuda
evaluation,3538,2148,Warm B,0.00014532936620526016,0.1111111119389534,0.10482605546712875,0.8395061728395061,1.7881393432617188e-07,0.19823125004768372,0.6659933924674988,,cfg02_G3_D32,2.171714791969862,cuda
evaluation,3538,2148,Warm C,-0.001123923808336258,0.111111119389534,0.10751008987426758,0.7901234567901234,2.384185791015625e-07,0.30284184217453003,0.5389170050621033,,cfg02_G3_D32,2.171714791969862,cuda
evaluation,3544,2150,Cold,-0.0023631283547729254,0.111111119389534,0.0945717841386795,0.8765432098765432,1.1920928955078125e-07,0.0,0.0,,cfg02_G3_D32,2.171714791969862,cuda
evaluation,3544,2150,Warm A,0.0021110898815095425,0.1111111119389534,0.09605547785758972,0.8395061728395061,1.1920928955078125e-07,0.24653415381908417,0.6855819821357727,,cfg02_G3_D32,2.171714791969862,cuda
evaluation,3544,2150,Warm B,-0.0009953369153663516,0.1111111119389534,0.09103760123252869,0.9012345679012346,1.1920928955078125e-07,0.2654819190502167,0.5873803496360779,,cfg02_G3_D32,2.171714791969862,cuda
evaluation,3544,2150,Warm C,0.0017525614239275455,0.1111111119389534,0.092118039727211,0.9012345679012346,1.1920928955078125e-07,0.3940022885799408,0.7018390893936157,,cfg02_G3_D32,2.171714791969862,cuda
evaluation,3547,2153,Cold,-0.0033528537023812532,0.1111111119389534,0.1010509580373764,0.8395061728395061,1.1920928955078125e-07,0.0,0.0,,cfg02_G3_D32,2.171714791969862,cuda
evaluation,3547,2153,Warm A,-0.006438261363655329,0.1111111119389534,0.1170983612537384,0.7777777777777778,1.7881393432617188e-07,0.23739755153656006,0.49783560633659363,,cfg02_G3_D32,2.171714791969862,cuda
evaluation,3547,2153,Warm B,-0.004924007225781679,0.1111110970377922,0.11565957963466644,0.7654320987654321,2.384185791015625e-07,0.26670289039611816,0.5515450835227966,,cfg02_G3_D32,2.171714791969862,cuda
evaluation,3547,2153,Warm C,-0.001145852031186223,0.111111119389534,0.10177776217460632,0.8271604938271605,2.384185791015625e-07,0.3465321660041809,0.5975490808486938,,cfg02_G3_D32,2.171714791969862,cuda
evaluation,3550,2156,Cold,-0.0017405688995495439,0.1111111119389534,0.05852493643760681,0.9876543209876543,2.384185791015625e-07,0.0,0.0,,cfg02_G3_D32,2.171714791969862,cuda
evaluation,3550,2156,Warm A,-0.004287604708224535,0.1111111119389534,0.07423851639032364,0.9753086419753086,2.384185791015625e-07,0.22709204256534576,0.5687490105628967,,cfg02_G3_D32,2.171714791969862,cuda
evaluation,3550,2156,Warm B,-0.0018268997082486749,0.1111111119389534,0.0621214359998703,0.9753086419753086,1.1920928955078125e-07,0.28946343064308167,0.6185054183006287,,cfg02_G3_D32,2.171714791969862,cuda
evaluation,3550,2156,Warm C,0.0012353892670944333,0.111111119389534,0.07467631250619888,0.9259259259259259,1.1920928955078125e-07,0.3551863431930542,0.46124592423439026,,cfg02_G3_D32,2.171714791969862,cuda
evaluation,3553,2159,Cold,-0.002186795696616173,0.1111111119389534,0.1105492115020752,0.7901234567901234,1.1920928955078125e-07,0.0,0.0,,cfg02_G3_D32,2.171714791969862,cuda
evaluation,3553,2159,Warm A,0.0032542645931243896,0.1111111119389534,0.10775858163833618,0.7407407407407407,2.384185791015625e-07,0.24760182201862335,0.5243797898292542,,cfg02_G3_D32,2.171714791969862,cuda
evaluation,3553,2159,Warm B,0.006419050041586161,0.1111111119389534,0.11776342242956161,0.6790123456790124,1.7881393432617188e-07,0.3868246078491211,0.5490589737892151,,cfg02_G3_D32,2.171714791969862,cuda
evaluation,3553,2159,Warm C,0.008287159726023674,0.1111111119389534,0.12127764523029327,0.654320987654321,2.384185791015625e-07,0.42688339948654175,0.38299307227134705,,cfg02_G3_D32,2.171714791969862,cuda
evaluation,3554,2160,Cold,-0.0022933094296604395,0.1111111119389534,0.10590608417987823,0.8271604938271605,1.1920928955078125e-07,0.0,0.0,,cfg02_G3_D32,2.171714791969862,cuda
evaluation,3554,2160,Warm A,-0.0028396781999617815,0.1111111119389534,0.11264254152774811,0.8148148148148148,1.1920928955078125e-07,0.23657621443271637,0.7432007789611816,,cfg02_G3_D32,2.171714791969862,cuda
evaluation,3554,2160,Warm B,-0.00459014717489481,0.1111111119389534,0.11891578137874603,0.8024691358024691,1.1920928955078125e-07,0.37132975459098816,0.6608068346977234,,cfg02_G3_D32,2.171714791969862,cuda
evaluation,3554,2160,Warm C,-0.0015623338986188173,0.1111111119389534,0.11145315319299698,0.8024691358024691,1.1920928955078125e-07,0.44413596391677856,0.6038095355033875,,cfg02_G3_D32,2.171714791969862,cuda
evaluation,3557,2163,Cold,-0.0013080049538984895,0.1111111119389534,0.0984734445810318,0.8024691358024691,1.1920928955078125e-07,0.0,0.0,,cfg02_G3_D32,2.171714791969862,cuda
evaluation,3557,2163,Warm A,0.0050358958542346954,0.1111111119389534,0.10150478780269623,0.7530864197530864,5.960464477539063e-08,0.25148245692253113,0.614709198474884,,cfg02_G3_D32,2.171714791969862,cuda
evaluation,3557,2163,Warm B,0.004483821801841259,0.1111111119389534,0.10028760880231857,0.7530864197530864,1.7881393432617188e-07,0.3011026978492737,0.47376394271850586,,cfg02_G3_D32,2.171714791969862,cuda
evaluation,3557,2163,Warm C,0.008862988092005253,0.1111111119389534,0.11326805502176285,0.7283950617283951,2.384185791015625e-07,0.4432728588581085,0.5291285514831543,,cfg02_G3_D32,2.171714791969862,cuda
evaluation,3564,2164,Cold,0.000935484073124826,0.1111111119389534,0.08939304202795029,0.8888888888888888,1.1920928955078125e-07,0.0,0.0,,cfg02_G3_D32,2.171714791969862,cuda
evaluation,3564,2164,Warm A,0.004199971444904804,0.1111111119389534,0.10395964980125427,0.8024691358024691,2.384185791015625e-07,0.24731090664863586,0.39724358916282654,,cfg02_G3_D32,2.171714791969862,cuda
evaluation,3564,2164,Warm B,0.010142156854271889,0.111111119389534,0.12126486003398895,0.7160493827160493,2.384185791015625e-07,0.4092296361923218,0.16028805077075958,,cfg02_G3_D32,2.171714791969862,cuda
evaluation,3564,2164,Warm C,0.01500020083039999,0.1111111119389534,0.13902351260185242,0.6049382716049383,2.384185791015625e-07,0.5742473602294922,0.2182384580373764,,cfg02_G3_D32,2.171714791969862,cuda
evaluation,3571,2167,Cold,-0.002351737581193447,0.1111111119389534,0.10981498658657074,0.8024691358024691,2.384185791015625e-07,0.0,0.0,,cfg02_G3_D32,2.171714791969862,cuda
evaluation,3571,2167,Warm A,-0.004960720892995596,0.1111111119389534,0.12358339130878448,0.7407407407407407,1.7881393432617188e-07,0.22379963099956512,0.6684346199035645,,cfg02_G3_D32,2.171714791969862,cuda
evaluation,3571,2167,Warm B,-0.008631855249404907,0.1111111119389534,0.13714730739593506,0.7160493827160493,1.1920928955078125e-07,0.41772693395614624,0.6646365523338318,,cfg02_G3_D32,2.171714791969862,cuda
evaluation,3571,2167,Warm C,-0.004006681498140097,0.111111119389534,0.1260574758052826,0.7530864197530864,2.384185791015625e-07,0.43194979429244995,0.841385006904602,,cfg02_G3_D32,2.171714791969862,cuda
evaluation,3572,2168,Cold,-0.0008544219890609384,0.111111119389534,0.07868975400924683,0.9382716049382716,1.1920928955078125e-07,0.0,0.0,,cfg02_G3_D32,2.171714791969862,cuda
evaluation,3572,2168,Warm A,0.0031520857010036707,0.1111111119389534,0.0900648757815361,0.8641975308641975,2.384185791015625e-07,0.24571098387241364,0.463733971118927,,cfg02_G3_D32,2.171714791969862,cuda
evaluation,3572,2168,Warm B,0.007012296002358198,0.1111111119389534,0.10852156579494476,0.7777777777777778,1.1920928955078125e-07,0.4293828010559082,0.3113764226436615,,cfg02_G3_D32,2.171714791969862,cuda
evaluation,3572,2168,Warm C,0.011775653809309006,0.111111119389534,0.12858572602272034,0.6419753086419753,5.960464477539063e-08,0.6515361070632935,0.1164345070719719,,cfg02_G3_D32,2.171714791969862,cuda
evaluation,3579,2171,Cold,-0.0021233465522527695,0.1111110970377922,0.1067868322134018,0.8024691358024691,1.1920928955078125e-07,0.0,0.0,,cfg02_G3_D32,2.171714791969862,cuda
evaluation,3579,2171,Warm A,0.004071101546287537,0.1111111119389534,0.10616037249565125,0.7654320987654321,1.1920928955078125e-07,0.24222548305988312,0.6756598949432373,,cfg02_G3_D32,2.171714791969862,cuda
evaluation,3579,2171,Warm B,0.008173779584467411,0.1111110970377922,0.11365391314029694,0.7037037037037037,1.1920928955078125e-07,0.38230645656585693,0.532435953617096,,cfg02_G3_D32,2.171714791969862,cuda
evaluation,3579,2171,Warm C,0.011313610710203648,0.111111119389534,0.12089455872774124,0.654320987654321,1.7881393432617188e-07,0.4672233462333679,0.47575798630714417,,cfg02_G3_D32,2.171714791969862,cuda
evaluation,3584,2172,Cold,-0.002114868024364114,0.1111111119389534,0.08831673115491867,0.8765432098765432,2.384185791015625e-07,0.0,0.0,,cfg02_G3_D32,2.171714791969862,cuda
evaluation,3584,2172,Warm A,0.002928337315097451,0.111111119389534,0.08940024673938751,0.8395061728395061,1.1920928955078125e-07,0.24594922363758087,0.6763603091239929,,cfg02_G3_D32,2.171714791969862,cuda
evaluation,3584,2172,Warm B,0.008636879734694958,0.1111110970377922,0.10562294721603394,0.7654320987654321,2.384185791015625e-07,0.3886866271495819,0.2867473065853119,,cfg02_G3_D32,2.171714791969862,cuda
evaluation,3584,2172,Warm C,0.012716288678348064,0.1111110970377922,0.12168808281421661,0.6666666666666666,2.384185791015625e-07,0.5274900197982788,0.212320014834404,,cfg02_G3_D32,2.171714791969862,cuda
evaluation,3590,2173,Cold,-0.004247682169079781,0.1111111119389534,0.1040416955947876,0.8395061728395061,3.5762786865234375e-07,0.0,0.0,,cfg02_G3_D32,2.171714791969862,cuda
evaluation,3590,2173,Warm A,0.00010479085176484659,0.111111119389534,0.09331586211919785,0.8518518518518519,1.1920928955078125e-07,0.23308490216732025,0.6315248608589172,,cfg02_G3_D32,2.171714791969862,cuda
evaluation,3590,2173,Warm B,0.0055697266943752766,0.1111111119389534,0.09707646071910858,0.7654320987654321,1.1920928955078125e-07,0.4236196279525757,0.6407511830329895,,cfg02_G3_D32,2.171714791969862,cuda
evaluation,3590,2173,Warm C,0.00932619534432888,0.1111111119389534,0.10823456943035126,0.7037037037037037,5.960464477539063e-08,0.5657090544700623,0.5449417233467102,,cfg02_G3_D32,2.171714791969862,cuda
evaluation,3594,2176,Cold,-0.0026473652105778456,0.1111111119389534,0.1134691908955574,0.7777777777777778,2.384185791015625e-07,0.0,0.0,,cfg02_G3_D32,2.171714791969862,cuda
evaluation,3594,2176,Warm A,0.002665651962161064,0.1111111119389534,0.10898996144533157,0.7407407407407407,1.1920928955078125e-07,0.24922965466976166,0.5514440536499023,,cfg02_G3_D32,2.171714791969862,cuda
evaluation,3594,2176,Warm B,0.0070527601055800915,0.1111111119389534,0.1151713952422142,0.7037037037037037,2.384185791015625e-07,0.38038426637649536,0.5519426465034485,,cfg02_G3_D32,2.171714791969862,cuda
evaluation,3594,2176,Warm C,0.003962614107877016,0.1111111119389534,0.1090577021241188,0.7530864197530864,1.7881393432617188e-07,0.38506585359573364,0.6655024886131287,,cfg02_G3_D32,2.171714791969862,cuda
evaluation,3598,2177,Cold,-0.0029739367309957743,0.1111111119389534,0.11630314588546753,0.7901234567901234,1.1920928955078125e-07,0.0,0.0,,cfg02_G3_D32,2.171714791969862,cuda
evaluation,3598,2177,Warm A,-0.004273225553333759,0.1111110970377922,0.12497465312480927,0.7530864197530864,2.384185791015625e-07,0.2267889678478241,0.5357699394226074,,cfg02_G3_D32,2.171714791969862,cuda
evaluation,3598,2177,Warm B,-0.0010577626526355743,0.1111111119389534,0.11260685324668884,0.7777777777777778,1.1920928955078125e-07,0.2826831638813019,0.5999175310134888,,cfg02_G3_D32,2.171714791969862,cuda
evaluation,3598,2177,Warm C,-0.0033563950564712286,0.111111119389534,0.12022599577903748,0.7283950617283951,1.1920928955078125e-07,0.37710195779800415,0.62044757604599,,cfg02_G3_D32,2.171714791969862,cuda
evaluation,3599,2178,Cold,-0.004694557283073664,0.1111111119389534,0.12542539834976196,0.7530864197530864,1.1920928955078125e-07,0.0,0.0,,cfg02_G3_D32,2.171714791969862,cuda
evaluation,3599,2178,Warm A,-0.0008659642189741135,0.1111111119389534,0.1146518811583519,0.7530864197530864,2.384185791015625e-07,0.24040380120277405,0.5817702412605286,,cfg02_G3_D32,2.171714791969862,cuda
evaluation,3599,2178,Warm B,-0.00254625896923244,0.1111111119389534,0.11465153843164444,0.7407407407407407,1.1920928955078125e-07,0.362372487783432,0.5198010802268982,,cfg02_G3_D32,2.171714791969862,cuda
evaluation,3599,2178,Warm C,-0.000690014916472137,0.111111119389534,0.10658843070268631,0.7407407407407407,1.1920928955078125e-07,0.4358110725879669,0.6070696711540222,,cfg02_G3_D32,2.171714791969862,cuda
evaluation,3600,2179,Cold,-0.004021580796688795,0.1111111119389534,0.10613005608320236,0.8271604938271605,2.384185791015625e-07,0.0,0.0,,cfg02_G3_D32,2.171714791969862,cuda
evaluation,3600,2179,Warm A,0.001227290485985577,0.111111119389534,0.09370597451925278,0.8148148148148148,1.1920928955078125e-07,0.2388707399368286,0.8483495712280273,,cfg02_G3_D32,2.171714791969862,cuda
evaluation,3600,2179,Warm B,0.005633439868688583,0.1111110970377922,0.09763572365045547,0.7530864197530864,1.7881393432617188e-07,0.3992953896522522,0.5640575289726257,,cfg02_G3_D32,2.171714791969862,cuda
evaluation,3600,2179,Warm C,0.008876519277691841,0.1111111119389534,0.10758337378501892,0.7160493827160493,1.1920928955078125e-07,0.5749871730804443,0.402118980884552,,cfg02_G3_D32,2.171714791969862,cuda
evaluation,3604,2180,Cold,-0.004208723548799753,0.1111111119389534,0.10737287253141403,0.8395061728395061,1.1920928955078125e-07,0.0,0.0,,cfg02_G3_D32,2.171714791969862,cuda
evaluation,3604,2180,Warm A,-0.00511441845446825,0.111111119389534,0.11146166175603867,0.8024691358024691,1.1920928955078125e-07,0.25589704513549805,0.4981423318386078,,cfg02_G3_D32,2.171714791969862,cuda
evaluation,3604,2180,Warm B,-0.0021885742899030447,0.1111110970377922,0.1009918823838234,0.8271604938271605,2.384185791015625e-07,0.35462814569473267,0.7739810347557068,,cfg02_G3_D32,2.171714791969862,cuda
evaluation,3604,2180,Warm C,0.00011906786676263437,0.1111110970377922,0.09969662874937057,0.8024691358024691,1.7881393432617188e-07,0.4595026969909668,0.6610791087150574,,cfg02_G3_D32,2.171714791969862,cuda
evaluation,3606,2181,Cold,-0.004675166215747595,0.1111110970377922,0.1194826290011406,0.7654320987654321,1.1920928955078125e-07,0.0,0.0,,cfg02_G3_D32,2.171714791969862,cuda
evaluation,3606,2181,Warm A,-0.008426105603575706,0.1111111119389534,0.1321256160736084,0.7037037037037037,2.384185791015625e-07,0.23651820421218872,0.4136202931404114,,cfg02_G3_D32,2.171714791969862,cuda
evaluation,3606,2181,Warm B,-0.007357027847319841,0.1111111119389534,0.12791796028614044,0.691358024691358,1.7881393432617188e-07,0.3417307138442993,0.5081455111503601,,cfg02_G3_D32,2.171714791969862,cuda
evaluation,3606,2181,Warm C,-0.006361541338264942,0.1111110970377922,0.11587190628051758,0.7901234567901234,1.7881393432617188e-07,0.4011981189250946,0.517478883266449,,cfg02_G3_D32,2.171714791969862,cuda
evaluation,3613,2183,Cold,-0.0021244713570922613,0.1111111119389534,0.08691283315420151,0.9259259259259259,1.1920928955078125e-07,0.0,0.0,,cfg02_G3_D32,2.171714791969862,cuda
evaluation,3613,2183,Warm A,-0.0040824213065207005,0.1111110970377922,0.09561636298894882,0.9135802469135802,2.980232238769531e-07,0.20421987771987915,0.5760175585746765,,cfg02_G3_D32,2.171714791969862,cuda
evaluation,3613,2183,Warm B,-0.005797760095447302,0.1111111119389534,0.10363183915615082,0.8024691358024691,2.384185791015625e-07,0.3946290910243988,0.5064547657966614,,cfg02_G3_D32,2.171714791969862,cuda
evaluation,3613,2183,Warm C,-0.0030515005346387625,0.1111110970377922,0.09824202954769135,0.8765432098765432,2.384185791015625e-07,0.4512103796005249,0.5862401127815247,,cfg02_G3_D32,2.171714791969862,cuda
evaluation,3616,2186,Cold,-0.0009973529959097505,0.1111111119389534,0.10042860358953476,0.8765432098765432,2.384185791015625e-07,0.0,0.0,,cfg02_G3_D32,2.171714791969862,cuda
evaluation,3616,2186,Warm A,0.003740415209904313,0.1111111119389534,0.10493946075439453,0.8148148148148148,1.7881393432617188e-07,0.2444363385438919,0.4791746139526367,,cfg02_G3_D32,2.171714791969862,cuda
evaluation,3616,2186,Warm B,0.004478640854358673,0.111111119389534,0.11771107465028763,0.6790123456790124,1.1920928955078125e-07,0.3903288245201111,0.5450050234794617,,cfg02_G3_D32,2.171714791969862,cuda
evaluation,3616,2186,Warm C,0.005238150712102652,0.1111110970377922,0.11776725202798843,0.691358024691358,1.7881393432617188e-07,0.38954585790634155,0.49123603105545044,,cfg02_G3_D32,2.171714791969862,cuda
evaluation,3619,2189,Cold,-0.0034157305490225554,0.1111111119389534,0.09294886142015457,0.9012345679012346,1.1920928955078125e-07,0.0,0.0,,cfg02_G3_D32,2.171714791969862,cuda
evaluation,3619,2189,Warm A,-0.0012136606965214014,0.1111111119389534,0.08964449167251587,0.8641975308641975,1.1920928955078125e-07,0.2362680584192276,0.6498729586601257,,cfg02_G3_D32,2.171714791969862,cuda
evaluation,3619,2189,Warm B,0.003959248773753643,0.1111111119389534,0.08295191079378128,0.8641975308641975,1.1920928955078125e-07,0.3549642562866211,0.7843992114067078,,cfg02_G3_D32,2.171714791969862,cuda
evaluation,3619,2189,Warm C,0.00750137772411108,0.1111111119389534,0.09567376226186752,0.8024691358024691,2.384185791015625e-07,0.48385608196258545,0.4984000325202942,,cfg02_G3_D32,2.171714791969862,cuda
evaluation,3622,2190,Cold,-0.004574731457978487,0.1111111119389534,0.10857858508825302,0.8395061728395061,1.1920928955078125e-07,0.0,0.0,,cfg02_G3_D32,2.171714791969862,cuda
evaluation,3622,2190,Warm A,-0.00498991459608078,0.1111111119389534,0.12387946248054504,0.7283950617283951,2.384185791015625e-07,0.23973724246025085,0.47883328795433044,,cfg02_G3_D32,2.171714791969862,cuda
evaluation,3622,2190,Warm B,-0.0021933293901383877,0.1111110970377922,0.10902620106935501,0.8148148148148148,2.980232238769531e-07,0.3728371858596802,0.775463879108429,,cfg02_G3_D32,2.171714791969862,cuda
evaluation,3622,2190,Warm C,-0.002699436852708459,0.1111111119389534,0.1129271388053894,0.7777777777777778,1.1920928955078125e-07,0.3895307779312134,0.47280627489089966,,cfg02_G3_D32,2.171714791969862,cuda
evaluation,3627,2193,Cold,-0.004363012500107288,0.1111111119389534,0.10572639852762222,0.8271604938271605,1.1920928955078125e-07,0.0,0.0,,cfg02_G3_D32,2.171714791969862,cuda
evaluation,3627,2193,Warm A,-0.001062324969097972,0.1111111119389534,0.0965651124715805,0.8024691358024691,2.384185791015625e-07,0.214854434132576,0.6441121101379395,,cfg02_G3_D32,2.171714791969862,cuda
evaluation,3627,2193,Warm B,-0.004133353941142559,0.1111110970377922,0.10645070672035217,0.8395061728395061,1.7881393432617188e-07,0.25025254487991333,0.6535452008247375,,cfg02_G3_D32,2.171714791969862,cuda
evaluation,3627,2193,Warm C,-0.0006365511217154562,0.111111119389534,0.09329304844141006,0.8271604938271605,2.384185791015625e-07,0.3165571093559265,0.7235025763511658,,cfg02_G3_D32,2.171714791969862,cuda
evaluation,3628,2194,Cold,-0.005610578693449497,0.1111111119389534,0.13750211894512177,0.654320987654321,1.7881393432617188e-07,0.0,0.0,,cfg02_G3_D32,2.171714791969862,cuda
evaluation,3628,2194,Warm A,-0.0013783778995275497,0.1111111119389534,0.12643837928771973,0.691358024691358,1.1920928955078125e-07,0.2399410754442215,0.8516536951065063,,cfg02_G3_D32,2.171714791969862,cuda
evaluation,3628,2194,Warm B,0.0030358280055224895,0.1111111119389534,0.11875408887863159,0.691358024691358,1.1920928955078125e-07,0.43186140060424805,0.5988410115242004,,cfg02_G3_D32,2.171714791969862,cuda
evaluation,3628,2194,Warm C,-0.0005898946546949446,0.1111111119389534,0.12701600790023804,0.6790123456790124,2.384185791015625e-07,0.3388974666595459,0.49258413910865784,,cfg02_G3_D32,2.171714791969862,cuda
evaluation,3634,2197,Cold,-0.004692463669925928,0.1111111119389534,0.11739230901002884,0.7901234567901234,2.384185791015625e-07,0.0,0.0,,cfg02_G3_D32,2.171714791969862,cuda
evaluation,3634,2197,Warm A,-0.0079386280849576,0.1111111119389534,0.13255436718463898,0.7037037037037037,1.1920928955078125e-07,0.23282074928283691,0.3810476064682007,,cfg02_G3_D32,2.171714791969862,cuda
evaluation,3634,2197,Warm B,-0.008927367627620697,0.1111111119389534,0.13314619660377502,0.6790123456790124,1.1920928955078125e-07,0.3674343526363373,0.4229210913181305,,cfg02_G3_D32,2.171714791969862,cuda
evaluation,3634,2197,Warm C,-0.010920838452875614,0.1111111119389534,0.14364980161190033,0.6296296296296297,1.1920928955078125e-07,0.4329872727394104,0.2966296374797821,,cfg02_G3_D32,2.171714791969862,cuda
evaluation,3643,2201,Cold,-0.00575998006388545,0.1111111119389534,0.137489914894104,0.6666666666666666,1.1920928955078125e-07,0.0,0.0,,cfg02_G3_D32,2.171714791969862,cuda
evaluation,3643,2201,Warm A,-0.0028207218274474144,0.1111111119389534,0.12848111987113953,0.654320987654321,5.960464477539063e-08,0.23837339878082275,0.7489450573921204,,cfg02_G3_D32,2.171714791969862,cuda
evaluation,3643,2201,Warm B,0.0016834934940561652,0.1111111119389534,0.12161368131637573,0.6790123456790124,1.7881393432617188e-07,0.4291500151157379,0.6534410715103149,,cfg02_G3_D32,2.171714791969862,cuda
evaluation,3643,2201,Warm C,-0.0031950867269188166,0.111111119389534,0.12454303354024887,0.7160493827160493,2.384185791015625e-07,0.38178062438964844,0.72715824842453,,cfg02_G3_D32,2.171714791969862,cuda
evaluation,3646,2202,Cold,-0.0013416459551081061,0.1111110970377922,0.10304822027683258,0.8765432098765432,1.7881393432617188e-07,0.0,0.0,,cfg02_G3_D32,2.171714791969862,cuda
evaluation,3646,2202,Warm A,0.0023700937163084745,0.1111111119389534,0.10803468525409698,0.8024691358024691,2.384185791015625e-07,0.2209577113389969,0.6985930800437927,,cfg02_G3_D32,2.171714791969862,cuda
evaluation,3646,2202,Warm B,0.006996544077992439,0.1111111119389534,0.11260036379098892,0.7037037037037037,1.1920928955078125e-07,0.3646027743816376,0.45850810408592224,,cfg02_G3_D32,2.171714791969862,cuda
evaluation,3646,2202,Warm C,0.012332184240221977,0.1111111119389534,0.12657858431339264,0.6666666666666666,1.1920928955078125e-07,0.5140867829322815,0.22673821449279785,,cfg02_G3_D32,2.171714791969862,cuda
evaluation,3653,2204,Cold,-0.004649130627512932,0.1111111119389534,0.11732465028762817,0.7777777777777778,2.384185791015625e-07,0.0,0.0,,cfg02_G3_D32,2.171714791969862,cuda
evaluation,3653,2204,Warm A,-0.00047199547407217324,0.1111111119389534,0.10377012938261032,0.7901234567901234,2.384185791015625e-07,0.2366141378879547,0.6420426368713379,,cfg02_G3_D32,2.171714791969862,cuda
evaluation,3653,2204,Warm B,-0.0041576167568564415,0.1111111119389534,0.11023028194904327,0.8024691358024691,1.1920928955078125e-07,0.32231616973876953,0.6390021443367004,,cfg02_G3_D32,2.171714791969862,cuda
evaluation,3653,2204,Warm C,-0.004986613988876343,0.1111111119389534,0.11749716103076935,0.7901234567901234,2.980232238769531e-07,0.3310389220714569,0.505414605140686,,cfg02_G3_D32,2.171714791969862,cuda
evaluation,3658,2206,Cold,-0.0032491988968104124,0.1111111119389534,0.08717523515224457,0.8765432098765432,1.7881393432617188e-07,0.0,0.0,,cfg02_G3_D32,2.171714791969862,cuda
evaluation,3658,2206,Warm A,-0.003430241486057639,0.1111111119389534,0.09004990756511688,0.9259259259259259,2.384185791015625e-07,0.23817873001098633,0.6377621293067932,,cfg02_G3_D32,2.171714791969862,cuda
evaluation,3658,2206,Warm B,-0.0053691258653998375,0.1111110970377922,0.10863932967185974,0.8765432098765432,2.384185791015625e-07,0.3163849413394928,0.45566460490226746,,cfg02_G3_D32,2.171714791969862,cuda
evaluation,3658,2206,Warm C,-0.0038778167217969894,0.1111110970377922,0.09487563371658325,0.9506172839506173,1.7881393432617188e-07,0.3851282298564911,0.649205207824707,,cfg02_G3_D32,2.171714791969862,cuda
evaluation,3660,2207,Cold,0.0004778368165716529,0.1111111119389534,0.07241953164339066,0.9506172839506173,2.384185791015625e-07,0.0,0.0,,cfg02_G3_D32,2.171714791969862,cuda
evaluation,3660,2207,Warm A,-0.002302229404449463,0.1111111119389534,0.07453542947769165,0.9629629629629629,3.5762786865234375e-07,0.23633551597595215,0.7218276858329773,,cfg02_G3_D32,2.171714791969862,cuda
evaluation,3660,2207,Warm B,0.0019391432870179415,0.1111111119389534,0.0799253061413765,0.9012345679012346,1.1920928955078125e-07,0.37154024839401245,0.6046193242073059,,cfg02_G3_D32,2.171714791969862,cuda
evaluation,3660,2207,Warm C,0.00386360683478415,0.1111110970377922,0.09765128791332245,0.8024691358024691,3.5762786865234375e-07,0.363862544298172,0.47273293137550354,,cfg02_G3_D32,2.171714791969862,cuda
evaluation,3661,2208,Cold,0.002369240391999483,0.1111111119389534,0.07574905455112457,0.9506172839506173,2.384185791015625e-07,0.0,0.0,,cfg02_G3_D32,2.171714791969862,cuda
evaluation,3661,2208,Warm A,0.007630838081240654,0.1111111119389534,0.0946301594376564,0.8765432098765432,1.7881393432617188e-07,0.22685109078884125,0.5687474608421326,,cfg02_G3_D32,2.171714791969862,cuda
evaluation,3661,2208,Warm B,0.010819989256560802,0.1111111119389534,0.11670929938554764,0.7283950617283951,2.384185791015625e-07,0.42002207040786743,0.39372095465660095,,cfg02_G3_D32,2.171714791969862,cuda
evaluation,3661,2208,Warm C,0.01216781698167324,0.1111111119389534,0.1308104693889618,0.6419753086419753,1.1920928955078125e-07,0.5584058165550232,0.31722116470336914,,cfg02_G3_D32,2.171714791969862,cuda
evaluation,3662,2209,Cold,0.0010782318422570825,0.1111111119389534,0.07557779550552368,0.9629629629629629,1.1920928955078125e-07,0.0,0.0,,cfg02_G3_D32,2.171714791969862,cuda
evaluation,3662,2209,Warm A,0.005783592816442251,0.1111111119389534,0.0970890149474144,0.8518518518518519,1.1920928955078125e-07,0.23779840767383575,0.42425450682640076,,cfg02_G3_D32,2.171714791969862,cuda
evaluation,3662,2209,Warm B,0.00974646583199501,0.111111119389534,0.11951927840709686,0.7037037037037037,1.1920928955078125e-07,0.44048890471458435,0.429149866104126,,cfg02_G3_D32,2.171714791969862,cuda
evaluation,3662,2209,Warm C,0.009817564859986305,0.111111119389534,0.12079539895057678,0.7160493827160493,2.384185791015625e-07,0.4865492284297943,0.37315306067466736,,cfg02_G3_D32,2.171714791969862,cuda
evaluation,3669,2211,Cold,-0.001598263275809586,0.1111111119389534,0.09223585575819016,0.8765432098765432,2.384185791015625e-07,0.0,0.0,,cfg02_G3_D32,2.171714791969862,cuda
evaluation,3669,2211,Warm A,0.0033409632742404938,0.1111111119389534,0.09676304459571838,0.7777777777777778,1.7881393432617188e-07,0.24117021262645721,0.6078794598579407,,cfg02_G3_D32,2.171714791969862,cuda
evaluation,3669,2211,Warm B,0.008381268940865993,0.111111119389534,0.1097390279173851,0.7407407407407407,1.1920928955078125e-07,0.42568686604499817,0.37232160568237305,,cfg02_G3_D32,2.171714791969862,cuda
evaluation,3669,2211,Warm C,0.011107808910310268,0.1111110970377922,0.12415140867233276,0.6666666666666666,1.1920928955078125e-07,0.6032770872116089,0.34238478541374207,,cfg02_G3_D32,2.171714791969862,cuda
evaluation,3672,2213,Cold,-0.003830677829682827,0.1111111119389534,0.0872483104467392,0.9382716049382716,2.384185791015625e-07,0.0,0.0,,cfg02_G3_D32,2.171714791969862,cuda
evaluation,3672,2213,Warm A,0.0005704625509679317,0.111111119389534,0.07900533825159073,0.9259259259259259,2.384185791015625e-07,0.2531700134277344,0.8120970726013184,,cfg02_G3_D32,2.171714791969862,cuda
evaluation,3672,2213,Warm B,0.003663279116153717,0.1111110970377922,0.09079678356647491,0.8395061728395061,2.384185791015625e-07,0.440925657749176,0.5903887748718262,,cfg02_G3_D32,2.171714791969862,cuda
evaluation,3672,2213,Warm C,0.008002938702702522,0.1111111119389534,0.11251464486122131,0.7407407407407407,1.1920928955078125e-07,0.6295710206031799,0.31021127104759216,,cfg02_G3_D32,2.171714791969862,cuda
evaluation,3676,2215,Cold,-0.004168798681348562,0.1111110970377922,0.09310314059257507,0.9259259259259259,2.384185791015625e-07,0.0,0.0,,cfg02_G3_D32,2.171714791969862,cuda
evaluation,3676,2215,Warm A,-0.0019923674408346415,0.1111111119389534,0.08210381865501404,0.8888888888888888,2.384185791015625e-07,0.24030663073062897,0.5908381342887878,,cfg02_G3_D32,2.171714791969862,cuda
evaluation,3676,2215,Warm B,-0.004575579892843962,0.1111111119389534,0.09000895917415619,0.8765432098765432,1.7881393432617188e-07,0.33213165402412415,0.6142391562461853,,cfg02_G3_D32,2.171714791969862,cuda
evaluation,3676,2215,Warm C,0.0014146147295832634,0.1111111119389534,0.08362165093421936,0.8765432098765432,1.1920928955078125e-07,0.39280369877815247,0.828874409198761,,cfg02_G3_D32,2.171714791969862,cuda
evaluation,3678,2216,Cold,-0.005257604643702507,0.1111111119389534,0.13021297752857208,0.7037037037037037,1.1920928955078125e-07,0.0,0.0,,cfg02_G3_D32,2.171714791969862,cuda
evaluation,3678,2216,Warm A,-0.0010482793441042304,0.1111111119389534,0.11848984658718109,0.7407407407407407,1.1920928955078125e-07,0.23814000189304352,0.603524386882782,,cfg02_G3_D32,2.171714791969862,cuda
evaluation,3678,2216,Warm B,-0.002402480226010084,0.1111111119389534,0.13162650167942047,0.6666666666666666,1.1920928955078125e-07,0.322920024394989,0.4140152931213379,,cfg02_G3_D32,2.171714791969862,cuda
evaluation,3678,2216,Warm C,0.0003507683577481657,0.1111111119389534,0.12178311496973038,0.7407407407407407,1.1920928955078125e-07,0.444855660200119,0.6567959189414978,,cfg02_G3_D32,2.171714791969862,cuda
evaluation,3679,2217,Cold,-0.00484541105106473,0.1111110970377922,0.1115860864520073,0.8024691358024691,1.7881393432617188e-07,0.0,0.0,,cfg02_G3_D32,2.171714791969862,cuda
evaluation,3679,2217,Warm A,-0.007798988372087479,0.1111111119389534,0.12165448814630508,0.7283950617283951,2.384185791015625e-07,0.24427086114883423,0.46209970116615295,,cfg02_G3_D32,2.171714791969862,cuda
evaluation,3679,2217,Warm B,-0.009398340247571468,0.1111111119389534,0.1319759637117386,0.654320987654321,1.1920928955078125e-07,0.37208425998687744,0.32847777009010315,,cfg02_G3_D32,2.171714791969862,cuda
evaluation,3679,2217,Warm C,-0.0055420249700546265,0.1111111119389534,0.1170574426651001,0.7530864197530864,2.384185791015625e-07,0.442887544631958,0.3660339415073395,,cfg02_G3_D32,2.171714791969862,cuda
evaluation,3689,2225,Cold,-0.0020158819388598204,0.1111111119389534,0.08197687566280365,0.9135802469135802,1.7881393432617188e-07,0.0,0.0,,cfg02_G3_D32,2.171714791969862,cuda
evaluation,3689,2225,Warm A,0.0021164182107895613,0.1111111119389534,0.0803195983171463,0.9135802469135802,1.1920928955078125e-07,0.24306493997573853,0.8340399861335754,,cfg02_G3_D32,2.171714791969862,cuda
evaluation,3689,2225,Warm B,0.007462902460247278,0.1111111119389534,0.09958934038877487,0.8148148148148148,1.1920928955078125e-07,0.43315669894218445,0.33206993341445923,,cfg02_G3_D32,2.171714791969862,cuda
evaluation,3689,2225,Warm C,0.011826768517494202,0.1111111119389534,0.12090229243040085,0.7283950617283951,1.1920928955078125e-07,0.46897149085998535,0.24095351994037628,,cfg02_G3_D32,2.171714791969862,cuda
evaluation,3690,2226,Cold,-0.0013963856035843492,0.1111111119389534,0.07752105593681335,0.9382716049382716,2.384185791015625e-07,0.0,0.0,,cfg02_G3_D32,2.171714791969862,cuda
evaluation,3690,2226,Warm A,0.0023109717294573784,0.111111119389534,0.08185074478387833,0.9135802469135802,1.1920928955078125e-07,0.2506949305534363,0.7094727754592896,,cfg02_G3_D32,2.171714791969862,cuda
evaluation,3690,2226,Warm B,0.006928348448127508,0.111111119389534,0.10237813740968704,0.7901234567901234,2.384185791015625e-07,0.4350191056728363,0.42039909958839417,,cfg02_G3_D32,2.171714791969862,cuda
evaluation,3690,2226,Warm C,0.011651016771793365,0.1111111119389534,0.12362077832221985,0.7160493827160493,1.1920928955078125e-07,0.6103847622871399,0.20293858647346497,,cfg02_G3_D32,2.171714791969862,cuda
evaluation,3693,2227,Cold,-0.002467864193022251,0.111111119389534,0.07602450251579285,0.9629629629629629,2.384185791015625e-07,0.0,0.0,,cfg02_G3_D32,2.171714791969862,cuda
evaluation,3693,2227,Warm A,-0.004823238588869572,0.1111111119389534,0.08013830333948135,0.9629629629629629,2.384185791015625e-07,0.2482966184616089,0.6305330395698547,,cfg02_G3_D32,2.171714791969862,cuda
evaluation,3693,2227,Warm B,-0.0025357825215905905,0.111111119389534,0.08285257965326309,0.8765432098765432,1.1920928955078125e-07,0.4027981162071228,0.6590299606323242,,cfg02_G3_D32,2.171714791969862,cuda
evaluation,3693,2227,Warm C,0.0009860382415354252,0.111111119389534,0.10433275997638702,0.8024691358024691,1.1920928955078125e-07,0.6046103239059448,0.4382321536540985,,cfg02_G3_D32,2.171714791969862,cuda
evaluation,3694,2228,Cold,-0.00047175688087008893,0.1111111119389534,0.06944660097360611,0.9629629629629629,1.1920928955078125e-07,0.0,0.0,,cfg02_G3_D32,2.171714791969862,cuda
evaluation,3694,2228,Warm A,0.004316451959311962,0.1111111119389534,0.08397570997476578,0.9259259259259259,1.1920928955078125e-07,0.2484220415353775,0.4911596477031708,,cfg02_G3_D32,2.171714791969862,cuda
evaluation,3694,2228,Warm B,0.010195372626185417,0.1111111119389534,0.10669192671775818,0.8024691358024691,1.1920928955078125e-07,0.4391233026981354,0.5339574217796326,,cfg02_G3_D32,2.171714791969862,cuda
evaluation,3694,2228,Warm C,0.01342489942908287,0.1111111119389534,0.12601158022880554,0.691358024691358,1.1920928955078125e-07,0.6053727269172668,0.23767538368701935,,cfg02_G3_D32,2.171714791969862,cuda
evaluation,3696,2229,Cold,-0.001947824377566576,0.1111111119389534,0.07245586067438126,0.9753086419753086,2.384185791015625e-07,0.0,0.0,,cfg02_G3_D32,2.171714791969862,cuda
evaluation,3696,2229,Warm A,0.0019666545558720827,0.1111111119389534,0.08123032748699188,0.9135802469135802,2.384185791015625e-07,0.2468983680009842,0.4283908009529114,,cfg02_G3_D32,2.171714791969862,cuda
evaluation,3696,2229,Warm B,0.006402397528290749,0.1111110970377922,0.10376591980457306,0.8024691358024691,1.1920928955078125e-07,0.3710878789424896,0.3488565683364868,,cfg02_G3_D32,2.171714791969862,cuda
evaluation,3696,2229,Warm C,0.0019835177809000015,0.111111119389534,0.08437986671924591,0.9012345679012346,3.5762786865234375e-07,0.33692142367362976,0.6444784998893738,,cfg02_G3_D32,2.171714791969862,cuda
evaluation,3709,2242,Cold,-0.0005839910008944571,0.1111111119389534,0.06965063512325287,0.9753086419753086,2.384185791015625e-07,0.0,0.0,,cfg02_G3_D32,2.171714791969862,cuda
evaluation,3709,2242,Warm A,0.003369237994775176,0.1111111119389534,0.08718004822731018,0.9135802469135802,1.1920928955078125e-07,0.2516633868217468,0.44498711824417114,,cfg02_G3_D32,2.171714791969862,cuda
evaluation,3709,2242,Warm B,0.00744235934689641,0.1111111119389534,0.10920239239931107,0.7654320987654321,1.1920928955078125e-07,0.4594838321208954,0.3353012502193451,,cfg02_G3_D32,2.171714791969862,cuda
evaluation,3709,2242,Warm C,0.006893435958772898,0.1111111119389534,0.10362570732831955,0.8024691358024691,1.1920928955078125e-07,0.3665210008621216,0.32942715287208557,,cfg02_G3_D32,2.171714791969862,cuda
evaluation,3710,2243,Cold,5.647907892125659e-05,0.111111119389534,0.07974451035261154,0.9135802469135802,2.384185791015625e-07,0.0,0.0,,cfg02_G3_D32,2.171714791969862,cuda
evaluation,3710,2243,Warm A,0.007416082080453634,0.111111119389534,0.09427918493747711,0.8271604938271605,1.1920928955078125e-07,0.240564227104187,0.47132012248039246,,cfg02_G3_D32,2.171714791969862,cuda
evaluation,3710,2243,Warm B,0.010911805555224419,0.111111119389534,0.11645045876502991,0.7037037037037037,1.1920928955078125e-07,0.42904940247535706,0.24967502057552338,,cfg02_G3_D32,2.171714791969862,cuda
evaluation,3710,2243,Warm C,0.016230382025241852,0.1111111119389534,0.13573040068149567,0.6172839506172839,2.384185791015625e-07,0.5953613519668579,0.17611078917980194,,cfg02_G3_D32,2.171714791969862,cuda
evaluation,3713,2245,Cold,-0.0030601045582443476,0.1111110970377922,0.10007883608341217,0.8148148148148148,2.384185791015625e-07,0.0,0.0,,cfg02_G3_D32,2.171714791969862,cuda
evaluation,3713,2245,Warm A,-0.003236822783946991,0.1111111119389534,0.10437896102666855,0.8395061728395061,1.1920928955078125e-07,0.22845417261123657,0.6297726035118103,,cfg02_G3_D32,2.171714791969862,cuda
evaluation,3713,2245,Warm B,-2.5509592887829058e-05,0.1111111119389534,0.09425629675388336,0.8395061728395061,2.384185791015625e-07,0.2717435956001282,0.6122692227363586,,cfg02_G3_D32,2.171714791969862,cuda
evaluation,3713,2245,Warm C,-0.003697406267747283,0.1111111119389534,0.10269808769226074,0.8395061728395061,2.384185791015625e-07,0.3828439712524414,0.519182562828064,,cfg02_G3_D32,2.171714791969862,cuda
evaluation,3714,2246,Cold,-0.003408302552998066,0.1111110970377922,0.10119637101888657,0.8395061728395061,1.7881393432617188e-07,0.0,0.0,,cfg02_G3_D32,2.171714791969862,cuda
evaluation,3714,2246,Warm A,0.0028667980805039406,0.1111110970377922,0.094520203769207,0.8271604938271605,2.384185791015625e-07,0.24266885221004486,0.5578081011772156,,cfg02_G3_D32,2.171714791969862,cuda
evaluation,3714,2246,Warm B,0.008105970919132233,0.111111119389534,0.10568622499704361,0.7530864197530864,1.1920928955078125e-07,0.4300766885280609,0.5591195225715637,,cfg02_G3_D32,2.171714791969862,cuda
evaluation,3714,2246,Warm C,0.0030989896040409803,0.1111110970377922,0.09599921852350235,0.8024691358024691,2.384185791015625e-07,0.43962562084198,0.5922665596008301,,cfg02_G3_D32,2.171714791969862,cuda
evaluation,3715,2247,Cold,-0.002813361119478941,0.1111111119389534,0.09385720640420914,0.9012345679012346,1.7881393432617188e-07,0.0,0.0,,cfg02_G3_D32,2.171714791969862,cuda
evaluation,3715,2247,Warm A,0.003601497272029519,0.1111111119389534,0.08943787962198257,0.8888888888888888,1.7881393432617188e-07,0.2410852313041687,0.5935875773429871,,cfg02_G3_D32,2.171714791969862,cuda
evaluation,3715,2247,Warm B,0.008965901099145412,0.1111111119389534,0.10161012411117554,0.7654320987654321,2.384185791015625e-07,0.4176280200481415,0.3713594079017639,,cfg02_G3_D32,2.171714791969862,cuda
evaluation,3715,2247,Warm C,0.010933369398117065,0.1111110970377922,0.10587789118289948,0.8148148148148148,2.384185791015625e-07,0.5688673257827759,0.5517229437828064,,cfg02_G3_D32,2.171714791969862,cuda
evaluation,3716,2248,Cold,-0.0030924170278012753,0.1111111119389534,0.09494349360466003,0.8641975308641975,1.7881393432617188e-07,0.0,0.0,,cfg02_G3_D32,2.171714791969862,cuda
evaluation,3716,2248,Warm A,0.003559964243322611,0.1111111119389534,0.09100399911403656,0.8518518518518519,2.384185791015625e-07,0.24249866604804993,0.616223156452179,,cfg02_G3_D32,2.171714791969862,cuda
evaluation,3716,2248,Warm B,0.009139266796410084,0.1111111119389534,0.1033085435628891,0.7654320987654321,1.1920928955078125e-07,0.42992883920669556,0.45115023851394653,,cfg02_G3_D32,2.171714791969862,cuda
evaluation,3716,2248,Warm C,0.01246349886059761,0.1111111119389534,0.11881496012210846,0.691358024691358,1.1920928955078125e-07,0.5554283261299133,0.3188988268375397,,cfg02_G3_D32,2.171714791969862,cuda
evaluation,3718,2250,Cold,-0.0034343358129262924,0.1111110970377922,0.11586372554302216,0.7901234567901234,2.384185791015625e-07,0.0,0.0,,cfg02_G3_D32,2.171714791969862,cuda
evaluation,3718,2250,Warm A,-0.0013562581734731793,0.1111111119389534,0.11294402927160263,0.7654320987654321,1.1920928955078125e-07,0.22990086674690247,0.7491054534912109,,cfg02_G3_D32,2.171714791969862,cuda
evaluation,3718,2250,Warm B,-0.007382960058748722,0.111111119389534,0.12606313824653625,0.7530864197530864,1.1920928955078125e-07,0.3477233946323395,0.8001617789268494,,cfg02_G3_D32,2.171714791969862,cuda
evaluation,3718,2250,Warm C,-0.0045103998854756355,0.1111111119389534,0.11768582463264465,0.7654320987654321,1.7881393432617188e-07,0.34557804465293884,0.6109797358512878,,cfg02_G3_D32,2.171714791969862,cuda
evaluation,3720,2251,Cold,-0.0027245909441262484,0.1111111119389534,0.11298403888940811,0.7901234567901234,1.1920928955078125e-07,0.0,0.0,,cfg02_G3_D32,2.171714791969862,cuda
evaluation,3720,2251,Warm A,-0.004159558564424515,0.1111111119389534,0.12157843261957169,0.7530864197530864,2.384185791015625e-07,0.23383644223213196,0.5626169443130493,,cfg02_G3_D32,2.171714791969862,cuda
evaluation,3720,2251,Warm B,-0.0018628414254635572,0.1111111119389534,0.1141374334692955,0.7407407407407407,1.1920928955078125e-07,0.3145774006843567,0.6590027213096619,,cfg02_G3_D32,2.171714791969862,cuda
evaluation,3720,2251,Warm C,-0.005642069969326258,0.1111111119389534,0.12446746975183487,0.7530864197530864,2.384185791015625e-07,0.2898562252521515,0.5175881385803223,,cfg02_G3_D32,2.171714791969862,cuda
evaluation,3724,2253,Cold,-0.004243703093379736,0.1111111119389534,0.10667756199836731,0.8395061728395061,2.384185791015625e-07,0.0,0.0,,cfg02_G3_D32,2.171714791969862,cuda
evaluation,3724,2253,Warm A,-0.0034185140393674374,0.1111111119389534,0.10800056159496307,0.8024691358024691,2.384185791015625e-07,0.23341378569602966,0.5280038714408875,,cfg02_G3_D32,2.171714791969862,cuda
evaluation,3724,2253,Warm B,0.00013324599422048777,0.1111111119389534,0.09609852731227875,0.8271604938271605,2.980232238769531e-07,0.3437488377094269,0.5216132998466492,,cfg02_G3_D32,2.171714791969862,cuda
evaluation,3724,2253,Warm C,-0.004775486420840025,0.1111111119389534,0.10400713235139847,0.8518518518518519,1.1920928955078125e-07,0.35587215423583984,0.6093562841415405,,cfg02_G3_D32,2.171714791969862,cuda
evaluation,3725,2254,Cold,-0.003987519070506096,0.1111110970377922,0.10099488496780396,0.8518518518518519,1.7881393432617188e-07,0.0,0.0,,cfg02_G3_D32,2.171714791969862,cuda
evaluation,3725,2254,Warm A,0.0008809369755908847,0.1111111119389534,0.09072184562683105,0.8641975308641975,1.7881393432617188e-07,0.24338075518608093,0.8154279589653015,,cfg02_G3_D32,2.171714791969862,cuda
evaluation,3725,2254,Warm B,0.004553015809506178,0.1111111119389534,0.09289664775133133,0.8271604938271605,1.1920928955078125e-07,0.38461461663246155,0.5566805005073547,,cfg02_G3_D32,2.171714791969862,cuda
evaluation,3725,2254,Warm C,-0.0011320416815578938,0.1111111119389534,0.09099747985601425,0.8641975308641975,2.384185791015625e-07,0.34203121066093445,0.6563256978988647,,cfg02_G3_D32,2.171714791969862,cuda
evaluation,3726,2255,Cold,-0.0035554601345211267,0.1111111119389534,0.09632749855518341,0.8518518518518519,1.1920928955078125e-07,0.0,0.0,,cfg02_G3_D32,2.171714791969862,cuda
evaluation,3726,2255,Warm A,-0.001155632664449513,0.1111110970377922,0.09342163056135178,0.8518518518518519,1.7881393432617188e-07,0.2221335917711258,0.547275722026825,,cfg02_G3_D32,2.171714791969862,cuda
evaluation,3726,2255,Warm B,-0.0005765054374933243,0.1111111119389534,0.09159693121910095,0.8888888888888888,1.1920928955078125e-07,0.27245840430259705,0.6384886503219604,,cfg02_G3_D32,2.171714791969862,cuda
evaluation,3726,2255,Warm C,0.0013389462837949395,0.1111111119389534,0.09857217967510223,0.7777777777777778,1.1920928955078125e-07,0.3927448093891144,0.478421688079834,,cfg02_G3_D32,2.171714791969862,cuda
evaluation,3727,2256,Cold,-0.002164598321542144,0.1111111119389534,0.07638122141361237,0.9753086419753086,1.7881393432617188e-07,0.0,0.0,,cfg02_G3_D32,2.171714791969862,cuda
evaluation,3727,2256,Warm A,-0.005308132153004408,0.111111119389534,0.09663687646389008,0.9259259259259259,1.1920928955078125e-07,0.2182544320821762,0.5838548541069031,,cfg02_G3_D32,2.171714791969862,cuda
evaluation,3727,2256,Warm B,-0.0044860015623271465,0.1111110970377922,0.09119883179664612,0.9135802469135802,1.1920928955078125e-07,0.2670053243637085,0.5399152636528015,,cfg02_G3_D32,2.171714791969862,cuda
evaluation,3727,2256,Warm C,-0.007073729299008846,0.1111111119389534,0.11066926270723343,0.8518518518518519,1.7881393432617188e-07,0.3335703909397125,0.5408064126968384,,cfg02_G3_D32,2.171714791969862,cuda
evaluation,3728,2257,Cold,-0.0022634698543697596,0.1111110970377922,0.10032109171152115,0.8024691358024691,2.384185791015625e-07,0.0,0.0,,cfg02_G3_D32,2.171714791969862,cuda
evaluation,3728,2257,Warm A,-0.007732963189482689,0.1111110970377922,0.11613014340400696,0.7777777777777778,1.1920928955078125e-07,0.24092307686805725,0.485567569732666,,cfg02_G3_D32,2.171714791969862,cuda
evaluation,3728,2257,Warm B,-0.00960279069840908,0.1111111119389534,0.11731018871068954,0.8024691358024691,1.1920928955078125e-07,0.34309932589530945,0.5001184940338135,,cfg02_G3_D32,2.171714791969862,cuda
evaluation,3728,2257,Warm C,-0.009617382660508156,0.1111111119389534,0.12423337996006012,0.7654320987654321,2.384185791015625e-07,0.39677223563194275,0.5891150832176208,,cfg02_G3_D32,2.171714791969862,cuda
evaluation,3732,2260,Cold,-0.0025852727703750134,0.1111111119389534,0.0627637729048729,0.9876543209876543,2.384185791015625e-07,0.0,0.0,,cfg02_G3_D32,2.171714791969862,cuda
evaluation,3732,2260,Warm A,0.001266071805730462,0.1111110970377922,0.06992688030004501,0.9259259259259259,1.1920928955078125e-07,0.2434571087360382,0.4904758632183075,,cfg02_G3_D32,2.171714791969862,cuda
evaluation,3732,2260,Warm B,0.004907619673758745,0.1111111119389534,0.0903327614068985,0.8641975308641975,2.384185791015625e-07,0.37166139483451843,0.5312373042106628,,cfg02_G3_D32,2.171714791969862,cuda
evaluation,3732,2260,Warm C,0.0024816934019327164,0.1111111119389534,0.0742374137043953,0.9135802469135802,1.1920928955078125e-07,0.3472299873828888,0.41532811522483826,,cfg02_G3_D32,2.171714791969862,cuda
evaluation,3738,2263,Cold,-0.005490678362548351,0.111111119389534,0.12269486486911774,0.7407407407407407,2.384185791015625e-07,0.0,0.0,,cfg02_G3_D32,2.171714791969862,cuda
evaluation,3738,2263,Warm A,-0.0006341706030070782,0.111111119389534,0.10727871209383011,0.8024691358024691,1.1920928955078125e-07,0.24325942993164062,0.7230773568153381,,cfg02_G3_D32,2.171714791969862,cuda
evaluation,3738,2263,Warm B,0.0018408892210572958,0.1111111119389534,0.10185659676790237,0.8148148148148148,1.7881393432617188e-07,0.3592984974384308,0.6252309083938599,,cfg02_G3_D32,2.171714791969862,cuda
evaluation,3738,2263,Warm C,0.0026037320494651794,0.1111111119389534,0.10077130049467087,0.8395061728395061,1.1920928955078125e-07,0.3978184163570404,0.6133102178573608,,cfg02_G3_D32,2.171714791969862,cuda
evaluation,3743,2267,Cold,-0.0010300938738510013,0.1111111119389534,0.09741184860467911,0.9012345679012346,2.384185791015625e-07,0.0,0.0,,cfg02_G3_D32,2.171714791969862,cuda
evaluation,3743,2267,Warm A,0.0033956358674913645,0.1111111119389534,0.10254070907831192,0.8148148148148148,1.1920928955078125e-07,0.23207148909568787,0.4509159028530121,,cfg02_G3_D32,2.171714791969862,cuda
evaluation,3743,2267,Warm B,0.0033242751378566027,0.1111110970377922,0.10211853682994843,0.8271604938271605,2.384185791015625e-07,0.3472929000854492,0.5459875464439392,,cfg02_G3_D32,2.171714791969862,cuda
evaluation,3743,2267,Warm C,0.005738015752285719,0.1111111119389534,0.11558736860752106,0.7160493827160493,1.1920928955078125e-07,0.4925975799560547,0.4570055902004242,,cfg02_G3_D32,2.171714791969862,cuda
evaluation,3746,2270,Cold,-0.0026929322630167007,0.111111119389534,0.11432336270809174,0.7777777777777778,2.384185791015625e-07,0.0,0.0,,cfg02_G3_D32,2.171714791969862,cuda
evaluation,3746,2270,Warm A,-0.0041022044606506824,0.1111111119389534,0.12347295135259628,0.7530864197530864,2.384185791015625e-07,0.22928103804588318,0.6641282439231873,,cfg02_G3_D32,2.171714791969862,cuda
evaluation,3746,2270,Warm B,-0.004295396618545055,0.1111111119389534,0.1306084841489792,0.6666666666666666,2.384185791015625e-07,0.30218014121055603,0.34632664918899536,,cfg02_G3_D32,2.171714791969862,cuda
evaluation,3746,2270,Warm C,-0.002362754661589861,0.1111111119389534,0.11862339079380035,0.7654320987654321,1.1920928955078125e-07,0.366274356842041,0.6041898727416992,,cfg02_G3_D32,2.171714791969862,cuda
evaluation,3747,2271,Cold,-0.0018646327080205083,0.1111111119389534,0.10492920875549316,0.8148148148148148,1.1920928955078125e-07,0.0,0.0,,cfg02_G3_D32,2.171714791969862,cuda
evaluation,3747,2271,Warm A,-0.006213984917849302,0.111111119389534,0.12393755465745926,0.7530864197530864,1.1920928955078125e-07,0.24785323441028595,0.7849501967430115,,cfg02_G3_D32,2.171714791969862,cuda
evaluation,3747,2271,Warm B,-0.002138683572411537,0.1111111119389534,0.11336850374937057,0.8395061728395061,2.384185791015625e-07,0.2524860203266144,0.633224606513977,,cfg02_G3_D32,2.171714791969862,cuda
evaluation,3747,2271,Warm C,-0.003956400789320469,0.111111119389534,0.11619850993156433,0.8271604938271605,2.384185791015625e-07,0.3426884412765503,0.8163585066795349,,cfg02_G3_D32,2.171714791969862,cuda
evaluation,3758,2277,Cold,-0.0026358631439507008,0.1111111119389534,0.09417315572500229,0.8518518518518519,1.1920928955078125e-07,0.0,0.0,,cfg02_G3_D32,2.171714791969862,cuda
evaluation,3758,2277,Warm A,0.00255924672819674,0.111111119389534,0.09204898774623871,0.8395061728395061,2.384185791015625e-07,0.24826276302337646,0.7637135982513428,,cfg02_G3_D32,2.171714791969862,cuda
evaluation,3758,2277,Warm B,0.008482555858790874,0.1111110970377922,0.10109739005565643,0.7283950617283951,1.7881393432617188e-07,0.37125468254089355,0.5005747079849243,,cfg02_G3_D32,2.171714791969862,cuda
evaluation,3758,2277,Warm C,0.0052320342510938644,0.1111111119389534,0.09383759647607803,0.8518518518518519,2.384185791015625e-07,0.30547091364860535,0.40520572662353516,,cfg02_G3_D32,2.171714791969862,cuda
evaluation,3766,2281,Cold,-0.0013062715297564864,0.1111111119389534,0.08439360558986664,0.8888888888888888,1.1920928955078125e-07,0.0,0.0,,cfg02_G3_D32,2.171714791969862,cuda
evaluation,3766,2281,Warm A,0.003601066768169403,0.1111110970377922,0.09154035151004791,0.8518518518518519,1.1920928955078125e-07,0.2417469024658203,0.5088047385215759,,cfg02_G3_D32,2.171714791969862,cuda
evaluation,3766,2281,Warm B,0.007800278719514608,0.1111111119389534,0.10973556339740753,0.7283950617283951,1.7881393432617188e-07,0.42124560475349426,0.37762555480003357,,cfg02_G3_D32,2.171714791969862,cuda
evaluation,3766,2281,Warm C,0.010917948558926582,0.1111111119389534,0.1268642395734787,0.6419753086419753,1.1920928955078125e-07,0.618060827255249,0.23798835277557373,,cfg02_G3_D32,2.171714791969862,cuda
evaluation,3767,2282,Cold,-0.0009908615611493587,0.1111111119389534,0.08486972004175186,0.8888888888888888,1.1920928955078125e-07,0.0,0.0,,cfg02_G3_D32,2.171714791969862,cuda
evaluation,3767,2282,Warm A,0.004498858004808426,0.1111111119389534,0.09176954627037048,0.8395061728395061,1.1920928955078125e-07,0.23726801574230194,0.5626420974731445,,cfg02_G3_D32,2.171714791969862,cuda
evaluation,3767,2282,Warm B,0.007763754576444626,0.111111119389534,0.1103564128279686,0.7407407407407407,2.384185791015625e-07,0.43577536940574646,0.44883647561073303,,cfg02_G3_D32,2.171714791969862,cuda
evaluation,3767,2282,Warm C,0.012446969747543335,0.1111110970377922,0.12697620689868927,0.6419753086419753,1.1920928955078125e-07,0.620728075504303,0.3098461329936981,,cfg02_G3_D32,2.171714791969862,cuda
evaluation,3768,2283,Cold,-7.103788084350526e-05,0.1111111119389534,0.0842350423336029,0.8888888888888888,2.384185791015625e-07,0.0,0.0,,cfg02_G3_D32,2.171714791969862,cuda
evaluation,3768,2283,Warm A,0.005026675295084715,0.1111111119389534,0.09431029111146927,0.8148148148148148,1.1920928955078125e-07,0.24543419480323792,0.5432853698730469,,cfg02_G3_D32,2.171714791969862,cuda
evaluation,3768,2283,Warm B,0.00970679335296154,0.111111119389534,0.11368726193904877,0.7407407407407407,2.384185791015625e-07,0.4660186767578125,0.38462498784065247,,cfg02_G3_D32,2.171714791969862,cuda
evaluation,3768,2283,Warm C,0.014849239960312843,0.1111111119389534,0.13288997113704681,0.6296296296296297,2.384185791015625e-07,0.6466819643974304,0.21947112679481506,,cfg02_G3_D32,2.171714791969862,cuda
evaluation,3769,2284,Cold,-0.0039801751263439655,0.1111110970377922,0.09485483169555664,0.8518518518518519,2.384185791015625e-07,0.0,0.0,,cfg02_G3_D32,2.171714791969862,cuda
evaluation,3769,2284,Warm A,0.0007164297858253121,0.1111111119389534,0.08670163154602051,0.8888888888888888,1.1920928955078125e-07,0.23235531151294708,0.67080157995224,,cfg02_G3_D32,2.171714791969862,cuda
evaluation,3769,2284,Warm B,0.005427665077149868,0.1111111119389534,0.0909993126988411,0.8395061728395061,1.7881393432617188e-07,0.31639397144317627,0.6179572343826294,,cfg02_G3_D32,2.171714791969862,cuda
evaluation,3769,2284,Warm C,0.0013947660336270928,0.111111119389534,0.08542636781930923,0.9012345679012346,1.1920928955078125e-07,0.28798580169677734,0.5906451344490051,,cfg02_G3_D32,2.171714791969862,cuda
evaluation,3771,2286,Cold,-0.002926925662904978,0.1111111119389534,0.08502653986215591,0.9012345679012346,2.384185791015625e-07,0.0,0.0,,cfg02_G3_D32,2.171714791969862,cuda
evaluation,3771,2286,Warm A,0.0019115045433863997,0.1111110970377922,0.08717907965183258,0.8765432098765432,1.1920928955078125e-07,0.2327783703804016,0.5838573575019836,,cfg02_G3_D32,2.171714791969862,cuda
evaluation,3771,2286,Warm B,-0.002464509569108486,0.1111111119389534,0.0868050679564476,0.8765432098765432,1.1920928955078125e-07,0.34615400433540344,0.702116847038269,,cfg02_G3_D32,2.171714791969862,cuda
evaluation,3771,2286,Warm C,0.002615086268633604,0.1111111119389534,0.09029901027679443,0.8641975308641975,2.384185791015625e-07,0.4601573646068573,0.5910891890525818,,cfg02_G3_D32,2.171714791969862,cuda
evaluation,3773,2287,Cold,-0.0019542668014764786,0.1111111119389534,0.08976010233163834,0.9012345679012346,2.384185791015625e-07,0.0,0.0,,cfg02_G3_D32,2.171714791969862,cuda
evaluation,3773,2287,Warm A,0.003185014007613063,0.1111111119389534,0.09257131814956665,0.8395061728395061,2.384185791015625e-07,0.23230776190757751,0.6496712565422058,,cfg02_G3_D32,2.171714791969862,cuda
evaluation,3773,2287,Warm B,0.006706457585096359,0.1111111119389534,0.10609649866819382,0.7530864197530864,1.7881393432617188e-07,0.42566314339637756,0.4679300785064697,,cfg02_G3_D32,2.171714791969862,cuda
evaluation,3773,2287,Warm C,0.010467699728906155,0.1111111119389534,0.12190917879343033,0.6296296296296297,2.384185791015625e-07,0.6040329933166504,0.24133546650409698,,cfg02_G3_D32,2.171714791969862,cuda
evaluation,3774,2288,Cold,-0.0009935252601280808,0.1111111119389534,0.08480395376682281,0.9012345679012346,1.1920928955078125e-07,0.0,0.0,,cfg02_G3_D32,2.171714791969862,cuda
evaluation,3774,2288,Warm A,0.004820641130208969,0.1111111119389534,0.09213953465223312,0.8271604938271605,1.1920928955078125e-07,0.24418313801288605,0.5172523856163025,,cfg02_G3_D32,2.171714791969862,cuda
evaluation,3774,2288,Warm B,0.008297611027956009,0.1111111119389534,0.10764575004577637,0.7530864197530864,1.1920928955078125e-07,0.4483984410762787,0.4085354804992676,,cfg02_G3_D32,2.171714791969862,cuda
evaluation,3774,2288,Warm C,0.013136482797563076,0.1111110970377922,0.12946440279483795,0.6666666666666666,1.1920928955078125e-07,0.5154401659965515,0.1954406201839447,,cfg02_G3_D32,2.171714791969862,cuda
evaluation,3784,2290,Cold,0.00031127588590607047,0.1111111119389534,0.09584812819957733,0.8765432098765432,2.384185791015625e-07,0.0,0.0,,cfg02_G3_D32,2.171714791969862,cuda
evaluation,3784,2290,Warm A,0.0035674830432981253,0.1111111119389534,0.10653319954872131,0.7407407407407407,1.1920928955078125e-07,0.23219363391399384,0.5805736184120178,,cfg02_G3_D32,2.171714791969862,cuda
evaluation,3784,2290,Warm B,0.004585759714245796,0.1111111119389534,0.10113164782524109,0.7777777777777778,1.1920928955078125e-07,0.27600470185279846,0.673811674118042,,cfg02_G3_D32,2.171714791969862,cuda
evaluation,3784,2290,Warm C,0.00036529902718029916,0.1111110970377922,0.09723043441772461,0.8518518518518519,1.1920928955078125e-07,0.3289434015750885,0.6998717188835144,,cfg02_G3_D32,2.171714791969862,cuda
evaluation,3786,2292,Cold,-0.0012508169747889042,0.111111119389534,0.10078277438879013,0.8888888888888888,2.384185791015625e-07,0.0,0.0,,cfg02_G3_D32,2.171714791969862,cuda
evaluation,3786,2292,Warm A,-0.002202112227678299,0.1111111119389534,0.10963104665279388,0.8271604938271605,2.384185791015625e-07,0.24174046516418457,0.7012518048286438,,cfg02_G3_D32,2.171714791969862,cuda
evaluation,3786,2292,Warm B,-0.0037410182412713766,0.1111111119389534,0.11710261553525925,0.8024691358024691,3.5762786865234375e-07,0.4516568183898926,0.7918548583984375,,cfg02_G3_D32,2.171714791969862,cuda
evaluation,3786,2292,Warm C,0.00018136097060050815,0.1111111119389534,0.11884032934904099,0.7407407407407407,2.384185791015625e-07,0.5822446942329407,0.656653106212616,,cfg02_G3_D32,2.171714791969862,cuda
evaluation,3787,2293,Cold,-0.0012141693150624633,0.1111111119389534,0.10243448615074158,0.8765432098765432,1.1920928955078125e-07,0.0,0.0,,cfg02_G3_D32,2.171714791969862,cuda
evaluation,3787,2293,Warm A,-0.004553759004920721,0.1111111119389534,0.12017963081598282,0.8024691358024691,1.1920928955078125e-07,0.2494819015264511,0.711781919002533,,cfg02_G3_D32,2.171714791969862,cuda
evaluation,3787,2293,Warm B,-0.003431966295465827,0.111111119389534,0.11610573530197144,0.8765432098765432,2.384185791015625e-07,0.3466169536113739,0.6941524147987366,,cfg02_G3_D32,2.171714791969862,cuda
evaluation,3787,2293,Warm C,-0.005311105865985155,0.1111111119389534,0.12400106340646744,0.7901234567901234,2.384185791015625e-07,0.4057792127132416,0.3551411032676697,,cfg02_G3_D32,2.171714791969862,cuda
evaluation,3789,2295,Cold,-0.0053286561742424965,0.1111110970377922,0.1243663877248764,0.7283950617283951,1.1920928955078125e-07,0.0,0.0,,cfg02_G3_D32,2.171714791969862,cuda
evaluation,3789,2295,Warm A,-0.005100119858980179,0.1111111119389534,0.1374104619026184,0.654320987654321,1.7881393432617188e-07,0.2355891466140747,0.3871690332889557,,cfg02_G3_D32,2.171714791969862,cuda
evaluation,3789,2295,Warm B,-0.008201553486287594,0.1111111119389534,0.14859189093112946,0.5925925925925926,1.1920928955078125e-07,0.37758055329322815,0.22760091722011566,,cfg02_G3_D32,2.171714791969862,cuda
evaluation,3789,2295,Warm C,-0.006915689446032047,0.1111111119389534,0.13849028944969177,0.6296296296296297,2.384185791015625e-07,0.4411717653274536,0.3297109305858612,,cfg02_G3_D32,2.171714791969862,cuda
evaluation,3792,2297,Cold,-0.005012769252061844,0.1111110970377922,0.12959995865821838,0.7037037037037037,2.384185791015625e-07,0.0,0.0,,cfg02_G3_D32,2.171714791969862,cuda
evaluation,3792,2297,Warm A,-0.002631194656714797,0.1111111119389534,0.11961621791124344,0.7160493827160493,1.1920928955078125e-07,0.22761616110801697,0.5884154438972473,,cfg02_G3_D32,2.171714791969862,cuda
evaluation,3792,2297,Warm B,5.266190055408515e-05,0.1111111119389534,0.11166118830442429,0.691358024691358,1.1920928955078125e-07,0.38636645674705505,0.5877901911735535,,cfg02_G3_D32,2.171714791969862,cuda
evaluation,3792,2297,Warm C,-0.0009443165617994964,0.1111110970377922,0.11245208233594894,0.7407407407407407,2.384185791015625e-07,0.39204156398773193,0.7161781191825867,,cfg02_G3_D32,2.171714791969862,cuda
evaluation,3794,2299,Cold,-0.0020253178663551807,0.1111111119389534,0.10862155258655548,0.8148148148148148,1.1920928955078125e-07,0.0,0.0,,cfg02_G3_D32,2.171714791969862,cuda
evaluation,3794,2299,Warm A,0.0016745389439165592,0.1111111119389534,0.10972125083208084,0.8024691358024691,2.384185791015625e-07,0.23344342410564423,0.6892021298408508,,cfg02_G3_D32,2.171714791969862,cuda
evaluation,3794,2299,Warm B,-0.0028356967959553003,0.1111111119389534,0.11443288624286652,0.8148148148148148,2.980232238769531e-07,0.2995958924293518,0.8012313842773438,,cfg02_G3_D32,2.171714791969862,cuda
evaluation,3794,2299,Warm C,-0.006140616722404957,0.1111110970377922,0.12270187586545944,0.7777777777777778,1.7881393432617188e-07,0.3632623255252838,0.5930089354515076,,cfg02_G3_D32,2.171714791969862,cuda
evaluation,3795,2300,Cold,-0.0026775954756885767,0.1111110970377922,0.11051679402589798,0.8024691358024691,1.7881393432617188e-07,0.0,0.0,,cfg02_G3_D32,2.171714791969862,cuda
evaluation,3795,2300,Warm A,0.0014911694452166557,0.1111111119389534,0.10790502279996872,0.7530864197530864,2.384185791015625e-07,0.24327801167964935,0.7390945553779602,,cfg02_G3_D32,2.171714791969862,cuda
evaluation,3795,2300,Warm B,-0.0026066324207931757,0.1111111119389534,0.11182644218206406,0.7901234567901234,1.7881393432617188e-07,0.3203027546405792,0.6351929903030396,,cfg02_G3_D32,2.171714791969862,cuda
evaluation,3795,2300,Warm C,-0.0020465434063225985,0.1111110970377922,0.11326327174901962,0.8024691358024691,2.384185791015625e-07,0.4600948095321655,0.7710500955581665,,cfg02_G3_D32,2.171714791969862,cuda
evaluation,3799,2302,Cold,-0.00036923421430401504,0.1111110970377922,0.09656725823879242,0.8765432098765432,1.7881393432617188e-07,0.0,0.0,,cfg02_G3_D32,2.171714791969862,cuda
evaluation,3799,2302,Warm A,0.004171774722635746,0.1111111119389534,0.10430800169706345,0.7901234567901234,2.980232238769531e-07,0.23973654210567474,0.5580778121948242,,cfg02_G3_D32,2.171714791969862,cuda
evaluation,3799,2302,Warm B,0.008955877274274826,0.111111119389534,0.1176593080163002,0.7160493827160493,1.1920928955078125e-07,0.40137961506843567,0.23244726657867432,,cfg02_G3_D32,2.171714791969862,cuda
evaluation,3799,2302,Warm C,0.009229129180312157,0.1111111119389534,0.12367726862430573,0.6296296296296297,1.1920928955078125e-07,0.4610440135002136,0.4061104953289032,,cfg02_G3_D32,2.171714791969862,cuda
evaluation,3801,2303,Cold,-0.005631985608488321,0.1111111119389534,0.129719540476799,0.7160493827160493,5.960464477539063e-08,0.0,0.0,,cfg02_G3_D32,2.171714791969862,cuda
evaluation,3801,2303,Warm A,-0.009962344542145729,0.1111111119389534,0.13965138792991638,0.6790123456790124,1.1920928955078125e-07,0.2334849238395691,0.43754538893699646,,cfg02_G3_D32,2.171714791969862,cuda
evaluation,3801,2303,Warm B,-0.012960663996636868,0.1111111119389534,0.15084291994571686,0.5555555555555556,2.384185791015625e-07,0.4408385455608368,0.3215043842792511,,cfg02_G3_D32,2.171714791969862,cuda
evaluation,3801,2303,Warm C,-0.011635652743279934,0.1111111119389534,0.14593033492565155,0.5802469135802469,2.980232238769531e-07,0.46122199296951294,0.287006676197052,,cfg02_G3_D32,2.171714791969862,cuda
evaluation,3807,2305,Cold,-0.0030629318207502365,0.1111110970377922,0.08525624871253967,0.9012345679012346,1.7881393432617188e-07,0.0,0.0,,cfg02_G3_D32,2.171714791969862,cuda
evaluation,3807,2305,Warm A,0.0018086227355524898,0.1111111119389534,0.08193188905715942,0.8888888888888888,1.1920928955078125e-07,0.22984538972377777,0.6136559844017029,,cfg02_G3_D32,2.171714791969862,cuda
evaluation,3807,2305,Warm B,0.001505439868196845,0.1111111119389534,0.08663997799158096,0.8395061728395061,1.1920928955078125e-07,0.24567043781280518,0.5320337414741516,,cfg02_G3_D32,2.171714791969862,cuda
evaluation,3807,2305,Warm C,0.003941568545997143,0.111111119389534,0.09861525893211365,0.7901234567901234,1.1920928955078125e-07,0.3748558759689331,0.6112449765205383,,cfg02_G3_D32,2.171714791969862,cuda
evaluation,3810,2307,Cold,-0.0016550760483369231,0.1111111119389534,0.0961962640285492,0.8148148148148148,2.384185791015625e-07,0.0,0.0,,cfg02_G3_D32,2.171714791969862,cuda
evaluation,3810,2307,Warm A,0.0039000827819108963,0.1111111119389534,0.09652473032474518,0.7777777777777778,2.384185791015625e-07,0.20518480241298676,0.5867365002632141,,cfg02_G3_D32,2.171714791969862,cuda
evaluation,3810,2307,Warm B,0.008467757143080235,0.1111111119389534,0.11090579628944397,0.7283950617283951,1.1920928955078125e-07,0.296685129404068,0.6544293165206909,,cfg02_G3_D32,2.171714791969862,cuda
evaluation,3810,2307,Warm C,0.003719056025147438,0.1111111119389534,0.1001555398106575,0.7901234567901234,1.1920928955078125e-07,0.3464343547821045,0.6311540007591248,,cfg02_G3_D32,2.171714791969862,cuda
evaluation,3813,2310,Cold,-0.004705803468823433,0.1111111119389534,0.11085499078035355,0.8395061728395061,2.384185791015625e-07,0.0,0.0,,cfg02_G3_D32,2.171714791969862,cuda
evaluation,3813,2310,Warm A,0.0017805044772103429,0.1111111119389534,0.09697695821523666,0.8271604938271605,1.1920928955078125e-07,0.24404294788837433,0.6947763562202454,,cfg02_G3_D32,2.171714791969862,cuda
evaluation,3813,2310,Warm B,0.005427785683423281,0.1111111119389534,0.09604426473379135,0.8024691358024691,1.1920928955078125e-07,0.409761905670166,0.5636171698570251,,cfg02_G3_D32,2.171714791969862,cuda
evaluation,3813,2310,Warm C,0.0010650617768988013,0.111111119389534,0.09603197872638702,0.8641975308641975,2.384185791015625e-07,0.38815179467201233,0.5180714726448059,,cfg02_G3_D32,2.171714791969862,cuda
evaluation,3822,2314,Cold,-0.0017580452840775251,0.111111119389534,0.10111412405967712,0.8518518518518519,2.384185791015625e-07,0.0,0.0,,cfg02_G3_D32,2.171714791969862,cuda
evaluation,3822,2314,Warm A,-0.005630878731608391,0.11111113429069519,0.11834091693162918,0.8024691358024691,1.1920928955078125e-07,0.2385139763355255,0.7433463931083679,,cfg02_G3_D32,2.171714791969862,cuda
evaluation,3822,2314,Warm B,-0.005934553220868111,0.111111119389534,0.12069012969732285,0.7777777777777778,2.384185791015625e-07,0.3174053132534027,0.5043981671333313,,cfg02_G3_D32,2.171714791969862,cuda
evaluation,3822,2314,Warm C,-0.007224481552839279,0.1111111119389534,0.12950748205184937,0.7407407407407407,1.1920928955078125e-07,0.4270073473453522,0.6736270785331726,,cfg02_G3_D32,2.171714791969862,cuda
evaluation,3823,2315,Cold,-0.0017012719763442874,0.1111111119389534,0.10358602553606033,0.8271604938271605,1.1920928955078125e-07,0.0,0.0,,cfg02_G3_D32,2.171714791969862,cuda
evaluation,3823,2315,Warm A,-0.003781014820560813,0.1111111119389534,0.11076056957244873,0.7901234567901234,1.1920928955078125e-07,0.23224614560604095,0.5275866389274597,,cfg02_G3_D32,2.171714791969862,cuda
evaluation,3823,2315,Warm B,-5.6173699704231694e-05,0.111111119389534,0.09724344313144684,0.8148148148148148,2.384185791015625e-07,0.33104655146598816,0.620607316493988,,cfg02_G3_D32,2.171714791969862,cuda
evaluation,3823,2315,Warm C,-0.0006923858309164643,0.1111111119389534,0.09831826388835907,0.8518518518518519,1.1920928955078125e-07,0.4141019880771637,0.6142210364341736,,cfg02_G3_D32,2.171714791969862,cuda
evaluation,3824,2316,Cold,-0.001444541267119348,0.1111111119389534,0.1009078249335289,0.8765432098765432,2.384185791015625e-07,0.0,0.0,,cfg02_G3_D32,2.171714791969862,cuda
evaluation,3824,2316,Warm A,0.003983892034739256,0.1111111119389534,0.1039384976029396,0.7777777777777778,2.384185791015625e-07,0.2503467798233032,0.5158583521842957,,cfg02_G3_D32,2.171714791969862,cuda
evaluation,3824,2316,Warm B,0.006373928859829903,0.1111110970377922,0.1167164221405983,0.6790123456790124,2.384185791015625e-07,0.39076635241508484,0.5029623508453369,,cfg02_G3_D32,2.171714791969862,cuda
evaluation,3824,2316,Warm C,0.010007406584918499,0.111111119389534,0.12873657047748566,0.6419753086419753,1.1920928955078125e-07,0.5682703256607056,0.40056687593460083,,cfg02_G3_D32,2.171714791969862,cuda
evaluation,3831,2320,Cold,-0.002071202965453267,0.1111111119389534,0.10996787995100021,0.8395061728395061,2.384185791015625e-07,0.0,0.0,,cfg02_G3_D32,2.171714791969862,cuda
evaluation,3831,2320,Warm A,-0.0024579991586506367,0.111111119389534,0.10543268918991089,0.8395061728395061,2.384185791015625e-07,0.24586856365203857,0.5133127570152283,,cfg02_G3_D32,2.171714791969862,cuda
evaluation,3831,2320,Warm B,-0.004895688500255346,0.1111111119389534,0.11372482031583786,0.7654320987654321,2.384185791015625e-07,0.3891858160495758,0.32572993636131287,,cfg02_G3_D32,2.171714791969862,cuda
evaluation,3831,2320,Warm C,-0.003631584346294403,0.1111111119389534,0.11067378520965576,0.7777777777777778,2.384185791015625e-07,0.5166711807250977,0.5366644263267517,,cfg02_G3_D32,2.171714791969862,cuda
evaluation,3834,2321,Cold,-0.0022577778436243534,0.1111111119389534,0.08227327466011047,0.9259259259259259,2.384185791015625e-07,0.0,0.0,,cfg02_G3_D32,2.171714791969862,cuda
evaluation,3834,2321,Warm A,0.0035204291343688965,0.111111119389534,0.0835651159286499,0.8641975308641975,1.1920928955078125e-07,0.2406754493713379,0.6134897470474243,,cfg02_G3_D32,2.171714791969862,cuda
evaluation,3834,2321,Warm B,0.008490977808833122,0.1111111119389534,0.09744758903980255,0.8024691358024691,2.384185791015625e-07,0.44628918170928955,0.5518599152565002,,cfg02_G3_D32,2.171714791969862,cuda
evaluation,3834,2321,Warm C,0.009032833389937878,0.1111111119389534,0.09837280213832855,0.7901234567901234,1.1920928955078125e-07,0.5481065511703491,0.5366935133934021,,cfg02_G3_D32,2.171714791969862,cuda
evaluation,3835,2322,Cold,-0.0020177485421299934,0.1111110970377922,0.10223602503538132,0.8024691358024691,2.384185791015625e-07,0.0,0.0,,cfg02_G3_D32,2.171714791969862,cuda
evaluation,3835,2322,Warm A,0.0035802277270704508,0.1111111119389534,0.10112515836954117,0.7530864197530864,2.384185791015625e-07,0.255403071641922,0.47164011001586914,,cfg02_G3_D32,2.171714791969862,cuda
evaluation,3835,2322,Warm B,0.005452623125165701,0.1111111119389534,0.10527049750089645,0.7654320987654321,1.1920928955078125e-07,0.39879143238067627,0.5007941126823425,,cfg02_G3_D32,2.171714791969862,cuda
evaluation,3835,2322,Warm C,0.006139933131635189,0.1111111119389534,0.10620969533920288,0.7901234567901234,1.1920928955078125e-07,0.5623148083686829,0.5013543963432312,,cfg02_G3_D32,2.171714791969862,cuda
evaluation,3837,2324,Cold,0.0005566368345171213,0.1111111119389534,0.05766652897000313,0.9753086419753086,1.1920928955078125e-07,0.0,0.0,,cfg02_G3_D32,2.171714791969862,cuda
evaluation,3837,2324,Warm A,0.004785276483744383,0.1111111119389534,0.0860830619931221,0.9259259259259259,1.1920928955078125e-07,0.223960280418396,0.48649469017982483,,cfg02_G3_D32,2.171714791969862,cuda
evaluation,3837,2324,Warm B,0.008018320426344872,0.111111119389534,0.09841713309288025,0.8024691358024691,1.1920928955078125e-07,0.35359883308410645,0.3548596203327179,,cfg02_G3_D32,2.171714791969862,cuda
evaluation,3837,2324,Warm C,0.008000664412975311,0.1111110970377922,0.10149969160556793,0.8024691358024691,1.7881393432617188e-07,0.39117443561553955,0.641167163848877,,cfg02_G3_D32,2.171714791969862,cuda
evaluation,3840,2325,Cold,-0.0017333589494228363,0.1111111119389534,0.06401722133159637,0.9876543209876543,2.384185791015625e-07,0.0,0.0,,cfg02_G3_D32,2.171714791969862,cuda
evaluation,3840,2325,Warm A,0.0015829760814085603,0.1111110970377922,0.08078144490718842,0.9259259259259259,2.384185791015625e-07,0.23781907558441162,0.46979156136512756,,cfg02_G3_D32,2.171714791969862,cuda
evaluation,3840,2325,Warm B,0.004533117637038231,0.1111110970377922,0.09836333990097046,0.8024691358024691,1.1920928955078125e-07,0.3337869346141815,0.6610652804374695,,cfg02_G3_D32,2.171714791969862,cuda
evaluation,3840,2325,Warm C,0.008486250415444374,0.111111119389534,0.11006879806518555,0.7407407407407407,1.1920928955078125e-07,0.377531498670578,0.4306000769138336,,cfg02_G3_D32,2.171714791969862,cuda
evaluation,3846,2328,Cold,-0.0008372882730327547,0.1111110970377922,0.07580754160881042,0.9382716049382716,1.1920928955078125e-07,0.0,0.0,,cfg02_G3_D32,2.171714791969862,cuda
evaluation,3846,2328,Warm A,0.004841730929911137,0.1111111119389534,0.08308661729097366,0.9012345679012346,1.1920928955078125e-07,0.2174908071756363,0.635786771774292,,cfg02_G3_D32,2.171714791969862,cuda
evaluation,3846,2328,Warm B,0.007826940156519413,0.1111111119389534,0.1086978018283844,0.7407407407407407,1.1920928955078125e-07,0.3472447097301483,0.3936578333377838,,cfg02_G3_D32,2.171714791969862,cuda
evaluation,3846,2328,Warm C,0.003069560043513775,0.1111111119389534,0.08844906836748123,0.8271604938271605,1.1920928955078125e-07,0.31318992376327515,0.7080950140953064,,cfg02_G3_D32,2.171714791969862,cuda
evaluation,3858,2330,Cold,-0.0010895542800426483,0.1111111119389534,0.1037791445851326,0.8765432098765432,2.384185791015625e-07,0.0,0.0,,cfg02_G3_D32,2.171714791969862,cuda
evaluation,3858,2330,Warm A,-0.0016232887282967567,0.1111111119389534,0.10778112709522247,0.8641975308641975,1.1920928955078125e-07,0.24440516531467438,0.620851457118988,,cfg02_G3_D32,2.171714791969862,cuda
evaluation,3858,2330,Warm B,0.002747400663793087,0.1111111119389534,0.10194912552833557,0.8641975308641975,1.1920928955078125e-07,0.324632465839386,0.6199509501457214,,cfg02_G3_D32,2.171714791969862,cuda
evaluation,3858,2330,Warm C,0.004546639509499073,0.1111110970377922,0.10625376552343369,0.8148148148148148,1.1920928955078125e-07,0.39151304960250854,0.6126103401184082,,cfg02_G3_D32,2.171714791969862,cuda
evaluation,3859,2331,Cold,-0.0024800319224596024,0.111111119389534,0.10751999169588089,0.8024691358024691,1.1920928955078125e-07,0.0,0.0,,cfg02_G3_D32,2.171714791969862,cuda
evaluation,3859,2331,Warm A,-0.006505853030830622,0.1111111119389534,0.12000725418329239,0.7530864197530864,1.7881393432617188e-07,0.239825040102005,0.5201300978660583,,cfg02_G3_D32,2.171714791969862,cuda
evaluation,3859,2331,Warm B,-0.005504641681909561,0.1111111119389534,0.1142849549651146,0.7777777777777778,1.7881393432617188e-07,0.32983967661857605,0.5834876894950867,,cfg02_G3_D32,2.171714791969862,cuda
evaluation,3859,2331,Warm C,-0.007501375395804644,0.1111110970377922,0.12516462802886963,0.7530864197530864,1.1920928955078125e-07,0.4803660809993744,0.598338782787323,,cfg02_G3_D32,2.171714791969862,cuda
evaluation,3864,2334,Cold,0.0010799349984154105,0.1111110970377922,0.09240623563528061,0.8765432098765432,1.7881393432617188e-07,0.0,0.0,,cfg02_G3_D32,2.171714791969862,cuda
evaluation,3864,2334,Warm A,-0.0011308772955089808,0.1111111119389534,0.09357180446386337,0.8888888888888888,2.384185791015625e-07,0.2376578450202942,0.7719964385032654,,cfg02_G3_D32,2.171714791969862,cuda
evaluation,3864,2334,Warm B,0.002903297543525696,0.1111111119389534,0.10198850184679031,0.7901234567901234,1.1920928955078125e-07,0.3225591778755188,0.4413791298866272,,cfg02_G3_D32,2.171714791969862,cuda
evaluation,3864,2334,Warm C,0.0012398312101140618,0.1111111119389534,0.10067395865917206,0.7654320987654321,1.1920928955078125e-07,0.4235681891441345,0.6988016366958618,,cfg02_G3_D32,2.171714791969862,cuda
evaluation,3865,2335,Cold,-0.00222618761472404,0.1111111119389534,0.1069135069847107,0.8271604938271605,1.1920928955078125e-07,0.0,0.0,,cfg02_G3_D32,2.171714791969862,cuda
evaluation,3865,2335,Warm A,0.0028524515219032764,0.111111119389534,0.10743537545204163,0.7530864197530864,1.1920928955078125e-07,0.2382892519235611,0.6649149060249329,,cfg02_G3_D32,2.171714791969862,cuda
evaluation,3865,2335,Warm B,-0.002916509285569191,0.1111111119389534,0.11232801526784897,0.8024691358024691,2.384185791015625e-07,0.2611221671104431,0.7597342133522034,,cfg02_G3_D32,2.171714791969862,cuda
evaluation,3865,2335,Warm C,-0.004514707718044519,0.111111119389534,0.12002022564411163,0.8024691358024691,1.1920928955078125e-07,0.42287877202033997,0.7411244511604309,,cfg02_G3_D32,2.171714791969862,cuda
evaluation,3872,2339,Cold,-0.004522757604718208,0.1111111119389534,0.12211930751800537,0.7530864197530864,1.1920928955078125e-07,0.0,0.0,,cfg02_G3_D32,2.171714791969862,cuda
evaluation,3872,2339,Warm A,-0.0005401411326602101,0.1111111119389534,0.11089641600847244,0.7654320987654321,2.384185791015625e-07,0.23950831592082977,0.5957053303718567,,cfg02_G3_D32,2.171714791969862,cuda
evaluation,3872,2339,Warm B,-0.004892701283097267,0.1111111119389534,0.12000907212495804,0.7037037037037037,1.1920928955078125e-07,0.2742970883846283,0.6878029704093933,,cfg02_G3_D32,2.171714791969862,cuda
evaluation,3872,2339,Warm C,-0.004602232947945595,0.1111110970377922,0.1206703707575798,0.7160493827160493,1.1920928955078125e-07,0.30147427320480347,0.42447495460510254,,cfg02_G3_D32,2.171714791969862,cuda
evaluation,3877,2341,Cold,-0.0016986309783533216,0.1111111119389534,0.07521440088748932,0.9382716049382716,2.384185791015625e-07,0.0,0.0,,cfg02_G3_D32,2.171714791969862,cuda
evaluation,3877,2341,Warm A,0.0023573325015604496,0.1111111119389534,0.08080027997493744,0.8888888888888888,1.1920928955078125e-07,0.2449999451637268,0.5752882361412048,,cfg02_G3_D32,2.171714791969862,cuda
evaluation,3877,2341,Warm B,0.004211077932268381,0.1111110970377922,0.10098661482334137,0.8148148148148148,1.1920928955078125e-07,0.4587905704975128,0.3123609721660614,,cfg02_G3_D32,2.171714791969862,cuda
evaluation,3877,2341,Warm C,0.007142756599932909,0.111111119389534,0.12153052538633347,0.7530864197530864,1.1920928955078125e-07,0.6753787994384766,0.19474492967128754,,cfg02_G3_D32,2.171714791969862,cuda
evaluation,3879,2342,Cold,0.0006363089196383953,0.1111111119389534,0.09795595705509186,0.8518518518518519,1.1920928955078125e-07,0.0,0.0,,cfg02_G3_D32,2.171714791969862,cuda
evaluation,3879,2342,Warm A,-0.0013675295049324632,0.1111110970377922,0.10030443966388702,0.8641975308641975,1.1920928955078125e-07,0.23302310705184937,0.5539876818656921,,cfg02_G3_D32,2.171714791969862,cuda
evaluation,3879,2342,Warm B,0.0043099713511765,0.1111110970377922,0.10035756975412369,0.8148148148148148,1.7881393432617188e-07,0.26351305842399597,0.6058798432350159,,cfg02_G3_D32,2.171714791969862,cuda
evaluation,3879,2342,Warm C,0.008529826067388058,0.1111111119389534,0.11148601025342941,0.7530864197530864,2.384185791015625e-07,0.3223494291305542,0.5685834884643555,,cfg02_G3_D32,2.171714791969862,cuda
evaluation,3889,2344,Cold,-0.00029641840956173837,0.1111110970377922,0.09433967620134354,0.8888888888888888,1.1920928955078125e-07,0.0,0.0,,cfg02_G3_D32,2.171714791969862,cuda
evaluation,3889,2344,Warm A,0.0033793486654758453,0.111111119389534,0.1048969253897667,0.7901234567901234,2.384185791015625e-07,0.2463659793138504,0.6639432311058044,,cfg02_G3_D32,2.171714791969862,cuda
evaluation,3889,2344,Warm B,0.0025692700874060392,0.111111119389534,0.10444067418575287,0.8148148148148148,1.1920928955078125e-07,0.3462473750114441,0.605507493019104,,cfg02_G3_D32,2.171714791969862,cuda
evaluation,3889,2344,Warm C,0.005913457367569208,0.1111111119389534,0.1160660982131958,0.691358024691358,1.1920928955078125e-07,0.5040841102600098,0.38226333260536194,,cfg02_G3_D32,2.171714791969862,cuda
evaluation,3895,2346,Cold,-0.0020014317706227303,0.1111111119389534,0.11011213809251785,0.7777777777777778,1.7881393432617188e-07,0.0,0.0,,cfg02_G3_D32,2.171714791969862,cuda
evaluation,3895,2346,Warm A,0.002759298076853156,0.1111111119389534,0.11187040060758591,0.7407407407407407,2.384185791015625e-07,0.24012000858783722,0.6917575597763062,,cfg02_G3_D32,2.171714791969862,cuda
evaluation,3895,2346,Warm B,0.006579526234418154,0.1111110970377922,0.11926854401826859,0.7037037037037037,2.384185791015625e-07,0.42288726568222046,0.3556031286716461,,cfg02_G3_D32,2.171714791969862,cuda
evaluation,3895,2346,Warm C,0.009750726632773876,0.1111111119389534,0.1317531168460846,0.6172839506172839,5.960464477539063e-08,0.6258724331855774,0.2264031022787094,,cfg02_G3_D32,2.171714791969862,cuda
evaluation,3896,2347,Cold,-0.0015313802286982536,0.1111110970377922,0.10617408156394958,0.7901234567901234,1.1920928955078125e-07,0.0,0.0,,cfg02_G3_D32,2.171714791969862,cuda
evaluation,3896,2347,Warm A,-0.005950198974460363,0.1111111119389534,0.11944955587387085,0.7654320987654321,3.5762786865234375e-07,0.2118200957775116,0.6165138483047485,,cfg02_G3_D32,2.171714791969862,cuda
evaluation,3896,2347,Warm B,-0.002207293175160885,0.1111111119389534,0.11087502539157867,0.7901234567901234,1.1920928955078125e-07,0.3071112334728241,0.8297271728515625,,cfg02_G3_D32,2.171714791969862,cuda
evaluation,3896,2347,Warm C,-0.007172494661062956,0.1111111119389534,0.12233356386423111,0.7654320987654321,2.384185791015625e-07,0.4241749346256256,0.6300439238548279,,cfg02_G3_D32,2.171714791969862,cuda
evaluation,3901,2349,Cold,-0.002133955480530858,0.1111111119389534,0.1091223880648613,0.8024691358024691,2.384185791015625e-07,0.0,0.0,,cfg02_G3_D32,2.171714791969862,cuda
evaluation,3901,2349,Warm A,0.0032383741345256567,0.1111111119389534,0.10550364851951599,0.7777777777777778,1.1920928955078125e-07,0.2510227859020233,0.4846920073032379,,cfg02_G3_D32,2.171714791969862,cuda
evaluation,3901,2349,Warm B,0.007151913363486528,0.1111111119389534,0.1161353811621666,0.691358024691358,2.384185791015625e-07,0.3977559506893158,0.5608839392662048,,cfg02_G3_D32,2.171714791969862,cuda
evaluation,3901,2349,Warm C,0.01011964026838541,0.1111111119389534,0.12070408463478088,0.6790123456790124,2.384185791015625e-07,0.43609941005706787,0.49421340227127075,,cfg02_G3_D32,2.171714791969862,cuda
evaluation,3908,2350,Cold,0.0007258904515765607,0.1111111119389534,0.08227912336587906,0.9135802469135802,1.7881393432617188e-07,0.0,0.0,,cfg02_G3_D32,2.171714791969862,cuda
evaluation,3908,2350,Warm A,0.00535200210288167,0.1111110970377922,0.10049253702163696,0.8395061728395061,2.384185791015625e-07,0.23788274824619293,0.28342190384864807,,cfg02_G3_D32,2.171714791969862,cuda
evaluation,3908,2350,Warm B,0.004900237545371056,0.1111111119389534,0.10090979188680649,0.7901234567901234,1.7881393432617188e-07,0.3435577154159546,0.39595314860343933,,cfg02_G3_D32,2.171714791969862,cuda
evaluation,3908,2350,Warm C,0.008192123845219612,0.1111111119389534,0.11782199144363403,0.7160493827160493,5.960464477539063e-08,0.4215972423553467,0.4322168529033661,,cfg02_G3_D32,2.171714791969862,cuda
evaluation,3909,2351,Cold,-0.00034056566073559225,0.1111110970377922,0.0938868299126625,0.9012345679012346,1.1920928955078125e-07,0.0,0.0,,cfg02_G3_D32,2.171714791969862,cuda
evaluation,3909,2351,Warm A,0.0038349272217601538,0.1111110970377922,0.10229185968637466,0.8148148148148148,2.384185791015625e-07,0.24426178634166718,0.4254288673400879,,cfg02_G3_D32,2.171714791969862,cuda
evaluation,3909,2351,Warm B,0.0026594665832817554,0.1111111119389534,0.10256896913051605,0.7407407407407407,1.1920928955078125e-07,0.32821762561798096,0.5971936583518982,,cfg02_G3_D32,2.171714791969862,cuda
evaluation,3909,2351,Warm C,0.002206349279731512,0.1111111119389534,0.1004897803068161,0.7283950617283951,1.1920928955078125e-07,0.44273051619529724,0.55927574634552,,cfg02_G3_D32,2.171714791969862,cuda
evaluation,3914,2353,Cold,-0.0019272511126473546,0.1111111119389534,0.10533028095960617,0.8148148148148148,2.384185791015625e-07,0.0,0.0,,cfg02_G3_D32,2.171714791969862,cuda
evaluation,3914,2353,Warm A,-0.005094652529805899,0.1111111119389534,0.11773167550563812,0.7777777777777778,2.384185791015625e-07,0.22592328488826752,0.6981472373008728,,cfg02_G3_D32,2.171714791969862,cuda
evaluation,3914,2353,Warm B,-0.00195513223297894,0.1111111119389534,0.1057606190443039,0.7777777777777778,1.1920928955078125e-07,0.2777097225189209,0.7000338435173035,,cfg02_G3_D32,2.171714791969862,cuda
evaluation,3914,2353,Warm C,-0.0032488685101270676,0.1111110970377922,0.10799917578697205,0.7901234567901234,1.1920928955078125e-07,0.3441099524497986,0.6348411440849304,,cfg02_G3_D32,2.171714791969862,cuda
evaluation,3915,2354,Cold,-0.00276620639488101,0.1111111119389534,0.11401544511318207,0.7777777777777778,1.7881393432617188e-07,0.0,0.0,,cfg02_G3_D32,2.171714791969862,cuda
evaluation,3915,2354,Warm A,-0.0017072102054953575,0.1111111119389534,0.11232955753803253,0.7901234567901234,2.384185791015625e-07,0.21838566660881042,0.6077251434326172,,cfg02_G3_D32,2.171714791969862,cuda
evaluation,3915,2354,Warm B,0.00020316777226980776,0.1111111119389534,0.11304643750190735,0.7777777777777778,2.384185791015625e-07,0.31077951192855835,0.7714570164680481,,cfg02_G3_D32,2.171714791969862,cuda
evaluation,3915,2354,Warm C,-0.0027389356400817633,0.1111111119389534,0.11714746057987213,0.8024691358024691,1.1920928955078125e-07,0.32672470808029175,0.511975109577179,,cfg02_G3_D32,2.171714791969862,cuda
evaluation,3918,2357,Cold,0.0001666625903453678,0.1111111119389534,0.058725036680698395,0.9876543209876543,1.1920928955078125e-07,0.0,0.0,,cfg02_G3_D32,2.171714791969862,cuda
evaluation,3918,2357,Warm A,0.004299981519579887,0.1111111119389534,0.08086901903152466,0.9506172839506173,1.7881393432617188e-07,0.22902658581733704,0.5398234724998474,,cfg02_G3_D32,2.171714791969862,cuda
evaluation,3918,2357,Warm B,0.004369050730019808,0.1111111119389534,0.07036342471837997,0.9629629629629629,1.1920928955078125e-07,0.2957810163497925,0.6000592708587646,,cfg02_G3_D32,2.171714791969862,cuda
evaluation,3918,2357,Warm C,0.0010582079412415624,0.111111119389534,0.06768866628408432,0.9753086419753086,2.384185791015625e-07,0.3761461079120636,0.707710862159729,,cfg02_G3_D32,2.171714791969862,cuda
evaluation,3919,2358,Cold,0.0018251431174576283,0.1111110970377922,0.06898089498281479,0.9753086419753086,1.1920928955078125e-07,0.0,0.0,,cfg02_G3_D32,2.171714791969862,cuda
evaluation,3919,2358,Warm A,0.006074721924960613,0.1111111119389534,0.0964217409491539,0.9012345679012346,2.384185791015625e-07,0.23632249236106873,0.4222698211669922,,cfg02_G3_D32,2.171714791969862,cuda
evaluation,3919,2358,Warm B,0.009748983196914196,0.1111111119389534,0.12331485748291016,0.691358024691358,1.7881393432617188e-07,0.31075459718704224,0.2410464733839035,,cfg02_G3_D32,2.171714791969862,cuda
evaluation,3919,2358,Warm C,0.013637516647577286,0.1111111119389534,0.14485862851142883,0.6049382716049383,2.384185791015625e-07,0.4798843562602997,0.12641356885433197,,cfg02_G3_D32,2.171714791969862,cuda
evaluation,3920,2359,Cold,-0.0023752693086862564,0.1111111119389534,0.0906471237540245,0.9012345679012346,1.7881393432617188e-07,0.0,0.0,,cfg02_G3_D32,2.171714791969862,cuda
evaluation,3920,2359,Warm A,-0.0033636903390288353,0.111111119389534,0.10751918703317642,0.8518518518518519,2.384185791015625e-07,0.23013445734977722,0.7020815014839172,,cfg02_G3_D32,2.171714791969862,cuda
evaluation,3920,2359,Warm B,-0.0026306104846298695,0.1111111119389534,0.10140139609575272,0.9012345679012346,1.1920928955078125e-07,0.3778339922428131,0.7261983752250671,,cfg02_G3_D32,2.171714791969862,cuda
evaluation,3920,2359,Warm C,-0.002976937685161829,0.1111111119389534,0.1104080006480217,0.8024691358024691,2.384185791015625e-07,0.583250880241394,0.7833063006401062,,cfg02_G3_D32,2.171714791969862,cuda
evaluation,3923,2360,Cold,-0.0034148863051086664,0.111111119389534,0.09283757954835892,0.8641975308641975,2.384185791015625e-07,0.0,0.0,,cfg02_G3_D32,2.171714791969862,cuda
evaluation,3923,2360,Warm A,0.0003946979995816946,0.1111111119389534,0.08695420622825623,0.8395061728395061,1.1920928955078125e-07,0.24812069535255432,0.6507364511489868,,cfg02_G3_D32,2.171714791969862,cuda
evaluation,3923,2360,Warm B,0.004556134343147278,0.1111111119389534,0.09631585329771042,0.7777777777777778,2.384185791015625e-07,0.3942652940750122,0.5062670707702637,,cfg02_G3_D32,2.171714791969862,cuda
evaluation,3923,2360,Warm C,0.007009442895650864,0.1111111119389534,0.10511390119791031,0.7530864197530864,1.1920928955078125e-07,0.4514451324939728,0.4893984794616699,,cfg02_G3_D32,2.171714791969862,cuda
evaluation,3925,2361,Cold,-0.0028969296254217625,0.1111110970377922,0.09190115332603455,0.9259259259259259,1.7881393432617188e-07,0.0,0.0,,cfg02_G3_D32,2.171714791969862,cuda
evaluation,3925,2361,Warm A,-0.007395491003990173,0.1111111119389534,0.10724876075983047,0.8271604938271605,2.384185791015625e-07,0.24419304728507996,0.44669046998023987,,cfg02_G3_D32,2.171714791969862,cuda
evaluation,3925,2361,Warm B,-0.008882471360266209,0.1111111119389534,0.12490413337945938,0.7037037037037037,2.384185791015625e-07,0.3934474587440491,0.41492143273353577,,cfg02_G3_D32,2.171714791969862,cuda
evaluation,3925,2361,Warm C,-0.006359153892844915,0.1111111119389534,0.10909347236156464,0.8518518518518519,1.1920928955078125e-07,0.4021648168563843,0.7692140340805054,,cfg02_G3_D32,2.171714791969862,cuda
evaluation,3926,2362,Cold,-0.003533524228259921,0.1111110970377922,0.09706087410449982,0.8518518518518519,1.1920928955078125e-07,0.0,0.0,,cfg02_G3_D32,2.171714791969862,cuda
evaluation,3926,2362,Warm A,0.0020959984976798296,0.1111111119389534,0.090647391974926,0.7901234567901234,1.1920928955078125e-07,0.24818705022335052,0.7010735869407654,,cfg02_G3_D32,2.171714791969862,cuda
evaluation,3926,2362,Warm B,0.006691719405353069,0.1111111119389534,0.09676846861839294,0.7777777777777778,1.1920928955078125e-07,0.4123438596725464,0.7184705138206482,,cfg02_G3_D32,2.171714791969862,cuda
evaluation,3926,2362,Warm C,0.0024665079545229673,0.1111111119389534,0.09116373211145401,0.7901234567901234,2.384185791015625e-07,0.4156712591648102,0.6405966877937317,,cfg02_G3_D32,2.171714791969862,cuda
evaluation,3929,2365,Cold,-0.005138380452990532,0.111111119389534,0.1341983824968338,0.6790123456790124,1.1920928955078125e-07,0.0,0.0,,cfg02_G3_D32,2.171714791969862,cuda
evaluation,3929,2365,Warm A,-0.0034167603589594364,0.1111111119389534,0.12508727610111237,0.7037037037037037,1.7881393432617188e-07,0.2153605967760086,0.45033714175224304,,cfg02_G3_D32,2.171714791969862,cuda
evaluation,3929,2365,Warm B,-0.006461729761213064,0.1111111119389534,0.1354571431875229,0.6666666666666666,1.1920928955078125e-07,0.25830239057540894,0.4747273623943329,,cfg02_G3_D32,2.171714791969862,cuda
evaluation,3929,2365,Warm C,-0.008038895204663277,0.1111111119389534,0.14210835099220276,0.5925925925925926,1.1920928955078125e-07,0.3894927203655243,0.50132817029953,,cfg02_G3_D32,2.171714791969862,cuda
evaluation,3936,2368,Cold,-0.00579012231901288,0.1111111119389534,0.14032845199108124,0.5802469135802469,1.1920928955078125e-07,0.0,0.0,,cfg02_G3_D32,2.171714791969862,cuda
evaluation,3936,2368,Warm A,-0.003640740644186735,0.1111111119389534,0.1335660219192505,0.7037037037037037,1.1920928955078125e-07,0.23104965686798096,0.5132695436477661,,cfg02_G3_D32,2.171714791969862,cuda
evaluation,3936,2368,Warm B,-0.0020026734564453363,0.1111111119389534,0.12906305491924286,0.7160493827160493,1.1920928955078125e-07,0.37326717376708984,0.5034454464912415,,cfg02_G3_D32,2.171714791969862,cuda
evaluation,3936,2368,Warm C,0.002908032387495041,0.1111111119389534,0.12088601291179657,0.691358024691358,1.1920928955078125e-07,0.5120475888252258,0.6268375515937805,,cfg02_G3_D32,2.171714791969862,cuda
evaluation,3937,2369,Cold,-0.00043500104220584035,0.1111111119389534,0.07691693305969238,0.9259259259259259,1.1920928955078125e-07,0.0,0.0,,cfg02_G3_D32,2.171714791969862,cuda
evaluation,3937,2369,Warm A,0.004769021645188332,0.111111119389534,0.09026825428009033,0.8641975308641975,1.1920928955078125e-07,0.23228204250335693,0.5423564910888672,,cfg02_G3_D32,2.171714791969862,cuda
evaluation,3937,2369,Warm B,0.009562317281961441,0.1111111119389534,0.11339908838272095,0.7530864197530864,2.384185791015625e-07,0.40982815623283386,0.4903229773044586,,cfg02_G3_D32,2.171714791969862,cuda
evaluation,3937,2369,Warm C,0.005949412472546101,0.1111111119389534,0.09301579743623734,0.8765432098765432,1.1920928955078125e-07,0.39138495922088623,0.6371709108352661,,cfg02_G3_D32,2.171714791969862,cuda
evaluation,3943,2370,Cold,-0.0012956357095390558,0.1111111119389534,0.10451846569776535,0.8641975308641975,2.384185791015625e-07,0.0,0.0,,cfg02_G3_D32,2.171714791969862,cuda
evaluation,3943,2370,Warm A,0.0037981467321515083,0.1111111119389534,0.10407558083534241,0.8024691358024691,2.384185791015625e-07,0.217599019408226,0.6562947630882263,,cfg02_G3_D32,2.171714791969862,cuda
evaluation,3943,2370,Warm B,0.002098069991916418,0.1111110970377922,0.10329069942235947,0.8024691358024691,1.1920928955078125e-07,0.3754862844944,0.6783286929130554,,cfg02_G3_D32,2.171714791969862,cuda
evaluation,3943,2370,Warm C,-0.0018190639093518257,0.1111111119389534,0.10753084719181061,0.8148148148148148,1.1920928955078125e-07,0.4932813048362732,0.7146583795547485,,cfg02_G3_D32,2.171714791969862,cuda
evaluation,3946,2371,Cold,-0.0011136789107695222,0.1111110970377922,0.10394833981990814,0.8148148148148148,1.1920928955078125e-07,0.0,0.0,,cfg02_G3_D32,2.171714791969862,cuda
evaluation,3946,2371,Warm A,0.0031207408756017685,0.1111111119389534,0.10903418064117432,0.7283950617283951,1.1920928955078125e-07,0.2511955499649048,0.7123390436172485,,cfg02_G3_D32,2.171714791969862,cuda
evaluation,3946,2371,Warm B,0.008728870190680027,0.1111111119389534,0.11611675471067429,0.7037037037037037,5.960464477539063e-08,0.4137257933616638,0.3282439708709717,,cfg02_G3_D32,2.171714791969862,cuda
evaluation,3946,2371,Warm C,0.006944799795746803,0.1111111119389534,0.11540122330188751,0.7283950617283951,1.1920928955078125e-07,0.4737263023853302,0.5964643359184265,,cfg02_G3_D32,2.171714791969862,cuda
