item_idx,item_id,base_edge_logit_mean,target_edge_logit_mean,residual_edge_logit_mean,residual_edge_logit_std,residual_l2_norm,base_edge_probability_mean,target_edge_probability_mean,stage
1,2,-0.002556911,0.008219955,0.010776863,0.012733711,0.10009184,0.49917853,0.5017822,tuning
2,3,0.029709974,0.003930693,-0.02577928,0.025232654,0.21643773,0.5068126,0.500592,tuning
5,6,-0.025242623,-0.039385106,-0.01414249,0.014158816,0.12007229,0.49371454,0.4903311,tuning
9,10,-0.009058739,0.014322072,0.023380812,0.01842087,0.17859358,0.4976049,0.5032575,tuning
15,16,-0.019744836,-0.02979568,-0.010050844,0.011864232,0.09329556,0.49500716,0.49257538,tuning
18,19,0.043092176,0.032813136,-0.010279041,0.021185176,0.14128317,0.5100354,0.50751513,tuning
20,21,-0.022564504,-0.02959357,-0.0070290617,0.009178101,0.06936302,0.49436346,0.4926426,tuning
21,22,0.025103169,0.020093873,-0.0050092926,0.013993756,0.08917991,0.5057275,0.50451374,tuning
23,24,0.008012662,0.0065173325,-0.0014953305,0.012630155,0.076310195,0.50167495,0.5012954,tuning
24,25,-0.047974426,-0.056365296,-0.008390876,0.017704867,0.11755546,0.4882707,0.4862549,tuning
28,29,-0.05596275,-0.057274327,-0.0013115829,0.02834015,0.1702229,0.48628828,0.48600987,tuning
31,32,-0.046480525,-0.036302105,0.010178434,0.013057347,0.09933485,0.48867348,0.49116966,tuning
32,34,-0.050080504,-0.05875896,-0.008678457,0.022100661,0.14246112,0.48775032,0.48570082,tuning
34,36,-0.028523011,-0.021654474,0.0068685445,0.0098035885,0.07182159,0.4928606,0.49452728,tuning
35,39,-0.03021113,-0.04642228,-0.016211143,0.012942942,0.12446507,0.49252203,0.48858956,tuning
37,42,0.037888587,0.043135222,0.0052466346,0.019084662,0.11875628,0.5088099,0.5100233,tuning
39,44,0.03576161,0.010340847,-0.025420757,0.013659073,0.17314811,0.5083565,0.50218374,tuning
40,45,-0.009472296,-0.03864376,-0.02917147,0.015757948,0.19893304,0.49746758,0.49040297,tuning
42,47,-0.049816564,-0.043804765,0.0060117934,0.01325998,0.087354876,0.4877721,0.48928037,tuning
43,48,0.021203743,0.02442175,0.0032180066,0.013712965,0.084512934,0.5048578,0.5057057,tuning
44,50,-0.06831639,-0.035780564,0.032535832,0.016823139,0.21976702,0.48325947,0.49120882,tuning
45,52,-0.020739095,-0.028851045,-0.008111943,0.013701945,0.09553894,0.49481672,0.4928287,tuning
47,58,-0.036532726,-0.013235977,0.023296751,0.009074575,0.15001038,0.49093628,0.49657652,tuning
48,60,-0.001315871,-0.024632458,-0.023316592,0.0132916635,0.16103397,0.49945328,0.4938706,tuning
50,62,-0.0021233568,0.016241549,0.01836491,0.015344662,0.1435905,0.49920717,0.5036223,tuning
55,69,-0.02663686,-0.040043466,-0.013406613,0.014976289,0.12060246,0.49339783,0.49018848,tuning
56,70,0.005121515,-0.0043967236,-0.00951824,0.011733418,0.090651646,0.5010287,0.4986795,tuning
59,73,-0.036106717,-0.035073727,0.0010330005,0.01764791,0.10606871,0.49107578,0.49138,tuning
66,86,0.0041736043,-0.006608529,-0.01078213,0.00962387,0.08671468,0.50077206,0.4981733,tuning
69,89,0.030027155,0.034245007,0.0042178542,0.016463963,0.10197394,0.5068921,0.50781536,tuning
73,95,0.03362189,0.011233008,-0.022388877,0.014672896,0.16061135,0.5077738,0.5022915,tuning
75,101,-0.04758753,-0.055124477,-0.007536946,0.01484294,0.09988125,0.48842737,0.48666912,tuning
77,105,0.014399707,-0.0060339775,-0.020433687,0.01398355,0.14856212,0.5031498,0.4982735,tuning
81,112,-0.0013160391,-0.025494747,-0.02417871,0.015395961,0.17198618,0.49947992,0.49360383,tuning
86,125,-0.030954327,-0.029222468,0.0017318609,0.013608404,0.08230898,0.49239582,0.49278054,tuning
91,141,-0.018475182,-0.02858756,-0.010112384,0.010596532,0.0878845,0.49534306,0.4929142,tuning
92,144,-0.018411236,-0.029779263,-0.011368024,0.017903253,0.12724507,0.49535334,0.49257892,tuning
93,145,0.0116663035,-0.00082844245,-0.012494752,0.01412876,0.11316654,0.50255,0.4994866,tuning
95,150,-0.029123131,0.011641256,0.04076438,0.014203771,0.25900838,0.49267715,0.50253737,tuning
96,151,-0.004403325,-0.02167777,-0.01727444,0.010584731,0.12155633,0.4986757,0.49447748,tuning
98,153,0.04306297,0.04575346,0.0026904854,0.013620277,0.0833008,0.51011974,0.5107752,tuning
106,161,-0.01370509,-0.016621133,-0.002916043,0.012628198,0.07776302,0.49645153,0.49572787,tuning
107,162,-0.038026236,-0.06251781,-0.02449157,0.020516923,0.19169798,0.4906523,0.48480904,tuning
109,164,-0.01594887,-0.015766412,0.00018245551,0.015568483,0.09341731,0.49597672,0.49600327,tuning
110,165,0.003259479,0.005688496,0.0024290143,0.014345359,0.087297305,0.5005135,0.5010702,tuning
112,168,0.02827243,0.0384646,0.010192166,0.013733921,0.10261593,0.50654614,0.5089414,tuning
114,170,0.031401575,0.03818741,0.0067858426,0.012194909,0.08373461,0.50728494,0.5088868,tuning
116,172,0.044594333,0.03717557,-0.0074187624,0.012522522,0.087330736,0.5103644,0.50855786,tuning
119,175,-0.0065454757,-0.02623028,-0.019684803,0.011770377,0.1376125,0.49811777,0.4934035,tuning
120,176,-0.044806417,-0.026208093,0.018598314,0.012563696,0.13466541,0.4890026,0.4935328,tuning
122,180,-0.018354489,-0.012074318,0.006280168,0.011451381,0.07836253,0.4953981,0.49689817,tuning
124,185,0.032304842,0.049261983,0.016957141,0.022977622,0.17134342,0.5074789,0.51151854,tuning
133,196,0.03011728,0.031579174,0.0014618941,0.014926139,0.08998534,0.5070201,0.5074091,tuning
136,203,0.0069818073,0.0049851635,-0.0019966466,0.0116588855,0.070971705,0.50144696,0.5009674,tuning
137,204,0.031963754,0.011821924,-0.02014183,0.012806873,0.1432115,0.50741684,0.5025655,tuning
140,207,0.015393962,-0.0014879836,-0.01688195,0.011942083,0.12407291,0.50337654,0.49926335,tuning
141,208,0.042491477,0.026236812,-0.016254656,0.016414931,0.13860701,0.5099454,0.5060384,tuning
144,216,0.019264711,0.023039348,0.0037746388,0.019676186,0.12020984,0.5043795,0.50523704,tuning
147,222,-0.012763981,-0.011645264,0.0011187196,0.018244565,0.109672986,0.49664757,0.49685,tuning
148,223,-0.044750225,-0.03977918,0.0049710404,0.013781456,0.087903544,0.48906633,0.4903185,tuning
149,224,-0.0048364303,-0.0053519243,-0.00051549333,0.0076962262,0.046280824,0.49856153,0.49845165,tuning
150,225,0.03487655,0.040553574,0.005677016,0.018192979,0.11434888,0.50804204,0.50937396,tuning
153,230,-0.0014752812,-0.0061228937,-0.0046476177,0.014698144,0.09249264,0.4993664,0.49822596,tuning
155,232,-0.04535364,-0.00745002,0.037903618,0.011813117,0.23821087,0.48880658,0.49797413,tuning
156,233,-0.0042897654,-0.030058049,-0.025768284,0.013141421,0.17355475,0.49871165,0.492493,tuning
158,235,-0.023406142,-0.035516694,-0.0121105425,0.012886526,0.106104665,0.49415153,0.49126545,tuning
164,247,-0.02456278,-0.018746277,0.0058165058,0.010071015,0.069780044,0.49385822,0.4952792,tuning
166,249,-0.010310634,-0.018803008,-0.00849237,0.014910198,0.10295453,0.49727282,0.49526992,tuning
168,253,-0.003164659,-0.0014659845,0.0016986751,0.017993625,0.10844177,0.4990254,0.49945375,tuning
170,256,0.03213288,0.041569147,0.009436268,0.014189092,0.10224209,0.5074364,0.5096604,tuning
174,260,-0.020331854,0.009907652,0.030239506,0.014113604,0.20022582,0.49460533,0.50199974,tuning
175,261,0.0009035054,0.015844496,0.014940987,0.013320308,0.120099515,0.49987566,0.5034435,tuning
177,265,-0.025797013,-0.025363335,0.000433677,0.010609686,0.063711286,0.49350077,0.49360132,tuning
178,266,-0.00017910037,-0.026456842,-0.026277747,0.010477535,0.1697373,0.49972004,0.49336126,tuning
182,272,-0.029970203,-0.03004172,-7.151326e-05,0.012464095,0.0747858,0.4925627,0.49258253,tuning
183,273,0.03809971,0.0357269,-0.0023728092,0.018703535,0.113120675,0.508829,0.50821716,tuning
187,280,-0.011565731,-0.017149948,-0.005584223,0.009652575,0.06690895,0.49694857,0.49556604,tuning
189,282,0.015651256,0.014679629,-0.00097162824,0.01796597,0.10795334,0.5034192,0.50311404,tuning
190,288,0.007709382,-0.034029275,-0.041738655,0.012377881,0.26121214,0.5015338,0.49147654,tuning
193,292,0.020608421,0.019302802,-0.0013056296,0.016782567,0.10099966,0.50468373,0.5043235,tuning
194,293,-0.046161044,-0.029733598,0.016427448,0.015841858,0.1369296,0.48863703,0.49260488,tuning
195,296,-0.06166031,-0.069365814,-0.007705502,0.022495775,0.14267322,0.48495197,0.483197,tuning
199,303,0.03139047,0.02033377,-0.0110567,0.013861487,0.10638651,0.50727654,0.5045968,tuning
202,307,-0.048054233,-0.037492882,0.010561361,0.022018123,0.14652047,0.48813826,0.49077982,tuning
203,308,-0.038638555,-0.029699283,0.008939274,0.011278973,0.0863512,0.49045044,0.49263683,tuning
205,314,-0.023383122,-0.027852125,-0.004469005,0.011008261,0.071284905,0.49404955,0.49292743,tuning
207,316,0.0057049524,0.016424924,0.010719972,0.01284613,0.100388594,0.5012071,0.50380504,tuning
208,317,0.006580933,0.022408826,0.015827896,0.013217542,0.12372601,0.501387,0.50517505,tuning
209,318,-0.057153482,-0.004782898,0.052370578,0.009697953,0.31956565,0.48592383,0.49862984,tuning
210,319,-0.032231968,-0.027310217,0.004921741,0.013720343,0.08745838,0.49197823,0.4931842,tuning
214,327,0.026554383,0.012685083,-0.013869302,0.009420423,0.10059656,0.5061364,0.5027824,tuning
216,329,0.012847817,0.0033252744,-0.009522544,0.010404706,0.084626965,0.5028203,0.50047094,tuning
219,333,-0.012607602,-0.0028588416,0.0097487625,0.017842079,0.121990226,0.49676302,0.49906963,tuning
221,337,-0.016503314,-0.012353781,0.0041495324,0.0059157037,0.043355625,0.4957127,0.49671853,tuning
222,338,0.022172056,0.014990386,-0.0071816645,0.014685487,0.09808484,0.5051015,0.5033508,tuning
223,339,-0.004112684,-0.019260436,-0.015147752,0.011289939,0.113353506,0.49884415,0.4951563,tuning
225,342,-0.02666765,-0.0132012535,0.0134664,0.01611881,0.12602285,0.4933697,0.49660078,tuning
226,344,0.013740387,0.014519223,0.0007788326,0.015330651,0.09210253,0.5031023,0.5032543,tuning
227,345,-0.01925835,-0.027126878,-0.0078685265,0.01573786,0.10557168,0.49511167,0.49325854,tuning
229,348,-0.020747893,-0.02131813,-0.00057024363,0.012158319,0.07303011,0.49481064,0.494691,tuning
232,351,0.019664032,0.022900125,0.0032360929,0.013609721,0.08393501,0.5045038,0.5052738,tuning
234,353,0.0026259506,-0.026455346,-0.029081298,0.012544255,0.19002865,0.5003871,0.49336353,tuning
236,355,0.04878805,0.06588716,0.017099109,0.018893344,0.15289266,0.5113207,0.5153967,tuning
237,356,-0.03632873,-0.030252777,0.0060759466,0.011217958,0.07654639,0.49100855,0.492517,tuning
238,357,-0.04705246,-0.05235501,-0.0053025517,0.014857179,0.09465041,0.48850495,0.48724428,tuning
241,361,0.012944777,0.018855283,0.005910508,0.013930382,0.09079443,0.50286376,0.50428474,tuning
247,367,0.0029806148,-0.002602169,-0.005582789,0.019356756,0.12087454,0.5004721,0.49909577,tuning
248,368,0.0064854,0.0007926126,-0.0056927893,0.01044828,0.07139103,0.5013774,0.50000036,tuning
249,370,0.028590871,0.020576857,-0.008014017,0.015291117,0.103583485,0.5065666,0.5046122,tuning
250,371,0.007599324,0.0017347402,-0.0058645788,0.015941631,0.101916835,0.50151014,0.5000512,tuning
251,372,0.029446028,0.009717121,-0.019728905,0.014731788,0.14773351,0.50671077,0.5019635,tuning
252,373,-0.010795679,0.00466918,0.015464857,0.012420358,0.11900998,0.49707282,0.5008157,tuning
254,376,0.019445287,0.03526023,0.015814938,0.020093497,0.15342422,0.5044031,0.5081556,tuning
255,377,0.0011464515,-0.010505902,-0.011652352,0.0100533,0.09233884,0.50002503,0.49720225,tuning
258,380,-0.0038448449,0.0025620114,0.0064068562,0.016565464,0.10656758,0.49887657,0.5004172,tuning
260,382,0.027840653,0.025281161,-0.0025594933,0.016165376,0.098200485,0.5063981,0.5057576,tuning
261,383,0.02295999,0.0218127,-0.0011472958,0.011457038,0.06908604,0.5054103,0.5050848,tuning
265,405,0.05365526,0.06761835,0.0139630865,0.01845118,0.13883407,0.51262593,0.51595765,tuning
268,410,0.030928377,0.021790186,-0.009138193,0.01637123,0.1124938,0.5071408,0.50489384,tuning
269,412,0.0074670333,-0.0074845087,-0.01495154,0.011489247,0.11313642,0.50147414,0.49786648,tuning
274,417,-0.010917234,-0.014319528,-0.0034022927,0.0142288655,0.08777986,0.4971937,0.49639955,tuning
276,420,0.039508358,0.050052438,0.010544081,0.019476986,0.13288756,0.5093151,0.5118475,tuning
281,426,0.022655169,0.03381543,0.011160261,0.014503289,0.10980111,0.505206,0.5079024,tuning
283,428,-0.0135839395,0.0011550188,0.01473896,0.014301545,0.1232224,0.49641597,0.49994543,tuning
285,431,-0.011770004,-0.015247737,-0.0034777315,0.0128568085,0.079913184,0.49689558,0.49603182,tuning
287,434,0.037961002,0.041302435,0.0033414355,0.015584036,0.09562942,0.5089536,0.50971025,tuning
288,435,0.037814822,0.035580415,-0.002234408,0.017461251,0.10562179,0.5088055,0.5082057,tuning
292,440,-0.019051172,0.005935739,0.02498691,0.010061831,0.16162023,0.49516794,0.5012359,tuning
297,446,-0.04192496,-0.03150583,0.010419128,0.013914636,0.10429915,0.48961988,0.49218163,tuning
300,450,0.018015958,0.03024538,0.01222942,0.0216785,0.14934048,0.5040849,0.50693643,tuning
303,454,0.007970263,0.009463828,0.0014935636,0.012452835,0.075252496,0.50158954,0.5019381,tuning
304,455,0.0485748,0.053376153,0.00480135,0.011898489,0.076984234,0.51139235,0.51257396,tuning
306,457,-0.023182517,0.005985139,0.029167656,0.016601646,0.20136833,0.4940973,0.5011788,tuning
312,466,0.030750152,0.01492892,-0.01582123,0.013458438,0.12462693,0.5070891,0.50326425,tuning
315,471,-0.03010218,-0.019843685,0.010258485,0.012377164,0.09645469,0.49256673,0.49502432,tuning
318,475,-0.02676691,-0.019124793,0.0076421234,0.010254716,0.07673463,0.4932655,0.49507868,tuning
321,480,-0.006374555,-0.0071216663,-0.00074711244,0.012668515,0.07614315,0.498296,0.49813116,tuning
322,481,0.018940913,0.0161068,-0.0028341163,0.01385636,0.08485938,0.50421786,0.503489,tuning
325,485,0.049061835,0.03174775,-0.017314084,0.021163668,0.16406223,0.5113501,0.5071509,tuning
330,491,0.024314469,0.035881817,0.0115673505,0.017821915,0.12748048,0.50546974,0.50823146,tuning
331,492,-0.02168224,-0.012920964,0.0087612765,0.01488617,0.10363826,0.49457932,0.49669012,tuning
332,493,-0.008219121,-0.027290003,-0.01907088,0.011538556,0.13373901,0.49778736,0.49317968,tuning
333,494,0.012808786,-0.0031958288,-0.016004609,0.013280702,0.124783345,0.5028465,0.49897516,tuning
335,500,0.006572385,0.004943786,-0.0016285972,0.016981035,0.10235372,0.5013921,0.5009525,tuning
341,507,0.0049929535,-0.0031362756,-0.008129234,0.010870634,0.08144436,0.5009022,0.49892488,tuning
342,508,-0.0073492187,0.013726495,0.021075718,0.018330188,0.1675904,0.4979283,0.5029809,tuning
343,509,-0.020574013,-0.04461197,-0.02403796,0.01506871,0.17022347,0.49480426,0.48903286,tuning
347,514,-0.014993976,-0.008704829,0.006289149,0.0123621635,0.08321991,0.49615586,0.49765348,tuning
348,515,-0.028036216,-0.015447918,0.012588308,0.014949927,0.11726367,0.49294895,0.4959706,tuning
349,516,0.043845937,0.041309074,-0.0025368615,0.018800644,0.11382617,0.5102418,0.50957716,tuning
352,519,0.060065467,0.070380755,0.010315288,0.025171561,0.16321903,0.5141736,0.5166606,tuning
353,520,0.027330818,0.029579286,0.0022484683,0.015347822,0.093069896,0.5062767,0.5067765,tuning
357,524,0.0036389818,-0.0072904346,-0.0109294215,0.012176825,0.09817425,0.5005614,0.49789652,tuning
358,527,-0.05377082,-0.01464739,0.039123435,0.010330521,0.24278606,0.48671356,0.4962133,tuning
360,529,-0.027196858,-0.014480323,0.012716536,0.013282529,0.11033083,0.4931144,0.49617517,tuning
361,531,-0.018813882,-0.01235028,0.006463603,0.013093295,0.08761079,0.49518573,0.49672338,tuning
363,533,0.0408907,0.011187243,-0.029703451,0.019314421,0.21258482,0.5094812,0.50228745,tuning
364,534,-0.02672207,-0.007930318,0.018791748,0.009821972,0.12722278,0.49331337,0.49787718,tuning
365,535,-0.025822695,-0.03984666,-0.014023951,0.012293065,0.11189487,0.4935031,0.4901476,tuning
366,537,0.022721058,0.008827053,-0.013894005,0.0139509225,0.11813627,0.50517726,0.50178343,tuning
368,539,-0.020916713,-0.015845485,0.0050712363,0.009654095,0.06542999,0.49471104,0.49597925,tuning
371,542,0.034111913,0.039419692,0.0053077796,0.015574556,0.09872495,0.5079516,0.5091763,tuning
372,543,0.0060176607,-0.014009125,-0.02002678,0.012935424,0.1430465,0.5012318,0.4963956,tuning
374,546,0.058254905,0.05780031,-0.00045459677,0.020820903,0.12495518,0.51375985,0.5137048,tuning
379,551,-0.027874224,-0.049550995,-0.021676771,0.017921152,0.16875368,0.49311697,0.48789692,tuning
380,552,0.026329892,0.042552367,0.01622248,0.014502779,0.13056025,0.5060934,0.50998443,tuning
381,553,-0.015519421,-0.022340633,-0.0068212147,0.011956124,0.08259058,0.49606526,0.49440038,tuning
382,555,-0.029852675,-0.03854419,-0.008691508,0.015099554,0.10453421,0.49259636,0.49051726,tuning
385,562,-0.040980082,-0.05296067,-0.011980604,0.014669951,0.11364297,0.48990664,0.48705277,tuning
392,585,0.022065014,-0.004545037,-0.026610054,0.022142356,0.20770566,0.50490314,0.49856725,tuning
393,586,0.013092009,0.00867987,-0.00441214,0.011427008,0.07349534,0.50290537,0.50183624,tuning
396,589,-0.025888722,-0.005424099,0.020464621,0.014873422,0.15179163,0.49344766,0.4984545,tuning
397,590,-0.028257813,-0.004546987,0.023710825,0.008113857,0.15036412,0.49290106,0.49868006,tuning
399,593,-0.0462248,-0.019150289,0.027074521,0.017031271,0.19191504,0.4884811,0.49510723,tuning
400,594,0.046949234,0.04272212,-0.0042271107,0.011156632,0.07158352,0.51003736,0.5090164,tuning
401,595,-0.033065483,-0.026603237,0.0064622383,0.012233157,0.08301074,0.4917558,0.49330372,tuning
402,596,0.04440163,0.055625524,0.011223886,0.015105555,0.11291378,0.50945765,0.51206183,tuning
403,597,-0.0027296836,0.006438026,0.009167706,0.017068168,0.11624668,0.49909666,0.5013431,tuning
405,605,0.015667195,0.028297259,0.012630056,0.022348814,0.15402454,0.5034839,0.50645894,tuning
407,608,-0.054475293,-0.049896274,0.0045790267,0.022876818,0.13998352,0.48671028,0.4878868,tuning
409,610,0.02230367,-0.0016564234,-0.023960091,0.0137895625,0.16586913,0.5051196,0.4992406,tuning
410,611,0.037197348,0.04836207,0.011164722,0.017237624,0.123224676,0.50869185,0.51137835,tuning
414,616,0.03940434,0.035796758,-0.0036075811,0.0129363155,0.08057955,0.5089809,0.50802195,tuning
416,628,-0.013230976,0.011082169,0.024313148,0.012756054,0.16473755,0.4965629,0.5024488,tuning
422,647,0.00042789595,0.014073921,0.013646025,0.019829506,0.14442727,0.4998573,0.50309706,tuning
423,648,0.0069462005,0.021826636,0.014880438,0.02679154,0.18387958,0.5015141,0.50503695,tuning
425,653,0.027371438,0.02096108,-0.0064103613,0.01666553,0.1071353,0.50640136,0.50478625,tuning
428,663,-0.013133391,-0.017601844,-0.0044684466,0.0105876075,0.06895158,0.49662706,0.49553695,tuning
429,671,-0.035334177,-0.029039618,0.0062945583,0.015864002,0.10240297,0.49136475,0.49289715,tuning
430,673,0.04017346,0.030480405,-0.009693058,0.014868389,0.106493555,0.5093429,0.50697637,tuning
431,674,0.046244737,0.025055882,-0.021188853,0.008538837,0.13706806,0.5108344,0.5056557,tuning
432,678,-0.03181094,-0.033899605,-0.002088659,0.012553824,0.07635834,0.49202865,0.49154124,tuning
434,688,0.058006626,0.0547249,-0.003281726,0.029001992,0.17512244,0.51359385,0.51282394,tuning
441,707,0.033958018,0.03424062,0.00028260011,0.01920756,0.11525783,0.5078569,0.5079129,tuning
442,708,0.00093546923,0.008491395,0.0075559253,0.020021271,0.12839766,0.49998966,0.50174755,tuning
446,719,0.02833418,0.036793157,0.008458981,0.017546175,0.11687264,0.5064929,0.5085118,tuning
447,720,-0.06612345,-0.039698552,0.026424902,0.014997062,0.18230398,0.4838966,0.49031776,tuning
448,724,0.036614846,0.046811838,0.010196995,0.02175708,0.14416857,0.50845873,0.51081395,tuning
450,728,-0.03526483,-0.025854558,0.009410273,0.016961476,0.1163822,0.49135363,0.49364313,tuning
451,733,0.0018340556,0.0141447615,0.012310702,0.012147108,0.10376802,0.5002452,0.50323564,tuning
453,736,0.018824263,0.017243847,-0.0015804177,0.017073415,0.10287843,0.5042928,0.50383794,tuning
454,737,0.05224781,0.05905517,0.0068073664,0.014175776,0.094353296,0.51225984,0.51386046,tuning
455,741,-0.050514266,-0.045125876,0.0053883935,0.013982766,0.08991047,0.48758772,0.4889377,tuning
458,745,-0.078699276,-0.031005833,0.047693446,0.014780351,0.2995871,0.48075688,0.49233735,tuning
459,748,0.022373302,0.023351835,0.0009785292,0.015856806,0.09532182,0.5050694,0.50525546,tuning
462,762,0.056127183,0.058481786,0.0023546023,0.031414624,0.18901645,0.5130989,0.5135536,tuning
466,778,-0.03996895,-0.039474957,0.0004939808,0.012926722,0.07761694,0.49015024,0.4903077,tuning
467,780,0.0038978143,-0.0030292214,-0.0069270353,0.015356702,0.10108034,0.50072604,0.49906355,tuning
470,783,-0.0005633202,-0.030548923,-0.029985603,0.01345984,0.19720785,0.49962553,0.49237335,tuning
471,784,0.04225777,0.02002909,-0.022228675,0.029836481,0.22323948,0.5097112,0.5043816,tuning
472,785,-0.024585273,-0.03586314,-0.011277861,0.012294562,0.1001023,0.4939001,0.49114624,tuning
473,786,0.031665284,0.034032233,0.002366947,0.015326662,0.09305012,0.50740665,0.50795704,tuning
474,788,0.017509762,0.016485397,-0.0010243622,0.019458978,0.11691553,0.5040057,0.50366455,tuning
475,798,0.04528435,0.05058013,0.005295776,0.012317367,0.08044538,0.51058203,0.5118429,tuning
476,799,-0.013878478,-0.032877818,-0.018999338,0.013332423,0.13926312,0.49650055,0.49188778,tuning
479,802,-0.0057619223,-0.0063319183,-0.00056999945,0.013016105,0.07817148,0.49838278,0.4982133,tuning
480,804,0.006967652,0.009491965,0.0025243142,0.016058506,0.0975342,0.5014173,0.5020029,tuning
481,805,-0.0040780175,-0.006127432,-0.0020494135,0.011414857,0.06958423,0.4987162,0.49819782,tuning
487,832,0.0016653272,0.03347653,0.03181121,0.026479771,0.24833995,0.50008386,0.50769997,tuning
490,836,0.044621557,0.06018067,0.015559111,0.014117203,0.12605447,0.5105789,0.5143748,tuning
492,838,-0.03494855,-0.02529532,0.009653226,0.010042776,0.0835794,0.4913546,0.49371302,tuning
496,849,0.04164171,0.028996034,-0.012645672,0.024819897,0.16713423,0.5096656,0.5066184,tuning
499,858,-0.02208896,0.011695715,0.033784673,0.011781243,0.21467945,0.493942,0.50218207,tuning
500,861,0.015313751,-0.013497097,-0.028810846,0.008956945,0.18102624,0.5034168,0.4964302,tuning
501,866,-0.033532344,-0.028942803,0.0045895427,0.011723901,0.07554135,0.4917362,0.49283934,tuning
502,879,0.029752446,0.029665463,-8.6977976e-05,0.013388917,0.0803352,0.5068936,0.5068946,tuning
510,898,0.02198362,0.041926697,0.019943075,0.009255386,0.13191657,0.50407124,0.508851,tuning
511,899,0.015955172,0.01458234,-0.0013728297,0.009143834,0.0554779,0.5031259,0.50279766,tuning
512,900,0.033475976,0.033664513,0.0001885413,0.0067971637,0.040798668,0.5073923,0.50741196,tuning
515,903,0.020910904,0.047016438,0.026105536,0.021084497,0.20134045,0.50443727,0.5106781,tuning
517,905,0.03452851,0.04548854,0.010960031,0.016906157,0.12088778,0.50691694,0.5094062,tuning
520,908,0.008771421,0.02117541,0.012403989,0.0053783855,0.081119016,0.5012613,0.50426275,tuning
521,909,0.02451248,0.05410516,0.02959268,0.027239889,0.24132669,0.50517476,0.512246,tuning
522,910,0.01409632,0.018981263,0.0048849415,0.006242443,0.047559507,0.5027009,0.503886,tuning
523,911,0.014443048,0.032201722,0.017758677,0.00841697,0.117914274,0.5030011,0.5073202,tuning
524,912,0.026006304,0.020622946,-0.0053833565,0.007799995,0.05686419,0.5050986,0.5038505,tuning
525,913,0.029079821,0.03331889,0.0042390665,0.009229698,0.060939748,0.5059774,0.5069829,tuning
527,915,0.02157671,0.02900106,0.0074243494,0.008431617,0.06740677,0.5045095,0.5063102,tuning
528,916,0.014004234,0.046771597,0.03276736,0.019582085,0.22903642,0.5026935,0.51061386,tuning
531,919,0.034964725,0.03542708,0.00046234898,0.011780386,0.070736736,0.5072306,0.507321,tuning
533,921,-0.020916458,-0.017522117,0.0033943392,0.012877302,0.079902895,0.49456537,0.4953465,tuning
537,926,0.022908933,0.033212602,0.010303665,0.0042055575,0.06677335,0.5045258,0.50700814,tuning
539,928,0.02906402,0.03216091,0.0030968953,0.007989802,0.051413976,0.50588244,0.5066048,tuning
541,930,0.021449864,0.02968808,0.008238215,0.00577743,0.06037291,0.50412786,0.5060885,tuning
542,931,0.03977486,0.032571565,-0.0072032977,0.010873502,0.07825816,0.5087881,0.50696653,tuning
544,933,0.030220373,0.057101388,0.02688101,0.02529202,0.22145405,0.50661045,0.5130246,tuning
549,940,0.04225635,0.02903352,-0.01322283,0.008879742,0.09556646,0.50900495,0.50578845,tuning
554,945,0.025127318,0.025473243,0.0003459278,0.0074227783,0.04458501,0.50480676,0.50485903,tuning
559,950,0.032687083,0.04116504,0.00847796,0.0114695495,0.08557657,0.5066603,0.508642,tuning
560,951,0.027606366,0.03352685,0.0059204833,0.012739032,0.084285595,0.50554186,0.5069292,tuning
561,952,0.04433143,0.028732916,-0.015598519,0.0074527683,0.10372498,0.5101754,0.50639755,tuning
563,954,0.03777012,0.044072423,0.006302308,0.010092195,0.071390286,0.50772357,0.5092201,tuning
564,955,0.032943163,0.029593447,-0.0033497135,0.0059101456,0.04076045,0.5066437,0.5058124,tuning
566,968,0.020088593,-0.0030779433,-0.023166535,0.012330534,0.15746205,0.50447035,0.49884292,tuning
567,969,0.029481402,0.03184774,0.002366341,0.006321411,0.040498804,0.5061977,0.5067854,tuning
568,971,0.023462914,0.03001133,0.006548419,0.01104447,0.07703918,0.5049803,0.5065489,tuning
572,986,-0.01704412,-0.0052178707,0.011826249,0.013578609,0.10803979,0.4957074,0.4985611,tuning
575,994,-0.041306052,-0.024059104,0.017246947,0.011192347,0.123361774,0.48980296,0.49398163,tuning
576,996,0.023395894,0.024193414,0.0007975203,0.015031958,0.09031859,0.50535655,0.505503,tuning
578,999,0.004007314,-0.005570996,-0.009578312,0.008341377,0.076207705,0.50070786,0.49840322,tuning
585,1009,0.03520434,0.04271624,0.0075118947,0.011789274,0.08387467,0.50827515,0.5100853,tuning
586,1010,0.0468018,0.047237437,0.00043563498,0.022452734,0.13474177,0.51078486,0.5107548,tuning
588,1012,0.035432067,0.037982058,0.0025499864,0.012815013,0.07839752,0.5077975,0.50832295,tuning
589,1013,0.049302462,0.04102405,-0.0082784165,0.012316883,0.08904246,0.5112822,0.5092591,tuning
591,1015,0.0010304406,0.02026721,0.019236766,0.019458462,0.16417263,0.50006026,0.5046944,tuning
593,1017,0.034609307,0.047125146,0.012515836,0.021220533,0.147819,0.50789064,0.51087534,tuning
595,1019,0.030978637,0.023303758,-0.0076748813,0.014697093,0.09948216,0.5069174,0.504997,tuning
596,1020,0.012079781,0.00053718523,-0.011542599,0.014259651,0.11007493,0.5026519,0.499822,tuning
598,1022,0.038301118,0.05835287,0.020051748,0.021692112,0.1772409,0.50844884,0.51325,tuning
599,1023,-0.0033118697,0.01727409,0.020585962,0.007744022,0.13196613,0.4985431,0.5035923,tuning
602,1027,0.02810367,0.029458828,0.0013551586,0.017141659,0.10317085,0.50641084,0.5067006,tuning
603,1028,0.022619477,0.024640879,0.0020214012,0.015040167,0.091052376,0.5049679,0.5053737,tuning
604,1029,0.04702227,0.028434549,-0.018587722,0.010085893,0.12688668,0.5102495,0.5056695,tuning
605,1030,0.042399365,0.032990858,-0.009408508,0.014810365,0.10527682,0.5099518,0.50763416,tuning
606,1031,0.031596083,0.007961016,-0.023635067,0.013501348,0.16331717,0.5073393,0.5015385,tuning
607,1032,0.042148966,0.01851479,-0.023634177,0.012035784,0.15913402,0.50937283,0.5035636,tuning
608,1033,0.023886694,-0.002972153,-0.026858848,0.017019298,0.19078246,0.5053779,0.49877378,tuning
610,1035,0.029930873,0.023004256,-0.006926617,0.006666854,0.057682745,0.50684375,0.5051544,tuning
611,1036,-0.02401062,0.008743228,0.032753848,0.0054535335,0.19922853,0.4938568,0.50184256,tuning
612,1037,0.052934688,0.06405896,0.011124272,0.0163984,0.118893445,0.51242757,0.5150638,tuning
613,1041,-0.045162026,-0.04516028,1.740228e-06,0.014023799,0.0841428,0.48896375,0.48899066,tuning
614,1042,-0.0047719637,-0.0152254505,-0.010453489,0.018694248,0.12851074,0.49859673,0.49602503,tuning
617,1047,0.006322355,-0.009235212,-0.015557568,0.018676145,0.14584275,0.5012671,0.4973961,tuning
623,1059,-0.0022466695,-0.025688427,-0.023441758,0.016600255,0.1723457,0.49919394,0.49357796,tuning
624,1060,-0.04532725,-0.043075968,0.0022512814,0.016658949,0.10086228,0.48891905,0.48950496,tuning
626,1064,0.012080199,0.02262191,0.010541708,0.012071411,0.0961586,0.50259614,0.50516164,tuning
629,1073,0.016240522,0.0011726419,-0.015067882,0.011108593,0.11232056,0.5035124,0.4998451,tuning
630,1077,-0.02457243,-0.015768128,0.008804298,0.014818835,0.10342189,0.49344656,0.49564043,tuning
631,1078,-0.00049281825,0.017383864,0.017876675,0.012706729,0.13159527,0.49932146,0.5036251,tuning
632,1079,-0.042316344,-0.024866734,0.017449617,0.011602849,0.12573047,0.4894711,0.49369028,tuning
633,1080,-0.020357646,-0.015067859,0.0052897893,0.006816115,0.05176762,0.4946357,0.49594525,tuning
634,1081,0.0046648807,0.0025684577,-0.002096422,0.017729012,0.10711518,0.5008173,0.5002234,tuning
637,1084,0.009851803,0.02012221,0.0102704065,0.012531646,0.097215444,0.50176036,0.5042038,tuning
639,1086,0.027216725,0.04931917,0.022102445,0.01767735,0.16981238,0.5058956,0.5111532,tuning
641,1089,-0.053372,-0.046328563,0.0070434394,0.02262543,0.14217849,0.4868472,0.48861653,tuning
642,1090,-0.020655056,-0.010082624,0.010572428,0.008124008,0.07999954,0.4946111,0.4971678,tuning
644,1092,0.008310464,0.0152250035,0.0069145397,0.014500612,0.09638894,0.50178325,0.5034321,tuning
645,1093,0.008668652,-0.015033954,-0.023702607,0.012141116,0.15978715,0.50182265,0.49607483,tuning
646,1094,-0.01258283,-0.038067393,-0.025484566,0.012204157,0.16953632,0.49669817,0.49054766,tuning
647,1095,-0.039526977,-0.033682182,0.005844792,0.014672203,0.094761096,0.49020725,0.4916429,tuning
648,1096,-0.011925643,-0.0034191092,0.008506528,0.005968823,0.06235033,0.49668333,0.49875396,tuning
649,1097,-0.018425535,0.0012186277,0.019644162,0.016268805,0.15303731,0.4951979,0.49994946,tuning
651,1100,0.04486942,0.045950636,0.0010812146,0.012802083,0.07708596,0.51056385,0.5108189,tuning
652,1101,-0.004709041,0.008385133,0.013094177,0.017943261,0.1332781,0.4985971,0.50173867,tuning
653,1103,0.041128248,0.030705806,-0.010422438,0.01770885,0.1232895,0.50914204,0.5064929,tuning
654,1104,0.03159793,0.023428,-0.00816993,0.010724743,0.08089279,0.50666904,0.504632,tuning
656,1120,-0.010512909,-0.00039455213,0.010118357,0.015085761,0.10898902,0.49719536,0.4995705,tuning
657,1124,0.018996425,0.0111491615,-0.007847266,0.013228286,0.09228445,0.50420535,0.502265,tuning
658,1125,0.012942232,0.029154625,0.016212394,0.014662365,0.13115548,0.5026582,0.50654954,tuning
659,1126,0.050821397,0.02848015,-0.022341255,0.0361186,0.2548189,0.51200014,0.50665236,tuning
660,1127,-0.00155705,-0.023917798,-0.022360746,0.0149255525,0.16130684,0.49939457,0.4939605,tuning
662,1129,0.022940785,0.0063126828,-0.016628103,0.015297023,0.13556452,0.505222,0.5011358,tuning
663,1130,0.028187267,0.017642362,-0.010544903,0.013231424,0.1015163,0.5066031,0.5039793,tuning
664,1131,-0.03681998,-0.011459928,0.025360048,0.006147225,0.15656671,0.4906584,0.49684033,tuning
665,1132,-0.039518468,-0.015645355,0.023873117,0.0091400575,0.15337792,0.49003342,0.49580225,tuning
666,1135,0.047415122,0.052961007,0.0055458774,0.017836899,0.11207507,0.51122946,0.5125177,tuning
667,1136,-0.03517174,-0.013517222,0.021654518,0.013550781,0.1532694,0.49088854,0.49620882,tuning
668,1147,-0.040776044,-0.021593252,0.019182798,0.015955966,0.14970843,0.48995924,0.4946661,tuning
674,1171,-0.043978415,-0.03337646,0.010601943,0.014234304,0.10649224,0.48918575,0.49174726,tuning
681,1179,-0.019821718,-0.036905065,-0.017083347,0.013960892,0.1323741,0.49489117,0.49074772,tuning
685,1186,-0.009474484,-0.029351704,-0.019877218,0.011231906,0.13698666,0.49741718,0.49260214,tuning
687,1188,-0.034348886,-0.031915147,0.0024337408,0.01490713,0.09062694,0.49149022,0.49210685,tuning
688,1189,-0.024561955,-0.015444294,0.0091176545,0.008819467,0.07611128,0.49371612,0.49593624,tuning
690,1191,0.040430427,0.04138401,0.0009535848,0.025145516,0.15098155,0.5093848,0.5095451,tuning
694,1196,-0.036239624,-0.019537754,0.016701873,0.015862862,0.13820632,0.4907621,0.49484566,tuning
695,1197,-0.03521289,-0.026009256,0.009203634,0.0129649965,0.09539774,0.4911302,0.49341542,tuning
698,1200,-0.032575805,-0.036838233,-0.0042624306,0.019920822,0.122230396,0.49176535,0.49080086,tuning
699,1201,0.012200596,0.020811971,0.008611377,0.008846557,0.07407446,0.50246793,0.5045985,tuning
701,1203,0.018422069,0.047448695,0.029026628,0.013123951,0.19113396,0.5036238,0.5106159,tuning
702,1204,-0.0055840705,0.0159911,0.021575168,0.010773155,0.14469193,0.49792373,0.50323653,tuning
703,1205,0.017139103,0.01233231,-0.004806786,0.020847458,0.12836659,0.50377905,0.5025476,tuning
704,1206,-0.017172879,-0.02469261,-0.0075197318,0.02020718,0.12936598,0.49532974,0.49355057,tuning
705,1207,0.008760061,0.053162444,0.044402383,0.02174407,0.2966438,0.5013341,0.51206887,tuning
706,1208,-0.020259622,-0.011033492,0.009226135,0.007950872,0.073076434,0.49454758,0.4967848,tuning
709,1211,-0.025214458,-0.026281469,-0.0010670085,0.0134634,0.08103369,0.49357128,0.49335778,tuning
710,1212,0.017649826,0.029750176,0.012100351,0.005689501,0.08022718,0.5033224,0.5062843,tuning
711,1213,-0.05293005,-0.03773369,0.0151963495,0.017688181,0.13991724,0.4869292,0.4906773,tuning
712,1214,-0.015737038,0.018478028,0.034215067,0.011846,0.2172463,0.4957553,0.5041005,tuning
713,1215,-0.034484595,-0.033107743,0.0013768516,0.015937585,0.095981695,0.49149874,0.49185547,tuning
715,1217,-0.038590834,-0.026367685,0.012223148,0.014986826,0.11603607,0.49021414,0.49324587,tuning
716,1218,-0.033285797,-0.023191858,0.010093931,0.008220711,0.07810782,0.49164975,0.49411523,tuning
717,1219,0.014961693,0.0437172,0.028755512,0.013769219,0.19129284,0.50300735,0.50994843,tuning
718,1220,-0.014660431,0.010380134,0.025040563,0.0077601452,0.15729268,0.4960567,0.50216573,tuning
719,1221,-0.02339498,-0.005942123,0.017452857,0.017338576,0.14760834,0.49375322,0.49805397,tuning
721,1223,-0.054296207,-0.029172143,0.025124053,0.013767267,0.171893,0.48660004,0.49272177,tuning
722,1224,-0.04550626,-0.011324207,0.034182053,0.01218926,0.2177422,0.48864365,0.49693626,tuning
723,1225,-0.032624736,-0.017975908,0.014648825,0.01009312,0.106735796,0.49165085,0.49525696,tuning
725,1227,-0.007450723,-0.0019063349,0.005544392,0.00982339,0.06768023,0.4978165,0.49918196,tuning
727,1230,-0.032876417,-0.022375498,0.01050092,0.011898298,0.09521658,0.49152735,0.49410662,tuning
728,1231,-0.008022975,0.008496338,0.016519316,0.010157653,0.11635449,0.49754354,0.50151753,tuning
730,1234,-0.014870099,0.01620168,0.031071782,0.009845479,0.19556583,0.49578846,0.50333095,tuning
731,1235,-0.009453683,0.0014308947,0.010884581,0.009237696,0.085657045,0.49716642,0.49979407,tuning
733,1237,0.013436944,0.019802814,0.0063658706,0.008969377,0.065992914,0.50233674,0.50383765,tuning
734,1238,-0.005101589,0.023150975,0.028252568,0.009145431,0.1781754,0.4984522,0.5053323,tuning
735,1240,-0.021160059,0.0110224085,0.032182466,0.012587099,0.20733853,0.49444702,0.50228673,tuning
737,1242,-0.023181427,0.008182307,0.03136374,0.013834542,0.20567653,0.49408737,0.50171393,tuning
738,1243,-0.021615813,-0.010556184,0.011059625,0.009998781,0.08945654,0.49449334,0.49718183,tuning
739,1244,-0.022440871,-0.02631756,-0.003876692,0.011090918,0.070493534,0.49409947,0.49317953,tuning
740,1245,-0.038394127,-0.045187216,-0.0067930743,0.017325478,0.11165774,0.49045938,0.48887804,tuning
741,1246,-0.013473142,-0.0029800364,0.010493106,0.009969627,0.08684443,0.49639383,0.49892712,tuning
742,1247,-0.0004771956,0.004381483,0.004858681,0.009082931,0.061804775,0.49917936,0.500403,tuning
743,1248,0.021620937,0.011332021,-0.010288917,0.010927254,0.09005333,0.5046161,0.5021112,tuning
744,1249,-0.04209838,-0.016263686,0.025834698,0.010952422,0.16836253,0.48947594,0.49578714,tuning
745,1250,0.009652323,0.035421908,0.025769584,0.012005824,0.17057432,0.50148517,0.507719,tuning
747,1252,-0.015155892,0.012157515,0.027313408,0.017792184,0.1955838,0.49577272,0.5024388,tuning
748,1253,0.034237005,0.045409992,0.0111729875,0.009050972,0.08627402,0.5073644,0.51006293,tuning
749,1254,0.018176744,0.0317052,0.013528456,0.008415848,0.0955952,0.50345176,0.5067386,tuning
750,1256,0.037546534,0.033274148,-0.004272391,0.005073834,0.039798196,0.5076759,0.50664604,tuning
751,1257,-0.017049646,-0.022322573,-0.0052729305,0.011994951,0.07861664,0.4956061,0.4943462,tuning
752,1258,-0.02565066,-0.009604422,0.016046235,0.022029553,0.16352426,0.49340704,0.49735737,tuning
753,1259,-0.03150163,0.0043107187,0.03581234,0.01861568,0.24217024,0.49199498,0.5006775,tuning
755,1261,-0.019166457,-0.014488257,0.004678205,0.018548487,0.1147761,0.49510658,0.49629486,tuning
756,1262,0.0012394153,0.059263196,0.058023784,0.018994492,0.36632198,0.49963787,0.5137002,tuning
758,1264,-0.013471534,-0.008013507,0.005458024,0.00840563,0.060133245,0.49632338,0.49768013,tuning
759,1265,-0.040296517,-0.06433596,-0.024039445,0.025134683,0.2086799,0.49006355,0.48433214,tuning
761,1267,0.008127381,0.0030327865,-0.005094594,0.0043623173,0.04024238,0.50129914,0.5000562,tuning
762,1268,0.015430033,0.015999611,0.0005695776,0.01745558,0.10478921,0.50335604,0.5034469,tuning
763,1269,0.029279564,0.018751033,-0.010528531,0.012887687,0.09984952,0.50610894,0.5035125,tuning
764,1270,-0.01957006,0.01050104,0.030071102,0.009477195,0.18917501,0.49493816,0.5023076,tuning
765,1271,-0.0067395074,0.0070662946,0.013805804,0.020611927,0.1488498,0.49807432,0.5014112,tuning
766,1272,0.0033469168,0.016904477,0.013557559,0.008802731,0.09698781,0.5001756,0.50344855,tuning
770,1276,-0.0081953965,0.023462228,0.031657625,0.0076111234,0.19535825,0.49736056,0.5050707,tuning
772,1278,-0.02377981,0.014598142,0.03837795,0.011169278,0.23982145,0.49369988,0.50303787,tuning
774,1280,-0.04239932,-0.022580897,0.019818425,0.007933686,0.12808466,0.48940027,0.4942076,tuning
775,1281,0.035465643,0.027313745,-0.008151896,0.008630983,0.07123273,0.50736433,0.5054238,tuning
776,1282,0.03616556,0.015042661,-0.021122904,0.007130224,0.13376328,0.5075583,0.5024609,tuning
777,1283,0.01993911,0.030427486,0.010488377,0.009984242,0.0868843,0.50412756,0.50668806,tuning
779,1285,-0.02555659,-0.035911277,-0.010354688,0.014283439,0.10585133,0.4935828,0.49111325,tuning
780,1286,0.03639606,0.041476164,0.005080105,0.015333378,0.0969181,0.50850356,0.5096889,tuning
781,1287,0.027600486,0.038301464,0.010700973,0.008252767,0.08108196,0.50607353,0.5086557,tuning
782,1288,-0.0408575,-0.04098197,-0.00012447446,0.02071008,0.12426273,0.4897288,0.48977342,tuning
784,1290,0.00078343437,0.004460075,0.0036766434,0.010184813,0.064968705,0.49988815,0.50074214,tuning
785,1291,-0.026097573,-0.004085014,0.022012562,0.010735895,0.14694639,0.49342668,0.498824,tuning
786,1292,-0.026293537,-0.022537066,0.0037564735,0.00897384,0.058370132,0.49320978,0.4941635,tuning
787,1293,-0.013098797,0.0071339407,0.020232737,0.0117910355,0.14050665,0.49632704,0.50123316,tuning
789,1295,-0.002991953,-0.0084472485,-0.005455297,0.010030168,0.068506375,0.49894175,0.4976528,tuning
791,1297,-0.004249739,-0.009928933,-0.0056791888,0.0066185594,0.052326925,0.4986577,0.49727502,tuning
792,1298,0.0070601385,-0.017245552,-0.024305684,0.0132024335,0.16595946,0.501353,0.49548796,tuning
793,1299,-0.034877192,0.006181064,0.041058257,0.011523856,0.25586885,0.49108568,0.5010535,tuning
794,1300,-0.032924697,-0.029784597,0.0031400952,0.015234435,0.09332811,0.49157387,0.49241054,tuning
795,1301,0.022913378,0.023327662,0.0004142854,0.012142142,0.072895244,0.50493586,0.504983,tuning
796,1302,-0.018354991,-0.023261227,-0.0049062367,0.010512504,0.06960618,0.4952415,0.49407366,tuning
798,1304,-0.00089918263,0.012871823,0.013771004,0.0073387343,0.093626454,0.49923897,0.5025856,tuning
801,1307,-0.028609233,-0.013959333,0.014649902,0.013863595,0.12101851,0.492813,0.49637604,tuning
802,1320,0.030003093,0.020054536,-0.009948555,0.01544758,0.1102436,0.5069241,0.50450337,tuning
804,1327,0.044243906,0.020312192,-0.023931712,0.014944644,0.16928819,0.51050717,0.5046862,tuning
807,1333,0.019732764,0.02002416,0.00029140164,0.01229959,0.07381825,0.5042977,0.5043376,tuning
810,1339,-0.007075596,-0.003543238,0.0035323584,0.01575039,0.0968498,0.49811867,0.49895996,tuning
811,1340,0.044046625,0.04262294,-0.0014236844,0.009982255,0.06049961,0.509426,0.5090369,tuning
812,1342,0.021626592,0.015245888,-0.0063807056,0.010809709,0.075314514,0.505097,0.5035287,tuning
813,1343,-0.007098905,-0.022062557,-0.01496365,0.012860377,0.11838413,0.49800947,0.49433327,tuning
815,1345,0.016721722,0.031216761,0.014495037,0.013637328,0.11941097,0.50377035,0.5072924,tuning
817,1347,0.002106988,0.014848547,0.012741563,0.013823451,0.112799235,0.5003393,0.50344545,tuning
819,1350,0.008881064,0.015715513,0.0068344506,0.014631594,0.09689456,0.5017855,0.5034148,tuning
824,1356,-0.021125391,-0.020253781,0.0008716059,0.009259636,0.055803403,0.49472797,0.4949228,tuning
827,1359,0.039376922,0.05043237,0.011055459,0.020564403,0.14008655,0.5091144,0.51177794,tuning
832,1367,0.0032794077,0.0015968424,-0.0016825605,0.014721906,0.08890646,0.50052166,0.5001193,tuning
834,1371,0.048354935,0.057901017,0.009546081,0.01460903,0.10470842,0.5114011,0.5136656,tuning
835,1372,0.007132624,-0.0031654078,-0.010298035,0.023364836,0.15320164,0.50151926,0.498962,tuning
837,1374,-0.0009994084,-0.008103098,-0.0071036946,0.012214268,0.084778704,0.49937427,0.49769878,tuning
838,1375,0.032492824,0.03300301,0.0005101837,0.022414168,0.13451985,0.5076655,0.5077538,tuning
839,1376,0.0025834544,0.012090073,0.009506615,0.0103644375,0.084384255,0.50037485,0.50267327,tuning
841,1378,0.018323757,0.015309296,-0.0030144635,0.01185637,0.07340148,0.50421834,0.5034592,tuning
843,1380,0.014777673,0.013323637,-0.0014540371,0.00841616,0.05124505,0.503286,0.50293183,tuning
844,1381,0.06615514,0.05852272,-0.007632417,0.035785306,0.21954115,0.51557624,0.5137624,tuning
846,1385,0.026030634,0.017379366,-0.00865127,0.0136220455,0.09682234,0.50603867,0.5038803,tuning
847,1387,0.011061225,0.029708525,0.018647302,0.008772407,0.12364616,0.502239,0.5067994,tuning
848,1388,0.059574928,0.071362875,0.011787942,0.014965578,0.1143034,0.5141452,0.5169666,tuning
849,1389,0.068322696,0.083979435,0.015656725,0.022750186,0.16570258,0.5163144,0.52011395,tuning
851,1391,0.028842501,0.006166739,-0.022675756,0.016966226,0.16992216,0.50660664,0.50110704,tuning
852,1392,-0.034574226,-0.03307392,0.0015003056,0.011548985,0.069876164,0.4914636,0.4918509,tuning
853,1393,-0.029549731,-0.026914278,0.002635448,0.01325006,0.08105769,0.49268287,0.4932911,tuning
855,1395,0.019153731,-0.0013766438,-0.02053037,0.012636042,0.14464426,0.5043697,0.49933255,tuning
856,1396,-0.010500041,-0.006048395,0.004451646,0.020217158,0.12420879,0.49725458,0.49837536,tuning
862,1405,0.005001678,-0.008191683,-0.013193365,0.012205954,0.10784158,0.50091934,0.49770138,tuning
863,1407,-0.010667958,-0.0013371384,0.009330821,0.016448481,0.11346455,0.49722925,0.49944898,tuning
865,1409,0.01770901,0.026903097,0.009194087,0.014428878,0.10265504,0.50405353,0.5063113,tuning
867,1411,-0.033928618,-0.040448323,-0.006519702,0.012054102,0.08222581,0.49162853,0.490075,tuning
871,1422,0.03899111,0.05098583,0.01199473,0.021894008,0.14978638,0.50921845,0.51205754,tuning
873,1429,0.008961987,-0.011261332,-0.02022332,0.012946438,0.1440741,0.50189734,0.4969528,tuning
874,1431,0.039819043,0.029185973,-0.010633071,0.017240394,0.1215342,0.5093634,0.5068085,tuning
876,1438,0.042129826,0.05162534,0.009495522,0.014751342,0.10525974,0.5098359,0.5120631,tuning
878,1441,0.0062883813,0.0080498345,0.0017614489,0.013472585,0.08152347,0.50130075,0.50169855,tuning
882,1449,-0.057155207,-0.05442675,0.0027284643,0.023573076,0.14238271,0.4860218,0.4867485,tuning
886,1457,0.02284846,0.018267004,-0.0045814626,0.012476465,0.07974629,0.5052831,0.50414574,tuning
887,1459,0.020142786,0.048868887,0.028726105,0.020439448,0.21153384,0.5047047,0.5117012,tuning
889,1461,0.032272507,0.035763368,0.0034908631,0.023153456,0.14049083,0.50741345,0.50820684,tuning
892,1466,-0.036760658,-0.03645598,0.00030467732,0.0142171895,0.08532273,0.49096075,0.49098507,tuning
896,1476,-0.004281326,-0.012838243,-0.008556916,0.014802539,0.102587014,0.4987427,0.4966336,tuning
897,1479,0.021955565,0.030308882,0.008353316,0.016044233,0.10853126,0.5050303,0.5070013,tuning
898,1480,0.005145302,-0.0011044575,-0.006249756,0.01330497,0.088198304,0.5009391,0.49939844,tuning
902,1485,-0.011555602,0.008851796,0.02040739,0.023544198,0.1869451,0.49699455,0.5018151,tuning
906,1499,0.054637287,0.049100425,-0.005536869,0.020431722,0.12701197,0.51279765,0.5114721,tuning
907,1500,-0.034629703,-0.036743607,-0.002113904,0.0092012985,0.056646004,0.49152142,0.49102274,tuning
909,1513,0.013042924,-0.0039639347,-0.017006861,0.016480962,0.14209431,0.5028709,0.49877658,tuning
911,1517,-0.03384316,-0.037414625,-0.0035714672,0.020366915,0.1240661,0.49172735,0.4909371,tuning
912,1518,0.0099203475,0.003566458,-0.0063538877,0.015670666,0.10145886,0.50212806,0.5005334,tuning
918,1542,-0.020225065,-0.033843093,-0.013618033,0.009168706,0.09850165,0.49493706,0.49164766,tuning
919,1544,0.027093444,0.013757764,-0.013335681,0.01776264,0.13326915,0.5062155,0.5030061,tuning
922,1552,0.009709595,0.019450627,0.009741028,0.025050214,0.16126509,0.50212824,0.5043997,tuning
924,1556,0.06587774,0.0734196,0.007541864,0.027455356,0.17083427,0.51537526,0.51715755,tuning
925,1562,0.051679477,0.075231634,0.023552157,0.01940641,0.18310453,0.51213616,0.5177677,tuning
927,1569,-0.000326097,-0.012422965,-0.012096874,0.014214062,0.111988656,0.49968994,0.4967351,tuning
929,1580,-0.011037364,-0.01610226,-0.0050648977,0.014780655,0.09374622,0.4971586,0.49593353,tuning
931,1586,0.030894091,0.04550234,0.014608244,0.019718504,0.14724104,0.5071399,0.51059985,tuning
932,1587,0.019977286,0.0065000253,-0.013477261,0.012134729,0.108811654,0.5045502,0.5013002,tuning
933,1588,0.0099826045,-0.018754728,-0.028737327,0.01758764,0.20215273,0.5020502,0.49522284,tuning
934,1589,-0.0056918156,-0.02167245,-0.015980639,0.012344088,0.121158004,0.49841437,0.49453777,tuning
936,1591,0.037115853,0.031084439,-0.0060314117,0.012607157,0.0838538,0.5086001,0.5070861,tuning
941,1597,0.005400748,0.016263405,0.010862661,0.017441273,0.12328436,0.50110364,0.5036961,tuning
946,1603,0.029316042,0.027425537,-0.0018905018,0.009673888,0.059141286,0.50672364,0.5062545,tuning
950,1608,-0.0024436256,0.005248174,0.0076917964,0.012402094,0.08756212,0.4991983,0.50106585,tuning
951,1610,-0.019294908,0.0035221083,0.022817012,0.008007658,0.14508823,0.49504343,0.5005994,tuning
952,1611,0.010886247,-0.0033579618,-0.014244209,0.010267688,0.105354756,0.50233716,0.49891376,tuning
953,1614,0.00080889626,0.0069238045,0.006114904,0.019352641,0.1217744,0.49995363,0.5013643,tuning
954,1615,-0.0043927687,0.0006878815,0.005080649,0.013621264,0.087227665,0.4987355,0.50001603,tuning
955,1616,0.029458739,0.044863336,0.015404599,0.014948255,0.12879081,0.5068064,0.51048046,tuning
956,1617,-0.05783368,-0.043382857,0.01445081,0.02236655,0.1597723,0.4858951,0.48943773,tuning
957,1619,0.0059707994,-0.011741493,-0.017712295,0.015185345,0.139984,0.50117725,0.49686146,tuning
958,1620,0.016009305,0.02127669,0.005267382,0.015488084,0.098155685,0.5035265,0.50475645,tuning
961,1625,-0.032860145,-0.031565364,0.0012947697,0.014597705,0.087930076,0.49190077,0.49224648,tuning
965,1633,-0.018449612,-0.033864096,-0.01541448,0.011994392,0.11718779,0.4952952,0.4916099,tuning
966,1635,-0.031200478,-0.032631017,-0.001430529,0.010307151,0.062435694,0.49225214,0.4919369,tuning
967,1639,-0.04078357,-0.035802644,0.0049809273,0.01664344,0.10423672,0.4900151,0.4911695,tuning
969,1641,-0.05012332,-0.042101722,0.008021599,0.018777292,0.122513585,0.48782527,0.48977867,tuning
971,1643,-0.046980437,-0.012724916,0.03425552,0.018495284,0.23357779,0.48843998,0.49673188,tuning
973,1645,0.0024137786,-0.007634163,-0.010047944,0.0149074355,0.107865386,0.50034344,0.4978679,tuning
978,1653,-0.02382611,-0.043618068,-0.01979196,0.014185693,0.14610408,0.49407774,0.48932874,tuning
984,1663,-0.01337281,0.0044126147,0.01778542,0.009122154,0.1199302,0.4964026,0.5007145,tuning
988,1673,-0.028751982,-0.05323893,-0.024486952,0.020911613,0.19320619,0.4928958,0.48705065,tuning
989,1674,-0.010634718,0.026110627,0.036745347,0.01639864,0.24143095,0.49704838,0.50597674,tuning
990,1676,0.01348197,-0.006639137,-0.020121107,0.016289547,0.1553303,0.50295955,0.4980392,tuning
991,1678,-0.0135799525,-0.006495565,0.0070843976,0.014897003,0.09897443,0.4964153,0.49812168,tuning
992,1680,-0.024739977,-0.03304996,-0.008309981,0.012861499,0.09187525,0.49386147,0.4918482,tuning
994,1682,-0.021839244,-0.025745107,-0.0039058689,0.00849725,0.056111734,0.49451002,0.4935727,tuning
995,1683,-0.029758312,-0.035311602,-0.0055532926,0.015930135,0.101222016,0.49263275,0.49134907,tuning
997,1687,0.03864977,0.02872134,-0.009928435,0.016672615,0.116429366,0.5089625,0.50655806,tuning
998,1688,-0.012965641,0.0008158733,0.013781515,0.016096046,0.12713952,0.49663654,0.49993843,tuning
999,1689,0.02381642,0.012671685,-0.011144736,0.014966076,0.111958876,0.5054903,0.50277406,tuning
1000,1690,0.017346079,0.010304333,-0.007041743,0.015067154,0.099788725,0.50387937,0.50213325,tuning
1001,1693,-0.0157629,-0.021763673,-0.00600077,0.013846303,0.09054423,0.49594954,0.49446166,tuning
1002,1694,-0.021507837,-0.026942262,-0.0054344274,0.014580157,0.09336007,0.49458376,0.4932428,tuning
1005,1702,0.034221563,0.04675363,0.01253207,0.012487085,0.10614745,0.5079776,0.5109937,tuning
1007,1704,-0.044108387,-0.02146116,0.02264724,0.00960988,0.14761063,0.48911878,0.49456555,tuning
1009,1711,0.003928619,-0.0047621587,-0.008690779,0.014964641,0.10383123,0.5006776,0.49857605,tuning
1010,1713,0.0071656457,-0.015108718,-0.022274366,0.010030034,0.14657068,0.501427,0.49603713,tuning
1011,1717,0.014662809,-0.007129709,-0.021792518,0.011204218,0.14702429,0.50329554,0.49798882,tuning
1012,1719,-0.04675226,-0.05462849,-0.007876243,0.019500181,0.12618446,0.48857436,0.48669916,tuning
1013,1721,-0.0061602923,-0.010357145,-0.0041968543,0.011914512,0.07579242,0.49828905,0.49728864,tuning
1014,1722,0.010915566,0.0231281,0.0122125335,0.01831204,0.13206501,0.5024328,0.5053716,tuning
1016,1727,0.014261749,0.002366158,-0.011895586,0.012634706,0.10412045,0.5030986,0.5002353,tuning
1017,1729,-0.025345406,-0.034347806,-0.0090024,0.011176544,0.08610749,0.49367157,0.49149498,tuning
1020,1732,-0.020218246,-0.039060924,-0.018842684,0.016832037,0.15159522,0.49497497,0.49050114,tuning
1022,1734,-0.028312538,-0.000595866,0.027716668,0.01586626,0.19162011,0.49298,0.4996483,tuning
1023,1735,0.0027492212,-0.008377071,-0.011126295,0.015855772,0.11622048,0.500376,0.49768394,tuning
1025,1747,-0.010961633,-0.03509866,-0.024137033,0.018061267,0.18087843,0.49710146,0.4912369,tuning
1026,1748,-0.035547353,-0.031444788,0.004102575,0.0140134925,0.08761009,0.4912609,0.49225727,tuning
1028,1752,0.03809703,0.053942773,0.015845744,0.023863312,0.17187098,0.50885606,0.51257557,tuning
1030,1754,0.005267652,-0.015244249,-0.020511897,0.011933119,0.14238307,0.5010426,0.49602926,tuning
1033,1762,0.023471396,0.021968799,-0.0015025964,0.014294906,0.08624196,0.5054285,0.5050528,tuning
1037,1779,0.03276561,0.019756341,-0.01300927,0.016799428,0.12748578,0.5075905,0.5044068,tuning
1039,1784,-0.040536564,-0.01611338,0.024423184,0.012667535,0.16507725,0.49001476,0.49589267,tuning
1042,1792,0.015661389,0.03312303,0.017461635,0.018357717,0.1520162,0.5035259,0.5076883,tuning
1046,1801,0.020363132,0.020687057,0.00032392738,0.012149096,0.07292048,0.5045898,0.504636,tuning
1048,1805,0.009070687,-0.0032124536,-0.012283142,0.009720099,0.09398304,0.50195897,0.49897495,tuning
1050,1810,-0.012456314,-0.010013254,0.0024430612,0.01491274,0.090669185,0.49674475,0.49731478,tuning
1052,1821,-0.00065916777,-0.0010108046,-0.00035164086,0.011673438,0.0700724,0.49961075,0.49952444,tuning
1055,1831,0.038452066,0.05824714,0.019795077,0.027539054,0.20349152,0.5089003,0.51358175,tuning
1056,1833,0.036072716,0.036224164,0.00015144625,0.013613014,0.08168314,0.5083375,0.50836307,tuning
1058,1835,0.0048969453,0.008579139,0.003682192,0.016830865,0.10337367,0.500949,0.5017776,tuning
1064,1845,-0.025663447,-0.019130066,0.0065333834,0.008607521,0.06483735,0.4936219,0.49518558,tuning
1073,1873,-0.01694045,-0.008482424,0.008458023,0.011987344,0.08802525,0.4956512,0.49767193,tuning
1075,1876,0.008282889,-0.0044911196,-0.012774007,0.009435726,0.095286384,0.5017081,0.49858195,tuning
1077,1882,0.041612625,0.038102575,-0.0035100547,0.016229857,0.09963049,0.50967205,0.5087896,tuning
1078,1883,-0.030464135,-0.03655752,-0.006093389,0.018455047,0.116609834,0.49249616,0.49102953,tuning
1079,1884,-0.022409085,-0.04395942,-0.02155033,0.015735796,0.16010356,0.49442932,0.48933738,tuning
1080,1885,-0.033960387,-0.04881626,-0.014855868,0.013467085,0.12030848,0.4916651,0.48807818,tuning
1081,1888,0.018117305,0.019232087,0.0011147883,0.013150435,0.07918561,0.50407,0.5042775,tuning
1082,1892,0.004770297,0.0055406354,0.00077034184,0.013577988,0.08159894,0.50094616,0.5011031,tuning
1084,1895,0.008108195,0.014281088,0.00617289,0.018312763,0.115950964,0.5017124,0.50314736,tuning
1089,1909,0.0071942937,0.0012290908,-0.005965205,0.012620007,0.083752826,0.5015346,0.5000631,tuning
1090,1911,0.018200394,0.027774919,0.009574521,0.019347273,0.1295206,0.5040728,0.50630456,tuning
1091,1912,-0.042067036,-0.050788607,-0.008721559,0.020449568,0.13339046,0.48977932,0.4876904,tuning
1093,1914,-0.028686868,-0.038684774,-0.009997908,0.0140973255,0.10369638,0.4929462,0.4905948,tuning
1094,1916,-0.026231168,-0.045913234,-0.019682059,0.01114343,0.1357061,0.49353886,0.488819,tuning
1095,1917,0.014077227,0.012491928,-0.0015852959,0.018422486,0.11094342,0.5032089,0.5028032,tuning
1098,1920,0.037104994,0.044086542,0.006981545,0.012876448,0.087884106,0.5085796,0.510207,tuning
1099,1921,-0.040391702,-0.051012237,-0.010620537,0.01880278,0.12956949,0.49017012,0.4876553,tuning
1100,1923,-0.035944782,-0.003912993,0.03203179,0.021783318,0.23242149,0.49120495,0.4989143,tuning
1101,1924,0.05230293,0.018643958,-0.033658974,0.015824256,0.22315916,0.5123164,0.50412536,tuning
1102,1927,0.04443936,0.038484298,-0.005955057,0.011795266,0.07927973,0.5089166,0.50749624,tuning
1104,1931,0.032231294,0.052294012,0.020062719,0.0129734995,0.14335158,0.50654674,0.5112903,tuning
1110,1939,0.041109476,0.053625945,0.012516473,0.018903699,0.13603099,0.50886697,0.5117823,tuning
1115,1944,0.024641745,0.02006979,-0.00457196,0.0057599577,0.044123434,0.5051906,0.50409347,tuning
1117,1946,0.01611352,0.028050741,0.01193722,0.0066975467,0.08212647,0.5032331,0.5061438,tuning
1118,1947,0.01648991,0.01843881,0.0019488978,0.010322423,0.06302874,0.5034611,0.50389606,tuning
1120,1949,0.004153908,0.022812702,0.01865879,0.010100923,0.12730454,0.5002892,0.5048262,tuning
1121,1950,0.009298318,0.031096246,0.02179793,0.009072216,0.1416629,0.50162643,0.5069144,tuning
1122,1951,0.022837529,0.034434542,0.011597013,0.013865268,0.1084551,0.5050705,0.50786996,tuning
1123,1952,0.008522592,-0.0027077943,-0.011230383,0.007573191,0.0812717,0.5014167,0.4986701,tuning
1124,1953,0.013701128,0.047198314,0.033497192,0.026564354,0.25651154,0.50273377,0.51076996,tuning
1125,1954,0.005694699,0.008836872,0.0031421678,0.007524142,0.04892334,0.5009015,0.5016822,tuning
1126,1955,0.012636998,0.012719353,8.235375e-05,0.01571997,0.09432112,0.5026513,0.50264615,tuning
1128,1957,-0.0011704229,-0.0034830186,-0.0023125967,0.012154453,0.07423502,0.49929264,0.49869007,tuning
1129,1958,0.007821565,0.0023076804,-0.0055138804,0.010124336,0.06917067,0.501492,0.5001121,tuning
1130,1959,0.008531123,-0.010436641,-0.018967759,0.008427064,0.124533065,0.501688,0.49709892,tuning
1131,1960,-0.022483243,-0.030503359,-0.008020116,0.013557895,0.09451452,0.49419895,0.4922852,tuning
1133,1962,-0.013432961,-0.006454,0.006978967,0.013269552,0.089957386,0.496378,0.4980413,tuning
1135,1964,0.01918894,0.019027416,-0.0001615228,0.01734813,0.10409329,0.50414973,0.5041091,tuning
1136,1965,-0.017535204,-0.027314134,-0.009778934,0.011480512,0.09048463,0.4954666,0.4930723,tuning
1138,1967,-0.00066721893,0.015619614,0.016286839,0.025461217,0.18134841,0.49962276,0.5034945,tuning
1139,1968,-0.01559705,-0.016649883,-0.0010528349,0.02171585,0.13044815,0.4958819,0.495654,tuning
1140,1969,0.047215745,0.051883038,0.0046672923,0.015683744,0.098180875,0.51127595,0.5124247,tuning
1141,1970,0.030125132,0.0029250805,-0.02720005,0.013506511,0.18221326,0.50717235,0.5005395,tuning
1142,1971,0.056330375,0.076209225,0.019878851,0.022252291,0.17903072,0.51337445,0.5182216,tuning
1143,1973,0.040002916,0.0529374,0.012934485,0.0118995765,0.105453454,0.509407,0.5125545,tuning
1144,1974,0.043464005,0.045648914,0.0021849032,0.014284867,0.08670597,0.51027983,0.5107758,tuning
1152,1982,-0.004632333,-0.012462784,-0.007830447,0.009762539,0.075089484,0.4986216,0.49670294,tuning
1158,1991,0.034084704,0.034029935,-5.4771182e-05,0.010017333,0.060104895,0.50810486,0.50809777,tuning
1161,1994,-0.00088923384,0.002789381,0.0036786208,0.014177453,0.08788154,0.49945375,0.50031257,tuning
1164,1997,0.00026375634,0.013320546,0.013056787,0.009563708,0.09710813,0.4996494,0.5028434,tuning
1167,2000,-0.012278138,0.015853874,0.028132012,0.01635857,0.19525488,0.49670723,0.5035076,tuning
1168,2001,0.01526465,0.035183903,0.01991925,0.019147182,0.1657772,0.5034378,0.50824136,tuning
1169,2002,0.03680391,0.031177316,-0.005626593,0.018081654,0.113621175,0.508641,0.5072009,tuning
1170,2003,0.021633336,0.00014890275,-0.021484433,0.013754597,0.15306114,0.505025,0.49974266,tuning
1171,2004,0.035908323,0.043627422,0.0077190944,0.014441566,0.09825047,0.50838894,0.5102407,tuning
1172,2005,0.009991037,0.0017071047,-0.008283933,0.010385365,0.07970732,0.5022049,0.5001646,tuning
1175,2009,0.036570575,0.018423246,-0.018147325,0.009585808,0.12314086,0.50847584,0.5040357,tuning
1176,2010,0.03726603,0.011290665,-0.025975363,0.008550451,0.16407885,0.5074624,0.5012238,tuning
1177,2011,0.0027760144,0.028797388,0.02602137,0.021773323,0.20357509,0.5004604,0.5067532,tuning
1178,2012,0.01575009,0.02201293,0.0062628426,0.015518387,0.10040701,0.5035998,0.5050865,tuning
1181,2015,0.044474743,0.033076815,-0.011397928,0.010848033,0.09441044,0.51028955,0.50745386,tuning
1184,2018,0.047810018,0.048851773,0.0010417546,0.012480063,0.075140804,0.51038027,0.51056826,tuning
1185,2019,0.0115473885,0.024301568,0.012754182,0.0057913056,0.08404464,0.5018323,0.5049145,tuning
1186,2020,-0.031408157,-0.019256217,0.01215194,0.009247483,0.0916225,0.4921149,0.4950663,tuning
1188,2022,-0.011411505,-0.03962098,-0.028209481,0.01469673,0.19084986,0.4969005,0.49010098,tuning
1189,2023,0.014299712,-0.008401287,-0.022701003,0.008980043,0.1464758,0.5031714,0.4976603,tuning
1191,2025,-0.0042856154,-0.027954115,-0.023668498,0.007669531,0.14928061,0.49872452,0.49305642,tuning
1194,2028,-0.05363214,-0.035696167,0.017935975,0.018878631,0.15624234,0.4868572,0.49125618,tuning
1196,2034,0.05194203,0.03904478,-0.012897248,0.019258007,0.13906673,0.51222324,0.5090858,tuning
1203,2046,0.0134659065,0.019174881,0.0057089753,0.010473851,0.071572214,0.50300527,0.504376,tuning
1208,2053,0.046457335,0.06687576,0.020418422,0.015419544,0.15351962,0.51085645,0.51575017,tuning
1211,2058,-0.004018778,0.006276735,0.0102955075,0.016743906,0.11793563,0.4987659,0.5012258,tuning
1212,2059,0.0028755094,0.0007664545,-0.0021090528,0.013620865,0.08269908,0.500438,0.49992678,tuning
1215,2064,-0.03530672,-0.030797316,0.0045094024,0.009897067,0.0652558,0.49115556,0.4922843,tuning
1216,2065,-0.00043572194,0.0006638426,0.001099566,0.010630832,0.06412528,0.49958447,0.49982548,tuning
1218,2067,0.016813874,0.035225425,0.018411547,0.014427958,0.14034756,0.50349545,0.50796515,tuning
1221,2070,-0.0015001451,0.005206244,0.006706388,0.010407681,0.07428753,0.49920145,0.5008213,tuning
1223,2072,0.03524839,0.0031696649,-0.032078728,0.021526191,0.23179124,0.508112,0.50041413,tuning
1226,2076,-0.016051993,-0.020838609,-0.004786618,0.013823868,0.0877747,0.49582884,0.49468768,tuning
1229,2080,0.025806615,0.042819098,0.017012483,0.013822475,0.13151987,0.50554633,0.5096133,tuning
1231,2082,0.029099878,0.017530216,-0.011569664,0.016017197,0.11855243,0.5066863,0.5039041,tuning
1232,2083,-0.015511904,-0.013532883,0.0019790179,0.016527982,0.099876255,0.49605867,0.49649873,tuning
1234,2085,0.04474465,0.04644007,0.0016954192,0.010152358,0.0617577,0.51003957,0.51044226,tuning
1236,2088,0.05910223,0.039217263,-0.019884966,0.02342835,0.18437673,0.51407754,0.50928336,tuning
1237,2089,0.014814019,0.026671028,0.011857008,0.01944488,0.13664885,0.50321865,0.50604516,tuning
1238,2090,0.027328972,0.015890501,-0.011438466,0.014049969,0.10870438,0.50604606,0.5032107,tuning
1241,2093,0.03612991,0.01466799,-0.021461917,0.009692513,0.14129443,0.50853527,0.5032909,tuning
1242,2094,0.012124345,-0.003944179,-0.016068527,0.011858851,0.11982435,0.5026978,0.49876922,tuning
1244,2096,0.037597086,0.045961373,0.00836429,0.0155570535,0.10597829,0.5085421,0.51049995,tuning
1245,2097,-0.006717106,-0.028012786,-0.021295674,0.011968841,0.14657189,0.49806705,0.49285036,tuning
1247,2099,0.04104577,0.049290318,0.008244546,0.010808031,0.081561625,0.5089971,0.51093054,tuning
1248,2100,0.021478705,0.01911426,-0.0023644464,0.012935832,0.07890088,0.50497365,0.50436807,tuning
1250,2105,0.025750427,0.015399475,-0.010350953,0.010464895,0.08831549,0.5060287,0.5034783,tuning
1253,2108,-0.010698008,-0.011981658,-0.0012836519,0.011258262,0.06798723,0.49717176,0.49682605,tuning
1254,2109,0.010295019,-0.0035492252,-0.013844245,0.00929457,0.100049384,0.5020154,0.4986426,tuning
1255,2110,0.037320033,0.014349345,-0.022970684,0.010471996,0.15147059,0.5087021,0.5030906,tuning
1256,2111,0.022439085,0.01223174,-0.010207344,0.013843932,0.103200756,0.5050494,0.50251836,tuning
1259,2114,0.0056585413,0.028391898,0.022733355,0.02084139,0.18504617,0.500884,0.50634164,tuning
1260,2115,0.0071325204,-0.0037091034,-0.010841619,0.011099596,0.093095124,0.5014661,0.49881342,tuning
1261,2116,0.024304088,0.0072429446,-0.01706114,0.013262207,0.12965673,0.5054781,0.50135726,tuning
1262,2117,-0.018503593,-0.017550955,0.0009526388,0.0068925414,0.041748382,0.49523067,0.495462,tuning
1263,2118,0.017520258,0.021165596,0.0036453381,0.012614419,0.07878346,0.50392425,0.5047666,tuning
1266,2121,0.055770356,0.064546406,0.008776053,0.015633881,0.10757204,0.51325154,0.5153893,tuning
1267,2122,0.049612045,0.044562116,-0.0050499276,0.013207076,0.08483767,0.51164937,0.5104061,tuning
1268,2123,0.033951145,0.018938491,-0.015012654,0.022672508,0.16315393,0.50788575,0.50417286,tuning
1269,2124,0.017773934,0.014170067,-0.0036038682,0.011901972,0.07461376,0.50404376,0.5031616,tuning
1270,2125,-0.0059162998,0.015502797,0.0214191,0.01625165,0.16132012,0.49836075,0.50357956,tuning
1271,2126,0.037628576,0.042689428,0.0050608534,0.022376344,0.13764907,0.5087532,0.5099002,tuning
1273,2132,0.019483645,0.019989721,0.00050607295,0.008586245,0.051606875,0.50404495,0.50416094,tuning
1274,2133,0.02491723,0.038598664,0.013681435,0.015346799,0.123358876,0.5058024,0.5091128,tuning
1275,2134,0.022611473,0.014222703,-0.008388771,0.012834038,0.09199469,0.5052008,0.50312203,tuning
1276,2135,0.05005627,0.03626329,-0.013792977,0.009497345,0.100479096,0.51179445,0.5083805,tuning
1277,2136,0.055511583,0.057135317,0.001623728,0.020557446,0.12372883,0.5129162,0.51324004,tuning
1278,2137,0.014193452,0.0182539,0.004060449,0.011178382,0.071358,0.5029134,0.5038686,tuning
1280,2139,-0.019636836,-0.023264335,-0.0036274972,0.014872246,0.09184948,0.49484602,0.49396214,tuning
1281,2140,0.011634982,0.0029246467,-0.008710335,0.012612892,0.09196945,0.5025541,0.5004334,tuning
1282,2141,0.011880481,0.010395709,-0.001484769,0.012978209,0.078377195,0.5026122,0.50223625,tuning
1283,2142,0.031331874,0.026533853,-0.004798025,0.0124108745,0.07983627,0.507204,0.5060562,tuning
1284,2143,0.026701523,0.023752412,-0.002949112,0.02692228,0.16249995,0.5063236,0.5054996,tuning
1285,2144,0.0012047866,0.006977308,0.00577252,0.017130278,0.10846042,0.5000189,0.5013719,tuning
1288,2147,0.06678104,0.055301663,-0.011479372,0.02990032,0.19216914,0.5155089,0.5126712,tuning
1291,2150,-0.0016732928,0.007858838,0.0095321275,0.008232156,0.075569004,0.49920714,0.5015118,tuning
1294,2153,0.058778908,0.07213121,0.013352294,0.031567242,0.2056499,0.513729,0.5169295,tuning
1296,2155,-0.014133477,-0.032534555,-0.018401079,0.010353433,0.12668289,0.49640143,0.4919629,tuning
1297,2159,-0.010218576,-0.019202746,-0.008984175,0.0071395333,0.06885332,0.49729952,0.49511397,tuning
1298,2160,0.012095905,-0.0070321583,-0.019128062,0.013727155,0.1412637,0.50241387,0.4977826,tuning
1301,2163,0.03708555,0.01316964,-0.023915913,0.015687224,0.17161049,0.50871253,0.50291026,tuning
1304,2167,-0.013452833,-0.018437972,-0.0049851406,0.01292492,0.0831179,0.4966295,0.49540418,tuning
1310,2174,-0.00010512976,-0.003168823,-0.0030637002,0.008933479,0.05666532,0.4997284,0.49896684,tuning
1318,2186,0.011917252,0.033985298,0.02206805,0.013855338,0.15634222,0.50196666,0.5072423,tuning
1319,2188,0.037052944,0.03532128,-0.001731666,0.021483084,0.12931658,0.508477,0.5079348,tuning
1320,2193,0.013285661,-0.0027437368,-0.016029397,0.015441018,0.133541,0.5030448,0.49907997,tuning
1321,2194,-0.020442743,0.01105748,0.031500228,0.010981803,0.20015772,0.4946787,0.5023271,tuning
1323,2202,0.044947665,0.04264876,-0.002298906,0.014776719,0.08972687,0.5098196,0.50918007,tuning
1324,2203,0.02698788,0.028959109,0.00197123,0.007989786,0.049376182,0.5054274,0.5059481,tuning
1329,2231,-0.015833722,-0.022579422,-0.0067457,0.013212272,0.08900826,0.49596834,0.49431488,tuning
1331,2236,-0.008084263,-0.0070822933,0.0010019724,0.014240304,0.08565307,0.49779305,0.4979898,tuning
1334,2240,0.028506955,0.011935594,-0.01657136,0.006688105,0.10722064,0.50649387,0.50245875,tuning
1336,2243,-0.007789381,-0.00075102015,0.0070383633,0.016416453,0.1071699,0.49779785,0.4994491,tuning
1337,2245,0.012540138,0.02207381,0.00953367,0.01857859,0.12529156,0.5027702,0.50503266,tuning
1339,2248,-0.019050024,-0.023735367,-0.0046853446,0.009703076,0.064650424,0.49511793,0.49399847,tuning
1340,2249,0.0036500106,0.007921004,0.0042709927,0.016652947,0.10315151,0.50061476,0.50160015,tuning
1343,2253,0.026122097,0.034298856,0.00817676,0.016441427,0.11017475,0.50609124,0.5080081,tuning
1345,2259,0.05392642,0.047899935,-0.0060264785,0.01790603,0.113357835,0.512713,0.5112882,tuning
1347,2262,0.03344075,0.012031693,-0.021409055,0.016946783,0.16382758,0.50770545,0.5025167,tuning
1353,2268,-0.0145898145,0.00035762455,0.01494744,0.013569323,0.12112757,0.49620184,0.49979067,tuning
1354,2269,0.05263818,0.04428304,-0.00835514,0.017493566,0.11631851,0.5122892,0.51025176,tuning
1357,2273,0.013972049,0.0071467543,-0.0068252897,0.015651926,0.10245206,0.5031648,0.5015173,tuning
1361,2279,0.033928342,0.03663172,0.0027033738,0.011523248,0.07101665,0.50792354,0.5086167,tuning
1363,2282,-0.009825138,-0.03505907,-0.025233923,0.012574263,0.16915989,0.49741083,0.49137804,tuning
1365,2287,0.050259292,0.03778956,-0.012469735,0.010319165,0.097114675,0.51156247,0.50848925,tuning
1366,2288,-0.0052436055,-0.008758943,-0.0035153362,0.013761144,0.08521831,0.49839053,0.49754795,tuning
1367,2289,-0.046755373,-0.03727504,0.009480324,0.012334638,0.093341924,0.48846495,0.49080488,tuning
1369,2291,-0.011961912,-0.039588068,-0.027626155,0.010987421,0.17838554,0.49682298,0.49011707,tuning
1374,2300,-0.00565911,-0.012091095,-0.006431987,0.01656064,0.10659506,0.49802658,0.4964768,tuning
1376,2302,-0.025447031,-0.009441172,0.016005857,0.01315181,0.12429672,0.49364746,0.49752077,tuning
1377,2303,-0.0023832147,-0.007276242,-0.0048930226,0.0077429363,0.05495644,0.4989408,0.49774143,tuning
1380,2311,0.02701584,0.033321902,0.0063060652,0.016930992,0.1084034,0.5063697,0.5078709,tuning
1385,2316,0.039727848,0.031781774,-0.00794607,0.013947257,0.09631187,0.5092363,0.5073099,tuning
1390,2324,-0.058843143,-0.05491562,0.003927535,0.023657491,0.14388776,0.48561853,0.4866641,tuning
1394,2329,-0.03882013,-0.019259283,0.019560846,0.0101745175,0.13229251,0.49041086,0.49519593,tuning
1397,2333,-0.032783404,-0.026593737,0.0061896676,0.011475446,0.078229934,0.4919159,0.49337912,tuning
1398,2334,0.0267021,0.012843292,-0.013858808,0.015803333,0.12611593,0.50607955,0.5027275,tuning
1399,2335,0.015424603,0.0038855383,-0.011539058,0.01797686,0.1281695,0.50340915,0.5006118,tuning
1402,2338,0.04385607,0.06046611,0.016610034,0.015881946,0.1378864,0.5102642,0.51427263,tuning
1404,2344,0.02124851,0.01502793,-0.006220579,0.010584574,0.073663004,0.50490516,0.50336003,tuning
1405,2346,0.04524888,0.017680597,-0.02756828,0.01397338,0.18544422,0.5105779,0.50384843,tuning
1407,2348,0.0014576034,-0.006580754,-0.008038361,0.011109601,0.08227627,0.4999101,0.49795374,tuning
1410,2352,0.010675368,0.029205242,0.018529873,0.00886664,0.12325197,0.5021659,0.50665027,tuning
1411,2353,-0.013387293,-0.0004140387,0.012973254,0.012471774,0.107975066,0.49654573,0.49964863,tuning
1413,2355,-0.049792603,-0.054012094,-0.0042195,0.018618543,0.11454412,0.48790556,0.4869361,tuning
1415,2357,-0.06792629,-0.03824411,0.02968219,0.011603394,0.19121759,0.48341438,0.49061447,tuning
1416,2359,-0.050138436,-0.04587311,0.004265323,0.013795188,0.086637214,0.4877867,0.4888166,tuning
1419,2363,0.042705514,0.031438287,-0.011267226,0.007691095,0.0818518,0.5097973,0.5070519,tuning
1422,2366,0.052105732,0.03939493,-0.012710804,0.009677908,0.09585485,0.5113423,0.5081997,tuning
1423,2367,0.04902466,0.05524153,0.0062168664,0.01450299,0.09467577,0.5116392,0.5131631,tuning
1424,2369,0.047087926,0.021694563,-0.025393365,0.021231815,0.19860026,0.5110495,0.5049228,tuning
1426,2371,-0.0037116292,-0.01227941,-0.008567781,0.018142635,0.120383695,0.49884742,0.49678597,tuning
1427,2372,0.031331696,0.028526803,-0.002804894,0.014188727,0.08677988,0.5073481,0.5066301,tuning
1430,2375,0.043965366,0.04238738,-0.0015779836,0.015204415,0.09171648,0.51025856,0.5098295,tuning
1431,2376,0.03743224,0.041394267,0.003962032,0.014523488,0.090325296,0.50880903,0.50972164,tuning
1439,2384,-0.027023,-0.06582587,-0.038802862,0.018810997,0.25873262,0.49339083,0.4841708,tuning
1443,2390,-0.037531283,-0.032005128,0.0055261534,0.017357422,0.10929531,0.49083197,0.49216208,tuning
1444,2391,-0.030659685,-0.044842616,-0.014182938,0.010273876,0.105078526,0.4924372,0.48904312,tuning
1445,2392,0.054435298,0.05724168,0.00280638,0.025045255,0.15121199,0.51258355,0.513198,tuning
1446,2393,0.0041345772,0.012677048,0.008542469,0.011845541,0.08762684,0.5007733,0.5028217,tuning
1447,2394,-0.016237957,-0.008398515,0.007839446,0.01692968,0.111939974,0.49590185,0.49774826,tuning
1448,2395,-0.05550243,-0.063115686,-0.0076132664,0.020152977,0.12925847,0.48660293,0.4848472,tuning
1449,2396,-0.055497844,-0.03422461,0.021273242,0.01598678,0.15966405,0.4864517,0.49162543,tuning
1450,2398,0.04867265,0.03578317,-0.012889475,0.013497825,0.111981586,0.51078445,0.5076337,tuning
1452,2401,-0.00409381,0.01251035,0.016604159,0.009758825,0.115557685,0.49879116,0.5028441,tuning
1453,2402,0.052375704,0.046617426,-0.0057582776,0.014149207,0.09165633,0.51234144,0.5108892,tuning
1454,2403,0.020013386,0.010564296,-0.009449088,0.012954951,0.096209034,0.5045147,0.50221336,tuning
1455,2404,0.0590736,0.0720215,0.012947892,0.01569414,0.12207515,0.5139745,0.5170485,tuning
1457,2406,0.011253869,0.030232672,0.0189788,0.0128555335,0.13753742,0.50246763,0.507111,tuning
1458,2407,0.004148221,0.013786603,0.00963838,0.013558218,0.09981008,0.5007798,0.50310135,tuning
1460,2409,0.0514107,0.039673768,-0.01173694,0.013154098,0.105774745,0.5120911,0.5092789,tuning
1461,2410,0.04929286,0.037253935,-0.01203892,0.011505367,0.099915594,0.5116855,0.50876164,tuning
1463,2412,0.057685137,0.07880009,0.021114958,0.029248193,0.21644108,0.51356006,0.5186271,tuning
1464,2413,0.037448168,0.040799547,0.003351384,0.0229208,0.13898711,0.50888723,0.5097389,tuning
1465,2414,0.02211518,0.013762595,-0.008352587,0.011963181,0.087543145,0.505186,0.50312454,tuning
1466,2416,0.02871819,0.015984105,-0.0127340825,0.014969339,0.11791763,0.5066222,0.5034903,tuning
1472,2422,0.0646211,0.055060983,-0.009560112,0.029316826,0.18501729,0.51527363,0.5129797,tuning
1473,2423,-0.010202018,-0.020824045,-0.010622025,0.009679212,0.086223684,0.49729115,0.49467242,tuning
1474,2424,-0.004793397,0.01038458,0.015177978,0.017512921,0.13904907,0.49862084,0.50223863,tuning
1475,2427,-0.0036132922,-0.03680943,-0.03319614,0.021496573,0.23729119,0.49889967,0.4909784,tuning
1476,2428,0.012877963,0.0070514753,-0.0058264905,0.012334794,0.081850015,0.50287473,0.50145215,tuning
1479,2431,0.022538176,0.015848637,-0.006689538,0.012101244,0.082962885,0.5051071,0.50349414,tuning
1481,2433,0.010437284,0.0038640508,-0.0065732286,0.016355725,0.10576301,0.5021575,0.50050896,tuning
1490,2447,0.0047279396,-0.0056836405,-0.010411579,0.012935244,0.099629186,0.50088614,0.4983458,tuning
1492,2450,0.058441263,0.067744106,0.009302842,0.014561639,0.103677526,0.51383185,0.5160937,tuning
1495,2454,0.05221041,0.04158677,-0.01062365,0.015470067,0.112599544,0.5121196,0.5094648,tuning
1496,2455,0.00869305,-0.005742917,-0.014435966,0.012266607,0.113662675,0.5019096,0.4983464,tuning
1498,2457,0.01911399,0.011748174,-0.0073658195,0.012796527,0.088590235,0.50432014,0.5025334,tuning
1503,2463,0.01046763,0.0042372546,-0.0062303776,0.012713629,0.084949054,0.50223064,0.5006782,tuning
1504,2467,-0.012921386,-0.006765247,0.0061561386,0.013568355,0.08939764,0.49661314,0.49811876,tuning
1505,2468,0.04775022,0.032055303,-0.01569492,0.014313352,0.12744918,0.5112665,0.5074324,tuning
1506,2469,0.0046935203,-0.000833727,-0.005527241,0.011545296,0.076800995,0.5008533,0.49947247,tuning
1507,2470,0.017605383,0.04839904,0.03079366,0.027497893,0.24770509,0.50404584,0.511519,tuning
1511,2474,0.018258873,0.027803259,0.009544384,0.020357352,0.13490224,0.5039831,0.5062096,tuning
1513,2476,0.029848423,0.019732615,-0.010115813,0.0078445375,0.0768062,0.50691533,0.50441545,tuning
1515,2485,0.007135419,0.021241987,0.014106568,0.014065001,0.119521976,0.5015014,0.5049116,tuning
1517,2490,-0.012756574,-0.015184257,-0.002427687,0.017927283,0.10854548,0.49674416,0.49609914,tuning
1521,2496,-0.0069455802,-0.0062631103,0.00068247435,0.01618112,0.09717304,0.49812984,0.4982158,tuning
1526,2502,-0.036408436,-0.007248127,0.029160298,0.015705137,0.19872361,0.49112114,0.49813154,tuning
1528,2505,0.018378858,0.0024531665,-0.015925687,0.014424444,0.12892213,0.5040873,0.50024635,tuning
1531,2513,0.020547738,0.031212889,0.01066515,0.023740264,0.15615518,0.50485903,0.5073718,tuning
1533,2517,0.0287991,0.023033554,-0.00576554,0.019375872,0.12129292,0.50680023,0.50535405,tuning
1539,2524,0.059904244,0.044633906,-0.015270336,0.013111459,0.12076161,0.5139553,0.510238,tuning
1542,2527,0.041967355,0.025307877,-0.016659481,0.012341512,0.12439712,0.5097864,0.50568134,tuning
1543,2528,0.026056236,0.0098784715,-0.016177762,0.008751636,0.11035942,0.50593865,0.50196815,tuning
1544,2529,0.029662983,0.025777327,-0.0038856538,0.00999173,0.06432407,0.5067757,0.50578815,tuning
1545,2530,0.057777703,0.03907943,-0.018698275,0.015453093,0.14554468,0.5134839,0.50889015,tuning
1546,2531,0.060572863,0.05963477,-0.0009380872,0.017610922,0.10581533,0.5142482,0.51401764,tuning
1550,2539,-0.0049941177,-0.010608121,-0.0056139994,0.015300634,0.0977883,0.49857616,0.49720657,tuning
1559,2553,0.0528269,0.041910525,-0.010916369,0.014061518,0.106809,0.5122457,0.5095888,tuning
1562,2558,0.034118325,0.041194327,0.0070760036,0.01892504,0.121227756,0.5079055,0.5095675,tuning
1567,2568,0.05647237,0.05366785,-0.0028045168,0.032891985,0.19806798,0.5130504,0.51237285,tuning
1569,2571,-0.04920041,-0.020871904,0.028328495,0.018500866,0.2030081,0.48802075,0.49491352,tuning
1570,2572,-1.5884638e-05,-0.019772492,-0.019756606,0.011994855,0.1386766,0.49979913,0.49503195,tuning
1574,2581,0.011562745,0.0040548644,-0.007507883,0.012388392,0.08691525,0.50257427,0.5007514,tuning
1576,2583,-0.01781871,-0.029619077,-0.011800361,0.016315727,0.12081495,0.49555764,0.49266946,tuning
1582,2598,0.010650035,0.005627496,-0.005022543,0.010764053,0.07126898,0.50228554,0.5010325,tuning
1584,2600,-0.00995183,-0.0330963,-0.023144476,0.009885636,0.15100375,0.4974079,0.49182975,tuning
1585,2605,0.036421552,0.046222754,0.0098012,0.021385744,0.14114846,0.5083793,0.5106957,tuning
1586,2606,0.0051248427,-0.0033006114,-0.008425448,0.010396865,0.080293134,0.5010045,0.49897236,tuning
1591,2613,0.032795765,0.01360531,-0.019190453,0.010470593,0.13116649,0.507622,0.5029566,tuning
1594,2617,0.0016451991,-0.027790185,-0.029435376,0.015980162,0.20096032,0.50015783,0.49309057,tuning
1596,2622,-0.015028404,-0.031062659,-0.016034253,0.010687923,0.11561938,0.4962341,0.4923695,tuning
1599,2628,-0.018299367,-0.05080682,-0.03250745,0.01502786,0.21487798,0.4954659,0.48756832,tuning
1604,2640,0.016044721,0.009212451,-0.0068322755,0.019740557,0.12533677,0.50360423,0.50186515,tuning
1606,2642,0.06082254,0.059727293,-0.0010952511,0.013158156,0.07922196,0.5145323,0.5142678,tuning
1607,2643,0.060097925,0.09269999,0.032602068,0.022285117,0.23694466,0.5142257,0.52209336,tuning
1608,2644,0.03630874,0.039522,0.0032132608,0.019054037,0.11593847,0.5073968,0.50806165,tuning
1610,2648,0.034789156,0.023990639,-0.010798521,0.009130807,0.08484851,0.5070463,0.5044406,tuning
1615,2657,0.033930227,-0.0042932783,-0.03822351,0.014310822,0.24488793,0.5078268,0.4984632,tuning
1618,2662,0.04163859,0.026508989,-0.0151296025,0.007915706,0.10245135,0.5093243,0.5055952,tuning
1619,2664,0.028664244,0.029941797,0.0012775488,0.007717373,0.046934415,0.50635403,0.50666875,tuning
1623,2670,0.028174242,0.040003717,0.011829477,0.011758065,0.10007392,0.506023,0.5088492,tuning
1625,2672,0.0154239135,0.008720589,-0.0067033176,0.014768543,0.09731184,0.5033765,0.50174725,tuning
1626,2676,0.033430915,0.01749914,-0.015931776,0.021780372,0.16191176,0.5076649,0.50380397,tuning
1629,2683,-0.011207775,-0.027437154,-0.016229378,0.010192875,0.11498845,0.4971377,0.4931826,tuning
1630,2686,-0.03421472,-0.028802263,0.005412455,0.010298831,0.06980675,0.49159062,0.4929196,tuning
1631,2687,-0.030100822,-0.036246743,-0.006145913,0.01196475,0.08070557,0.492613,0.4911588,tuning
1632,2688,0.021794336,0.032315254,0.010520917,0.019210441,0.13141653,0.50489527,0.5074118,tuning
1633,2690,-0.03228764,-0.014132516,0.018155133,0.013368135,0.13527519,0.49209574,0.49647304,tuning
1634,2692,-0.04716095,-0.028212607,0.018948348,0.013084014,0.13816053,0.4884528,0.49306133,tuning
1635,2693,-0.019400405,-0.035300184,-0.015899781,0.016140237,0.13593811,0.49512476,0.49127567,tuning
1636,2694,0.007922228,0.013958224,0.006035993,0.021615043,0.13465199,0.50164115,0.5030756,tuning
1638,2699,0.033246823,0.018489165,-0.014757663,0.013409675,0.11964066,0.50768566,0.5041144,tuning
1639,2700,-0.049528144,-0.062389143,-0.012861006,0.016700873,0.12647405,0.4880023,0.4849474,tuning
1640,2701,0.050352883,0.061629236,0.01127635,0.02184825,0.14751974,0.5116837,0.51438713,tuning
1641,2702,0.010813554,-0.005106989,-0.015920553,0.019657131,0.15177353,0.50221974,0.49844658,tuning
1643,2707,-0.00018516928,0.017310642,0.017495818,0.021515915,0.16638923,0.49971443,0.5039036,tuning
1644,2709,-0.01777635,-0.031356372,-0.013580015,0.010224418,0.10199215,0.49554375,0.49226516,tuning
1645,2710,-0.0048593706,-0.03539682,-0.030537453,0.0144481445,0.20269746,0.49865377,0.49129474,tuning
1646,2712,-0.013736311,-0.039408095,-0.025671788,0.018817868,0.19098036,0.49646744,0.49038738,tuning
1647,2713,0.036542352,0.034789935,-0.0017524167,0.015801035,0.09538749,0.5083823,0.50795364,tuning
1649,2716,-0.02485391,-0.010205632,0.01464828,0.007843761,0.09969696,0.49370003,0.4972823,tuning
1650,2717,0.03276036,0.03655019,0.0037898363,0.021704733,0.13219872,0.5076919,0.5085716,tuning
1651,2718,-0.0008847548,-0.028300643,-0.027415894,0.0119603705,0.17946738,0.49957725,0.49301445,tuning
1652,2719,0.0530941,0.055584755,0.0024906565,0.015950877,0.096864946,0.5123546,0.512933,tuning
1653,2720,0.04768835,0.054147158,0.006458808,0.0118862055,0.08116607,0.51110613,0.51265514,tuning
1655,2722,0.024123622,0.013003935,-0.011119691,0.013460242,0.10475554,0.50549865,0.5028348,tuning
1657,2724,0.022213917,0.019184625,-0.003029294,0.021688815,0.13139607,0.50505614,0.5043312,tuning
1660,2728,0.035049707,0.033575978,-0.0014737281,0.0148512,0.08954485,0.507846,0.50741494,tuning
1661,2729,0.029083626,0.009195142,-0.019888483,0.0049935197,0.12303467,0.5062928,0.5014727,tuning
1665,2734,0.022386653,-0.0032130997,-0.025599753,0.009510814,0.16385636,0.5049441,0.49873543,tuning
1666,2735,0.052409384,0.063704886,0.011295502,0.012961597,0.103156626,0.512373,0.5151034,tuning
1667,2736,0.011058923,0.0074115936,-0.0036473286,0.01748779,0.10718456,0.5023898,0.50145215,tuning
1671,2745,-0.0075908503,0.005426586,0.013017436,0.0069355434,0.08849856,0.49775198,0.5009159,tuning
1672,2746,0.0056743785,-0.010484309,-0.016158683,0.016907059,0.14032198,0.501116,0.49714878,tuning
1673,2747,0.056117,0.04651701,-0.009599995,0.020580834,0.13625821,0.5129904,0.5106497,tuning
1676,2750,-0.013323888,-0.014496718,-0.0011728269,0.012953651,0.078039825,0.49645954,0.4961719,tuning
1680,2761,-0.056614835,-0.049386725,0.007228113,0.023173327,0.14564668,0.48632982,0.4881097,tuning
1681,2762,-0.06607923,-0.043365877,0.022713352,0.021601003,0.18806909,0.4838507,0.48937893,tuning
1682,2763,0.003612644,0.0024971787,-0.0011154636,0.010749951,0.06484601,0.500668,0.50040483,tuning
1683,2764,0.04916499,0.02931523,-0.019849755,0.012160698,0.13967188,0.5114039,0.5065391,tuning
1685,2770,-0.01828546,-0.03212977,-0.0138443,0.011491194,0.10795201,0.495422,0.49208158,tuning
1687,2772,-0.00072207797,0.011280893,0.0120029785,0.016294703,0.1214298,0.4995643,0.5024443,tuning
1689,2779,0.013787185,0.01597392,0.0021867387,0.012102438,0.07379045,0.5029781,0.5034864,tuning
1696,2788,-0.011737961,-0.013715901,-0.0019779392,0.008996885,0.055270452,0.49657977,0.49612296,tuning
1701,2793,0.020714436,0.029302316,0.008587881,0.018716993,0.12355886,0.50476635,0.50679946,tuning
1702,2794,0.04607698,0.01995539,-0.02612159,0.021327801,0.2023355,0.51078767,0.5045066,tuning
1703,2795,-0.012138765,-0.0052960496,0.006842719,0.011496731,0.08027399,0.49675232,0.49845156,tuning
1704,2796,0.038844157,0.026878767,-0.011965393,0.014372659,0.11220865,0.50908303,0.5061868,tuning
1709,2802,0.0408838,0.030559799,-0.010324001,0.01119281,0.09136249,0.50966257,0.5071279,tuning
1710,2803,0.035897315,0.038721118,0.0028238047,0.014650276,0.08951961,0.50839794,0.509034,tuning
1712,2805,0.01999471,0.013042847,-0.0069518653,0.015082998,0.099647924,0.5045104,0.5028046,tuning
1719,2819,0.0093771815,0.037185192,0.027808003,0.01160798,0.18080127,0.5017483,0.508496,tuning
1720,2822,0.026431492,0.029525198,0.0030937062,0.013467843,0.082911626,0.5062226,0.50694734,tuning
1721,2826,-0.0034028739,-0.018736968,-0.015334088,0.01479979,0.12786731,0.498971,0.49524054,tuning
1722,2827,0.040113196,0.037217636,-0.0028955545,0.0144514935,0.08843233,0.5092251,0.5085041,tuning
1726,2840,0.027955689,0.016296403,-0.011659283,0.019239657,0.13498043,0.5063515,0.50347847,tuning
1735,2859,-0.013431031,-0.00051132176,0.012919712,0.010239102,0.09891053,0.4963256,0.49942902,tuning
1737,2861,-0.008532397,-0.019747937,-0.011215534,0.016840942,0.12140263,0.49768013,0.49493572,tuning
1741,2867,0.021468094,0.015411686,-0.0060564093,0.0135519635,0.08906228,0.50491035,0.50340545,tuning
1744,2871,0.0016445493,0.00736537,0.0057208184,0.008911939,0.06354066,0.4998692,0.50127727,tuning
1745,2872,-0.0024610767,0.015227843,0.017688917,0.015621497,0.14159603,0.49907795,0.50339574,tuning
1747,2875,0.027390637,0.026876925,-0.0005137109,0.011909676,0.0715245,0.5063892,0.5062504,tuning
1751,2881,0.014797636,0.025358982,0.010561342,0.016032986,0.11519352,0.5033263,0.50585943,tuning
1756,2889,-0.009918975,-0.011518126,-0.0015991516,0.014956097,0.09024808,0.49739662,0.49698597,tuning
1757,2890,-0.040863506,-0.04440047,-0.0035369666,0.010732936,0.06780426,0.49001312,0.48915973,tuning
1762,2901,0.030348718,0.02316975,-0.0071789687,0.008408789,0.06633876,0.50712013,0.5053768,tuning
1766,2906,0.04343474,0.044114456,0.0006797142,0.022224408,0.1334088,0.5100392,0.51022196,tuning
1767,2907,0.030843867,0.02817431,-0.0026695505,0.020367833,0.1232522,0.50695294,0.5063665,tuning
1768,2908,-0.037082665,-0.040499542,-0.0034168763,0.0118777715,0.07415681,0.49093068,0.49011135,tuning
1769,2912,-0.024020808,-0.0428187,-0.018797887,0.012126843,0.13422054,0.49405077,0.48958027,tuning
1770,2915,0.0080291955,0.02036093,0.012331734,0.0133950515,0.10924269,0.50161827,0.5045841,tuning
1771,2916,-0.012871714,-0.021124177,-0.008252461,0.013959122,0.09729628,0.49662918,0.49459064,tuning
1772,2917,-0.0083237775,-0.0019945493,0.006329229,0.007664146,0.059638392,0.49754933,0.49907678,tuning
1773,2918,-0.03372876,-0.01861885,0.015109905,0.010415582,0.110111624,0.4915016,0.4952223,tuning
1774,2919,-0.01763322,-0.009431274,0.008201949,0.0074436106,0.066456415,0.49534953,0.49735987,tuning
1776,2921,0.012630379,0.032012526,0.019382147,0.013932076,0.14321917,0.50273657,0.50744164,tuning
1777,2922,0.032933224,0.03524455,0.002311323,0.011281216,0.06909334,0.50768495,0.50820285,tuning
1788,2941,0.038444836,0.041415837,0.0029710005,0.018024491,0.10960624,0.50884587,0.5095534,tuning
1789,2942,0.038858783,0.03199663,-0.006862151,0.006370473,0.05618001,0.5091343,0.50745285,tuning
1791,2944,0.02610286,0.06139099,0.03528813,0.019460347,0.2417901,0.505763,0.5142667,tuning
1792,2946,0.0190038,0.00889139,-0.0101124095,0.008949595,0.081023574,0.5041727,0.5017129,tuning
1793,2947,0.026325172,0.045072813,0.018747644,0.018390937,0.15757291,0.5057906,0.51034784,tuning
1795,2949,0.02705996,0.04321941,0.016159454,0.017552912,0.14315158,0.50598687,0.5098159,tuning
1796,2950,0.06725023,0.05092358,-0.016326658,0.03201602,0.2156318,0.5159172,0.51195747,tuning
1797,2951,0.017271867,0.05435677,0.037084904,0.016063448,0.24248646,0.50371265,0.5127412,tuning
1799,2953,0.04127054,0.05809778,0.01682724,0.015403135,0.13687532,0.50962526,0.5136421,tuning
1801,2959,-0.04642896,-0.058808506,-0.012379553,0.019132797,0.1367312,0.48869574,0.48578775,tuning
1802,2961,0.03115981,0.02246029,-0.008699523,0.025442261,0.1613309,0.50701326,0.5048791,tuning
1804,2966,-0.0524969,-0.048898894,0.0035980018,0.01491325,0.09204685,0.48726812,0.4881781,tuning
1806,2968,-0.016351774,-0.016753756,-0.00040198243,0.008095871,0.04863507,0.49575615,0.49564394,tuning
1809,2971,-0.00036916428,-0.008535848,-0.008166684,0.0075353524,0.06667193,0.4995789,0.49758714,tuning
1811,2973,-0.050524693,-0.026670069,0.023854626,0.01145413,0.15877232,0.48754972,0.4933796,tuning
1814,2976,0.013242002,-0.02227022,-0.035512224,0.02230273,0.25160894,0.50284743,0.49439102,tuning
1818,2986,0.05319253,0.038299534,-0.014892997,0.018778855,0.14380571,0.51250696,0.5088692,tuning
1821,2989,0.03320585,0.061595686,0.028389834,0.03165312,0.25511664,0.5077473,0.5145574,tuning
1822,2990,0.029509936,0.040560007,0.01105007,0.016480345,0.11905214,0.50694007,0.5095681,tuning
1823,2991,0.038967617,0.0524252,0.013457583,0.016752739,0.12893172,0.50908685,0.5123298,tuning
1824,2993,0.03640146,0.027662914,-0.008738546,0.015503877,0.10678186,0.5084285,0.5062384,tuning
1825,2995,0.033018183,0.04244329,0.0094251055,0.01172029,0.09023924,0.5077471,0.51003253,tuning
1827,2997,-0.06340199,-0.06531107,-0.0019090739,0.024664886,0.14843194,0.48467314,0.4842684,tuning
1828,3000,-0.05316899,-0.066461086,-0.0132921,0.026674634,0.17881773,0.48706278,0.48397568,tuning
1829,3004,0.036076564,0.043280456,0.007203892,0.021395076,0.13545196,0.5082198,0.5099377,tuning
1831,3006,-0.04498954,-0.040803798,0.0041857506,0.019176545,0.117768295,0.48904073,0.49011898,tuning
1832,3007,-0.037084118,-0.023235602,0.013848513,0.0107244225,0.105093315,0.49094126,0.49428335,tuning
1836,3016,0.027103666,0.015755601,-0.011348065,0.013767514,0.10704965,0.50634426,0.5035273,tuning
1838,3018,0.0047505912,-0.009729059,-0.0144796455,0.008816626,0.10171602,0.5009572,0.497406,tuning
1839,3019,-0.03310678,-0.038387224,-0.005280445,0.011290652,0.07478656,0.4917351,0.4904909,tuning
1840,3020,0.00652199,-0.017178316,-0.023700299,0.0137191685,0.16430797,0.50129884,0.49555418,tuning
1845,3030,-0.009860756,0.011775581,0.02163634,0.012510095,0.14995602,0.4968041,0.5021142,tuning
1846,3032,0.033048723,0.011274342,-0.021774385,0.010856365,0.14598438,0.5076579,0.50233203,tuning
1847,3033,0.012287742,0.025510168,0.013222429,0.024075693,0.16480589,0.5027772,0.50603676,tuning
1848,3034,0.020199826,0.03433324,0.014133415,0.017228475,0.1337036,0.5044504,0.5078373,tuning
1849,3035,0.024873462,0.03562573,0.010752267,0.013802385,0.104977205,0.50524336,0.5077979,tuning
1853,3039,-0.00067429163,0.012314502,0.01298879,0.016521698,0.12609643,0.49949354,0.5025728,tuning
1857,3044,-0.01762078,-0.0028174222,0.01480336,0.010719543,0.10966189,0.4954983,0.4990896,tuning
1862,3052,-0.029940179,-0.04562468,-0.015684498,0.013938038,0.125896,0.49269268,0.4889717,tuning
1863,3053,0.012989526,-0.0019689335,-0.014958458,0.01935622,0.14677559,0.5027429,0.49909666,tuning
1866,3060,-0.016371837,-0.0055293906,0.010842445,0.015999924,0.11596561,0.4957623,0.49834347,tuning
1867,3061,0.04021966,0.03529195,-0.004927711,0.013045066,0.0836685,0.50874513,0.5074667,tuning
1871,3067,-0.017466852,-0.01345497,0.004011886,0.0051001958,0.038934052,0.4954518,0.49642965,tuning
1872,3068,-0.005931131,0.0044426154,0.010373748,0.01645027,0.11668819,0.4980303,0.5004724,tuning
1873,3070,0.012540073,-0.0014112972,-0.013951371,0.007177183,0.09413552,0.5027911,0.4993958,tuning
1874,3071,-0.004038173,8.900795e-05,0.0041271765,0.014701419,0.0916185,0.4986817,0.49962902,tuning
1876,3074,0.017052598,-0.001673717,-0.018726312,0.009208582,0.12520792,0.50380546,0.4992361,tuning
1883,3082,0.01179081,0.013817115,0.0020263018,0.011909026,0.07248109,0.5025932,0.50307393,tuning
1884,3083,-0.044050302,-0.032226883,0.011823414,0.009835525,0.092277326,0.48924392,0.49213165,tuning
1886,3087,0.0037919316,-0.00052983605,-0.004321773,0.017335208,0.107194856,0.50068104,0.49955443,tuning
1891,3093,0.030943926,0.016679086,-0.014264843,0.0068554655,0.09495997,0.50708634,0.50360304,tuning
1893,3095,0.043583214,0.034045473,-0.009537743,0.0064040017,0.06892947,0.50904447,0.5066952,tuning
1895,3097,0.027044134,0.020187479,-0.0068566566,0.011079092,0.07817519,0.5053843,0.5037769,tuning
1896,3098,-0.0036592574,-0.013633575,-0.009974321,0.008319658,0.07793161,0.4986798,0.49625766,tuning
1897,3099,0.033884168,0.012775568,-0.021108605,0.016560784,0.1609782,0.5077915,0.5027059,tuning
1899,3101,0.01155432,-0.0047122124,-0.016266532,0.010483784,0.116113536,0.5025,0.4985207,tuning
1900,3102,0.028149443,0.03997974,0.011830294,0.02122008,0.14577007,0.5065711,0.5094045,tuning
1902,3104,-0.023837503,-0.00927665,0.014560852,0.008398717,0.10085657,0.49394688,0.49748617,tuning
1903,3105,-0.009553514,0.008899306,0.018452816,0.0112008955,0.12951754,0.49732462,0.5017811,tuning
1904,3107,0.022570975,0.01878036,-0.0037906154,0.021468878,0.13080572,0.5051985,0.5041825,tuning
1905,3108,-0.016162582,-0.027585587,-0.011423003,0.015576731,0.11589782,0.4958836,0.49306658,tuning
1907,3111,0.008373664,0.01951211,0.011138446,0.014213442,0.10834727,0.50154704,0.50419253,tuning
1909,3113,0.045614466,0.05286332,0.007248855,0.013656501,0.09276666,0.5105967,0.5122909,tuning
1910,3114,-0.05865854,-0.027647508,0.031011038,0.01703614,0.21229443,0.48573336,0.49328646,tuning
1915,3129,-0.044174485,-0.043559033,0.0006154577,0.015227972,0.09144242,0.48923847,0.48943743,tuning
1924,3147,-0.029902872,-0.0047839903,0.02511888,0.008565105,0.15923409,0.49257338,0.49865353,tuning
1925,3148,-0.03911546,-0.03794007,0.0011753862,0.011527134,0.06952143,0.49040496,0.49072286,tuning
1926,3152,0.0049823765,0.0051649655,0.00018259174,0.0129766455,0.077867575,0.5005496,0.5005783,tuning
1927,3153,0.037605062,0.028644072,-0.008960982,0.01501559,0.10491719,0.5085642,0.5063478,tuning
1928,3155,-0.002664349,0.00416566,0.006830012,0.011433059,0.07990683,0.4991056,0.50072056,tuning
1931,3159,-0.042866454,-0.040620063,0.002246383,0.019557385,0.11811584,0.48956645,0.49013424,tuning
1932,3160,-0.044526592,-0.055033203,-0.010506617,0.014216555,0.10606593,0.48918608,0.4867159,tuning
1933,3163,-0.02412959,-0.04480968,-0.02068009,0.013892808,0.14948024,0.49404228,0.48912653,tuning
1936,3168,0.02374426,0.019253047,-0.0044912132,0.017955767,0.111053586,0.5052531,0.50405246,tuning
1938,3173,0.007830679,-0.0050472533,-0.012877935,0.014258266,0.115278,0.5015486,0.4984013,tuning
1939,3174,-0.017940309,-0.043706153,-0.02576583,0.017350106,0.18637745,0.4955278,0.48933485,tuning
1940,3175,-0.031037055,-0.040316656,-0.009279608,0.010437404,0.08379629,0.4924219,0.49017817,tuning
1941,3176,-0.01963833,-0.048397895,-0.028759552,0.016962355,0.20033473,0.49508178,0.48817456,tuning
1943,3178,-0.04059615,-0.023399156,0.017197004,0.013131434,0.12982361,0.49007642,0.4942032,tuning
1944,3179,-0.0041932976,-0.026284842,-0.022091538,0.013468225,0.15523995,0.49873888,0.49339417,tuning
1948,3185,-0.007846666,-0.042254135,-0.034407463,0.015282422,0.2258923,0.4978598,0.48959786,tuning
1949,3186,-0.006528554,-0.027067192,-0.020538624,0.013157368,0.14634976,0.4981662,0.49320066,tuning
1950,3189,-0.027434472,-0.035164107,-0.007729633,0.00817245,0.06749298,0.49323374,0.4913343,tuning
1952,3194,0.05186427,0.043959644,-0.007904621,0.022834187,0.14498204,0.511956,0.5100164,tuning
1953,3196,0.021291735,0.04021469,0.018922955,0.010283041,0.12921876,0.50429463,0.5088923,tuning
1954,3197,0.041024085,0.05515996,0.014135874,0.01951853,0.14459826,0.5096466,0.51303154,tuning
1955,3198,0.0089212395,0.02089031,0.01196907,0.0070098294,0.08322421,0.5015944,0.50450355,tuning
1958,3201,0.0047928444,0.014033735,0.009240884,0.009361492,0.07892486,0.50047445,0.5027283,tuning
1960,3204,0.027785663,0.026777487,-0.0010081708,0.010858467,0.06543101,0.5063521,0.50605655,tuning
1962,3208,0.035141177,0.023866912,-0.011274265,0.011491264,0.09659035,0.5082395,0.5055066,tuning
1963,3210,-0.00815899,-0.0012729665,0.006886028,0.011831398,0.08213633,0.49770457,0.49938312,tuning
1974,3243,0.043080557,0.03884372,-0.004236839,0.01686062,0.10430881,0.510022,0.50899017,tuning
1975,3244,0.0029191773,0.006522584,0.0036034116,0.011575167,0.072738476,0.50031173,0.5011449,tuning
1977,3247,0.024110805,0.022613175,-0.0014976292,0.018199656,0.10956704,0.5055494,0.50518227,tuning
1978,3248,0.040802553,0.060151868,0.01934932,0.022414295,0.17766453,0.5094833,0.5140783,tuning
1979,3249,0.038732395,0.045101326,0.0063689305,0.019166628,0.121182606,0.50902396,0.5105152,tuning
1980,3250,0.020182738,0.002177612,-0.018005129,0.014623096,0.13917153,0.5045087,0.50008994,tuning
1981,3251,0.013557066,-0.0040750923,-0.01763216,0.0070482683,0.113932274,0.50299937,0.49867937,tuning
1982,3252,-0.005126803,0.0030580328,0.008184833,0.016654162,0.11134044,0.49843842,0.5003712,tuning
1983,3253,-0.022180794,-0.015885489,0.006295306,0.013175987,0.08761592,0.49443382,0.4959296,tuning
1984,3254,0.021301411,0.013776411,-0.007525002,0.013563689,0.09306758,0.50484425,0.5030255,tuning
1986,3256,0.006764805,0.030833986,0.024069183,0.014677089,0.16914704,0.5014036,0.5072179,tuning
1988,3258,0.031141821,0.04485502,0.0137132,0.018076297,0.13613579,0.50718194,0.5104539,tuning
1989,3259,0.022766028,0.0068475865,-0.015918441,0.015470171,0.13318418,0.5051922,0.5012738,tuning
1991,3261,-0.010011032,-0.036501996,-0.026490968,0.012782203,0.17648122,0.49736622,0.4909047,tuning
1993,3263,0.013277757,-0.003987487,-0.01726524,0.0097882245,0.11908117,0.50293183,0.49875715,tuning
1994,3264,0.013777263,0.008340929,-0.0054363343,0.0066663334,0.051611766,0.5030792,0.50175434,tuning
1995,3265,-0.038827155,-0.029060073,0.009767079,0.01218644,0.093704775,0.49039316,0.49278122,tuning
1997,3267,-0.011439521,-0.02553033,-0.014090815,0.009793303,0.10295899,0.49697864,0.4935414,tuning
1999,3269,0.014795403,0.025409166,0.010613758,0.015665172,0.11353317,0.5034024,0.50598806,tuning
2000,3271,-0.03032867,-0.02429818,0.0060304883,0.009791401,0.06899695,0.4923706,0.4938498,tuning
2003,3274,0.031066868,0.04839297,0.017326096,0.015512698,0.13953547,0.50727606,0.5114602,tuning
2005,3285,0.02419091,0.017352806,-0.0068381084,0.018323151,0.11734528,0.50549626,0.5038305,tuning
2008,3296,0.03289388,0.041604638,0.008710757,0.016790511,0.11349339,0.50734746,0.5093688,tuning
2009,3298,-0.019935312,-0.029193517,-0.009258196,0.012055797,0.09120324,0.49499607,0.4927236,tuning
2011,3300,-0.014709685,-0.038279492,-0.023569806,0.013243312,0.16221331,0.49630213,0.49059635,tuning
2013,3307,0.023959462,0.031052735,0.0070932773,0.0071299383,0.06034419,0.50416714,0.50588864,tuning
2014,3308,0.040128443,0.028175423,-0.011953021,0.013125887,0.10651709,0.5092475,0.5063118,tuning
2017,3317,-0.04849948,-0.041633844,0.006865632,0.016228518,0.10572634,0.48823553,0.4899247,tuning
2022,3328,-0.036625568,-0.03709673,-0.00047116354,0.008204775,0.04930975,0.49102578,0.49092165,tuning
2024,3334,0.03218791,0.037142392,0.004954478,0.008857852,0.06089583,0.5067343,0.50787735,tuning
2028,3347,-0.012032786,0.007200421,0.019233204,0.005334713,0.11975605,0.49663994,0.50132203,tuning
2030,3354,0.022555448,0.033519253,0.010963806,0.018315226,0.1280761,0.5051746,0.5077845,tuning
2033,3358,-0.02013757,-0.023737125,-0.003599556,0.0097517315,0.06236915,0.49491686,0.4940366,tuning
2034,3359,-0.009933455,0.014077382,0.024010837,0.014749751,0.16907607,0.4970693,0.50289416,tuning
2035,3360,-0.014724072,-0.007135373,0.0075886943,0.009293767,0.0719906,0.49602863,0.49783835,tuning
2038,3363,0.0076977047,0.013643112,0.005945409,0.0053052143,0.04780957,0.50133336,0.5027789,tuning
2040,3365,0.0260683,0.02332478,-0.0027435196,0.006866102,0.044363603,0.50573057,0.50507057,tuning
2041,3366,0.02372506,0.027832773,0.004107712,0.010176426,0.06584517,0.5053601,0.50633055,tuning
2046,3384,0.01888805,0.025261939,0.006373888,0.009805863,0.07017214,0.5040887,0.5056155,tuning
2048,3386,-0.009307106,-0.014207472,-0.004900366,0.011066764,0.07261905,0.49752718,0.49633047,tuning
2050,3388,0.05150288,0.047164053,-0.00433883,0.025275609,0.15387185,0.5120157,0.51092166,tuning
2053,3394,0.04489065,0.053105753,0.008215103,0.01175519,0.0860477,0.5106571,0.5126475,tuning
2054,3396,-0.015956357,-0.01070301,0.005253346,0.009991746,0.06773164,0.49571425,0.4970295,tuning
2055,3397,-0.0014275528,0.0113520445,0.012779594,0.016852153,0.12689868,0.49930656,0.50237757,tuning
2056,3398,-0.004144008,-0.012824923,-0.008680913,0.014806602,0.1029824,0.49868938,0.49657005,tuning
2059,3404,0.060161836,0.047977492,-0.0121843405,0.009333682,0.09209087,0.51369953,0.51072407,tuning
2066,3418,-0.013516735,-0.018599158,-0.005082423,0.00934595,0.06383103,0.49647623,0.49522182,tuning
2068,3421,-0.021350937,-0.029675003,-0.008324066,0.010004502,0.07808769,0.49436098,0.4923565,tuning
2069,3422,0.00096453354,-0.021329792,-0.022294326,0.0061961706,0.1388361,0.49994504,0.4945153,tuning
2071,3424,-0.025213249,-0.03360548,-0.008392224,0.009302818,0.07517304,0.49361345,0.49160093,tuning
2073,3426,0.010761468,0.009289298,-0.0014721699,0.008879703,0.054005466,0.502341,0.5019683,tuning
2075,3429,-0.051645745,-0.025734289,0.025911452,0.010401314,0.1675269,0.4871688,0.49348035,tuning
2076,3430,0.042754337,0.03565635,-0.0070979837,0.0091207875,0.06934353,0.50994736,0.50819016,tuning
2079,3435,0.018802555,0.025211552,0.006409,0.0037910726,0.04467785,0.5034903,0.5050426,tuning
2082,3439,0.05955811,0.06598545,0.006427344,0.018732212,0.11882523,0.51405734,0.51562876,tuning
2084,3441,0.035352733,0.039850023,0.004497288,0.011622063,0.07477116,0.50823,0.50927806,tuning
2085,3444,0.02941973,-0.004785049,-0.03420478,0.010421372,0.21454275,0.5068552,0.49856684,tuning
2090,3451,0.020732777,0.03889056,0.018157782,0.012206634,0.13127623,0.5045095,0.50892293,tuning
2091,3452,0.0064215427,-0.009262496,-0.015684033,0.013601921,0.1245634,0.5013128,0.4975053,tuning
2096,3461,0.043235663,0.029664675,-0.013570983,0.008741748,0.09685674,0.50989795,0.50656104,tuning
2098,3466,-0.021232035,-0.03729654,-0.01606451,0.010769062,0.116040856,0.49469396,0.49074826,tuning
2099,3467,0.020608036,0.036317416,0.015709378,0.012080327,0.11890281,0.50442106,0.5081962,tuning
2101,3469,0.02106363,0.03413577,0.01307214,0.005978002,0.08624515,0.5042703,0.50742614,tuning
2103,3471,-0.009805469,-0.0020300266,0.007775444,0.009408336,0.07323302,0.49714231,0.4990101,tuning
2107,3478,0.03355605,0.037543114,0.003987063,0.018214263,0.111873224,0.50781786,0.5087312,tuning
2108,3479,0.00011868113,-0.014565345,-0.014684025,0.013592507,0.12005651,0.49984488,0.49624088,tuning
2110,3481,-0.048684828,-0.0349529,0.013731933,0.012233398,0.11034488,0.48820958,0.49150407,tuning
2112,3484,0.04435371,0.04967378,0.0053200717,0.02447713,0.15029168,0.51023203,0.51145,tuning
2114,3489,0.036085624,0.028323941,-0.007761687,0.018244298,0.11896023,0.50858474,0.5067158,tuning
2116,3494,0.02494641,0.034446318,0.009499911,0.013311762,0.09812363,0.50570244,0.5079781,tuning
2118,3498,-0.0059354044,0.0027830517,0.008718459,0.0076595396,0.06963105,0.49801356,0.5001117,tuning
2119,3499,-0.027418993,-0.012608277,0.014810715,0.018541977,0.14238623,0.4931439,0.4967139,tuning
2124,3504,-0.007208293,0.0038071822,0.011015473,0.013162728,0.10298317,0.4977103,0.50031567,tuning
2125,3505,-7.2276016e-05,0.02829842,0.028370691,0.011854652,0.18448697,0.49962023,0.5065333,tuning
2127,3507,-0.0007523381,0.025484743,0.026237078,0.008227896,0.16498174,0.4992113,0.505587,tuning
2128,3508,-0.0025930437,0.0035301496,0.0061231926,0.005736841,0.050344553,0.49901262,0.5005066,tuning
2130,3510,-0.024484586,-0.05546552,-0.030980935,0.022668844,0.2303324,0.4938858,0.486472,tuning
2132,3512,-0.01810801,-0.0033130315,0.014794977,0.010189843,0.10778716,0.4954642,0.49906382,tuning
2136,3516,0.031791076,0.019651663,-0.0121394135,0.012905837,0.10630774,0.5071031,0.504166,tuning
2139,3524,0.017887615,0.015535075,-0.0023525448,0.012758492,0.07784143,0.5040365,0.5034559,tuning
2141,3526,-0.011183999,0.005131697,0.016315693,0.018519705,0.1480896,0.496949,0.5008199,tuning
2143,3528,0.009817496,0.0073935324,-0.0024239654,0.012404258,0.07583327,0.50207096,0.50147843,tuning
2145,3534,0.013692447,-0.0042154323,-0.017907882,0.018260015,0.15345466,0.5029786,0.49869463,tuning
2146,3535,-0.015786655,-0.047918748,-0.032132085,0.011447251,0.20466165,0.49605688,0.4883638,tuning
2147,3536,-0.017650515,0.00814913,0.025799649,0.01714535,0.185863,0.49558702,0.50176877,tuning
2149,3543,-0.011829917,-0.0027459124,0.009084012,0.012897032,0.094650395,0.49670294,0.49886554,tuning
2151,3545,0.005265969,-0.008653899,-0.013919867,0.009391116,0.100749224,0.50076455,0.49735436,tuning
2152,3546,0.037621483,0.039251253,0.0016297683,0.012827308,0.07758257,0.5084877,0.5088079,tuning
2154,3548,0.039169084,0.026899977,-0.012269104,0.008708018,0.09027169,0.5088884,0.5059295,tuning
2155,3549,0.03242589,0.030482855,-0.0019430321,0.017352767,0.10476726,0.50727534,0.50671357,tuning
2157,3551,0.001536099,0.009874027,0.008337926,0.011884972,0.08710826,0.49986765,0.50185585,tuning
2158,3552,-0.0063276915,0.0017665583,0.008094247,0.012290108,0.0882966,0.49808705,0.50006557,tuning
2161,3555,-0.0023860733,-0.014709385,-0.012323316,0.016736243,0.12470275,0.49921736,0.4962421,tuning
2165,3565,0.007650454,0.018289546,0.01063909,0.017216355,0.12143044,0.50151825,0.5039906,tuning
2166,3566,-0.014864187,-0.034861192,-0.01999701,0.013481053,0.14470069,0.4962133,0.49145877,tuning
2170,3578,-0.029728277,-0.021282975,0.008445299,0.018677516,0.12298869,0.49271435,0.49482954,tuning
2174,3591,0.036488846,0.038110025,0.0016211797,0.016997837,0.102449834,0.50854045,0.50887406,tuning
2175,3593,0.053066023,0.060965642,0.007899616,0.022914551,0.145428,0.51232886,0.51426554,tuning
2182,3608,-0.003513134,-0.025489293,-0.02197616,0.012062888,0.15041521,0.4988152,0.493495,tuning
2184,3614,0.00028760068,0.00027082613,-1.6770533e-05,0.01518283,0.091097035,0.49983576,0.49980736,tuning
2185,3615,-0.01793735,-0.03466974,-0.016732391,0.017715102,0.1462078,0.49548733,0.4914368,tuning
2187,3617,0.0024587512,-0.0027586694,-0.0052174185,0.01781648,0.11138825,0.5003665,0.49905354,tuning
2191,3623,0.010636132,-0.016016962,-0.026653102,0.010708442,0.172343,0.50231624,0.49581364,tuning
2192,3624,-0.028481437,-0.03890703,-0.010425589,0.011038534,0.09110168,0.4930388,0.49050495,tuning
2196,3633,0.045623183,0.044685107,-0.00093807734,0.018690066,0.11228155,0.51063967,0.510329,tuning
2198,3635,0.03448283,0.052224543,0.017741714,0.018529637,0.15392262,0.5080516,0.51230705,tuning
2199,3638,0.038508266,0.038166575,-0.00034169294,0.013541474,0.0812747,0.5090584,0.50894654,tuning
2200,3639,0.038743056,0.050980974,0.0122379195,0.016808309,0.12474891,0.5090244,0.5119388,tuning
2203,3649,0.044562656,0.035992343,-0.008570314,0.0137909,0.097421825,0.51039183,0.5082627,tuning
2205,3654,0.027545951,0.050187867,0.022641914,0.012317844,0.15465406,0.5059409,0.5113929,tuning
2210,3668,0.015792588,0.0361294,0.02033681,0.008740989,0.1328144,0.50322014,0.508173,tuning
2212,3671,-0.004886033,0.0038197774,0.00870581,0.008516673,0.07307321,0.4983934,0.50051785,tuning
2214,3675,0.03003443,0.021528915,-0.008505516,0.011664603,0.086617805,0.50662833,0.50453067,tuning
2218,3681,0.016882792,0.035055492,0.018172698,0.012493938,0.13231945,0.5036997,0.5080914,tuning
2219,3682,0.021946497,0.01700409,-0.0049424088,0.010032272,0.067101866,0.5050593,0.5038325,tuning
2220,3683,-0.04384065,-0.014223861,0.029616786,0.010128906,0.18780564,0.48897266,0.49616468,tuning
2221,3684,0.0041949693,-0.01388041,-0.018075377,0.010063531,0.124128066,0.50068283,0.49629796,tuning
2222,3685,0.0068605673,0.005544637,-0.0013159236,0.013915131,0.08386329,0.5013062,0.5009309,tuning
2223,3686,0.024136726,0.019658305,-0.0044784145,0.012036723,0.07705712,0.5055566,0.50445724,tuning
2224,3688,0.05003651,0.03888553,-0.011150982,0.019046055,0.13242158,0.5117479,0.509009,tuning
2230,3697,0.04000795,0.03515482,-0.004853131,0.01232325,0.079466686,0.50939345,0.5081832,tuning
2231,3698,0.026546557,0.01394605,-0.012600504,0.008213806,0.09024753,0.50618804,0.50310314,tuning
2232,3699,0.015688173,-0.0003349636,-0.016023139,0.009583535,0.112022616,0.5035092,0.49957573,tuning
2233,3700,-0.0033350198,-0.0033781354,-4.31133e-05,0.008368421,0.05021119,0.49887243,0.4988771,tuning
2234,3701,0.030060645,0.044886842,0.01482619,0.017598754,0.13806938,0.5069773,0.5105134,tuning
2236,3703,-0.0030535816,0.0032855836,0.0063391584,0.011402474,0.07827674,0.49893665,0.500473,tuning
2237,3704,0.033906512,0.011240436,-0.022666074,0.015498689,0.16475002,0.5079199,0.502478,tuning
2239,3706,0.007314203,-0.032624517,-0.039938718,0.011645847,0.24961203,0.5015361,0.49180296,tuning
2240,3707,0.047607105,0.021814177,-0.025792928,0.019474158,0.19391403,0.51106125,0.5048693,tuning
2241,3708,0.0443839,0.06043583,0.01605194,0.019573707,0.15188354,0.51059395,0.5144513,tuning
2244,3712,0.0034276843,-0.0070669483,-0.010494633,0.0152024245,0.11083788,0.50061727,0.4980116,tuning
2249,3717,0.022244534,0.024376042,0.0021315096,0.016809698,0.101665795,0.5050484,0.50548303,tuning
2252,3723,-0.013862018,-0.0060114185,0.007850598,0.00994833,0.0760371,0.4963255,0.49820837,tuning
2259,3730,-0.01518532,0.00026793944,0.015453259,0.009184663,0.107860126,0.49578202,0.49952188,tuning
2264,3740,0.013129297,-0.0058075744,-0.018936865,0.015880547,0.1482858,0.50285834,0.49824837,tuning
2265,3741,0.0034623619,-0.005310201,-0.008772563,0.007697875,0.07002675,0.5003406,0.4982161,tuning
2266,3742,0.057172377,0.022082988,-0.035089392,0.020291248,0.24320361,0.5118673,0.5035441,tuning
2269,3745,-0.022845652,-0.055126056,-0.0322804,0.011139695,0.20489073,0.4943531,0.48656955,tuning
2272,3751,-0.05926685,-0.05584469,0.0034221492,0.016125862,0.09890987,0.4857316,0.4865979,tuning
2273,3752,0.0018962481,-0.008671638,-0.0105678905,0.017129093,0.12076051,0.5001777,0.4976114,tuning
2274,3753,-0.0091267,-0.014622595,-0.0054959017,0.017831406,0.11195492,0.49759823,0.49631637,tuning
2275,3754,0.006279509,-0.011541048,-0.017820561,0.019215057,0.15724018,0.50119275,0.49692303,tuning
2276,3755,-0.008892774,-0.03327678,-0.024384025,0.013083474,0.16603398,0.49765074,0.49180004,tuning
2279,3763,0.020378312,0.031598106,0.0112197995,0.016003255,0.11726709,0.5046612,0.5073736,tuning
2280,3764,0.052780516,0.048413854,-0.0043666624,0.02355622,0.14374517,0.51240265,0.5113303,tuning
2285,3770,0.026179945,0.032418728,0.0062387837,0.01359256,0.08973564,0.50612026,0.50760365,tuning
2289,3783,-0.048254922,-0.033665743,0.014589184,0.013380639,0.118776634,0.48817927,0.4917289,tuning
2291,3785,0.008148224,0.0030584717,-0.0050897445,0.009656758,0.06549585,0.5016949,0.50047123,tuning
2294,3788,0.026488563,0.0017547444,-0.024733819,0.011670584,0.16409361,0.5059271,0.49992657,tuning
2296,3791,0.05835988,0.04894087,-0.00941901,0.025721177,0.16434927,0.5136828,0.5113771,tuning
2298,3793,-0.024299504,0.00505274,0.029352248,0.017178241,0.20405702,0.49401888,0.50109506,tuning
2301,3798,0.0064634806,-0.0002790706,-0.006742557,0.009424089,0.0695264,0.5012736,0.4996226,tuning
2304,3802,0.05488451,0.045774765,-0.009109743,0.021832533,0.14194115,0.512943,0.51076657,tuning
2306,3809,0.0042049414,-0.00025545806,-0.004460404,0.009562884,0.063311785,0.5007764,0.4996908,tuning
2308,3811,-0.016243918,-0.0027386104,0.013505306,0.010105448,0.10120515,0.49559504,0.49885103,tuning
2309,3812,0.027284527,0.02007652,-0.0072080013,0.013318764,0.09086479,0.50616133,0.50435424,tuning
2311,3814,-0.01471188,0.0055815647,0.020293444,0.009832345,0.13529952,0.49595037,0.50089616,tuning
2312,3819,-0.043757975,-0.015118333,0.02863964,0.0068213027,0.17664464,0.48903576,0.4960174,tuning
2313,3821,0.021674752,0.008491651,-0.013183099,0.014723457,0.11857772,0.5048678,0.5016564,tuning
2317,3825,0.025307365,0.019759964,-0.005547403,0.021115448,0.13099194,0.50564975,0.50428563,tuning
2318,3826,0.03238232,0.027736792,-0.004645517,0.013677899,0.0866716,0.5074875,0.50635433,tuning
2319,3827,-0.010164302,-0.0155593045,-0.005395001,0.018970406,0.118335806,0.49737296,0.49601996,tuning
2323,3836,0.0035688255,-0.0012585293,-0.004827358,0.014299333,0.090553164,0.50029737,0.49918985,tuning
2327,3844,0.020050675,0.02461201,0.004561341,0.015787229,0.09859781,0.5045814,0.5056572,tuning
2329,3852,-0.03288974,-0.04289848,-0.010008741,0.01280036,0.09749291,0.491977,0.48959404,tuning
2333,3863,-0.016044715,-0.046555746,-0.030511029,0.012606408,0.19807675,0.49597305,0.48868328,tuning
2336,3868,-0.013184059,-0.005668947,0.007515109,0.009644663,0.07336123,0.49653754,0.49835858,tuning
2337,3869,0.021215029,0.001174113,-0.020040914,0.013392946,0.1446248,0.50480634,0.49995837,tuning
2338,3871,0.0403597,0.031230953,-0.009128742,0.007405984,0.070530646,0.50908417,0.5068867,tuning
2340,3873,0.042372007,0.058687456,0.016315445,0.021110501,0.16008277,0.50998724,0.51388377,tuning
2345,3893,-0.03250237,-0.05519313,-0.02269075,0.011943737,0.15385327,0.49206278,0.4866207,tuning
2348,3897,-0.06355838,-0.04130356,0.022254817,0.014472068,0.15927912,0.48463038,0.4899912,tuning
2352,3911,-0.051891565,-0.049122777,0.002768798,0.02210366,0.1336584,0.4874533,0.48817408,tuning
2355,3916,-0.040573843,-0.034441095,0.006132751,0.012039101,0.081066765,0.49007496,0.4915651,tuning
2356,3917,0.0023923677,-0.011954506,-0.014346878,0.008991294,0.101589106,0.5004262,0.49692494,tuning
2367,3932,0.047302946,0.026212096,-0.021090858,0.011323814,0.14363116,0.5101571,0.5049948,tuning
2372,3948,-0.035444364,-0.022025945,0.013418417,0.014137012,0.11694753,0.49133396,0.49452633,tuning
2373,3949,-0.043576892,-0.038639653,0.0049372413,0.01278482,0.08223021,0.489357,0.4905687,tuning
2374,3952,-0.025512569,-0.042084225,-0.016571656,0.014873361,0.13360433,0.49366134,0.48970133,tuning
0,1,-0.04852761,-0.01608042,0.032447197,0.011700761,0.20695463,0.48811913,0.49594653,final
1,2,-0.04271686,-0.04826157,-0.00554471,0.017849132,0.11214309,0.48955917,0.488172,final
2,3,-0.039092302,-0.05261383,-0.0135215325,0.011972579,0.10836181,0.49042857,0.48721308,final
4,5,-0.05357038,-0.058824427,-0.0052540433,0.012302349,0.08026394,0.48700586,0.48571622,final
5,6,-0.05297213,-0.061088808,-0.008116681,0.017023358,0.11315612,0.48704958,0.4851115,final
6,7,-0.040943813,-0.06757633,-0.026632521,0.013968965,0.1804418,0.48998696,0.48362392,final
9,10,-0.041980226,-0.033244852,0.008735374,0.018876033,0.12479587,0.4897179,0.49176243,final
10,11,-0.038190857,-0.02302788,0.015162973,0.017819073,0.140384,0.49060133,0.49417078,final
15,16,-0.04690592,-0.054599665,-0.007693746,0.008318763,0.067987055,0.4885611,0.4867395,final
16,17,-0.042766288,-0.033786256,0.008980032,0.0090519795,0.076503955,0.48947927,0.49166176,final
18,19,-0.046738878,-0.042563125,0.004175761,0.015073861,0.09384933,0.4886418,0.48960674,final
20,21,-0.052810945,-0.06571794,-0.01290701,0.011530896,0.1038455,0.48709428,0.48395383,final
21,22,-0.044460364,-0.04628804,-0.0018276783,0.01341104,0.08121005,0.4891249,0.48866463,final
23,24,-0.046530362,-0.06405121,-0.017520852,0.008056193,0.115705535,0.48867634,0.48454654,final
24,25,-0.04992725,-0.07396124,-0.024033977,0.01513487,0.1704144,0.48779535,0.48199356,final
28,29,-0.05543049,-0.03677591,0.018654572,0.025767086,0.19086564,0.48655236,0.49104276,final
31,32,-0.051774114,-0.025415815,0.02635831,0.008312795,0.16582842,0.48740706,0.49374002,final
32,34,-0.053233176,-0.0637945,-0.010561319,0.019934934,0.1353586,0.48700368,0.48450592,final
34,36,-0.047705904,-0.026573075,0.02113283,0.009174668,0.1382308,0.48832068,0.4934133,final
35,39,-0.044269934,-0.043488357,0.0007815837,0.0136788655,0.08220706,0.48915753,0.48935926,final
36,41,-0.047724638,-0.037329085,0.0103955455,0.018468358,0.12715861,0.48838145,0.49093786,final
37,42,-0.03469438,-0.038409587,-0.0037152006,0.01434443,0.08890643,0.49146938,0.49059188,final
39,44,-0.040078573,-0.057638235,-0.01755967,0.010983914,0.12427221,0.49020767,0.48598146,final
40,45,-0.05417508,-0.09081903,-0.036643967,0.014899641,0.23734373,0.48685116,0.47814274,final
42,47,-0.051779076,-0.047477167,0.004301914,0.011178762,0.071867675,0.48735714,0.48842615,final
43,48,-0.030073741,-0.03232471,-0.0022509636,0.01599088,0.09689119,0.49257416,0.4920593,final
44,50,-0.04960948,-0.0022997963,0.04730968,0.009216186,0.28919402,0.48780572,0.49922186,final
45,52,-0.061981782,-0.06558559,-0.003603825,0.008316129,0.054380517,0.4849784,0.4841156,final
47,58,-0.04032903,-0.020325497,0.020003542,0.008443438,0.1302751,0.49003014,0.4948847,final
48,60,-0.040718026,-0.07060905,-0.029891022,0.013656334,0.19717726,0.4900309,0.4828517,final
50,62,-0.036205433,-0.030619608,0.0055858325,0.01039112,0.07078395,0.4910937,0.49244234,final
55,69,-0.058392346,-0.07329905,-0.014906694,0.012835378,0.118027255,0.4858624,0.4823301,final
56,70,-0.04746236,-0.064756006,-0.01729364,0.011222521,0.12369534,0.48841032,0.48427242,final
59,73,-0.039146364,-0.025538106,0.013608257,0.011795753,0.10805406,0.4903886,0.4936428,final
66,86,-0.044850543,-0.073158726,-0.028308196,0.010314426,0.18077248,0.48903927,0.48223606,final
69,89,-0.035881806,-0.030943466,0.0049383417,0.015946604,0.10016253,0.49114212,0.4923345,final
73,95,-0.04302971,-0.054735344,-0.011705635,0.010393439,0.093923554,0.4894762,0.48666054,final
75,101,-0.060562856,-0.07043895,-0.009876077,0.009971373,0.08420657,0.48527473,0.4829253,final
76,104,-0.06296922,-0.071070954,-0.008101735,0.017087739,0.11346649,0.48482138,0.48291314,final
77,105,-0.04334468,-0.07240663,-0.029061947,0.016798727,0.20140652,0.48938534,0.4824092,final
78,107,-0.04615961,-0.050704394,-0.0045447852,0.011489993,0.07413704,0.4886799,0.48756117,final
79,110,-0.051849063,-0.018642671,0.03320639,0.010323,0.2086438,0.48733658,0.4953473,final
80,111,-0.03233963,-0.019459017,0.012880613,0.0076552746,0.08990263,0.49180475,0.49489534,final
81,112,-0.043857172,-0.05600814,-0.0121509675,0.0109624155,0.09819134,0.48927894,0.48633555,final
86,125,-0.0578415,-0.053984895,0.0038566126,0.010674872,0.068101026,0.48592365,0.48684677,final
91,141,-0.05728896,-0.07411474,-0.016825778,0.013500773,0.12943567,0.48609045,0.4821015,final
92,144,-0.058574677,-0.0714677,-0.012893028,0.009916193,0.097591996,0.4858228,0.48271433,final
93,145,-0.047953743,-0.06311014,-0.015156388,0.011855605,0.11545464,0.4882867,0.48461315,final
95,150,-0.035235774,0.003712982,0.03894875,0.02235073,0.26943678,0.49130958,0.5006403,final
96,151,-0.04448894,-0.0524285,-0.007939559,0.013178148,0.092310384,0.48910204,0.48718172,final
98,153,-0.038283564,-0.043219242,-0.0049356828,0.015517732,0.097702585,0.49061462,0.48940122,final
103,158,-0.030736543,-0.015593452,0.015143093,0.0126688415,0.11846207,0.49242714,0.49603346,final
105,160,-0.037686884,-0.028647654,0.009039228,0.019844405,0.13083689,0.49073088,0.49289596,final
106,161,-0.044167582,-0.04005599,0.0041116,0.020000067,0.122509934,0.48916498,0.49013057,final
107,162,-0.051059473,-0.046303645,0.004755827,0.0054315543,0.04331637,0.4875499,0.48870742,final
108,163,-0.045165837,-0.045674022,-0.00050818943,0.018267944,0.10965007,0.4889771,0.48879254,final
109,164,-0.04757538,-0.060055614,-0.012480233,0.012494243,0.10595774,0.48833928,0.48533043,final
110,165,-0.040036157,-0.02207376,0.017962396,0.0143153975,0.13781445,0.49014154,0.49445888,final
112,168,-0.03454043,-0.03487083,-0.00033040676,0.012866931,0.07722704,0.49152693,0.49142912,final
114,170,-0.035868276,-0.028641889,0.007226395,0.010311329,0.07554863,0.4911674,0.4928903,final
116,172,-0.039144713,-0.054916818,-0.0157721,0.0137662655,0.1256093,0.4904222,0.48669842,final
117,173,-0.03751625,-0.03036203,0.0071542286,0.01577167,0.10391068,0.49080598,0.4924823,final
119,175,-0.051562723,-0.060287092,-0.008724365,0.012992811,0.09390099,0.48740673,0.48528516,final
120,176,-0.0614967,-0.04756408,0.013932611,0.008501184,0.09792834,0.48506355,0.48841178,final
122,180,-0.059141364,-0.055816073,0.003325284,0.01661221,0.10165052,0.48561752,0.4863807,final
124,185,-0.03977876,-0.017653568,0.022125194,0.016514482,0.1656535,0.49022812,0.49542156,final
125,186,-0.049415886,-0.06011882,-0.010702935,0.02047243,0.1386082,0.4880168,0.48554128,final
130,193,-0.026771586,-0.034446638,-0.007675045,0.038225044,0.23392768,0.4933347,0.4914254,final
131,194,-0.039636366,-0.04421767,-0.0045813005,0.009209116,0.061714347,0.4902678,0.48916546,final
133,196,-0.048225682,-0.055894535,-0.0076688477,0.011827597,0.08457729,0.48829085,0.4864769,final
134,198,-0.053381637,-0.07886797,-0.025486343,0.013738405,0.1737202,0.487057,0.48094094,final
136,203,-0.05653998,-0.054595888,0.0019440883,0.010568897,0.06447728,0.48625645,0.4866713,final
137,204,-0.04923342,-0.06258079,-0.013347368,0.01193537,0.10743272,0.4879519,0.48474535,final
140,207,-0.033737216,-0.04236262,-0.0086254,0.01748058,0.11695664,0.49167353,0.4895999,final
141,208,-0.035656556,-0.056830306,-0.021173738,0.013115584,0.14944045,0.49127886,0.48626152,final
144,216,-0.05654306,-0.05678828,-0.00024522594,0.017876713,0.10727037,0.4863115,0.48627698,final
147,222,-0.03429765,-0.027904967,0.006392679,0.013829576,0.0914136,0.49155214,0.49306557,final
148,223,-0.057868104,-0.052349128,0.0055189687,0.01718105,0.10827424,0.48598543,0.48733145,final
149,224,-0.042723283,-0.05859427,-0.015870998,0.009295433,0.11035656,0.48952925,0.48574945,final
150,225,-0.038087726,-0.046626486,-0.00853876,0.012650977,0.091577694,0.4906444,0.48856503,final
153,230,-0.040228024,-0.039331034,0.00089698686,0.013155718,0.079117574,0.49012676,0.49031857,final
154,231,-0.06411726,-0.09555541,-0.031438153,0.015866414,0.21129039,0.4846047,0.47725874,final
155,232,-0.057076786,-0.033133898,0.02394289,0.011584663,0.15958944,0.48602214,0.49183008,final
156,233,-0.04804687,-0.05863411,-0.010587235,0.010478031,0.08937355,0.48828867,0.485768,final
158,235,-0.059587248,-0.070424885,-0.010837648,0.010415044,0.09018536,0.48557213,0.48299536,final
159,236,-0.042515147,-0.05330564,-0.010790493,0.014716235,0.109490104,0.48958737,0.48694038,final
160,237,-0.03689709,-0.03749149,-0.0005943843,0.017278655,0.10373326,0.4909588,0.49085462,final
163,246,-0.04904505,-0.044058457,0.0049865856,0.014961536,0.09462394,0.48798418,0.48921713,final
164,247,-0.051499348,-0.0496193,0.0018800468,0.011242839,0.06839369,0.48742077,0.4878758,final
166,249,-0.045291148,-0.0526542,-0.0073630596,0.011258122,0.08071281,0.48891625,0.4871145,final
167,252,-0.045026213,-0.05316235,-0.008136132,0.013084206,0.092445396,0.489008,0.48703903,final
168,253,-0.047395796,-0.048616216,-0.0012204163,0.010152745,0.061355,0.48845428,0.4881846,final
170,256,-0.04445386,-0.03137966,0.013074203,0.011068224,0.10278062,0.4891296,0.4922614,final
174,260,-0.03410912,-0.00016283657,0.033946276,0.0193079,0.23431861,0.4914309,0.49964517,final
175,261,-0.03711305,-0.027642578,0.009470471,0.016814683,0.115789644,0.4908548,0.4930794,final
177,265,-0.033523083,-0.032117818,0.0014052662,0.011638808,0.070340015,0.4916916,0.49201387,final
178,266,-0.040089447,-0.05911751,-0.019028053,0.009977353,0.12891127,0.49018314,0.48560974,final
182,272,-0.046715166,-0.044188444,0.002526729,0.009771556,0.060557704,0.48853922,0.48912874,final
183,273,-0.041064914,-0.046355527,-0.0052906075,0.013309131,0.0859328,0.48994192,0.48864883,final
185,276,-0.033891782,-0.026667835,0.0072239405,0.018762613,0.12063148,0.49167886,0.49343744,final
187,280,-0.052116077,-0.06276405,-0.010647974,0.009781461,0.08675268,0.48729336,0.4847897,final
188,281,-0.04933422,-0.053830687,-0.00449647,0.014583305,0.09156461,0.4879969,0.48694026,final
189,282,-0.042715035,-0.036834884,0.00588015,0.020670563,0.12894395,0.4895177,0.49086502,final
190,288,-0.048329048,-0.09170744,-0.043378387,0.016493337,0.2784488,0.48823527,0.47795042,final
193,292,-0.0325498,-0.018210571,0.014339227,0.015186554,0.12531884,0.49197176,0.4953829,final
194,293,-0.05237987,-0.04521572,0.0071641514,0.013679929,0.09265398,0.48712423,0.48890004,final
195,296,-0.053209856,-0.049230505,0.003979353,0.01821114,0.111845024,0.48701987,0.48803008,final
197,300,-0.04898952,-0.047324795,0.0016647374,0.009677023,0.058915026,0.48802927,0.48843777,final
199,303,-0.040729363,-0.04762427,-0.0068949023,0.0072256303,0.059924774,0.49002,0.48835462,final
201,306,-0.04487506,-0.02143549,0.023439573,0.0081438115,0.14888407,0.4889735,0.4946243,final
202,307,-0.053591765,-0.044936284,0.00865547,0.016674168,0.11272099,0.4869105,0.48902258,final
203,308,-0.053180926,-0.04623477,0.0069461605,0.010893005,0.07751543,0.4870286,0.4887183,final
205,314,-0.04038236,-0.04315471,-0.0027723594,0.009319415,0.05833823,0.49011427,0.48945135,final
207,316,-0.0463173,-0.03388165,0.012435652,0.014259423,0.11352162,0.48865467,0.49161303,final
208,317,-0.035090692,-0.03326018,0.0018305077,0.011082615,0.06739662,0.49132952,0.49173224,final
209,318,-0.04429453,0.01592611,0.06022064,0.009584584,0.3658716,0.48909506,0.5036018,final
210,319,-0.052243695,-0.048773143,0.0034705503,0.00936847,0.05994386,0.48716843,0.48803028,final
212,322,-0.05415489,-0.04639625,0.007758629,0.010086476,0.07635181,0.4868414,0.48869053,final
214,327,-0.04127063,-0.048068862,-0.006798231,0.014687859,0.097109064,0.4899018,0.4882635,final
216,329,-0.045345128,-0.06572863,-0.020383503,0.009493989,0.13491638,0.48891312,0.48403427,final
219,333,-0.059934113,-0.060680576,-0.00074646407,0.010492321,0.06311304,0.4854782,0.48529524,final
221,337,-0.04476201,-0.03445921,0.010302801,0.016342564,0.115914516,0.48901013,0.49144349,final
222,338,-0.035364475,-0.05002504,-0.014660562,0.014297298,0.12286746,0.49133164,0.4878415,final
223,339,-0.04127704,-0.036371663,0.0049053654,0.016890619,0.105531044,0.48986197,0.4910029,final
225,342,-0.049887337,-0.04467008,0.005217254,0.013826481,0.08866841,0.4877754,0.48900238,final
226,344,-0.055654526,-0.0625852,-0.0069306726,0.016468223,0.10720316,0.4865096,0.4848205,final
227,345,-0.04317539,-0.04229042,0.00088498305,0.0083575025,0.050425366,0.489461,0.48969766,final
229,348,-0.05905893,-0.066197604,-0.007138659,0.011841979,0.08296352,0.48567417,0.48401526,final
230,349,-0.04873643,-0.010550105,0.038186327,0.022911737,0.267195,0.48807943,0.49717188,final
231,350,-0.041239135,-0.03984132,0.0013978075,0.015069514,0.09080522,0.48987162,0.49017456,final
232,351,-0.046476766,-0.04404047,0.0024362977,0.011504451,0.070557535,0.4886,0.48914894,final
234,353,-0.04204337,-0.060955126,-0.018911757,0.009801929,0.12780596,0.4897273,0.4851739,final
236,355,-0.03360067,-0.023151197,0.010449472,0.018347306,0.126686,0.4917114,0.4942439,final
237,356,-0.05227984,-0.038948342,0.0133315,0.008027379,0.09337044,0.48716858,0.49039337,final
238,357,-0.049284644,-0.06110043,-0.011815789,0.011546191,0.09912308,0.48792186,0.4850839,final
241,361,-0.03763484,-0.038601782,-0.0009669414,0.015214801,0.091472976,0.49072456,0.4904711,final
242,362,-0.036101807,-0.03860883,-0.0025070254,0.011430706,0.07021441,0.49115336,0.49056804,final
244,364,-0.03728515,0.0033776595,0.040662806,0.015329744,0.26073882,0.4908482,0.50060344,final
246,366,-0.051381275,-0.06499994,-0.013618653,0.008766873,0.09717884,0.4875375,0.48432902,final
247,367,-0.04601763,-0.049053237,-0.0030356182,0.017596366,0.10713774,0.4887277,0.48794788,final
248,368,-0.04502721,-0.034603562,0.010423648,0.012283492,0.09666084,0.48899767,0.49148056,final
249,370,-0.052033406,-0.05809331,-0.006059905,0.010940956,0.075042464,0.48734915,0.48589504,final
250,371,-0.04924682,-0.06244313,-0.013196316,0.008793847,0.09514768,0.48801053,0.4848737,final
251,372,-0.044257298,-0.06849664,-0.024239337,0.013269353,0.16580217,0.48924506,0.4835148,final
252,373,-0.046428077,-0.04703733,-0.00060924754,0.015925964,0.09562567,0.4886064,0.48848453,final
254,376,-0.046332993,-0.031889614,0.014443378,0.01580685,0.12847115,0.48864508,0.49205753,final
255,377,-0.040317737,-0.05987931,-0.019561572,0.016331384,0.15289634,0.49009764,0.48539087,final
257,379,-0.045323424,-0.047568884,-0.002245454,0.014439457,0.08767804,0.48896205,0.48847586,final
258,380,-0.049540356,-0.053655416,-0.004115068,0.010280267,0.066439725,0.48791307,0.48690087,final
259,381,-0.038215283,-0.056164782,-0.0179495,0.021905782,0.16992268,0.49058995,0.48626533,final
260,382,-0.040457647,-0.05091044,-0.0104527995,0.012038871,0.09566105,0.4900963,0.48760927,final
261,383,-0.0412446,-0.04936369,-0.008119103,0.011448259,0.08421027,0.48987553,0.48791307,final
265,405,-0.036595073,-0.022471406,0.014123685,0.013746421,0.11825368,0.49100876,0.49429384,final
268,410,-0.0528291,-0.07610217,-0.023273058,0.017702572,0.17544398,0.48720095,0.48171315,final
269,412,-0.041712,-0.058286197,-0.016574197,0.011297129,0.12034886,0.489756,0.4858019,final
270,413,-0.04969277,-0.052782584,-0.0030898224,0.022042053,0.13354537,0.4879666,0.4872542,final
274,417,-0.044069692,-0.0530835,-0.009013803,0.008776168,0.07548319,0.4892125,0.4870241,final
276,420,-0.03885499,-0.022038992,0.016815992,0.012050455,0.12412766,0.49046648,0.49445024,final
278,423,-0.03420141,-0.010203718,0.023997689,0.01845198,0.18162909,0.49152613,0.49721548,final
281,426,-0.04616762,-0.052858338,-0.006690716,0.013867463,0.09238289,0.48873615,0.48716295,final
283,428,-0.036683932,-0.021155464,0.01552847,0.007385057,0.103170775,0.49097914,0.49471337,final
285,431,-0.047783986,-0.049343698,-0.0015597229,0.0125033185,0.07560136,0.48829827,0.48790592,final
286,432,-0.034892593,-0.027305013,0.00758757,0.031437244,0.19403961,0.4914189,0.49319157,final
287,434,-0.03703334,-0.036144387,0.0008889518,0.013756826,0.082713105,0.4908941,0.49107817,final
288,435,-0.045178343,-0.04404689,0.0011314622,0.010997601,0.066333905,0.4889972,0.48925734,final
292,440,-0.038696878,-0.035646062,0.0030508162,0.013351982,0.08217655,0.49044016,0.49118343,final
293,441,-0.057649143,-0.07038467,-0.012735533,0.014623194,0.116349205,0.48608297,0.4830834,final
294,442,-0.04244891,-0.045076884,-0.0026279658,0.015387136,0.09365962,0.4896339,0.4889683,final
297,446,-0.03634243,-0.021749198,0.014593233,0.008991104,0.10284399,0.49099338,0.49452388,final
298,448,-0.049448505,-0.06596336,-0.016514868,0.014689249,0.13261424,0.48795265,0.4840151,final
300,450,-0.041297734,-0.03706495,0.0042327847,0.010542663,0.06816386,0.48986652,0.49086407,final
303,454,-0.038925547,-0.049718156,-0.010792602,0.0127346935,0.10015735,0.49041545,0.48780176,final
304,455,-0.030086786,-0.024717655,0.0053691347,0.014460017,0.09254788,0.49256733,0.49390158,final
306,457,-0.046041302,-0.011444485,0.034596827,0.010496902,0.21692511,0.48863998,0.49693203,final
310,464,-0.034098584,-0.04212101,-0.008022429,0.02448184,0.15457657,0.49158204,0.48966312,final
312,466,-0.040232316,-0.05961087,-0.01937855,0.012890731,0.13964659,0.49019808,0.48558468,final
313,468,-0.05170563,-0.06373597,-0.012030334,0.011050848,0.09801329,0.48739168,0.48446786,final
315,471,-0.055981662,-0.07039079,-0.014409131,0.009489509,0.103519365,0.4863532,0.4829143,final
317,474,-0.048690334,-0.026327517,0.02236282,0.01521519,0.1622884,0.48807108,0.4934377,final
318,475,-0.04454945,-0.026651075,0.01789838,0.006856297,0.11499995,0.48905474,0.49336836,final
321,480,-0.044627137,-0.051215645,-0.0065885074,0.01010487,0.07237822,0.4891234,0.4875341,final
322,481,-0.046201244,-0.060698543,-0.014497293,0.010505147,0.10742006,0.48872504,0.4852605,final
325,485,-0.03860706,-0.06111581,-0.022508737,0.022911597,0.19270976,0.49051464,0.48524073,final
330,491,-0.036951628,-0.04619945,-0.009247814,0.014702226,0.10421319,0.4909014,0.48863623,final
331,492,-0.050837364,-0.03487098,0.015966386,0.009439175,0.11128723,0.48758522,0.4914289,final
332,493,-0.047716375,-0.074343294,-0.026626918,0.012785381,0.17722449,0.48836312,0.48197222,final
333,494,-0.04275407,-0.056800134,-0.014046063,0.012868458,0.11429789,0.48952043,0.48615307,final
334,497,-0.048979368,-0.02656003,0.022419333,0.013843059,0.15809251,0.4879889,0.49339518,final
335,500,-0.050935086,-0.059382718,-0.0084476285,0.020068096,0.13064177,0.48758215,0.48549366,final
341,507,-0.047606904,-0.049826153,-0.002219255,0.010653371,0.0652924,0.48834673,0.4878077,final
342,508,-0.03870948,-0.029355858,0.009353623,0.009995091,0.082134746,0.49044487,0.49270833,final
343,509,-0.043342683,-0.06904258,-0.0256999,0.009210878,0.16380386,0.48938212,0.48319414,final
347,514,-0.050888844,-0.05569164,-0.0048027923,0.014396406,0.09105845,0.48762485,0.4865151,final
348,515,-0.044497076,-0.024762057,0.019735023,0.016266987,0.15345064,0.4890923,0.49386013,final
349,516,-0.038561583,-0.039208964,-0.0006473853,0.014763514,0.0886662,0.49052635,0.4902944,final
350,517,-0.03892787,-0.03216674,0.0067611346,0.014963178,0.09851877,0.4904455,0.4920605,final
352,519,-0.026340492,-0.013815054,0.012525437,0.037668448,0.23817798,0.49341065,0.49643266,final
353,520,-0.047610648,-0.057590425,-0.009979776,0.017554207,0.12115634,0.4884194,0.48613214,final
357,524,-0.039945617,-0.051885515,-0.011939892,0.010698733,0.096191786,0.49019635,0.48733556,final
358,527,-0.047586888,-0.018087737,0.02949915,0.0073774965,0.1824461,0.48827738,0.4954424,final
360,529,-0.039149538,-0.028791554,0.010357983,0.0065215067,0.07344007,0.49039426,0.49288613,final
361,531,-0.03914596,-0.023762425,0.015383538,0.011967947,0.116943836,0.49033445,0.49402413,final
362,532,-0.059228342,-0.088012934,-0.028784582,0.013077945,0.18969727,0.48563236,0.4787952,final
363,533,-0.040337358,-0.045802165,-0.005464805,0.012010768,0.07917333,0.49007946,0.48877227,final
364,534,-0.036359943,-0.027579233,0.008780716,0.009511282,0.077668235,0.49102682,0.49315608,final
365,535,-0.048149988,-0.05350381,-0.005353826,0.012667002,0.08251175,0.4882109,0.4869164,final
366,537,-0.043160416,-0.04399689,-0.0008364739,0.014237749,0.0855738,0.48945755,0.48924434,final
367,538,-0.050912812,-0.054253217,-0.003340404,0.010329435,0.06513677,0.4876002,0.4868314,final
368,539,-0.03688609,-0.013141613,0.02374448,0.013697116,0.1644713,0.49095276,0.49665907,final
370,541,-0.037161957,-0.0245417,0.012620252,0.011360412,0.101881646,0.4907652,0.49381453,final
371,542,-0.05261643,-0.059080906,-0.0064644795,0.012377268,0.08378249,0.48724195,0.48570955,final
372,543,-0.04328777,-0.053021405,-0.009733641,0.015013327,0.10735536,0.4894211,0.48703262,final
374,546,-0.023612691,-0.020018378,0.003594307,0.027397715,0.16579486,0.49410078,0.49500975,final
379,551,-0.05268622,-0.062925234,-0.010239014,0.012662402,0.09770496,0.4871656,0.48469844,final
380,552,-0.04026272,-0.0457544,-0.0054916833,0.012534984,0.082111135,0.49010468,0.4887803,final
381,553,-0.040265962,-0.024912592,0.015353378,0.009705854,0.108983815,0.49013683,0.49382412,final
382,555,-0.046599858,-0.050399497,-0.0037996422,0.015948884,0.0983715,0.48858643,0.48768935,final
385,562,-0.05556788,-0.05566029,-9.240965e-05,0.009631437,0.05779128,0.48649773,0.48650324,final
392,585,-0.053721096,-0.085050486,-0.0313294,0.01902014,0.2199061,0.48700222,0.47958067,final
393,586,-0.03615036,-0.047170762,-0.011020401,0.007857208,0.08120751,0.49111074,0.48847213,final
394,587,-0.03779743,-0.040381286,-0.0025838586,0.013665745,0.08344723,0.49066815,0.4900309,final
395,588,-0.039597746,-0.009374474,0.03022327,0.015346336,0.20337752,0.49028477,0.49756983,final
396,589,-0.054100752,-0.040969074,0.013131672,0.017438503,0.13097909,0.48679054,0.4899809,final
397,590,-0.03992861,-0.027446376,0.012482238,0.0072527844,0.0866183,0.49013096,0.49316537,final
398,592,-0.041116804,-0.014118697,0.026998105,0.014761782,0.18462145,0.48991877,0.49641478,final
399,593,-0.043360632,-0.003659452,0.039701182,0.009168101,0.24447608,0.48934042,0.49892908,final
400,594,0.017097121,0.014530838,-0.0025662861,0.012190365,0.074745364,0.50264615,0.5020244,final
401,595,-0.040546246,-0.029492596,0.011053645,0.013166381,0.103147075,0.4900121,0.49269262,final
402,596,0.016535815,0.030965647,0.014429827,0.018928211,0.1428072,0.5026498,0.50593066,final
403,597,-0.034284517,-0.016096275,0.01818823,0.013664219,0.13649474,0.491501,0.4958876,final
404,599,-0.023046216,-0.0051346878,0.017911527,0.009219357,0.120869756,0.49394068,0.4982665,final
405,605,-0.036890358,-0.039358955,-0.0024685943,0.015269866,0.09280872,0.4909234,0.490307,final
407,608,-0.045200814,-0.03496435,0.010236467,0.012584245,0.09733111,0.48891893,0.49142525,final
409,610,-0.027591623,-0.038718633,-0.011127006,0.0098838825,0.08929753,0.49305835,0.49035078,final
410,611,-0.046162017,-0.044040687,0.0021213393,0.0152301155,0.09226285,0.48874357,0.48920828,final
414,616,-0.0041219164,-0.009517322,-0.0053953957,0.014180307,0.091032356,0.49852943,0.49717575,final
416,628,-0.040463038,-0.0112171145,0.029245922,0.014662697,0.19629435,0.49004984,0.49706253,final
422,647,-0.04264599,-0.035765946,0.006880038,0.020353165,0.12890735,0.48950085,0.49112123,final
423,648,-0.04234175,-0.03916431,0.0031774356,0.015034113,0.092197314,0.48961052,0.49034697,final
425,653,-0.047122706,-0.07090634,-0.023783647,0.015447945,0.1701612,0.48846647,0.48271167,final
426,661,-0.04773042,-0.072588325,-0.024857901,0.006482555,0.15413566,0.48832935,0.4823357,final
428,663,-0.0596018,-0.06579081,-0.0061890213,0.00855951,0.06337579,0.48558637,0.48411554,final
429,671,-0.05335585,-0.05237513,0.0009807209,0.008831644,0.053315587,0.48707798,0.48733187,final
430,673,-0.033279676,-0.030531568,0.0027481155,0.015231958,0.09286726,0.49183834,0.49248442,final
431,674,-0.015960379,-0.03113372,-0.015173337,0.009828772,0.108471476,0.49569356,0.4920794,final
432,678,-0.042548068,-0.03346525,0.009082815,0.012271408,0.09160272,0.48951605,0.49173436,final
434,688,-0.038901255,-0.05764413,-0.018742891,0.025889633,0.19177197,0.4904802,0.4860609,final
441,707,-0.035302445,-0.045225278,-0.009922835,0.016468955,0.115363814,0.4913097,0.48889372,final
442,708,-0.042428043,-0.043095127,-0.00066708244,0.017843114,0.10713348,0.48962006,0.4894463,final
446,719,-0.054186523,-0.062322482,-0.008135943,0.011512669,0.08458406,0.4868393,0.48487222,final
447,720,-0.0484471,-0.032556403,0.015890688,0.0067490875,0.10358721,0.4881211,0.49198192,final
448,724,-0.041300673,-0.032689657,0.008611024,0.009393954,0.07646084,0.48987177,0.49191576,final
450,728,-0.060485065,-0.07211179,-0.011626732,0.011499083,0.09811601,0.48528317,0.48253742,final
451,733,-0.039447434,-0.008303044,0.031144388,0.014366356,0.20578906,0.49029562,0.49777445,final
453,736,-0.037147753,-0.031446196,0.005701555,0.024441661,0.15058716,0.49086803,0.49216694,final
454,737,-0.03703855,-0.046597343,-0.009558794,0.014077055,0.102094196,0.49092907,0.4887079,final
455,741,-0.057782166,-0.040777873,0.017004298,0.01097474,0.121430136,0.48593113,0.49005026,final
458,745,-0.053088017,-0.014693267,0.03839475,0.010774739,0.23926777,0.48694023,0.49624047,final
459,748,-0.04115544,-0.044414606,-0.0032591606,0.01312644,0.08114999,0.4899219,0.48914284,final
460,750,-0.020146722,-0.0042624483,0.015884278,0.013027135,0.12325825,0.49450508,0.49833032,final
462,762,-0.038623724,-0.046334885,-0.007711163,0.023616621,0.14906187,0.4905101,0.48867974,final
466,778,-0.051723998,-0.047386136,0.004337853,0.01088658,0.07031391,0.48734248,0.48841566,final
467,780,-0.040917654,-0.029853033,0.011064614,0.015998427,0.11671124,0.48997104,0.49258983,final
470,783,-0.034808822,-0.054719523,-0.0199107,0.010687286,0.13558595,0.49144766,0.4866263,final
471,784,-0.055384222,-0.07319533,-0.017811108,0.014430585,0.13753976,0.48662376,0.48245075,final
472,785,-0.061189983,-0.068576135,-0.0073861573,0.010749304,0.07825409,0.48514038,0.4833924,final
473,786,-0.03838457,-0.03685999,0.0015245829,0.014487766,0.087406576,0.49053165,0.49083757,final
474,788,-0.045885306,-0.055423245,-0.009537943,0.013079898,0.097128876,0.48881292,0.48649517,final
475,798,-0.03550016,-0.027100017,0.008400152,0.011521426,0.08555121,0.49125755,0.49326563,final
476,799,-0.053777754,-0.05345073,0.00032701914,0.015140811,0.09086605,0.48696014,0.48708317,final
477,800,-0.052044902,-0.040366277,0.01167862,0.010182654,0.09296642,0.48723942,0.49007913,final
479,802,-0.039097972,-0.039886992,-0.00078902737,0.013513314,0.08121798,0.49036115,0.49013084,final
480,804,-0.049666256,-0.05661525,-0.006948997,0.0058924155,0.054665606,0.48785463,0.48617834,final
481,805,-0.038426116,-0.03694466,0.0014814609,0.010589436,0.06415537,0.4905715,0.49092567,final
486,830,-0.052862298,-0.046913344,0.0059489547,0.013950543,0.09099603,0.4871352,0.48853037,final
487,832,-0.0437522,-0.050797556,-0.0070453584,0.017476337,0.11305813,0.48927128,0.48751634,final
490,836,-0.034264114,-0.018515794,0.015748318,0.011857105,0.11827771,0.49152756,0.49525908,final
491,837,-0.045821864,-0.033251934,0.012569928,0.01434417,0.11443469,0.4888369,0.49182162,final
492,838,-0.043082986,-0.023658175,0.019424817,0.0072186613,0.124336526,0.4894098,0.494102,final
496,849,-0.04409456,-0.047409892,-0.003315337,0.01794139,0.109470814,0.4892318,0.488434,final
498,852,-0.047250245,-0.06755522,-0.020304982,0.012037195,0.14162877,0.48848915,0.48358282,final
499,858,-0.028850237,-0.008290305,0.020559933,0.015570364,0.15474267,0.4925633,0.4975348,final
500,861,-0.045085296,-0.070403665,-0.025318377,0.012055384,0.16825187,0.48897395,0.48291028,final
501,866,-0.049071923,-0.050853297,-0.0017813777,0.012570235,0.07617499,0.48797777,0.48756102,final
502,879,-0.050949626,-0.054295555,-0.0033459333,0.008779337,0.056371916,0.48764038,0.48681858,final
503,880,-0.03976544,-0.031494286,0.008271156,0.021160323,0.13631642,0.4902704,0.49220434,final
510,898,0.003114697,0.013674276,0.010559575,0.012001573,0.095914155,0.49939573,0.50181353,final
511,899,0.0038462298,0.008523705,0.0046774726,0.016792767,0.1045922,0.50015396,0.5012295,final
512,900,0.007709553,0.011127372,0.003417815,0.015795043,0.09696357,0.50112563,0.5018437,final
514,902,-0.009272377,-0.02489473,-0.015622356,0.015723273,0.13298893,0.4971893,0.49342495,final
515,903,-0.015519679,0.011122686,0.026642367,0.011357309,0.1737727,0.49560192,0.50195605,final
516,904,-0.010362516,0.020350607,0.03071312,0.010007457,0.1938144,0.49662092,0.50400203,final
517,905,0.00631847,0.031619973,0.025301507,0.012643093,0.1697071,0.499817,0.5057167,final
520,908,-0.00454549,0.015291429,0.019836923,0.009538371,0.13206598,0.49809858,0.50279117,final
521,909,-0.011451695,0.0049536666,0.016405364,0.012395611,0.12337073,0.49653906,0.50042146,final
522,910,-0.0194313,-0.022080293,-0.0026489906,0.008959808,0.056059174,0.49464667,0.49401632,final
523,911,-0.010077384,-0.003787693,0.0062896935,0.00882217,0.06500826,0.49683952,0.49839538,final
524,912,0.0045669954,0.0025557776,-0.00201122,0.009320402,0.057209585,0.49987942,0.499357,final
525,913,0.0026382473,0.010837241,0.008198991,0.009812763,0.07672351,0.4995455,0.5014462,final
526,914,-0.0048213056,0.017504897,0.022326197,0.009283728,0.14507681,0.49829972,0.50367093,final
527,915,-0.010913805,-0.013175466,-0.0022616552,0.009404443,0.058035426,0.49664634,0.49610603,final
528,916,0.00219397,0.033273004,0.031079033,0.01731647,0.21346566,0.49954748,0.5068265,final
531,919,0.009834509,0.023404088,0.013569577,0.018296942,0.13667777,0.5010436,0.5041426,final
532,920,0.014352045,0.011608235,-0.0027438153,0.01110364,0.06862578,0.5021566,0.5014541,final
533,921,-0.046230096,-0.032617476,0.013612625,0.008006824,0.09475684,0.4886025,0.49187264,final
534,922,-0.005538289,0.007669871,0.01320815,0.0057027023,0.08631997,0.49778685,0.5009598,final
535,923,0.0038900028,-0.014326579,-0.018216586,0.01426931,0.13883969,0.49964863,0.49537033,final
536,924,-0.024389394,-0.051089786,-0.026700389,0.018037364,0.19333199,0.49367586,0.48738024,final
537,926,0.0034962893,0.031066354,0.027570067,0.012601544,0.18188094,0.49988338,0.5064141,final
539,928,0.0078072567,0.003506157,-0.0043010972,0.010139686,0.06608522,0.5006759,0.49957576,final
541,930,0.0053635263,0.017022206,0.0116586825,0.010543065,0.094312884,0.500239,0.50295186,final
542,931,0.010796277,0.021357883,0.010561607,0.0141268,0.10583055,0.50133246,0.5037735,final
544,933,-0.002092628,0.020882381,0.022975005,0.016226843,0.16876556,0.49865234,0.5040581,final
545,934,-0.00438313,-0.026201019,-0.021817889,0.011028711,0.14668164,0.49799797,0.49281508,final
549,940,0.008297186,-0.011418871,-0.01971606,0.012719388,0.14077716,0.5006764,0.49610737,final
551,942,0.00069160265,0.009210875,0.00851927,0.01901303,0.12500656,0.49912897,0.5010384,final
554,945,0.011090825,0.029324442,0.01823361,0.010633987,0.1266478,0.50105107,0.5052421,final
558,949,-0.003871757,0.004769979,0.008641737,0.015253922,0.10519041,0.49824968,0.50019866,final
559,950,0.011716532,0.026490413,0.014773877,0.011968645,0.114081435,0.5013625,0.5047718,final
560,951,-0.0019242069,0.007222361,0.009146568,0.010811278,0.084968016,0.4981336,0.5003239,final
561,952,-0.005152201,-0.0268434,-0.021691198,0.009650435,0.14244649,0.49801382,0.49287966,final
562,953,0.010951496,0.005185258,-0.0057662353,0.009205379,0.06517351,0.50135016,0.4999442,final
563,954,0.009090092,0.012116466,0.0030263707,0.0078609,0.050540045,0.5006372,0.5013616,final
564,955,0.0073063127,0.015448034,0.008141716,0.012148862,0.08774831,0.5002881,0.50227463,final
565,965,0.013175113,0.018149279,0.004974166,0.018515555,0.1150324,0.5013788,0.5024345,final
566,968,-0.023748353,-0.021061596,0.002686751,0.013720869,0.08388869,0.49385208,0.49456894,final
567,969,0.0054299925,0.02645681,0.021026812,0.00815644,0.1353202,0.50029904,0.50526094,final
568,971,-0.0064639854,-0.0030077538,0.0034562326,0.00611898,0.042165726,0.49772847,0.4985521,final
572,986,-0.035021063,-0.01769361,0.017327454,0.017074887,0.14596069,0.49136087,0.49551323,final
575,994,-0.0420494,-0.022129804,0.0199196,0.010634759,0.13548428,0.48969847,0.49451536,final
576,996,-0.040572267,-0.043634225,-0.0030619525,0.016420396,0.10022065,0.49002585,0.48927647,final
578,999,-0.048680015,-0.055137113,-0.0064570927,0.007917877,0.061301924,0.48807347,0.486517,final
583,1007,-0.0149876075,-0.028336922,-0.013349318,0.02462533,0.16806547,0.4960484,0.49290168,final
585,1009,-0.019985672,-0.022794437,-0.0028087678,0.008711048,0.054916076,0.49488246,0.49416092,final
586,1010,-0.009357067,-0.014495949,-0.0051388806,0.022431416,0.13807519,0.49731398,0.49608195,final
588,1012,0.0014173181,0.012880783,0.011463467,0.017603122,0.12604013,0.49966896,0.50230473,final
589,1013,-0.0013320959,-0.018332498,-0.017000401,0.011096696,0.121808924,0.49909434,0.4950019,final
591,1015,-0.033439077,-0.020437256,0.013001826,0.014534115,0.117005855,0.4917413,0.49485695,final
593,1017,0.0018911635,0.010151699,0.008260535,0.020843837,0.1345261,0.4998659,0.50175405,final
595,1019,-0.004187351,0.009218384,0.013405729,0.019126685,0.14014125,0.49824107,0.5012994,final
596,1020,-0.045828633,-0.055846486,-0.010017853,0.014019344,0.103384614,0.48883712,0.48640484,final
597,1021,-0.03847852,-0.03030657,0.008171953,0.008274354,0.06977712,0.49058384,0.49252182,final
598,1022,0.013405695,0.022431778,0.009026085,0.013949644,0.09969082,0.50233835,0.5044364,final
599,1023,-0.012391556,0.00019034577,0.0125819035,0.009179474,0.09344739,0.49650943,0.49954903,final
601,1025,0.00011885249,-0.0024348614,-0.0025537098,0.016435897,0.09979862,0.49938303,0.49871847,final
602,1027,-0.028433986,-0.03814152,-0.0097075375,0.0126524195,0.09568448,0.49296337,0.4906298,final
603,1028,-0.011769109,-0.017785551,-0.0060164384,0.014806033,0.09589046,0.49660805,0.4951185,final
604,1029,0.01369773,0.00094212097,-0.012755611,0.014875876,0.1175751,0.5020988,0.49897635,final
605,1030,-0.014210908,-0.03071025,-0.016499337,0.013220459,0.12685548,0.4962539,0.49230397,final
606,1031,-0.012840195,-0.026674438,-0.013834241,0.0165067,0.12922408,0.49657542,0.4932565,final
607,1032,0.008877934,-0.00713246,-0.016010396,0.013081933,0.12405205,0.5012774,0.4973989,final
608,1033,-0.025641004,-0.04097355,-0.015332546,0.01509724,0.1291065,0.4935565,0.4898326,final
610,1035,-0.0051101884,-0.012220378,-0.007110184,0.01140547,0.08064131,0.49832276,0.49659458,final
611,1036,-0.041787256,-0.0316425,0.010144762,0.012945908,0.09868362,0.48965168,0.49214375,final
612,1037,-0.040370032,-0.04068207,-0.00031202927,0.015934862,0.0956275,0.4901271,0.4900767,final
613,1041,-0.049609248,-0.040889867,0.008719386,0.0076989154,0.06979137,0.48784718,0.4899576,final
614,1042,-0.054117665,-0.055640355,-0.0015226824,0.014333824,0.086486846,0.48682335,0.48641586,final
617,1047,-0.041932967,-0.05309614,-0.011163173,0.009033166,0.086161025,0.48971,0.48702466,final
618,1049,-0.044494715,-0.06443087,-0.019936154,0.009126331,0.13155472,0.48913133,0.4843654,final
622,1057,-0.05039902,-0.055252723,-0.0048537035,0.013484324,0.08598765,0.48767975,0.48644364,final
623,1059,-0.048633557,-0.07202356,-0.023390003,0.010238094,0.15319528,0.4880985,0.48245674,final
624,1060,-0.054648336,-0.046511352,0.008136991,0.012721273,0.09060624,0.48665082,0.48861033,final
625,1061,-0.04779508,-0.04233712,0.0054579643,0.011564747,0.07672796,0.4883471,0.48961926,final
626,1064,-0.042449366,-0.049110115,-0.006660738,0.015453974,0.100969635,0.48960698,0.487995,final
629,1073,-0.026818084,-0.038682453,-0.011864374,0.016647147,0.122654274,0.49310854,0.4902118,final
630,1077,-0.036396716,-0.026872376,0.009524344,0.010893223,0.08681886,0.4908052,0.49309704,final
631,1078,-0.024277773,-0.027353825,-0.0030760441,0.011402454,0.07086049,0.4937757,0.49303177,final
632,1079,-0.05701646,-0.048412863,0.008603595,0.007864965,0.069940425,0.48608658,0.48816797,final
633,1080,-0.04428321,-0.04324346,0.0010397474,0.008967843,0.0541675,0.4890568,0.4892896,final
634,1081,-0.03927028,-0.038454525,0.0008157496,0.018010704,0.108175,0.4902333,0.49040148,final
637,1084,-0.016648276,-0.021316975,-0.0046686986,0.010286093,0.067776226,0.49554247,0.49442112,final
639,1086,0.0031678518,0.021569856,0.018402003,0.020554144,0.16552895,0.4998652,0.50409704,final
640,1088,-0.022601077,-0.008965226,0.0136358505,0.013905407,0.11685325,0.49433768,0.4976893,final
641,1089,-0.050280817,-0.0330479,0.017232912,0.013236566,0.13037822,0.48772112,0.4919209,final
642,1090,-0.031780735,-0.024088705,0.0076920283,0.00726249,0.063472815,0.49206775,0.49396017,final
643,1091,-0.049803894,-0.046210542,0.0035933505,0.012173542,0.07615683,0.48788533,0.4887179,final
644,1092,-0.037421547,-0.03786234,-0.00044079238,0.016476102,0.09889199,0.49075282,0.4905929,final
645,1093,-0.03677331,-0.045055185,-0.0082818745,0.0117371585,0.0861894,0.49094588,0.48893583,final
646,1094,-0.041062836,-0.06772309,-0.026660243,0.016193286,0.18715683,0.48988184,0.48351273,final
647,1095,-0.04843929,-0.044275276,0.0041640163,0.0062747835,0.045184404,0.48811013,0.4891371,final
648,1096,-0.034449577,-0.042685613,-0.008236042,0.008814615,0.072381444,0.49141705,0.48942095,final
649,1097,-0.027562745,-0.005322554,0.022240184,0.016186396,0.16504093,0.49300554,0.4982966,final
651,1100,-0.027569123,-0.033990033,-0.006420916,0.010667342,0.074704304,0.4931362,0.49161673,final
652,1101,-0.033481076,-0.030437198,0.0030438793,0.016073024,0.09815224,0.4916743,0.4923407,final
653,1103,0.0035688216,-0.00025931993,-0.003828144,0.014466171,0.089784704,0.50005877,0.49909857,final
654,1104,0.004035175,-0.004531836,-0.008567011,0.011063902,0.0839579,0.5000542,0.4979701,final
656,1120,-0.045894414,-0.043307707,0.0025867107,0.0159519,0.09696159,0.4887732,0.48940262,final
657,1124,-0.026942061,-0.024514452,0.0024276124,0.019883925,0.12018942,0.49323198,0.49375778,final
658,1125,-0.030222403,-0.009286119,0.020936284,0.020721186,0.17674004,0.4923261,0.49732977,final
659,1126,-0.03933612,-0.05639418,-0.017058052,0.023430884,0.1738948,0.49037203,0.48636898,final
660,1127,-0.045158844,-0.05460731,-0.009448455,0.01746095,0.119120486,0.4889441,0.48663792,final
662,1129,-0.03627996,-0.05287697,-0.016597016,0.015289184,0.13539544,0.49104717,0.48705086,final
663,1130,-0.035647962,-0.04966078,-0.014012817,0.014143191,0.1194571,0.4911574,0.48774278,final
664,1131,-0.02417934,-0.006234204,0.017945137,0.008691896,0.11963599,0.493902,0.4982169,final
665,1132,-0.031161938,-0.0055095362,0.025652401,0.008034595,0.16128738,0.49218947,0.49841797,final
666,1135,-0.03322588,-0.03449285,-0.0012669829,0.015478887,0.09318391,0.49175146,0.49137947,final
667,1136,-0.03840826,-0.015269081,0.023139184,0.010571939,0.15263931,0.49032906,0.4959024,final
668,1147,-0.04846027,-0.02380675,0.024653532,0.009521583,0.15857002,0.48810795,0.4941268,final
669,1148,-0.049301337,-0.00034463487,0.048956707,0.020229395,0.31782943,0.48793492,0.49974838,final
674,1171,-0.055744343,-0.044534657,0.011209693,0.008822884,0.085592166,0.48643214,0.4891342,final
675,1172,-0.044246394,-0.004638672,0.03960772,0.011088958,0.24678433,0.4890745,0.4986113,final
677,1175,-0.06443949,-0.04551087,0.01892863,0.019227743,0.16188876,0.48444304,0.48890734,final
680,1178,-0.0025915345,0.018904265,0.021495797,0.010091192,0.14247966,0.4986018,0.5037735,final
681,1179,-0.052055195,-0.06659789,-0.014542689,0.014080518,0.121453814,0.48724094,0.48373237,final
682,1183,-0.050877508,-0.070417635,-0.019540131,0.019017432,0.1636009,0.48759064,0.4829013,final
684,1185,-0.043222707,-0.033372276,0.009850426,0.016100192,0.11324706,0.4893288,0.49167407,final
685,1186,-0.040592004,-0.061965797,-0.021373795,0.010106275,0.14185604,0.4900251,0.48491335,final
687,1188,-0.045833953,-0.031555515,0.014278442,0.0091565205,0.10177312,0.4887724,0.4922248,final
688,1189,-0.04548173,-0.034107592,0.011374145,0.012357526,0.10077136,0.48877752,0.49158493,final
690,1191,-0.033621363,-0.055563435,-0.021942072,0.015960302,0.16279645,0.49171945,0.4864337,final
692,1193,-0.024884487,0.010897533,0.035782017,0.0068879933,0.21863373,0.49357638,0.5022129,final
693,1194,-0.038835976,-0.05969639,-0.020860413,0.014973303,0.15406765,0.490395,0.48545015,final
694,1196,-0.033041432,-0.010960788,0.02208064,0.017104324,0.16758297,0.4917282,0.49706733,final
695,1197,-0.039769813,-0.021741828,0.018027984,0.012431455,0.13139169,0.49018204,0.49454743,final
696,1198,-0.037428457,0.007752512,0.04518097,0.011590761,0.27986416,0.49066046,0.5015493,final
697,1199,-0.05504415,-0.054133084,0.0009110699,0.017460456,0.10490526,0.48654187,0.48678705,final
698,1200,-0.040146675,-0.030346401,0.009800274,0.0149345845,0.10717807,0.4901005,0.4924806,final
699,1201,-0.023011364,-0.01033933,0.012672034,0.014395333,0.11506963,0.493926,0.4969688,final
701,1203,-0.0074279807,0.022964321,0.030392298,0.021232758,0.22244726,0.49745613,0.5045751,final
702,1204,-0.0104995975,0.006296898,0.016796492,0.009086662,0.1145811,0.49689415,0.5009531,final
703,1205,-0.033168953,-0.034498435,-0.0013294773,0.011126713,0.06723514,0.4917888,0.4914662,final
704,1206,-0.0354316,-0.040907416,-0.00547582,0.016375318,0.10359963,0.49108416,0.4898163,final
705,1207,-0.008638163,0.011849784,0.020487951,0.008524264,0.13314313,0.49717978,0.5020545,final
706,1208,-0.024814278,-0.009410381,0.015403895,0.0038162016,0.09521744,0.4936798,0.49740812,final
708,1210,-0.037887003,-0.0323687,0.005518313,0.016844355,0.10635143,0.4906335,0.4919637,final
709,1211,-0.048187587,-0.040567786,0.0076198108,0.007984909,0.06622333,0.48813662,0.48997247,final
710,1212,-0.007677271,0.0023486102,0.010025876,0.008163695,0.07757517,0.4973002,0.49966493,final
711,1213,-0.052596882,-0.04229965,0.010297235,0.015316859,0.11073848,0.4870741,0.48961204,final
712,1214,-0.03707744,-0.01859294,0.018484507,0.015458743,0.14458004,0.49071625,0.49516338,final
713,1215,-0.053695556,-0.06472672,-0.011031162,0.015637595,0.114821404,0.48690885,0.4842348,final
715,1217,-0.038384337,-0.033090413,0.005293924,0.015904192,0.10057277,0.49044037,0.49178812,final
716,1218,-0.045550507,-0.03338939,0.012161117,0.007993015,0.0873162,0.48874256,0.4916883,final
717,1219,-0.018369531,0.005099668,0.023469204,0.01592131,0.17016022,0.49488285,0.5004409,final
718,1220,-0.03875099,-0.031357143,0.0073938537,0.013250235,0.091041535,0.49039635,0.49217933,final
719,1221,-0.02966894,-0.006071594,0.02359735,0.016636427,0.17323336,0.49245983,0.49816212,final
720,1222,-0.043116882,-0.037580524,0.005536353,0.012322013,0.08105181,0.4893935,0.49076632,final
721,1223,-0.05340476,-0.031198196,0.022206565,0.012379951,0.15254577,0.48689047,0.4922727,final
722,1224,-0.034185328,-0.009329697,0.024855629,0.007242483,0.1553358,0.49151713,0.49753073,final
723,1225,-0.033283215,-0.019211935,0.0140712755,0.012164532,0.11160269,0.49167374,0.49510363,final
724,1226,-0.002882776,0.01619952,0.019082293,0.015444571,0.14729586,0.49841416,0.50295013,final
725,1227,-0.03610249,-0.0455973,-0.009494809,0.011022258,0.08728744,0.4910416,0.48876137,final
726,1228,-0.037084837,-0.03399642,0.0030884193,0.011391668,0.070817396,0.49076292,0.49153984,final
727,1230,-0.033520356,-0.030187521,0.0033328342,0.014255645,0.087840326,0.4915503,0.4924041,final
728,1231,-0.034764443,0.0022083325,0.036972776,0.026017275,0.27125603,0.49131712,0.5001817,final
729,1233,-0.037658248,-0.01925383,0.018404422,0.018272266,0.15560701,0.49057686,0.4950834,final
730,1234,-0.029928194,-0.00025489513,0.029673304,0.011815683,0.19163547,0.49231327,0.49944252,final
731,1235,-0.033309247,-0.015891356,0.017417895,0.009254943,0.118344136,0.49152768,0.49570024,final
733,1237,-0.011207875,0.0022584763,0.013466348,0.011787057,0.10737776,0.4966048,0.49982056,final
734,1238,-0.04795158,-0.031582676,0.016368905,0.011515706,0.12008286,0.48814073,0.4921001,final
735,1240,-0.045664128,-0.016727665,0.028936455,0.014659004,0.19462623,0.4886972,0.4956816,final
737,1242,-0.040181186,-0.019464014,0.02071718,0.010825914,0.14025144,0.4900314,0.49505842,final
738,1243,-0.057853058,-0.057151835,0.00070121814,0.008020622,0.048307296,0.48586056,0.48600823,final
739,1244,-0.03044847,-0.025606232,0.00484224,0.012002451,0.077654496,0.49234617,0.493564,final
740,1245,-0.04534318,-0.0422668,0.003076383,0.012347901,0.076352164,0.48888296,0.48965126,final
741,1246,-0.030744186,-0.0021805018,0.028563686,0.01252241,0.18712834,0.4923526,0.49921906,final
742,1247,-0.015819436,-0.0015758872,0.01424355,0.010135441,0.10488951,0.4956682,0.4990867,final
743,1248,-0.0115644485,-0.0054985797,0.0060658627,0.009600743,0.0681387,0.49660027,0.49807876,final
744,1249,-0.04373718,-0.028268699,0.015468482,0.0130707985,0.12150847,0.48920244,0.49291933,final
745,1250,-0.005332539,0.0056659747,0.010998514,0.0070689977,0.07844596,0.49797773,0.5005907,final
746,1251,-0.018444618,-0.02459176,-0.006147144,0.011804406,0.07985442,0.4950419,0.4936008,final
747,1252,-0.030685842,-0.009543568,0.021142274,0.009740884,0.13966997,0.4922053,0.49735007,final
748,1253,-0.008117171,0.0016626285,0.009779802,0.0069463155,0.07197394,0.49706882,0.4993955,final
749,1254,-0.0040971134,0.004816143,0.00891326,0.009766846,0.079335675,0.49808747,0.5002574,final
750,1256,0.005128574,-0.0047086054,-0.009837181,0.01093322,0.088243954,0.49972507,0.49745667,final
751,1257,-0.05470042,-0.058992676,-0.0042922627,0.010739239,0.06939144,0.48666286,0.48567235,final
752,1258,-0.043201122,-0.017062642,0.02613848,0.016496703,0.18545352,0.48932135,0.49558607,final
753,1259,-0.03701138,0.0016925153,0.038703892,0.01371386,0.24637006,0.4907955,0.5001086,final
754,1260,0.012006736,0.014277149,0.0022704103,0.00809199,0.050426804,0.50120187,0.50168777,final
755,1261,-0.05261234,-0.050198894,0.0024134377,0.020476349,0.12370853,0.48715654,0.4878043,final
756,1262,-0.009885807,0.031112483,0.040998295,0.014080871,0.26009366,0.4970552,0.5068864,final
757,1263,-0.029726114,-0.008920378,0.020805737,0.009437185,0.13707592,0.49251086,0.49755797,final
758,1264,-0.024436388,-0.026364598,-0.0019282042,0.007529563,0.046635203,0.493777,0.49330017,final
759,1265,-0.050706357,-0.05836193,-0.007655566,0.021196175,0.13521789,0.48757997,0.48579466,final
760,1266,-0.053973038,-0.043722913,0.010250119,0.021596884,0.1434352,0.4868461,0.48936638,final
761,1267,-0.015842153,-0.005710374,0.010131781,0.009157206,0.08194063,0.49557844,0.49797472,final
762,1268,-0.03613223,-0.023563389,0.012568842,0.018019073,0.13181752,0.49109963,0.49414623,final
763,1269,0.0055042016,0.005043865,-0.0004603427,0.0077529405,0.04659957,0.5002179,0.5000999,final
764,1270,-0.04787267,-0.023102801,0.024769867,0.008643636,0.15740812,0.48827082,0.4941945,final
765,1271,-0.03050566,-0.025707837,0.004797818,0.010354065,0.0684699,0.4924358,0.4935619,final
766,1272,-0.017732652,0.0062037986,0.023936447,0.013598385,0.1651766,0.4953289,0.5010791,final
768,1274,-0.049467005,-0.0764226,-0.026955597,0.018571058,0.1964016,0.4879189,0.48153612,final
769,1275,-0.04216901,-0.034353197,0.00781581,0.010125628,0.0767473,0.48963717,0.49151748,final
770,1276,-0.025810914,-0.008291609,0.017519308,0.018942764,0.1548133,0.49327353,0.49747074,final
771,1277,-0.039030537,-0.027838584,0.011191952,0.011865567,0.097866505,0.49041054,0.4930674,final
772,1278,-0.031828143,-0.0029723023,0.02885584,0.020411953,0.21207325,0.4918693,0.49870497,final
774,1280,-0.043830913,-0.017146302,0.026684612,0.013378208,0.17910226,0.4891908,0.4956505,final
775,1281,-0.002996194,-0.014148327,-0.011152131,0.012060494,0.0985582,0.4980374,0.495371,final
776,1282,0.012634669,-0.014674668,-0.027309336,0.01026995,0.17505938,0.50181353,0.49534062,final
777,1283,-0.002692067,-0.00011087788,0.0025811968,0.009493132,0.059026744,0.4985272,0.4991533,final
778,1284,0.0019816747,0.0155822,0.01360052,0.00586786,0.08887415,0.4994669,0.5026748,final
779,1285,-0.053776044,-0.057101317,-0.0033252821,0.005971886,0.04101162,0.48688772,0.48607492,final
780,1286,-0.017011087,-0.025106091,-0.008095004,0.0117088165,0.08540795,0.49559578,0.4936398,final
781,1287,0.00018706752,0.018239329,0.018052254,0.019141302,0.15786652,0.49932206,0.5035394,final
782,1288,-0.038213357,-0.0111561,0.02705726,0.010566454,0.17428376,0.49050888,0.49707973,final
784,1290,-0.029589633,-0.02657213,0.003017499,0.007603206,0.049080607,0.49265432,0.49334615,final
785,1291,-0.0451382,-0.02158557,0.023552638,0.008710859,0.1506712,0.48887402,0.49458605,final
786,1292,-0.040963728,-0.044817224,-0.0038534903,0.01320119,0.082512714,0.48975357,0.4888606,final
787,1293,-0.025096549,-0.012628843,0.012467706,0.007567187,0.08750666,0.49364388,0.49665964,final
788,1294,-0.02677358,-0.027268996,-0.00049541675,0.016609842,0.099703364,0.49308124,0.49296242,final
789,1295,-0.03724039,-0.05734752,-0.02010713,0.009025653,0.13223965,0.49078643,0.4859158,final
790,1296,-0.028377593,-0.034878347,-0.006500764,0.012181966,0.08284786,0.49286243,0.49129233,final
791,1297,-0.05078408,-0.057500575,-0.006716495,0.010359597,0.07407814,0.48757994,0.48594034,final
792,1298,-0.022896657,-0.026769135,-0.003872475,0.00832614,0.055095773,0.49424565,0.4933176,final
793,1299,-0.035072543,-0.0071733412,0.027899193,0.009196828,0.17625572,0.49121842,0.49798548,final
794,1300,-0.034693465,-0.043431614,-0.008738156,0.009892566,0.07919506,0.49136508,0.4892839,final
795,1301,-0.012770491,-0.0044946214,0.008275874,0.011291455,0.08399721,0.4960376,0.4979964,final
796,1302,-0.031770486,-0.021666892,0.010103596,0.01199108,0.09408121,0.49211788,0.49457562,final
797,1303,-0.027452769,-0.022183232,0.0052695335,0.009158031,0.063395195,0.49303955,0.49433124,final
798,1304,-0.018469479,0.0076962346,0.02616571,0.01131062,0.17103417,0.49499857,0.5012894,final
801,1307,-0.039753564,-0.024686579,0.015066988,0.010501735,0.11019447,0.49013743,0.49376652,final
802,1320,-0.043894097,-0.06756154,-0.023667432,0.014628897,0.16694152,0.4893085,0.4837092,final
803,1321,-0.044416077,-0.031800017,0.012616059,0.021488491,0.14950962,0.48899806,0.49203,final
804,1327,-0.029929012,-0.040537007,-0.010607998,0.012910171,0.10025605,0.49251735,0.49001673,final
807,1333,-0.017884105,-0.012700251,0.0051838486,0.013139543,0.084750906,0.49499306,0.496195,final
808,1334,-0.009919619,-0.011681656,-0.001762035,0.01836973,0.11072427,0.49683025,0.49646118,final
810,1339,-0.044532046,-0.049779832,-0.0052477885,0.013849672,0.08886336,0.48907667,0.48777235,final
811,1340,0.0073705185,0.020216096,0.012845574,0.010252839,0.0986137,0.5001137,0.50308204,final
812,1342,-0.04496385,-0.05523159,-0.010267736,0.010479294,0.08802677,0.48905474,0.48662603,final
813,1343,-0.04228334,-0.047533486,-0.0052501466,0.016626384,0.10461369,0.48958355,0.4882857,final
814,1344,-0.010404732,-0.0063969623,0.0040077697,0.012812013,0.080545366,0.49693406,0.4978787,final
815,1345,-0.039299484,-0.04354709,-0.0042476067,0.015588088,0.096938655,0.49024433,0.48921618,final
817,1347,-0.046331346,-0.027552156,0.018779198,0.01740936,0.15364501,0.48866612,0.49314928,final
818,1348,0.0106322,0.003656366,-0.0069758426,0.012632867,0.086585574,0.5002878,0.49873564,final
819,1350,-0.034947276,-0.026677854,0.008269421,0.016362326,0.109999664,0.4912439,0.4931639,final
822,1354,-0.05080208,-0.051483404,-0.0006813271,0.009426504,0.05670657,0.48762676,0.48747757,final
824,1356,-0.053954568,-0.04653001,0.0074245506,0.013472436,0.092296794,0.48690325,0.48867023,final
825,1357,-0.05200438,-0.035005394,0.01699899,0.01101289,0.12152769,0.48727262,0.49137485,final
826,1358,-0.04843225,-0.022672044,0.02576021,0.012490528,0.17177211,0.488067,0.49430308,final
827,1359,-0.03630073,-0.0228423,0.013458426,0.013607091,0.114831,0.4910623,0.49430692,final
832,1367,-0.03401765,-0.036188036,-0.0021703928,0.013379748,0.08132784,0.49162552,0.49111706,final
833,1370,-0.04098676,-0.031147948,0.009838825,0.021332989,0.14095517,0.48987687,0.492145,final
834,1371,-0.024181154,-0.031135721,-0.0069545675,0.0085444795,0.06610196,0.49385267,0.492193,final
835,1372,-0.040518478,-0.03600047,0.0045180107,0.012907912,0.0820546,0.4900536,0.49116224,final
836,1373,-0.030844053,-0.0320369,-0.0011928462,0.013297951,0.08010806,0.4923367,0.49206388,final
837,1374,-0.03838305,-0.036130354,0.0022526968,0.013600084,0.08271233,0.49050987,0.4910911,final
838,1375,-0.03216454,-0.04035744,-0.008192899,0.022077741,0.14129335,0.49200895,0.49002668,final
839,1376,-0.042968117,-0.043959737,-0.0009916177,0.022763936,0.13671315,0.48942873,0.48910984,final
840,1377,-0.043563705,-0.07507448,-0.031510778,0.015854312,0.21164681,0.48935932,0.48190784,final
841,1378,-0.04100503,-0.04285074,-0.0018457108,0.010130484,0.061783496,0.48991203,0.48943552,final
842,1379,-0.036433496,-0.041328482,-0.0048949923,0.012107056,0.07835498,0.49102688,0.48985884,final
843,1380,-0.020994335,-0.015210837,0.0057835,0.014861771,0.095684685,0.49463665,0.49600643,final
844,1381,-0.0124786515,-0.009908173,0.002570479,0.036168914,0.21756084,0.4967723,0.4974509,final
846,1385,-0.043116257,-0.048336398,-0.0052201357,0.015904823,0.100437425,0.48939312,0.48811612,final
847,1387,-0.02944421,-0.038847975,-0.009403769,0.019361556,0.12914653,0.4925454,0.49031687,final
848,1388,-0.022255085,-0.012524108,0.009730973,0.026552022,0.16967398,0.49432692,0.49670464,final
849,1389,-0.011888076,0.011348125,0.023236198,0.01944104,0.1817787,0.496843,0.50239897,final
851,1391,-0.05071323,-0.09429676,-0.043583535,0.012480255,0.27201125,0.48768103,0.47733408,final
852,1392,-0.0530276,-0.04471065,0.0083169425,0.0058713076,0.06108335,0.4870652,0.489061,final
853,1393,-0.046413906,-0.05466246,-0.008248557,0.008337575,0.07037001,0.48861238,0.48661608,final
854,1394,-0.062399227,-0.062420547,-2.130954e-05,0.01865242,0.1119146,0.48489994,0.48491874,final
855,1395,-0.047097433,-0.05390269,-0.0068052504,0.02106606,0.1328279,0.48847565,0.4868008,final
856,1396,-0.04847116,-0.057208613,-0.008737445,0.016471568,0.111873135,0.48814693,0.48604986,final
862,1405,-0.04795593,-0.066851564,-0.018895634,0.013153341,0.13813758,0.48832798,0.48376954,final
863,1407,-0.046870485,-0.046291605,0.00057887036,0.012692022,0.0762313,0.48856893,0.4886856,final
864,1408,-0.045072496,-0.048854522,-0.0037820349,0.010332446,0.06601724,0.4889211,0.48801762,final
865,1409,-0.041923225,-0.032958653,0.008964574,0.009424251,0.078041546,0.4897202,0.4918846,final
867,1411,-0.04871893,-0.04179381,0.00692511,0.008123991,0.06405021,0.48807293,0.48976013,final
869,1416,-0.035381895,-0.043814097,-0.008432206,0.009253605,0.075115435,0.49129432,0.48927143,final
871,1422,-0.037070498,-0.01945124,0.017619248,0.013888753,0.13461082,0.49086344,0.49506557,final
873,1429,-0.045506936,-0.06560274,-0.02009581,0.012908851,0.14330836,0.48885855,0.4840392,final
874,1431,-0.041476563,-0.047226675,-0.0057501253,0.014352078,0.092766695,0.4898689,0.48853344,final
876,1438,-0.04108829,-0.045779094,-0.0046907994,0.010291822,0.06786242,0.48994684,0.48882315,final
878,1441,-0.04185825,-0.043347582,-0.0014893304,0.011308077,0.068434395,0.48975453,0.48934323,final
882,1449,-0.061279126,-0.0378338,0.02344533,0.010815566,0.15491855,0.48509434,0.49075747,final
886,1457,-0.035307612,-0.017001139,0.018306464,0.010781697,0.12747306,0.4913302,0.49569994,final
887,1459,-0.041302238,-0.023511993,0.017790241,0.012381867,0.13004969,0.4898179,0.49409634,final
889,1461,-0.050859973,-0.05029642,0.0005635519,0.0158667,0.09526024,0.48762,0.4877545,final
892,1466,-0.055291124,-0.03405334,0.021237787,0.0126068005,0.14818603,0.48653194,0.49163878,final
896,1476,-0.057630632,-0.070675045,-0.013044421,0.010905708,0.10201613,0.48600885,0.48287138,final
897,1479,-0.038795736,-0.026995605,0.011800129,0.014370987,0.11156908,0.49047512,0.49324328,final
898,1480,-0.048471026,-0.06751331,-0.019042283,0.010697007,0.13104671,0.4881499,0.48355877,final
902,1485,-0.050430417,-0.040047944,0.010382474,0.016128713,0.115089186,0.48777267,0.49019492,final
904,1488,-0.04036263,-0.03757678,0.0027858391,0.020035338,0.12136854,0.49009153,0.4907463,final
906,1499,-0.033680703,-0.04391052,-0.010229816,0.017740892,0.12287385,0.4917307,0.48934904,final
907,1500,-0.05975467,-0.06212093,-0.0023662664,0.008466246,0.052744243,0.48546416,0.48493397,final
909,1513,-0.051261034,-0.07073389,-0.019472871,0.010722294,0.13337828,0.48755318,0.48293385,final
911,1517,-0.06341228,-0.062062964,0.0013493089,0.013782426,0.0830899,0.48468462,0.48505327,final
912,1518,-0.049126793,-0.05675904,-0.0076322556,0.009202234,0.07173261,0.48801258,0.48619318,final
914,1527,-0.063175865,-0.069625966,-0.0064500934,0.012490741,0.08434692,0.48475048,0.48321185,final
916,1537,-0.062690765,-0.030943714,0.031747047,0.01221824,0.20410235,0.48475096,0.49239588,final
917,1541,-0.049680334,-0.05589126,-0.0062109325,0.013478555,0.08904435,0.48790666,0.4864031,final
918,1542,-0.04799348,-0.061742537,-0.013749059,0.009909972,0.101689674,0.48829576,0.4850164,final
919,1544,-0.038573027,-0.054081544,-0.0155085195,0.017936131,0.14226694,0.49055025,0.48684162,final
922,1552,-0.038753156,-0.051725753,-0.012972593,0.011503696,0.104030944,0.49050653,0.48738113,final
924,1556,-0.024085443,-0.012271244,0.011814204,0.028375508,0.18442021,0.49398983,0.4968624,final
925,1562,-0.037922814,-0.033349458,0.00457336,0.011160514,0.072367236,0.49068594,0.4917486,final
926,1566,-0.043668833,-0.05189955,-0.008230718,0.011848019,0.086558245,0.48935536,0.48740026,final
927,1569,-0.04835825,-0.07323888,-0.024880622,0.013620277,0.17018832,0.48822212,0.48229742,final
928,1573,-0.047149863,-0.045827866,0.0013219946,0.016931525,0.10189833,0.4885288,0.4888078,final
929,1580,-0.050841656,-0.04712457,0.0037170781,0.016859937,0.10358895,0.48764578,0.48855045,final
930,1584,-0.053548854,-0.043101043,0.010447818,0.017254561,0.12102713,0.48699272,0.48945746,final
931,1586,-0.036431313,-0.038293846,-0.0018625363,0.011105469,0.06756344,0.49106005,0.49061123,final
932,1587,-0.035645105,-0.06890215,-0.033257052,0.013311629,0.21493326,0.49116346,0.48316255,final
933,1588,-0.04242153,-0.06291863,-0.020497104,0.0136933755,0.1479021,0.48967892,0.4848346,final
934,1589,-0.04422079,-0.06742337,-0.023202593,0.007862097,0.14699058,0.4891912,0.48359886,final
935,1590,-0.044168577,-0.057224214,-0.013055644,0.018396413,0.13534993,0.48925796,0.4862183,final
936,1591,-0.0379295,-0.04853988,-0.010610384,0.018374402,0.12730736,0.49075302,0.48822913,final
939,1594,-0.057802003,-0.06435641,-0.006554402,0.012642317,0.08544227,0.48598045,0.48445803,final
941,1597,-0.043121543,-0.049172718,-0.0060511795,0.013944374,0.09120441,0.48945796,0.48798868,final
946,1603,-0.044508565,-0.051426873,-0.0069183134,0.012675688,0.08664468,0.48918316,0.4875449,final
950,1608,-0.04265825,-0.038636297,0.0040219473,0.014446034,0.08997279,0.48954234,0.4904798,final
951,1610,-0.044728383,-0.017024256,0.027704112,0.010018655,0.17675997,0.48898172,0.49566877,final
952,1611,-0.039643906,-0.067923866,-0.028279968,0.009426727,0.17885834,0.4902525,0.48347318,final
953,1614,-0.058056194,-0.06768986,-0.009633664,0.010281202,0.08453628,0.48595497,0.48359612,final
954,1615,-0.04690718,-0.06459238,-0.017685184,0.011685334,0.12718199,0.48856962,0.48436397,final
955,1616,-0.037108496,-0.024391122,0.01271738,0.011532389,0.10300583,0.49084413,0.49388155,final
956,1617,-0.05226983,-0.031341642,0.02092819,0.012291401,0.14562428,0.4871963,0.49229997,final
957,1619,-0.044265185,-0.05261806,-0.008352874,0.0139750745,0.09768642,0.48918712,0.48717272,final
958,1620,-0.04470286,-0.053958006,-0.009255133,0.011115934,0.08678694,0.4890392,0.48677218,final
961,1625,-0.053440273,-0.05354961,-0.000109335924,0.011667517,0.07000817,0.486986,0.4869672,final
963,1627,-0.05507622,-0.072347626,-0.017271405,0.011518912,0.12456132,0.48657343,0.48244444,final
965,1633,-0.048823684,-0.062039595,-0.013215908,0.011524583,0.105210006,0.48806423,0.4849106,final
966,1635,-0.053433575,-0.052938078,0.00049549155,0.012373146,0.074298374,0.4869412,0.48709166,final
967,1639,-0.04685178,-0.041735105,0.005116682,0.013207582,0.08498437,0.48853445,0.48975658,final
969,1641,-0.060358718,-0.056855645,0.003503072,0.014046295,0.08685918,0.48535845,0.4861634,final
971,1643,-0.04647908,-0.024875518,0.021603558,0.01752343,0.16690187,0.48860824,0.4938003,final
972,1644,-0.045411896,-0.03979939,0.005612492,0.011724091,0.077989474,0.48891485,0.49021053,final
973,1645,-0.054266542,-0.06217538,-0.00790884,0.010652174,0.07960319,0.4867533,0.4848374,final
978,1653,-0.0522118,-0.0634644,-0.011252613,0.009930129,0.09004574,0.48733297,0.48466718,final
984,1663,-0.04336033,-0.041460887,0.0018994382,0.015001893,0.090729974,0.48933008,0.48981678,final
987,1672,-0.04121096,-0.040823035,0.00038791986,0.02090025,0.12542309,0.48994032,0.4900236,final
988,1673,-0.051823393,-0.06019755,-0.00837416,0.010180178,0.07909142,0.48738036,0.48537117,final
989,1674,-0.02877442,0.00074685283,0.02952127,0.015369882,0.19969627,0.49275187,0.49989393,final
990,1676,-0.04788895,-0.062517226,-0.014628272,0.013464407,0.11928938,0.4883318,0.48482493,final
991,1678,-0.042163726,-0.039223064,0.0029406594,0.019459145,0.11808052,0.4896388,0.4902598,final
992,1680,-0.038764663,-0.029081259,0.0096834,0.012471367,0.09473603,0.49049065,0.49285316,final
994,1682,-0.050135776,-0.054413278,-0.004277502,0.0075845197,0.052245487,0.48779944,0.48679605,final
995,1683,-0.045044545,-0.05373444,-0.008689892,0.009484801,0.07718241,0.48900875,0.48697028,final
997,1687,-0.038167268,-0.032708038,0.005459227,0.012122872,0.07977229,0.49061802,0.4919106,final
998,1688,-0.037301533,-0.01684276,0.020458782,0.020322135,0.17301975,0.4908403,0.49579605,final
999,1689,-0.045888558,-0.05860922,-0.01272066,0.011441928,0.10265663,0.48880503,0.48576313,final
1000,1690,-0.048331898,-0.05868103,-0.010349128,0.014756637,0.1081437,0.48824528,0.48573595,final
1001,1693,-0.04417777,-0.037885103,0.006292673,0.012150325,0.0820988,0.48920023,0.49070132,final
1002,1694,-0.050489392,-0.06966424,-0.019174835,0.011661221,0.13465402,0.4877031,0.483132,final
1004,1701,-0.05814539,-0.08360251,-0.025457118,0.011494054,0.16759002,0.4859135,0.47986275,final
1005,1702,-0.04148174,-0.03545842,0.006023326,0.011999266,0.080557205,0.48983538,0.4912602,final
1007,1704,-0.045353558,-0.010151145,0.035202414,0.013175583,0.22552386,0.48885864,0.4973499,final
1009,1711,-0.048497904,-0.060361452,-0.011863541,0.0142539805,0.11127041,0.48814896,0.48529,final
1010,1713,-0.04211329,-0.061639044,-0.019525753,0.015860599,0.15093473,0.48973036,0.48514238,final
1011,1717,-0.042047005,-0.06140699,-0.019359985,0.012973585,0.13983,0.48972496,0.48513752,final
1012,1719,-0.05251628,-0.051457025,0.0010592511,0.015169487,0.09123855,0.48713487,0.4874204,final
1013,1721,-0.0337804,-0.035468854,-0.0016884522,0.007611006,0.046776254,0.49168327,0.49130023,final
1014,1722,-0.039167844,-0.03383065,0.0053372066,0.016942995,0.1065825,0.49038517,0.49165747,final
1016,1727,-0.04197176,-0.056539137,-0.014567375,0.010649143,0.10826845,0.48975378,0.48628154,final
1017,1729,-0.053748105,-0.06471668,-0.010968579,0.010743419,0.092121154,0.48686537,0.48422563,final
1020,1732,-0.06049333,-0.095715135,-0.0352218,0.025092619,0.25947586,0.48529026,0.47692496,final
1022,1734,-0.057089075,-0.03233126,0.02475781,0.014512076,0.1721853,0.48608944,0.4920205,final
1023,1735,-0.04666011,-0.05643092,-0.009770815,0.011970518,0.092711575,0.4886053,0.4862167,final
1025,1747,-0.05488599,-0.07573668,-0.020850686,0.015032407,0.15422736,0.4866504,0.48166576,final
1026,1748,-0.052791514,-0.048365314,0.004426191,0.0066347998,0.04785418,0.48711485,0.4881614,final
1028,1752,-0.03533926,-0.016824361,0.018514896,0.018083632,0.15528518,0.491254,0.49562985,final
1030,1754,-0.045776807,-0.049662873,-0.0038860664,0.015598521,0.09645182,0.48881075,0.4878382,final
1033,1762,-0.049368277,-0.05461366,-0.0052453894,0.014090311,0.09020995,0.48797104,0.4866818,final
1034,1769,-0.04622278,-0.0603102,-0.014087427,0.016646387,0.13084373,0.48873976,0.48540476,final
1035,1772,-0.04077266,-0.03763659,0.003136077,0.019287493,0.11724472,0.48998988,0.4907764,final
1036,1777,-0.050157443,-0.05326958,-0.0031121364,0.011047836,0.06886685,0.48774868,0.4869703,final
1037,1779,-0.04580087,-0.03872849,0.007072376,0.01414894,0.09490836,0.48879263,0.49048197,final
1038,1783,-0.048009634,-0.057795245,-0.009785611,0.016190443,0.11350767,0.48828733,0.48595354,final
1039,1784,-0.048939176,-0.028407173,0.020532005,0.013145238,0.14627707,0.48800468,0.4929379,final
1042,1792,-0.048050374,-0.036607835,0.011442548,0.02128453,0.14499196,0.48824564,0.49092516,final
1045,1799,-0.04897302,-0.054460205,-0.0054871906,0.012841333,0.0837874,0.4880867,0.48673424,final
1046,1801,-0.038510695,-0.035065223,0.0034454719,0.010086682,0.063953474,0.4905333,0.49138248,final
1048,1805,-0.046213992,-0.055123456,-0.008909468,0.014703816,0.103154786,0.48870543,0.48653045,final
1050,1810,-0.04990714,-0.06058572,-0.010678582,0.014219031,0.106694266,0.48779175,0.48519272,final
1052,1821,-0.050537333,-0.067092694,-0.016555354,0.007273205,0.108495414,0.4876775,0.48371062,final
1055,1831,-0.034058664,-0.019630479,0.014428187,0.020097205,0.14844032,0.49161243,0.49503294,final
1056,1833,-0.042492613,-0.050576337,-0.00808372,0.013357886,0.093680665,0.48959336,0.48768547,final
1057,1834,-0.050293483,-0.049678862,0.00061462715,0.017958429,0.10781366,0.48775816,0.4879771,final
1058,1835,-0.040208623,-0.04091554,-0.00070692017,0.01318159,0.07920319,0.49011862,0.4899098,final
1064,1845,-0.05480344,-0.05054262,0.004260822,0.010524768,0.06812718,0.48665178,0.48765066,final
1073,1873,-0.041488096,-0.026594892,0.0148932,0.010156463,0.108160086,0.4898044,0.4933727,final
1075,1876,-0.05585007,-0.07433403,-0.018483961,0.00954446,0.12481638,0.48644346,0.4819799,final
1077,1882,-0.039601028,-0.032289844,0.0073111802,0.01573964,0.10412889,0.49030447,0.49200386,final
1078,1883,-0.0630258,-0.08116318,-0.018137392,0.012715464,0.13290346,0.48478085,0.48047167,final
1079,1884,-0.052467,-0.0782381,-0.025771094,0.0137967765,0.17539105,0.4872626,0.48111475,final
1080,1885,-0.053805653,-0.053084772,0.0007208711,0.009002914,0.054190367,0.48691928,0.48711252,final
1081,1888,-0.044236727,-0.038280543,0.0059561767,0.012867182,0.085073225,0.48918465,0.49055448,final
1082,1892,-0.043890983,-0.04629017,-0.0023991922,0.00996105,0.061475456,0.4892435,0.48865807,final
1083,1894,-0.04614219,-0.052505117,-0.006362933,0.018538231,0.11759892,0.48872435,0.4871696,final
1084,1895,-0.054511078,-0.056979254,-0.002468175,0.011026578,0.067796625,0.48670042,0.48610914,final
1088,1907,-0.04655047,-0.049564607,-0.003014133,0.011991457,0.074186794,0.48869386,0.48802158,final
1089,1909,-0.0520528,-0.0678313,-0.015778495,0.012420405,0.12048314,0.4873474,0.48357016,final
1090,1911,-0.049632754,-0.04963778,-5.0266585e-06,0.01596096,0.09576576,0.48792002,0.48789513,final
1091,1912,-0.055701103,-0.06503353,-0.009332442,0.016722776,0.11490363,0.48639235,0.48416418,final
1093,1914,-0.048276436,-0.042470638,0.005805801,0.008953549,0.06402688,0.48822302,0.48958847,final
1094,1916,-0.060414962,-0.079216585,-0.01880162,0.015008566,0.14434433,0.48536396,0.4808873,final
1095,1917,-0.04257978,-0.039588932,0.002990849,0.015240103,0.093184836,0.4895852,0.4902854,final
1096,1918,-0.045305215,-0.039217126,0.00608808,0.01837291,0.11613194,0.4889286,0.49035782,final
1098,1920,-0.036248207,-0.039618053,-0.0033698482,0.013866565,0.08562097,0.49109322,0.49027905,final
1099,1921,-0.06022113,-0.07429997,-0.0140788425,0.021769924,0.15555437,0.4854482,0.48213583,final
1100,1923,-0.062227674,-0.03798798,0.02423969,0.011959027,0.16217555,0.4848669,0.4907207,final
1101,1924,-0.0078700315,-0.036809545,-0.028939508,0.021901546,0.21775727,0.49744824,0.4906782,final
1102,1927,0.019520972,0.014794595,-0.0047263745,0.014327154,0.09051969,0.50299805,0.50187397,final
1104,1931,0.011708768,0.030087616,0.018378843,0.015297585,0.14347379,0.5012963,0.50547576,final
1110,1939,0.0041021695,0.0006962038,-0.0034059708,0.012556994,0.0780643,0.5000495,0.49914062,final
1115,1944,0.0013716775,0.008497424,0.007125748,0.0061934222,0.056646723,0.4996163,0.5013105,final
1116,1945,-0.007361594,0.011950622,0.019312216,0.0105146915,0.13193458,0.49742386,0.5019675,final
1117,1946,0.002022691,0.009705033,0.007682345,0.009636505,0.07394391,0.4997167,0.5015043,final
1118,1947,-0.005801451,0.016705588,0.022507034,0.02525548,0.20297441,0.49805844,0.50339836,final
1120,1949,-0.006782299,0.007955268,0.014737565,0.009314108,0.1046047,0.4977435,0.5012977,final
1121,1950,-0.011621203,0.016563257,0.028184457,0.018069487,0.20087638,0.49669662,0.50343424,final
1122,1951,-0.006881368,0.0031284227,0.010009789,0.013777573,0.102179386,0.49793503,0.50037205,final
1123,1952,-0.012831058,-0.0010956957,0.011735361,0.0155350985,0.11681647,0.49645308,0.49924353,final
1124,1953,-0.01833954,0.003541992,0.021881528,0.021248523,0.18300503,0.49506173,0.50026935,final
1125,1954,-0.03199207,-0.031702127,0.0002899414,0.016606342,0.09965324,0.4919663,0.49207687,final
1126,1955,-0.01757191,-0.01516694,0.0024049694,0.018855393,0.1140489,0.49544874,0.4959748,final
1127,1956,-0.027195184,-0.018156797,0.009038393,0.008053129,0.07263357,0.4931524,0.49532747,final
1128,1957,-0.020666232,-0.03598559,-0.015319364,0.011197469,0.113852456,0.49472162,0.49099255,final
1129,1958,-0.029075166,-0.032274645,-0.0031994835,0.009263252,0.058801383,0.49272898,0.49195004,final
1130,1959,-0.034945402,-0.05461489,-0.019669494,0.007439796,0.12617695,0.49132776,0.48657405,final
1131,1960,-0.04131163,-0.044517864,-0.0032062288,0.009298525,0.059014652,0.4897967,0.4890476,final
1132,1961,-0.026652915,-0.009222973,0.01742994,0.009622189,0.11945717,0.49331024,0.49752876,final
1133,1962,-0.030138813,-0.037374284,-0.0072354684,0.013118618,0.08988996,0.4924619,0.49068224,final
1134,1963,-0.0344279,-0.0072746375,0.027153267,0.016128195,0.1894916,0.4912012,0.49769342,final
1135,1964,-0.017027669,-0.009865712,0.0071619535,0.017920649,0.11579273,0.49554628,0.4972657,final
1136,1965,-0.052261155,-0.06069092,-0.008429764,0.0057441927,0.061204903,0.48726675,0.48524252,final
1138,1967,-0.029721193,-0.012769554,0.016951647,0.019026663,0.1528967,0.4926315,0.4966248,final
1139,1968,-0.04326931,-0.044461086,-0.0011917632,0.014275443,0.08595061,0.4893568,0.48909467,final
1140,1969,-0.03262655,-0.03140002,0.0012265287,0.0143297175,0.086292684,0.49193966,0.4922514,final
1141,1970,-0.040820315,-0.053518202,-0.012697879,0.012185619,0.105594106,0.49002218,0.48704752,final
1142,1971,-0.034434754,-0.03790223,-0.0034674676,0.023504682,0.14255443,0.4915334,0.4907717,final
1143,1973,-0.04088932,-0.040210012,0.00067930133,0.014159593,0.08505527,0.48997912,0.49014536,final
1144,1974,-0.0272528,-0.032969423,-0.005716618,0.018550731,0.116469465,0.4931718,0.49184254,final
1152,1982,-0.036018685,-0.0468188,-0.0108001195,0.011318877,0.093868755,0.49103785,0.4884578,final
1158,1991,-0.037879452,-0.042224005,-0.004344547,0.008536451,0.057470504,0.49070957,0.48968443,final
1161,1994,-0.03781571,-0.04571677,-0.00790106,0.011288931,0.08267527,0.49061108,0.4886917,final
1164,1997,-0.035494942,-0.026194178,0.009300762,0.015535238,0.108639404,0.4910401,0.4932706,final
1167,2000,-0.037641186,-0.011146834,0.02649435,0.011661022,0.17368212,0.49069902,0.49706447,final
1168,2001,-0.0372643,-0.012156315,0.025107987,0.022885652,0.20383792,0.4908301,0.4968761,final
1169,2002,-0.033833757,-0.03366797,0.00016578607,0.015060852,0.090370595,0.4916565,0.49170625,final
1170,2003,-0.044210754,-0.051212475,-0.0070017227,0.01461912,0.09725606,0.48918766,0.4875303,final
1171,2004,-0.04861179,-0.040233046,0.008378747,0.010605186,0.08109403,0.4881437,0.49013722,final
1172,2005,-0.032552302,-0.039147273,-0.0065949727,0.010032463,0.072035976,0.4919208,0.49036562,final
1173,2006,-0.04239269,-0.02734495,0.015047736,0.0111154625,0.112247765,0.48961082,0.49321413,final
1175,2009,-0.026837531,-0.041788,-0.014950469,0.013176297,0.11956893,0.49310097,0.4895155,final
1176,2010,0.0077887857,0.002907705,-0.00488108,0.0060267504,0.046532568,0.49986416,0.49873257,final
1177,2011,-0.044365797,-0.02532374,0.019042058,0.013852998,0.14128764,0.48916686,0.4937209,final
1178,2012,-0.046112105,-0.047207374,-0.0010952707,0.0076710256,0.04649293,0.488739,0.48845685,final
1179,2013,-0.02435695,-0.04753679,-0.02317984,0.0124481935,0.15786529,0.4937328,0.4882153,final
1181,2015,-0.006805556,-0.0056275916,0.0011779679,0.015285669,0.09198594,0.49768013,0.4978511,final
1184,2018,0.017959647,0.023787614,0.005827957,0.02478708,0.152778,0.502923,0.5041718,final
1185,2019,-0.0050037927,0.011853483,0.016857278,0.0090691745,0.114852235,0.49787188,0.5019565,final
1186,2020,-0.037008747,-0.035918027,0.0010907238,0.009495155,0.057345577,0.4908264,0.49109194,final
1187,2021,-0.047114365,-0.07944161,-0.03232723,0.013400358,0.20996739,0.4885008,0.4808304,final
1188,2022,-0.035447195,-0.051849723,-0.016402535,0.013919919,0.12907773,0.49124676,0.48725912,final
1189,2023,-0.04668599,-0.07699661,-0.030310621,0.014895579,0.20263769,0.48860896,0.4813577,final
1191,2025,-0.04105248,-0.0577853,-0.016732821,0.0063797566,0.10744669,0.48994276,0.48591715,final
1194,2028,-0.04774536,-0.012482236,0.035263117,0.0071920278,0.21593441,0.48830974,0.49684298,final
1196,2034,-0.02798704,-0.049650896,-0.02166387,0.021217326,0.18193938,0.4929887,0.48787254,final
1203,2046,-0.030641057,-0.037373517,-0.0067324564,0.012000647,0.08256085,0.49239853,0.49074465,final
1208,2053,-0.032903902,-0.02933263,0.0035712789,0.016600285,0.10188056,0.4918952,0.49273893,final
1209,2054,-0.035888035,-0.045101456,-0.0092134215,0.011082065,0.08647066,0.49117142,0.48895365,final
1211,2058,-0.053047612,-0.047645196,0.005402415,0.01585771,0.100516215,0.48705897,0.4883237,final
1212,2059,-0.04016786,-0.040437102,-0.00026923273,0.01442383,0.08655805,0.49013636,0.4900444,final
1215,2064,-0.04948792,-0.04284027,0.006647652,0.009686096,0.07048704,0.4878406,0.48948404,final
1216,2065,-0.04096839,-0.050814606,-0.009846223,0.0077206613,0.07507358,0.48989785,0.48749882,final
1218,2067,-0.0075418553,0.0046911123,0.012232966,0.00949829,0.09292506,0.49770176,0.5006429,final
1221,2070,-0.028027289,-0.016978456,0.011048837,0.009345397,0.08682671,0.49294573,0.495597,final
1223,2072,-0.042130053,-0.059832796,-0.017702742,0.015535051,0.1413156,0.48969376,0.48549005,final
1226,2076,-0.039740648,-0.046882063,-0.0071414136,0.015547372,0.10265447,0.49022824,0.48851073,final
1228,2078,-0.012042263,-0.0010426723,0.010999588,0.013320478,0.103650086,0.49655363,0.49913645,final
1229,2080,0.0046302355,0.019498028,0.014867794,0.018444115,0.14214261,0.5002978,0.5037739,final
1230,2081,-0.03742263,-0.037135743,0.000286885,0.014746272,0.088494375,0.49074328,0.4908392,final
1231,2082,-0.03842409,-0.035447523,0.0029765726,0.0175499,0.1068032,0.49056572,0.49123886,final
1232,2083,-0.037666224,-0.025857398,0.011808831,0.0077176276,0.0846426,0.4907241,0.49356952,final
1234,2085,0.009120173,0.009113025,-7.1454688e-06,0.014114393,0.08468636,0.5015078,0.50148886,final
1235,2087,0.0014839404,0.014776877,0.013292937,0.013358617,0.11307331,0.49945274,0.50254244,final
1236,2088,-0.022440579,-0.049345464,-0.026904885,0.02497436,0.22025733,0.49435315,0.48798594,final
1237,2089,-0.025676152,-0.024916414,0.00075973675,0.016615681,0.099798255,0.49359953,0.49375975,final
1238,2090,-0.015111489,-0.028191987,-0.013080504,0.011765381,0.10555973,0.49602285,0.49288067,final
1241,2093,-0.03104841,-0.053048994,-0.022000581,0.015598253,0.16181447,0.49233267,0.4870704,final
1242,2094,-0.044269145,-0.0708242,-0.026555033,0.0134363165,0.1785647,0.48918164,0.4828159,final
1244,2096,0.0035678728,0.010789468,0.0072215903,0.015081915,0.10033025,0.50019354,0.5018639,final
1245,2097,-0.030288398,-0.040209144,-0.009920751,0.012750584,0.096932724,0.4924711,0.4900626,final
1247,2099,0.011580815,0.0059361523,-0.0056446623,0.01394896,0.09028668,0.50175494,0.500307,final
1248,2100,-0.03342151,-0.037819196,-0.004397692,0.011163754,0.07199227,0.4916854,0.49057707,final
1250,2105,-0.030571125,-0.044902973,-0.014331849,0.011797737,0.11137858,0.49242863,0.4890386,final
1253,2108,-0.049045194,-0.054337583,-0.0052923854,0.007964094,0.05737335,0.4879944,0.4867186,final
1254,2109,-0.04108052,-0.03192244,0.0091580795,0.009030528,0.077169634,0.4898476,0.49203163,final
1255,2110,-0.035682254,-0.053116284,-0.017434029,0.011524098,0.12539142,0.49118364,0.4870259,final
1256,2111,-0.036815282,-0.049618892,-0.012803605,0.008246706,0.09137756,0.49089682,0.48785564,final
1257,2112,-0.042813253,-0.05261669,-0.009803427,0.014311407,0.10408289,0.48950326,0.48712677,final
1259,2114,-0.02296079,-0.0112725,0.011688289,0.016885713,0.12321834,0.4941438,0.49692053,final
1260,2115,-0.037894256,-0.06174812,-0.02385386,0.014700443,0.16811885,0.49065483,0.48494944,final
1261,2116,-0.024018321,-0.030626591,-0.006608274,0.0129098175,0.0870171,0.49394274,0.4923578,final
1262,2117,-0.037082765,-0.036843672,0.00023909679,0.0136191705,0.08172762,0.49077225,0.49078315,final
1263,2118,-0.037570164,-0.028939294,0.008630856,0.0138106495,0.09771451,0.4906756,0.49271366,final
1265,2120,-0.040335838,-0.027691979,0.012643861,0.015913295,0.121949196,0.4901012,0.49311435,final
1266,2121,-0.027544145,-0.020407058,0.0071370974,0.012075729,0.084162995,0.49312523,0.4948153,final
1267,2122,-0.024001084,-0.02181074,0.0021903377,0.019981852,0.120609246,0.4939404,0.49449682,final
1268,2123,-0.024313023,-0.035615,-0.01130198,0.013193046,0.10423283,0.49392927,0.49122,final
1269,2124,-0.050947737,-0.0685785,-0.017630769,0.0107357595,0.123853214,0.48760664,0.48343033,final
1270,2125,-0.033245686,-0.0014436791,0.031802014,0.015805015,0.21307743,0.49180806,0.49946922,final
1271,2126,-0.038882025,-0.044240423,-0.00535839,0.013433089,0.08677424,0.49046203,0.48918083,final
1272,2130,-0.032605544,-0.019234525,0.013371019,0.0163443,0.12670094,0.49184847,0.49506998,final
1273,2132,-0.013804461,-0.0064817336,0.0073227305,0.011057183,0.079572685,0.49612787,0.49784628,final
1274,2133,-0.03540315,-0.030613516,0.0047896374,0.017452838,0.10858876,0.49123466,0.49228254,final
1275,2134,-0.045726985,-0.056099966,-0.010372988,0.014419613,0.10657799,0.48876613,0.48622915,final
1276,2135,-0.00214723,-0.015703013,-0.013555782,0.019106347,0.14056037,0.49910286,0.49584797,final
1277,2136,-0.011571588,-0.017580153,-0.0060085673,0.022947596,0.14232716,0.49659145,0.495127,final
1278,2137,-0.01655902,-0.015914137,0.0006448825,0.011960376,0.07186649,0.49563995,0.49578184,final
1279,2138,-0.026661942,-0.024065027,0.0025969143,0.0071897423,0.04586621,0.49325478,0.4938841,final
1280,2139,-0.022825466,-0.0095390035,0.013286461,0.012125394,0.10792586,0.49424368,0.49741855,final
1281,2140,-0.040116005,-0.043747,-0.0036309932,0.010467754,0.06647772,0.49006736,0.48916572,final
1282,2141,-0.029272676,-0.029759089,-0.00048641337,0.013688946,0.082185514,0.49271563,0.49255309,final
1283,2142,-0.028702434,-0.03307368,-0.0043712487,0.013816545,0.08694924,0.49289477,0.49184942,final
1284,2143,-0.028983036,-0.030614939,-0.0016319108,0.017244989,0.1039322,0.4927774,0.49235523,final
1285,2144,-0.046413526,-0.053983465,-0.0075699463,0.01706263,0.11199887,0.48858818,0.4867169,final
1286,2145,-0.031829685,-0.03853008,-0.0067003984,0.01464726,0.0966424,0.49211252,0.49046934,final
1287,2146,-0.02235396,-0.02875076,-0.006396811,0.015100103,0.09839493,0.49435657,0.4928433,final
1288,2147,-0.019275572,-0.0358132,-0.016537623,0.031019483,0.21091525,0.49515438,0.49120903,final
1291,2150,-0.041609798,-0.03699294,0.004616855,0.010993068,0.07153925,0.48964942,0.49078178,final
1294,2153,-0.03824595,-0.03266428,0.005581669,0.032723878,0.19917895,0.49062455,0.49199614,final
1296,2155,-0.061918598,-0.07807379,-0.016155217,0.010910882,0.116967425,0.48504162,0.4812351,final
1297,2159,-0.05073877,-0.055889294,-0.0051505184,0.009311585,0.06384673,0.48758268,0.48632395,final
1298,2160,-0.026563572,-0.049242742,-0.022679172,0.013953472,0.1597673,0.49312317,0.48773038,final
1299,2161,-0.030304648,-0.030325737,-2.109368e-05,0.010213836,0.061283145,0.49243343,0.4924031,final
1301,2163,-0.026763013,-0.03802569,-0.011262674,0.022854751,0.15287495,0.49329036,0.49065366,final
1304,2167,-0.049846645,-0.054478195,-0.004631546,0.012147903,0.078005254,0.48786342,0.48674875,final
1310,2174,-0.044267684,-0.035561547,0.008706137,0.017583389,0.117724285,0.48913267,0.49119526,final
1318,2186,-0.0020563703,0.02062678,0.022683144,0.0119897565,0.15394174,0.49862474,0.5040051,final
1319,2188,-0.037498567,-0.04904431,-0.011545745,0.020148192,0.13933104,0.49077252,0.487982,final
1320,2193,-0.03699956,-0.04541323,-0.008413673,0.0171925,0.11484507,0.49088085,0.48879132,final
1321,2194,-0.044327013,-0.029553136,0.0147738755,0.008341604,0.101796806,0.48905504,0.49260724,final
1323,2202,0.009952809,0.022778185,0.012825376,0.015758818,0.1219094,0.50122446,0.50418216,final
1324,2203,0.0025112298,0.026107311,0.023596078,0.00846007,0.15040119,0.499427,0.5049993,final
1329,2231,-0.04631283,-0.039883334,0.0064294944,0.014306446,0.09410876,0.48866475,0.49018255,final
1330,2232,-0.050435703,-0.068463676,-0.018027982,0.00924134,0.12155154,0.4878008,0.4835718,final
1331,2236,-0.04412896,-0.04350514,0.00062382524,0.013400892,0.08049242,0.4892121,0.4893144,final
1334,2240,-0.023590637,-0.02355604,3.459248e-05,0.012257237,0.07354371,0.49402538,0.49398005,final
1336,2243,-0.03509322,-0.0299267,0.005166528,0.012034373,0.078579195,0.49133137,0.49254286,final
1337,2245,-0.033836875,-0.024594512,0.009242359,0.0155917965,0.10875161,0.49164677,0.49381196,final
1338,2247,-0.04308639,-0.03901217,0.0040742215,0.014386214,0.089712024,0.4894422,0.4904106,final
1339,2248,-0.03901321,-0.03759488,0.0014183186,0.007506906,0.045838296,0.49034035,0.49067715,final
1340,2249,-0.049002357,-0.051437374,-0.0024350102,0.013433774,0.08191605,0.4880489,0.48742697,final
1343,2253,-0.0421136,-0.05610335,-0.013989743,0.010362269,0.10445681,0.489676,0.48635203,final
1345,2259,-0.022607617,-0.022026327,0.00058128405,0.030418495,0.18254429,0.49431425,0.49453872,final
1347,2262,-0.027468791,-0.051796153,-0.024327366,0.013943383,0.16823968,0.49313667,0.48732027,final
1353,2268,-0.042861685,-0.014343421,0.028518263,0.019672388,0.20787156,0.48944676,0.4963157,final
1354,2269,-0.026258925,-0.027112117,-0.0008531987,0.027450304,0.16478138,0.49346003,0.49323824,final
1357,2273,-0.04510049,-0.032128043,0.012972451,0.018287214,0.13452673,0.4889655,0.49202552,final
1360,2278,-0.058773212,-0.07179039,-0.013017189,0.011451695,0.104024924,0.48576513,0.48270294,final
1361,2279,-0.043462064,-0.03694785,0.0065142093,0.00788565,0.061369885,0.48938143,0.49092308,final
1363,2282,-0.058484033,-0.075155884,-0.016671859,0.01506138,0.13480599,0.4858192,0.48185444,final
1365,2287,0.0057003964,-0.00699371,-0.012694112,0.012501702,0.1068999,0.50053567,0.4975312,final
1366,2288,-0.041837793,-0.030910807,0.010926984,0.01183896,0.09666519,0.48967823,0.4922798,final
1367,2289,-0.051315162,-0.046434697,0.0048804707,0.013781122,0.08771875,0.48744932,0.48865545,final
1369,2291,-0.04359976,-0.06365487,-0.020055102,0.014790261,0.14951429,0.489294,0.4844691,final
1370,2294,-0.053541888,-0.06964628,-0.016104387,0.012924227,0.12389483,0.4869932,0.48313078,final
1373,2297,-0.046522494,-0.07099385,-0.02447136,0.012855859,0.16585638,0.48865032,0.48280132,final
1374,2300,-0.024985695,-0.018643038,0.0063426523,0.015523045,0.10061307,0.49350077,0.4950357,final
1375,2301,-0.041278392,-0.05204127,-0.010762883,0.012665755,0.09972661,0.4898805,0.4873384,final
1376,2302,-0.05268612,-0.03217907,0.020507066,0.01817201,0.16440019,0.48713303,0.49203014,final
1377,2303,-0.022466037,-0.018511692,0.0039543407,0.010531635,0.06749724,0.4942725,0.49526528,final
1380,2311,-0.030819317,-0.023344718,0.0074746013,0.013649193,0.0933709,0.49234548,0.4941405,final
1381,2312,-0.029958017,-0.016335538,0.013622483,0.020289728,0.1466316,0.4925257,0.49574476,final
1382,2313,-0.033582862,-0.015370094,0.018212771,0.0095939115,0.12351085,0.49155977,0.4959452,final
1385,2316,-0.031622157,-0.0289632,0.0026589641,0.01433742,0.08749138,0.4922053,0.49289677,final
1386,2318,-0.06739843,-0.036023702,0.031374726,0.014114482,0.20642021,0.4837359,0.49124718,final
1388,2321,-0.06321348,-0.060581498,0.0026319947,0.009811727,0.06095167,0.4847519,0.48538283,final
1389,2322,-0.048119094,-0.060237356,-0.0121182585,0.020299282,0.14184806,0.48828682,0.4854547,final
1390,2324,-0.054476842,-0.026709296,0.027767546,0.007259229,0.1722045,0.4866716,0.4934176,final
1394,2329,-0.049303204,-0.018771602,0.030531598,0.0053594788,0.18599057,0.48792076,0.49532148,final
1397,2333,-0.04946305,-0.058854923,-0.00939189,0.008166622,0.07467561,0.4879119,0.48566976,final
1398,2334,-0.045196667,-0.057948027,-0.012751364,0.013760479,0.11256168,0.4889405,0.48588097,final
1399,2335,-0.059913915,-0.07086617,-0.010952253,0.012703199,0.10063614,0.48552024,0.48293698,final
1400,2336,-0.047617182,-0.029957596,0.017659588,0.011181886,0.12541229,0.48838198,0.4926151,final
1402,2338,-0.04307802,-0.037484065,0.005593961,0.016322805,0.10352849,0.48945686,0.49082,final
1403,2340,-0.036413506,-0.04932574,-0.012912226,0.013528813,0.11221032,0.49105227,0.4879126,final
1404,2344,-0.03599064,-0.066594414,-0.030603766,0.008594875,0.19072664,0.49111536,0.48378834,final
1405,2346,-0.027235333,-0.038867667,-0.011632339,0.011596718,0.09855266,0.49310195,0.49032483,final
1407,2348,-0.0412172,-0.049486965,-0.008269768,0.012867972,0.09177721,0.48982674,0.48778397,final
1410,2352,-0.03675717,-0.043571886,-0.0068147113,0.010303336,0.074118584,0.49083424,0.48914406,final
1411,2353,-0.039702855,-0.003930105,0.03577276,0.019020718,0.24309094,0.4902347,0.4987763,final
1413,2355,-0.051874887,-0.051174536,0.00070034876,0.0070797293,0.04268571,0.48736832,0.48753393,final
1415,2357,-0.049664855,-0.02090355,0.028761307,0.012487054,0.18813032,0.487774,0.49476588,final
1416,2359,-0.06254903,-0.058841772,0.003707272,0.007283594,0.04903678,0.4847812,0.4856623,final
1419,2363,-0.0068177828,-0.021813331,-0.0149955535,0.011705832,0.11414093,0.4976706,0.49414593,final
1422,2366,0.013781373,0.00497286,-0.008808514,0.014366792,0.10111284,0.5016939,0.49950537,final
1423,2367,-0.018139903,-0.023142288,-0.0050023855,0.020307966,0.12549001,0.49529198,0.49409485,final
1424,2369,-0.03182889,-0.040607717,-0.008778829,0.016466811,0.111964524,0.49212348,0.49005133,final
1426,2371,-0.04731884,-0.04352085,0.0037979798,0.010712858,0.068197064,0.48844677,0.48935187,final
1427,2372,-0.046887293,-0.056736544,-0.009849254,0.013495661,0.10024502,0.48856443,0.48616633,final
1429,2374,-0.035028942,-0.037917066,-0.0028881324,0.021672206,0.1311828,0.49134594,0.49065495,final
1430,2375,-0.037927613,-0.03777422,0.00015339431,0.016316673,0.09790436,0.49066278,0.49065664,final
1431,2376,-0.031627033,-0.010572263,0.02105477,0.01865144,0.16876751,0.49210867,0.49706262,final
1433,2378,-0.04007733,-0.036660194,0.0034171343,0.013630293,0.08431264,0.49015605,0.49097437,final
1434,2379,-0.035186365,-0.028356722,0.0068296385,0.030478267,0.18740457,0.49131224,0.4929157,final
1439,2384,-0.05474245,-0.08189389,-0.027151436,0.013681194,0.18242128,0.48672166,0.48026302,final
1441,2387,-0.053397015,-0.07690144,-0.023504432,0.015603434,0.1692729,0.48702037,0.48140055,final
1442,2389,-0.043988883,-0.057218857,-0.013229965,0.016709814,0.12787883,0.4892309,0.48601946,final
1443,2390,-0.061548345,-0.054985933,0.006562404,0.013715859,0.09122958,0.48507717,0.48662603,final
1444,2391,-0.05041624,-0.055012304,-0.0045960587,0.008943113,0.06033,0.48771927,0.48664093,final
1445,2392,-0.044521436,-0.040082615,0.0044388175,0.022746615,0.13905402,0.48914576,0.4902595,final
1446,2393,-0.04857232,-0.04318747,0.0053848503,0.021969518,0.13571893,0.48816788,0.4894148,final
1447,2394,-0.04004046,-0.024344556,0.015695903,0.015912928,0.13410807,0.49018595,0.49395317,final
1448,2395,-0.06596846,-0.074377045,-0.008408591,0.016807947,0.11276353,0.48409045,0.48214662,final
1449,2396,-0.05834667,-0.03511146,0.023235206,0.014226237,0.16346675,0.48567498,0.49132115,final
1450,2398,0.0038833038,-0.017516155,-0.021399459,0.008057947,0.13719775,0.49995312,0.49481684,final
1451,2399,-0.024597855,-0.040766086,-0.016168233,0.018920038,0.14932403,0.4938371,0.4900119,final
1452,2401,-0.03752891,-0.00832657,0.029202335,0.014003915,0.19431905,0.4906815,0.49770772,final
1453,2402,-0.026387028,-0.027070854,-0.000683824,0.016861347,0.10125125,0.49343693,0.49327558,final
1454,2403,-0.034839418,-0.036798384,-0.0019589663,0.01155679,0.07032986,0.4913399,0.490876,final
1455,2404,-0.022294363,-0.014817066,0.0074772965,0.0115357125,0.08248257,0.49441925,0.49622476,final
1456,2405,-0.03207853,-0.03322479,-0.0011462525,0.012669167,0.07632549,0.49199766,0.49173138,final
1457,2406,-0.029699406,-0.026924398,0.0027750144,0.015855458,0.0965788,0.49258518,0.49319702,final
1458,2407,-0.043058004,-0.021151854,0.02190615,0.017065514,0.16661334,0.4893478,0.49451917,final
1459,2408,-0.03493981,-0.03965532,-0.004715509,0.029337877,0.17828655,0.49138796,0.49033535,final
1460,2409,-0.02508589,-0.03262134,-0.007535449,0.011649425,0.08324492,0.4936939,0.49184746,final
1461,2410,-0.02190365,-0.03020006,-0.008296415,0.012191836,0.088481456,0.49450076,0.4925171,final
1462,2411,-0.024682922,-0.036362533,-0.011679616,0.022350525,0.15130942,0.4938185,0.49100235,final
1463,2412,-0.028252307,-0.020751022,0.0075012874,0.029760154,0.18414585,0.49295795,0.49478048,final
1464,2413,-0.039862826,-0.042629473,-0.0027666572,0.012786622,0.07849507,0.49021086,0.48951593,final
1465,2414,-0.031097582,-0.04889911,-0.01780153,0.010414083,0.12374374,0.49229538,0.4879743,final
1466,2416,-0.04948753,-0.06004521,-0.01055767,0.008480282,0.08125062,0.487904,0.48537457,final
1470,2420,-0.024592929,-0.018898176,0.0056947474,0.017419297,0.109959245,0.49384096,0.49517837,final
1471,2421,-0.022110723,-0.02904915,-0.006938427,0.017990861,0.115694694,0.494468,0.4928539,final
1472,2422,-0.021996548,-0.026708357,-0.004711806,0.035729725,0.2162344,0.4944831,0.4934136,final
1473,2423,-0.05304471,-0.061055508,-0.008010811,0.01280682,0.0906353,0.48705605,0.4851654,final
1474,2424,-0.048084024,-0.042000413,0.0060836063,0.019764464,0.12407737,0.4882517,0.48965296,final
1475,2427,-0.057375617,-0.10184063,-0.04446502,0.023862286,0.3027799,0.48605776,0.4754123,final
1476,2428,-0.05167548,-0.04840475,0.0032707255,0.0137482425,0.08479165,0.48747337,0.48817465,final
1479,2431,-0.04479609,-0.05821044,-0.013414351,0.014273258,0.11752509,0.48908436,0.48588812,final
1481,2433,-0.03981756,-0.049698036,-0.009880475,0.013998842,0.10280704,0.4902279,0.4878061,final
1490,2447,-0.046501763,-0.058355823,-0.011854055,0.0164197,0.121509284,0.4886713,0.4858483,final
1492,2450,-0.022319468,-0.024596594,-0.0022771314,0.021127354,0.12749828,0.49440002,0.4939021,final
1495,2454,-0.011186636,-0.022669964,-0.01148333,0.016061015,0.11846363,0.49658647,0.4937885,final
1496,2455,-0.044542994,-0.045905907,-0.0013629134,0.021647563,0.13014255,0.4890811,0.48870298,final
1497,2456,-0.030960334,-0.016719557,0.014240782,0.01871578,0.14110596,0.4923499,0.49575794,final
1498,2457,-0.040785205,-0.047251333,-0.0064661247,0.015900211,0.102988295,0.4899572,0.48837078,final
1500,2459,-0.03486781,-0.028544703,0.006323105,0.012814743,0.085738994,0.49127176,0.49275345,final
1503,2463,-0.036770403,-0.03356379,0.0032066125,0.014367818,0.08832778,0.49092424,0.49163717,final
1504,2467,-0.039421402,-0.037735566,0.0016858381,0.011272602,0.06838779,0.49026123,0.49067375,final
1505,2468,-0.028239097,-0.048661117,-0.020422012,0.0160137,0.15571094,0.49297747,0.4881561,final
1506,2469,-0.031868186,-0.033853646,-0.00198547,0.0143920975,0.08717044,0.49208874,0.4915484,final
1507,2470,-0.037665732,-0.017391354,0.020274375,0.016433813,0.1565897,0.490723,0.49554083,final
1508,2471,-0.027679883,-0.021191763,0.006488127,0.016880265,0.10850534,0.49314034,0.49466598,final
1511,2474,-0.034431323,-0.045167617,-0.010736285,0.011607539,0.09486886,0.49150604,0.48891988,final
1513,2476,-0.03119482,-0.043332055,-0.01213725,0.009614696,0.09290419,0.49227822,0.48936632,final
1514,2478,-0.039640743,-0.05220345,-0.012562706,0.016443193,0.124157995,0.49027327,0.48730242,final
1515,2485,-0.050086483,-0.057757888,-0.0076713935,0.010506538,0.078054816,0.487785,0.48595572,final
1517,2490,-0.049381245,-0.055799875,-0.0064186263,0.013559735,0.090013035,0.48799214,0.48640284,final
1521,2496,-0.04664294,-0.048225228,-0.0015822883,0.015149756,0.09139297,0.48862088,0.48821864,final
1525,2501,-0.05098915,-0.02319456,0.027794592,0.012256165,0.18226111,0.48755965,0.4942114,final
1526,2502,-0.055291817,-0.035391964,0.01989985,0.013080943,0.14288506,0.48656714,0.4913531,final
1528,2505,-0.048557356,-0.064639345,-0.016081989,0.013651684,0.12656997,0.48818928,0.48443234,final
1531,2513,-0.04093211,-0.029609075,0.011323045,0.01133063,0.0961114,0.48993677,0.49259478,final
1533,2517,-0.033213954,-0.047933325,-0.014719374,0.01122171,0.11105459,0.4917815,0.4882867,final
1534,2518,-0.041503616,-0.030073835,0.011429785,0.015755778,0.116789736,0.48978737,0.49251953,final
1539,2524,-0.0130386595,-0.037301317,-0.02426266,0.031018179,0.23628151,0.4964943,0.49068838,final
1542,2527,-0.026060514,-0.042830665,-0.016770149,0.011749108,0.1228579,0.49334562,0.4892818,final
1543,2528,-0.026264774,-0.03332074,-0.0070559597,0.014786004,0.0982998,0.49335992,0.49162018,final
1544,2529,-0.021434939,-0.021571781,-0.00013684088,0.012916028,0.077500515,0.4943334,0.4942789,final
1545,2530,-0.017955462,-0.037408385,-0.019452931,0.01297946,0.14031318,0.49526036,0.4906495,final
1546,2531,-0.014953011,-0.017159352,-0.0022063358,0.02098667,0.12661397,0.4959736,0.495496,final
1547,2532,-0.01934708,-0.029105455,-0.009758371,0.016116368,0.11304279,0.49494186,0.49266583,final
1548,2533,-0.017652042,-0.017422594,0.00022945687,0.02069443,0.124174215,0.49534178,0.49543566,final
1550,2539,-0.057726342,-0.073860206,-0.016133867,0.012960261,0.12416811,0.48602602,0.482161,final
1552,2541,-0.040984076,-0.057527192,-0.016543128,0.021943368,0.16488393,0.48997933,0.48608917,final
1553,2542,-0.061370544,-0.03510866,0.026261864,0.0059518046,0.16156715,0.4851361,0.4914271,final
1559,2553,-0.013052242,-0.018769227,-0.005716985,0.011034632,0.07456603,0.4961942,0.49481842,final
1562,2558,-0.04320686,-0.04951811,-0.0063112476,0.013738962,0.090715334,0.48944896,0.48797867,final
1565,2565,0.0022169766,0.012929763,0.010712785,0.012342995,0.09806161,0.49993885,0.5025013,final
1566,2567,-0.058765523,-0.06259222,-0.0038267109,0.018886123,0.11561945,0.48583242,0.4848671,final
1567,2568,-0.042008657,-0.0347606,0.0072480557,0.023437776,0.14719746,0.4897279,0.4914571,final
1569,2571,-0.059748463,-0.022691945,0.037056517,0.017384963,0.24559154,0.4854983,0.49442354,final
1570,2572,-0.04935135,-0.0555446,-0.0061932527,0.014991911,0.09732469,0.4879953,0.486498,final
1573,2580,-0.056934588,-0.052591227,0.004343359,0.009493003,0.06263663,0.48612303,0.48719847,final
1574,2581,-0.04846225,-0.052466486,-0.00400423,0.0126037225,0.07934707,0.4882023,0.48722887,final
1576,2583,-0.05602439,-0.059453905,-0.0034295064,0.008765568,0.056475494,0.48629412,0.48544443,final
1582,2598,-0.05643689,-0.064285316,-0.007848438,0.011018613,0.08116823,0.48640573,0.48450246,final
1583,2599,-0.07057374,-0.06814548,0.0024282667,0.034516487,0.2076108,0.48305258,0.48368242,final
1584,2600,-0.058578756,-0.08343235,-0.024853576,0.013385802,0.16937436,0.48581588,0.479855,final
1585,2605,-0.044605315,-0.035762075,0.008843247,0.013030412,0.09448707,0.48909554,0.49116993,final
1586,2606,-0.057000916,-0.06993305,-0.012932136,0.013273798,0.11119181,0.48619047,0.4830664,final
1591,2613,-0.034089137,-0.05850527,-0.024416132,0.008740689,0.15560108,0.49158594,0.48575,final
1593,2616,-0.033176225,-0.048476454,-0.015300236,0.0290328,0.19690613,0.49182457,0.48822042,final
1594,2617,-0.048987556,-0.072013155,-0.023025595,0.009815734,0.15018308,0.4880609,0.4825784,final
1596,2622,-0.05441148,-0.06291142,-0.008499934,0.01127567,0.08472323,0.48677805,0.48474538,final
1599,2628,-0.055673573,-0.08756175,-0.03188817,0.010500845,0.20143592,0.48650107,0.4788748,final
1604,2640,-0.028011428,-0.01921148,0.008799942,0.01931004,0.127324,0.49292564,0.49493778,final
1605,2641,-0.031332593,-0.064594,-0.03326141,0.010552086,0.2093706,0.49221224,0.48426402,final
1606,2642,-0.020508828,-0.01394397,0.0065648654,0.013608367,0.09065464,0.4948204,0.49636248,final
1607,2643,-0.023123017,-0.0052785445,0.017844476,0.02354625,0.17726433,0.49417776,0.4984667,final
1608,2644,0.00702506,0.00861136,0.0015863023,0.015635017,0.0942917,0.49991453,0.50016826,final
1610,2648,0.006260665,0.0071449694,0.0008843078,0.010858617,0.06536739,0.49975622,0.49991095,final
1615,2657,-0.02684363,-0.040546134,-0.013702508,0.008479036,0.09668246,0.493211,0.48993063,final
1618,2662,0.0052209846,-0.0058519533,-0.011072938,0.011809818,0.09713364,0.5002795,0.49763167,final
1619,2664,-0.017117843,-0.021372411,-0.0042545698,0.011891781,0.07577974,0.49513584,0.49413407,final
1621,2668,-0.025982268,-0.01479107,0.011191202,0.027677052,0.17912409,0.4934708,0.49616608,final
1623,2670,-0.00088603876,0.00061908696,0.0015051258,0.006776111,0.041647557,0.499169,0.49952433,final
1624,2671,-0.05114711,-0.036077786,0.015069319,0.008913246,0.105048046,0.48750436,0.49112934,final
1625,2672,-0.0502955,-0.056796864,-0.0065013543,0.011669977,0.080152445,0.48772764,0.4861073,final
1626,2676,-0.04631771,-0.0622062,-0.015888508,0.017711464,0.14276227,0.4886948,0.48491752,final
1627,2677,-0.05517953,-0.0492201,0.0059594223,0.009770618,0.068667814,0.48655865,0.48800558,final
1629,2683,-0.06344702,-0.07093109,-0.0074840654,0.014407557,0.097412534,0.48469087,0.48292106,final
1630,2686,-0.047488242,-0.041378416,0.0061098267,0.0088634705,0.06459163,0.4883508,0.48985782,final
1631,2687,-0.047901303,-0.055086307,-0.007185007,0.0155658545,0.1028646,0.48835742,0.48662505,final
1632,2688,-0.043534543,-0.054691803,-0.011157263,0.015031191,0.11231724,0.48936367,0.48670852,final
1633,2690,-0.06496702,-0.070664495,-0.005697479,0.011029833,0.07448668,0.48426998,0.48285544,final
1634,2692,-0.05401173,-0.042515766,0.011495956,0.018489718,0.13063292,0.4867284,0.48954904,final
1635,2693,-0.044757977,-0.044278827,0.00047914384,0.009083543,0.054577027,0.48906314,0.48915944,final
1636,2694,-0.054796204,-0.053569496,0.0012267105,0.01640474,0.09870325,0.48670116,0.48699468,final
1638,2699,-0.047340676,-0.08144658,-0.034105908,0.012911398,0.21880816,0.4884749,0.48040882,final
1639,2700,-0.064697474,-0.082908005,-0.018210528,0.014799407,0.14079508,0.48432472,0.47998348,final
1640,2701,-0.038723633,-0.030728199,0.007995436,0.011898261,0.08601071,0.49051082,0.4924146,final
1641,2702,-0.05164565,-0.08349284,-0.031847186,0.017599564,0.21831986,0.48747328,0.4799266,final
1642,2706,-0.06414688,-0.068772785,-0.004625914,0.008397975,0.057526536,0.48454025,0.48345274,final
1643,2707,-0.044739734,-0.044162273,0.00057745073,0.010847473,0.065176986,0.48905033,0.48918808,final
1644,2709,-0.053533897,-0.06830433,-0.014770417,0.011334035,0.11170729,0.48701546,0.48349503,final
1645,2710,-0.06543433,-0.105504744,-0.040070426,0.016240418,0.25941867,0.48426718,0.4748418,final
1646,2712,-0.054344125,-0.07810587,-0.023761734,0.02119009,0.19102627,0.48680866,0.4811609,final
1647,2713,-0.04389597,-0.050424833,-0.006528861,0.009678042,0.07004612,0.48925474,0.4876809,final
1649,2716,-0.047899574,-0.036221463,0.011678109,0.009158258,0.08904532,0.48826784,0.49106634,final
1650,2717,-0.03843511,-0.03663116,0.0018039499,0.017645594,0.106425405,0.49058136,0.49105263,final
1651,2718,-0.06653517,-0.09243991,-0.025904734,0.010034218,0.16668133,0.48399782,0.47790426,final
1652,2719,-0.04235448,-0.043706726,-0.0013522394,0.015018557,0.090475865,0.48963743,0.48930162,final
1653,2720,-0.0395943,-0.03753894,0.0020553572,0.016601697,0.10037066,0.49029922,0.49081242,final
1655,2722,-0.048689067,-0.06912658,-0.020437516,0.010490564,0.13783608,0.488176,0.4833404,final
1656,2723,-0.059352774,-0.094664305,-0.035311505,0.016993204,0.23512587,0.48567846,0.4773443,final
1657,2724,-0.04525904,-0.058940846,-0.013681809,0.01490092,0.12137651,0.48898453,0.48576057,final
1660,2728,-0.0039040968,0.005809596,0.009713696,0.013899476,0.10174402,0.49835443,0.50060123,final
1661,2729,-0.00856856,-0.036708303,-0.028139744,0.0071150297,0.17415188,0.4973846,0.49067572,final
1665,2734,-0.030792952,-0.050838046,-0.020045094,0.008865659,0.13150895,0.4923669,0.48758024,final
1666,2735,-0.032623805,-0.037560306,-0.004936501,0.009942669,0.06660425,0.49192858,0.49077722,final
1667,2736,-0.043246202,-0.030970922,0.012275278,0.01783239,0.12989363,0.48934704,0.49225459,final
1669,2739,-0.025857368,-0.008363057,0.017494317,0.022806149,0.1724592,0.49352157,0.49765173,final
1671,2745,-0.03180086,-0.012752665,0.019048197,0.015877578,0.14878684,0.49207872,0.49661323,final
1672,2746,-0.039886914,-0.05491912,-0.015032202,0.01063023,0.11046665,0.49015898,0.4865316,final
1673,2747,-0.0065066484,-0.01154837,-0.0050417273,0.012162947,0.07899891,0.4976992,0.49650255,final
1676,2750,-0.044515744,-0.037042033,0.0074737053,0.0077126008,0.064438015,0.48907307,0.49084413,final
1679,2759,-0.06582741,-0.06893399,-0.0031065745,0.011929905,0.0739665,0.48418114,0.48340237,final
1680,2761,-0.05694994,-0.042049274,0.014900671,0.015787788,0.13025448,0.48612356,0.48971802,final
1681,2762,-0.05159533,-0.012517221,0.03907811,0.009031758,0.24064946,0.4873705,0.49679697,final
1682,2763,-0.048761025,-0.052793637,-0.0040326198,0.008993104,0.059135146,0.4881053,0.48712146,final
1683,2764,-0.011468609,-0.02565102,-0.014182415,0.016413732,0.1301532,0.4967325,0.4932982,final
1685,2770,-0.059524912,-0.092843056,-0.03331813,0.0111594675,0.21082395,0.485623,0.47775555,final
1687,2772,-0.054810148,-0.07010109,-0.015290941,0.02395417,0.17051144,0.48668242,0.48308006,final
1689,2779,-0.030950688,-0.040234428,-0.009283743,0.0149593875,0.10563598,0.49222428,0.48997816,final
1696,2788,-0.03421831,-0.031142917,0.0030753915,0.009249609,0.05848486,0.4912384,0.49200684,final
1699,2791,-0.050795004,-0.035988647,0.0148063535,0.021143816,0.15487547,0.4875948,0.49122837,final
1700,2792,-0.037384506,-0.040508393,-0.0031238818,0.014863235,0.09112781,0.49078098,0.49004862,final
1701,2793,-0.058242526,-0.08060995,-0.022367427,0.011762226,0.15162937,0.48590893,0.48059952,final
1702,2794,-0.04178742,-0.05741661,-0.015629185,0.014632027,0.12845713,0.48978424,0.48607317,final
1703,2795,-0.042851556,-0.021141019,0.021710541,0.0073963203,0.1376151,0.48942772,0.4946953,final
1704,2796,-0.041759875,-0.05480775,-0.013047866,0.014271135,0.11602084,0.48976898,0.4866991,final
1705,2797,-0.04175344,-0.0070793787,0.034674063,0.02628712,0.26107264,0.4896581,0.49795997,final
1709,2802,-0.030706462,-0.048325837,-0.017619371,0.014523142,0.13700037,0.49237245,0.48817566,final
1710,2803,-0.039968606,-0.041547306,-0.0015786918,0.016335946,0.0984723,0.49016714,0.48971307,final
1711,2804,-0.039316855,-0.01788151,0.021435343,0.0053283074,0.13252597,0.49020448,0.49539343,final
1712,2805,-0.042194434,-0.046297576,-0.004103144,0.014413573,0.08991733,0.48968247,0.48868376,final
1715,2808,-0.035742246,-0.024061168,0.011681075,0.016941909,0.12347117,0.49122047,0.49400488,final
1716,2815,-0.01778958,-0.01674263,0.0010469498,0.027001105,0.16212837,0.4954532,0.49570867,final
1719,2819,-0.023646127,0.00047428408,0.02412041,0.010807112,0.15858488,0.49384928,0.49966738,final
1720,2822,-0.03419783,-0.042357203,-0.008159363,0.009440634,0.074868076,0.49159035,0.48963955,final
1721,2826,-0.05831833,-0.08527437,-0.02695603,0.017134588,0.19164546,0.48587418,0.47943464,final
1722,2827,-0.041930746,-0.038270142,0.0036606002,0.015247577,0.09408501,0.48977792,0.49063572,final
1726,2840,-0.047062263,-0.048277345,-0.0012150747,0.011901147,0.07177808,0.48848662,0.48816168,final
1727,2841,-0.046296313,-0.042550292,0.0037460227,0.016368141,0.10074797,0.48875025,0.4896671,final
1733,2857,-0.014868278,-0.012155094,0.0027131813,0.016945831,0.10296996,0.49594328,0.49649185,final
1734,2858,-0.063073516,-0.037428357,0.025645167,0.010844603,0.16706309,0.48468146,0.4909061,final
1735,2859,-0.03781031,-0.026247712,0.0115626,0.006780094,0.08042314,0.49060214,0.49343237,final
1737,2861,-0.046595857,-0.04792933,-0.0013334727,0.02125637,0.12778893,0.4886694,0.48829782,final
1739,2863,-0.021430377,-0.018651998,0.0027783818,0.012999053,0.079755954,0.4943383,0.49498156,final
1741,2867,-0.04948425,-0.04917568,0.00030857365,0.0075625433,0.045413014,0.48792568,0.48797765,final
1744,2871,-0.029449157,-0.04250121,-0.013052055,0.009407471,0.09653413,0.492483,0.48938024,final
1745,2872,-0.03028413,-0.020285506,0.009998626,0.010565519,0.087279424,0.49240473,0.49483246,final
1747,2875,-0.036197163,-0.03272243,0.003474729,0.011938963,0.07460598,0.49109936,0.4919058,final
1748,2877,-0.005175945,-0.013995264,-0.008819322,0.026841423,0.16951911,0.49850363,0.496369,final
1751,2881,-0.04525578,-0.042286254,0.002969523,0.019832045,0.12031879,0.48893362,0.4895871,final
1753,2883,-0.06430811,-0.0741812,-0.009873089,0.009055259,0.08038111,0.48453653,0.48221943,final
1756,2889,-0.05732123,-0.0598443,-0.002523066,0.010300437,0.06362967,0.48610407,0.4854714,final
1757,2890,-0.055202667,-0.06050505,-0.005302391,0.009238517,0.06391212,0.48658264,0.48534638,final
1762,2901,-0.03128557,-0.05014567,-0.018860104,0.009878992,0.12774478,0.492201,0.48766035,final
1766,2906,-0.026875578,-0.019576885,0.0072986963,0.019369207,0.124192335,0.49332762,0.4950336,final
1767,2907,-0.058588292,-0.06846571,-0.009877401,0.016291693,0.11431257,0.4858797,0.48356926,final
1768,2908,-0.054388266,-0.054919064,-0.00053080305,0.009631691,0.057877835,0.4867077,0.48659134,final
1769,2912,-0.05484217,-0.07806851,-0.02322632,0.009678572,0.15097325,0.4867044,0.4811838,final
1770,2915,-0.039747167,-0.036361765,0.0033854055,0.014758348,0.09084995,0.49016693,0.49097353,final
1771,2916,-0.048009474,-0.05737312,-0.009363643,0.019440884,0.12947017,0.4882058,0.48593962,final
1772,2917,-0.04141911,-0.02894583,0.012473279,0.0128495945,0.107447706,0.48969427,0.49271086,final
1773,2918,-0.050987918,-0.015527589,0.035460327,0.014337179,0.22949427,0.48751226,0.49597856,final
1774,2919,-0.028377883,-0.004635104,0.023742782,0.016834246,0.17463109,0.49286816,0.49861562,final
1776,2921,-0.021388797,-0.01791874,0.003470059,0.012443352,0.07750884,0.4944674,0.4953236,final
1777,2922,-0.018664468,-0.030468153,-0.011803682,0.009350809,0.090352215,0.49503374,0.49219555,final
1779,2926,-0.04204341,-0.05562416,-0.013580756,0.008420576,0.095876746,0.4896752,0.4864334,final
1782,2929,-0.027607374,-0.043521803,-0.015914427,0.008643507,0.10866117,0.49305376,0.4892327,final
1788,2941,0.007128347,0.0073451195,0.00021677557,0.014334351,0.08601594,0.5010881,0.50113314,final
1789,2942,-0.013136484,-0.012131872,0.0010046094,0.017814256,0.10705536,0.4965644,0.49683142,final
1791,2944,-0.01958699,-0.004550013,0.015036987,0.008101533,0.102483414,0.494812,0.49846616,final
1792,2946,-0.01563409,-0.019089116,-0.0034550258,0.0120316455,0.075107366,0.4957475,0.49489525,final
1793,2947,-0.015067013,-0.0154452305,-0.00037821743,0.009673069,0.058082763,0.4957676,0.49572426,final
1794,2948,-0.013373125,-0.019819789,-0.006446665,0.0142311,0.09373907,0.49614394,0.49460083,final
1795,2949,-0.008469803,-0.0079516405,0.0005181672,0.014278658,0.08572834,0.49731228,0.49735424,final
1796,2950,-0.012385996,-0.025833972,-0.013447975,0.03540157,0.22721858,0.4967411,0.49351993,final
1797,2951,-0.013762383,0.004804886,0.018567272,0.007499271,0.1201473,0.49611828,0.5005937,final
1799,2953,-0.031775966,-0.039215915,-0.007439951,0.024644515,0.15445833,0.49213967,0.490414,final
1801,2959,-0.05269087,-0.05258869,0.00010217354,0.016305499,0.097834915,0.4872175,0.4872835,final
1802,2961,-0.051818993,-0.072923996,-0.021104999,0.018973714,0.17027983,0.4873869,0.48238692,final
1804,2966,-0.053335413,-0.057044487,-0.0037090732,0.012009458,0.07541508,0.48700115,0.4861694,final
1806,2968,-0.0360419,-0.024751293,0.011290612,0.014393444,0.1097605,0.4910294,0.4937209,final
1809,2971,-0.026073359,-0.028087728,-0.0020143667,0.011236852,0.068495855,0.49344677,0.4929277,final
1811,2973,-0.05929269,-0.054913368,0.004379311,0.012536827,0.079678185,0.48552132,0.48660564,final
1814,2976,-0.054556847,-0.09549987,-0.04094303,0.015785199,0.2632834,0.48680496,0.47707918,final
1817,2985,-0.04240202,-0.056016844,-0.013614814,0.017011996,0.13073547,0.48958847,0.4862886,final
1818,2986,-0.03098048,-0.04056643,-0.009585945,0.02552289,0.16358209,0.49234438,0.4901315,final
1819,2987,-0.044152237,-0.055062003,-0.010909763,0.011655578,0.09578892,0.48918003,0.48654732,final
1821,2989,-0.030907538,-0.008142947,0.022764595,0.018874202,0.17742786,0.49225533,0.49770117,final
1822,2990,-0.03623579,-0.03454401,0.0016917735,0.0068448894,0.04230515,0.49103063,0.49142054,final
1823,2991,-0.019645043,-0.00563524,0.0140098,0.017100161,0.132638,0.49483633,0.49811363,final
1824,2993,-0.011094292,-0.024753792,-0.013659504,0.015879916,0.1256787,0.49679178,0.49351203,final
1825,2995,-0.047213133,-0.040640995,0.006572144,0.02071396,0.13038944,0.48850167,0.49010944,final
1827,2997,-0.063674875,-0.0567754,0.006899474,0.014803719,0.097995415,0.48455572,0.48626715,final
1828,3000,-0.053547632,-0.0477708,0.005776843,0.013834653,0.08995389,0.4869414,0.48837036,final
1829,3004,-0.04096966,-0.03325775,0.0077119106,0.011894876,0.085056566,0.48995602,0.4917971,final
1830,3005,-0.045330357,-0.049641114,-0.004310755,0.012239859,0.07786067,0.48893392,0.48793235,final
1831,3006,-0.0503073,-0.038696036,0.011611258,0.008514388,0.08639086,0.48771605,0.49051607,final
1832,3007,-0.051831007,-0.05562636,-0.003795353,0.006185965,0.04354482,0.4873429,0.48643568,final
1836,3016,-0.035822175,-0.04711661,-0.011294438,0.009529733,0.08866614,0.49114206,0.4884385,final
1838,3018,-0.041196037,-0.038964372,0.002231669,0.013851639,0.08418156,0.48989052,0.49042627,final
1839,3019,-0.04234889,-0.036358748,0.0059901434,0.014114081,0.0919957,0.48957163,0.49105603,final
1840,3020,-0.046523042,-0.0653137,-0.018790662,0.0099250665,0.1275047,0.4886348,0.48410913,final
1841,3022,0.0016558601,0.00399719,0.0023413263,0.008635178,0.05368177,0.49836954,0.49884796,final
1845,3030,-0.016798727,0.0020042062,0.018802933,0.012661276,0.13601065,0.49526098,0.49978024,final
1846,3032,-0.02528444,-0.024937812,0.0003466388,0.016028196,0.09619166,0.4934939,0.49348938,final
1847,3033,-0.044951454,-0.0435812,0.0013702611,0.02190192,0.13166846,0.48904768,0.48935735,final
1848,3034,-0.01525363,9.1804395e-05,0.015345435,0.01613248,0.13359122,0.49594,0.4996509,final
1849,3035,-0.0059479135,0.0001054431,0.0060533583,0.008433721,0.062287625,0.49786362,0.49929392,final
1851,3037,-0.019412624,-0.010650511,0.0087621175,0.008457703,0.07306893,0.49487728,0.49701315,final
1853,3039,-0.03998626,-0.012564234,0.027422028,0.018208249,0.19750008,0.4900971,0.49665084,final
1854,3040,-0.037950963,-0.018909309,0.019041661,0.02247693,0.17675039,0.49063268,0.4950356,final
1857,3044,-0.038457118,-0.030293606,0.008163512,0.008279422,0.0697632,0.49050453,0.49247694,final
1862,3052,-0.06286539,-0.06629541,-0.0034300217,0.010951137,0.06885439,0.4847598,0.4839424,final
1863,3053,-0.0413544,-0.05352456,-0.012170165,0.01661145,0.1235553,0.48987776,0.48694664,final
1866,3060,-0.0517335,-0.04857147,0.0031620397,0.0086567495,0.055297025,0.4873472,0.48809433,final
1867,3061,0.004264112,0.00020110441,-0.0040630046,0.011614323,0.07382695,0.49986303,0.49884516,final
1868,3062,-0.013821181,-0.016209312,-0.0023881306,0.010351833,0.06374237,0.49603763,0.49539667,final
1871,3067,-0.047791567,-0.046464726,0.0013268393,0.008272869,0.05027157,0.48829052,0.48864385,final
1872,3068,-0.028120212,-0.026009668,0.0021105483,0.010706632,0.06547602,0.4929189,0.49340206,final
1873,3070,-0.04110524,-0.05488009,-0.0137748495,0.008174741,0.09610735,0.48991808,0.48662323,final
1874,3071,-0.02909677,-0.012147301,0.016949467,0.02392998,0.1759472,0.492711,0.49675512,final
1875,3072,-0.05823569,-0.057189636,0.001046064,0.017638916,0.10601945,0.48583826,0.48604447,final
1876,3074,-0.012322851,-0.01628071,-0.0039578625,0.010570582,0.06772347,0.49662033,0.49564892,final
1882,3081,-0.05766528,-0.061430767,-0.0037654713,0.015872072,0.09787571,0.4860062,0.4850521,final
1883,3082,-0.043657787,-0.042135973,0.00152182,0.019324474,0.11630582,0.4893093,0.48960078,final
1884,3083,-0.057839446,-0.04861547,0.009223986,0.008395932,0.07483748,0.48590633,0.4881256,final
1886,3087,-0.047837473,-0.056079585,-0.008242113,0.015216569,0.10383232,0.48831218,0.48632377,final
1887,3088,-0.0123828305,-0.011800776,0.0005820517,0.009825275,0.059055004,0.49602985,0.4961979,final
1888,3089,0.0011913081,0.020243773,0.019052466,0.00937562,0.12740624,0.49907127,0.5036032,final
1891,3093,-0.014009016,-0.04183008,-0.027821071,0.00891462,0.17528653,0.49626064,0.48957142,final
1893,3095,0.0069842157,-0.009375376,-0.016359594,0.0052088844,0.103012994,0.5004035,0.49652058,final
1895,3097,0.011738598,0.027796868,0.01605827,0.012966695,0.123839065,0.50140035,0.5051202,final
1896,3098,-0.028385421,-0.03520534,-0.0068199206,0.012143996,0.08356773,0.49289015,0.49122566,final
1897,3099,-0.02326296,-0.05506464,-0.031801682,0.016903123,0.21608853,0.49410835,0.48647654,final
1898,3100,-0.041896783,-0.044047985,-0.0021512008,0.013301122,0.08084374,0.4897035,0.4891271,final
1899,3101,-0.03717964,-0.055480823,-0.01830118,0.0091848895,0.12286022,0.49080992,0.48642963,final
1900,3102,-0.02626047,-0.0329152,-0.00665473,0.010656973,0.07538458,0.49337032,0.49177006,final
1902,3104,-0.04324607,-0.0457842,-0.0025381309,0.010198986,0.06306038,0.4893366,0.48868418,final
1903,3105,-0.033677857,-0.02330587,0.010371979,0.015782045,0.113311216,0.49168342,0.4941584,final
1904,3107,-0.04202017,-0.030122548,0.011897621,0.018923884,0.13411935,0.48967588,0.49250072,final
1905,3108,-0.04761774,-0.07498221,-0.027364476,0.012632922,0.18083857,0.48838288,0.48183694,final
1907,3111,-0.024382733,-0.012025114,0.012357611,0.009887951,0.094959766,0.49381816,0.49674183,final
1909,3113,-0.03953515,-0.034310296,0.0052248603,0.011176311,0.07402383,0.49031577,0.49153534,final
1910,3114,-0.05379696,-0.02783431,0.02596265,0.010454787,0.16793163,0.48687923,0.49313852,final
1915,3129,-0.06029231,-0.05586493,0.004427374,0.007434807,0.051919248,0.4853354,0.4864068,final
1922,3145,-0.04962515,-0.074986495,-0.02536134,0.020447832,0.19546664,0.48790038,0.48181498,final
1923,3146,-0.061529227,-0.07486567,-0.0133364415,0.014348455,0.11753552,0.48521498,0.4820774,final
1924,3147,-0.04150944,0.0006855064,0.042194948,0.0176753,0.27448475,0.4898371,0.49994358,final
1925,3148,-0.04933607,-0.02973605,0.019600008,0.010212662,0.13260663,0.48796606,0.4926762,final
1926,3152,-0.014288359,-0.016956279,-0.00266792,0.010383505,0.06432464,0.49608845,0.49546683,final
1927,3153,-0.0032106612,-0.0075284475,-0.004317785,0.010886101,0.07026675,0.49852547,0.49749073,final
1928,3155,-0.039170813,-0.044093404,-0.004922589,0.016553622,0.10362023,0.49037802,0.48916376,final
1929,3156,-0.05468132,-0.053926878,0.00075444806,0.01445243,0.08683266,0.48676157,0.48689282,final
1930,3157,-0.05091442,-0.070996195,-0.020081766,0.013831606,0.14630538,0.48765337,0.48287857,final
1931,3159,-0.044819098,-0.03486274,0.009956356,0.007880698,0.07618687,0.48908123,0.49149737,final
1932,3160,-0.06187031,-0.055874806,0.005995517,0.013503129,0.08864595,0.4850012,0.4864528,final
1933,3163,-0.056167882,-0.0735639,-0.017396037,0.011023514,0.12356794,0.48632398,0.48213735,final
1936,3168,-0.014673089,-0.015481793,-0.00080870267,0.009195613,0.05538663,0.49603367,0.49579537,final
1937,3169,-0.027635615,-0.03496589,-0.007330277,0.013379089,0.09153353,0.49308136,0.4913123,final
1938,3173,-0.040056534,-0.061166618,-0.02111009,0.011395374,0.14393629,0.49020046,0.48514095,final
1939,3174,-0.059180543,-0.074408695,-0.015228149,0.011662212,0.1150849,0.48562998,0.4819863,final
1940,3175,-0.059229314,-0.07512192,-0.015892612,0.013033786,0.123322204,0.48568043,0.48187622,final
1941,3176,-0.052211426,-0.09772685,-0.04551543,0.015816873,0.2891121,0.4872899,0.476467,final
1943,3178,-0.05007325,-0.042842817,0.007230436,0.007807586,0.06384789,0.48778895,0.4894961,final
1944,3179,-0.050365437,-0.075730495,-0.025365064,0.011321766,0.16666278,0.4877498,0.4817118,final
1948,3185,-0.04946436,-0.07534658,-0.025882224,0.0108534135,0.16839448,0.4879649,0.4818013,final
1949,3186,-0.040536605,-0.05503304,-0.014496449,0.013725576,0.11978057,0.49011463,0.48668697,final
1950,3189,-0.06113557,-0.07401032,-0.012874758,0.00745257,0.08925697,0.48519436,0.48213577,final
1952,3194,-0.018214185,-0.042543165,-0.024328984,0.016785,0.17734396,0.49525505,0.48941368,final
1953,3196,0.0014459193,0.022000901,0.02055498,0.021588273,0.17885242,0.4995549,0.50433856,final
1954,3197,-0.03443831,-0.029532747,0.0049055642,0.016130779,0.101161234,0.49148008,0.49262708,final
1955,3198,-0.0217111,-0.014325595,0.007385507,0.009473857,0.072074875,0.4943334,0.49610466,final
1958,3201,-0.010742128,-0.007576583,0.0031655414,0.014444072,0.08872129,0.4969331,0.49770036,final
1959,3203,-0.040073678,-0.047691513,-0.0076178345,0.009698199,0.07399401,0.49012268,0.4882908,final
1960,3204,-0.023078687,-0.021338288,0.0017403966,0.015458256,0.09333552,0.4940646,0.49438536,final
1962,3208,-0.044984818,-0.052016463,-0.007031646,0.0083121145,0.06532435,0.4889911,0.48731625,final
1963,3210,-0.040595315,-0.03648928,0.004106028,0.011547025,0.073532015,0.4900036,0.4909561,final
1965,3213,-0.043826036,-0.0648654,-0.021039367,0.01657776,0.16071458,0.48927042,0.4841908,final
1968,3219,-0.038803723,-0.05865309,-0.01984936,0.013692307,0.14468293,0.4904651,0.485726,final
1973,3238,-0.038637947,-0.05507831,-0.016440354,0.03172738,0.21440342,0.4905226,0.48666,final
1974,3243,-0.04313021,-0.049137272,-0.006007071,0.0189535,0.11929595,0.4894689,0.48808056,final
1975,3244,-0.026235305,-0.039814223,-0.013578912,0.0070970147,0.0919302,0.4933176,0.4900313,final
1976,3246,-0.04124389,-0.034141406,0.0071024797,0.017416233,0.112852715,0.4898544,0.49155876,final
1977,3247,-0.03858253,-0.049925514,-0.011342998,0.017598439,0.12562352,0.49051794,0.48781613,final
1978,3248,-0.0416172,-0.028458267,0.013158929,0.018232798,0.13491228,0.48980862,0.49293697,final
1979,3249,-0.035785887,-0.034020193,0.0017657024,0.012238327,0.074190274,0.4911452,0.49154866,final
1980,3250,-0.03683028,-0.06053481,-0.023704525,0.012938108,0.16203326,0.4909741,0.4853331,final
1981,3251,-0.028911382,-0.051855035,-0.022943666,0.008592007,0.14699808,0.4928342,0.4873298,final
1982,3252,-0.039143857,-0.03437827,0.004765589,0.016592791,0.10358154,0.49034813,0.49146917,final
1983,3253,-0.05591907,-0.071623415,-0.015704334,0.016286705,0.13574898,0.48643413,0.48271337,final
1984,3254,-0.051132098,-0.0609157,-0.0097835995,0.0126038585,0.095732644,0.487573,0.48529086,final
1985,3255,-0.041667894,-0.038321912,0.0033459712,0.014281409,0.088008806,0.48978493,0.49053934,final
1986,3256,-0.03951194,-0.018070577,0.021441363,0.010198273,0.14245886,0.49021333,0.49534905,final
1987,3257,-0.0321445,-0.04236632,-0.010221816,0.012632141,0.097498894,0.4920745,0.48960888,final
1988,3258,-0.046627276,-0.050529957,-0.0039026837,0.009815873,0.06337951,0.4886438,0.4877251,final
1989,3259,-0.031314492,-0.029711911,0.0016025794,0.016114544,0.09716422,0.4922565,0.492617,final
1990,3260,-0.043258153,-0.05420111,-0.010942954,0.015597106,0.11431818,0.48938978,0.48681286,final
1991,3261,-0.044264365,-0.062429897,-0.018165542,0.01687835,0.14877889,0.48915434,0.484781,final
1993,3263,-0.055485442,-0.07513548,-0.019650035,0.0126015935,0.14006166,0.48656914,0.48194224,final
1994,3264,-0.050501622,-0.059407644,-0.0089060115,0.013378267,0.09642936,0.4877523,0.4856196,final
1995,3265,-0.052011013,-0.05015023,0.001860778,0.009729885,0.05943731,0.4872243,0.4876986,final
1997,3267,-0.0413175,-0.05569877,-0.014381276,0.00938999,0.10305216,0.48987442,0.48642582,final
1999,3269,-0.03883703,-0.039664432,-0.0008274031,0.012546191,0.07544067,0.4904737,0.4902448,final
2000,3271,-0.039843038,-0.013726389,0.026116647,0.015326875,0.18169129,0.49021018,0.49644077,final
2002,3273,-0.039048895,-0.04425226,-0.0052033653,0.012417313,0.08078074,0.49046388,0.48924595,final
2003,3274,-0.03807293,-0.037069425,0.0010035052,0.018135771,0.10898108,0.4906283,0.49084774,final
2005,3285,-0.045657326,-0.06721156,-0.02155424,0.02097747,0.18046334,0.48886093,0.4837229,final
2008,3296,-0.013515956,-0.014438434,-0.0009224742,0.011767604,0.07082223,0.49623066,0.496005,final
2009,3298,-0.05288826,-0.058524694,-0.005636443,0.016331594,0.10366126,0.48709685,0.48571143,final
2011,3300,-0.057778195,-0.07694231,-0.019164125,0.009788746,0.1291162,0.48605675,0.48151127,final
2012,3301,-0.057914913,-0.053499773,0.004415134,0.013326479,0.08423292,0.48596716,0.4869938,final
2013,3307,0.0065170527,0.0129112555,0.006394206,0.0073457253,0.05843321,0.49991655,0.5014489,final
2014,3308,-0.0327546,-0.045403853,-0.012649257,0.0130833415,0.109189704,0.49191776,0.488857,final
2016,3316,-0.050153416,-0.0554529,-0.0052994867,0.012789073,0.08306153,0.48780945,0.48648322,final
2017,3317,-0.059644446,-0.041107986,0.01853647,0.008965341,0.123544365,0.48549706,0.48995188,final
2022,3328,-0.04939119,-0.048618965,0.0007722197,0.010545823,0.063444346,0.48795897,0.48815644,final
2024,3334,-0.0021517484,-0.0076745474,-0.0055227983,0.0074046534,0.055424605,0.49850118,0.49718556,final
2027,3342,-0.029101372,-0.029267708,-0.00016634197,0.013013667,0.07808839,0.4927484,0.4927061,final
2028,3347,-0.028829178,-0.016852563,0.011976615,0.007800598,0.08575775,0.49276823,0.4956902,final
2030,3354,-0.051391166,-0.057106145,-0.005714974,0.015269193,0.09782193,0.48758057,0.48623276,final
2031,3355,-0.045906834,-0.066355735,-0.020448906,0.019862983,0.17104693,0.48883355,0.48402447,final
2033,3358,-0.049345553,-0.049079686,0.000265866,0.011736187,0.07043519,0.48790544,0.48795578,final
2034,3359,-0.019681742,0.0068174335,0.026499176,0.016582925,0.18756117,0.494905,0.5013071,final
2035,3360,-0.03172944,-0.030678514,0.001050927,0.009487154,0.057271108,0.49211624,0.4923578,final
2036,3361,-0.055970278,-0.04974321,0.006227076,0.009257276,0.06694065,0.48638928,0.48788568,final
2037,3362,-0.034748375,-0.022309564,0.012438815,0.008196442,0.08937901,0.49123654,0.4941956,final
2038,3363,-0.017929053,-0.013176081,0.0047529656,0.0076722386,0.0541511,0.49518245,0.4963067,final
2040,3365,-0.005242465,-0.0036296132,0.0016128535,0.01494819,0.0902097,0.49800873,0.49834913,final
2041,3366,-0.013976344,-0.011009669,0.0029666713,0.016195044,0.09878716,0.49618578,0.49684203,final
2046,3384,-0.025710708,-0.023933241,0.0017774653,0.0077652605,0.047796562,0.49339998,0.49382904,final
2048,3386,-0.046366964,-0.053486105,-0.0071191383,0.010626215,0.07674339,0.488634,0.48689687,final
2050,3388,-0.043212958,-0.047197983,-0.00398502,0.022828827,0.1390442,0.48941374,0.48843357,final
2053,3394,-0.030488998,-0.015999475,0.014489515,0.018096693,0.13909604,0.49243265,0.49593174,final
2054,3396,-0.028214058,-0.0011600442,0.027054014,0.018644048,0.19713628,0.49286026,0.49932468,final
2055,3397,-0.024429442,-0.013287503,0.011141937,0.008344231,0.083520554,0.49379954,0.496468,final
2056,3398,-0.032695107,-0.030693948,0.0020011675,0.0104812505,0.06402348,0.49188662,0.49235997,final
2059,3404,0.006800743,-0.0057978085,-0.012598553,0.012614991,0.106972024,0.5007981,0.4977905,final
2062,3408,-0.046134844,-0.03597355,0.010161292,0.013614659,0.1019313,0.48879787,0.49121803,final
2063,3409,-0.049250662,-0.0565622,-0.0073115295,0.0153237935,0.101872355,0.48801687,0.48623547,final
2066,3418,-0.043484192,-0.052250296,-0.008766109,0.012395215,0.0910906,0.48930094,0.48721012,final
2068,3421,-0.041414514,-0.035646353,0.0057681627,0.017033698,0.10790305,0.48974815,0.49114418,final
2069,3422,-0.04303101,-0.067350574,-0.024319569,0.009270738,0.15616007,0.48943132,0.48355424,final
2071,3424,-0.047813512,-0.047731776,8.173954e-05,0.011816619,0.0709014,0.48826805,0.48835298,final
2073,3426,-0.03425577,-0.052123517,-0.017867751,0.011420906,0.12723587,0.49156925,0.48729473,final
2075,3429,-0.05099689,-0.026763,0.024233893,0.013008539,0.16502766,0.48748466,0.49337086,final
2076,3430,-0.02005551,-0.0331385,-0.013082992,0.0092253,0.09605078,0.49481738,0.49163166,final
2079,3435,0.000594702,0.008669419,0.008074718,0.01126732,0.08317168,0.49909756,0.5009749,final
2081,3438,-0.0375641,-0.056857023,-0.01929292,0.010949056,0.13309978,0.4907767,0.48614502,final
2082,3439,-0.028538115,-0.024537768,0.0040003452,0.011148928,0.07106932,0.49293572,0.4939005,final
2084,3441,-0.034985885,-0.04780521,-0.012819325,0.010974231,0.101250574,0.49131182,0.4881775,final
2085,3444,-0.039913997,-0.062173434,-0.022259437,0.009698579,0.14568329,0.49016795,0.4848222,final
2088,3448,-0.04006283,-0.035396215,0.0046666157,0.014106057,0.08914759,0.49015808,0.49122667,final
2089,3450,-0.05797716,-0.07425943,-0.016282279,0.015329016,0.13417633,0.48600292,0.48207325,final
2090,3451,-0.019590132,-0.022252493,-0.0026623588,0.0067050313,0.043285582,0.4947647,0.49413478,final
2091,3452,-0.03844529,-0.05038864,-0.011943354,0.008306425,0.087287195,0.49054924,0.48770523,final
2096,3461,-0.0069256816,-0.019444663,-0.012518982,0.007789915,0.0884685,0.4977487,0.49470022,final
2097,3462,-0.0023692986,-0.0004854583,0.0018838362,0.011273239,0.068577334,0.49792486,0.49834225,final
2098,3466,-0.05258904,-0.04879808,0.003790968,0.014358744,0.08910454,0.48717636,0.48803365,final
2099,3467,-0.0113625545,-0.0103218965,0.0010406575,0.008612979,0.05205372,0.49664715,0.49687216,final
2100,3468,-0.010023477,0.024332179,0.034355655,0.019564837,0.23721588,0.49687093,0.50496495,final
2101,3469,-0.00867892,0.000798636,0.009477549,0.009106592,0.078861535,0.49711668,0.49944243,final
2103,3471,-0.030947719,-0.023873452,0.0070742723,0.011680357,0.081933744,0.49218306,0.49388185,final
2105,3476,-0.05553146,-0.06557491,-0.010043441,0.015564669,0.111142546,0.48648664,0.48404652,final
2106,3477,-0.046683714,-0.06774853,-0.021064822,0.01261453,0.1473184,0.48863083,0.4836372,final
2107,3478,-0.025840063,-0.030054666,-0.004214602,0.015744274,0.09779172,0.49352714,0.49247953,final
2108,3479,-0.037153993,-0.0366152,0.0005387875,0.013783048,0.082761444,0.49079412,0.4908693,final
2110,3481,-0.065840945,-0.043875795,0.021965142,0.010831344,0.14694312,0.4841212,0.4893749,final
2112,3484,-0.038558286,-0.054901592,-0.016343307,0.011600763,0.120251946,0.49053207,0.4866875,final
2114,3489,-0.04024237,-0.055766992,-0.0155246295,0.016363043,0.1353347,0.49013218,0.4864824,final
2116,3494,-0.010858523,-0.011089729,-0.00023120518,0.013398835,0.08040498,0.49692556,0.49685732,final
2118,3498,-0.018534848,-0.007938471,0.010596383,0.010818724,0.09086151,0.49521106,0.4977753,final
2119,3499,-0.05118708,-0.04162707,0.009560003,0.020790072,0.13729656,0.48745266,0.48970428,final
2121,3501,-0.042303313,-0.03856291,0.003740396,0.011879029,0.074723944,0.489564,0.49042952,final
2124,3504,-0.033127446,-0.014001187,0.019126259,0.010517618,0.13096422,0.49166584,0.49621677,final
2125,3505,-0.03909151,-0.019949656,0.01914185,0.011879694,0.13517155,0.49033085,0.4949546,final
2127,3507,-0.029568672,-0.02586783,0.0037008421,0.009151852,0.05923086,0.49236038,0.49324358,final
2128,3508,-0.024721501,-0.00854242,0.016179085,0.007590476,0.107226916,0.49366945,0.4975773,final
2130,3510,-0.052231792,-0.05802873,-0.005796948,0.013338055,0.08725996,0.48732293,0.48596388,final
2132,3512,-0.042826846,-0.028303226,0.014523619,0.012455884,0.11480003,0.48952913,0.4930315,final
2133,3513,-0.04416216,-0.046950836,-0.0027886815,0.018598232,0.11283686,0.48922703,0.48849472,final
2136,3516,-0.006483009,-0.022936732,-0.016453717,0.011945935,0.121997885,0.49780193,0.49387088,final
2139,3524,-0.022325076,-0.02534021,-0.0030151298,0.014997001,0.091782555,0.49434933,0.49362776,final
2140,3525,-0.04047233,-0.05205032,-0.01157798,0.011143357,0.0964161,0.4900579,0.4873333,final
2141,3526,-0.039375734,-0.028301941,0.011073788,0.016743468,0.12044506,0.49029112,0.492918,final
2142,3527,-0.04128476,-0.050268397,-0.008983631,0.01141615,0.08716208,0.4898368,0.48765802,final
2143,3528,-0.03057759,-0.03927722,-0.008699625,0.011160782,0.084905095,0.49244812,0.4903638,final
2145,3534,-0.052925035,-0.0704546,-0.017529555,0.018497374,0.15290444,0.48716,0.48302397,final
2146,3535,-0.058209497,-0.103086814,-0.044877306,0.024317972,0.30625495,0.48593038,0.4753399,final
2147,3536,-0.054405,-0.04662713,0.007777879,0.011400692,0.08280678,0.48676887,0.48859438,final
2149,3543,-0.03311701,-0.0054623857,0.027654631,0.016245281,0.19243897,0.49170366,0.49833292,final
2151,3545,-0.023823436,-0.03583518,-0.012011747,0.008364267,0.08782226,0.49390045,0.49096048,final
2152,3546,-0.0126751065,-0.022734629,-0.010059518,0.011776886,0.09293009,0.49638134,0.49393368,final
2154,3548,-0.0075061526,-0.011419616,-0.003913462,0.011065985,0.07042559,0.49743038,0.49647692,final
2155,3549,-0.00069491816,-0.01849444,-0.01779952,0.010651849,0.12445985,0.49923134,0.4949009,final
2157,3551,-0.031331874,-0.007029957,0.024301916,0.012725405,0.16459249,0.49201673,0.4977781,final
2158,3552,-0.045057088,-0.023331003,0.02172609,0.012626784,0.15077305,0.48889765,0.49408484,final
2161,3555,-0.054657202,-0.064942494,-0.010285296,0.017974854,0.12425689,0.48666728,0.48413816,final
2162,3556,-0.063232176,-0.067809105,-0.004576931,0.013136469,0.08346582,0.48476738,0.4836696,final
2165,3565,-0.052785713,-0.05872692,-0.0059412164,0.017597852,0.11144221,0.48720196,0.4857628,final
2166,3566,-0.0596989,-0.09253286,-0.032833952,0.010682887,0.20716886,0.4855636,0.47777605,final
2169,3576,-0.051853597,-0.064956754,-0.013103157,0.01819551,0.1345351,0.48735476,0.48427403,final
2170,3578,-0.048935525,-0.030280994,0.018654525,0.0104893455,0.12840807,0.48809925,0.49256283,final
2174,3591,-0.032552097,-0.036715396,-0.004163307,0.01172744,0.074667096,0.49192512,0.4908781,final
2175,3593,-0.038162775,-0.02814244,0.010020333,0.021579016,0.14275222,0.49064493,0.4930375,final
2182,3608,-0.053684328,-0.076815456,-0.02313112,0.009893228,0.15094794,0.48691648,0.48142883,final
2184,3614,-0.045816887,-0.052199647,-0.0063827676,0.01909419,0.120796524,0.4887634,0.4871829,final
2185,3615,-0.048942104,-0.07460125,-0.025659136,0.0128927445,0.1722966,0.4881247,0.4820333,final
2187,3617,-0.058582347,-0.06189704,-0.0033147072,0.012043849,0.07494996,0.48584652,0.48507917,final
2188,3618,-0.06398309,-0.07688328,-0.012900185,0.00961397,0.09653163,0.48459303,0.48153389,final
2191,3623,-0.048176985,-0.084183715,-0.036006734,0.009001574,0.2226892,0.48830923,0.4797419,final
2192,3624,-0.055449434,-0.053494472,0.0019549697,0.008907694,0.0547182,0.486539,0.48698562,final
2195,3629,0.006894713,-0.0013131251,-0.008207839,0.007349683,0.06610531,0.49963936,0.49773896,final
2196,3633,-0.017295169,-0.016759755,0.0005354155,0.01326636,0.079662964,0.49537575,0.4954568,final
2198,3635,-0.026837662,-0.021411156,0.00542651,0.017848445,0.111930795,0.49317825,0.49443594,final
2199,3638,-0.022696871,-0.02834518,-0.005648313,0.01166275,0.0777511,0.49425274,0.4928591,final
2200,3639,-0.024783526,-0.015357556,0.009425963,0.011592812,0.089647725,0.49361864,0.49585363,final
2203,3649,-0.0183871,-0.029972157,-0.011585056,0.017572481,0.1262862,0.4952556,0.49246162,final
2205,3654,-0.010111204,0.0043622125,0.014473423,0.015921686,0.12910183,0.4968846,0.5002992,final
2210,3668,-0.007654897,-0.0019095673,0.005745329,0.012245265,0.081156574,0.49767172,0.49897772,final
2212,3671,-0.033920623,-0.031833902,0.0020867188,0.011162056,0.06813261,0.49145085,0.49195153,final
2214,3675,-0.00041214543,-0.018502666,-0.018090518,0.008528013,0.11999908,0.49927616,0.49489322,final
2218,3681,-0.013560364,0.0005971872,0.014157555,0.010575878,0.106029615,0.49616513,0.4995115,final
2219,3682,-0.020275421,-0.019053157,0.001222258,0.007827102,0.04753176,0.49475658,0.49504036,final
2220,3683,-0.0392435,-0.013448524,0.025794977,0.006143816,0.1590993,0.49024206,0.49650064,final
2221,3684,-0.03186533,-0.048489187,-0.016623858,0.00849488,0.11201144,0.49208042,0.48806074,final
2222,3685,-0.04238971,-0.03635335,0.0060363505,0.011664331,0.07880221,0.48953995,0.49095917,final
2223,3686,-0.041812446,-0.06443086,-0.022618413,0.0110322675,0.15099314,0.4897409,0.4843021,final
2224,3688,-0.03475083,-0.051281974,-0.016531136,0.022250408,0.16631576,0.49141237,0.48749065,final
2230,3697,-0.037818357,-0.040857516,-0.0030391668,0.013461658,0.08280277,0.4906933,0.4899538,final
2231,3698,-0.035354663,-0.04830269,-0.01294803,0.010022159,0.098241664,0.49127817,0.48816314,final
2232,3699,-0.02548302,-0.02739315,-0.0019101282,0.010475487,0.06388927,0.49359077,0.49310791,final
2233,3700,-0.041209407,-0.041356955,-0.00014754545,0.008747042,0.052489717,0.4898792,0.48983777,final
2234,3701,-0.029637448,-0.038880587,-0.009243138,0.014195221,0.101635806,0.49265617,0.49041986,final
2235,3702,-0.037215937,-0.038755342,-0.0015394028,0.014595343,0.0880578,0.49071953,0.49029574,final
2236,3703,-0.040608965,-0.034263924,0.0063450434,0.011746689,0.08010489,0.4899186,0.49143288,final
2237,3704,-0.03865814,-0.05950229,-0.02084415,0.0054218117,0.1292265,0.49046242,0.48548222,final
2238,3705,-0.029182881,-0.03043408,-0.0012511949,0.019817254,0.119140275,0.49274492,0.49248397,final
2239,3706,-0.043340284,-0.077160716,-0.03382043,0.014661808,0.22117062,0.48939344,0.4812938,final
2240,3707,-0.033369873,-0.055298727,-0.02192886,0.01642779,0.1643986,0.49176285,0.48650557,final
2241,3708,-0.03451907,-0.02131567,0.013203399,0.015583559,0.12254947,0.4914316,0.49452817,final
2244,3712,-0.05133227,-0.065286614,-0.013954352,0.0149220945,0.12258117,0.4875012,0.4840966,final
2249,3717,-0.050940838,-0.057418957,-0.006478116,0.014804805,0.09696049,0.4875991,0.4860382,final
2252,3723,-0.037640616,-0.015051882,0.022588737,0.01798205,0.17323333,0.49067783,0.49608162,final
2258,3729,-0.017892035,-0.030272773,-0.012380741,0.01495109,0.11647078,0.49529758,0.4922971,final
2259,3730,-0.02376841,-0.019885678,0.0038827343,0.007554036,0.05096084,0.49386132,0.49479565,final
2261,3733,-0.016396992,0.0007771783,0.01717417,0.018098367,0.14970006,0.4955913,0.49968857,final
2262,3735,-0.027375033,-0.019192627,0.008182408,0.0086400155,0.07139789,0.49299425,0.49494922,final
2264,3740,-0.04731087,-0.06594479,-0.018633928,0.01151452,0.13142706,0.48843983,0.48399597,final
2265,3741,-0.02129116,-0.027580459,-0.0062893014,0.007174192,0.057244003,0.49448293,0.4929268,final
2266,3742,0.016450278,-0.01109301,-0.02754329,0.010377534,0.17660049,0.50203854,0.49563026,final
2268,3744,-0.050560042,-0.05463138,-0.004071338,0.007154755,0.049392175,0.48771846,0.48677528,final
2269,3745,-0.054867808,-0.071272336,-0.016404523,0.011959599,0.121807426,0.48670217,0.48283312,final
2272,3751,-0.057804056,-0.07256227,-0.014758211,0.018611282,0.14251542,0.48599562,0.48247114,final
2273,3752,-0.065065615,-0.09220048,-0.027134854,0.012854832,0.18015467,0.48437294,0.47799075,final
2274,3753,-0.044552702,-0.023335742,0.021216966,0.017431967,0.164758,0.48911586,0.4941809,final
2275,3754,-0.045749404,-0.058829412,-0.0130800195,0.01750098,0.13109297,0.48886818,0.48577908,final
2276,3755,-0.050576076,-0.08215221,-0.031576138,0.014842141,0.20934252,0.48769468,0.4801419,final
2278,3760,-0.03583526,-0.041426867,-0.0055916114,0.009453281,0.065899186,0.49108458,0.48971516,final
2279,3763,-0.03782033,-0.044766292,-0.0069459635,0.015438919,0.10157676,0.49061695,0.4888824,final
2280,3764,-0.0316853,-0.029245611,0.0024396856,0.019209355,0.11618197,0.49215972,0.4927818,final
2285,3770,-0.0315274,-0.03185371,-0.0003263106,0.010791418,0.06477811,0.49217182,0.49204668,final
2289,3783,-0.051410362,-0.020445798,0.030964563,0.007194042,0.19073567,0.4873989,0.49492523,final
2291,3785,-0.059660777,-0.07905282,-0.01939205,0.012729857,0.139182,0.48558924,0.4809881,final
2294,3788,-0.010502219,-0.022133466,-0.01163124,0.014948897,0.11364502,0.4970005,0.494223,final
2296,3791,-0.017312318,-0.027145846,-0.009833526,0.023977518,0.15549375,0.49559742,0.49327993,final
2298,3793,-0.059025466,-0.04113584,0.017889636,0.013816567,0.13562344,0.4857617,0.48997873,final
2301,3798,-0.049780637,-0.059814673,-0.010034043,0.017934129,0.12330183,0.4878839,0.4854224,final
2304,3802,-0.037626646,-0.030149989,0.0074766558,0.011534222,0.08247298,0.4907894,0.49253762,final
2306,3809,-0.053051516,-0.07173935,-0.018687831,0.012709932,0.13560231,0.4870831,0.48265108,final
2308,3811,-0.03494694,-0.029829077,0.005117858,0.0065456224,0.04985334,0.49123538,0.49247947,final
2309,3812,-0.03165009,-0.036961164,-0.005311072,0.010008263,0.067981035,0.49199712,0.49069226,final
2311,3814,-0.036340483,-0.011764092,0.024576388,0.014173016,0.17022175,0.49085605,0.49681377,final
2312,3819,-0.04498123,-0.041139808,0.0038414188,0.012680862,0.07949961,0.48896202,0.48993647,final
2313,3821,-0.05840618,-0.068066835,-0.009660659,0.014768203,0.10588396,0.4859314,0.48363584,final
2317,3825,-0.044714723,-0.05157981,-0.006865082,0.015321355,0.10073449,0.4890978,0.48745096,final
2318,3826,-0.051899288,-0.063356034,-0.011456732,0.024082616,0.16001327,0.48740563,0.48474088,final
2319,3827,-0.05490503,-0.072338395,-0.017433358,0.01376629,0.13328007,0.48674577,0.48257276,final
2323,3836,-0.022916406,-0.022417707,0.0004987012,0.008761053,0.052651405,0.49403647,0.49417338,final
2326,3841,-0.038397714,-0.04070713,-0.0023094108,0.011963625,0.073106915,0.49057123,0.49001777,final
2327,3844,-0.027196229,-0.02020935,0.0069868797,0.016690979,0.10856606,0.49320877,0.49485207,final
2329,3852,-0.06332472,-0.06280171,0.00052300026,0.008662899,0.052072033,0.48474577,0.48490703,final
2332,3861,-0.06492594,-0.09100236,-0.02607643,0.013841561,0.17713408,0.4844071,0.47821897,final
2333,3863,-0.05905195,-0.10260239,-0.043550447,0.01362324,0.27378902,0.4858092,0.4755212,final
2336,3868,-0.05673129,-0.050353654,0.0063776416,0.012570757,0.08457622,0.4861737,0.48770338,final
2337,3869,-0.04687614,-0.06163585,-0.014759719,0.01203764,0.11427662,0.48860952,0.48514736,final
2338,3871,0.0052757794,-0.0037776248,-0.009053405,0.009748785,0.07982547,0.50044477,0.49822813,final
2340,3873,-0.015234911,-0.009594449,0.0056404653,0.016974518,0.10732273,0.49580085,0.4970471,final
2343,3882,-0.0633097,-0.073968895,-0.010659195,0.010302562,0.088946074,0.4847597,0.48225254,final
2345,3893,-0.056822583,-0.07231739,-0.015494812,0.015716704,0.13242258,0.4862241,0.48256356,final
2348,3897,-0.059860773,-0.028394321,0.03146644,0.011462143,0.20093438,0.4853947,0.4930048,final
2352,3911,-0.06832308,-0.06267443,0.0056486484,0.019753018,0.12326881,0.48351273,0.48493448,final
2355,3916,-0.051013336,-0.049477763,0.0015355633,0.010507099,0.063712284,0.48759037,0.48798317,final
2356,3917,-0.043716703,-0.052608036,-0.008891335,0.010495426,0.08253213,0.48932886,0.48723942,final
2363,3927,-0.016921332,-0.023887876,-0.006966546,0.0145976115,0.097048596,0.49540514,0.4937033,final
2364,3928,-0.007132325,-0.017932141,-0.010799811,0.0153580895,0.11265099,0.49728256,0.49479914,final
2366,3930,-0.009393055,-0.024032922,-0.014639869,0.019024085,0.1440302,0.4969637,0.4935805,final
2367,3932,0.007174576,-0.009199141,-0.016373726,0.010077998,0.115360044,0.5000095,0.4960954,final
2372,3948,-0.06414379,-0.058946796,0.00519701,0.011784479,0.07727731,0.48453283,0.48580456,final
2373,3949,-0.052780516,-0.045728255,0.007052252,0.0137821995,0.09289025,0.48710844,0.48885998,final
2374,3952,-0.05331925,-0.060049493,-0.006730231,0.008442948,0.064783156,0.48703104,0.48541218,final
